  0
SECTION
  2
HEADER
  9
$ACADVER
  1
AC1032
  9
$ACADMAINTVER
 90
       55
  9
$DWGCODEPAGE
  3
ANSI_1252
  9
$LASTSAVEDBY
  1
Wilross
  9
$REQUIREDVERSIONS
160
                 0
  9
$INSBASE
 10
0.0
 20
0.0
 30
0.0
  9
$EXTMIN
 10
-0.0000256783969235
 20
-0.0000349937326973
 30
0.0
  9
$EXTMAX
 10
33800.00031712346
 20
54399.99996471569
 30
0.0
  9
$LIMMIN
 10
0.0
 20
0.0
  9
$LIMMAX
 10
420.0
 20
297.0
  9
$ORTHOMODE
 70
     0
  9
$REGENMODE
 70
     1
  9
$FILLMODE
 70
     1
  9
$QTEXTMODE
 70
     0
  9
$MIRRTEXT
 70
     0
  9
$LTSCALE
 40
1.0
  9
$ATTMODE
 70
     1
  9
$TEXTSIZE
 40
2.5
  9
$TRACEWID
 40
1.0
  9
$TEXTSTYLE
  7
Standard
  9
$CLAYER
  8
0
  9
$CELTYPE
  6
ByLayer
  9
$CECOLOR
 62
   256
  9
$CELTSCALE
 40
1.0
  9
$DISPSILH
 70
     0
  9
$DIMSCALE
 40
1.0
  9
$DIMASZ
 40
2.5
  9
$DIMEXO
 40
0.625
  9
$DIMDLI
 40
3.75
  9
$DIMRND
 40
0.0
  9
$DIMDLE
 40
0.0
  9
$DIMEXE
 40
1.25
  9
$DIMTP
 40
0.0
  9
$DIMTM
 40
0.0
  9
$DIMTXT
 40
2.5
  9
$DIMCEN
 40
2.5
  9
$DIMTSZ
 40
0.0
  9
$DIMTOL
 70
     0
  9
$DIMLIM
 70
     0
  9
$DIMTIH
 70
     0
  9
$DIMTOH
 70
     0
  9
$DIMSE1
 70
     0
  9
$DIMSE2
 70
     0
  9
$DIMTAD
 70
     1
  9
$DIMZIN
 70
     8
  9
$DIMBLK
  1

  9
$DIMASO
 70
     1
  9
$DIMSHO
 70
     1
  9
$DIMPOST
  1

  9
$DIMAPOST
  1

  9
$DIMALT
 70
     0
  9
$DIMALTD
 70
     3
  9
$DIMALTF
 40
0.03937007874016
  9
$DIMLFAC
 40
1.0
  9
$DIMTOFL
 70
     1
  9
$DIMTVP
 40
0.0
  9
$DIMTIX
 70
     0
  9
$DIMSOXD
 70
     0
  9
$DIMSAH
 70
     0
  9
$DIMBLK1
  1

  9
$DIMBLK2
  1

  9
$DIMSTYLE
  2
ISO-25
  9
$DIMCLRD
 70
     0
  9
$DIMCLRE
 70
     0
  9
$DIMCLRT
 70
     0
  9
$DIMTFAC
 40
1.0
  9
$DIMGAP
 40
0.625
  9
$DIMJUST
 70
     0
  9
$DIMSD1
 70
     0
  9
$DIMSD2
 70
     0
  9
$DIMTOLJ
 70
     0
  9
$DIMTZIN
 70
     8
  9
$DIMALTZ
 70
     0
  9
$DIMALTTZ
 70
     0
  9
$DIMUPT
 70
     0
  9
$DIMDEC
 70
     2
  9
$DIMTDEC
 70
     2
  9
$DIMALTU
 70
     2
  9
$DIMALTTD
 70
     3
  9
$DIMTXSTY
  7
Standard
  9
$DIMAUNIT
 70
     0
  9
$DIMADEC
 70
     0
  9
$DIMALTRND
 40
0.0
  9
$DIMAZIN
 70
     0
  9
$DIMDSEP
 70
    44
  9
$DIMATFIT
 70
     3
  9
$DIMFRAC
 70
     0
  9
$DIMLDRBLK
  1

  9
$DIMLUNIT
 70
     2
  9
$DIMLWD
 70
    -2
  9
$DIMLWE
 70
    -2
  9
$DIMTMOVE
 70
     0
  9
$DIMFXL
 40
1.0
  9
$DIMFXLON
 70
     0
  9
$DIMJOGANG
 40
0.7853981633974483
  9
$DIMTFILL
 70
     0
  9
$DIMTFILLCLR
 70
     0
  9
$DIMARCSYM
 70
     0
  9
$DIMLTYPE
  6

  9
$DIMLTEX1
  6

  9
$DIMLTEX2
  6

  9
$DIMTXTDIRECTION
 70
     0
  9
$LUNITS
 70
     2
  9
$LUPREC
 70
     4
  9
$SKETCHINC
 40
1.0
  9
$FILLETRAD
 40
0.0
  9
$AUNITS
 70
     0
  9
$AUPREC
 70
     0
  9
$MENU
  1
.
  9
$ELEVATION
 40
0.0
  9
$PELEVATION
 40
0.0
  9
$THICKNESS
 40
0.0
  9
$LIMCHECK
 70
     0
  9
$CHAMFERA
 40
0.0
  9
$CHAMFERB
 40
0.0
  9
$CHAMFERC
 40
0.0
  9
$CHAMFERD
 40
0.0
  9
$SKPOLY
 70
     0
  9
$TDCREATE
 40
2461272.959224537
  9
$TDUCREATE
 40
2461272.625891204
  9
$TDUPDATE
 40
2461272.959837963
  9
$TDUUPDATE
 40
2461272.626504630
  9
$TDINDWG
 40
0.0006134259
  9
$TDUSRTIMER
 40
0.0006134259
  9
$USRTIMER
 70
     1
  9
$ANGBASE
 50
0.0
  9
$ANGDIR
 70
     0
  9
$PDMODE
 70
     0
  9
$PDSIZE
 40
0.0
  9
$PLINEWID
 40
0.0
  9
$SPLFRAME
 70
     0
  9
$SPLINETYPE
 70
     6
  9
$SPLINESEGS
 70
     8
  9
$HANDSEED
  5
82A
  9
$SURFTAB1
 70
     6
  9
$SURFTAB2
 70
     6
  9
$SURFTYPE
 70
     6
  9
$SURFU
 70
     6
  9
$SURFV
 70
     6
  9
$UCSBASE
  2

  9
$UCSNAME
  2

  9
$UCSORG
 10
0.0
 20
0.0
 30
0.0
  9
$UCSXDIR
 10
1.0
 20
0.0
 30
0.0
  9
$UCSYDIR
 10
0.0
 20
1.0
 30
0.0
  9
$UCSORTHOREF
  2

  9
$UCSORTHOVIEW
 70
     0
  9
$UCSORGTOP
 10
0.0
 20
0.0
 30
0.0
  9
$UCSORGBOTTOM
 10
0.0
 20
0.0
 30
0.0
  9
$UCSORGLEFT
 10
0.0
 20
0.0
 30
0.0
  9
$UCSORGRIGHT
 10
0.0
 20
0.0
 30
0.0
  9
$UCSORGFRONT
 10
0.0
 20
0.0
 30
0.0
  9
$UCSORGBACK
 10
0.0
 20
0.0
 30
0.0
  9
$PUCSBASE
  2

  9
$PUCSNAME
  2

  9
$PUCSORG
 10
0.0
 20
0.0
 30
0.0
  9
$PUCSXDIR
 10
1.0
 20
0.0
 30
0.0
  9
$PUCSYDIR
 10
0.0
 20
1.0
 30
0.0
  9
$PUCSORTHOREF
  2

  9
$PUCSORTHOVIEW
 70
     0
  9
$PUCSORGTOP
 10
0.0
 20
0.0
 30
0.0
  9
$PUCSORGBOTTOM
 10
0.0
 20
0.0
 30
0.0
  9
$PUCSORGLEFT
 10
0.0
 20
0.0
 30
0.0
  9
$PUCSORGRIGHT
 10
0.0
 20
0.0
 30
0.0
  9
$PUCSORGFRONT
 10
0.0
 20
0.0
 30
0.0
  9
$PUCSORGBACK
 10
0.0
 20
0.0
 30
0.0
  9
$USERI1
 70
     0
  9
$USERI2
 70
     0
  9
$USERI3
 70
     0
  9
$USERI4
 70
     0
  9
$USERI5
 70
     0
  9
$USERR1
 40
0.0
  9
$USERR2
 40
0.0
  9
$USERR3
 40
0.0
  9
$USERR4
 40
0.0
  9
$USERR5
 40
0.0
  9
$WORLDVIEW
 70
     1
  9
$SHADEDGE
 70
     3
  9
$SHADEDIF
 70
    70
  9
$TILEMODE
 70
     1
  9
$MAXACTVP
 70
    64
  9
$PINSBASE
 10
0.0
 20
0.0
 30
0.0
  9
$PLIMCHECK
 70
     0
  9
$PEXTMIN
 10
0.0
 20
0.0
 30
0.0
  9
$PEXTMAX
 10
0.0
 20
0.0
 30
0.0
  9
$PLIMMIN
 10
0.0
 20
0.0
  9
$PLIMMAX
 10
12.0
 20
9.0
  9
$UNITMODE
 70
     0
  9
$VISRETAIN
 70
     1
  9
$PLINEGEN
 70
     0
  9
$PSLTSCALE
 70
     1
  9
$TREEDEPTH
 70
  3020
  9
$CMLSTYLE
  2
Standard
  9
$CMLJUST
 70
     0
  9
$CMLSCALE
 40
20.0
  9
$PROXYGRAPHICS
 70
     1
  9
$MEASUREMENT
 70
     1
  9
$CELWEIGHT
370
    -1
  9
$ENDCAPS
280
     0
  9
$JOINSTYLE
280
     0
  9
$LWDISPLAY
290
     0
  9
$INSUNITS
 70
     4
  9
$HYPERLINKBASE
  1

  9
$STYLESHEET
  1

  9
$XEDIT
290
     1
  9
$CEPSNTYPE
380
     0
  9
$PSTYLEMODE
290
     1
  9
$FINGERPRINTGUID
  2
{1941899B-115E-E042-B7DC-3B70A3657041}
  9
$VERSIONGUID
  2
{B115D608-C027-4648-9529-66682038AF3E}
  9
$EXTNAMES
290
     1
  9
$PSVPSCALE
 40
0.0
  9
$OLESTARTUP
290
     0
  9
$SORTENTS
280
   127
  9
$INDEXCTL
280
     0
  9
$HIDETEXT
280
     1
  9
$XCLIPFRAME
280
     2
  9
$HALOGAP
280
     0
  9
$OBSCOLOR
 70
   257
  9
$OBSLTYPE
280
     0
  9
$INTERSECTIONDISPLAY
280
     0
  9
$INTERSECTIONCOLOR
 70
   257
  9
$DIMASSOC
280
     2
  9
$PROJECTNAME
  1

  9
$CAMERADISPLAY
290
     0
  9
$LENSLENGTH
 40
50.0
  9
$CAMERAHEIGHT
 40
0.0
  9
$STEPSPERSEC
 40
2.0
  9
$STEPSIZE
 40
6.0
  9
$3DDWFPREC
 40
2.0
  9
$PSOLWIDTH
 40
5.0
  9
$PSOLHEIGHT
 40
80.0
  9
$LOFTANG1
 40
1.570796326794896
  9
$LOFTANG2
 40
1.570796326794896
  9
$LOFTMAG1
 40
0.0
  9
$LOFTMAG2
 40
0.0
  9
$LOFTPARAM
 70
     7
  9
$LOFTNORMALS
280
     1
  9
$LATITUDE
 40
37.795
  9
$LONGITUDE
 40
-122.394
  9
$NORTHDIRECTION
 40
0.0
  9
$TIMEZONE
 70
 -8000
  9
$LIGHTGLYPHDISPLAY
280
     1
  9
$TILEMODELIGHTSYNCH
280
     1
  9
$CMATERIAL
347
EC
  9
$SOLIDHIST
280
     0
  9
$SHOWHIST
280
     1
  9
$DWFFRAME
280
     2
  9
$DGNFRAME
280
     0
  9
$REALWORLDSCALE
290
     1
  9
$INTERFERECOLOR
 62
     1
  9
$INTERFEREOBJVS
345
F9
  9
$INTERFEREVPVS
346
F6
  9
$CSHADOW
280
     0
  9
$SHADOWPLANELOCATION
 40
0.0
  0
ENDSEC
  0
SECTION
  2
CLASSES
  0
CLASS
  1
ACDBDICTIONARYWDFLT
  2
AcDbDictionaryWithDefault
  3
ObjectDBX Classes
 90
        0
 91
        1
280
     0
281
     0
  0
CLASS
  1
DICTIONARYVAR
  2
AcDbDictionaryVar
  3
ObjectDBX Classes
 90
        0
 91
       11
280
     0
281
     0
  0
CLASS
  1
TABLESTYLE
  2
AcDbTableStyle
  3
ObjectDBX Classes
 90
     4095
 91
        1
280
     0
281
     0
  0
CLASS
  1
MATERIAL
  2
AcDbMaterial
  3
ObjectDBX Classes
 90
     1153
 91
        3
280
     0
281
     0
  0
CLASS
  1
VISUALSTYLE
  2
AcDbVisualStyle
  3
ObjectDBX Classes
 90
     4095
 91
       24
280
     0
281
     0
  0
CLASS
  1
SCALE
  2
AcDbScale
  3
ObjectDBX Classes
 90
     1153
 91
       19
280
     0
281
     0
  0
CLASS
  1
MLEADERSTYLE
  2
AcDbMLeaderStyle
  3
ACDB_MLEADERSTYLE_CLASS
 90
     4095
 91
        2
280
     0
281
     0
  0
CLASS
  1
CELLSTYLEMAP
  2
AcDbCellStyleMap
  3
ObjectDBX Classes
 90
     1152
 91
        2
280
     0
281
     0
  0
CLASS
  1
EXACXREFPANELOBJECT
  2
ExAcXREFPanelObject
  3
EXAC_ESW
 90
     1025
 91
        0
280
     0
281
     0
  0
CLASS
  1
NPOCOLLECTION
  2
AcDbImpNonPersistentObjectsCollection
  3
ObjectDBX Classes
 90
     1153
 91
        0
280
     0
281
     0
  0
CLASS
  1
LAYER_INDEX
  2
AcDbLayerIndex
  3
ObjectDBX Classes
 90
        0
 91
        0
280
     0
281
     0
  0
CLASS
  1
SPATIAL_INDEX
  2
AcDbSpatialIndex
  3
ObjectDBX Classes
 90
        0
 91
        0
280
     0
281
     0
  0
CLASS
  1
IDBUFFER
  2
AcDbIdBuffer
  3
ObjectDBX Classes
 90
        0
 91
        0
280
     0
281
     0
  0
CLASS
  1
ACDBSECTIONVIEWSTYLE
  2
AcDbSectionViewStyle
  3
ObjectDBX Classes
 90
     1025
 91
        2
280
     0
281
     0
  0
CLASS
  1
ACDBDETAILVIEWSTYLE
  2
AcDbDetailViewStyle
  3
ObjectDBX Classes
 90
     1025
 91
        2
280
     0
281
     0
  0
CLASS
  1
SORTENTSTABLE
  2
AcDbSortentsTable
  3
ObjectDBX Classes
 90
        0
 91
        1
280
     0
281
     0
  0
ENDSEC
  0
SECTION
  2
TABLES
  0
TABLE
  2
VPORT
  5
8
330
0
100
AcDbSymbolTable
 70
     1
  0
VPORT
  5
EA
330
8
100
AcDbSymbolTableRecord
100
AcDbViewportTableRecord
  2
*Active
 70
     0
 10
0.0
 20
0.0
 11
1.0
 21
1.0
 12
28314.70839607382
 22
38870.18274434309
 13
0.0
 23
0.0
 14
10.0
 24
10.0
 15
10.0
 25
10.0
 16
0.0
 26
0.0
 36
1.0
 17
0.0
 27
0.0
 37
0.0
 40
46401.29981016725
 41
2.494805194805195
 42
50.0
 43
0.0
 44
0.0
 50
0.0
 51
0.0
 71
     0
 72
  1000
 73
     1
 74
     3
 75
     0
 76
     1
 77
     0
 78
     0
281
     0
 65
     1
110
0.0
120
0.0
130
0.0
111
1.0
121
0.0
131
0.0
112
0.0
122
1.0
132
0.0
 79
     0
146
0.0
348
F5
 60
     3
 61
     5
292
     1
282
     1
141
0.0
142
0.0
 63
   250
421
  3355443
1001
ACAD_NAV_VCDISPLAY
1070
     3
  0
ENDTAB
  0
TABLE
  2
LTYPE
  5
5
330
0
100
AcDbSymbolTable
 70
     2
  0
LTYPE
  5
14
330
5
100
AcDbSymbolTableRecord
100
AcDbLinetypeTableRecord
  2
ByBlock
 70
     0
  3

 72
    65
 73
     0
 40
0.0
  0
LTYPE
  5
15
330
5
100
AcDbSymbolTableRecord
100
AcDbLinetypeTableRecord
  2
ByLayer
 70
     0
  3

 72
    65
 73
     0
 40
0.0
  0
LTYPE
  5
16
330
5
100
AcDbSymbolTableRecord
100
AcDbLinetypeTableRecord
  2
Continuous
 70
     0
  3
Solid line
 72
    65
 73
     0
 40
0.0
  0
LTYPE
  5
35A
330
5
100
AcDbSymbolTableRecord
100
AcDbLinetypeTableRecord
  2
HIDDEN
 70
     0
  3
__ __ __ __ __ __ __ __ __ __ __ __ __ __ __ __
 72
    65
 73
     2
 40
0.375
 49
0.25
 74
     0
 49
-0.125
 74
     0
  0
ENDTAB
  0
TABLE
  2
LAYER
  5
2
102
{ACAD_XDICTIONARY
360
1FF
102
}
330
0
100
AcDbSymbolTable
 70
    11
  0
LAYER
  5
10
102
{ACAD_XDICTIONARY
360
13C
102
}
330
2
100
AcDbSymbolTableRecord
100
AcDbLayerTableRecord
  2
0
 70
     0
 62
     7
  6
Continuous
370
    -3
390
F
347
EE
348
0
  0
LAYER
  5
35B
102
{ACAD_XDICTIONARY
360
35C
102
}
330
2
100
AcDbSymbolTableRecord
100
AcDbLayerTableRecord
  2
2Y
 70
     0
 62
     2
  6
Continuous
370
    -3
390
F
347
EE
348
0
  0
LAYER
  5
35D
102
{ACAD_XDICTIONARY
360
35E
102
}
330
2
100
AcDbSymbolTableRecord
100
AcDbLayerTableRecord
  2
4C
 70
     0
 62
     4
  6
Continuous
370
    -3
390
F
347
EE
348
0
  0
LAYER
  5
35F
102
{ACAD_XDICTIONARY
360
360
102
}
330
2
100
AcDbSymbolTableRecord
100
AcDbLayerTableRecord
  2
6M
 70
     0
 62
     6
  6
Continuous
370
    -3
390
F
347
EE
348
0
  0
LAYER
  5
361
102
{ACAD_XDICTIONARY
360
362
102
}
330
2
100
AcDbSymbolTableRecord
100
AcDbLayerTableRecord
  2
TG
 70
     0
 62
     3
  6
Continuous
370
    -3
390
F
347
EE
348
0
  0
LAYER
  5
363
102
{ACAD_XDICTIONARY
360
364
102
}
330
2
100
AcDbSymbolTableRecord
100
AcDbLayerTableRecord
  2
TC
 70
     0
 62
     4
  6
Continuous
370
    -3
390
F
347
EE
348
0
  0
LAYER
  5
365
102
{ACAD_XDICTIONARY
360
366
102
}
330
2
100
AcDbSymbolTableRecord
100
AcDbLayerTableRecord
  2
TM
 70
     0
 62
     6
  6
Continuous
370
    -3
390
F
347
EE
348
0
  0
LAYER
  5
367
102
{ACAD_XDICTIONARY
360
368
102
}
330
2
100
AcDbSymbolTableRecord
100
AcDbLayerTableRecord
  2
SHE
 70
     0
 62
     8
  6
Continuous
370
    -3
390
F
347
EE
348
0
  0
LAYER
  5
369
330
2
100
AcDbSymbolTableRecord
100
AcDbLayerTableRecord
  2
DEFPOINTS
 70
     0
 62
     7
  6
Continuous
290
     0
370
    -3
390
F
347
EE
348
0
  0
LAYER
  5
36A
102
{ACAD_XDICTIONARY
360
36B
102
}
330
2
100
AcDbSymbolTableRecord
100
AcDbLayerTableRecord
  2
TITLE
 70
     0
 62
     7
  6
Continuous
370
    -3
390
F
347
EE
348
0
  0
LAYER
  5
36C
102
{ACAD_XDICTIONARY
360
36D
102
}
330
2
100
AcDbSymbolTableRecord
100
AcDbLayerTableRecord
  2
DIM
 70
     0
 62
     8
  6
Continuous
370
    -3
390
F
347
EE
348
0
  0
ENDTAB
  0
TABLE
  2
STYLE
  5
3
330
0
100
AcDbSymbolTable
 70
     5
  0
STYLE
  5
11
330
3
100
AcDbSymbolTableRecord
100
AcDbTextStyleTableRecord
  2
Standard
 70
     0
 40
0.0
 41
1.0
 50
0.0
 71
     0
 42
2.5
  3
arial.ttf
  4

1001
ACAD
1000
Arial
1071
       34
  0
STYLE
  5
132
330
3
100
AcDbSymbolTableRecord
100
AcDbTextStyleTableRecord
  2
Annotative
 70
     0
 40
0.0
 41
1.0
 50
0.0
 71
     0
 42
2.5
  3
arial.ttf
  4

1001
AcadAnnotative
1000
AnnotativeData
1002
{
1070
     1
1070
     1
1002
}
1001
ACAD
1000
Arial
1071
       34
  0
STYLE
  5
36E
330
3
100
AcDbSymbolTableRecord
100
AcDbTextStyleTableRecord
  2
ROMANS
 70
     0
 40
0.0
 41
0.9
 50
0.0
 71
     0
 42
0.2
  3
romans.shx
  4

  0
STYLE
  5
36F
330
3
100
AcDbSymbolTableRecord
100
AcDbTextStyleTableRecord
  2
100cl
 70
     0
 40
0.0
 41
1.0
 50
0.0
 71
     0
 42
2.5
  3
romans.shx
  4

  0
STYLE
  5
370
330
3
100
AcDbSymbolTableRecord
100
AcDbTextStyleTableRecord
  2
240CL
 70
     0
 40
0.6
 41
1.0
 50
0.0
 71
     0
 42
12.0
  3
ROMANS.shx
  4

  0
ENDTAB
  0
TABLE
  2
VIEW
  5
6
330
0
100
AcDbSymbolTable
 70
     2
  0
ENDTAB
  0
TABLE
  2
UCS
  5
7
330
0
100
AcDbSymbolTable
 70
     0
  0
ENDTAB
  0
TABLE
  2
APPID
  5
9
330
0
100
AcDbSymbolTable
 70
     9
  0
APPID
  5
12
330
9
100
AcDbSymbolTableRecord
100
AcDbRegAppTableRecord
  2
ACAD
 70
     0
  0
APPID
  5
9E
330
9
100
AcDbSymbolTableRecord
100
AcDbRegAppTableRecord
  2
ACAD_PSEXT
 70
     0
  0
APPID
  5
133
330
9
100
AcDbSymbolTableRecord
100
AcDbRegAppTableRecord
  2
AcadAnnoPO
 70
     0
  0
APPID
  5
134
330
9
100
AcDbSymbolTableRecord
100
AcDbRegAppTableRecord
  2
AcadAnnotative
 70
     0
  0
APPID
  5
135
330
9
100
AcDbSymbolTableRecord
100
AcDbRegAppTableRecord
  2
ACAD_DSTYLE_DIMJAG
 70
     0
  0
APPID
  5
136
330
9
100
AcDbSymbolTableRecord
100
AcDbRegAppTableRecord
  2
ACAD_DSTYLE_DIMTALN
 70
     0
  0
APPID
  5
165
330
9
100
AcDbSymbolTableRecord
100
AcDbRegAppTableRecord
  2
ACAD_MLEADERVER
 70
     0
  0
APPID
  5
217
330
9
100
AcDbSymbolTableRecord
100
AcDbRegAppTableRecord
  2
ACAD_NAV_VCDISPLAY
 70
     0
  0
APPID
  5
373
330
9
100
AcDbSymbolTableRecord
100
AcDbRegAppTableRecord
  2
AcDbBlockRepETag
 70
     0
  0
ENDTAB
  0
TABLE
  2
DIMSTYLE
  5
A
330
0
100
AcDbSymbolTable
 70
     5
100
AcDbDimStyleTable
 71
     2
340
27
340
137
  0
DIMSTYLE
105
1B0
330
A
100
AcDbSymbolTableRecord
100
AcDbDimStyleTableRecord
  2
Standard
 70
     0
340
11
  0
DIMSTYLE
105
137
330
A
100
AcDbSymbolTableRecord
100
AcDbDimStyleTableRecord
  2
Annotative
 70
     0
 40
0.0
 41
2.5
 42
0.625
 43
3.75
 44
1.25
 73
     0
 74
     0
 77
     1
 78
     8
140
2.5
141
2.5
143
0.03937007874016
147
0.625
171
     3
172
     1
271
     2
272
     2
274
     3
278
    44
283
     0
284
     8
340
11
1001
AcadAnnotative
1000
AnnotativeData
1002
{
1070
     1
1070
     1
1002
}
1001
ACAD_DSTYLE_DIMJAG
1070
   388
1040
1.5
1001
ACAD_DSTYLE_DIMTALN
1070
   392
1070
     0
  0
DIMSTYLE
105
27
330
A
100
AcDbSymbolTableRecord
100
AcDbDimStyleTableRecord
  2
ISO-25
 70
     0
 41
2.5
 42
0.625
 43
3.75
 44
1.25
 73
     0
 74
     0
 77
     1
 78
     8
140
2.5
141
2.5
143
0.03937007874016
147
0.625
171
     3
172
     1
271
     2
272
     2
274
     3
278
    44
283
     0
284
     8
340
11
  0
DIMSTYLE
105
371
330
A
100
AcDbSymbolTableRecord
100
AcDbDimStyleTableRecord
  2
DIM100
 70
     0
 40
100.0
 41
2.5
 42
1.0
 43
5.0
 44
1.0
 73
     0
 74
     0
 77
     1
140
2.5
141
1.0
147
1.0
176
     8
177
     8
178
     3
271
     0
272
     0
340
36E
342
27F
  0
DIMSTYLE
105
372
102
{ACAD_REACTORS
330
44A
330
44B
330
44C
330
44D
330
44E
330
44F
330
450
330
451
330
452
330
453
330
454
330
455
330
456
330
457
330
458
330
459
330
45A
330
45B
330
5F0
330
5F1
330
5F2
330
5F3
330
5F4
330
5F5
330
5F6
330
5F7
330
5F8
330
5F9
330
5FA
330
5FB
330
5FC
330
5FD
330
5FE
330
5FF
330
600
330
601
102
}
330
A
100
AcDbSymbolTableRecord
100
AcDbDimStyleTableRecord
  2
DIMBLK3
 70
     0
 40
1000.0
 41
0.05
 42
0.1
 43
0.5
 44
0.25
 73
     0
 77
     1
140
0.25
141
0.25
145
360.0
146
0.4
147
0.1
176
     8
177
     8
178
     3
271
     0
272
     0
279
     2
340
36F
341
28D
342
28D
  0
ENDTAB
  0
TABLE
  2
BLOCK_RECORD
  5
1
330
0
100
AcDbSymbolTable
 70
    41
  0
BLOCK_RECORD
  5
1F
102
{ACAD_XDICTIONARY
360
1CE
102
}
330
1
100
AcDbSymbolTableRecord
100
AcDbBlockTableRecord
  2
*Model_Space
340
22
 70
     0
280
     1
281
     0
  0
BLOCK_RECORD
  5
D2
330
1
100
AcDbSymbolTableRecord
100
AcDbBlockTableRecord
  2
*Paper_Space
340
D3
 70
     0
280
     1
281
     0
  0
BLOCK_RECORD
  5
D6
330
1
100
AcDbSymbolTableRecord
100
AcDbBlockTableRecord
  2
*Paper_Space0
340
D7
 70
     0
280
     1
281
     0
  0
BLOCK_RECORD
  5
27F
330
1
100
AcDbSymbolTableRecord
100
AcDbBlockTableRecord
  2
DIM1
340
0
 70
     1
280
     1
281
     0
  0
BLOCK_RECORD
  5
284
330
1
100
AcDbSymbolTableRecord
100
AcDbBlockTableRecord
  2
CIR
340
0
310
2800000020000000200000000100080000000000000400000000000000000000000000000000000000000000000080000080000000808000800000008000800080800000C0C0C000C0DCC000F0CAA6000020400000206000002080000020A0000020C0000020E00000400000004020000040400000406000004080000040A0
310
000040C0000040E00000600000006020000060400000606000006080000060A0000060C0000060E00000800000008020000080400000806000008080000080A0000080C0000080E00000A0000000A0200000A0400000A0600000A0800000A0A00000A0C00000A0E00000C0000000C0200000C0400000C0600000C0800000C0
310
A00000C0C00000C0E00000E0000000E0200000E0400000E0600000E0800000E0A00000E0C00000E0E00040000000400020004000400040006000400080004000A0004000C0004000E00040200000402020004020400040206000402080004020A0004020C0004020E000404000004040200040404000404060004040800040
310
40A0004040C0004040E00040600000406020004060400040606000406080004060A0004060C0004060E00040800000408020004080400040806000408080004080A0004080C0004080E00040A0000040A0200040A0400040A0600040A0800040A0A00040A0C00040A0E00040C0000040C0200040C0400040C0600040C08000
310
40C0A00040C0C00040C0E00040E0000040E0200040E0400040E0600040E0800040E0A00040E0C00040E0E00080000000800020008000400080006000800080008000A0008000C0008000E00080200000802020008020400080206000802080008020A0008020C0008020E00080400000804020008040400080406000804080
310
008040A0008040C0008040E00080600000806020008060400080606000806080008060A0008060C0008060E00080800000808020008080400080806000808080008080A0008080C0008080E00080A0000080A0200080A0400080A0600080A0800080A0A00080A0C00080A0E00080C0000080C0200080C0400080C0600080C0
310
800080C0A00080C0C00080C0E00080E0000080E0200080E0400080E0600080E0800080E0A00080E0C00080E0E000C0000000C0002000C0004000C0006000C0008000C000A000C000C000C000E000C0200000C0202000C0204000C0206000C0208000C020A000C020C000C020E000C0400000C0402000C0404000C0406000C0
310
408000C040A000C040C000C040E000C0600000C0602000C0604000C0606000C0608000C060A000C060C000C060E000C0800000C0802000C0804000C0806000C0808000C080A000C080C000C080E000C0A00000C0A02000C0A04000C0A06000C0A08000C0A0A000C0A0C000C0A0E000C0C00000C0C02000C0C04000C0C06000
310
C0C08000C0C0A000F0FBFF00A4A0A000808080000000FF0000FF000000FFFF00FF000000FF00FF00FFFF0000FFFFFF000000000000000000000000000000000000000000000000000000000000000000000000000000000000000000000000FBFB00000000000000000000000000000000000000000000000000FBFBFBFBFB
310
00FBFBFBFBFB00000000000000000000000000000000000000FBFB000000000000FB00000000FBFB0000000000000000000000000000000000FB00000000000000FB000000000000FBFB0000000000000000000000000000FB0000000000000000FB0000000000000000FB0000000000000000000000FBFB00000000000000
310
0000FB000000000000000000FB00000000000000000000FB00000000000000000000FB00000000000000000000FB0000000000000000FB0000000000000000000000FB0000000000000000000000FB00000000000000FBFBFBFB00000000000000FBFBFBFBFB00000000000000FBFB000000000000FB0000FBFBFBFBFBFBFB
310
0000FBFB0000FB00FBFBFBFB0000FB00FB0000000000FBFBFBFB0000000000000000FBFBFBFBFB00000000000000FB00FB00000000FB00FBFBFBFB000000000000FBFBFBFBFBFB000000000000FBFB00FB00000000FB00000000000000000000000000FB000000000000000000000000FB000000FB00000000000000000000
310
00000000FB000000000000000000000000FB000000FB0000000000000000000000000000FB00000000000000000000000000FB0000FBFBFBFBFBFBFBFBFBFBFBFBFBFBFBFBFBFBFBFBFBFBFBFBFBFBFBFBFBFB0000FB00000000000000000000000000000000000000000000000000000000FB000000FB0000000000000000
310
000000000000000000000000000000000000FB00000000FB00000000000000000000FC00000000FC00000000000000000000FB0000000000FB00000000000000000000FC000000FC00000000000000000000FB0000000000FB00000000000000000000FCFCFCFC0000000000000000000000FB000000000000FB0000000000
310
0000000000FC00FC00000000000000000000FB00000000000000FB00000000000000000000FC00FC00000000000000000000FB0000000000000000FB00000000000000000000FC00000000000000000000FB000000000000000000FB00000000000000000000FC000000000000000000FB0000000000000000000000FBFB00
310
00000000000000000000000000000000FB0000000000000000000000000000FB000000000000000000000000000000FB000000000000000000000000000000FBFB0000000000000000000000FBFBFB000000000000000000000000000000000000FBFBFBFB000000FBFBFBFB00000000000000000000000000000000000000
310
000000000000FBFBFB0000000000000000000000000000000000000000000000000000000000000000000000000000000000000000000000
102
{BLKREFS
331
625
102
}
 70
     1
280
     1
281
     0
  0
BLOCK_RECORD
  5
28D
330
1
100
AcDbSymbolTableRecord
100
AcDbBlockTableRecord
  2
DIMBLK3
340
0
102
{BLKREFS
331
297
331
298
331
2A2
331
2A3
331
2AD
331
2AE
331
7DA
331
7DB
331
7E2
331
7E3
331
7EA
331
7EB
331
7F2
331
7F3
331
7FA
331
7FB
331
802
331
803
331
80B
331
80C
331
813
331
814
331
789
331
78A
331
791
331
792
331
799
331
79A
331
7A1
331
7A2
331
7A9
331
7AA
331
7B2
331
7B3
331
7BA
331
7BB
331
7C2
331
7C3
331
7CA
331
7CB
331
7D2
331
7D3
331
604
331
608
331
2B8
331
2B9
331
2C3
331
2C4
331
2CF
331
2D0
331
2DA
331
2DB
331
2E5
331
2E6
331
2F0
331
2F1
331
2FB
331
2FC
331
306
331
307
331
311
331
312
331
31C
331
31D
331
327
331
328
331
332
331
333
331
33D
331
33E
331
349
331
34A
331
354
331
355
102
}
 70
     0
280
     1
281
     0
  0
BLOCK_RECORD
  5
292
330
1
100
AcDbSymbolTableRecord
100
AcDbBlockTableRecord
  2
*D4
340
0
 70
     0
280
     1
281
     0
  0
BLOCK_RECORD
  5
29D
330
1
100
AcDbSymbolTableRecord
100
AcDbBlockTableRecord
  2
*D5
340
0
 70
     0
280
     1
281
     0
  0
BLOCK_RECORD
  5
2A8
330
1
100
AcDbSymbolTableRecord
100
AcDbBlockTableRecord
  2
*D6
340
0
 70
     0
280
     1
281
     0
  0
BLOCK_RECORD
  5
2B3
330
1
100
AcDbSymbolTableRecord
100
AcDbBlockTableRecord
  2
*D7
340
0
 70
     0
280
     1
281
     0
  0
BLOCK_RECORD
  5
2BE
330
1
100
AcDbSymbolTableRecord
100
AcDbBlockTableRecord
  2
*D8
340
0
 70
     0
280
     1
281
     0
  0
BLOCK_RECORD
  5
2CA
330
1
100
AcDbSymbolTableRecord
100
AcDbBlockTableRecord
  2
*D9
340
0
 70
     0
280
     1
281
     0
  0
BLOCK_RECORD
  5
2D5
330
1
100
AcDbSymbolTableRecord
100
AcDbBlockTableRecord
  2
*D10
340
0
 70
     0
280
     1
281
     0
  0
BLOCK_RECORD
  5
2E0
330
1
100
AcDbSymbolTableRecord
100
AcDbBlockTableRecord
  2
*D11
340
0
 70
     0
280
     1
281
     0
  0
BLOCK_RECORD
  5
2EB
330
1
100
AcDbSymbolTableRecord
100
AcDbBlockTableRecord
  2
*D12
340
0
 70
     0
280
     1
281
     0
  0
BLOCK_RECORD
  5
2F6
330
1
100
AcDbSymbolTableRecord
100
AcDbBlockTableRecord
  2
*D13
340
0
 70
     0
280
     1
281
     0
  0
BLOCK_RECORD
  5
301
330
1
100
AcDbSymbolTableRecord
100
AcDbBlockTableRecord
  2
*D14
340
0
 70
     0
280
     1
281
     0
  0
BLOCK_RECORD
  5
30C
330
1
100
AcDbSymbolTableRecord
100
AcDbBlockTableRecord
  2
*D15
340
0
 70
     0
280
     1
281
     0
  0
BLOCK_RECORD
  5
317
330
1
100
AcDbSymbolTableRecord
100
AcDbBlockTableRecord
  2
*D16
340
0
 70
     0
280
     1
281
     0
  0
BLOCK_RECORD
  5
322
330
1
100
AcDbSymbolTableRecord
100
AcDbBlockTableRecord
  2
*D17
340
0
 70
     0
280
     1
281
     0
  0
BLOCK_RECORD
  5
32D
330
1
100
AcDbSymbolTableRecord
100
AcDbBlockTableRecord
  2
*D18
340
0
 70
     0
280
     1
281
     0
  0
BLOCK_RECORD
  5
338
330
1
100
AcDbSymbolTableRecord
100
AcDbBlockTableRecord
  2
*D19
340
0
 70
     0
280
     1
281
     0
  0
BLOCK_RECORD
  5
344
330
1
100
AcDbSymbolTableRecord
100
AcDbBlockTableRecord
  2
*D20
340
0
 70
     0
280
     1
281
     0
  0
BLOCK_RECORD
  5
34F
330
1
100
AcDbSymbolTableRecord
100
AcDbBlockTableRecord
  2
*D21
340
0
 70
     0
280
     1
281
     0
  0
BLOCK_RECORD
  5
6BE
330
1
100
AcDbSymbolTableRecord
100
AcDbBlockTableRecord
  2
*D23
340
0
 70
     0
280
     1
281
     0
  0
BLOCK_RECORD
  5
6C9
330
1
100
AcDbSymbolTableRecord
100
AcDbBlockTableRecord
  2
*D24
340
0
 70
     0
280
     1
281
     0
  0
BLOCK_RECORD
  5
6D4
330
1
100
AcDbSymbolTableRecord
100
AcDbBlockTableRecord
  2
*D25
340
0
 70
     0
280
     1
281
     0
  0
BLOCK_RECORD
  5
6DF
330
1
100
AcDbSymbolTableRecord
100
AcDbBlockTableRecord
  2
*D26
340
0
 70
     0
280
     1
281
     0
  0
BLOCK_RECORD
  5
6EA
330
1
100
AcDbSymbolTableRecord
100
AcDbBlockTableRecord
  2
*D27
340
0
 70
     0
280
     1
281
     0
  0
BLOCK_RECORD
  5
6F6
330
1
100
AcDbSymbolTableRecord
100
AcDbBlockTableRecord
  2
*D28
340
0
 70
     0
280
     1
281
     0
  0
BLOCK_RECORD
  5
701
330
1
100
AcDbSymbolTableRecord
100
AcDbBlockTableRecord
  2
*D29
340
0
 70
     0
280
     1
281
     0
  0
BLOCK_RECORD
  5
70C
330
1
100
AcDbSymbolTableRecord
100
AcDbBlockTableRecord
  2
*D30
340
0
 70
     0
280
     1
281
     0
  0
BLOCK_RECORD
  5
717
330
1
100
AcDbSymbolTableRecord
100
AcDbBlockTableRecord
  2
*D31
340
0
 70
     0
280
     1
281
     0
  0
BLOCK_RECORD
  5
722
330
1
100
AcDbSymbolTableRecord
100
AcDbBlockTableRecord
  2
*D32
340
0
 70
     0
280
     1
281
     0
  0
BLOCK_RECORD
  5
72D
330
1
100
AcDbSymbolTableRecord
100
AcDbBlockTableRecord
  2
*D33
340
0
 70
     0
280
     1
281
     0
  0
BLOCK_RECORD
  5
738
330
1
100
AcDbSymbolTableRecord
100
AcDbBlockTableRecord
  2
*D34
340
0
 70
     0
280
     1
281
     0
  0
BLOCK_RECORD
  5
743
330
1
100
AcDbSymbolTableRecord
100
AcDbBlockTableRecord
  2
*D35
340
0
 70
     0
280
     1
281
     0
  0
BLOCK_RECORD
  5
74E
330
1
100
AcDbSymbolTableRecord
100
AcDbBlockTableRecord
  2
*D36
340
0
 70
     0
280
     1
281
     0
  0
BLOCK_RECORD
  5
759
330
1
100
AcDbSymbolTableRecord
100
AcDbBlockTableRecord
  2
*D37
340
0
 70
     0
280
     1
281
     0
  0
BLOCK_RECORD
  5
764
330
1
100
AcDbSymbolTableRecord
100
AcDbBlockTableRecord
  2
*D38
340
0
 70
     0
280
     1
281
     0
  0
BLOCK_RECORD
  5
770
330
1
100
AcDbSymbolTableRecord
100
AcDbBlockTableRecord
  2
*D39
340
0
 70
     0
280
     1
281
     0
  0
BLOCK_RECORD
  5
77B
330
1
100
AcDbSymbolTableRecord
100
AcDbBlockTableRecord
  2
*D40
340
0
 70
     0
280
     1
281
     0
  0
ENDTAB
  0
ENDSEC
  0
SECTION
  2
BLOCKS
  0
BLOCK
  5
20
330
1F
100
AcDbEntity
  8
0
100
AcDbBlockBegin
  2
*Model_Space
 70
     0
 10
0.0
 20
0.0
 30
0.0
  3
*Model_Space
  1

  0
ENDBLK
  5
21
330
1F
100
AcDbEntity
  8
0
100
AcDbBlockEnd
  0
BLOCK
  5
D4
330
D2
100
AcDbEntity
 67
     1
  8
0
100
AcDbBlockBegin
  2
*Paper_Space
 70
     0
 10
0.0
 20
0.0
 30
0.0
  3
*Paper_Space
  1

  0
ENDBLK
  5
D5
330
D2
100
AcDbEntity
 67
     1
  8
0
100
AcDbBlockEnd
  0
BLOCK
  5
D8
330
D6
100
AcDbEntity
 67
     1
  8
0
100
AcDbBlockBegin
  2
*Paper_Space0
 70
     0
 10
0.0
 20
0.0
 30
0.0
  3
*Paper_Space0
  1

  0
ENDBLK
  5
D9
330
D6
100
AcDbEntity
 67
     1
  8
0
100
AcDbBlockEnd
  0
BLOCK
  5
280
330
27F
100
AcDbEntity
  8
0
100
AcDbBlockBegin
  2
DIM1
 70
     0
 10
0.0
 20
0.0
 30
0.0
  3
DIM1
  1

  0
CIRCLE
  5
281
330
27F
100
AcDbEntity
  8
0
 62
     3
100
AcDbCircle
 10
0.0
 20
0.0
 30
0.0
 40
0.25
  0
LINE
  5
282
330
27F
100
AcDbEntity
  8
0
 62
     0
100
AcDbLine
 10
-1.0
 20
0.0
 30
0.0
 11
0.5
 21
0.0
 31
0.0
  0
ENDBLK
  5
283
330
27F
100
AcDbEntity
  8
0
100
AcDbBlockEnd
  0
BLOCK
  5
285
330
284
100
AcDbEntity
  8
0
100
AcDbBlockBegin
  2
CIR
 70
     2
 10
0.0
 20
0.0
 30
0.0
  3
CIR
  1

  0
CIRCLE
  5
286
330
284
100
AcDbEntity
  8
TITLE
 62
     2
100
AcDbCircle
 10
10.0
 20
0.0
 30
0.0
 40
10.0
  0
LINE
  5
287
330
284
100
AcDbEntity
  8
TITLE
 62
     2
100
AcDbLine
 10
10.0
 20
0.0
 30
0.0
 11
10.0
 21
-10.0
 31
0.0
  0
LINE
  5
288
330
284
100
AcDbEntity
  8
TITLE
 62
     2
100
AcDbLine
 10
0.0
 20
0.0
 30
0.0
 11
20.0
 21
0.0
 31
0.0
  0
ATTDEF
  5
289
330
284
100
AcDbEntity
  8
TITLE
 62
     5
100
AcDbText
 10
10.0
 20
4.754619559389539
 30
0.0
 40
4.5
  1

  7
ROMANS
 72
     4
 11
10.0
 21
4.754619559389539
 31
0.0
100
AcDbAttributeDefinition
280
     0
  3
DRAWING MARK :
  2
A
 70
     0
280
     0
  0
ATTDEF
  5
28A
330
284
100
AcDbEntity
  8
TITLE
 62
     2
100
AcDbText
 10
1.578416500183934
 20
-4.678125824138987
 30
0.0
 40
2.5
  1

 41
1.138396624965697
  7
ROMANS
 72
     5
 11
9.303250741022594
 21
-4.678125824138987
 31
0.0
100
AcDbAttributeDefinition
280
     0
  3
SHEET TAKEN :
  2
S-1
 70
     0
280
     0
  0
ATTDEF
  5
28B
330
284
100
AcDbEntity
  8
TITLE
 62
     2
100
AcDbText
 10
10.35994912962644
 20
-4.678125824138987
 30
0.0
 40
2.5
  1

 41
1.147089023381708
  7
ROMANS
 72
     5
 11
18.14376750257375
 21
-4.678125824138987
 31
0.0
100
AcDbAttributeDefinition
280
     0
  3
SHEET SHOWN :
  2
S-1
 70
     0
280
     0
  0
ENDBLK
  5
28C
330
284
100
AcDbEntity
  8
0
100
AcDbBlockEnd
  0
BLOCK
  5
28E
330
28D
100
AcDbEntity
  8
0
100
AcDbBlockBegin
  2
DIMBLK3
 70
     0
 10
0.0
 20
0.0
 30
0.0
  3
DIMBLK3
  1

  0
LINE
  5
28F
330
28D
100
AcDbEntity
  8
SHE
100
AcDbLine
 10
-4.25
 20
0.0
 30
0.0
 11
4.25
 21
0.0
 31
0.0
  0
CIRCLE
  5
290
330
28D
100
AcDbEntity
  8
2Y
 62
     3
100
AcDbCircle
 10
0.0
 20
0.0
 30
0.0
 40
1.7
  0
ENDBLK
  5
291
330
28D
100
AcDbEntity
  8
0
100
AcDbBlockEnd
  0
BLOCK
  5
293
330
292
100
AcDbEntity
  8
0
100
AcDbBlockBegin
  2
*D4
 70
     1
 10
0.0
 20
0.0
 30
0.0
  3
*D4
  1

  0
LINE
  5
294
330
292
100
AcDbEntity
  8
DIM
 62
     8
440
 16777216
370
    -2
100
AcDbLine
 10
15486.75780649954
 20
-1931.864982062036
 30
0.0
 11
15486.75780649954
 21
-1051.434465362008
 31
0.0
  0
LINE
  5
295
330
292
100
AcDbEntity
  8
DIM
 62
     8
440
 16777216
370
    -2
100
AcDbLine
 10
12967.56917021895
 20
-3594.997782914451
 30
0.0
 11
12967.56917021895
 21
-1051.434465362008
 31
0.0
  0
LINE
  5
296
330
292
100
AcDbEntity
  8
DIM
 62
     8
440
 16777216
370
    -2
100
AcDbLine
 10
15436.75780649954
 20
-1301.434465362009
 30
0.0
 11
13017.56917021895
 21
-1301.434465362009
 31
0.0
  0
INSERT
  5
297
330
292
100
AcDbEntity
  8
DIM
 62
     8
440
 16777216
370
    -2
100
AcDbBlockReference
  2
DIMBLK3
 10
15486.75780649954
 20
-1301.434465362009
 30
0.0
 41
50.0
 42
50.0
 43
50.0
  0
INSERT
  5
298
330
292
100
AcDbEntity
  8
DIM
 62
     8
440
 16777216
370
    -2
100
AcDbBlockReference
  2
DIMBLK3
 10
12967.56917021895
 20
-1301.434465362009
 30
0.0
 41
50.0
 42
50.0
 43
50.0
 50
180.0
  0
POINT
  5
299
330
292
100
AcDbEntity
  8
DEFPOINTS
 62
     0
440
 16777216
100
AcDbPoint
 10
15486.75780649954
 20
-2031.864982062036
 30
0.0
  0
POINT
  5
29A
330
292
100
AcDbEntity
  8
DEFPOINTS
 62
     0
440
 16777216
100
AcDbPoint
 10
12967.56917021895
 20
-3694.997782914451
 30
0.0
  0
POINT
  5
29B
330
292
100
AcDbEntity
  8
DEFPOINTS
 62
     0
440
 16777216
100
AcDbPoint
 10
12967.56917021895
 20
-1301.434465362009
 30
0.0
  0
ENDBLK
  5
29C
330
292
100
AcDbEntity
  8
0
100
AcDbBlockEnd
  0
BLOCK
  5
29E
330
29D
100
AcDbEntity
  8
0
100
AcDbBlockBegin
  2
*D5
 70
     1
 10
0.0
 20
0.0
 30
0.0
  3
*D5
  1

  0
LINE
  5
29F
330
29D
100
AcDbEntity
  8
DIM
 62
     8
440
 16777216
370
    -2
100
AcDbLine
 10
16765.01121072384
 20
-1931.864982062036
 30
0.0
 11
16765.01121072384
 21
-1051.434465362008
 31
0.0
  0
LINE
  5
2A0
330
29D
100
AcDbEntity
  8
DIM
 62
     8
440
 16777216
370
    -2
100
AcDbLine
 10
19284.1998470049
 20
-3594.997782914451
 30
0.0
 11
19284.1998470049
 21
-1051.434465362008
 31
0.0
  0
LINE
  5
2A1
330
29D
100
AcDbEntity
  8
DIM
 62
     8
440
 16777216
370
    -2
100
AcDbLine
 10
16815.01121072384
 20
-1301.434465362009
 30
0.0
 11
19234.1998470049
 21
-1301.434465362009
 31
0.0
  0
INSERT
  5
2A2
330
29D
100
AcDbEntity
  8
DIM
 62
     8
440
 16777216
370
    -2
100
AcDbBlockReference
  2
DIMBLK3
 10
16765.01121072384
 20
-1301.434465362009
 30
0.0
 41
50.0
 42
50.0
 43
50.0
 50
180.0
  0
INSERT
  5
2A3
330
29D
100
AcDbEntity
  8
DIM
 62
     8
440
 16777216
370
    -2
100
AcDbBlockReference
  2
DIMBLK3
 10
19284.1998470049
 20
-1301.434465362009
 30
0.0
 41
50.0
 42
50.0
 43
50.0
  0
POINT
  5
2A4
330
29D
100
AcDbEntity
  8
DEFPOINTS
 62
     0
440
 16777216
100
AcDbPoint
 10
16765.01121072384
 20
-2031.864982062036
 30
0.0
  0
POINT
  5
2A5
330
29D
100
AcDbEntity
  8
DEFPOINTS
 62
     0
440
 16777216
100
AcDbPoint
 10
19284.1998470049
 20
-3694.997782914451
 30
0.0
  0
POINT
  5
2A6
330
29D
100
AcDbEntity
  8
DEFPOINTS
 62
     0
440
 16777216
100
AcDbPoint
 10
19284.1998470049
 20
-1301.434465362009
 30
0.0
  0
ENDBLK
  5
2A7
330
29D
100
AcDbEntity
  8
0
100
AcDbBlockEnd
  0
BLOCK
  5
2A9
330
2A8
100
AcDbEntity
  8
0
100
AcDbBlockBegin
  2
*D6
 70
     1
 10
0.0
 20
0.0
 30
0.0
  3
*D6
  1

  0
LINE
  5
2AA
330
2A8
100
AcDbEntity
  8
DIM
 62
     8
440
 16777216
370
    -2
100
AcDbLine
 10
5945.50918210583
 20
-1931.864982062036
 30
0.0
 11
5945.50918210583
 21
-1051.434465362008
 31
0.0
  0
LINE
  5
2AB
330
2A8
100
AcDbEntity
  8
DIM
 62
     8
440
 16777216
370
    -2
100
AcDbLine
 10
8456.364083260821
 20
-3594.997782914451
 30
0.0
 11
8456.364083260821
 21
-1051.434465362008
 31
0.0
  0
LINE
  5
2AC
330
2A8
100
AcDbEntity
  8
DIM
 62
     8
440
 16777216
370
    -2
100
AcDbLine
 10
5995.50918210583
 20
-1301.434465362009
 30
0.0
 11
8406.36408326082
 21
-1301.434465362009
 31
0.0
  0
INSERT
  5
2AD
330
2A8
100
AcDbEntity
  8
DIM
 62
     8
440
 16777216
370
    -2
100
AcDbBlockReference
  2
DIMBLK3
 10
5945.50918210583
 20
-1301.434465362009
 30
0.0
 41
50.0
 42
50.0
 43
50.0
 50
180.0
  0
INSERT
  5
2AE
330
2A8
100
AcDbEntity
  8
DIM
 62
     8
440
 16777216
370
    -2
100
AcDbBlockReference
  2
DIMBLK3
 10
8456.364083260821
 20
-1301.434465362009
 30
0.0
 41
50.0
 42
50.0
 43
50.0
  0
POINT
  5
2AF
330
2A8
100
AcDbEntity
  8
DEFPOINTS
 62
     0
440
 16777216
100
AcDbPoint
 10
5945.50918210583
 20
-2031.864982062036
 30
0.0
  0
POINT
  5
2B0
330
2A8
100
AcDbEntity
  8
DEFPOINTS
 62
     0
440
 16777216
100
AcDbPoint
 10
8456.364083260821
 20
-3694.997782914451
 30
0.0
  0
POINT
  5
2B1
330
2A8
100
AcDbEntity
  8
DEFPOINTS
 62
     0
440
 16777216
100
AcDbPoint
 10
8456.364083260821
 20
-1301.434465362009
 30
0.0
  0
ENDBLK
  5
2B2
330
2A8
100
AcDbEntity
  8
0
100
AcDbBlockEnd
  0
BLOCK
  5
2B4
330
2B3
100
AcDbEntity
  8
0
100
AcDbBlockBegin
  2
*D7
 70
     1
 10
0.0
 20
0.0
 30
0.0
  3
*D7
  1

  0
LINE
  5
2B5
330
2B3
100
AcDbEntity
  8
DIM
 62
     8
440
 16777216
370
    -2
100
AcDbLine
 10
4667.25577787595
 20
-1931.864982062036
 30
0.0
 11
4667.25577787595
 21
-1051.434465362008
 31
0.0
  0
LINE
  5
2B6
330
2B3
100
AcDbEntity
  8
DIM
 62
     8
440
 16777216
370
    -2
100
AcDbLine
 10
2148.067141595353
 20
-3594.997782914451
 30
0.0
 11
2148.067141595353
 21
-1051.434465362008
 31
0.0
  0
LINE
  5
2B7
330
2B3
100
AcDbEntity
  8
DIM
 62
     8
440
 16777216
370
    -2
100
AcDbLine
 10
4617.25577787595
 20
-1301.434465362009
 30
0.0
 11
2198.067141595354
 21
-1301.434465362009
 31
0.0
  0
INSERT
  5
2B8
330
2B3
100
AcDbEntity
  8
DIM
 62
     8
440
 16777216
370
    -2
100
AcDbBlockReference
  2
DIMBLK3
 10
4667.25577787595
 20
-1301.434465362009
 30
0.0
 41
50.0
 42
50.0
 43
50.0
  0
INSERT
  5
2B9
330
2B3
100
AcDbEntity
  8
DIM
 62
     8
440
 16777216
370
    -2
100
AcDbBlockReference
  2
DIMBLK3
 10
2148.067141595353
 20
-1301.434465362009
 30
0.0
 41
50.0
 42
50.0
 43
50.0
 50
180.0
  0
POINT
  5
2BA
330
2B3
100
AcDbEntity
  8
DEFPOINTS
 62
     0
440
 16777216
100
AcDbPoint
 10
4667.25577787595
 20
-2031.864982062036
 30
0.0
  0
POINT
  5
2BB
330
2B3
100
AcDbEntity
  8
DEFPOINTS
 62
     0
440
 16777216
100
AcDbPoint
 10
2148.067141595353
 20
-3694.997782914451
 30
0.0
  0
POINT
  5
2BC
330
2B3
100
AcDbEntity
  8
DEFPOINTS
 62
     0
440
 16777216
100
AcDbPoint
 10
2148.067141595353
 20
-1301.434465362009
 30
0.0
  0
ENDBLK
  5
2BD
330
2B3
100
AcDbEntity
  8
0
100
AcDbBlockEnd
  0
BLOCK
  5
2BF
330
2BE
100
AcDbEntity
  8
0
100
AcDbBlockBegin
  2
*D8
 70
     1
 10
0.0
 20
0.0
 30
0.0
  3
*D8
  1

  0
LINE
  5
2C0
330
2BE
100
AcDbEntity
  8
DIM
 62
     8
440
 16777216
370
    -2
100
AcDbLine
 10
5945.50918210583
 20
-1201.434465362009
 30
0.0
 11
5945.50918210583
 21
-138.3963194869161
 31
0.0
  0
LINE
  5
2C1
330
2BE
100
AcDbEntity
  8
DIM
 62
     8
440
 16777216
370
    -2
100
AcDbLine
 10
15486.75780649954
 20
-1201.434465362009
 30
0.0
 11
15486.75780649954
 21
-138.3963194869161
 31
0.0
  0
LINE
  5
2C2
330
2BE
100
AcDbEntity
  8
DIM
 62
     8
440
 16777216
370
    -2
100
AcDbLine
 10
5995.50918210583
 20
-388.396319486916
 30
0.0
 11
15436.75780649954
 21
-388.396319486916
 31
0.0
  0
INSERT
  5
2C3
330
2BE
100
AcDbEntity
  8
DIM
 62
     8
440
 16777216
370
    -2
100
AcDbBlockReference
  2
DIMBLK3
 10
5945.50918210583
 20
-388.396319486916
 30
0.0
 41
50.0
 42
50.0
 43
50.0
 50
180.0
  0
INSERT
  5
2C4
330
2BE
100
AcDbEntity
  8
DIM
 62
     8
440
 16777216
370
    -2
100
AcDbBlockReference
  2
DIMBLK3
 10
15486.75780649954
 20
-388.396319486916
 30
0.0
 41
50.0
 42
50.0
 43
50.0
  0
MTEXT
  5
2C5
330
2BE
100
AcDbEntity
  8
DIM
 62
     3
440
 16777216
100
AcDbMText
 10
10716.13349430268
 20
-163.396319486916
 30
0.0
 40
250.0
 41
0.0
 46
0.0
 71
     5
 72
     1
  1
\A1;  
  7
100cl
 73
     1
 44
1.0
  0
POINT
  5
2C6
330
2BE
100
AcDbEntity
  8
DEFPOINTS
 62
     0
440
 16777216
100
AcDbPoint
 10
5945.50918210583
 20
-1301.434465362009
 30
0.0
  0
POINT
  5
2C7
330
2BE
100
AcDbEntity
  8
DEFPOINTS
 62
     0
440
 16777216
100
AcDbPoint
 10
15486.75780649954
 20
-1301.434465362009
 30
0.0
  0
POINT
  5
2C8
330
2BE
100
AcDbEntity
  8
DEFPOINTS
 62
     0
440
 16777216
100
AcDbPoint
 10
15486.75780649954
 20
-388.396319486916
 30
0.0
  0
ENDBLK
  5
2C9
330
2BE
100
AcDbEntity
  8
0
100
AcDbBlockEnd
  0
BLOCK
  5
2CB
330
2CA
100
AcDbEntity
  8
0
100
AcDbBlockBegin
  2
*D9
 70
     1
 10
0.0
 20
0.0
 30
0.0
  3
*D9
  1

  0
LINE
  5
2CC
330
2CA
100
AcDbEntity
  8
DIM
 62
     8
440
 16777216
370
    -2
100
AcDbLine
 10
7406.370215504954
 20
-6958.232436072563
 30
0.0
 11
7406.370215504954
 21
-7458.791269173396
 31
0.0
  0
LINE
  5
2CD
330
2CA
100
AcDbEntity
  8
DIM
 62
     8
440
 16777216
370
    -2
100
AcDbLine
 10
14117.20058768248
 20
-6974.313396427331
 30
0.0
 11
14117.20058768248
 21
-7458.791269173396
 31
0.0
  0
LINE
  5
2CE
330
2CA
100
AcDbEntity
  8
DIM
 62
     8
440
 16777216
370
    -2
100
AcDbLine
 10
7456.370215504954
 20
-7208.791269173396
 30
0.0
 11
14067.20058768248
 21
-7208.791269173396
 31
0.0
  0
INSERT
  5
2CF
330
2CA
100
AcDbEntity
  8
DIM
 62
     8
440
 16777216
370
    -2
100
AcDbBlockReference
  2
DIMBLK3
 10
7406.370215504954
 20
-7208.791269173396
 30
0.0
 41
50.0
 42
50.0
 43
50.0
 50
180.0
  0
INSERT
  5
2D0
330
2CA
100
AcDbEntity
  8
DIM
 62
     8
440
 16777216
370
    -2
100
AcDbBlockReference
  2
DIMBLK3
 10
14117.20058768248
 20
-7208.791269173396
 30
0.0
 41
50.0
 42
50.0
 43
50.0
  0
POINT
  5
2D1
330
2CA
100
AcDbEntity
  8
DEFPOINTS
 62
     0
440
 16777216
100
AcDbPoint
 10
7406.370215504954
 20
-6858.232436072563
 30
0.0
  0
POINT
  5
2D2
330
2CA
100
AcDbEntity
  8
DEFPOINTS
 62
     0
440
 16777216
100
AcDbPoint
 10
14117.20058768248
 20
-6874.313396427331
 30
0.0
  0
POINT
  5
2D3
330
2CA
100
AcDbEntity
  8
DEFPOINTS
 62
     0
440
 16777216
100
AcDbPoint
 10
14117.20058768248
 20
-7208.791269173396
 30
0.0
  0
ENDBLK
  5
2D4
330
2CA
100
AcDbEntity
  8
0
100
AcDbBlockEnd
  0
BLOCK
  5
2D6
330
2D5
100
AcDbEntity
  8
0
100
AcDbBlockBegin
  2
*D10
 70
     1
 10
0.0
 20
0.0
 30
0.0
  3
*D10
  1

  0
LINE
  5
2D7
330
2D5
100
AcDbEntity
  8
DIM
 62
     8
440
 16777216
370
    -2
100
AcDbLine
 10
9219.164023491611
 20
-4946.098692824615
 30
0.0
 11
9219.164023491611
 21
-6545.753123298304
 31
0.0
  0
LINE
  5
2D8
330
2D5
100
AcDbEntity
  8
DIM
 62
     8
440
 16777216
370
    -2
100
AcDbLine
 10
7406.370215504954
 20
-5236.194678036978
 30
0.0
 11
7406.370215504954
 21
-6545.753123298304
 31
0.0
  0
LINE
  5
2D9
330
2D5
100
AcDbEntity
  8
DIM
 62
     8
440
 16777216
370
    -2
100
AcDbLine
 10
9169.16402349161
 20
-6295.753123298304
 30
0.0
 11
7456.370215504954
 21
-6295.753123298304
 31
0.0
  0
INSERT
  5
2DA
330
2D5
100
AcDbEntity
  8
DIM
 62
     8
440
 16777216
370
    -2
100
AcDbBlockReference
  2
DIMBLK3
 10
9219.164023491611
 20
-6295.753123298304
 30
0.0
 41
50.0
 42
50.0
 43
50.0
  0
INSERT
  5
2DB
330
2D5
100
AcDbEntity
  8
DIM
 62
     8
440
 16777216
370
    -2
100
AcDbBlockReference
  2
DIMBLK3
 10
7406.370215504954
 20
-6295.753123298304
 30
0.0
 41
50.0
 42
50.0
 43
50.0
 50
180.0
  0
POINT
  5
2DC
330
2D5
100
AcDbEntity
  8
DEFPOINTS
 62
     0
440
 16777216
100
AcDbPoint
 10
9219.164023491611
 20
-4846.098692824615
 30
0.0
  0
POINT
  5
2DD
330
2D5
100
AcDbEntity
  8
DEFPOINTS
 62
     0
440
 16777216
100
AcDbPoint
 10
7406.370215504954
 20
-5136.194678036979
 30
0.0
  0
POINT
  5
2DE
330
2D5
100
AcDbEntity
  8
DEFPOINTS
 62
     0
440
 16777216
100
AcDbPoint
 10
7406.370215504954
 20
-6295.753123298304
 30
0.0
  0
ENDBLK
  5
2DF
330
2D5
100
AcDbEntity
  8
0
100
AcDbBlockEnd
  0
BLOCK
  5
2E1
330
2E0
100
AcDbEntity
  8
0
100
AcDbBlockBegin
  2
*D11
 70
     1
 10
0.0
 20
0.0
 30
0.0
  3
*D11
  1

  0
LINE
  5
2E2
330
2E0
100
AcDbEntity
  8
DIM
 62
     8
440
 16777216
370
    -2
100
AcDbLine
 10
12275.97576297825
 20
-4946.098692824615
 30
0.0
 11
12275.97576297825
 21
-6545.753123298304
 31
0.0
  0
LINE
  5
2E3
330
2E0
100
AcDbEntity
  8
DIM
 62
     8
440
 16777216
370
    -2
100
AcDbLine
 10
14117.20058768248
 20
-6195.753123298303
 30
0.0
 11
14117.20058768248
 21
-6045.753123298304
 31
0.0
  0
LINE
  5
2E4
330
2E0
100
AcDbEntity
  8
DIM
 62
     8
440
 16777216
370
    -2
100
AcDbLine
 10
12325.97576297825
 20
-6295.753123298304
 30
0.0
 11
14067.20058768248
 21
-6295.753123298304
 31
0.0
  0
INSERT
  5
2E5
330
2E0
100
AcDbEntity
  8
DIM
 62
     8
440
 16777216
370
    -2
100
AcDbBlockReference
  2
DIMBLK3
 10
12275.97576297825
 20
-6295.753123298304
 30
0.0
 41
50.0
 42
50.0
 43
50.0
 50
180.0
  0
INSERT
  5
2E6
330
2E0
100
AcDbEntity
  8
DIM
 62
     8
440
 16777216
370
    -2
100
AcDbBlockReference
  2
DIMBLK3
 10
14117.20058768248
 20
-6295.753123298304
 30
0.0
 41
50.0
 42
50.0
 43
50.0
  0
POINT
  5
2E7
330
2E0
100
AcDbEntity
  8
DEFPOINTS
 62
     0
440
 16777216
100
AcDbPoint
 10
12275.97576297825
 20
-4846.098692824615
 30
0.0
  0
POINT
  5
2E8
330
2E0
100
AcDbEntity
  8
DEFPOINTS
 62
     0
440
 16777216
100
AcDbPoint
 10
14117.20058768248
 20
-6295.753123298304
 30
0.0
  0
POINT
  5
2E9
330
2E0
100
AcDbEntity
  8
DEFPOINTS
 62
     0
440
 16777216
100
AcDbPoint
 10
14117.20058768248
 20
-6295.753123298304
 30
0.0
  0
ENDBLK
  5
2EA
330
2E0
100
AcDbEntity
  8
0
100
AcDbBlockEnd
  0
BLOCK
  5
2EC
330
2EB
100
AcDbEntity
  8
0
100
AcDbBlockBegin
  2
*D12
 70
     1
 10
0.0
 20
0.0
 30
0.0
  3
*D12
  1

  0
LINE
  5
2ED
330
2EB
100
AcDbEntity
  8
DIM
 62
     8
440
 16777216
370
    -2
100
AcDbLine
 10
5945.50918210583
 20
-6879.663340612099
 30
0.0
 11
5945.50918210583
 21
-9768.777778237144
 31
0.0
  0
LINE
  5
2EE
330
2EB
100
AcDbEntity
  8
DIM
 62
     8
440
 16777216
370
    -2
100
AcDbLine
 10
15486.75780649954
 20
-6879.663340612099
 30
0.0
 11
15486.75780649954
 21
-9768.777778237144
 31
0.0
  0
LINE
  5
2EF
330
2EB
100
AcDbEntity
  8
DIM
 62
     8
440
 16777216
370
    -2
100
AcDbLine
 10
5995.50918210583
 20
-9518.777778237142
 30
0.0
 11
15436.75780649954
 21
-9518.777778237142
 31
0.0
  0
INSERT
  5
2F0
330
2EB
100
AcDbEntity
  8
DIM
 62
     8
440
 16777216
370
    -2
100
AcDbBlockReference
  2
DIMBLK3
 10
5945.50918210583
 20
-9518.777778237142
 30
0.0
 41
50.0
 42
50.0
 43
50.0
 50
180.0
  0
INSERT
  5
2F1
330
2EB
100
AcDbEntity
  8
DIM
 62
     8
440
 16777216
370
    -2
100
AcDbBlockReference
  2
DIMBLK3
 10
15486.75780649954
 20
-9518.777778237142
 30
0.0
 41
50.0
 42
50.0
 43
50.0
  0
POINT
  5
2F2
330
2EB
100
AcDbEntity
  8
DEFPOINTS
 62
     0
440
 16777216
100
AcDbPoint
 10
5945.50918210583
 20
-6779.663340612099
 30
0.0
  0
POINT
  5
2F3
330
2EB
100
AcDbEntity
  8
DEFPOINTS
 62
     0
440
 16777216
100
AcDbPoint
 10
15486.75780649954
 20
-6779.663340612099
 30
0.0
  0
POINT
  5
2F4
330
2EB
100
AcDbEntity
  8
DEFPOINTS
 62
     0
440
 16777216
100
AcDbPoint
 10
15486.75780649954
 20
-9518.777778237142
 30
0.0
  0
ENDBLK
  5
2F5
330
2EB
100
AcDbEntity
  8
0
100
AcDbBlockEnd
  0
BLOCK
  5
2F7
330
2F6
100
AcDbEntity
  8
0
100
AcDbBlockBegin
  2
*D13
 70
     1
 10
0.0
 20
0.0
 30
0.0
  3
*D13
  1

  0
LINE
  5
2F8
330
2F6
100
AcDbEntity
  8
DIM
 62
     8
440
 16777216
370
    -2
100
AcDbLine
 10
1467.085781524015
 20
-4946.098692824615
 30
0.0
 11
1467.085781524015
 21
-6545.753123298304
 31
0.0
  0
LINE
  5
2F9
330
2F6
100
AcDbEntity
  8
DIM
 62
     8
440
 16777216
370
    -2
100
AcDbLine
 10
3297.698559064475
 20
-5236.194678036978
 30
0.0
 11
3297.698559064475
 21
-6545.753123298304
 31
0.0
  0
LINE
  5
2FA
330
2F6
100
AcDbEntity
  8
DIM
 62
     8
440
 16777216
370
    -2
100
AcDbLine
 10
1517.085781524015
 20
-6295.753123298304
 30
0.0
 11
3247.698559064475
 21
-6295.753123298304
 31
0.0
  0
INSERT
  5
2FB
330
2F6
100
AcDbEntity
  8
DIM
 62
     8
440
 16777216
370
    -2
100
AcDbBlockReference
  2
DIMBLK3
 10
1467.085781524015
 20
-6295.753123298304
 30
0.0
 41
50.0
 42
50.0
 43
50.0
 50
180.0
  0
INSERT
  5
2FC
330
2F6
100
AcDbEntity
  8
DIM
 62
     8
440
 16777216
370
    -2
100
AcDbBlockReference
  2
DIMBLK3
 10
3297.698559064475
 20
-6295.753123298304
 30
0.0
 41
50.0
 42
50.0
 43
50.0
  0
POINT
  5
2FD
330
2F6
100
AcDbEntity
  8
DEFPOINTS
 62
     0
440
 16777216
100
AcDbPoint
 10
1467.085781524015
 20
-4846.098692824615
 30
0.0
  0
POINT
  5
2FE
330
2F6
100
AcDbEntity
  8
DEFPOINTS
 62
     0
440
 16777216
100
AcDbPoint
 10
3297.698559064475
 20
-5136.194678036979
 30
0.0
  0
POINT
  5
2FF
330
2F6
100
AcDbEntity
  8
DEFPOINTS
 62
     0
440
 16777216
100
AcDbPoint
 10
3297.698559064475
 20
-6295.753123298304
 30
0.0
  0
ENDBLK
  5
300
330
2F6
100
AcDbEntity
  8
0
100
AcDbBlockEnd
  0
BLOCK
  5
302
330
301
100
AcDbEntity
  8
0
100
AcDbBlockBegin
  2
*D14
 70
     1
 10
0.0
 20
0.0
 30
0.0
  3
*D14
  1

  0
LINE
  5
303
330
301
100
AcDbEntity
  8
DIM
 62
     8
440
 16777216
370
    -2
100
AcDbLine
 10
25164.96215277451
 20
-6958.232436072563
 30
0.0
 11
25164.96215277451
 21
-7458.791269173396
 31
0.0
  0
LINE
  5
304
330
301
100
AcDbEntity
  8
DIM
 62
     8
440
 16777216
370
    -2
100
AcDbLine
 10
18225.87224412296
 20
-6974.313396427331
 30
0.0
 11
18225.87224412296
 21
-7458.791269173396
 31
0.0
  0
LINE
  5
305
330
301
100
AcDbEntity
  8
DIM
 62
     8
440
 16777216
370
    -2
100
AcDbLine
 10
25114.96215277451
 20
-7208.791269173396
 30
0.0
 11
18275.87224412296
 21
-7208.791269173396
 31
0.0
  0
INSERT
  5
306
330
301
100
AcDbEntity
  8
DIM
 62
     8
440
 16777216
370
    -2
100
AcDbBlockReference
  2
DIMBLK3
 10
25164.96215277451
 20
-7208.791269173396
 30
0.0
 41
50.0
 42
50.0
 43
50.0
  0
INSERT
  5
307
330
301
100
AcDbEntity
  8
DIM
 62
     8
440
 16777216
370
    -2
100
AcDbBlockReference
  2
DIMBLK3
 10
18225.87224412296
 20
-7208.791269173396
 30
0.0
 41
50.0
 42
50.0
 43
50.0
 50
180.0
  0
POINT
  5
308
330
301
100
AcDbEntity
  8
DEFPOINTS
 62
     0
440
 16777216
100
AcDbPoint
 10
25164.96215277451
 20
-6858.232436072563
 30
0.0
  0
POINT
  5
309
330
301
100
AcDbEntity
  8
DEFPOINTS
 62
     0
440
 16777216
100
AcDbPoint
 10
18225.87224412296
 20
-6874.313396427331
 30
0.0
  0
POINT
  5
30A
330
301
100
AcDbEntity
  8
DEFPOINTS
 62
     0
440
 16777216
100
AcDbPoint
 10
18225.87224412296
 20
-7208.791269173396
 30
0.0
  0
ENDBLK
  5
30B
330
301
100
AcDbEntity
  8
0
100
AcDbBlockEnd
  0
BLOCK
  5
30D
330
30C
100
AcDbEntity
  8
0
100
AcDbBlockBegin
  2
*D15
 70
     1
 10
0.0
 20
0.0
 30
0.0
  3
*D15
  1

  0
LINE
  5
30E
330
30C
100
AcDbEntity
  8
DIM
 62
     8
440
 16777216
370
    -2
100
AcDbLine
 10
23352.16834478785
 20
-4946.098692824615
 30
0.0
 11
23352.16834478785
 21
-6545.753123298304
 31
0.0
  0
LINE
  5
30F
330
30C
100
AcDbEntity
  8
DIM
 62
     8
440
 16777216
370
    -2
100
AcDbLine
 10
25164.96215277451
 20
-5236.194678036978
 30
0.0
 11
25164.96215277451
 21
-6545.753123298304
 31
0.0
  0
LINE
  5
310
330
30C
100
AcDbEntity
  8
DIM
 62
     8
440
 16777216
370
    -2
100
AcDbLine
 10
23402.16834478785
 20
-6295.753123298304
 30
0.0
 11
25114.96215277451
 21
-6295.753123298304
 31
0.0
  0
INSERT
  5
311
330
30C
100
AcDbEntity
  8
DIM
 62
     8
440
 16777216
370
    -2
100
AcDbBlockReference
  2
DIMBLK3
 10
23352.16834478785
 20
-6295.753123298304
 30
0.0
 41
50.0
 42
50.0
 43
50.0
 50
180.0
  0
INSERT
  5
312
330
30C
100
AcDbEntity
  8
DIM
 62
     8
440
 16777216
370
    -2
100
AcDbBlockReference
  2
DIMBLK3
 10
25164.96215277451
 20
-6295.753123298304
 30
0.0
 41
50.0
 42
50.0
 43
50.0
  0
POINT
  5
313
330
30C
100
AcDbEntity
  8
DEFPOINTS
 62
     0
440
 16777216
100
AcDbPoint
 10
23352.16834478785
 20
-4846.098692824615
 30
0.0
  0
POINT
  5
314
330
30C
100
AcDbEntity
  8
DEFPOINTS
 62
     0
440
 16777216
100
AcDbPoint
 10
25164.96215277451
 20
-5136.194678036979
 30
0.0
  0
POINT
  5
315
330
30C
100
AcDbEntity
  8
DEFPOINTS
 62
     0
440
 16777216
100
AcDbPoint
 10
25164.96215277451
 20
-6295.753123298304
 30
0.0
  0
ENDBLK
  5
316
330
30C
100
AcDbEntity
  8
0
100
AcDbBlockEnd
  0
BLOCK
  5
318
330
317
100
AcDbEntity
  8
0
100
AcDbBlockBegin
  2
*D16
 70
     1
 10
0.0
 20
0.0
 30
0.0
  3
*D16
  1

  0
LINE
  5
319
330
317
100
AcDbEntity
  8
DIM
 62
     8
440
 16777216
370
    -2
100
AcDbLine
 10
20067.09706882719
 20
-4946.098692824615
 30
0.0
 11
20067.09706882719
 21
-6545.753123298304
 31
0.0
  0
LINE
  5
31A
330
317
100
AcDbEntity
  8
DIM
 62
     8
440
 16777216
370
    -2
100
AcDbLine
 10
18225.87224412296
 20
-5236.194678036978
 30
0.0
 11
18225.87224412296
 21
-6545.753123298304
 31
0.0
  0
LINE
  5
31B
330
317
100
AcDbEntity
  8
DIM
 62
     8
440
 16777216
370
    -2
100
AcDbLine
 10
20017.09706882719
 20
-6295.753123298304
 30
0.0
 11
18275.87224412296
 21
-6295.753123298304
 31
0.0
  0
INSERT
  5
31C
330
317
100
AcDbEntity
  8
DIM
 62
     8
440
 16777216
370
    -2
100
AcDbBlockReference
  2
DIMBLK3
 10
20067.09706882719
 20
-6295.753123298304
 30
0.0
 41
50.0
 42
50.0
 43
50.0
  0
INSERT
  5
31D
330
317
100
AcDbEntity
  8
DIM
 62
     8
440
 16777216
370
    -2
100
AcDbBlockReference
  2
DIMBLK3
 10
18225.87224412296
 20
-6295.753123298304
 30
0.0
 41
50.0
 42
50.0
 43
50.0
 50
180.0
  0
POINT
  5
31E
330
317
100
AcDbEntity
  8
DEFPOINTS
 62
     0
440
 16777216
100
AcDbPoint
 10
20067.09706882719
 20
-4846.098692824615
 30
0.0
  0
POINT
  5
31F
330
317
100
AcDbEntity
  8
DEFPOINTS
 62
     0
440
 16777216
100
AcDbPoint
 10
18225.87224412296
 20
-5136.194678036979
 30
0.0
  0
POINT
  5
320
330
317
100
AcDbEntity
  8
DEFPOINTS
 62
     0
440
 16777216
100
AcDbPoint
 10
18225.87224412296
 20
-6295.753123298304
 30
0.0
  0
ENDBLK
  5
321
330
317
100
AcDbEntity
  8
0
100
AcDbBlockEnd
  0
BLOCK
  5
323
330
322
100
AcDbEntity
  8
0
100
AcDbBlockBegin
  2
*D17
 70
     1
 10
0.0
 20
0.0
 30
0.0
  3
*D17
  1

  0
LINE
  5
324
330
322
100
AcDbEntity
  8
DIM
 62
     8
440
 16777216
370
    -2
100
AcDbLine
 10
26397.56364970008
 20
-6879.663340612099
 30
0.0
 11
26397.56364970008
 21
-9768.777778237144
 31
0.0
  0
LINE
  5
325
330
322
100
AcDbEntity
  8
DIM
 62
     8
440
 16777216
370
    -2
100
AcDbLine
 10
16765.01121072384
 20
-6879.663340612099
 30
0.0
 11
16765.01121072384
 21
-9768.777778237144
 31
0.0
  0
LINE
  5
326
330
322
100
AcDbEntity
  8
DIM
 62
     8
440
 16777216
370
    -2
100
AcDbLine
 10
26347.56364970008
 20
-9518.777778237142
 30
0.0
 11
16815.01121072384
 21
-9518.777778237142
 31
0.0
  0
INSERT
  5
327
330
322
100
AcDbEntity
  8
DIM
 62
     8
440
 16777216
370
    -2
100
AcDbBlockReference
  2
DIMBLK3
 10
26397.56364970008
 20
-9518.777778237142
 30
0.0
 41
50.0
 42
50.0
 43
50.0
  0
INSERT
  5
328
330
322
100
AcDbEntity
  8
DIM
 62
     8
440
 16777216
370
    -2
100
AcDbBlockReference
  2
DIMBLK3
 10
16765.01121072384
 20
-9518.777778237142
 30
0.0
 41
50.0
 42
50.0
 43
50.0
 50
180.0
  0
POINT
  5
329
330
322
100
AcDbEntity
  8
DEFPOINTS
 62
     0
440
 16777216
100
AcDbPoint
 10
26397.56364970008
 20
-6779.663340612099
 30
0.0
  0
POINT
  5
32A
330
322
100
AcDbEntity
  8
DEFPOINTS
 62
     0
440
 16777216
100
AcDbPoint
 10
16765.01121072384
 20
-6779.663340612099
 30
0.0
  0
POINT
  5
32B
330
322
100
AcDbEntity
  8
DEFPOINTS
 62
     0
440
 16777216
100
AcDbPoint
 10
16765.01121072384
 20
-9518.777778237142
 30
0.0
  0
ENDBLK
  5
32C
330
322
100
AcDbEntity
  8
0
100
AcDbBlockEnd
  0
BLOCK
  5
32E
330
32D
100
AcDbEntity
  8
0
100
AcDbBlockBegin
  2
*D18
 70
     1
 10
0.0
 20
0.0
 30
0.0
  3
*D18
  1

  0
LINE
  5
32F
330
32D
100
AcDbEntity
  8
DIM
 62
     8
440
 16777216
370
    -2
100
AcDbLine
 10
26351.91174241161
 20
-1931.864982062036
 30
0.0
 11
26351.91174241161
 21
-1051.434465362008
 31
0.0
  0
LINE
  5
330
330
32D
100
AcDbEntity
  8
DIM
 62
     8
440
 16777216
370
    -2
100
AcDbLine
 10
23841.0568412515
 20
-3594.997782914451
 30
0.0
 11
23841.0568412515
 21
-1051.434465362008
 31
0.0
  0
LINE
  5
331
330
32D
100
AcDbEntity
  8
DIM
 62
     8
440
 16777216
370
    -2
100
AcDbLine
 10
26301.91174241161
 20
-1301.434465362009
 30
0.0
 11
23891.0568412515
 21
-1301.434465362009
 31
0.0
  0
INSERT
  5
332
330
32D
100
AcDbEntity
  8
DIM
 62
     8
440
 16777216
370
    -2
100
AcDbBlockReference
  2
DIMBLK3
 10
26351.91174241161
 20
-1301.434465362009
 30
0.0
 41
50.0
 42
50.0
 43
50.0
  0
INSERT
  5
333
330
32D
100
AcDbEntity
  8
DIM
 62
     8
440
 16777216
370
    -2
100
AcDbBlockReference
  2
DIMBLK3
 10
23841.0568412515
 20
-1301.434465362009
 30
0.0
 41
50.0
 42
50.0
 43
50.0
 50
180.0
  0
POINT
  5
334
330
32D
100
AcDbEntity
  8
DEFPOINTS
 62
     0
440
 16777216
100
AcDbPoint
 10
26351.91174241161
 20
-2031.864982062036
 30
0.0
  0
POINT
  5
335
330
32D
100
AcDbEntity
  8
DEFPOINTS
 62
     0
440
 16777216
100
AcDbPoint
 10
23841.0568412515
 20
-3694.997782914451
 30
0.0
  0
POINT
  5
336
330
32D
100
AcDbEntity
  8
DEFPOINTS
 62
     0
440
 16777216
100
AcDbPoint
 10
23841.0568412515
 20
-1301.434465362009
 30
0.0
  0
ENDBLK
  5
337
330
32D
100
AcDbEntity
  8
0
100
AcDbBlockEnd
  0
BLOCK
  5
339
330
338
100
AcDbEntity
  8
0
100
AcDbBlockBegin
  2
*D19
 70
     1
 10
0.0
 20
0.0
 30
0.0
  3
*D19
  1

  0
LINE
  5
33A
330
338
100
AcDbEntity
  8
DIM
 62
     8
440
 16777216
370
    -2
100
AcDbLine
 10
26351.91174241161
 20
-1201.434465362009
 30
0.0
 11
26351.91174241161
 21
-138.3963194869161
 31
0.0
  0
LINE
  5
33B
330
338
100
AcDbEntity
  8
DIM
 62
     8
440
 16777216
370
    -2
100
AcDbLine
 10
16765.01121072384
 20
-1201.434465362009
 30
0.0
 11
16765.01121072384
 21
-138.3963194869161
 31
0.0
  0
LINE
  5
33C
330
338
100
AcDbEntity
  8
DIM
 62
     8
440
 16777216
370
    -2
100
AcDbLine
 10
26301.91174241161
 20
-388.396319486916
 30
0.0
 11
16815.01121072384
 21
-388.396319486916
 31
0.0
  0
INSERT
  5
33D
330
338
100
AcDbEntity
  8
DIM
 62
     8
440
 16777216
370
    -2
100
AcDbBlockReference
  2
DIMBLK3
 10
26351.91174241161
 20
-388.396319486916
 30
0.0
 41
50.0
 42
50.0
 43
50.0
  0
INSERT
  5
33E
330
338
100
AcDbEntity
  8
DIM
 62
     8
440
 16777216
370
    -2
100
AcDbBlockReference
  2
DIMBLK3
 10
16765.01121072384
 20
-388.396319486916
 30
0.0
 41
50.0
 42
50.0
 43
50.0
 50
180.0
  0
MTEXT
  5
33F
330
338
100
AcDbEntity
  8
DIM
 62
     3
440
 16777216
100
AcDbMText
 10
21558.46147656772
 20
-163.396319486916
 30
0.0
 40
250.0
 41
0.0
 46
0.0
 71
     5
 72
     1
  1
\A1;  
  7
100cl
 73
     1
 44
1.0
  0
POINT
  5
340
330
338
100
AcDbEntity
  8
DEFPOINTS
 62
     0
440
 16777216
100
AcDbPoint
 10
26351.91174241161
 20
-1301.434465362009
 30
0.0
  0
POINT
  5
341
330
338
100
AcDbEntity
  8
DEFPOINTS
 62
     0
440
 16777216
100
AcDbPoint
 10
16765.01121072384
 20
-1301.434465362009
 30
0.0
  0
POINT
  5
342
330
338
100
AcDbEntity
  8
DEFPOINTS
 62
     0
440
 16777216
100
AcDbPoint
 10
16765.01121072384
 20
-388.396319486916
 30
0.0
  0
ENDBLK
  5
343
330
338
100
AcDbEntity
  8
0
100
AcDbBlockEnd
  0
BLOCK
  5
345
330
344
100
AcDbEntity
  8
0
100
AcDbBlockBegin
  2
*D20
 70
     1
 10
0.0
 20
0.0
 30
0.0
  3
*D20
  1

  0
LINE
  5
346
330
344
100
AcDbEntity
  8
DIM
 62
     8
440
 16777216
370
    -2
100
AcDbLine
 10
29223.809538059
 20
-3301.422200874443
 30
0.0
 11
29223.809538059
 21
-1074.253851955307
 31
0.0
  0
LINE
  5
347
330
344
100
AcDbEntity
  8
DIM
 62
     8
440
 16777216
370
    -2
100
AcDbLine
 10
30502.06294228329
 20
-3301.422200874443
 30
0.0
 11
30502.06294228329
 21
-1074.253851955307
 31
0.0
  0
LINE
  5
348
330
344
100
AcDbEntity
  8
DIM
 62
     8
440
 16777216
370
    -2
100
AcDbLine
 10
29273.80953805899
 20
-1324.253851955307
 30
0.0
 11
30452.06294228329
 21
-1324.253851955307
 31
0.0
  0
INSERT
  5
349
330
344
100
AcDbEntity
  8
DIM
 62
     8
440
 16777216
370
    -2
100
AcDbBlockReference
  2
DIMBLK3
 10
29223.809538059
 20
-1324.253851955307
 30
0.0
 41
50.0
 42
50.0
 43
50.0
 50
180.0
  0
INSERT
  5
34A
330
344
100
AcDbEntity
  8
DIM
 62
     8
440
 16777216
370
    -2
100
AcDbBlockReference
  2
DIMBLK3
 10
30502.06294228329
 20
-1324.253851955307
 30
0.0
 41
50.0
 42
50.0
 43
50.0
  0
POINT
  5
34B
330
344
100
AcDbEntity
  8
DEFPOINTS
 62
     0
440
 16777216
100
AcDbPoint
 10
29223.809538059
 20
-3401.422200874443
 30
0.0
  0
POINT
  5
34C
330
344
100
AcDbEntity
  8
DEFPOINTS
 62
     0
440
 16777216
100
AcDbPoint
 10
30502.06294228329
 20
-3401.422200874443
 30
0.0
  0
POINT
  5
34D
330
344
100
AcDbEntity
  8
DEFPOINTS
 62
     0
440
 16777216
100
AcDbPoint
 10
30502.06294228329
 20
-1324.253851955307
 30
0.0
  0
ENDBLK
  5
34E
330
344
100
AcDbEntity
  8
0
100
AcDbBlockEnd
  0
BLOCK
  5
350
330
34F
100
AcDbEntity
  8
0
100
AcDbBlockBegin
  2
*D21
 70
     1
 10
0.0
 20
0.0
 30
0.0
  3
*D21
  1

  0
LINE
  5
351
330
34F
100
AcDbEntity
  8
TG
 62
     8
440
 16777216
370
    -2
100
AcDbLine
 10
29123.809538059
 20
-5136.194678036979
 30
0.0
 11
28133.96419251856
 21
-5136.194678036979
 31
0.0
  0
LINE
  5
352
330
34F
100
AcDbEntity
  8
TG
 62
     8
440
 16777216
370
    -2
100
AcDbLine
 10
29123.809538059
 20
-3401.422200874443
 30
0.0
 11
28133.96419251856
 21
-3401.422200874443
 31
0.0
  0
LINE
  5
353
330
34F
100
AcDbEntity
  8
TG
 62
     8
440
 16777216
370
    -2
100
AcDbLine
 10
28383.96419251856
 20
-5086.194678036978
 30
0.0
 11
28383.96419251856
 21
-3451.422200874443
 31
0.0
  0
INSERT
  5
354
330
34F
100
AcDbEntity
  8
TG
 62
     8
440
 16777216
370
    -2
100
AcDbBlockReference
  2
DIMBLK3
 10
28383.96419251856
 20
-5136.194678036979
 30
0.0
 41
50.0
 42
50.0
 43
50.0
 50
270.0
  0
INSERT
  5
355
330
34F
100
AcDbEntity
  8
TG
 62
     8
440
 16777216
370
    -2
100
AcDbBlockReference
  2
DIMBLK3
 10
28383.96419251856
 20
-3401.422200874443
 30
0.0
 41
50.0
 42
50.0
 43
50.0
 50
90.0
  0
POINT
  5
356
330
34F
100
AcDbEntity
  8
DEFPOINTS
 62
     0
440
 16777216
100
AcDbPoint
 10
29223.809538059
 20
-5136.194678036979
 30
0.0
  0
POINT
  5
357
330
34F
100
AcDbEntity
  8
DEFPOINTS
 62
     0
440
 16777216
100
AcDbPoint
 10
29223.809538059
 20
-3401.422200874443
 30
0.0
  0
POINT
  5
358
330
34F
100
AcDbEntity
  8
DEFPOINTS
 62
     0
440
 16777216
100
AcDbPoint
 10
28383.96419251856
 20
-3401.422200874443
 30
0.0
  0
ENDBLK
  5
359
330
34F
100
AcDbEntity
  8
0
100
AcDbBlockEnd
  0
BLOCK
  5
6BF
330
6BE
100
AcDbEntity
  8
0
100
AcDbBlockBegin
  2
*D23
 70
     1
 10
0.0
 20
0.0
 30
0.0
  3
*D23
  1

  0
LINE
  5
786
330
6BE
100
AcDbEntity
  8
DIM
 62
     8
440
 16777216
370
    -2
100
AcDbLine
 10
16059.45356899552
 20
52007.4085766041
 30
0.0
 11
16059.45356899552
 21
52887.83909330414
 31
0.0
  0
LINE
  5
787
330
6BE
100
AcDbEntity
  8
DIM
 62
     8
440
 16777216
370
    -2
100
AcDbLine
 10
13540.26493271492
 20
50344.27577575169
 30
0.0
 11
13540.26493271492
 21
52887.83909330414
 31
0.0
  0
LINE
  5
788
330
6BE
100
AcDbEntity
  8
DIM
 62
     8
440
 16777216
370
    -2
100
AcDbLine
 10
16009.45356899552
 20
52637.83909330413
 30
0.0
 11
13590.26493271492
 21
52637.83909330413
 31
0.0
  0
INSERT
  5
789
330
6BE
100
AcDbEntity
  8
DIM
 62
     8
440
 16777216
370
    -2
100
AcDbBlockReference
  2
DIMBLK3
 10
16059.45356899552
 20
52637.83909330413
 30
0.0
 41
50.0
 42
50.0
 43
50.0
  0
INSERT
  5
78A
330
6BE
100
AcDbEntity
  8
DIM
 62
     8
440
 16777216
370
    -2
100
AcDbBlockReference
  2
DIMBLK3
 10
13540.26493271492
 20
52637.83909330413
 30
0.0
 41
50.0
 42
50.0
 43
50.0
 50
180.0
  0
POINT
  5
78B
330
6BE
100
AcDbEntity
  8
DEFPOINTS
 62
     0
440
 16777216
100
AcDbPoint
 10
16059.45356899552
 20
51907.40857660411
 30
0.0
  0
POINT
  5
78C
330
6BE
100
AcDbEntity
  8
DEFPOINTS
 62
     0
440
 16777216
100
AcDbPoint
 10
13540.26493271492
 20
50244.2757757517
 30
0.0
  0
POINT
  5
78D
330
6BE
100
AcDbEntity
  8
DEFPOINTS
 62
     0
440
 16777216
100
AcDbPoint
 10
13540.26493271492
 20
52637.83909330413
 30
0.0
  0
ENDBLK
  5
6C0
330
6BE
100
AcDbEntity
  8
0
100
AcDbBlockEnd
  0
BLOCK
  5
6CA
330
6C9
100
AcDbEntity
  8
0
100
AcDbBlockBegin
  2
*D24
 70
     1
 10
0.0
 20
0.0
 30
0.0
  3
*D24
  1

  0
LINE
  5
78E
330
6C9
100
AcDbEntity
  8
DIM
 62
     8
440
 16777216
370
    -2
100
AcDbLine
 10
17337.70697321981
 20
52007.4085766041
 30
0.0
 11
17337.70697321981
 21
52887.83909330414
 31
0.0
  0
LINE
  5
78F
330
6C9
100
AcDbEntity
  8
DIM
 62
     8
440
 16777216
370
    -2
100
AcDbLine
 10
19856.89560950087
 20
50344.27577575169
 30
0.0
 11
19856.89560950087
 21
52887.83909330414
 31
0.0
  0
LINE
  5
790
330
6C9
100
AcDbEntity
  8
DIM
 62
     8
440
 16777216
370
    -2
100
AcDbLine
 10
17387.70697321981
 20
52637.83909330413
 30
0.0
 11
19806.89560950087
 21
52637.83909330413
 31
0.0
  0
INSERT
  5
791
330
6C9
100
AcDbEntity
  8
DIM
 62
     8
440
 16777216
370
    -2
100
AcDbBlockReference
  2
DIMBLK3
 10
17337.70697321981
 20
52637.83909330413
 30
0.0
 41
50.0
 42
50.0
 43
50.0
 50
180.0
  0
INSERT
  5
792
330
6C9
100
AcDbEntity
  8
DIM
 62
     8
440
 16777216
370
    -2
100
AcDbBlockReference
  2
DIMBLK3
 10
19856.89560950087
 20
52637.83909330413
 30
0.0
 41
50.0
 42
50.0
 43
50.0
  0
POINT
  5
793
330
6C9
100
AcDbEntity
  8
DEFPOINTS
 62
     0
440
 16777216
100
AcDbPoint
 10
17337.70697321981
 20
51907.40857660411
 30
0.0
  0
POINT
  5
794
330
6C9
100
AcDbEntity
  8
DEFPOINTS
 62
     0
440
 16777216
100
AcDbPoint
 10
19856.89560950087
 20
50244.2757757517
 30
0.0
  0
POINT
  5
795
330
6C9
100
AcDbEntity
  8
DEFPOINTS
 62
     0
440
 16777216
100
AcDbPoint
 10
19856.89560950087
 20
52637.83909330413
 30
0.0
  0
ENDBLK
  5
6CB
330
6C9
100
AcDbEntity
  8
0
100
AcDbBlockEnd
  0
BLOCK
  5
6D5
330
6D4
100
AcDbEntity
  8
0
100
AcDbBlockBegin
  2
*D25
 70
     1
 10
0.0
 20
0.0
 30
0.0
  3
*D25
  1

  0
LINE
  5
796
330
6D4
100
AcDbEntity
  8
DIM
 62
     8
440
 16777216
370
    -2
100
AcDbLine
 10
6518.204944601805
 20
52007.4085766041
 30
0.0
 11
6518.204944601805
 21
52887.83909330414
 31
0.0
  0
LINE
  5
797
330
6D4
100
AcDbEntity
  8
DIM
 62
     8
440
 16777216
370
    -2
100
AcDbLine
 10
9029.059845756796
 20
50344.27577575169
 30
0.0
 11
9029.059845756796
 21
52887.83909330414
 31
0.0
  0
LINE
  5
798
330
6D4
100
AcDbEntity
  8
DIM
 62
     8
440
 16777216
370
    -2
100
AcDbLine
 10
6568.204944601806
 20
52637.83909330413
 30
0.0
 11
8979.059845756795
 21
52637.83909330413
 31
0.0
  0
INSERT
  5
799
330
6D4
100
AcDbEntity
  8
DIM
 62
     8
440
 16777216
370
    -2
100
AcDbBlockReference
  2
DIMBLK3
 10
6518.204944601805
 20
52637.83909330413
 30
0.0
 41
50.0
 42
50.0
 43
50.0
 50
180.0
  0
INSERT
  5
79A
330
6D4
100
AcDbEntity
  8
DIM
 62
     8
440
 16777216
370
    -2
100
AcDbBlockReference
  2
DIMBLK3
 10
9029.059845756796
 20
52637.83909330413
 30
0.0
 41
50.0
 42
50.0
 43
50.0
  0
POINT
  5
79B
330
6D4
100
AcDbEntity
  8
DEFPOINTS
 62
     0
440
 16777216
100
AcDbPoint
 10
6518.204944601805
 20
51907.40857660411
 30
0.0
  0
POINT
  5
79C
330
6D4
100
AcDbEntity
  8
DEFPOINTS
 62
     0
440
 16777216
100
AcDbPoint
 10
9029.059845756796
 20
50244.2757757517
 30
0.0
  0
POINT
  5
79D
330
6D4
100
AcDbEntity
  8
DEFPOINTS
 62
     0
440
 16777216
100
AcDbPoint
 10
9029.059845756796
 20
52637.83909330413
 30
0.0
  0
ENDBLK
  5
6D6
330
6D4
100
AcDbEntity
  8
0
100
AcDbBlockEnd
  0
BLOCK
  5
6E0
330
6DF
100
AcDbEntity
  8
0
100
AcDbBlockBegin
  2
*D26
 70
     1
 10
0.0
 20
0.0
 30
0.0
  3
*D26
  1

  0
LINE
  5
79E
330
6DF
100
AcDbEntity
  8
DIM
 62
     8
440
 16777216
370
    -2
100
AcDbLine
 10
5239.951540371926
 20
52007.4085766041
 30
0.0
 11
5239.951540371926
 21
52887.83909330414
 31
0.0
  0
LINE
  5
79F
330
6DF
100
AcDbEntity
  8
DIM
 62
     8
440
 16777216
370
    -2
100
AcDbLine
 10
2720.762904091329
 20
50344.27577575169
 30
0.0
 11
2720.762904091329
 21
52887.83909330414
 31
0.0
  0
LINE
  5
7A0
330
6DF
100
AcDbEntity
  8
DIM
 62
     8
440
 16777216
370
    -2
100
AcDbLine
 10
5189.951540371926
 20
52637.83909330413
 30
0.0
 11
2770.762904091329
 21
52637.83909330413
 31
0.0
  0
INSERT
  5
7A1
330
6DF
100
AcDbEntity
  8
DIM
 62
     8
440
 16777216
370
    -2
100
AcDbBlockReference
  2
DIMBLK3
 10
5239.951540371926
 20
52637.83909330413
 30
0.0
 41
50.0
 42
50.0
 43
50.0
  0
INSERT
  5
7A2
330
6DF
100
AcDbEntity
  8
DIM
 62
     8
440
 16777216
370
    -2
100
AcDbBlockReference
  2
DIMBLK3
 10
2720.762904091329
 20
52637.83909330413
 30
0.0
 41
50.0
 42
50.0
 43
50.0
 50
180.0
  0
POINT
  5
7A3
330
6DF
100
AcDbEntity
  8
DEFPOINTS
 62
     0
440
 16777216
100
AcDbPoint
 10
5239.951540371926
 20
51907.40857660411
 30
0.0
  0
POINT
  5
7A4
330
6DF
100
AcDbEntity
  8
DEFPOINTS
 62
     0
440
 16777216
100
AcDbPoint
 10
2720.762904091329
 20
50244.2757757517
 30
0.0
  0
POINT
  5
7A5
330
6DF
100
AcDbEntity
  8
DEFPOINTS
 62
     0
440
 16777216
100
AcDbPoint
 10
2720.762904091329
 20
52637.83909330413
 30
0.0
  0
ENDBLK
  5
6E1
330
6DF
100
AcDbEntity
  8
0
100
AcDbBlockEnd
  0
BLOCK
  5
6EB
330
6EA
100
AcDbEntity
  8
0
100
AcDbBlockBegin
  2
*D27
 70
     1
 10
0.0
 20
0.0
 30
0.0
  3
*D27
  1

  0
LINE
  5
7A6
330
6EA
100
AcDbEntity
  8
DIM
 62
     8
440
 16777216
370
    -2
100
AcDbLine
 10
6518.204944601805
 20
52737.83909330414
 30
0.0
 11
6518.204944601805
 21
53800.87723917923
 31
0.0
  0
LINE
  5
7A7
330
6EA
100
AcDbEntity
  8
DIM
 62
     8
440
 16777216
370
    -2
100
AcDbLine
 10
16059.45356899552
 20
52737.83909330414
 30
0.0
 11
16059.45356899552
 21
53800.87723917923
 31
0.0
  0
LINE
  5
7A8
330
6EA
100
AcDbEntity
  8
DIM
 62
     8
440
 16777216
370
    -2
100
AcDbLine
 10
6568.204944601806
 20
53550.87723917923
 30
0.0
 11
16009.45356899552
 21
53550.87723917923
 31
0.0
  0
INSERT
  5
7A9
330
6EA
100
AcDbEntity
  8
DIM
 62
     8
440
 16777216
370
    -2
100
AcDbBlockReference
  2
DIMBLK3
 10
6518.204944601805
 20
53550.87723917923
 30
0.0
 41
50.0
 42
50.0
 43
50.0
 50
180.0
  0
INSERT
  5
7AA
330
6EA
100
AcDbEntity
  8
DIM
 62
     8
440
 16777216
370
    -2
100
AcDbBlockReference
  2
DIMBLK3
 10
16059.45356899552
 20
53550.87723917923
 30
0.0
 41
50.0
 42
50.0
 43
50.0
  0
MTEXT
  5
7AB
330
6EA
100
AcDbEntity
  8
DIM
 62
     3
440
 16777216
100
AcDbMText
 10
11288.82925679866
 20
53775.87723917923
 30
0.0
 40
250.0
 41
0.0
 46
0.0
 71
     5
 72
     1
  1
\A1;  
  7
100cl
 73
     1
 44
1.0
  0
POINT
  5
7AC
330
6EA
100
AcDbEntity
  8
DEFPOINTS
 62
     0
440
 16777216
100
AcDbPoint
 10
6518.204944601805
 20
52637.83909330413
 30
0.0
  0
POINT
  5
7AD
330
6EA
100
AcDbEntity
  8
DEFPOINTS
 62
     0
440
 16777216
100
AcDbPoint
 10
16059.45356899552
 20
52637.83909330413
 30
0.0
  0
POINT
  5
7AE
330
6EA
100
AcDbEntity
  8
DEFPOINTS
 62
     0
440
 16777216
100
AcDbPoint
 10
16059.45356899552
 20
53550.87723917923
 30
0.0
  0
ENDBLK
  5
6EC
330
6EA
100
AcDbEntity
  8
0
100
AcDbBlockEnd
  0
BLOCK
  5
6F7
330
6F6
100
AcDbEntity
  8
0
100
AcDbBlockBegin
  2
*D28
 70
     1
 10
0.0
 20
0.0
 30
0.0
  3
*D28
  1

  0
LINE
  5
7AF
330
6F6
100
AcDbEntity
  8
DIM
 62
     8
440
 16777216
370
    -2
100
AcDbLine
 10
7979.065978000929
 20
46981.04112259358
 30
0.0
 11
7979.065978000929
 21
46480.48228949274
 31
0.0
  0
LINE
  5
7B0
330
6F6
100
AcDbEntity
  8
DIM
 62
     8
440
 16777216
370
    -2
100
AcDbLine
 10
14689.89635017846
 20
46964.96016223881
 30
0.0
 11
14689.89635017846
 21
46480.48228949274
 31
0.0
  0
LINE
  5
7B1
330
6F6
100
AcDbEntity
  8
DIM
 62
     8
440
 16777216
370
    -2
100
AcDbLine
 10
8029.065978000929
 20
46730.48228949275
 30
0.0
 11
14639.89635017846
 21
46730.48228949275
 31
0.0
  0
INSERT
  5
7B2
330
6F6
100
AcDbEntity
  8
DIM
 62
     8
440
 16777216
370
    -2
100
AcDbBlockReference
  2
DIMBLK3
 10
7979.065978000929
 20
46730.48228949275
 30
0.0
 41
50.0
 42
50.0
 43
50.0
 50
180.0
  0
INSERT
  5
7B3
330
6F6
100
AcDbEntity
  8
DIM
 62
     8
440
 16777216
370
    -2
100
AcDbBlockReference
  2
DIMBLK3
 10
14689.89635017846
 20
46730.48228949275
 30
0.0
 41
50.0
 42
50.0
 43
50.0
  0
POINT
  5
7B4
330
6F6
100
AcDbEntity
  8
DEFPOINTS
 62
     0
440
 16777216
100
AcDbPoint
 10
7979.065978000929
 20
47081.04112259358
 30
0.0
  0
POINT
  5
7B5
330
6F6
100
AcDbEntity
  8
DEFPOINTS
 62
     0
440
 16777216
100
AcDbPoint
 10
14689.89635017846
 20
47064.96016223881
 30
0.0
  0
POINT
  5
7B6
330
6F6
100
AcDbEntity
  8
DEFPOINTS
 62
     0
440
 16777216
100
AcDbPoint
 10
14689.89635017846
 20
46730.48228949275
 30
0.0
  0
ENDBLK
  5
6F8
330
6F6
100
AcDbEntity
  8
0
100
AcDbBlockEnd
  0
BLOCK
  5
702
330
701
100
AcDbEntity
  8
0
100
AcDbBlockBegin
  2
*D29
 70
     1
 10
0.0
 20
0.0
 30
0.0
  3
*D29
  1

  0
LINE
  5
7B7
330
701
100
AcDbEntity
  8
DIM
 62
     8
440
 16777216
370
    -2
100
AcDbLine
 10
9791.859785987586
 20
48993.17486584153
 30
0.0
 11
9791.859785987586
 21
47393.52043536784
 31
0.0
  0
LINE
  5
7B8
330
701
100
AcDbEntity
  8
DIM
 62
     8
440
 16777216
370
    -2
100
AcDbLine
 10
7979.065978000929
 20
48703.07888062916
 30
0.0
 11
7979.065978000929
 21
47393.52043536784
 31
0.0
  0
LINE
  5
7B9
330
701
100
AcDbEntity
  8
DIM
 62
     8
440
 16777216
370
    -2
100
AcDbLine
 10
9741.859785987585
 20
47643.52043536784
 30
0.0
 11
8029.065978000929
 21
47643.52043536784
 31
0.0
  0
INSERT
  5
7BA
330
701
100
AcDbEntity
  8
DIM
 62
     8
440
 16777216
370
    -2
100
AcDbBlockReference
  2
DIMBLK3
 10
9791.859785987586
 20
47643.52043536784
 30
0.0
 41
50.0
 42
50.0
 43
50.0
  0
INSERT
  5
7BB
330
701
100
AcDbEntity
  8
DIM
 62
     8
440
 16777216
370
    -2
100
AcDbBlockReference
  2
DIMBLK3
 10
7979.065978000929
 20
47643.52043536784
 30
0.0
 41
50.0
 42
50.0
 43
50.0
 50
180.0
  0
POINT
  5
7BC
330
701
100
AcDbEntity
  8
DEFPOINTS
 62
     0
440
 16777216
100
AcDbPoint
 10
9791.859785987586
 20
49093.17486584153
 30
0.0
  0
POINT
  5
7BD
330
701
100
AcDbEntity
  8
DEFPOINTS
 62
     0
440
 16777216
100
AcDbPoint
 10
7979.065978000929
 20
48803.07888062916
 30
0.0
  0
POINT
  5
7BE
330
701
100
AcDbEntity
  8
DEFPOINTS
 62
     0
440
 16777216
100
AcDbPoint
 10
7979.065978000929
 20
47643.52043536784
 30
0.0
  0
ENDBLK
  5
703
330
701
100
AcDbEntity
  8
0
100
AcDbBlockEnd
  0
BLOCK
  5
70D
330
70C
100
AcDbEntity
  8
0
100
AcDbBlockBegin
  2
*D30
 70
     1
 10
0.0
 20
0.0
 30
0.0
  3
*D30
  1

  0
LINE
  5
7BF
330
70C
100
AcDbEntity
  8
DIM
 62
     8
440
 16777216
370
    -2
100
AcDbLine
 10
12848.67152547423
 20
48993.17486584153
 30
0.0
 11
12848.67152547423
 21
47393.52043536784
 31
0.0
  0
LINE
  5
7C0
330
70C
100
AcDbEntity
  8
DIM
 62
     8
440
 16777216
370
    -2
100
AcDbLine
 10
14689.89635017846
 20
47743.52043536784
 30
0.0
 11
14689.89635017846
 21
47893.52043536784
 31
0.0
  0
LINE
  5
7C1
330
70C
100
AcDbEntity
  8
DIM
 62
     8
440
 16777216
370
    -2
100
AcDbLine
 10
12898.67152547423
 20
47643.52043536784
 30
0.0
 11
14639.89635017846
 21
47643.52043536784
 31
0.0
  0
INSERT
  5
7C2
330
70C
100
AcDbEntity
  8
DIM
 62
     8
440
 16777216
370
    -2
100
AcDbBlockReference
  2
DIMBLK3
 10
12848.67152547423
 20
47643.52043536784
 30
0.0
 41
50.0
 42
50.0
 43
50.0
 50
180.0
  0
INSERT
  5
7C3
330
70C
100
AcDbEntity
  8
DIM
 62
     8
440
 16777216
370
    -2
100
AcDbBlockReference
  2
DIMBLK3
 10
14689.89635017846
 20
47643.52043536784
 30
0.0
 41
50.0
 42
50.0
 43
50.0
  0
POINT
  5
7C4
330
70C
100
AcDbEntity
  8
DEFPOINTS
 62
     0
440
 16777216
100
AcDbPoint
 10
12848.67152547423
 20
49093.17486584153
 30
0.0
  0
POINT
  5
7C5
330
70C
100
AcDbEntity
  8
DEFPOINTS
 62
     0
440
 16777216
100
AcDbPoint
 10
14689.89635017846
 20
47643.52043536784
 30
0.0
  0
POINT
  5
7C6
330
70C
100
AcDbEntity
  8
DEFPOINTS
 62
     0
440
 16777216
100
AcDbPoint
 10
14689.89635017846
 20
47643.52043536784
 30
0.0
  0
ENDBLK
  5
70E
330
70C
100
AcDbEntity
  8
0
100
AcDbBlockEnd
  0
BLOCK
  5
718
330
717
100
AcDbEntity
  8
0
100
AcDbBlockBegin
  2
*D31
 70
     1
 10
0.0
 20
0.0
 30
0.0
  3
*D31
  1

  0
LINE
  5
7C7
330
717
100
AcDbEntity
  8
DIM
 62
     8
440
 16777216
370
    -2
100
AcDbLine
 10
6518.204944601805
 20
47059.61021805404
 30
0.0
 11
6518.204944601805
 21
44170.495780429
 31
0.0
  0
LINE
  5
7C8
330
717
100
AcDbEntity
  8
DIM
 62
     8
440
 16777216
370
    -2
100
AcDbLine
 10
16059.45356899552
 20
47059.61021805404
 30
0.0
 11
16059.45356899552
 21
44170.495780429
 31
0.0
  0
LINE
  5
7C9
330
717
100
AcDbEntity
  8
DIM
 62
     8
440
 16777216
370
    -2
100
AcDbLine
 10
6568.204944601806
 20
44420.495780429
 30
0.0
 11
16009.45356899552
 21
44420.495780429
 31
0.0
  0
INSERT
  5
7CA
330
717
100
AcDbEntity
  8
DIM
 62
     8
440
 16777216
370
    -2
100
AcDbBlockReference
  2
DIMBLK3
 10
6518.204944601805
 20
44420.495780429
 30
0.0
 41
50.0
 42
50.0
 43
50.0
 50
180.0
  0
INSERT
  5
7CB
330
717
100
AcDbEntity
  8
DIM
 62
     8
440
 16777216
370
    -2
100
AcDbBlockReference
  2
DIMBLK3
 10
16059.45356899552
 20
44420.495780429
 30
0.0
 41
50.0
 42
50.0
 43
50.0
  0
POINT
  5
7CC
330
717
100
AcDbEntity
  8
DEFPOINTS
 62
     0
440
 16777216
100
AcDbPoint
 10
6518.204944601805
 20
47159.61021805404
 30
0.0
  0
POINT
  5
7CD
330
717
100
AcDbEntity
  8
DEFPOINTS
 62
     0
440
 16777216
100
AcDbPoint
 10
16059.45356899552
 20
47159.61021805404
 30
0.0
  0
POINT
  5
7CE
330
717
100
AcDbEntity
  8
DEFPOINTS
 62
     0
440
 16777216
100
AcDbPoint
 10
16059.45356899552
 20
44420.495780429
 30
0.0
  0
ENDBLK
  5
719
330
717
100
AcDbEntity
  8
0
100
AcDbBlockEnd
  0
BLOCK
  5
723
330
722
100
AcDbEntity
  8
0
100
AcDbBlockBegin
  2
*D32
 70
     1
 10
0.0
 20
0.0
 30
0.0
  3
*D32
  1

  0
LINE
  5
7CF
330
722
100
AcDbEntity
  8
DIM
 62
     8
440
 16777216
370
    -2
100
AcDbLine
 10
2039.781544019991
 20
48993.17486584153
 30
0.0
 11
2039.781544019991
 21
47393.52043536784
 31
0.0
  0
LINE
  5
7D0
330
722
100
AcDbEntity
  8
DIM
 62
     8
440
 16777216
370
    -2
100
AcDbLine
 10
3870.394321560451
 20
48703.07888062916
 30
0.0
 11
3870.394321560451
 21
47393.52043536784
 31
0.0
  0
LINE
  5
7D1
330
722
100
AcDbEntity
  8
DIM
 62
     8
440
 16777216
370
    -2
100
AcDbLine
 10
2089.781544019991
 20
47643.52043536784
 30
0.0
 11
3820.394321560451
 21
47643.52043536784
 31
0.0
  0
INSERT
  5
7D2
330
722
100
AcDbEntity
  8
DIM
 62
     8
440
 16777216
370
    -2
100
AcDbBlockReference
  2
DIMBLK3
 10
2039.781544019991
 20
47643.52043536784
 30
0.0
 41
50.0
 42
50.0
 43
50.0
 50
180.0
  0
INSERT
  5
7D3
330
722
100
AcDbEntity
  8
DIM
 62
     8
440
 16777216
370
    -2
100
AcDbBlockReference
  2
DIMBLK3
 10
3870.394321560451
 20
47643.52043536784
 30
0.0
 41
50.0
 42
50.0
 43
50.0
  0
POINT
  5
7D4
330
722
100
AcDbEntity
  8
DEFPOINTS
 62
     0
440
 16777216
100
AcDbPoint
 10
2039.781544019991
 20
49093.17486584153
 30
0.0
  0
POINT
  5
7D5
330
722
100
AcDbEntity
  8
DEFPOINTS
 62
     0
440
 16777216
100
AcDbPoint
 10
3870.394321560451
 20
48803.07888062916
 30
0.0
  0
POINT
  5
7D6
330
722
100
AcDbEntity
  8
DEFPOINTS
 62
     0
440
 16777216
100
AcDbPoint
 10
3870.394321560451
 20
47643.52043536784
 30
0.0
  0
ENDBLK
  5
724
330
722
100
AcDbEntity
  8
0
100
AcDbBlockEnd
  0
BLOCK
  5
72E
330
72D
100
AcDbEntity
  8
0
100
AcDbBlockBegin
  2
*D33
 70
     1
 10
0.0
 20
0.0
 30
0.0
  3
*D33
  1

  0
LINE
  5
7D7
330
72D
100
AcDbEntity
  8
DIM
 62
     8
440
 16777216
370
    -2
100
AcDbLine
 10
25737.65791527048
 20
46981.04112259358
 30
0.0
 11
25737.65791527048
 21
46480.48228949274
 31
0.0
  0
LINE
  5
7D8
330
72D
100
AcDbEntity
  8
DIM
 62
     8
440
 16777216
370
    -2
100
AcDbLine
 10
18798.56800661894
 20
46964.96016223881
 30
0.0
 11
18798.56800661894
 21
46480.48228949274
 31
0.0
  0
LINE
  5
7D9
330
72D
100
AcDbEntity
  8
DIM
 62
     8
440
 16777216
370
    -2
100
AcDbLine
 10
25687.65791527048
 20
46730.48228949275
 30
0.0
 11
18848.56800661894
 21
46730.48228949275
 31
0.0
  0
INSERT
  5
7DA
330
72D
100
AcDbEntity
  8
DIM
 62
     8
440
 16777216
370
    -2
100
AcDbBlockReference
  2
DIMBLK3
 10
25737.65791527048
 20
46730.48228949275
 30
0.0
 41
50.0
 42
50.0
 43
50.0
  0
INSERT
  5
7DB
330
72D
100
AcDbEntity
  8
DIM
 62
     8
440
 16777216
370
    -2
100
AcDbBlockReference
  2
DIMBLK3
 10
18798.56800661894
 20
46730.48228949275
 30
0.0
 41
50.0
 42
50.0
 43
50.0
 50
180.0
  0
POINT
  5
7DC
330
72D
100
AcDbEntity
  8
DEFPOINTS
 62
     0
440
 16777216
100
AcDbPoint
 10
25737.65791527048
 20
47081.04112259358
 30
0.0
  0
POINT
  5
7DD
330
72D
100
AcDbEntity
  8
DEFPOINTS
 62
     0
440
 16777216
100
AcDbPoint
 10
18798.56800661894
 20
47064.96016223881
 30
0.0
  0
POINT
  5
7DE
330
72D
100
AcDbEntity
  8
DEFPOINTS
 62
     0
440
 16777216
100
AcDbPoint
 10
18798.56800661894
 20
46730.48228949275
 30
0.0
  0
ENDBLK
  5
72F
330
72D
100
AcDbEntity
  8
0
100
AcDbBlockEnd
  0
BLOCK
  5
739
330
738
100
AcDbEntity
  8
0
100
AcDbBlockBegin
  2
*D34
 70
     1
 10
0.0
 20
0.0
 30
0.0
  3
*D34
  1

  0
LINE
  5
7DF
330
738
100
AcDbEntity
  8
DIM
 62
     8
440
 16777216
370
    -2
100
AcDbLine
 10
23924.86410728382
 20
48993.17486584153
 30
0.0
 11
23924.86410728382
 21
47393.52043536784
 31
0.0
  0
LINE
  5
7E0
330
738
100
AcDbEntity
  8
DIM
 62
     8
440
 16777216
370
    -2
100
AcDbLine
 10
25737.65791527048
 20
48703.07888062916
 30
0.0
 11
25737.65791527048
 21
47393.52043536784
 31
0.0
  0
LINE
  5
7E1
330
738
100
AcDbEntity
  8
DIM
 62
     8
440
 16777216
370
    -2
100
AcDbLine
 10
23974.86410728382
 20
47643.52043536784
 30
0.0
 11
25687.65791527048
 21
47643.52043536784
 31
0.0
  0
INSERT
  5
7E2
330
738
100
AcDbEntity
  8
DIM
 62
     8
440
 16777216
370
    -2
100
AcDbBlockReference
  2
DIMBLK3
 10
23924.86410728382
 20
47643.52043536784
 30
0.0
 41
50.0
 42
50.0
 43
50.0
 50
180.0
  0
INSERT
  5
7E3
330
738
100
AcDbEntity
  8
DIM
 62
     8
440
 16777216
370
    -2
100
AcDbBlockReference
  2
DIMBLK3
 10
25737.65791527048
 20
47643.52043536784
 30
0.0
 41
50.0
 42
50.0
 43
50.0
  0
POINT
  5
7E4
330
738
100
AcDbEntity
  8
DEFPOINTS
 62
     0
440
 16777216
100
AcDbPoint
 10
23924.86410728382
 20
49093.17486584153
 30
0.0
  0
POINT
  5
7E5
330
738
100
AcDbEntity
  8
DEFPOINTS
 62
     0
440
 16777216
100
AcDbPoint
 10
25737.65791527048
 20
48803.07888062916
 30
0.0
  0
POINT
  5
7E6
330
738
100
AcDbEntity
  8
DEFPOINTS
 62
     0
440
 16777216
100
AcDbPoint
 10
25737.65791527048
 20
47643.52043536784
 30
0.0
  0
ENDBLK
  5
73A
330
738
100
AcDbEntity
  8
0
100
AcDbBlockEnd
  0
BLOCK
  5
744
330
743
100
AcDbEntity
  8
0
100
AcDbBlockBegin
  2
*D35
 70
     1
 10
0.0
 20
0.0
 30
0.0
  3
*D35
  1

  0
LINE
  5
7E7
330
743
100
AcDbEntity
  8
DIM
 62
     8
440
 16777216
370
    -2
100
AcDbLine
 10
20639.79283132317
 20
48993.17486584153
 30
0.0
 11
20639.79283132317
 21
47393.52043536784
 31
0.0
  0
LINE
  5
7E8
330
743
100
AcDbEntity
  8
DIM
 62
     8
440
 16777216
370
    -2
100
AcDbLine
 10
18798.56800661894
 20
48703.07888062916
 30
0.0
 11
18798.56800661894
 21
47393.52043536784
 31
0.0
  0
LINE
  5
7E9
330
743
100
AcDbEntity
  8
DIM
 62
     8
440
 16777216
370
    -2
100
AcDbLine
 10
20589.79283132317
 20
47643.52043536784
 30
0.0
 11
18848.56800661894
 21
47643.52043536784
 31
0.0
  0
INSERT
  5
7EA
330
743
100
AcDbEntity
  8
DIM
 62
     8
440
 16777216
370
    -2
100
AcDbBlockReference
  2
DIMBLK3
 10
20639.79283132317
 20
47643.52043536784
 30
0.0
 41
50.0
 42
50.0
 43
50.0
  0
INSERT
  5
7EB
330
743
100
AcDbEntity
  8
DIM
 62
     8
440
 16777216
370
    -2
100
AcDbBlockReference
  2
DIMBLK3
 10
18798.56800661894
 20
47643.52043536784
 30
0.0
 41
50.0
 42
50.0
 43
50.0
 50
180.0
  0
POINT
  5
7EC
330
743
100
AcDbEntity
  8
DEFPOINTS
 62
     0
440
 16777216
100
AcDbPoint
 10
20639.79283132317
 20
49093.17486584153
 30
0.0
  0
POINT
  5
7ED
330
743
100
AcDbEntity
  8
DEFPOINTS
 62
     0
440
 16777216
100
AcDbPoint
 10
18798.56800661894
 20
48803.07888062916
 30
0.0
  0
POINT
  5
7EE
330
743
100
AcDbEntity
  8
DEFPOINTS
 62
     0
440
 16777216
100
AcDbPoint
 10
18798.56800661894
 20
47643.52043536784
 30
0.0
  0
ENDBLK
  5
745
330
743
100
AcDbEntity
  8
0
100
AcDbBlockEnd
  0
BLOCK
  5
74F
330
74E
100
AcDbEntity
  8
0
100
AcDbBlockBegin
  2
*D36
 70
     1
 10
0.0
 20
0.0
 30
0.0
  3
*D36
  1

  0
LINE
  5
7EF
330
74E
100
AcDbEntity
  8
DIM
 62
     8
440
 16777216
370
    -2
100
AcDbLine
 10
26970.25941219606
 20
47059.61021805404
 30
0.0
 11
26970.25941219606
 21
44170.495780429
 31
0.0
  0
LINE
  5
7F0
330
74E
100
AcDbEntity
  8
DIM
 62
     8
440
 16777216
370
    -2
100
AcDbLine
 10
17337.70697321981
 20
47059.61021805404
 30
0.0
 11
17337.70697321981
 21
44170.495780429
 31
0.0
  0
LINE
  5
7F1
330
74E
100
AcDbEntity
  8
DIM
 62
     8
440
 16777216
370
    -2
100
AcDbLine
 10
26920.25941219606
 20
44420.495780429
 30
0.0
 11
17387.70697321981
 21
44420.495780429
 31
0.0
  0
INSERT
  5
7F2
330
74E
100
AcDbEntity
  8
DIM
 62
     8
440
 16777216
370
    -2
100
AcDbBlockReference
  2
DIMBLK3
 10
26970.25941219606
 20
44420.495780429
 30
0.0
 41
50.0
 42
50.0
 43
50.0
  0
INSERT
  5
7F3
330
74E
100
AcDbEntity
  8
DIM
 62
     8
440
 16777216
370
    -2
100
AcDbBlockReference
  2
DIMBLK3
 10
17337.70697321981
 20
44420.495780429
 30
0.0
 41
50.0
 42
50.0
 43
50.0
 50
180.0
  0
POINT
  5
7F4
330
74E
100
AcDbEntity
  8
DEFPOINTS
 62
     0
440
 16777216
100
AcDbPoint
 10
26970.25941219606
 20
47159.61021805404
 30
0.0
  0
POINT
  5
7F5
330
74E
100
AcDbEntity
  8
DEFPOINTS
 62
     0
440
 16777216
100
AcDbPoint
 10
17337.70697321981
 20
47159.61021805404
 30
0.0
  0
POINT
  5
7F6
330
74E
100
AcDbEntity
  8
DEFPOINTS
 62
     0
440
 16777216
100
AcDbPoint
 10
17337.70697321981
 20
44420.495780429
 30
0.0
  0
ENDBLK
  5
750
330
74E
100
AcDbEntity
  8
0
100
AcDbBlockEnd
  0
BLOCK
  5
75A
330
759
100
AcDbEntity
  8
0
100
AcDbBlockBegin
  2
*D37
 70
     1
 10
0.0
 20
0.0
 30
0.0
  3
*D37
  1

  0
LINE
  5
7F7
330
759
100
AcDbEntity
  8
DIM
 62
     8
440
 16777216
370
    -2
100
AcDbLine
 10
26924.60750490759
 20
52007.4085766041
 30
0.0
 11
26924.60750490759
 21
52887.83909330414
 31
0.0
  0
LINE
  5
7F8
330
759
100
AcDbEntity
  8
DIM
 62
     8
440
 16777216
370
    -2
100
AcDbLine
 10
24413.75260374747
 20
50344.27577575169
 30
0.0
 11
24413.75260374747
 21
52887.83909330414
 31
0.0
  0
LINE
  5
7F9
330
759
100
AcDbEntity
  8
DIM
 62
     8
440
 16777216
370
    -2
100
AcDbLine
 10
26874.60750490759
 20
52637.83909330413
 30
0.0
 11
24463.75260374748
 21
52637.83909330413
 31
0.0
  0
INSERT
  5
7FA
330
759
100
AcDbEntity
  8
DIM
 62
     8
440
 16777216
370
    -2
100
AcDbBlockReference
  2
DIMBLK3
 10
26924.60750490759
 20
52637.83909330413
 30
0.0
 41
50.0
 42
50.0
 43
50.0
  0
INSERT
  5
7FB
330
759
100
AcDbEntity
  8
DIM
 62
     8
440
 16777216
370
    -2
100
AcDbBlockReference
  2
DIMBLK3
 10
24413.75260374747
 20
52637.83909330413
 30
0.0
 41
50.0
 42
50.0
 43
50.0
 50
180.0
  0
POINT
  5
7FC
330
759
100
AcDbEntity
  8
DEFPOINTS
 62
     0
440
 16777216
100
AcDbPoint
 10
26924.60750490759
 20
51907.40857660411
 30
0.0
  0
POINT
  5
7FD
330
759
100
AcDbEntity
  8
DEFPOINTS
 62
     0
440
 16777216
100
AcDbPoint
 10
24413.75260374747
 20
50244.2757757517
 30
0.0
  0
POINT
  5
7FE
330
759
100
AcDbEntity
  8
DEFPOINTS
 62
     0
440
 16777216
100
AcDbPoint
 10
24413.75260374747
 20
52637.83909330413
 30
0.0
  0
ENDBLK
  5
75B
330
759
100
AcDbEntity
  8
0
100
AcDbBlockEnd
  0
BLOCK
  5
765
330
764
100
AcDbEntity
  8
0
100
AcDbBlockBegin
  2
*D38
 70
     1
 10
0.0
 20
0.0
 30
0.0
  3
*D38
  1

  0
LINE
  5
7FF
330
764
100
AcDbEntity
  8
DIM
 62
     8
440
 16777216
370
    -2
100
AcDbLine
 10
26924.60750490759
 20
52737.83909330414
 30
0.0
 11
26924.60750490759
 21
53800.87723917923
 31
0.0
  0
LINE
  5
800
330
764
100
AcDbEntity
  8
DIM
 62
     8
440
 16777216
370
    -2
100
AcDbLine
 10
17337.70697321981
 20
52737.83909330414
 30
0.0
 11
17337.70697321981
 21
53800.87723917923
 31
0.0
  0
LINE
  5
801
330
764
100
AcDbEntity
  8
DIM
 62
     8
440
 16777216
370
    -2
100
AcDbLine
 10
26874.60750490759
 20
53550.87723917923
 30
0.0
 11
17387.70697321981
 21
53550.87723917923
 31
0.0
  0
INSERT
  5
802
330
764
100
AcDbEntity
  8
DIM
 62
     8
440
 16777216
370
    -2
100
AcDbBlockReference
  2
DIMBLK3
 10
26924.60750490759
 20
53550.87723917923
 30
0.0
 41
50.0
 42
50.0
 43
50.0
  0
INSERT
  5
803
330
764
100
AcDbEntity
  8
DIM
 62
     8
440
 16777216
370
    -2
100
AcDbBlockReference
  2
DIMBLK3
 10
17337.70697321981
 20
53550.87723917923
 30
0.0
 41
50.0
 42
50.0
 43
50.0
 50
180.0
  0
MTEXT
  5
804
330
764
100
AcDbEntity
  8
DIM
 62
     3
440
 16777216
100
AcDbMText
 10
22131.1572390637
 20
53775.87723917923
 30
0.0
 40
250.0
 41
0.0
 46
0.0
 71
     5
 72
     1
  1
\A1;  
  7
100cl
 73
     1
 44
1.0
  0
POINT
  5
805
330
764
100
AcDbEntity
  8
DEFPOINTS
 62
     0
440
 16777216
100
AcDbPoint
 10
26924.60750490759
 20
52637.83909330413
 30
0.0
  0
POINT
  5
806
330
764
100
AcDbEntity
  8
DEFPOINTS
 62
     0
440
 16777216
100
AcDbPoint
 10
17337.70697321981
 20
52637.83909330413
 30
0.0
  0
POINT
  5
807
330
764
100
AcDbEntity
  8
DEFPOINTS
 62
     0
440
 16777216
100
AcDbPoint
 10
17337.70697321981
 20
53550.87723917923
 30
0.0
  0
ENDBLK
  5
766
330
764
100
AcDbEntity
  8
0
100
AcDbBlockEnd
  0
BLOCK
  5
771
330
770
100
AcDbEntity
  8
0
100
AcDbBlockBegin
  2
*D39
 70
     1
 10
0.0
 20
0.0
 30
0.0
  3
*D39
  1

  0
LINE
  5
808
330
770
100
AcDbEntity
  8
DIM
 62
     8
440
 16777216
370
    -2
100
AcDbLine
 10
29796.50530055497
 20
50637.8513577917
 30
0.0
 11
29796.50530055497
 21
52865.01970671084
 31
0.0
  0
LINE
  5
809
330
770
100
AcDbEntity
  8
DIM
 62
     8
440
 16777216
370
    -2
100
AcDbLine
 10
31074.75870477926
 20
50637.8513577917
 30
0.0
 11
31074.75870477926
 21
52865.01970671084
 31
0.0
  0
LINE
  5
80A
330
770
100
AcDbEntity
  8
DIM
 62
     8
440
 16777216
370
    -2
100
AcDbLine
 10
29846.50530055497
 20
52615.01970671083
 30
0.0
 11
31024.75870477926
 21
52615.01970671083
 31
0.0
  0
INSERT
  5
80B
330
770
100
AcDbEntity
  8
DIM
 62
     8
440
 16777216
370
    -2
100
AcDbBlockReference
  2
DIMBLK3
 10
29796.50530055497
 20
52615.01970671083
 30
0.0
 41
50.0
 42
50.0
 43
50.0
 50
180.0
  0
INSERT
  5
80C
330
770
100
AcDbEntity
  8
DIM
 62
     8
440
 16777216
370
    -2
100
AcDbBlockReference
  2
DIMBLK3
 10
31074.75870477926
 20
52615.01970671083
 30
0.0
 41
50.0
 42
50.0
 43
50.0
  0
POINT
  5
80D
330
770
100
AcDbEntity
  8
DEFPOINTS
 62
     0
440
 16777216
100
AcDbPoint
 10
29796.50530055497
 20
50537.8513577917
 30
0.0
  0
POINT
  5
80E
330
770
100
AcDbEntity
  8
DEFPOINTS
 62
     0
440
 16777216
100
AcDbPoint
 10
31074.75870477926
 20
50537.8513577917
 30
0.0
  0
POINT
  5
80F
330
770
100
AcDbEntity
  8
DEFPOINTS
 62
     0
440
 16777216
100
AcDbPoint
 10
31074.75870477926
 20
52615.01970671083
 30
0.0
  0
ENDBLK
  5
772
330
770
100
AcDbEntity
  8
0
100
AcDbBlockEnd
  0
BLOCK
  5
77C
330
77B
100
AcDbEntity
  8
0
100
AcDbBlockBegin
  2
*D40
 70
     1
 10
0.0
 20
0.0
 30
0.0
  3
*D40
  1

  0
LINE
  5
810
330
77B
100
AcDbEntity
  8
TG
 62
     8
440
 16777216
370
    -2
100
AcDbLine
 10
29696.50530055499
 20
48803.07888062918
 30
0.0
 11
28706.65995501456
 21
48803.07888062918
 31
0.0
  0
LINE
  5
811
330
77B
100
AcDbEntity
  8
TG
 62
     8
440
 16777216
370
    -2
100
AcDbLine
 10
29696.50530055499
 20
50537.85135779173
 30
0.0
 11
28706.65995501456
 21
50537.85135779173
 31
0.0
  0
LINE
  5
812
330
77B
100
AcDbEntity
  8
TG
 62
     8
440
 16777216
370
    -2
100
AcDbLine
 10
28956.65995501456
 20
48853.07888062918
 30
0.0
 11
28956.65995501456
 21
50487.85135779173
 31
0.0
  0
INSERT
  5
813
330
77B
100
AcDbEntity
  8
TG
 62
     8
440
 16777216
370
    -2
100
AcDbBlockReference
  2
DIMBLK3
 10
28956.65995501456
 20
48803.07888062918
 30
0.0
 41
50.0
 42
50.0
 43
50.0
 50
270.0
  0
INSERT
  5
814
330
77B
100
AcDbEntity
  8
TG
 62
     8
440
 16777216
370
    -2
100
AcDbBlockReference
  2
DIMBLK3
 10
28956.65995501456
 20
50537.85135779173
 30
0.0
 41
50.0
 42
50.0
 43
50.0
 50
90.0
  0
POINT
  5
815
330
77B
100
AcDbEntity
  8
DEFPOINTS
 62
     0
440
 16777216
100
AcDbPoint
 10
29796.50530055499
 20
48803.07888062918
 30
0.0
  0
POINT
  5
816
330
77B
100
AcDbEntity
  8
DEFPOINTS
 62
     0
440
 16777216
100
AcDbPoint
 10
29796.50530055499
 20
50537.85135779173
 30
0.0
  0
POINT
  5
817
330
77B
100
AcDbEntity
  8
DEFPOINTS
 62
     0
440
 16777216
100
AcDbPoint
 10
28956.65995501456
 20
50537.85135779173
 30
0.0
  0
ENDBLK
  5
77D
330
77B
100
AcDbEntity
  8
0
100
AcDbBlockEnd
  0
ENDSEC
  0
SECTION
  2
ENTITIES
  0
LINE
  5
51F
330
1F
100
AcDbEntity
  8
2Y
 62
     2
100
AcDbLine
 10
26924.60750490759
 20
51907.40857660411
 30
0.0
 11
28202.86090913188
 21
51907.40857660411
 31
0.0
  0
ARC
  5
520
330
1F
100
AcDbEntity
  8
6M
 62
     6
100
AcDbCircle
 10
27778.61373191892
 20
50152.97196116428
 30
0.0
 40
91.30381458750189
100
AcDbArc
 50
0.0
 51
90.0
  0
LINE
  5
521
330
1F
100
AcDbEntity
  8
2Y
  6
HIDDEN
 62
     2
100
AcDbLine
 10
27289.82276325725
 20
48803.07888062916
 30
0.0
 11
28202.86090913188
 21
48803.07888062916
 31
0.0
  0
LINE
  5
522
330
1F
100
AcDbEntity
  8
6M
 62
     6
100
AcDbLine
 10
27850.17892717343
 20
48976.70481232776
 30
0.0
 11
23050.6795879589
 21
48976.70481232776
 31
0.0
  0
LINE
  5
523
330
1F
100
AcDbEntity
  8
2Y
 62
     2
100
AcDbLine
 10
25737.65791527095
 20
47433.52166181653
 30
0.0
 11
28532.00233000011
 21
47433.52166181653
 31
0.0
  0
LINE
  5
524
330
1F
100
AcDbEntity
  8
2Y
 62
     2
100
AcDbLine
 10
25555.05028609565
 20
47159.61021805404
 30
0.0
 11
28532.00233000011
 21
47159.61021805404
 31
0.0
  0
LINE
  5
525
330
1F
100
AcDbEntity
  8
2Y
 62
     2
100
AcDbLine
 10
17337.70697321981
 20
50537.8513577917
 30
0.0
 11
28202.86090913188
 21
50537.8513577917
 31
0.0
  0
LINE
  5
526
330
1F
100
AcDbEntity
  8
6M
 62
     6
100
AcDbLine
 10
27929.69581079023
 20
50382.11394216412
 30
0.0
 11
17452.99772945145
 21
50382.11394216412
 31
0.0
  0
LINE
  5
527
330
1F
100
AcDbEntity
  8
4C
 62
     4
100
AcDbLine
 10
28091.71898123209
 20
49898.72465567909
 30
0.0
 11
210.1231877743837
 21
49898.72465567909
 31
0.0
  0
LINE
  5
528
330
1F
100
AcDbEntity
  8
4C
 62
     4
100
AcDbLine
 10
28091.71898123209
 20
49442.20558274154
 30
0.0
 11
210.1231877743837
 21
49442.20558274154
 31
0.0
  0
ARC
  5
529
330
1F
100
AcDbEntity
  8
2Y
 62
     2
100
AcDbCircle
 10
11796.72037340613
 20
45955.95733976237
 30
0.0
 40
203.0173923440855
100
AcDbArc
 50
180.0
 51
270.0
  0
TEXT
  5
52A
330
1F
100
AcDbEntity
  8
TG
100
AcDbText
 10
11573.365410436
 20
43131.13877571643
 30
0.0
 40
250.0
  1
"A"OR"B" (SEE REMARKS)
  7
100cl
100
AcDbText
  0
TEXT
  5
52B
330
1F
100
AcDbEntity
  8
TG
100
AcDbText
 10
10328.40727948915
 20
44586.39454290353
 30
0.0
 40
250.0
  1
STIRRUPS
  7
100cl
100
AcDbText
  0
LINE
  5
52C
330
1F
100
AcDbEntity
  8
2Y
 62
     2
100
AcDbLine
 10
6335.597315426973
 20
50172.63609944157
 30
0.0
 11
16242.06119817035
 21
50172.63609944157
 31
0.0
  0
LINE
  5
52D
330
1F
100
AcDbEntity
  8
2Y
 62
     2
100
AcDbLine
 10
6518.204944601805
 20
50537.8513577917
 30
0.0
 11
16059.45356899552
 21
50537.8513577917
 31
0.0
  0
LINE
  5
52E
330
1F
100
AcDbEntity
  8
6M
 62
     6
100
AcDbLine
 10
17335.96127971733
 20
50382.11394216412
 30
0.0
 11
6633.49570083298
 21
50382.11394216412
 31
0.0
  0
LINE
  5
52F
330
1F
100
AcDbEntity
  8
2Y
 62
     2
100
AcDbLine
 10
7979.065978000929
 20
48803.07888062916
 30
0.0
 11
14689.89635017846
 21
48803.07888062916
 31
0.0
  0
LINE
  5
530
330
1F
100
AcDbEntity
  8
2Y
 62
     2
100
AcDbLine
 10
7979.065978000929
 20
48556.55858124293
 30
0.0
 11
14689.89635017846
 21
48556.55858124293
 31
0.0
  0
LINE
  5
531
330
1F
100
AcDbEntity
  8
6M
 62
     6
100
AcDbLine
 10
11859.47809796739
 20
49093.17486584153
 30
0.0
 11
10581.2246937431
 21
49093.17486584153
 31
0.0
  0
TEXT
  5
532
330
1F
100
AcDbEntity
  8
TG
100
AcDbText
 10
10749.77625363698
 20
51583.61886242697
 30
0.0
 40
250.0
  1
WEB BARS
  7
100cl
100
AcDbText
  0
LINE
  5
533
330
1F
100
AcDbEntity
  8
6M
 62
     6
100
AcDbLine
 10
11849.86286291439
 20
48976.70481232776
 30
0.0
 11
218.241738062409
 21
48976.70481232776
 31
0.0
  0
LINE
  5
534
330
1F
100
AcDbEntity
  8
2Y
 62
     2
100
AcDbLine
 10
11593.70298106275
 20
45955.95733976237
 30
0.0
 11
11593.70298106275
 21
49191.65392661993
 31
0.0
  0
LINE
  5
535
330
1F
100
AcDbEntity
  8
2Y
 62
     2
100
AcDbLine
 10
3870.394321560451
 20
48803.07888062916
 30
0.0
 11
3870.394321560451
 21
47433.52166181653
 31
0.0
  0
LINE
  5
536
330
1F
100
AcDbEntity
  8
2Y
 62
     2
100
AcDbLine
 10
7979.065978000929
 20
48803.07888062916
 30
0.0
 11
7979.065978000929
 21
47433.52166181653
 31
0.0
  0
LINE
  5
537
330
1F
100
AcDbEntity
  8
2Y
 62
     2
100
AcDbLine
 10
620.5618538139958
 20
45955.95733976237
 30
0.0
 11
620.5618538139958
 21
49140.89957853373
 31
0.0
  0
TEXT
  5
538
330
1F
100
AcDbEntity
  8
TG
100
AcDbText
 10
1372.914499806763
 20
45660.35825913133
 30
0.0
 40
250.0
  1
BOTTOM BARS
  7
100cl
100
AcDbText
  0
LINE
  5
539
330
1F
100
AcDbEntity
  8
2Y
 62
     2
100
AcDbLine
 10
3870.394321560451
 20
47433.52166181653
 30
0.0
 11
3687.786692385619
 21
47433.52166181653
 31
0.0
  0
TEXT
  5
53A
330
1F
100
AcDbEntity
  8
TG
100
AcDbText
 10
1802.976094024779
 20
43657.91324420239
 30
0.0
 40
250.0
  1
CONTINUOUS END
  7
100cl
100
AcDbText
  0
LINE
  5
53B
330
1F
100
AcDbEntity
  8
2Y
 62
     2
100
AcDbLine
 10
3687.786692385619
 20
47159.61021805404
 30
0.0
 11
8161.673607175762
 21
47159.61021805404
 31
0.0
  0
TEXT
  5
53C
330
1F
100
AcDbEntity
  8
TG
100
AcDbText
 10
595.9516814686928
 20
43131.13877571643
 30
0.0
 40
250.0
  1
"A"OR"B" (SEE REMARKS)
  7
100cl
100
AcDbText
  0
TEXT
  5
53D
330
1F
100
AcDbEntity
  8
TG
100
AcDbText
 10
1265.518796345276
 20
44551.4817016906
 30
0.0
 40
250.0
  1
STIRRUPS
  7
100cl
100
AcDbText
  0
ARC
  5
53E
330
1F
100
AcDbEntity
  8
2Y
 62
     2
100
AcDbCircle
 10
823.5792461573717
 20
45955.95733976237
 30
0.0
 40
203.0173923440855
100
AcDbArc
 50
180.0
 51
270.0
  0
LINE
  5
53F
330
1F
100
AcDbEntity
  8
2Y
 62
     2
100
AcDbLine
 10
1132.641773086564
 20
45752.93994741807
 30
0.0
 11
823.5792461573717
 21
45752.93994741807
 31
0.0
  0
LINE
  5
540
330
1F
100
AcDbEntity
  8
2Y
 62
     2
100
AcDbLine
 10
3687.786692385619
 20
47433.52166181653
 30
0.0
 11
3687.786692385619
 21
47159.61021805404
 31
0.0
  0
TEXT
  5
541
330
1F
100
AcDbEntity
  8
TG
100
AcDbText
 10
2564.119513091223
 20
47808.07448199777
 30
0.0
 40
250.0
  1
LB/4
  7
100cl
100
AcDbText
  0
LINE
  5
542
330
1F
100
AcDbEntity
  8
2Y
 62
     2
100
AcDbLine
 10
3870.394321560451
 20
47433.52166181653
 30
0.0
 11
7979.065978000929
 21
47433.52166181653
 31
0.0
  0
TEXT
  5
543
330
1F
100
AcDbEntity
  8
TC
100
AcDbText
 10
11069.83285679767
 20
46842.02429492156
 30
0.0
 40
250.0
  1
A
  7
100cl
100
AcDbText
  0
TEXT
  5
544
330
1F
100
AcDbEntity
  8
TC
 62
     4
100
AcDbText
 10
10784.62122876715
 20
46980.38928291634
 30
0.0
 40
250.0
  1
L
  7
100cl
100
AcDbText
  0
LINE
  5
545
330
1F
100
AcDbEntity
  8
2Y
 62
     2
100
AcDbLine
 10
8161.673607175762
 20
47433.52166181653
 30
0.0
 11
8161.673607175762
 21
47159.61021805404
 31
0.0
  0
LINE
  5
546
330
1F
100
AcDbEntity
  8
2Y
 62
     2
100
AcDbLine
 10
7979.065978000929
 20
47433.52166181653
 30
0.0
 11
8161.673607175762
 21
47433.52166181653
 31
0.0
  0
TEXT
  5
547
330
1F
100
AcDbEntity
  8
TG
100
AcDbText
 10
8485.843978963384
 20
47808.07448199777
 30
0.0
 40
250.0
  1
LB/4
  7
100cl
100
AcDbText
  0
LINE
  5
548
330
1F
100
AcDbEntity
  8
2Y
 62
     2
100
AcDbLine
 10
3400.424272717034
 20
51647.87819747803
 30
0.0
 11
4038.681033464206
 21
51647.87819747803
 31
0.0
  0
TEXT
  5
549
330
1F
100
AcDbEntity
  8
TG
100
AcDbText
 10
2754.192676913981
 20
52804.66074188579
 30
0.0
 40
250.0
  1
*0.16L1 OR 
  7
100cl
100
AcDbText
  0
TEXT
  5
54A
330
1F
100
AcDbEntity
  8
TG
100
AcDbText
 10
3267.300188816209
 20
52253.44368115523
 30
0.0
 40
250.0
  1
0.16L2
  7
100cl
100
AcDbText
  0
LINE
  5
54B
330
1F
100
AcDbEntity
  8
6M
 62
     6
100
AcDbLine
 10
9791.859785987586
 20
49093.17486584153
 30
0.0
 11
2039.781544019991
 21
49093.17486584153
 31
0.0
  0
LINE
  5
54C
330
1F
100
AcDbEntity
  8
6M
 62
     6
100
AcDbLine
 10
2720.762904091329
 20
50244.2757757517
 30
0.0
 11
9025.88921196159
 21
50244.2757757517
 31
0.0
  0
LINE
  5
54D
330
1F
100
AcDbEntity
  8
2Y
 62
     2
100
AcDbLine
 10
218.241738062409
 20
50537.8513577917
 30
0.0
 11
5239.951540371926
 21
50537.8513577917
 31
0.0
  0
LINE
  5
54E
330
1F
100
AcDbEntity
  8
2Y
 62
     2
100
AcDbLine
 10
218.241738062409
 20
48803.07888062916
 30
0.0
 11
3870.394321560451
 21
48803.07888062916
 31
0.0
  0
LINE
  5
54F
330
1F
100
AcDbEntity
  8
2Y
 62
     2
100
AcDbLine
 10
218.241738062409
 20
50172.63609944157
 30
0.0
 11
5422.559169546758
 21
50172.63609944157
 31
0.0
  0
LINE
  5
550
330
1F
100
AcDbEntity
  8
2Y
 62
     2
100
AcDbLine
 10
218.241738062409
 20
48556.55858124293
 30
0.0
 11
3870.394321560451
 21
48556.55858124293
 31
0.0
  0
LINE
  5
551
330
1F
100
AcDbEntity
  8
6M
 62
     6
100
AcDbLine
 10
6514.19618620217
 20
50382.11394216412
 30
0.0
 11
152.1752089649078
 21
50382.11394216412
 31
0.0
  0
LINE
  5
552
330
1F
100
AcDbEntity
  8
2Y
 62
     2
100
AcDbLine
 10
218.241738062409
 20
50537.8513577917
 30
0.0
 11
218.241738062409
 21
48803.07888062916
 31
0.0
  0
ARC
  5
553
330
1F
100
AcDbEntity
  8
2Y
 62
     2
100
AcDbCircle
 10
671.3162018987921
 20
49140.89957853373
 30
0.0
 40
50.75434808602138
100
AcDbArc
 50
90.0
 51
180.0
  0
LINE
  5
554
330
1F
100
AcDbEntity
  8
2Y
 62
     2
100
AcDbLine
 10
867.6099860678066
 20
48662.62590379001
 30
0.0
 11
448.2864657091547
 21
48662.62590379001
 31
0.0
  0
LINE
  5
555
330
1F
100
AcDbEntity
  8
2Y
 62
     2
100
AcDbLine
 10
671.3162018987921
 20
49191.65392661993
 30
0.0
 11
867.6099860678066
 21
49191.65392661993
 31
0.0
  0
ARC
  5
556
330
1F
100
AcDbEntity
  8
2Y
 62
     2
100
AcDbCircle
 10
867.6099860678066
 20
49140.89957853373
 30
0.0
 40
50.75434808602138
100
AcDbArc
 50
0.0
 51
90.0
  0
ARC
  5
557
330
1F
100
AcDbEntity
  8
2Y
 62
     2
100
AcDbCircle
 10
867.6099860678066
 20
48713.38025187597
 30
0.0
 40
50.75434808602138
100
AcDbArc
 50
270.0
 51
0.0
  0
LINE
  5
558
330
1F
100
AcDbEntity
  8
2Y
 62
     2
100
AcDbLine
 10
918.3643341521372
 20
49140.89957853373
 30
0.0
 11
918.3643341521372
 21
48713.38025187597
 31
0.0
  0
TEXT
  5
559
330
1F
100
AcDbEntity
  8
TG
100
AcDbText
 10
1371.354502044209
 20
51567.70699138929
 30
0.0
 40
250.0
  1
TOP BARS
  7
100cl
100
AcDbText
  0
TEXT
  5
55A
330
1F
100
AcDbEntity
  8
TC
 62
     4
100
AcDbText
 10
1924.077334567962
 20
53721.60733860464
 30
0.0
 40
250.0
  1
L1
  7
100cl
100
AcDbText
  0
LINE
  5
55B
330
1F
100
AcDbEntity
  8
2Y
 62
     2
100
AcDbLine
 10
6518.204944601805
 20
51907.40857660411
 30
0.0
 11
6518.204944601805
 21
50537.8513577917
 31
0.0
  0
ARC
  5
55C
330
1F
100
AcDbEntity
  8
2Y
 62
     2
100
AcDbCircle
 10
10185.72060243092
 20
51444.86080513395
 30
0.0
 40
203.0173923440855
100
AcDbArc
 50
90.0
 51
180.0
  0
LINE
  5
55D
330
1F
100
AcDbEntity
  8
2Y
 62
     2
100
AcDbLine
 10
5239.951540371926
 20
51907.40857660411
 30
0.0
 11
5239.951540371926
 21
50537.8513577917
 31
0.0
  0
ARC
  5
55E
330
1F
100
AcDbEntity
  8
2Y
 62
     2
100
AcDbCircle
 10
4038.681033464206
 20
51444.86080513395
 30
0.0
 40
203.0173923440855
100
AcDbArc
 50
0.0
 51
90.0
  0
LINE
  5
55F
330
1F
100
AcDbEntity
  8
2Y
 62
     2
100
AcDbLine
 10
6335.597315426973
 20
50172.63609944157
 30
0.0
 11
6335.597315426973
 21
48752.26711884433
 31
0.0
  0
LINE
  5
560
330
1F
100
AcDbEntity
  8
2Y
 62
     2
100
AcDbLine
 10
5422.559169546758
 20
50172.63609944157
 30
0.0
 11
5422.559169546758
 21
48752.26711884433
 31
0.0
  0
LINE
  5
561
330
1F
100
AcDbEntity
  8
2Y
  6
HIDDEN
 62
     2
100
AcDbLine
 10
5422.559169546758
 20
48752.26711884433
 30
0.0
 11
6335.597315426973
 21
48752.26711884433
 31
0.0
  0
LINE
  5
562
330
1F
100
AcDbEntity
  8
6M
 62
     6
100
AcDbLine
 10
5233.193200958019
 20
50290.91533257918
 30
0.0
 11
6510.42666062858
 21
50290.91533257918
 31
0.0
  0
LINE
  5
563
330
1F
100
AcDbEntity
  8
2Y
 62
     2
100
AcDbLine
 10
4241.698425807582
 20
51444.86080513395
 30
0.0
 11
4241.698425807582
 21
50090.92211372954
 31
0.0
  0
ARC
  5
564
330
1F
100
AcDbEntity
  8
2Y
 62
     2
100
AcDbCircle
 10
4012.956605073587
 20
50659.63229276998
 30
0.0
 40
50.75434808602138
100
AcDbArc
 50
90.0
 51
180.0
  0
ARC
  5
565
330
1F
100
AcDbEntity
  8
2Y
 62
     2
100
AcDbCircle
 10
4012.956605073587
 20
50659.63229276998
 30
0.0
 40
50.75434808602138
100
AcDbArc
 50
90.0
 51
180.0
  0
LINE
  5
566
330
1F
100
AcDbEntity
  8
2Y
 62
     2
100
AcDbLine
 10
4012.956605073587
 20
50710.38664085617
 30
0.0
 11
4379.880692924896
 21
50710.38664085617
 31
0.0
  0
ARC
  5
567
330
1F
100
AcDbEntity
  8
2Y
 62
     2
100
AcDbCircle
 10
4190.944077717662
 20
50090.92211372954
 30
0.0
 40
50.75434808602138
100
AcDbArc
 50
270.0
 51
0.0
  0
ARC
  5
568
330
1F
100
AcDbEntity
  8
2Y
 62
     2
100
AcDbCircle
 10
4012.956605073587
 20
50090.92211372954
 30
0.0
 40
50.75434808602138
100
AcDbArc
 50
180.0
 51
270.0
  0
LINE
  5
569
330
1F
100
AcDbEntity
  8
2Y
 62
     2
100
AcDbLine
 10
4190.944077717662
 20
50040.16776564357
 30
0.0
 11
4012.956605073587
 21
50040.16776564357
 31
0.0
  0
LINE
  5
56A
330
1F
100
AcDbEntity
  8
2Y
 62
     2
100
AcDbLine
 10
3962.202256983669
 20
50090.92211372954
 30
0.0
 11
3962.202256983669
 21
50659.63229276998
 31
0.0
  0
LINE
  5
56B
330
1F
100
AcDbEntity
  8
6M
 62
     6
100
AcDbLine
 10
6510.42666062858
 20
50290.91533257918
 30
0.0
 11
6633.49570083298
 21
50382.11394216412
 31
0.0
  0
LINE
  5
56C
330
1F
100
AcDbEntity
  8
2Y
 62
     2
100
AcDbLine
 10
9982.703210087084
 20
51444.86080513395
 30
0.0
 11
9982.703210087084
 21
49331.72552091874
 31
0.0
  0
LINE
  5
56D
330
1F
100
AcDbEntity
  8
2Y
 62
     2
100
AcDbLine
 10
10189.50642200006
 20
49828.40283292615
 30
0.0
 11
10189.50642200006
 21
50005.85933483359
 31
0.0
  0
LINE
  5
56E
330
1F
100
AcDbEntity
  8
2Y
 62
     2
100
AcDbLine
 10
11593.70298106275
 20
49191.65392661993
 30
0.0
 11
11730.73639073089
 21
49191.65392661993
 31
0.0
  0
LINE
  5
56F
330
1F
100
AcDbEntity
  8
2Y
 62
     2
100
AcDbLine
 10
11730.73639073089
 20
49191.65392661993
 30
0.0
 11
11730.73639073089
 21
48669.86210739137
 31
0.0
  0
LINE
  5
570
330
1F
100
AcDbEntity
  8
2Y
 62
     2
100
AcDbLine
 10
10208.5446311222
 20
49331.72552091874
 30
0.0
 11
10208.5446311222
 21
49517.67023819465
 31
0.0
  0
LINE
  5
571
330
1F
100
AcDbEntity
  8
2Y
 62
     2
100
AcDbLine
 10
10033.45755817188
 20
49280.97117283278
 30
0.0
 11
10157.79028303228
 21
49280.97117283278
 31
0.0
  0
ARC
  5
572
330
1F
100
AcDbEntity
  8
2Y
 62
     2
100
AcDbCircle
 10
10033.45755817188
 20
49331.72552091874
 30
0.0
 40
50.75434808602138
100
AcDbArc
 50
180.0
 51
270.0
  0
LINE
  5
573
330
1F
100
AcDbEntity
  8
2Y
 62
     2
100
AcDbLine
 10
10157.79028303228
 20
49568.42458628061
 30
0.0
 11
9846.818657862545
 21
49568.42458628061
 31
0.0
  0
LINE
  5
574
330
1F
100
AcDbEntity
  8
2Y
 62
     2
100
AcDbLine
 10
9980.086121695173
 20
49777.64848484018
 30
0.0
 11
10138.75207391573
 21
49777.64848484018
 31
0.0
  0
ARC
  5
575
330
1F
100
AcDbEntity
  8
2Y
 62
     2
100
AcDbCircle
 10
10157.79028303228
 20
49517.67023819465
 30
0.0
 40
50.75434808602138
100
AcDbArc
 50
0.0
 51
90.0
  0
ARC
  5
576
330
1F
100
AcDbEntity
  8
2Y
 62
     2
100
AcDbCircle
 10
10157.79028303228
 20
49331.72552091874
 30
0.0
 40
50.75434808602138
100
AcDbArc
 50
270.0
 51
0.0
  0
ARC
  5
577
330
1F
100
AcDbEntity
  8
2Y
 62
     2
100
AcDbCircle
 10
10138.75207391573
 20
49828.40283292638
 30
0.0
 40
50.75434808602138
100
AcDbArc
 50
270.0
 51
0.0
  0
LINE
  5
578
330
1F
100
AcDbEntity
  8
2Y
 62
     2
100
AcDbLine
 10
11730.73639073089
 20
48669.86210739137
 30
0.0
 11
11439.64075386902
 21
48669.86210739137
 31
0.0
  0
LINE
  5
579
330
1F
100
AcDbEntity
  8
2Y
 62
     2
100
AcDbLine
 10
10138.75207391573
 20
50056.61368291978
 30
0.0
 11
9865.856866979097
 21
50056.61368291978
 31
0.0
  0
ARC
  5
57A
330
1F
100
AcDbEntity
  8
2Y
 62
     2
100
AcDbCircle
 10
10138.75207391573
 20
50005.85933483359
 30
0.0
 40
50.75434808602138
100
AcDbArc
 50
0.0
 51
90.0
  0
TEXT
  5
57B
330
1F
100
AcDbEntity
  8
TG
100
AcDbText
 10
7059.850253502895
 20
52253.44368115523
 30
0.0
 40
250.0
  1
0.16L2
  7
100cl
100
AcDbText
  0
TEXT
  5
57C
330
1F
100
AcDbEntity
  8
TG
100
AcDbText
 10
6585.402372013835
 20
52804.66074188579
 30
0.0
 40
250.0
  1
*0.16L1 OR 
  7
100cl
100
AcDbText
  0
LINE
  5
57D
330
1F
100
AcDbEntity
  8
2Y
 62
     2
100
AcDbLine
 10
5239.951540371926
 20
51907.40857660411
 30
0.0
 11
6518.204944601805
 21
51907.40857660411
 31
0.0
  0
LINE
  5
57E
330
1F
100
AcDbEntity
  8
2Y
 62
     2
100
AcDbLine
 10
10567.93740354158
 20
51647.87819747803
 30
0.0
 11
10185.72060243092
 21
51647.87819747803
 31
0.0
  0
TEXT
  5
57F
330
1F
100
AcDbEntity
  8
TC
 62
     4
100
AcDbText
 10
11261.85617290955
 20
53735.34513258132
 30
0.0
 40
250.0
  1
L2
  7
100cl
100
AcDbText
  0
LINE
  5
580
330
1F
100
AcDbEntity
  8
2Y
 62
     2
100
AcDbLine
 10
26624.38682334457
 20
45956.18015541568
 30
0.0
 11
26624.38682334457
 21
49191.87674227323
 31
0.0
  0
LINE
  5
581
330
1F
100
AcDbEntity
  8
2Y
 62
     2
100
AcDbLine
 10
14689.89635017846
 20
48803.07888062916
 30
0.0
 11
14689.89635017846
 21
47433.52166181653
 31
0.0
  0
LINE
  5
582
330
1F
100
AcDbEntity
  8
2Y
 62
     2
100
AcDbLine
 10
18798.56800661894
 20
48803.07888062916
 30
0.0
 11
18798.56800661894
 21
47433.52166181653
 31
0.0
  0
TEXT
  5
583
330
1F
100
AcDbEntity
  8
TG
100
AcDbText
 10
19333.8998750649
 20
47808.07448199777
 30
0.0
 40
250.0
  1
LB/4
  7
100cl
100
AcDbText
  0
TEXT
  5
584
330
1F
100
AcDbEntity
  8
TG
100
AcDbText
 10
12780.38982299208
 20
43657.91324420239
 30
0.0
 40
250.0
  1
CONTINUOUS END
  7
100cl
100
AcDbText
  0
LINE
  5
585
330
1F
100
AcDbEntity
  8
2Y
 62
     2
100
AcDbLine
 10
14507.28872100362
 20
47159.61021805404
 30
0.0
 11
18981.17563579423
 21
47159.61021805404
 31
0.0
  0
LINE
  5
586
330
1F
100
AcDbEntity
  8
2Y
 62
     2
100
AcDbLine
 10
14689.89635017846
 20
47433.52166181653
 30
0.0
 11
18798.56800661894
 21
47433.52166181653
 31
0.0
  0
TEXT
  5
587
330
1F
100
AcDbEntity
  8
TG
100
AcDbText
 10
12507.44392387342
 20
45660.35825913133
 30
0.0
 40
250.0
  1
BOTTOM BARS
  7
100cl
100
AcDbText
  0
LINE
  5
588
330
1F
100
AcDbEntity
  8
2Y
 62
     2
100
AcDbLine
 10
12325.24572288064
 20
45752.93994741807
 30
0.0
 11
11796.72037340613
 21
45752.93994741807
 31
0.0
  0
TEXT
  5
589
330
1F
100
AcDbEntity
  8
TG
100
AcDbText
 10
13337.12742469139
 20
47808.07448199777
 30
0.0
 40
250.0
  1
LB/4
  7
100cl
100
AcDbText
  0
LINE
  5
58A
330
1F
100
AcDbEntity
  8
2Y
 62
     2
100
AcDbLine
 10
14507.28872100362
 20
47433.52166181653
 30
0.0
 11
14507.28872100362
 21
47159.61021805404
 31
0.0
  0
LINE
  5
58B
330
1F
100
AcDbEntity
  8
2Y
 62
     2
100
AcDbLine
 10
14689.89635017846
 20
47433.52166181653
 30
0.0
 11
14507.28872100362
 21
47433.52166181653
 31
0.0
  0
LINE
  5
58C
330
1F
100
AcDbEntity
  8
2Y
 62
     2
100
AcDbLine
 10
18981.17563579423
 20
47433.52166181653
 30
0.0
 11
18981.17563579423
 21
47159.61021805404
 31
0.0
  0
LINE
  5
58D
330
1F
100
AcDbEntity
  8
2Y
 62
     2
100
AcDbLine
 10
18798.56800661894
 20
47433.52166181653
 30
0.0
 11
18981.17563579423
 21
47433.52166181653
 31
0.0
  0
TEXT
  5
58E
330
1F
100
AcDbEntity
  8
TG
100
AcDbText
 10
22422.54020415951
 20
43660.15393255058
 30
0.0
 40
250.0
  1
DISCONTINUOUS END
  7
100cl
100
AcDbText
  0
TEXT
  5
58F
330
1F
100
AcDbEntity
  8
TG
100
AcDbText
 10
21296.59811751085
 20
44586.39454290353
 30
0.0
 40
250.0
  1
STIRRUPS
  7
100cl
100
AcDbText
  0
TEXT
  5
590
330
1F
100
AcDbEntity
  8
TG
100
AcDbText
 10
23143.63294758421
 20
45660.35825913133
 30
0.0
 40
250.0
  1
BOTTOM BARS
  7
100cl
100
AcDbText
  0
TEXT
  5
591
330
1F
100
AcDbEntity
  8
TC
 62
     4
100
AcDbText
 10
22004.64061914018
 20
46980.38928291634
 30
0.0
 40
250.0
  1
L
  7
100cl
100
AcDbText
  0
TEXT
  5
592
330
1F
100
AcDbEntity
  8
TC
100
AcDbText
 10
22327.0853711465
 20
46842.02429492156
 30
0.0
 40
250.0
  1
B
  7
100cl
100
AcDbText
  0
ARC
  5
593
330
1F
100
AcDbEntity
  8
2Y
 62
     2
100
AcDbCircle
 10
26421.36943100119
 20
45956.18015541568
 30
0.0
 40
203.0173923440855
100
AcDbArc
 50
270.0
 51
0.0
  0
LINE
  5
594
330
1F
100
AcDbEntity
  8
2Y
 62
     2
100
AcDbLine
 10
25966.07819908584
 20
45753.16276307161
 30
0.0
 11
26421.36943100119
 21
45753.16276307161
 31
0.0
  0
LINE
  5
595
330
1F
100
AcDbEntity
  8
2Y
 62
     2
100
AcDbLine
 10
25555.05028609565
 20
47433.52166181653
 30
0.0
 11
25555.05028609565
 21
47159.61021805404
 31
0.0
  0
TEXT
  5
596
330
1F
100
AcDbEntity
  8
TG
100
AcDbText
 10
24598.29227133567
 20
47808.07448199777
 30
0.0
 40
250.0
  1
LB/4
  7
100cl
100
AcDbText
  0
LINE
  5
597
330
1F
100
AcDbEntity
  8
2Y
 62
     2
100
AcDbLine
 10
25555.05028609565
 20
47433.52166181653
 30
0.0
 11
25737.65791527095
 21
47433.52166181653
 31
0.0
  0
TEXT
  5
598
330
1F
100
AcDbEntity
  8
TG
100
AcDbText
 10
18970.62754070485
 20
51567.70699138929
 30
0.0
 40
250.0
  1
TOP BARS
  7
100cl
100
AcDbText
  0
LINE
  5
599
330
1F
100
AcDbEntity
  8
6M
 62
     6
100
AcDbLine
 10
13540.26493271492
 20
50244.2757757517
 30
0.0
 11
19829.83098739112
 21
50244.2757757517
 31
0.0
  0
LINE
  5
59A
330
1F
100
AcDbEntity
  8
6M
 62
     6
100
AcDbLine
 10
20618.36078220286
 20
49093.17486584153
 30
0.0
 11
12848.67152547423
 21
49093.17486584153
 31
0.0
  0
LINE
  5
59B
330
1F
100
AcDbEntity
  8
6M
 62
     6
100
AcDbLine
 10
22907.23966305429
 20
48976.70481232776
 30
0.0
 11
12002.918022872
 21
48976.70481232776
 31
0.0
  0
LINE
  5
59C
330
1F
100
AcDbEntity
  8
2Y
 62
     2
100
AcDbLine
 10
17155.09934404498
 20
50172.63609944157
 30
0.0
 11
27289.82276325725
 21
50172.63609944157
 31
0.0
  0
LINE
  5
59D
330
1F
100
AcDbEntity
  8
2Y
 62
     2
100
AcDbLine
 10
18798.56800661894
 20
48803.07888062916
 30
0.0
 11
25737.65791527095
 21
48803.07888062916
 31
0.0
  0
LINE
  5
59E
330
1F
100
AcDbEntity
  8
2Y
 62
     2
100
AcDbLine
 10
18798.56800661894
 20
48556.55858124293
 30
0.0
 11
25737.65791527095
 21
48556.55858124293
 31
0.0
  0
LINE
  5
59F
330
1F
100
AcDbEntity
  8
2Y
 62
     2
100
AcDbLine
 10
17337.70697321981
 20
51907.40857660411
 30
0.0
 11
17337.70697321981
 21
50537.8513577917
 31
0.0
  0
LINE
  5
5A0
330
1F
100
AcDbEntity
  8
2Y
 62
     2
100
AcDbLine
 10
18066.37470796198
 20
51489.74224389404
 30
0.0
 11
18066.37470796198
 21
50091.14492938308
 31
0.0
  0
LINE
  5
5A1
330
1F
100
AcDbEntity
  8
2Y
 62
     2
100
AcDbLine
 10
16059.45356899552
 20
51907.40857660411
 30
0.0
 11
16059.45356899552
 21
50537.8513577917
 31
0.0
  0
LINE
  5
5A2
330
1F
100
AcDbEntity
  8
6M
 62
     6
100
AcDbLine
 10
11859.47809796739
 20
49093.17486584153
 30
0.0
 11
12007.25507074972
 21
48973.18322516409
 31
0.0
  0
LINE
  5
5A3
330
1F
100
AcDbEntity
  8
2Y
 62
     2
100
AcDbLine
 10
17155.09934404498
 20
50172.63609944157
 30
0.0
 11
17155.09934404498
 21
48752.26711884433
 31
0.0
  0
LINE
  5
5A4
330
1F
100
AcDbEntity
  8
2Y
 62
     2
100
AcDbLine
 10
16242.06119817035
 20
50172.63609944157
 30
0.0
 11
16242.06119817035
 21
48752.26711884433
 31
0.0
  0
LINE
  5
5A5
330
1F
100
AcDbEntity
  8
2Y
  6
HIDDEN
 62
     2
100
AcDbLine
 10
16242.06119817035
 20
48752.26711884433
 30
0.0
 11
17155.09934404498
 21
48752.26711884433
 31
0.0
  0
LINE
  5
5A6
330
1F
100
AcDbEntity
  8
6M
 62
     6
100
AcDbLine
 10
17329.92868924705
 20
50290.91533257918
 30
0.0
 11
17452.99772945145
 21
50382.11394216412
 31
0.0
  0
LINE
  5
5A7
330
1F
100
AcDbEntity
  8
6M
 62
     6
100
AcDbLine
 10
16052.69522958161
 20
50290.91533257918
 30
0.0
 11
17329.92868924705
 21
50290.91533257918
 31
0.0
  0
LINE
  5
5A8
330
1F
100
AcDbEntity
  8
2Y
 62
     2
100
AcDbLine
 10
18310.41701106686
 20
50707.74223037962
 30
0.0
 11
17923.84541266976
 21
50915.48314469274
 31
0.0
  0
LINE
  5
5A9
330
1F
100
AcDbEntity
  8
2Y
 62
     2
100
AcDbLine
 10
18337.14577023132
 20
50091.14492938308
 30
0.0
 11
18337.14577023132
 21
50663.03456966685
 31
0.0
  0
LINE
  5
5AA
330
1F
100
AcDbEntity
  8
2Y
 62
     2
100
AcDbLine
 10
18117.12905605189
 20
50040.39058129689
 30
0.0
 11
18286.3914221414
 21
50040.39058129689
 31
0.0
  0
ARC
  5
5AB
330
1F
100
AcDbEntity
  8
2Y
 62
     2
100
AcDbCircle
 10
18117.12905605189
 20
50091.14492938308
 30
0.0
 40
50.75434808602138
100
AcDbArc
 50
180.0
 51
270.0
  0
ARC
  5
5AC
330
1F
100
AcDbEntity
  8
2Y
 62
     2
100
AcDbCircle
 10
18286.3914221414
 20
50091.14492938308
 30
0.0
 40
50.75434808602138
100
AcDbArc
 50
270.0
 51
0.0
  0
ARC
  5
5AD
330
1F
100
AcDbEntity
  8
2Y
 62
     2
100
AcDbCircle
 10
18286.3914221414
 20
50663.03456966685
 30
0.0
 40
50.75434808602138
100
AcDbArc
 50
0.0
 51
61.74672207785662
  0
TEXT
  5
5AE
330
1F
100
AcDbEntity
  8
TG
100
AcDbText
 10
13600.81263316708
 20
52787.66309061078
 30
0.0
 40
250.0
  1
*0.16L3 OR
  7
100cl
100
AcDbText
  0
TEXT
  5
5AF
330
1F
100
AcDbEntity
  8
TG
100
AcDbText
 10
14100.23362759786
 20
52253.44368115523
 30
0.0
 40
250.0
  1
0.16L2
  7
100cl
100
AcDbText
  0
TEXT
  5
5B0
330
1F
100
AcDbEntity
  8
TG
100
AcDbText
 10
17479.04078785103
 20
52787.66309061078
 30
0.0
 40
250.0
  1
*0.16L3 OR
  7
100cl
100
AcDbText
  0
LINE
  5
5B1
330
1F
100
AcDbEntity
  8
2Y
 62
     2
100
AcDbLine
 10
16059.45356899552
 20
51907.40857660411
 30
0.0
 11
17337.70697321981
 21
51907.40857660411
 31
0.0
  0
TEXT
  5
5B2
330
1F
100
AcDbEntity
  8
TG
100
AcDbText
 10
17902.20000618469
 20
52253.44368115523
 30
0.0
 40
250.0
  1
0.16L2
  7
100cl
100
AcDbText
  0
ARC
  5
5B3
330
1F
100
AcDbEntity
  8
2Y
 62
     2
100
AcDbCircle
 10
18269.39210030535
 20
51489.74224389404
 30
0.0
 40
203.0173923440855
100
AcDbArc
 50
90.0
 51
180.0
  0
LINE
  5
5B4
330
1F
100
AcDbEntity
  8
2Y
 62
     2
100
AcDbLine
 10
18761.25603357336
 20
51692.75963623811
 30
0.0
 11
18269.39210030535
 21
51692.75963623811
 31
0.0
  0
LINE
  5
5B5
330
1F
100
AcDbEntity
  8
2Y
 62
     2
100
AcDbLine
 10
26924.60750490759
 20
51907.40857660411
 30
0.0
 11
26924.60750490759
 21
50537.8513577917
 31
0.0
  0
LINE
  5
5B6
330
1F
100
AcDbEntity
  8
6M
 62
     6
100
AcDbLine
 10
22907.23966305429
 20
49093.17486584153
 30
0.0
 11
21628.98625883
 21
49093.17486584153
 31
0.0
  0
LINE
  5
5B7
330
1F
100
AcDbEntity
  8
6M
 62
     6
100
AcDbLine
 10
22907.23966305429
 20
49093.17486584153
 30
0.0
 11
23055.01663583616
 21
48973.18322516409
 31
0.0
  0
LINE
  5
5B8
330
1F
100
AcDbEntity
  8
2Y
 62
     2
100
AcDbLine
 10
27289.82276325725
 20
50172.63609944157
 30
0.0
 11
27289.82276325725
 21
48803.07888062916
 31
0.0
  0
LINE
  5
5B9
330
1F
100
AcDbEntity
  8
6M
 62
     6
100
AcDbLine
 10
27782.44897452748
 20
50141.40534746403
 30
0.0
 11
27782.44897452748
 21
49093.17486584153
 31
0.0
  0
LINE
  5
5BA
330
1F
100
AcDbEntity
  8
6M
 62
     6
100
AcDbLine
 10
27782.44897452748
 20
49093.17486584153
 30
0.0
 11
23900.21767073643
 21
49093.17486584153
 31
0.0
  0
LINE
  5
5BB
330
1F
100
AcDbEntity
  8
2Y
 62
     2
100
AcDbLine
 10
26624.38682334457
 20
49191.87674227323
 30
0.0
 11
26416.94930017559
 21
49191.87674227323
 31
0.0
  0
LINE
  5
5BC
330
1F
100
AcDbEntity
  8
2Y
 62
     2
100
AcDbLine
 10
26416.94930017559
 20
48699.36926606543
 30
0.0
 11
26717.55960586021
 21
48699.36926606543
 31
0.0
  0
LINE
  5
5BD
330
1F
100
AcDbEntity
  8
2Y
 62
     2
100
AcDbLine
 10
26416.94930017559
 20
49191.87674227323
 30
0.0
 11
26416.94930017559
 21
48699.36926606543
 31
0.0
  0
LINE
  5
5BE
330
1F
100
AcDbEntity
  8
6M
 62
     6
100
AcDbLine
 10
24394.25171975798
 20
50244.2757757517
 30
0.0
 11
27778.61373191892
 21
50244.2757757517
 31
0.0
  0
TEXT
  5
5BF
330
1F
100
AcDbEntity
  8
TC
 62
     4
100
AcDbText
 10
22134.75837898586
 20
53729.20783607256
 30
0.0
 40
250.0
  1
L3
  7
100cl
100
AcDbText
  0
TEXT
  5
5C0
330
1F
100
AcDbEntity
  8
TG
100
AcDbText
 10
24956.62024655851
 20
52798.43985932799
 30
0.0
 40
250.0
  1
*0.16L3
  7
100cl
100
AcDbText
  0
TEXT
  5
5C1
330
1F
100
AcDbEntity
  8
TG
100
AcDbText
 10
29287.55031980394
 20
48012.05016966409
 30
0.0
 40
250.0
  1
BOTTOM BARS
  7
100cl
100
AcDbText
  0
TEXT
  5
5C2
330
1F
100
AcDbEntity
  8
TITLE
 62
     6
100
AcDbText
 10
28697.7484308384
 20
47083.58933774721
 30
0.0
 40
600.0
  1
SECTION
  7
240CL
100
AcDbText
  0
LINE
  5
5C3
330
1F
100
AcDbEntity
  8
2Y
 62
     2
100
AcDbLine
 10
28202.86090913188
 20
51907.40857660411
 30
0.0
 11
28202.86090913188
 21
50537.8513577917
 31
0.0
  0
LINE
  5
5C4
330
1F
100
AcDbEntity
  8
2Y
 62
     2
100
AcDbLine
 10
31332.42322137865
 20
49242.63627017581
 30
0.0
 11
30783.59148155438
 21
49242.63627017581
 31
0.0
  0
LINE
  5
5C5
330
1F
100
AcDbEntity
  8
2Y
 62
     2
100
AcDbLine
 10
30977.07859287138
 20
49872.8862612726
 30
0.0
 11
31332.42322137865
 21
49872.8862612726
 31
0.0
  0
LINE
  5
5C6
330
1F
100
AcDbEntity
  8
4C
 62
     4
100
AcDbLine
 10
29991.45578300772
 20
49061.10767546635
 30
0.0
 11
29991.45578300772
 21
50258.59001421592
 31
0.0
  0
LINE
  5
5C7
330
1F
100
AcDbEntity
  8
2Y
 62
     2
100
AcDbLine
 10
29796.50530055497
 20
50537.8513577917
 30
0.0
 11
29796.50530055497
 21
48803.07888062916
 31
0.0
  0
LINE
  5
5C8
330
1F
100
AcDbEntity
  8
2Y
 62
     2
100
AcDbLine
 10
31074.75870477926
 20
50537.8513577917
 30
0.0
 11
31074.75870477926
 21
48803.07888062916
 31
0.0
  0
LINE
  5
5C9
330
1F
100
AcDbEntity
  8
4C
 62
     4
100
AcDbLine
 10
30862.93768656399
 20
50258.59001421592
 30
0.0
 11
30862.93768656399
 21
49061.10767546635
 31
0.0
  0
LWPOLYLINE
  5
5CA
330
1F
100
AcDbEntity
  8
2Y
 62
     2
100
AcDbPolyline
 90
        2
 70
     1
 43
0.0
 10
30682.92500030954
 20
49872.8862612726
 42
1.0
 10
30987.45108883182
 20
49872.8862612726
 42
1.0
  0
LINE
  5
5CB
330
1F
100
AcDbEntity
  8
6M
 62
     6
100
AcDbLine
 10
27869.91754650657
 20
49316.40913507588
 30
0.0
 11
27869.91754650657
 21
50152.97196116428
 31
0.0
  0
LINE
  5
5CC
330
1F
100
AcDbEntity
  8
6M
 62
     6
100
AcDbLine
 10
27941.48274176108
 20
50180.22869863513
 30
0.0
 11
27941.48274176108
 21
49068.00862691541
 31
0.0
  0
LINE
  5
5CD
330
1F
100
AcDbEntity
  8
2Y
 62
     2
100
AcDbLine
 10
28202.86090913188
 20
50537.8513577917
 30
0.0
 11
28202.86090913188
 21
48803.07888062916
 31
0.0
  0
LINE
  5
5CE
330
1F
100
AcDbEntity
  8
6M
 62
     6
100
AcDbLine
 10
28020.99962537788
 20
50290.81012757671
 30
0.0
 11
28020.99962537788
 21
49316.40913507588
 31
0.0
  0
TEXT
  5
5CF
330
1F
100
AcDbEntity
  8
TG
100
AcDbText
 10
29087.92859447521
 20
49602.02603767616
 30
0.0
 40
250.0
  1
d
 50
90.0
  7
100cl
100
AcDbText
  0
ARC
  5
5D0
330
1F
100
AcDbEntity
  8
6M
 62
     6
100
AcDbCircle
 10
27850.17892717343
 20
49068.00862691541
 30
0.0
 40
91.30381458750189
100
AcDbArc
 50
270.0
 51
0.0
  0
LWPOLYLINE
  5
5D1
330
1F
100
AcDbEntity
  8
4C
 62
     4
100
AcDbPolyline
 90
        2
 70
     1
 43
36.52152583500076
 10
30791.86781819869
 20
49436.63843459835
 42
1.0
 10
30828.38934403571
 20
49436.63843459835
 42
1.0
  0
LINE
  5
5D2
330
1F
100
AcDbEntity
  8
2Y
 62
     2
100
AcDbLine
 10
30783.59148155438
 20
49242.63627017581
 30
0.0
 11
30731.99491854018
 21
49289.90501950787
 31
0.0
  0
LINE
  5
5D3
330
1F
100
AcDbEntity
  8
2Y
 62
     2
100
AcDbLine
 10
30731.99491854018
 20
49289.90501950787
 30
0.0
 11
30989.97773362609
 21
49289.90501950787
 31
0.0
  0
LINE
  5
5D4
330
1F
100
AcDbEntity
  8
2Y
 62
     2
100
AcDbLine
 10
30989.97773362609
 20
49289.90501950787
 30
0.0
 11
31093.17085965962
 21
49132.34252173373
 31
0.0
  0
LINE
  5
5D5
330
1F
100
AcDbEntity
  8
2Y
 62
     2
100
AcDbLine
 10
31303.01824124815
 20
48803.07888062916
 30
0.0
 11
31303.01824124815
 21
48556.55858124293
 31
0.0
  0
LINE
  5
5D6
330
1F
100
AcDbEntity
  8
2Y
 62
     2
100
AcDbLine
 10
31074.75870477926
 20
48803.07888062916
 30
0.0
 11
31303.01824124815
 21
48803.07888062916
 31
0.0
  0
ARC
  5
5D7
330
1F
100
AcDbEntity
  8
4C
 62
     4
100
AcDbCircle
 10
30771.63387197634
 20
49061.10767546635
 30
0.0
 40
91.30381458750189
100
AcDbArc
 50
270.0
 51
0.0
  0
LWPOLYLINE
  5
5D8
330
1F
100
AcDbEntity
  8
4C
 62
     4
100
AcDbPolyline
 90
        2
 70
     1
 43
54.78228875250113
 10
30749.18314716272
 20
49048.56716402935
 42
1.0
 10
30803.96543592127
 20
49048.56716402935
 42
1.0
  0
LWPOLYLINE
  5
5D9
330
1F
100
AcDbEntity
  8
4C
 62
     4
100
AcDbPolyline
 90
        2
 70
     1
 43
36.52152583500076
 10
30800.46186573204
 20
49887.64018147591
 42
1.0
 10
30836.98339156906
 20
49887.64018147591
 42
1.0
  0
LWPOLYLINE
  5
5DA
330
1F
100
AcDbEntity
  8
4C
 62
     4
100
AcDbPolyline
 90
        2
 70
     1
 43
36.52152583500076
 10
30035.59163538885
 20
49436.63843459835
 42
1.0
 10
30072.11316121981
 20
49436.63843459835
 42
1.0
  0
ARC
  5
5DB
330
1F
100
AcDbEntity
  8
4C
 62
     4
100
AcDbCircle
 10
30082.75959759537
 20
49061.10767546635
 30
0.0
 40
91.30381458750189
100
AcDbArc
 50
180.0
 51
270.0
  0
LWPOLYLINE
  5
5DC
330
1F
100
AcDbEntity
  8
4C
 62
     4
100
AcDbPolyline
 90
        2
 70
     1
 43
54.78228875250113
 10
30053.0652970756
 20
49059.05557674741
 42
1.0
 10
30107.8475858281
 20
49059.05557674741
 42
1.0
  0
LINE
  5
5DD
330
1F
100
AcDbEntity
  8
2Y
 62
     2
100
AcDbLine
 10
29568.24576408655
 20
48803.07888062916
 30
0.0
 11
29568.24576408655
 21
48556.55858124293
 31
0.0
  0
LINE
  5
5DE
330
1F
100
AcDbEntity
  8
2Y
 62
     2
100
AcDbLine
 10
29796.50530055497
 20
48803.07888062916
 30
0.0
 11
29568.24576408655
 21
48803.07888062916
 31
0.0
  0
LWPOLYLINE
  5
5DF
330
1F
100
AcDbEntity
  8
4C
 62
     4
100
AcDbPolyline
 90
        2
 70
     1
 43
36.52152583500076
 10
30026.9975878555
 20
49898.12859419374
 42
1.0
 10
30063.51911369252
 20
49898.12859419374
 42
1.0
  0
LINE
  5
5E0
330
1F
100
AcDbEntity
  8
4C
 62
     4
100
AcDbLine
 10
30771.63387197634
 20
48969.80386087894
 30
0.0
 11
30082.75959759537
 21
48969.80386087894
 31
0.0
  0
LINE
  5
5E1
330
1F
100
AcDbEntity
  8
2Y
 62
     2
100
AcDbLine
 10
29568.24576408655
 20
48556.55858124293
 30
0.0
 11
31303.01824124815
 21
48556.55858124293
 31
0.0
  0
LINE
  5
5E2
330
1F
100
AcDbEntity
  8
2Y
 62
     2
100
AcDbLine
 10
29796.50530055497
 20
48803.07888062916
 30
0.0
 11
31074.75870477926
 21
48803.07888062916
 31
0.0
  0
ARC
  5
5E3
330
1F
100
AcDbEntity
  8
6M
 62
     6
100
AcDbCircle
 10
27929.69581079023
 20
50290.81012757671
 30
0.0
 40
91.30381458750189
100
AcDbArc
 50
0.0
 51
90.0
  0
ARC
  5
5E4
330
1F
100
AcDbEntity
  8
4C
 62
     4
100
AcDbCircle
 10
30771.63387197634
 20
50258.59001421592
 30
0.0
 40
91.30381458750189
100
AcDbArc
 50
0.0
 51
90.0
  0
LWPOLYLINE
  5
5E5
330
1F
100
AcDbEntity
  8
4C
 62
     4
100
AcDbPolyline
 90
        2
 70
     1
 43
54.78228875250113
 10
30749.18314716272
 20
50286.19986476297
 42
1.0
 10
30803.96543592127
 20
50286.19986476297
 42
1.0
  0
LINE
  5
5E6
330
1F
100
AcDbEntity
  8
4C
 62
     4
100
AcDbLine
 10
30742.19810141629
 20
50349.13034107129
 30
0.0
 11
30596.09929337498
 21
50212.78097573634
 31
0.0
  0
LINE
  5
5E7
330
1F
100
AcDbEntity
  8
4C
 62
     4
100
AcDbLine
 10
30862.51476686361
 20
50265.22303932686
 30
0.0
 11
30690.63381622318
 21
50118.38526127361
 31
0.0
  0
ARC
  5
5E8
330
1F
100
AcDbEntity
  8
4C
 62
     4
100
AcDbCircle
 10
30082.75959759537
 20
50258.59001421592
 30
0.0
 40
91.30381458750189
100
AcDbArc
 50
90.0
 51
180.0
  0
LWPOLYLINE
  5
5E9
330
1F
100
AcDbEntity
  8
4C
 62
     4
100
AcDbPolyline
 90
        2
 70
     1
 43
54.78228875250113
 10
30061.65934460337
 20
50286.19986476297
 42
1.0
 10
30116.44163336192
 20
50286.19986476297
 42
1.0
  0
LINE
  5
5EA
330
1F
100
AcDbEntity
  8
4C
 62
     4
100
AcDbLine
 10
30082.75959759537
 20
50349.89382880334
 30
0.0
 11
30771.63387197634
 21
50349.89382880334
 31
0.0
  0
LINE
  5
5EB
330
1F
100
AcDbEntity
  8
2Y
 62
     2
100
AcDbLine
 10
29796.50530055497
 20
50537.8513577917
 30
0.0
 11
31074.75870477926
 21
50537.8513577917
 31
0.0
  0
TEXT
  5
5EC
330
1F
100
AcDbEntity
  8
TG
100
AcDbText
 10
29604.49559127173
 20
50849.10530051276
 30
0.0
 40
250.0
  1
TOP BARS
  7
100cl
100
AcDbText
  0
TEXT
  5
5ED
330
1F
100
AcDbEntity
  8
TG
100
AcDbText
 10
31500.95019856008
 20
49763.13009184728
 30
0.0
 40
250.0
  1
WEB BARS
 41
0.9
  7
100cl
100
AcDbText
  0
TEXT
  5
5EE
330
1F
100
AcDbEntity
  8
TG
100
AcDbText
 10
31500.95019856008
 20
49112.04506479915
 30
0.0
 40
250.0
  1
STIRRUPS
 41
0.9
  7
100cl
100
AcDbText
  0
TEXT
  5
5EF
330
1F
100
AcDbEntity
  8
TG
100
AcDbText
 10
30299.7761169207
 20
52777.35547410081
 30
0.0
 40
250.0
  1
b
  7
100cl
100
AcDbText
  0
DIMENSION
  5
5F0
330
1F
100
AcDbEntity
  8
DIM
100
AcDbDimension
280
     0
  2
*D23
 10
13540.26493271492
 20
52637.83909330413
 30
0.0
 11
14799.85925085522
 21
52637.83909330413
 31
0.0
 70
    32
  1
 
 71
     5
 42
2519.188636280596
 73
     0
 74
     0
 75
     0
  3
DIMBLK3
100
AcDbAlignedDimension
 13
16059.45356899552
 23
51907.40857660411
 33
0.0
 14
13540.26493271492
 24
50244.2757757517
 34
0.0
100
AcDbRotatedDimension
1001
ACAD
1000
DSTYLE
1002
{
1070
   174
1070
     1
1002
}
  0
DIMENSION
  5
5F1
330
1F
100
AcDbEntity
  8
DIM
100
AcDbDimension
280
     0
  2
*D24
 10
19856.89560950087
 20
52637.83909330413
 30
0.0
 11
18597.30129136034
 21
52637.83909330413
 31
0.0
 70
    32
  1
 
 71
     5
 42
2519.188636281062
 73
     0
 74
     0
 75
     0
  3
DIMBLK3
100
AcDbAlignedDimension
 13
17337.70697321981
 23
51907.40857660411
 33
0.0
 14
19856.89560950087
 24
50244.2757757517
 34
0.0
100
AcDbRotatedDimension
1001
ACAD
1000
DSTYLE
1002
{
1070
   174
1070
     1
1002
}
  0
DIMENSION
  5
5F2
330
1F
100
AcDbEntity
  8
DIM
100
AcDbDimension
280
     0
  2
*D25
 10
9029.059845756796
 20
52637.83909330413
 30
0.0
 11
7773.6323951793
 21
52637.83909330413
 31
0.0
 70
    32
  1
 
 71
     5
 42
2510.854901154991
 73
     0
 74
     0
 75
     0
  3
DIMBLK3
100
AcDbAlignedDimension
 13
6518.204944601805
 23
51907.40857660411
 33
0.0
 14
9029.059845756796
 24
50244.2757757517
 34
0.0
100
AcDbRotatedDimension
1001
ACAD
1000
DSTYLE
1002
{
1070
   174
1070
     1
1002
}
  0
DIMENSION
  5
5F3
330
1F
100
AcDbEntity
  8
DIM
100
AcDbDimension
280
     0
  2
*D26
 10
2720.762904091329
 20
52637.83909330413
 30
0.0
 11
3980.357222231628
 21
52637.83909330413
 31
0.0
 70
    32
  1
 
 71
     5
 42
2519.188636280597
 73
     0
 74
     0
 75
     0
  3
DIMBLK3
100
AcDbAlignedDimension
 13
5239.951540371926
 23
51907.40857660411
 33
0.0
 14
2720.762904091329
 24
50244.2757757517
 34
0.0
100
AcDbRotatedDimension
1001
ACAD
1000
DSTYLE
1002
{
1070
   174
1070
     1
1002
}
  0
DIMENSION
  5
5F4
330
1F
100
AcDbEntity
  8
DIM
100
AcDbDimension
280
     0
  2
*D27
 10
16059.45356899552
 20
53550.87723917923
 30
0.0
 11
11288.82925679866
 21
53775.87723917923
 31
0.0
 70
    32
  1
  
 71
     5
 42
9541.248624393716
 73
     0
 74
     0
 75
     0
  3
DIMBLK3
100
AcDbAlignedDimension
 13
6518.204944601805
 23
52637.83909330413
 33
0.0
 14
16059.45356899552
 24
52637.83909330413
 34
0.0
100
AcDbRotatedDimension
1001
ACAD
1000
DSTYLE
1002
{
1070
   174
1070
     1
1002
}
  0
DIMENSION
  5
5F5
330
1F
100
AcDbEntity
  8
DIM
100
AcDbDimension
280
     0
  2
*D28
 10
14689.89635017846
 20
46730.48228949275
 30
0.0
 11
11334.48116408969
 21
46730.48228949275
 31
0.0
 70
    32
  1
 
 71
     5
 42
6710.830372177529
 73
     0
 74
     0
 75
     0
  3
DIMBLK3
100
AcDbAlignedDimension
 13
7979.065978000929
 23
47081.04112259358
 33
0.0
 14
14689.89635017846
 24
47064.96016223881
 34
0.0
100
AcDbRotatedDimension
1001
ACAD
1000
DSTYLE
1002
{
1070
   174
1070
     1
1002
}
  0
DIMENSION
  5
5F6
330
1F
100
AcDbEntity
  8
DIM
100
AcDbDimension
280
     0
  2
*D29
 10
7979.065978000929
 20
47643.52043536784
 30
0.0
 11
8885.462881994257
 21
47643.52043536784
 31
0.0
 70
    32
  1
 
 71
     5
 42
1812.793807986657
 73
     0
 74
     0
 75
     0
  3
DIMBLK3
100
AcDbAlignedDimension
 13
9791.859785987586
 23
49093.17486584153
 33
0.0
 14
7979.065978000929
 24
48803.07888062916
 34
0.0
100
AcDbRotatedDimension
1001
ACAD
1000
DSTYLE
1002
{
1070
   174
1070
     1
1002
}
  0
DIMENSION
  5
5F7
330
1F
100
AcDbEntity
  8
DIM
100
AcDbDimension
280
     0
  2
*D30
 10
14689.89635017846
 20
47643.52043536784
 30
0.0
 11
13769.28393782634
 21
47643.52043536784
 31
0.0
 70
    32
  1
 
 71
     5
 42
1841.22482470423
 73
     0
 74
     0
 75
     0
  3
DIMBLK3
100
AcDbAlignedDimension
 13
12848.67152547423
 23
49093.17486584153
 33
0.0
 14
14689.89635017846
 24
47643.52043536784
 34
0.0
100
AcDbRotatedDimension
1001
ACAD
1000
DSTYLE
1002
{
1070
   174
1070
     1
1002
}
  0
DIMENSION
  5
5F8
330
1F
100
AcDbEntity
  8
DIM
100
AcDbDimension
280
     0
  2
*D31
 10
16059.45356899552
 20
44420.495780429
 30
0.0
 11
11288.82925679866
 21
44420.495780429
 31
0.0
 70
    32
  1
 
 71
     5
 42
9541.248624393716
 73
     0
 74
     0
 75
     0
  3
DIMBLK3
100
AcDbAlignedDimension
 13
6518.204944601805
 23
47159.61021805404
 33
0.0
 14
16059.45356899552
 24
47159.61021805404
 34
0.0
100
AcDbRotatedDimension
1001
ACAD
1000
DSTYLE
1002
{
1070
   174
1070
     1
1002
}
  0
DIMENSION
  5
5F9
330
1F
100
AcDbEntity
  8
DIM
100
AcDbDimension
280
     0
  2
*D32
 10
3870.394321560451
 20
47643.52043536784
 30
0.0
 11
2955.087932790221
 21
47643.52043536784
 31
0.0
 70
    32
  1
 
 71
     5
 42
1830.61277754046
 73
     0
 74
     0
 75
     0
  3
DIMBLK3
100
AcDbAlignedDimension
 13
2039.781544019991
 23
49093.17486584153
 33
0.0
 14
3870.394321560451
 24
48803.07888062916
 34
0.0
100
AcDbRotatedDimension
1001
ACAD
1000
DSTYLE
1002
{
1070
   174
1070
     1
1002
}
  0
DIMENSION
  5
5FA
330
1F
100
AcDbEntity
  8
DIM
100
AcDbDimension
280
     0
  2
*D33
 10
18798.56800661894
 20
46730.48228949275
 30
0.0
 11
22268.11296094471
 21
46730.48228949275
 31
0.0
 70
    32
  1
 
 71
     5
 42
6939.089908651542
 73
     0
 74
     0
 75
     0
  3
DIMBLK3
100
AcDbAlignedDimension
 13
25737.65791527048
 23
47081.04112259358
 33
0.0
 14
18798.56800661894
 24
47064.96016223881
 34
0.0
100
AcDbRotatedDimension
1001
ACAD
1000
DSTYLE
1002
{
1070
   174
1070
     1
1002
}
  0
DIMENSION
  5
5FB
330
1F
100
AcDbEntity
  8
DIM
100
AcDbDimension
280
     0
  2
*D34
 10
25737.65791527048
 20
47643.52043536784
 30
0.0
 11
24831.26101127715
 21
47643.52043536784
 31
0.0
 70
    32
  1
 
 71
     5
 42
1812.793807986658
 73
     0
 74
     0
 75
     0
  3
DIMBLK3
100
AcDbAlignedDimension
 13
23924.86410728382
 23
49093.17486584153
 33
0.0
 14
25737.65791527048
 24
48803.07888062916
 34
0.0
100
AcDbRotatedDimension
1001
ACAD
1000
DSTYLE
1002
{
1070
   174
1070
     1
1002
}
  0
DIMENSION
  5
5FC
330
1F
100
AcDbEntity
  8
DIM
100
AcDbDimension
280
     0
  2
*D35
 10
18798.56800661894
 20
47643.52043536784
 30
0.0
 11
19719.18041897105
 21
47643.52043536784
 31
0.0
 70
    32
  1
 
 71
     5
 42
1841.22482470423
 73
     0
 74
     0
 75
     0
  3
DIMBLK3
100
AcDbAlignedDimension
 13
20639.79283132317
 23
49093.17486584153
 33
0.0
 14
18798.56800661894
 24
48803.07888062916
 34
0.0
100
AcDbRotatedDimension
1001
ACAD
1000
DSTYLE
1002
{
1070
   174
1070
     1
1002
}
  0
DIMENSION
  5
5FD
330
1F
100
AcDbEntity
  8
DIM
100
AcDbDimension
280
     0
  2
*D36
 10
17337.70697321981
 20
44420.495780429
 30
0.0
 11
22153.98319270794
 21
44420.495780429
 31
0.0
 70
    32
  1
 
 71
     5
 42
9632.552438976244
 73
     0
 74
     0
 75
     0
  3
DIMBLK3
100
AcDbAlignedDimension
 13
26970.25941219606
 23
47159.61021805404
 33
0.0
 14
17337.70697321981
 24
47159.61021805404
 34
0.0
100
AcDbRotatedDimension
1001
ACAD
1000
DSTYLE
1002
{
1070
   174
1070
     1
1002
}
  0
DIMENSION
  5
5FE
330
1F
100
AcDbEntity
  8
DIM
100
AcDbDimension
280
     0
  2
*D37
 10
24413.75260374747
 20
52637.83909330413
 30
0.0
 11
25669.18005432753
 21
52637.83909330413
 31
0.0
 70
    32
  1
 
 71
     5
 42
2510.854901160114
 73
     0
 74
     0
 75
     0
  3
DIMBLK3
100
AcDbAlignedDimension
 13
26924.60750490759
 23
51907.40857660411
 33
0.0
 14
24413.75260374747
 24
50244.2757757517
 34
0.0
100
AcDbRotatedDimension
1001
ACAD
1000
DSTYLE
1002
{
1070
   174
1070
     1
1002
}
  0
DIMENSION
  5
5FF
330
1F
100
AcDbEntity
  8
DIM
100
AcDbDimension
280
     0
  2
*D38
 10
17337.70697321981
 20
53550.87723917923
 30
0.0
 11
22131.1572390637
 21
53775.87723917923
 31
0.0
 70
    32
  1
  
 71
     5
 42
9586.900531687774
 73
     0
 74
     0
 75
     0
  3
DIMBLK3
100
AcDbAlignedDimension
 13
26924.60750490759
 23
52637.83909330413
 33
0.0
 14
17337.70697321981
 24
52637.83909330413
 34
0.0
100
AcDbRotatedDimension
1001
ACAD
1000
DSTYLE
1002
{
1070
   174
1070
     1
1002
}
  0
DIMENSION
  5
600
330
1F
100
AcDbEntity
  8
DIM
100
AcDbDimension
280
     0
  2
*D39
 10
31074.75870477926
 20
52615.01970671083
 30
0.0
 11
30435.63200266712
 21
52615.01970671083
 31
0.0
 70
    32
  1
 
 71
     5
 42
1278.253404224291
 73
     0
 74
     0
 75
     0
  3
DIMBLK3
100
AcDbAlignedDimension
 13
29796.50530055497
 23
50537.8513577917
 33
0.0
 14
31074.75870477926
 24
50537.8513577917
 34
0.0
100
AcDbRotatedDimension
1001
ACAD
1000
DSTYLE
1002
{
1070
   174
1070
     1
1002
}
  0
DIMENSION
  5
601
330
1F
100
AcDbEntity
  8
TG
100
AcDbDimension
280
     0
  2
*D40
 10
28956.65995501456
 20
50537.85135779173
 30
0.0
 11
28956.65995501457
 21
49670.46511921044
 31
0.0
 70
    32
  1
 
 71
     5
 42
1734.772477162543
 73
     0
 74
     0
 75
     0
  3
DIMBLK3
100
AcDbAlignedDimension
 13
29796.50530055497
 23
48803.07888062916
 33
0.0
 14
29796.50530055497
 24
50537.8513577917
 34
0.0
 50
90.0
100
AcDbRotatedDimension
1001
ACAD
1000
DSTYLE
1002
{
1070
   174
1070
     1
1002
}
  0
LINE
  5
602
330
1F
100
AcDbEntity
  8
0
  6
ByBlock
 62
     8
100
AcDbLine
 10
5239.951540371926
 20
50911.76280155418
 30
0.0
 11
5239.951540371926
 21
53800.87723917923
 31
0.0
  0
LINE
  5
603
330
1F
100
AcDbEntity
  8
0
  6
ByBlock
 62
     8
100
AcDbLine
 10
5189.951540371926
 20
53550.87723917923
 30
0.0
 11
144.2272301610198
 21
53550.87723917923
 31
0.0
  0
INSERT
  5
604
330
1F
100
AcDbEntity
  8
0
  6
ByBlock
 62
     8
100
AcDbBlockReference
  2
DIMBLK3
 10
5239.951540371926
 20
53550.87723917923
 30
0.0
 41
50.0
 42
50.0
 43
50.0
  0
POINT
  5
605
330
1F
100
AcDbEntity
  8
DEFPOINTS
  6
ByBlock
 62
     0
100
AcDbPoint
 10
5239.951540371926
 20
50811.76280155419
 30
0.0
  0
LINE
  5
606
330
1F
100
AcDbEntity
  8
0
  6
ByBlock
 62
     8
100
AcDbLine
 10
5239.951540371926
 20
47059.61021805404
 30
0.0
 11
5239.951540371926
 21
44170.495780429
 31
0.0
  0
LINE
  5
607
330
1F
100
AcDbEntity
  8
0
  6
ByBlock
 62
     8
100
AcDbLine
 10
5189.951540371926
 20
44420.495780429
 30
0.0
 11
144.2272301610198
 21
44420.495780429
 31
0.0
  0
INSERT
  5
608
330
1F
100
AcDbEntity
  8
0
  6
ByBlock
 62
     8
100
AcDbBlockReference
  2
DIMBLK3
 10
5239.951540371926
 20
44420.495780429
 30
0.0
 41
50.0
 42
50.0
 43
50.0
  0
POINT
  5
609
330
1F
100
AcDbEntity
  8
DEFPOINTS
  6
ByBlock
 62
     0
100
AcDbPoint
 10
5239.951540371926
 20
47159.61021805404
 30
0.0
  0
LINE
  5
60A
330
1F
100
AcDbEntity
  8
2Y
 62
     2
100
AcDbLine
 10
25737.65791527048
 20
48803.07888062916
 30
0.0
 11
25737.65791527048
 21
47433.52166181653
 31
0.0
  0
TEXT
  5
60B
330
1F
100
AcDbEntity
  8
TG
100
AcDbText
 10
26370.7188030766
 20
40333.44925879048
 30
0.0
 40
200.0
  1
       O.C. MAXIMUM SPACING.
 41
0.9
 51
359.9999999993307
  7
100cl
100
AcDbText
  0
TEXT
  5
60C
330
1F
100
AcDbEntity
  8
TG
100
AcDbText
 10
26625.94547768129
 20
40677.24139392551
 30
0.0
 40
200.0
  1
      WITHIN THE LAP SPLICE LENGTH AT 100 
 41
0.9
 51
359.9999999993294
  7
100cl
100
AcDbText
  0
TEXT
  5
60D
330
1F
100
AcDbEntity
  8
TG
100
AcDbText
 10
26625.94547768129
 20
41039.07900220844
 30
0.0
 40
200.0
  1
   6. CLOSED HOOPS SHALL BE PROVIDED 
 41
0.9
 51
359.9999999997758
  7
100cl
100
AcDbText
  0
TEXT
  5
60E
330
1F
100
AcDbEntity
  8
TG
100
AcDbText
 10
26425.2203327553
 20
41404.01552846529
 30
0.0
 40
200.0
  1
       THE FACE OF THE SUPPORT. 
 41
0.9
 51
359.9999999993333
  7
100cl
100
AcDbText
  0
TEXT
  5
60F
330
1F
100
AcDbEntity
  8
TG
100
AcDbText
 10
26625.94547768129
 20
41765.8531367482
 30
0.0
 40
200.0
  1
      SUPPORT. FIRST STIRRUP SHALL 5D FROM 
 41
0.9
 51
359.9999999999275
  7
100cl
100
AcDbText
  0
TEXT
  5
610
330
1F
100
AcDbEntity
  8
TG
100
AcDbText
 10
26625.94547768129
 20
46119.61773551175
 30
0.0
 40
200.0
  1
   1. SEE TABLE OF LAP SPLICE & ANCHORAGE 
 41
0.9
 51
359.9999999998975
  7
100cl
100
AcDbText
  0
TEXT
  5
611
330
1F
100
AcDbEntity
  8
TG
100
AcDbText
 10
26625.94547768129
 20
45395.94251894614
 30
0.0
 40
200.0
  1
   2. LAP SPLICE SHALL BE LOCATED ONLY 
 41
0.9
 51
359.9999999994695
  7
100cl
100
AcDbText
  0
TEXT
  5
612
330
1F
100
AcDbEntity
  8
TG
100
AcDbText
 10
26625.94547768129
 20
44310.42969409785
 30
0.0
 40
200.0
  1
      TIMES THE LAP SPLICE REQUIREMENT.
 41
0.9
 51
359.9999999994708
  7
100cl
100
AcDbText
  0
TEXT
  5
613
330
1F
100
AcDbEntity
  8
TG
100
AcDbText
 10
26625.94547768129
 20
44672.26730238054
 30
0.0
 40
200.0
  1
   3. BOTTOM BAR LAP SPLICE SHALL BE 1.30 
 41
0.9
 51
359.9999999994708
  7
100cl
100
AcDbText
  0
TEXT
  5
614
330
1F
100
AcDbEntity
  8
TG
100
AcDbText
 10
26625.94547768129
 20
43948.59208581493
 30
0.0
 40
200.0
  1
   4. TOP & BOTTOM BARS MAY BE LAP 
 41
0.9
 51
359.9999999993333
  7
100cl
100
AcDbText
  0
TEXT
  5
615
330
1F
100
AcDbEntity
  8
TG
100
AcDbText
 10
26625.94547768129
 20
43586.75447753201
 30
0.0
 40
200.0
  1
      ONLY SPLICED ONE LOCATION FOR EACH 
 41
0.9
 51
359.999999999035
  7
100cl
100
AcDbText
  0
TEXT
  5
616
330
1F
100
AcDbEntity
  8
TG
100
AcDbText
 10
26625.94547768129
 20
42489.52835326258
 30
0.0
 40
200.0
  1
      BE SPACED AT 100 O.C. MAXIMUM AT A 
 41
0.9
 51
359.9999999994695
  7
100cl
100
AcDbText
  0
TEXT
  5
617
330
1F
100
AcDbEntity
  8
TG
100
AcDbText
 10
26625.94547768129
 20
42851.36596154551
 30
0.0
 40
200.0
  1
   5. CLOSED HOOPS WITH A 135%%d BEND SHALL 
 41
0.9
 51
359.9999999994695
  7
100cl
100
AcDbText
  0
TEXT
  5
618
330
1F
100
AcDbEntity
  8
TG
100
AcDbText
 10
26625.94547768129
 20
42127.69074503112
 30
0.0
 40
200.0
  1
      DISTANCE 2D FROM THE FACE OF THE 
 41
0.9
 51
359.9999999993347
  7
100cl
100
AcDbText
  0
TEXT
  5
619
330
1F
100
AcDbEntity
  8
TG
100
AcDbText
 10
26625.94547768129
 20
45034.10491066346
 30
0.0
 40
200.0
  1
      WITHIN THE LAP SPLICE ZONE.
 41
0.9
 51
359.9999999993281
  7
100cl
100
AcDbText
  0
TEXT
  5
61A
330
1F
100
AcDbEntity
  8
TG
100
AcDbText
 10
26625.94547768129
 20
45757.78012722906
 30
0.0
 40
200.0
  1
      LENGTHS SHOWN ON SHEET S-1.
 41
0.9
 51
359.9999999997653
  7
100cl
100
AcDbText
  0
TEXT
  5
61B
330
1F
100
AcDbEntity
  8
TC
100
AcDbText
 10
27144.46069071914
 20
46491.37984554459
 30
0.0
 40
223.4879345261342
  1
STRUCTURAL NOTES :
 41
0.9
 51
359.9999999997706
  7
100cl
100
AcDbText
  0
TEXT
  5
61C
330
1F
100
AcDbEntity
  8
TG
100
AcDbText
 10
26625.94547768129
 20
43221.85153582216
 30
0.0
 40
200.0
  1
      STRING OF BEAMS.
 41
0.9
 51
359.9999999994708
  7
100cl
100
AcDbText
  0
TEXT
  5
61D
330
1F
100
AcDbEntity
  8
TG
100
AcDbText
 10
16923.15778296633
 20
39840.09233215208
 30
0.0
 40
200.0
  1
        EXTENSION LENGTH AND REQUIRED CONCRETE COVER.
 41
0.9
 51
359.9999999987444
  7
100cl
100
AcDbText
  0
TEXT
  5
61E
330
1F
100
AcDbEntity
  8
TG
100
AcDbText
 10
16847.97728654003
 20
40201.929940435
 30
0.0
 40
200.0
  1
     2. MINIMUM BEAM DEPTH IS BASED ON HOOK
 41
0.9
 51
359.9999999990283
  7
100cl
100
AcDbText
  0
TEXT
  5
61F
330
1F
100
AcDbEntity
  8
TG
100
AcDbText
 10
16847.97728654003
 20
40627.68169261412
 30
0.0
 40
200.0
  1
     1. fy = 60,000 psi
 41
0.9
 51
0.0000000001972023
  7
100cl
100
AcDbText
  0
TEXT
  5
620
330
1F
100
AcDbEntity
  8
TC
100
AcDbText
 10
17479.43950104067
 20
41092.91559652648
 30
0.0
 40
223.4879345261291
  1
NOTES:
 41
0.9
 51
359.9999999994695
  7
100cl
100
AcDbText
  0
TEXT
  5
621
330
1F
100
AcDbEntity
  8
TITLE
 62
     2
100
AcDbText
 10
6942.241512881183
 20
41566.78715339176
 30
0.0
 40
250.0
  1
SCALE :
 41
0.9
  7
ROMANS
100
AcDbText
  0
TEXT
  5
622
330
1F
100
AcDbEntity
  8
TITLE
 62
     6
100
AcDbText
 10
6904.590082414971
 20
42169.91942031415
 30
0.0
 40
600.0
  1
FOOTING TIE BEAM DETAIL
 41
0.9
  7
ROMANS
100
AcDbText
  0
LINE
  5
623
330
1F
100
AcDbEntity
  8
TITLE
 62
     2
100
AcDbLine
 10
4570.004532189165
 20
41995.31964107546
 30
0.0
 11
22538.66499793023
 21
41995.31964107546
 31
0.0
  0
TEXT
  5
624
330
1F
100
AcDbEntity
  8
TITLE
 62
     2
100
AcDbText
 10
21614.120051984
 20
41566.78715339176
 30
0.0
 40
250.0
  1
NTS
 41
0.9
  7
ROMANS
 72
     2
 11
22203.40576626972
 21
41566.78715339176
 31
0.0
100
AcDbText
  0
INSERT
  5
625
330
1F
100
AcDbEntity
  8
TITLE
 62
     2
100
AcDbBlockReference
 66
     1
  2
CIR
 10
4570.004532189165
 20
41995.31964107546
 30
0.0
 41
100.0
 42
100.0
 43
100.0
  0
ATTRIB
  5
626
330
625
100
AcDbEntity
  8
TITLE
 62
     5
100
AcDbText
 10
5377.147389332023
 20
42245.78159701441
 30
0.0
 40
450.0
  1
A
  7
ROMANS
 72
     4
 11
5570.004532189166
 21
42470.78159701441
 31
0.0
100
AcDbAttribute
280
     0
  2
A
 70
     0
280
     0
  0
ATTRIB
  5
627
330
625
100
AcDbEntity
  8
TITLE
 62
     2
100
AcDbText
 10
4727.846182207634
 20
41527.50705866156
 30
0.0
 40
250.0
  1

 41
0.3060783378445227
  7
ROMANS
 72
     5
 11
5500.32960629143
 21
41527.50705866156
 31
0.0
100
AcDbAttribute
280
     0
  2
S-1
 70
     0
280
     0
  0
ATTRIB
  5
628
330
625
100
AcDbEntity
  8
TITLE
 62
     2
100
AcDbText
 10
5605.999445151595
 20
41527.50705866156
 30
0.0
 40
250.0
  1

 41
0.3084154449659049
  7
ROMANS
 72
     5
 11
6384.381282446497
 21
41527.50705866156
 31
0.0
100
AcDbAttribute
280
     0
  2
S-1
 70
     0
280
     0
  0
SEQEND
  5
629
330
625
100
AcDbEntity
  8
0
  0
LWPOLYLINE
  5
62A
330
1F
100
AcDbEntity
  8
DEFPOINTS
100
AcDbPolyline
 90
        4
 70
     1
 43
0.0
 10
33799.99997393231
 20
54399.99996471569
 10
-0.0000256783969235
 20
54399.99996471569
 10
-0.0000256783969235
 20
-0.0000349937326973
 10
33799.99997393231
 20
-0.0000349937326973
  0
LINE
  5
62B
330
1F
100
AcDbEntity
  8
2Y
 62
     2
100
AcDbLine
 10
9749.99997432169
 20
35999.99996500627
 30
0.0
 11
9749.999974322717
 21
-0.0000349937326973
 31
0.0
  0
LINE
  5
62C
330
1F
100
AcDbEntity
  8
6M
100
AcDbLine
 10
-0.0000256783968098
 20
39499.99996500627
 30
0.0
 11
33800.00031712269
 21
39499.99996500627
 31
0.0
  0
LINE
  5
62D
330
1F
100
AcDbEntity
  8
2Y
100
AcDbLine
 10
33800.00031712277
 20
34499.99996500627
 30
0.0
 11
1499.999974321684
 21
34499.99996500627
 31
0.0
  0
LINE
  5
62E
330
1F
100
AcDbEntity
  8
SHE
100
AcDbLine
 10
9749.999974321683
 20
35249.99996500627
 30
0.0
 11
17999.99997432139
 21
35249.99996500627
 31
0.0
  0
TEXT
  5
62F
330
1F
100
AcDbEntity
  8
TC
 62
     4
100
AcDbText
 10
9897.483584889286
 20
35499.99996500627
 30
0.0
 40
250.0
  1
TB
 41
0.9324580370002877
  7
100cl
 72
     4
 11
10091.74567593101
 21
35624.99996500627
 31
0.0
100
AcDbText
  0
TEXT
  5
630
330
1F
100
AcDbEntity
  8
TC
 62
     4
100
AcDbText
 10
9853.080821222608
 20
34749.99996500627
 30
0.0
 40
250.0
  1
BB
 41
0.9324580370002877
  7
100cl
 72
     4
 11
10091.74567593101
 21
34874.99996500627
 31
0.0
100
AcDbText
  0
LINE
  5
631
330
1F
100
AcDbEntity
  8
2Y
100
AcDbLine
 10
33800.00031712277
 20
32999.99996500627
 30
0.0
 11
1499.999974321684
 21
32999.99996500627
 31
0.0
  0
LINE
  5
632
330
1F
100
AcDbEntity
  8
SHE
100
AcDbLine
 10
9749.999974321683
 20
33749.99996500627
 30
0.0
 11
17999.99997432139
 21
33749.99996500627
 31
0.0
  0
TEXT
  5
633
330
1F
100
AcDbEntity
  8
TC
 62
     4
100
AcDbText
 10
9897.483584889286
 20
33999.99996500627
 30
0.0
 40
250.0
  1
TB
 41
0.9324580370002877
  7
100cl
 72
     4
 11
10091.74567593101
 21
34124.99996500627
 31
0.0
100
AcDbText
  0
TEXT
  5
634
330
1F
100
AcDbEntity
  8
TC
 62
     4
100
AcDbText
 10
9853.080821222608
 20
33249.99996500627
 30
0.0
 40
250.0
  1
BB
 41
0.9324580370002877
  7
100cl
 72
     4
 11
10091.74567593101
 21
33374.99996500627
 31
0.0
100
AcDbText
  0
LINE
  5
635
330
1F
100
AcDbEntity
  8
2Y
100
AcDbLine
 10
33800.00031712277
 20
31499.99996500627
 30
0.0
 11
1499.999974321684
 21
31499.99996500627
 31
0.0
  0
LINE
  5
636
330
1F
100
AcDbEntity
  8
SHE
100
AcDbLine
 10
9749.999974321683
 20
32249.99996500627
 30
0.0
 11
17999.99997432139
 21
32249.99996500627
 31
0.0
  0
TEXT
  5
637
330
1F
100
AcDbEntity
  8
TC
 62
     4
100
AcDbText
 10
9897.483584889286
 20
32499.99996500627
 30
0.0
 40
250.0
  1
TB
 41
0.9324580370002877
  7
100cl
 72
     4
 11
10091.74567593101
 21
32624.99996500627
 31
0.0
100
AcDbText
  0
TEXT
  5
638
330
1F
100
AcDbEntity
  8
TC
 62
     4
100
AcDbText
 10
9853.080821222608
 20
31749.99996500627
 30
0.0
 40
250.0
  1
BB
 41
0.9324580370002877
  7
100cl
 72
     4
 11
10091.74567593101
 21
31874.99996500627
 31
0.0
100
AcDbText
  0
LINE
  5
639
330
1F
100
AcDbEntity
  8
2Y
100
AcDbLine
 10
33800.0003171229
 20
29999.99996500627
 30
0.0
 11
1499.999974321813
 21
29999.99996500627
 31
0.0
  0
LINE
  5
63A
330
1F
100
AcDbEntity
  8
SHE
100
AcDbLine
 10
9749.999974321815
 20
30749.99996500627
 30
0.0
 11
17999.99997432152
 21
30749.99996500627
 31
0.0
  0
TEXT
  5
63B
330
1F
100
AcDbEntity
  8
TC
 62
     4
100
AcDbText
 10
9897.483584889416
 20
30999.99996500627
 30
0.0
 40
250.0
  1
TB
 41
0.9324580370002877
  7
100cl
 72
     4
 11
10091.74567593114
 21
31124.99996500627
 31
0.0
100
AcDbText
  0
TEXT
  5
63C
330
1F
100
AcDbEntity
  8
TC
 62
     4
100
AcDbText
 10
9853.080821222736
 20
30249.99996500627
 30
0.0
 40
250.0
  1
BB
 41
0.9324580370002877
  7
100cl
 72
     4
 11
10091.74567593114
 21
30374.99996500627
 31
0.0
100
AcDbText
  0
LINE
  5
63D
330
1F
100
AcDbEntity
  8
2Y
100
AcDbLine
 10
33800.00031712294
 20
28499.99996500627
 30
0.0
 11
1499.999974321854
 21
28499.99996500627
 31
0.0
  0
LINE
  5
63E
330
1F
100
AcDbEntity
  8
SHE
100
AcDbLine
 10
9749.999974321854
 20
29249.99996500627
 30
0.0
 11
17999.99997432156
 21
29249.99996500627
 31
0.0
  0
TEXT
  5
63F
330
1F
100
AcDbEntity
  8
TC
 62
     4
100
AcDbText
 10
9897.483584889647
 20
29499.99996500627
 30
0.0
 40
250.0
  1
TB
 41
0.9324580369993782
  7
100cl
 72
     4
 11
10091.74567593118
 21
29624.99996500627
 31
0.0
100
AcDbText
  0
TEXT
  5
640
330
1F
100
AcDbEntity
  8
TC
 62
     4
100
AcDbText
 10
9853.080821223009
 20
28749.99996500627
 30
0.0
 40
250.0
  1
BB
 41
0.9324580369993782
  7
100cl
 72
     4
 11
10091.74567593118
 21
28874.99996500627
 31
0.0
100
AcDbText
  0
LINE
  5
641
330
1F
100
AcDbEntity
  8
2Y
100
AcDbLine
 10
33800.00031712298
 20
26999.99996500627
 30
0.0
 11
1499.999974321898
 21
26999.99996500627
 31
0.0
  0
LINE
  5
642
330
1F
100
AcDbEntity
  8
SHE
100
AcDbLine
 10
9749.999974321898
 20
27749.99996500627
 30
0.0
 11
17999.9999743216
 21
27749.99996500627
 31
0.0
  0
TEXT
  5
643
330
1F
100
AcDbEntity
  8
TC
 62
     4
100
AcDbText
 10
9897.483584889499
 20
27999.99996500627
 30
0.0
 40
250.0
  1
TB
 41
0.9324580370002877
  7
100cl
 72
     4
 11
10091.74567593122
 21
28124.99996500627
 31
0.0
100
AcDbText
  0
TEXT
  5
644
330
1F
100
AcDbEntity
  8
TC
 62
     4
100
AcDbText
 10
9853.080821222821
 20
27249.99996500627
 30
0.0
 40
250.0
  1
BB
 41
0.9324580370002877
  7
100cl
 72
     4
 11
10091.74567593123
 21
27374.99996500627
 31
0.0
100
AcDbText
  0
LINE
  5
645
330
1F
100
AcDbEntity
  8
2Y
100
AcDbLine
 10
33800.00031712302
 20
25499.99996500627
 30
0.0
 11
1499.999974321938
 21
25499.99996500627
 31
0.0
  0
LINE
  5
646
330
1F
100
AcDbEntity
  8
SHE
100
AcDbLine
 10
9749.999974321937
 20
26249.99996500627
 30
0.0
 11
17999.99997432164
 21
26249.99996500627
 31
0.0
  0
TEXT
  5
647
330
1F
100
AcDbEntity
  8
TC
 62
     4
100
AcDbText
 10
9897.48358488954
 20
26499.99996500627
 30
0.0
 40
250.0
  1
TB
 41
0.9324580370002877
  7
100cl
 72
     4
 11
10091.74567593126
 21
26624.99996500627
 31
0.0
100
AcDbText
  0
TEXT
  5
648
330
1F
100
AcDbEntity
  8
TC
 62
     4
100
AcDbText
 10
9853.080821222862
 20
25749.99996500627
 30
0.0
 40
250.0
  1
BB
 41
0.9324580370002877
  7
100cl
 72
     4
 11
10091.74567593127
 21
25874.99996500627
 31
0.0
100
AcDbText
  0
LINE
  5
649
330
1F
100
AcDbEntity
  8
2Y
100
AcDbLine
 10
33800.00031712306
 20
23999.99996500627
 30
0.0
 11
1499.999974321983
 21
23999.99996500627
 31
0.0
  0
LINE
  5
64A
330
1F
100
AcDbEntity
  8
SHE
100
AcDbLine
 10
9749.999974321982
 20
24749.99996500627
 30
0.0
 11
17999.99997432168
 21
24749.99996500627
 31
0.0
  0
TEXT
  5
64B
330
1F
100
AcDbEntity
  8
TC
 62
     4
100
AcDbText
 10
9897.483584889585
 20
24999.99996500627
 30
0.0
 40
250.0
  1
TB
 41
0.9324580370002877
  7
100cl
 72
     4
 11
10091.74567593131
 21
25124.99996500627
 31
0.0
100
AcDbText
  0
TEXT
  5
64C
330
1F
100
AcDbEntity
  8
TC
 62
     4
100
AcDbText
 10
9853.080821222906
 20
24249.99996500627
 30
0.0
 40
250.0
  1
BB
 41
0.9324580370002877
  7
100cl
 72
     4
 11
10091.74567593131
 21
24374.99996500627
 31
0.0
100
AcDbText
  0
LINE
  5
64D
330
1F
100
AcDbEntity
  8
2Y
100
AcDbLine
 10
33800.00031712277
 20
22499.99996500627
 30
0.0
 11
1499.999974321684
 21
22499.99996500627
 31
0.0
  0
LINE
  5
64E
330
1F
100
AcDbEntity
  8
SHE
100
AcDbLine
 10
9749.999974321683
 20
23249.99996500627
 30
0.0
 11
17999.99997432139
 21
23249.99996500627
 31
0.0
  0
TEXT
  5
64F
330
1F
100
AcDbEntity
  8
TC
 62
     4
100
AcDbText
 10
9897.483584889286
 20
23499.99996500627
 30
0.0
 40
250.0
  1
TB
 41
0.9324580370002877
  7
100cl
 72
     4
 11
10091.74567593101
 21
23624.99996500627
 31
0.0
100
AcDbText
  0
TEXT
  5
650
330
1F
100
AcDbEntity
  8
TC
 62
     4
100
AcDbText
 10
9853.080821222608
 20
22749.99996500627
 30
0.0
 40
250.0
  1
BB
 41
0.9324580370002877
  7
100cl
 72
     4
 11
10091.74567593101
 21
22874.99996500627
 31
0.0
100
AcDbText
  0
LINE
  5
651
330
1F
100
AcDbEntity
  8
2Y
100
AcDbLine
 10
33800.00031712315
 20
20999.99996500627
 30
0.0
 11
1499.999974322068
 21
20999.99996500627
 31
0.0
  0
LINE
  5
652
330
1F
100
AcDbEntity
  8
SHE
100
AcDbLine
 10
9749.999974322067
 20
21749.99996500627
 30
0.0
 11
17999.99997432177
 21
21749.99996500627
 31
0.0
  0
TEXT
  5
653
330
1F
100
AcDbEntity
  8
TC
 62
     4
100
AcDbText
 10
9897.483584889862
 20
21999.99996500627
 30
0.0
 40
250.0
  1
TB
 41
0.9324580369993782
  7
100cl
 72
     4
 11
10091.7456759314
 21
22124.99996500627
 31
0.0
100
AcDbText
  0
TEXT
  5
654
330
1F
100
AcDbEntity
  8
TC
 62
     4
100
AcDbText
 10
9853.080821223223
 20
21249.99996500627
 30
0.0
 40
250.0
  1
BB
 41
0.9324580369993782
  7
100cl
 72
     4
 11
10091.7456759314
 21
21374.99996500627
 31
0.0
100
AcDbText
  0
LINE
  5
655
330
1F
100
AcDbEntity
  8
2Y
100
AcDbLine
 10
33800.00031712302
 20
19499.99996500626
 30
0.0
 11
1499.999974321935
 21
19499.99996500626
 31
0.0
  0
LINE
  5
656
330
1F
100
AcDbEntity
  8
SHE
100
AcDbLine
 10
9749.999974321935
 20
20249.99996500627
 30
0.0
 11
17999.99997432164
 21
20249.99996500627
 31
0.0
  0
TEXT
  5
657
330
1F
100
AcDbEntity
  8
TC
 62
     4
100
AcDbText
 10
9897.483584889537
 20
20499.99996500627
 30
0.0
 40
250.0
  1
TB
 41
0.9324580370002877
  7
100cl
 72
     4
 11
10091.74567593126
 21
20624.99996500627
 31
0.0
100
AcDbText
  0
TEXT
  5
658
330
1F
100
AcDbEntity
  8
TC
 62
     4
100
AcDbText
 10
9853.08082122286
 20
19749.99996500627
 30
0.0
 40
250.0
  1
BB
 41
0.9324580370002877
  7
100cl
 72
     4
 11
10091.74567593126
 21
19874.99996500627
 31
0.0
100
AcDbText
  0
LINE
  5
659
330
1F
100
AcDbEntity
  8
2Y
100
AcDbLine
 10
33800.00031712306
 20
17999.99996500627
 30
0.0
 11
1499.999974321979
 21
17999.99996500627
 31
0.0
  0
LINE
  5
65A
330
1F
100
AcDbEntity
  8
SHE
100
AcDbLine
 10
9749.999974321978
 20
18749.99996500626
 30
0.0
 11
17999.99997432168
 21
18749.99996500626
 31
0.0
  0
TEXT
  5
65B
330
1F
100
AcDbEntity
  8
TC
 62
     4
100
AcDbText
 10
9897.483584889771
 20
18999.99996500627
 30
0.0
 40
250.0
  1
TB
 41
0.9324580369993782
  7
100cl
 72
     4
 11
10091.74567593131
 21
19124.99996500627
 31
0.0
100
AcDbText
  0
TEXT
  5
65C
330
1F
100
AcDbEntity
  8
TC
 62
     4
100
AcDbText
 10
9853.080821223135
 20
18249.99996500626
 30
0.0
 40
250.0
  1
BB
 41
0.9324580369993782
  7
100cl
 72
     4
 11
10091.74567593131
 21
18374.99996500627
 31
0.0
100
AcDbText
  0
LINE
  5
65D
330
1F
100
AcDbEntity
  8
2Y
100
AcDbLine
 10
33800.00031712276
 20
16499.99996500627
 30
0.0
 11
1499.999974321681
 21
16499.99996500627
 31
0.0
  0
LINE
  5
65E
330
1F
100
AcDbEntity
  8
SHE
100
AcDbLine
 10
9749.99997432168
 20
17249.99996500627
 30
0.0
 11
17999.99997432138
 21
17249.99996500627
 31
0.0
  0
TEXT
  5
65F
330
1F
100
AcDbEntity
  8
TC
 62
     4
100
AcDbText
 10
9897.483584889284
 20
17499.99996500626
 30
0.0
 40
250.0
  1
TB
 41
0.9324580370002877
  7
100cl
 72
     4
 11
10091.74567593101
 21
17624.99996500626
 31
0.0
100
AcDbText
  0
TEXT
  5
660
330
1F
100
AcDbEntity
  8
TC
 62
     4
100
AcDbText
 10
9853.080821222604
 20
16749.99996500627
 30
0.0
 40
250.0
  1
BB
 41
0.9324580370002877
  7
100cl
 72
     4
 11
10091.74567593101
 21
16874.99996500626
 31
0.0
100
AcDbText
  0
LINE
  5
661
330
1F
100
AcDbEntity
  8
2Y
100
AcDbLine
 10
33800.00031712315
 20
14999.99996500626
 30
0.0
 11
1499.999974322271
 21
14999.99996500626
 31
0.0
  0
LINE
  5
662
330
1F
100
AcDbEntity
  8
SHE
100
AcDbLine
 10
9749.999974322065
 20
15749.99996500626
 30
0.0
 11
17999.99997432177
 21
15749.99996500626
 31
0.0
  0
TEXT
  5
663
330
1F
100
AcDbEntity
  8
TC
 62
     4
100
AcDbText
 10
9897.483584889668
 20
15999.99996500627
 30
0.0
 40
250.0
  1
TB
 41
0.9324580370002877
  7
100cl
 72
     4
 11
10091.74567593139
 21
16124.99996500627
 31
0.0
100
AcDbText
  0
TEXT
  5
664
330
1F
100
AcDbEntity
  8
TC
 62
     4
100
AcDbText
 10
9853.080821222986
 20
15249.99996500627
 30
0.0
 40
250.0
  1
BB
 41
0.9324580370002877
  7
100cl
 72
     4
 11
10091.74567593139
 21
15374.99996500627
 31
0.0
100
AcDbText
  0
LINE
  5
665
330
1F
100
AcDbEntity
  8
2Y
100
AcDbLine
 10
33800.00031712332
 20
13499.99996500627
 30
0.0
 11
1499.999974322244
 21
13499.99996500627
 31
0.0
  0
LINE
  5
666
330
1F
100
AcDbEntity
  8
SHE
100
AcDbLine
 10
9749.999974322243
 20
14249.99996500627
 30
0.0
 11
17999.99997432195
 21
14249.99996500627
 31
0.0
  0
TEXT
  5
667
330
1F
100
AcDbEntity
  8
TC
 62
     4
100
AcDbText
 10
9897.483584889847
 20
14499.99996500626
 30
0.0
 40
250.0
  1
TB
 41
0.9324580370002877
  7
100cl
 72
     4
 11
10091.74567593157
 21
14624.99996500627
 31
0.0
100
AcDbText
  0
TEXT
  5
668
330
1F
100
AcDbEntity
  8
TC
 62
     4
100
AcDbText
 10
9853.080821223167
 20
13749.99996500626
 30
0.0
 40
250.0
  1
BB
 41
0.9324580370002877
  7
100cl
 72
     4
 11
10091.74567593157
 21
13874.99996500626
 31
0.0
100
AcDbText
  0
LINE
  5
669
330
1F
100
AcDbEntity
  8
2Y
100
AcDbLine
 10
33800.00031712337
 20
11999.99996500626
 30
0.0
 11
1499.999974322288
 21
11999.99996500626
 31
0.0
  0
LINE
  5
66A
330
1F
100
AcDbEntity
  8
SHE
100
AcDbLine
 10
9749.999974322287
 20
12749.99996500627
 30
0.0
 11
17999.99997432199
 21
12749.99996500627
 31
0.0
  0
TEXT
  5
66B
330
1F
100
AcDbEntity
  8
TC
 62
     4
100
AcDbText
 10
9897.48358488989
 20
12999.99996500627
 30
0.0
 40
250.0
  1
TB
 41
0.9324580370002877
  7
100cl
 72
     4
 11
10091.74567593161
 21
13124.99996500626
 31
0.0
100
AcDbText
  0
TEXT
  5
66C
330
1F
100
AcDbEntity
  8
TC
 62
     4
100
AcDbText
 10
9853.080821223212
 20
12249.99996500627
 30
0.0
 40
250.0
  1
BB
 41
0.9324580370002877
  7
100cl
 72
     4
 11
10091.74567593162
 21
12374.99996500627
 31
0.0
100
AcDbText
  0
LINE
  5
66D
330
1F
100
AcDbEntity
  8
2Y
100
AcDbLine
 10
33800.00031712307
 20
10499.99996500627
 30
0.0
 11
1499.99997432199
 21
10499.99996500627
 31
0.0
  0
LINE
  5
66E
330
1F
100
AcDbEntity
  8
SHE
100
AcDbLine
 10
9749.999974321989
 20
11249.99996500626
 30
0.0
 11
17999.99997432169
 21
11249.99996500626
 31
0.0
  0
TEXT
  5
66F
330
1F
100
AcDbEntity
  8
TC
 62
     4
100
AcDbText
 10
9897.483584889592
 20
11499.99996500626
 30
0.0
 40
250.0
  1
TB
 41
0.9324580370002877
  7
100cl
 72
     4
 11
10091.74567593132
 21
11624.99996500627
 31
0.0
100
AcDbText
  0
TEXT
  5
670
330
1F
100
AcDbEntity
  8
TC
 62
     4
100
AcDbText
 10
9853.080821222913
 20
10749.99996500626
 30
0.0
 40
250.0
  1
BB
 41
0.9324580370002877
  7
100cl
 72
     4
 11
10091.74567593132
 21
10874.99996500626
 31
0.0
100
AcDbText
  0
LINE
  5
671
330
1F
100
AcDbEntity
  8
2Y
100
AcDbLine
 10
33800.00031712346
 20
8999.999965006267
 30
0.0
 11
1499.999974322373
 21
8999.999965006267
 31
0.0
  0
LINE
  5
672
330
1F
100
AcDbEntity
  8
SHE
100
AcDbLine
 10
9749.999974322372
 20
9749.999965006267
 30
0.0
 11
17999.99997432208
 21
9749.999965006267
 31
0.0
  0
TEXT
  5
673
330
1F
100
AcDbEntity
  8
TC
 62
     4
100
AcDbText
 10
9897.483584890167
 20
9999.999965006267
 30
0.0
 40
250.0
  1
TB
 41
0.9324580369993782
  7
100cl
 72
     4
 11
10091.7456759317
 21
10124.99996500626
 31
0.0
100
AcDbText
  0
TEXT
  5
674
330
1F
100
AcDbEntity
  8
TC
 62
     4
100
AcDbText
 10
9853.080821223528
 20
9249.999965006267
 30
0.0
 40
250.0
  1
BB
 41
0.9324580369993782
  7
100cl
 72
     4
 11
10091.7456759317
 21
9374.999965006267
 31
0.0
100
AcDbText
  0
LINE
  5
675
330
1F
100
AcDbEntity
  8
2Y
100
AcDbLine
 10
33800.00031712332
 20
7499.999965006267
 30
0.0
 11
1499.999974322241
 21
7499.999965006267
 31
0.0
  0
LINE
  5
676
330
1F
100
AcDbEntity
  8
SHE
100
AcDbLine
 10
9749.999974322241
 20
8249.999965006267
 30
0.0
 11
17999.99997432194
 21
8249.999965006267
 31
0.0
  0
TEXT
  5
677
330
1F
100
AcDbEntity
  8
TC
 62
     4
100
AcDbText
 10
9897.483584889842
 20
8499.999965006267
 30
0.0
 40
250.0
  1
TB
 41
0.9324580370002877
  7
100cl
 72
     4
 11
10091.74567593157
 21
8624.999965006267
 31
0.0
100
AcDbText
  0
TEXT
  5
678
330
1F
100
AcDbEntity
  8
TC
 62
     4
100
AcDbText
 10
9853.080821223166
 20
7749.999965006267
 30
0.0
 40
250.0
  1
BB
 41
0.9324580370002877
  7
100cl
 72
     4
 11
10091.74567593157
 21
7874.999965006267
 31
0.0
100
AcDbText
  0
LINE
  5
679
330
1F
100
AcDbEntity
  8
2Y
100
AcDbLine
 10
33800.00031712336
 20
5999.999965006267
 30
0.0
 11
1499.999974322285
 21
5999.999965006267
 31
0.0
  0
LINE
  5
67A
330
1F
100
AcDbEntity
  8
SHE
100
AcDbLine
 10
9749.999974322284
 20
6749.999965006267
 30
0.0
 11
17999.99997432199
 21
6749.999965006267
 31
0.0
  0
TEXT
  5
67B
330
1F
100
AcDbEntity
  8
TC
 62
     4
100
AcDbText
 10
9897.483584890077
 20
6999.999965006267
 30
0.0
 40
250.0
  1
TB
 41
0.9324580369993782
  7
100cl
 72
     4
 11
10091.74567593161
 21
7124.999965006267
 31
0.0
100
AcDbText
  0
TEXT
  5
67C
330
1F
100
AcDbEntity
  8
TC
 62
     4
100
AcDbText
 10
9853.080821223441
 20
6249.999965006267
 30
0.0
 40
250.0
  1
BB
 41
0.9324580369993782
  7
100cl
 72
     4
 11
10091.74567593161
 21
6374.999965006267
 31
0.0
100
AcDbText
  0
LINE
  5
67D
330
1F
100
AcDbEntity
  8
2Y
100
AcDbLine
 10
33800.00031712306
 20
4499.999965006267
 30
0.0
 11
1499.999974321986
 21
4499.999965006267
 31
0.0
  0
LINE
  5
67E
330
1F
100
AcDbEntity
  8
SHE
100
AcDbLine
 10
9749.999974321987
 20
5249.999965006267
 30
0.0
 11
17999.99997432169
 21
5249.999965006267
 31
0.0
  0
TEXT
  5
67F
330
1F
100
AcDbEntity
  8
TC
 62
     4
100
AcDbText
 10
9897.48358488959
 20
5499.999965006267
 30
0.0
 40
250.0
  1
TB
 41
0.9324580370002877
  7
100cl
 72
     4
 11
10091.74567593131
 21
5624.999965006267
 31
0.0
100
AcDbText
  0
TEXT
  5
680
330
1F
100
AcDbEntity
  8
TC
 62
     4
100
AcDbText
 10
9853.08082122291
 20
4749.999965006267
 30
0.0
 40
250.0
  1
BB
 41
0.9324580370002877
  7
100cl
 72
     4
 11
10091.74567593132
 21
4874.999965006267
 31
0.0
100
AcDbText
  0
LINE
  5
681
330
1F
100
AcDbEntity
  8
2Y
100
AcDbLine
 10
33800.00031712346
 20
2999.999965006267
 30
0.0
 11
1499.999974322577
 21
2999.999965006267
 31
0.0
  0
LINE
  5
682
330
1F
100
AcDbEntity
  8
SHE
100
AcDbLine
 10
9749.999974322371
 20
3749.999965006268
 30
0.0
 11
17999.99997432207
 21
3749.999965006268
 31
0.0
  0
TEXT
  5
683
330
1F
100
AcDbEntity
  8
TC
 62
     4
100
AcDbText
 10
9897.483584889974
 20
3999.999965006267
 30
0.0
 40
250.0
  1
TB
 41
0.9324580370002877
  7
100cl
 72
     4
 11
10091.7456759317
 21
4124.999965006267
 31
0.0
100
AcDbText
  0
TEXT
  5
684
330
1F
100
AcDbEntity
  8
TC
 62
     4
100
AcDbText
 10
9853.080821223292
 20
3249.999965006268
 30
0.0
 40
250.0
  1
BB
 41
0.9324580370002877
  7
100cl
 72
     4
 11
10091.7456759317
 21
3374.999965006268
 31
0.0
100
AcDbText
  0
LINE
  5
685
330
1F
100
AcDbEntity
  8
2Y
100
AcDbLine
 10
33800.00031712302
 20
1499.999965006267
 30
0.0
 11
1499.999974321938
 21
1499.999965006267
 31
0.0
  0
LINE
  5
686
330
1F
100
AcDbEntity
  8
SHE
100
AcDbLine
 10
9749.999974321937
 20
2249.999965006267
 30
0.0
 11
17999.99997432164
 21
2249.999965006267
 31
0.0
  0
TEXT
  5
687
330
1F
100
AcDbEntity
  8
TC
 62
     4
100
AcDbText
 10
9897.48358488954
 20
2499.999965006268
 30
0.0
 40
250.0
  1
TB
 41
0.9324580370002877
  7
100cl
 72
     4
 11
10091.74567593126
 21
2624.999965006268
 31
0.0
100
AcDbText
  0
TEXT
  5
688
330
1F
100
AcDbEntity
  8
TC
 62
     4
100
AcDbText
 10
9853.080821222862
 20
1749.999965006267
 30
0.0
 40
250.0
  1
BB
 41
0.9324580370002877
  7
100cl
 72
     4
 11
10091.74567593127
 21
1874.999965006267
 31
0.0
100
AcDbText
  0
LINE
  5
689
330
1F
100
AcDbEntity
  8
SHE
100
AcDbLine
 10
9749.999974321982
 20
749.9999650062672
 30
0.0
 11
17999.99997432168
 21
749.9999650062672
 31
0.0
  0
TEXT
  5
68A
330
1F
100
AcDbEntity
  8
TC
 62
     4
100
AcDbText
 10
9897.483584889585
 20
999.9999650062672
 30
0.0
 40
250.0
  1
TB
 41
0.9324580370002877
  7
100cl
 72
     4
 11
10091.74567593131
 21
1124.999965006267
 31
0.0
100
AcDbText
  0
TEXT
  5
68B
330
1F
100
AcDbEntity
  8
TC
 62
     4
100
AcDbText
 10
9853.080821222906
 20
249.9999650062672
 30
0.0
 40
250.0
  1
BB
 41
0.9324580370002877
  7
100cl
 72
     4
 11
10091.74567593131
 21
374.9999650062673
 31
0.0
100
AcDbText
  0
LINE
  5
68C
330
1F
100
AcDbEntity
  8
6M
100
AcDbLine
 10
-0.0000256783968098
 20
37999.99996500627
 30
0.0
 11
33799.99997393254
 21
37999.99996500627
 31
0.0
1001
AcDbBlockRepETag
1070
     1
1071
        0
1005
68C
  0
LINE
  5
68D
330
1F
100
AcDbEntity
  8
6M
100
AcDbLine
 10
-0.0000256783968098
 20
35999.99996500627
 30
0.0
 11
33799.99997393254
 21
35999.99996500627
 31
0.0
1001
AcDbBlockRepETag
1070
     1
1071
        1
1005
68D
  0
TEXT
  5
68E
330
1F
100
AcDbEntity
  8
TC
100
AcDbText
 10
24466.07140272966
 20
36874.99996500627
 30
0.0
 40
250.0
  1
STIRRUP SPACING
 41
1.5
  7
100cl
 72
     1
 11
26974.99997415823
 21
36999.99996500627
 31
0.0
100
AcDbText
 73
     2
1001
AcDbBlockRepETag
1070
     1
1071
        2
1005
68E
  0
TEXT
  5
68F
330
1F
100
AcDbEntity
  8
TM
 62
     6
100
AcDbText
 10
3271.42854555564
 20
38499.99996500627
 30
0.0
 40
500.0
  1
SCHEDULE OF REINFORCED CONCRETE FOOTING TIE BEAMS
 41
1.199999999999999
  7
240CL
 72
     1
 11
16899.99997412706
 21
38749.99996500627
 31
0.0
100
AcDbText
 73
     2
1001
AcDbBlockRepETag
1070
     1
1071
        3
1005
68F
  0
LINE
  5
690
330
1F
100
AcDbEntity
  8
6M
100
AcDbLine
 10
33799.99997393254
 20
39499.99996500627
 30
0.0
 11
-0.0000256783968098
 21
39499.99996500627
 31
0.0
1001
AcDbBlockRepETag
1070
     1
1071
        4
1005
690
  0
LINE
  5
691
330
1F
100
AcDbEntity
  8
6M
100
AcDbLine
 10
1499.99997432169
 20
37999.99996500627
 30
0.0
 11
1499.99997432169
 21
-0.0000349937326973
 31
0.0
1001
AcDbBlockRepETag
1070
     1
1071
        5
1005
691
  0
LINE
  5
692
330
1F
100
AcDbEntity
  8
2Y
100
AcDbLine
 10
4499.99997432169
 20
37999.99996500627
 30
0.0
 11
4499.99997432169
 21
-0.0000349937326973
 31
0.0
1001
AcDbBlockRepETag
1070
     1
1071
        6
1005
692
  0
LINE
  5
693
330
1F
100
AcDbEntity
  8
2Y
100
AcDbLine
 10
6499.99997432169
 20
36999.99996500627
 30
0.0
 11
6499.99997432169
 21
-0.0000349937326973
 31
0.0
1001
AcDbBlockRepETag
1070
     1
1071
        7
1005
693
  0
LINE
  5
694
330
1F
100
AcDbEntity
  8
2Y
100
AcDbLine
 10
8499.99997432169
 20
37999.99996500627
 30
0.0
 11
8499.99997432169
 21
-0.0000349937326973
 31
0.0
1001
AcDbBlockRepETag
1070
     1
1071
        8
1005
694
  0
LINE
  5
695
330
1F
100
AcDbEntity
  8
2Y
100
AcDbLine
 10
10499.99997432169
 20
37999.99996500627
 30
0.0
 11
10499.99997432169
 21
-0.0000349937326973
 31
0.0
1001
AcDbBlockRepETag
1070
     1
1071
        9
1005
695
  0
LINE
  5
696
330
1F
100
AcDbEntity
  8
2Y
100
AcDbLine
 10
17999.99997432169
 20
37999.99996500627
 30
0.0
 11
17999.99997432169
 21
-0.0000349937326973
 31
0.0
1001
AcDbBlockRepETag
1070
     1
1071
       10
1005
696
  0
LINE
  5
697
330
1F
100
AcDbEntity
  8
2Y
100
AcDbLine
 10
11999.99997432172
 20
36999.99996500627
 30
0.0
 11
11999.99997432166
 21
-0.0000349937326973
 31
0.0
1001
AcDbBlockRepETag
1070
     1
1071
       11
1005
697
  0
LINE
  5
698
330
1F
100
AcDbEntity
  8
2Y
100
AcDbLine
 10
13499.99997432169
 20
36999.99996500627
 30
0.0
 11
13499.99997432169
 21
-0.0000349937326973
 31
0.0
1001
AcDbBlockRepETag
1070
     1
1071
       12
1005
698
  0
LINE
  5
699
330
1F
100
AcDbEntity
  8
2Y
100
AcDbLine
 10
14999.99997432169
 20
36999.99996500627
 30
0.0
 11
14999.99997432169
 21
-0.0000349937326973
 31
0.0
1001
AcDbBlockRepETag
1070
     1
1071
       13
1005
699
  0
LINE
  5
69A
330
1F
100
AcDbEntity
  8
2Y
100
AcDbLine
 10
16499.99997432169
 20
36999.99996500627
 30
0.0
 11
16499.99997432169
 21
-0.0000349937326973
 31
0.0
1001
AcDbBlockRepETag
1070
     1
1071
       14
1005
69A
  0
LINE
  5
69B
330
1F
100
AcDbEntity
  8
2Y
100
AcDbLine
 10
19499.99997432169
 20
37999.99996500627
 30
0.0
 11
19499.99997432169
 21
-0.0000349937326973
 31
0.0
1001
AcDbBlockRepETag
1070
     1
1071
       15
1005
69B
  0
LINE
  5
69C
330
1F
100
AcDbEntity
  8
2Y
100
AcDbLine
 10
20999.99997432169
 20
37999.99996500627
 30
0.0
 11
20999.99997432169
 21
-0.0000349937326973
 31
0.0
1001
AcDbBlockRepETag
1070
     1
1071
       16
1005
69C
  0
LINE
  5
69D
330
1F
100
AcDbEntity
  8
2Y
100
AcDbLine
 10
22999.99997432169
 20
37999.99996500627
 30
0.0
 11
22999.99997432169
 21
-0.0000349937326973
 31
0.0
1001
AcDbBlockRepETag
1070
     1
1071
       17
1005
69D
  0
LINE
  5
69E
330
1F
100
AcDbEntity
  8
2Y
100
AcDbLine
 10
9749.99997432169
 20
35999.99996500627
 30
0.0
 11
9749.99997432169
 21
-0.0000349937326973
 31
0.0
1001
AcDbBlockRepETag
1070
     1
1071
       18
1005
69E
  0
TEXT
  5
69F
330
1F
100
AcDbEntity
  8
TC
100
AcDbText
 10
54.76187908356643
 20
36474.99996500627
 30
0.0
 40
250.0
  1
LOCATION
 41
0.8
  7
100cl
 72
     1
 11
749.9999743216614
 21
36599.99996500627
 31
0.0
100
AcDbText
 73
     2
1001
AcDbBlockRepETag
1070
     1
1071
       20
1005
69F
  0
TEXT
  5
6A0
330
1F
100
AcDbEntity
  8
TC
100
AcDbText
 10
307.1428314645186
 20
36874.99996500627
 30
0.0
 40
250.0
  1
LEVEL
 41
0.8
  7
100cl
 72
     1
 11
749.9999743216614
 21
36999.99996500627
 31
0.0
100
AcDbText
 73
     2
1001
AcDbBlockRepETag
1070
     1
1071
       21
1005
6A0
  0
TEXT
  5
6A1
330
1F
100
AcDbEntity
  8
TC
100
AcDbText
 10
269.0475933692805
 20
37274.99996500627
 30
0.0
 40
250.0
  1
FLOOR
 41
0.8
  7
100cl
 72
     1
 11
749.9999743216614
 21
37399.99996500627
 31
0.0
100
AcDbText
 73
     2
1001
AcDbBlockRepETag
1070
     1
1071
       22
1005
6A1
  0
TEXT
  5
6A2
330
1F
100
AcDbEntity
  8
TC
100
AcDbText
 10
6910.714260035977
 20
36374.99996500627
 30
0.0
 40
250.0
  1
DEPTH
  7
100cl
 72
     1
 11
7499.99997432169
 21
36499.99996500627
 31
0.0
100
AcDbText
 73
     2
1001
AcDbBlockRepETag
1070
     1
1071
       23
1005
6A2
  0
TEXT
  5
6A3
330
1F
100
AcDbEntity
  8
TC
100
AcDbText
 10
4970.238069559786
 20
36374.99996500627
 30
0.0
 40
250.0
  1
WIDTH
  7
100cl
 72
     1
 11
5499.99997432169
 21
36499.99996500627
 31
0.0
100
AcDbText
 73
     2
1001
AcDbBlockRepETag
1070
     1
1071
       24
1005
6A3
  0
TEXT
  5
6A4
330
1F
100
AcDbEntity
  8
TC
100
AcDbText
 10
5555.059498131214
 20
37374.99996500627
 30
0.0
 40
250.0
  1
SECTION
 41
1.25
  7
100cl
 72
     1
 11
6499.99997432169
 21
37499.99996500627
 31
0.0
100
AcDbText
 73
     2
1001
AcDbBlockRepETag
1070
     1
1071
       25
1005
6A4
  0
LINE
  5
6A5
330
1F
100
AcDbEntity
  8
2Y
100
AcDbLine
 10
8499.99997432169
 20
36999.99996500627
 30
0.0
 11
4499.999974321661
 21
36999.99996500627
 31
0.0
1001
AcDbBlockRepETag
1070
     1
1071
       26
1005
6A5
  0
TEXT
  5
6A6
330
1F
100
AcDbEntity
  8
TC
100
AcDbText
 10
2511.904736226453
 20
37074.99996500627
 30
0.0
 40
250.0
  1
BEAM
  7
100cl
 72
     1
 11
2999.999974321691
 21
37199.99996500627
 31
0.0
100
AcDbText
 73
     2
1001
AcDbBlockRepETag
1070
     1
1071
       27
1005
6A6
  0
TEXT
  5
6A7
330
1F
100
AcDbEntity
  8
TC
100
AcDbText
 10
2494.04759336931
 20
36674.99996500627
 30
0.0
 40
250.0
  1
MARK
  7
100cl
 72
     1
 11
2999.999974321691
 21
36799.99996500627
 31
0.0
100
AcDbText
 73
     2
1001
AcDbBlockRepETag
1070
     1
1071
       28
1005
6A7
  0
TEXT
  5
6A8
330
1F
100
AcDbEntity
  8
TC
100
AcDbText
 10
8898.809498131212
 20
36874.99996500627
 30
0.0
 40
250.0
  1
BAR %%C
  7
100cl
 72
     1
 11
9499.99997432169
 21
36999.99996500627
 31
0.0
100
AcDbText
 73
     2
1001
AcDbBlockRepETag
1070
     1
1071
       29
1005
6A8
  0
TEXT
  5
6A9
330
1F
100
AcDbEntity
  8
TC
100
AcDbText
 10
19629.16664098836
 20
37074.99996500627
 30
0.0
 40
250.0
  1
STIRRUPS
 41
0.7
  7
100cl
 72
     1
 11
20249.99997432169
 21
37199.99996500627
 31
0.0
100
AcDbText
 73
     2
1001
AcDbBlockRepETag
1070
     1
1071
       30
1005
6A9
  0
TEXT
  5
6AA
330
1F
100
AcDbEntity
  8
TC
100
AcDbText
 10
19691.66664098836
 20
36674.99996500627
 30
0.0
 40
250.0
  1
NO./SET
 41
0.7
  7
100cl
 72
     1
 11
20249.99997432169
 21
36799.99996500627
 31
0.0
100
AcDbText
 73
     2
1001
AcDbBlockRepETag
1070
     1
1071
       31
1005
6AA
  0
TEXT
  5
6AB
330
1F
100
AcDbEntity
  8
TC
100
AcDbText
 10
15321.42854575026
 20
36574.99996500627
 30
0.0
 40
250.0
  1
CONT.
 41
0.8
  7
100cl
 72
     1
 11
15749.99997432169
 21
36699.99996500627
 31
0.0
100
AcDbText
 73
     2
1001
AcDbBlockRepETag
1070
     1
1071
       32
1005
6AB
  0
TEXT
  5
6AC
330
1F
100
AcDbEntity
  8
TC
100
AcDbText
 10
16583.33330765502
 20
36574.99996500627
 30
0.0
 40
250.0
  1
DISCONT.
 41
0.8
  7
100cl
 72
     1
 11
17249.99997432169
 21
36699.99996500627
 31
0.0
100
AcDbText
 73
     2
1001
AcDbBlockRepETag
1070
     1
1071
       33
1005
6AC
  0
TEXT
  5
6AD
330
1F
100
AcDbEntity
  8
TC
100
AcDbText
 10
13611.90473622645
 20
36374.99996500627
 30
0.0
 40
250.0
  1
MIDSPAN
 41
0.8
  7
100cl
 72
     1
 11
14249.99997432169
 21
36499.99996500627
 31
0.0
100
AcDbText
 73
     2
1001
AcDbBlockRepETag
1070
     1
1071
       34
1005
6AD
  0
TEXT
  5
6AE
330
1F
100
AcDbEntity
  8
TC
100
AcDbText
 10
12321.42854575026
 20
36574.99996500627
 30
0.0
 40
250.0
  1
CONT.
 41
0.8
  7
100cl
 72
     1
 11
12749.99997432169
 21
36699.99996500627
 31
0.0
100
AcDbText
 73
     2
1001
AcDbBlockRepETag
1070
     1
1071
       35
1005
6AE
  0
TEXT
  5
6AF
330
1F
100
AcDbEntity
  8
TC
100
AcDbText
 10
10583.33330765505
 20
36574.99996500627
 30
0.0
 40
250.0
  1
DISCONT.
 41
0.8
  7
100cl
 72
     1
 11
11249.99997432172
 21
36699.99996500627
 31
0.0
100
AcDbText
 73
     2
1001
AcDbBlockRepETag
1070
     1
1071
       36
1005
6AF
  0
TEXT
  5
6B0
330
1F
100
AcDbEntity
  8
TC
100
AcDbText
 10
18110.71426003598
 20
36474.99996500627
 30
0.0
 40
250.0
  1
EACH FACE
 41
0.6
  7
100cl
 72
     1
 11
18749.99997432169
 21
36599.99996500627
 31
0.0
100
AcDbText
 73
     2
1001
AcDbBlockRepETag
1070
     1
1071
       37
1005
6B0
  0
TEXT
  5
6B1
330
1F
100
AcDbEntity
  8
TC
100
AcDbText
 10
12569.04759336931
 20
36174.99996500627
 30
0.0
 40
250.0
  1
'A'
 41
0.8
  7
100cl
 72
     1
 11
12749.99997432169
 21
36299.99996500627
 31
0.0
100
AcDbText
 73
     2
1001
AcDbBlockRepETag
1070
     1
1071
       38
1005
6B1
  0
TEXT
  5
6B2
330
1F
100
AcDbEntity
  8
TC
100
AcDbText
 10
11069.04759336934
 20
36174.99996500627
 30
0.0
 40
250.0
  1
'A'
 41
0.8
  7
100cl
 72
     1
 11
11249.99997432172
 21
36299.99996500627
 31
0.0
100
AcDbText
 73
     2
1001
AcDbBlockRepETag
1070
     1
1071
       39
1005
6B2
  0
TEXT
  5
6B3
330
1F
100
AcDbEntity
  8
TC
100
AcDbText
 10
15554.76187908359
 20
36174.99996500627
 30
0.0
 40
250.0
  1
'B'
 41
0.8
  7
100cl
 72
     1
 11
15749.99997432169
 21
36299.99996500627
 31
0.0
100
AcDbText
 73
     2
1001
AcDbBlockRepETag
1070
     1
1071
       40
1005
6B3
  0
TEXT
  5
6B4
330
1F
100
AcDbEntity
  8
TC
100
AcDbText
 10
17054.76187908359
 20
36174.99996500627
 30
0.0
 40
250.0
  1
'B'
 41
0.8
  7
100cl
 72
     1
 11
17249.99997432169
 21
36299.99996500627
 31
0.0
100
AcDbText
 73
     2
1001
AcDbBlockRepETag
1070
     1
1071
       41
1005
6B4
  0
LINE
  5
6B5
330
1F
100
AcDbEntity
  8
2Y
100
AcDbLine
 10
17999.99997432169
 20
36999.99996500627
 30
0.0
 11
10499.99997432169
 21
36999.99996500627
 31
0.0
1001
AcDbBlockRepETag
1070
     1
1071
       42
1005
6B5
  0
TEXT
  5
6B6
330
1F
100
AcDbEntity
  8
TC
100
AcDbText
 10
11226.19045051216
 20
37374.99996500627
 30
0.0
 40
250.0
  1
LONGITUDINAL REINFORCEMENTS
  7
100cl
 72
     1
 11
14249.99997432169
 21
37499.99996500627
 31
0.0
100
AcDbText
 73
     2
1001
AcDbBlockRepETag
1070
     1
1071
       43
1005
6B6
  0
TEXT
  5
6B7
330
1F
100
AcDbEntity
  8
TC
100
AcDbText
 10
18460.71426003597
 20
36874.99996500627
 30
0.0
 40
250.0
  1
BARS
 41
0.6
  7
100cl
 72
     1
 11
18749.99997432169
 21
36999.99996500627
 31
0.0
100
AcDbText
 73
     2
1001
AcDbBlockRepETag
1070
     1
1071
       44
1005
6B7
  0
TEXT
  5
6B8
330
1F
100
AcDbEntity
  8
TC
100
AcDbText
 10
18524.99997432169
 20
37274.99996500627
 30
0.0
 40
250.0
  1
WEB
 41
0.6
  7
100cl
 72
     1
 11
18749.99997432169
 21
37399.99996500627
 31
0.0
100
AcDbText
 73
     2
1001
AcDbBlockRepETag
1070
     1
1071
       45
1005
6B8
  0
TEXT
  5
6B9
330
1F
100
AcDbEntity
  8
TC
100
AcDbText
 10
21290.47616479788
 20
37074.99996500627
 30
0.0
 40
250.0
  1
STIRRUPS
 41
0.8
  7
100cl
 72
     1
 11
21999.99997432169
 21
37199.99996500627
 31
0.0
100
AcDbText
 73
     2
1001
AcDbBlockRepETag
1070
     1
1071
       46
1005
6B9
  0
TEXT
  5
6BA
330
1F
100
AcDbEntity
  8
TC
100
AcDbText
 10
21909.5237838455
 20
36674.99996500627
 30
0.0
 40
250.0
  1
%%C
 41
0.8
  7
100cl
 72
     1
 11
21999.99997432169
 21
36799.99996500627
 31
0.0
100
AcDbText
 73
     2
1001
AcDbBlockRepETag
1070
     1
1071
       47
1005
6BA
  0
LINE
  5
6BB
330
1F
100
AcDbEntity
  8
2Y
100
AcDbLine
 10
30949.99997399477
 20
37999.99996500627
 30
0.0
 11
30949.99997399477
 21
-0.0000349937326973
 31
0.0
1001
AcDbBlockRepETag
1070
     1
1071
       48
1005
6BB
  0
TEXT
  5
6BC
330
1F
100
AcDbEntity
  8
TC
100
AcDbText
 10
31511.90473586838
 20
36874.99996500627
 30
0.0
 40
250.0
  1
REMARKS
  7
100cl
 72
     1
 11
32374.99997396362
 21
36999.99996500627
 31
0.0
100
AcDbText
 73
     2
1001
AcDbBlockRepETag
1070
     1
1071
       49
1005
6BC
  0
LINE
  5
6BD
330
1F
100
AcDbEntity
  8
6M
100
AcDbLine
 10
33799.99997393231
 20
-0.0000349937326973
 30
0.0
 11
33799.99997393231
 21
54399.99996471569
 31
0.0
  0
ENDSEC
  0
SECTION
  2
OBJECTS
  0
DICTIONARY
  5
C
330
0
100
AcDbDictionary
281
     1
  3
ACAD_CIP_PREVIOUS_PRODUCT_INFO
350
216
  3
ACAD_COLOR
350
6B
  3
ACAD_DETAILVIEWSTYLE
350
21B
  3
ACAD_GROUP
350
D
  3
ACAD_LAYOUT
350
1A
  3
ACAD_MATERIAL
350
6A
  3
ACAD_MLEADERSTYLE
350
12D
  3
ACAD_MLINESTYLE
350
17
  3
ACAD_PLOTSETTINGS
350
19
  3
ACAD_PLOTSTYLENAME
350
E
  3
ACAD_SCALELIST
350
10C
  3
ACAD_SECTIONVIEWSTYLE
350
219
  3
ACAD_TABLESTYLE
350
7E
  3
ACAD_VISUALSTYLE
350
EF
  3
ACDB_RECOMPOSE_DATA
350
829
  3
AcDbVariableDictionary
350
5E
  3
AEC_PROPERTY_SET_DEFS
350
51D
  0
DICTIONARY
  5
1FF
330
2
100
AcDbDictionary
280
     1
281
     1
  3
ACAD_LAYERSTATES
360
200
  0
DICTIONARY
  5
13C
330
10
100
AcDbDictionary
280
     1
281
     1
  0
DICTIONARY
  5
35C
330
35B
100
AcDbDictionary
280
     1
281
     1
  0
DICTIONARY
  5
35E
330
35D
100
AcDbDictionary
280
     1
281
     1
  0
DICTIONARY
  5
360
330
35F
100
AcDbDictionary
280
     1
281
     1
  0
DICTIONARY
  5
362
330
361
100
AcDbDictionary
280
     1
281
     1
  0
DICTIONARY
  5
364
330
363
100
AcDbDictionary
280
     1
281
     1
  0
DICTIONARY
  5
366
330
365
100
AcDbDictionary
280
     1
281
     1
  0
DICTIONARY
  5
368
330
367
100
AcDbDictionary
280
     1
281
     1
  0
DICTIONARY
  5
36B
330
36A
100
AcDbDictionary
280
     1
281
     1
  0
DICTIONARY
  5
36D
330
36C
100
AcDbDictionary
280
     1
281
     1
  0
DICTIONARY
  5
1CE
330
1F
100
AcDbDictionary
280
     1
281
     1
  0
XRECORD
  5
216
102
{ACAD_REACTORS
330
C
102
}
330
C
100
AcDbXrecord
280
     1
300
ACD
300
2019
300
ACD_F_S
  0
DICTIONARY
  5
6B
102
{ACAD_REACTORS
330
C
102
}
330
C
100
AcDbDictionary
281
     1
  0
DICTIONARY
  5
21B
102
{ACAD_REACTORS
330
C
102
}
330
C
100
AcDbDictionary
281
     1
  3
Imperial24
350
377
  3
Metric50
350
21C
  0
DICTIONARY
  5
D
102
{ACAD_REACTORS
330
C
102
}
330
C
100
AcDbDictionary
281
     1
  0
DICTIONARY
  5
1A
102
{ACAD_REACTORS
330
C
102
}
330
C
100
AcDbDictionary
281
     1
  3
Layout1
350
D3
  3
Layout2
350
D7
  3
Model
350
22
  0
DICTIONARY
  5
6A
102
{ACAD_REACTORS
330
C
102
}
330
C
100
AcDbDictionary
281
     1
  3
ByBlock
350
ED
  3
ByLayer
350
EC
  3
Global
350
EE
  0
DICTIONARY
  5
12D
102
{ACAD_REACTORS
330
C
102
}
330
C
100
AcDbDictionary
281
     1
  3
Annotative
350
13B
  3
Standard
350
12E
  0
DICTIONARY
  5
17
102
{ACAD_REACTORS
330
C
102
}
330
C
100
AcDbDictionary
281
     1
  3
Standard
350
18
  0
DICTIONARY
  5
19
102
{ACAD_REACTORS
330
C
102
}
330
C
100
AcDbDictionary
281
     1
  0
ACDBDICTIONARYWDFLT
  5
E
102
{ACAD_REACTORS
330
C
102
}
330
C
100
AcDbDictionary
281
     1
  3
Normal
350
F
100
AcDbDictionaryWithDefault
340
F
  0
DICTIONARY
  5
10C
102
{ACAD_REACTORS
330
C
102
}
330
C
100
AcDbDictionary
281
     1
  3
*A1
350
374
  3
*A2
350
375
  3
A0
350
10D
  3
A1
350
1BE
  3
A2
350
1BF
  3
A3
350
1C0
  3
A4
350
1C1
  3
A5
350
1C2
  3
A6
350
1C3
  3
A7
350
1C4
  3
A8
350
1C5
  3
A9
350
1C6
  3
B0
350
1C7
  3
B1
350
1C8
  3
B2
350
1C9
  3
B3
350
1CA
  3
B4
350
1CB
  3
B5
350
1CC
  3
B6
350
1CD
  0
DICTIONARY
  5
219
102
{ACAD_REACTORS
330
C
102
}
330
C
100
AcDbDictionary
281
     1
  3
Imperial24
350
376
  3
Metric50
350
21A
  0
DICTIONARY
  5
7E
102
{ACAD_REACTORS
330
C
102
}
330
C
100
AcDbDictionary
281
     1
  3
Standard
350
7F
  0
DICTIONARY
  5
EF
102
{ACAD_REACTORS
330
C
102
}
330
C
100
AcDbDictionary
281
     1
  3
2dWireframe
350
F5
  3
Basic
350
F4
  3
Brighten
350
FB
  3
ColorChange
350
FF
  3
Conceptual
350
F8
  3
Dim
350
FA
  3
EdgeColorOff
350
1E6
  3
Facepattern
350
FE
  3
Flat
350
F0
  3
FlatWithEdges
350
F1
  3
Gouraud
350
F2
  3
GouraudWithEdges
350
F3
  3
Hidden
350
F7
  3
JitterOff
350
1E4
  3
Linepattern
350
FD
  3
OverhangOff
350
1E5
  3
Realistic
350
F9
  3
Shaded
350
1F3
  3
Shaded with edges
350
1F2
  3
Shades of Gray
350
1EF
  3
Sketchy
350
1F0
  3
Thicken
350
FC
  3
Wireframe
350
F6
  3
X-Ray
350
1F1
  0
XRECORD
  5
829
102
{ACAD_REACTORS
330
C
102
}
330
C
100
AcDbXrecord
280
     1
 90
        1
330
7F
  0
DICTIONARY
  5
5E
102
{ACAD_REACTORS
330
C
102
}
330
C
100
AcDbDictionary
281
     1
  3
CANNOSCALE
350
146
  3
CENTEREXE
350
259
  3
CENTERLTYPEFILE
350
25A
  3
CMLEADERSTYLE
350
145
  3
CTABLESTYLE
350
84
  3
CVIEWDETAILSTYLE
350
227
  3
CVIEWSECTIONSTYLE
350
228
  3
DIMASSOC
350
5F
  3
HIDETEXT
350
63
  3
LAYEREVAL
350
1AE
  3
LAYERNOTIFY
350
1AF
  0
DICTIONARY
  5
51D
102
{ACAD_REACTORS
330
C
102
}
330
C
100
AcDbDictionary
281
     1
  0
DICTIONARY
  5
200
102
{ACAD_REACTORS
330
1FF
102
}
330
1FF
100
AcDbDictionary
281
     1
  0
ACDBDETAILVIEWSTYLE
  5
377
102
{ACAD_REACTORS
330
21B
102
}
330
21B
100
AcDbModelDocViewStyle
 70
     0
  3
Imperial24
290
     0
300
Imperial24
 90
        0
100
AcDbDetailViewStyle
 70
     0
 71
     0
 90
        3
 71
     1
340
11
 62
   256
 40
0.24
340
0
 62
   256
 40
0.24
300

 40
0.36
280
     3
 71
     2
340
16
 90
       25
 62
   256
 71
     3
340
11
 62
   256
 40
0.24
 90
        1
 40
0.75
 90
        1
300
%<\AcVar ViewType \f "%tc1">% %<\AcVar ViewDetailId>%\PSCALE %<\AcVar ViewScale \f "%sn">%
 71
     4
340
16
 90
       25
 62
   256
340
16
 90
       25
 62
   256
280
     0
  0
ACDBDETAILVIEWSTYLE
  5
21C
102
{ACAD_REACTORS
330
21B
102
}
330
21B
100
AcDbModelDocViewStyle
 70
     0
  3
Metric50
290
     0
300
Metric50
 90
        0
100
AcDbDetailViewStyle
 70
     0
 71
     0
 90
        3
 71
     1
340
11
 62
   256
 40
5.0
340
0
 62
   256
 40
5.0
300

 40
0.0
280
     1
 71
     2
340
16
 90
       25
 62
   256
 71
     3
340
11
 62
   256
 40
5.0
 90
        0
 40
15.0
 90
        1
300
%<\AcVar ViewDetailId>% (%<\AcVar ViewScale \f "%sn">%)
 71
     4
340
16
 90
       25
 62
   256
340
16
 90
       25
 62
   256
280
     0
  0
LAYOUT
  5
D3
102
{ACAD_REACTORS
330
1A
102
}
330
1A
100
AcDbPlotSettings
  1

  2
C:\Documents and Settings\basas\Application Data\Autodesk\AutoCAD 2005\R16.1\enu\plotters\Default Windows System Printer.pc3
  4

  6

 40
0.0
 41
0.0
 42
0.0
 43
0.0
 44
0.0
 45
0.0
 46
0.0
 47
0.0
 48
0.0
 49
0.0
140
0.0
141
0.0
142
1.0
143
1.0
 70
   688
 72
     0
 73
     0
 74
     5
  7

 75
    16
147
1.0
 76
     0
 77
     2
 78
   300
148
0.0
149
0.0
100
AcDbLayout
  1
Layout1
 70
     1
 71
     1
 10
0.0
 20
0.0
 11
12.0
 21
9.0
 12
0.0
 22
0.0
 32
0.0
 14
0.0
 24
0.0
 34
0.0
 15
0.0
 25
0.0
 35
0.0
146
0.0
 13
0.0
 23
0.0
 33
0.0
 16
1.0
 26
0.0
 36
0.0
 17
0.0
 27
1.0
 37
0.0
 76
     0
330
D2
  0
LAYOUT
  5
D7
102
{ACAD_REACTORS
330
1A
102
}
330
1A
100
AcDbPlotSettings
  1

  2
C:\Documents and Settings\basas\Application Data\Autodesk\AutoCAD 2005\R16.1\enu\plotters\Default Windows System Printer.pc3
  4

  6

 40
0.0
 41
0.0
 42
0.0
 43
0.0
 44
0.0
 45
0.0
 46
0.0
 47
0.0
 48
0.0
 49
0.0
140
0.0
141
0.0
142
1.0
143
1.0
 70
   688
 72
     0
 73
     0
 74
     5
  7

 75
    16
147
1.0
 76
     0
 77
     2
 78
   300
148
0.0
149
0.0
100
AcDbLayout
  1
Layout2
 70
     1
 71
     2
 10
0.0
 20
0.0
 11
12.0
 21
9.0
 12
0.0
 22
0.0
 32
0.0
 14
0.0
 24
0.0
 34
0.0
 15
0.0
 25
0.0
 35
0.0
146
0.0
 13
0.0
 23
0.0
 33
0.0
 16
1.0
 26
0.0
 36
0.0
 17
0.0
 27
1.0
 37
0.0
 76
     0
330
D6
  0
LAYOUT
  5
22
102
{ACAD_XDICTIONARY
360
205
102
}
102
{ACAD_REACTORS
330
1A
102
}
330
1A
100
AcDbPlotSettings
  1

  2
none_device
  4
ISO_A4_(210.00_x_297.00_MM)
  6

 40
7.5
 41
20.0
 42
7.5
 43
20.0
 44
210.0
 45
297.0
 46
11.54999923706054
 47
-13.65000009536743
 48
0.0
 49
0.0
140
0.0
141
0.0
142
1.0
143
8.704084754739808
 70
 11952
 72
     1
 73
     0
 74
     0
  7

 75
     0
147
0.1148885871608098
 76
     0
 77
     2
 78
   300
148
0.0
149
0.0
100
AcDbLayout
  1
Model
 70
     1
 71
     0
 10
0.0
 20
0.0
 11
12.0
 21
9.0
 12
0.0
 22
0.0
 32
0.0
 14
0.0
 24
0.0
 34
0.0
 15
0.0
 25
0.0
 35
0.0
146
0.0
 13
0.0
 23
0.0
 33
0.0
 16
1.0
 26
0.0
 36
0.0
 17
0.0
 27
1.0
 37
0.0
 76
     0
330
1F
331
EA
1001
ACAD_PSEXT
1000
None
1000
None
1000
Not applicable
1000
The layout will not be plotted unless a new plotter configuration name is selected.
1070
     0
  0
MATERIAL
  5
ED
102
{ACAD_XDICTIONARY
360
1F9
102
}
102
{ACAD_REACTORS
330
6A
102
}
330
6A
100
AcDbMaterial
  1
ByBlock
 94
       63
  0
MATERIAL
  5
EC
102
{ACAD_XDICTIONARY
360
1F7
102
}
102
{ACAD_REACTORS
330
6A
102
}
330
6A
100
AcDbMaterial
  1
ByLayer
 94
       63
  0
MATERIAL
  5
EE
102
{ACAD_XDICTIONARY
360
173
102
}
102
{ACAD_REACTORS
330
6A
102
}
330
6A
100
AcDbMaterial
  1
Global
 43
0.0007999999797903
 43
0.0
 43
0.0
 43
0.0
 43
0.0
 43
0.0007999999797903
 43
0.0
 43
0.0
 43
0.0
 43
0.0
 43
1.0
 43
0.0
 43
0.0
 43
0.0
 43
0.0
 43
1.0
 49
0.0007999999797903
 49
0.0
 49
0.0
 49
0.0
 49
0.0
 49
0.0007999999797903
 49
0.0
 49
0.0
 49
0.0
 49
0.0
 49
1.0
 49
0.0
 49
0.0
 49
0.0
 49
0.0
 49
1.0
142
0.0007999999797903
142
0.0
142
0.0
142
0.0
142
0.0
142
0.0007999999797903
142
0.0
142
0.0
142
0.0
142
0.0
142
1.0
142
0.0
142
0.0
142
0.0
142
0.0
142
1.0
144
0.0007999999797903
144
0.0
144
0.0
144
0.0
144
0.0
144
0.0007999999797903
144
0.0
144
0.0
144
0.0
144
0.0
144
1.0
144
0.0
144
0.0
144
0.0
144
0.0
144
1.0
 94
       63
1001
ACAD
1070
    -1
1070
     3
1070
     0
1000

1071
        0
1070
     0
  0
MLEADERSTYLE
  5
13B
102
{ACAD_REACTORS
330
12D
102
}
330
12D
100
AcDbMLeaderStyle
179
     2
170
     2
171
     1
172
     0
 90
        2
 40
0.0
 41
0.0
173
     1
 91
-1056964608
340
14
 92
       -2
290
     1
 42
2.0
291
     1
 43
8.0
  3
Standard
 44
4.0
300

342
11
174
     1
178
     1
175
     1
176
     0
 93
-1056964608
 45
4.0
292
     0
297
     0
 46
4.0
 94
-1056964608
 47
1.0
 49
1.0
140
1.0
293
     1
141
0.0
294
     1
177
     0
142
1.0
295
     0
296
     1
143
3.75
271
     0
272
     9
273
     9
298
     0
  0
MLEADERSTYLE
  5
12E
102
{ACAD_REACTORS
330
12D
102
}
330
12D
100
AcDbMLeaderStyle
179
     2
170
     2
171
     1
172
     0
 90
        2
 40
0.0
 41
0.0
173
     1
 91
-1056964608
340
14
 92
       -2
290
     1
 42
2.0
291
     1
 43
8.0
  3
Standard
 44
4.0
300

342
11
174
     1
178
     1
175
     1
176
     0
 93
-1056964608
 45
4.0
292
     0
297
     0
 46
4.0
 94
-1056964608
 47
1.0
 49
1.0
140
1.0
293
     1
141
0.0
294
     1
177
     0
142
1.0
295
     0
296
     0
143
3.75
271
     0
272
     9
273
     9
298
     0
  0
MLINESTYLE
  5
18
102
{ACAD_REACTORS
330
17
102
}
330
17
100
AcDbMlineStyle
  2
STANDARD
 70
     0
  3

 62
   256
 51
90.0
 52
90.0
 71
     2
 49
0.5
 62
   256
  6
BYLAYER
 49
-0.5
 62
   256
  6
BYLAYER
  0
ACDBPLACEHOLDER
  5
F
102
{ACAD_REACTORS
330
E
102
}
330
E
  0
SCALE
  5
374
102
{ACAD_REACTORS
330
10C
102
}
330
10C
100
AcDbScale
 70
     0
300
1/8" = 1'-0"
140
0.125
141
12.0
290
     0
1001
ACAD
1000
AcRTDxfName
1000
SCALE
1000
AcRTDxfName
1000
SCALE
1000
AcRTDxfName
1000
SCALE
1000
AcRTDxfName
1000
SCALE
1000
AcRTDxfName
1000
SCALE
1000
AcRTDxfName
1000
SCALE
  0
SCALE
  5
375
102
{ACAD_REACTORS
330
10C
102
}
330
10C
100
AcDbScale
 70
     0
300
1'-0" = 1'-0"
140
12.0
141
12.0
290
     0
1001
ACAD
1000
AcRTDxfName
1000
SCALE
1000
AcRTDxfName
1000
SCALE
1000
AcRTDxfName
1000
SCALE
1000
AcRTDxfName
1000
SCALE
1000
AcRTDxfName
1000
SCALE
1000
AcRTDxfName
1000
SCALE
  0
SCALE
  5
10D
102
{ACAD_REACTORS
330
10C
102
}
330
10C
100
AcDbScale
 70
     0
300
1:1
140
1.0
141
1.0
290
     1
  0
SCALE
  5
1BE
102
{ACAD_REACTORS
330
10C
102
}
330
10C
100
AcDbScale
 70
     0
300
1:2
140
1.0
141
2.0
290
     0
  0
SCALE
  5
1BF
102
{ACAD_REACTORS
330
10C
102
}
330
10C
100
AcDbScale
 70
     0
300
1:4
140
1.0
141
4.0
290
     0
  0
SCALE
  5
1C0
102
{ACAD_REACTORS
330
10C
102
}
330
10C
100
AcDbScale
 70
     0
300
1:5
140
1.0
141
5.0
290
     0
  0
SCALE
  5
1C1
102
{ACAD_REACTORS
330
10C
102
}
330
10C
100
AcDbScale
 70
     0
300
1:8
140
1.0
141
8.0
290
     0
  0
SCALE
  5
1C2
102
{ACAD_REACTORS
330
10C
102
}
330
10C
100
AcDbScale
 70
     0
300
1:10
140
1.0
141
10.0
290
     0
  0
SCALE
  5
1C3
102
{ACAD_REACTORS
330
10C
102
}
330
10C
100
AcDbScale
 70
     0
300
1:16
140
1.0
141
16.0
290
     0
  0
SCALE
  5
1C4
102
{ACAD_REACTORS
330
10C
102
}
330
10C
100
AcDbScale
 70
     0
300
1:20
140
1.0
141
20.0
290
     0
  0
SCALE
  5
1C5
102
{ACAD_REACTORS
330
10C
102
}
330
10C
100
AcDbScale
 70
     0
300
1:30
140
1.0
141
30.0
290
     0
  0
SCALE
  5
1C6
102
{ACAD_REACTORS
330
10C
102
}
330
10C
100
AcDbScale
 70
     0
300
1:40
140
1.0
141
40.0
290
     0
  0
SCALE
  5
1C7
102
{ACAD_REACTORS
330
10C
102
}
330
10C
100
AcDbScale
 70
     0
300
1:50
140
1.0
141
50.0
290
     0
  0
SCALE
  5
1C8
102
{ACAD_REACTORS
330
10C
102
}
330
10C
100
AcDbScale
 70
     0
300
1:100
140
1.0
141
100.0
290
     0
  0
SCALE
  5
1C9
102
{ACAD_REACTORS
330
10C
102
}
330
10C
100
AcDbScale
 70
     0
300
2:1
140
2.0
141
1.0
290
     0
  0
SCALE
  5
1CA
102
{ACAD_REACTORS
330
10C
102
}
330
10C
100
AcDbScale
 70
     0
300
4:1
140
4.0
141
1.0
290
     0
  0
SCALE
  5
1CB
102
{ACAD_REACTORS
330
10C
102
}
330
10C
100
AcDbScale
 70
     0
300
8:1
140
8.0
141
1.0
290
     0
  0
SCALE
  5
1CC
102
{ACAD_REACTORS
330
10C
102
}
330
10C
100
AcDbScale
 70
     0
300
10:1
140
10.0
141
1.0
290
     0
  0
SCALE
  5
1CD
102
{ACAD_REACTORS
330
10C
102
}
330
10C
100
AcDbScale
 70
     0
300
100:1
140
100.0
141
1.0
290
     0
  0
ACDBSECTIONVIEWSTYLE
  5
376
102
{ACAD_REACTORS
330
219
102
}
330
219
100
AcDbModelDocViewStyle
 70
     0
  3
Imperial24
290
     0
300
Imperial24
 90
        0
100
AcDbSectionViewStyle
 70
     0
 71
     0
 90
       78
 71
     1
340
11
 62
   256
 40
0.24
340
0
340
0
 62
   256
 40
0.24
300
I, O, Q, S, X, Z
 40
0.48
 90
        3
 40
0.18
 90
        1
 71
     2
340
16
 90
       25
 62
   256
340
16
 90
       50
 62
   256
 40
0.24
 40
0.0
 40
0.24
 71
     3
340
11
 62
   256
 40
0.24
 90
        1
 40
0.75
 90
        1
300
%<\AcVar ViewType \f "%tc1">% %<\AcVar ViewSectionStartId>%-%<\AcVar ViewSectionEndId>%\PSCALE %<\AcVar ViewScale \f "%sn">%
 71
     4
 62
   256
 62
   257
300
ANSI31
 40
1.0
 90
        0
290
     0
290
     0
 90
        6
 40
0.0
 40
1.570796326794896
 40
0.2617993877991494
 40
1.308996938995747
 40
-0.2617993877991494
 40
1.832595714594046
  0
ACDBSECTIONVIEWSTYLE
  5
21A
102
{ACAD_REACTORS
330
219
102
}
330
219
100
AcDbModelDocViewStyle
 70
     0
  3
Metric50
290
     0
300
Metric50
 90
        0
100
AcDbSectionViewStyle
 70
     0
 71
     0
 90
      102
 71
     1
340
11
 62
   256
 40
5.0
340
0
340
0
 62
   256
 40
5.0
300
I, O, Q, S, X, Z
 40
10.0
 90
        0
 40
2.5
 90
        0
 71
     2
340
16
 90
       25
 62
   256
340
16
 90
       50
 62
   256
 40
5.0
 40
2.5
 40
5.0
 71
     3
340
11
 62
   256
 40
5.0
 90
        0
 40
15.0
 90
        1
300
%<\AcVar ViewSectionStartId>%-%<\AcVar ViewSectionEndId>% (%<\AcVar ViewScale \f "%sn">%)
 71
     4
 62
   256
 62
   257
300
ANSI31
 40
1.0
 90
        0
290
     0
290
     0
 90
        6
 40
0.0
 40
1.570796326794896
 40
0.2617993877991494
 40
1.308996938995747
 40
-0.2617993877991494
 40
1.832595714594046
  0
TABLESTYLE
  5
7F
102
{ACAD_XDICTIONARY
360
162
102
}
102
{ACAD_REACTORS
330
7E
102
}
330
7E
100
AcDbTableStyle
280
     0
  3
Standard
 70
     0
 71
     0
 40
1.5
 41
1.5
280
     0
281
     0
  7
Standard
140
4.5
170
     2
 62
     0
 63
     7
283
     0
 90
      512
 91
        0
  1

274
    -2
284
     1
 64
     0
275
    -2
285
     1
 65
     0
276
    -2
286
     1
 66
     0
277
    -2
287
     1
 67
     0
278
    -2
288
     1
 68
     0
279
    -2
289
     1
 69
     0
  7
Standard
140
6.0
170
     5
 62
     0
 63
     7
283
     0
 90
      512
 91
        0
  1

274
    -2
284
     1
 64
     0
275
    -2
285
     1
 65
     0
276
    -2
286
     1
 66
     0
277
    -2
287
     1
 67
     0
278
    -2
288
     1
 68
     0
279
    -2
289
     1
 69
     0
  7
Standard
140
4.5
170
     5
 62
     0
 63
     7
283
     0
 90
      512
 91
        0
  1

274
    -2
284
     1
 64
     0
275
    -2
285
     1
 65
     0
276
    -2
286
     1
 66
     0
277
    -2
287
     1
 67
     0
278
    -2
288
     1
 68
     0
279
    -2
289
     1
 69
     0
  0
VISUALSTYLE
  5
F5
102
{ACAD_REACTORS
330
EF
102
}
330
EF
100
AcDbVisualStyle
  2
2dWireframe
 70
     4
177
     3
291
     0
 70
    58
 90
        0
176
     1
 90
        2
176
     1
 90
        1
176
     1
 90
        0
176
     1
 40
0.6
176
     1
 40
30.0
176
     1
 62
     7
420
 16777215
176
     1
 90
        1
176
     1
 90
        4
176
     1
 62
     7
176
     1
 62
   257
176
     1
 90
        1
176
     1
 90
        1
176
     1
 40
1.0
176
     1
 90
        0
176
     1
 62
   257
176
     1
 40
1.0
176
     1
 90
        1
176
     1
 90
        6
176
     1
 90
        2
176
     1
 62
     7
176
     1
 90
        5
176
     1
 90
        0
176
     1
 90
        0
176
     1
290
     0
176
     1
 90
        1
176
     1
 40
0.0
176
     1
 90
        0
176
     1
290
     1
176
     1
290
     1
176
     1
290
     0
176
     1
290
     0
176
     1
290
     0
176
     1
290
     0
176
     1
290
     0
176
     1
290
     0
176
     1
290
     0
176
     1
 90
       50
176
     1
 40
0.0
176
     1
 40
1.0
176
     1
 90
        0
176
     1
 62
    18
420
        0
176
     1
 90
       50
176
     1
 90
        3
176
     1
 62
     5
420
      255
176
     1
290
     0
176
     1
 90
       50
176
     1
 90
       50
176
     1
 90
       50
176
     1
290
     0
176
     1
 90
       50
176
     1
 62
   256
176
     0
 40
1.0
176
     0
 90
        2
176
     1
  1
strokes_ogs.tif
176
     1
290
     0
176
     1
 40
1.0
176
     1
 40
1.0
176
     1
  0
VISUALSTYLE
  5
F4
102
{ACAD_REACTORS
330
EF
102
}
330
EF
100
AcDbVisualStyle
  2
Basic
 70
     7
177
     3
291
     1
 70
    58
 90
        1
176
     1
 90
        0
176
     1
 90
        1
176
     1
 90
        0
176
     1
 40
0.6
176
     1
 40
30.0
176
     1
 62
     7
420
 16777215
176
     1
 90
        0
176
     1
 90
        4
176
     1
 62
     7
176
     1
 62
   257
176
     1
 90
        1
176
     1
 90
        1
176
     1
 40
1.0
176
     1
 90
        8
176
     1
 62
     7
176
     1
 40
1.0
176
     1
 90
        1
176
     1
 90
        6
176
     1
 90
        2
176
     1
 62
     7
176
     1
 90
        5
176
     1
 90
        0
176
     1
 90
        0
176
     1
290
     0
176
     1
 90
        1
176
     1
 40
0.0
176
     1
 90
        0
176
     1
290
     0
176
     1
290
     1
176
     1
290
     1
176
     1
290
     0
176
     1
290
     0
176
     1
290
     0
176
     1
290
     0
176
     1
290
     0
176
     1
290
     0
176
     1
 90
       50
176
     1
 40
0.0
176
     1
 40
1.0
176
     1
 90
        0
176
     1
 62
    18
420
        0
176
     1
 90
       50
176
     1
 90
        3
176
     1
 62
     5
420
      255
176
     1
290
     0
176
     1
 90
       50
176
     1
 90
       50
176
     1
 90
       50
176
     1
290
     0
176
     1
 90
       50
176
     1
 62
   256
176
     0
 40
1.0
176
     0
 90
        2
176
     1
  1
strokes_ogs.tif
176
     1
290
     0
176
     1
 40
1.0
176
     1
 40
1.0
176
     1
  0
VISUALSTYLE
  5
FB
102
{ACAD_REACTORS
330
EF
102
}
330
EF
100
AcDbVisualStyle
  2
Brighten
 70
    12
177
     3
291
     1
 70
    58
 90
        2
176
     1
 90
        2
176
     1
 90
        1
176
     1
 90
        0
176
     1
 40
0.6
176
     1
 40
30.0
176
     1
 62
     7
420
 16777215
176
     1
 90
        1
176
     1
 90
        4
176
     1
 62
     7
176
     1
 62
   257
176
     1
 90
        1
176
     1
 90
        1
176
     1
 40
1.0
176
     1
 90
        8
176
     1
 62
     7
176
     1
 40
1.0
176
     1
 90
        1
176
     1
 90
        6
176
     1
 90
        2
176
     1
 62
     7
176
     1
 90
        5
176
     1
 90
        0
176
     1
 90
        0
176
     1
290
     0
176
     1
 90
        1
176
     1
 40
50.0
176
     1
 90
        0
176
     1
290
     0
176
     1
290
     1
176
     1
290
     1
176
     1
290
     0
176
     1
290
     0
176
     1
290
     0
176
     1
290
     0
176
     1
290
     0
176
     1
290
     0
176
     1
 90
       50
176
     1
 40
0.0
176
     1
 40
1.0
176
     1
 90
        0
176
     1
 62
    18
420
        0
176
     1
 90
       50
176
     1
 90
        3
176
     1
 62
     5
420
      255
176
     1
290
     0
176
     1
 90
       50
176
     1
 90
       50
176
     1
 90
       50
176
     1
290
     0
176
     1
 90
       50
176
     1
 62
   256
176
     0
 40
1.0
176
     0
 90
        2
176
     1
  1
strokes_ogs.tif
176
     1
290
     0
176
     1
 40
1.0
176
     1
 40
1.0
176
     1
  0
VISUALSTYLE
  5
FF
102
{ACAD_REACTORS
330
EF
102
}
330
EF
100
AcDbVisualStyle
  2
ColorChange
 70
    16
177
     3
291
     1
 70
    58
 90
        2
176
     1
 90
        2
176
     1
 90
        3
176
     1
 90
        0
176
     1
 40
0.6
176
     1
 40
30.0
176
     1
 62
     8
420
  8421504
176
     1
 90
        1
176
     1
 90
        4
176
     1
 62
     7
176
     1
 62
   257
176
     1
 90
        1
176
     1
 90
        1
176
     1
 40
1.0
176
     1
 90
        8
176
     1
 62
     8
420
  8421504
176
     1
 40
1.0
176
     1
 90
        1
176
     1
 90
        6
176
     1
 90
        2
176
     1
 62
     7
176
     1
 90
        5
176
     1
 90
        0
176
     1
 90
        0
176
     1
290
     0
176
     1
 90
        1
176
     1
 40
0.0
176
     1
 90
        0
176
     1
290
     0
176
     1
290
     1
176
     1
290
     1
176
     1
290
     0
176
     1
290
     0
176
     1
290
     0
176
     1
290
     0
176
     1
290
     0
176
     1
290
     0
176
     1
 90
       50
176
     1
 40
0.0
176
     1
 40
1.0
176
     1
 90
        0
176
     1
 62
    18
420
        0
176
     1
 90
       50
176
     1
 90
        3
176
     1
 62
     5
420
      255
176
     1
290
     0
176
     1
 90
       50
176
     1
 90
       50
176
     1
 90
       50
176
     1
290
     0
176
     1
 90
       50
176
     1
 62
   256
176
     0
 40
1.0
176
     0
 90
        2
176
     1
  1
strokes_ogs.tif
176
     1
290
     0
176
     1
 40
1.0
176
     1
 40
1.0
176
     1
  0
VISUALSTYLE
  5
F8
102
{ACAD_REACTORS
330
EF
102
}
330
EF
100
AcDbVisualStyle
  2
Conceptual
 70
     9
177
     3
291
     0
 70
    58
 90
        3
176
     1
 90
        2
176
     1
 90
        1
176
     1
 90
        0
176
     1
 40
0.6
176
     1
 40
30.0
176
     1
 62
     7
420
 16777215
176
     1
 90
        2
176
     1
 90
        2
176
     1
 62
     7
176
     1
 62
   257
176
     1
 90
        1
176
     1
 90
        1
176
     1
 40
40.0
176
     1
 90
        8
176
     1
 62
     7
176
     1
 40
1.0
176
     1
 90
        1
176
     1
 90
        6
176
     1
 90
        2
176
     1
 62
     7
176
     1
 90
        3
176
     1
 90
        0
176
     1
 90
        0
176
     1
290
     0
176
     1
 90
        1
176
     1
 40
0.0
176
     1
 90
        0
176
     1
290
     0
176
     1
290
     1
176
     1
290
     1
176
     1
290
     0
176
     1
290
     0
176
     1
290
     0
176
     1
290
     0
176
     1
290
     0
176
     1
290
     0
176
     1
 90
       50
176
     1
 40
0.0
176
     1
 40
1.0
176
     1
 90
        0
176
     1
 62
    18
420
        0
176
     1
 90
       50
176
     1
 90
        3
176
     1
 62
     5
420
      255
176
     1
290
     0
176
     1
 90
       50
176
     1
 90
       50
176
     1
 90
       50
176
     1
290
     0
176
     1
 90
       50
176
     1
 62
   256
176
     0
 40
1.0
176
     0
 90
        2
176
     1
  1
strokes_ogs.tif
176
     1
290
     0
176
     1
 40
1.0
176
     1
 40
1.0
176
     1
  0
VISUALSTYLE
  5
FA
102
{ACAD_REACTORS
330
EF
102
}
330
EF
100
AcDbVisualStyle
  2
Dim
 70
    11
177
     3
291
     1
 70
    58
 90
        2
176
     1
 90
        2
176
     1
 90
        1
176
     1
 90
        0
176
     1
 40
0.6
176
     1
 40
30.0
176
     1
 62
     7
420
 16777215
176
     1
 90
        1
176
     1
 90
        4
176
     1
 62
     7
176
     1
 62
   257
176
     1
 90
        1
176
     1
 90
        1
176
     1
 40
1.0
176
     1
 90
        8
176
     1
 62
     7
176
     1
 40
1.0
176
     1
 90
        1
176
     1
 90
        6
176
     1
 90
        2
176
     1
 62
     7
176
     1
 90
        5
176
     1
 90
        0
176
     1
 90
        0
176
     1
290
     0
176
     1
 90
        1
176
     1
 40
-50.0
176
     1
 90
        0
176
     1
290
     0
176
     1
290
     1
176
     1
290
     1
176
     1
290
     0
176
     1
290
     0
176
     1
290
     0
176
     1
290
     0
176
     1
290
     0
176
     1
290
     0
176
     1
 90
       50
176
     1
 40
0.0
176
     1
 40
1.0
176
     1
 90
        0
176
     1
 62
    18
420
        0
176
     1
 90
       50
176
     1
 90
        3
176
     1
 62
     5
420
      255
176
     1
290
     0
176
     1
 90
       50
176
     1
 90
       50
176
     1
 90
       50
176
     1
290
     0
176
     1
 90
       50
176
     1
 62
   256
176
     0
 40
1.0
176
     0
 90
        2
176
     1
  1
strokes_ogs.tif
176
     1
290
     0
176
     1
 40
1.0
176
     1
 40
1.0
176
     1
  0
VISUALSTYLE
  5
1E6
102
{ACAD_REACTORS
330
EF
102
}
330
EF
100
AcDbVisualStyle
  2
EdgeColorOff
 70
    22
177
     3
291
     1
 70
    58
 90
        2
176
     0
 90
        2
176
     0
 90
        0
176
     0
 90
        0
176
     0
 40
0.6
176
     0
 40
30.0
176
     0
 62
     7
420
 16777215
176
     0
 90
        1
176
     0
 90
        4
176
     0
 62
     7
176
     0
 62
   257
176
     0
 90
        1
176
     0
 90
        1
176
     0
 40
1.0
176
     0
 90
        8
176
     2
 62
     7
176
     0
 40
1.0
176
     0
 90
        1
176
     0
 90
        6
176
     0
 90
        2
176
     0
 62
     7
176
     0
 90
        5
176
     0
 90
        0
176
     0
 90
        0
176
     0
290
     0
176
     0
 90
        1
176
     0
 40
0.0
176
     0
 90
        0
176
     0
290
     0
176
     1
290
     1
176
     1
290
     1
176
     1
290
     0
176
     1
290
     0
176
     1
290
     0
176
     1
290
     0
176
     1
290
     0
176
     1
290
     0
176
     1
 90
       50
176
     1
 40
0.0
176
     1
 40
1.0
176
     1
 90
        0
176
     1
 62
    18
420
        0
176
     1
 90
       50
176
     1
 90
        3
176
     1
 62
     5
420
      255
176
     1
290
     0
176
     1
 90
       50
176
     1
 90
       50
176
     1
 90
       50
176
     1
290
     0
176
     1
 90
       50
176
     1
 62
   256
176
     0
 40
1.0
176
     0
 90
        2
176
     1
  1
strokes_ogs.tif
176
     1
290
     0
176
     1
 40
1.0
176
     1
 40
1.0
176
     1
  0
VISUALSTYLE
  5
FE
102
{ACAD_REACTORS
330
EF
102
}
330
EF
100
AcDbVisualStyle
  2
Facepattern
 70
    15
177
     3
291
     1
 70
    58
 90
        2
176
     1
 90
        2
176
     1
 90
        1
176
     1
 90
        0
176
     1
 40
0.6
176
     1
 40
30.0
176
     1
 62
     7
420
 16777215
176
     1
 90
        1
176
     1
 90
        4
176
     1
 62
     7
176
     1
 62
   257
176
     1
 90
        1
176
     1
 90
        1
176
     1
 40
1.0
176
     1
 90
        8
176
     1
 62
     7
176
     1
 40
1.0
176
     1
 90
        1
176
     1
 90
        6
176
     1
 90
        2
176
     1
 62
     7
176
     1
 90
        5
176
     1
 90
        0
176
     1
 90
        0
176
     1
290
     0
176
     1
 90
        1
176
     1
 40
0.0
176
     1
 90
        0
176
     1
290
     0
176
     1
290
     1
176
     1
290
     1
176
     1
290
     0
176
     1
290
     0
176
     1
290
     0
176
     1
290
     0
176
     1
290
     0
176
     1
290
     0
176
     1
 90
       50
176
     1
 40
0.0
176
     1
 40
1.0
176
     1
 90
        0
176
     1
 62
    18
420
        0
176
     1
 90
       50
176
     1
 90
        3
176
     1
 62
     5
420
      255
176
     1
290
     0
176
     1
 90
       50
176
     1
 90
       50
176
     1
 90
       50
176
     1
290
     0
176
     1
 90
       50
176
     1
 62
   256
176
     0
 40
1.0
176
     0
 90
        2
176
     1
  1
strokes_ogs.tif
176
     1
290
     0
176
     1
 40
1.0
176
     1
 40
1.0
176
     1
  0
VISUALSTYLE
  5
F0
102
{ACAD_REACTORS
330
EF
102
}
330
EF
100
AcDbVisualStyle
  2
Flat
 70
     0
177
     3
291
     1
 70
    58
 90
        2
176
     1
 90
        1
176
     1
 90
        1
176
     1
 90
        2
176
     1
 40
0.6
176
     1
 40
30.0
176
     1
 62
     7
420
 16777215
176
     1
 90
        0
176
     1
 90
        0
176
     1
 62
     7
176
     1
 62
   257
176
     1
 90
        1
176
     1
 90
        1
176
     1
 40
1.0
176
     1
 90
        8
176
     1
 62
     7
176
     1
 40
1.0
176
     1
 90
        1
176
     1
 90
        6
176
     1
 90
        2
176
     1
 62
     7
176
     1
 90
        5
176
     1
 90
        0
176
     1
 90
        0
176
     1
290
     0
176
     1
 90
       13
176
     1
 40
0.0
176
     1
 90
        0
176
     1
290
     0
176
     1
290
     1
176
     1
290
     1
176
     1
290
     0
176
     1
290
     0
176
     1
290
     0
176
     1
290
     0
176
     1
290
     0
176
     1
290
     0
176
     1
 90
       50
176
     1
 40
0.0
176
     1
 40
1.0
176
     1
 90
        0
176
     1
 62
    18
420
        0
176
     1
 90
       50
176
     1
 90
        3
176
     1
 62
     5
420
      255
176
     1
290
     0
176
     1
 90
       50
176
     1
 90
       50
176
     1
 90
       50
176
     1
290
     0
176
     1
 90
       50
176
     1
 62
   256
176
     0
 40
1.0
176
     0
 90
        2
176
     1
  1
strokes_ogs.tif
176
     1
290
     0
176
     1
 40
1.0
176
     1
 40
1.0
176
     1
  0
VISUALSTYLE
  5
F1
102
{ACAD_REACTORS
330
EF
102
}
330
EF
100
AcDbVisualStyle
  2
FlatWithEdges
 70
     1
177
     3
291
     1
 70
    58
 90
        2
176
     1
 90
        1
176
     1
 90
        1
176
     1
 90
        2
176
     1
 40
0.6
176
     1
 40
30.0
176
     1
 62
     7
420
 16777215
176
     1
 90
        1
176
     1
 90
        0
176
     1
 62
     7
176
     1
 62
   257
176
     1
 90
        1
176
     1
 90
        1
176
     1
 40
1.0
176
     1
 90
        0
176
     1
 62
   257
176
     1
 40
1.0
176
     1
 90
        1
176
     1
 90
        6
176
     1
 90
        2
176
     1
 62
     7
176
     1
 90
        5
176
     1
 90
        0
176
     1
 90
        0
176
     1
290
     0
176
     1
 90
       13
176
     1
 40
0.0
176
     1
 90
        0
176
     1
290
     0
176
     1
290
     1
176
     1
290
     1
176
     1
290
     0
176
     1
290
     0
176
     1
290
     0
176
     1
290
     0
176
     1
290
     0
176
     1
290
     0
176
     1
 90
       50
176
     1
 40
0.0
176
     1
 40
1.0
176
     1
 90
        0
176
     1
 62
    18
420
        0
176
     1
 90
       50
176
     1
 90
        3
176
     1
 62
     5
420
      255
176
     1
290
     0
176
     1
 90
       50
176
     1
 90
       50
176
     1
 90
       50
176
     1
290
     0
176
     1
 90
       50
176
     1
 62
   256
176
     0
 40
1.0
176
     0
 90
        2
176
     1
  1
strokes_ogs.tif
176
     1
290
     0
176
     1
 40
1.0
176
     1
 40
1.0
176
     1
  0
VISUALSTYLE
  5
F2
102
{ACAD_REACTORS
330
EF
102
}
330
EF
100
AcDbVisualStyle
  2
Gouraud
 70
     2
177
     3
291
     1
 70
    58
 90
        2
176
     1
 90
        2
176
     1
 90
        1
176
     1
 90
        2
176
     1
 40
0.6
176
     1
 40
30.0
176
     1
 62
     7
420
 16777215
176
     1
 90
        0
176
     1
 90
        0
176
     1
 62
     7
176
     1
 62
   257
176
     1
 90
        1
176
     1
 90
        1
176
     1
 40
1.0
176
     1
 90
        0
176
     1
 62
     7
176
     1
 40
1.0
176
     1
 90
        1
176
     1
 90
        6
176
     1
 90
        2
176
     1
 62
     7
176
     1
 90
        5
176
     1
 90
        0
176
     1
 90
        0
176
     1
290
     0
176
     1
 90
       13
176
     1
 40
0.0
176
     1
 90
        0
176
     1
290
     0
176
     1
290
     1
176
     1
290
     1
176
     1
290
     0
176
     1
290
     0
176
     1
290
     0
176
     1
290
     0
176
     1
290
     0
176
     1
290
     0
176
     1
 90
       50
176
     1
 40
0.0
176
     1
 40
1.0
176
     1
 90
        0
176
     1
 62
    18
420
        0
176
     1
 90
       50
176
     1
 90
        3
176
     1
 62
     5
420
      255
176
     1
290
     0
176
     1
 90
       50
176
     1
 90
       50
176
     1
 90
       50
176
     1
290
     0
176
     1
 90
       50
176
     1
 62
   256
176
     0
 40
1.0
176
     0
 90
        2
176
     1
  1
strokes_ogs.tif
176
     1
290
     0
176
     1
 40
1.0
176
     1
 40
1.0
176
     1
  0
VISUALSTYLE
  5
F3
102
{ACAD_REACTORS
330
EF
102
}
330
EF
100
AcDbVisualStyle
  2
GouraudWithEdges
 70
     3
177
     3
291
     1
 70
    58
 90
        2
176
     1
 90
        2
176
     1
 90
        1
176
     1
 90
        2
176
     1
 40
0.6
176
     1
 40
30.0
176
     1
 62
     7
420
 16777215
176
     1
 90
        1
176
     1
 90
        0
176
     1
 62
     7
176
     1
 62
   257
176
     1
 90
        1
176
     1
 90
        1
176
     1
 40
1.0
176
     1
 90
        0
176
     1
 62
   257
176
     1
 40
1.0
176
     1
 90
        1
176
     1
 90
        6
176
     1
 90
        2
176
     1
 62
     7
176
     1
 90
        5
176
     1
 90
        0
176
     1
 90
        0
176
     1
290
     0
176
     1
 90
       13
176
     1
 40
0.0
176
     1
 90
        0
176
     1
290
     0
176
     1
290
     1
176
     1
290
     1
176
     1
290
     0
176
     1
290
     0
176
     1
290
     0
176
     1
290
     0
176
     1
290
     0
176
     1
290
     0
176
     1
 90
       50
176
     1
 40
0.0
176
     1
 40
1.0
176
     1
 90
        0
176
     1
 62
    18
420
        0
176
     1
 90
       50
176
     1
 90
        3
176
     1
 62
     5
420
      255
176
     1
290
     0
176
     1
 90
       50
176
     1
 90
       50
176
     1
 90
       50
176
     1
290
     0
176
     1
 90
       50
176
     1
 62
   256
176
     0
 40
1.0
176
     0
 90
        2
176
     1
  1
strokes_ogs.tif
176
     1
290
     0
176
     1
 40
1.0
176
     1
 40
1.0
176
     1
  0
VISUALSTYLE
  5
F7
102
{ACAD_REACTORS
330
EF
102
}
330
EF
100
AcDbVisualStyle
  2
Hidden
 70
     6
177
     3
291
     0
 70
    58
 90
        1
176
     1
 90
        2
176
     1
 90
        2
176
     1
 90
        0
176
     1
 40
0.6
176
     1
 40
30.0
176
     1
 62
     7
420
 16777215
176
     1
 90
        2
176
     1
 90
        2
176
     1
 62
     7
176
     1
 62
   257
176
     1
 90
        2
176
     1
 90
        1
176
     1
 40
40.0
176
     1
 90
        0
176
     1
 62
   257
176
     1
 40
1.0
176
     1
 90
        1
176
     1
 90
        6
176
     1
 90
        2
176
     1
 62
     7
176
     1
 90
        3
176
     1
 90
        0
176
     1
 90
        0
176
     1
290
     0
176
     1
 90
        1
176
     1
 40
0.0
176
     1
 90
        0
176
     1
290
     0
176
     1
290
     1
176
     1
290
     1
176
     1
290
     0
176
     1
290
     0
176
     1
290
     0
176
     1
290
     0
176
     1
290
     0
176
     1
290
     0
176
     1
 90
       50
176
     1
 40
0.0
176
     1
 40
1.0
176
     1
 90
        0
176
     1
 62
    18
420
        0
176
     1
 90
       50
176
     1
 90
        3
176
     1
 62
     5
420
      255
176
     1
290
     0
176
     1
 90
       50
176
     1
 90
       50
176
     1
 90
       50
176
     1
290
     0
176
     1
 90
       50
176
     1
 62
   256
176
     0
 40
1.0
176
     0
 90
        2
176
     1
  1
strokes_ogs.tif
176
     1
290
     0
176
     1
 40
1.0
176
     1
 40
1.0
176
     1
  0
VISUALSTYLE
  5
1E4
102
{ACAD_REACTORS
330
EF
102
}
330
EF
100
AcDbVisualStyle
  2
JitterOff
 70
    20
177
     3
291
     1
 70
    58
 90
        2
176
     0
 90
        2
176
     0
 90
        0
176
     0
 90
        0
176
     0
 40
0.6
176
     0
 40
30.0
176
     0
 62
     7
420
 16777215
176
     0
 90
        1
176
     0
 90
        4
176
     0
 62
     7
176
     0
 62
   257
176
     0
 90
        1
176
     0
 90
        1
176
     0
 40
1.0
176
     0
 90
       10
176
     2
 62
     7
176
     0
 40
1.0
176
     0
 90
        1
176
     0
 90
        6
176
     0
 90
        2
176
     0
 62
     7
176
     0
 90
        5
176
     0
 90
        0
176
     0
 90
        0
176
     0
290
     0
176
     0
 90
        1
176
     0
 40
0.0
176
     0
 90
        0
176
     0
290
     0
176
     1
290
     1
176
     1
290
     1
176
     1
290
     0
176
     1
290
     0
176
     1
290
     0
176
     1
290
     0
176
     1
290
     0
176
     1
290
     0
176
     1
 90
       50
176
     1
 40
0.0
176
     1
 40
1.0
176
     1
 90
        0
176
     1
 62
    18
420
        0
176
     1
 90
       50
176
     1
 90
        3
176
     1
 62
     5
420
      255
176
     1
290
     0
176
     1
 90
       50
176
     1
 90
       50
176
     1
 90
       50
176
     1
290
     0
176
     1
 90
       50
176
     1
 62
   256
176
     0
 40
1.0
176
     0
 90
        2
176
     1
  1
strokes_ogs.tif
176
     1
290
     0
176
     1
 40
1.0
176
     1
 40
1.0
176
     1
  0
VISUALSTYLE
  5
FD
102
{ACAD_REACTORS
330
EF
102
}
330
EF
100
AcDbVisualStyle
  2
Linepattern
 70
    14
177
     3
291
     1
 70
    58
 90
        2
176
     1
 90
        2
176
     1
 90
        1
176
     1
 90
        0
176
     1
 40
0.6
176
     1
 40
30.0
176
     1
 62
     7
420
 16777215
176
     1
 90
        1
176
     1
 90
        4
176
     1
 62
     7
176
     1
 62
   257
176
     1
 90
        7
176
     1
 90
        7
176
     1
 40
1.0
176
     1
 90
        8
176
     1
 62
     7
176
     1
 40
1.0
176
     1
 90
        1
176
     1
 90
        6
176
     1
 90
        2
176
     1
 62
     7
176
     1
 90
        5
176
     1
 90
        0
176
     1
 90
        0
176
     1
290
     0
176
     1
 90
        1
176
     1
 40
0.0
176
     1
 90
        0
176
     1
290
     0
176
     1
290
     1
176
     1
290
     1
176
     1
290
     0
176
     1
290
     0
176
     1
290
     0
176
     1
290
     0
176
     1
290
     0
176
     1
290
     0
176
     1
 90
       50
176
     1
 40
0.0
176
     1
 40
1.0
176
     1
 90
        0
176
     1
 62
    18
420
        0
176
     1
 90
       50
176
     1
 90
        3
176
     1
 62
     5
420
      255
176
     1
290
     0
176
     1
 90
       50
176
     1
 90
       50
176
     1
 90
       50
176
     1
290
     0
176
     1
 90
       50
176
     1
 62
   256
176
     0
 40
1.0
176
     0
 90
        2
176
     1
  1
strokes_ogs.tif
176
     1
290
     0
176
     1
 40
1.0
176
     1
 40
1.0
176
     1
  0
VISUALSTYLE
  5
1E5
102
{ACAD_REACTORS
330
EF
102
}
330
EF
100
AcDbVisualStyle
  2
OverhangOff
 70
    21
177
     3
291
     1
 70
    58
 90
        2
176
     0
 90
        2
176
     0
 90
        0
176
     0
 90
        0
176
     0
 40
0.6
176
     0
 40
30.0
176
     0
 62
     7
420
 16777215
176
     0
 90
        1
176
     0
 90
        4
176
     0
 62
     7
176
     0
 62
   257
176
     0
 90
        1
176
     0
 90
        1
176
     0
 40
1.0
176
     0
 90
        9
176
     2
 62
     7
176
     0
 40
1.0
176
     0
 90
        1
176
     0
 90
        6
176
     0
 90
        2
176
     0
 62
     7
176
     0
 90
        5
176
     0
 90
        0
176
     0
 90
        0
176
     0
290
     0
176
     0
 90
        1
176
     0
 40
0.0
176
     0
 90
        0
176
     0
290
     0
176
     1
290
     1
176
     1
290
     1
176
     1
290
     0
176
     1
290
     0
176
     1
290
     0
176
     1
290
     0
176
     1
290
     0
176
     1
290
     0
176
     1
 90
       50
176
     1
 40
0.0
176
     1
 40
1.0
176
     1
 90
        0
176
     1
 62
    18
420
        0
176
     1
 90
       50
176
     1
 90
        3
176
     1
 62
     5
420
      255
176
     1
290
     0
176
     1
 90
       50
176
     1
 90
       50
176
     1
 90
       50
176
     1
290
     0
176
     1
 90
       50
176
     1
 62
   256
176
     0
 40
1.0
176
     0
 90
        2
176
     1
  1
strokes_ogs.tif
176
     1
290
     0
176
     1
 40
1.0
176
     1
 40
1.0
176
     1
  0
VISUALSTYLE
  5
F9
102
{ACAD_REACTORS
330
EF
102
}
330
EF
100
AcDbVisualStyle
  2
Realistic
 70
     8
177
     3
291
     0
 70
    58
 90
        2
176
     1
 90
        3
176
     1
 90
        0
176
     1
 90
        2
176
     1
 40
0.6
176
     1
 40
30.0
176
     1
 62
     7
420
 16777215
176
     1
 90
        0
176
     1
 90
        0
176
     1
 62
     7
176
     1
 62
   257
176
     1
 90
        1
176
     1
 90
        1
176
     1
 40
1.0
176
     1
 90
        8
176
     1
 62
   257
176
     1
 40
1.0
176
     1
 90
        1
176
     1
 90
        6
176
     1
 90
        2
176
     1
 62
     7
176
     1
 90
        3
176
     1
 90
        0
176
     1
 90
        0
176
     1
290
     0
176
     1
 90
       13
176
     1
 40
0.0
176
     1
 90
        0
176
     1
290
     0
176
     1
290
     1
176
     1
290
     1
176
     1
290
     0
176
     1
290
     0
176
     1
290
     0
176
     1
290
     0
176
     1
290
     0
176
     1
290
     0
176
     1
 90
       50
176
     1
 40
0.0
176
     1
 40
1.0
176
     1
 90
        0
176
     1
 62
    18
420
        0
176
     1
 90
       50
176
     1
 90
        3
176
     1
 62
     5
420
      255
176
     1
290
     0
176
     1
 90
       50
176
     1
 90
       50
176
     1
 90
       50
176
     1
290
     0
176
     1
 90
       50
176
     1
 62
   256
176
     0
 40
1.0
176
     0
 90
        2
176
     1
  1
strokes_ogs.tif
176
     1
290
     0
176
     1
 40
1.0
176
     1
 40
1.0
176
     1
  0
VISUALSTYLE
  5
1F3
102
{ACAD_REACTORS
330
EF
102
}
330
EF
100
AcDbVisualStyle
  2
Shaded
 70
    27
177
     3
291
     0
 70
    58
 90
        2
176
     1
 90
        2
176
     1
 90
        1
176
     1
 90
        2
176
     1
 40
0.6
176
     1
 40
30.0
176
     1
 62
     7
420
 16777215
176
     1
 90
        0
176
     1
 90
        4
176
     1
 62
     7
176
     1
 62
   257
176
     1
 90
        1
176
     1
 90
        1
176
     1
 40
1.0
176
     1
 90
        8
176
     1
 62
   257
176
     1
 40
1.0
176
     1
 90
        1
176
     1
 90
        6
176
     1
 90
        2
176
     1
 62
     8
420
  7895160
176
     1
 90
        3
176
     1
 90
        0
176
     1
 90
        0
176
     1
290
     0
176
     1
 90
        5
176
     1
 40
0.0
176
     1
 90
        0
176
     1
290
     0
176
     1
290
     1
176
     1
290
     1
176
     1
290
     0
176
     1
290
     0
176
     1
290
     0
176
     1
290
     0
176
     1
290
     0
176
     1
290
     0
176
     1
 90
       50
176
     1
 40
0.0
176
     1
 40
1.0
176
     1
 90
        0
176
     1
 62
    18
420
        0
176
     1
 90
       50
176
     1
 90
        3
176
     1
 62
     5
420
      255
176
     1
290
     0
176
     1
 90
       50
176
     1
 90
       50
176
     1
 90
       50
176
     1
290
     0
176
     1
 90
       50
176
     1
 62
   256
176
     0
 40
1.0
176
     0
 90
        2
176
     1
  1
strokes_ogs.tif
176
     1
290
     0
176
     1
 40
1.0
176
     1
 40
1.0
176
     1
  0
VISUALSTYLE
  5
1F2
102
{ACAD_REACTORS
330
EF
102
}
330
EF
100
AcDbVisualStyle
  2
Shaded with edges
 70
    26
177
     3
291
     0
 70
    58
 90
        2
176
     1
 90
        2
176
     1
 90
        1
176
     1
 90
        2
176
     1
 40
0.6
176
     1
 40
30.0
176
     1
 62
     7
420
 16777215
176
     1
 90
        1
176
     1
 90
        2
176
     1
 62
     7
176
     1
 62
   257
176
     1
 90
        2
176
     1
 90
        1
176
     1
 40
1.0
176
     1
 90
        8
176
     1
 62
   257
176
     1
 40
1.0
176
     1
 90
        1
176
     1
 90
        6
176
     1
 90
        2
176
     1
 62
     7
176
     1
 90
        3
176
     1
 90
        0
176
     1
 90
        0
176
     1
290
     0
176
     1
 90
        5
176
     1
 40
0.0
176
     1
 90
        0
176
     1
290
     0
176
     1
290
     1
176
     1
290
     1
176
     1
290
     0
176
     1
290
     0
176
     1
290
     0
176
     1
290
     0
176
     1
290
     0
176
     1
290
     0
176
     1
 90
       50
176
     1
 40
0.0
176
     1
 40
1.0
176
     1
 90
        0
176
     1
 62
    18
420
        0
176
     1
 90
       50
176
     1
 90
        3
176
     1
 62
     5
420
      255
176
     1
290
     0
176
     1
 90
       50
176
     1
 90
       50
176
     1
 90
       50
176
     1
290
     0
176
     1
 90
       50
176
     1
 62
   256
176
     0
 40
1.0
176
     0
 90
        2
176
     1
  1
strokes_ogs.tif
176
     1
290
     0
176
     1
 40
1.0
176
     1
 40
1.0
176
     1
  0
VISUALSTYLE
  5
1EF
102
{ACAD_REACTORS
330
EF
102
}
330
EF
100
AcDbVisualStyle
  2
Shades of Gray
 70
    23
177
     3
291
     0
 70
    58
 90
        2
176
     1
 90
        2
176
     1
 90
        3
176
     1
 90
        0
176
     1
 40
0.6
176
     1
 40
30.0
176
     1
 62
     7
420
 16777215
176
     1
 90
        2
176
     1
 90
        2
176
     1
 62
     7
176
     1
 62
     7
176
     1
 90
        1
176
     1
 90
        1
176
     1
 40
40.0
176
     1
 90
        8
176
     1
 62
     7
176
     1
 40
1.0
176
     1
 90
        1
176
     1
 90
        6
176
     1
 90
        2
176
     1
 62
     7
176
     1
 90
        3
176
     1
 90
        0
176
     1
 90
        0
176
     1
290
     0
176
     1
 90
        1
176
     1
 40
0.0
176
     1
 90
        0
176
     1
290
     0
176
     1
290
     1
176
     1
290
     1
176
     1
290
     0
176
     1
290
     0
176
     1
290
     0
176
     1
290
     0
176
     1
290
     0
176
     1
290
     0
176
     1
 90
       50
176
     1
 40
0.0
176
     1
 40
1.0
176
     1
 90
        0
176
     1
 62
    18
420
        0
176
     1
 90
       50
176
     1
 90
        3
176
     1
 62
     5
420
      255
176
     1
290
     0
176
     1
 90
       50
176
     1
 90
       50
176
     1
 90
       50
176
     1
290
     0
176
     1
 90
       50
176
     1
 62
   256
176
     0
 40
1.0
176
     0
 90
        2
176
     1
  1
strokes_ogs.tif
176
     1
290
     0
176
     1
 40
1.0
176
     1
 40
1.0
176
     1
  0
VISUALSTYLE
  5
1F0
102
{ACAD_REACTORS
330
EF
102
}
330
EF
100
AcDbVisualStyle
  2
Sketchy
 70
    24
177
     3
291
     0
 70
    58
 90
        1
176
     1
 90
        2
176
     1
 90
        2
176
     1
 90
        0
176
     1
 40
0.6
176
     1
 40
30.0
176
     1
 62
     7
420
 16777215
176
     1
 90
        2
176
     1
 90
        2
176
     1
 62
     7
176
     1
 62
     7
176
     1
 90
        1
176
     1
 90
        1
176
     1
 40
40.0
176
     1
 90
       11
176
     1
 62
     7
176
     1
 40
1.0
176
     1
 90
        1
176
     1
 90
        6
176
     1
 90
        2
176
     1
 62
     7
176
     1
 90
        6
176
     1
 90
        0
176
     1
 90
        0
176
     1
290
     0
176
     1
 90
        1
176
     1
 40
0.0
176
     1
 90
        0
176
     1
290
     0
176
     1
290
     1
176
     1
290
     1
176
     1
290
     0
176
     1
290
     0
176
     1
290
     0
176
     1
290
     0
176
     1
290
     0
176
     1
290
     0
176
     1
 90
       50
176
     1
 40
0.0
176
     1
 40
1.0
176
     1
 90
        0
176
     1
 62
    18
420
        0
176
     1
 90
       50
176
     1
 90
        3
176
     1
 62
     5
420
      255
176
     1
290
     0
176
     1
 90
       50
176
     1
 90
       50
176
     1
 90
       50
176
     1
290
     0
176
     1
 90
       50
176
     1
 62
   256
176
     0
 40
1.0
176
     0
 90
        2
176
     1
  1
strokes_ogs.tif
176
     1
290
     0
176
     1
 40
1.0
176
     1
 40
1.0
176
     1
  0
VISUALSTYLE
  5
FC
102
{ACAD_REACTORS
330
EF
102
}
330
EF
100
AcDbVisualStyle
  2
Thicken
 70
    13
177
     3
291
     1
 70
    58
 90
        2
176
     1
 90
        2
176
     1
 90
        1
176
     1
 90
        0
176
     1
 40
0.6
176
     1
 40
30.0
176
     1
 62
     7
420
 16777215
176
     1
 90
        1
176
     1
 90
        4
176
     1
 62
     7
176
     1
 62
   257
176
     1
 90
        1
176
     1
 90
        1
176
     1
 40
1.0
176
     1
 90
       12
176
     1
 62
     7
176
     1
 40
1.0
176
     1
 90
        1
176
     1
 90
        6
176
     1
 90
        2
176
     1
 62
     7
176
     1
 90
        5
176
     1
 90
        0
176
     1
 90
        0
176
     1
290
     0
176
     1
 90
        1
176
     1
 40
0.0
176
     1
 90
        0
176
     1
290
     0
176
     1
290
     1
176
     1
290
     1
176
     1
290
     0
176
     1
290
     0
176
     1
290
     0
176
     1
290
     0
176
     1
290
     0
176
     1
290
     0
176
     1
 90
       50
176
     1
 40
0.0
176
     1
 40
1.0
176
     1
 90
        0
176
     1
 62
    18
420
        0
176
     1
 90
       50
176
     1
 90
        3
176
     1
 62
     5
420
      255
176
     1
290
     0
176
     1
 90
       50
176
     1
 90
       50
176
     1
 90
       50
176
     1
290
     0
176
     1
 90
       50
176
     1
 62
   256
176
     0
 40
1.0
176
     0
 90
        2
176
     1
  1
strokes_ogs.tif
176
     1
290
     0
176
     1
 40
1.0
176
     1
 40
1.0
176
     1
  0
VISUALSTYLE
  5
F6
102
{ACAD_REACTORS
330
EF
102
}
330
EF
100
AcDbVisualStyle
  2
Wireframe
 70
     5
177
     3
291
     0
 70
    58
 90
        0
176
     1
 90
        2
176
     1
 90
        0
176
     1
 90
        0
176
     1
 40
0.6
176
     1
 40
30.0
176
     1
 62
     7
420
 16777215
176
     1
 90
        1
176
     1
 90
        4
176
     1
 62
     7
176
     1
 62
   257
176
     1
 90
        1
176
     1
 90
        1
176
     1
 40
1.0
176
     1
 90
        0
176
     1
 62
   257
176
     1
 40
1.0
176
     1
 90
        1
176
     1
 90
        6
176
     1
 90
        2
176
     1
 62
     7
176
     1
 90
        3
176
     1
 90
        0
176
     1
 90
        0
176
     1
290
     0
176
     1
 90
        1
176
     1
 40
0.0
176
     1
 90
        0
176
     1
290
     0
176
     1
290
     1
176
     1
290
     1
176
     1
290
     0
176
     1
290
     0
176
     1
290
     0
176
     1
290
     0
176
     1
290
     0
176
     1
290
     0
176
     1
 90
       50
176
     1
 40
0.0
176
     1
 40
1.0
176
     1
 90
        0
176
     1
 62
    18
420
        0
176
     1
 90
       50
176
     1
 90
        3
176
     1
 62
     5
420
      255
176
     1
290
     0
176
     1
 90
       50
176
     1
 90
       50
176
     1
 90
       50
176
     1
290
     0
176
     1
 90
       50
176
     1
 62
   256
176
     0
 40
1.0
176
     0
 90
        2
176
     1
  1
strokes_ogs.tif
176
     1
290
     0
176
     1
 40
1.0
176
     1
 40
1.0
176
     1
  0
VISUALSTYLE
  5
1F1
102
{ACAD_REACTORS
330
EF
102
}
330
EF
100
AcDbVisualStyle
  2
X-Ray
 70
    25
177
     3
291
     0
 70
    58
 90
        2
176
     1
 90
        2
176
     1
 90
        1
176
     1
 90
        1
176
     1
 40
0.5
176
     1
 40
30.0
176
     1
 62
     7
420
 16777215
176
     1
 90
        1
176
     1
 90
        0
176
     1
 62
     7
176
     1
 62
   257
176
     1
 90
        1
176
     1
 90
        1
176
     1
 40
1.0
176
     1
 90
        8
176
     1
 62
     7
176
     1
 40
1.0
176
     1
 90
        1
176
     1
 90
        6
176
     1
 90
        2
176
     1
 62
     7
176
     1
 90
        3
176
     1
 90
        0
176
     1
 90
        0
176
     1
290
     0
176
     1
 90
       13
176
     1
 40
0.0
176
     1
 90
        0
176
     1
290
     0
176
     1
290
     1
176
     1
290
     1
176
     1
290
     0
176
     1
290
     0
176
     1
290
     0
176
     1
290
     0
176
     1
290
     0
176
     1
290
     0
176
     1
 90
       50
176
     1
 40
0.0
176
     1
 40
1.0
176
     1
 90
        0
176
     1
 62
    18
420
        0
176
     1
 90
       50
176
     1
 90
        3
176
     1
 62
     5
420
      255
176
     1
290
     0
176
     1
 90
       50
176
     1
 90
       50
176
     1
 90
       50
176
     1
290
     0
176
     1
 90
       50
176
     1
 62
   256
176
     0
 40
1.0
176
     0
 90
        2
176
     1
  1
strokes_ogs.tif
176
     1
290
     0
176
     1
 40
1.0
176
     1
 40
1.0
176
     1
  0
DICTIONARYVAR
  5
146
102
{ACAD_REACTORS
330
5E
102
}
330
5E
100
DictionaryVariables
280
     0
  1
1:1
  0
DICTIONARYVAR
  5
259
102
{ACAD_REACTORS
330
5E
102
}
330
5E
100
DictionaryVariables
280
     0
  1
3.500000
  0
DICTIONARYVAR
  5
25A
102
{ACAD_REACTORS
330
5E
102
}
330
5E
100
DictionaryVariables
280
     0
  1
acadiso.lin
  0
DICTIONARYVAR
  5
145
102
{ACAD_REACTORS
330
5E
102
}
330
5E
100
DictionaryVariables
280
     0
  1
STANDARD
  0
DICTIONARYVAR
  5
84
102
{ACAD_REACTORS
330
5E
102
}
330
5E
100
DictionaryVariables
280
     0
  1
STANDARD
  0
DICTIONARYVAR
  5
227
102
{ACAD_REACTORS
330
5E
102
}
330
5E
100
DictionaryVariables
280
     0
  1
Metric50
  0
DICTIONARYVAR
  5
228
102
{ACAD_REACTORS
330
5E
102
}
330
5E
100
DictionaryVariables
280
     0
  1
Metric50
  0
DICTIONARYVAR
  5
5F
102
{ACAD_REACTORS
330
5E
102
}
330
5E
100
DictionaryVariables
280
     0
  1
2
  0
DICTIONARYVAR
  5
63
102
{ACAD_REACTORS
330
5E
102
}
330
5E
100
DictionaryVariables
280
     0
  1
1
  0
DICTIONARYVAR
  5
1AE
102
{ACAD_REACTORS
330
5E
102
}
330
5E
100
DictionaryVariables
280
     0
  1
0
  0
DICTIONARYVAR
  5
1AF
102
{ACAD_REACTORS
330
5E
102
}
330
5E
100
DictionaryVariables
280
     0
  1
0
  0
DICTIONARY
  5
205
330
22
100
AcDbDictionary
280
     1
281
     1
  0
DICTIONARY
  5
1F9
330
ED
100
AcDbDictionary
280
     1
281
     1
  3
FBXASSET
360
1FA
  0
DICTIONARY
  5
1F7
330
EC
100
AcDbDictionary
280
     1
281
     1
  3
FBXASSET
360
1F8
  0
DICTIONARY
  5
173
330
EE
100
AcDbDictionary
280
     1
281
     1
  3
BUMPTILE
360
175
  3
DIFFUSETILE
360
174
  3
FBXASSET
360
1FB
  3
OPACITYTILE
360
176
  3
REFLECTIONTILE
360
177
  0
DICTIONARY
  5
162
330
7F
100
AcDbDictionary
280
     1
281
     1
  3
ACAD_ROUNDTRIP_2008_TABLESTYLE_CELLSTYLEMAP
360
828
  0
XRECORD
  5
1FA
102
{ACAD_REACTORS
330
1F9
102
}
330
1F9
100
AcDbXrecord
280
     1
 70
     1
 90
429727718
  1
D62C5603-E3A1-4AEA-B7FB-FE5D8D0755AF
310
504B03040A0000080000CC70623B3DEE336E79000000790000001B0000006175746F6465736B2D64657369676E2D7061636B6167652E786D6C3C3F786D6C2076657273696F6E3D22312E302220656E636F64696E673D227574662D3822203F3E3C666F726D6174733E3C666F726D61743E687474703A2F2F736368656D612E
310
6175746F6465736B2E636F6D2F64657369676E2D7061636B6167652F323030393C2F666F726D61743E3C2F666F726D6174733E504B0304140006080800CC70623BD486FD9CA0000000F4000000130000005B436F6E74656E745F54797065735D2E786D6C7D8EC10E82300C865F65E91D8A1E8C310C0EEA1BF002731658846E
310
D98AC1B77784ABF1D8FE5FBFBF75BBCE937A534CCEB38643598122B6FEE978D0B0485F9C41B54DDD7D022595594E1A469170414C76A4D9A4D207E29CF43ECE46F218070CC6BECC4078ACAA135ACF422C856C0E68EA1BF5669944DDD7BCDE7B1F8E415D77AECB980613C2E4AC91FC167A2B244592486606FC29C8FD7F045B9A
310
EF7053A7E60B504B0304140006080800CC70623B853B8169EB0000007C01000008000000636F72652E786D6C8D90416EC3201045AF62CDB6C206821CC7C244919D9CA01740401C94182C03558F5F9C3852BBEB6A467FFE9B197D7EFC9E1EC5975982F5AE035262288C535E5B377690E21535501C055FBC8FBF6C503839990E
310
5619041F179FE64D52DE45E362569DD7661365082642A11EB9E920A89B99642953CC8E702F67A9EE7234257977194EC9EAE275C4EABCCF5EAD5940D4AC6F0E35A568B8F43562CD7046CD199FD07E60174276A7BE677B5EADB0E0D14EEFFB6A31321A0D82627C4084204C3F096B71DD52F6819B16635EADF63F509AF53FA164
310
5DDCD1EDDD17164090FCC8732078B56691CB33A85CD7DCC40F504B0304140006080800CC70623B55019EA25F0000007C00000007000000636E782E786D6C4DCB3B0E80201045D1AD90E915ED2CF8AC45050C11660C8261F98AB1B07AC9C97D42D718D865D3E909258CFD00CCE24AC6E326A164D74DC0B4128928FF32603847
310
2BA13128B1252AC747C6BAB984FC68F0B87FE8960A5C09FE86CFB69FBA01504B0304140006080800CC70623BDBABAAF470010000D40300000C0000006662782F636F72652E786D6CC553D16E823014FD95A6AF4B694182CC941A83FA05FB810A9511A125A5257EFE2E82712ECEB8A7F100CD39F7F69E734AF9FADC366850B6
310
AF8DCE7018308C942E4C59EB2AC3DE1D498AD15A706B8CFB56869196ADCAF00863C12B6B7C374385D14E6907A836A59A41D9F7CA615434B0C8705F7CAA5606D23BA8E84F41278B93AC54100640439DE0BDB320004D43C63716C7C399D30917DCFBBA9CD9BA8469F5B156168B24CED3F7248AC8769F27244EB73B92EED8862C
310
B7F13E0C179B3C8F979C8ECD82BBBABDAA2BAC924E9558448CBD9330242CFA08E3154B5651FCC6D215639C8EE5774DBE2B5F6CF2B5768B68963BB5F5588420E442FC700B1139D4CB01F450C1E918227C2E09DF070D8140C84E1E9AAB8F1340832A9CB13130A5F1376A908D57309505ECF2A0DF179C4E9D30F5B239B87E3823
310
7A79C6F31DE1A8A5AEC08474B03C7837EAE4938639B44E5932B833D2C6B6B279CDC613877FA26EE21F4A2A4C63EC7F29A2F301D1F9F7A0E37D145F504B0304140006080800CC70623B9C113CC27E0000009D0000000B0000006662782F636E782E786D6C4DCCDF0A83201C86E15B91DFB94BFB330DD428C8FB886521330DA7
310
6397BF1A1DECE883878F57749FCDA1B7892F1BBC047A23808C7F84D9FA55424E0BE6803A256208E9EF06C84F9B91703228B1C690F78B66B34CD9A5439DF5CF0BFBF65E35BCA1B8D6A5C6F540381E886698B5741C695F9503EBA150A2F8958E3DC3EA0B504B0304140006080800CC70623B7DF2F77C2A010000120200003100
310
00006662782F41393633353835312D344632462D344230382D423046372D3739314545314133324237412F636F72652E786D6C8D51DB8EC22014FC15C2939B0D2DB4B45643319AE817EC0F6041255A68B86CFCFC856D4D76DF7CE190393373060EDB3DC707F856CE6B6B7A480A0C81328395DA5C7B18C3057510EC3873D686
310
3F34088C18550F330C39BB3A1BA7051AAC09CA84841A2BD5020AEF55806078A44B0FFD7053A328440C89E1EFC52486BBB8AA8214A99D789CF9E05200300FC927E4FB4D5B375D43103D5527440FB843077C5AA3F5861C8F645F5787F59E95B390B318B55CE45AA638FAA2957BD7248B390B7A7CC51F9C124149C82B8C378810
310
84AB2F42B7B8DD56F413775B8C5999E9FF4471926F8AA236A1AE96B8B3CC434E5839373893369E1FAF30EA395917409EB7F26AF8801C171837A4A6AC9C89E9F9C9B1A58BA30FD6A5EF5DDDCF894B9AD9B6A59C957943A9FCAE2FD5BC4DFE03504B0304140006080800CC70623BAD7543B64E01000033030000300000006662
310
782F41393633353835312D344632462D344230382D423046372D3739314545314133324237412F636E782E786D6CD593CD6EC32010845F0571AD6CE3D48AD20813A9873E410FBD12D82434182C7EAAE6EDBB2424CD25871E7B41D6EC30B3FA84F9E67BB2E40B4234DE8DB46F1925E094D7C6ED479AD3AE5951B2113C789FEE
310
6C943839C1488B4C05DF079FE72A69D8C96C13AAD6B8631503449F83828872B949AC57D26200B826A308D316B4064D6E46FCDA41C05550DC9E483A00797BFD207EFB092A45DE9514C1BBD22178396BD39D891265658C238DEA00936C654E5E433CB65A26D9F6EDB5EBC14EBF49A45CB856E66048291F6939A9A81BB5C89177
310
38143CA680F4AA299D66A042CEB3354A2684DC9D8D178FE0D9B8B41CAAD720F880EE7EF93C0C18769E099ECC04D5A102C8049A8A05632F4DDF376CF1DE0F6BB65C2F8627B65A33C6BB62177CEBBDAD973006829F89F22E814B54F4BC2BE347F8AA8F681390B50FA73F804400B5F542E796F19FF974E7F78DB802FE05E20750
310
4B0304140006080800CC70623BE75B7789680500003C100000340000006662782F41393633353835312D344632462D344230382D423046372D3739314545314133324237412F6F626A656374732E786D6CAD575B8F9B3818FD2B887D06C22499CB8AA1CA655245D5B455A356FB305264C061D8018C6C3393D95FBFC7600890
310
A4CD5EF210B0B1BFEBF98E3F7B1FF6596ABC522E1296DF9BAE3D320D9A872C4AF2F8DE2CE5CEBA358D0FBEC719939D65A691938CDE9B6ADAF4BD98B3B2D05311DD91329583D9D5FC0F438434A7A611A644887B5384CF34233629258BA878B12322891DEFF6B66BD70BFB62634E8AE781D082709A4B588AF91C528CDA28B73F
310
1C998EEF39EABBEFA97FBD6A7C7E9553F9D3D79FE442923C3C523610337627CB87ABE99D359D4CC6D6E4FACAB5E6ABF9D2726FC6A3C5F56271377BB88362213924694B38DD99FE47C48627A1E7D49F5A8BB5E1A74C0A599ED3B0F21F1E56366B89112D681E218F0915D0D6F17AD41FBA2A369DCF6335D62ABBD39779D5DDD1
310
11D4D8DE3CBB96B2E04FB8202E41051754A1AA8E8F76B4C6DFE810B580B1547F4B84911149794252234D024EF8BBE963A95AE27B3D310A9D5C215C7960FAEE415ED75694C6AFB17BCACA5D99A60A9AA65F217B0BFC53292ACB92BF283FAD0D3621576592CB5BED907C2FA8E9DF794E35E97BEA31BED21FEB401ABB94C44839
310
DCACBF0E1C5DA8DA5B2F4DFFD32AD86F543D9E565E7056502E157C00AD2671CD534549AB752FCA9CDA00677A313F04E51B22FF19E57B300579E3C97EB29F682D92935CEC18CF901B7B54FD8C51F362B56FC72FE0B3C1EAE335EDCCBF5AEC39ADB17DC238973F804BA5E6F6BFE7AF1FB32E523BE9F3BD571418E3631DCA4D48
310
5250CF639223210A9446CA30052EDF057BD35F8329C1ECD84552BF0DC8D18BE7BCE23BFE6BD960AB4A7DE79923A103BEBD80F911CBAA2C60DB19B01CF164A5583B772EE6D3FFA56666CBCDA74DC97724A48F9A58967497E489C4D979006FD7A05E227A1EBDD0F737C623387A9C844D3709995625106D157315F8B8392CD4E0
310
A0B9A720C4BE9829CEF37EA1E13111214D53925356365ADA634861B52519DD27A00AEB808EAF0628E6F435519D446F45CF2C9CF5214F0A15B2F6D06B79DA3EE3CBF7F56780D2F4E7EF73A0F5E5B02A38D07DC852C6B7C1FBB6664213E0C39E3EBA7FF4E1AD23EA2829407C85E586727488B751B2DB9502BC7B228A3FD68B6E
310
A65A22397E690AA8D158D7E404EC8CDA235CC3B7D1898680131CEC2CDF2638C65196279577750F15884AEE19F94199155B92B13297978469D4F8D358DF0AEF7631E28DC8F0D9F437D5D39A83B2231A1D52D543813A824EF8D44BCFF2FA6A31BD1E8DAD87F1CCB526B3879935BF59CDADD5C37479BB1CDD4CA7B3556B516589
310
EF352754B706114D9C885EC9131DE6EFEB43D99AFE2391C2F958179413D7CFEF6B1B6DB1E7600F00DE6E5C67454A339A4BA2E0FBA85ED26F045D454F463DBFCE484C2F90F2E5E3666003662ED8F755951A7D1BECD5B30B550B2785C8E7320B7292A4838DDA71BBC863ED7613CAF659337A3354231D4FF4A182A54904C2898C
310
98B28C4AD0CE056CCF332A80986E571EE9DBC305BB5FEB7E509220A58D25CF042D712A806AC0AD0C657FDEF80D2D9CEAA2EE4D1C76F60BFE74219A06527D6F82DF6412526107381E55E353090704D085B52408A8913C4ED159D79BDA71BB4BC506F4831350EB6F975CD22D69BF7AC49B91A2C0A9DDA3D5CA36AD20FC478E37
310
E61844E2352865EBCB61A275A65283CAAA9DD27703B4102F5AF51EF5F573B75CBB5AD38BC845F7A49F82A0966A49C2E3EA5EA0ECD326CD965F1DB402C6FA8B51A4658C5C5E2EC9E214602E55810345408596591009A82E7E7FFACA19EEA299B14A0081A705CB3296EBC14CDF658DCD336EA6D1136881AAEB87B81AB9EE53D5
310
F5EB8BC8362082DA24122F98680A4E7930C01A0079749CEA14382A0783E5EBA5A10F8C098456A03D6A4AEB6BB881E2513747552A5DB22C7EDAF83BD5528081A365F7FF06504B0304140006080000CC70623B000000000000000000000000350000006662782F41393633353835312D344632462D344230382D423046372D37
310
39314545314133324237412F76657274696365732E62696E504B0304140006080800CC70623BF270F1330600000004000000360000006662782F41393633353835312D344632462D344230382D423046372D3739314545314133324237412F747269616E676C65732E62696E636660600000504B0304140006080000CC7062
310
3B000000000000000000000000370000006662782F41393633353835312D344632462D344230382D423046372D3739314545314133324237412F617474726962757465732E62696E504B0304140006080800CC70623B08DA0BD19000000041010000360000006662782F41393633353835312D344632462D344230382D4230
310
46372D3739314545314133324237412F6469726563746F72792E786D6C858F410AC3201045AF22B36F53E9A60B35CBEEBAE80D244E44489C6234F4F835464A48035D0DF398FF9F8AF63D0E6CC63039F212F8F9020C7D47C6792B21C5FE7403D62A1188E2E60C98D7234A5830286103A55745067B9D86B8A3CF9C7F90C11DE6
310
07FB144396D7B6A82D282E9A152AD114D5EF2CB866EEE831B8EEA07A7BB5A8D7D61A2BAAEB7FD5F70921FF497D00504B0304140006080800CC70623BEDD1DC58FD000000A00100003B0000006662782F41393633353835312D344632462D344230382D423046372D3739314545314133324237412F7265736F75726365732F
310
636F72652E786D6C8D504B6E833010BD0A9A6D65B00922041947112427E8052C33A156828DFCA97AFC9A40A576D7CDCCE87D344F8F9FBFE667F689CE6B6B3A6039850C8DB2A336530731DC4903D95970676DF82583CCC8193B5861107C72362E3BA4AC096842428D1D7107A5F7182053CF7474E0D507CE32973124857FE48B
310
540F3961CEF244279DE03EB81420DB9EAC1384436FA353E879B1B182C7A8C75DA3C7F453DF353A1075D537A7BA6464B8F535A99AE14A9A2BBD90E350DD183B5CFABE3AF262350B1EF4FC9351399401471025A527C218A1E53BAB5A5AB765F5469B96525EACF23FA6B88CFF34456DC2A1DCE36E360F82A5202F42F062ED2BAD
310
579969AFDD8A6F504B010214000A0000080000CC70623B3DEE336E79000000790000001B00000000000000000000000000000000006175746F6465736B2D64657369676E2D7061636B6167652E786D6C504B01021400140006080800CC70623BD486FD9CA0000000F40000001300000000000000000000000000B20000005B
310
436F6E74656E745F54797065735D2E786D6C504B01021400140006080800CC70623B853B8169EB0000007C010000080000000000000000000000000083010000636F72652E786D6C504B01021400140006080800CC70623B55019EA25F0000007C000000070000000000000000000000000094020000636E782E786D6C504B
310
01021400140006080800CC70623BDBABAAF470010000D40300000C00000000000000000000000000180300006662782F636F72652E786D6C504B01021400140006080800CC70623B9C113CC27E0000009D0000000B00000000000000000000000000B20400006662782F636E782E786D6C504B01021400140006080800CC70
310
623B7DF2F77C2A010000120200003100000000000000000000000000590500006662782F41393633353835312D344632462D344230382D423046372D3739314545314133324237412F636F72652E786D6C504B01021400140006080800CC70623BAD7543B64E010000330300003000000000000000000000000000D2060000
310
6662782F41393633353835312D344632462D344230382D423046372D3739314545314133324237412F636E782E786D6C504B01021400140006080800CC70623BE75B7789680500003C10000034000000000000000000000000006E0800006662782F41393633353835312D344632462D344230382D423046372D3739314545
310
314133324237412F6F626A656374732E786D6C504B01021400140006080000CC70623B0000000000000000000000003500000000000000000000000000280E00006662782F41393633353835312D344632462D344230382D423046372D3739314545314133324237412F76657274696365732E62696E504B01021400140006
310
080800CC70623BF270F133060000000400000036000000000000000000000000007B0E00006662782F41393633353835312D344632462D344230382D423046372D3739314545314133324237412F747269616E676C65732E62696E504B01021400140006080000CC70623B0000000000000000000000003700000000000000
310
000000000000D50E00006662782F41393633353835312D344632462D344230382D423046372D3739314545314133324237412F617474726962757465732E62696E504B01021400140006080800CC70623B08DA0BD1900000004101000036000000000000000000000000002A0F00006662782F41393633353835312D344632
310
462D344230382D423046372D3739314545314133324237412F6469726563746F72792E786D6C504B01021400140006080800CC70623BEDD1DC58FD000000A00100003B000000000000000000000000000E1000006662782F41393633353835312D344632462D344230382D423046372D3739314545314133324237412F7265
310
736F75726365732F636F72652E786D6C504B0506000000000E000E0080040000641100000000
  0
XRECORD
  5
1F8
102
{ACAD_REACTORS
330
1F7
102
}
330
1F7
100
AcDbXrecord
280
     1
 70
     1
 90
429727718
  1
30362254-06B7-45E0-A893-8CFA70E3D6BC
310
504B03040A0000080000CC70623B3DEE336E79000000790000001B0000006175746F6465736B2D64657369676E2D7061636B6167652E786D6C3C3F786D6C2076657273696F6E3D22312E302220656E636F64696E673D227574662D3822203F3E3C666F726D6174733E3C666F726D61743E687474703A2F2F736368656D612E
310
6175746F6465736B2E636F6D2F64657369676E2D7061636B6167652F323030393C2F666F726D61743E3C2F666F726D6174733E504B0304140006080800CC70623BD486FD9CA0000000F4000000130000005B436F6E74656E745F54797065735D2E786D6C7D8EC10E82300C865F65E91D8A1E8C310C0EEA1BF002731658846E
310
D98AC1B77784ABF1D8FE5FBFBF75BBCE937A534CCEB38643598122B6FEE978D0B0485F9C41B54DDD7D022595594E1A469170414C76A4D9A4D207E29CF43ECE46F218070CC6BECC4078ACAA135ACF422C856C0E68EA1BF5669944DDD7BCDE7B1F8E415D77AECB980613C2E4AC91FC167A2B244592486606FC29C8FD7F045B9A
310
EF7053A7E60B504B0304140006080800CC70623B1EC5D7A3EB0000007C01000008000000636F72652E786D6C8D90416EC3201045AF82665B6103C6756C6122AB4D4ED00B204C5C94182C03558F5F9C3852BBEB6A467FFE9B197D71FC9E6FE8CBACC17AD7032D0820E3B41FAD9B7A48F1820F808E52ACDEC75F36404ECDA687
310
4D0629A6D5A76597B477D1B89855E747B38B2A041301E95B6E7A08FAD3CCAA50296647B8168BD2573599823EBB0CA76447F43862C7BCCF5EAC59410E4DDD9C7973C2755553CCCFA4C603E3040F1565ED3B1FDE4E432BCA0D9622DAF9795FAF464533826484B498524CD807E51D79ED187F21878E10516EF63F505AC67F42C9
310
BA58B1FDDD071640D2FCC87D2045B96591CB3DA85CB7DCE40F504B0304140006080800CC70623B55019EA25F0000007C00000007000000636E782E786D6C4DCB3B0E80201045D1AD90E915ED2CF8AC45050C11660C8261F98AB1B07AC9C97D42D718D865D3E909258CFD00CCE24AC6E326A164D74DC0B4128928FF32603847
310
2BA13128B1252AC747C6BAB984FC68F0B87FE8960A5C09FE86CFB69FBA01504B0304140006080800CC70623B8C9102E971010000D40300000C0000006662782F636F72652E786D6CC5535B6E833010BC8AE5DF0A6C08340F1947A84D4ED00B38C6A128602363A31CBFCB234A53A551FA553EC09AD9F5CE8C31DB9E9B1AF5CA
310
7695D1198E428A91D2D214952E33ECDD315861B4E5CC1AE3BE9561A445A3323CC098B3D21ADFCE9034DA29ED00D5A6503328BA4E398C640D8B0C77F253352214DE4145770A5B214FA2546114020D759C75CE8200340D19DE981F0F6746269C33EFAB6266AB02A655C74A59CCF365BADC27CB5D902ED22848F6340DF238A141
310
BE88E2F57B92BFEDF23523433367AE6A2EEAA455C2A902F398D2751045018D3FA264435F3771F242571B4A1919CA6F9A7C5B3CD9E42BED16F12C776AEB308F40C848FC700B1139D4891EF410CEC810227CC6846F8386402064270EF5C5C709A05E49676C024C61FC95EA45ED154CA5211D1FF4FB8291A913A68E9B83EBBB33
310
E2A7673CDE118E5AE8124C0807CB8377834E366998436B950D7A7746DAD846D4CFD978E0F04FD455FC5D49D2D4C6FE9722321F10997F0F32DC47FE05504B0304140006080800CC70623BFFEA85907E0000009D0000000B0000006662782F636E782E786D6C4DCCD10A83201886E15B91FFDC95D95A811AB6F23E625948A6C3
310
E9D8E5AF46073BFAE0E1E365ED67B3E8ADC3CB78C7815C7240DA3DFC64DCC221C519D7805AC182F7F1EF06C88D9BE6703008B6049F9E274D7A1E938DBB5AE3D6131B2589BA0D3D965551E0B2EA732C9B9A624AAEB41E3A557677029960D9AFB4EF11165F504B0304140006080800CC70623B4FEEA4082C0100001202000031
310
0000006662782F39464131463745442D413632322D343644302D413938332D3331353338454246344243312F636F72652E786D6C8D515B6EC32010BC0AE2AB55850DD871ED0813254D72825EC00192A2C460F1A872FC42ED48ED5F7E00CDCECCCEB26C731F6FE05B39AFADE921293004CA082BB5B9F43086336A21D870E6AC
310
0D7F68109861543DCC30E4ECE26C9C164858139409093556AA051CBC570102714B8F1E7AF1A5C6A11862480C7F2DA6415C878B2A4891CA89C7990F2E050073937C42DE1DB7E4F87ED8A36D4329AA9B3D46DBAEAD504556557BD81DEBDD0761E52CE42C462D17B996298E3E6BE59E35C962CE821E1FF18553435012728A7187
310
0841987E927A8D9B35ADDF70BBC6989599FE4F1427F9A4286A132ABAC49D651EF234CD5CE04CDA78BA3DC2A8FB645D00B9DF8B57E215725C60BCA2A463E54C4CE327C7A65E1C7DB02E7DEFCBF594B864C5CA6CDBD49C957943E9FA5D5FBAF336F90F504B0304140006080800CC70623BAD7543B64E01000033030000300000
310
006662782F39464131463745442D413632322D343644302D413938332D3331353338454246344243312F636E782E786D6CD593CD6EC32010845F0571AD6CE3D48AD20813A9873E410FBD12D82434182C7EAAE6EDBB2424CD25871E7B41D6EC30B3FA84F9E67BB2E40B4234DE8DB46F1925E094D7C6ED479AD3AE5951B2113C
310
789FEE6C943839C1488B4C05DF079FE72A69D8C96C13AAD6B8631503449F83828872B949AC57D26200B826A308D316B4064D6E46FCDA41C05550DC9E483A00797BFD207EFB092A45DE9514C1BBD22178396BD39D891265658C238DEA00936C654E5E433CB65A26D9F6EDB5EBC14EBF49A45CB856E66048291F6939A9A81BB5
310
C8917738143CA680F4AA299D66A042CEB3354A2684DC9D8D178FE0D9B8B41CAAD720F880EE7EF93C0C18769E099ECC04D5A102C8049A8A05632F4DDF376CF1DE0F6BB65C2F8627B65A33C6BB62177CEBBDAD973006829F89F22E814B54F4BC2BE347F8AA8F681390B50FA73F804400B5F542E796F19FF974E7F78DB802FE05
310
E207504B0304140006080800CC70623B16AB87BA640500003C100000340000006662782F39464131463745442D413632322D343644302D413938332D3331353338454246344243312F6F626A656374732E786D6CAD575B6FA33818FD2B887DE6924B3BED8A326A92B68A663B534DD4D13E548A0C38942D60649B369D5FBFC7
310
600890A493BDE42160637FD7F31D7FF63E6FB3D478A55C242CBF3247B66B1A340F5994E4F19559CA8D75611A9F7D8F33263BCB4C232719BD32D5B4E97B316765A1A722BA21652A07B3B7B33F0D11D29C9A46981221AE4C113ED38CD8A4942CA2E2C58E882476BCD9DA23BB5ED8171B73523C0F841684D35CC252CCE79062D4
310
468DFA43D7747CCF51DF7D4FFDEB5593E3AB9CCA9FBEFE241792E4E19EB28198C968BAB8199F5D5A67D3E9C49A9E8F47D6EC76B6B0469F26EEFC7C3EBFBCBEB98462213924694B38DD98FE1D62C393D073EA4FADC5DAF04326852CCF6958F90F0F2B9BB5C48816348F90C7840A68EB78EDF68723159BCEE7891A6B95DDE9D3
310
BCEAEEE8086A6C6F9E5D4B59F0175C10A7A0820BAA5055C7473B5AE3CFDD452D602CD5DF12616444529E90D448938013FE6EFA58AA96F85E4F8C42275708571E98FE6827AF6B2B4AE3D7D83D64E5A64C53054DD3AF90BD06FEA9149565C94FCA0F6B834DC85599E4F2423B24DF0B6AFA979E534DFA9E7A4CC6FA631D486393
310
921829879BF5D781A373557BCB85E97FB90DB62B558F8795179C15944B051F40AB495CF35451D26A4727654E6D8033BD98EF82F21D91FF8AF2DD9982BCF1643BDD4EB516C9492E368C67C88DED563FC36D5EACF66DFF057C3658BDBFA69DF9578B3DA735B64F18C7F20770A9D45CFCF7FCF563D6456A277DBEF78A02637CA2
310
43B90A490AEAB94F72244481D24819A6C0E59B606BFA4B3025981DBB48EAB701D97BF19C577CC77F2D1B6C55A9EF3C732474C0B727303F625995056C3B02963D9EAC146BE78EC5FCEC7FA999EBC5EACBAAE41B12D27B4D2C0BBA49F244E2ECDC81B76B502F113D8F5EE8FB1BE3111CDD4FC2AA9B844CAB1288B68AB90A7CDC
310
1C166AB0D3DC5310625FCC14E779BFD0709F8890A629C9292B1B2DED31A4B0DA928CEE135085754027E3018A397D4D5427D15BD1330B677DC8934285AC3DF45A9EB68FF8F2B8FC0A509AFEECFD0FF2DE25CC6047F7214B195F07EFEB9A094D800F7BFAE8FED187B78EA8A3A400F115961BCAD1215E47C966530AF0EE8128FE
310
58CEBB996A8964FFA529A046635D9353B0336A8F700DDF46271A024E70B0B37C9DE01847591E54DED53D54202AB947E4076556AC49C6CA5C9E1226B7F1A7B1BE15DEED62C41B91E1B3E9AFAAA735036547343A925075041DF0A9979E893B391F8FCFA6967B3EFB644DCF6E5CEBFAE272625DCC6FAF3FB93793C5F90CE1EF57
310
407342756B10D1C489E8953CD1617E5CEECAD6F4EF8914CE5D5D504E5C3F1F9736DA62CFC11E00BCDDB8CC8A9466349744C1F75EBDA4DF09BA8A9E8C7A7E9991989E20E5DBDD6A6003664ED8F7A04A8DBE0DF6EAD9B9AA858342E47399053949D2C146EDB85DE4B176BB0965FBAC19BD19AA918E27FA50C1D22402E144464C
310
59462568E704B6E71915404CB72B8FF4EDE184DDAF753F284990D2C6926782963815403548A70C657FDEF80D2D9CEAA2AE4C1C76F60BFE74219A06527D6582DF6412526107381E55E353090704D085B52408D0933C4ED159D79BDA71BB4BC506F4831350EB6F979CD22D69BF7AC49B91A2C0A9DDA3D5CA36AD20FC478E37E6
310
1844E2352865EBCB6EA275A652E3836BE04EFB400BF1A2556F515F1FBB35B2AB35BD889C744FFA1004B5544B121E57F70215746DD2F5E2C1412B602CBF19455AC6C8E5E9922C4E01E65215385004546899059180EAFCF7A707CE7017CD8CDB0410789AB32C63B91E5CEBBBACB17AC6CD347A022D5075FD106377347AAABA7E
310
7D11590744509B44E205134DC1290F06580320F78E537D3D73540E06CB970B431F185308AD40BBD794D6D77003C5A36E8EAA54BA64597CD8F83BD552A080A365F7FF06504B0304140006080000CC70623B000000000000000000000000350000006662782F39464131463745442D413632322D343644302D413938332D3331
310
353338454246344243312F76657274696365732E62696E504B0304140006080800CC70623BF270F1330600000004000000360000006662782F39464131463745442D413632322D343644302D413938332D3331353338454246344243312F747269616E676C65732E62696E636660600000504B0304140006080000CC70623B
310
000000000000000000000000370000006662782F39464131463745442D413632322D343644302D413938332D3331353338454246344243312F617474726962757465732E62696E504B0304140006080800CC70623B08DA0BD19000000041010000360000006662782F39464131463745442D413632322D343644302D413938
310
332D3331353338454246344243312F6469726563746F72792E786D6C858F410AC3201045AF22B36F53E9A60B35CBEEBAE80D244E44489C6234F4F835464A48035D0DF398FF9F8AF63D0E6CC63039F212F8F9020C7D47C6792B21C5FE7403D62A1188E2E60C98D7234A5830286103A55745067B9D86B8A3CF9C7F90C11DE607
310
FB144396D7B6A82D282E9A152AD114D5EF2CB866EEE831B8EEA07A7BB5A8D7D61A2BAAEB7FD5F70921FF497D00504B0304140006080800CC70623B0D6EF93BFE000000A00100003B0000006662782F39464131463745442D413632322D343644302D413938332D3331353338454246344243312F7265736F75726365732F63
310
6F72652E786D6C8D50596E833010BD0A9ADFCA60B334011947A8694ED00B586642AC041B79A97AFC9A40A5F6AF3F33A3B7689E1E3F7DCD8FEC139DD7D6F4C0720A191A65476DA61E62B892236427C19DB5E1970C322367EC618541F0C9D9B8EC90B226A009093576C41D94DE63804C3DD2D18357379C652E63480A7FCF17A9
310
EE72C29CE5894E3AC17D702940B63D59270887DE46A7D0F36263058F518FBB468FE9A7BE6A7420864373B8D4873369AA8691FA421B3294352543C5CAF65C0F6FEF43CB8BD52C78D0F34F46E550061C419494B6843142CB0F5677F4B52BEB177AEC28E5C52AFF638ACBF84F53D42654E51E77B379102C05791282176B5F693D
310
CB4C7BED567C03504B010214000A0000080000CC70623B3DEE336E79000000790000001B00000000000000000000000000000000006175746F6465736B2D64657369676E2D7061636B6167652E786D6C504B01021400140006080800CC70623BD486FD9CA0000000F40000001300000000000000000000000000B20000005B
310
436F6E74656E745F54797065735D2E786D6C504B01021400140006080800CC70623B1EC5D7A3EB0000007C010000080000000000000000000000000083010000636F72652E786D6C504B01021400140006080800CC70623B55019EA25F0000007C000000070000000000000000000000000094020000636E782E786D6C504B
310
01021400140006080800CC70623B8C9102E971010000D40300000C00000000000000000000000000180300006662782F636F72652E786D6C504B01021400140006080800CC70623BFFEA85907E0000009D0000000B00000000000000000000000000B30400006662782F636E782E786D6C504B01021400140006080800CC70
310
623B4FEEA4082C0100001202000031000000000000000000000000005A0500006662782F39464131463745442D413632322D343644302D413938332D3331353338454246344243312F636F72652E786D6C504B01021400140006080800CC70623BAD7543B64E010000330300003000000000000000000000000000D5060000
310
6662782F39464131463745442D413632322D343644302D413938332D3331353338454246344243312F636E782E786D6C504B01021400140006080800CC70623B16AB87BA640500003C1000003400000000000000000000000000710800006662782F39464131463745442D413632322D343644302D413938332D3331353338
310
454246344243312F6F626A656374732E786D6C504B01021400140006080000CC70623B0000000000000000000000003500000000000000000000000000270E00006662782F39464131463745442D413632322D343644302D413938332D3331353338454246344243312F76657274696365732E62696E504B01021400140006
310
080800CC70623BF270F133060000000400000036000000000000000000000000007A0E00006662782F39464131463745442D413632322D343644302D413938332D3331353338454246344243312F747269616E676C65732E62696E504B01021400140006080000CC70623B0000000000000000000000003700000000000000
310
000000000000D40E00006662782F39464131463745442D413632322D343644302D413938332D3331353338454246344243312F617474726962757465732E62696E504B01021400140006080800CC70623B08DA0BD190000000410100003600000000000000000000000000290F00006662782F39464131463745442D413632
310
322D343644302D413938332D3331353338454246344243312F6469726563746F72792E786D6C504B01021400140006080800CC70623B0D6EF93BFE000000A00100003B000000000000000000000000000D1000006662782F39464131463745442D413632322D343644302D413938332D3331353338454246344243312F7265
310
736F75726365732F636F72652E786D6C504B0506000000000E000E0080040000641100000000
  0
XRECORD
  5
175
102
{ACAD_REACTORS
330
173
102
}
330
173
100
AcDbXrecord
280
     1
270
     1
271
     1
  0
XRECORD
  5
174
102
{ACAD_REACTORS
330
173
102
}
330
173
100
AcDbXrecord
280
     1
270
     1
271
     1
  0
XRECORD
  5
1FB
102
{ACAD_REACTORS
330
173
102
}
330
173
100
AcDbXrecord
280
     1
 70
     0
 90
1673772943
  1
ECE7A1D2-D628-4531-984C-D00F80459256
310
504B03040A0000080000CC70623B3DEE336E79000000790000001B0000006175746F6465736B2D64657369676E2D7061636B6167652E786D6C3C3F786D6C2076657273696F6E3D22312E302220656E636F64696E673D227574662D3822203F3E3C666F726D6174733E3C666F726D61743E687474703A2F2F736368656D612E
310
6175746F6465736B2E636F6D2F64657369676E2D7061636B6167652F323030393C2F666F726D61743E3C2F666F726D6174733E504B0304140006080800CC70623BD486FD9CA0000000F4000000130000005B436F6E74656E745F54797065735D2E786D6C7D8EC10E82300C865F65E91D8A1E8C310C0EEA1BF002731658846E
310
D98AC1B77784ABF1D8FE5FBFBF75BBCE937A534CCEB38643598122B6FEE978D0B0485F9C41B54DDD7D022595594E1A469170414C76A4D9A4D207E29CF43ECE46F218070CC6BECC4078ACAA135ACF422C856C0E68EA1BF5669944DDD7BCDE7B1F8E415D77AECB980613C2E4AC91FC167A2B244592486606FC29C8FD7F045B9A
310
EF7053A7E60B504B0304140006080800CC70623BD9DDAED0EC0000007C01000008000000636F72652E786D6C8D90416EC3201045AF82665B61836D9CD8C2444DD39CA01740405C94182C03558F5F9C3852BBEB6A467FFE9B197D7EF89E6EE8CB2CC17A37002D0820E394D7D68D03A478C17B4007C117EFE32F1B20272733C0
310
2A83E0E3E2D3BC49CABB685CCCAAF3DA6CA20CC14440EA969B0182FA34932C648AD911AEC52CD5558EA6A0CF2EC329598D1E47ACCEFBECC59A050463A7EA5833865FEBDD0E37353BE3EE8DBDE3F6786A48D375FBF6CC78B9C282473B3DEFABC5C86834888A900E538A49F5419B9EB47DD5BC907D4F082F57FB1F28CDFA9F50
310
B22ED6D5F6EE030B20687EE43E10BC5CB3C8E51E54AE6B6EE207504B0304140006080800CC70623B55019EA25F0000007C00000007000000636E782E786D6C4DCB3B0E80201045D1AD90E915ED2CF8AC45050C11660C8261F98AB1B07AC9C97D42D718D865D3E909258CFD00CCE24AC6E326A164D74DC0B4128928FF326038
310
472BA13128B1252AC747C6BAB984FC68F0B87FE8960A5C09FE86CFB69FBA01504B0304140006080800CC70623BA24EB22D72010000D40300000C0000006662782F636F72652E786D6CC5535B6E833010BC8AE5DF0A6C5E49888CA3A6694ED00B38E05014B091B1518EDFE511A5A9D228FD2A1F60CDEC7A67C6986DCE4D8D7A
310
69BA4AAB0C073EC548AA5C17952A33ECECD15B61B4E1CC686DBF9561A44423333CC098B3D268D7CE50AE9595CA02AA74216750749DB418E5352C32DCE59FB211BE70162ABA93DF8AFC244AE9073ED050C759670D0840D390E18DF9F1706664C23973AE2A66B62A605A75ACA4C13C4976E1364A12EF355A2EBD384AF65EFA96
310
BC7B8BED2EA6719AAE16FB8491A199335B351775B991C2CA02F390D2D40B028F861F41BCA68B7518BFD0D59A524686F29B26D7164F36B94AD9289CE54E6D1DE6010819891F6E21228B3AD1831EC219194284CF98F06DD01008846CC5A1BEF83801D4CBDC6A1303536877A57A513B0953A94FC707FDBE6064EA84A9E3E6E0FA
310
EE8CF0E9198F7784A316AA0413C2C2F2E0ECA0934D1AE6D05A69BCDE9E91D2A611F573361E38FC1375157F5752AE6B6DFE4B11990F88CCBF0719EE23FF02504B0304140006080800CC70623B408A7D3B7C0000009D0000000B0000006662782F636E782E786D6C4DCCD10A83201886E15B91FFDC552A92A0064DBC8F581632
310
D3703A76F9ABD1C18E3E78F878E5F0D9027ABBFCF2292AE86E2D20171F69F6715550CB827B40839639A5F2770314A7CD293819B45C73AAFB45B35BA61ACAA1C1C7E7855C58C15BC331339661262CC762340413D68D77DA5B42298546CBE6573AF60CEB2F504B0304140006080800CC70623B449FB9BD290100001202000031
310
0000006662782F36394639363044362D344446342D343946362D394244322D3234314243333846323333332F636F72652E786D6C8D515B6EC32010BC0AE22B55850D98B871848994463E412FE002495162B07854397EA176A4F62F3F2C9A9D991D587EB84F37F0AD7D30CEF6905418026DA553C65E7A98E219ED203808EE9D
310
8B7F6810D871D23D2C3014FCE25D9A57483A1BB58D19B54EE9151C43D0110279CB971E06F9A5A7B11A53CC8C70ADE6515EC78BAE4895DB992778883E0700CB907242D17643D7E2538BD869608875438BBAE38922CAC8F1BDD90DB4691A5E2F42C153326A951B95E398B3D1FE599322163C9AE9115F7A3D46ADA0A018778810
310
84E907617BDCEE297BC5BB3DC6BC2EF47FA234AB2745C9D8D8D035EE220B50105E2F0DC1954B9FB747187D9F9D8FA0CCDB042D5FA0C015C65B42DF78BD10F3F3B363CB56C7109DCFDFBBB97E662ED92EB62D13BC2E1BCAE5777DB9966D8A1F504B0304140006080800CC70623BAD7543B64E01000033030000300000006662
310
782F36394639363044362D344446342D343946362D394244322D3234314243333846323333332F636E782E786D6CD593CD6EC32010845F0571AD6CE3D48AD20813A9873E410FBD12D82434182C7EAAE6EDBB2424CD25871E7B41D6EC30B3FA84F9E67BB2E40B4234DE8DB46F1925E094D7C6ED479AD3AE5951B2113C789FEE
310
6C943839C1488B4C05DF079FE72A69D8C96C13AAD6B8631503449F83828872B949AC57D26200B826A308D316B4064D6E46FCDA41C05550DC9E483A00797BFD207EFB092A45DE9514C1BBD22178396BD39D891265658C238DEA00936C654E5E433CB65A26D9F6EDB5EBC14EBF49A45CB856E66048291F6939A9A81BB5C89177
310
38143CA680F4AA299D66A042CEB3354A2684DC9D8D178FE0D9B8B41CAAD720F880EE7EF93C0C18769E099ECC04D5A102C8049A8A05632F4DDF376CF1DE0F6BB65C2F8627B65A33C6BB62177CEBBDAD973006829F89F22E814B54F4BC2BE347F8AA8F681390B50FA73F804400B5F542E796F19FF974E7F78DB802FE05E20750
310
4B0304140006080800CC70623B8D05915C650500003B100000340000006662782F36394639363044362D344446342D343946362D394244322D3234314243333846323333332F6F626A656374732E786D6CAD575B6FA33814FE2B887D06429276DA1565D4266D158D3A339A6846FB502932E050B66023DB74D2FDF5FB190C01
310
9276B2973C046C8ECFF53B17071F77456EBD502133CEAE6CDF9DD81665314F32965ED995DA3A17B6F5310C04E7AA47665B8C14F4CAD6DB7618A48257A5D94AE89654B91AEDDEDDFC61C998326A5B714EA4BCB265FC440BE2924AF184CA6737218AB8E976E7FA6E4338649B0A523E8D98964450A6A029F619B8588D52FE7039
310
B1BD30F0F4F730D0FF866AF6369557DB33949F31A9088B0F848DD8CCFCF9F2767A76E99CCDE733677E3EF59D9BBB9BA5E37F984D16E78BC5E5F5ED25044B25C0C96822E8D60EEFE11B91C581D77CEA34368A1F5329E68CD1B8B61F16D63A1B8E092D294B10C78C4A48EB593D192E7DED9BDEE7995E1B91FDEDD3ACEA9FE831
310
6A756F9F7D4D79F4274C90A7A04248AA51D5F8C718DAE06FB2F75AC4796EBE65D22A88A22223B995679120E2D50E41AA49C260C046A35368846B0BECD0DFF3EBEB8AD4F835768F69B9ADF25C43D30E6B646F807FAA64AD59F61715C7A54127C4AACA98BA3006A9D792DAE165E0D59B61A01FB3A9F9D838D2DAE62445C86166
310
F37564E842E7DE6A69879FEEA2DD5AE7E371E1A5E025154AC307D06A03D73EB5978C58FFA4C8E9033066E0F3BD53BEC1F39F91BE7B55103791EDE6BBB991A2046172CB4581D8B893FA674DDA17A77B3B7C413D1B511FD2743BFF8A38F03A658705E3ADF8015C3A3417FF3D7E439FF591DA0B5F18BC20C1B8981957AE6392A3
310
F43C640C01D1A0B4728E2DD4F26DB4B3C3152A252A3B4E913CEC1C72F012782FF88EFF8637AA552DBEF76408E8A8DE9E50F9E1CB3A2DA0DB1B6039A893B56063DC5B3E3FFB5F72E67AB9FEB4AEC496C4F4C1149625DD662C53E89D7BF0F6151A046260D1337DFDC94502430F83B0EE07A130A224BCAD7DAE1D9FB6CD422FF6
310
920702629C4BB9AE79C12F243C6432A6794E18E5552BA56B431AAB5D91317302B2B071E86C3A42B1A02F999E24061403B5D0EB639195DA655DD3EBEAB4FB862DDF579F014AD0E73C22F99E28DA57FB98E75C6CA2D74D53086D600F4786E0FE3144B771A8A7B900F03594DB8A633CBC49B2EDB69228BB479CF863B5E807AAAB
310
23872F6DFEB4129B949CA33823F58830E86D65621E10047D9DB34D862E8EAC3C2ABC2F7B2C40D67CDFE01F5545B92105AF983AC54D93D69E56FB8E797F88913F898A9FEC705D3F9D1B54EC8426FB500D40A03BD0119B06E1B95DDC7EB8F6975367793EBD70E66733DFB9BC982F9CE564727731999F5D4ECFCE3B8D6A4DC2A0
310
6D50FD148437D110834A64C6CDDF57FBACB5C307A2A477DFE4939736CFEF2B175371E0E10CF0DD1D5C15654E0BCA14D1E87DD02FF93782A162C0A3D95F1524A52770F972BF1EE9809D13CE7DD599467F8ECE9ADD85CE85A34CD45355448C64F9E8A031DC2D596ACC6E5DD93D9B82DE2EF5CAF81363A8E47996A0DE24564A79
310
4115AACE09C55E14540231FDA13C319787134EBF34E3A022514E5B4D9E0826E25C02D5805B15ABE1BEF51B26383D445DD9E875EE33FE4C22DA16427D65A3BCA92CA6D28DD01DF5DC53330704308475351050232CCD31583787BA75774AFB06E5070DD0C8EF484E19968C5D83BA5B90B244D31E54D55A372320FE4786B7EA58
310
44E135AA5467CB7EA333A61683CC6A8C3257034C10CF46F40EF9F5BE59BE5BD30C3C72D235E95D10345C1D45445A5F0BB47E46A5EBE5570F9380B5FA629579952296A773720405982B9DE04011506178964401AA8BDF1FBF0A8EAB6861DD6580C0E38217056766716DAEB2D6FA0917D3E4116581EADB879C4E7CFFB11EFACD
310
3D641311495D92C8676CB409A72D18610D803CE8A626049E8EC1887CB5B44CC39883690DDA8399B4B9855B481E7D71D4A9D22F96E5BB73BF5793020C02137BF837504B0304140006080000CC70623B000000000000000000000000350000006662782F36394639363044362D344446342D343946362D394244322D32343142
310
43333846323333332F76657274696365732E62696E504B0304140006080800CC70623BF270F1330600000004000000360000006662782F36394639363044362D344446342D343946362D394244322D3234314243333846323333332F747269616E676C65732E62696E636660600000504B0304140006080000CC70623B0000
310
00000000000000000000370000006662782F36394639363044362D344446342D343946362D394244322D3234314243333846323333332F617474726962757465732E62696E504B0304140006080800CC70623B08DA0BD19000000041010000360000006662782F36394639363044362D344446342D343946362D394244322D
310
3234314243333846323333332F6469726563746F72792E786D6C858F410AC3201045AF22B36F53E9A60B35CBEEBAE80D244E44489C6234F4F835464A48035D0DF398FF9F8AF63D0E6CC63039F212F8F9020C7D47C6792B21C5FE7403D62A1188E2E60C98D7234A5830286103A55745067B9D86B8A3CF9C7F90C11DE607FB14
310
4396D7B6A82D282E9A152AD114D5EF2CB866EEE831B8EEA07A7BB5A8D7D61A2BAAEB7FD5F70921FF497D00504B0304140006080800CC70623BCA768048FE000000A00100003B0000006662782F36394639363044362D344446342D343946362D394244322D3234314243333846323333332F7265736F75726365732F636F72
310
652E786D6C8D50596E833010BD0A9ADFCA60D600328E9AA639412F609909B1126CE4A5EAF16B0295DABFFECC8CDEA2797AECF8353F924FB44E193D409E5248504B332A3D0D10FC95B4901C39B3C6F85F3248B49871801506CE266BC2B243D2688FDA47549B11775038871E12F988C7004EDE7016A9083E2ADC3D5D84BC8B09
310
D33C8D74D471E6BC8D0192EDC93A815B742658898E651BCB59086ADC356A8C3FD555A1055ED7E7E254D615792D0F075295F585746FF53B694EE78A565DD736979A65AB9933AFE69F8CD2A2F038022F28ED489E135A7CE4554F9BBEA85E68DB53CAB255FEC71496F19FA6A0B42F8B3DEE6673C0F318E4497096AD7DC5F52C33
310
EEB55BFE0D504B010214000A0000080000CC70623B3DEE336E79000000790000001B00000000000000000000000000000000006175746F6465736B2D64657369676E2D7061636B6167652E786D6C504B01021400140006080800CC70623BD486FD9CA0000000F40000001300000000000000000000000000B20000005B436F
310
6E74656E745F54797065735D2E786D6C504B01021400140006080800CC70623BD9DDAED0EC0000007C010000080000000000000000000000000083010000636F72652E786D6C504B01021400140006080800CC70623B55019EA25F0000007C000000070000000000000000000000000095020000636E782E786D6C504B0102
310
1400140006080800CC70623BA24EB22D72010000D40300000C00000000000000000000000000190300006662782F636F72652E786D6C504B01021400140006080800CC70623B408A7D3B7C0000009D0000000B00000000000000000000000000B50400006662782F636E782E786D6C504B01021400140006080800CC70623B
310
449FB9BD290100001202000031000000000000000000000000005A0500006662782F36394639363044362D344446342D343946362D394244322D3234314243333846323333332F636F72652E786D6C504B01021400140006080800CC70623BAD7543B64E010000330300003000000000000000000000000000D20600006662
310
782F36394639363044362D344446342D343946362D394244322D3234314243333846323333332F636E782E786D6C504B01021400140006080800CC70623B8D05915C650500003B10000034000000000000000000000000006E0800006662782F36394639363044362D344446342D343946362D394244322D32343142433338
310
46323333332F6F626A656374732E786D6C504B01021400140006080000CC70623B0000000000000000000000003500000000000000000000000000250E00006662782F36394639363044362D344446342D343946362D394244322D3234314243333846323333332F76657274696365732E62696E504B010214001400060808
310
00CC70623BF270F13306000000040000003600000000000000000000000000780E00006662782F36394639363044362D344446342D343946362D394244322D3234314243333846323333332F747269616E676C65732E62696E504B01021400140006080000CC70623B00000000000000000000000037000000000000000000
310
00000000D20E00006662782F36394639363044362D344446342D343946362D394244322D3234314243333846323333332F617474726962757465732E62696E504B01021400140006080800CC70623B08DA0BD190000000410100003600000000000000000000000000270F00006662782F36394639363044362D344446342D
310
343946362D394244322D3234314243333846323333332F6469726563746F72792E786D6C504B01021400140006080800CC70623BCA768048FE000000A00100003B000000000000000000000000000B1000006662782F36394639363044362D344446342D343946362D394244322D3234314243333846323333332F7265736F
310
75726365732F636F72652E786D6C504B0506000000000E000E0080040000621100000000
  0
XRECORD
  5
176
102
{ACAD_REACTORS
330
173
102
}
330
173
100
AcDbXrecord
280
     1
270
     1
271
     1
  0
XRECORD
  5
177
102
{ACAD_REACTORS
330
173
102
}
330
173
100
AcDbXrecord
280
     1
270
     1
271
     1
  0
CELLSTYLEMAP
  5
828
102
{ACAD_REACTORS
330
162
102
}
330
162
100
AcDbCellStyleMap
 90
        3
300
CELLSTYLE
  1
TABLEFORMAT_BEGIN
 90
        5
170
     1
 91
        0
 92
    32768
 62
   257
 93
        1
300
CONTENTFORMAT
  1
CONTENTFORMAT_BEGIN
 90
        0
 91
        0
 92
      512
 93
        0
300

 40
0.0
140
1.0
 94
        5
 62
     0
340
11
144
6.0
309
CONTENTFORMAT_END
171
     1
301
MARGIN
  1
CELLMARGIN_BEGIN
 40
1.5
 40
1.5
 40
1.5
 40
1.5
 40
4.5
 40
4.5
309
CELLMARGIN_END
 94
        6
 95
        1
302
GRIDFORMAT
  1
GRIDFORMAT_BEGIN
 90
        0
 91
        1
 62
     0
 92
       -2
340
14
 93
        0
 40
1.125
309
GRIDFORMAT_END
 95
        2
302
GRIDFORMAT
  1
GRIDFORMAT_BEGIN
 90
        0
 91
        1
 62
     0
 92
       -2
340
14
 93
        0
 40
1.125
309
GRIDFORMAT_END
 95
        4
302
GRIDFORMAT
  1
GRIDFORMAT_BEGIN
 90
        0
 91
        1
 62
     0
 92
       -2
340
14
 93
        0
 40
1.125
309
GRIDFORMAT_END
 95
        8
302
GRIDFORMAT
  1
GRIDFORMAT_BEGIN
 90
        0
 91
        1
 62
     0
 92
       -2
340
14
 93
        0
 40
1.125
309
GRIDFORMAT_END
 95
       16
302
GRIDFORMAT
  1
GRIDFORMAT_BEGIN
 90
        0
 91
        1
 62
     0
 92
       -2
340
14
 93
        0
 40
1.125
309
GRIDFORMAT_END
 95
       32
302
GRIDFORMAT
  1
GRIDFORMAT_BEGIN
 90
        0
 91
        1
 62
     0
 92
       -2
340
14
 93
        0
 40
1.125
309
GRIDFORMAT_END
309
TABLEFORMAT_END
  1
CELLSTYLE_BEGIN
 90
        1
 91
        1
300
_TITLE
309
CELLSTYLE_END
300
CELLSTYLE
  1
TABLEFORMAT_BEGIN
 90
        5
170
     1
 91
        0
 92
        0
 62
   257
 93
        1
300
CONTENTFORMAT
  1
CONTENTFORMAT_BEGIN
 90
        0
 91
        0
 92
      512
 93
        0
300

 40
0.0
140
1.0
 94
        5
 62
     0
340
11
144
4.5
309
CONTENTFORMAT_END
171
     1
301
MARGIN
  1
CELLMARGIN_BEGIN
 40
1.5
 40
1.5
 40
1.5
 40
1.5
 40
4.5
 40
4.5
309
CELLMARGIN_END
 94
        6
 95
        1
302
GRIDFORMAT
  1
GRIDFORMAT_BEGIN
 90
        0
 91
        1
 62
     0
 92
       -2
340
14
 93
        0
 40
1.125
309
GRIDFORMAT_END
 95
        2
302
GRIDFORMAT
  1
GRIDFORMAT_BEGIN
 90
        0
 91
        1
 62
     0
 92
       -2
340
14
 93
        0
 40
1.125
309
GRIDFORMAT_END
 95
        4
302
GRIDFORMAT
  1
GRIDFORMAT_BEGIN
 90
        0
 91
        1
 62
     0
 92
       -2
340
14
 93
        0
 40
1.125
309
GRIDFORMAT_END
 95
        8
302
GRIDFORMAT
  1
GRIDFORMAT_BEGIN
 90
        0
 91
        1
 62
     0
 92
       -2
340
14
 93
        0
 40
1.125
309
GRIDFORMAT_END
 95
       16
302
GRIDFORMAT
  1
GRIDFORMAT_BEGIN
 90
        0
 91
        1
 62
     0
 92
       -2
340
14
 93
        0
 40
1.125
309
GRIDFORMAT_END
 95
       32
302
GRIDFORMAT
  1
GRIDFORMAT_BEGIN
 90
        0
 91
        1
 62
     0
 92
       -2
340
14
 93
        0
 40
1.125
309
GRIDFORMAT_END
309
TABLEFORMAT_END
  1
CELLSTYLE_BEGIN
 90
        2
 91
        1
300
_HEADER
309
CELLSTYLE_END
300
CELLSTYLE
  1
TABLEFORMAT_BEGIN
 90
        5
170
     1
 91
        0
 92
        0
 62
   257
 93
        1
300
CONTENTFORMAT
  1
CONTENTFORMAT_BEGIN
 90
        0
 91
        0
 92
      512
 93
        0
300

 40
0.0
140
1.0
 94
        2
 62
     0
340
11
144
4.5
309
CONTENTFORMAT_END
171
     1
301
MARGIN
  1
CELLMARGIN_BEGIN
 40
1.5
 40
1.5
 40
1.5
 40
1.5
 40
4.5
 40
4.5
309
CELLMARGIN_END
 94
        6
 95
        1
302
GRIDFORMAT
  1
GRIDFORMAT_BEGIN
 90
        0
 91
        1
 62
     0
 92
       -2
340
14
 93
        0
 40
1.125
309
GRIDFORMAT_END
 95
        2
302
GRIDFORMAT
  1
GRIDFORMAT_BEGIN
 90
        0
 91
        1
 62
     0
 92
       -2
340
14
 93
        0
 40
1.125
309
GRIDFORMAT_END
 95
        4
302
GRIDFORMAT
  1
GRIDFORMAT_BEGIN
 90
        0
 91
        1
 62
     0
 92
       -2
340
14
 93
        0
 40
1.125
309
GRIDFORMAT_END
 95
        8
302
GRIDFORMAT
  1
GRIDFORMAT_BEGIN
 90
        0
 91
        1
 62
     0
 92
       -2
340
14
 93
        0
 40
1.125
309
GRIDFORMAT_END
 95
       16
302
GRIDFORMAT
  1
GRIDFORMAT_BEGIN
 90
        0
 91
        1
 62
     0
 92
       -2
340
14
 93
        0
 40
1.125
309
GRIDFORMAT_END
 95
       32
302
GRIDFORMAT
  1
GRIDFORMAT_BEGIN
 90
        0
 91
        1
 62
     0
 92
       -2
340
14
 93
        0
 40
1.125
309
GRIDFORMAT_END
309
TABLEFORMAT_END
  1
CELLSTYLE_BEGIN
 90
        3
 91
        2
300
_DATA
309
CELLSTYLE_END
  0
ENDSEC
  0
SECTION
  2
ACDSDATA
 70
     2
 71
     8
  0
ACDSSCHEMA
 90
        0
  1
AcDb_Thumbnail_Schema
  2
AcDbDs::ID
280
    10
 91
        8
  2
Thumbnail_Data
280
    15
 91
        0
101
ACDSRECORD
 95
        0
 90
        1
  2
AcDbDs::TreatedAsObjectData
280
     1
291
     1
101
ACDSRECORD
 95
        0
 90
        2
  2
AcDbDs::Legacy
280
     1
291
     1
101
ACDSRECORD
  1
AcDbDs::ID
 90
        3
  2
AcDs:Indexable
280
     1
291
     1
101
ACDSRECORD
  1
AcDbDs::ID
 90
        4
  2
AcDbDs::HandleAttribute
280
     7
282
     1
  0
ACDSSCHEMA
 90
        1
  1
AcDbDs::TreatedAsObjectDataSchema
  2
AcDbDs::TreatedAsObjectData
280
     1
 91
        0
  0
ACDSSCHEMA
 90
        2
  1
AcDbDs::LegacySchema
  2
AcDbDs::Legacy
280
     1
 91
        0
  0
ACDSSCHEMA
 90
        3
  1
AcDbDs::IndexedPropertySchema
  2
AcDs:Indexable
280
     1
 91
        0
  0
ACDSSCHEMA
 90
        4
  1
AcDbDs::HandleAttributeSchema
  2
AcDbDs::HandleAttribute
280
     7
 91
        1
284
     1
  0
ACDSRECORD
 90
        0
  2
AcDbDs::ID
280
    10
320
22
  2
Thumbnail_Data
280
    15
 94
     1571
310
89504E470D0A1A0A0000000D49484452000001000000006608030000001376BFA700000300504C5445212830FFFFFF2128300000000000000000000000000000000000000000000000000000330000660000990000CC0000FF0033000033330033660033990033CC0033FF0066000066330066660066990066CC0066FF0099
310
000099330099660099990099CC0099FF00CC0000CC3300CC6600CC9900CCCC00CCFF00FF0000FF3300FF6600FF9900FFCC00FFFF3300003300333300663300993300CC3300FF3333003333333333663333993333CC3333FF3366003366333366663366993366CC3366FF3399003399333399663399993399CC3399FF33CC00
310
33CC3333CC6633CC9933CCCC33CCFF33FF0033FF3333FF6633FF9933FFCC33FFFF6600006600336600666600996600CC6600FF6633006633336633666633996633CC6633FF6666006666336666666666996666CC6666FF6699006699336699666699996699CC6699FF66CC0066CC3366CC6666CC9966CCCC66CCFF66FF0066
310
FF3366FF6666FF9966FFCC66FFFF9900009900339900669900999900CC9900FF9933009933339933669933999933CC9933FF9966009966339966669966999966CC9966FF9999009999339999669999999999CC9999FF99CC0099CC3399CC6699CC9999CCCC99CCFF99FF0099FF3399FF6699FF9999FFCC99FFFFCC0000CC00
310
33CC0066CC0099CC00CCCC00FFCC3300CC3333CC3366CC3399CC33CCCC33FFCC6600CC6633CC6666CC6699CC66CCCC66FFCC9900CC9933CC9966CC9999CC99CCCC99FFCCCC00CCCC33CCCC66CCCC99CCCCCCCCCCFFCCFF00CCFF33CCFF66CCFF99CCFFCCCCFFFFFF0000FF0033FF0066FF0099FF00CCFF00FFFF3300FF3333
310
FF3366FF3399FF33CCFF33FFFF6600FF6633FF6666FF6699FF66CCFF66FFFF9900FF9933FF9966FF9999FF99CCFF99FFFFCC00FFCC33FFCC66FFCC99FFCCCCFFCCFFFFFF00FFFF33FFFF66FFFF99FFFFCCFFFFFF0000000D0D0D1A1A1A2828283535354343435050505D5D5D6B6B6B787878868686939393A1A1A1AEAEAEBB
310
BBBBC9C9C9D6D6D6E4E4E4F1F1F1FFFFFF0000000000000000000000000000000000000000000000000000000000002E4550F1000002DE4944415478DAED5A4B72EC200CD40D720D36DCFF005CA38FC076F6010102FF9279AF6623D2EDF918D9932AB5D48D6D2242100441100441100441100441FC235E9F43F2494079C7D8
310
F673D90C23F81CCFA73FE594803C1124E45BC86D34E42D0868C50C15D9BEADC83FC5F3D8EFBDE09A8063A52DCFDFE29AFF38E096805ACC2028B9200F71434BDE4B5BE3907A5658E59F01B4FD1D08A8C9D4345B7A65B410803AC68500E86B03027ACDE540C06AF4D06DB5FD85804A8B6B02900A724A407A251D9451FBD67801
310
EA8631B27889206BF3F826A022EBA7A587014B7939EB102FBD10636C7AF14A4034208E0196E81A3F028D003827A08A3F59AB8F1ED0EAA64B5C921D0036E980DEDB6A03E8FA6E9E9067FF7761A80892696178005C7B809A7A98163F06755A940039C7DB2410D0A78CD0AE185C13A0177379BDCA0B4A40C877F17E7E27C0DCD0
310
7907486DEB57D3820662EB00690A997189FDFC2E883D08586F7BAFB7824FF13135782700A7FBFED1F3B06BBE637C9C3CA7CA6603C16D0760F8D8E1C147BF1DB8C487EDD9EF0C5EEF059E12FD8D00C8317FD73743378FBEDE88EFD101FFFF482C6F22814F75806309580A4F093E45F7E880B5880FF57DF8ED7612F8825DDA4A
310
7FDBE71F2000F82A0C3C10F00E03FE0978131B1320A70427E258117BCC5F36B810BACF7D107075C3EDAE047FC0C9EF6E5BE02F11703B37FA24207D10AE3BC0925866C0654ABCECCB35F13D08485702D2D604CC34B0EEE09C39C6EBFE986309CC195EF4F9567B16D60786FA00B0AF06CB65B2846B0968CE9AA21150D77A6E08
310
B01531391C1C6C3925204E020CBA387846CF5699DA8F006D645D066D15AE39CDA2D7C154C76612385AD9303960F53D6C6D825639C8AC305017BF965786FD4BCC6E26F840808C846147F625009F013B801E4009500294003B801E4009500294002540095002EC007A002540095002EC007A0025400950029400254009B003E8
310
019400254009B003E8019400254009B003E80194002540097C10DFEBB751C95F3BC84E0000000049454E44AE426082
  0
ENDSEC
  0
EOF
