  0
SECTION
  2
HEADER
  9
$ACADVER
  1
AC1032
  9
$ACADMAINTVER
 90
       55
  9
$DWGCODEPAGE
  3
ANSI_1252
  9
$LASTSAVEDBY
  1
Wilross
  9
$REQUIREDVERSIONS
160
                 0
  9
$INSBASE
 10
0.0
 20
0.0
 30
0.0
  9
$EXTMIN
 10
-0.0000022639724193
 20
-0.0000351878261426
 30
0.0
  9
$EXTMAX
 10
86571.88424174957
 20
41785.66555197541
 30
0.0
  9
$LIMMIN
 10
0.0
 20
0.0
  9
$LIMMAX
 10
420.0
 20
297.0
  9
$ORTHOMODE
 70
     1
  9
$REGENMODE
 70
     1
  9
$FILLMODE
 70
     1
  9
$QTEXTMODE
 70
     0
  9
$MIRRTEXT
 70
     0
  9
$LTSCALE
 40
1.0
  9
$ATTMODE
 70
     1
  9
$TEXTSIZE
 40
2.5
  9
$TRACEWID
 40
1.0
  9
$TEXTSTYLE
  7
Standard
  9
$CLAYER
  8
0
  9
$CELTYPE
  6
ByLayer
  9
$CECOLOR
 62
   256
  9
$CELTSCALE
 40
1.0
  9
$DISPSILH
 70
     0
  9
$DIMSCALE
 40
1.0
  9
$DIMASZ
 40
2.5
  9
$DIMEXO
 40
0.625
  9
$DIMDLI
 40
3.75
  9
$DIMRND
 40
0.0
  9
$DIMDLE
 40
0.0
  9
$DIMEXE
 40
1.25
  9
$DIMTP
 40
0.0
  9
$DIMTM
 40
0.0
  9
$DIMTXT
 40
2.5
  9
$DIMCEN
 40
2.5
  9
$DIMTSZ
 40
0.0
  9
$DIMTOL
 70
     0
  9
$DIMLIM
 70
     0
  9
$DIMTIH
 70
     0
  9
$DIMTOH
 70
     0
  9
$DIMSE1
 70
     0
  9
$DIMSE2
 70
     0
  9
$DIMTAD
 70
     1
  9
$DIMZIN
 70
     8
  9
$DIMBLK
  1

  9
$DIMASO
 70
     1
  9
$DIMSHO
 70
     1
  9
$DIMPOST
  1

  9
$DIMAPOST
  1

  9
$DIMALT
 70
     0
  9
$DIMALTD
 70
     3
  9
$DIMALTF
 40
0.03937007874016
  9
$DIMLFAC
 40
1.0
  9
$DIMTOFL
 70
     1
  9
$DIMTVP
 40
0.0
  9
$DIMTIX
 70
     0
  9
$DIMSOXD
 70
     0
  9
$DIMSAH
 70
     0
  9
$DIMBLK1
  1

  9
$DIMBLK2
  1

  9
$DIMSTYLE
  2
ISO-25
  9
$DIMCLRD
 70
     0
  9
$DIMCLRE
 70
     0
  9
$DIMCLRT
 70
     0
  9
$DIMTFAC
 40
1.0
  9
$DIMGAP
 40
0.625
  9
$DIMJUST
 70
     0
  9
$DIMSD1
 70
     0
  9
$DIMSD2
 70
     0
  9
$DIMTOLJ
 70
     0
  9
$DIMTZIN
 70
     8
  9
$DIMALTZ
 70
     0
  9
$DIMALTTZ
 70
     0
  9
$DIMUPT
 70
     0
  9
$DIMDEC
 70
     2
  9
$DIMTDEC
 70
     2
  9
$DIMALTU
 70
     2
  9
$DIMALTTD
 70
     3
  9
$DIMTXSTY
  7
Standard
  9
$DIMAUNIT
 70
     0
  9
$DIMADEC
 70
     0
  9
$DIMALTRND
 40
0.0
  9
$DIMAZIN
 70
     0
  9
$DIMDSEP
 70
    44
  9
$DIMATFIT
 70
     3
  9
$DIMFRAC
 70
     0
  9
$DIMLDRBLK
  1

  9
$DIMLUNIT
 70
     2
  9
$DIMLWD
 70
    -2
  9
$DIMLWE
 70
    -2
  9
$DIMTMOVE
 70
     0
  9
$DIMFXL
 40
1.0
  9
$DIMFXLON
 70
     0
  9
$DIMJOGANG
 40
0.7853981633974483
  9
$DIMTFILL
 70
     0
  9
$DIMTFILLCLR
 70
     0
  9
$DIMARCSYM
 70
     0
  9
$DIMLTYPE
  6

  9
$DIMLTEX1
  6

  9
$DIMLTEX2
  6

  9
$DIMTXTDIRECTION
 70
     0
  9
$LUNITS
 70
     2
  9
$LUPREC
 70
     4
  9
$SKETCHINC
 40
1.0
  9
$FILLETRAD
 40
0.0
  9
$AUNITS
 70
     0
  9
$AUPREC
 70
     0
  9
$MENU
  1
.
  9
$ELEVATION
 40
0.0
  9
$PELEVATION
 40
0.0
  9
$THICKNESS
 40
0.0
  9
$LIMCHECK
 70
     0
  9
$CHAMFERA
 40
0.0
  9
$CHAMFERB
 40
0.0
  9
$CHAMFERC
 40
0.0
  9
$CHAMFERD
 40
0.0
  9
$SKPOLY
 70
     0
  9
$TDCREATE
 40
2461272.906261574
  9
$TDUCREATE
 40
2461272.572928240
  9
$TDUPDATE
 40
2461272.955081019
  9
$TDUUPDATE
 40
2461272.621747685
  9
$TDINDWG
 40
0.0488194444
  9
$TDUSRTIMER
 40
0.0488194444
  9
$USRTIMER
 70
     1
  9
$ANGBASE
 50
0.0
  9
$ANGDIR
 70
     0
  9
$PDMODE
 70
     0
  9
$PDSIZE
 40
0.0
  9
$PLINEWID
 40
0.0
  9
$SPLFRAME
 70
     0
  9
$SPLINETYPE
 70
     6
  9
$SPLINESEGS
 70
     8
  9
$HANDSEED
  5
B5A
  9
$SURFTAB1
 70
     6
  9
$SURFTAB2
 70
     6
  9
$SURFTYPE
 70
     6
  9
$SURFU
 70
     6
  9
$SURFV
 70
     6
  9
$UCSBASE
  2

  9
$UCSNAME
  2

  9
$UCSORG
 10
0.0
 20
0.0
 30
0.0
  9
$UCSXDIR
 10
1.0
 20
0.0
 30
0.0
  9
$UCSYDIR
 10
0.0
 20
1.0
 30
0.0
  9
$UCSORTHOREF
  2

  9
$UCSORTHOVIEW
 70
     0
  9
$UCSORGTOP
 10
0.0
 20
0.0
 30
0.0
  9
$UCSORGBOTTOM
 10
0.0
 20
0.0
 30
0.0
  9
$UCSORGLEFT
 10
0.0
 20
0.0
 30
0.0
  9
$UCSORGRIGHT
 10
0.0
 20
0.0
 30
0.0
  9
$UCSORGFRONT
 10
0.0
 20
0.0
 30
0.0
  9
$UCSORGBACK
 10
0.0
 20
0.0
 30
0.0
  9
$PUCSBASE
  2

  9
$PUCSNAME
  2

  9
$PUCSORG
 10
0.0
 20
0.0
 30
0.0
  9
$PUCSXDIR
 10
1.0
 20
0.0
 30
0.0
  9
$PUCSYDIR
 10
0.0
 20
1.0
 30
0.0
  9
$PUCSORTHOREF
  2

  9
$PUCSORTHOVIEW
 70
     0
  9
$PUCSORGTOP
 10
0.0
 20
0.0
 30
0.0
  9
$PUCSORGBOTTOM
 10
0.0
 20
0.0
 30
0.0
  9
$PUCSORGLEFT
 10
0.0
 20
0.0
 30
0.0
  9
$PUCSORGRIGHT
 10
0.0
 20
0.0
 30
0.0
  9
$PUCSORGFRONT
 10
0.0
 20
0.0
 30
0.0
  9
$PUCSORGBACK
 10
0.0
 20
0.0
 30
0.0
  9
$USERI1
 70
     0
  9
$USERI2
 70
     0
  9
$USERI3
 70
     0
  9
$USERI4
 70
     0
  9
$USERI5
 70
     0
  9
$USERR1
 40
0.0
  9
$USERR2
 40
0.0
  9
$USERR3
 40
0.0
  9
$USERR4
 40
0.0
  9
$USERR5
 40
0.0
  9
$WORLDVIEW
 70
     1
  9
$SHADEDGE
 70
     3
  9
$SHADEDIF
 70
    70
  9
$TILEMODE
 70
     1
  9
$MAXACTVP
 70
    64
  9
$PINSBASE
 10
0.0
 20
0.0
 30
0.0
  9
$PLIMCHECK
 70
     0
  9
$PEXTMIN
 10
0.0
 20
0.0
 30
0.0
  9
$PEXTMAX
 10
0.0
 20
0.0
 30
0.0
  9
$PLIMMIN
 10
0.0
 20
0.0
  9
$PLIMMAX
 10
12.0
 20
9.0
  9
$UNITMODE
 70
     0
  9
$VISRETAIN
 70
     1
  9
$PLINEGEN
 70
     0
  9
$PSLTSCALE
 70
     1
  9
$TREEDEPTH
 70
  3020
  9
$CMLSTYLE
  2
Standard
  9
$CMLJUST
 70
     0
  9
$CMLSCALE
 40
20.0
  9
$PROXYGRAPHICS
 70
     1
  9
$MEASUREMENT
 70
     1
  9
$CELWEIGHT
370
    -1
  9
$ENDCAPS
280
     0
  9
$JOINSTYLE
280
     0
  9
$LWDISPLAY
290
     0
  9
$INSUNITS
 70
     4
  9
$HYPERLINKBASE
  1

  9
$STYLESHEET
  1

  9
$XEDIT
290
     1
  9
$CEPSNTYPE
380
     0
  9
$PSTYLEMODE
290
     1
  9
$FINGERPRINTGUID
  2
{07E533D0-5B8B-944E-A75E-2408D6E3EB3F}
  9
$VERSIONGUID
  2
{75AAF148-C580-9844-A306-7DDD50958BD3}
  9
$EXTNAMES
290
     1
  9
$PSVPSCALE
 40
0.0
  9
$OLESTARTUP
290
     0
  9
$SORTENTS
280
   127
  9
$INDEXCTL
280
     0
  9
$HIDETEXT
280
     1
  9
$XCLIPFRAME
280
     2
  9
$HALOGAP
280
     0
  9
$OBSCOLOR
 70
   257
  9
$OBSLTYPE
280
     0
  9
$INTERSECTIONDISPLAY
280
     0
  9
$INTERSECTIONCOLOR
 70
   257
  9
$DIMASSOC
280
     2
  9
$PROJECTNAME
  1

  9
$CAMERADISPLAY
290
     0
  9
$LENSLENGTH
 40
50.0
  9
$CAMERAHEIGHT
 40
0.0
  9
$STEPSPERSEC
 40
2.0
  9
$STEPSIZE
 40
6.0
  9
$3DDWFPREC
 40
2.0
  9
$PSOLWIDTH
 40
5.0
  9
$PSOLHEIGHT
 40
80.0
  9
$LOFTANG1
 40
1.570796326794896
  9
$LOFTANG2
 40
1.570796326794896
  9
$LOFTMAG1
 40
0.0
  9
$LOFTMAG2
 40
0.0
  9
$LOFTPARAM
 70
     7
  9
$LOFTNORMALS
280
     1
  9
$LATITUDE
 40
37.795
  9
$LONGITUDE
 40
-122.394
  9
$NORTHDIRECTION
 40
0.0
  9
$TIMEZONE
 70
 -8000
  9
$LIGHTGLYPHDISPLAY
280
     1
  9
$TILEMODELIGHTSYNCH
280
     1
  9
$CMATERIAL
347
EC
  9
$SOLIDHIST
280
     0
  9
$SHOWHIST
280
     1
  9
$DWFFRAME
280
     2
  9
$DGNFRAME
280
     0
  9
$REALWORLDSCALE
290
     1
  9
$INTERFERECOLOR
 62
     1
  9
$INTERFEREOBJVS
345
F9
  9
$INTERFEREVPVS
346
F6
  9
$CSHADOW
280
     0
  9
$SHADOWPLANELOCATION
 40
0.0
  0
ENDSEC
  0
SECTION
  2
CLASSES
  0
CLASS
  1
ACDBDICTIONARYWDFLT
  2
AcDbDictionaryWithDefault
  3
ObjectDBX Classes
 90
        0
 91
        1
280
     0
281
     0
  0
CLASS
  1
DICTIONARYVAR
  2
AcDbDictionaryVar
  3
ObjectDBX Classes
 90
        0
 91
       11
280
     0
281
     0
  0
CLASS
  1
TABLESTYLE
  2
AcDbTableStyle
  3
ObjectDBX Classes
 90
     4095
 91
        1
280
     0
281
     0
  0
CLASS
  1
MATERIAL
  2
AcDbMaterial
  3
ObjectDBX Classes
 90
     1153
 91
        3
280
     0
281
     0
  0
CLASS
  1
VISUALSTYLE
  2
AcDbVisualStyle
  3
ObjectDBX Classes
 90
     4095
 91
       24
280
     0
281
     0
  0
CLASS
  1
SCALE
  2
AcDbScale
  3
ObjectDBX Classes
 90
     1153
 91
       19
280
     0
281
     0
  0
CLASS
  1
MLEADERSTYLE
  2
AcDbMLeaderStyle
  3
ACDB_MLEADERSTYLE_CLASS
 90
     4095
 91
        2
280
     0
281
     0
  0
CLASS
  1
CELLSTYLEMAP
  2
AcDbCellStyleMap
  3
ObjectDBX Classes
 90
     1152
 91
        2
280
     0
281
     0
  0
CLASS
  1
EXACXREFPANELOBJECT
  2
ExAcXREFPanelObject
  3
EXAC_ESW
 90
     1025
 91
        0
280
     0
281
     0
  0
CLASS
  1
NPOCOLLECTION
  2
AcDbImpNonPersistentObjectsCollection
  3
ObjectDBX Classes
 90
     1153
 91
        0
280
     0
281
     0
  0
CLASS
  1
LAYER_INDEX
  2
AcDbLayerIndex
  3
ObjectDBX Classes
 90
        0
 91
        0
280
     0
281
     0
  0
CLASS
  1
SPATIAL_INDEX
  2
AcDbSpatialIndex
  3
ObjectDBX Classes
 90
        0
 91
        0
280
     0
281
     0
  0
CLASS
  1
IDBUFFER
  2
AcDbIdBuffer
  3
ObjectDBX Classes
 90
        0
 91
        0
280
     0
281
     0
  0
CLASS
  1
ACDBSECTIONVIEWSTYLE
  2
AcDbSectionViewStyle
  3
ObjectDBX Classes
 90
     1025
 91
        2
280
     0
281
     0
  0
CLASS
  1
ACDBDETAILVIEWSTYLE
  2
AcDbDetailViewStyle
  3
ObjectDBX Classes
 90
     1025
 91
        2
280
     0
281
     0
  0
CLASS
  1
SORTENTSTABLE
  2
AcDbSortentsTable
  3
ObjectDBX Classes
 90
        0
 91
        3
280
     0
281
     0
  0
CLASS
  1
DIMASSOC
  2
AcDbDimAssoc
  3
"AcDbDimAssoc|Product Desc:     AcDim ARX App For Dimension|Company:          Autodesk, Inc.|WEB Address:      www.autodesk.com"
 90
        0
 91
       16
280
     0
281
     0
  0
ENDSEC
  0
SECTION
  2
TABLES
  0
TABLE
  2
VPORT
  5
8
330
0
100
AcDbSymbolTable
 70
     1
  0
VPORT
  5
EA
330
8
100
AcDbSymbolTableRecord
100
AcDbViewportTableRecord
  2
*Active
 70
     0
 10
0.0
 20
0.0
 11
1.0
 21
1.0
 12
979.9045114392647
 22
2326.577037222973
 13
0.0
 23
0.0
 14
10.0
 24
10.0
 15
10.0
 25
10.0
 16
0.0
 26
0.0
 36
1.0
 17
0.0
 27
0.0
 37
0.0
 40
4821.139233791278
 41
2.575067024128686
 42
50.0
 43
0.0
 44
0.0
 50
0.0
 51
0.0
 71
     0
 72
  1000
 73
     1
 74
     3
 75
     0
 76
     1
 77
     0
 78
     0
281
     0
 65
     1
110
0.0
120
0.0
130
0.0
111
1.0
121
0.0
131
0.0
112
0.0
122
1.0
132
0.0
 79
     0
146
0.0
348
F5
 60
     3
 61
     5
292
     1
282
     1
141
0.0
142
0.0
 63
   250
421
  3355443
1001
ACAD_NAV_VCDISPLAY
1070
     3
  0
ENDTAB
  0
TABLE
  2
LTYPE
  5
5
330
0
100
AcDbSymbolTable
 70
     8
  0
LTYPE
  5
14
330
5
100
AcDbSymbolTableRecord
100
AcDbLinetypeTableRecord
  2
ByBlock
 70
     0
  3

 72
    65
 73
     0
 40
0.0
  0
LTYPE
  5
15
330
5
100
AcDbSymbolTableRecord
100
AcDbLinetypeTableRecord
  2
ByLayer
 70
     0
  3

 72
    65
 73
     0
 40
0.0
  0
LTYPE
  5
16
330
5
100
AcDbSymbolTableRecord
100
AcDbLinetypeTableRecord
  2
Continuous
 70
     0
  3
Solid line
 72
    65
 73
     0
 40
0.0
  0
LTYPE
  5
2BE
330
5
100
AcDbSymbolTableRecord
100
AcDbLinetypeTableRecord
  2
HIDDEN2
 70
     0
  3
Hidden (.5x) _ _ _ _ _ _ _ _ _ _ _ _ _ _ _ _ _
 72
    65
 73
     2
 40
0.1875
 49
0.125
 74
     0
 49
-0.0625
 74
     0
  0
LTYPE
  5
2BF
330
5
100
AcDbSymbolTableRecord
100
AcDbLinetypeTableRecord
  2
BOTTOM
 70
     0
  3
Bottom _____ ______ ______ ______ ______
 72
    65
 73
     6
 40
4.2
 49
1.199999999999999
 74
     0
 49
-0.2
 74
     0
 49
1.199999999999999
 74
     0
 49
-0.2
 74
     0
 49
1.199999999999999
 74
     0
 49
-0.2
 74
     0
  0
LTYPE
  5
2C0
330
5
100
AcDbSymbolTableRecord
100
AcDbLinetypeTableRecord
  2
CENTER2
 70
     0
  3
Center (.5x) ___ _ ___ _ ___ _ ___ _ ___ _ ___
 72
    65
 73
     4
 40
1.125
 49
0.75
 74
     0
 49
-0.125
 74
     0
 49
0.125
 74
     0
 49
-0.125
 74
     0
  0
LTYPE
  5
2C1
330
5
100
AcDbSymbolTableRecord
100
AcDbLinetypeTableRecord
  2
PHANTOM
 70
     0
  3
______  __  __  ______  __  __  ______  __  __ 
 72
    65
 73
     6
 40
2.5
 49
1.25
 74
     0
 49
-0.25
 74
     0
 49
0.25
 74
     0
 49
-0.25
 74
     0
 49
0.25
 74
     0
 49
-0.25
 74
     0
  0
LTYPE
  5
56A
330
5
100
AcDbSymbolTableRecord
100
AcDbLinetypeTableRecord
  2
LEOJ
 70
     0
  3
_______________________________________________
 72
    65
 73
     2
 40
0.3
 49
0.2
 74
     0
 49
-0.1
 74
     0
  0
LTYPE
  5
8C4
330
5
100
AcDbSymbolTableRecord
100
AcDbLinetypeTableRecord
  2
DASHED
 70
     0
  3
Dashed __ __ __ __ __ __ __ __ __ __ __ __ __ _
 72
    65
 73
     2
 40
0.75
 49
0.5
 74
     0
 49
-0.25
 74
     0
  0
ENDTAB
  0
TABLE
  2
LAYER
  5
2
102
{ACAD_XDICTIONARY
360
1FF
102
}
330
0
100
AcDbSymbolTable
 70
    37
  0
LAYER
  5
10
102
{ACAD_XDICTIONARY
360
13C
102
}
330
2
100
AcDbSymbolTableRecord
100
AcDbLayerTableRecord
  2
0
 70
     0
 62
     7
  6
Continuous
370
    -3
390
F
347
EE
348
0
  0
LAYER
  5
2C2
330
2
100
AcDbSymbolTableRecord
100
AcDbLayerTableRecord
  2
1R
 70
     0
 62
     1
  6
Continuous
370
    -3
390
F
347
EE
348
0
  0
LAYER
  5
2C3
330
2
100
AcDbSymbolTableRecord
100
AcDbLayerTableRecord
  2
3G
 70
     0
 62
     3
  6
Continuous
370
    -3
390
F
347
EE
348
0
  0
LAYER
  5
2C4
330
2
100
AcDbSymbolTableRecord
100
AcDbLayerTableRecord
  2
TC
 70
     0
 62
     4
  6
Continuous
370
    -3
390
F
347
EE
348
0
  0
LAYER
  5
2C5
330
2
100
AcDbSymbolTableRecord
100
AcDbLayerTableRecord
  2
SHE
 70
     0
 62
     8
  6
Continuous
370
    -3
390
F
347
EE
348
0
  0
LAYER
  5
2C6
330
2
100
AcDbSymbolTableRecord
100
AcDbLayerTableRecord
  2
DEFPOINTS
 70
     0
 62
     7
  6
Continuous
290
     0
370
    -3
390
F
347
EE
348
0
  0
LAYER
  5
2C7
330
2
100
AcDbSymbolTableRecord
100
AcDbLayerTableRecord
  2
TITLE
 70
     0
 62
     7
  6
Continuous
370
    -3
390
F
347
EE
348
0
  0
LAYER
  5
2C8
330
2
100
AcDbSymbolTableRecord
100
AcDbLayerTableRecord
  2
COLUMN
 70
     0
 62
     6
  6
Continuous
370
    -3
390
F
347
EE
348
0
  0
LAYER
  5
2C9
330
2
100
AcDbSymbolTableRecord
100
AcDbLayerTableRecord
  2
FOOTING
 70
     0
 62
     3
  6
HIDDEN2
370
    -3
390
F
347
EE
348
0
  0
LAYER
  5
2CA
330
2
100
AcDbSymbolTableRecord
100
AcDbLayerTableRecord
  2
DIM
 70
     0
 62
     8
  6
Continuous
370
    -3
390
F
347
EE
348
0
  0
LAYER
  5
2CB
330
2
100
AcDbSymbolTableRecord
100
AcDbLayerTableRecord
  2
2Y
 70
     0
 62
     2
  6
Continuous
370
    -3
390
F
347
EE
348
0
  0
LAYER
  5
2CC
330
2
100
AcDbSymbolTableRecord
100
AcDbLayerTableRecord
  2
6M
 70
     0
 62
     6
  6
Continuous
370
    -3
390
F
347
EE
348
0
  0
LAYER
  5
2CD
330
2
100
AcDbSymbolTableRecord
100
AcDbLayerTableRecord
  2
7W
 70
     0
 62
     7
  6
Continuous
370
    -3
390
F
347
EE
348
0
  0
LAYER
  5
2CE
330
2
100
AcDbSymbolTableRecord
100
AcDbLayerTableRecord
  2
TG
 70
     0
 62
     3
  6
Continuous
370
    -3
390
F
347
EE
348
0
  0
LAYER
  5
2CF
330
2
100
AcDbSymbolTableRecord
100
AcDbLayerTableRecord
  2
TM
 70
     0
 62
     6
  6
Continuous
370
    -3
390
F
347
EE
348
0
  0
LAYER
  5
2D0
330
2
100
AcDbSymbolTableRecord
100
AcDbLayerTableRecord
  2
BOTTOM BAR
 70
     0
 62
     5
  6
BOTTOM
370
    -3
390
F
347
EE
348
0
  0
LAYER
  5
2D1
330
2
100
AcDbSymbolTableRecord
100
AcDbLayerTableRecord
  2
GRID
 70
     0
 62
     8
  6
PHANTOM
370
    -3
390
F
347
EE
348
0
  0
LAYER
  5
56B
102
{ACAD_XDICTIONARY
360
56C
102
}
330
2
100
AcDbSymbolTableRecord
100
AcDbLayerTableRecord
  2
5B
 70
     0
 62
     5
  6
Continuous
370
    -3
390
F
347
EE
348
0
  0
LAYER
  5
56D
102
{ACAD_XDICTIONARY
360
56E
102
}
330
2
100
AcDbSymbolTableRecord
100
AcDbLayerTableRecord
  2
4C
 70
     0
 62
     4
  6
Continuous
370
    -3
390
F
347
EE
348
0
  0
LAYER
  5
56F
102
{ACAD_XDICTIONARY
360
570
102
}
330
2
100
AcDbSymbolTableRecord
100
AcDbLayerTableRecord
  2
8G
 70
     0
 62
     8
  6
Continuous
370
    -3
390
F
347
EE
348
0
  0
LAYER
  5
571
102
{ACAD_XDICTIONARY
360
572
102
}
330
2
100
AcDbSymbolTableRecord
100
AcDbLayerTableRecord
  2
LEOJ
 70
     0
 62
     3
  6
LEOJ
370
    -3
390
F
347
EE
348
0
  0
LAYER
  5
573
102
{ACAD_XDICTIONARY
360
574
102
}
330
2
100
AcDbSymbolTableRecord
100
AcDbLayerTableRecord
  2
TB
 70
     0
 62
     5
  6
Continuous
370
    -3
390
F
347
EE
348
0
  0
LAYER
  5
575
102
{ACAD_XDICTIONARY
360
576
102
}
330
2
100
AcDbSymbolTableRecord
100
AcDbLayerTableRecord
  2
8
 70
     0
 62
     8
  6
Continuous
370
    -3
390
F
347
EE
348
0
  0
LAYER
  5
577
102
{ACAD_XDICTIONARY
360
578
102
}
330
2
100
AcDbSymbolTableRecord
100
AcDbLayerTableRecord
  2
DM
 70
     0
 62
     3
  6
Continuous
370
    -3
390
F
347
EE
348
0
  0
LAYER
  5
579
102
{ACAD_XDICTIONARY
360
57A
102
}
330
2
100
AcDbSymbolTableRecord
100
AcDbLayerTableRecord
  2
BAR
 70
     0
 62
     6
  6
Continuous
370
    -3
390
F
347
EE
348
0
  0
LAYER
  5
57B
102
{ACAD_XDICTIONARY
360
57C
102
}
330
2
100
AcDbSymbolTableRecord
100
AcDbLayerTableRecord
  2
TIES
 70
     0
 62
     4
  6
Continuous
370
    -3
390
F
347
EE
348
0
  0
LAYER
  5
8C5
330
2
100
AcDbSymbolTableRecord
100
AcDbLayerTableRecord
  2
A-Footing
 70
     0
 62
     3
  6
Continuous
370
    -3
390
F
347
EE
348
0
1001
AcAecLayerStandard
1000

1000

1001
AcCmTransparency
1071
        0
  0
LAYER
  5
8C6
102
{ACAD_XDICTIONARY
360
8C7
102
}
330
2
100
AcDbSymbolTableRecord
100
AcDbLayerTableRecord
  2
1
 70
     0
 62
     1
  6
Continuous
370
    -3
390
F
347
EE
348
0
  0
LAYER
  5
8C8
102
{ACAD_XDICTIONARY
360
8C9
102
}
330
2
100
AcDbSymbolTableRecord
100
AcDbLayerTableRecord
  2
S-Text
 70
     0
 62
     3
  6
Continuous
370
    -3
390
F
347
EE
348
0
  0
LAYER
  5
8CA
330
2
100
AcDbSymbolTableRecord
100
AcDbLayerTableRecord
  2
S-Dim
 70
     0
 62
     1
  6
Continuous
370
    -3
390
F
347
EE
348
0
1001
AcAecLayerStandard
1000

1000

1001
AcCmTransparency
1071
        0
  0
LAYER
  5
8CB
102
{ACAD_XDICTIONARY
360
8CC
102
}
330
2
100
AcDbSymbolTableRecord
100
AcDbLayerTableRecord
  2
2
 70
     0
 62
     2
  6
Continuous
370
    -3
390
F
347
EE
348
0
1001
AcAecLayerStandard
1000

1000

  0
LAYER
  5
8CE
102
{ACAD_XDICTIONARY
360
8CF
102
}
330
2
100
AcDbSymbolTableRecord
100
AcDbLayerTableRecord
  2
5
 70
     0
 62
     5
  6
Continuous
370
    -3
390
F
347
EE
348
0
1001
RAK
1000
{ACET-LAYISO
1070
     0
1070
     5
1000
Continuous
1071
       -3
1071
        1
1005
F
1000
ACET-LAYISO}
  0
LAYER
  5
8D1
102
{ACAD_XDICTIONARY
360
8D2
102
}
330
2
100
AcDbSymbolTableRecord
100
AcDbLayerTableRecord
  2
S-COLUMN
 70
     0
 62
     6
  6
Continuous
370
    -3
390
F
347
EE
348
0
  0
LAYER
  5
8D4
102
{ACAD_XDICTIONARY
360
8D5
102
}
330
2
100
AcDbSymbolTableRecord
100
AcDbLayerTableRecord
  2
S-LEADER
 70
     0
 62
     9
  6
Continuous
370
    -3
390
F
347
EE
348
0
  0
LAYER
  5
8D7
330
2
100
AcDbSymbolTableRecord
100
AcDbLayerTableRecord
  2
S-CONC SECTION
 70
     0
 62
     2
  6
Continuous
370
    -3
390
F
347
EE
348
0
1001
AcAecLayerStandard
1000

1000

1001
AcCmTransparency
1071
        0
  0
LAYER
  5
8D8
330
2
100
AcDbSymbolTableRecord
100
AcDbLayerTableRecord
  2
ANNO_DIM_TEXT
 70
     0
 62
     8
  6
Continuous
370
    -3
390
F
347
EE
348
0
1001
RAK
1000
{ACET-LAYISO
1070
     0
1070
     8
1000
Continuous
1071
       -3
1071
        1
1005
F
1000
ACET-LAYISO}
  0
LAYER
  5
8D9
330
2
100
AcDbSymbolTableRecord
100
AcDbLayerTableRecord
  2
S-REBAR
 70
     0
 62
     3
  6
Continuous
370
    -3
390
F
347
EE
348
0
1001
AcAecLayerStandard
1000

1000

1001
AcCmTransparency
1071
        0
  0
ENDTAB
  0
TABLE
  2
STYLE
  5
3
330
0
100
AcDbSymbolTable
 70
    11
  0
STYLE
  5
11
330
3
100
AcDbSymbolTableRecord
100
AcDbTextStyleTableRecord
  2
Standard
 70
     0
 40
0.0
 41
1.0
 50
0.0
 71
     0
 42
2.5
  3
arial.ttf
  4

1001
ACAD
1000
Arial
1071
       34
  0
STYLE
  5
132
330
3
100
AcDbSymbolTableRecord
100
AcDbTextStyleTableRecord
  2
Annotative
 70
     0
 40
0.0
 41
1.0
 50
0.0
 71
     0
 42
2.5
  3
arial.ttf
  4

1001
AcadAnnotative
1000
AnnotativeData
1002
{
1070
     1
1070
     1
1002
}
1001
ACAD
1000
Arial
1071
       34
  0
STYLE
  5
2D2
330
3
100
AcDbSymbolTableRecord
100
AcDbTextStyleTableRecord
  2
ROMANS
 70
     0
 40
0.0
 41
0.9
 50
0.0
 71
     0
 42
250.0
  3
romans.shx
  4

  0
STYLE
  5
2D3
330
3
100
AcDbSymbolTableRecord
100
AcDbTextStyleTableRecord
  2
100CL
 70
     0
 40
0.0
 41
1.0
 50
0.0
 71
     0
 42
0.25
  3
ROMANS.shx
  4

  0
STYLE
  5
2D4
330
3
100
AcDbSymbolTableRecord
100
AcDbTextStyleTableRecord
  2
240CL
 70
     0
 40
0.6
 41
1.0
 50
0.0
 71
     0
 42
12.0
  3
ROMANS.shx
  4

  0
STYLE
  5
57D
330
3
100
AcDbSymbolTableRecord
100
AcDbTextStyleTableRecord
  2
S-TAKEN
 70
     0
 40
0.25
 41
1.0
 50
0.0
 71
     0
 42
0.25
  3
ROMANS.shx
  4

  0
STYLE
  5
57E
330
3
100
AcDbSymbolTableRecord
100
AcDbTextStyleTableRecord
  2
140CL
 70
     0
 40
0.35
 41
1.0
 50
0.0
 71
     0
 42
0.2
  3
romans.shx
  4

  0
STYLE
  5
57F
330
3
100
AcDbSymbolTableRecord
100
AcDbTextStyleTableRecord
  2
S-SHOWN
 70
     0
 40
0.25
 41
1.0
 50
0.0
 71
     0
 42
0.25
  3
ROMANS.shx
  4

  0
STYLE
  5
8DA
330
3
100
AcDbSymbolTableRecord
100
AcDbTextStyleTableRecord
  2
Dimension Text
 70
     0
 40
0.0
 41
1.0
 50
0.0
 71
     0
 42
0.2
  3
simplex.shx
  4

  0
STYLE
  5
8DB
330
3
100
AcDbSymbolTableRecord
100
AcDbTextStyleTableRecord
  2
SIMPLEX
 70
     0
 40
0.0
 41
0.8
 50
0.0
 71
     0
 42
0.075
  3
simplex.shx
  4

  0
STYLE
  5
8DC
330
3
100
AcDbSymbolTableRecord
100
AcDbTextStyleTableRecord
  2
Arial Narrow_1
 70
     0
 40
61.45516717325227
 41
1.0
 50
0.0
 71
     0
 42
0.2
  3
ARIALN.TTF
  4

1001
ACAD
1000
Arial Narrow
1071
       34
  0
ENDTAB
  0
TABLE
  2
VIEW
  5
6
330
0
100
AcDbSymbolTable
 70
     4
  0
ENDTAB
  0
TABLE
  2
UCS
  5
7
330
0
100
AcDbSymbolTable
 70
     0
  0
ENDTAB
  0
TABLE
  2
APPID
  5
9
330
0
100
AcDbSymbolTable
 70
    15
  0
APPID
  5
12
330
9
100
AcDbSymbolTableRecord
100
AcDbRegAppTableRecord
  2
ACAD
 70
     0
  0
APPID
  5
9E
330
9
100
AcDbSymbolTableRecord
100
AcDbRegAppTableRecord
  2
ACAD_PSEXT
 70
     0
  0
APPID
  5
133
330
9
100
AcDbSymbolTableRecord
100
AcDbRegAppTableRecord
  2
AcadAnnoPO
 70
     0
  0
APPID
  5
134
330
9
100
AcDbSymbolTableRecord
100
AcDbRegAppTableRecord
  2
AcadAnnotative
 70
     0
  0
APPID
  5
135
330
9
100
AcDbSymbolTableRecord
100
AcDbRegAppTableRecord
  2
ACAD_DSTYLE_DIMJAG
 70
     0
  0
APPID
  5
136
330
9
100
AcDbSymbolTableRecord
100
AcDbRegAppTableRecord
  2
ACAD_DSTYLE_DIMTALN
 70
     0
  0
APPID
  5
165
330
9
100
AcDbSymbolTableRecord
100
AcDbRegAppTableRecord
  2
ACAD_MLEADERVER
 70
     0
  0
APPID
  5
217
330
9
100
AcDbSymbolTableRecord
100
AcDbRegAppTableRecord
  2
ACAD_NAV_VCDISPLAY
 70
     0
  0
APPID
  5
2D7
330
9
100
AcDbSymbolTableRecord
100
AcDbRegAppTableRecord
  2
AcadStringInfo
 70
     0
  0
APPID
  5
8E3
330
9
100
AcDbSymbolTableRecord
100
AcDbRegAppTableRecord
  2
AcAecLayerStandard
 70
     0
  0
APPID
  5
8E4
330
9
100
AcDbSymbolTableRecord
100
AcDbRegAppTableRecord
  2
AcCmTransparency
 70
     0
  0
APPID
  5
8E5
330
9
100
AcDbSymbolTableRecord
100
AcDbRegAppTableRecord
  2
ACAD_DSTYLE_DIMBREAK
 70
     0
  0
APPID
  5
8E6
330
9
100
AcDbSymbolTableRecord
100
AcDbRegAppTableRecord
  2
RAK
 70
     0
  0
APPID
  5
8E7
330
9
100
AcDbSymbolTableRecord
100
AcDbRegAppTableRecord
  2
AcadAnnoAV
 70
     0
  0
APPID
  5
B3F
330
9
100
AcDbSymbolTableRecord
100
AcDbRegAppTableRecord
  2
ACAD_EXEMPT_FROM_CAD_STANDARDS
 70
     0
  0
ENDTAB
  0
TABLE
  2
DIMSTYLE
  5
A
330
0
100
AcDbSymbolTable
 70
    11
100
AcDbDimStyleTable
 71
     2
340
27
340
137
  0
DIMSTYLE
105
1B0
330
A
100
AcDbSymbolTableRecord
100
AcDbDimStyleTableRecord
  2
Standard
 70
     0
340
11
  0
DIMSTYLE
105
137
330
A
100
AcDbSymbolTableRecord
100
AcDbDimStyleTableRecord
  2
Annotative
 70
     0
 40
0.0
 41
2.5
 42
0.625
 43
3.75
 44
1.25
 73
     0
 74
     0
 77
     1
 78
     8
140
2.5
141
2.5
143
0.03937007874016
147
0.625
171
     3
172
     1
271
     2
272
     2
274
     3
278
    44
283
     0
284
     8
340
11
1001
AcadAnnotative
1000
AnnotativeData
1002
{
1070
     1
1070
     1
1002
}
1001
ACAD_DSTYLE_DIMJAG
1070
   388
1040
1.5
1001
ACAD_DSTYLE_DIMTALN
1070
   392
1070
     0
  0
DIMSTYLE
105
27
330
A
100
AcDbSymbolTableRecord
100
AcDbDimStyleTableRecord
  2
ISO-25
 70
     0
 41
2.5
 42
0.625
 43
3.75
 44
1.25
 73
     0
 74
     0
 77
     1
 78
     8
140
2.5
141
2.5
143
0.03937007874016
147
0.625
171
     3
172
     1
271
     2
272
     2
274
     3
278
    44
283
     0
284
     8
340
11
  0
DIMSTYLE
105
2D5
330
A
100
AcDbSymbolTableRecord
100
AcDbDimStyleTableRecord
  2
DIM100
 70
     0
 40
100.0
 41
2.5
 42
1.0
 43
5.0
 44
1.0
 73
     0
 74
     0
 77
     1
140
2.5
141
1.0
147
1.0
176
     8
177
     8
178
     3
271
     0
272
     0
340
2D2
342
27F
  0
DIMSTYLE
105
2D6
102
{ACAD_REACTORS
330
2FC
330
2FE
330
32B
330
387
330
3ED
330
3EF
330
41C
330
478
102
}
330
A
100
AcDbSymbolTableRecord
100
AcDbDimStyleTableRecord
  2
DIM20
 70
     0
 40
20.0
 41
2.5
 42
1.0
 43
5.0
 44
1.0
 73
     0
 74
     0
 77
     1
140
2.5
141
1.0
147
1.0
176
     8
177
     8
178
     3
271
     0
272
     0
340
2D2
342
27F
  0
DIMSTYLE
105
8DD
330
A
100
AcDbSymbolTableRecord
100
AcDbDimStyleTableRecord
  2
WW_Dim-2_5mm
 70
     0
  3
<>
 40
304.8
 41
0.1640419947506561
 42
0.1230314960629921
 44
0.1968503937007874
 73
     0
 74
     0
 77
     1
 90
     2
140
62.5
145
1.0
147
0.0820209973753281
172
     1
173
     1
174
     1
179
     2
271
     0
340
8DC
343
7DE
344
7DE
  0
DIMSTYLE
105
8DE
330
A
100
AcDbSymbolTableRecord
100
AcDbDimStyleTableRecord
  2
Str-30
 70
     0
 40
30.0
 41
1.5
 42
0.625
 43
3.75
 44
1.25
 73
     0
 74
     0
 77
     1
 78
     8
140
2.0
141
2.0
143
0.0393701
147
0.625
171
     3
172
     1
176
   256
177
   256
178
     3
271
     0
272
     0
274
     3
278
    44
283
     0
284
     8
340
8DB
342
7DE
  0
DIMSTYLE
105
8DF
102
{ACAD_REACTORS
330
95A
330
95D
330
960
330
961
330
964
330
967
330
96A
330
96D
102
}
330
A
100
AcDbSymbolTableRecord
100
AcDbDimStyleTableRecord
  2
LEONARD 20
 70
     0
 40
0.0
 41
150.0
 42
150.0
 43
100.0
 44
150.0
 73
     0
 74
     0
 77
     1
140
250.0
141
0.0
144
0.2
146
0.004347826086957
147
100.0
172
     1
174
     1
175
     1
176
     8
177
     8
178
     3
271
     0
272
     0
279
     2
340
2D2
341
7E2
342
7E2
371
    -1
372
    -1
1001
ACAD_DSTYLE_DIMBREAK
1070
   391
1040
3.75
1001
ACAD_DSTYLE_DIMJAG
1070
   388
1040
1.5
1001
ACAD_DSTYLE_DIMTALN
1070
   392
1070
     1
  0
DIMSTYLE
105
8E0
330
A
100
AcDbSymbolTableRecord
100
AcDbDimStyleTableRecord
  2
Str-50
 70
     0
 40
50.0
 41
1.5
 42
0.625
 43
3.75
 44
1.25
 73
     0
 74
     0
 77
     1
 78
     8
140
2.0
141
2.0
143
0.0393701
147
0.625
171
     3
172
     1
176
   256
177
   256
178
     3
271
     0
272
     0
274
     3
278
    44
283
     0
284
     8
340
8DB
342
7DE
  0
DIMSTYLE
105
8E1
330
A
100
AcDbSymbolTableRecord
100
AcDbDimStyleTableRecord
  2
Str-axis-100
 70
     0
 40
100.0
 41
1.5
 42
0.625
 43
3.75
 44
1.25
 73
     0
 74
     0
 77
     1
 78
     8
140
2.0
141
1.0
143
0.03937007874016
147
0.5
171
     3
172
     1
176
   256
177
   256
178
     3
271
     0
272
     0
274
     3
278
    44
283
     0
284
     8
340
8DB
341
7DA
342
7DA
371
    -1
372
    -1
  0
DIMSTYLE
105
8E2
330
A
100
AcDbSymbolTableRecord
100
AcDbDimStyleTableRecord
  2
Dim100 SMALL
 70
     0
 41
0.025
 42
0.025
 43
0.1
 44
0.025
 46
0.05
 77
     1
140
0.15
141
0.1
147
0.1
172
     1
174
     1
176
     1
177
     1
178
     2
271
     2
272
     2
279
     1
340
8DA
342
7DA
1001
ACAD_DSTYLE_DIMBREAK
1070
   391
1040
0.1
1001
ACAD_DSTYLE_DIMJAG
1070
   388
1040
0.1
1001
ACAD_DSTYLE_DIMTALN
1070
   392
1070
     0
  0
ENDTAB
  0
TABLE
  2
BLOCK_RECORD
  5
1
330
0
100
AcDbSymbolTable
 70
    51
  0
BLOCK_RECORD
  5
1F
102
{ACAD_XDICTIONARY
360
1CE
102
}
330
1
100
AcDbSymbolTableRecord
100
AcDbBlockTableRecord
  2
*Model_Space
340
22
 70
     0
280
     1
281
     0
  0
BLOCK_RECORD
  5
D2
330
1
100
AcDbSymbolTableRecord
100
AcDbBlockTableRecord
  2
*Paper_Space
340
D3
 70
     0
280
     1
281
     0
  0
BLOCK_RECORD
  5
D6
330
1
100
AcDbSymbolTableRecord
100
AcDbBlockTableRecord
  2
*Paper_Space0
340
D7
 70
     0
280
     1
281
     0
  0
BLOCK_RECORD
  5
27F
330
1
100
AcDbSymbolTableRecord
100
AcDbBlockTableRecord
  2
DIM1
340
0
102
{BLKREFS
331
292
331
293
331
29E
331
29F
331
2AB
331
2AC
331
2B7
331
2B8
331
4EB
331
4EC
331
4F4
331
4F5
331
4FE
331
4FF
331
507
331
508
331
527
331
528
331
533
331
534
331
53F
331
540
331
54B
331
54C
331
557
331
558
331
563
331
564
331
7A4
331
7A5
331
7AD
331
7AE
331
7B6
331
7B7
331
7BF
331
7C0
331
7C8
331
7C9
331
7D4
331
7D5
102
}
 70
     1
280
     1
281
     0
  0
BLOCK_RECORD
  5
284
330
1
100
AcDbSymbolTableRecord
100
AcDbBlockTableRecord
  2
CIR
340
0
310
2800000020000000200000000100080000000000000400000000000000000000000000000000000000000000000080000080000000808000800000008000800080800000C0C0C000C0DCC000F0CAA6000020400000206000002080000020A0000020C0000020E00000400000004020000040400000406000004080000040A0
310
000040C0000040E00000600000006020000060400000606000006080000060A0000060C0000060E00000800000008020000080400000806000008080000080A0000080C0000080E00000A0000000A0200000A0400000A0600000A0800000A0A00000A0C00000A0E00000C0000000C0200000C0400000C0600000C0800000C0
310
A00000C0C00000C0E00000E0000000E0200000E0400000E0600000E0800000E0A00000E0C00000E0E00040000000400020004000400040006000400080004000A0004000C0004000E00040200000402020004020400040206000402080004020A0004020C0004020E000404000004040200040404000404060004040800040
310
40A0004040C0004040E00040600000406020004060400040606000406080004060A0004060C0004060E00040800000408020004080400040806000408080004080A0004080C0004080E00040A0000040A0200040A0400040A0600040A0800040A0A00040A0C00040A0E00040C0000040C0200040C0400040C0600040C08000
310
40C0A00040C0C00040C0E00040E0000040E0200040E0400040E0600040E0800040E0A00040E0C00040E0E00080000000800020008000400080006000800080008000A0008000C0008000E00080200000802020008020400080206000802080008020A0008020C0008020E00080400000804020008040400080406000804080
310
008040A0008040C0008040E00080600000806020008060400080606000806080008060A0008060C0008060E00080800000808020008080400080806000808080008080A0008080C0008080E00080A0000080A0200080A0400080A0600080A0800080A0A00080A0C00080A0E00080C0000080C0200080C0400080C0600080C0
310
800080C0A00080C0C00080C0E00080E0000080E0200080E0400080E0600080E0800080E0A00080E0C00080E0E000C0000000C0002000C0004000C0006000C0008000C000A000C000C000C000E000C0200000C0202000C0204000C0206000C0208000C020A000C020C000C020E000C0400000C0402000C0404000C0406000C0
310
408000C040A000C040C000C040E000C0600000C0602000C0604000C0606000C0608000C060A000C060C000C060E000C0800000C0802000C0804000C0806000C0808000C080A000C080C000C080E000C0A00000C0A02000C0A04000C0A06000C0A08000C0A0A000C0A0C000C0A0E000C0C00000C0C02000C0C04000C0C06000
310
C0C08000C0C0A000F0FBFF00A4A0A000808080000000FF0000FF000000FFFF00FF000000FF00FF00FFFF0000FFFFFF000000000000000000000000000000000000000000000000000000000000000000000000000000000000000000000000FBFB00000000000000000000000000000000000000000000000000FBFBFBFBFB
310
00FBFBFBFBFB00000000000000000000000000000000000000FBFB000000000000FB00000000FBFB0000000000000000000000000000000000FB00000000000000FB000000000000FBFB0000000000000000000000000000FB0000000000000000FB0000000000000000FB0000000000000000000000FBFB00000000000000
310
0000FB000000000000000000FB00000000000000000000FB00000000000000000000FB00000000000000000000FB0000000000000000FB0000000000000000000000FB0000000000000000000000FB00000000000000FBFBFBFB00000000000000FBFBFBFBFB00000000000000FBFB000000000000FB0000FBFBFBFBFBFBFB
310
0000FBFB0000FB00FBFBFBFB0000FB00FB0000000000FBFBFBFB0000000000000000FBFBFBFBFB00000000000000FB00FB00000000FB00FBFBFBFB000000000000FBFBFBFBFBFB000000000000FBFB00FB00000000FB00000000000000000000000000FB000000000000000000000000FB000000FB00000000000000000000
310
00000000FB000000000000000000000000FB000000FB0000000000000000000000000000FB00000000000000000000000000FB0000FBFBFBFBFBFBFBFBFBFBFBFBFBFBFBFBFBFBFBFBFBFBFBFBFBFBFBFBFBFB0000FB00000000000000000000000000000000000000000000000000000000FB000000FB0000000000000000
310
000000000000000000000000000000000000FB00000000FB00000000000000000000FC00000000FC00000000000000000000FB0000000000FB00000000000000000000FC000000FC00000000000000000000FB0000000000FB00000000000000000000FCFCFCFC0000000000000000000000FB000000000000FB0000000000
310
0000000000FC00FC00000000000000000000FB00000000000000FB00000000000000000000FC00FC00000000000000000000FB0000000000000000FB00000000000000000000FC00000000000000000000FB000000000000000000FB00000000000000000000FC000000000000000000FB0000000000000000000000FBFB00
310
00000000000000000000000000000000FB0000000000000000000000000000FB000000000000000000000000000000FB000000000000000000000000000000FBFB0000000000000000000000FBFBFB000000000000000000000000000000000000FBFBFBFB000000FBFBFBFB00000000000000000000000000000000000000
310
000000000000FBFBFB0000000000000000000000000000000000000000000000000000000000000000000000000000000000000000000000
102
{BLKREFS
331
3FF
102
}
 70
     1
280
     1
281
     0
  0
BLOCK_RECORD
  5
28D
330
1
100
AcDbSymbolTableRecord
100
AcDbBlockTableRecord
  2
*D3
340
0
 70
     0
280
     1
281
     0
  0
BLOCK_RECORD
  5
299
330
1
100
AcDbSymbolTableRecord
100
AcDbBlockTableRecord
  2
*D4
340
0
 70
     0
280
     1
281
     0
  0
BLOCK_RECORD
  5
2A6
330
1
100
AcDbSymbolTableRecord
100
AcDbBlockTableRecord
  2
*D5
340
0
 70
     0
280
     1
281
     0
  0
BLOCK_RECORD
  5
2B2
330
1
100
AcDbSymbolTableRecord
100
AcDbBlockTableRecord
  2
*D6
340
0
 70
     0
280
     1
281
     0
  0
BLOCK_RECORD
  5
4B7
330
1
100
AcDbSymbolTableRecord
100
AcDbBlockTableRecord
  2
*D8
340
0
 70
     0
280
     1
281
     0
  0
BLOCK_RECORD
  5
4C3
330
1
100
AcDbSymbolTableRecord
100
AcDbBlockTableRecord
  2
*D9
340
0
 70
     0
280
     1
281
     0
  0
BLOCK_RECORD
  5
4D0
330
1
100
AcDbSymbolTableRecord
100
AcDbBlockTableRecord
  2
*D10
340
0
 70
     0
280
     1
281
     0
  0
BLOCK_RECORD
  5
4DC
330
1
100
AcDbSymbolTableRecord
100
AcDbBlockTableRecord
  2
*D11
340
0
 70
     0
280
     1
281
     0
  0
BLOCK_RECORD
  5
50D
330
1
100
AcDbSymbolTableRecord
100
AcDbBlockTableRecord
  2
AR2
340
0
102
{BLKREFS
331
513
102
}
 70
     0
280
     1
281
     0
  0
BLOCK_RECORD
  5
511
330
1
100
AcDbSymbolTableRecord
100
AcDbBlockTableRecord
  2
ARR-DET
340
0
102
{BLKREFS
102
}
 70
     0
280
     1
281
     0
  0
BLOCK_RECORD
  5
515
330
1
100
AcDbSymbolTableRecord
100
AcDbBlockTableRecord
  2
CIR4
340
0
102
{BLKREFS
102
}
 70
     0
280
     1
281
     0
  0
BLOCK_RECORD
  5
51E
330
1
100
AcDbSymbolTableRecord
100
AcDbBlockTableRecord
  2
DIMBLK1
340
0
102
{BLKREFS
102
}
 70
     0
280
     1
281
     0
  0
BLOCK_RECORD
  5
522
330
1
100
AcDbSymbolTableRecord
100
AcDbBlockTableRecord
  2
*D16
340
0
 70
     0
280
     1
281
     0
  0
BLOCK_RECORD
  5
52E
330
1
100
AcDbSymbolTableRecord
100
AcDbBlockTableRecord
  2
*D17
340
0
 70
     0
280
     1
281
     0
  0
BLOCK_RECORD
  5
53A
330
1
100
AcDbSymbolTableRecord
100
AcDbBlockTableRecord
  2
*D18
340
0
 70
     0
280
     1
281
     0
  0
BLOCK_RECORD
  5
546
330
1
100
AcDbSymbolTableRecord
100
AcDbBlockTableRecord
  2
*D19
340
0
 70
     0
280
     1
281
     0
  0
BLOCK_RECORD
  5
552
330
1
100
AcDbSymbolTableRecord
100
AcDbBlockTableRecord
  2
*D20
340
0
 70
     0
280
     1
281
     0
  0
BLOCK_RECORD
  5
55E
330
1
100
AcDbSymbolTableRecord
100
AcDbBlockTableRecord
  2
*D21
340
0
 70
     0
280
     1
281
     0
  0
BLOCK_RECORD
  5
765
330
1
100
AcDbSymbolTableRecord
100
AcDbBlockTableRecord
  2
*D23
340
0
 70
     0
280
     1
281
     0
  0
BLOCK_RECORD
  5
771
330
1
100
AcDbSymbolTableRecord
100
AcDbBlockTableRecord
  2
*D24
340
0
 70
     0
280
     1
281
     0
  0
BLOCK_RECORD
  5
77D
330
1
100
AcDbSymbolTableRecord
100
AcDbBlockTableRecord
  2
*D25
340
0
 70
     0
280
     1
281
     0
  0
BLOCK_RECORD
  5
789
330
1
100
AcDbSymbolTableRecord
100
AcDbBlockTableRecord
  2
*D26
340
0
 70
     0
280
     1
281
     0
  0
BLOCK_RECORD
  5
795
330
1
100
AcDbSymbolTableRecord
100
AcDbBlockTableRecord
  2
*D27
340
0
 70
     0
280
     1
281
     0
  0
BLOCK_RECORD
  5
7CE
330
1
100
AcDbSymbolTableRecord
100
AcDbBlockTableRecord
  2
*D28
340
0
 70
     0
280
     1
281
     0
  0
BLOCK_RECORD
  5
7DA
330
1
100
AcDbSymbolTableRecord
100
AcDbBlockTableRecord
  2
_ArchTick
340
0
 70
     0
280
     1
281
     0
  0
BLOCK_RECORD
  5
7DE
330
1
100
AcDbSymbolTableRecord
100
AcDbBlockTableRecord
  2
_Oblique
340
0
 70
     0
280
     1
281
     0
  0
BLOCK_RECORD
  5
7E2
330
1
100
AcDbSymbolTableRecord
100
AcDbBlockTableRecord
  2
_ORIGIN
340
0
310
2800000020000000200000000100080000000000000400000000000000000000000000000000000000000000000080000080000000808000800000008000800080800000C0C0C000C0DCC000F0CAA6000020400000206000002080000020A0000020C0000020E00000400000004020000040400000406000004080000040A0
310
000040C0000040E00000600000006020000060400000606000006080000060A0000060C0000060E00000800000008020000080400000806000008080000080A0000080C0000080E00000A0000000A0200000A0400000A0600000A0800000A0A00000A0C00000A0E00000C0000000C0200000C0400000C0600000C0800000C0
310
A00000C0C00000C0E00000E0000000E0200000E0400000E0600000E0800000E0A00000E0C00000E0E00040000000400020004000400040006000400080004000A0004000C0004000E00040200000402020004020400040206000402080004020A0004020C0004020E000404000004040200040404000404060004040800040
310
40A0004040C0004040E00040600000406020004060400040606000406080004060A0004060C0004060E00040800000408020004080400040806000408080004080A0004080C0004080E00040A0000040A0200040A0400040A0600040A0800040A0A00040A0C00040A0E00040C0000040C0200040C0400040C0600040C08000
310
40C0A00040C0C00040C0E00040E0000040E0200040E0400040E0600040E0800040E0A00040E0C00040E0E00080000000800020008000400080006000800080008000A0008000C0008000E00080200000802020008020400080206000802080008020A0008020C0008020E00080400000804020008040400080406000804080
310
008040A0008040C0008040E00080600000806020008060400080606000806080008060A0008060C0008060E00080800000808020008080400080806000808080008080A0008080C0008080E00080A0000080A0200080A0400080A0600080A0800080A0A00080A0C00080A0E00080C0000080C0200080C0400080C0600080C0
310
800080C0A00080C0C00080C0E00080E0000080E0200080E0400080E0600080E0800080E0A00080E0C00080E0E000C0000000C0002000C0004000C0006000C0008000C000A000C000C000C000E000C0200000C0202000C0204000C0206000C0208000C020A000C020C000C020E000C0400000C0402000C0404000C0406000C0
310
408000C040A000C040C000C040E000C0600000C0602000C0604000C0606000C0608000C060A000C060C000C060E000C0800000C0802000C0804000C0806000C0808000C080A000C080C000C080E000C0A00000C0A02000C0A04000C0A06000C0A08000C0A0A000C0A0C000C0A0E000C0C00000C0C02000C0C04000C0C06000
310
C0C08000C0C0A000F0FBFF00A4A0A000808080000000FF0000FF000000FFFF00FF000000FF00FF00FFFF0000FFFFFF0000000000000000000000000000000000000000000000000000000000000000000000000000000000000000000000000000000000000000000000000000000000000000000000000000000000000000
310
00000000000000000000000000000000000000000000000000000000000000000000000000000000000000000000000000000000000000000000000000000000000000000000000000000000000000000000000000000000000000000000000000000000000000000000000000000000000000000000000000000000000000
310
00000000FFFF0000000000000000000000000000000000000000000000000000000000FF0000FFFFFFFF0000000000000000000000000000000000000000000000FFFF00000000000000FFFFFF00000000000000000000000000000000000000FF000000000000000000000000FF0000000000000000000000000000000000
310
FF00000000000000000000000000FF00000000000000000000000000000000FF000000000000000000000000000000FF000000000000000000000000000000FF000000000000000000000000000000FF000000000000000000000000000000FF00000000000000000000000000000000FF0000000000000000000000000000
310
FF00000000000000000000000000000000FF0000000000000000000000000000FF0000000000000000000000000000000000FF0000FFFFFFFFFFFFFFFFFFFFFFFFFFFFFFFFFFFFFFFF000000000000000000FF00000000000000000000000000FF00000000000000000000000000000000FF00000000000000000000000000
310
00FF00000000000000000000000000000000FF0000000000000000000000000000FF000000000000000000000000000000FF000000000000000000000000000000FF000000000000000000000000000000FF00000000000000000000000000000000FF00000000000000000000000000FF0000000000000000000000000000
310
00000000FFFF0000000000000000000000FF0000000000000000000000000000000000000000FF0000000000000000FFFF00000000000000000000000000000000000000000000FF000000FFFFFFFF00000000000000000000000000000000000000000000000000FFFFFF0000000000000000000000000000000000000000
310
00000000000000000000000000000000000000000000000000000000000000000000000000000000000000000000000000000000000000000000000000000000000000000000000000000000000000000000000000000000000000000000000000000000000000000000000000000000000000000000000000000000000000
310
0000000000000000000000000000000000000000000000000000000000000000000000000000000000000000000000000000000000000000
102
{BLKREFS
331
86D
331
86E
331
879
331
87A
331
885
331
886
331
8A5
331
8A6
331
8B1
331
8B2
331
8BD
331
8BE
331
AF7
331
AF8
331
B00
331
B01
331
B09
331
B0A
331
B20
331
B21
331
B29
331
B2A
331
B32
331
B33
102
}
 70
     0
280
     1
281
     0
  0
BLOCK_RECORD
  5
7E7
330
1
100
AcDbSymbolTableRecord
100
AcDbBlockTableRecord
  2
*X32
340
0
102
{BLKREFS
102
}
 70
     0
280
     1
281
     0
  0
BLOCK_RECORD
  5
7F1
330
1
100
AcDbSymbolTableRecord
100
AcDbBlockTableRecord
  2
*X33
340
0
102
{BLKREFS
102
}
 70
     0
280
     1
281
     0
  0
BLOCK_RECORD
  5
868
330
1
100
AcDbSymbolTableRecord
100
AcDbBlockTableRecord
  2
*D34
340
0
 70
     0
280
     1
281
     0
  0
BLOCK_RECORD
  5
874
330
1
100
AcDbSymbolTableRecord
100
AcDbBlockTableRecord
  2
*D35
340
0
 70
     0
280
     1
281
     0
  0
BLOCK_RECORD
  5
880
330
1
100
AcDbSymbolTableRecord
100
AcDbBlockTableRecord
  2
*D36
340
0
 70
     0
280
     1
281
     0
  0
BLOCK_RECORD
  5
88C
330
1
100
AcDbSymbolTableRecord
100
AcDbBlockTableRecord
  2
*D37
340
0
 70
     0
280
     1
281
     0
  0
BLOCK_RECORD
  5
896
330
1
100
AcDbSymbolTableRecord
100
AcDbBlockTableRecord
  2
*D38
340
0
 70
     0
280
     1
281
     0
  0
BLOCK_RECORD
  5
8A0
330
1
100
AcDbSymbolTableRecord
100
AcDbBlockTableRecord
  2
*D39
340
0
 70
     0
280
     1
281
     0
  0
BLOCK_RECORD
  5
8AC
330
1
100
AcDbSymbolTableRecord
100
AcDbBlockTableRecord
  2
*D40
340
0
 70
     0
280
     1
281
     0
  0
BLOCK_RECORD
  5
8B8
330
1
100
AcDbSymbolTableRecord
100
AcDbBlockTableRecord
  2
*D41
340
0
 70
     0
280
     1
281
     0
  0
BLOCK_RECORD
  5
A4B
330
1
100
AcDbSymbolTableRecord
100
AcDbBlockTableRecord
  2
*D43
340
0
 70
     0
280
     1
281
     0
  0
BLOCK_RECORD
  5
A57
330
1
100
AcDbSymbolTableRecord
100
AcDbBlockTableRecord
  2
*D44
340
0
 70
     0
280
     1
281
     0
  0
BLOCK_RECORD
  5
A63
330
1
100
AcDbSymbolTableRecord
100
AcDbBlockTableRecord
  2
*D45
340
0
 70
     0
280
     1
281
     0
  0
BLOCK_RECORD
  5
A78
330
1
100
AcDbSymbolTableRecord
100
AcDbBlockTableRecord
  2
*D46
340
0
 70
     0
280
     1
281
     0
  0
BLOCK_RECORD
  5
A82
330
1
100
AcDbSymbolTableRecord
100
AcDbBlockTableRecord
  2
*D47
340
0
 70
     0
280
     1
281
     0
  0
BLOCK_RECORD
  5
A8C
330
1
100
AcDbSymbolTableRecord
100
AcDbBlockTableRecord
  2
*D48
340
0
 70
     0
280
     1
281
     0
  0
BLOCK_RECORD
  5
A98
330
1
100
AcDbSymbolTableRecord
100
AcDbBlockTableRecord
  2
*D49
340
0
 70
     0
280
     1
281
     0
  0
BLOCK_RECORD
  5
AA4
330
1
100
AcDbSymbolTableRecord
100
AcDbBlockTableRecord
  2
*D50
340
0
 70
     0
280
     1
281
     0
  0
ENDTAB
  0
ENDSEC
  0
SECTION
  2
BLOCKS
  0
BLOCK
  5
20
330
1F
100
AcDbEntity
  8
0
100
AcDbBlockBegin
  2
*Model_Space
 70
     0
 10
0.0
 20
0.0
 30
0.0
  3
*Model_Space
  1

  0
ENDBLK
  5
21
330
1F
100
AcDbEntity
  8
0
100
AcDbBlockEnd
  0
BLOCK
  5
D4
330
D2
100
AcDbEntity
 67
     1
  8
0
100
AcDbBlockBegin
  2
*Paper_Space
 70
     0
 10
0.0
 20
0.0
 30
0.0
  3
*Paper_Space
  1

  0
ENDBLK
  5
D5
330
D2
100
AcDbEntity
 67
     1
  8
0
100
AcDbBlockEnd
  0
BLOCK
  5
D8
330
D6
100
AcDbEntity
 67
     1
  8
0
100
AcDbBlockBegin
  2
*Paper_Space0
 70
     0
 10
0.0
 20
0.0
 30
0.0
  3
*Paper_Space0
  1

  0
ENDBLK
  5
D9
330
D6
100
AcDbEntity
 67
     1
  8
0
100
AcDbBlockEnd
  0
BLOCK
  5
280
330
27F
100
AcDbEntity
  8
0
100
AcDbBlockBegin
  2
DIM1
 70
     0
 10
0.0
 20
0.0
 30
0.0
  3
DIM1
  1

  0
CIRCLE
  5
281
330
27F
100
AcDbEntity
  8
0
 62
     3
100
AcDbCircle
 10
0.0
 20
0.0
 30
0.0
 40
0.25
  0
LINE
  5
282
330
27F
100
AcDbEntity
  8
0
 62
     0
100
AcDbLine
 10
-1.0
 20
0.0
 30
0.0
 11
0.5
 21
0.0
 31
0.0
  0
ENDBLK
  5
283
330
27F
100
AcDbEntity
  8
0
100
AcDbBlockEnd
  0
BLOCK
  5
285
330
284
100
AcDbEntity
  8
0
100
AcDbBlockBegin
  2
CIR
 70
     2
 10
0.0
 20
0.0
 30
0.0
  3
CIR
  1

  0
CIRCLE
  5
286
330
284
100
AcDbEntity
  8
TITLE
 62
     2
100
AcDbCircle
 10
10.0
 20
0.0
 30
0.0
 40
10.0
  0
LINE
  5
287
330
284
100
AcDbEntity
  8
TITLE
 62
     2
100
AcDbLine
 10
10.0
 20
0.0
 30
0.0
 11
10.0
 21
-10.0
 31
0.0
  0
LINE
  5
288
330
284
100
AcDbEntity
  8
TITLE
 62
     2
100
AcDbLine
 10
0.0
 20
0.0
 30
0.0
 11
20.0
 21
0.0
 31
0.0
  0
ATTDEF
  5
289
330
284
100
AcDbEntity
  8
TITLE
 62
     5
100
AcDbText
 10
10.0
 20
4.754619559389539
 30
0.0
 40
4.5
  1

  7
ROMANS
 72
     4
 11
10.0
 21
4.754619559389539
 31
0.0
100
AcDbAttributeDefinition
280
     0
  3
DRAWING MARK :
  2
A
 70
     0
280
     0
  0
ATTDEF
  5
28A
330
284
100
AcDbEntity
  8
TITLE
 62
     2
100
AcDbText
 10
1.578416500183934
 20
-4.678125824138987
 30
0.0
 40
2.5
  1

 41
1.138396624965697
  7
ROMANS
 72
     5
 11
9.303250741022594
 21
-4.678125824138987
 31
0.0
100
AcDbAttributeDefinition
280
     0
  3
SHEET TAKEN :
  2
S-1
 70
     0
280
     0
  0
ATTDEF
  5
28B
330
284
100
AcDbEntity
  8
TITLE
 62
     2
100
AcDbText
 10
10.35994912962644
 20
-4.678125824138987
 30
0.0
 40
2.5
  1

 41
1.147089023381708
  7
ROMANS
 72
     5
 11
18.14376750257375
 21
-4.678125824138987
 31
0.0
100
AcDbAttributeDefinition
280
     0
  3
SHEET SHOWN :
  2
S-1
 70
     0
280
     0
  0
ENDBLK
  5
28C
330
284
100
AcDbEntity
  8
0
100
AcDbBlockEnd
  0
BLOCK
  5
28E
330
28D
100
AcDbEntity
  8
0
100
AcDbBlockBegin
  2
*D3
 70
     1
 10
0.0
 20
0.0
 30
0.0
  3
*D3
  1

  0
LINE
  5
28F
330
28D
100
AcDbEntity
  8
DIM
 62
     8
440
 16777216
370
    -2
100
AcDbLine
 10
11406.52733277005
 20
-61466.62090249495
 30
0.0
 11
10926.39183416662
 21
-61466.62090249495
 31
0.0
  0
LINE
  5
290
330
28D
100
AcDbEntity
  8
DIM
 62
     8
440
 16777216
370
    -2
100
AcDbLine
 10
11406.52733277005
 20
-60016.62090249496
 30
0.0
 11
10926.39183416663
 21
-60016.62090249496
 31
0.0
  0
LINE
  5
291
330
28D
100
AcDbEntity
  8
DIM
 62
     8
440
 16777216
370
    -2
100
AcDbLine
 10
10946.39183416663
 20
-61416.62090249496
 30
0.0
 11
10946.39183416663
 21
-60066.62090249496
 31
0.0
  0
INSERT
  5
292
330
28D
100
AcDbEntity
  8
DIM
 62
     8
440
 16777216
370
    -2
100
AcDbBlockReference
  2
DIM1
 10
10946.39183416662
 20
-61466.62090249495
 30
0.0
 41
50.0
 42
50.0
 43
50.0
 50
270.0
  0
INSERT
  5
293
330
28D
100
AcDbEntity
  8
DIM
 62
     8
440
 16777216
370
    -2
100
AcDbBlockReference
  2
DIM1
 10
10946.39183416663
 20
-60016.62090249496
 30
0.0
 41
50.0
 42
50.0
 43
50.0
 50
90.0
  0
MTEXT
  5
294
330
28D
100
AcDbEntity
  8
DIM
 62
     3
440
 16777216
100
AcDbMText
 10
10901.39183416664
 20
-60741.62090249496
 30
0.0
 40
50.0
 41
0.0
 46
0.0
 71
     5
 72
     1
  1
\A1;W
  7
ROMANS
 11
0.0000000000000001
 21
1.0
 31
0.0
 73
     1
 44
1.0
  0
POINT
  5
295
330
28D
100
AcDbEntity
  8
DEFPOINTS
 62
     0
440
 16777216
100
AcDbPoint
 10
11426.52733277005
 20
-61466.62090249495
 30
0.0
  0
POINT
  5
296
330
28D
100
AcDbEntity
  8
DEFPOINTS
 62
     0
440
 16777216
100
AcDbPoint
 10
11426.52733277005
 20
-60016.62090249496
 30
0.0
  0
POINT
  5
297
330
28D
100
AcDbEntity
  8
DEFPOINTS
 62
     0
440
 16777216
100
AcDbPoint
 10
10946.39183416663
 20
-60016.62090249496
 30
0.0
  0
ENDBLK
  5
298
330
28D
100
AcDbEntity
  8
0
100
AcDbBlockEnd
  0
BLOCK
  5
29A
330
299
100
AcDbEntity
  8
0
100
AcDbBlockBegin
  2
*D4
 70
     1
 10
0.0
 20
0.0
 30
0.0
  3
*D4
  1

  0
LINE
  5
29B
330
299
100
AcDbEntity
  8
DIM
 62
     8
440
 16777216
370
    -2
100
AcDbLine
 10
11256.95435985138
 20
-62174.90270015477
 30
0.0
 11
10704.99267534313
 21
-62174.90270015477
 31
0.0
  0
LINE
  5
29C
330
299
100
AcDbEntity
  8
DIM
 62
     8
440
 16777216
370
    -2
100
AcDbLine
 10
11406.52733277005
 20
-63447.60325712913
 30
0.0
 11
10704.99267534313
 21
-63447.60325712913
 31
0.0
  0
LINE
  5
29D
330
299
100
AcDbEntity
  8
DIM
 62
     8
440
 16777216
370
    -2
100
AcDbLine
 10
10724.99267534313
 20
-62224.90270015477
 30
0.0
 11
10724.99267534313
 21
-63397.60325712913
 31
0.0
  0
INSERT
  5
29E
330
299
100
AcDbEntity
  8
DIM
 62
     8
440
 16777216
370
    -2
100
AcDbBlockReference
  2
DIM1
 10
10724.99267534313
 20
-62174.90270015477
 30
0.0
 41
50.0
 42
50.0
 43
50.0
 50
90.0
  0
INSERT
  5
29F
330
299
100
AcDbEntity
  8
DIM
 62
     8
440
 16777216
370
    -2
100
AcDbBlockReference
  2
DIM1
 10
10724.99267534313
 20
-63447.60325712913
 30
0.0
 41
50.0
 42
50.0
 43
50.0
 50
270.0
  0
MTEXT
  5
2A0
330
299
100
AcDbEntity
  8
DIM
 62
     3
440
 16777216
100
AcDbMText
 10
10679.99267534314
 20
-62811.25297864195
 30
0.0
 40
50.0
 41
0.0
 46
0.0
 71
     5
 72
     1
  1
\A1;EMBEDMENT
  7
ROMANS
 11
0.0000000000000001
 21
1.0
 31
0.0
 73
     1
 44
1.0
  0
MTEXT
  5
2A1
330
299
100
AcDbEntity
  8
DIM
 62
     3
440
 16777216
100
AcDbMText
 10
10769.99267534314
 20
-62811.25297864195
 30
0.0
 40
50.0
 41
0.0
 46
0.0
 71
     5
 72
     1
  1
\A1;DEPTH
  7
ROMANS
 11
0.0000000000000001
 21
1.0
 31
0.0
 73
     1
 44
1.0
  0
POINT
  5
2A2
330
299
100
AcDbEntity
  8
DEFPOINTS
 62
     0
440
 16777216
100
AcDbPoint
 10
11276.95435985138
 20
-62174.90270015477
 30
0.0
  0
POINT
  5
2A3
330
299
100
AcDbEntity
  8
DEFPOINTS
 62
     0
440
 16777216
100
AcDbPoint
 10
11426.52733277005
 20
-63447.60325712913
 30
0.0
  0
POINT
  5
2A4
330
299
100
AcDbEntity
  8
DEFPOINTS
 62
     0
440
 16777216
100
AcDbPoint
 10
10724.99267534313
 20
-63447.60325712913
 30
0.0
  0
ENDBLK
  5
2A5
330
299
100
AcDbEntity
  8
0
100
AcDbBlockEnd
  0
BLOCK
  5
2A7
330
2A6
100
AcDbEntity
  8
0
100
AcDbBlockBegin
  2
*D5
 70
     1
 10
0.0
 20
0.0
 30
0.0
  3
*D5
  1

  0
LINE
  5
2A8
330
2A6
100
AcDbEntity
  8
DIM
 62
     8
440
 16777216
370
    -2
100
AcDbLine
 10
12896.52733277005
 20
-63447.60325712912
 30
0.0
 11
13207.76371932259
 21
-63447.60325712912
 31
0.0
  0
LINE
  5
2A9
330
2A6
100
AcDbEntity
  8
DIM
 62
     8
440
 16777216
370
    -2
100
AcDbLine
 10
12896.52733277005
 20
-63197.60325712914
 30
0.0
 11
13207.76371932259
 21
-63197.60325712914
 31
0.0
  0
LINE
  5
2AA
330
2A6
100
AcDbEntity
  8
DIM
 62
     8
440
 16777216
370
    -2
100
AcDbLine
 10
13187.76371932259
 20
-63397.60325712912
 30
0.0
 11
13187.76371932259
 21
-63247.60325712913
 31
0.0
  0
INSERT
  5
2AB
330
2A6
100
AcDbEntity
  8
DIM
 62
     8
440
 16777216
370
    -2
100
AcDbBlockReference
  2
DIM1
 10
13187.76371932259
 20
-63447.60325712912
 30
0.0
 41
50.0
 42
50.0
 43
50.0
 50
270.0
  0
INSERT
  5
2AC
330
2A6
100
AcDbEntity
  8
DIM
 62
     8
440
 16777216
370
    -2
100
AcDbBlockReference
  2
DIM1
 10
13187.76371932259
 20
-63197.60325712914
 30
0.0
 41
50.0
 42
50.0
 43
50.0
 50
90.0
  0
MTEXT
  5
2AD
330
2A6
100
AcDbEntity
  8
DIM
 62
     3
440
 16777216
100
AcDbMText
 10
13142.7637193226
 20
-63322.60325712913
 30
0.0
 40
50.0
 41
0.0
 46
0.0
 71
     5
 72
     1
  1
\A1;T
  7
ROMANS
 11
0.0000000000000001
 21
1.0
 31
0.0
 73
     1
 44
1.0
  0
POINT
  5
2AE
330
2A6
100
AcDbEntity
  8
DEFPOINTS
 62
     0
440
 16777216
100
AcDbPoint
 10
12876.52733277005
 20
-63447.60325712912
 30
0.0
  0
POINT
  5
2AF
330
2A6
100
AcDbEntity
  8
DEFPOINTS
 62
     0
440
 16777216
100
AcDbPoint
 10
12876.52733277005
 20
-63197.60325712914
 30
0.0
  0
POINT
  5
2B0
330
2A6
100
AcDbEntity
  8
DEFPOINTS
 62
     0
440
 16777216
100
AcDbPoint
 10
13187.76371932259
 20
-63197.60325712914
 30
0.0
  0
ENDBLK
  5
2B1
330
2A6
100
AcDbEntity
  8
0
100
AcDbBlockEnd
  0
BLOCK
  5
2B3
330
2B2
100
AcDbEntity
  8
0
100
AcDbBlockBegin
  2
*D6
 70
     1
 10
0.0
 20
0.0
 30
0.0
  3
*D6
  1

  0
LINE
  5
2B4
330
2B2
100
AcDbEntity
  8
DIM
 62
     8
440
 16777216
370
    -2
100
AcDbLine
 10
11426.52733277005
 20
-59996.62090249495
 30
0.0
 11
11426.52733277005
 21
-59636.05797355851
 31
0.0
  0
LINE
  5
2B5
330
2B2
100
AcDbEntity
  8
DIM
 62
     8
440
 16777216
370
    -2
100
AcDbLine
 10
12876.52733277005
 20
-59996.62090249495
 30
0.0
 11
12876.52733277005
 21
-59636.05797355851
 31
0.0
  0
LINE
  5
2B6
330
2B2
100
AcDbEntity
  8
DIM
 62
     8
440
 16777216
370
    -2
100
AcDbLine
 10
11476.52733277005
 20
-59656.05797355851
 30
0.0
 11
12826.52733277005
 21
-59656.05797355851
 31
0.0
  0
INSERT
  5
2B7
330
2B2
100
AcDbEntity
  8
DIM
 62
     8
440
 16777216
370
    -2
100
AcDbBlockReference
  2
DIM1
 10
11426.52733277005
 20
-59656.05797355851
 30
0.0
 41
50.0
 42
50.0
 43
50.0
 50
180.0
  0
INSERT
  5
2B8
330
2B2
100
AcDbEntity
  8
DIM
 62
     8
440
 16777216
370
    -2
100
AcDbBlockReference
  2
DIM1
 10
12876.52733277005
 20
-59656.05797355851
 30
0.0
 41
50.0
 42
50.0
 43
50.0
  0
MTEXT
  5
2B9
330
2B2
100
AcDbEntity
  8
DIM
 62
     3
440
 16777216
100
AcDbMText
 10
12151.52733277005
 20
-59611.05797355851
 30
0.0
 40
50.0
 41
0.0
 46
0.0
 71
     5
 72
     1
  1
\A1;L
  7
ROMANS
 73
     1
 44
1.0
  0
POINT
  5
2BA
330
2B2
100
AcDbEntity
  8
DEFPOINTS
 62
     0
440
 16777216
100
AcDbPoint
 10
11426.52733277005
 20
-60016.62090249496
 30
0.0
  0
POINT
  5
2BB
330
2B2
100
AcDbEntity
  8
DEFPOINTS
 62
     0
440
 16777216
100
AcDbPoint
 10
12876.52733277005
 20
-60016.62090249496
 30
0.0
  0
POINT
  5
2BC
330
2B2
100
AcDbEntity
  8
DEFPOINTS
 62
     0
440
 16777216
100
AcDbPoint
 10
12876.52733277005
 20
-59656.05797355851
 30
0.0
  0
ENDBLK
  5
2BD
330
2B2
100
AcDbEntity
  8
0
100
AcDbBlockEnd
  0
BLOCK
  5
4B8
330
4B7
100
AcDbEntity
  8
0
100
AcDbBlockBegin
  2
*D8
 70
     1
 10
0.0
 20
0.0
 30
0.0
  3
*D8
  1

  0
LINE
  5
4E8
330
4B7
100
AcDbEntity
  8
DIM
 62
     8
440
 16777216
370
    -2
100
AcDbLine
 10
1393.134555754689
 20
6142.672216328088
 30
0.0
 11
912.9990571512619
 21
6142.672216328088
 31
0.0
  0
LINE
  5
4E9
330
4B7
100
AcDbEntity
  8
DIM
 62
     8
440
 16777216
370
    -2
100
AcDbLine
 10
1393.134555754689
 20
7592.672216328089
 30
0.0
 11
912.9990571512617
 21
7592.672216328089
 31
0.0
  0
LINE
  5
4EA
330
4B7
100
AcDbEntity
  8
DIM
 62
     8
440
 16777216
370
    -2
100
AcDbLine
 10
932.999057151262
 20
6192.672216328089
 30
0.0
 11
932.9990571512617
 21
7542.67221632809
 31
0.0
  0
INSERT
  5
4EB
330
4B7
100
AcDbEntity
  8
DIM
 62
     8
440
 16777216
370
    -2
100
AcDbBlockReference
  2
DIM1
 10
932.999057151262
 20
6142.672216328088
 30
0.0
 41
50.0
 42
50.0
 43
50.0
 50
270.0
  0
INSERT
  5
4EC
330
4B7
100
AcDbEntity
  8
DIM
 62
     8
440
 16777216
370
    -2
100
AcDbBlockReference
  2
DIM1
 10
932.9990571512617
 20
7592.672216328089
 30
0.0
 41
50.0
 42
50.0
 43
50.0
 50
90.0
  0
MTEXT
  5
4ED
330
4B7
100
AcDbEntity
  8
DIM
 62
     3
440
 16777216
100
AcDbMText
 10
887.9990571512635
 20
6867.672216328088
 30
0.0
 40
50.0
 41
0.0
 46
0.0
 71
     5
 72
     1
  1
\A1;W
  7
ROMANS
 11
0.0000000000000001
 21
1.0
 31
0.0
 73
     1
 44
1.0
  0
POINT
  5
4EE
330
4B7
100
AcDbEntity
  8
DEFPOINTS
 62
     0
440
 16777216
100
AcDbPoint
 10
1413.134555754689
 20
6142.672216328088
 30
0.0
  0
POINT
  5
4EF
330
4B7
100
AcDbEntity
  8
DEFPOINTS
 62
     0
440
 16777216
100
AcDbPoint
 10
1413.134555754689
 20
7592.672216328089
 30
0.0
  0
POINT
  5
4F0
330
4B7
100
AcDbEntity
  8
DEFPOINTS
 62
     0
440
 16777216
100
AcDbPoint
 10
932.9990571512617
 20
7592.672216328089
 30
0.0
  0
ENDBLK
  5
4B9
330
4B7
100
AcDbEntity
  8
0
100
AcDbBlockEnd
  0
BLOCK
  5
4C4
330
4C3
100
AcDbEntity
  8
0
100
AcDbBlockBegin
  2
*D9
 70
     1
 10
0.0
 20
0.0
 30
0.0
  3
*D9
  1

  0
LINE
  5
4F1
330
4C3
100
AcDbEntity
  8
DIM
 62
     8
440
 16777216
370
    -2
100
AcDbLine
 10
1243.561582836017
 20
5434.390418668272
 30
0.0
 11
691.5998983277678
 21
5434.390418668272
 31
0.0
  0
LINE
  5
4F2
330
4C3
100
AcDbEntity
  8
DIM
 62
     8
440
 16777216
370
    -2
100
AcDbLine
 10
1393.134555754689
 20
4161.689861693909
 30
0.0
 11
691.5998983277681
 21
4161.689861693909
 31
0.0
  0
LINE
  5
4F3
330
4C3
100
AcDbEntity
  8
DIM
 62
     8
440
 16777216
370
    -2
100
AcDbLine
 10
711.5998983277678
 20
5384.390418668272
 30
0.0
 11
711.5998983277681
 21
4211.689861693908
 31
0.0
  0
INSERT
  5
4F4
330
4C3
100
AcDbEntity
  8
DIM
 62
     8
440
 16777216
370
    -2
100
AcDbBlockReference
  2
DIM1
 10
711.5998983277678
 20
5434.390418668272
 30
0.0
 41
50.0
 42
50.0
 43
50.0
 50
90.0
  0
INSERT
  5
4F5
330
4C3
100
AcDbEntity
  8
DIM
 62
     8
440
 16777216
370
    -2
100
AcDbBlockReference
  2
DIM1
 10
711.5998983277681
 20
4161.689861693909
 30
0.0
 41
50.0
 42
50.0
 43
50.0
 50
270.0
  0
MTEXT
  5
4F6
330
4C3
100
AcDbEntity
  8
DIM
 62
     3
440
 16777216
100
AcDbMText
 10
666.5998983277693
 20
4798.040140181089
 30
0.0
 40
50.0
 41
0.0
 46
0.0
 71
     5
 72
     1
  1
\A1;EMBEDMENT
  7
ROMANS
 11
0.0000000000000001
 21
1.0
 31
0.0
 73
     1
 44
1.0
  0
MTEXT
  5
4F7
330
4C3
100
AcDbEntity
  8
DIM
 62
     3
440
 16777216
100
AcDbMText
 10
756.5998983277693
 20
4798.040140181089
 30
0.0
 40
50.0
 41
0.0
 46
0.0
 71
     5
 72
     1
  1
\A1;DEPTH
  7
ROMANS
 11
0.0000000000000001
 21
1.0
 31
0.0
 73
     1
 44
1.0
  0
POINT
  5
4F8
330
4C3
100
AcDbEntity
  8
DEFPOINTS
 62
     0
440
 16777216
100
AcDbPoint
 10
1263.561582836017
 20
5434.390418668272
 30
0.0
  0
POINT
  5
4F9
330
4C3
100
AcDbEntity
  8
DEFPOINTS
 62
     0
440
 16777216
100
AcDbPoint
 10
1413.134555754689
 20
4161.689861693909
 30
0.0
  0
POINT
  5
4FA
330
4C3
100
AcDbEntity
  8
DEFPOINTS
 62
     0
440
 16777216
100
AcDbPoint
 10
711.5998983277681
 20
4161.689861693909
 30
0.0
  0
ENDBLK
  5
4C5
330
4C3
100
AcDbEntity
  8
0
100
AcDbBlockEnd
  0
BLOCK
  5
4D1
330
4D0
100
AcDbEntity
  8
0
100
AcDbBlockBegin
  2
*D10
 70
     1
 10
0.0
 20
0.0
 30
0.0
  3
*D10
  1

  0
LINE
  5
4FB
330
4D0
100
AcDbEntity
  8
DIM
 62
     8
440
 16777216
370
    -2
100
AcDbLine
 10
2883.134555754689
 20
4161.689861693923
 30
0.0
 11
3194.370942307232
 21
4161.689861693923
 31
0.0
  0
LINE
  5
4FC
330
4D0
100
AcDbEntity
  8
DIM
 62
     8
440
 16777216
370
    -2
100
AcDbLine
 10
2883.134555754689
 20
4411.689861693909
 30
0.0
 11
3194.370942307232
 21
4411.689861693909
 31
0.0
  0
LINE
  5
4FD
330
4D0
100
AcDbEntity
  8
DIM
 62
     8
440
 16777216
370
    -2
100
AcDbLine
 10
3174.370942307233
 20
4211.689861693923
 30
0.0
 11
3174.370942307233
 21
4361.689861693909
 31
0.0
  0
INSERT
  5
4FE
330
4D0
100
AcDbEntity
  8
DIM
 62
     8
440
 16777216
370
    -2
100
AcDbBlockReference
  2
DIM1
 10
3174.370942307233
 20
4161.689861693923
 30
0.0
 41
50.0
 42
50.0
 43
50.0
 50
270.0
  0
INSERT
  5
4FF
330
4D0
100
AcDbEntity
  8
DIM
 62
     8
440
 16777216
370
    -2
100
AcDbBlockReference
  2
DIM1
 10
3174.370942307233
 20
4411.689861693909
 30
0.0
 41
50.0
 42
50.0
 43
50.0
 50
90.0
  0
MTEXT
  5
500
330
4D0
100
AcDbEntity
  8
DIM
 62
     3
440
 16777216
100
AcDbMText
 10
3129.370942307233
 20
4286.689861693914
 30
0.0
 40
50.0
 41
0.0
 46
0.0
 71
     5
 72
     1
  1
\A1;T
  7
ROMANS
 11
0.0000000000000001
 21
1.0
 31
0.0
 73
     1
 44
1.0
  0
POINT
  5
501
330
4D0
100
AcDbEntity
  8
DEFPOINTS
 62
     0
440
 16777216
100
AcDbPoint
 10
2863.134555754689
 20
4161.689861693923
 30
0.0
  0
POINT
  5
502
330
4D0
100
AcDbEntity
  8
DEFPOINTS
 62
     0
440
 16777216
100
AcDbPoint
 10
2863.134555754689
 20
4411.689861693909
 30
0.0
  0
POINT
  5
503
330
4D0
100
AcDbEntity
  8
DEFPOINTS
 62
     0
440
 16777216
100
AcDbPoint
 10
3174.370942307233
 20
4411.689861693909
 30
0.0
  0
ENDBLK
  5
4D2
330
4D0
100
AcDbEntity
  8
0
100
AcDbBlockEnd
  0
BLOCK
  5
4DD
330
4DC
100
AcDbEntity
  8
0
100
AcDbBlockBegin
  2
*D11
 70
     1
 10
0.0
 20
0.0
 30
0.0
  3
*D11
  1

  0
LINE
  5
504
330
4DC
100
AcDbEntity
  8
DIM
 62
     8
440
 16777216
370
    -2
100
AcDbLine
 10
1413.134555754688
 20
7612.672216328085
 30
0.0
 11
1413.134555754688
 21
7973.23514526453
 31
0.0
  0
LINE
  5
505
330
4DC
100
AcDbEntity
  8
DIM
 62
     8
440
 16777216
370
    -2
100
AcDbLine
 10
2863.134555754689
 20
7612.672216328085
 30
0.0
 11
2863.134555754689
 21
7973.23514526453
 31
0.0
  0
LINE
  5
506
330
4DC
100
AcDbEntity
  8
DIM
 62
     8
440
 16777216
370
    -2
100
AcDbLine
 10
1463.134555754688
 20
7953.235145264532
 30
0.0
 11
2813.134555754688
 21
7953.235145264532
 31
0.0
  0
INSERT
  5
507
330
4DC
100
AcDbEntity
  8
DIM
 62
     8
440
 16777216
370
    -2
100
AcDbBlockReference
  2
DIM1
 10
1413.134555754688
 20
7953.235145264532
 30
0.0
 41
50.0
 42
50.0
 43
50.0
 50
180.0
  0
INSERT
  5
508
330
4DC
100
AcDbEntity
  8
DIM
 62
     8
440
 16777216
370
    -2
100
AcDbBlockReference
  2
DIM1
 10
2863.134555754689
 20
7953.235145264532
 30
0.0
 41
50.0
 42
50.0
 43
50.0
  0
MTEXT
  5
509
330
4DC
100
AcDbEntity
  8
DIM
 62
     3
440
 16777216
100
AcDbMText
 10
2138.134555754688
 20
7998.23514526453
 30
0.0
 40
50.0
 41
0.0
 46
0.0
 71
     5
 72
     1
  1
\A1;L
  7
ROMANS
 73
     1
 44
1.0
  0
POINT
  5
50A
330
4DC
100
AcDbEntity
  8
DEFPOINTS
 62
     0
440
 16777216
100
AcDbPoint
 10
1413.134555754688
 20
7592.672216328087
 30
0.0
  0
POINT
  5
50B
330
4DC
100
AcDbEntity
  8
DEFPOINTS
 62
     0
440
 16777216
100
AcDbPoint
 10
2863.134555754689
 20
7592.672216328087
 30
0.0
  0
POINT
  5
50C
330
4DC
100
AcDbEntity
  8
DEFPOINTS
 62
     0
440
 16777216
100
AcDbPoint
 10
2863.134555754689
 20
7953.235145264532
 30
0.0
  0
ENDBLK
  5
4DE
330
4DC
100
AcDbEntity
  8
0
100
AcDbBlockEnd
  0
BLOCK
  5
50E
330
50D
100
AcDbEntity
  8
0
100
AcDbBlockBegin
  2
AR2
 70
     0
 10
0.0
 20
0.0
 30
0.0
  3
AR2
  1

  0
SOLID
  5
50F
330
50D
100
AcDbEntity
  8
0
  6
ByBlock
 62
     2
100
AcDbTrace
 10
168.75
 20
28.125
 30
0.0
 11
168.75
 21
-28.125
 31
0.0
 12
0.0
 22
0.0
 32
0.0
 13
0.0
 23
0.0
 33
0.0
  0
ENDBLK
  5
510
330
50D
100
AcDbEntity
  8
0
100
AcDbBlockEnd
  0
BLOCK
  5
512
330
511
100
AcDbEntity
  8
0
100
AcDbBlockBegin
  2
ARR-DET
 70
     0
 10
0.0
 20
0.0
 30
0.0
  3
ARR-DET
  1

  0
INSERT
  5
513
330
511
100
AcDbEntity
  8
DIM
100
AcDbBlockReference
  2
AR2
 10
0.000000000003638
 20
0.0
 30
0.0
 41
0.02
 42
0.02
 43
0.02
 50
180.0
  0
ENDBLK
  5
514
330
511
100
AcDbEntity
  8
0
100
AcDbBlockEnd
  0
BLOCK
  5
516
330
515
100
AcDbEntity
  8
0
100
AcDbBlockBegin
  2
CIR4
 70
     2
 10
0.0
 20
0.0
 30
0.0
  3
CIR4
  1

  0
ATTDEF
  5
517
330
515
100
AcDbEntity
  8
TITLE
 62
     5
100
AcDbText
 10
0.0
 20
0.3617886250209779
 30
0.0
 40
0.35
  1

  7
140CL
 72
     4
 11
0.0
 21
0.3617886250209779
 31
0.0
100
AcDbAttributeDefinition
280
     0
  3
TARGET MARK :
  2
A
 70
     0
280
     0
  0
ATTDEF
  5
518
330
515
100
AcDbEntity
  8
TITLE
 62
     2
100
AcDbText
 10
-0.6728255875792888
 20
-0.3869284746475401
 30
0.0
 40
0.25
  1

 41
0.8737839713407286
  7
S-SHOWN
 72
     5
 11
-0.0799007498837945
 21
-0.3869284746475401
 31
0.0
100
AcDbAttributeDefinition
280
     0
  3
SHEET SHOWN :
  2
S-1
 70
     0
280
     0
  0
ATTDEF
  5
519
330
515
100
AcDbEntity
  8
TITLE
 62
     2
100
AcDbText
 10
0.030296268877728
 20
-0.3869284746475401
 30
0.0
 40
0.25
  1

 41
0.8797291038169158
  7
S-TAKEN
 72
     5
 11
0.6272553036106352
 21
-0.3869284746475401
 31
0.0
100
AcDbAttributeDefinition
280
     0
  3
SHEET TAKEN :
  2
S-1
 70
     0
280
     0
  0
CIRCLE
  5
51A
330
515
100
AcDbEntity
  8
TITLE
 62
     2
100
AcDbCircle
 10
0.0
 20
0.0
 30
0.0
 40
0.8
  0
LINE
  5
51B
330
515
100
AcDbEntity
  8
TITLE
 62
     2
100
AcDbLine
 10
0.0
 20
0.0
 30
0.0
 11
0.0
 21
-0.7999999999999999
 31
0.0
  0
LINE
  5
51C
330
515
100
AcDbEntity
  8
TITLE
 62
     2
100
AcDbLine
 10
-0.8
 20
0.0
 30
0.0
 11
0.8
 21
0.0
 31
0.0
  0
ENDBLK
  5
51D
330
515
100
AcDbEntity
  8
0
100
AcDbBlockEnd
  0
BLOCK
  5
51F
330
51E
100
AcDbEntity
  8
0
100
AcDbBlockBegin
  2
DIMBLK1
 70
     0
 10
0.0
 20
0.0
 30
0.0
  3
DIMBLK1
  1

  0
LWPOLYLINE
  5
520
330
51E
100
AcDbEntity
  8
2Y
100
AcDbPolyline
 90
        8
 70
     0
 43
0.0
 10
-5.500000000000001
 20
0.0
 10
5.5
 20
0.0
 10
5.5
 20
-2.0
 10
-4.500000000000001
 20
-2.0
 10
-5.500000000000001
 20
2.0
 10
-6.500000000000001
 20
-2.0
 10
-7.500000000000002
 20
2.0
 10
-8.500000000000001
 20
-2.0
  0
ENDBLK
  5
521
330
51E
100
AcDbEntity
  8
0
100
AcDbBlockEnd
  0
BLOCK
  5
523
330
522
100
AcDbEntity
  8
0
100
AcDbBlockBegin
  2
*D16
 70
     1
 10
0.0
 20
0.0
 30
0.0
  3
*D16
  1

  0
LINE
  5
524
330
522
100
AcDbEntity
  8
3G
 62
     8
440
 16777216
370
    -2
100
AcDbLine
 10
46300.3838891894
 20
-17021.45115904964
 30
0.0
 11
46300.3838891894
 21
-14931.76862442266
 31
0.0
  0
LINE
  5
525
330
522
100
AcDbEntity
  8
3G
 62
     8
440
 16777216
370
    -2
100
AcDbLine
 10
51637.8838891894
 20
-17021.45115904964
 30
0.0
 11
51637.8838891894
 21
-14931.76862442266
 31
0.0
  0
LINE
  5
526
330
522
100
AcDbEntity
  8
3G
 62
     8
440
 16777216
370
    -2
100
AcDbLine
 10
46550.3838891894
 20
-15031.76862442266
 30
0.0
 11
51387.8838891894
 21
-15031.76862442266
 31
0.0
  0
INSERT
  5
527
330
522
100
AcDbEntity
  8
3G
 62
     8
440
 16777216
370
    -2
100
AcDbBlockReference
  2
DIM1
 10
46300.3838891894
 20
-15031.76862442266
 30
0.0
 41
250.0
 42
250.0
 43
250.0
 50
180.0
  0
INSERT
  5
528
330
522
100
AcDbEntity
  8
3G
 62
     8
440
 16777216
370
    -2
100
AcDbBlockReference
  2
DIM1
 10
51637.8838891894
 20
-15031.76862442266
 30
0.0
 41
250.0
 42
250.0
 43
250.0
  0
MTEXT
  5
529
330
522
100
AcDbEntity
  8
3G
 62
     3
440
 16777216
100
AcDbMText
 10
48969.13388918941
 20
-14806.76862442266
 30
0.0
 40
250.0
 41
0.0
 46
0.0
 71
     5
 72
     1
  1
\A1;L
  7
ROMANS
 73
     1
 44
1.0
  0
POINT
  5
52A
330
522
100
AcDbEntity
  8
DEFPOINTS
 62
     0
440
 16777216
100
AcDbPoint
 10
46300.3838891894
 20
-17121.45115904964
 30
0.0
  0
POINT
  5
52B
330
522
100
AcDbEntity
  8
DEFPOINTS
 62
     0
440
 16777216
100
AcDbPoint
 10
51637.8838891894
 20
-17121.45115904964
 30
0.0
  0
POINT
  5
52C
330
522
100
AcDbEntity
  8
DEFPOINTS
 62
     0
440
 16777216
100
AcDbPoint
 10
51637.8838891894
 20
-15031.76862442266
 30
0.0
  0
ENDBLK
  5
52D
330
522
100
AcDbEntity
  8
0
100
AcDbBlockEnd
  0
BLOCK
  5
52F
330
52E
100
AcDbEntity
  8
0
100
AcDbBlockBegin
  2
*D17
 70
     1
 10
0.0
 20
0.0
 30
0.0
  3
*D17
  1

  0
LINE
  5
530
330
52E
100
AcDbEntity
  8
3G
 62
     8
440
 16777216
370
    -2
100
AcDbLine
 10
46200.3838891894
 20
-17121.45115904964
 30
0.0
 11
44036.36896501266
 21
-17121.45115904964
 31
0.0
  0
LINE
  5
531
330
52E
100
AcDbEntity
  8
3G
 62
     8
440
 16777216
370
    -2
100
AcDbLine
 10
46200.3838891894
 20
-24371.45115904964
 30
0.0
 11
44036.36896501266
 21
-24371.45115904964
 31
0.0
  0
LINE
  5
532
330
52E
100
AcDbEntity
  8
3G
 62
     8
440
 16777216
370
    -2
100
AcDbLine
 10
44136.36896501267
 20
-17371.45115904964
 30
0.0
 11
44136.36896501267
 21
-24121.45115904964
 31
0.0
  0
INSERT
  5
533
330
52E
100
AcDbEntity
  8
3G
 62
     8
440
 16777216
370
    -2
100
AcDbBlockReference
  2
DIM1
 10
44136.36896501267
 20
-17121.45115904964
 30
0.0
 41
250.0
 42
250.0
 43
250.0
 50
90.0
  0
INSERT
  5
534
330
52E
100
AcDbEntity
  8
3G
 62
     8
440
 16777216
370
    -2
100
AcDbBlockReference
  2
DIM1
 10
44136.36896501267
 20
-24371.45115904964
 30
0.0
 41
250.0
 42
250.0
 43
250.0
 50
270.0
  0
MTEXT
  5
535
330
52E
100
AcDbEntity
  8
3G
 62
     3
440
 16777216
100
AcDbMText
 10
43911.36896501268
 20
-20746.45115904963
 30
0.0
 40
250.0
 41
0.0
 46
0.0
 71
     5
 72
     1
  1
\A1;W
  7
ROMANS
 11
0.0000000000000001
 21
1.0
 31
0.0
 73
     1
 44
1.0
  0
POINT
  5
536
330
52E
100
AcDbEntity
  8
DEFPOINTS
 62
     0
440
 16777216
100
AcDbPoint
 10
46300.3838891894
 20
-17121.45115904964
 30
0.0
  0
POINT
  5
537
330
52E
100
AcDbEntity
  8
DEFPOINTS
 62
     0
440
 16777216
100
AcDbPoint
 10
46300.3838891894
 20
-24371.45115904964
 30
0.0
  0
POINT
  5
538
330
52E
100
AcDbEntity
  8
DEFPOINTS
 62
     0
440
 16777216
100
AcDbPoint
 10
44136.36896501267
 20
-24371.45115904964
 30
0.0
  0
ENDBLK
  5
539
330
52E
100
AcDbEntity
  8
0
100
AcDbBlockEnd
  0
BLOCK
  5
53B
330
53A
100
AcDbEntity
  8
0
100
AcDbBlockBegin
  2
*D18
 70
     1
 10
0.0
 20
0.0
 30
0.0
  3
*D18
  1

  0
LINE
  5
53C
330
53A
100
AcDbEntity
  8
TG
 62
     8
440
 16777216
370
    -2
100
AcDbLine
 10
62947.44706424623
 20
-19460.12866696188
 30
0.0
 11
62947.44706424623
 21
-18044.58029416666
 31
0.0
  0
LINE
  5
53D
330
53A
100
AcDbEntity
  8
TG
 62
     8
440
 16777216
370
    -2
100
AcDbLine
 10
62112.73335604341
 20
-18839.50306438512
 30
0.0
 11
62112.73335604341
 21
-18044.58029416666
 31
0.0
  0
LINE
  5
53E
330
53A
100
AcDbEntity
  8
TG
 62
     8
440
 16777216
370
    -2
100
AcDbLine
 10
62697.44706424623
 20
-18144.58029416666
 30
0.0
 11
62362.73335604341
 21
-18144.58029416666
 31
0.0
  0
INSERT
  5
53F
330
53A
100
AcDbEntity
  8
TG
 62
     8
440
 16777216
370
    -2
100
AcDbBlockReference
  2
DIM1
 10
62947.44706424623
 20
-18144.58029416666
 30
0.0
 41
250.0
 42
250.0
 43
250.0
  0
INSERT
  5
540
330
53A
100
AcDbEntity
  8
TG
 62
     8
440
 16777216
370
    -2
100
AcDbBlockReference
  2
DIM1
 10
62112.73335604341
 20
-18144.58029416666
 30
0.0
 41
250.0
 42
250.0
 43
250.0
 50
180.0
  0
MTEXT
  5
541
330
53A
100
AcDbEntity
  8
TG
 62
     3
440
 16777216
100
AcDbMText
 10
62530.09021014482
 20
-17919.58029416666
 30
0.0
 40
250.0
 41
0.0
 46
0.0
 71
     5
 72
     1
  1
\A1;300
  7
ROMANS
 73
     1
 44
1.0
  0
POINT
  5
542
330
53A
100
AcDbEntity
  8
DEFPOINTS
 62
     0
440
 16777216
100
AcDbPoint
 10
62947.44706424623
 20
-19560.12866696188
 30
0.0
  0
POINT
  5
543
330
53A
100
AcDbEntity
  8
DEFPOINTS
 62
     0
440
 16777216
100
AcDbPoint
 10
62112.73335604341
 20
-18939.50306438512
 30
0.0
  0
POINT
  5
544
330
53A
100
AcDbEntity
  8
DEFPOINTS
 62
     0
440
 16777216
100
AcDbPoint
 10
62112.73335604341
 20
-18144.58029416666
 30
0.0
  0
ENDBLK
  5
545
330
53A
100
AcDbEntity
  8
0
100
AcDbBlockEnd
  0
BLOCK
  5
547
330
546
100
AcDbEntity
  8
0
100
AcDbBlockBegin
  2
*D19
 70
     1
 10
0.0
 20
0.0
 30
0.0
  3
*D19
  1

  0
LINE
  5
548
330
546
100
AcDbEntity
  8
DM
 62
     8
440
 16777216
370
    -2
100
AcDbLine
 10
60676.26970985748
 20
-24466.3552331135
 30
0.0
 11
60676.26970985748
 21
-26687.71725965872
 31
0.0
  0
LINE
  5
549
330
546
100
AcDbEntity
  8
DM
 62
     8
440
 16777216
370
    -2
100
AcDbLine
 10
66176.26970985747
 20
-24466.35523311354
 30
0.0
 11
66176.26970985747
 21
-26687.71725965872
 31
0.0
  0
LINE
  5
54A
330
546
100
AcDbEntity
  8
DM
 62
     8
440
 16777216
370
    -2
100
AcDbLine
 10
60926.26970985747
 20
-26587.71725965872
 30
0.0
 11
65926.26970985747
 21
-26587.71725965872
 31
0.0
  0
INSERT
  5
54B
330
546
100
AcDbEntity
  8
DM
 62
     8
440
 16777216
370
    -2
100
AcDbBlockReference
  2
DIM1
 10
60676.26970985748
 20
-26587.71725965872
 30
0.0
 41
250.0
 42
250.0
 43
250.0
 50
180.0
  0
INSERT
  5
54C
330
546
100
AcDbEntity
  8
DM
 62
     8
440
 16777216
370
    -2
100
AcDbBlockReference
  2
DIM1
 10
66176.26970985747
 20
-26587.71725965872
 30
0.0
 41
250.0
 42
250.0
 43
250.0
  0
MTEXT
  5
54D
330
546
100
AcDbEntity
  8
DM
 62
     3
440
 16777216
100
AcDbMText
 10
63426.26970985747
 20
-26362.71725965872
 30
0.0
 40
250.0
 41
0.0
 46
0.0
 71
     5
 72
     1
  1
\A1;L
  7
ROMANS
 73
     1
 44
1.0
  0
POINT
  5
54E
330
546
100
AcDbEntity
  8
DEFPOINTS
 62
     0
440
 16777216
100
AcDbPoint
 10
60676.26970985748
 20
-24366.3552331135
 30
0.0
  0
POINT
  5
54F
330
546
100
AcDbEntity
  8
DEFPOINTS
 62
     0
440
 16777216
100
AcDbPoint
 10
66176.26970985747
 20
-24366.35523311355
 30
0.0
  0
POINT
  5
550
330
546
100
AcDbEntity
  8
DEFPOINTS
 62
     0
440
 16777216
100
AcDbPoint
 10
66176.26970985747
 20
-26587.71725965872
 30
0.0
  0
ENDBLK
  5
551
330
546
100
AcDbEntity
  8
0
100
AcDbBlockEnd
  0
BLOCK
  5
553
330
552
100
AcDbEntity
  8
0
100
AcDbBlockBegin
  2
*D20
 70
     1
 10
0.0
 20
0.0
 30
0.0
  3
*D20
  1

  0
LINE
  5
554
330
552
100
AcDbEntity
  8
TG
 62
     8
440
 16777216
370
    -2
100
AcDbLine
 10
66276.26970985753
 20
-24366.3552331135
 30
0.0
 11
67709.0375620058
 21
-24366.3552331135
 31
0.0
  0
LINE
  5
555
330
552
100
AcDbEntity
  8
TG
 62
     8
440
 16777216
370
    -2
100
AcDbLine
 10
66276.26970985753
 20
-21866.3552331135
 30
0.0
 11
67709.0375620058
 21
-21866.3552331135
 31
0.0
  0
LINE
  5
556
330
552
100
AcDbEntity
  8
TG
 62
     8
440
 16777216
370
    -2
100
AcDbLine
 10
67609.03756200581
 20
-24116.3552331135
 30
0.0
 11
67609.03756200581
 21
-22116.3552331135
 31
0.0
  0
INSERT
  5
557
330
552
100
AcDbEntity
  8
TG
 62
     8
440
 16777216
370
    -2
100
AcDbBlockReference
  2
DIM1
 10
67609.03756200581
 20
-24366.3552331135
 30
0.0
 41
250.0
 42
250.0
 43
250.0
 50
270.0
  0
INSERT
  5
558
330
552
100
AcDbEntity
  8
TG
 62
     8
440
 16777216
370
    -2
100
AcDbBlockReference
  2
DIM1
 10
67609.03756200581
 20
-21866.3552331135
 30
0.0
 41
250.0
 42
250.0
 43
250.0
 50
90.0
  0
MTEXT
  5
559
330
552
100
AcDbEntity
  8
TG
 62
     3
440
 16777216
100
AcDbMText
 10
67384.0375620058
 20
-23116.35523311349
 30
0.0
 40
250.0
 41
0.0
 46
0.0
 71
     5
 72
     1
  1
\A1;T
  7
ROMANS
 11
0.0000000000000001
 21
1.0
 31
0.0
 73
     1
 44
1.0
  0
POINT
  5
55A
330
552
100
AcDbEntity
  8
DEFPOINTS
 62
     0
440
 16777216
100
AcDbPoint
 10
66176.26970985753
 20
-24366.3552331135
 30
0.0
  0
POINT
  5
55B
330
552
100
AcDbEntity
  8
DEFPOINTS
 62
     0
440
 16777216
100
AcDbPoint
 10
66176.26970985753
 20
-21866.3552331135
 30
0.0
  0
POINT
  5
55C
330
552
100
AcDbEntity
  8
DEFPOINTS
 62
     0
440
 16777216
100
AcDbPoint
 10
67609.03756200581
 20
-21866.3552331135
 30
0.0
  0
ENDBLK
  5
55D
330
552
100
AcDbEntity
  8
0
100
AcDbBlockEnd
  0
BLOCK
  5
55F
330
55E
100
AcDbEntity
  8
0
100
AcDbBlockBegin
  2
*D21
 70
     1
 10
0.0
 20
0.0
 30
0.0
  3
*D21
  1

  0
LINE
  5
560
330
55E
100
AcDbEntity
  8
0
 62
     8
440
 16777216
370
    -2
100
AcDbLine
 10
67805.0375620058
 20
-24366.3552331135
 30
0.0
 11
69202.64305165137
 21
-24366.3552331135
 31
0.0
  0
LINE
  5
561
330
55E
100
AcDbEntity
  8
0
 62
     8
440
 16777216
370
    -2
100
AcDbLine
 10
65572.74023814382
 20
-20129.16061791329
 30
0.0
 11
69202.64305165137
 21
-20129.16061791329
 31
0.0
  0
LINE
  5
562
330
55E
100
AcDbEntity
  8
0
 62
     8
440
 16777216
370
    -2
100
AcDbLine
 10
69106.64305165136
 20
-24126.3552331135
 30
0.0
 11
69106.64305165136
 21
-20369.1606179133
 31
0.0
  0
INSERT
  5
563
330
55E
100
AcDbEntity
  8
0
 62
     8
440
 16777216
370
    -2
100
AcDbBlockReference
  2
DIM1
 10
69106.64305165136
 20
-24366.3552331135
 30
0.0
 41
240.0
 42
240.0
 43
240.0
 50
270.0
  0
INSERT
  5
564
330
55E
100
AcDbEntity
  8
0
 62
     8
440
 16777216
370
    -2
100
AcDbBlockReference
  2
DIM1
 10
69106.64305165136
 20
-20129.16061791329
 30
0.0
 41
240.0
 42
240.0
 43
240.0
 50
90.0
  0
MTEXT
  5
565
330
55E
100
AcDbEntity
  8
0
 62
     3
440
 16777216
100
AcDbMText
 10
68890.64305165137
 20
-22247.75792551338
 30
0.0
 40
240.0
 41
0.0
 46
0.0
 71
     5
 72
     1
  1
\A1;DEPTH OF EMBEDMENT
  7
ROMANS
 11
0.0000000000000001
 21
1.0
 31
0.0
 73
     1
 44
1.0
  0
POINT
  5
566
330
55E
100
AcDbEntity
  8
DEFPOINTS
 62
     0
440
 16777216
100
AcDbPoint
 10
67709.0375620058
 20
-24366.3552331135
 30
0.0
  0
POINT
  5
567
330
55E
100
AcDbEntity
  8
DEFPOINTS
 62
     0
440
 16777216
100
AcDbPoint
 10
65476.74023814381
 20
-20129.16061791329
 30
0.0
  0
POINT
  5
568
330
55E
100
AcDbEntity
  8
DEFPOINTS
 62
     0
440
 16777216
100
AcDbPoint
 10
69106.64305165136
 20
-20129.16061791329
 30
0.0
  0
ENDBLK
  5
569
330
55E
100
AcDbEntity
  8
0
100
AcDbBlockEnd
  0
BLOCK
  5
766
330
765
100
AcDbEntity
  8
0
100
AcDbBlockBegin
  2
*D23
 70
     1
 10
0.0
 20
0.0
 30
0.0
  3
*D23
  1

  0
LINE
  5
7A1
330
765
100
AcDbEntity
  8
3G
 62
     8
440
 16777216
370
    -2
100
AcDbLine
 10
15246.91131422473
 20
38790.63271124651
 30
0.0
 11
15246.91131422473
 21
40880.31524587348
 31
0.0
  0
LINE
  5
7A2
330
765
100
AcDbEntity
  8
3G
 62
     8
440
 16777216
370
    -2
100
AcDbLine
 10
20584.41131422473
 20
38790.63271124651
 30
0.0
 11
20584.41131422473
 21
40880.31524587348
 31
0.0
  0
LINE
  5
7A3
330
765
100
AcDbEntity
  8
3G
 62
     8
440
 16777216
370
    -2
100
AcDbLine
 10
15496.91131422473
 20
40780.31524587348
 30
0.0
 11
20334.41131422473
 21
40780.31524587348
 31
0.0
  0
INSERT
  5
7A4
330
765
100
AcDbEntity
  8
3G
 62
     8
440
 16777216
370
    -2
100
AcDbBlockReference
  2
DIM1
 10
15246.91131422473
 20
40780.31524587348
 30
0.0
 41
250.0
 42
250.0
 43
250.0
 50
180.0
  0
INSERT
  5
7A5
330
765
100
AcDbEntity
  8
3G
 62
     8
440
 16777216
370
    -2
100
AcDbBlockReference
  2
DIM1
 10
20584.41131422473
 20
40780.31524587348
 30
0.0
 41
250.0
 42
250.0
 43
250.0
  0
MTEXT
  5
7A6
330
765
100
AcDbEntity
  8
3G
 62
     3
440
 16777216
100
AcDbMText
 10
17915.66131422473
 20
41005.31524587348
 30
0.0
 40
250.0
 41
0.0
 46
0.0
 71
     5
 72
     1
  1
\A1;L
  7
ROMANS
 73
     1
 44
1.0
  0
POINT
  5
7A7
330
765
100
AcDbEntity
  8
DEFPOINTS
 62
     0
440
 16777216
100
AcDbPoint
 10
15246.91131422473
 20
38690.63271124651
 30
0.0
  0
POINT
  5
7A8
330
765
100
AcDbEntity
  8
DEFPOINTS
 62
     0
440
 16777216
100
AcDbPoint
 10
20584.41131422473
 20
38690.63271124651
 30
0.0
  0
POINT
  5
7A9
330
765
100
AcDbEntity
  8
DEFPOINTS
 62
     0
440
 16777216
100
AcDbPoint
 10
20584.41131422473
 20
40780.31524587348
 30
0.0
  0
ENDBLK
  5
767
330
765
100
AcDbEntity
  8
0
100
AcDbBlockEnd
  0
BLOCK
  5
772
330
771
100
AcDbEntity
  8
0
100
AcDbBlockBegin
  2
*D24
 70
     1
 10
0.0
 20
0.0
 30
0.0
  3
*D24
  1

  0
LINE
  5
7AA
330
771
100
AcDbEntity
  8
3G
 62
     8
440
 16777216
370
    -2
100
AcDbLine
 10
15146.91131422473
 20
38690.63271124652
 30
0.0
 11
12982.896390048
 21
38690.63271124652
 31
0.0
  0
LINE
  5
7AB
330
771
100
AcDbEntity
  8
3G
 62
     8
440
 16777216
370
    -2
100
AcDbLine
 10
15146.91131422473
 20
31440.63271124653
 30
0.0
 11
12982.896390048
 21
31440.63271124653
 31
0.0
  0
LINE
  5
7AC
330
771
100
AcDbEntity
  8
3G
 62
     8
440
 16777216
370
    -2
100
AcDbLine
 10
13082.896390048
 20
38440.63271124652
 30
0.0
 11
13082.896390048
 21
31690.63271124652
 31
0.0
  0
INSERT
  5
7AD
330
771
100
AcDbEntity
  8
3G
 62
     8
440
 16777216
370
    -2
100
AcDbBlockReference
  2
DIM1
 10
13082.896390048
 20
38690.63271124652
 30
0.0
 41
250.0
 42
250.0
 43
250.0
 50
90.0
  0
INSERT
  5
7AE
330
771
100
AcDbEntity
  8
3G
 62
     8
440
 16777216
370
    -2
100
AcDbBlockReference
  2
DIM1
 10
13082.896390048
 20
31440.63271124653
 30
0.0
 41
250.0
 42
250.0
 43
250.0
 50
270.0
  0
MTEXT
  5
7AF
330
771
100
AcDbEntity
  8
3G
 62
     3
440
 16777216
100
AcDbMText
 10
12857.89639004801
 20
35065.63271124651
 30
0.0
 40
250.0
 41
0.0
 46
0.0
 71
     5
 72
     1
  1
\A1;W
  7
ROMANS
 11
0.0000000000000001
 21
1.0
 31
0.0
 73
     1
 44
1.0
  0
POINT
  5
7B0
330
771
100
AcDbEntity
  8
DEFPOINTS
 62
     0
440
 16777216
100
AcDbPoint
 10
15246.91131422474
 20
38690.63271124652
 30
0.0
  0
POINT
  5
7B1
330
771
100
AcDbEntity
  8
DEFPOINTS
 62
     0
440
 16777216
100
AcDbPoint
 10
15246.91131422474
 20
31440.63271124653
 30
0.0
  0
POINT
  5
7B2
330
771
100
AcDbEntity
  8
DEFPOINTS
 62
     0
440
 16777216
100
AcDbPoint
 10
13082.896390048
 20
31440.63271124653
 30
0.0
  0
ENDBLK
  5
773
330
771
100
AcDbEntity
  8
0
100
AcDbBlockEnd
  0
BLOCK
  5
77E
330
77D
100
AcDbEntity
  8
0
100
AcDbBlockBegin
  2
*D25
 70
     1
 10
0.0
 20
0.0
 30
0.0
  3
*D25
  1

  0
LINE
  5
7B3
330
77D
100
AcDbEntity
  8
TG
 62
     8
440
 16777216
370
    -2
100
AcDbLine
 10
31893.97448928156
 20
36351.95520333426
 30
0.0
 11
31893.97448928156
 21
37767.50357612949
 31
0.0
  0
LINE
  5
7B4
330
77D
100
AcDbEntity
  8
TG
 62
     8
440
 16777216
370
    -2
100
AcDbLine
 10
31059.26078107874
 20
36972.58080591103
 30
0.0
 11
31059.26078107874
 21
37767.50357612949
 31
0.0
  0
LINE
  5
7B5
330
77D
100
AcDbEntity
  8
TG
 62
     8
440
 16777216
370
    -2
100
AcDbLine
 10
31643.97448928156
 20
37667.50357612949
 30
0.0
 11
31309.26078107874
 21
37667.50357612949
 31
0.0
  0
INSERT
  5
7B6
330
77D
100
AcDbEntity
  8
TG
 62
     8
440
 16777216
370
    -2
100
AcDbBlockReference
  2
DIM1
 10
31893.97448928156
 20
37667.50357612949
 30
0.0
 41
250.0
 42
250.0
 43
250.0
  0
INSERT
  5
7B7
330
77D
100
AcDbEntity
  8
TG
 62
     8
440
 16777216
370
    -2
100
AcDbBlockReference
  2
DIM1
 10
31059.26078107874
 20
37667.50357612949
 30
0.0
 41
250.0
 42
250.0
 43
250.0
 50
180.0
  0
MTEXT
  5
7B8
330
77D
100
AcDbEntity
  8
TG
 62
     3
440
 16777216
100
AcDbMText
 10
31476.61763518015
 20
37892.50357612949
 30
0.0
 40
250.0
 41
0.0
 46
0.0
 71
     5
 72
     1
  1
\A1;300
  7
ROMANS
 73
     1
 44
1.0
  0
POINT
  5
7B9
330
77D
100
AcDbEntity
  8
DEFPOINTS
 62
     0
440
 16777216
100
AcDbPoint
 10
31893.97448928156
 20
36251.95520333426
 30
0.0
  0
POINT
  5
7BA
330
77D
100
AcDbEntity
  8
DEFPOINTS
 62
     0
440
 16777216
100
AcDbPoint
 10
31059.26078107874
 20
36872.58080591103
 30
0.0
  0
POINT
  5
7BB
330
77D
100
AcDbEntity
  8
DEFPOINTS
 62
     0
440
 16777216
100
AcDbPoint
 10
31059.26078107874
 20
37667.50357612949
 30
0.0
  0
ENDBLK
  5
77F
330
77D
100
AcDbEntity
  8
0
100
AcDbBlockEnd
  0
BLOCK
  5
78A
330
789
100
AcDbEntity
  8
0
100
AcDbBlockBegin
  2
*D26
 70
     1
 10
0.0
 20
0.0
 30
0.0
  3
*D26
  1

  0
LINE
  5
7BC
330
789
100
AcDbEntity
  8
DM
 62
     8
440
 16777216
370
    -2
100
AcDbLine
 10
29622.79713489281
 20
31345.72863718265
 30
0.0
 11
29622.79713489281
 21
29124.36661063743
 31
0.0
  0
LINE
  5
7BD
330
789
100
AcDbEntity
  8
DM
 62
     8
440
 16777216
370
    -2
100
AcDbLine
 10
35122.7971348928
 20
31345.72863718261
 30
0.0
 11
35122.7971348928
 21
29124.36661063743
 31
0.0
  0
LINE
  5
7BE
330
789
100
AcDbEntity
  8
DM
 62
     8
440
 16777216
370
    -2
100
AcDbLine
 10
29872.79713489281
 20
29224.36661063743
 30
0.0
 11
34872.7971348928
 21
29224.36661063743
 31
0.0
  0
INSERT
  5
7BF
330
789
100
AcDbEntity
  8
DM
 62
     8
440
 16777216
370
    -2
100
AcDbBlockReference
  2
DIM1
 10
29622.79713489281
 20
29224.36661063743
 30
0.0
 41
250.0
 42
250.0
 43
250.0
 50
180.0
  0
INSERT
  5
7C0
330
789
100
AcDbEntity
  8
DM
 62
     8
440
 16777216
370
    -2
100
AcDbBlockReference
  2
DIM1
 10
35122.7971348928
 20
29224.36661063743
 30
0.0
 41
250.0
 42
250.0
 43
250.0
  0
MTEXT
  5
7C1
330
789
100
AcDbEntity
  8
DM
 62
     3
440
 16777216
100
AcDbMText
 10
32372.7971348928
 20
29449.36661063743
 30
0.0
 40
250.0
 41
0.0
 46
0.0
 71
     5
 72
     1
  1
\A1;L
  7
ROMANS
 73
     1
 44
1.0
  0
POINT
  5
7C2
330
789
100
AcDbEntity
  8
DEFPOINTS
 62
     0
440
 16777216
100
AcDbPoint
 10
29622.79713489281
 20
31445.72863718265
 30
0.0
  0
POINT
  5
7C3
330
789
100
AcDbEntity
  8
DEFPOINTS
 62
     0
440
 16777216
100
AcDbPoint
 10
35122.7971348928
 20
31445.72863718261
 30
0.0
  0
POINT
  5
7C4
330
789
100
AcDbEntity
  8
DEFPOINTS
 62
     0
440
 16777216
100
AcDbPoint
 10
35122.7971348928
 20
29224.36661063743
 30
0.0
  0
ENDBLK
  5
78B
330
789
100
AcDbEntity
  8
0
100
AcDbBlockEnd
  0
BLOCK
  5
796
330
795
100
AcDbEntity
  8
0
100
AcDbBlockBegin
  2
*D27
 70
     1
 10
0.0
 20
0.0
 30
0.0
  3
*D27
  1

  0
LINE
  5
7C5
330
795
100
AcDbEntity
  8
TG
 62
     8
440
 16777216
370
    -2
100
AcDbLine
 10
35222.79713489287
 20
31445.72863718266
 30
0.0
 11
36655.56498704116
 21
31445.72863718266
 31
0.0
  0
LINE
  5
7C6
330
795
100
AcDbEntity
  8
TG
 62
     8
440
 16777216
370
    -2
100
AcDbLine
 10
35222.79713489287
 20
33945.72863718266
 30
0.0
 11
36655.56498704116
 21
33945.72863718266
 31
0.0
  0
LINE
  5
7C7
330
795
100
AcDbEntity
  8
TG
 62
     8
440
 16777216
370
    -2
100
AcDbLine
 10
36555.56498704116
 20
31695.72863718266
 30
0.0
 11
36555.56498704116
 21
33695.72863718266
 31
0.0
  0
INSERT
  5
7C8
330
795
100
AcDbEntity
  8
TG
 62
     8
440
 16777216
370
    -2
100
AcDbBlockReference
  2
DIM1
 10
36555.56498704116
 20
31445.72863718266
 30
0.0
 41
250.0
 42
250.0
 43
250.0
 50
270.0
  0
INSERT
  5
7C9
330
795
100
AcDbEntity
  8
TG
 62
     8
440
 16777216
370
    -2
100
AcDbBlockReference
  2
DIM1
 10
36555.56498704116
 20
33945.72863718266
 30
0.0
 41
250.0
 42
250.0
 43
250.0
 50
90.0
  0
MTEXT
  5
7CA
330
795
100
AcDbEntity
  8
TG
 62
     3
440
 16777216
100
AcDbMText
 10
36330.56498704116
 20
32695.72863718265
 30
0.0
 40
250.0
 41
0.0
 46
0.0
 71
     5
 72
     1
  1
\A1;T
  7
ROMANS
 11
0.0000000000000001
 21
1.0
 31
0.0
 73
     1
 44
1.0
  0
POINT
  5
7CB
330
795
100
AcDbEntity
  8
DEFPOINTS
 62
     0
440
 16777216
100
AcDbPoint
 10
35122.79713489287
 20
31445.72863718266
 30
0.0
  0
POINT
  5
7CC
330
795
100
AcDbEntity
  8
DEFPOINTS
 62
     0
440
 16777216
100
AcDbPoint
 10
35122.79713489287
 20
33945.72863718266
 30
0.0
  0
POINT
  5
7CD
330
795
100
AcDbEntity
  8
DEFPOINTS
 62
     0
440
 16777216
100
AcDbPoint
 10
36555.56498704116
 20
33945.72863718266
 30
0.0
  0
ENDBLK
  5
797
330
795
100
AcDbEntity
  8
0
100
AcDbBlockEnd
  0
BLOCK
  5
7CF
330
7CE
100
AcDbEntity
  8
0
100
AcDbBlockBegin
  2
*D28
 70
     1
 10
0.0
 20
0.0
 30
0.0
  3
*D28
  1

  0
LINE
  5
7D1
330
7CE
100
AcDbEntity
  8
0
 62
     8
440
 16777216
370
    -2
100
AcDbLine
 10
36751.56498704114
 20
31445.72863718266
 30
0.0
 11
38149.17047668671
 21
31445.72863718266
 31
0.0
  0
LINE
  5
7D2
330
7CE
100
AcDbEntity
  8
0
 62
     8
440
 16777216
370
    -2
100
AcDbLine
 10
34519.26766317915
 20
35682.92325238287
 30
0.0
 11
38149.17047668671
 21
35682.92325238287
 31
0.0
  0
LINE
  5
7D3
330
7CE
100
AcDbEntity
  8
0
 62
     8
440
 16777216
370
    -2
100
AcDbLine
 10
38053.1704766867
 20
31685.72863718266
 30
0.0
 11
38053.1704766867
 21
35442.92325238287
 31
0.0
  0
INSERT
  5
7D4
330
7CE
100
AcDbEntity
  8
0
 62
     8
440
 16777216
370
    -2
100
AcDbBlockReference
  2
DIM1
 10
38053.1704766867
 20
31445.72863718266
 30
0.0
 41
240.0
 42
240.0
 43
240.0
 50
270.0
  0
INSERT
  5
7D5
330
7CE
100
AcDbEntity
  8
0
 62
     8
440
 16777216
370
    -2
100
AcDbBlockReference
  2
DIM1
 10
38053.1704766867
 20
35682.92325238287
 30
0.0
 41
240.0
 42
240.0
 43
240.0
 50
90.0
  0
MTEXT
  5
7D6
330
7CE
100
AcDbEntity
  8
0
 62
     3
440
 16777216
100
AcDbMText
 10
37837.17047668671
 20
33564.32594478275
 30
0.0
 40
240.0
 41
0.0
 46
0.0
 71
     5
 72
     1
  1
\A1;DEPTH OF EMBEDMENT
  7
ROMANS
 11
0.0000000000000001
 21
1.0
 31
0.0
 73
     1
 44
1.0
  0
POINT
  5
7D7
330
7CE
100
AcDbEntity
  8
DEFPOINTS
 62
     0
440
 16777216
100
AcDbPoint
 10
36655.56498704114
 20
31445.72863718266
 30
0.0
  0
POINT
  5
7D8
330
7CE
100
AcDbEntity
  8
DEFPOINTS
 62
     0
440
 16777216
100
AcDbPoint
 10
34423.26766317915
 20
35682.92325238287
 30
0.0
  0
POINT
  5
7D9
330
7CE
100
AcDbEntity
  8
DEFPOINTS
 62
     0
440
 16777216
100
AcDbPoint
 10
38053.1704766867
 20
35682.92325238287
 30
0.0
  0
ENDBLK
  5
7D0
330
7CE
100
AcDbEntity
  8
0
100
AcDbBlockEnd
  0
BLOCK
  5
7DB
330
7DA
100
AcDbEntity
  8
0
100
AcDbBlockBegin
  2
_ArchTick
 70
     0
 10
0.0
 20
0.0
 30
0.0
  3
_ArchTick
  1

  0
LWPOLYLINE
  5
7DC
330
7DA
100
AcDbEntity
  8
0
  6
ByBlock
 62
     0
100
AcDbPolyline
 90
        2
 70
     0
 43
0.15
 10
-0.5
 20
-0.5
 10
0.5
 20
0.5
  0
ENDBLK
  5
7DD
330
7DA
100
AcDbEntity
  8
0
100
AcDbBlockEnd
  0
BLOCK
  5
7DF
330
7DE
100
AcDbEntity
  8
0
 62
     4
100
AcDbBlockBegin
  2
_Oblique
 70
     0
 10
0.0
 20
0.0
 30
0.0
  3
_Oblique
  1

  0
LINE
  5
7E0
330
7DE
100
AcDbEntity
  8
0
  6
ByBlock
 62
     0
370
    -2
100
AcDbLine
 10
-0.5
 20
-0.5
 30
0.0
 11
0.5
 21
0.5
 31
0.0
  0
ENDBLK
  5
7E1
330
7DE
100
AcDbEntity
  8
0
 62
     4
100
AcDbBlockEnd
  0
BLOCK
  5
7E3
330
7E2
100
AcDbEntity
  8
0
100
AcDbBlockBegin
  2
_ORIGIN
 70
     0
 10
0.0
 20
0.0
 30
0.0
  3
_ORIGIN
  1

  0
CIRCLE
  5
7E4
330
7E2
100
AcDbEntity
  8
0
  6
ByBlock
 62
     0
100
AcDbCircle
 10
0.0
 20
0.0
 30
0.0
 40
0.5
  0
LINE
  5
7E5
330
7E2
100
AcDbEntity
  8
0
  6
ByBlock
 62
     0
100
AcDbLine
 10
0.0
 20
0.0
 30
0.0
 11
-1.0
 21
0.0
 31
0.0
  0
ENDBLK
  5
7E6
330
7E2
100
AcDbEntity
  8
0
100
AcDbBlockEnd
  0
BLOCK
  5
7E8
330
7E7
100
AcDbEntity
  8
0
100
AcDbBlockBegin
  2
*X32
 70
     1
 10
0.0
 20
0.0
 30
0.0
  3
*X32
  1

  0
LINE
  5
7E9
330
7E7
100
AcDbEntity
  8
0
 62
     0
100
AcDbLine
 10
3291.948083422461
 20
27475.00000000238
 30
0.0
 11
4749.999999999997
 21
28933.05191657992
 31
0.0
  0
LINE
  5
7EA
330
7E7
100
AcDbEntity
  8
0
 62
     0
100
AcDbLine
 10
3249.999999999997
 20
27857.31598529185
 30
0.0
 11
4367.684014710532
 21
28975.00000000238
 31
0.0
  0
LINE
  5
7EB
330
7E7
100
AcDbEntity
  8
0
 62
     0
100
AcDbLine
 10
3249.999999999997
 20
28281.58005400378
 30
0.0
 11
3943.419945998604
 21
28975.00000000238
 31
0.0
  0
LINE
  5
7EC
330
7E7
100
AcDbEntity
  8
0
 62
     0
100
AcDbLine
 10
3249.999999999997
 20
28705.84412271571
 30
0.0
 11
3519.155877286676
 21
28975.00000000238
 31
0.0
  0
LINE
  5
7ED
330
7E7
100
AcDbEntity
  8
0
 62
     0
100
AcDbLine
 10
3716.21215213439
 20
27475.00000000238
 30
0.0
 11
4749.999999999997
 21
28508.78784786799
 31
0.0
  0
LINE
  5
7EE
330
7E7
100
AcDbEntity
  8
0
 62
     0
100
AcDbLine
 10
4140.476220846318
 20
27475.00000000238
 30
0.0
 11
4749.999999999997
 21
28084.52377915606
 31
0.0
  0
LINE
  5
7EF
330
7E7
100
AcDbEntity
  8
0
 62
     0
100
AcDbLine
 10
4564.740289558247
 20
27475.00000000238
 30
0.0
 11
4749.999999999997
 21
27660.25971044414
 31
0.0
  0
ENDBLK
  5
7F0
330
7E7
100
AcDbEntity
  8
0
100
AcDbBlockEnd
  0
BLOCK
  5
7F2
330
7F1
100
AcDbEntity
  8
0
100
AcDbBlockBegin
  2
*X33
 70
     1
 10
0.0
 20
0.0
 30
0.0
  3
*X33
  1

  0
LINE
  5
7F3
330
7F1
100
AcDbEntity
  8
0
 62
     0
100
AcDbLine
 10
10960.15510839149
 20
30052.03820042827
 30
0.0
 11
11136.93180368813
 21
30228.81489572491
 31
0.0
  0
LINE
  5
7F4
330
7F1
100
AcDbEntity
  8
0
 62
     0
100
AcDbLine
 10
10606.60171779821
 20
30052.03820042827
 30
0.0
 11
10783.37841309485
 21
30228.81489572491
 31
0.0
  0
LINE
  5
7F5
330
7F1
100
AcDbEntity
  8
0
 62
     0
100
AcDbLine
 10
10960.15510839149
 20
30405.59159102155
 30
0.0
 11
11104.56351737233
 21
30550.00000000239
 31
0.0
  0
LINE
  5
7F6
330
7F1
100
AcDbEntity
  8
0
 62
     0
100
AcDbLine
 10
10253.04832720494
 20
30052.03820042827
 30
0.0
 11
10429.82502250157
 21
30228.81489572491
 31
0.0
  0
LINE
  5
7F7
330
7F1
100
AcDbEntity
  8
0
 62
     0
100
AcDbLine
 10
10606.60171779821
 20
30405.59159102155
 30
0.0
 11
10751.01012677906
 21
30550.00000000239
 31
0.0
  0
LINE
  5
7F8
330
7F1
100
AcDbEntity
  8
0
 62
     0
100
AcDbLine
 10
9899.494936611667
 20
30052.03820042827
 30
0.0
 11
10076.2716319083
 21
30228.81489572491
 31
0.0
  0
LINE
  5
7F9
330
7F1
100
AcDbEntity
  8
0
 62
     0
100
AcDbLine
 10
10253.04832720494
 20
30405.59159102155
 30
0.0
 11
10397.45673618578
 21
30550.00000000239
 31
0.0
  0
LINE
  5
7FA
330
7F1
100
AcDbEntity
  8
0
 62
     0
100
AcDbLine
 10
9697.29282831974
 20
30203.38948272962
 30
0.0
 11
9722.71824131503
 21
30228.81489572491
 31
0.0
  0
LINE
  5
7FB
330
7F1
100
AcDbEntity
  8
0
 62
     0
100
AcDbLine
 10
9899.494936611667
 20
30405.59159102155
 30
0.0
 11
10043.90334559251
 21
30550.00000000239
 31
0.0
  0
LINE
  5
7FC
330
7F1
100
AcDbEntity
  8
0
 62
     0
100
AcDbLine
 10
12757.78249427505
 20
30435.45202393874
 30
0.0
 11
12872.3304703387
 21
30550.00000000239
 31
0.0
  0
LINE
  5
7FD
330
7F1
100
AcDbEntity
  8
0
 62
     0
100
AcDbLine
 10
12757.78249427505
 20
30081.89863334546
 30
0.0
 11
12904.69875665449
 21
30228.81489572491
 31
0.0
  0
LINE
  5
7FE
330
7F1
100
AcDbEntity
  8
0
 62
     0
100
AcDbLine
 10
13081.47545195113
 20
30405.59159102155
 30
0.0
 11
13225.88386093197
 21
30550.00000000239
 31
0.0
  0
LINE
  5
7FF
330
7F1
100
AcDbEntity
  8
0
 62
     0
100
AcDbLine
 10
13081.47545195113
 20
30052.03820042827
 30
0.0
 11
13258.25214724777
 21
30228.81489572491
 31
0.0
  0
LINE
  5
800
330
7F1
100
AcDbEntity
  8
0
 62
     0
100
AcDbLine
 10
13435.0288425444
 20
30405.59159102155
 30
0.0
 11
13579.43725152525
 21
30550.00000000239
 31
0.0
  0
LINE
  5
801
330
7F1
100
AcDbEntity
  8
0
 62
     0
100
AcDbLine
 10
13435.0288425444
 20
30052.03820042827
 30
0.0
 11
13611.80553784104
 21
30228.81489572491
 31
0.0
  0
LINE
  5
802
330
7F1
100
AcDbEntity
  8
0
 62
     0
100
AcDbLine
 10
13788.58223313768
 20
30405.59159102155
 30
0.0
 11
13932.99064211853
 21
30550.00000000239
 31
0.0
  0
LINE
  5
803
330
7F1
100
AcDbEntity
  8
0
 62
     0
100
AcDbLine
 10
13788.58223313768
 20
30052.03820042827
 30
0.0
 11
13965.35892843432
 21
30228.81489572491
 31
0.0
  0
LINE
  5
804
330
7F1
100
AcDbEntity
  8
0
 62
     0
100
AcDbLine
 10
14142.13562373095
 20
30405.59159102155
 30
0.0
 11
14286.5440327118
 21
30550.00000000239
 31
0.0
  0
LINE
  5
805
330
7F1
100
AcDbEntity
  8
0
 62
     0
100
AcDbLine
 10
14142.13562373095
 20
30052.03820042827
 30
0.0
 11
14318.91231902759
 21
30228.81489572491
 31
0.0
  0
LINE
  5
806
330
7F1
100
AcDbEntity
  8
0
 62
     0
100
AcDbLine
 10
11247.41723824852
 20
30118.32946116451
 30
0.0
 11
11271.54215501227
 21
30142.45437792825
 31
0.0
  0
LINE
  5
807
330
7F1
100
AcDbEntity
  8
0
 62
     0
100
AcDbLine
 10
10893.86384765525
 20
30118.32946116451
 30
0.0
 11
11070.64054295189
 21
30295.10615646115
 31
0.0
  0
LINE
  5
808
330
7F1
100
AcDbEntity
  8
0
 62
     0
100
AcDbLine
 10
11247.41723824852
 20
30471.88285175778
 30
0.0
 11
11271.54215501227
 21
30496.00776852153
 31
0.0
  0
LINE
  5
809
330
7F1
100
AcDbEntity
  8
0
 62
     0
100
AcDbLine
 10
10540.31045706197
 20
30118.32946116451
 30
0.0
 11
10717.08715235861
 21
30295.10615646115
 31
0.0
  0
LINE
  5
80A
330
7F1
100
AcDbEntity
  8
0
 62
     0
100
AcDbLine
 10
10893.86384765525
 20
30471.88285175778
 30
0.0
 11
10971.98099589985
 21
30550.00000000239
 31
0.0
  0
LINE
  5
80B
330
7F1
100
AcDbEntity
  8
0
 62
     0
100
AcDbLine
 10
10186.7570664687
 20
30118.32946116451
 30
0.0
 11
10363.53376176534
 21
30295.10615646115
 31
0.0
  0
LINE
  5
80C
330
7F1
100
AcDbEntity
  8
0
 62
     0
100
AcDbLine
 10
10540.31045706198
 20
30471.88285175779
 30
0.0
 11
10618.42760530658
 21
30550.00000000239
 31
0.0
  0
LINE
  5
80D
330
7F1
100
AcDbEntity
  8
0
 62
     0
100
AcDbLine
 10
9833.203675875427
 20
30118.32946116451
 30
0.0
 11
10009.98037117206
 21
30295.10615646115
 31
0.0
  0
LINE
  5
80E
330
7F1
100
AcDbEntity
  8
0
 62
     0
100
AcDbLine
 10
10186.7570664687
 20
30471.88285175779
 30
0.0
 11
10264.8742147133
 21
30550.00000000239
 31
0.0
  0
LINE
  5
80F
330
7F1
100
AcDbEntity
  8
0
 62
     0
100
AcDbLine
 10
9833.203675875431
 20
30471.88285175778
 30
0.0
 11
9911.320824120034
 21
30550.00000000239
 31
0.0
  0
LINE
  5
810
330
7F1
100
AcDbEntity
  8
0
 62
     0
100
AcDbLine
 10
12757.78249427505
 20
30214.48115481794
 30
0.0
 11
12838.40749591825
 21
30295.10615646115
 31
0.0
  0
LINE
  5
811
330
7F1
100
AcDbEntity
  8
0
 62
     0
100
AcDbLine
 10
13015.18419121489
 20
30471.88285175779
 30
0.0
 11
13093.3013394595
 21
30550.00000000239
 31
0.0
  0
LINE
  5
812
330
7F1
100
AcDbEntity
  8
0
 62
     0
100
AcDbLine
 10
13015.18419121489
 20
30118.32946116451
 30
0.0
 11
13191.96088651153
 21
30295.10615646115
 31
0.0
  0
LINE
  5
813
330
7F1
100
AcDbEntity
  8
0
 62
     0
100
AcDbLine
 10
13368.73758180816
 20
30471.88285175779
 30
0.0
 11
13446.85473005277
 21
30550.00000000239
 31
0.0
  0
LINE
  5
814
330
7F1
100
AcDbEntity
  8
0
 62
     0
100
AcDbLine
 10
13368.73758180816
 20
30118.32946116451
 30
0.0
 11
13545.5142771048
 21
30295.10615646115
 31
0.0
  0
LINE
  5
815
330
7F1
100
AcDbEntity
  8
0
 62
     0
100
AcDbLine
 10
13722.29097240144
 20
30471.88285175778
 30
0.0
 11
13800.40812064605
 21
30550.00000000239
 31
0.0
  0
LINE
  5
816
330
7F1
100
AcDbEntity
  8
0
 62
     0
100
AcDbLine
 10
13722.29097240144
 20
30118.32946116451
 30
0.0
 11
13899.06766769808
 21
30295.10615646115
 31
0.0
  0
LINE
  5
817
330
7F1
100
AcDbEntity
  8
0
 62
     0
100
AcDbLine
 10
14075.84436299471
 20
30471.88285175779
 30
0.0
 11
14153.96151123932
 21
30550.00000000239
 31
0.0
  0
LINE
  5
818
330
7F1
100
AcDbEntity
  8
0
 62
     0
100
AcDbLine
 10
14075.84436299471
 20
30118.32946116451
 30
0.0
 11
14252.62105829135
 21
30295.10615646115
 31
0.0
  0
LINE
  5
819
330
7F1
100
AcDbEntity
  8
0
 62
     0
100
AcDbLine
 10
11181.12597751228
 20
30184.62072190075
 30
0.0
 11
11271.54215501226
 21
30275.03689940073
 31
0.0
  0
LINE
  5
81A
330
7F1
100
AcDbEntity
  8
0
 62
     0
100
AcDbLine
 10
10827.57258691901
 20
30184.62072190075
 30
0.0
 11
11004.34928221565
 21
30361.39741719739
 31
0.0
  0
LINE
  5
81B
330
7F1
100
AcDbEntity
  8
0
 62
     0
100
AcDbLine
 10
11181.12597751228
 20
30538.17411249402
 30
0.0
 11
11192.95186502065
 21
30550.00000000239
 31
0.0
  0
LINE
  5
81C
330
7F1
100
AcDbEntity
  8
0
 62
     0
100
AcDbLine
 10
10474.01919632573
 20
30184.62072190075
 30
0.0
 11
10650.79589162237
 21
30361.39741719739
 31
0.0
  0
LINE
  5
81D
330
7F1
100
AcDbEntity
  8
0
 62
     0
100
AcDbLine
 10
10827.57258691901
 20
30538.17411249402
 30
0.0
 11
10839.39847442737
 21
30550.00000000239
 31
0.0
  0
LINE
  5
81E
330
7F1
100
AcDbEntity
  8
0
 62
     0
100
AcDbLine
 10
10120.46580573246
 20
30184.62072190075
 30
0.0
 11
10297.2425010291
 21
30361.39741719739
 31
0.0
  0
LINE
  5
81F
330
7F1
100
AcDbEntity
  8
0
 62
     0
100
AcDbLine
 10
10474.01919632574
 20
30538.17411249402
 30
0.0
 11
10485.8450838341
 21
30550.00000000239
 31
0.0
  0
LINE
  5
820
330
7F1
100
AcDbEntity
  8
0
 62
     0
100
AcDbLine
 10
9766.91241513919
 20
30184.62072190075
 30
0.0
 11
9943.689110435828
 21
30361.39741719739
 31
0.0
  0
LINE
  5
821
330
7F1
100
AcDbEntity
  8
0
 62
     0
100
AcDbLine
 10
10120.46580573246
 20
30538.17411249402
 30
0.0
 11
10132.29169324083
 21
30550.00000000239
 31
0.0
  0
LINE
  5
822
330
7F1
100
AcDbEntity
  8
0
 62
     0
100
AcDbLine
 10
9766.91241513919
 20
30538.17411249402
 30
0.0
 11
9778.738302647555
 21
30550.00000000239
 31
0.0
  0
LINE
  5
823
330
7F1
100
AcDbEntity
  8
0
 62
     0
100
AcDbLine
 10
12757.78249427505
 20
30347.06367629042
 30
0.0
 11
12772.11623518202
 21
30361.39741719739
 31
0.0
  0
LINE
  5
824
330
7F1
100
AcDbEntity
  8
0
 62
     0
100
AcDbLine
 10
12948.89293047866
 20
30538.17411249402
 30
0.0
 11
12960.71881798702
 21
30550.00000000239
 31
0.0
  0
LINE
  5
825
330
7F1
100
AcDbEntity
  8
0
 62
     0
100
AcDbLine
 10
12948.89293047865
 20
30184.62072190075
 30
0.0
 11
13125.66962577529
 21
30361.39741719739
 31
0.0
  0
LINE
  5
826
330
7F1
100
AcDbEntity
  8
0
 62
     0
100
AcDbLine
 10
13302.44632107193
 20
30538.17411249402
 30
0.0
 11
13314.2722085803
 21
30550.00000000239
 31
0.0
  0
LINE
  5
827
330
7F1
100
AcDbEntity
  8
0
 62
     0
100
AcDbLine
 10
13302.44632107193
 20
30184.62072190075
 30
0.0
 11
13479.22301636856
 21
30361.39741719739
 31
0.0
  0
LINE
  5
828
330
7F1
100
AcDbEntity
  8
0
 62
     0
100
AcDbLine
 10
13655.9997116652
 20
30538.17411249402
 30
0.0
 11
13667.82559917357
 21
30550.00000000239
 31
0.0
  0
LINE
  5
829
330
7F1
100
AcDbEntity
  8
0
 62
     0
100
AcDbLine
 10
13655.9997116652
 20
30184.62072190075
 30
0.0
 11
13832.77640696183
 21
30361.39741719738
 31
0.0
  0
LINE
  5
82A
330
7F1
100
AcDbEntity
  8
0
 62
     0
100
AcDbLine
 10
14009.55310225847
 20
30538.17411249402
 30
0.0
 11
14021.37898976684
 21
30550.00000000239
 31
0.0
  0
LINE
  5
82B
330
7F1
100
AcDbEntity
  8
0
 62
     0
100
AcDbLine
 10
14009.55310225847
 20
30184.62072190075
 30
0.0
 11
14186.32979755511
 21
30361.39741719739
 31
0.0
  0
LINE
  5
82C
330
7F1
100
AcDbEntity
  8
0
 62
     0
100
AcDbLine
 10
11181.12597751228
 20
30228.8148957249
 30
0.0
 11
11004.34928221564
 21
30405.59159102154
 31
0.0
  0
LINE
  5
82D
330
7F1
100
AcDbEntity
  8
0
 62
     0
100
AcDbLine
 10
11006.38748264152
 20
30050.00000000238
 30
0.0
 11
11004.34928221564
 21
30052.03820042827
 31
0.0
  0
LINE
  5
82E
330
7F1
100
AcDbEntity
  8
0
 62
     0
100
AcDbLine
 10
10827.572586919
 20
30228.8148957249
 30
0.0
 11
10650.79589162236
 21
30405.59159102154
 31
0.0
  0
LINE
  5
82F
330
7F1
100
AcDbEntity
  8
0
 62
     0
100
AcDbLine
 10
10652.83409204825
 20
30050.00000000238
 30
0.0
 11
10650.79589162236
 21
30052.03820042827
 31
0.0
  0
LINE
  5
830
330
7F1
100
AcDbEntity
  8
0
 62
     0
100
AcDbLine
 10
10474.01919632573
 20
30228.8148957249
 30
0.0
 11
10297.24250102909
 21
30405.59159102154
 31
0.0
  0
LINE
  5
831
330
7F1
100
AcDbEntity
  8
0
 62
     0
100
AcDbLine
 10
10299.28070145498
 20
30050.00000000238
 30
0.0
 11
10297.2425010291
 21
30052.03820042827
 31
0.0
  0
LINE
  5
832
330
7F1
100
AcDbEntity
  8
0
 62
     0
100
AcDbLine
 10
10120.46580573246
 20
30228.8148957249
 30
0.0
 11
9943.689110435823
 21
30405.59159102154
 31
0.0
  0
LINE
  5
833
330
7F1
100
AcDbEntity
  8
0
 62
     0
100
AcDbLine
 10
9945.727310861711
 20
30050.00000000238
 30
0.0
 11
9943.689110435824
 21
30052.03820042827
 31
0.0
  0
LINE
  5
834
330
7F1
100
AcDbEntity
  8
0
 62
     0
100
AcDbLine
 10
9766.912415139188
 20
30228.8148957249
 30
0.0
 11
9697.292828319742
 21
30298.43448254435
 31
0.0
  0
LINE
  5
835
330
7F1
100
AcDbEntity
  8
0
 62
     0
100
AcDbLine
 10
12774.15443560789
 20
30050.00000000239
 30
0.0
 11
12772.11623518201
 21
30052.03820042827
 31
0.0
  0
LINE
  5
836
330
7F1
100
AcDbEntity
  8
0
 62
     0
100
AcDbLine
 10
13127.70782620116
 20
30050.00000000239
 30
0.0
 11
13125.66962577528
 21
30052.03820042827
 31
0.0
  0
LINE
  5
837
330
7F1
100
AcDbEntity
  8
0
 62
     0
100
AcDbLine
 10
12948.89293047865
 20
30228.81489572491
 30
0.0
 11
12772.11623518201
 21
30405.59159102155
 31
0.0
  0
LINE
  5
838
330
7F1
100
AcDbEntity
  8
0
 62
     0
100
AcDbLine
 10
13481.26121679444
 20
30050.00000000239
 30
0.0
 11
13479.22301636856
 21
30052.03820042826
 31
0.0
  0
LINE
  5
839
330
7F1
100
AcDbEntity
  8
0
 62
     0
100
AcDbLine
 10
13302.44632107192
 20
30228.8148957249
 30
0.0
 11
13125.66962577529
 21
30405.59159102154
 31
0.0
  0
LINE
  5
83A
330
7F1
100
AcDbEntity
  8
0
 62
     0
100
AcDbLine
 10
13834.81460738771
 20
30050.00000000239
 30
0.0
 11
13832.77640696183
 21
30052.03820042827
 31
0.0
  0
LINE
  5
83B
330
7F1
100
AcDbEntity
  8
0
 62
     0
100
AcDbLine
 10
13655.99971166519
 20
30228.81489572491
 30
0.0
 11
13479.22301636856
 21
30405.59159102155
 31
0.0
  0
LINE
  5
83C
330
7F1
100
AcDbEntity
  8
0
 62
     0
100
AcDbLine
 10
14188.36799798099
 20
30050.00000000239
 30
0.0
 11
14186.32979755511
 21
30052.03820042827
 31
0.0
  0
LINE
  5
83D
330
7F1
100
AcDbEntity
  8
0
 62
     0
100
AcDbLine
 10
14009.55310225847
 20
30228.81489572491
 30
0.0
 11
13832.77640696183
 21
30405.59159102155
 31
0.0
  0
LINE
  5
83E
330
7F1
100
AcDbEntity
  8
0
 62
     0
100
AcDbLine
 10
14347.29282831974
 20
30244.62856025691
 30
0.0
 11
14186.3297975551
 21
30405.59159102155
 31
0.0
  0
LINE
  5
83F
330
7F1
100
AcDbEntity
  8
0
 62
     0
100
AcDbLine
 10
11247.41723824852
 20
30295.10615646114
 30
0.0
 11
11070.64054295188
 21
30471.88285175778
 31
0.0
  0
LINE
  5
840
330
7F1
100
AcDbEntity
  8
0
 62
     0
100
AcDbLine
 10
11138.970004114
 20
30050.00000000238
 30
0.0
 11
11070.64054295188
 21
30118.32946116451
 31
0.0
  0
LINE
  5
841
330
7F1
100
AcDbEntity
  8
0
 62
     0
100
AcDbLine
 10
10893.86384765524
 20
30295.10615646114
 30
0.0
 11
10717.0871523586
 21
30471.88285175778
 31
0.0
  0
LINE
  5
842
330
7F1
100
AcDbEntity
  8
0
 62
     0
100
AcDbLine
 10
10785.41661352073
 20
30050.00000000238
 30
0.0
 11
10717.0871523586
 21
30118.32946116451
 31
0.0
  0
LINE
  5
843
330
7F1
100
AcDbEntity
  8
0
 62
     0
100
AcDbLine
 10
10540.31045706196
 20
30295.10615646114
 30
0.0
 11
10363.53376176533
 21
30471.88285175778
 31
0.0
  0
LINE
  5
844
330
7F1
100
AcDbEntity
  8
0
 62
     0
100
AcDbLine
 10
10431.86322292746
 20
30050.00000000238
 30
0.0
 11
10363.53376176533
 21
30118.32946116451
 31
0.0
  0
LINE
  5
845
330
7F1
100
AcDbEntity
  8
0
 62
     0
100
AcDbLine
 10
10186.75706646869
 20
30295.10615646114
 30
0.0
 11
10009.98037117206
 21
30471.88285175778
 31
0.0
  0
LINE
  5
846
330
7F1
100
AcDbEntity
  8
0
 62
     0
100
AcDbLine
 10
10078.30983233418
 20
30050.00000000238
 30
0.0
 11
10009.98037117206
 21
30118.32946116451
 31
0.0
  0
LINE
  5
847
330
7F1
100
AcDbEntity
  8
0
 62
     0
100
AcDbLine
 10
9833.203675875424
 20
30295.10615646114
 30
0.0
 11
9697.29282831974
 21
30431.01700401683
 31
0.0
  0
LINE
  5
848
330
7F1
100
AcDbEntity
  8
0
 62
     0
100
AcDbLine
 10
9724.756441740915
 20
30050.00000000238
 30
0.0
 11
9697.292828319737
 21
30077.46361342356
 31
0.0
  0
LINE
  5
849
330
7F1
100
AcDbEntity
  8
0
 62
     0
100
AcDbLine
 10
12906.73695708037
 20
30050.00000000239
 30
0.0
 11
12838.40749591825
 21
30118.32946116451
 31
0.0
  0
LINE
  5
84A
330
7F1
100
AcDbEntity
  8
0
 62
     0
100
AcDbLine
 10
13260.29034767364
 20
30050.00000000239
 30
0.0
 11
13191.96088651152
 21
30118.32946116451
 31
0.0
  0
LINE
  5
84B
330
7F1
100
AcDbEntity
  8
0
 62
     0
100
AcDbLine
 10
13015.18419121488
 20
30295.10615646115
 30
0.0
 11
12838.40749591824
 21
30471.88285175778
 31
0.0
  0
LINE
  5
84C
330
7F1
100
AcDbEntity
  8
0
 62
     0
100
AcDbLine
 10
13613.84373826692
 20
30050.00000000239
 30
0.0
 11
13545.51427710479
 21
30118.32946116451
 31
0.0
  0
LINE
  5
84D
330
7F1
100
AcDbEntity
  8
0
 62
     0
100
AcDbLine
 10
13368.73758180816
 20
30295.10615646115
 30
0.0
 11
13191.96088651152
 21
30471.88285175778
 31
0.0
  0
LINE
  5
84E
330
7F1
100
AcDbEntity
  8
0
 62
     0
100
AcDbLine
 10
13967.39712886019
 20
30050.00000000239
 30
0.0
 11
13899.06766769807
 21
30118.32946116451
 31
0.0
  0
LINE
  5
84F
330
7F1
100
AcDbEntity
  8
0
 62
     0
100
AcDbLine
 10
13722.29097240143
 20
30295.10615646115
 30
0.0
 11
13545.51427710479
 21
30471.88285175778
 31
0.0
  0
LINE
  5
850
330
7F1
100
AcDbEntity
  8
0
 62
     0
100
AcDbLine
 10
14320.95051945346
 20
30050.00000000239
 30
0.0
 11
14252.62105829134
 21
30118.32946116451
 31
0.0
  0
LINE
  5
851
330
7F1
100
AcDbEntity
  8
0
 62
     0
100
AcDbLine
 10
14075.8443629947
 20
30295.10615646115
 30
0.0
 11
13899.06766769807
 21
30471.88285175778
 31
0.0
  0
LINE
  5
852
330
7F1
100
AcDbEntity
  8
0
 62
     0
100
AcDbLine
 10
14347.29282831974
 20
30377.21108172938
 30
0.0
 11
14252.62105829134
 21
30471.88285175778
 31
0.0
  0
LINE
  5
853
330
7F1
100
AcDbEntity
  8
0
 62
     0
100
AcDbLine
 10
11271.54215501227
 20
30403.56376116987
 30
0.0
 11
11136.93180368812
 21
30538.17411249402
 31
0.0
  0
LINE
  5
854
330
7F1
100
AcDbEntity
  8
0
 62
     0
100
AcDbLine
 10
11271.54215501227
 20
30050.0103705766
 30
0.0
 11
11136.93180368812
 21
30184.62072190074
 31
0.0
  0
LINE
  5
855
330
7F1
100
AcDbEntity
  8
0
 62
     0
100
AcDbLine
 10
10960.15510839148
 20
30361.39741719738
 30
0.0
 11
10783.37841309484
 21
30538.17411249402
 31
0.0
  0
LINE
  5
856
330
7F1
100
AcDbEntity
  8
0
 62
     0
100
AcDbLine
 10
10917.99913499321
 20
30050.00000000238
 30
0.0
 11
10783.37841309484
 21
30184.62072190075
 31
0.0
  0
LINE
  5
857
330
7F1
100
AcDbEntity
  8
0
 62
     0
100
AcDbLine
 10
10606.6017177982
 20
30361.39741719738
 30
0.0
 11
10429.82502250157
 21
30538.17411249402
 31
0.0
  0
LINE
  5
858
330
7F1
100
AcDbEntity
  8
0
 62
     0
100
AcDbLine
 10
10564.44574439994
 20
30050.00000000238
 30
0.0
 11
10429.82502250157
 21
30184.62072190075
 31
0.0
  0
LINE
  5
859
330
7F1
100
AcDbEntity
  8
0
 62
     0
100
AcDbLine
 10
10253.04832720493
 20
30361.39741719738
 30
0.0
 11
10076.2716319083
 21
30538.17411249402
 31
0.0
  0
LINE
  5
85A
330
7F1
100
AcDbEntity
  8
0
 62
     0
100
AcDbLine
 10
10210.89235380666
 20
30050.00000000238
 30
0.0
 11
10076.2716319083
 21
30184.62072190075
 31
0.0
  0
LINE
  5
85B
330
7F1
100
AcDbEntity
  8
0
 62
     0
100
AcDbLine
 10
9899.494936611665
 20
30361.39741719738
 30
0.0
 11
9722.718241315027
 21
30538.17411249402
 31
0.0
  0
LINE
  5
85C
330
7F1
100
AcDbEntity
  8
0
 62
     0
100
AcDbLine
 10
9857.338963213392
 20
30050.00000000238
 30
0.0
 11
9722.718241315028
 21
30184.62072190075
 31
0.0
  0
LINE
  5
85D
330
7F1
100
AcDbEntity
  8
0
 62
     0
100
AcDbLine
 10
13039.31947855285
 20
30050.00000000239
 30
0.0
 11
12904.69875665449
 21
30184.62072190075
 31
0.0
  0
LINE
  5
85E
330
7F1
100
AcDbEntity
  8
0
 62
     0
100
AcDbLine
 10
13392.87286914612
 20
30050.00000000239
 30
0.0
 11
13258.25214724776
 21
30184.62072190075
 31
0.0
  0
LINE
  5
85F
330
7F1
100
AcDbEntity
  8
0
 62
     0
100
AcDbLine
 10
13081.47545195113
 20
30361.39741719738
 30
0.0
 11
12904.69875665449
 21
30538.17411249402
 31
0.0
  0
LINE
  5
860
330
7F1
100
AcDbEntity
  8
0
 62
     0
100
AcDbLine
 10
13746.42625973939
 20
30050.00000000239
 30
0.0
 11
13611.80553784103
 21
30184.62072190075
 31
0.0
  0
LINE
  5
861
330
7F1
100
AcDbEntity
  8
0
 62
     0
100
AcDbLine
 10
13435.0288425444
 20
30361.39741719738
 30
0.0
 11
13258.25214724776
 21
30538.17411249402
 31
0.0
  0
LINE
  5
862
330
7F1
100
AcDbEntity
  8
0
 62
     0
100
AcDbLine
 10
14099.97965033267
 20
30050.00000000239
 30
0.0
 11
13965.35892843431
 21
30184.62072190074
 31
0.0
  0
LINE
  5
863
330
7F1
100
AcDbEntity
  8
0
 62
     0
100
AcDbLine
 10
13788.58223313768
 20
30361.39741719738
 30
0.0
 11
13611.80553784104
 21
30538.17411249402
 31
0.0
  0
LINE
  5
864
330
7F1
100
AcDbEntity
  8
0
 62
     0
100
AcDbLine
 10
14347.29282831974
 20
30156.24021260859
 30
0.0
 11
14318.91231902758
 21
30184.62072190074
 31
0.0
  0
LINE
  5
865
330
7F1
100
AcDbEntity
  8
0
 62
     0
100
AcDbLine
 10
14142.13562373095
 20
30361.39741719738
 30
0.0
 11
13965.35892843431
 21
30538.17411249402
 31
0.0
  0
LINE
  5
866
330
7F1
100
AcDbEntity
  8
0
 62
     0
100
AcDbLine
 10
14347.29282831974
 20
30509.79360320186
 30
0.0
 11
14318.91231902758
 21
30538.17411249402
 31
0.0
  0
ENDBLK
  5
867
330
7F1
100
AcDbEntity
  8
0
100
AcDbBlockEnd
  0
BLOCK
  5
869
330
868
100
AcDbEntity
  8
0
100
AcDbBlockBegin
  2
*D34
 70
     1
 10
0.0
 20
0.0
 30
0.0
  3
*D34
  1

  0
LINE
  5
86A
330
868
100
AcDbEntity
  8
S-Dim
 62
     8
440
 16777216
100
AcDbLine
 10
5189.316807601254
 20
-130039.6566339467
 30
0.0
 11
7931.534313326647
 21
-130039.6566339467
 31
0.0
  0
LINE
  5
86B
330
868
100
AcDbEntity
  8
S-Dim
 62
     8
440
 16777216
100
AcDbLine
 10
6778.827141645951
 20
-134689.6566339467
 30
0.0
 11
7931.534313326647
 21
-134689.6566339467
 31
0.0
  0
LINE
  5
86C
330
868
100
AcDbEntity
  8
S-Dim
 62
     8
440
 16777216
100
AcDbLine
 10
7781.534313326647
 20
-130189.6566339467
 30
0.0
 11
7781.534313326647
 21
-134539.6566339467
 31
0.0
  0
INSERT
  5
86D
330
868
100
AcDbEntity
  8
S-Dim
 62
     8
440
 16777216
100
AcDbBlockReference
  2
_ORIGIN
 10
7781.534313326647
 20
-130039.6566339467
 30
0.0
 41
150.0
 42
150.0
 43
150.0
 50
90.0
  0
INSERT
  5
86E
330
868
100
AcDbEntity
  8
S-Dim
 62
     8
440
 16777216
100
AcDbBlockReference
  2
_ORIGIN
 10
7781.534313326647
 20
-134689.6566339467
 30
0.0
 41
150.0
 42
150.0
 43
150.0
 50
270.0
  0
MTEXT
  5
86F
330
868
100
AcDbEntity
  8
S-Dim
 62
     3
440
 16777216
100
AcDbMText
 10
7556.534313326607
 20
-132364.6566339467
 30
0.0
 40
250.0
 41
0.0
 46
0.0
 71
     5
 72
     1
  1
\A1;1600 
  7
ROMANS
 11
0.0000000000000001
 21
1.0
 31
0.0
 73
     1
 44
1.0
  0
POINT
  5
870
330
868
100
AcDbEntity
  8
DEFPOINTS
 62
     0
440
 16777216
100
AcDbPoint
 10
5039.316807601253
 20
-130039.6566339467
 30
0.0
  0
POINT
  5
871
330
868
100
AcDbEntity
  8
DEFPOINTS
 62
     0
440
 16777216
100
AcDbPoint
 10
6628.827141645951
 20
-134689.6566339467
 30
0.0
  0
POINT
  5
872
330
868
100
AcDbEntity
  8
DEFPOINTS
 62
     0
440
 16777216
100
AcDbPoint
 10
7781.534313326647
 20
-134689.6566339467
 30
0.0
  0
ENDBLK
  5
873
330
868
100
AcDbEntity
  8
0
100
AcDbBlockEnd
  0
BLOCK
  5
875
330
874
100
AcDbEntity
  8
0
100
AcDbBlockBegin
  2
*D35
 70
     1
 10
0.0
 20
0.0
 30
0.0
  3
*D35
  1

  0
LINE
  5
876
330
874
100
AcDbEntity
  8
S-Dim
 62
     8
440
 16777216
100
AcDbLine
 10
-5699.46568667365
 20
-130039.6566339467
 30
0.0
 11
-7368.465686673506
 21
-130039.6566339467
 31
0.0
  0
LINE
  5
877
330
874
100
AcDbEntity
  8
S-Dim
 62
     8
440
 16777216
100
AcDbLine
 10
-5699.46568667365
 20
-134689.6566339467
 30
0.0
 11
-7368.465686673506
 21
-134689.6566339467
 31
0.0
  0
LINE
  5
878
330
874
100
AcDbEntity
  8
S-Dim
 62
     8
440
 16777216
100
AcDbLine
 10
-7218.465686673507
 20
-130189.6566339467
 30
0.0
 11
-7218.465686673505
 21
-134539.6566339467
 31
0.0
  0
INSERT
  5
879
330
874
100
AcDbEntity
  8
S-Dim
 62
     8
440
 16777216
100
AcDbBlockReference
  2
_ORIGIN
 10
-7218.465686673507
 20
-130039.6566339467
 30
0.0
 41
150.0
 42
150.0
 43
150.0
 50
90.0
  0
INSERT
  5
87A
330
874
100
AcDbEntity
  8
S-Dim
 62
     8
440
 16777216
100
AcDbBlockReference
  2
_ORIGIN
 10
-7218.465686673505
 20
-134689.6566339467
 30
0.0
 41
150.0
 42
150.0
 43
150.0
 50
270.0
  0
MTEXT
  5
87B
330
874
100
AcDbEntity
  8
S-Dim
 62
     3
440
 16777216
100
AcDbMText
 10
-7443.465686673542
 20
-132364.6566339467
 30
0.0
 40
250.0
 41
0.0
 46
0.0
 71
     5
 72
     1
  1
\A1;L
  7
ROMANS
 11
0.0000000000000001
 21
1.0
 31
0.0
 73
     1
 44
1.0
  0
POINT
  5
87C
330
874
100
AcDbEntity
  8
DEFPOINTS
 62
     0
440
 16777216
100
AcDbPoint
 10
-5549.46568667365
 20
-130039.6566339467
 30
0.0
  0
POINT
  5
87D
330
874
100
AcDbEntity
  8
DEFPOINTS
 62
     0
440
 16777216
100
AcDbPoint
 10
-5549.46568667365
 20
-134689.6566339467
 30
0.0
  0
POINT
  5
87E
330
874
100
AcDbEntity
  8
DEFPOINTS
 62
     0
440
 16777216
100
AcDbPoint
 10
-7218.465686673505
 20
-134689.6566339467
 30
0.0
  0
ENDBLK
  5
87F
330
874
100
AcDbEntity
  8
0
100
AcDbBlockEnd
  0
BLOCK
  5
881
330
880
100
AcDbEntity
  8
0
100
AcDbBlockBegin
  2
*D36
 70
     1
 10
0.0
 20
0.0
 30
0.0
  3
*D36
  1

  0
LINE
  5
882
330
880
100
AcDbEntity
  8
S-Dim
 62
     8
440
 16777216
100
AcDbLine
 10
-5549.465686673648
 20
-129889.6566339466
 30
0.0
 11
-5549.465686673648
 21
-129039.6566339466
 31
0.0
  0
LINE
  5
883
330
880
100
AcDbEntity
  8
S-Dim
 62
     8
440
 16777216
100
AcDbLine
 10
-893.4656866736476
 20
-129889.6566339466
 30
0.0
 11
-893.4656866736476
 21
-129039.6566339466
 31
0.0
  0
LINE
  5
884
330
880
100
AcDbEntity
  8
S-Dim
 62
     8
440
 16777216
100
AcDbLine
 10
-5399.465686673647
 20
-129189.6566339466
 30
0.0
 11
-1043.465686673648
 21
-129189.6566339466
 31
0.0
  0
INSERT
  5
885
330
880
100
AcDbEntity
  8
S-Dim
 62
     8
440
 16777216
100
AcDbBlockReference
  2
_ORIGIN
 10
-5549.465686673648
 20
-129189.6566339466
 30
0.0
 41
150.0
 42
150.0
 43
150.0
 50
180.0
  0
INSERT
  5
886
330
880
100
AcDbEntity
  8
S-Dim
 62
     8
440
 16777216
100
AcDbBlockReference
  2
_ORIGIN
 10
-893.4656866736476
 20
-129189.6566339466
 30
0.0
 41
150.0
 42
150.0
 43
150.0
  0
MTEXT
  5
887
330
880
100
AcDbEntity
  8
S-Dim
 62
     3
440
 16777216
100
AcDbMText
 10
-3221.465686673648
 20
-128964.6566339466
 30
0.0
 40
250.0
 41
0.0
 46
0.0
 71
     5
 72
     1
  1
\A1;W
  7
ROMANS
 73
     1
 44
1.0
  0
POINT
  5
888
330
880
100
AcDbEntity
  8
DEFPOINTS
 62
     0
440
 16777216
100
AcDbPoint
 10
-5549.465686673648
 20
-130039.6566339466
 30
0.0
  0
POINT
  5
889
330
880
100
AcDbEntity
  8
DEFPOINTS
 62
     0
440
 16777216
100
AcDbPoint
 10
-893.4656866736476
 20
-130039.6566339466
 30
0.0
  0
POINT
  5
88A
330
880
100
AcDbEntity
  8
DEFPOINTS
 62
     0
440
 16777216
100
AcDbPoint
 10
-893.4656866736476
 20
-129189.6566339466
 30
0.0
  0
ENDBLK
  5
88B
330
880
100
AcDbEntity
  8
0
100
AcDbBlockEnd
  0
BLOCK
  5
88D
330
88C
100
AcDbEntity
  8
0
100
AcDbBlockBegin
  2
*D37
 70
     1
 10
0.0
 20
0.0
 30
0.0
  3
*D37
  1

  0
LINE
  5
88E
330
88C
100
AcDbEntity
  8
S-Dim
 62
     8
440
 16777216
100
AcDbLine
 10
2078.827141645948
 20
-134364.6566339467
 30
0.0
 11
931.5343133264979
 21
-134364.6566339467
 31
0.0
  0
LINE
  5
88F
330
88C
100
AcDbEntity
  8
S-Dim
 62
     8
440
 16777216
100
AcDbLine
 10
1828.827141645948
 20
-134689.6566339467
 30
0.0
 11
931.5343133264981
 21
-134689.6566339467
 31
0.0
  0
MTEXT
  5
890
330
88C
100
AcDbEntity
  8
S-Dim
 62
     3
440
 16777216
100
AcDbMText
 10
1081.534313326352
 20
-134527.1566339467
 30
0.0
 40
250.0
 41
0.0
 46
0.0
 71
     5
 72
     1
  1
\A1;75
  7
ROMANS
 11
0.0000000000000001
 21
1.0
 31
0.0
 73
     1
 44
1.0
  0
LINE
  5
891
330
88C
100
AcDbEntity
  8
S-Dim
 62
     8
440
 16777216
100
AcDbLine
 10
1081.534313326498
 20
-134364.6566339467
 30
0.0
 11
1081.534313326498
 21
-134689.6566339467
 31
0.0
  0
POINT
  5
892
330
88C
100
AcDbEntity
  8
DEFPOINTS
 62
     0
440
 16777216
100
AcDbPoint
 10
2228.827141645948
 20
-134364.6566339467
 30
0.0
  0
POINT
  5
893
330
88C
100
AcDbEntity
  8
DEFPOINTS
 62
     0
440
 16777216
100
AcDbPoint
 10
1978.827141645948
 20
-134689.6566339467
 30
0.0
  0
POINT
  5
894
330
88C
100
AcDbEntity
  8
DEFPOINTS
 62
     0
440
 16777216
100
AcDbPoint
 10
1081.534313326498
 20
-134689.6566339467
 30
0.0
  0
ENDBLK
  5
895
330
88C
100
AcDbEntity
  8
0
100
AcDbBlockEnd
  0
BLOCK
  5
897
330
896
100
AcDbEntity
  8
0
100
AcDbBlockBegin
  2
*D38
 70
     1
 10
0.0
 20
0.0
 30
0.0
  3
*D38
  1

  0
LINE
  5
898
330
896
100
AcDbEntity
  8
S-Dim
 62
     8
440
 16777216
100
AcDbLine
 10
1978.827141645946
 20
-134839.6566339466
 30
0.0
 11
1978.827141645946
 21
-135754.7461867474
 31
0.0
  0
LINE
  5
899
330
896
100
AcDbEntity
  8
S-Dim
 62
     8
440
 16777216
100
AcDbLine
 10
2228.827141645947
 20
-134514.6566339466
 30
0.0
 11
2228.827141645947
 21
-135754.7461867474
 31
0.0
  0
MTEXT
  5
89A
330
896
100
AcDbEntity
  8
S-Dim
 62
     3
440
 16777216
100
AcDbMText
 10
2103.827141645947
 20
-135378.2715528892
 30
0.0
 40
250.0
 41
0.0
 46
0.0
 71
     5
 72
     1
  1
\A1;50
  7
ROMANS
 73
     1
 44
1.0
  0
LINE
  5
89B
330
896
100
AcDbEntity
  8
S-Dim
 62
     8
440
 16777216
100
AcDbLine
 10
1978.827141645946
 20
-135604.7461867474
 30
0.0
 11
2228.827141645947
 21
-135604.7461867474
 31
0.0
  0
POINT
  5
89C
330
896
100
AcDbEntity
  8
DEFPOINTS
 62
     0
440
 16777216
100
AcDbPoint
 10
1978.827141645946
 20
-134689.6566339466
 30
0.0
  0
POINT
  5
89D
330
896
100
AcDbEntity
  8
DEFPOINTS
 62
     0
440
 16777216
100
AcDbPoint
 10
2228.827141645947
 20
-134364.6566339466
 30
0.0
  0
POINT
  5
89E
330
896
100
AcDbEntity
  8
DEFPOINTS
 62
     0
440
 16777216
100
AcDbPoint
 10
2228.827141645947
 20
-135604.7461867474
 30
0.0
  0
ENDBLK
  5
89F
330
896
100
AcDbEntity
  8
0
100
AcDbBlockEnd
  0
BLOCK
  5
8A1
330
8A0
100
AcDbEntity
  8
0
100
AcDbBlockBegin
  2
*D39
 70
     1
 10
0.0
 20
0.0
 30
0.0
  3
*D39
  1

  0
LINE
  5
8A2
330
8A0
100
AcDbEntity
  8
S-Dim
 62
     8
440
 16777216
100
AcDbLine
 10
1828.827141645948
 20
-133439.6566339467
 30
0.0
 11
131.5343133264976
 21
-133439.6566339467
 31
0.0
  0
LINE
  5
8A3
330
8A0
100
AcDbEntity
  8
S-Dim
 62
     8
440
 16777216
100
AcDbLine
 10
1828.827141645948
 20
-134689.6566339467
 30
0.0
 11
131.5343133264979
 21
-134689.6566339467
 31
0.0
  0
LINE
  5
8A4
330
8A0
100
AcDbEntity
  8
S-Dim
 62
     8
440
 16777216
100
AcDbLine
 10
281.5343133264977
 20
-133589.6566339467
 30
0.0
 11
281.5343133264979
 21
-134539.6566339467
 31
0.0
  0
INSERT
  5
8A5
330
8A0
100
AcDbEntity
  8
S-Dim
 62
     8
440
 16777216
100
AcDbBlockReference
  2
_ORIGIN
 10
281.5343133264976
 20
-133439.6566339467
 30
0.0
 41
150.0
 42
150.0
 43
150.0
 50
90.0
  0
INSERT
  5
8A6
330
8A0
100
AcDbEntity
  8
S-Dim
 62
     8
440
 16777216
100
AcDbBlockReference
  2
_ORIGIN
 10
281.5343133264979
 20
-134689.6566339467
 30
0.0
 41
150.0
 42
150.0
 43
150.0
 50
270.0
  0
MTEXT
  5
8A7
330
8A0
100
AcDbEntity
  8
S-Dim
 62
     3
440
 16777216
100
AcDbMText
 10
56.53431332645975
 20
-134064.6566339467
 30
0.0
 40
250.0
 41
0.0
 46
0.0
 71
     5
 72
     1
  1
\A1;T
  7
ROMANS
 11
0.0000000000000001
 21
1.0
 31
0.0
 73
     1
 44
1.0
  0
POINT
  5
8A8
330
8A0
100
AcDbEntity
  8
DEFPOINTS
 62
     0
440
 16777216
100
AcDbPoint
 10
1978.827141645948
 20
-133439.6566339467
 30
0.0
  0
POINT
  5
8A9
330
8A0
100
AcDbEntity
  8
DEFPOINTS
 62
     0
440
 16777216
100
AcDbPoint
 10
1978.827141645948
 20
-134689.6566339467
 30
0.0
  0
POINT
  5
8AA
330
8A0
100
AcDbEntity
  8
DEFPOINTS
 62
     0
440
 16777216
100
AcDbPoint
 10
281.5343133264979
 20
-134689.6566339467
 30
0.0
  0
ENDBLK
  5
8AB
330
8A0
100
AcDbEntity
  8
0
100
AcDbBlockEnd
  0
BLOCK
  5
8AD
330
8AC
100
AcDbEntity
  8
0
100
AcDbBlockBegin
  2
*D40
 70
     1
 10
0.0
 20
0.0
 30
0.0
  3
*D40
  1

  0
LINE
  5
8AE
330
8AC
100
AcDbEntity
  8
S-Dim
 62
     8
440
 16777216
100
AcDbLine
 10
2253.827141645947
 20
-133964.6566339466
 30
0.0
 11
2253.827141645947
 21
-132372.4795532853
 31
0.0
  0
LINE
  5
8AF
330
8AC
100
AcDbEntity
  8
S-Dim
 62
     8
440
 16777216
100
AcDbLine
 10
3753.827141645947
 20
-133042.7551146873
 30
0.0
 11
3753.827141645947
 21
-132372.4795532853
 31
0.0
  0
LINE
  5
8B0
330
8AC
100
AcDbEntity
  8
S-Dim
 62
     8
440
 16777216
100
AcDbLine
 10
2403.827141645947
 20
-132522.4795532853
 30
0.0
 11
3603.827141645947
 21
-132522.4795532853
 31
0.0
  0
INSERT
  5
8B1
330
8AC
100
AcDbEntity
  8
S-Dim
 62
     8
440
 16777216
100
AcDbBlockReference
  2
_ORIGIN
 10
2253.827141645947
 20
-132522.4795532853
 30
0.0
 41
150.0
 42
150.0
 43
150.0
 50
180.0
  0
INSERT
  5
8B2
330
8AC
100
AcDbEntity
  8
S-Dim
 62
     8
440
 16777216
100
AcDbBlockReference
  2
_ORIGIN
 10
3753.827141645947
 20
-132522.4795532853
 30
0.0
 41
150.0
 42
150.0
 43
150.0
  0
MTEXT
  5
8B3
330
8AC
100
AcDbEntity
  8
S-Dim
 62
     3
440
 16777216
100
AcDbMText
 10
3003.827141645947
 20
-132297.4795532853
 30
0.0
 40
250.0
 41
0.0
 46
0.0
 71
     5
 72
     1
  1
\A1;300
  7
ROMANS
 73
     1
 44
1.0
  0
POINT
  5
8B4
330
8AC
100
AcDbEntity
  8
DEFPOINTS
 62
     0
440
 16777216
100
AcDbPoint
 10
2253.827141645947
 20
-134114.6566339466
 30
0.0
  0
POINT
  5
8B5
330
8AC
100
AcDbEntity
  8
DEFPOINTS
 62
     0
440
 16777216
100
AcDbPoint
 10
3753.827141645947
 20
-133192.7551146873
 30
0.0
  0
POINT
  5
8B6
330
8AC
100
AcDbEntity
  8
DEFPOINTS
 62
     0
440
 16777216
100
AcDbPoint
 10
3753.827141645947
 20
-132522.4795532853
 30
0.0
  0
ENDBLK
  5
8B7
330
8AC
100
AcDbEntity
  8
0
100
AcDbBlockEnd
  0
BLOCK
  5
8B9
330
8B8
100
AcDbEntity
  8
0
100
AcDbBlockBegin
  2
*D41
 70
     1
 10
0.0
 20
0.0
 30
0.0
  3
*D41
  1

  0
LINE
  5
8BA
330
8B8
100
AcDbEntity
  8
S-Dim
 62
     8
440
 16777216
100
AcDbLine
 10
1978.827141645946
 20
-134839.6566339466
 30
0.0
 11
1978.827141645946
 21
-136339.6566339466
 31
0.0
  0
LINE
  5
8BB
330
8B8
100
AcDbEntity
  8
S-Dim
 62
     8
440
 16777216
100
AcDbLine
 10
6628.827141645946
 20
-134839.6566339466
 30
0.0
 11
6628.827141645946
 21
-136339.6566339466
 31
0.0
  0
LINE
  5
8BC
330
8B8
100
AcDbEntity
  8
S-Dim
 62
     8
440
 16777216
100
AcDbLine
 10
2128.827141645947
 20
-136189.6566339466
 30
0.0
 11
6478.827141645947
 21
-136189.6566339466
 31
0.0
  0
INSERT
  5
8BD
330
8B8
100
AcDbEntity
  8
S-Dim
 62
     8
440
 16777216
100
AcDbBlockReference
  2
_ORIGIN
 10
1978.827141645946
 20
-136189.6566339466
 30
0.0
 41
150.0
 42
150.0
 43
150.0
 50
180.0
  0
INSERT
  5
8BE
330
8B8
100
AcDbEntity
  8
S-Dim
 62
     8
440
 16777216
100
AcDbBlockReference
  2
_ORIGIN
 10
6628.827141645946
 20
-136189.6566339466
 30
0.0
 41
150.0
 42
150.0
 43
150.0
  0
MTEXT
  5
8BF
330
8B8
100
AcDbEntity
  8
S-Dim
 62
     3
440
 16777216
100
AcDbMText
 10
4303.827141645946
 20
-135899.1804434704
 30
0.0
 40
250.0
 41
0.0
 46
0.0
 71
     5
 72
     1
  1
\A1;W x ( L )
  7
ROMANS
 73
     1
 44
1.0
  0
POINT
  5
8C0
330
8B8
100
AcDbEntity
  8
DEFPOINTS
 62
     0
440
 16777216
100
AcDbPoint
 10
1978.827141645946
 20
-134689.6566339466
 30
0.0
  0
POINT
  5
8C1
330
8B8
100
AcDbEntity
  8
DEFPOINTS
 62
     0
440
 16777216
100
AcDbPoint
 10
6628.827141645946
 20
-134689.6566339466
 30
0.0
  0
POINT
  5
8C2
330
8B8
100
AcDbEntity
  8
DEFPOINTS
 62
     0
440
 16777216
100
AcDbPoint
 10
6628.827141645946
 20
-136189.6566339466
 30
0.0
  0
ENDBLK
  5
8C3
330
8B8
100
AcDbEntity
  8
0
100
AcDbBlockEnd
  0
BLOCK
  5
A4C
330
A4B
100
AcDbEntity
  8
0
100
AcDbBlockBegin
  2
*D43
 70
     1
 10
0.0
 20
0.0
 30
0.0
  3
*D43
  1

  0
LINE
  5
B06
330
A4B
100
AcDbEntity
  8
S-Dim
 62
     8
440
 16777216
100
AcDbLine
 10
28616.34095620109
 20
17956.1840990579
 30
0.0
 11
31358.55846192656
 21
17956.1840990579
 31
0.0
  0
LINE
  5
B07
330
A4B
100
AcDbEntity
  8
S-Dim
 62
     8
440
 16777216
100
AcDbLine
 10
30205.85129024579
 20
13306.1840990579
 30
0.0
 11
31358.55846192656
 21
13306.1840990579
 31
0.0
  0
LINE
  5
B08
330
A4B
100
AcDbEntity
  8
S-Dim
 62
     8
440
 16777216
100
AcDbLine
 10
31208.55846192656
 20
17806.1840990579
 30
0.0
 11
31208.55846192656
 21
13456.1840990579
 31
0.0
  0
INSERT
  5
B09
330
A4B
100
AcDbEntity
  8
S-Dim
 62
     8
440
 16777216
100
AcDbBlockReference
  2
_ORIGIN
 10
31208.55846192656
 20
17956.1840990579
 30
0.0
 41
150.0
 42
150.0
 43
150.0
 50
90.0
  0
INSERT
  5
B0A
330
A4B
100
AcDbEntity
  8
S-Dim
 62
     8
440
 16777216
100
AcDbBlockReference
  2
_ORIGIN
 10
31208.55846192656
 20
13306.1840990579
 30
0.0
 41
150.0
 42
150.0
 43
150.0
 50
270.0
  0
MTEXT
  5
B0B
330
A4B
100
AcDbEntity
  8
S-Dim
 62
     3
440
 16777216
100
AcDbMText
 10
30983.55846192656
 20
15631.18409905789
 30
0.0
 40
250.0
 41
0.0
 46
0.0
 71
     5
 72
     1
  1
\A1;1600 
  7
ROMANS
 11
0.0000000000000001
 21
1.0
 31
0.0
 73
     1
 44
1.0
  0
POINT
  5
B0C
330
A4B
100
AcDbEntity
  8
DEFPOINTS
 62
     0
440
 16777216
100
AcDbPoint
 10
28466.34095620109
 20
17956.1840990579
 30
0.0
  0
POINT
  5
B0D
330
A4B
100
AcDbEntity
  8
DEFPOINTS
 62
     0
440
 16777216
100
AcDbPoint
 10
30055.85129024579
 20
13306.1840990579
 30
0.0
  0
POINT
  5
B0E
330
A4B
100
AcDbEntity
  8
DEFPOINTS
 62
     0
440
 16777216
100
AcDbPoint
 10
31208.55846192656
 20
13306.1840990579
 30
0.0
  0
ENDBLK
  5
A4D
330
A4B
100
AcDbEntity
  8
0
100
AcDbBlockEnd
  0
BLOCK
  5
A58
330
A57
100
AcDbEntity
  8
0
100
AcDbBlockBegin
  2
*D44
 70
     1
 10
0.0
 20
0.0
 30
0.0
  3
*D44
  1

  0
LINE
  5
AF4
330
A57
100
AcDbEntity
  8
S-Dim
 62
     8
440
 16777216
100
AcDbLine
 10
17727.55846192618
 20
17956.1840990579
 30
0.0
 11
16058.55846192639
 21
17956.1840990579
 31
0.0
  0
LINE
  5
AF5
330
A57
100
AcDbEntity
  8
S-Dim
 62
     8
440
 16777216
100
AcDbLine
 10
17727.55846192618
 20
13306.1840990579
 30
0.0
 11
16058.55846192639
 21
13306.1840990579
 31
0.0
  0
LINE
  5
AF6
330
A57
100
AcDbEntity
  8
S-Dim
 62
     8
440
 16777216
100
AcDbLine
 10
16208.55846192639
 20
17806.1840990579
 30
0.0
 11
16208.55846192639
 21
13456.1840990579
 31
0.0
  0
INSERT
  5
AF7
330
A57
100
AcDbEntity
  8
S-Dim
 62
     8
440
 16777216
100
AcDbBlockReference
  2
_ORIGIN
 10
16208.55846192639
 20
17956.1840990579
 30
0.0
 41
150.0
 42
150.0
 43
150.0
 50
90.0
  0
INSERT
  5
AF8
330
A57
100
AcDbEntity
  8
S-Dim
 62
     8
440
 16777216
100
AcDbBlockReference
  2
_ORIGIN
 10
16208.55846192639
 20
13306.1840990579
 30
0.0
 41
150.0
 42
150.0
 43
150.0
 50
270.0
  0
MTEXT
  5
AF9
330
A57
100
AcDbEntity
  8
S-Dim
 62
     3
440
 16777216
100
AcDbMText
 10
15983.55846192639
 20
15631.18409905789
 30
0.0
 40
250.0
 41
0.0
 46
0.0
 71
     5
 72
     1
  1
\A1;L
  7
ROMANS
 11
0.0000000000000001
 21
1.0
 31
0.0
 73
     1
 44
1.0
  0
POINT
  5
AFA
330
A57
100
AcDbEntity
  8
DEFPOINTS
 62
     0
440
 16777216
100
AcDbPoint
 10
17877.55846192618
 20
17956.1840990579
 30
0.0
  0
POINT
  5
AFB
330
A57
100
AcDbEntity
  8
DEFPOINTS
 62
     0
440
 16777216
100
AcDbPoint
 10
17877.55846192618
 20
13306.1840990579
 30
0.0
  0
POINT
  5
AFC
330
A57
100
AcDbEntity
  8
DEFPOINTS
 62
     0
440
 16777216
100
AcDbPoint
 10
16208.55846192639
 20
13306.1840990579
 30
0.0
  0
ENDBLK
  5
A59
330
A57
100
AcDbEntity
  8
0
100
AcDbBlockEnd
  0
BLOCK
  5
A64
330
A63
100
AcDbEntity
  8
0
100
AcDbBlockBegin
  2
*D45
 70
     1
 10
0.0
 20
0.0
 30
0.0
  3
*D45
  1

  0
LINE
  5
AFD
330
A63
100
AcDbEntity
  8
S-Dim
 62
     8
440
 16777216
100
AcDbLine
 10
17877.55846192618
 20
18106.18409905789
 30
0.0
 11
17877.55846192618
 21
18956.18409905789
 31
0.0
  0
LINE
  5
AFE
330
A63
100
AcDbEntity
  8
S-Dim
 62
     8
440
 16777216
100
AcDbLine
 10
22533.55846192618
 20
18106.18409905789
 30
0.0
 11
22533.55846192618
 21
18956.18409905789
 31
0.0
  0
LINE
  5
AFF
330
A63
100
AcDbEntity
  8
S-Dim
 62
     8
440
 16777216
100
AcDbLine
 10
18027.55846192618
 20
18806.18409905789
 30
0.0
 11
22383.55846192618
 21
18806.18409905789
 31
0.0
  0
INSERT
  5
B00
330
A63
100
AcDbEntity
  8
S-Dim
 62
     8
440
 16777216
100
AcDbBlockReference
  2
_ORIGIN
 10
17877.55846192618
 20
18806.18409905789
 30
0.0
 41
150.0
 42
150.0
 43
150.0
 50
180.0
  0
INSERT
  5
B01
330
A63
100
AcDbEntity
  8
S-Dim
 62
     8
440
 16777216
100
AcDbBlockReference
  2
_ORIGIN
 10
22533.55846192618
 20
18806.18409905789
 30
0.0
 41
150.0
 42
150.0
 43
150.0
  0
MTEXT
  5
B02
330
A63
100
AcDbEntity
  8
S-Dim
 62
     3
440
 16777216
100
AcDbMText
 10
20205.55846192618
 20
19031.18409905789
 30
0.0
 40
250.0
 41
0.0
 46
0.0
 71
     5
 72
     1
  1
\A1;W
  7
ROMANS
 73
     1
 44
1.0
  0
POINT
  5
B03
330
A63
100
AcDbEntity
  8
DEFPOINTS
 62
     0
440
 16777216
100
AcDbPoint
 10
17877.55846192618
 20
17956.18409905789
 30
0.0
  0
POINT
  5
B04
330
A63
100
AcDbEntity
  8
DEFPOINTS
 62
     0
440
 16777216
100
AcDbPoint
 10
22533.55846192618
 20
17956.18409905789
 30
0.0
  0
POINT
  5
B05
330
A63
100
AcDbEntity
  8
DEFPOINTS
 62
     0
440
 16777216
100
AcDbPoint
 10
22533.55846192618
 20
18806.18409905789
 30
0.0
  0
ENDBLK
  5
A65
330
A63
100
AcDbEntity
  8
0
100
AcDbBlockEnd
  0
BLOCK
  5
A79
330
A78
100
AcDbEntity
  8
0
100
AcDbBlockBegin
  2
*D46
 70
     1
 10
0.0
 20
0.0
 30
0.0
  3
*D46
  1

  0
LINE
  5
B0F
330
A78
100
AcDbEntity
  8
S-Dim
 62
     8
440
 16777216
100
AcDbLine
 10
25505.85129024579
 20
13631.1840990579
 30
0.0
 11
24358.55846192639
 21
13631.1840990579
 31
0.0
  0
LINE
  5
B10
330
A78
100
AcDbEntity
  8
S-Dim
 62
     8
440
 16777216
100
AcDbLine
 10
25255.85129024579
 20
13306.1840990579
 30
0.0
 11
24358.55846192639
 21
13306.1840990579
 31
0.0
  0
MTEXT
  5
B11
330
A78
100
AcDbEntity
  8
S-Dim
 62
     3
440
 16777216
100
AcDbMText
 10
24508.55846192618
 20
13468.68409905777
 30
0.0
 40
250.0
 41
0.0
 46
0.0
 71
     5
 72
     1
  1
\A1;75
  7
ROMANS
 11
0.0000000000000001
 21
1.0
 31
0.0
 73
     1
 44
1.0
  0
LINE
  5
B12
330
A78
100
AcDbEntity
  8
S-Dim
 62
     8
440
 16777216
100
AcDbLine
 10
24508.55846192639
 20
13631.1840990579
 30
0.0
 11
24508.55846192639
 21
13306.1840990579
 31
0.0
  0
POINT
  5
B13
330
A78
100
AcDbEntity
  8
DEFPOINTS
 62
     0
440
 16777216
100
AcDbPoint
 10
25655.85129024579
 20
13631.1840990579
 30
0.0
  0
POINT
  5
B14
330
A78
100
AcDbEntity
  8
DEFPOINTS
 62
     0
440
 16777216
100
AcDbPoint
 10
25405.85129024579
 20
13306.1840990579
 30
0.0
  0
POINT
  5
B15
330
A78
100
AcDbEntity
  8
DEFPOINTS
 62
     0
440
 16777216
100
AcDbPoint
 10
24508.55846192639
 20
13306.1840990579
 30
0.0
  0
ENDBLK
  5
A7A
330
A78
100
AcDbEntity
  8
0
100
AcDbBlockEnd
  0
BLOCK
  5
A83
330
A82
100
AcDbEntity
  8
0
100
AcDbBlockBegin
  2
*D47
 70
     1
 10
0.0
 20
0.0
 30
0.0
  3
*D47
  1

  0
LINE
  5
B16
330
A82
100
AcDbEntity
  8
S-Dim
 62
     8
440
 16777216
100
AcDbLine
 10
25405.85129024577
 20
13156.18409905789
 30
0.0
 11
25405.85129024577
 21
12241.09454625714
 31
0.0
  0
LINE
  5
B17
330
A82
100
AcDbEntity
  8
S-Dim
 62
     8
440
 16777216
100
AcDbLine
 10
25655.85129024577
 20
13481.18409905789
 30
0.0
 11
25655.85129024577
 21
12241.09454625714
 31
0.0
  0
MTEXT
  5
B18
330
A82
100
AcDbEntity
  8
S-Dim
 62
     3
440
 16777216
100
AcDbMText
 10
25530.85129024577
 20
12617.56918011533
 30
0.0
 40
250.0
 41
0.0
 46
0.0
 71
     5
 72
     1
  1
\A1;50
  7
ROMANS
 73
     1
 44
1.0
  0
LINE
  5
B19
330
A82
100
AcDbEntity
  8
S-Dim
 62
     8
440
 16777216
100
AcDbLine
 10
25405.85129024577
 20
12391.09454625714
 30
0.0
 11
25655.85129024577
 21
12391.09454625714
 31
0.0
  0
POINT
  5
B1A
330
A82
100
AcDbEntity
  8
DEFPOINTS
 62
     0
440
 16777216
100
AcDbPoint
 10
25405.85129024577
 20
13306.18409905789
 30
0.0
  0
POINT
  5
B1B
330
A82
100
AcDbEntity
  8
DEFPOINTS
 62
     0
440
 16777216
100
AcDbPoint
 10
25655.85129024577
 20
13631.18409905789
 30
0.0
  0
POINT
  5
B1C
330
A82
100
AcDbEntity
  8
DEFPOINTS
 62
     0
440
 16777216
100
AcDbPoint
 10
25655.85129024577
 20
12391.09454625714
 30
0.0
  0
ENDBLK
  5
A84
330
A82
100
AcDbEntity
  8
0
100
AcDbBlockEnd
  0
BLOCK
  5
A8D
330
A8C
100
AcDbEntity
  8
0
100
AcDbBlockBegin
  2
*D48
 70
     1
 10
0.0
 20
0.0
 30
0.0
  3
*D48
  1

  0
LINE
  5
B1D
330
A8C
100
AcDbEntity
  8
S-Dim
 62
     8
440
 16777216
100
AcDbLine
 10
25255.85129024579
 20
14556.1840990579
 30
0.0
 11
23558.55846192639
 21
14556.1840990579
 31
0.0
  0
LINE
  5
B1E
330
A8C
100
AcDbEntity
  8
S-Dim
 62
     8
440
 16777216
100
AcDbLine
 10
25255.85129024579
 20
13306.1840990579
 30
0.0
 11
23558.55846192639
 21
13306.1840990579
 31
0.0
  0
LINE
  5
B1F
330
A8C
100
AcDbEntity
  8
S-Dim
 62
     8
440
 16777216
100
AcDbLine
 10
23708.55846192639
 20
14406.1840990579
 30
0.0
 11
23708.55846192639
 21
13456.1840990579
 31
0.0
  0
INSERT
  5
B20
330
A8C
100
AcDbEntity
  8
S-Dim
 62
     8
440
 16777216
100
AcDbBlockReference
  2
_ORIGIN
 10
23708.55846192639
 20
14556.1840990579
 30
0.0
 41
150.0
 42
150.0
 43
150.0
 50
90.0
  0
INSERT
  5
B21
330
A8C
100
AcDbEntity
  8
S-Dim
 62
     8
440
 16777216
100
AcDbBlockReference
  2
_ORIGIN
 10
23708.55846192639
 20
13306.1840990579
 30
0.0
 41
150.0
 42
150.0
 43
150.0
 50
270.0
  0
MTEXT
  5
B22
330
A8C
100
AcDbEntity
  8
S-Dim
 62
     3
440
 16777216
100
AcDbMText
 10
23483.55846192639
 20
13931.18409905789
 30
0.0
 40
250.0
 41
0.0
 46
0.0
 71
     5
 72
     1
  1
\A1;T
  7
ROMANS
 11
0.0000000000000001
 21
1.0
 31
0.0
 73
     1
 44
1.0
  0
POINT
  5
B23
330
A8C
100
AcDbEntity
  8
DEFPOINTS
 62
     0
440
 16777216
100
AcDbPoint
 10
25405.85129024579
 20
14556.1840990579
 30
0.0
  0
POINT
  5
B24
330
A8C
100
AcDbEntity
  8
DEFPOINTS
 62
     0
440
 16777216
100
AcDbPoint
 10
25405.85129024579
 20
13306.1840990579
 30
0.0
  0
POINT
  5
B25
330
A8C
100
AcDbEntity
  8
DEFPOINTS
 62
     0
440
 16777216
100
AcDbPoint
 10
23708.55846192639
 20
13306.1840990579
 30
0.0
  0
ENDBLK
  5
A8E
330
A8C
100
AcDbEntity
  8
0
100
AcDbBlockEnd
  0
BLOCK
  5
A99
330
A98
100
AcDbEntity
  8
0
100
AcDbBlockBegin
  2
*D49
 70
     1
 10
0.0
 20
0.0
 30
0.0
  3
*D49
  1

  0
LINE
  5
B26
330
A98
100
AcDbEntity
  8
S-Dim
 62
     8
440
 16777216
100
AcDbLine
 10
25680.85129024578
 20
14031.18409905789
 30
0.0
 11
25680.85129024578
 21
15623.36117971918
 31
0.0
  0
LINE
  5
B27
330
A98
100
AcDbEntity
  8
S-Dim
 62
     8
440
 16777216
100
AcDbLine
 10
27180.85129024577
 20
14953.08561831721
 30
0.0
 11
27180.85129024577
 21
15623.36117971918
 31
0.0
  0
LINE
  5
B28
330
A98
100
AcDbEntity
  8
S-Dim
 62
     8
440
 16777216
100
AcDbLine
 10
25830.85129024577
 20
15473.36117971918
 30
0.0
 11
27030.85129024577
 21
15473.36117971918
 31
0.0
  0
INSERT
  5
B29
330
A98
100
AcDbEntity
  8
S-Dim
 62
     8
440
 16777216
100
AcDbBlockReference
  2
_ORIGIN
 10
25680.85129024578
 20
15473.36117971918
 30
0.0
 41
150.0
 42
150.0
 43
150.0
 50
180.0
  0
INSERT
  5
B2A
330
A98
100
AcDbEntity
  8
S-Dim
 62
     8
440
 16777216
100
AcDbBlockReference
  2
_ORIGIN
 10
27180.85129024577
 20
15473.36117971918
 30
0.0
 41
150.0
 42
150.0
 43
150.0
  0
MTEXT
  5
B2B
330
A98
100
AcDbEntity
  8
S-Dim
 62
     3
440
 16777216
100
AcDbMText
 10
26430.85129024577
 20
15698.36117971918
 30
0.0
 40
250.0
 41
0.0
 46
0.0
 71
     5
 72
     1
  1
\A1;300
  7
ROMANS
 73
     1
 44
1.0
  0
POINT
  5
B2C
330
A98
100
AcDbEntity
  8
DEFPOINTS
 62
     0
440
 16777216
100
AcDbPoint
 10
25680.85129024578
 20
13881.18409905789
 30
0.0
  0
POINT
  5
B2D
330
A98
100
AcDbEntity
  8
DEFPOINTS
 62
     0
440
 16777216
100
AcDbPoint
 10
27180.85129024577
 20
14803.08561831721
 30
0.0
  0
POINT
  5
B2E
330
A98
100
AcDbEntity
  8
DEFPOINTS
 62
     0
440
 16777216
100
AcDbPoint
 10
27180.85129024577
 20
15473.36117971918
 30
0.0
  0
ENDBLK
  5
A9A
330
A98
100
AcDbEntity
  8
0
100
AcDbBlockEnd
  0
BLOCK
  5
AA5
330
AA4
100
AcDbEntity
  8
0
100
AcDbBlockBegin
  2
*D50
 70
     1
 10
0.0
 20
0.0
 30
0.0
  3
*D50
  1

  0
LINE
  5
B2F
330
AA4
100
AcDbEntity
  8
S-Dim
 62
     8
440
 16777216
100
AcDbLine
 10
25405.85129024577
 20
13156.18409905789
 30
0.0
 11
25405.85129024577
 21
11656.18409905789
 31
0.0
  0
LINE
  5
B30
330
AA4
100
AcDbEntity
  8
S-Dim
 62
     8
440
 16777216
100
AcDbLine
 10
30055.85129024578
 20
13156.18409905789
 30
0.0
 11
30055.85129024578
 21
11656.18409905789
 31
0.0
  0
LINE
  5
B31
330
AA4
100
AcDbEntity
  8
S-Dim
 62
     8
440
 16777216
100
AcDbLine
 10
25555.85129024577
 20
11806.18409905789
 30
0.0
 11
29905.85129024577
 21
11806.18409905789
 31
0.0
  0
INSERT
  5
B32
330
AA4
100
AcDbEntity
  8
S-Dim
 62
     8
440
 16777216
100
AcDbBlockReference
  2
_ORIGIN
 10
25405.85129024577
 20
11806.18409905789
 30
0.0
 41
150.0
 42
150.0
 43
150.0
 50
180.0
  0
INSERT
  5
B33
330
AA4
100
AcDbEntity
  8
S-Dim
 62
     8
440
 16777216
100
AcDbBlockReference
  2
_ORIGIN
 10
30055.85129024578
 20
11806.18409905789
 30
0.0
 41
150.0
 42
150.0
 43
150.0
  0
MTEXT
  5
B34
330
AA4
100
AcDbEntity
  8
S-Dim
 62
     3
440
 16777216
100
AcDbMText
 10
27730.85129024577
 20
12096.66028953408
 30
0.0
 40
250.0
 41
0.0
 46
0.0
 71
     5
 72
     1
  1
\A1;W x ( L )
  7
ROMANS
 73
     1
 44
1.0
  0
POINT
  5
B35
330
AA4
100
AcDbEntity
  8
DEFPOINTS
 62
     0
440
 16777216
100
AcDbPoint
 10
25405.85129024577
 20
13306.18409905789
 30
0.0
  0
POINT
  5
B36
330
AA4
100
AcDbEntity
  8
DEFPOINTS
 62
     0
440
 16777216
100
AcDbPoint
 10
30055.85129024578
 20
13306.18409905789
 30
0.0
  0
POINT
  5
B37
330
AA4
100
AcDbEntity
  8
DEFPOINTS
 62
     0
440
 16777216
100
AcDbPoint
 10
30055.85129024578
 20
11806.18409905789
 30
0.0
  0
ENDBLK
  5
AA6
330
AA4
100
AcDbEntity
  8
0
100
AcDbBlockEnd
  0
ENDSEC
  0
SECTION
  2
ENTITIES
  0
LINE
  5
3CD
330
1F
100
AcDbEntity
  8
2Y
100
AcDbLine
 10
3700.000015990794
 20
2199.999992849931
 30
0.0
 11
3700.000015990794
 21
-0.0000071500107879
 31
0.0
  0
LINE
  5
3CE
330
1F
100
AcDbEntity
  8
2Y
100
AcDbLine
 10
2900.000015990794
 20
2199.999992849931
 30
0.0
 11
2900.000015990794
 21
-0.0000071500107879
 31
0.0
  0
LINE
  5
3CF
330
1F
100
AcDbEntity
  8
2Y
100
AcDbLine
 10
1700.000015990794
 20
2199.999992849931
 30
0.0
 11
1700.000015990794
 21
-0.0000071500107879
 31
0.0
  0
LINE
  5
3D0
330
1F
100
AcDbEntity
  8
2Y
100
AcDbLine
 10
500.000015990794
 20
2199.999992849975
 30
0.0
 11
500.000015990794
 21
-0.0000071500107879
 31
0.0
  0
LWPOLYLINE
  5
3D1
330
1F
100
AcDbEntity
  8
DEFPOINTS
100
AcDbPolyline
 90
        6
 70
     0
 43
0.0
 10
-0.0000022639724193
 20
-0.0000071500398917
 10
4239.999997736391
 20
-0.0000071500398917
 10
4239.999997736391
 20
8359.999992847981
 10
19.9999977360294
 20
8359.999992847972
 42
0.4142135623730951
 10
-0.0000022639706003
 20
8339.999992847975
 10
-0.0000022639724193
 20
-0.0000071496906457
  0
LINE
  5
3D2
330
1F
100
AcDbEntity
  8
2Y
100
AcDbLine
 10
0.0000159907940542
 20
199.9999928499892
 30
0.0
 11
4240.000015991157
 21
199.9999928499892
 31
0.0
  0
LINE
  5
3D3
330
1F
100
AcDbEntity
  8
2Y
100
AcDbLine
 10
0.0000159907940542
 20
399.9999928499892
 30
0.0
 11
4240.000015991157
 21
399.9999928498146
 31
0.0
  0
LINE
  5
3D4
330
1F
100
AcDbEntity
  8
6M
100
AcDbLine
 10
0.0000159907940542
 20
1599.999992849989
 30
0.0
 11
4240.000015991157
 21
1599.999992849815
 31
0.0
  0
LINE
  5
3D5
330
1F
100
AcDbEntity
  8
2Y
100
AcDbLine
 10
0.0000159907940542
 20
999.9999928499892
 30
0.0
 11
4240.000015991157
 21
999.9999928498146
 31
0.0
  0
LINE
  5
3D6
330
1F
100
AcDbEntity
  8
2Y
100
AcDbLine
 10
0.0000159907940542
 20
1399.999992849989
 30
0.0
 11
4240.000015991157
 21
1399.999992849989
 31
0.0
  0
LINE
  5
3D7
330
1F
100
AcDbEntity
  8
2Y
100
AcDbLine
 10
0.0000159907940542
 20
1199.999992849989
 30
0.0
 11
4240.000015991157
 21
1199.999992849989
 31
0.0
  0
LINE
  5
3D8
330
1F
100
AcDbEntity
  8
2Y
100
AcDbLine
 10
0.0000159907940542
 20
599.9999928499891
 30
0.0
 11
4240.000015991157
 21
599.9999928499891
 31
0.0
  0
LINE
  5
3D9
330
1F
100
AcDbEntity
  8
2Y
100
AcDbLine
 10
0.0000159907940542
 20
799.9999928499891
 30
0.0
 11
4240.000015991157
 21
799.9999928499891
 31
0.0
  0
TEXT
  5
3DA
330
1F
100
AcDbEntity
  8
TC
100
AcDbText
 10
148.8095398003179
 20
1874.999992849975
 30
0.0
 40
50.0
  1
MARK
  7
100CL
 72
     1
 11
250.0000159907941
 21
1899.999992849975
 31
0.0
100
AcDbText
 73
     2
  0
LINE
  5
3DB
330
1F
100
AcDbEntity
  8
2Y
100
AcDbLine
 10
2300.000015990794
 20
1799.999992849902
 30
0.0
 11
2300.000015990794
 21
-0.0000071500107879
 31
0.0
  0
LINE
  5
3DC
330
1F
100
AcDbEntity
  8
2Y
100
AcDbLine
 10
1300.000015990794
 20
1899.999992849945
 30
0.0
 11
1300.000015990794
 21
-0.0000071500107879
 31
0.0
  0
LINE
  5
3DD
330
1F
100
AcDbEntity
  8
2Y
100
AcDbLine
 10
900.0000159907941
 20
1899.99999284996
 30
0.0
 11
900.0000159907941
 21
-0.0000071500107879
 31
0.0
  0
TEXT
  5
3DE
330
1F
100
AcDbEntity
  8
TC
100
AcDbText
 10
2034.523825514604
 20
1874.999992849902
 30
0.0
 40
50.0
  1
BOTTOM BARS
  7
100CL
 72
     1
 11
2300.000015990794
 21
1899.999992849902
 31
0.0
100
AcDbText
 73
     2
  0
LINE
  5
3DF
330
1F
100
AcDbEntity
  8
2Y
100
AcDbLine
 10
1700.000015990794
 20
1999.999992849931
 30
0.0
 11
2900.000015990809
 21
1999.999992849887
 31
0.0
  0
LINE
  5
3E0
330
1F
100
AcDbEntity
  8
2Y
100
AcDbLine
 10
1700.000015990794
 20
1799.999992849931
 30
0.0
 11
2900.000015990809
 21
1799.999992849873
 31
0.0
  0
TEXT
  5
3E1
330
1F
100
AcDbEntity
  8
TC
100
AcDbText
 10
2416.336690656699
 20
1674.999992849887
 30
0.0
 40
50.0
  1
ALONG "W"
  7
100CL
 72
     1
 11
2621.098595418604
 21
1699.999992849887
 31
0.0
100
AcDbText
 73
     2
  0
TEXT
  5
3E2
330
1F
100
AcDbEntity
  8
TC
100
AcDbText
 10
1480.952396943175
 20
1724.999992849945
 30
0.0
 40
50.0
  1
T
  7
100CL
 72
     1
 11
1500.000015990794
 21
1749.999992849945
 31
0.0
100
AcDbText
 73
     2
  0
TEXT
  5
3E3
330
1F
100
AcDbEntity
  8
TC
100
AcDbText
 10
1071.428587419365
 20
1724.999992849945
 30
0.0
 40
50.0
  1
W
  7
100CL
 72
     1
 11
1100.000015990794
 21
1749.999992849945
 31
0.0
100
AcDbText
 73
     2
  0
LINE
  5
3E4
330
1F
100
AcDbEntity
  8
2Y
100
AcDbLine
 10
500.0000159908085
 20
1899.999992849975
 30
0.0
 11
1700.000015990794
 21
1899.999992849931
 31
0.0
  0
TEXT
  5
3E5
330
1F
100
AcDbEntity
  8
TC
100
AcDbText
 10
1803.571444562223
 20
1674.999992849916
 30
0.0
 40
50.0
  1
ALONG "L"
  7
100CL
 72
     1
 11
2000.000015990794
 21
1699.999992849916
 31
0.0
100
AcDbText
 73
     2
  0
TEXT
  5
3E6
330
1F
100
AcDbEntity
  8
TC
100
AcDbText
 10
676.1904921812702
 20
1724.99999284996
 30
0.0
 40
50.0
  1
L
  7
100CL
 72
     1
 11
700.0000159907941
 21
1749.99999284996
 31
0.0
100
AcDbText
 73
     2
  0
TEXT
  5
3E7
330
1F
100
AcDbEntity
  8
TC
100
AcDbText
 10
2936.904777895556
 20
1874.999992849902
 30
0.0
 40
50.0
  1
EMBEDMENT DEPTH
  7
100CL
 72
     1
 11
3300.000015990794
 21
1899.999992849902
 31
0.0
100
AcDbText
 73
     2
  0
TEXT
  5
3E8
330
1F
100
AcDbEntity
  8
TC
100
AcDbText
 10
3800.518895756925
 20
1874.999992849829
 30
0.0
 40
50.0
  1
REMARKS
  7
100CL
 72
     1
 11
3973.137943375972
 21
1899.999992849829
 31
0.0
100
AcDbText
 73
     2
  0
LINE
  5
3E9
330
1F
100
AcDbEntity
  8
6M
100
AcDbLine
 10
0.0000159907940542
 20
2599.999992849989
 30
0.0
 11
4240.000015991157
 21
2599.999992849815
 31
0.0
  0
LINE
  5
3EA
330
1F
100
AcDbEntity
  8
6M
100
AcDbLine
 10
0.0000159907940542
 20
2199.999992849989
 30
0.0
 11
4240.000015991157
 21
2199.999992849814
 31
0.0
  0
LINE
  5
3EB
330
1F
100
AcDbEntity
  8
7W
 62
     8
100
AcDbLine
 10
2585.934555754691
 20
7552.672216328108
 30
0.0
 11
2585.934555754691
 21
7384.442127408795
 31
0.0
  0
LINE
  5
3EC
330
1F
100
AcDbEntity
  8
BOTTOM BAR
 48
0.1
100
AcDbLine
 10
2823.134555754688
 20
6162.6722163281
 30
0.0
 11
2823.134555754688
 21
7572.672216328101
 31
0.0
  0
DIMENSION
  5
3ED
330
1F
100
AcDbEntity
  8
DIM
100
AcDbDimension
280
     0
  2
*D8
 10
932.9990571512617
 20
7592.672216328089
 30
0.0
 11
887.9990571512635
 21
6867.672216328088
 31
0.0
 70
    32
  1
W
 71
     5
 42
1450.000000000001
 73
     0
 74
     0
 75
     0
  3
DIM20
100
AcDbAlignedDimension
 13
1413.134555754688
 23
6142.672216328087
 33
0.0
 14
1413.134555754688
 24
7592.672216328087
 34
0.0
 50
90.0
100
AcDbRotatedDimension
  0
LWPOLYLINE
  5
3EE
330
1F
100
AcDbEntity
  8
FOOTING
  6
Continuous
100
AcDbPolyline
 90
        4
 70
   129
 43
0.0
 10
1413.134555754688
 20
7592.672216328087
 10
1413.134555754688
 20
6142.672216328087
 10
2863.134555754689
 20
6142.672216328087
 10
2863.134555754689
 20
7592.672216328087
  0
DIMENSION
  5
3EF
330
1F
100
AcDbEntity
  8
DIM
100
AcDbDimension
280
     0
  2
*D9
 10
711.5998983277681
 20
4161.689861693909
 30
0.0
 11
711.5998983277693
 21
4798.040140181089
 31
0.0
 70
    32
  1
EMBEDMENT\XDEPTH
 71
     5
 42
1272.700556974363
 73
     0
 74
     0
 75
     0
  3
DIM20
100
AcDbAlignedDimension
 13
1263.561582836017
 23
5434.390418668271
 33
0.0
 14
1413.134555754688
 24
4161.689861693907
 34
0.0
 50
270.0
100
AcDbRotatedDimension
  0
HATCH
  5
3F0
330
1F
100
AcDbEntity
  8
SHE
100
AcDbHatch
 10
0.0
 20
0.0
 30
0.0
210
0.0
220
0.0
230
1.0
  2
EARTH
 70
     0
 71
     0
 91
        1
 92
        1
 93
       10
 72
     1
 10
2340.959700466207
 20
5273.436557931069
 11
2848.492284621556
 21
5273.436557931069
 72
     1
 10
2848.492284621563
 20
5273.436557931069
 11
2848.492284621563
 21
5184.278691029911
 72
     1
 10
2848.492284621563
 20
5184.278691029904
 11
2715.235992270602
 21
5184.278691029904
 72
     1
 10
2715.235992270595
 20
5184.278691029904
 11
2699.013458184785
 21
5228.278702117489
 72
     1
 10
2699.013458184418
 20
5228.278702117663
 11
2665.409716791554
 21
5184.278691030079
 72
     1
 10
2665.409716791546
 20
5184.278691029904
 11
2515.931001253314
 21
5184.278691029904
 72
     1
 10
2515.93100125331
 20
5184.278691029904
 11
2486.962285441791
 21
5234.068123488672
 72
     1
 10
2486.962285441783
 20
5234.068123488847
 11
2466.104725774254
 21
5184.278691030079
 72
     1
 10
2466.104725774262
 20
5184.278691029904
 11
2351.388535749422
 21
5184.278691029904
 72
     1
 10
2351.388535749415
 20
5184.278691029904
 11
2340.959700466195
 21
5273.436557931062
 97
        0
 75
     0
 76
     1
 52
45.0
 41
300.0
 77
     0
 78
     6
 53
45.0
 43
-10013.39277701537
 44
68316.49771240251
 45
0.0000000000000071
 46
106.0660171779821
 79
     2
 49
75.0
 49
-75.0
 53
45.0
 43
-10033.28015523624
 44
68336.3850906234
 45
0.0000000000000071
 46
106.0660171779821
 79
     2
 49
75.0
 49
-75.0
 53
45.0
 43
-10053.16753345711
 44
68356.27246884427
 45
0.0000000000000071
 46
106.0660171779821
 79
     2
 49
75.0
 49
-75.0
 53
135.0
 43
-10053.16753345711
 44
68369.53072099151
 45
-106.0660171779821
 46
0.0000000000000142
 79
     2
 49
75.0
 49
-75.0
 53
135.0
 43
-10033.28015523624
 44
68389.41809921238
 45
-106.0660171779821
 46
0.0000000000000142
 79
     2
 49
75.0
 49
-75.0
 53
135.0
 43
-10013.39277701537
 44
68409.30547743325
 45
-106.0660171779821
 46
0.0000000000000142
 79
     2
 49
75.0
 49
-75.0
 98
        1
 10
-175708.1500908224
 20
-24738.6023020156
  0
HATCH
  5
3F1
330
1F
100
AcDbEntity
  8
SHE
100
AcDbHatch
 10
0.0
 20
0.0
 30
0.0
210
0.0
220
0.0
230
1.0
  2
EARTH
 70
     0
 71
     0
 91
        1
 92
        1
 93
       10
 72
     1
 10
1416.332813873028
 20
5273.436557931062
 11
1923.865398028378
 21
5273.436557931062
 72
     1
 10
1923.865398028371
 20
5273.436557931062
 11
1923.865398028371
 21
5184.278691029904
 72
     1
 10
1923.865398028371
 20
5184.278691029897
 11
1790.609105677409
 21
5184.278691029897
 72
     1
 10
1790.609105677416
 20
5184.278691029897
 11
1774.386571591607
 21
5228.278702117481
 72
     1
 10
1774.386571591225
 20
5228.278702117655
 11
1740.782830197986
 21
5184.278691030071
 72
     1
 10
1740.782830198368
 20
5184.278691029897
 11
1591.304114660506
 21
5184.278691029897
 72
     1
 10
1591.304114660132
 20
5184.278691029897
 11
1562.335398848612
 21
5234.068123488665
 72
     1
 10
1562.335398848605
 20
5234.06812348884
 11
1541.477839181076
 21
5184.278691030071
 72
     1
 10
1541.477839181083
 20
5184.278691029897
 11
1426.761649156244
 21
5184.278691029897
 72
     1
 10
1426.761649156236
 20
5184.278691029897
 11
1416.332813873017
 21
5273.436557931054
 97
        0
 75
     0
 76
     1
 52
45.0
 41
300.0
 77
     0
 78
     6
 53
45.0
 43
-10013.39277701537
 44
68316.49771240251
 45
0.0000000000000071
 46
106.0660171779821
 79
     2
 49
75.0
 49
-75.0
 53
45.0
 43
-10033.28015523624
 44
68336.3850906234
 45
0.0000000000000071
 46
106.0660171779821
 79
     2
 49
75.0
 49
-75.0
 53
45.0
 43
-10053.16753345711
 44
68356.27246884427
 45
0.0000000000000071
 46
106.0660171779821
 79
     2
 49
75.0
 49
-75.0
 53
135.0
 43
-10053.16753345711
 44
68369.53072099151
 45
-106.0660171779821
 46
0.0000000000000142
 79
     2
 49
75.0
 49
-75.0
 53
135.0
 43
-10033.28015523624
 44
68389.41809921238
 45
-106.0660171779821
 46
0.0000000000000142
 79
     2
 49
75.0
 49
-75.0
 53
135.0
 43
-10013.39277701537
 44
68409.30547743325
 45
-106.0660171779821
 46
0.0000000000000142
 79
     2
 49
75.0
 49
-75.0
 98
        1
 10
-176632.7769774155
 20
-24738.6023020156
  0
ELLIPSE
  5
3F2
330
1F
100
AcDbEntity
  8
SHE
100
AcDbEllipse
 10
1947.237743665159
 20
5217.560191128193
 30
0.0
 11
18.5818730703585
 21
0.0000000000000175
 31
0.0
210
0.0
220
0.0
230
-1.0
 40
0.5877361541246975
 41
0.0
 42
6.283185307179586
  0
ELLIPSE
  5
3F3
330
1F
100
AcDbEntity
  8
SHE
100
AcDbEllipse
 10
1980.531382293877
 20
5205.388547456234
 30
0.0
 11
18.5818730703585
 21
0.0000000000000175
 31
0.0
210
0.0
220
0.0
230
-1.0
 40
0.5877361541246975
 41
0.0
 42
6.283185307179586
  0
ELLIPSE
  5
3F4
330
1F
100
AcDbEntity
  8
SHE
100
AcDbEllipse
 10
2329.031367843855
 20
5217.5601911282
 30
0.0
 11
-18.5818730703585
 21
0.0000000000000175
 31
0.0
210
0.0
220
0.0
230
1.0
 40
0.5877361541246975
 41
0.0
 42
6.283185307179586
  0
ELLIPSE
  5
3F5
330
1F
100
AcDbEntity
  8
SHE
100
AcDbEllipse
 10
2295.7377292155
 20
5205.388547456241
 30
0.0
 11
-18.5818730703585
 21
0.0000000000000175
 31
0.0
210
0.0
220
0.0
230
1.0
 40
0.5877361541246975
 41
0.0
 42
6.283185307179586
  0
LINE
  5
3F6
330
1F
100
AcDbEntity
  8
3G
100
AcDbLine
 10
2000.634555754688
 20
5652.967699452412
 30
0.0
 11
2000.634555754688
 21
4411.689861693907
 31
0.0
  0
LINE
  5
3F7
330
1F
100
AcDbEntity
  8
3G
100
AcDbLine
 10
2275.634555754688
 20
5653.382492617813
 30
0.0
 11
2275.634555754688
 21
4411.689861693907
 31
0.0
  0
LINE
  5
3F8
330
1F
100
AcDbEntity
  8
3G
  6
CENTER2
100
AcDbLine
 10
2000.634555754688
 20
4411.689861693907
 30
0.0
 11
2000.634555754688
 21
5405.368196446063
 31
0.0
  0
LINE
  5
3F9
330
1F
100
AcDbEntity
  8
3G
  6
CENTER2
100
AcDbLine
 10
2275.634555754688
 20
4411.689861693907
 30
0.0
 11
2275.634555754688
 21
5405.368196446063
 31
0.0
  0
LINE
  5
3FA
330
1F
100
AcDbEntity
  8
3G
100
AcDbLine
 10
2275.634555754688
 20
4411.689861693907
 30
0.0
 11
2275.634555754688
 21
5405.368196446063
 31
0.0
  0
TEXT
  5
3FB
330
1F
100
AcDbEntity
  8
TC
100
AcDbText
 10
1812.500015990794
 20
2074.999992849902
 30
0.0
 40
50.0
  1
REINFORCEMENTS
 41
1.5
  7
100CL
 72
     1
 11
2300.000015990794
 21
2099.999992849902
 31
0.0
100
AcDbText
 73
     2
  0
LINE
  5
3FC
330
1F
100
AcDbEntity
  8
TITLE
 62
     2
100
AcDbLine
 10
817.0010508560372
 20
2973.39003717091
 30
0.0
 11
3682.998981125915
 21
2973.39003717091
 31
0.0
  0
TEXT
  5
3FD
330
1F
100
AcDbEntity
  8
TITLE
 62
     6
100
AcDbText
 10
1317.001050855673
 20
3008.309993018695
 30
0.0
 40
120.0
  1
DETAIL OF FOOTING
 41
0.9
  7
240CL
100
AcDbText
  0
TEXT
  5
3FE
330
1F
100
AcDbEntity
  8
TM
100
AcDbText
 10
660.7143017052613
 20
2349.999992849902
 30
0.0
 40
100.0
  1
SCHEDULE OF ISOLATED FOOTING
 41
1.25
  7
240CL
 72
     1
 11
2250.000015990976
 21
2399.999992849902
 31
0.0
100
AcDbText
 73
     2
  0
INSERT
  5
3FF
330
1F
100
AcDbEntity
  8
TITLE
 62
     2
100
AcDbBlockReference
 66
     1
  2
CIR
 10
817.0010508560372
 20
2973.39003717091
 30
0.0
 41
20.0
 42
20.0
 43
20.0
  0
ATTRIB
  5
400
330
3FF
100
AcDbEntity
  8
TITLE
 62
     5
100
AcDbText
 10
1017.001050856037
 20
3068.482428358701
 30
0.0
 40
90.0
  1

  7
ROMANS
 72
     4
 11
1017.001050856037
 21
3068.482428358701
 31
0.0
100
AcDbAttribute
280
     0
  2
A
 70
     0
280
     0
  0
ATTRIB
  5
401
330
3FF
100
AcDbEntity
  8
TITLE
 62
     2
100
AcDbText
 10
848.5693808597206
 20
2879.82752068813
 30
0.0
 40
50.0
  1

 41
0.3507492303948242
  7
ROMANS
 72
     5
 11
1003.066065676488
 21
2879.82752068813
 31
0.0
100
AcDbAttribute
280
     0
  2
S-1
 70
     0
280
     0
  0
ATTRIB
  5
402
330
3FF
100
AcDbEntity
  8
TITLE
 62
     2
100
AcDbText
 10
1024.200033448564
 20
2879.82752068813
 30
0.0
 40
50.0
  1

 41
0.3534274288257144
  7
ROMANS
 72
     5
 11
1179.876400907509
 21
2879.82752068813
 31
0.0
100
AcDbAttribute
280
     0
  2
S-1
 70
     0
280
     0
  0
SEQEND
  5
403
330
3FF
100
AcDbEntity
  8
0
  0
TEXT
  5
404
330
1F
100
AcDbEntity
  8
TITLE
 62
     2
100
AcDbText
 10
1324.531336949105
 20
2887.683539634112
 30
0.0
 40
50.0
  1
SCALE :
 41
0.9
  7
100CL
100
AcDbText
  0
TEXT
  5
405
330
1F
100
AcDbEntity
  8
TC
100
AcDbText
 10
766.0714445622227
 20
2024.999992849946
 30
0.0
 40
50.0
  1
DIMENSIONS
 41
1.5
  7
100CL
 72
     1
 11
1100.000015990794
 21
2049.999992849945
 31
0.0
100
AcDbText
 73
     2
  0
TEXT
  5
406
330
1F
100
AcDbEntity
  8
TITLE
 62
     2
100
AcDbText
 10
3441.020570244102
 20
2887.683539634112
 30
0.0
 40
50.0
  1
N.T.S.
 41
0.9
  7
100CL
 72
     2
 11
3621.020570244102
 21
2887.683539634112
 31
0.0
100
AcDbText
  0
LINE
  5
407
330
1F
100
AcDbEntity
  8
BOTTOM BAR
100
AcDbLine
 10
1433.134555754688
 20
4203.189861693718
 30
0.0
 11
2843.134555754689
 21
4203.189861693718
 31
0.0
  0
LINE
  5
408
330
1F
100
AcDbEntity
  8
3G
100
AcDbLine
 10
1413.134555754688
 20
4161.689861693907
 30
0.0
 11
2863.134555754689
 21
4161.689861693907
 31
0.0
  0
HATCH
  5
409
330
1F
100
AcDbEntity
  8
SHE
100
AcDbHatch
 10
0.0
 20
0.0
 30
0.0
210
0.0
220
0.0
230
1.0
  2
EARTH
 70
     0
 71
     0
 91
        1
 92
        7
 72
     0
 73
     1
 93
       17
 10
2878.084613371139
 20
4111.635315974162
 10
1428.084613371138
 20
4111.635315974162
 10
1428.084613371138
 20
4007.635315974162
 10
1569.084613371138
 20
4015.135315974163
 10
1683.084613371138
 20
4007.635315974162
 10
1872.084613371138
 20
3997.135315973974
 10
1921.584613371138
 20
4012.635315974163
 10
2033.084613371139
 20
4007.635315974162
 10
2147.084613371138
 20
3999.635315973974
 10
2299.584613371139
 20
4010.135315974163
 10
2426.584613371139
 20
3999.635315973974
 10
2486.584613371139
 20
4012.635315974163
 10
2600.584613371138
 20
4010.135315974163
 10
2644.584613371139
 20
3999.635315973974
 10
2732.584613370775
 20
4012.635315974163
 10
2779.084613371138
 20
4012.635315974163
 10
2878.084613371139
 20
4007.635315974162
 97
        0
 75
     0
 76
     1
 52
45.0
 41
300.0
 77
     0
 78
     6
 53
45.0
 43
-9998.442719398918
 44
67584.23857310331
 45
0.0000000000000071
 46
106.0660171779821
 79
     2
 49
75.0
 49
-75.0
 53
45.0
 43
-10018.33009761979
 44
67604.12595132418
 45
0.0000000000000071
 46
106.0660171779821
 79
     2
 49
75.0
 49
-75.0
 53
45.0
 43
-10038.21747584066
 44
67624.01332954505
 45
0.0000000000000071
 46
106.0660171779821
 79
     2
 49
75.0
 49
-75.0
 53
135.0
 43
-10038.21747584066
 44
67637.27158169229
 45
-106.0660171779821
 46
0.0000000000000142
 79
     2
 49
75.0
 49
-75.0
 53
135.0
 43
-10018.33009761979
 44
67657.15895991316
 45
-106.0660171779821
 46
0.0000000000000142
 79
     2
 49
75.0
 49
-75.0
 53
135.0
 43
-9998.442719398918
 44
67677.04633813405
 45
-106.0660171779821
 46
0.0000000000000142
 79
     2
 49
75.0
 49
-75.0
 47
32.61925524304379
 98
        1
 10
2352.684613370766
 20
4052.735315973979
  0
LINE
  5
40A
330
1F
100
AcDbEntity
  8
3G
100
AcDbLine
 10
2863.134555754689
 20
4411.689861693907
 30
0.0
 11
2525.634555754689
 21
4411.689861693907
 31
0.0
  0
ELLIPSE
  5
40B
330
1F
100
AcDbEntity
  8
SHE
100
AcDbEllipse
 10
1939.92965334568
 20
5196.462765200405
 30
0.0
 11
18.5818730703585
 21
0.0000000000000175
 31
0.0
210
0.0
220
0.0
230
-1.0
 40
0.5877361541246975
 41
0.0
 42
6.283185307179586
  0
ELLIPSE
  5
40C
330
1F
100
AcDbEntity
  8
SHE
100
AcDbEllipse
 10
2336.339458163333
 20
5196.462765200413
 30
0.0
 11
-18.5818730703585
 21
0.0000000000000175
 31
0.0
210
0.0
220
0.0
230
1.0
 40
0.5877361541246975
 41
0.0
 42
6.283185307179586
  0
TEXT
  5
40D
330
1F
100
AcDbEntity
  8
TM
100
AcDbText
 10
1872.021223004049
 20
3625.329553339667
 30
0.0
 40
80.0
  1
SECTION
  7
240CL
100
AcDbText
  0
LWPOLYLINE
  5
40E
330
1F
100
AcDbEntity
  8
BOTTOM BAR
 62
     3
100
AcDbPolyline
 90
        2
 70
   129
 43
12.5
 10
1798.134555754688
 20
4225.189861693892
 42
-1.0
 10
1785.634555754688
 20
4225.189861693892
 42
-1.0
  0
LINE
  5
40F
330
1F
100
AcDbEntity
  8
3G
100
AcDbLine
 10
1750.634555754688
 20
4411.689861693907
 30
0.0
 11
2000.634555754688
 21
4411.689861693907
 31
0.0
  0
LINE
  5
410
330
1F
100
AcDbEntity
  8
3G
100
AcDbLine
 10
1413.134555754688
 20
4411.689861693907
 30
0.0
 11
1750.634555754688
 21
4411.689861693907
 31
0.0
  0
LWPOLYLINE
  5
411
330
1F
100
AcDbEntity
  8
BOTTOM BAR
 62
     3
100
AcDbPolyline
 90
        2
 70
   129
 43
12.5
 10
1451.884555754688
 20
4225.189861693892
 42
-1.0
 10
1439.384555754688
 20
4225.189861693892
 42
-1.0
  0
LINE
  5
412
330
1F
100
AcDbEntity
  8
3G
100
AcDbLine
 10
1413.134555754688
 20
4411.689861693907
 30
0.0
 11
1413.134555754688
 21
4161.689861693907
 31
0.0
  0
LWPOLYLINE
  5
413
330
1F
100
AcDbEntity
  8
BOTTOM BAR
 62
     3
100
AcDbPolyline
 90
        2
 70
   129
 43
12.5
 10
1625.009555754688
 20
4225.189861693892
 42
-1.0
 10
1612.509555754688
 20
4225.189861693892
 42
-1.0
  0
LWPOLYLINE
  5
414
330
1F
100
AcDbEntity
  8
BOTTOM BAR
 62
     3
100
AcDbPolyline
 90
        2
 70
   129
 43
12.5
 10
1971.259555754688
 20
4225.189861693892
 42
-1.0
 10
1958.759555754688
 20
4225.189861693892
 42
-1.0
  0
LWPOLYLINE
  5
415
330
1F
100
AcDbEntity
  8
BOTTOM BAR
 62
     3
100
AcDbPolyline
 90
        2
 70
   129
 43
12.5
 10
2144.384555754689
 20
4225.189861693892
 42
-1.0
 10
2131.884555754688
 20
4225.189861693892
 42
-1.0
  0
LWPOLYLINE
  5
416
330
1F
100
AcDbEntity
  8
BOTTOM BAR
 62
     3
100
AcDbPolyline
 90
        2
 70
   129
 43
12.5
 10
2317.509555754688
 20
4225.189861693892
 42
-1.0
 10
2305.009555754688
 20
4225.189861693892
 42
-1.0
  0
LWPOLYLINE
  5
417
330
1F
100
AcDbEntity
  8
BOTTOM BAR
 62
     3
100
AcDbPolyline
 90
        2
 70
   129
 43
12.5
 10
2490.634555754688
 20
4225.189861693892
 42
-1.0
 10
2478.134555754689
 20
4225.189861693892
 42
-1.0
  0
LINE
  5
418
330
1F
100
AcDbEntity
  8
3G
100
AcDbLine
 10
2275.634555754688
 20
4411.689861693907
 30
0.0
 11
2525.634555754689
 21
4411.689861693907
 31
0.0
  0
LWPOLYLINE
  5
419
330
1F
100
AcDbEntity
  8
BOTTOM BAR
 62
     3
100
AcDbPolyline
 90
        2
 70
   129
 43
12.5
 10
2663.759555754689
 20
4225.189861693892
 42
-1.0
 10
2651.259555754688
 20
4225.189861693892
 42
-1.0
  0
LWPOLYLINE
  5
41A
330
1F
100
AcDbEntity
  8
BOTTOM BAR
 62
     3
100
AcDbPolyline
 90
        2
 70
   129
 43
12.5
 10
2824.384555754689
 20
4225.189861693892
 42
1.0
 10
2836.884555754688
 20
4225.189861693892
 42
1.0
  0
LINE
  5
41B
330
1F
100
AcDbEntity
  8
3G
100
AcDbLine
 10
2863.134555754689
 20
4411.689861693921
 30
0.0
 11
2863.134555754689
 21
4161.689861693921
 31
0.0
  0
DIMENSION
  5
41C
330
1F
100
AcDbEntity
  8
DIM
100
AcDbDimension
280
     0
  2
*D10
 10
3174.370942307233
 20
4411.689861693909
 30
0.0
 11
3129.370942307233
 21
4286.689861693914
 31
0.0
 70
    32
  1
T
 71
     5
 42
249.9999999999854
 73
     0
 74
     0
 75
     0
  3
DIM20
100
AcDbAlignedDimension
 13
2863.134555754689
 23
4161.689861693921
 33
0.0
 14
2863.134555754689
 24
4411.689861693907
 34
0.0
 50
90.0
100
AcDbRotatedDimension
  0
TEXT
  5
41D
330
1F
100
AcDbEntity
  8
TM
100
AcDbText
 10
2001.439346627769
 20
5863.511470191021
 30
0.0
 40
80.0
  1
PLAN
  7
240CL
100
AcDbText
  0
ELLIPSE
  5
41E
330
1F
100
AcDbEntity
  8
SHE
100
AcDbEllipse
 10
2568.167633842197
 20
5309.196761989573
 30
0.0
 11
-18.5818730703585
 21
0.0000000000000175
 31
0.0
210
0.0
220
0.0
230
1.0
 40
0.5877361541246975
 41
0.0
 42
6.283185307179586
  0
SPLINE
  5
41F
330
1F
100
AcDbEntity
  8
SHE
100
AcDbSpline
210
0.0
220
0.0
230
1.0
 70
     9
 71
     3
 72
    96
 73
    92
 74
     0
 42
0.000000001
 43
0.0000000001
 40
0.0
 40
0.0
 40
0.0
 40
0.0
 40
0.0786895064256901
 40
0.0786895064256901
 40
0.1573790128513802
 40
0.1573790128513802
 40
0.2360685192770703
 40
0.2360685192770703
 40
0.3147580257027605
 40
0.3147580257027605
 40
0.3934475321284505
 40
0.3934475321284505
 40
0.5082647294347622
 40
0.5082647294347622
 40
0.623081926741074
 40
0.623081926741074
 40
0.7378991240473856
 40
0.7378991240473856
 40
0.8527163213536972
 40
0.8527163213536972
 40
1.032711676229336
 40
1.032711676229336
 40
1.212707031104975
 40
1.212707031104975
 40
1.392702385980614
 40
1.392702385980614
 40
1.572697740856254
 40
1.572697740856254
 40
1.820421057578634
 40
1.820421057578634
 40
2.068144374301015
 40
2.068144374301015
 40
2.246143553036541
 40
2.246143553036541
 40
2.424142731772068
 40
2.424142731772068
 40
2.55896255734683
 40
2.55896255734683
 40
2.693782382921591
 40
2.693782382921591
 40
2.799799258131841
 40
2.799799258131841
 40
2.905816133342091
 40
2.905816133342091
 40
3.011833008552341
 40
3.011833008552341
 40
3.117849883762591
 40
3.117849883762591
 40
3.223866758972841
 40
3.223866758972841
 40
3.329883634183091
 40
3.329883634183091
 40
3.435900509393341
 40
3.435900509393341
 40
3.541917384603591
 40
3.541917384603591
 40
3.647934259813841
 40
3.647934259813841
 40
3.753951135024091
 40
3.753951135024091
 40
3.859968010234341
 40
3.859968010234341
 40
4.020034137046859
 40
4.020034137046859
 40
4.180100263859378
 40
4.180100263859378
 40
4.340166390671896
 40
4.340166390671896
 40
4.500232517484414
 40
4.500232517484414
 40
4.82477702003036
 40
4.82477702003036
 40
5.056930816649026
 40
5.056930816649026
 40
5.289084613267691
 40
5.289084613267691
 40
5.457335749648817
 40
5.457335749648817
 40
5.625586886029942
 40
5.625586886029942
 40
5.75327115156255
 40
5.75327115156255
 40
5.880955417095158
 40
5.880955417095158
 40
5.983373679873519
 40
5.983373679873519
 40
6.08579194265188
 40
6.08579194265188
 40
6.188210205430241
 40
6.188210205430241
 40
6.283185307179586
 40
6.283185307179586
 40
6.283185307179586
 40
6.283185307179586
 10
2495.584050081918
 20
5297.065156354176
 30
0.0
 10
2495.584050081918
 20
5296.331014404612
 30
0.0
 10
2495.633475483832
 20
5295.596934033543
 30
0.0
 10
2495.827782114109
 20
5294.148644428875
 30
0.0
 10
2495.972597763947
 20
5293.434531485647
 30
0.0
 10
2496.348390975109
 20
5292.042728651853
 30
0.0
 10
2496.579273629818
 20
5291.365073934183
 30
0.0
 10
2497.114561897019
 20
5290.057224101562
 30
0.0
 10
2497.418886088083
 20
5289.427007502862
 30
0.0
 10
2498.08785365324
 20
5288.21939571145
 30
0.0
 10
2498.452450522294
 20
5287.641949783996
 30
0.0
 10
2499.408697503692
 20
5286.287978415362
 30
0.0
 10
2500.027475906783
 20
5285.541828731802
 30
0.0
 10
2501.340009562177
 20
5284.157072987204
 30
0.0
 10
2502.033843466896
 20
5283.518241915285
 30
0.0
 10
2503.478488343841
 20
5282.336634540538
 30
0.0
 10
2504.229409193126
 20
5281.793761640031
 30
0.0
 10
2505.776915535957
 20
5280.793452521393
 30
0.0
 10
2506.573585372666
 20
5280.335994666239
 30
0.0
 10
2508.667914929873
 20
5279.260574491679
 30
0.0
 10
2509.993271402898
 20
5278.698626489553
 30
0.0
 10
2512.714141913384
 20
5277.744204871895
 30
0.0
 10
2514.109822022801
 20
5277.351899328627
 30
0.0
 10
2516.949518763533
 20
5276.727323918778
 30
0.0
 10
2518.39355657014
 20
5276.495172800103
 30
0.0
 10
2521.306353165084
 20
5276.187018965735
 30
0.0
 10
2522.775079394764
 20
5276.111072188607
 30
0.0
 10
2526.264916733533
 20
5276.114972203767
 30
0.0
 10
2528.285774759832
 20
5276.264008554994
 30
0.0
 10
2532.262422280634
 20
5276.859864524173
 30
0.0
 10
2534.218134096518
 20
5277.306286726685
 30
0.0
 10
2537.472189509383
 20
5278.344528318368
 30
0.0
 10
2538.80079744781
 20
5278.860122262297
 30
0.0
 10
2541.372398290289
 20
5280.070763995114
 30
0.0
 10
2542.615762613961
 20
5280.765692266999
 30
0.0
 10
2544.701089177907
 20
5282.170309714959
 30
0.0
 10
2545.567327044046
 20
5282.835742506563
 30
0.0
 10
2547.213747615242
 20
5284.304267439424
 30
0.0
 10
2547.994171712795
 20
5285.10766626893
 30
0.0
 10
2549.279869023958
 20
5286.680767897124
 30
0.0
 10
2549.808135838685
 20
5287.421141031736
 30
0.0
 10
2550.763348954803
 20
5288.999226326108
 30
0.0
 10
2551.190142309541
 20
5289.837174263958
 30
0.0
 10
2551.91059182871
 20
5291.599685122434
 30
0.0
 10
2552.20389144223
 20
5292.524337437368
 30
0.0
 10
2552.627253671628
 20
5294.431148833581
 30
0.0
 10
2552.756927742317
 20
5295.413050987001
 30
0.0
 10
2552.836755102384
 20
5297.388755046748
 30
0.0
 10
2552.786814562496
 20
5298.382031458226
 30
0.0
 10
2552.513397161165
 20
5300.330816137779
 30
0.0
 10
2552.290213632092
 20
5301.285912967084
 30
0.0
 10
2551.69551832552
 20
5303.12022006845
 30
0.0
 10
2551.324414320916
 20
5303.999379836939
 30
0.0
 10
2550.466565456125
 20
5305.662763377259
 30
0.0
 10
2549.980069115263
 20
5306.447186702848
 30
0.0
 10
2548.920909959328
 20
5307.918220183797
 30
0.0
 10
2548.348298827434
 20
5308.605060835907
 30
0.0
 10
2547.138718057308
 20
5309.886991056977
 30
0.0
 10
2546.501696120831
 20
5310.482233341769
 30
0.0
 10
2545.177836814037
 20
5311.589922650703
 30
0.0
 10
2544.490924943864
 20
5312.102440918228
 30
0.0
 10
2542.716260146975
 20
5313.295574600605
 30
0.0
 10
2541.602766473851
 20
5313.928945605075
 30
0.0
 10
2539.305197793496
 20
5315.04880636184
 30
0.0
 10
2538.120884521938
 20
5315.535232997295
 30
0.0
 10
2535.697257632637
 20
5316.374229592256
 30
0.0
 10
2534.457856543246
 20
5316.726705978799
 30
0.0
 10
2531.939434837055
 20
5317.304596390371
 30
0.0
 10
2530.660399145519
 20
5317.529941683999
 30
0.0
 10
2526.752965307489
 20
5318.024611577755
 30
0.0
 10
2524.088438593855
 20
5318.101797618699
 30
0.0
 10
2519.56131861906
 20
5317.801495446431
 30
0.0
 10
2517.686559344715
 20
5317.547062009369
 30
0.0
 10
2514.014786172542
 20
5316.772640138108
 30
0.0
 10
2512.217710234472
 20
5316.25305768194
 30
0.0
 10
2509.226116248101
 20
5315.109381908536
 30
0.0
 10
2508.001720711473
 20
5314.553321281622
 30
0.0
 10
2505.637956112507
 20
5313.272134131738
 30
0.0
 10
2504.498190301543
 20
5312.54703109189
 30
0.0
 10
2502.593377160534
 20
5311.09736142827
 30
0.0
 10
2501.804223917672
 20
5310.414589632841
 30
0.0
 10
2500.313660135376
 20
5308.919103788576
 30
0.0
 10
2499.612094444296
 20
5308.106052852032
 30
0.0
 10
2498.459304364282
 20
5306.513439226692
 30
0.0
 10
2497.986206224814
 20
5305.758984603715
 30
0.0
 10
2497.145961367598
 20
5304.161460914445
 30
0.0
 10
2496.779014254993
 20
5303.318217982145
 30
0.0
 10
2496.180283931899
 20
5301.558720375396
 30
0.0
 10
2495.948839326826
 20
5300.642482826282
 30
0.0
 10
2495.656228409964
 20
5298.837160502167
 30
0.0
 10
2495.584050081918
 20
5297.951236516776
 30
0.0
 10
2495.584050081918
 20
5297.065156354176
 30
0.0
  0
LINE
  5
420
330
1F
100
AcDbEntity
  8
2Y
100
AcDbLine
 10
2282.301222421112
 20
5319.879307556897
 30
0.0
 11
3012.499030472222
 21
5319.879307556897
 31
0.0
  0
LINE
  5
421
330
1F
100
AcDbEntity
  8
2Y
100
AcDbLine
 10
2285.634555754688
 20
5434.390418668256
 30
0.0
 11
3012.70752867336
 21
5434.390418668271
 31
0.0
  0
LWPOLYLINE
  5
422
330
1F
100
AcDbEntity
  8
TG
 62
     1
100
AcDbPolyline
 90
        3
 70
     1
 43
0.0
 10
1356.031881117389
 20
5434.390418668278
 10
1393.531881117389
 20
5499.342323952107
 10
1318.531881117389
 20
5499.342323952107
  0
LINE
  5
423
330
1F
100
AcDbEntity
  8
TG
 62
     1
100
AcDbLine
 10
1356.031881117393
 20
5434.390418668271
 30
0.0
 11
1356.031881117393
 21
5499.342323952107
 31
0.0
  0
HATCH
  5
424
330
1F
100
AcDbEntity
  8
TG
 62
     1
100
AcDbHatch
 10
0.0
 20
0.0
 30
0.0
210
0.0
220
0.0
230
1.0
  2
SOLID
 70
     1
 71
     0
 91
        1
 92
        7
 72
     0
 73
     1
 93
        3
 10
1393.531881117386
 20
5499.342323952107
 10
1356.031881117393
 20
5499.342323952107
 10
1356.031881117393
 20
5434.390418668285
 97
        0
 75
     0
 76
     1
 47
0.3319990362700588
 98
        1
 10
1373.966898514085
 20
5486.38619934376
450
        0
451
        0
460
0.0
461
0.0
452
        0
462
0.0
453
        0
470

  0
LINE
  5
425
330
1F
100
AcDbEntity
  8
2Y
100
AcDbLine
 10
1990.634555754703
 20
5434.390418668271
 30
0.0
 11
1990.634555754703
 21
5319.87930755689
 31
0.0
  0
HATCH
  5
426
330
1F
100
AcDbEntity
  8
SHE
100
AcDbHatch
 10
0.0
 20
0.0
 30
0.0
210
0.0
220
0.0
230
1.0
  2
ANSI31
 70
     0
 71
     0
 91
        1
 92
        7
 72
     0
 73
     1
 93
        4
 10
2275.634555754324
 20
5319.879307557065
 10
2285.634555754688
 20
5319.879307557065
 10
2285.634555754688
 20
5434.390418668256
 10
2275.634555754688
 20
5434.390418668256
 97
        0
 75
     0
 76
     1
 52
315.0
 41
20.0
 77
     0
 78
     1
 53
0.0
 43
-10025.57619961141
 44
-1134.520323585559
 45
0.0000000000000009
 46
2.5
 79
     0
 47
7.9717130800499
 98
        1
 10
2280.512510607267
 20
5409.539944081735
  0
LWPOLYLINE
  5
427
330
1F
100
AcDbEntity
  8
SHE
100
AcDbPolyline
 90
        4
 70
     1
 43
0.0
 10
2285.634555754688
 20
5434.390418668256
 10
2275.634555754688
 20
5434.390418668256
 10
2275.634555754688
 20
5319.879307557065
 10
2285.634555754688
 20
5319.879307557065
  0
LINE
  5
428
330
1F
100
AcDbEntity
  8
SHE
100
AcDbLine
 10
2275.634555754688
 20
5434.390418668271
 30
0.0
 11
2275.634555754688
 21
5319.879307557065
 31
0.0
  0
HATCH
  5
429
330
1F
100
AcDbEntity
  8
SHE
100
AcDbHatch
 10
0.0
 20
0.0
 30
0.0
210
0.0
220
0.0
230
1.0
  2
ANSI31
 70
     0
 71
     0
 91
        1
 92
        7
 72
     0
 73
     1
 93
        4
 10
1990.634555754325
 20
5319.879307557065
 10
2000.634555754688
 20
5319.879307557065
 10
2000.634555754688
 20
5434.390418668256
 10
1990.634555754688
 20
5434.390418668256
 97
        0
 75
     0
 76
     1
 52
315.0
 41
20.0
 77
     0
 78
     1
 53
0.0
 43
-10025.57619961141
 44
-1134.520323585559
 45
0.0000000000000009
 46
2.5
 79
     0
 47
7.9717130800499
 98
        1
 10
1995.512510607266
 20
5409.539944081735
  0
LWPOLYLINE
  5
42A
330
1F
100
AcDbEntity
  8
SHE
100
AcDbPolyline
 90
        4
 70
     1
 43
0.0
 10
2000.634555754688
 20
5434.390418668256
 10
1990.634555754688
 20
5434.390418668256
 10
1990.634555754688
 20
5319.879307557065
 10
2000.634555754688
 20
5319.879307557065
  0
LINE
  5
42B
330
1F
100
AcDbEntity
  8
2Y
100
AcDbLine
 10
2285.634555754688
 20
5434.390418668256
 30
0.0
 11
2285.634555754688
 21
5319.87930755689
 31
0.0
  0
LINE
  5
42C
330
1F
100
AcDbEntity
  8
2Y
100
AcDbLine
 10
1990.634555754688
 20
5434.390418668271
 30
0.0
 11
1990.634555754688
 21
5319.879307557065
 31
0.0
  0
ELLIPSE
  5
42D
330
1F
100
AcDbEntity
  8
SHE
100
AcDbEllipse
 10
1988.977651938679
 20
5300.888080209472
 30
0.0
 11
2.72517411493764
 21
18.38095299069632
 31
0.0
210
0.0
220
0.0
230
-1.0
 40
0.5877361541246975
 41
0.0
 42
6.283185307179586
  0
ELLIPSE
  5
42E
330
1F
100
AcDbEntity
  8
SHE
100
AcDbEllipse
 10
1948.049659303084
 20
5240.280547763941
 30
0.0
 11
18.5818730703585
 21
0.0000000000000175
 31
0.0
210
0.0
220
0.0
230
-1.0
 40
0.5877361541246975
 41
0.0
 42
6.283185307179586
  0
ELLIPSE
  5
42F
330
1F
100
AcDbEntity
  8
SHE
100
AcDbEllipse
 10
1981.343297931438
 20
5228.108904091983
 30
0.0
 11
18.5818730703585
 21
0.0000000000000175
 31
0.0
210
0.0
220
0.0
230
-1.0
 40
0.5877361541246975
 41
0.0
 42
6.283185307179586
  0
ELLIPSE
  5
430
330
1F
100
AcDbEntity
  8
SHE
100
AcDbEllipse
 10
1981.343297931438
 20
5250.017795373664
 30
0.0
 11
18.5818730703585
 21
0.0000000000000175
 31
0.0
210
0.0
220
0.0
230
-1.0
 40
0.5877361541246975
 41
0.0
 42
6.283185307179586
  0
ELLIPSE
  5
431
330
1F
100
AcDbEntity
  8
SHE
100
AcDbEllipse
 10
1946.425544834012
 20
5264.623666788605
 30
0.0
 11
18.5818730703585
 21
0.0000000000000175
 31
0.0
210
0.0
220
0.0
230
-1.0
 40
0.5877361541246975
 41
0.0
 42
6.283185307179586
  0
ELLIPSE
  5
432
330
1F
100
AcDbEntity
  8
SHE
100
AcDbEllipse
 10
1982.967129206911
 20
5272.737983690553
 30
0.0
 11
18.5818730703585
 21
0.0000000000000175
 31
0.0
210
0.0
220
0.0
230
-1.0
 40
0.5877361541246975
 41
0.0
 42
6.283185307179586
  0
ELLIPSE
  5
433
330
1F
100
AcDbEntity
  8
SHE
100
AcDbEllipse
 10
1865.221237357589
 20
5306.007053290094
 30
0.0
 11
18.5818730703585
 21
0.0000000000000175
 31
0.0
210
0.0
220
0.0
230
-1.0
 40
0.5877361541246975
 41
0.0
 42
6.283185307179586
  0
SPLINE
  5
434
330
1F
100
AcDbEntity
  8
SHE
100
AcDbSpline
210
0.0
220
0.0
230
1.0
 70
     9
 71
     3
 72
    70
 73
    66
 74
     0
 42
0.000000001
 43
0.0000000001
 40
0.0
 40
0.0
 40
0.0
 40
0.0
 40
0.1089064153092637
 40
0.1089064153092637
 40
0.2178128306185274
 40
0.2178128306185274
 40
0.326719245927791
 40
0.326719245927791
 40
0.497551667745757
 40
0.497551667745757
 40
0.6683840895637231
 40
0.6683840895637231
 40
0.839216511381689
 40
0.839216511381689
 40
1.105899478456654
 40
1.105899478456654
 40
1.37258244553162
 40
1.37258244553162
 40
1.639265412606586
 40
1.639265412606586
 40
1.905948379681552
 40
1.905948379681552
 40
2.172631346756517
 40
2.172631346756517
 40
2.439314313831483
 40
2.439314313831483
 40
2.65207777839686
 40
2.65207777839686
 40
2.813617059518745
 40
2.813617059518745
 40
2.975156340640629
 40
2.975156340640629
 40
3.108420543907715
 40
3.108420543907715
 40
3.241684747174802
 40
3.241684747174802
 40
3.374948950441888
 40
3.374948950441888
 40
3.508213153708974
 40
3.508213153708974
 40
3.641477356976061
 40
3.641477356976061
 40
3.774741560243147
 40
3.774741560243147
 40
4.075415742416178
 40
4.075415742416178
 40
4.376089924589209
 40
4.376089924589209
 40
4.676764106762241
 40
4.676764106762241
 40
4.977438288935272
 40
4.977438288935272
 40
5.278112471108303
 40
5.278112471108303
 40
5.578786653281334
 40
5.578786653281334
 40
5.785429981170027
 40
5.785429981170027
 40
5.949074972655163
 40
5.949074972655163
 40
6.112719964140298
 40
6.112719964140298
 40
6.246076073275804
 40
6.246076073275804
 40
6.283185307179586
 40
6.283185307179586
 40
6.283185307179586
 40
6.283185307179586
 10
1917.782016406083
 20
5287.484728728021
 30
0.0
 10
1917.782016406083
 20
5286.963726527778
 30
0.0
 10
1917.733516632274
 20
5286.442786598178
 30
0.0
 10
1917.542321082452
 20
5285.415042961373
 30
0.0
 10
1917.399707189834
 20
5284.908316240071
 30
0.0
 10
1917.027527327722
 20
5283.919975349469
 30
0.0
 10
1916.798049445336
 20
5283.438353309939
 30
0.0
 10
1916.108276603627
 20
5282.241987645793
 30
0.0
 10
1915.591193312662
 20
5281.550577509385
 30
0.0
 10
1914.395938012632
 20
5280.257152795392
 30
0.0
 10
1913.717687709883
 20
5279.654801714401
 30
0.0
 10
1912.224801679214
 20
5278.543615420137
 30
0.0
 10
1911.410032436877
 20
5278.034697837174
 30
0.0
 10
1909.177573307111
 20
5276.856740984491
 30
0.0
 10
1907.677663875249
 20
5276.258137023055
 30
0.0
 10
1904.491935022801
 20
5275.319027364421
 30
0.0
 10
1902.806171746066
 20
5274.978796027768
 30
0.0
 10
1899.352528090662
 20
5274.57110200094
 30
0.0
 10
1897.584903614843
 20
5274.503755545964
 30
0.0
 10
1894.077835124612
 20
5274.64510710218
 30
0.0
 10
1892.338673315448
 20
5274.853765735934
 30
0.0
 10
1888.996703948331
 20
5275.537878776879
 30
0.0
 10
1887.394083895415
 20
5276.01313201541
 30
0.0
 10
1884.423651275298
 20
5277.21222803367
 30
0.0
 10
1883.055636539939
 20
5277.9357787892
 30
0.0
 10
1880.885882777977
 20
5279.442818448857
 30
0.0
 10
1880.025153253111
 20
5280.184806087411
 30
0.0
 10
1878.732446640235
 20
5281.610894820631
 30
0.0
 10
1878.247172028073
 20
5282.266156778096
 30
0.0
 10
1877.447861795008
 20
5283.646798828042
 30
0.0
 10
1877.134132888415
 20
5284.372526909203
 30
0.0
 10
1876.743554802859
 20
5285.739015253239
 30
0.0
 10
1876.635080194348
 20
5286.372151094845
 30
0.0
 10
1876.563182175043
 20
5287.645556646755
 30
0.0
 10
1876.599838647132
 20
5288.285504722567
 30
0.0
 10
1876.815183127182
 20
5289.545772385384
 30
0.0
 10
1876.993663890913
 20
5290.165865731026
 30
0.0
 10
1877.479170768958
 20
5291.366397003432
 30
0.0
 10
1877.785971590754
 20
5291.946879563278
 30
0.0
 10
1878.511802448207
 20
5293.057866457449
 30
0.0
 10
1878.930761676165
 20
5293.588515099116
 30
0.0
 10
1879.866605000454
 20
5294.595612302401
 30
0.0
 10
1880.383515245718
 20
5295.072157102993
 30
0.0
 10
1882.206705760458
 20
5296.532143266849
 30
0.0
 10
1883.689092195665
 20
5297.400696151489
 30
0.0
 10
1886.966875025508
 20
5298.825995616593
 30
0.0
 10
1888.7628238334
 20
5299.382270230512
 30
0.0
 10
1892.529439403748
 20
5300.156158223726
 30
0.0
 10
1894.499772123498
 20
5300.373404233316
 30
0.0
 10
1898.459821557873
 20
5300.456354927803
 30
0.0
 10
1900.449022262793
 20
5300.322022286412
 30
0.0
 10
1904.289286408821
 20
5299.709375522077
 30
0.0
 10
1906.139937155196
 20
5299.231348373163
 30
0.0
 10
1909.558454985803
 20
5297.955612266793
 30
0.0
 10
1911.126553259295
 20
5297.15843557247
 30
0.0
 10
1913.427303160977
 20
5295.567264507692
 30
0.0
 10
1914.268288961684
 20
5294.85005737839
 30
0.0
 10
1915.564096246162
 20
5293.44850291701
 30
0.0
 10
1916.062850993752
 20
5292.788123727754
 30
0.0
 10
1916.885745592663
 20
5291.394832213199
 30
0.0
 10
1917.209578166032
 20
5290.66154334059
 30
0.0
 10
1917.612175931659
 20
5289.286924256543
 30
0.0
 10
1917.724978580954
 20
5288.65396099908
 30
0.0
 10
1917.77640864726
 20
5287.839785444718
 30
0.0
 10
1917.782016406083
 20
5287.662257227472
 30
0.0
 10
1917.782016406083
 20
5287.484728728021
 30
0.0
  0
ELLIPSE
  5
435
330
1F
100
AcDbEntity
  8
SHE
100
AcDbEllipse
 10
1865.891621123504
 20
5276.439890632937
 30
0.0
 11
18.5818730703585
 21
0.0000000000000175
 31
0.0
210
0.0
220
0.0
230
-1.0
 40
0.5877361541246975
 41
0.0
 42
6.283185307179586
  0
ELLIPSE
  5
436
330
1F
100
AcDbEntity
  8
SHE
100
AcDbEllipse
 10
1903.074791293475
 20
5309.196761989566
 30
0.0
 11
18.5818730703585
 21
0.0000000000000175
 31
0.0
210
0.0
220
0.0
230
-1.0
 40
0.5877361541246975
 41
0.0
 42
6.283185307179586
  0
SPLINE
  5
437
330
1F
100
AcDbEntity
  8
SHE
100
AcDbSpline
210
0.0
220
0.0
230
1.0
 70
     9
 71
     3
 72
    96
 73
    92
 74
     0
 42
0.000000001
 43
0.0000000001
 40
0.0
 40
0.0
 40
0.0
 40
0.0
 40
0.0786895064256901
 40
0.0786895064256901
 40
0.1573790128513802
 40
0.1573790128513802
 40
0.2360685192770703
 40
0.2360685192770703
 40
0.3147580257027605
 40
0.3147580257027605
 40
0.3934475321284505
 40
0.3934475321284505
 40
0.5082647294347622
 40
0.5082647294347622
 40
0.623081926741074
 40
0.623081926741074
 40
0.7378991240473856
 40
0.7378991240473856
 40
0.8527163213536972
 40
0.8527163213536972
 40
1.032711676229336
 40
1.032711676229336
 40
1.212707031104975
 40
1.212707031104975
 40
1.392702385980614
 40
1.392702385980614
 40
1.572697740856254
 40
1.572697740856254
 40
1.820421057578634
 40
1.820421057578634
 40
2.068144374301015
 40
2.068144374301015
 40
2.246143553036541
 40
2.246143553036541
 40
2.424142731772068
 40
2.424142731772068
 40
2.55896255734683
 40
2.55896255734683
 40
2.693782382921591
 40
2.693782382921591
 40
2.799799258131841
 40
2.799799258131841
 40
2.905816133342091
 40
2.905816133342091
 40
3.011833008552341
 40
3.011833008552341
 40
3.117849883762591
 40
3.117849883762591
 40
3.223866758972841
 40
3.223866758972841
 40
3.329883634183091
 40
3.329883634183091
 40
3.435900509393341
 40
3.435900509393341
 40
3.541917384603591
 40
3.541917384603591
 40
3.647934259813841
 40
3.647934259813841
 40
3.753951135024091
 40
3.753951135024091
 40
3.859968010234341
 40
3.859968010234341
 40
4.020034137046859
 40
4.020034137046859
 40
4.180100263859378
 40
4.180100263859378
 40
4.340166390671896
 40
4.340166390671896
 40
4.500232517484414
 40
4.500232517484414
 40
4.82477702003036
 40
4.82477702003036
 40
5.056930816649026
 40
5.056930816649026
 40
5.289084613267691
 40
5.289084613267691
 40
5.457335749648817
 40
5.457335749648817
 40
5.625586886029942
 40
5.625586886029942
 40
5.75327115156255
 40
5.75327115156255
 40
5.880955417095158
 40
5.880955417095158
 40
5.983373679873519
 40
5.983373679873519
 40
6.08579194265188
 40
6.08579194265188
 40
6.188210205430241
 40
6.188210205430241
 40
6.283185307179586
 40
6.283185307179586
 40
6.283185307179586
 40
6.283185307179586
 10
1975.658375053361
 20
5297.065156354168
 30
0.0
 10
1975.658375053361
 20
5296.331014404604
 30
0.0
 10
1975.608949651447
 20
5295.596934033536
 30
0.0
 10
1975.414643021547
 20
5294.148644428868
 30
0.0
 10
1975.26982737171
 20
5293.43453148564
 30
0.0
 10
1974.894034160548
 20
5292.042728651846
 30
0.0
 10
1974.66315150584
 20
5291.365073934175
 30
0.0
 10
1974.127863238638
 20
5290.057224101555
 30
0.0
 10
1973.823539047196
 20
5289.427007502855
 30
0.0
 10
1973.154571482417
 20
5288.219395711443
 30
0.0
 10
1972.789974612999
 20
5287.641949783989
 30
0.0
 10
1971.833727631965
 20
5286.287978415355
 30
0.0
 10
1971.214949228874
 20
5285.541828731795
 30
0.0
 10
1969.90241557348
 20
5284.157072987197
 30
0.0
 10
1969.208581668761
 20
5283.518241915277
 30
0.0
 10
1967.763936791816
 20
5282.336634540531
 30
0.0
 10
1967.013015942531
 20
5281.793761640023
 30
0.0
 10
1965.4655095997
 20
5280.793452521386
 30
0.0
 10
1964.668839762991
 20
5280.335994666231
 30
0.0
 10
1962.574510205784
 20
5279.260574491672
 30
0.0
 10
1961.249153732395
 20
5278.698626489546
 30
0.0
 10
1958.528283222273
 20
5277.744204871887
 30
0.0
 10
1957.132603112492
 20
5277.351899328619
 30
0.0
 10
1954.292906372124
 20
5276.727323918771
 30
0.0
 10
1952.848868565517
 20
5276.495172800096
 30
0.0
 10
1949.936071970572
 20
5276.187018965727
 30
0.0
 10
1948.467345740893
 20
5276.1110721886
 30
0.0
 10
1944.977508401746
 20
5276.114972203759
 30
0.0
 10
1942.956650375461
 20
5276.264008554987
 30
0.0
 10
1938.980002855023
 20
5276.859864524165
 30
0.0
 10
1937.024291039139
 20
5277.306286726678
 30
0.0
 10
1933.770235626274
 20
5278.344528318361
 30
0.0
 10
1932.441627687469
 20
5278.860122262289
 30
0.0
 10
1929.870026845368
 20
5280.070763995107
 30
0.0
 10
1928.626662521318
 20
5280.765692266992
 30
0.0
 10
1926.541335957372
 20
5282.170309714951
 30
0.0
 10
1925.675098091611
 20
5282.835742506556
 30
0.0
 10
1924.028677520415
 20
5284.304267439416
 30
0.0
 10
1923.248253422862
 20
5285.107666268923
 30
0.0
 10
1921.962556111321
 20
5286.680767897117
 30
0.0
 10
1921.434289296972
 20
5287.421141031729
 30
0.0
 10
1920.479076180854
 20
5288.999226326101
 30
0.0
 10
1920.052282826116
 20
5289.837174263951
 30
0.0
 10
1919.331833306583
 20
5291.599685122426
 30
0.0
 10
1919.038533693427
 20
5292.52433743736
 30
0.0
 10
1918.615171463665
 20
5294.431148833574
 30
0.0
 10
1918.48549739334
 20
5295.413050986994
 30
0.0
 10
1918.405670033273
 20
5297.388755046741
 30
0.0
 10
1918.455610573175
 20
5298.382031458219
 30
0.0
 10
1918.729027974114
 20
5300.330816137772
 30
0.0
 10
1918.952211503565
 20
5301.285912967076
 30
0.0
 10
1919.546906810137
 20
5303.120220068442
 30
0.0
 10
1919.918010814741
 20
5303.999379836932
 30
0.0
 10
1920.775859679532
 20
5305.662763377251
 30
0.0
 10
1921.262356020394
 20
5306.447186702841
 30
0.0
 10
1922.321515176329
 20
5307.91822018379
 30
0.0
 10
1922.894126308223
 20
5308.6050608359
 30
0.0
 10
1924.103707078349
 20
5309.88699105697
 30
0.0
 10
1924.740729014462
 20
5310.482233341762
 30
0.0
 10
1926.06458832162
 20
5311.589922650695
 30
0.0
 10
1926.751500191793
 20
5312.102440918221
 30
0.0
 10
1928.526164988682
 20
5313.295574600598
 30
0.0
 10
1929.639658661806
 20
5313.928945605068
 30
0.0
 10
1931.937227342161
 20
5315.048806361833
 30
0.0
 10
1933.12154061372
 20
5315.535232997288
 30
0.0
 10
1935.54516750302
 20
5316.374229592249
 30
0.0
 10
1936.784568592411
 20
5316.726705978791
 30
0.0
 10
1939.302990298602
 20
5317.304596390364
 30
0.0
 10
1940.582025989774
 20
5317.529941683992
 30
0.0
 10
1944.48945982779
 20
5318.024611577748
 30
0.0
 10
1947.153986541801
 20
5318.101797618692
 30
0.0
 10
1951.681106516597
 20
5317.801495446423
 30
0.0
 10
1953.555865790942
 20
5317.547062009362
 30
0.0
 10
1957.227638963115
 20
5316.772640138101
 30
0.0
 10
1959.024714901184
 20
5316.253057681933
 30
0.0
 10
1962.016308887556
 20
5315.109381908529
 30
0.0
 10
1963.240704424184
 20
5314.553321281615
 30
0.0
 10
1965.60446902315
 20
5313.27213413173
 30
0.0
 10
1966.744234834114
 20
5312.547031091883
 30
0.0
 10
1968.649047975123
 20
5311.097361428263
 30
0.0
 10
1969.438201217607
 20
5310.414589632834
 30
0.0
 10
1970.92876500028
 20
5308.919103788568
 30
0.0
 10
1971.630330691361
 20
5308.106052852025
 30
0.0
 10
1972.783120771011
 20
5306.513439226685
 30
0.0
 10
1973.256218910843
 20
5305.758984603708
 30
0.0
 10
1974.096463768059
 20
5304.161460914438
 30
0.0
 10
1974.463410880664
 20
5303.318217982138
 30
0.0
 10
1975.062141203758
 20
5301.558720375389
 30
0.0
 10
1975.293585808453
 20
5300.642482826275
 30
0.0
 10
1975.586196725693
 20
5298.83716050216
 30
0.0
 10
1975.658375053739
 20
5297.951236516769
 30
0.0
 10
1975.658375053361
 20
5297.065156354168
 30
0.0
  0
ELLIPSE
  5
438
330
1F
100
AcDbEntity
  8
SHE
100
AcDbEllipse
 10
1670.247923730945
 20
5306.007053290094
 30
0.0
 11
18.5818730703585
 21
0.0000000000000175
 31
0.0
210
0.0
220
0.0
230
-1.0
 40
0.5877361541246975
 41
0.0
 42
6.283185307179586
  0
SPLINE
  5
439
330
1F
100
AcDbEntity
  8
SHE
100
AcDbSpline
210
0.0
220
0.0
230
1.0
 70
     9
 71
     3
 72
    70
 73
    66
 74
     0
 42
0.000000001
 43
0.0000000001
 40
0.0
 40
0.0
 40
0.0
 40
0.0
 40
0.1089064153092637
 40
0.1089064153092637
 40
0.2178128306185274
 40
0.2178128306185274
 40
0.326719245927791
 40
0.326719245927791
 40
0.497551667745757
 40
0.497551667745757
 40
0.6683840895637231
 40
0.6683840895637231
 40
0.839216511381689
 40
0.839216511381689
 40
1.105899478456654
 40
1.105899478456654
 40
1.37258244553162
 40
1.37258244553162
 40
1.639265412606586
 40
1.639265412606586
 40
1.905948379681552
 40
1.905948379681552
 40
2.172631346756517
 40
2.172631346756517
 40
2.439314313831483
 40
2.439314313831483
 40
2.65207777839686
 40
2.65207777839686
 40
2.813617059518745
 40
2.813617059518745
 40
2.975156340640629
 40
2.975156340640629
 40
3.108420543907715
 40
3.108420543907715
 40
3.241684747174802
 40
3.241684747174802
 40
3.374948950441888
 40
3.374948950441888
 40
3.508213153708974
 40
3.508213153708974
 40
3.641477356976061
 40
3.641477356976061
 40
3.774741560243147
 40
3.774741560243147
 40
4.075415742416178
 40
4.075415742416178
 40
4.376089924589209
 40
4.376089924589209
 40
4.676764106762241
 40
4.676764106762241
 40
4.977438288935272
 40
4.977438288935272
 40
5.278112471108303
 40
5.278112471108303
 40
5.578786653281334
 40
5.578786653281334
 40
5.785429981170027
 40
5.785429981170027
 40
5.949074972655163
 40
5.949074972655163
 40
6.112719964140298
 40
6.112719964140298
 40
6.246076073275804
 40
6.246076073275804
 40
6.283185307179586
 40
6.283185307179586
 40
6.283185307179586
 40
6.283185307179586
 10
1722.808702779439
 20
5287.484728728021
 30
0.0
 10
1722.808702779439
 20
5286.963726527778
 30
0.0
 10
1722.760203005629
 20
5286.442786598178
 30
0.0
 10
1722.569007456186
 20
5285.415042961373
 30
0.0
 10
1722.426393563175
 20
5284.908316240071
 30
0.0
 10
1722.054213701063
 20
5283.919975349469
 30
0.0
 10
1721.824735818678
 20
5283.438353309939
 30
0.0
 10
1721.134962976983
 20
5282.241987645793
 30
0.0
 10
1720.617879686018
 20
5281.550577509385
 30
0.0
 10
1719.422624385988
 20
5280.257152795392
 30
0.0
 10
1718.744374083602
 20
5279.654801714401
 30
0.0
 10
1717.251488052934
 20
5278.543615420137
 30
0.0
 10
1716.436718810597
 20
5278.034697837174
 30
0.0
 10
1714.204259680832
 20
5276.856740984491
 30
0.0
 10
1712.704350248983
 20
5276.258137023055
 30
0.0
 10
1709.51862139652
 20
5275.319027364421
 30
0.0
 10
1707.832858119407
 20
5274.978796027768
 30
0.0
 10
1704.379214464003
 20
5274.57110200094
 30
0.0
 10
1702.611589988577
 20
5274.503755545964
 30
0.0
 10
1699.104521497968
 20
5274.64510710218
 30
0.0
 10
1697.365359688803
 20
5274.853765735934
 30
0.0
 10
1694.023390321687
 20
5275.537878776879
 30
0.0
 10
1692.420770268771
 20
5276.01313201541
 30
0.0
 10
1689.450337649017
 20
5277.21222803367
 30
0.0
 10
1688.082322913295
 20
5277.9357787892
 30
0.0
 10
1685.912569151696
 20
5279.442818448857
 30
0.0
 10
1685.051839626467
 20
5280.184806087411
 30
0.0
 10
1683.759133013969
 20
5281.610894820631
 30
0.0
 10
1683.273858401429
 20
5282.266156778096
 30
0.0
 10
1682.474548168728
 20
5283.646798828042
 30
0.0
 10
1682.160819261771
 20
5284.372526909203
 30
0.0
 10
1681.770241176593
 20
5285.739015253239
 30
0.0
 10
1681.661766568082
 20
5286.372151094845
 30
0.0
 10
1681.589868548763
 20
5287.645556646755
 30
0.0
 10
1681.626525020474
 20
5288.285504722567
 30
0.0
 10
1681.841869500902
 20
5289.545772385384
 30
0.0
 10
1682.020350264633
 20
5290.165865731026
 30
0.0
 10
1682.505857142692
 20
5291.366397003432
 30
0.0
 10
1682.812657964489
 20
5291.946879563278
 30
0.0
 10
1683.538488821941
 20
5293.057866457449
 30
0.0
 10
1683.957448049885
 20
5293.588515099116
 30
0.0
 10
1684.89329137381
 20
5294.595612302401
 30
0.0
 10
1685.410201619073
 20
5295.072157102993
 30
0.0
 10
1687.233392134192
 20
5296.532143266849
 30
0.0
 10
1688.715778569385
 20
5297.400696151489
 30
0.0
 10
1691.993561399242
 20
5298.825995616593
 30
0.0
 10
1693.789510207134
 20
5299.382270230512
 30
0.0
 10
1697.556125777089
 20
5300.156158223726
 30
0.0
 10
1699.526458497232
 20
5300.373404233316
 30
0.0
 10
1703.486507931607
 20
5300.456354927803
 30
0.0
 10
1705.475708636528
 20
5300.322022286412
 30
0.0
 10
1709.315972782555
 20
5299.709375522077
 30
0.0
 10
1711.16662352893
 20
5299.231348373163
 30
0.0
 10
1714.585141359144
 20
5297.955612266793
 30
0.0
 10
1716.153239632651
 20
5297.15843557247
 30
0.0
 10
1718.453989534333
 20
5295.567264507692
 30
0.0
 10
1719.294975335026
 20
5294.85005737839
 30
0.0
 10
1720.590782619896
 20
5293.44850291701
 30
0.0
 10
1721.089537367108
 20
5292.788123727754
 30
0.0
 10
1721.912431966018
 20
5291.394832213199
 30
0.0
 10
1722.236264539388
 20
5290.66154334059
 30
0.0
 10
1722.638862305393
 20
5289.286924256543
 30
0.0
 10
1722.75166495431
 20
5288.65396099908
 30
0.0
 10
1722.803095020601
 20
5287.839785444718
 30
0.0
 10
1722.808702779439
 20
5287.662257227472
 30
0.0
 10
1722.808702779439
 20
5287.484728728021
 30
0.0
  0
ELLIPSE
  5
43A
330
1F
100
AcDbEntity
  8
SHE
100
AcDbEllipse
 10
1794.262418073296
 20
5275.349223282545
 30
0.0
 11
18.5818730703585
 21
0.0000000000000175
 31
0.0
210
0.0
220
0.0
230
-1.0
 40
0.5877361541246975
 41
0.0
 42
6.283185307179586
  0
SPLINE
  5
43B
330
1F
100
AcDbEntity
  8
SHE
100
AcDbSpline
210
0.0
220
0.0
230
1.0
 70
     9
 71
     3
 72
    70
 73
    66
 74
     0
 42
0.000000001
 43
0.0000000001
 40
0.0
 40
0.0
 40
0.0
 40
0.0
 40
0.1089064153092637
 40
0.1089064153092637
 40
0.2178128306185274
 40
0.2178128306185274
 40
0.326719245927791
 40
0.326719245927791
 40
0.497551667745757
 40
0.497551667745757
 40
0.6683840895637231
 40
0.6683840895637231
 40
0.839216511381689
 40
0.839216511381689
 40
1.105899478456654
 40
1.105899478456654
 40
1.37258244553162
 40
1.37258244553162
 40
1.639265412606586
 40
1.639265412606586
 40
1.905948379681552
 40
1.905948379681552
 40
2.172631346756517
 40
2.172631346756517
 40
2.439314313831483
 40
2.439314313831483
 40
2.65207777839686
 40
2.65207777839686
 40
2.813617059518745
 40
2.813617059518745
 40
2.975156340640629
 40
2.975156340640629
 40
3.108420543907715
 40
3.108420543907715
 40
3.241684747174802
 40
3.241684747174802
 40
3.374948950441888
 40
3.374948950441888
 40
3.508213153708974
 40
3.508213153708974
 40
3.641477356976061
 40
3.641477356976061
 40
3.774741560243147
 40
3.774741560243147
 40
4.075415742416178
 40
4.075415742416178
 40
4.376089924589209
 40
4.376089924589209
 40
4.676764106762241
 40
4.676764106762241
 40
4.977438288935272
 40
4.977438288935272
 40
5.278112471108303
 40
5.278112471108303
 40
5.578786653281334
 40
5.578786653281334
 40
5.785429981170027
 40
5.785429981170027
 40
5.949074972655163
 40
5.949074972655163
 40
6.112719964140298
 40
6.112719964140298
 40
6.246076073275804
 40
6.246076073275804
 40
6.283185307179586
 40
6.283185307179586
 40
6.283185307179586
 40
6.283185307179586
 10
1851.937263799337
 20
5290.039488220187
 30
0.0
 10
1851.937263799337
 20
5289.518485968722
 30
0.0
 10
1851.888764025527
 20
5288.997546090344
 30
0.0
 10
1851.697568629941
 20
5287.969802453539
 30
0.0
 10
1851.554954583072
 20
5287.463075706524
 30
0.0
 10
1851.182774874818
 20
5286.474734841635
 30
0.0
 10
1850.953296992433
 20
5285.993112802105
 30
0.0
 10
1850.263524253547
 20
5284.79674713796
 30
0.0
 10
1849.746440808361
 20
5284.105336950139
 30
0.0
 10
1848.551185457283
 20
5282.811912313082
 30
0.0
 10
1847.872935256993
 20
5282.209561232077
 30
0.0
 10
1846.380049175277
 20
5281.098374912304
 30
0.0
 10
1845.56527993294
 20
5280.589457303817
 30
0.0
 10
1843.332820803174
 20
5279.411500476468
 30
0.0
 10
1841.832911371326
 20
5278.81289654092
 30
0.0
 10
1838.647182416418
 20
5277.873786856588
 30
0.0
 10
1836.961419139305
 20
5277.533555545633
 30
0.0
 10
1833.507775637758
 20
5277.125861493107
 30
0.0
 10
1831.74015111092
 20
5277.058515012432
 30
0.0
 10
1828.233082620674
 20
5277.199866543124
 30
0.0
 10
1826.493920708701
 20
5277.408525202401
 30
0.0
 10
1823.151951290551
 20
5278.092638320267
 30
0.0
 10
1821.549331391114
 20
5278.567891533086
 30
0.0
 10
1818.578898668915
 20
5279.766987551535
 30
0.0
 10
1817.210884035637
 20
5280.490538281367
 30
0.0
 10
1815.041130274039
 20
5281.997577915499
 30
0.0
 10
1814.18040074881
 20
5282.739565528355
 30
0.0
 10
1812.8876940849
 20
5284.165654287098
 30
0.0
 10
1812.402419524151
 20
5284.820916270263
 30
0.0
 10
1811.603109342483
 20
5286.201558320382
 30
0.0
 10
1811.289380333081
 20
5286.927286350146
 30
0.0
 10
1810.898802247524
 20
5288.293774719707
 30
0.0
 10
1810.79032758798
 20
5288.926910535789
 30
0.0
 10
1810.718429619694
 20
5290.200316138922
 30
0.0
 10
1810.755086040371
 20
5290.840264214733
 30
0.0
 10
1810.970430674657
 20
5292.10053187755
 30
0.0
 10
1811.148911335578
 20
5292.720625248905
 30
0.0
 10
1811.634418213623
 20
5293.921156495599
 30
0.0
 10
1811.941218881562
 20
5294.501639055445
 30
0.0
 10
1812.66705004673
 20
5295.612625924107
 30
0.0
 10
1813.086009120816
 20
5296.143274591282
 30
0.0
 10
1814.021852598962
 20
5297.150371794567
 30
0.0
 10
1814.53876284424
 20
5297.626916518224
 30
0.0
 10
1816.361953307569
 20
5299.086902784541
 30
0.0
 10
1817.844339640316
 20
5299.955455618146
 30
0.0
 10
1821.122122521585
 20
5301.380755031838
 30
0.0
 10
1822.918071380889
 20
5301.937029697168
 30
0.0
 10
1826.684686848399
 20
5302.710917715892
 30
0.0
 10
1828.655019619574
 20
5302.928163725308
 30
0.0
 10
1832.615069002917
 20
5303.011114445682
 30
0.0
 10
1834.604269553602
 20
5302.876781778578
 30
0.0
 10
1838.44453395631
 20
5302.264134962832
 30
0.0
 10
1840.295184446004
 20
5301.786107916552
 30
0.0
 10
1843.713702481865
 20
5300.510371784469
 30
0.0
 10
1845.281800754994
 20
5299.713195013239
 30
0.0
 10
1847.582550657054
 20
5298.122024051082
 30
0.0
 10
1848.423536457369
 20
5297.404816896254
 30
0.0
 10
1849.719343639794
 20
5296.003262409176
 30
0.0
 10
1850.218098540863
 20
5295.342883219731
 30
0.0
 10
1851.040993139773
 20
5293.949591705365
 30
0.0
 10
1851.364825610697
 20
5293.216302781534
 30
0.0
 10
1851.767423427736
 20
5291.841683774422
 30
0.0
 10
1851.880226025605
 20
5291.208720440023
 30
0.0
 10
1851.931656040498
 20
5290.394544911171
 30
0.0
 10
1851.937263799337
 20
5290.217016668226
 30
0.0
 10
1851.937263799337
 20
5290.039488220187
 30
0.0
  0
ELLIPSE
  5
43C
330
1F
100
AcDbEntity
  8
SHE
100
AcDbEllipse
 10
1536.644258543354
 20
5281.273002165159
 30
0.0
 11
18.5818730703585
 21
0.0000000000000175
 31
0.0
210
0.0
220
0.0
230
-1.0
 40
0.5877361541246975
 41
0.0
 42
6.283185307179586
  0
SPLINE
  5
43D
330
1F
100
AcDbEntity
  8
SHE
100
AcDbSpline
210
0.0
220
0.0
230
1.0
 70
     9
 71
     3
 72
    70
 73
    66
 74
     0
 42
0.000000001
 43
0.0000000001
 40
0.0
 40
0.0
 40
0.0
 40
0.0
 40
0.1089064153092637
 40
0.1089064153092637
 40
0.2178128306185274
 40
0.2178128306185274
 40
0.326719245927791
 40
0.326719245927791
 40
0.497551667745757
 40
0.497551667745757
 40
0.6683840895637231
 40
0.6683840895637231
 40
0.839216511381689
 40
0.839216511381689
 40
1.105899478456654
 40
1.105899478456654
 40
1.37258244553162
 40
1.37258244553162
 40
1.639265412606586
 40
1.639265412606586
 40
1.905948379681552
 40
1.905948379681552
 40
2.172631346756517
 40
2.172631346756517
 40
2.439314313831483
 40
2.439314313831483
 40
2.65207777839686
 40
2.65207777839686
 40
2.813617059518745
 40
2.813617059518745
 40
2.975156340640629
 40
2.975156340640629
 40
3.108420543907715
 40
3.108420543907715
 40
3.241684747174802
 40
3.241684747174802
 40
3.374948950441888
 40
3.374948950441888
 40
3.508213153708974
 40
3.508213153708974
 40
3.641477356976061
 40
3.641477356976061
 40
3.774741560243147
 40
3.774741560243147
 40
4.075415742416178
 40
4.075415742416178
 40
4.376089924589209
 40
4.376089924589209
 40
4.676764106762241
 40
4.676764106762241
 40
4.977438288935272
 40
4.977438288935272
 40
5.278112471108303
 40
5.278112471108303
 40
5.578786653281334
 40
5.578786653281334
 40
5.785429981170027
 40
5.785429981170027
 40
5.949074972655163
 40
5.949074972655163
 40
6.112719964140298
 40
6.112719964140298
 40
6.246076073275804
 40
6.246076073275804
 40
6.283185307179586
 40
6.283185307179586
 40
6.283185307179586
 40
6.283185307179586
 10
1465.190543351942
 20
5287.484728676798
 30
0.0
 10
1465.190543351942
 20
5286.963726502079
 30
0.0
 10
1465.142043475687
 20
5286.442786623891
 30
0.0
 10
1464.950848080101
 20
5285.415042986882
 30
0.0
 10
1464.808234135693
 20
5284.908316265581
 30
0.0
 10
1464.436054324979
 20
5283.919975375182
 30
0.0
 10
1464.206576442593
 20
5283.43835328424
 30
0.0
 10
1463.516803600898
 20
5282.241987671492
 30
0.0
 10
1462.999720258522
 20
5281.55057748367
 30
0.0
 10
1461.804465009904
 20
5280.257152820915
 30
0.0
 10
1461.126214809963
 20
5279.654801688688
 30
0.0
 10
1459.633328676849
 20
5278.543615394628
 30
0.0
 10
1458.818559383115
 20
5278.034697811651
 30
0.0
 10
1456.586100355795
 20
5276.856740958777
 30
0.0
 10
1455.086190770074
 20
5276.258137048753
 30
0.0
 10
1451.900461866593
 20
5275.319027364421
 30
0.0
 10
1450.214698743322
 20
5274.978796002244
 30
0.0
 10
1446.761054985472
 20
5274.57110202645
 30
0.0
 10
1444.99343056108
 20
5274.503755520266
 30
0.0
 10
1441.486362070471
 20
5274.645107127893
 30
0.0
 10
1439.747200210273
 20
5274.853765761458
 30
0.0
 10
1436.405230740711
 20
5275.537878802577
 30
0.0
 10
1434.802610841274
 20
5276.01313201541
 30
0.0
 10
1431.832178119075
 20
5277.212228059369
 30
0.0
 10
1430.464163639655
 20
5277.935778763502
 30
0.0
 10
1428.2944097242
 20
5279.442818448857
 30
0.0
 10
1427.433680096525
 20
5280.184806061886
 30
0.0
 10
1426.14097353506
 20
5281.610894794932
 30
0.0
 10
1425.655699076757
 20
5282.266156752383
 30
0.0
 10
1424.856388895088
 20
5283.646798802518
 30
0.0
 10
1424.542659783241
 20
5284.372526883679
 30
0.0
 10
1424.152081697684
 20
5285.739015278763
 30
0.0
 10
1424.04360703814
 20
5286.372151069321
 30
0.0
 10
1423.971709069868
 20
5287.645556672455
 30
0.0
 10
1424.008365592992
 20
5288.285504697058
 30
0.0
 10
1424.223710124817
 20
5289.545772411097
 30
0.0
 10
1424.402190785739
 20
5290.165865731026
 30
0.0
 10
1424.887697869053
 20
5291.366396977923
 30
0.0
 10
1425.194498434546
 20
5291.946879588977
 30
0.0
 10
1425.92032949689
 20
5293.05786643194
 30
0.0
 10
1426.339288570991
 20
5293.588515124815
 30
0.0
 10
1427.275131946313
 20
5294.595612328099
 30
0.0
 10
1427.792042242989
 20
5295.072157102993
 30
0.0
 10
1429.615232757729
 20
5296.532143241151
 30
0.0
 10
1431.097619192922
 20
5297.400696177203
 30
0.0
 10
1434.375401971745
 20
5298.82599556537
 30
0.0
 10
1436.171350728226
 20
5299.382270230512
 30
0.0
 10
1439.937966401005
 20
5300.156158198202
 30
0.0
 10
1441.908298967289
 20
5300.373404233316
 30
0.0
 10
1445.868348555523
 20
5300.456354953516
 30
0.0
 10
1447.857549106586
 20
5300.322022286412
 30
0.0
 10
1451.69781340647
 20
5299.709375547601
 30
0.0
 10
1453.548463998609
 20
5299.231348398673
 30
0.0
 10
1456.966981880614
 20
5297.955612292302
 30
0.0
 10
1458.535080205154
 20
5297.158435597994
 30
0.0
 10
1460.835830107215
 20
5295.56726453339
 30
0.0
 10
1461.676815907543
 20
5294.850057404088
 30
0.0
 10
1462.972623089954
 20
5293.448502942709
 30
0.0
 10
1463.471378093469
 20
5292.788123753279
 30
0.0
 10
1464.294272487488
 20
5291.394832238911
 30
0.0
 10
1464.618105163303
 20
5290.661543315065
 30
0.0
 10
1465.020702877897
 20
5289.286924231033
 30
0.0
 10
1465.13350547578
 20
5288.653961024778
 30
0.0
 10
1465.184935490673
 20
5287.839785419004
 30
0.0
 10
1465.190543351942
 20
5287.662257252981
 30
0.0
 10
1465.190543351942
 20
5287.484728676798
 30
0.0
  0
SPLINE
  5
43E
330
1F
100
AcDbEntity
  8
SHE
100
AcDbSpline
210
0.0
220
0.0
230
1.0
 70
     9
 71
     3
 72
    70
 73
    66
 74
     0
 42
0.000000001
 43
0.0000000001
 40
0.0
 40
0.0
 40
0.0
 40
0.0
 40
0.1089064153092637
 40
0.1089064153092637
 40
0.2178128306185274
 40
0.2178128306185274
 40
0.326719245927791
 40
0.326719245927791
 40
0.497551667745757
 40
0.497551667745757
 40
0.6683840895637231
 40
0.6683840895637231
 40
0.839216511381689
 40
0.839216511381689
 40
1.105899478456654
 40
1.105899478456654
 40
1.37258244553162
 40
1.37258244553162
 40
1.639265412606586
 40
1.639265412606586
 40
1.905948379681552
 40
1.905948379681552
 40
2.172631346756517
 40
2.172631346756517
 40
2.439314313831483
 40
2.439314313831483
 40
2.65207777839686
 40
2.65207777839686
 40
2.813617059518745
 40
2.813617059518745
 40
2.975156340640629
 40
2.975156340640629
 40
3.108420543907715
 40
3.108420543907715
 40
3.241684747174802
 40
3.241684747174802
 40
3.374948950441888
 40
3.374948950441888
 40
3.508213153708974
 40
3.508213153708974
 40
3.641477356976061
 40
3.641477356976061
 40
3.774741560243147
 40
3.774741560243147
 40
4.075415742416178
 40
4.075415742416178
 40
4.376089924589209
 40
4.376089924589209
 40
4.676764106762241
 40
4.676764106762241
 40
4.977438288935272
 40
4.977438288935272
 40
5.278112471108303
 40
5.278112471108303
 40
5.578786653281334
 40
5.578786653281334
 40
5.785429981170027
 40
5.785429981170027
 40
5.949074972655163
 40
5.949074972655163
 40
6.112719964140298
 40
6.112719964140298
 40
6.246076073275804
 40
6.246076073275804
 40
6.283185307179586
 40
6.283185307179586
 40
6.283185307179586
 40
6.283185307179586
 10
1597.055573610094
 20
5285.026986472839
 30
0.0
 10
1597.055573610094
 20
5284.505984221185
 30
0.0
 10
1597.00707393873
 20
5283.985044317487
 30
0.0
 10
1596.815878389287
 20
5282.957300680479
 30
0.0
 10
1596.67326439383
 20
5282.450573933667
 30
0.0
 10
1596.301084531718
 20
5281.462233068589
 30
0.0
 10
1596.071606649333
 20
5280.980611054758
 30
0.0
 10
1595.381833910083
 20
5279.784245390612
 30
0.0
 10
1594.864750619119
 20
5279.092835177267
 30
0.0
 10
1593.669495216643
 20
5277.799410540036
 30
0.0
 10
1592.991245016339
 20
5277.19705948473
 30
0.0
 10
1591.498358883211
 20
5276.08587319067
 30
0.0
 10
1590.683589589855
 20
5275.57695553077
 30
0.0
 10
1588.451130511123
 20
5274.398998729121
 30
0.0
 10
1586.951221182084
 20
5273.800394793572
 30
0.0
 10
1583.765492073333
 20
5272.861285134939
 30
0.0
 10
1582.079728950062
 20
5272.521053798286
 30
0.0
 10
1578.626085294658
 20
5272.113359720046
 30
0.0
 10
1576.858460921678
 20
5272.046013239371
 30
0.0
 10
1573.351392380035
 20
5272.187364795588
 30
0.0
 10
1571.612230416635
 20
5272.39602342934
 30
0.0
 10
1568.270260947072
 20
5273.080136572921
 30
0.0
 10
1566.667641099426
 20
5273.555389760229
 30
0.0
 10
1563.697208376849
 20
5274.75448575279
 30
0.0
 10
1562.32919374395
 20
5275.478036534019
 30
0.0
 10
1560.159440033385
 20
5276.985076142453
 30
0.0
 10
1559.29871040571
 20
5277.727063755293
 30
0.0
 10
1558.006003741801
 20
5279.153152539752
 30
0.0
 10
1557.52072933453
 20
5279.808414522915
 30
0.0
 10
1556.721419101464
 20
5281.189056572861
 30
0.0
 10
1556.407689989617
 20
5281.914784602799
 30
0.0
 10
1556.017111904424
 20
5283.281272972359
 30
0.0
 10
1555.908637295913
 20
5283.914408762728
 30
0.0
 10
1555.836739379054
 20
5285.187814391575
 30
0.0
 10
1555.873395851129
 20
5285.827762416164
 30
0.0
 10
1556.088740331557
 20
5287.088030130203
 30
0.0
 10
1556.267220992478
 20
5287.708123501368
 30
0.0
 10
1556.752728075415
 20
5288.908654722741
 30
0.0
 10
1557.059528640908
 20
5289.489137308097
 30
0.0
 10
1557.78535970363
 20
5290.600124151046
 30
0.0
 10
1558.204318880176
 20
5291.130772843935
 30
0.0
 10
1559.140162153053
 20
5292.137870072918
 30
0.0
 10
1559.657072552174
 20
5292.614414770877
 30
0.0
 10
1561.480263066914
 20
5294.07440101148
 30
0.0
 10
1562.962649399662
 20
5294.942953870609
 30
0.0
 10
1566.240432178485
 20
5296.368253284491
 30
0.0
 10
1568.036381037411
 20
5296.924527949632
 30
0.0
 10
1571.802996505299
 20
5297.698415942846
 30
0.0
 10
1573.77332937892
 20
5297.915661952437
 30
0.0
 10
1577.733378864708
 20
5297.998612698146
 30
0.0
 10
1579.722579466805
 20
5297.864280005517
 30
0.0
 10
1583.562843715655
 20
5297.251633189786
 30
0.0
 10
1585.413494256761
 20
5296.773606169205
 30
0.0
 10
1588.832012292245
 20
5295.497870011612
 30
0.0
 10
1590.400110463306
 20
5294.700693265891
 30
0.0
 10
1592.700860364988
 20
5293.109522278021
 30
0.0
 10
1593.541846114283
 20
5292.392315148907
 30
0.0
 10
1594.837653399139
 20
5290.990760636116
 30
0.0
 10
1595.336408197763
 20
5290.330381446874
 30
0.0
 10
1596.159302796674
 20
5288.937089958017
 30
0.0
 10
1596.483135267597
 20
5288.203801008473
 30
0.0
 10
1596.885733187082
 20
5286.829182027076
 30
0.0
 10
1596.998535784965
 20
5286.196218692676
 30
0.0
 10
1597.049965851256
 20
5285.382043138124
 30
0.0
 10
1597.055573610094
 20
5285.204514895166
 30
0.0
 10
1597.055573610094
 20
5285.026986472839
 30
0.0
  0
SPLINE
  5
43F
330
1F
100
AcDbEntity
  8
SHE
100
AcDbSpline
210
0.0
220
0.0
230
1.0
 70
     9
 71
     3
 72
    96
 73
    92
 74
     0
 42
0.000000001
 43
0.0000000001
 40
0.0
 40
0.0
 40
0.0
 40
0.0
 40
0.0786895064256901
 40
0.0786895064256901
 40
0.1573790128513802
 40
0.1573790128513802
 40
0.2360685192770703
 40
0.2360685192770703
 40
0.3147580257027605
 40
0.3147580257027605
 40
0.3934475321284505
 40
0.3934475321284505
 40
0.5082647294347622
 40
0.5082647294347622
 40
0.623081926741074
 40
0.623081926741074
 40
0.7378991240473856
 40
0.7378991240473856
 40
0.8527163213536972
 40
0.8527163213536972
 40
1.032711676229336
 40
1.032711676229336
 40
1.212707031104975
 40
1.212707031104975
 40
1.392702385980614
 40
1.392702385980614
 40
1.572697740856254
 40
1.572697740856254
 40
1.820421057578634
 40
1.820421057578634
 40
2.068144374301015
 40
2.068144374301015
 40
2.246143553036541
 40
2.246143553036541
 40
2.424142731772068
 40
2.424142731772068
 40
2.55896255734683
 40
2.55896255734683
 40
2.693782382921591
 40
2.693782382921591
 40
2.799799258131841
 40
2.799799258131841
 40
2.905816133342091
 40
2.905816133342091
 40
3.011833008552341
 40
3.011833008552341
 40
3.117849883762591
 40
3.117849883762591
 40
3.223866758972841
 40
3.223866758972841
 40
3.329883634183091
 40
3.329883634183091
 40
3.435900509393341
 40
3.435900509393341
 40
3.541917384603591
 40
3.541917384603591
 40
3.647934259813841
 40
3.647934259813841
 40
3.753951135024091
 40
3.753951135024091
 40
3.859968010234341
 40
3.859968010234341
 40
4.020034137046859
 40
4.020034137046859
 40
4.180100263859378
 40
4.180100263859378
 40
4.340166390671896
 40
4.340166390671896
 40
4.500232517484414
 40
4.500232517484414
 40
4.82477702003036
 40
4.82477702003036
 40
5.056930816649026
 40
5.056930816649026
 40
5.289084613267691
 40
5.289084613267691
 40
5.457335749648817
 40
5.457335749648817
 40
5.625586886029942
 40
5.625586886029942
 40
5.75327115156255
 40
5.75327115156255
 40
5.880955417095158
 40
5.880955417095158
 40
5.983373679873519
 40
5.983373679873519
 40
6.08579194265188
 40
6.08579194265188
 40
6.188210205430241
 40
6.188210205430241
 40
6.283185307179586
 40
6.283185307179586
 40
6.283185307179586
 40
6.283185307179586
 10
1651.556500355786
 20
5294.510396862002
 30
0.0
 10
1651.556500355786
 20
5293.776254912438
 30
0.0
 10
1651.507074851426
 20
5293.042174541369
 30
0.0
 10
1651.312768323973
 20
5291.593884936702
 30
0.0
 10
1651.167952468866
 20
5290.879772044886
 30
0.0
 10
1650.792159616831
 20
5289.487969082759
 30
0.0
 10
1650.561276654407
 20
5288.810314416485
 30
0.0
 10
1650.025988592082
 20
5287.502464634897
 30
0.0
 10
1649.721664298573
 20
5286.872248010877
 30
0.0
 10
1649.052696784842
 20
5285.664636270499
 30
0.0
 10
1648.688099915409
 20
5285.087190291823
 30
0.0
 10
1647.731852985802
 20
5283.733218923189
 30
0.0
 10
1647.113074428838
 20
5282.987069291041
 30
0.0
 10
1645.800540875891
 20
5281.602313571966
 30
0.0
 10
1645.106706868362
 20
5280.963482474334
 30
0.0
 10
1643.662062145653
 20
5279.781875022854
 30
0.0
 10
1642.911141244942
 20
5279.239002147857
 30
0.0
 10
1641.363634748268
 20
5278.238693106156
 30
0.0
 10
1640.566965065038
 20
5277.781235174065
 30
0.0
 10
1638.472635508209
 20
5276.705814973808
 30
0.0
 10
1637.147279086217
 20
5276.143866997379
 30
0.0
 10
1634.426408576095
 20
5275.189445431133
 30
0.0
 10
1633.030728414902
 20
5274.797139785231
 30
0.0
 10
1630.191031571725
 20
5274.172564426605
 30
0.0
 10
1628.746993918976
 20
5273.940413359152
 30
0.0
 10
1625.834197221571
 20
5273.632259524784
 30
0.0
 10
1624.365471094352
 20
5273.556312773354
 30
0.0
 10
1620.875633653137
 20
5273.560212763005
 30
0.0
 10
1618.854775729283
 20
5273.70924906282
 30
0.0
 10
1614.878128054988
 20
5274.305105057712
 30
0.0
 10
1612.922416444009
 20
5274.751527234701
 30
0.0
 10
1609.668360979733
 20
5275.789768877417
 30
0.0
 10
1608.339752785003
 20
5276.305362770123
 30
0.0
 10
1605.768152147779
 20
5277.516004528639
 30
0.0
 10
1604.524787823742
 20
5278.210932800335
 30
0.0
 10
1602.439461259797
 20
5279.615550248483
 30
0.0
 10
1601.573223547893
 20
5280.280983014389
 30
0.0
 10
1599.92680261757
 20
5281.74950797276
 30
0.0
 10
1599.14637867386
 20
5282.552906776757
 30
0.0
 10
1597.860681516555
 20
5284.12600837944
 30
0.0
 10
1597.332414547985
 20
5284.866381590975
 30
0.0
 10
1596.377201431867
 20
5286.444466910857
 30
0.0
 10
1595.950408026081
 20
5287.282414823007
 30
0.0
 10
1595.229958608994
 20
5289.044925579037
 30
0.0
 10
1594.936658995473
 20
5289.969577945194
 30
0.0
 10
1594.513296817502
 20
5291.876389392819
 30
0.0
 10
1594.383622746798
 20
5292.85829154605
 30
0.0
 10
1594.303795284286
 20
5294.833995554575
 30
0.0
 10
1594.353735875586
 20
5295.827271966053
 30
0.0
 10
1594.627153276539
 20
5297.776056594194
 30
0.0
 10
1594.850336908435
 20
5298.73115347491
 30
0.0
 10
1595.44503206115
 20
5300.565460627687
 30
0.0
 10
1595.816136168563
 20
5301.444620319067
 30
0.0
 10
1596.673984981957
 20
5303.108003910609
 30
0.0
 10
1597.160481271407
 20
5303.892427184976
 30
0.0
 10
1598.219640478375
 20
5305.363460691624
 30
0.0
 10
1598.792251764113
 20
5306.050301292336
 30
0.0
 10
1600.001832277951
 20
5307.332231616026
 30
0.0
 10
1600.638854316872
 20
5307.927473901007
 30
0.0
 10
1601.962713624045
 20
5309.035163184228
 30
0.0
 10
1602.64962564806
 20
5309.547681374832
 30
0.0
 10
1604.42429034214
 20
5310.740815108431
 30
0.0
 10
1605.537783912819
 20
5311.374186164124
 30
0.0
 10
1607.835352593174
 20
5312.494046946587
 30
0.0
 10
1609.019665864733
 20
5312.980473556344
 30
0.0
 10
1611.443292856842
 20
5313.819470177005
 30
0.0
 10
1612.68269394587
 20
5314.171946486625
 30
0.0
 10
1615.201115549615
 20
5314.749836898197
 30
0.0
 10
1616.480151292184
 20
5314.975182166111
 30
0.0
 10
1620.387585079181
 20
5315.469852136804
 30
0.0
 10
1623.05211189526
 20
5315.547038126526
 30
0.0
 10
1627.579231767609
 20
5315.24673597997
 30
0.0
 10
1629.453991092989
 20
5314.992302517196
 30
0.0
 10
1633.125764316573
 20
5314.217880671633
 30
0.0
 10
1634.922840254629
 20
5313.698298138544
 30
0.0
 10
1637.914434292426
 20
5312.554622416363
 30
0.0
 10
1639.138829880466
 20
5311.998561815148
 30
0.0
 10
1641.502594274163
 20
5310.717374614039
 30
0.0
 10
1642.642360136538
 20
5309.992271599717
 30
0.0
 10
1644.547173175102
 20
5308.542601987508
 30
0.0
 10
1645.336326571429
 20
5307.859830140667
 30
0.0
 10
1646.826890199882
 20
5306.364344296402
 30
0.0
 10
1647.528455942374
 20
5305.551293359858
 30
0.0
 10
1648.681246022388
 20
5303.958679811454
 30
0.0
 10
1649.154344264301
 20
5303.204225137255
 30
0.0
 10
1649.994589070484
 20
5301.606701499207
 30
0.0
 10
1650.361536080265
 20
5300.763458489972
 30
0.0
 10
1650.960266454771
 20
5299.003960883223
 30
0.0
 10
1651.191711110878
 20
5298.087723334109
 30
0.0
 10
1651.484322181975
 20
5296.282401010183
 30
0.0
 10
1651.556500458595
 20
5295.39647697338
 30
0.0
 10
1651.556500355786
 20
5294.510396862002
 30
0.0
  0
ELLIPSE
  5
440
330
1F
100
AcDbEntity
  8
SHE
100
AcDbEllipse
 10
1666.045964090401
 20
5276.439890632937
 30
0.0
 11
18.5818730703585
 21
0.0000000000000175
 31
0.0
210
0.0
220
0.0
230
-1.0
 40
0.5877361541246975
 41
0.0
 42
6.283185307179586
  0
ELLIPSE
  5
441
330
1F
100
AcDbEntity
  8
SHE
100
AcDbEllipse
 10
1708.101477667194
 20
5309.196761989566
 30
0.0
 11
18.5818730703585
 21
0.0000000000000175
 31
0.0
210
0.0
220
0.0
230
-1.0
 40
0.5877361541246975
 41
0.0
 42
6.283185307179586
  0
SPLINE
  5
442
330
1F
100
AcDbEntity
  8
SHE
100
AcDbSpline
210
0.0
220
0.0
230
1.0
 70
     9
 71
     3
 72
    96
 73
    92
 74
     0
 42
0.000000001
 43
0.0000000001
 40
0.0
 40
0.0
 40
0.0
 40
0.0
 40
0.0786895064256901
 40
0.0786895064256901
 40
0.1573790128513802
 40
0.1573790128513802
 40
0.2360685192770703
 40
0.2360685192770703
 40
0.3147580257027605
 40
0.3147580257027605
 40
0.3934475321284505
 40
0.3934475321284505
 40
0.5082647294347622
 40
0.5082647294347622
 40
0.623081926741074
 40
0.623081926741074
 40
0.7378991240473856
 40
0.7378991240473856
 40
0.8527163213536972
 40
0.8527163213536972
 40
1.032711676229336
 40
1.032711676229336
 40
1.212707031104975
 40
1.212707031104975
 40
1.392702385980614
 40
1.392702385980614
 40
1.572697740856254
 40
1.572697740856254
 40
1.820421057578634
 40
1.820421057578634
 40
2.068144374301015
 40
2.068144374301015
 40
2.246143553036541
 40
2.246143553036541
 40
2.424142731772068
 40
2.424142731772068
 40
2.55896255734683
 40
2.55896255734683
 40
2.693782382921591
 40
2.693782382921591
 40
2.799799258131841
 40
2.799799258131841
 40
2.905816133342091
 40
2.905816133342091
 40
3.011833008552341
 40
3.011833008552341
 40
3.117849883762591
 40
3.117849883762591
 40
3.223866758972841
 40
3.223866758972841
 40
3.329883634183091
 40
3.329883634183091
 40
3.435900509393341
 40
3.435900509393341
 40
3.541917384603591
 40
3.541917384603591
 40
3.647934259813841
 40
3.647934259813841
 40
3.753951135024091
 40
3.753951135024091
 40
3.859968010234341
 40
3.859968010234341
 40
4.020034137046859
 40
4.020034137046859
 40
4.180100263859378
 40
4.180100263859378
 40
4.340166390671896
 40
4.340166390671896
 40
4.500232517484414
 40
4.500232517484414
 40
4.82477702003036
 40
4.82477702003036
 40
5.056930816649026
 40
5.056930816649026
 40
5.289084613267691
 40
5.289084613267691
 40
5.457335749648817
 40
5.457335749648817
 40
5.625586886029942
 40
5.625586886029942
 40
5.75327115156255
 40
5.75327115156255
 40
5.880955417095158
 40
5.880955417095158
 40
5.983373679873519
 40
5.983373679873519
 40
6.08579194265188
 40
6.08579194265188
 40
6.188210205430241
 40
6.188210205430241
 40
6.283185307179586
 40
6.283185307179586
 40
6.283185307179586
 40
6.283185307179586
 10
1780.685061427081
 20
5297.065156354168
 30
0.0
 10
1780.685061427081
 20
5296.331014404604
 30
0.0
 10
1780.635636025181
 20
5295.596934033536
 30
0.0
 10
1780.441329395282
 20
5294.148644428868
 30
0.0
 10
1780.296513745066
 20
5293.43453148564
 30
0.0
 10
1779.920720534283
 20
5292.042728651846
 30
0.0
 10
1779.689837879196
 20
5291.365073934175
 30
0.0
 10
1779.15454961198
 20
5290.057224101555
 30
0.0
 10
1778.850225420916
 20
5289.427007502855
 30
0.0
 10
1778.181257856151
 20
5288.219395711443
 30
0.0
 10
1777.816660986718
 20
5287.641949783989
 30
0.0
 10
1776.8604140057
 20
5286.287978415355
 30
0.0
 10
1776.241635602593
 20
5285.541828731795
 30
0.0
 10
1774.9291019472
 20
5284.157072987197
 30
0.0
 10
1774.235268042117
 20
5283.518241915277
 30
0.0
 10
1772.79062316555
 20
5282.336634540531
 30
0.0
 10
1772.039702315888
 20
5281.793761640023
 30
0.0
 10
1770.49219597342
 20
5280.793452521386
 30
0.0
 10
1769.695526136333
 20
5280.335994666231
 30
0.0
 10
1767.60119657914
 20
5279.260574491672
 30
0.0
 10
1766.275840106114
 20
5278.698626489546
 30
0.0
 10
1763.554969595993
 20
5277.744204871887
 30
0.0
 10
1762.159289486211
 20
5277.351899328619
 30
0.0
 10
1759.31959274548
 20
5276.727323918771
 30
0.0
 10
1757.875554938873
 20
5276.495172800096
 30
0.0
 10
1754.962758344293
 20
5276.187018965727
 30
0.0
 10
1753.494032114249
 20
5276.1110721886
 30
0.0
 10
1750.00419477548
 20
5276.114972203759
 30
0.0
 10
1747.983336749181
 20
5276.264008554987
 30
0.0
 10
1744.006689228365
 20
5276.859864524165
 30
0.0
 10
1742.050977412494
 20
5277.306286726678
 30
0.0
 10
1738.79692199963
 20
5278.344528318361
 30
0.0
 10
1737.468314061189
 20
5278.860122262289
 30
0.0
 10
1734.896713218724
 20
5280.070763995107
 30
0.0
 10
1733.653348895037
 20
5280.765692266992
 30
0.0
 10
1731.568022331106
 20
5282.170309714951
 30
0.0
 10
1730.701784464967
 20
5282.835742506556
 30
0.0
 10
1729.055363894135
 20
5284.304267439416
 30
0.0
 10
1728.274939796582
 20
5285.107666268923
 30
0.0
 10
1726.98924248504
 20
5286.680767897117
 30
0.0
 10
1726.460975670692
 20
5287.421141031729
 30
0.0
 10
1725.505762554589
 20
5288.999226326101
 30
0.0
 10
1725.078969199836
 20
5289.837174263951
 30
0.0
 10
1724.358519680303
 20
5291.599685122426
 30
0.0
 10
1724.065220066783
 20
5292.52433743736
 30
0.0
 10
1723.641857837399
 20
5294.431148833574
 30
0.0
 10
1723.512183766695
 20
5295.413050986994
 30
0.0
 10
1723.432356406629
 20
5297.388755046741
 30
0.0
 10
1723.482296946895
 20
5298.382031458219
 30
0.0
 10
1723.755714347833
 20
5300.330816137772
 30
0.0
 10
1723.978897877285
 20
5301.285912967076
 30
0.0
 10
1724.573593183857
 20
5303.120220068442
 30
0.0
 10
1724.944697188461
 20
5303.999379836932
 30
0.0
 10
1725.802546052888
 20
5305.662763377251
 30
0.0
 10
1726.28904239375
 20
5306.447186702841
 30
0.0
 10
1727.348201549685
 20
5307.91822018379
 30
0.0
 10
1727.920812681565
 20
5308.6050608359
 30
0.0
 10
1729.130393451705
 20
5309.88699105697
 30
0.0
 10
1729.767415388182
 20
5310.482233341762
 30
0.0
 10
1731.091274695354
 20
5311.589922650695
 30
0.0
 10
1731.778186565148
 20
5312.102440918221
 30
0.0
 10
1733.552851362037
 20
5313.295574600598
 30
0.0
 10
1734.666345035541
 20
5313.928945605068
 30
0.0
 10
1736.963913715517
 20
5315.048806361833
 30
0.0
 10
1738.148226987076
 20
5315.535232997288
 30
0.0
 10
1740.571853876739
 20
5316.374229592249
 30
0.0
 10
1741.811254965767
 20
5316.726705978791
 30
0.0
 10
1744.329676672321
 20
5317.304596390364
 30
0.0
 10
1745.608712363493
 20
5317.529941683992
 30
0.0
 10
1749.516146201524
 20
5318.024611577748
 30
0.0
 10
1752.180672915158
 20
5318.101797618692
 30
0.0
 10
1756.707792890331
 20
5317.801495446423
 30
0.0
 10
1758.582552164298
 20
5317.547062009362
 30
0.0
 10
1762.254325336471
 20
5316.772640138101
 30
0.0
 10
1764.051401274526
 20
5316.253057681933
 30
0.0
 10
1767.042995261276
 20
5315.109381908529
 30
0.0
 10
1768.26739079754
 20
5314.553321281615
 30
0.0
 10
1770.631155396506
 20
5313.27213413173
 30
0.0
 10
1771.770921207848
 20
5312.547031091883
 30
0.0
 10
1773.675734348842
 20
5311.097361428263
 30
0.0
 10
1774.464887591326
 20
5310.414589632834
 30
0.0
 10
1775.955451373636
 20
5308.919103788568
 30
0.0
 10
1776.657017064717
 20
5308.106052852025
 30
0.0
 10
1777.809807144731
 20
5306.513439226685
 30
0.0
 10
1778.282905284199
 20
5305.758984603708
 30
0.0
 10
1779.123150141415
 20
5304.161460914438
 30
0.0
 10
1779.49009725402
 20
5303.318217982138
 30
0.0
 10
1780.088827577114
 20
5301.558720375389
 30
0.0
 10
1780.320272182187
 20
5300.642482826275
 30
0.0
 10
1780.612883099049
 20
5298.83716050216
 30
0.0
 10
1780.685061427081
 20
5297.951236516769
 30
0.0
 10
1780.685061427081
 20
5297.065156354168
 30
0.0
  0
ELLIPSE
  5
443
330
1F
100
AcDbEntity
  8
SHE
100
AcDbEllipse
 10
1579.611879310643
 20
5308.106094588126
 30
0.0
 11
18.5818730703585
 21
0.0000000000000175
 31
0.0
210
0.0
220
0.0
230
-1.0
 40
0.5877361541246975
 41
0.0
 42
6.283185307179586
  0
ELLIPSE
  5
444
330
1F
100
AcDbEntity
  8
SHE
100
AcDbEllipse
 10
1448.202976557863
 20
5308.741123422027
 30
0.0
 11
18.5818730703585
 21
0.0000000000000175
 31
0.0
210
0.0
220
0.0
230
-1.0
 40
0.5877361541246975
 41
0.0
 42
6.283185307179586
  0
SPLINE
  5
445
330
1F
100
AcDbEntity
  8
SHE
100
AcDbSpline
210
0.0
220
0.0
230
1.0
 70
     9
 71
     3
 72
    96
 73
    92
 74
     0
 42
0.000000001
 43
0.0000000001
 40
0.0
 40
0.0
 40
0.0
 40
0.0
 40
0.0786895064256901
 40
0.0786895064256901
 40
0.1573790128513802
 40
0.1573790128513802
 40
0.2360685192770703
 40
0.2360685192770703
 40
0.3147580257027605
 40
0.3147580257027605
 40
0.3934475321284505
 40
0.3934475321284505
 40
0.5082647294347622
 40
0.5082647294347622
 40
0.623081926741074
 40
0.623081926741074
 40
0.7378991240473856
 40
0.7378991240473856
 40
0.8527163213536972
 40
0.8527163213536972
 40
1.032711676229336
 40
1.032711676229336
 40
1.212707031104975
 40
1.212707031104975
 40
1.392702385980614
 40
1.392702385980614
 40
1.572697740856254
 40
1.572697740856254
 40
1.820421057578634
 40
1.820421057578634
 40
2.068144374301015
 40
2.068144374301015
 40
2.246143553036541
 40
2.246143553036541
 40
2.424142731772068
 40
2.424142731772068
 40
2.55896255734683
 40
2.55896255734683
 40
2.693782382921591
 40
2.693782382921591
 40
2.799799258131841
 40
2.799799258131841
 40
2.905816133342091
 40
2.905816133342091
 40
3.011833008552341
 40
3.011833008552341
 40
3.117849883762591
 40
3.117849883762591
 40
3.223866758972841
 40
3.223866758972841
 40
3.329883634183091
 40
3.329883634183091
 40
3.435900509393341
 40
3.435900509393341
 40
3.541917384603591
 40
3.541917384603591
 40
3.647934259813841
 40
3.647934259813841
 40
3.753951135024091
 40
3.753951135024091
 40
3.859968010234341
 40
3.859968010234341
 40
4.020034137046859
 40
4.020034137046859
 40
4.180100263859378
 40
4.180100263859378
 40
4.340166390671896
 40
4.340166390671896
 40
4.500232517484414
 40
4.500232517484414
 40
4.82477702003036
 40
4.82477702003036
 40
5.056930816649026
 40
5.056930816649026
 40
5.289084613267691
 40
5.289084613267691
 40
5.457335749648817
 40
5.457335749648817
 40
5.625586886029942
 40
5.625586886029942
 40
5.75327115156255
 40
5.75327115156255
 40
5.880955417095158
 40
5.880955417095158
 40
5.983373679873519
 40
5.983373679873519
 40
6.08579194265188
 40
6.08579194265188
 40
6.188210205430241
 40
6.188210205430241
 40
6.283185307179586
 40
6.283185307179586
 40
6.283185307179586
 40
6.283185307179586
 10
1523.066901999598
 20
5297.065156379882
 30
0.0
 10
1523.066902102044
 20
5296.331014378906
 30
0.0
 10
1523.017476495239
 20
5295.596934033536
 30
0.0
 10
1522.823169967785
 20
5294.148644377645
 30
0.0
 10
1522.678354112679
 20
5293.434531511339
 30
0.0
 10
1522.302561260643
 20
5292.042728626148
 30
0.0
 10
1522.071678297841
 20
5291.365073959874
 30
0.0
 10
1521.536390235895
 20
5290.057224075841
 30
0.0
 10
1521.232065942022
 20
5289.427007528553
 30
0.0
 10
1520.563098326209
 20
5288.219395736953
 30
0.0
 10
1520.198501559222
 20
5287.641949809513
 30
0.0
 10
1519.242254629615
 20
5286.287978389657
 30
0.0
 10
1518.623476072651
 20
5285.541828757509
 30
0.0
 10
1517.310942468306
 20
5284.157073012721
 30
0.0
 10
1516.617108512175
 20
5283.518241940786
 30
0.0
 10
1515.172463789466
 20
5282.336634566243
 30
0.0
 10
1514.421542888391
 20
5281.793761614309
 30
0.0
 10
1512.874036494526
 20
5280.793452495687
 30
0.0
 10
1512.07736681166
 20
5280.335994640533
 30
0.0
 10
1509.983037151643
 20
5279.260574465974
 30
0.0
 10
1508.657680832475
 20
5278.698626438323
 30
0.0
 10
1505.936810219544
 20
5277.744204897601
 30
0.0
 10
1504.541130110126
 20
5277.351899302921
 30
0.0
 10
1501.701433215538
 20
5276.72732394428
 30
0.0
 10
1500.257395562788
 20
5276.49517282581
 30
0.0
 10
1497.344598865384
 20
5276.187018965727
 30
0.0
 10
1495.875872738164
 20
5276.111072214298
 30
0.0
 10
1492.386035194126
 20
5276.114972229472
 30
0.0
 10
1490.365177373096
 20
5276.264008580496
 30
0.0
 10
1486.388529698437
 20
5276.859864498467
 30
0.0
 10
1484.432818087822
 20
5277.306286701168
 30
0.0
 10
1481.178762623545
 20
5278.344528343885
 30
0.0
 10
1479.850154428437
 20
5278.860122236779
 30
0.0
 10
1477.278553688782
 20
5280.070764020805
 30
0.0
 10
1476.035189416143
 20
5280.765692292502
 30
0.0
 10
1473.94986290361
 20
5282.170309740475
 30
0.0
 10
1473.083625088882
 20
5282.835742480841
 30
0.0
 10
1471.437204261383
 20
5284.304267464926
 30
0.0
 10
1470.656780317673
 20
5285.107666243399
 30
0.0
 10
1469.371083160004
 20
5286.680767871607
 30
0.0
 10
1468.842816191798
 20
5287.421141057443
 30
0.0
 10
1467.88760307568
 20
5288.999226326101
 30
0.0
 10
1467.46080966953
 20
5289.837174289459
 30
0.0
 10
1466.740360252807
 20
5291.599685071203
 30
0.0
 10
1466.447060741731
 20
5292.524337411837
 30
0.0
 10
1466.023698358491
 20
5294.431148833574
 30
0.0
 10
1465.894024390611
 20
5295.413051012503
 30
0.0
 10
1465.814196928098
 20
5297.388755072439
 30
0.0
 10
1465.864137570446
 20
5298.38203143252
 30
0.0
 10
1466.137554920351
 20
5300.330816112058
 30
0.0
 10
1466.360738449802
 20
5301.285912941377
 30
0.0
 10
1466.955433704963
 20
5303.120220094155
 30
0.0
 10
1467.326537812012
 20
5303.999379811234
 30
0.0
 10
1468.184386522946
 20
5305.662763402775
 30
0.0
 10
1468.670882915219
 20
5306.447186728539
 30
0.0
 10
1469.730042122188
 20
5307.918220158092
 30
0.0
 10
1470.302653407925
 20
5308.605060810201
 30
0.0
 10
1471.512233921763
 20
5309.886991082479
 30
0.0
 10
1472.149255960685
 20
5310.48223336746
 30
0.0
 10
1473.473115267857
 20
5311.589922624996
 30
0.0
 10
1474.160027291509
 20
5312.102440892508
 30
0.0
 10
1475.934691985952
 20
5313.295574549186
 30
0.0
 10
1477.048185556632
 20
5313.928945630578
 30
0.0
 10
1479.345754236608
 20
5315.048806387356
 30
0.0
 10
1480.530067508545
 20
5315.535233022813
 30
0.0
 10
1482.953694397831
 20
5316.374229617774
 30
0.0
 10
1484.193095589682
 20
5316.726705953268
 30
0.0
 10
1486.711517193427
 20
5317.304596364666
 30
0.0
 10
1487.990552935996
 20
5317.529941658278
 30
0.0
 10
1491.89798662017
 20
5318.024611603447
 30
0.0
 10
1494.562513539072
 20
5318.101797618692
 30
0.0
 10
1499.089633411422
 20
5317.801495472137
 30
0.0
 10
1500.964392736801
 20
5317.547061983852
 30
0.0
 10
1504.636165960386
 20
5316.772640112387
 30
0.0
 10
1506.433241898441
 20
5316.253057681933
 30
0.0
 10
1509.424835936239
 20
5315.109381883004
 30
0.0
 10
1510.649231523901
 20
5314.553321255902
 30
0.0
 10
1513.012995917976
 20
5313.272134157429
 30
0.0
 10
1514.152761780351
 20
5312.547031066358
 30
0.0
 10
1516.057574818536
 20
5311.097361453977
 30
0.0
 10
1516.846728215241
 20
5310.414589581436
 30
0.0
 10
1518.337291843694
 20
5308.919103814267
 30
0.0
 10
1519.038857740044
 20
5308.106052826326
 30
0.0
 10
1520.191647665822
 20
5306.513439226685
 30
0.0
 10
1520.664745805668
 20
5305.758984629421
 30
0.0
 10
1521.504990611473
 20
5304.161460940151
 30
0.0
 10
1521.871937724078
 20
5303.318218007662
 30
0.0
 10
1522.470668098583
 20
5301.558720401088
 30
0.0
 10
1522.70211275469
 20
5300.642482800766
 30
0.0
 10
1522.99472382541
 20
5298.83716050216
 30
0.0
 10
1523.066901999598
 20
5297.951236491069
 30
0.0
 10
1523.066901999598
 20
5297.065156379882
 30
0.0
  0
ELLIPSE
  5
446
330
1F
100
AcDbEntity
  8
SHE
100
AcDbEllipse
 10
1541.758325374758
 20
5308.56181275675
 30
0.0
 11
18.5818730703585
 21
0.0000000000000175
 31
0.0
210
0.0
220
0.0
230
-1.0
 40
0.5877361541246975
 41
0.0
 42
6.283185307179586
  0
ELLIPSE
  5
447
330
1F
100
AcDbEntity
  8
SHE
100
AcDbEllipse
 10
1799.376484853652
 20
5308.561812731038
 30
0.0
 11
18.5818730703585
 21
0.0000000000000175
 31
0.0
210
0.0
220
0.0
230
-1.0
 40
0.5877361541246975
 41
0.0
 42
6.283185307179586
  0
LINE
  5
448
330
1F
100
AcDbEntity
  8
2Y
100
AcDbLine
 10
1993.9678890879
 20
5319.87930755689
 30
0.0
 11
1263.770081037157
 21
5319.87930755689
 31
0.0
  0
ELLIPSE
  5
449
330
1F
100
AcDbEntity
  8
SHE
100
AcDbEllipse
 10
2287.291459570333
 20
5300.888080209479
 30
0.0
 11
-2.72517411493764
 21
18.38095299069632
 31
0.0
210
0.0
220
0.0
230
1.0
 40
0.5877361541246975
 41
0.0
 42
6.283185307179586
  0
ELLIPSE
  5
44A
330
1F
100
AcDbEntity
  8
SHE
100
AcDbEllipse
 10
2328.219452205929
 20
5240.280547763949
 30
0.0
 11
-18.5818730703585
 21
0.0000000000000175
 31
0.0
210
0.0
220
0.0
230
1.0
 40
0.5877361541246975
 41
0.0
 42
6.283185307179586
  0
ELLIPSE
  5
44B
330
1F
100
AcDbEntity
  8
SHE
100
AcDbEllipse
 10
2294.925813577575
 20
5228.108904091991
 30
0.0
 11
-18.5818730703585
 21
0.0000000000000175
 31
0.0
210
0.0
220
0.0
230
1.0
 40
0.5877361541246975
 41
0.0
 42
6.283185307179586
  0
ELLIPSE
  5
44C
330
1F
100
AcDbEntity
  8
SHE
100
AcDbEllipse
 10
2294.925813577575
 20
5250.017795373671
 30
0.0
 11
-18.5818730703585
 21
0.0000000000000175
 31
0.0
210
0.0
220
0.0
230
1.0
 40
0.5877361541246975
 41
0.0
 42
6.283185307179586
  0
ELLIPSE
  5
44D
330
1F
100
AcDbEntity
  8
SHE
100
AcDbEllipse
 10
2329.843566674986
 20
5264.623666788612
 30
0.0
 11
-18.5818730703585
 21
0.0000000000000175
 31
0.0
210
0.0
220
0.0
230
1.0
 40
0.5877361541246975
 41
0.0
 42
6.283185307179586
  0
ELLIPSE
  5
44E
330
1F
100
AcDbEntity
  8
SHE
100
AcDbEllipse
 10
2293.301982302466
 20
5272.737983690561
 30
0.0
 11
-18.5818730703585
 21
0.0000000000000175
 31
0.0
210
0.0
220
0.0
230
1.0
 40
0.5877361541246975
 41
0.0
 42
6.283185307179586
  0
ELLIPSE
  5
44F
330
1F
100
AcDbEntity
  8
SHE
100
AcDbEllipse
 10
2411.047874151802
 20
5306.007053290101
 30
0.0
 11
-18.5818730703585
 21
0.0000000000000175
 31
0.0
210
0.0
220
0.0
230
1.0
 40
0.5877361541246975
 41
0.0
 42
6.283185307179586
  0
SPLINE
  5
450
330
1F
100
AcDbEntity
  8
SHE
100
AcDbSpline
210
0.0
220
0.0
230
1.0
 70
     9
 71
     3
 72
    70
 73
    66
 74
     0
 42
0.000000001
 43
0.0000000001
 40
0.0
 40
0.0
 40
0.0
 40
0.0
 40
0.1089064153092637
 40
0.1089064153092637
 40
0.2178128306185274
 40
0.2178128306185274
 40
0.326719245927791
 40
0.326719245927791
 40
0.497551667745757
 40
0.497551667745757
 40
0.6683840895637231
 40
0.6683840895637231
 40
0.839216511381689
 40
0.839216511381689
 40
1.105899478456654
 40
1.105899478456654
 40
1.37258244553162
 40
1.37258244553162
 40
1.639265412606586
 40
1.639265412606586
 40
1.905948379681552
 40
1.905948379681552
 40
2.172631346756517
 40
2.172631346756517
 40
2.439314313831483
 40
2.439314313831483
 40
2.65207777839686
 40
2.65207777839686
 40
2.813617059518745
 40
2.813617059518745
 40
2.975156340640629
 40
2.975156340640629
 40
3.108420543907715
 40
3.108420543907715
 40
3.241684747174802
 40
3.241684747174802
 40
3.374948950441888
 40
3.374948950441888
 40
3.508213153708974
 40
3.508213153708974
 40
3.641477356976061
 40
3.641477356976061
 40
3.774741560243147
 40
3.774741560243147
 40
4.075415742416178
 40
4.075415742416178
 40
4.376089924589209
 40
4.376089924589209
 40
4.676764106762241
 40
4.676764106762241
 40
4.977438288935272
 40
4.977438288935272
 40
5.278112471108303
 40
5.278112471108303
 40
5.578786653281334
 40
5.578786653281334
 40
5.785429981170027
 40
5.785429981170027
 40
5.949074972655163
 40
5.949074972655163
 40
6.112719964140298
 40
6.112719964140298
 40
6.246076073275804
 40
6.246076073275804
 40
6.283185307179586
 40
6.283185307179586
 40
6.283185307179586
 40
6.283185307179586
 10
2358.487095102915
 20
5287.484728728028
 30
0.0
 10
2358.487095102915
 20
5286.963726527785
 30
0.0
 10
2358.535594877103
 20
5286.442786598185
 30
0.0
 10
2358.726790426546
 20
5285.41504296138
 30
0.0
 10
2358.869404319557
 20
5284.908316240079
 30
0.0
 10
2359.241584181291
 20
5283.919975349476
 30
0.0
 10
2359.471062063676
 20
5283.438353309946
 30
0.0
 10
2360.160834905386
 20
5282.2419876458
 30
0.0
 10
2360.677918196729
 20
5281.550577509392
 30
0.0
 10
2361.873173496759
 20
5280.257152795399
 30
0.0
 10
2362.55142379913
 20
5279.654801714409
 30
0.0
 10
2364.044309829798
 20
5278.543615420145
 30
0.0
 10
2364.859079072135
 20
5278.034697837181
 30
0.0
 10
2367.091538201901
 20
5276.856740984499
 30
0.0
 10
2368.591447633764
 20
5276.258137023062
 30
0.0
 10
2371.777176486212
 20
5275.319027364428
 30
0.0
 10
2373.462939763325
 20
5274.978796027776
 30
0.0
 10
2376.916583418351
 20
5274.571102000948
 30
0.0
 10
2378.684207894155
 20
5274.503755545971
 30
0.0
 10
2382.191276384401
 20
5274.645107102188
 30
0.0
 10
2383.930438193929
 20
5274.853765735941
 30
0.0
 10
2387.272407560682
 20
5275.537878776886
 30
0.0
 10
2388.875027613962
 20
5276.013132015417
 30
0.0
 10
2391.845460233716
 20
5277.212228033677
 30
0.0
 10
2393.213474969452
 20
5277.935778789208
 30
0.0
 10
2395.383228731036
 20
5279.442818448864
 30
0.0
 10
2396.24395825628
 20
5280.184806087419
 30
0.0
 10
2397.536664868778
 20
5281.610894820638
 30
0.0
 10
2398.021939480925
 20
5282.266156778103
 30
0.0
 10
2398.821249714005
 20
5283.646798828049
 30
0.0
 10
2399.134978620961
 20
5284.37252690921
 30
0.0
 10
2399.525556706139
 20
5285.739015253246
 30
0.0
 10
2399.634031314651
 20
5286.372151094853
 30
0.0
 10
2399.70592933397
 20
5287.645556646763
 30
0.0
 10
2399.66927286188
 20
5288.285504722574
 30
0.0
 10
2399.453928381831
 20
5289.545772385391
 30
0.0
 10
2399.2754476181
 20
5290.165865731033
 30
0.0
 10
2398.789940740055
 20
5291.366397003439
 30
0.0
 10
2398.483139918258
 20
5291.946879563286
 30
0.0
 10
2397.757309060791
 20
5293.057866457457
 30
0.0
 10
2397.338349832848
 20
5293.588515099123
 30
0.0
 10
2396.402506508559
 20
5294.595612302408
 30
0.0
 10
2395.885596263295
 20
5295.072157103001
 30
0.0
 10
2394.06240574854
 20
5296.532143266857
 30
0.0
 10
2392.580019313347
 20
5297.400696151497
 30
0.0
 10
2389.302236483505
 20
5298.8259956166
 30
0.0
 10
2387.506287675599
 20
5299.382270230519
 30
0.0
 10
2383.739672105265
 20
5300.156158223733
 30
0.0
 10
2381.769339385515
 20
5300.373404233323
 30
0.0
 10
2377.809289951125
 20
5300.45635492781
 30
0.0
 10
2375.820089246219
 20
5300.322022286419
 30
0.0
 10
2371.979825100178
 20
5299.709375522085
 30
0.0
 10
2370.129174353802
 20
5299.231348373171
 30
0.0
 10
2366.71065652321
 20
5297.9556122668
 30
0.0
 10
2365.142558250082
 20
5297.158435572477
 30
0.0
 10
2362.841808348036
 20
5295.567264507699
 30
0.0
 10
2362.000822547707
 20
5294.850057378397
 30
0.0
 10
2360.705015262837
 20
5293.448502917017
 30
0.0
 10
2360.206260515261
 20
5292.788123727762
 30
0.0
 10
2359.383365916714
 20
5291.394832213206
 30
0.0
 10
2359.059533342966
 20
5290.661543340597
 30
0.0
 10
2358.656935577354
 20
5289.286924256551
 30
0.0
 10
2358.544132928437
 20
5288.653960999087
 30
0.0
 10
2358.492702861753
 20
5287.839785444725
 30
0.0
 10
2358.487095102915
 20
5287.662257227479
 30
0.0
 10
2358.487095102915
 20
5287.484728728028
 30
0.0
  0
ELLIPSE
  5
451
330
1F
100
AcDbEntity
  8
SHE
100
AcDbEllipse
 10
2410.377490385872
 20
5276.439890632945
 30
0.0
 11
-18.5818730703585
 21
0.0000000000000175
 31
0.0
210
0.0
220
0.0
230
1.0
 40
0.5877361541246975
 41
0.0
 42
6.283185307179586
  0
ELLIPSE
  5
452
330
1F
100
AcDbEntity
  8
SHE
100
AcDbEllipse
 10
2373.194320215538
 20
5309.196761989573
 30
0.0
 11
-18.5818730703585
 21
0.0000000000000175
 31
0.0
210
0.0
220
0.0
230
1.0
 40
0.5877361541246975
 41
0.0
 42
6.283185307179586
  0
SPLINE
  5
453
330
1F
100
AcDbEntity
  8
SHE
100
AcDbSpline
210
0.0
220
0.0
230
1.0
 70
     9
 71
     3
 72
    96
 73
    92
 74
     0
 42
0.000000001
 43
0.0000000001
 40
0.0
 40
0.0
 40
0.0
 40
0.0
 40
0.0786895064256901
 40
0.0786895064256901
 40
0.1573790128513802
 40
0.1573790128513802
 40
0.2360685192770703
 40
0.2360685192770703
 40
0.3147580257027605
 40
0.3147580257027605
 40
0.3934475321284505
 40
0.3934475321284505
 40
0.5082647294347622
 40
0.5082647294347622
 40
0.623081926741074
 40
0.623081926741074
 40
0.7378991240473856
 40
0.7378991240473856
 40
0.8527163213536972
 40
0.8527163213536972
 40
1.032711676229336
 40
1.032711676229336
 40
1.212707031104975
 40
1.212707031104975
 40
1.392702385980614
 40
1.392702385980614
 40
1.572697740856254
 40
1.572697740856254
 40
1.820421057578634
 40
1.820421057578634
 40
2.068144374301015
 40
2.068144374301015
 40
2.246143553036541
 40
2.246143553036541
 40
2.424142731772068
 40
2.424142731772068
 40
2.55896255734683
 40
2.55896255734683
 40
2.693782382921591
 40
2.693782382921591
 40
2.799799258131841
 40
2.799799258131841
 40
2.905816133342091
 40
2.905816133342091
 40
3.011833008552341
 40
3.011833008552341
 40
3.117849883762591
 40
3.117849883762591
 40
3.223866758972841
 40
3.223866758972841
 40
3.329883634183091
 40
3.329883634183091
 40
3.435900509393341
 40
3.435900509393341
 40
3.541917384603591
 40
3.541917384603591
 40
3.647934259813841
 40
3.647934259813841
 40
3.753951135024091
 40
3.753951135024091
 40
3.859968010234341
 40
3.859968010234341
 40
4.020034137046859
 40
4.020034137046859
 40
4.180100263859378
 40
4.180100263859378
 40
4.340166390671896
 40
4.340166390671896
 40
4.500232517484414
 40
4.500232517484414
 40
4.82477702003036
 40
4.82477702003036
 40
5.056930816649026
 40
5.056930816649026
 40
5.289084613267691
 40
5.289084613267691
 40
5.457335749648817
 40
5.457335749648817
 40
5.625586886029942
 40
5.625586886029942
 40
5.75327115156255
 40
5.75327115156255
 40
5.880955417095158
 40
5.880955417095158
 40
5.983373679873519
 40
5.983373679873519
 40
6.08579194265188
 40
6.08579194265188
 40
6.188210205430241
 40
6.188210205430241
 40
6.283185307179586
 40
6.283185307179586
 40
6.283185307179586
 40
6.283185307179586
 10
2300.610736455652
 20
5297.065156354176
 30
0.0
 10
2300.610736455652
 20
5296.331014404612
 30
0.0
 10
2300.660161857566
 20
5295.596934033543
 30
0.0
 10
2300.85446848745
 20
5294.148644428875
 30
0.0
 10
2300.999284137666
 20
5293.434531485647
 30
0.0
 10
2301.37507734845
 20
5292.042728651853
 30
0.0
 10
2301.605960003537
 20
5291.365073934183
 30
0.0
 10
2302.141248270753
 20
5290.057224101562
 30
0.0
 10
2302.445572461817
 20
5289.427007502862
 30
0.0
 10
2303.114540026596
 20
5288.21939571145
 30
0.0
 10
2303.479136896014
 20
5287.641949783996
 30
0.0
 10
2304.435383877033
 20
5286.287978415362
 30
0.0
 10
2305.054162280139
 20
5285.541828731802
 30
0.0
 10
2306.366695935532
 20
5284.157072987204
 30
0.0
 10
2307.060529840615
 20
5283.518241915285
 30
0.0
 10
2308.505174717182
 20
5282.336634540538
 30
0.0
 10
2309.256095566481
 20
5281.793761640031
 30
0.0
 10
2310.803601909312
 20
5280.793452521393
 30
0.0
 10
2311.6002717464
 20
5280.335994666239
 30
0.0
 10
2313.694601303214
 20
5279.260574491679
 30
0.0
 10
2315.019957776618
 20
5278.698626489553
 30
0.0
 10
2317.74082828674
 20
5277.744204871895
 30
0.0
 10
2319.136508396521
 20
5277.351899328627
 30
0.0
 10
2321.976205137253
 20
5276.727323918778
 30
0.0
 10
2323.420242943496
 20
5276.495172800103
 30
0.0
 10
2326.33303953844
 20
5276.187018965735
 30
0.0
 10
2327.801765768483
 20
5276.111072188607
 30
0.0
 10
2331.291603107253
 20
5276.114972203767
 30
0.0
 10
2333.312461133552
 20
5276.264008554994
 30
0.0
 10
2337.289108653989
 20
5276.859864524173
 30
0.0
 10
2339.244820470238
 20
5277.306286726685
 30
0.0
 10
2342.498875883102
 20
5278.344528318368
 30
0.0
 10
2343.827483821544
 20
5278.860122262297
 30
0.0
 10
2346.399084663644
 20
5280.070763995114
 30
0.0
 10
2347.642448987695
 20
5280.765692266999
 30
0.0
 10
2349.727775551626
 20
5282.170309714959
 30
0.0
 10
2350.594013417387
 20
5282.835742506563
 30
0.0
 10
2352.240433988598
 20
5284.304267439424
 30
0.0
 10
2353.020858086151
 20
5285.10766626893
 30
0.0
 10
2354.306555397692
 20
5286.680767897124
 30
0.0
 10
2354.83482221204
 20
5287.421141031736
 30
0.0
 10
2355.790035328144
 20
5288.999226326108
 30
0.0
 10
2356.216828682896
 20
5289.837174263958
 30
0.0
 10
2356.937278202429
 20
5291.599685122434
 30
0.0
 10
2357.23057781595
 20
5292.524337437368
 30
0.0
 10
2357.653940045348
 20
5294.431148833581
 30
0.0
 10
2357.783614116037
 20
5295.413050987001
 30
0.0
 10
2357.86344147574
 20
5297.388755046748
 30
0.0
 10
2357.813500935838
 20
5298.382031458226
 30
0.0
 10
2357.5400835349
 20
5300.330816137779
 30
0.0
 10
2357.316900005448
 20
5301.285912967084
 30
0.0
 10
2356.722204698876
 20
5303.12022006845
 30
0.0
 10
2356.351100694272
 20
5303.999379836939
 30
0.0
 10
2355.493251829481
 20
5305.662763377259
 30
0.0
 10
2355.006755488619
 20
5306.447186702848
 30
0.0
 10
2353.947596333062
 20
5307.918220183797
 30
0.0
 10
2353.374985201168
 20
5308.605060835907
 30
0.0
 10
2352.165404431027
 20
5309.886991056977
 30
0.0
 10
2351.528382494551
 20
5310.482233341769
 30
0.0
 10
2350.204523187378
 20
5311.589922650703
 30
0.0
 10
2349.51761131722
 20
5312.102440918228
 30
0.0
 10
2347.742946520695
 20
5313.295574600605
 30
0.0
 10
2346.629452847192
 20
5313.928945605075
 30
0.0
 10
2344.33188416723
 20
5315.04880636184
 30
0.0
 10
2343.147570895657
 20
5315.535232997295
 30
0.0
 10
2340.723944005993
 20
5316.374229592256
 30
0.0
 10
2339.484542916602
 20
5316.726705978799
 30
0.0
 10
2336.966121210411
 20
5317.304596390371
 30
0.0
 10
2335.687085519239
 20
5317.529941683999
 30
0.0
 10
2331.779651681209
 20
5318.024611577755
 30
0.0
 10
2329.115124967575
 20
5318.101797618699
 30
0.0
 10
2324.588004992417
 20
5317.801495446431
 30
0.0
 10
2322.713245718434
 20
5317.547062009369
 30
0.0
 10
2319.041472546262
 20
5316.772640138108
 30
0.0
 10
2317.244396607828
 20
5316.25305768194
 30
0.0
 10
2314.252802621457
 20
5315.109381908536
 30
0.0
 10
2313.028407084829
 20
5314.553321281622
 30
0.0
 10
2310.664642486226
 20
5313.272134131738
 30
0.0
 10
2309.524876674885
 20
5312.54703109189
 30
0.0
 10
2307.62006353389
 20
5311.09736142827
 30
0.0
 10
2306.830910291406
 20
5310.414589632841
 30
0.0
 10
2305.340346509096
 20
5308.919103788576
 30
0.0
 10
2304.638780817637
 20
5308.106052852032
 30
0.0
 10
2303.485990738002
 20
5306.513439226692
 30
0.0
 10
2303.01289259817
 20
5305.758984603715
 30
0.0
 10
2302.172647741318
 20
5304.161460914445
 30
0.0
 10
2301.805700628713
 20
5303.318217982145
 30
0.0
 10
2301.206970305619
 20
5301.558720375396
 30
0.0
 10
2300.97552570056
 20
5300.642482826282
 30
0.0
 10
2300.68291478332
 20
5298.837160502167
 30
0.0
 10
2300.610736455652
 20
5297.951236516776
 30
0.0
 10
2300.610736455652
 20
5297.065156354176
 30
0.0
  0
ELLIPSE
  5
454
330
1F
100
AcDbEntity
  8
SHE
100
AcDbEllipse
 10
2482.006693435717
 20
5275.349223282552
 30
0.0
 11
-18.5818730703585
 21
0.0000000000000175
 31
0.0
210
0.0
220
0.0
230
1.0
 40
0.5877361541246975
 41
0.0
 42
6.283185307179586
  0
SPLINE
  5
455
330
1F
100
AcDbEntity
  8
SHE
100
AcDbSpline
210
0.0
220
0.0
230
1.0
 70
     9
 71
     3
 72
    70
 73
    66
 74
     0
 42
0.000000001
 43
0.0000000001
 40
0.0
 40
0.0
 40
0.0
 40
0.0
 40
0.1089064153092637
 40
0.1089064153092637
 40
0.2178128306185274
 40
0.2178128306185274
 40
0.326719245927791
 40
0.326719245927791
 40
0.497551667745757
 40
0.497551667745757
 40
0.6683840895637231
 40
0.6683840895637231
 40
0.839216511381689
 40
0.839216511381689
 40
1.105899478456654
 40
1.105899478456654
 40
1.37258244553162
 40
1.37258244553162
 40
1.639265412606586
 40
1.639265412606586
 40
1.905948379681552
 40
1.905948379681552
 40
2.172631346756517
 40
2.172631346756517
 40
2.439314313831483
 40
2.439314313831483
 40
2.65207777839686
 40
2.65207777839686
 40
2.813617059518745
 40
2.813617059518745
 40
2.975156340640629
 40
2.975156340640629
 40
3.108420543907715
 40
3.108420543907715
 40
3.241684747174802
 40
3.241684747174802
 40
3.374948950441888
 40
3.374948950441888
 40
3.508213153708974
 40
3.508213153708974
 40
3.641477356976061
 40
3.641477356976061
 40
3.774741560243147
 40
3.774741560243147
 40
4.075415742416178
 40
4.075415742416178
 40
4.376089924589209
 40
4.376089924589209
 40
4.676764106762241
 40
4.676764106762241
 40
4.977438288935272
 40
4.977438288935272
 40
5.278112471108303
 40
5.278112471108303
 40
5.578786653281334
 40
5.578786653281334
 40
5.785429981170027
 40
5.785429981170027
 40
5.949074972655163
 40
5.949074972655163
 40
6.112719964140298
 40
6.112719964140298
 40
6.246076073275804
 40
6.246076073275804
 40
6.283185307179586
 40
6.283185307179586
 40
6.283185307179586
 40
6.283185307179586
 10
2424.331847709677
 20
5290.039488220195
 30
0.0
 10
2424.331847709677
 20
5289.518485968729
 30
0.0
 10
2424.380347483486
 20
5288.997546090351
 30
0.0
 10
2424.571542879072
 20
5287.969802453546
 30
0.0
 10
2424.714156925926
 20
5287.463075706532
 30
0.0
 10
2425.086336634195
 20
5286.474734841642
 30
0.0
 10
2425.31581451658
 20
5285.993112802112
 30
0.0
 10
2426.00558725583
 20
5284.796747137967
 30
0.0
 10
2426.522670700652
 20
5284.105336950146
 30
0.0
 10
2427.717926052094
 20
5282.811912313089
 30
0.0
 10
2428.396176252019
 20
5282.209561232084
 30
0.0
 10
2429.889062333736
 20
5281.098374912311
 30
0.0
 10
2430.703831576058
 20
5280.589457303825
 30
0.0
 10
2432.936290705824
 20
5279.411500476475
 30
0.0
 10
2434.436200137687
 20
5278.812896540927
 30
0.0
 10
2437.621929092581
 20
5277.873786856595
 30
0.0
 10
2439.307692369693
 20
5277.533555545641
 30
0.0
 10
2442.761335871255
 20
5277.125861493114
 30
0.0
 10
2444.528960398093
 20
5277.058515012439
 30
0.0
 10
2448.036028888703
 20
5277.199866543131
 30
0.0
 10
2449.775190800312
 20
5277.408525202408
 30
0.0
 10
2453.117160218841
 20
5278.092638320275
 30
0.0
 10
2454.719780117899
 20
5278.567891533094
 30
0.0
 10
2457.690212840462
 20
5279.766987551543
 30
0.0
 10
2459.058227473375
 20
5280.490538281374
 30
0.0
 10
2461.227981234973
 20
5281.997577915507
 30
0.0
 10
2462.088710760203
 20
5282.739565528362
 30
0.0
 10
2463.381417424113
 20
5284.165654287106
 30
0.0
 10
2463.86669198524
 20
5284.82091627027
 30
0.0
 10
2464.666002166894
 20
5286.20155832039
 30
0.0
 10
2464.979731176296
 20
5286.927286350153
 30
0.0
 10
2465.370309261489
 20
5288.293774719714
 30
0.0
 10
2465.478783921033
 20
5288.926910535796
 30
0.0
 10
2465.550681889304
 20
5290.200316138929
 30
0.0
 10
2465.514025468627
 20
5290.840264214741
 30
0.0
 10
2465.298680834356
 20
5292.100531877557
 30
0.0
 10
2465.120200173435
 20
5292.720625248912
 30
0.0
 10
2464.634693295389
 20
5293.921156495606
 30
0.0
 10
2464.327892627451
 20
5294.501639055452
 30
0.0
 10
2463.602061462283
 20
5295.612625924114
 30
0.0
 10
2463.183102388182
 20
5296.14327459129
 30
0.0
 10
2462.247258910051
 20
5297.150371794574
 30
0.0
 10
2461.730348664773
 20
5297.626916518232
 30
0.0
 10
2459.907158201444
 20
5299.086902784548
 30
0.0
 10
2458.424771868697
 20
5299.955455618153
 30
0.0
 10
2455.146988987428
 20
5301.380755031845
 30
0.0
 10
2453.351040128502
 20
5301.937029697175
 30
0.0
 10
2449.584424660614
 20
5302.710917715899
 30
0.0
 10
2447.614091889438
 20
5302.928163725315
 30
0.0
 10
2443.654042506474
 20
5303.011114445689
 30
0.0
 10
2441.664841955411
 20
5302.876781778585
 30
0.0
 10
2437.824577553082
 20
5302.26413496284
 30
0.0
 10
2435.973927063009
 20
5301.78610791656
 30
0.0
 10
2432.555409027511
 20
5300.510371784476
 30
0.0
 10
2430.987310754019
 20
5299.713195013247
 30
0.0
 10
2428.686560852337
 20
5298.122024051089
 30
0.0
 10
2427.84557505163
 20
5297.404816896261
 30
0.0
 10
2426.549767869598
 20
5296.003262409183
 30
0.0
 10
2426.05101296815
 20
5295.342883219738
 30
0.0
 10
2425.228118369239
 20
5293.949591705372
 30
0.0
 10
2424.904285898316
 20
5293.216302781541
 30
0.0
 10
2424.501688081277
 20
5291.84168377443
 30
0.0
 10
2424.388885483772
 20
5291.208720440031
 30
0.0
 10
2424.3374554685
 20
5290.394544911178
 30
0.0
 10
2424.331847709677
 20
5290.217016668234
 30
0.0
 10
2424.331847709677
 20
5290.039488220195
 30
0.0
  0
ELLIPSE
  5
456
330
1F
100
AcDbEntity
  8
SHE
100
AcDbEllipse
 10
2476.892626655725
 20
5308.561812731045
 30
0.0
 11
-18.5818730703585
 21
0.0000000000000175
 31
0.0
210
0.0
220
0.0
230
1.0
 40
0.5877361541246975
 41
0.0
 42
6.283185307179586
  0
TEXT
  5
457
330
1F
100
AcDbEntity
  8
TG
  6
CENTER2
100
AcDbText
 10
1417.152232622102
 20
5460.154480497156
 30
0.0
 40
50.0
  1
GRD FLR LVL
  7
100CL
100
AcDbText
  0
LINE
  5
458
330
1F
100
AcDbEntity
  8
2Y
100
AcDbLine
 10
1990.634555754703
 20
5434.390418668271
 30
0.0
 11
1263.561582836017
 21
5434.390418668271
 31
0.0
  0
LWPOLYLINE
  5
459
330
1F
100
AcDbEntity
  8
1R
100
AcDbPolyline
 90
        5
 70
   128
 43
0.0
 10
1263.561582836017
 20
5434.390418668066
 10
1256.651331037166
 20
5398.815418668259
 10
1265.101331037163
 20
5377.04041866825
 10
1253.726331037164
 20
5355.590418668064
 10
1263.770081037161
 20
5319.879307556876
  0
LWPOLYLINE
  5
45A
330
1F
100
AcDbEntity
  8
1R
100
AcDbPolyline
 90
        7
 70
   128
 43
0.0
 10
1265.101331037163
 20
5377.04041866825
 10
1257.951331037169
 20
5385.490418668247
 10
1253.076331037169
 20
5385.490418668247
 10
1248.526331037166
 20
5380.615418668072
 10
1248.851331037164
 20
5371.19041866807
 10
1254.051331037161
 20
5368.265418668255
 10
1265.101331037163
 20
5377.04041866825
  0
LWPOLYLINE
  5
45B
330
1F
100
AcDbEntity
  8
1R
100
AcDbPolyline
 90
        5
 70
   128
 43
0.0
 10
2275.634555754688
 20
5653.382492617813
 10
2177.284555754697
 20
5672.486449452401
 10
2133.734555754694
 20
5655.586449452407
 10
2090.834555754322
 20
5678.336449452217
 10
2000.634555754688
 20
5652.967699452412
  0
LWPOLYLINE
  5
45C
330
1F
100
AcDbEntity
  8
1R
100
AcDbPolyline
 90
        7
 70
   128
 43
0.0
 10
2133.734555754694
 20
5655.586449452407
 10
2150.634555754688
 20
5669.886449452221
 10
2150.634555754688
 20
5679.636449452409
 10
2140.884555754688
 20
5688.736449452401
 10
2122.034555754319
 20
5688.086449452407
 10
2116.184555754691
 20
5677.686449452224
 10
2133.734555754694
 20
5655.586449452407
  0
ELLIPSE
  5
45D
330
1F
100
AcDbEntity
  8
SHE
100
AcDbEllipse
 10
2606.021187778083
 20
5306.007053290101
 30
0.0
 11
-18.5818730703585
 21
0.0000000000000175
 31
0.0
210
0.0
220
0.0
230
1.0
 40
0.5877361541246975
 41
0.0
 42
6.283185307179586
  0
SPLINE
  5
45E
330
1F
100
AcDbEntity
  8
SHE
100
AcDbSpline
210
0.0
220
0.0
230
1.0
 70
     9
 71
     3
 72
    70
 73
    66
 74
     0
 42
0.000000001
 43
0.0000000001
 40
0.0
 40
0.0
 40
0.0
 40
0.0
 40
0.1089064153092637
 40
0.1089064153092637
 40
0.2178128306185274
 40
0.2178128306185274
 40
0.326719245927791
 40
0.326719245927791
 40
0.497551667745757
 40
0.497551667745757
 40
0.6683840895637231
 40
0.6683840895637231
 40
0.839216511381689
 40
0.839216511381689
 40
1.105899478456654
 40
1.105899478456654
 40
1.37258244553162
 40
1.37258244553162
 40
1.639265412606586
 40
1.639265412606586
 40
1.905948379681552
 40
1.905948379681552
 40
2.172631346756517
 40
2.172631346756517
 40
2.439314313831483
 40
2.439314313831483
 40
2.65207777839686
 40
2.65207777839686
 40
2.813617059518745
 40
2.813617059518745
 40
2.975156340640629
 40
2.975156340640629
 40
3.108420543907715
 40
3.108420543907715
 40
3.241684747174802
 40
3.241684747174802
 40
3.374948950441888
 40
3.374948950441888
 40
3.508213153708974
 40
3.508213153708974
 40
3.641477356976061
 40
3.641477356976061
 40
3.774741560243147
 40
3.774741560243147
 40
4.075415742416178
 40
4.075415742416178
 40
4.376089924589209
 40
4.376089924589209
 40
4.676764106762241
 40
4.676764106762241
 40
4.977438288935272
 40
4.977438288935272
 40
5.278112471108303
 40
5.278112471108303
 40
5.578786653281334
 40
5.578786653281334
 40
5.785429981170027
 40
5.785429981170027
 40
5.949074972655163
 40
5.949074972655163
 40
6.112719964140298
 40
6.112719964140298
 40
6.246076073275804
 40
6.246076073275804
 40
6.283185307179586
 40
6.283185307179586
 40
6.283185307179586
 40
6.283185307179586
 10
2553.460408729574
 20
5287.484728728028
 30
0.0
 10
2553.460408729574
 20
5286.963726527785
 30
0.0
 10
2553.508908503383
 20
5286.442786598185
 30
0.0
 10
2553.700104052827
 20
5285.41504296138
 30
0.0
 10
2553.842717945823
 20
5284.908316240079
 30
0.0
 10
2554.214897807935
 20
5283.919975349476
 30
0.0
 10
2554.44437569032
 20
5283.438353309946
 30
0.0
 10
2555.134148532045
 20
5282.2419876458
 30
0.0
 10
2555.651231823009
 20
5281.550577509392
 30
0.0
 10
2556.846487123039
 20
5280.257152795399
 30
0.0
 10
2557.524737425775
 20
5279.654801714409
 30
0.0
 10
2559.017623456079
 20
5278.543615420145
 30
0.0
 10
2559.83239269878
 20
5278.034697837181
 30
0.0
 10
2562.064851828545
 20
5276.856740984499
 30
0.0
 10
2563.564761260045
 20
5276.258137023062
 30
0.0
 10
2566.750490112478
 20
5275.319027364428
 30
0.0
 10
2568.436253389591
 20
5274.978796027776
 30
0.0
 10
2571.889897044996
 20
5274.571102000948
 30
0.0
 10
2573.657521520436
 20
5274.503755545971
 30
0.0
 10
2577.164590011046
 20
5274.645107102188
 30
0.0
 10
2578.90375182021
 20
5274.853765735941
 30
0.0
 10
2582.245721187326
 20
5275.537878776886
 30
0.0
 10
2583.848341240242
 20
5276.013132015417
 30
0.0
 10
2586.818773860359
 20
5277.212228033677
 30
0.0
 10
2588.186788595733
 20
5277.935778789208
 30
0.0
 10
2590.356542357316
 20
5279.442818448864
 30
0.0
 10
2591.217271882561
 20
5280.184806087419
 30
0.0
 10
2592.509978495422
 20
5281.610894820638
 30
0.0
 10
2592.995253107583
 20
5282.266156778103
 30
0.0
 10
2593.794563340649
 20
5283.646798828049
 30
0.0
 10
2594.108292247242
 20
5284.37252690921
 30
0.0
 10
2594.498870332798
 20
5285.739015253246
 30
0.0
 10
2594.607344940931
 20
5286.372151094853
 30
0.0
 10
2594.679242960629
 20
5287.645556646763
 30
0.0
 10
2594.642586488524
 20
5288.285504722574
 30
0.0
 10
2594.427242008111
 20
5289.545772385391
 30
0.0
 10
2594.248761244744
 20
5290.165865731033
 30
0.0
 10
2593.763254366699
 20
5291.366397003439
 30
0.0
 10
2593.456453544903
 20
5291.946879563286
 30
0.0
 10
2592.73062268745
 20
5293.057866457457
 30
0.0
 10
2592.311663459506
 20
5293.588515099123
 30
0.0
 10
2591.375820135218
 20
5294.595612302408
 30
0.0
 10
2590.85890988994
 20
5295.072157103001
 30
0.0
 10
2589.035719375199
 20
5296.532143266857
 30
0.0
 10
2587.553332939992
 20
5297.400696151497
 30
0.0
 10
2584.275550110149
 20
5298.8259956166
 30
0.0
 10
2582.479601302257
 20
5299.382270230519
 30
0.0
 10
2578.712985731909
 20
5300.156158223733
 30
0.0
 10
2576.742653011796
 20
5300.373404233323
 30
0.0
 10
2572.782603577405
 20
5300.45635492781
 30
0.0
 10
2570.793402872864
 20
5300.322022286419
 30
0.0
 10
2566.953138726836
 20
5299.709375522085
 30
0.0
 10
2565.102487980461
 20
5299.231348373171
 30
0.0
 10
2561.683970149854
 20
5297.9556122668
 30
0.0
 10
2560.115871876362
 20
5297.158435572477
 30
0.0
 10
2557.81512197468
 20
5295.567264507699
 30
0.0
 10
2556.974136173973
 20
5294.850057378397
 30
0.0
 10
2555.678328889495
 20
5293.448502917017
 30
0.0
 10
2555.179574141904
 20
5292.788123727762
 30
0.0
 10
2554.356679542995
 20
5291.394832213206
 30
0.0
 10
2554.032846969625
 20
5290.661543340597
 30
0.0
 10
2553.630249203634
 20
5289.286924256551
 30
0.0
 10
2553.517446554717
 20
5288.653960999087
 30
0.0
 10
2553.466016488397
 20
5287.839785444725
 30
0.0
 10
2553.460408729574
 20
5287.662257227479
 30
0.0
 10
2553.460408729574
 20
5287.484728728028
 30
0.0
  0
ELLIPSE
  5
45F
330
1F
100
AcDbEntity
  8
SHE
100
AcDbEllipse
 10
2739.624852966037
 20
5281.273002165166
 30
0.0
 11
-18.5818730703585
 21
0.0000000000000175
 31
0.0
210
0.0
220
0.0
230
1.0
 40
0.5877361541246975
 41
0.0
 42
6.283185307179586
  0
SPLINE
  5
460
330
1F
100
AcDbEntity
  8
SHE
100
AcDbSpline
210
0.0
220
0.0
230
1.0
 70
     9
 71
     3
 72
    70
 73
    66
 74
     0
 42
0.000000001
 43
0.0000000001
 40
0.0
 40
0.0
 40
0.0
 40
0.0
 40
0.1089064153092637
 40
0.1089064153092637
 40
0.2178128306185274
 40
0.2178128306185274
 40
0.326719245927791
 40
0.326719245927791
 40
0.497551667745757
 40
0.497551667745757
 40
0.6683840895637231
 40
0.6683840895637231
 40
0.839216511381689
 40
0.839216511381689
 40
1.105899478456654
 40
1.105899478456654
 40
1.37258244553162
 40
1.37258244553162
 40
1.639265412606586
 40
1.639265412606586
 40
1.905948379681552
 40
1.905948379681552
 40
2.172631346756517
 40
2.172631346756517
 40
2.439314313831483
 40
2.439314313831483
 40
2.65207777839686
 40
2.65207777839686
 40
2.813617059518745
 40
2.813617059518745
 40
2.975156340640629
 40
2.975156340640629
 40
3.108420543907715
 40
3.108420543907715
 40
3.241684747174802
 40
3.241684747174802
 40
3.374948950441888
 40
3.374948950441888
 40
3.508213153708974
 40
3.508213153708974
 40
3.641477356976061
 40
3.641477356976061
 40
3.774741560243147
 40
3.774741560243147
 40
4.075415742416178
 40
4.075415742416178
 40
4.376089924589209
 40
4.376089924589209
 40
4.676764106762241
 40
4.676764106762241
 40
4.977438288935272
 40
4.977438288935272
 40
5.278112471108303
 40
5.278112471108303
 40
5.578786653281334
 40
5.578786653281334
 40
5.785429981170027
 40
5.785429981170027
 40
5.949074972655163
 40
5.949074972655163
 40
6.112719964140298
 40
6.112719964140298
 40
6.246076073275804
 40
6.246076073275804
 40
6.283185307179586
 40
6.283185307179586
 40
6.283185307179586
 40
6.283185307179586
 10
2811.078568157056
 20
5287.484728676805
 30
0.0
 10
2811.078568157056
 20
5286.963726502087
 30
0.0
 10
2811.127068033325
 20
5286.442786623898
 30
0.0
 10
2811.31826342929
 20
5285.41504298689
 30
0.0
 10
2811.460877373335
 20
5284.908316265588
 30
0.0
 10
2811.83305718402
 20
5283.919975375189
 30
0.0
 10
2812.062535066405
 20
5283.438353284248
 30
0.0
 10
2812.752307908129
 20
5282.2419876715
 30
0.0
 10
2813.269391250491
 20
5281.550577483678
 30
0.0
 10
2814.464646499124
 20
5280.257152820922
 30
0.0
 10
2815.142896699414
 20
5279.654801688696
 30
0.0
 10
2816.635782832527
 20
5278.543615394635
 30
0.0
 10
2817.450552125912
 20
5278.034697811658
 30
0.0
 10
2819.683011153233
 20
5276.856740958785
 30
0.0
 10
2821.182920738938
 20
5276.258137048761
 30
0.0
 10
2824.368649642435
 20
5275.319027364428
 30
0.0
 10
2826.054412765676
 20
5274.978796002251
 30
0.0
 10
2829.508056523526
 20
5274.571102026457
 30
0.0
 10
2831.275680947932
 20
5274.503755520273
 30
0.0
 10
2834.782749438542
 20
5274.645107127901
 30
0.0
 10
2836.521911299104
 20
5274.853765761466
 30
0.0
 10
2839.863880768666
 20
5275.537878802584
 30
0.0
 10
2841.466500667739
 20
5276.013132015417
 30
0.0
 10
2844.436933390316
 20
5277.212228059376
 30
0.0
 10
2845.804947869372
 20
5277.935778763509
 30
0.0
 10
2847.974701784798
 20
5279.442818448864
 30
0.0
 10
2848.835431412488
 20
5280.184806061894
 30
0.0
 10
2850.128137973952
 20
5281.61089479494
 30
0.0
 10
2850.613412432256
 20
5282.26615675239
 30
0.0
 10
2851.412722614288
 20
5283.646798802525
 30
0.0
 10
2851.72645172615
 20
5284.372526883686
 30
0.0
 10
2852.117029811328
 20
5285.73901527877
 30
0.0
 10
2852.225504471237
 20
5286.372151069329
 30
0.0
 10
2852.297402439159
 20
5287.645556672462
 30
0.0
 10
2852.260745916036
 20
5288.285504697065
 30
0.0
 10
2852.045401384574
 20
5289.545772411104
 30
0.0
 10
2851.866920723275
 20
5290.165865731033
 30
0.0
 10
2851.381413639974
 20
5291.36639697793
 30
0.0
 10
2851.074613074845
 20
5291.946879588984
 30
0.0
 10
2850.348782012123
 20
5293.057866431947
 30
0.0
 10
2849.929822938037
 20
5293.588515124822
 30
0.0
 10
2848.9939795627
 20
5294.595612328106
 30
0.0
 10
2848.477069266024
 20
5295.072157103001
 30
0.0
 10
2846.653878751284
 20
5296.532143241158
 30
0.0
 10
2845.171492316076
 20
5297.40069617721
 30
0.0
 10
2841.893709537268
 20
5298.825995565377
 30
0.0
 10
2840.097760780788
 20
5299.382270230519
 30
0.0
 10
2836.331145107994
 20
5300.156158198209
 30
0.0
 10
2834.360812541723
 20
5300.373404233323
 30
0.0
 10
2830.400762953868
 20
5300.456354953523
 30
0.0
 10
2828.411562402806
 20
5300.322022286419
 30
0.0
 10
2824.571298102921
 20
5299.709375547609
 30
0.0
 10
2822.720647510389
 20
5299.23134839868
 30
0.0
 10
2819.302129628384
 20
5297.95561229231
 30
0.0
 10
2817.734031303859
 20
5297.158435598001
 30
0.0
 10
2815.433281402177
 20
5295.567264533398
 30
0.0
 10
2814.592295601484
 20
5294.850057404095
 30
0.0
 10
2813.296488419423
 20
5293.448502942716
 30
0.0
 10
2812.797733415544
 20
5292.788123753286
 30
0.0
 10
2811.974839021903
 20
5291.394832238919
 30
0.0
 10
2811.65100634571
 20
5290.661543315072
 30
0.0
 10
2811.248408631116
 20
5289.286924231041
 30
0.0
 10
2811.135606033611
 20
5288.653961024786
 30
0.0
 10
2811.084176018354
 20
5287.839785419012
 30
0.0
 10
2811.078568157056
 20
5287.662257252989
 30
0.0
 10
2811.078568157056
 20
5287.484728676805
 30
0.0
  0
SPLINE
  5
461
330
1F
100
AcDbEntity
  8
SHE
100
AcDbSpline
210
0.0
220
0.0
230
1.0
 70
     9
 71
     3
 72
    70
 73
    66
 74
     0
 42
0.000000001
 43
0.0000000001
 40
0.0
 40
0.0
 40
0.0
 40
0.0
 40
0.1089064153092637
 40
0.1089064153092637
 40
0.2178128306185274
 40
0.2178128306185274
 40
0.326719245927791
 40
0.326719245927791
 40
0.497551667745757
 40
0.497551667745757
 40
0.6683840895637231
 40
0.6683840895637231
 40
0.839216511381689
 40
0.839216511381689
 40
1.105899478456654
 40
1.105899478456654
 40
1.37258244553162
 40
1.37258244553162
 40
1.639265412606586
 40
1.639265412606586
 40
1.905948379681552
 40
1.905948379681552
 40
2.172631346756517
 40
2.172631346756517
 40
2.439314313831483
 40
2.439314313831483
 40
2.65207777839686
 40
2.65207777839686
 40
2.813617059518745
 40
2.813617059518745
 40
2.975156340640629
 40
2.975156340640629
 40
3.108420543907715
 40
3.108420543907715
 40
3.241684747174802
 40
3.241684747174802
 40
3.374948950441888
 40
3.374948950441888
 40
3.508213153708974
 40
3.508213153708974
 40
3.641477356976061
 40
3.641477356976061
 40
3.774741560243147
 40
3.774741560243147
 40
4.075415742416178
 40
4.075415742416178
 40
4.376089924589209
 40
4.376089924589209
 40
4.676764106762241
 40
4.676764106762241
 40
4.977438288935272
 40
4.977438288935272
 40
5.278112471108303
 40
5.278112471108303
 40
5.578786653281334
 40
5.578786653281334
 40
5.785429981170027
 40
5.785429981170027
 40
5.949074972655163
 40
5.949074972655163
 40
6.112719964140298
 40
6.112719964140298
 40
6.246076073275804
 40
6.246076073275804
 40
6.283185307179586
 40
6.283185307179586
 40
6.283185307179586
 40
6.283185307179586
 10
2679.213537898919
 20
5285.026986472847
 30
0.0
 10
2679.213537898919
 20
5284.505984221192
 30
0.0
 10
2679.262037570283
 20
5283.985044317494
 30
0.0
 10
2679.453233119726
 20
5282.957300680486
 30
0.0
 10
2679.595847115546
 20
5282.450573933675
 30
0.0
 10
2679.96802697728
 20
5281.462233068596
 30
0.0
 10
2680.197504859665
 20
5280.980611054765
 30
0.0
 10
2680.887277598944
 20
5279.78424539062
 30
0.0
 10
2681.404360889909
 20
5279.092835177275
 30
0.0
 10
2682.599616292748
 20
5277.799410540043
 30
0.0
 10
2683.277866492673
 20
5277.197059484738
 30
0.0
 10
2684.770752625788
 20
5276.085873190677
 30
0.0
 10
2685.585521919537
 20
5275.576955530778
 30
0.0
 10
2687.81798099789
 20
5274.398998729128
 30
0.0
 10
2689.317890326944
 20
5273.800394793579
 30
0.0
 10
2692.503619436058
 20
5272.861285134946
 30
0.0
 10
2694.189382559315
 20
5272.521053798293
 30
0.0
 10
2697.64302621434
 20
5272.113359720053
 30
0.0
 10
2699.410650587335
 20
5272.046013239378
 30
0.0
 10
2702.917719129357
 20
5272.187364795595
 30
0.0
 10
2704.656881092364
 20
5272.396023429348
 30
0.0
 10
2707.998850561926
 20
5273.080136572928
 30
0.0
 10
2709.601470409965
 20
5273.555389760236
 30
0.0
 10
2712.57190313215
 20
5274.754485752797
 30
0.0
 10
2713.939917765442
 20
5275.478036534027
 30
0.0
 10
2716.109671475613
 20
5276.985076142461
 30
0.0
 10
2716.970401103303
 20
5277.727063755301
 30
0.0
 10
2718.263107767212
 20
5279.153152539759
 30
0.0
 10
2718.748382174483
 20
5279.808414522922
 30
0.0
 10
2719.547692407549
 20
5281.189056572868
 30
0.0
 10
2719.86142151941
 20
5281.914784602807
 30
0.0
 10
2720.251999604589
 20
5283.281272972367
 30
0.0
 10
2720.360474213099
 20
5283.914408762735
 30
0.0
 10
2720.432372129974
 20
5285.187814391582
 30
0.0
 10
2720.395715657869
 20
5285.827762416171
 30
0.0
 10
2720.180371177834
 20
5287.08803013021
 30
0.0
 10
2720.001890516535
 20
5287.708123501375
 30
0.0
 10
2719.516383433598
 20
5288.908654722749
 30
0.0
 10
2719.209582868105
 20
5289.489137308104
 30
0.0
 10
2718.483751805383
 20
5290.600124151053
 30
0.0
 10
2718.064792628851
 20
5291.130772843942
 30
0.0
 10
2717.12894935596
 20
5292.137870072926
 30
0.0
 10
2716.612038956839
 20
5292.614414770884
 30
0.0
 10
2714.788848442098
 20
5294.074401011487
 30
0.0
 10
2713.306462109337
 20
5294.942953870616
 30
0.0
 10
2710.028679330906
 20
5296.368253284498
 30
0.0
 10
2708.232730471602
 20
5296.924527949639
 30
0.0
 10
2704.466115004077
 20
5297.698415942853
 30
0.0
 10
2702.495782130093
 20
5297.915661952444
 30
0.0
 10
2698.535732644683
 20
5297.998612698153
 30
0.0
 10
2696.546532042209
 20
5297.864280005524
 30
0.0
 10
2692.706267793736
 20
5297.251633189794
 30
0.0
 10
2690.855617252251
 20
5296.773606169212
 30
0.0
 10
2687.437099216753
 20
5295.497870011619
 30
0.0
 10
2685.869001046071
 20
5294.700693265898
 30
0.0
 10
2683.568251144025
 20
5293.109522278028
 30
0.0
 10
2682.727265394744
 20
5292.392315148914
 30
0.0
 10
2681.431458110238
 20
5290.990760636123
 30
0.0
 10
2680.932703311249
 20
5290.330381446882
 30
0.0
 10
2680.10980871234
 20
5288.937089958024
 30
0.0
 10
2679.785976241794
 20
5288.20380100848
 30
0.0
 10
2679.383378321931
 20
5286.829182027083
 30
0.0
 10
2679.270575724426
 20
5286.196218692683
 30
0.0
 10
2679.219145657742
 20
5285.382043138132
 30
0.0
 10
2679.213537898919
 20
5285.204514895173
 30
0.0
 10
2679.213537898919
 20
5285.026986472847
 30
0.0
  0
SPLINE
  5
462
330
1F
100
AcDbEntity
  8
SHE
100
AcDbSpline
210
0.0
220
0.0
230
1.0
 70
     9
 71
     3
 72
    96
 73
    92
 74
     0
 42
0.000000001
 43
0.0000000001
 40
0.0
 40
0.0
 40
0.0
 40
0.0
 40
0.0786895064256901
 40
0.0786895064256901
 40
0.1573790128513802
 40
0.1573790128513802
 40
0.2360685192770703
 40
0.2360685192770703
 40
0.3147580257027605
 40
0.3147580257027605
 40
0.3934475321284505
 40
0.3934475321284505
 40
0.5082647294347622
 40
0.5082647294347622
 40
0.623081926741074
 40
0.623081926741074
 40
0.7378991240473856
 40
0.7378991240473856
 40
0.8527163213536972
 40
0.8527163213536972
 40
1.032711676229336
 40
1.032711676229336
 40
1.212707031104975
 40
1.212707031104975
 40
1.392702385980614
 40
1.392702385980614
 40
1.572697740856254
 40
1.572697740856254
 40
1.820421057578634
 40
1.820421057578634
 40
2.068144374301015
 40
2.068144374301015
 40
2.246143553036541
 40
2.246143553036541
 40
2.424142731772068
 40
2.424142731772068
 40
2.55896255734683
 40
2.55896255734683
 40
2.693782382921591
 40
2.693782382921591
 40
2.799799258131841
 40
2.799799258131841
 40
2.905816133342091
 40
2.905816133342091
 40
3.011833008552341
 40
3.011833008552341
 40
3.117849883762591
 40
3.117849883762591
 40
3.223866758972841
 40
3.223866758972841
 40
3.329883634183091
 40
3.329883634183091
 40
3.435900509393341
 40
3.435900509393341
 40
3.541917384603591
 40
3.541917384603591
 40
3.647934259813841
 40
3.647934259813841
 40
3.753951135024091
 40
3.753951135024091
 40
3.859968010234341
 40
3.859968010234341
 40
4.020034137046859
 40
4.020034137046859
 40
4.180100263859378
 40
4.180100263859378
 40
4.340166390671896
 40
4.340166390671896
 40
4.500232517484414
 40
4.500232517484414
 40
4.82477702003036
 40
4.82477702003036
 40
5.056930816649026
 40
5.056930816649026
 40
5.289084613267691
 40
5.289084613267691
 40
5.457335749648817
 40
5.457335749648817
 40
5.625586886029942
 40
5.625586886029942
 40
5.75327115156255
 40
5.75327115156255
 40
5.880955417095158
 40
5.880955417095158
 40
5.983373679873519
 40
5.983373679873519
 40
6.08579194265188
 40
6.08579194265188
 40
6.188210205430241
 40
6.188210205430241
 40
6.283185307179586
 40
6.283185307179586
 40
6.283185307179586
 40
6.283185307179586
 10
2624.712611153242
 20
5294.510396862009
 30
0.0
 10
2624.712611153242
 20
5293.776254912446
 30
0.0
 10
2624.762036657587
 20
5293.042174541376
 30
0.0
 10
2624.95634318504
 20
5291.593884936709
 30
0.0
 10
2625.101159040132
 20
5290.879772044893
 30
0.0
 10
2625.476951892182
 20
5289.487969082766
 30
0.0
 10
2625.707834854969
 20
5288.810314416492
 30
0.0
 10
2626.243122916916
 20
5287.502464634904
 30
0.0
 10
2626.547447210804
 20
5286.872248010884
 30
0.0
 10
2627.216414724171
 20
5285.664636270507
 30
0.0
 10
2627.581011593589
 20
5285.08719029183
 30
0.0
 10
2628.537258523589
 20
5283.733218923196
 30
0.0
 10
2629.156037080174
 20
5282.987069291048
 30
0.0
 10
2630.468570633107
 20
5281.602313571973
 30
0.0
 10
2631.162404640651
 20
5280.963482474341
 30
0.0
 10
2632.607049363738
 20
5279.781875022862
 30
0.0
 10
2633.357970264435
 20
5279.239002147864
 30
0.0
 10
2634.905476760745
 20
5278.238693106163
 30
0.0
 10
2635.70214644399
 20
5277.781235174072
 30
0.0
 10
2637.796476001168
 20
5276.705814973815
 30
0.0
 10
2639.121832422796
 20
5276.143866997387
 30
0.0
 10
2641.842702933282
 20
5275.18944543114
 30
0.0
 10
2643.238383094097
 20
5274.797139785238
 30
0.0
 10
2646.078079937274
 20
5274.172564426612
 30
0.0
 10
2647.522117590052
 20
5273.940413359159
 30
0.0
 10
2650.434914287427
 20
5273.632259524791
 30
0.0
 10
2651.903640414661
 20
5273.556312773362
 30
0.0
 10
2655.393477856254
 20
5273.560212763012
 30
0.0
 10
2657.414335779729
 20
5273.709249062828
 30
0.0
 10
2661.390983454403
 20
5274.30510505772
 30
0.0
 10
2663.346695065018
 20
5274.751527234708
 30
0.0
 10
2666.60075052928
 20
5275.789768877425
 30
0.0
 10
2667.929358724388
 20
5276.305362770131
 30
0.0
 10
2670.50095936122
 20
5277.516004528647
 30
0.0
 10
2671.744323685285
 20
5278.210932800343
 30
0.0
 10
2673.829650249216
 20
5279.61555024849
 30
0.0
 10
2674.695887961498
 20
5280.280983014396
 30
0.0
 10
2676.342308891457
 20
5281.749507972767
 30
0.0
 10
2677.122732835138
 20
5282.552906776764
 30
0.0
 10
2678.408429992837
 20
5284.126008379448
 30
0.0
 10
2678.936696961042
 20
5284.866381590982
 30
0.0
 10
2679.891910077146
 20
5286.444466910864
 30
0.0
 10
2680.31870348331
 20
5287.282414823014
 30
0.0
 10
2681.039152900004
 20
5289.044925579045
 30
0.0
 10
2681.332452513525
 20
5289.969577945202
 30
0.0
 10
2681.755814691526
 20
5291.876389392826
 30
0.0
 10
2681.885488762215
 20
5292.858291546057
 30
0.0
 10
2681.965316224727
 20
5294.833995554582
 30
0.0
 10
2681.915375633413
 20
5295.82727196606
 30
0.0
 10
2681.641958232489
 20
5297.776056594201
 30
0.0
 10
2681.418774600592
 20
5298.731153474917
 30
0.0
 10
2680.824079447877
 20
5300.565460627694
 30
0.0
 10
2680.452975340813
 20
5301.444620319074
 30
0.0
 10
2679.595126527435
 20
5303.108003910616
 30
0.0
 10
2679.108630237621
 20
5303.892427184983
 30
0.0
 10
2678.049471030638
 20
5305.363460691631
 30
0.0
 10
2677.476859744885
 20
5306.050301292344
 30
0.0
 10
2676.267279231062
 20
5307.332231616033
 30
0.0
 10
2675.630257192141
 20
5307.927473901014
 30
0.0
 10
2674.306397884968
 20
5309.035163184235
 30
0.0
 10
2673.619485861316
 20
5309.547681374839
 30
0.0
 10
2671.844821166873
 20
5310.740815108438
 30
0.0
 10
2670.731327596194
 20
5311.374186164132
 30
0.0
 10
2668.433758916217
 20
5312.494046946595
 30
0.0
 10
2667.249445644281
 20
5312.980473556352
 30
0.0
 10
2664.825818652535
 20
5313.819470177012
 30
0.0
 10
2663.586417563144
 20
5314.171946486633
 30
0.0
 10
2661.067995959413
 20
5314.749836898204
 30
0.0
 10
2659.788960216815
 20
5314.975182166119
 30
0.0
 10
2655.88152643021
 20
5315.469852136812
 30
0.0
 10
2653.216999613753
 20
5315.547038126533
 30
0.0
 10
2648.689879741403
 20
5315.246735979978
 30
0.0
 10
2646.81512041601
 20
5314.992302517203
 30
0.0
 10
2643.143347192439
 20
5314.21788067164
 30
0.0
 10
2641.34627125437
 20
5313.698298138552
 30
0.0
 10
2638.354677216601
 20
5312.55462241637
 30
0.0
 10
2637.130281628561
 20
5311.998561815155
 30
0.0
 10
2634.76651723485
 20
5310.717374614046
 30
0.0
 10
2633.626751372474
 20
5309.992271599724
 30
0.0
 10
2631.721938334289
 20
5308.542601987515
 30
0.0
 10
2630.93278493757
 20
5307.859830140674
 30
0.0
 10
2629.442221309131
 20
5306.364344296409
 30
0.0
 10
2628.740655566639
 20
5305.551293359865
 30
0.0
 10
2627.587865486989
 20
5303.958679811461
 30
0.0
 10
2627.114767244711
 20
5303.204225137262
 30
0.0
 10
2626.274522438893
 20
5301.606701499215
 30
0.0
 10
2625.907575428734
 20
5300.763458489979
 30
0.0
 10
2625.308845054242
 20
5299.00396088323
 30
0.0
 10
2625.077400398135
 20
5298.087723334116
 30
0.0
 10
2624.784789327416
 20
5296.28240101019
 30
0.0
 10
2624.712611050796
 20
5295.396476973387
 30
0.0
 10
2624.712611153242
 20
5294.510396862009
 30
0.0
  0
ELLIPSE
  5
463
330
1F
100
AcDbEntity
  8
SHE
100
AcDbEllipse
 10
2610.223147418976
 20
5276.439890632945
 30
0.0
 11
-18.5818730703585
 21
0.0000000000000175
 31
0.0
210
0.0
220
0.0
230
1.0
 40
0.5877361541246975
 41
0.0
 42
6.283185307179586
  0
ELLIPSE
  5
464
330
1F
100
AcDbEntity
  8
SHE
100
AcDbEllipse
 10
2696.657232198384
 20
5308.106094588133
 30
0.0
 11
-18.5818730703585
 21
0.0000000000000175
 31
0.0
210
0.0
220
0.0
230
1.0
 40
0.5877361541246975
 41
0.0
 42
6.283185307179586
  0
ELLIPSE
  5
465
330
1F
100
AcDbEntity
  8
SHE
100
AcDbEllipse
 10
2828.06613495115
 20
5308.741123422034
 30
0.0
 11
-18.5818730703585
 21
0.0000000000000175
 31
0.0
210
0.0
220
0.0
230
1.0
 40
0.5877361541246975
 41
0.0
 42
6.283185307179586
  0
SPLINE
  5
466
330
1F
100
AcDbEntity
  8
SHE
100
AcDbSpline
210
0.0
220
0.0
230
1.0
 70
     9
 71
     3
 72
    96
 73
    92
 74
     0
 42
0.000000001
 43
0.0000000001
 40
0.0
 40
0.0
 40
0.0
 40
0.0
 40
0.0786895064256901
 40
0.0786895064256901
 40
0.1573790128513802
 40
0.1573790128513802
 40
0.2360685192770703
 40
0.2360685192770703
 40
0.3147580257027605
 40
0.3147580257027605
 40
0.3934475321284505
 40
0.3934475321284505
 40
0.5082647294347622
 40
0.5082647294347622
 40
0.623081926741074
 40
0.623081926741074
 40
0.7378991240473856
 40
0.7378991240473856
 40
0.8527163213536972
 40
0.8527163213536972
 40
1.032711676229336
 40
1.032711676229336
 40
1.212707031104975
 40
1.212707031104975
 40
1.392702385980614
 40
1.392702385980614
 40
1.572697740856254
 40
1.572697740856254
 40
1.820421057578634
 40
1.820421057578634
 40
2.068144374301015
 40
2.068144374301015
 40
2.246143553036541
 40
2.246143553036541
 40
2.424142731772068
 40
2.424142731772068
 40
2.55896255734683
 40
2.55896255734683
 40
2.693782382921591
 40
2.693782382921591
 40
2.799799258131841
 40
2.799799258131841
 40
2.905816133342091
 40
2.905816133342091
 40
3.011833008552341
 40
3.011833008552341
 40
3.117849883762591
 40
3.117849883762591
 40
3.223866758972841
 40
3.223866758972841
 40
3.329883634183091
 40
3.329883634183091
 40
3.435900509393341
 40
3.435900509393341
 40
3.541917384603591
 40
3.541917384603591
 40
3.647934259813841
 40
3.647934259813841
 40
3.753951135024091
 40
3.753951135024091
 40
3.859968010234341
 40
3.859968010234341
 40
4.020034137046859
 40
4.020034137046859
 40
4.180100263859378
 40
4.180100263859378
 40
4.340166390671896
 40
4.340166390671896
 40
4.500232517484414
 40
4.500232517484414
 40
4.82477702003036
 40
4.82477702003036
 40
5.056930816649026
 40
5.056930816649026
 40
5.289084613267691
 40
5.289084613267691
 40
5.457335749648817
 40
5.457335749648817
 40
5.625586886029942
 40
5.625586886029942
 40
5.75327115156255
 40
5.75327115156255
 40
5.880955417095158
 40
5.880955417095158
 40
5.983373679873519
 40
5.983373679873519
 40
6.08579194265188
 40
6.08579194265188
 40
6.188210205430241
 40
6.188210205430241
 40
6.283185307179586
 40
6.283185307179586
 40
6.283185307179586
 40
6.283185307179586
 10
2753.202209509429
 20
5297.06515637989
 30
0.0
 10
2753.202209406984
 20
5296.331014378913
 30
0.0
 10
2753.251635014152
 20
5295.596934033543
 30
0.0
 10
2753.445941541591
 20
5294.148644377652
 30
0.0
 10
2753.590757396698
 20
5293.434531511346
 30
0.0
 10
2753.966550248748
 20
5292.042728626155
 30
0.0
 10
2754.197433211157
 20
5291.365073959881
 30
0.0
 10
2754.732721273104
 20
5290.057224075848
 30
0.0
 10
2755.037045566991
 20
5289.42700752856
 30
0.0
 10
2755.706013183182
 20
5288.21939573696
 30
0.0
 10
2756.070609949777
 20
5287.64194980952
 30
0.0
 10
2757.026856879777
 20
5286.287978389665
 30
0.0
 10
2757.64563543674
 20
5285.541828757516
 30
0.0
 10
2758.958169040722
 20
5284.157073012728
 30
0.0
 10
2759.652002996838
 20
5283.518241940794
 30
0.0
 10
2761.096647719926
 20
5282.336634566251
 30
0.0
 10
2761.847568620622
 20
5281.793761614317
 30
0.0
 10
2763.395075014487
 20
5280.793452495695
 30
0.0
 10
2764.191744697731
 20
5280.33599464054
 30
0.0
 10
2766.286074357355
 20
5279.260574465982
 30
0.0
 10
2767.611430676538
 20
5278.69862643833
 30
0.0
 10
2770.332301289469
 20
5277.744204897608
 30
0.0
 10
2771.727981399265
 20
5277.351899302928
 30
0.0
 10
2774.567678293461
 20
5276.727323944288
 30
0.0
 10
2776.011715946239
 20
5276.495172825817
 30
0.0
 10
2778.924512643615
 20
5276.187018965735
 30
0.0
 10
2780.393238770848
 20
5276.111072214305
 30
0.0
 10
2783.883076314888
 20
5276.114972229479
 30
0.0
 10
2785.903934136281
 20
5276.264008580503
 30
0.0
 10
2789.88058181059
 20
5276.859864498474
 30
0.0
 10
2791.83629342157
 20
5277.306286701175
 30
0.0
 10
2795.090348885468
 20
5278.344528343892
 30
0.0
 10
2796.418957080576
 20
5278.860122236787
 30
0.0
 10
2798.990557820231
 20
5280.070764020813
 30
0.0
 10
2800.23392209287
 20
5280.765692292509
 30
0.0
 10
2802.319248605403
 20
5282.170309740482
 30
0.0
 10
2803.185486420131
 20
5282.835742480849
 30
0.0
 10
2804.831907247644
 20
5284.304267464933
 30
0.0
 10
2805.612331191325
 20
5285.107666243406
 30
0.0
 10
2806.898028349024
 20
5286.680767871614
 30
0.0
 10
2807.42629531723
 20
5287.42114105745
 30
0.0
 10
2808.381508433333
 20
5288.999226326108
 30
0.0
 10
2808.808301839497
 20
5289.837174289466
 30
0.0
 10
2809.528751256192
 20
5291.599685071211
 30
0.0
 10
2809.822050767267
 20
5292.524337411844
 30
0.0
 10
2810.245413150522
 20
5294.431148833581
 30
0.0
 10
2810.375087118402
 20
5295.41305101251
 30
0.0
 10
2810.454914580914
 20
5297.388755072446
 30
0.0
 10
2810.404973938581
 20
5298.382031432527
 30
0.0
 10
2810.131556588676
 20
5300.330816112065
 30
0.0
 10
2809.908373059225
 20
5301.285912941384
 30
0.0
 10
2809.313677804065
 20
5303.120220094163
 30
0.0
 10
2808.942573697001
 20
5303.999379811241
 30
0.0
 10
2808.084724986067
 20
5305.662763402782
 30
0.0
 10
2807.598228593808
 20
5306.447186728547
 30
0.0
 10
2806.539069386825
 20
5307.918220158099
 30
0.0
 10
2805.966458101073
 20
5308.605060810208
 30
0.0
 10
2804.75687758725
 20
5309.886991082487
 30
0.0
 10
2804.119855548328
 20
5310.482233367467
 30
0.0
 10
2802.795996241155
 20
5311.589922625004
 30
0.0
 10
2802.109084217504
 20
5312.102440892515
 30
0.0
 10
2800.334419523061
 20
5313.295574549193
 30
0.0
 10
2799.220925952381
 20
5313.928945630586
 30
0.0
 10
2796.923357272405
 20
5315.048806387363
 30
0.0
 10
2795.739044000846
 20
5315.53523302282
 30
0.0
 10
2793.315417111168
 20
5316.374229617781
 30
0.0
 10
2792.076015919331
 20
5316.726705953275
 30
0.0
 10
2789.5575943156
 20
5317.304596364673
 30
0.0
 10
2788.278558573002
 20
5317.529941658285
 30
0.0
 10
2784.371124888843
 20
5318.024611603454
 30
0.0
 10
2781.70659796994
 20
5318.101797618699
 30
0.0
 10
2777.179478097591
 20
5317.801495472144
 30
0.0
 10
2775.304718772197
 20
5317.54706198386
 30
0.0
 10
2771.632945548627
 20
5316.772640112395
 30
0.0
 10
2769.835869610557
 20
5316.25305768194
 30
0.0
 10
2766.844275572788
 20
5315.109381883012
 30
0.0
 10
2765.619879985112
 20
5314.553321255909
 30
0.0
 10
2763.256115591401
 20
5313.272134157436
 30
0.0
 10
2762.116349728662
 20
5312.547031066365
 30
0.0
 10
2760.211536690477
 20
5311.097361453984
 30
0.0
 10
2759.422383294135
 20
5310.414589581444
 30
0.0
 10
2757.931819665319
 20
5308.919103814274
 30
0.0
 10
2757.230253769332
 20
5308.106052826333
 30
0.0
 10
2756.077463843176
 20
5306.513439226692
 30
0.0
 10
2755.604365703344
 20
5305.758984629428
 30
0.0
 10
2754.764120897526
 20
5304.161460940158
 30
0.0
 10
2754.397173784921
 20
5303.318218007669
 30
0.0
 10
2753.798443410793
 20
5301.558720401096
 30
0.0
 10
2753.566998754323
 20
5300.642482800773
 30
0.0
 10
2753.274387683603
 20
5298.837160502167
 30
0.0
 10
2753.202209509429
 20
5297.951236491076
 30
0.0
 10
2753.202209509429
 20
5297.06515637989
 30
0.0
  0
ELLIPSE
  5
467
330
1F
100
AcDbEntity
  8
SHE
100
AcDbEllipse
 10
2734.510786134269
 20
5308.561812756757
 30
0.0
 11
-18.5818730703585
 21
0.0000000000000175
 31
0.0
210
0.0
220
0.0
230
1.0
 40
0.5877361541246975
 41
0.0
 42
6.283185307179586
  0
LWPOLYLINE
  5
468
330
1F
100
AcDbEntity
  8
1R
100
AcDbPolyline
 90
        5
 70
   128
 43
0.0
 10
3012.70752867336
 20
5434.390418668066
 10
3019.617780471846
 20
5398.815418668259
 10
3011.167780471849
 20
5377.04041866825
 10
3022.542780471849
 20
5355.590418668064
 10
3012.499030472216
 20
5319.879307556876
  0
LWPOLYLINE
  5
469
330
1F
100
AcDbEntity
  8
1R
100
AcDbPolyline
 90
        7
 70
   128
 43
0.0
 10
3011.167780471849
 20
5377.04041866825
 10
3018.317780471844
 20
5385.490418668247
 10
3023.192780471843
 20
5385.490418668247
 10
3027.742780471847
 20
5380.615418668072
 10
3027.41778047185
 20
5371.19041866807
 10
3022.217780472216
 20
5368.265418668255
 10
3011.167780471849
 20
5377.04041866825
  0
LWPOLYLINE
  5
46A
102
{ACAD_REACTORS
330
46B
102
}
330
1F
100
AcDbEntity
  8
COLUMN
 62
     3
100
AcDbPolyline
 90
        4
 70
   129
 43
0.0
 10
2000.634555754688
 20
7005.172216328087
 10
2000.634555754688
 20
6730.172216328087
 10
2275.634555754688
 20
6730.172216328087
 10
2275.634555754688
 20
7005.172216328087
  0
HATCH
  5
46B
330
1F
100
AcDbEntity
  8
SHE
100
AcDbHatch
 10
0.0
 20
0.0
 30
0.0
210
0.0
220
0.0
230
1.0
  2
_U
 70
     0
 71
     1
 91
        1
 92
        1
 93
        4
 72
     1
 10
2000.634555754688
 20
7005.172216328087
 11
2000.634555754688
 21
6730.172216328087
 72
     1
 10
2000.634555754688
 20
6730.172216328087
 11
2275.634555754688
 21
6730.172216328087
 72
     1
 10
2275.634555754688
 20
6730.172216328087
 11
2275.634555754688
 21
7005.172216328087
 72
     1
 10
2275.634555754688
 20
7005.172216328087
 11
2000.634555754688
 21
7005.172216328087
 97
        1
330
46A
 75
     0
 76
     0
 52
45.0
 41
40.0
 77
     0
 78
     1
 53
45.0
 43
-26028.56544424531
 44
-3114.327783671921
 45
-28.28427124746191
 46
28.28427124746191
 79
     0
 98
        1
 10
-26028.56544424531
 20
-3114.327783671921
  0
SOLID
  5
46C
330
1F
100
AcDbEntity
  8
7W
 62
     2
100
AcDbTrace
 10
2239.879266462558
 20
7499.840501571497
 30
0.0
 11
2220.393694876977
 21
7488.590501571249
 31
0.0
 12
2196.386480669033
 22
7552.672216328108
 32
0.0
 13
2196.386480669033
 23
7552.672216328108
 33
0.0
  0
SOLID
  5
46D
330
1F
100
AcDbEntity
  8
7W
 62
     2
100
AcDbTrace
 10
2866.627341548185
 20
6303.003931084655
 30
0.0
 11
2847.141769962604
 21
6314.253931084902
 31
0.0
 12
2823.13455575466
 22
6250.172216328042
 32
0.0
 13
2823.13455575466
 23
6250.172216328042
 33
0.0
  0
LINE
  5
46E
330
1F
100
AcDbEntity
  8
7W
 62
     8
100
AcDbLine
 10
2823.134555754688
 20
6250.172216328101
 30
0.0
 11
2962.593513277432
 21
6491.722216328104
 31
0.0
  0
LINE
  5
46F
330
1F
100
AcDbEntity
  8
7W
 62
     8
100
AcDbLine
 10
2196.386480669033
 20
7552.672216328108
 30
0.0
 11
2629.54352012866
 21
6802.422216328276
 31
0.0
  0
TEXT
  5
470
330
1F
100
AcDbEntity
  8
TG
  6
CENTER2
100
AcDbText
 10
3189.202320146695
 20
6466.622216328097
 30
0.0
 40
50.0
  1
PERIMETER BOTTOM
 41
0.8
  7
100CL
100
AcDbText
  0
TEXT
  5
471
330
1F
100
AcDbEntity
  8
TG
  6
CENTER2
100
AcDbText
 10
3189.202320146695
 20
6385.669835375672
 30
0.0
 40
50.0
  1
BAR ALONG "W"
 41
0.8
  7
100CL
100
AcDbText
  0
TEXT
  5
472
330
1F
100
AcDbEntity
  8
TG
  6
CENTER2
100
AcDbText
 10
3189.202320146695
 20
6777.32221632811
 30
0.0
 40
50.0
  1
PERIMETER BOTTOM
 41
0.8
  7
100CL
100
AcDbText
  0
TEXT
  5
473
330
1F
100
AcDbEntity
  8
TG
  6
CENTER2
100
AcDbText
 10
3189.202320146695
 20
6696.369835375858
 30
0.0
 40
50.0
  1
BAR ALONG "L"
 41
0.8
  7
100CL
100
AcDbText
  0
LINE
  5
474
330
1F
100
AcDbEntity
  8
7W
 62
     8
100
AcDbLine
 10
2962.593513277432
 20
6491.722216328104
 30
0.0
 11
3160.539345487851
 21
6491.722216328104
 31
0.0
  0
LINE
  5
475
330
1F
100
AcDbEntity
  8
7W
 62
     8
100
AcDbLine
 10
2629.54352012866
 20
6802.422216328276
 30
0.0
 11
3160.539345487851
 21
6802.42221632829
 31
0.0
  0
LINE
  5
476
330
1F
100
AcDbEntity
  8
BOTTOM BAR
 48
0.1
100
AcDbLine
 10
2843.134555754689
 20
7552.672216328101
 30
0.0
 11
1433.134555754688
 21
7552.672216328101
 31
0.0
  0
LINE
  5
477
330
1F
100
AcDbEntity
  8
7W
 62
     8
100
AcDbLine
 10
2823.134555754687
 20
7149.622216328288
 30
0.0
 11
3155.439345487859
 21
7149.622216328288
 31
0.0
  0
DIMENSION
  5
478
330
1F
100
AcDbEntity
  8
DIM
100
AcDbDimension
280
     0
  2
*D11
 10
2863.134555754689
 20
7953.235145264532
 30
0.0
 11
2138.134555754688
 21
7998.23514526453
 31
0.0
 70
    32
  1
L
 71
     5
 42
1450.0
 73
     0
 74
     0
 75
     0
  3
DIM20
100
AcDbAlignedDimension
 13
1413.134555754688
 23
7592.672216328087
 33
0.0
 14
2863.134555754689
 24
7592.672216328087
 34
0.0
100
AcDbRotatedDimension
  0
SOLID
  5
479
330
1F
100
AcDbEntity
  8
7W
 62
     2
100
AcDbTrace
 10
2890.634555756158
 20
7138.372216328047
 30
0.0
 11
2890.634555756158
 21
7160.872216328542
 31
0.0
 12
2823.134555754688
 22
7149.622216328295
 32
0.0
 13
2823.134555754688
 23
7149.622216328295
 33
0.0
  0
SOLID
  5
47A
330
1F
100
AcDbEntity
  8
7W
 62
     2
100
AcDbTrace
 10
2597.184555754939
 20
7485.172216326631
 30
0.0
 11
2574.684555754444
 21
7485.172216326631
 31
0.0
 12
2585.934555754691
 22
7552.672216328101
 32
0.0
 13
2585.934555754691
 23
7552.672216328101
 33
0.0
  0
TEXT
  5
47B
330
1F
100
AcDbEntity
  8
TG
  6
CENTER2
100
AcDbText
 10
3189.202320146695
 20
7043.569835375871
 30
0.0
 40
50.0
  1
ALONG "W"
 41
0.8
  7
100CL
100
AcDbText
  0
TEXT
  5
47C
330
1F
100
AcDbEntity
  8
TG
  6
CENTER2
100
AcDbText
 10
3189.202320146695
 20
7124.522216328107
 30
0.0
 40
50.0
  1
BOTTOM BARS
 41
0.8
  7
100CL
100
AcDbText
  0
TEXT
  5
47D
330
1F
100
AcDbEntity
  8
TG
  6
CENTER2
100
AcDbText
 10
3189.202320146695
 20
7359.342127408599
 30
0.0
 40
50.0
  1
BOTTOM BARS
 41
0.8
  7
100CL
100
AcDbText
  0
TEXT
  5
47E
330
1F
100
AcDbEntity
  8
TG
  6
CENTER2
100
AcDbText
 10
3189.202320146695
 20
7278.389746456364
 30
0.0
 40
50.0
  1
ALONG "L"
 41
0.8
  7
100CL
100
AcDbText
  0
LINE
  5
47F
330
1F
100
AcDbEntity
  8
7W
 62
     8
100
AcDbLine
 10
2585.934555754691
 20
7384.442127408795
 30
0.0
 11
3160.539345487851
 21
7384.442127408417
 31
0.0
  0
ELLIPSE
  5
480
330
1F
100
AcDbEntity
  8
SHE
100
AcDbEllipse
 10
1978.554173072491
 20
4142.698634346489
 30
0.0
 11
2.72517411493764
 21
18.38095299069632
 31
0.0
210
0.0
220
0.0
230
-1.0
 40
0.5877361541246975
 41
0.0
 42
6.283185307179586
  0
ELLIPSE
  5
481
330
1F
100
AcDbEntity
  8
SHE
100
AcDbEllipse
 10
1854.7977584914
 20
4147.81760742711
 30
0.0
 11
18.5818730703585
 21
0.0000000000000175
 31
0.0
210
0.0
220
0.0
230
-1.0
 40
0.5877361541246975
 41
0.0
 42
6.283185307179586
  0
SPLINE
  5
482
330
1F
100
AcDbEntity
  8
SHE
100
AcDbSpline
210
0.0
220
0.0
230
1.0
 70
     9
 71
     3
 72
    70
 73
    66
 74
     0
 42
0.000000001
 43
0.0000000001
 40
0.0
 40
0.0
 40
0.0
 40
0.0
 40
0.1089064153092637
 40
0.1089064153092637
 40
0.2178128306185274
 40
0.2178128306185274
 40
0.326719245927791
 40
0.326719245927791
 40
0.497551667745757
 40
0.497551667745757
 40
0.6683840895637231
 40
0.6683840895637231
 40
0.839216511381689
 40
0.839216511381689
 40
1.105899478456654
 40
1.105899478456654
 40
1.37258244553162
 40
1.37258244553162
 40
1.639265412606586
 40
1.639265412606586
 40
1.905948379681552
 40
1.905948379681552
 40
2.172631346756517
 40
2.172631346756517
 40
2.439314313831483
 40
2.439314313831483
 40
2.65207777839686
 40
2.65207777839686
 40
2.813617059518745
 40
2.813617059518745
 40
2.975156340640629
 40
2.975156340640629
 40
3.108420543907715
 40
3.108420543907715
 40
3.241684747174802
 40
3.241684747174802
 40
3.374948950441888
 40
3.374948950441888
 40
3.508213153708974
 40
3.508213153708974
 40
3.641477356976061
 40
3.641477356976061
 40
3.774741560243147
 40
3.774741560243147
 40
4.075415742416178
 40
4.075415742416178
 40
4.376089924589209
 40
4.376089924589209
 40
4.676764106762241
 40
4.676764106762241
 40
4.977438288935272
 40
4.977438288935272
 40
5.278112471108303
 40
5.278112471108303
 40
5.578786653281334
 40
5.578786653281334
 40
5.785429981170027
 40
5.785429981170027
 40
5.949074972655163
 40
5.949074972655163
 40
6.112719964140298
 40
6.112719964140298
 40
6.246076073275804
 40
6.246076073275804
 40
6.283185307179586
 40
6.283185307179586
 40
6.283185307179586
 40
6.283185307179586
 10
1907.358537539894
 20
4129.295282865037
 30
0.0
 10
1907.358537539894
 20
4128.774280664795
 30
0.0
 10
1907.310037766085
 20
4128.253340735194
 30
0.0
 10
1907.118842216263
 20
4127.22559709839
 30
0.0
 10
1906.976228323645
 20
4126.718870377088
 30
0.0
 10
1906.604048461533
 20
4125.730529486485
 30
0.0
 10
1906.374570579148
 20
4125.248907446955
 30
0.0
 10
1905.684797737438
 20
4124.05254178281
 30
0.0
 10
1905.167714446474
 20
4123.361131646401
 30
0.0
 10
1903.972459146444
 20
4122.067706932408
 30
0.0
 10
1903.294208843694
 20
4121.465355851419
 30
0.0
 10
1901.801322813026
 20
4120.354169557155
 30
0.0
 10
1900.986553570688
 20
4119.845251974191
 30
0.0
 10
1898.754094440923
 20
4118.667295121507
 30
0.0
 10
1897.25418500906
 20
4118.068691160071
 30
0.0
 10
1894.068456156612
 20
4117.129581501438
 30
0.0
 10
1892.382692879877
 20
4116.789350164785
 30
0.0
 10
1888.929049224472
 20
4116.381656137956
 30
0.0
 10
1887.161424748654
 20
4116.31430968298
 30
0.0
 10
1883.654356258423
 20
4116.455661239196
 30
0.0
 10
1881.915194449259
 20
4116.664319872951
 30
0.0
 10
1878.573225082142
 20
4117.348432913895
 30
0.0
 10
1876.970605029226
 20
4117.823686152427
 30
0.0
 10
1874.000172409109
 20
4119.022782170687
 30
0.0
 10
1872.63215767375
 20
4119.746332926217
 30
0.0
 10
1870.462403911788
 20
4121.253372585874
 30
0.0
 10
1869.601674386922
 20
4121.995360224428
 30
0.0
 10
1868.308967774046
 20
4123.421448957648
 30
0.0
 10
1867.823693161884
 20
4124.076710915113
 30
0.0
 10
1867.024382928819
 20
4125.457352965059
 30
0.0
 10
1866.710654022227
 20
4126.18308104622
 30
0.0
 10
1866.32007593667
 20
4127.549569390255
 30
0.0
 10
1866.211601328159
 20
4128.182705231862
 30
0.0
 10
1866.139703308854
 20
4129.456110783773
 30
0.0
 10
1866.176359780944
 20
4130.096058859584
 30
0.0
 10
1866.391704260994
 20
4131.3563265224
 30
0.0
 10
1866.570185024724
 20
4131.976419868042
 30
0.0
 10
1867.055691902769
 20
4133.176951140449
 30
0.0
 10
1867.362492724565
 20
4133.757433700295
 30
0.0
 10
1868.088323582018
 20
4134.868420594466
 30
0.0
 10
1868.507282809976
 20
4135.399069236132
 30
0.0
 10
1869.443126134265
 20
4136.406166439417
 30
0.0
 10
1869.960036379529
 20
4136.88271124001
 30
0.0
 10
1871.783226894269
 20
4138.342697403866
 30
0.0
 10
1873.265613329477
 20
4139.211250288506
 30
0.0
 10
1876.543396159319
 20
4140.63654975361
 30
0.0
 10
1878.339344967211
 20
4141.192824367528
 30
0.0
 10
1882.105960537559
 20
4141.966712360743
 30
0.0
 10
1884.076293257309
 20
4142.183958370333
 30
0.0
 10
1888.036342691685
 20
4142.26690906482
 30
0.0
 10
1890.025543396605
 20
4142.132576423428
 30
0.0
 10
1893.865807542632
 20
4141.519929659095
 30
0.0
 10
1895.716458289007
 20
4141.04190251018
 30
0.0
 10
1899.134976119614
 20
4139.766166403809
 30
0.0
 10
1900.703074393106
 20
4138.968989709487
 30
0.0
 10
1903.003824294788
 20
4137.377818644709
 30
0.0
 10
1903.844810095495
 20
4136.660611515406
 30
0.0
 10
1905.140617379973
 20
4135.259057054027
 30
0.0
 10
1905.639372127564
 20
4134.598677864771
 30
0.0
 10
1906.462266726474
 20
4133.205386350215
 30
0.0
 10
1906.786099299843
 20
4132.472097477606
 30
0.0
 10
1907.18869706547
 20
4131.097478393559
 30
0.0
 10
1907.301499714765
 20
4130.464515136096
 30
0.0
 10
1907.352929781071
 20
4129.650339581734
 30
0.0
 10
1907.358537539894
 20
4129.472811364489
 30
0.0
 10
1907.358537539894
 20
4129.295282865037
 30
0.0
  0
ELLIPSE
  5
483
330
1F
100
AcDbEntity
  8
SHE
100
AcDbEllipse
 10
1855.468142257316
 20
4118.250444769954
 30
0.0
 11
18.5818730703585
 21
0.0000000000000175
 31
0.0
210
0.0
220
0.0
230
-1.0
 40
0.5877361541246975
 41
0.0
 42
6.283185307179586
  0
ELLIPSE
  5
484
330
1F
100
AcDbEntity
  8
SHE
100
AcDbEllipse
 10
1892.651312427286
 20
4151.007316126583
 30
0.0
 11
18.5818730703585
 21
0.0000000000000175
 31
0.0
210
0.0
220
0.0
230
-1.0
 40
0.5877361541246975
 41
0.0
 42
6.283185307179586
  0
SPLINE
  5
485
330
1F
100
AcDbEntity
  8
SHE
100
AcDbSpline
210
0.0
220
0.0
230
1.0
 70
     9
 71
     3
 72
    96
 73
    92
 74
     0
 42
0.000000001
 43
0.0000000001
 40
0.0
 40
0.0
 40
0.0
 40
0.0
 40
0.0786895064256901
 40
0.0786895064256901
 40
0.1573790128513802
 40
0.1573790128513802
 40
0.2360685192770703
 40
0.2360685192770703
 40
0.3147580257027605
 40
0.3147580257027605
 40
0.3934475321284505
 40
0.3934475321284505
 40
0.5082647294347622
 40
0.5082647294347622
 40
0.623081926741074
 40
0.623081926741074
 40
0.7378991240473856
 40
0.7378991240473856
 40
0.8527163213536972
 40
0.8527163213536972
 40
1.032711676229336
 40
1.032711676229336
 40
1.212707031104975
 40
1.212707031104975
 40
1.392702385980614
 40
1.392702385980614
 40
1.572697740856254
 40
1.572697740856254
 40
1.820421057578634
 40
1.820421057578634
 40
2.068144374301015
 40
2.068144374301015
 40
2.246143553036541
 40
2.246143553036541
 40
2.424142731772068
 40
2.424142731772068
 40
2.55896255734683
 40
2.55896255734683
 40
2.693782382921591
 40
2.693782382921591
 40
2.799799258131841
 40
2.799799258131841
 40
2.905816133342091
 40
2.905816133342091
 40
3.011833008552341
 40
3.011833008552341
 40
3.117849883762591
 40
3.117849883762591
 40
3.223866758972841
 40
3.223866758972841
 40
3.329883634183091
 40
3.329883634183091
 40
3.435900509393341
 40
3.435900509393341
 40
3.541917384603591
 40
3.541917384603591
 40
3.647934259813841
 40
3.647934259813841
 40
3.753951135024091
 40
3.753951135024091
 40
3.859968010234341
 40
3.859968010234341
 40
4.020034137046859
 40
4.020034137046859
 40
4.180100263859378
 40
4.180100263859378
 40
4.340166390671896
 40
4.340166390671896
 40
4.500232517484414
 40
4.500232517484414
 40
4.82477702003036
 40
4.82477702003036
 40
5.056930816649026
 40
5.056930816649026
 40
5.289084613267691
 40
5.289084613267691
 40
5.457335749648817
 40
5.457335749648817
 40
5.625586886029942
 40
5.625586886029942
 40
5.75327115156255
 40
5.75327115156255
 40
5.880955417095158
 40
5.880955417095158
 40
5.983373679873519
 40
5.983373679873519
 40
6.08579194265188
 40
6.08579194265188
 40
6.188210205430241
 40
6.188210205430241
 40
6.283185307179586
 40
6.283185307179586
 40
6.283185307179586
 40
6.283185307179586
 10
1965.234896187172
 20
4138.875710491185
 30
0.0
 10
1965.234896187172
 20
4138.141568541621
 30
0.0
 10
1965.185470785258
 20
4137.407488170553
 30
0.0
 10
1964.991164155359
 20
4135.959198565884
 30
0.0
 10
1964.846348505522
 20
4135.245085622656
 30
0.0
 10
1964.47055529436
 20
4133.853282788862
 30
0.0
 10
1964.239672639651
 20
4133.175628071192
 30
0.0
 10
1963.704384372449
 20
4131.867778238571
 30
0.0
 10
1963.400060181007
 20
4131.237561639871
 30
0.0
 10
1962.731092616228
 20
4130.029949848459
 30
0.0
 10
1962.36649574681
 20
4129.452503921005
 30
0.0
 10
1961.410248765776
 20
4128.098532552372
 30
0.0
 10
1960.791470362685
 20
4127.352382868812
 30
0.0
 10
1959.478936707292
 20
4125.967627124214
 30
0.0
 10
1958.785102802572
 20
4125.328796052293
 30
0.0
 10
1957.340457925628
 20
4124.147188677547
 30
0.0
 10
1956.589537076343
 20
4123.60431577704
 30
0.0
 10
1955.042030733511
 20
4122.604006658402
 30
0.0
 10
1954.245360896803
 20
4122.146548803248
 30
0.0
 10
1952.151031339596
 20
4121.071128628689
 30
0.0
 10
1950.825674866206
 20
4120.509180626562
 30
0.0
 10
1948.104804356084
 20
4119.554759008905
 30
0.0
 10
1946.709124246303
 20
4119.162453465636
 30
0.0
 10
1943.869427505935
 20
4118.537878055787
 30
0.0
 10
1942.425389699329
 20
4118.305726937113
 30
0.0
 10
1939.512593104384
 20
4117.997573102744
 30
0.0
 10
1938.043866874705
 20
4117.921626325617
 30
0.0
 10
1934.554029535557
 20
4117.925526340775
 30
0.0
 10
1932.533171509273
 20
4118.074562692004
 30
0.0
 10
1928.556523988834
 20
4118.670418661182
 30
0.0
 10
1926.60081217295
 20
4119.116840863695
 30
0.0
 10
1923.346756760085
 20
4120.155082455378
 30
0.0
 10
1922.01814882128
 20
4120.670676399305
 30
0.0
 10
1919.44654797918
 20
4121.881318132124
 30
0.0
 10
1918.203183655128
 20
4122.576246404008
 30
0.0
 10
1916.117857091183
 20
4123.980863851968
 30
0.0
 10
1915.251619225422
 20
4124.646296643572
 30
0.0
 10
1913.605198654226
 20
4126.114821576433
 30
0.0
 10
1912.824774556673
 20
4126.918220405939
 30
0.0
 10
1911.539077245132
 20
4128.491322034133
 30
0.0
 10
1911.010810430784
 20
4129.231695168746
 30
0.0
 10
1910.055597314666
 20
4130.809780463118
 30
0.0
 10
1909.628803959927
 20
4131.647728400967
 30
0.0
 10
1908.908354440395
 20
4133.410239259442
 30
0.0
 10
1908.615054827238
 20
4134.334891574377
 30
0.0
 10
1908.191692597476
 20
4136.24170297059
 30
0.0
 10
1908.062018527151
 20
4137.22360512401
 30
0.0
 10
1907.982191167084
 20
4139.199309183758
 30
0.0
 10
1908.032131706987
 20
4140.192585595236
 30
0.0
 10
1908.305549107925
 20
4142.141370274788
 30
0.0
 10
1908.528732637376
 20
4143.096467104093
 30
0.0
 10
1909.123427943949
 20
4144.930774205459
 30
0.0
 10
1909.494531948552
 20
4145.809933973949
 30
0.0
 10
1910.352380813343
 20
4147.473317514267
 30
0.0
 10
1910.838877154205
 20
4148.257740839857
 30
0.0
 10
1911.89803631014
 20
4149.728774320807
 30
0.0
 10
1912.470647442034
 20
4150.415614972916
 30
0.0
 10
1913.680228212161
 20
4151.697545193987
 30
0.0
 10
1914.317250148273
 20
4152.292787478778
 30
0.0
 10
1915.641109455431
 20
4153.400476787711
 30
0.0
 10
1916.328021325604
 20
4153.912995055238
 30
0.0
 10
1918.102686122493
 20
4155.106128737614
 30
0.0
 10
1919.216179795618
 20
4155.739499742085
 30
0.0
 10
1921.513748475972
 20
4156.859360498849
 30
0.0
 10
1922.698061747531
 20
4157.345787134305
 30
0.0
 10
1925.121688636831
 20
4158.184783729266
 30
0.0
 10
1926.361089726222
 20
4158.537260115809
 30
0.0
 10
1928.879511432413
 20
4159.115150527381
 30
0.0
 10
1930.158547123585
 20
4159.340495821008
 30
0.0
 10
1934.065980961601
 20
4159.835165714765
 30
0.0
 10
1936.730507675613
 20
4159.912351755709
 30
0.0
 10
1941.257627650408
 20
4159.61204958344
 30
0.0
 10
1943.132386924753
 20
4159.357616146379
 30
0.0
 10
1946.804160096926
 20
4158.583194275117
 30
0.0
 10
1948.601236034996
 20
4158.06361181895
 30
0.0
 10
1951.592830021367
 20
4156.919936045546
 30
0.0
 10
1952.817225557996
 20
4156.363875418632
 30
0.0
 10
1955.180990156961
 20
4155.082688268747
 30
0.0
 10
1956.320755967925
 20
4154.3575852289
 30
0.0
 10
1958.225569108934
 20
4152.90791556528
 30
0.0
 10
1959.014722351417
 20
4152.22514376985
 30
0.0
 10
1960.505286134092
 20
4150.729657925586
 30
0.0
 10
1961.206851825173
 20
4149.916606989041
 30
0.0
 10
1962.359641904822
 20
4148.323993363701
 30
0.0
 10
1962.832740044654
 20
4147.569538740724
 30
0.0
 10
1963.67298490187
 20
4145.972015051454
 30
0.0
 10
1964.039932014475
 20
4145.128772119154
 30
0.0
 10
1964.638662337569
 20
4143.369274512406
 30
0.0
 10
1964.870106942264
 20
4142.453036963291
 30
0.0
 10
1965.162717859504
 20
4140.647714639177
 30
0.0
 10
1965.23489618755
 20
4139.761790653785
 30
0.0
 10
1965.234896187172
 20
4138.875710491185
 30
0.0
  0
ELLIPSE
  5
486
330
1F
100
AcDbEntity
  8
SHE
100
AcDbEllipse
 10
1659.824444864756
 20
4147.81760742711
 30
0.0
 11
18.5818730703585
 21
0.0000000000000175
 31
0.0
210
0.0
220
0.0
230
-1.0
 40
0.5877361541246975
 41
0.0
 42
6.283185307179586
  0
SPLINE
  5
487
330
1F
100
AcDbEntity
  8
SHE
100
AcDbSpline
210
0.0
220
0.0
230
1.0
 70
     9
 71
     3
 72
    70
 73
    66
 74
     0
 42
0.000000001
 43
0.0000000001
 40
0.0
 40
0.0
 40
0.0
 40
0.0
 40
0.1089064153092637
 40
0.1089064153092637
 40
0.2178128306185274
 40
0.2178128306185274
 40
0.326719245927791
 40
0.326719245927791
 40
0.497551667745757
 40
0.497551667745757
 40
0.6683840895637231
 40
0.6683840895637231
 40
0.839216511381689
 40
0.839216511381689
 40
1.105899478456654
 40
1.105899478456654
 40
1.37258244553162
 40
1.37258244553162
 40
1.639265412606586
 40
1.639265412606586
 40
1.905948379681552
 40
1.905948379681552
 40
2.172631346756517
 40
2.172631346756517
 40
2.439314313831483
 40
2.439314313831483
 40
2.65207777839686
 40
2.65207777839686
 40
2.813617059518745
 40
2.813617059518745
 40
2.975156340640629
 40
2.975156340640629
 40
3.108420543907715
 40
3.108420543907715
 40
3.241684747174802
 40
3.241684747174802
 40
3.374948950441888
 40
3.374948950441888
 40
3.508213153708974
 40
3.508213153708974
 40
3.641477356976061
 40
3.641477356976061
 40
3.774741560243147
 40
3.774741560243147
 40
4.075415742416178
 40
4.075415742416178
 40
4.376089924589209
 40
4.376089924589209
 40
4.676764106762241
 40
4.676764106762241
 40
4.977438288935272
 40
4.977438288935272
 40
5.278112471108303
 40
5.278112471108303
 40
5.578786653281334
 40
5.578786653281334
 40
5.785429981170027
 40
5.785429981170027
 40
5.949074972655163
 40
5.949074972655163
 40
6.112719964140298
 40
6.112719964140298
 40
6.246076073275804
 40
6.246076073275804
 40
6.283185307179586
 40
6.283185307179586
 40
6.283185307179586
 40
6.283185307179586
 10
1712.38522391325
 20
4129.295282865037
 30
0.0
 10
1712.38522391325
 20
4128.774280664795
 30
0.0
 10
1712.336724139441
 20
4128.253340735194
 30
0.0
 10
1712.145528589997
 20
4127.22559709839
 30
0.0
 10
1712.002914696986
 20
4126.718870377088
 30
0.0
 10
1711.630734834875
 20
4125.730529486485
 30
0.0
 10
1711.401256952489
 20
4125.248907446955
 30
0.0
 10
1710.711484110794
 20
4124.05254178281
 30
0.0
 10
1710.19440081983
 20
4123.361131646401
 30
0.0
 10
1708.999145519799
 20
4122.067706932408
 30
0.0
 10
1708.320895217413
 20
4121.465355851419
 30
0.0
 10
1706.828009186745
 20
4120.354169557155
 30
0.0
 10
1706.013239944408
 20
4119.845251974191
 30
0.0
 10
1703.780780814642
 20
4118.667295121507
 30
0.0
 10
1702.280871382794
 20
4118.068691160071
 30
0.0
 10
1699.095142530332
 20
4117.129581501438
 30
0.0
 10
1697.409379253218
 20
4116.789350164785
 30
0.0
 10
1693.955735597814
 20
4116.381656137956
 30
0.0
 10
1692.188111122388
 20
4116.31430968298
 30
0.0
 10
1688.681042631779
 20
4116.455661239196
 30
0.0
 10
1686.941880822615
 20
4116.664319872951
 30
0.0
 10
1683.599911455498
 20
4117.348432913895
 30
0.0
 10
1681.997291402582
 20
4117.823686152427
 30
0.0
 10
1679.026858782829
 20
4119.022782170687
 30
0.0
 10
1677.658844047106
 20
4119.746332926217
 30
0.0
 10
1675.489090285507
 20
4121.253372585874
 30
0.0
 10
1674.628360760278
 20
4121.995360224428
 30
0.0
 10
1673.335654147781
 20
4123.421448957648
 30
0.0
 10
1672.850379535241
 20
4124.076710915113
 30
0.0
 10
1672.051069302539
 20
4125.457352965059
 30
0.0
 10
1671.737340395582
 20
4126.18308104622
 30
0.0
 10
1671.346762310404
 20
4127.549569390255
 30
0.0
 10
1671.238287701893
 20
4128.182705231862
 30
0.0
 10
1671.166389682574
 20
4129.456110783773
 30
0.0
 10
1671.203046154285
 20
4130.096058859584
 30
0.0
 10
1671.418390634713
 20
4131.3563265224
 30
0.0
 10
1671.596871398444
 20
4131.976419868042
 30
0.0
 10
1672.082378276504
 20
4133.176951140449
 30
0.0
 10
1672.389179098299
 20
4133.757433700295
 30
0.0
 10
1673.115009955752
 20
4134.868420594466
 30
0.0
 10
1673.533969183696
 20
4135.399069236132
 30
0.0
 10
1674.469812507621
 20
4136.406166439417
 30
0.0
 10
1674.986722752885
 20
4136.88271124001
 30
0.0
 10
1676.809913268003
 20
4138.342697403866
 30
0.0
 10
1678.292299703196
 20
4139.211250288506
 30
0.0
 10
1681.570082533053
 20
4140.63654975361
 30
0.0
 10
1683.366031340946
 20
4141.192824367528
 30
0.0
 10
1687.132646910901
 20
4141.966712360743
 30
0.0
 10
1689.102979631043
 20
4142.183958370333
 30
0.0
 10
1693.063029065419
 20
4142.26690906482
 30
0.0
 10
1695.052229770339
 20
4142.132576423428
 30
0.0
 10
1698.892493916366
 20
4141.519929659095
 30
0.0
 10
1700.743144662741
 20
4141.04190251018
 30
0.0
 10
1704.161662492955
 20
4139.766166403809
 30
0.0
 10
1705.729760766462
 20
4138.968989709487
 30
0.0
 10
1708.030510668144
 20
4137.377818644709
 30
0.0
 10
1708.871496468837
 20
4136.660611515406
 30
0.0
 10
1710.167303753707
 20
4135.259057054027
 30
0.0
 10
1710.666058500919
 20
4134.598677864771
 30
0.0
 10
1711.48895309983
 20
4133.205386350215
 30
0.0
 10
1711.812785673199
 20
4132.472097477606
 30
0.0
 10
1712.215383439205
 20
4131.097478393559
 30
0.0
 10
1712.328186088122
 20
4130.464515136096
 30
0.0
 10
1712.379616154412
 20
4129.650339581734
 30
0.0
 10
1712.38522391325
 20
4129.472811364489
 30
0.0
 10
1712.38522391325
 20
4129.295282865037
 30
0.0
  0
ELLIPSE
  5
488
330
1F
100
AcDbEntity
  8
SHE
100
AcDbEllipse
 10
1783.838939207107
 20
4117.159777419561
 30
0.0
 11
18.5818730703585
 21
0.0000000000000175
 31
0.0
210
0.0
220
0.0
230
-1.0
 40
0.5877361541246975
 41
0.0
 42
6.283185307179586
  0
SPLINE
  5
489
330
1F
100
AcDbEntity
  8
SHE
100
AcDbSpline
210
0.0
220
0.0
230
1.0
 70
     9
 71
     3
 72
    70
 73
    66
 74
     0
 42
0.000000001
 43
0.0000000001
 40
0.0
 40
0.0
 40
0.0
 40
0.0
 40
0.1089064153092637
 40
0.1089064153092637
 40
0.2178128306185274
 40
0.2178128306185274
 40
0.326719245927791
 40
0.326719245927791
 40
0.497551667745757
 40
0.497551667745757
 40
0.6683840895637231
 40
0.6683840895637231
 40
0.839216511381689
 40
0.839216511381689
 40
1.105899478456654
 40
1.105899478456654
 40
1.37258244553162
 40
1.37258244553162
 40
1.639265412606586
 40
1.639265412606586
 40
1.905948379681552
 40
1.905948379681552
 40
2.172631346756517
 40
2.172631346756517
 40
2.439314313831483
 40
2.439314313831483
 40
2.65207777839686
 40
2.65207777839686
 40
2.813617059518745
 40
2.813617059518745
 40
2.975156340640629
 40
2.975156340640629
 40
3.108420543907715
 40
3.108420543907715
 40
3.241684747174802
 40
3.241684747174802
 40
3.374948950441888
 40
3.374948950441888
 40
3.508213153708974
 40
3.508213153708974
 40
3.641477356976061
 40
3.641477356976061
 40
3.774741560243147
 40
3.774741560243147
 40
4.075415742416178
 40
4.075415742416178
 40
4.376089924589209
 40
4.376089924589209
 40
4.676764106762241
 40
4.676764106762241
 40
4.977438288935272
 40
4.977438288935272
 40
5.278112471108303
 40
5.278112471108303
 40
5.578786653281334
 40
5.578786653281334
 40
5.785429981170027
 40
5.785429981170027
 40
5.949074972655163
 40
5.949074972655163
 40
6.112719964140298
 40
6.112719964140298
 40
6.246076073275804
 40
6.246076073275804
 40
6.283185307179586
 40
6.283185307179586
 40
6.283185307179586
 40
6.283185307179586
 10
1841.513784933147
 20
4131.850042357203
 30
0.0
 10
1841.513784933147
 20
4131.329040105739
 30
0.0
 10
1841.465285159338
 20
4130.808100227361
 30
0.0
 10
1841.274089763752
 20
4129.780356590556
 30
0.0
 10
1841.131475716884
 20
4129.273629843541
 30
0.0
 10
1840.759296008629
 20
4128.285288978651
 30
0.0
 10
1840.529818126244
 20
4127.803666939121
 30
0.0
 10
1839.840045387358
 20
4126.607301274976
 30
0.0
 10
1839.322961942173
 20
4125.915891087156
 30
0.0
 10
1838.127706591095
 20
4124.622466450098
 30
0.0
 10
1837.449456390805
 20
4124.020115369094
 30
0.0
 10
1835.956570309088
 20
4122.908929049321
 30
0.0
 10
1835.141801066751
 20
4122.400011440833
 30
0.0
 10
1832.909341936985
 20
4121.222054613485
 30
0.0
 10
1831.409432505137
 20
4120.623450677936
 30
0.0
 10
1828.223703550229
 20
4119.684340993604
 30
0.0
 10
1826.537940273116
 20
4119.34410968265
 30
0.0
 10
1823.084296771568
 20
4118.936415630123
 30
0.0
 10
1821.316672244731
 20
4118.869069149448
 30
0.0
 10
1817.809603754486
 20
4119.01042068014
 30
0.0
 10
1816.070441842512
 20
4119.219079339418
 30
0.0
 10
1812.728472424362
 20
4119.903192457285
 30
0.0
 10
1811.125852524925
 20
4120.378445670104
 30
0.0
 10
1808.155419802726
 20
4121.577541688552
 30
0.0
 10
1806.787405169449
 20
4122.301092418384
 30
0.0
 10
1804.61765140785
 20
4123.808132052515
 30
0.0
 10
1803.756921882621
 20
4124.550119665371
 30
0.0
 10
1802.464215218711
 20
4125.976208424115
 30
0.0
 10
1801.978940657962
 20
4126.631470407279
 30
0.0
 10
1801.179630476294
 20
4128.0121124574
 30
0.0
 10
1800.865901466892
 20
4128.737840487163
 30
0.0
 10
1800.475323381335
 20
4130.104328856723
 30
0.0
 10
1800.366848721791
 20
4130.737464672805
 30
0.0
 10
1800.294950753505
 20
4132.010870275939
 30
0.0
 10
1800.331607174183
 20
4132.650818351751
 30
0.0
 10
1800.546951808468
 20
4133.911086014566
 30
0.0
 10
1800.725432469389
 20
4134.531179385922
 30
0.0
 10
1801.210939347434
 20
4135.731710632615
 30
0.0
 10
1801.517740015373
 20
4136.312193192462
 30
0.0
 10
1802.243571180541
 20
4137.423180061123
 30
0.0
 10
1802.662530254627
 20
4137.953828728299
 30
0.0
 10
1803.598373732773
 20
4138.960925931583
 30
0.0
 10
1804.115283978051
 20
4139.437470655241
 30
0.0
 10
1805.93847444138
 20
4140.897456921557
 30
0.0
 10
1807.420860774128
 20
4141.766009755163
 30
0.0
 10
1810.698643655396
 20
4143.191309168854
 30
0.0
 10
1812.4945925147
 20
4143.747583834185
 30
0.0
 10
1816.26120798221
 20
4144.521471852909
 30
0.0
 10
1818.231540753386
 20
4144.738717862325
 30
0.0
 10
1822.191590136728
 20
4144.821668582699
 30
0.0
 10
1824.180790687413
 20
4144.687335915594
 30
0.0
 10
1828.021055090121
 20
4144.074689099848
 30
0.0
 10
1829.871705579815
 20
4143.596662053569
 30
0.0
 10
1833.290223615677
 20
4142.320925921485
 30
0.0
 10
1834.858321888805
 20
4141.523749150255
 30
0.0
 10
1837.159071790865
 20
4139.932578188098
 30
0.0
 10
1838.00005759118
 20
4139.215371033271
 30
0.0
 10
1839.295864773605
 20
4137.813816546193
 30
0.0
 10
1839.794619674674
 20
4137.153437356748
 30
0.0
 10
1840.617514273585
 20
4135.760145842382
 30
0.0
 10
1840.941346744508
 20
4135.02685691855
 30
0.0
 10
1841.343944561548
 20
4133.652237911439
 30
0.0
 10
1841.456747159416
 20
4133.01927457704
 30
0.0
 10
1841.50817717431
 20
4132.205099048188
 30
0.0
 10
1841.513784933147
 20
4132.027570805243
 30
0.0
 10
1841.513784933147
 20
4131.850042357203
 30
0.0
  0
ELLIPSE
  5
48A
330
1F
100
AcDbEntity
  8
SHE
100
AcDbEllipse
 10
1526.220779677165
 20
4123.083556302176
 30
0.0
 11
18.5818730703585
 21
0.0000000000000175
 31
0.0
210
0.0
220
0.0
230
-1.0
 40
0.5877361541246975
 41
0.0
 42
6.283185307179586
  0
SPLINE
  5
48B
330
1F
100
AcDbEntity
  8
SHE
100
AcDbSpline
210
0.0
220
0.0
230
1.0
 70
     9
 71
     3
 72
    70
 73
    66
 74
     0
 42
0.000000001
 43
0.0000000001
 40
0.0
 40
0.0
 40
0.0
 40
0.0
 40
0.1089064153092637
 40
0.1089064153092637
 40
0.2178128306185274
 40
0.2178128306185274
 40
0.326719245927791
 40
0.326719245927791
 40
0.497551667745757
 40
0.497551667745757
 40
0.6683840895637231
 40
0.6683840895637231
 40
0.839216511381689
 40
0.839216511381689
 40
1.105899478456654
 40
1.105899478456654
 40
1.37258244553162
 40
1.37258244553162
 40
1.639265412606586
 40
1.639265412606586
 40
1.905948379681552
 40
1.905948379681552
 40
2.172631346756517
 40
2.172631346756517
 40
2.439314313831483
 40
2.439314313831483
 40
2.65207777839686
 40
2.65207777839686
 40
2.813617059518745
 40
2.813617059518745
 40
2.975156340640629
 40
2.975156340640629
 40
3.108420543907715
 40
3.108420543907715
 40
3.241684747174802
 40
3.241684747174802
 40
3.374948950441888
 40
3.374948950441888
 40
3.508213153708974
 40
3.508213153708974
 40
3.641477356976061
 40
3.641477356976061
 40
3.774741560243147
 40
3.774741560243147
 40
4.075415742416178
 40
4.075415742416178
 40
4.376089924589209
 40
4.376089924589209
 40
4.676764106762241
 40
4.676764106762241
 40
4.977438288935272
 40
4.977438288935272
 40
5.278112471108303
 40
5.278112471108303
 40
5.578786653281334
 40
5.578786653281334
 40
5.785429981170027
 40
5.785429981170027
 40
5.949074972655163
 40
5.949074972655163
 40
6.112719964140298
 40
6.112719964140298
 40
6.246076073275804
 40
6.246076073275804
 40
6.283185307179586
 40
6.283185307179586
 40
6.283185307179586
 40
6.283185307179586
 10
1454.767064485753
 20
4129.295282813814
 30
0.0
 10
1454.767064485753
 20
4128.774280639095
 30
0.0
 10
1454.718564609498
 20
4128.253340760908
 30
0.0
 10
1454.527369213912
 20
4127.225597123898
 30
0.0
 10
1454.384755269504
 20
4126.718870402597
 30
0.0
 10
1454.01257545879
 20
4125.730529512199
 30
0.0
 10
1453.783097576404
 20
4125.248907421257
 30
0.0
 10
1453.093324734709
 20
4124.052541808508
 30
0.0
 10
1452.576241392333
 20
4123.361131620688
 30
0.0
 10
1451.380986143715
 20
4122.067706957932
 30
0.0
 10
1450.702735943774
 20
4121.465355825704
 30
0.0
 10
1449.20984981066
 20
4120.354169531645
 30
0.0
 10
1448.395080516926
 20
4119.845251948667
 30
0.0
 10
1446.162621489606
 20
4118.667295095795
 30
0.0
 10
1444.662711903886
 20
4118.06869118577
 30
0.0
 10
1441.476983000404
 20
4117.129581501438
 30
0.0
 10
1439.791219877134
 20
4116.789350139261
 30
0.0
 10
1436.337576119283
 20
4116.381656163467
 30
0.0
 10
1434.569951694891
 20
4116.314309657282
 30
0.0
 10
1431.062883204282
 20
4116.45566126491
 30
0.0
 10
1429.323721344084
 20
4116.664319898474
 30
0.0
 10
1425.981751874522
 20
4117.348432939594
 30
0.0
 10
1424.379131975085
 20
4117.823686152427
 30
0.0
 10
1421.408699252886
 20
4119.022782196385
 30
0.0
 10
1420.040684773467
 20
4119.746332900518
 30
0.0
 10
1417.870930858011
 20
4121.253372585874
 30
0.0
 10
1417.010201230336
 20
4121.995360198904
 30
0.0
 10
1415.717494668872
 20
4123.421448931948
 30
0.0
 10
1415.232220210568
 20
4124.0767108894
 30
0.0
 10
1414.4329100289
 20
4125.457352939535
 30
0.0
 10
1414.119180917052
 20
4126.183081020696
 30
0.0
 10
1413.728602831495
 20
4127.549569415779
 30
0.0
 10
1413.620128171951
 20
4128.182705206338
 30
0.0
 10
1413.54823020368
 20
4129.456110809471
 30
0.0
 10
1413.584886726803
 20
4130.096058834075
 30
0.0
 10
1413.800231258628
 20
4131.356326548114
 30
0.0
 10
1413.97871191955
 20
4131.976419868042
 30
0.0
 10
1414.464219002864
 20
4133.176951114939
 30
0.0
 10
1414.771019568357
 20
4133.757433725993
 30
0.0
 10
1415.496850630701
 20
4134.868420568957
 30
0.0
 10
1415.915809704802
 20
4135.399069261832
 30
0.0
 10
1416.851653080124
 20
4136.406166465116
 30
0.0
 10
1417.3685633768
 20
4136.88271124001
 30
0.0
 10
1419.19175389154
 20
4138.342697378168
 30
0.0
 10
1420.674140326733
 20
4139.21125031422
 30
0.0
 10
1423.951923105556
 20
4140.636549702387
 30
0.0
 10
1425.747871862037
 20
4141.192824367528
 30
0.0
 10
1429.514487534816
 20
4141.966712335219
 30
0.0
 10
1431.484820101101
 20
4142.183958370333
 30
0.0
 10
1435.444869689334
 20
4142.266909090532
 30
0.0
 10
1437.434070240397
 20
4142.132576423428
 30
0.0
 10
1441.274334540281
 20
4141.519929684618
 30
0.0
 10
1443.124985132421
 20
4141.041902535689
 30
0.0
 10
1446.543503014425
 20
4139.766166429319
 30
0.0
 10
1448.111601338965
 20
4138.968989735011
 30
0.0
 10
1450.412351241026
 20
4137.377818670407
 30
0.0
 10
1451.253337041355
 20
4136.660611541105
 30
0.0
 10
1452.549144223765
 20
4135.259057079725
 30
0.0
 10
1453.04789922728
 20
4134.598677890295
 30
0.0
 10
1453.870793621299
 20
4133.205386375928
 30
0.0
 10
1454.194626297114
 20
4132.472097452082
 30
0.0
 10
1454.597224011708
 20
4131.09747836805
 30
0.0
 10
1454.710026609591
 20
4130.464515161795
 30
0.0
 10
1454.761456624485
 20
4129.650339556021
 30
0.0
 10
1454.767064485753
 20
4129.472811389998
 30
0.0
 10
1454.767064485753
 20
4129.295282813814
 30
0.0
  0
SPLINE
  5
48C
330
1F
100
AcDbEntity
  8
SHE
100
AcDbSpline
210
0.0
220
0.0
230
1.0
 70
     9
 71
     3
 72
    70
 73
    66
 74
     0
 42
0.000000001
 43
0.0000000001
 40
0.0
 40
0.0
 40
0.0
 40
0.0
 40
0.1089064153092637
 40
0.1089064153092637
 40
0.2178128306185274
 40
0.2178128306185274
 40
0.326719245927791
 40
0.326719245927791
 40
0.497551667745757
 40
0.497551667745757
 40
0.6683840895637231
 40
0.6683840895637231
 40
0.839216511381689
 40
0.839216511381689
 40
1.105899478456654
 40
1.105899478456654
 40
1.37258244553162
 40
1.37258244553162
 40
1.639265412606586
 40
1.639265412606586
 40
1.905948379681552
 40
1.905948379681552
 40
2.172631346756517
 40
2.172631346756517
 40
2.439314313831483
 40
2.439314313831483
 40
2.65207777839686
 40
2.65207777839686
 40
2.813617059518745
 40
2.813617059518745
 40
2.975156340640629
 40
2.975156340640629
 40
3.108420543907715
 40
3.108420543907715
 40
3.241684747174802
 40
3.241684747174802
 40
3.374948950441888
 40
3.374948950441888
 40
3.508213153708974
 40
3.508213153708974
 40
3.641477356976061
 40
3.641477356976061
 40
3.774741560243147
 40
3.774741560243147
 40
4.075415742416178
 40
4.075415742416178
 40
4.376089924589209
 40
4.376089924589209
 40
4.676764106762241
 40
4.676764106762241
 40
4.977438288935272
 40
4.977438288935272
 40
5.278112471108303
 40
5.278112471108303
 40
5.578786653281334
 40
5.578786653281334
 40
5.785429981170027
 40
5.785429981170027
 40
5.949074972655163
 40
5.949074972655163
 40
6.112719964140298
 40
6.112719964140298
 40
6.246076073275804
 40
6.246076073275804
 40
6.283185307179586
 40
6.283185307179586
 40
6.283185307179586
 40
6.283185307179586
 10
1586.632094743905
 20
4126.837540609857
 30
0.0
 10
1586.632094743905
 20
4126.316538358202
 30
0.0
 10
1586.583595072541
 20
4125.795598454504
 30
0.0
 10
1586.392399523098
 20
4124.767854817495
 30
0.0
 10
1586.249785527641
 20
4124.261128070684
 30
0.0
 10
1585.87760566553
 20
4123.272787205606
 30
0.0
 10
1585.648127783144
 20
4122.791165191775
 30
0.0
 10
1584.958355043895
 20
4121.594799527629
 30
0.0
 10
1584.44127175293
 20
4120.903389314285
 30
0.0
 10
1583.246016350455
 20
4119.609964677052
 30
0.0
 10
1582.56776615015
 20
4119.007613621747
 30
0.0
 10
1581.074880017022
 20
4117.896427327687
 30
0.0
 10
1580.260110723666
 20
4117.387509667787
 30
0.0
 10
1578.027651644934
 20
4116.209552866137
 30
0.0
 10
1576.527742315895
 20
4115.610948930589
 30
0.0
 10
1573.342013207144
 20
4114.671839271955
 30
0.0
 10
1571.656250083873
 20
4114.331607935302
 30
0.0
 10
1568.202606428469
 20
4113.923913857063
 30
0.0
 10
1566.434982055489
 20
4113.856567376387
 30
0.0
 10
1562.927913513846
 20
4113.997918932604
 30
0.0
 10
1561.188751550446
 20
4114.206577566357
 30
0.0
 10
1557.846782080884
 20
4114.890690709937
 30
0.0
 10
1556.244162233237
 20
4115.365943897246
 30
0.0
 10
1553.27372951066
 20
4116.565039889807
 30
0.0
 10
1551.905714877761
 20
4117.288590671036
 30
0.0
 10
1549.735961167196
 20
4118.79563027947
 30
0.0
 10
1548.875231539521
 20
4119.53761789231
 30
0.0
 10
1547.582524875612
 20
4120.963706676768
 30
0.0
 10
1547.097250468341
 20
4121.618968659932
 30
0.0
 10
1546.297940235276
 20
4122.999610709878
 30
0.0
 10
1545.984211123428
 20
4123.725338739816
 30
0.0
 10
1545.593633038235
 20
4125.091827109375
 30
0.0
 10
1545.485158429725
 20
4125.724962899744
 30
0.0
 10
1545.413260512865
 20
4126.998368528592
 30
0.0
 10
1545.44991698494
 20
4127.63831655318
 30
0.0
 10
1545.665261465368
 20
4128.898584267219
 30
0.0
 10
1545.84374212629
 20
4129.518677638385
 30
0.0
 10
1546.329249209226
 20
4130.719208859758
 30
0.0
 10
1546.636049774719
 20
4131.299691445113
 30
0.0
 10
1547.361880837441
 20
4132.410678288063
 30
0.0
 10
1547.780840013987
 20
4132.941326980952
 30
0.0
 10
1548.716683286864
 20
4133.948424209935
 30
0.0
 10
1549.233593685985
 20
4134.424968907893
 30
0.0
 10
1551.056784200726
 20
4135.884955148497
 30
0.0
 10
1552.539170533473
 20
4136.753508007626
 30
0.0
 10
1555.816953312296
 20
4138.178807421507
 30
0.0
 10
1557.612902171222
 20
4138.735082086649
 30
0.0
 10
1561.37951763911
 20
4139.508970079863
 30
0.0
 10
1563.349850512732
 20
4139.726216089453
 30
0.0
 10
1567.309899998519
 20
4139.809166835163
 30
0.0
 10
1569.299100600616
 20
4139.674834142534
 30
0.0
 10
1573.139364849467
 20
4139.062187326802
 30
0.0
 10
1574.990015390573
 20
4138.584160306222
 30
0.0
 10
1578.408533426056
 20
4137.308424148629
 30
0.0
 10
1579.976631597117
 20
4136.511247402908
 30
0.0
 10
1582.277381498799
 20
4134.920076415038
 30
0.0
 10
1583.118367248095
 20
4134.202869285924
 30
0.0
 10
1584.41417453295
 20
4132.801314773132
 30
0.0
 10
1584.912929331574
 20
4132.140935583891
 30
0.0
 10
1585.735823930485
 20
4130.747644095033
 30
0.0
 10
1586.059656401408
 20
4130.014355145489
 30
0.0
 10
1586.462254320893
 20
4128.639736164092
 30
0.0
 10
1586.575056918777
 20
4128.006772829692
 30
0.0
 10
1586.626486985067
 20
4127.192597275142
 30
0.0
 10
1586.632094743905
 20
4127.015069032182
 30
0.0
 10
1586.632094743905
 20
4126.837540609857
 30
0.0
  0
SPLINE
  5
48D
330
1F
100
AcDbEntity
  8
SHE
100
AcDbSpline
210
0.0
220
0.0
230
1.0
 70
     9
 71
     3
 72
    96
 73
    92
 74
     0
 42
0.000000001
 43
0.0000000001
 40
0.0
 40
0.0
 40
0.0
 40
0.0
 40
0.0786895064256901
 40
0.0786895064256901
 40
0.1573790128513802
 40
0.1573790128513802
 40
0.2360685192770703
 40
0.2360685192770703
 40
0.3147580257027605
 40
0.3147580257027605
 40
0.3934475321284505
 40
0.3934475321284505
 40
0.5082647294347622
 40
0.5082647294347622
 40
0.623081926741074
 40
0.623081926741074
 40
0.7378991240473856
 40
0.7378991240473856
 40
0.8527163213536972
 40
0.8527163213536972
 40
1.032711676229336
 40
1.032711676229336
 40
1.212707031104975
 40
1.212707031104975
 40
1.392702385980614
 40
1.392702385980614
 40
1.572697740856254
 40
1.572697740856254
 40
1.820421057578634
 40
1.820421057578634
 40
2.068144374301015
 40
2.068144374301015
 40
2.246143553036541
 40
2.246143553036541
 40
2.424142731772068
 40
2.424142731772068
 40
2.55896255734683
 40
2.55896255734683
 40
2.693782382921591
 40
2.693782382921591
 40
2.799799258131841
 40
2.799799258131841
 40
2.905816133342091
 40
2.905816133342091
 40
3.011833008552341
 40
3.011833008552341
 40
3.117849883762591
 40
3.117849883762591
 40
3.223866758972841
 40
3.223866758972841
 40
3.329883634183091
 40
3.329883634183091
 40
3.435900509393341
 40
3.435900509393341
 40
3.541917384603591
 40
3.541917384603591
 40
3.647934259813841
 40
3.647934259813841
 40
3.753951135024091
 40
3.753951135024091
 40
3.859968010234341
 40
3.859968010234341
 40
4.020034137046859
 40
4.020034137046859
 40
4.180100263859378
 40
4.180100263859378
 40
4.340166390671896
 40
4.340166390671896
 40
4.500232517484414
 40
4.500232517484414
 40
4.82477702003036
 40
4.82477702003036
 40
5.056930816649026
 40
5.056930816649026
 40
5.289084613267691
 40
5.289084613267691
 40
5.457335749648817
 40
5.457335749648817
 40
5.625586886029942
 40
5.625586886029942
 40
5.75327115156255
 40
5.75327115156255
 40
5.880955417095158
 40
5.880955417095158
 40
5.983373679873519
 40
5.983373679873519
 40
6.08579194265188
 40
6.08579194265188
 40
6.188210205430241
 40
6.188210205430241
 40
6.283185307179586
 40
6.283185307179586
 40
6.283185307179586
 40
6.283185307179586
 10
1641.133021489597
 20
4136.320950999019
 30
0.0
 10
1641.133021489597
 20
4135.586809049455
 30
0.0
 10
1641.083595985237
 20
4134.852728678386
 30
0.0
 10
1640.889289457784
 20
4133.404439073718
 30
0.0
 10
1640.744473602677
 20
4132.690326181903
 30
0.0
 10
1640.368680750642
 20
4131.298523219775
 30
0.0
 10
1640.137797788218
 20
4130.620868553502
 30
0.0
 10
1639.602509725893
 20
4129.313018771914
 30
0.0
 10
1639.298185432384
 20
4128.682802147894
 30
0.0
 10
1638.629217918653
 20
4127.475190407516
 30
0.0
 10
1638.26462104922
 20
4126.897744428839
 30
0.0
 10
1637.308374119613
 20
4125.543773060206
 30
0.0
 10
1636.689595562649
 20
4124.797623428057
 30
0.0
 10
1635.377062009702
 20
4123.412867708982
 30
0.0
 10
1634.683228002173
 20
4122.77403661135
 30
0.0
 10
1633.238583279464
 20
4121.59242915987
 30
0.0
 10
1632.487662378753
 20
4121.049556284873
 30
0.0
 10
1630.940155882079
 20
4120.049247243172
 30
0.0
 10
1630.143486198849
 20
4119.591789311082
 30
0.0
 10
1628.04915664202
 20
4118.516369110824
 30
0.0
 10
1626.723800220028
 20
4117.954421134396
 30
0.0
 10
1624.002929709906
 20
4116.999999568149
 30
0.0
 10
1622.607249548713
 20
4116.607693922247
 30
0.0
 10
1619.767552705536
 20
4115.983118563621
 30
0.0
 10
1618.323515052787
 20
4115.750967496169
 30
0.0
 10
1615.410718355382
 20
4115.4428136618
 30
0.0
 10
1613.941992228163
 20
4115.366866910371
 30
0.0
 10
1610.452154786948
 20
4115.370766900021
 30
0.0
 10
1608.431296863094
 20
4115.519803199837
 30
0.0
 10
1604.454649188799
 20
4116.115659194729
 30
0.0
 10
1602.49893757782
 20
4116.562081371717
 30
0.0
 10
1599.244882113544
 20
4117.600323014435
 30
0.0
 10
1597.916273918814
 20
4118.115916907139
 30
0.0
 10
1595.34467328159
 20
4119.326558665656
 30
0.0
 10
1594.101308957553
 20
4120.021486937353
 30
0.0
 10
1592.015982393608
 20
4121.4261043855
 30
0.0
 10
1591.149744681705
 20
4122.091537151406
 30
0.0
 10
1589.503323751381
 20
4123.560062109777
 30
0.0
 10
1588.722899807671
 20
4124.363460913773
 30
0.0
 10
1587.437202650366
 20
4125.936562516457
 30
0.0
 10
1586.908935681797
 20
4126.676935727991
 30
0.0
 10
1585.953722565679
 20
4128.255021047873
 30
0.0
 10
1585.526929159892
 20
4129.092968960023
 30
0.0
 10
1584.806479742805
 20
4130.855479716053
 30
0.0
 10
1584.513180129284
 20
4131.780132082211
 30
0.0
 10
1584.089817951313
 20
4133.686943529836
 30
0.0
 10
1583.960143880609
 20
4134.668845683067
 30
0.0
 10
1583.880316418097
 20
4136.644549691591
 30
0.0
 10
1583.930257009397
 20
4137.637826103069
 30
0.0
 10
1584.20367441035
 20
4139.58661073121
 30
0.0
 10
1584.426858042246
 20
4140.541707611926
 30
0.0
 10
1585.021553194962
 20
4142.376014764704
 30
0.0
 10
1585.392657302374
 20
4143.255174456084
 30
0.0
 10
1586.250506115768
 20
4144.918558047626
 30
0.0
 10
1586.737002405218
 20
4145.702981321992
 30
0.0
 10
1587.796161612186
 20
4147.174014828641
 30
0.0
 10
1588.368772897924
 20
4147.860855429353
 30
0.0
 10
1589.578353411762
 20
4149.142785753043
 30
0.0
 10
1590.215375450683
 20
4149.738028038024
 30
0.0
 10
1591.539234757856
 20
4150.845717321245
 30
0.0
 10
1592.226146781871
 20
4151.358235511849
 30
0.0
 10
1594.000811475951
 20
4152.551369245448
 30
0.0
 10
1595.114305046631
 20
4153.184740301141
 30
0.0
 10
1597.411873726985
 20
4154.304601083604
 30
0.0
 10
1598.596186998544
 20
4154.791027693362
 30
0.0
 10
1601.019813990653
 20
4155.630024314021
 30
0.0
 10
1602.259215079681
 20
4155.982500623642
 30
0.0
 10
1604.777636683426
 20
4156.560391035214
 30
0.0
 10
1606.056672425995
 20
4156.785736303128
 30
0.0
 10
1609.964106212992
 20
4157.280406273821
 30
0.0
 10
1612.628633029071
 20
4157.357592263543
 30
0.0
 10
1617.155752901421
 20
4157.057290116987
 30
0.0
 10
1619.0305122268
 20
4156.802856654212
 30
0.0
 10
1622.702285450384
 20
4156.028434808649
 30
0.0
 10
1624.49936138844
 20
4155.508852275562
 30
0.0
 10
1627.490955426237
 20
4154.365176553379
 30
0.0
 10
1628.715351014278
 20
4153.809115952165
 30
0.0
 10
1631.079115407974
 20
4152.527928751056
 30
0.0
 10
1632.21888127035
 20
4151.802825736733
 30
0.0
 10
1634.123694308913
 20
4150.353156124525
 30
0.0
 10
1634.91284770524
 20
4149.670384277684
 30
0.0
 10
1636.403411333693
 20
4148.174898433419
 30
0.0
 10
1637.104977076186
 20
4147.361847496875
 30
0.0
 10
1638.257767156199
 20
4145.76923394847
 30
0.0
 10
1638.730865398112
 20
4145.014779274272
 30
0.0
 10
1639.571110204295
 20
4143.417255636225
 30
0.0
 10
1639.938057214076
 20
4142.574012626988
 30
0.0
 10
1640.536787588582
 20
4140.81451502024
 30
0.0
 10
1640.768232244689
 20
4139.898277471125
 30
0.0
 10
1641.060843315787
 20
4138.092955147199
 30
0.0
 10
1641.133021592406
 20
4137.207031110396
 30
0.0
 10
1641.133021489597
 20
4136.320950999019
 30
0.0
  0
ELLIPSE
  5
48E
330
1F
100
AcDbEntity
  8
SHE
100
AcDbEllipse
 10
1655.622485224212
 20
4118.250444769954
 30
0.0
 11
18.5818730703585
 21
0.0000000000000175
 31
0.0
210
0.0
220
0.0
230
-1.0
 40
0.5877361541246975
 41
0.0
 42
6.283185307179586
  0
ELLIPSE
  5
48F
330
1F
100
AcDbEntity
  8
SHE
100
AcDbEllipse
 10
1697.677998801006
 20
4151.007316126583
 30
0.0
 11
18.5818730703585
 21
0.0000000000000175
 31
0.0
210
0.0
220
0.0
230
-1.0
 40
0.5877361541246975
 41
0.0
 42
6.283185307179586
  0
SPLINE
  5
490
330
1F
100
AcDbEntity
  8
SHE
100
AcDbSpline
210
0.0
220
0.0
230
1.0
 70
     9
 71
     3
 72
    96
 73
    92
 74
     0
 42
0.000000001
 43
0.0000000001
 40
0.0
 40
0.0
 40
0.0
 40
0.0
 40
0.0786895064256901
 40
0.0786895064256901
 40
0.1573790128513802
 40
0.1573790128513802
 40
0.2360685192770703
 40
0.2360685192770703
 40
0.3147580257027605
 40
0.3147580257027605
 40
0.3934475321284505
 40
0.3934475321284505
 40
0.5082647294347622
 40
0.5082647294347622
 40
0.623081926741074
 40
0.623081926741074
 40
0.7378991240473856
 40
0.7378991240473856
 40
0.8527163213536972
 40
0.8527163213536972
 40
1.032711676229336
 40
1.032711676229336
 40
1.212707031104975
 40
1.212707031104975
 40
1.392702385980614
 40
1.392702385980614
 40
1.572697740856254
 40
1.572697740856254
 40
1.820421057578634
 40
1.820421057578634
 40
2.068144374301015
 40
2.068144374301015
 40
2.246143553036541
 40
2.246143553036541
 40
2.424142731772068
 40
2.424142731772068
 40
2.55896255734683
 40
2.55896255734683
 40
2.693782382921591
 40
2.693782382921591
 40
2.799799258131841
 40
2.799799258131841
 40
2.905816133342091
 40
2.905816133342091
 40
3.011833008552341
 40
3.011833008552341
 40
3.117849883762591
 40
3.117849883762591
 40
3.223866758972841
 40
3.223866758972841
 40
3.329883634183091
 40
3.329883634183091
 40
3.435900509393341
 40
3.435900509393341
 40
3.541917384603591
 40
3.541917384603591
 40
3.647934259813841
 40
3.647934259813841
 40
3.753951135024091
 40
3.753951135024091
 40
3.859968010234341
 40
3.859968010234341
 40
4.020034137046859
 40
4.020034137046859
 40
4.180100263859378
 40
4.180100263859378
 40
4.340166390671896
 40
4.340166390671896
 40
4.500232517484414
 40
4.500232517484414
 40
4.82477702003036
 40
4.82477702003036
 40
5.056930816649026
 40
5.056930816649026
 40
5.289084613267691
 40
5.289084613267691
 40
5.457335749648817
 40
5.457335749648817
 40
5.625586886029942
 40
5.625586886029942
 40
5.75327115156255
 40
5.75327115156255
 40
5.880955417095158
 40
5.880955417095158
 40
5.983373679873519
 40
5.983373679873519
 40
6.08579194265188
 40
6.08579194265188
 40
6.188210205430241
 40
6.188210205430241
 40
6.283185307179586
 40
6.283185307179586
 40
6.283185307179586
 40
6.283185307179586
 10
1770.261582560892
 20
4138.875710491185
 30
0.0
 10
1770.261582560892
 20
4138.141568541621
 30
0.0
 10
1770.212157158992
 20
4137.407488170553
 30
0.0
 10
1770.017850529093
 20
4135.959198565884
 30
0.0
 10
1769.873034878878
 20
4135.245085622656
 30
0.0
 10
1769.497241668094
 20
4133.853282788862
 30
0.0
 10
1769.266359013007
 20
4133.175628071192
 30
0.0
 10
1768.731070745791
 20
4131.867778238571
 30
0.0
 10
1768.426746554727
 20
4131.237561639871
 30
0.0
 10
1767.757778989962
 20
4130.029949848459
 30
0.0
 10
1767.393182120529
 20
4129.452503921005
 30
0.0
 10
1766.436935139511
 20
4128.098532552372
 30
0.0
 10
1765.818156736404
 20
4127.352382868812
 30
0.0
 10
1764.505623081011
 20
4125.967627124214
 30
0.0
 10
1763.811789175928
 20
4125.328796052293
 30
0.0
 10
1762.367144299362
 20
4124.147188677547
 30
0.0
 10
1761.616223449698
 20
4123.60431577704
 30
0.0
 10
1760.068717107231
 20
4122.604006658402
 30
0.0
 10
1759.272047270144
 20
4122.146548803248
 30
0.0
 10
1757.177717712951
 20
4121.071128628689
 30
0.0
 10
1755.852361239926
 20
4120.509180626562
 30
0.0
 10
1753.131490729804
 20
4119.554759008905
 30
0.0
 10
1751.735810620022
 20
4119.162453465636
 30
0.0
 10
1748.896113879291
 20
4118.537878055787
 30
0.0
 10
1747.452076072685
 20
4118.305726937113
 30
0.0
 10
1744.539279478104
 20
4117.997573102744
 30
0.0
 10
1743.07055324806
 20
4117.921626325617
 30
0.0
 10
1739.580715909291
 20
4117.925526340775
 30
0.0
 10
1737.559857882992
 20
4118.074562692004
 30
0.0
 10
1733.583210362176
 20
4118.670418661182
 30
0.0
 10
1731.627498546306
 20
4119.116840863695
 30
0.0
 10
1728.373443133441
 20
4120.155082455378
 30
0.0
 10
1727.044835195
 20
4120.670676399305
 30
0.0
 10
1724.473234352536
 20
4121.881318132124
 30
0.0
 10
1723.229870028848
 20
4122.576246404008
 30
0.0
 10
1721.144543464918
 20
4123.980863851968
 30
0.0
 10
1720.278305598778
 20
4124.646296643572
 30
0.0
 10
1718.631885027946
 20
4126.114821576433
 30
0.0
 10
1717.851460930393
 20
4126.918220405939
 30
0.0
 10
1716.565763618852
 20
4128.491322034133
 30
0.0
 10
1716.037496804503
 20
4129.231695168746
 30
0.0
 10
1715.0822836884
 20
4130.809780463118
 30
0.0
 10
1714.655490333647
 20
4131.647728400967
 30
0.0
 10
1713.935040814114
 20
4133.410239259442
 30
0.0
 10
1713.641741200594
 20
4134.334891574377
 30
0.0
 10
1713.218378971211
 20
4136.24170297059
 30
0.0
 10
1713.088704900506
 20
4137.22360512401
 30
0.0
 10
1713.00887754044
 20
4139.199309183758
 30
0.0
 10
1713.058818080706
 20
4140.192585595236
 30
0.0
 10
1713.332235481644
 20
4142.141370274788
 30
0.0
 10
1713.555419011096
 20
4143.096467104093
 30
0.0
 10
1714.150114317668
 20
4144.930774205459
 30
0.0
 10
1714.521218322272
 20
4145.809933973949
 30
0.0
 10
1715.379067186699
 20
4147.473317514267
 30
0.0
 10
1715.865563527561
 20
4148.257740839857
 30
0.0
 10
1716.924722683496
 20
4149.728774320807
 30
0.0
 10
1717.497333815376
 20
4150.415614972916
 30
0.0
 10
1718.706914585516
 20
4151.697545193987
 30
0.0
 10
1719.343936521993
 20
4152.292787478778
 30
0.0
 10
1720.667795829166
 20
4153.400476787711
 30
0.0
 10
1721.35470769896
 20
4153.912995055238
 30
0.0
 10
1723.129372495848
 20
4155.106128737614
 30
0.0
 10
1724.242866169352
 20
4155.739499742085
 30
0.0
 10
1726.540434849328
 20
4156.859360498849
 30
0.0
 10
1727.724748120887
 20
4157.345787134305
 30
0.0
 10
1730.148375010551
 20
4158.184783729266
 30
0.0
 10
1731.387776099578
 20
4158.537260115809
 30
0.0
 10
1733.906197806132
 20
4159.115150527381
 30
0.0
 10
1735.185233497304
 20
4159.340495821008
 30
0.0
 10
1739.092667335335
 20
4159.835165714765
 30
0.0
 10
1741.757194048969
 20
4159.912351755709
 30
0.0
 10
1746.284314024142
 20
4159.61204958344
 30
0.0
 10
1748.159073298109
 20
4159.357616146379
 30
0.0
 10
1751.830846470282
 20
4158.583194275117
 30
0.0
 10
1753.627922408337
 20
4158.06361181895
 30
0.0
 10
1756.619516395087
 20
4156.919936045546
 30
0.0
 10
1757.843911931351
 20
4156.363875418632
 30
0.0
 10
1760.207676530317
 20
4155.082688268747
 30
0.0
 10
1761.347442341659
 20
4154.3575852289
 30
0.0
 10
1763.252255482654
 20
4152.90791556528
 30
0.0
 10
1764.041408725137
 20
4152.22514376985
 30
0.0
 10
1765.531972507448
 20
4150.729657925586
 30
0.0
 10
1766.233538198529
 20
4149.916606989041
 30
0.0
 10
1767.386328278542
 20
4148.323993363701
 30
0.0
 10
1767.85942641801
 20
4147.569538740724
 30
0.0
 10
1768.699671275226
 20
4145.972015051454
 30
0.0
 10
1769.066618387831
 20
4145.128772119154
 30
0.0
 10
1769.665348710925
 20
4143.369274512406
 30
0.0
 10
1769.896793315998
 20
4142.453036963291
 30
0.0
 10
1770.18940423286
 20
4140.647714639177
 30
0.0
 10
1770.261582560892
 20
4139.761790653785
 30
0.0
 10
1770.261582560892
 20
4138.875710491185
 30
0.0
  0
ELLIPSE
  5
491
330
1F
100
AcDbEntity
  8
SHE
100
AcDbEllipse
 10
1569.188400444454
 20
4149.916648725142
 30
0.0
 11
18.5818730703585
 21
0.0000000000000175
 31
0.0
210
0.0
220
0.0
230
-1.0
 40
0.5877361541246975
 41
0.0
 42
6.283185307179586
  0
ELLIPSE
  5
492
330
1F
100
AcDbEntity
  8
SHE
100
AcDbEllipse
 10
1437.779497691674
 20
4150.551677559044
 30
0.0
 11
18.5818730703585
 21
0.0000000000000175
 31
0.0
210
0.0
220
0.0
230
-1.0
 40
0.5877361541246975
 41
0.0
 42
6.283185307179586
  0
SPLINE
  5
493
330
1F
100
AcDbEntity
  8
SHE
100
AcDbSpline
210
0.0
220
0.0
230
1.0
 70
     9
 71
     3
 72
    96
 73
    92
 74
     0
 42
0.000000001
 43
0.0000000001
 40
0.0
 40
0.0
 40
0.0
 40
0.0
 40
0.0786895064256901
 40
0.0786895064256901
 40
0.1573790128513802
 40
0.1573790128513802
 40
0.2360685192770703
 40
0.2360685192770703
 40
0.3147580257027605
 40
0.3147580257027605
 40
0.3934475321284505
 40
0.3934475321284505
 40
0.5082647294347622
 40
0.5082647294347622
 40
0.623081926741074
 40
0.623081926741074
 40
0.7378991240473856
 40
0.7378991240473856
 40
0.8527163213536972
 40
0.8527163213536972
 40
1.032711676229336
 40
1.032711676229336
 40
1.212707031104975
 40
1.212707031104975
 40
1.392702385980614
 40
1.392702385980614
 40
1.572697740856254
 40
1.572697740856254
 40
1.820421057578634
 40
1.820421057578634
 40
2.068144374301015
 40
2.068144374301015
 40
2.246143553036541
 40
2.246143553036541
 40
2.424142731772068
 40
2.424142731772068
 40
2.55896255734683
 40
2.55896255734683
 40
2.693782382921591
 40
2.693782382921591
 40
2.799799258131841
 40
2.799799258131841
 40
2.905816133342091
 40
2.905816133342091
 40
3.011833008552341
 40
3.011833008552341
 40
3.117849883762591
 40
3.117849883762591
 40
3.223866758972841
 40
3.223866758972841
 40
3.329883634183091
 40
3.329883634183091
 40
3.435900509393341
 40
3.435900509393341
 40
3.541917384603591
 40
3.541917384603591
 40
3.647934259813841
 40
3.647934259813841
 40
3.753951135024091
 40
3.753951135024091
 40
3.859968010234341
 40
3.859968010234341
 40
4.020034137046859
 40
4.020034137046859
 40
4.180100263859378
 40
4.180100263859378
 40
4.340166390671896
 40
4.340166390671896
 40
4.500232517484414
 40
4.500232517484414
 40
4.82477702003036
 40
4.82477702003036
 40
5.056930816649026
 40
5.056930816649026
 40
5.289084613267691
 40
5.289084613267691
 40
5.457335749648817
 40
5.457335749648817
 40
5.625586886029942
 40
5.625586886029942
 40
5.75327115156255
 40
5.75327115156255
 40
5.880955417095158
 40
5.880955417095158
 40
5.983373679873519
 40
5.983373679873519
 40
6.08579194265188
 40
6.08579194265188
 40
6.188210205430241
 40
6.188210205430241
 40
6.283185307179586
 40
6.283185307179586
 40
6.283185307179586
 40
6.283185307179586
 10
1512.64342313341
 20
4138.875710516899
 30
0.0
 10
1512.643423235855
 20
4138.141568515922
 30
0.0
 10
1512.59399762905
 20
4137.407488170553
 30
0.0
 10
1512.399691101596
 20
4135.959198514661
 30
0.0
 10
1512.25487524649
 20
4135.245085648356
 30
0.0
 10
1511.879082394455
 20
4133.853282763165
 30
0.0
 10
1511.648199431653
 20
4133.175628096891
 30
0.0
 10
1511.112911369706
 20
4131.867778212858
 30
0.0
 10
1510.808587075833
 20
4131.23756166557
 30
0.0
 10
1510.13961946002
 20
4130.02994987397
 30
0.0
 10
1509.775022693033
 20
4129.45250394653
 30
0.0
 10
1508.818775763426
 20
4128.098532526673
 30
0.0
 10
1508.199997206462
 20
4127.352382894525
 30
0.0
 10
1506.887463602117
 20
4125.967627149737
 30
0.0
 10
1506.193629645986
 20
4125.328796077803
 30
0.0
 10
1504.748984923277
 20
4124.14718870326
 30
0.0
 10
1503.998064022202
 20
4123.604315751327
 30
0.0
 10
1502.450557628337
 20
4122.604006632704
 30
0.0
 10
1501.653887945471
 20
4122.146548777549
 30
0.0
 10
1499.559558285455
 20
4121.071128602991
 30
0.0
 10
1498.234201966286
 20
4120.509180575339
 30
0.0
 10
1495.513331353355
 20
4119.554759034618
 30
0.0
 10
1494.117651243938
 20
4119.162453439938
 30
0.0
 10
1491.277954349349
 20
4118.537878081297
 30
0.0
 10
1489.8339166966
 20
4118.305726962826
 30
0.0
 10
1486.921119999195
 20
4117.997573102744
 30
0.0
 10
1485.452393871976
 20
4117.921626351315
 30
0.0
 10
1481.962556327937
 20
4117.925526366489
 30
0.0
 10
1479.941698506907
 20
4118.074562717512
 30
0.0
 10
1475.965050832248
 20
4118.670418635484
 30
0.0
 10
1474.009339221633
 20
4119.116840838185
 30
0.0
 10
1470.755283757356
 20
4120.155082480901
 30
0.0
 10
1469.426675562248
 20
4120.670676373797
 30
0.0
 10
1466.855074822593
 20
4121.881318157822
 30
0.0
 10
1465.611710549954
 20
4122.576246429519
 30
0.0
 10
1463.526384037421
 20
4123.980863877492
 30
0.0
 10
1462.660146222694
 20
4124.646296617859
 30
0.0
 10
1461.013725395194
 20
4126.114821601943
 30
0.0
 10
1460.233301451484
 20
4126.918220380416
 30
0.0
 10
1458.947604293815
 20
4128.491322008623
 30
0.0
 10
1458.419337325609
 20
4129.231695194459
 30
0.0
 10
1457.464124209491
 20
4130.809780463118
 30
0.0
 10
1457.037330803341
 20
4131.647728426476
 30
0.0
 10
1456.316881386618
 20
4133.41023920822
 30
0.0
 10
1456.023581875543
 20
4134.334891548853
 30
0.0
 10
1455.600219492302
 20
4136.24170297059
 30
0.0
 10
1455.470545524422
 20
4137.22360514952
 30
0.0
 10
1455.39071806191
 20
4139.199309209456
 30
0.0
 10
1455.440658704257
 20
4140.192585569537
 30
0.0
 10
1455.714076054162
 20
4142.141370249075
 30
0.0
 10
1455.937259583614
 20
4143.096467078394
 30
0.0
 10
1456.531954838774
 20
4144.930774231172
 30
0.0
 10
1456.903058945823
 20
4145.809933948251
 30
0.0
 10
1457.760907656757
 20
4147.473317539792
 30
0.0
 10
1458.24740404903
 20
4148.257740865556
 30
0.0
 10
1459.306563255999
 20
4149.728774295108
 30
0.0
 10
1459.879174541736
 20
4150.415614947218
 30
0.0
 10
1461.088755055574
 20
4151.697545219496
 30
0.0
 10
1461.725777094496
 20
4152.292787504477
 30
0.0
 10
1463.049636401669
 20
4153.400476762014
 30
0.0
 10
1463.73654842532
 20
4153.912995029524
 30
0.0
 10
1465.511213119764
 20
4155.106128686202
 30
0.0
 10
1466.624706690443
 20
4155.739499767594
 30
0.0
 10
1468.92227537042
 20
4156.859360524373
 30
0.0
 10
1470.106588642356
 20
4157.345787159829
 30
0.0
 10
1472.530215531642
 20
4158.18478375479
 30
0.0
 10
1473.769616723493
 20
4158.537260090285
 30
0.0
 10
1476.288038327238
 20
4159.115150501683
 30
0.0
 10
1477.567074069808
 20
4159.340495795295
 30
0.0
 10
1481.474507753981
 20
4159.835165740463
 30
0.0
 10
1484.139034672884
 20
4159.912351755709
 30
0.0
 10
1488.666154545233
 20
4159.612049609154
 30
0.0
 10
1490.540913870613
 20
4159.357616120869
 30
0.0
 10
1494.212687094197
 20
4158.583194249405
 30
0.0
 10
1496.009763032252
 20
4158.06361181895
 30
0.0
 10
1499.00135707005
 20
4156.919936020022
 30
0.0
 10
1500.225752657712
 20
4156.363875392918
 30
0.0
 10
1502.589517051787
 20
4155.082688294445
 30
0.0
 10
1503.729282914162
 20
4154.357585203375
 30
0.0
 10
1505.634095952348
 20
4152.907915590993
 30
0.0
 10
1506.423249349053
 20
4152.225143718452
 30
0.0
 10
1507.913812977506
 20
4150.729657951283
 30
0.0
 10
1508.615378873855
 20
4149.916606963343
 30
0.0
 10
1509.768168799634
 20
4148.323993363701
 30
0.0
 10
1510.24126693948
 20
4147.569538766438
 30
0.0
 10
1511.081511745284
 20
4145.972015077168
 30
0.0
 10
1511.448458857889
 20
4145.128772144679
 30
0.0
 10
1512.047189232395
 20
4143.369274538104
 30
0.0
 10
1512.278633888502
 20
4142.453036937783
 30
0.0
 10
1512.571244959221
 20
4140.647714639177
 30
0.0
 10
1512.64342313341
 20
4139.761790628086
 30
0.0
 10
1512.64342313341
 20
4138.875710516899
 30
0.0
  0
ELLIPSE
  5
494
330
1F
100
AcDbEntity
  8
SHE
100
AcDbEllipse
 10
1531.334846508569
 20
4150.372366893767
 30
0.0
 11
18.5818730703585
 21
0.0000000000000175
 31
0.0
210
0.0
220
0.0
230
-1.0
 40
0.5877361541246975
 41
0.0
 42
6.283185307179586
  0
ELLIPSE
  5
495
330
1F
100
AcDbEntity
  8
SHE
100
AcDbEllipse
 10
1788.953005987463
 20
4150.372366868054
 30
0.0
 11
18.5818730703585
 21
0.0000000000000175
 31
0.0
210
0.0
220
0.0
230
-1.0
 40
0.5877361541246975
 41
0.0
 42
6.283185307179586
  0
ELLIPSE
  5
496
330
1F
100
AcDbEntity
  8
SHE
100
AcDbEllipse
 10
2556.59228783513
 20
4142.698634346489
 30
0.0
 11
2.72517411493764
 21
18.38095299069632
 31
0.0
210
0.0
220
0.0
230
-1.0
 40
0.5877361541246975
 41
0.0
 42
6.283185307179586
  0
ELLIPSE
  5
497
330
1F
100
AcDbEntity
  8
SHE
100
AcDbEllipse
 10
2432.83587325404
 20
4147.81760742711
 30
0.0
 11
18.5818730703585
 21
0.0000000000000175
 31
0.0
210
0.0
220
0.0
230
-1.0
 40
0.5877361541246975
 41
0.0
 42
6.283185307179586
  0
SPLINE
  5
498
330
1F
100
AcDbEntity
  8
SHE
100
AcDbSpline
210
0.0
220
0.0
230
1.0
 70
     9
 71
     3
 72
    70
 73
    66
 74
     0
 42
0.000000001
 43
0.0000000001
 40
0.0
 40
0.0
 40
0.0
 40
0.0
 40
0.1089064153092637
 40
0.1089064153092637
 40
0.2178128306185274
 40
0.2178128306185274
 40
0.326719245927791
 40
0.326719245927791
 40
0.497551667745757
 40
0.497551667745757
 40
0.6683840895637231
 40
0.6683840895637231
 40
0.839216511381689
 40
0.839216511381689
 40
1.105899478456654
 40
1.105899478456654
 40
1.37258244553162
 40
1.37258244553162
 40
1.639265412606586
 40
1.639265412606586
 40
1.905948379681552
 40
1.905948379681552
 40
2.172631346756517
 40
2.172631346756517
 40
2.439314313831483
 40
2.439314313831483
 40
2.65207777839686
 40
2.65207777839686
 40
2.813617059518745
 40
2.813617059518745
 40
2.975156340640629
 40
2.975156340640629
 40
3.108420543907715
 40
3.108420543907715
 40
3.241684747174802
 40
3.241684747174802
 40
3.374948950441888
 40
3.374948950441888
 40
3.508213153708974
 40
3.508213153708974
 40
3.641477356976061
 40
3.641477356976061
 40
3.774741560243147
 40
3.774741560243147
 40
4.075415742416178
 40
4.075415742416178
 40
4.376089924589209
 40
4.376089924589209
 40
4.676764106762241
 40
4.676764106762241
 40
4.977438288935272
 40
4.977438288935272
 40
5.278112471108303
 40
5.278112471108303
 40
5.578786653281334
 40
5.578786653281334
 40
5.785429981170027
 40
5.785429981170027
 40
5.949074972655163
 40
5.949074972655163
 40
6.112719964140298
 40
6.112719964140298
 40
6.246076073275804
 40
6.246076073275804
 40
6.283185307179586
 40
6.283185307179586
 40
6.283185307179586
 40
6.283185307179586
 10
2485.396652302534
 20
4129.295282865037
 30
0.0
 10
2485.396652302534
 20
4128.774280664795
 30
0.0
 10
2485.348152528724
 20
4128.253340735194
 30
0.0
 10
2485.156956978903
 20
4127.22559709839
 30
0.0
 10
2485.014343086285
 20
4126.718870377088
 30
0.0
 10
2484.642163224173
 20
4125.730529486485
 30
0.0
 10
2484.412685341788
 20
4125.248907446955
 30
0.0
 10
2483.722912500078
 20
4124.05254178281
 30
0.0
 10
2483.205829209114
 20
4123.361131646401
 30
0.0
 10
2482.010573909083
 20
4122.067706932408
 30
0.0
 10
2481.332323606333
 20
4121.465355851419
 30
0.0
 10
2479.839437575666
 20
4120.354169557155
 30
0.0
 10
2479.024668333328
 20
4119.845251974191
 30
0.0
 10
2476.792209203563
 20
4118.667295121507
 30
0.0
 10
2475.2922997717
 20
4118.068691160071
 30
0.0
 10
2472.106570919252
 20
4117.129581501438
 30
0.0
 10
2470.420807642517
 20
4116.789350164785
 30
0.0
 10
2466.967163987112
 20
4116.381656137956
 30
0.0
 10
2465.199539511294
 20
4116.31430968298
 30
0.0
 10
2461.692471021063
 20
4116.455661239196
 30
0.0
 10
2459.953309211898
 20
4116.664319872951
 30
0.0
 10
2456.611339844782
 20
4117.348432913895
 30
0.0
 10
2455.008719791866
 20
4117.823686152427
 30
0.0
 10
2452.038287171748
 20
4119.022782170687
 30
0.0
 10
2450.67027243639
 20
4119.746332926217
 30
0.0
 10
2448.500518674427
 20
4121.253372585874
 30
0.0
 10
2447.639789149562
 20
4121.995360224428
 30
0.0
 10
2446.347082536686
 20
4123.421448957648
 30
0.0
 10
2445.861807924524
 20
4124.076710915113
 30
0.0
 10
2445.062497691459
 20
4125.457352965059
 30
0.0
 10
2444.748768784866
 20
4126.18308104622
 30
0.0
 10
2444.35819069931
 20
4127.549569390255
 30
0.0
 10
2444.249716090799
 20
4128.182705231862
 30
0.0
 10
2444.177818071494
 20
4129.456110783773
 30
0.0
 10
2444.214474543584
 20
4130.096058859584
 30
0.0
 10
2444.429819023633
 20
4131.3563265224
 30
0.0
 10
2444.608299787364
 20
4131.976419868042
 30
0.0
 10
2445.093806665409
 20
4133.176951140449
 30
0.0
 10
2445.400607487205
 20
4133.757433700295
 30
0.0
 10
2446.126438344658
 20
4134.868420594466
 30
0.0
 10
2446.545397572616
 20
4135.399069236132
 30
0.0
 10
2447.481240896905
 20
4136.406166439417
 30
0.0
 10
2447.998151142169
 20
4136.88271124001
 30
0.0
 10
2449.821341656909
 20
4138.342697403866
 30
0.0
 10
2451.303728092117
 20
4139.211250288506
 30
0.0
 10
2454.581510921959
 20
4140.63654975361
 30
0.0
 10
2456.377459729851
 20
4141.192824367528
 30
0.0
 10
2460.144075300199
 20
4141.966712360743
 30
0.0
 10
2462.114408019949
 20
4142.183958370333
 30
0.0
 10
2466.074457454324
 20
4142.26690906482
 30
0.0
 10
2468.063658159245
 20
4142.132576423428
 30
0.0
 10
2471.903922305271
 20
4141.519929659095
 30
0.0
 10
2473.754573051647
 20
4141.04190251018
 30
0.0
 10
2477.173090882254
 20
4139.766166403809
 30
0.0
 10
2478.741189155746
 20
4138.968989709487
 30
0.0
 10
2481.041939057428
 20
4137.377818644709
 30
0.0
 10
2481.882924858135
 20
4136.660611515406
 30
0.0
 10
2483.178732142613
 20
4135.259057054027
 30
0.0
 10
2483.677486890203
 20
4134.598677864771
 30
0.0
 10
2484.500381489113
 20
4133.205386350215
 30
0.0
 10
2484.824214062483
 20
4132.472097477606
 30
0.0
 10
2485.22681182811
 20
4131.097478393559
 30
0.0
 10
2485.339614477406
 20
4130.464515136096
 30
0.0
 10
2485.391044543711
 20
4129.650339581734
 30
0.0
 10
2485.396652302534
 20
4129.472811364489
 30
0.0
 10
2485.396652302534
 20
4129.295282865037
 30
0.0
  0
ELLIPSE
  5
499
330
1F
100
AcDbEntity
  8
SHE
100
AcDbEllipse
 10
2433.506257019955
 20
4118.250444769954
 30
0.0
 11
18.5818730703585
 21
0.0000000000000175
 31
0.0
210
0.0
220
0.0
230
-1.0
 40
0.5877361541246975
 41
0.0
 42
6.283185307179586
  0
ELLIPSE
  5
49A
330
1F
100
AcDbEntity
  8
SHE
100
AcDbEllipse
 10
2470.689427189926
 20
4151.007316126583
 30
0.0
 11
18.5818730703585
 21
0.0000000000000175
 31
0.0
210
0.0
220
0.0
230
-1.0
 40
0.5877361541246975
 41
0.0
 42
6.283185307179586
  0
SPLINE
  5
49B
330
1F
100
AcDbEntity
  8
SHE
100
AcDbSpline
210
0.0
220
0.0
230
1.0
 70
     9
 71
     3
 72
    96
 73
    92
 74
     0
 42
0.000000001
 43
0.0000000001
 40
0.0
 40
0.0
 40
0.0
 40
0.0
 40
0.0786895064256901
 40
0.0786895064256901
 40
0.1573790128513802
 40
0.1573790128513802
 40
0.2360685192770703
 40
0.2360685192770703
 40
0.3147580257027605
 40
0.3147580257027605
 40
0.3934475321284505
 40
0.3934475321284505
 40
0.5082647294347622
 40
0.5082647294347622
 40
0.623081926741074
 40
0.623081926741074
 40
0.7378991240473856
 40
0.7378991240473856
 40
0.8527163213536972
 40
0.8527163213536972
 40
1.032711676229336
 40
1.032711676229336
 40
1.212707031104975
 40
1.212707031104975
 40
1.392702385980614
 40
1.392702385980614
 40
1.572697740856254
 40
1.572697740856254
 40
1.820421057578634
 40
1.820421057578634
 40
2.068144374301015
 40
2.068144374301015
 40
2.246143553036541
 40
2.246143553036541
 40
2.424142731772068
 40
2.424142731772068
 40
2.55896255734683
 40
2.55896255734683
 40
2.693782382921591
 40
2.693782382921591
 40
2.799799258131841
 40
2.799799258131841
 40
2.905816133342091
 40
2.905816133342091
 40
3.011833008552341
 40
3.011833008552341
 40
3.117849883762591
 40
3.117849883762591
 40
3.223866758972841
 40
3.223866758972841
 40
3.329883634183091
 40
3.329883634183091
 40
3.435900509393341
 40
3.435900509393341
 40
3.541917384603591
 40
3.541917384603591
 40
3.647934259813841
 40
3.647934259813841
 40
3.753951135024091
 40
3.753951135024091
 40
3.859968010234341
 40
3.859968010234341
 40
4.020034137046859
 40
4.020034137046859
 40
4.180100263859378
 40
4.180100263859378
 40
4.340166390671896
 40
4.340166390671896
 40
4.500232517484414
 40
4.500232517484414
 40
4.82477702003036
 40
4.82477702003036
 40
5.056930816649026
 40
5.056930816649026
 40
5.289084613267691
 40
5.289084613267691
 40
5.457335749648817
 40
5.457335749648817
 40
5.625586886029942
 40
5.625586886029942
 40
5.75327115156255
 40
5.75327115156255
 40
5.880955417095158
 40
5.880955417095158
 40
5.983373679873519
 40
5.983373679873519
 40
6.08579194265188
 40
6.08579194265188
 40
6.188210205430241
 40
6.188210205430241
 40
6.283185307179586
 40
6.283185307179586
 40
6.283185307179586
 40
6.283185307179586
 10
2543.273010949812
 20
4138.875710491185
 30
0.0
 10
2543.273010949812
 20
4138.141568541621
 30
0.0
 10
2543.223585547897
 20
4137.407488170553
 30
0.0
 10
2543.029278917999
 20
4135.959198565884
 30
0.0
 10
2542.884463268161
 20
4135.245085622656
 30
0.0
 10
2542.508670056999
 20
4133.853282788862
 30
0.0
 10
2542.277787402291
 20
4133.175628071192
 30
0.0
 10
2541.742499135089
 20
4131.867778238571
 30
0.0
 10
2541.438174943647
 20
4131.237561639871
 30
0.0
 10
2540.769207378868
 20
4130.029949848459
 30
0.0
 10
2540.40461050945
 20
4129.452503921005
 30
0.0
 10
2539.448363528416
 20
4128.098532552372
 30
0.0
 10
2538.829585125324
 20
4127.352382868812
 30
0.0
 10
2537.517051469932
 20
4125.967627124214
 30
0.0
 10
2536.823217565212
 20
4125.328796052293
 30
0.0
 10
2535.378572688267
 20
4124.147188677547
 30
0.0
 10
2534.627651838983
 20
4123.60431577704
 30
0.0
 10
2533.080145496152
 20
4122.604006658402
 30
0.0
 10
2532.283475659442
 20
4122.146548803248
 30
0.0
 10
2530.189146102235
 20
4121.071128628689
 30
0.0
 10
2528.863789628846
 20
4120.509180626562
 30
0.0
 10
2526.142919118724
 20
4119.554759008905
 30
0.0
 10
2524.747239008942
 20
4119.162453465636
 30
0.0
 10
2521.907542268575
 20
4118.537878055787
 30
0.0
 10
2520.463504461968
 20
4118.305726937113
 30
0.0
 10
2517.550707867024
 20
4117.997573102744
 30
0.0
 10
2516.081981637344
 20
4117.921626325617
 30
0.0
 10
2512.592144298196
 20
4117.925526340775
 30
0.0
 10
2510.571286271912
 20
4118.074562692004
 30
0.0
 10
2506.594638751475
 20
4118.670418661182
 30
0.0
 10
2504.638926935589
 20
4119.116840863695
 30
0.0
 10
2501.384871522725
 20
4120.155082455378
 30
0.0
 10
2500.05626358392
 20
4120.670676399305
 30
0.0
 10
2497.484662741819
 20
4121.881318132124
 30
0.0
 10
2496.241298417768
 20
4122.576246404008
 30
0.0
 10
2494.155971853823
 20
4123.980863851968
 30
0.0
 10
2493.289733988062
 20
4124.646296643572
 30
0.0
 10
2491.643313416866
 20
4126.114821576433
 30
0.0
 10
2490.862889319313
 20
4126.918220405939
 30
0.0
 10
2489.577192007772
 20
4128.491322034133
 30
0.0
 10
2489.048925193424
 20
4129.231695168746
 30
0.0
 10
2488.093712077305
 20
4130.809780463118
 30
0.0
 10
2487.666918722567
 20
4131.647728400967
 30
0.0
 10
2486.946469203034
 20
4133.410239259442
 30
0.0
 10
2486.653169589878
 20
4134.334891574377
 30
0.0
 10
2486.229807360116
 20
4136.24170297059
 30
0.0
 10
2486.10013328979
 20
4137.22360512401
 30
0.0
 10
2486.020305929724
 20
4139.199309183758
 30
0.0
 10
2486.070246469626
 20
4140.192585595236
 30
0.0
 10
2486.343663870564
 20
4142.141370274788
 30
0.0
 10
2486.566847400016
 20
4143.096467104093
 30
0.0
 10
2487.161542706588
 20
4144.930774205459
 30
0.0
 10
2487.532646711192
 20
4145.809933973949
 30
0.0
 10
2488.390495575983
 20
4147.473317514267
 30
0.0
 10
2488.876991916845
 20
4148.257740839857
 30
0.0
 10
2489.93615107278
 20
4149.728774320807
 30
0.0
 10
2490.508762204674
 20
4150.415614972916
 30
0.0
 10
2491.718342974801
 20
4151.697545193987
 30
0.0
 10
2492.355364910913
 20
4152.292787478778
 30
0.0
 10
2493.679224218071
 20
4153.400476787711
 30
0.0
 10
2494.366136088244
 20
4153.912995055238
 30
0.0
 10
2496.140800885132
 20
4155.106128737614
 30
0.0
 10
2497.254294558258
 20
4155.739499742085
 30
0.0
 10
2499.551863238612
 20
4156.859360498849
 30
0.0
 10
2500.736176510171
 20
4157.345787134305
 30
0.0
 10
2503.159803399471
 20
4158.184783729266
 30
0.0
 10
2504.399204488862
 20
4158.537260115809
 30
0.0
 10
2506.917626195053
 20
4159.115150527381
 30
0.0
 10
2508.196661886224
 20
4159.340495821008
 30
0.0
 10
2512.10409572424
 20
4159.835165714765
 30
0.0
 10
2514.768622438253
 20
4159.912351755709
 30
0.0
 10
2519.295742413047
 20
4159.61204958344
 30
0.0
 10
2521.170501687393
 20
4159.357616146379
 30
0.0
 10
2524.842274859566
 20
4158.583194275117
 30
0.0
 10
2526.639350797636
 20
4158.06361181895
 30
0.0
 10
2529.630944784007
 20
4156.919936045546
 30
0.0
 10
2530.855340320635
 20
4156.363875418632
 30
0.0
 10
2533.219104919601
 20
4155.082688268747
 30
0.0
 10
2534.358870730565
 20
4154.3575852289
 30
0.0
 10
2536.263683871573
 20
4152.90791556528
 30
0.0
 10
2537.052837114057
 20
4152.22514376985
 30
0.0
 10
2538.543400896732
 20
4150.729657925586
 30
0.0
 10
2539.244966587812
 20
4149.916606989041
 30
0.0
 10
2540.397756667462
 20
4148.323993363701
 30
0.0
 10
2540.870854807294
 20
4147.569538740724
 30
0.0
 10
2541.71109966451
 20
4145.972015051454
 30
0.0
 10
2542.078046777115
 20
4145.128772119154
 30
0.0
 10
2542.676777100209
 20
4143.369274512406
 30
0.0
 10
2542.908221704904
 20
4142.453036963291
 30
0.0
 10
2543.200832622144
 20
4140.647714639177
 30
0.0
 10
2543.27301095019
 20
4139.761790653785
 30
0.0
 10
2543.273010949812
 20
4138.875710491185
 30
0.0
  0
ELLIPSE
  5
49C
330
1F
100
AcDbEntity
  8
SHE
100
AcDbEllipse
 10
2237.862559627396
 20
4147.81760742711
 30
0.0
 11
18.5818730703585
 21
0.0000000000000175
 31
0.0
210
0.0
220
0.0
230
-1.0
 40
0.5877361541246975
 41
0.0
 42
6.283185307179586
  0
SPLINE
  5
49D
330
1F
100
AcDbEntity
  8
SHE
100
AcDbSpline
210
0.0
220
0.0
230
1.0
 70
     9
 71
     3
 72
    70
 73
    66
 74
     0
 42
0.000000001
 43
0.0000000001
 40
0.0
 40
0.0
 40
0.0
 40
0.0
 40
0.1089064153092637
 40
0.1089064153092637
 40
0.2178128306185274
 40
0.2178128306185274
 40
0.326719245927791
 40
0.326719245927791
 40
0.497551667745757
 40
0.497551667745757
 40
0.6683840895637231
 40
0.6683840895637231
 40
0.839216511381689
 40
0.839216511381689
 40
1.105899478456654
 40
1.105899478456654
 40
1.37258244553162
 40
1.37258244553162
 40
1.639265412606586
 40
1.639265412606586
 40
1.905948379681552
 40
1.905948379681552
 40
2.172631346756517
 40
2.172631346756517
 40
2.439314313831483
 40
2.439314313831483
 40
2.65207777839686
 40
2.65207777839686
 40
2.813617059518745
 40
2.813617059518745
 40
2.975156340640629
 40
2.975156340640629
 40
3.108420543907715
 40
3.108420543907715
 40
3.241684747174802
 40
3.241684747174802
 40
3.374948950441888
 40
3.374948950441888
 40
3.508213153708974
 40
3.508213153708974
 40
3.641477356976061
 40
3.641477356976061
 40
3.774741560243147
 40
3.774741560243147
 40
4.075415742416178
 40
4.075415742416178
 40
4.376089924589209
 40
4.376089924589209
 40
4.676764106762241
 40
4.676764106762241
 40
4.977438288935272
 40
4.977438288935272
 40
5.278112471108303
 40
5.278112471108303
 40
5.578786653281334
 40
5.578786653281334
 40
5.785429981170027
 40
5.785429981170027
 40
5.949074972655163
 40
5.949074972655163
 40
6.112719964140298
 40
6.112719964140298
 40
6.246076073275804
 40
6.246076073275804
 40
6.283185307179586
 40
6.283185307179586
 40
6.283185307179586
 40
6.283185307179586
 10
2290.42333867589
 20
4129.295282865037
 30
0.0
 10
2290.42333867589
 20
4128.774280664795
 30
0.0
 10
2290.37483890208
 20
4128.253340735194
 30
0.0
 10
2290.183643352637
 20
4127.22559709839
 30
0.0
 10
2290.041029459626
 20
4126.718870377088
 30
0.0
 10
2289.668849597514
 20
4125.730529486485
 30
0.0
 10
2289.439371715129
 20
4125.248907446955
 30
0.0
 10
2288.749598873434
 20
4124.05254178281
 30
0.0
 10
2288.232515582469
 20
4123.361131646401
 30
0.0
 10
2287.037260282439
 20
4122.067706932408
 30
0.0
 10
2286.359009980053
 20
4121.465355851419
 30
0.0
 10
2284.866123949385
 20
4120.354169557155
 30
0.0
 10
2284.051354707048
 20
4119.845251974191
 30
0.0
 10
2281.818895577282
 20
4118.667295121507
 30
0.0
 10
2280.318986145434
 20
4118.068691160071
 30
0.0
 10
2277.133257292971
 20
4117.129581501438
 30
0.0
 10
2275.447494015858
 20
4116.789350164785
 30
0.0
 10
2271.993850360454
 20
4116.381656137956
 30
0.0
 10
2270.226225885028
 20
4116.31430968298
 30
0.0
 10
2266.719157394418
 20
4116.455661239196
 30
0.0
 10
2264.979995585254
 20
4116.664319872951
 30
0.0
 10
2261.638026218137
 20
4117.348432913895
 30
0.0
 10
2260.035406165222
 20
4117.823686152427
 30
0.0
 10
2257.064973545468
 20
4119.022782170687
 30
0.0
 10
2255.696958809746
 20
4119.746332926217
 30
0.0
 10
2253.527205048147
 20
4121.253372585874
 30
0.0
 10
2252.666475522918
 20
4121.995360224428
 30
0.0
 10
2251.37376891042
 20
4123.421448957648
 30
0.0
 10
2250.88849429788
 20
4124.076710915113
 30
0.0
 10
2250.089184065179
 20
4125.457352965059
 30
0.0
 10
2249.775455158222
 20
4126.18308104622
 30
0.0
 10
2249.384877073044
 20
4127.549569390255
 30
0.0
 10
2249.276402464533
 20
4128.182705231862
 30
0.0
 10
2249.204504445213
 20
4129.456110783773
 30
0.0
 10
2249.241160916925
 20
4130.096058859584
 30
0.0
 10
2249.456505397353
 20
4131.3563265224
 30
0.0
 10
2249.634986161083
 20
4131.976419868042
 30
0.0
 10
2250.120493039143
 20
4133.176951140449
 30
0.0
 10
2250.427293860939
 20
4133.757433700295
 30
0.0
 10
2251.153124718392
 20
4134.868420594466
 30
0.0
 10
2251.572083946336
 20
4135.399069236132
 30
0.0
 10
2252.507927270261
 20
4136.406166439417
 30
0.0
 10
2253.024837515524
 20
4136.88271124001
 30
0.0
 10
2254.848028030643
 20
4138.342697403866
 30
0.0
 10
2256.330414465836
 20
4139.211250288506
 30
0.0
 10
2259.608197295693
 20
4140.63654975361
 30
0.0
 10
2261.404146103585
 20
4141.192824367528
 30
0.0
 10
2265.170761673541
 20
4141.966712360743
 30
0.0
 10
2267.141094393683
 20
4142.183958370333
 30
0.0
 10
2271.101143828059
 20
4142.26690906482
 30
0.0
 10
2273.090344532979
 20
4142.132576423428
 30
0.0
 10
2276.930608679005
 20
4141.519929659095
 30
0.0
 10
2278.781259425381
 20
4141.04190251018
 30
0.0
 10
2282.199777255595
 20
4139.766166403809
 30
0.0
 10
2283.767875529102
 20
4138.968989709487
 30
0.0
 10
2286.068625430784
 20
4137.377818644709
 30
0.0
 10
2286.909611231477
 20
4136.660611515406
 30
0.0
 10
2288.205418516347
 20
4135.259057054027
 30
0.0
 10
2288.704173263559
 20
4134.598677864771
 30
0.0
 10
2289.527067862469
 20
4133.205386350215
 30
0.0
 10
2289.850900435839
 20
4132.472097477606
 30
0.0
 10
2290.253498201844
 20
4131.097478393559
 30
0.0
 10
2290.366300850761
 20
4130.464515136096
 30
0.0
 10
2290.417730917052
 20
4129.650339581734
 30
0.0
 10
2290.42333867589
 20
4129.472811364489
 30
0.0
 10
2290.42333867589
 20
4129.295282865037
 30
0.0
  0
ELLIPSE
  5
49E
330
1F
100
AcDbEntity
  8
SHE
100
AcDbEllipse
 10
2361.877053969747
 20
4117.159777419561
 30
0.0
 11
18.5818730703585
 21
0.0000000000000175
 31
0.0
210
0.0
220
0.0
230
-1.0
 40
0.5877361541246975
 41
0.0
 42
6.283185307179586
  0
SPLINE
  5
49F
330
1F
100
AcDbEntity
  8
SHE
100
AcDbSpline
210
0.0
220
0.0
230
1.0
 70
     9
 71
     3
 72
    70
 73
    66
 74
     0
 42
0.000000001
 43
0.0000000001
 40
0.0
 40
0.0
 40
0.0
 40
0.0
 40
0.1089064153092637
 40
0.1089064153092637
 40
0.2178128306185274
 40
0.2178128306185274
 40
0.326719245927791
 40
0.326719245927791
 40
0.497551667745757
 40
0.497551667745757
 40
0.6683840895637231
 40
0.6683840895637231
 40
0.839216511381689
 40
0.839216511381689
 40
1.105899478456654
 40
1.105899478456654
 40
1.37258244553162
 40
1.37258244553162
 40
1.639265412606586
 40
1.639265412606586
 40
1.905948379681552
 40
1.905948379681552
 40
2.172631346756517
 40
2.172631346756517
 40
2.439314313831483
 40
2.439314313831483
 40
2.65207777839686
 40
2.65207777839686
 40
2.813617059518745
 40
2.813617059518745
 40
2.975156340640629
 40
2.975156340640629
 40
3.108420543907715
 40
3.108420543907715
 40
3.241684747174802
 40
3.241684747174802
 40
3.374948950441888
 40
3.374948950441888
 40
3.508213153708974
 40
3.508213153708974
 40
3.641477356976061
 40
3.641477356976061
 40
3.774741560243147
 40
3.774741560243147
 40
4.075415742416178
 40
4.075415742416178
 40
4.376089924589209
 40
4.376089924589209
 40
4.676764106762241
 40
4.676764106762241
 40
4.977438288935272
 40
4.977438288935272
 40
5.278112471108303
 40
5.278112471108303
 40
5.578786653281334
 40
5.578786653281334
 40
5.785429981170027
 40
5.785429981170027
 40
5.949074972655163
 40
5.949074972655163
 40
6.112719964140298
 40
6.112719964140298
 40
6.246076073275804
 40
6.246076073275804
 40
6.283185307179586
 40
6.283185307179586
 40
6.283185307179586
 40
6.283185307179586
 10
2419.551899695787
 20
4131.850042357203
 30
0.0
 10
2419.551899695787
 20
4131.329040105739
 30
0.0
 10
2419.503399921978
 20
4130.808100227361
 30
0.0
 10
2419.312204526392
 20
4129.780356590556
 30
0.0
 10
2419.169590479524
 20
4129.273629843541
 30
0.0
 10
2418.797410771269
 20
4128.285288978651
 30
0.0
 10
2418.567932888884
 20
4127.803666939121
 30
0.0
 10
2417.878160149998
 20
4126.607301274976
 30
0.0
 10
2417.361076704812
 20
4125.915891087156
 30
0.0
 10
2416.165821353734
 20
4124.622466450098
 30
0.0
 10
2415.487571153444
 20
4124.020115369094
 30
0.0
 10
2413.994685071728
 20
4122.908929049321
 30
0.0
 10
2413.179915829391
 20
4122.400011440833
 30
0.0
 10
2410.947456699625
 20
4121.222054613485
 30
0.0
 10
2409.447547267777
 20
4120.623450677936
 30
0.0
 10
2406.261818312869
 20
4119.684340993604
 30
0.0
 10
2404.576055035756
 20
4119.34410968265
 30
0.0
 10
2401.122411534208
 20
4118.936415630123
 30
0.0
 10
2399.354787007371
 20
4118.869069149448
 30
0.0
 10
2395.847718517125
 20
4119.01042068014
 30
0.0
 10
2394.108556605152
 20
4119.219079339418
 30
0.0
 10
2390.766587187001
 20
4119.903192457285
 30
0.0
 10
2389.163967287565
 20
4120.378445670104
 30
0.0
 10
2386.193534565366
 20
4121.577541688552
 30
0.0
 10
2384.825519932089
 20
4122.301092418384
 30
0.0
 10
2382.65576617049
 20
4123.808132052515
 30
0.0
 10
2381.795036645261
 20
4124.550119665371
 30
0.0
 10
2380.502329981351
 20
4125.976208424115
 30
0.0
 10
2380.017055420601
 20
4126.631470407279
 30
0.0
 10
2379.217745238933
 20
4128.0121124574
 30
0.0
 10
2378.904016229531
 20
4128.737840487163
 30
0.0
 10
2378.513438143975
 20
4130.104328856723
 30
0.0
 10
2378.404963484431
 20
4130.737464672805
 30
0.0
 10
2378.333065516144
 20
4132.010870275939
 30
0.0
 10
2378.369721936822
 20
4132.650818351751
 30
0.0
 10
2378.585066571108
 20
4133.911086014566
 30
0.0
 10
2378.763547232029
 20
4134.531179385922
 30
0.0
 10
2379.249054110074
 20
4135.731710632615
 30
0.0
 10
2379.555854778013
 20
4136.312193192462
 30
0.0
 10
2380.281685943181
 20
4137.423180061123
 30
0.0
 10
2380.700645017267
 20
4137.953828728299
 30
0.0
 10
2381.636488495413
 20
4138.960925931583
 30
0.0
 10
2382.153398740691
 20
4139.437470655241
 30
0.0
 10
2383.976589204019
 20
4140.897456921557
 30
0.0
 10
2385.458975536767
 20
4141.766009755163
 30
0.0
 10
2388.736758418036
 20
4143.191309168854
 30
0.0
 10
2390.53270727734
 20
4143.747583834185
 30
0.0
 10
2394.29932274485
 20
4144.521471852909
 30
0.0
 10
2396.269655516026
 20
4144.738717862325
 30
0.0
 10
2400.229704899368
 20
4144.821668582699
 30
0.0
 10
2402.218905450052
 20
4144.687335915594
 30
0.0
 10
2406.059169852761
 20
4144.074689099848
 30
0.0
 10
2407.909820342455
 20
4143.596662053569
 30
0.0
 10
2411.328338378317
 20
4142.320925921485
 30
0.0
 10
2412.896436651445
 20
4141.523749150255
 30
0.0
 10
2415.197186553506
 20
4139.932578188098
 30
0.0
 10
2416.03817235382
 20
4139.215371033271
 30
0.0
 10
2417.333979536245
 20
4137.813816546193
 30
0.0
 10
2417.832734437314
 20
4137.153437356748
 30
0.0
 10
2418.655629036224
 20
4135.760145842382
 30
0.0
 10
2418.979461507148
 20
4135.02685691855
 30
0.0
 10
2419.382059324187
 20
4133.652237911439
 30
0.0
 10
2419.494861922056
 20
4133.01927457704
 30
0.0
 10
2419.54629193695
 20
4132.205099048188
 30
0.0
 10
2419.551899695787
 20
4132.027570805243
 30
0.0
 10
2419.551899695787
 20
4131.850042357203
 30
0.0
  0
ELLIPSE
  5
4A0
330
1F
100
AcDbEntity
  8
SHE
100
AcDbEllipse
 10
2104.258894439805
 20
4123.083556302176
 30
0.0
 11
18.5818730703585
 21
0.0000000000000175
 31
0.0
210
0.0
220
0.0
230
-1.0
 40
0.5877361541246975
 41
0.0
 42
6.283185307179586
  0
SPLINE
  5
4A1
330
1F
100
AcDbEntity
  8
SHE
100
AcDbSpline
210
0.0
220
0.0
230
1.0
 70
     9
 71
     3
 72
    70
 73
    66
 74
     0
 42
0.000000001
 43
0.0000000001
 40
0.0
 40
0.0
 40
0.0
 40
0.0
 40
0.1089064153092637
 40
0.1089064153092637
 40
0.2178128306185274
 40
0.2178128306185274
 40
0.326719245927791
 40
0.326719245927791
 40
0.497551667745757
 40
0.497551667745757
 40
0.6683840895637231
 40
0.6683840895637231
 40
0.839216511381689
 40
0.839216511381689
 40
1.105899478456654
 40
1.105899478456654
 40
1.37258244553162
 40
1.37258244553162
 40
1.639265412606586
 40
1.639265412606586
 40
1.905948379681552
 40
1.905948379681552
 40
2.172631346756517
 40
2.172631346756517
 40
2.439314313831483
 40
2.439314313831483
 40
2.65207777839686
 40
2.65207777839686
 40
2.813617059518745
 40
2.813617059518745
 40
2.975156340640629
 40
2.975156340640629
 40
3.108420543907715
 40
3.108420543907715
 40
3.241684747174802
 40
3.241684747174802
 40
3.374948950441888
 40
3.374948950441888
 40
3.508213153708974
 40
3.508213153708974
 40
3.641477356976061
 40
3.641477356976061
 40
3.774741560243147
 40
3.774741560243147
 40
4.075415742416178
 40
4.075415742416178
 40
4.376089924589209
 40
4.376089924589209
 40
4.676764106762241
 40
4.676764106762241
 40
4.977438288935272
 40
4.977438288935272
 40
5.278112471108303
 40
5.278112471108303
 40
5.578786653281334
 40
5.578786653281334
 40
5.785429981170027
 40
5.785429981170027
 40
5.949074972655163
 40
5.949074972655163
 40
6.112719964140298
 40
6.112719964140298
 40
6.246076073275804
 40
6.246076073275804
 40
6.283185307179586
 40
6.283185307179586
 40
6.283185307179586
 40
6.283185307179586
 10
2032.805179248393
 20
4129.295282813814
 30
0.0
 10
2032.805179248393
 20
4128.774280639095
 30
0.0
 10
2032.756679372138
 20
4128.253340760908
 30
0.0
 10
2032.565483976552
 20
4127.225597123898
 30
0.0
 10
2032.422870032144
 20
4126.718870402597
 30
0.0
 10
2032.05069022143
 20
4125.730529512199
 30
0.0
 10
2031.821212339044
 20
4125.248907421257
 30
0.0
 10
2031.131439497349
 20
4124.052541808508
 30
0.0
 10
2030.614356154972
 20
4123.361131620688
 30
0.0
 10
2029.419100906354
 20
4122.067706957932
 30
0.0
 10
2028.740850706414
 20
4121.465355825704
 30
0.0
 10
2027.2479645733
 20
4120.354169531645
 30
0.0
 10
2026.433195279565
 20
4119.845251948667
 30
0.0
 10
2024.200736252245
 20
4118.667295095795
 30
0.0
 10
2022.700826666525
 20
4118.06869118577
 30
0.0
 10
2019.515097763044
 20
4117.129581501438
 30
0.0
 10
2017.829334639773
 20
4116.789350139261
 30
0.0
 10
2014.375690881923
 20
4116.381656163467
 30
0.0
 10
2012.608066457531
 20
4116.314309657282
 30
0.0
 10
2009.100997966922
 20
4116.45566126491
 30
0.0
 10
2007.361836106724
 20
4116.664319898474
 30
0.0
 10
2004.019866637162
 20
4117.348432939594
 30
0.0
 10
2002.417246737725
 20
4117.823686152427
 30
0.0
 10
1999.446814015526
 20
4119.022782196385
 30
0.0
 10
1998.078799536106
 20
4119.746332900518
 30
0.0
 10
1995.90904562065
 20
4121.253372585874
 30
0.0
 10
1995.048315992975
 20
4121.995360198904
 30
0.0
 10
1993.755609431511
 20
4123.421448931948
 30
0.0
 10
1993.270334973207
 20
4124.0767108894
 30
0.0
 10
1992.471024791539
 20
4125.457352939535
 30
0.0
 10
1992.157295679692
 20
4126.183081020696
 30
0.0
 10
1991.766717594135
 20
4127.549569415779
 30
0.0
 10
1991.65824293459
 20
4128.182705206338
 30
0.0
 10
1991.586344966319
 20
4129.456110809471
 30
0.0
 10
1991.623001489443
 20
4130.096058834075
 30
0.0
 10
1991.838346021268
 20
4131.356326548114
 30
0.0
 10
1992.016826682189
 20
4131.976419868042
 30
0.0
 10
1992.502333765504
 20
4133.176951114939
 30
0.0
 10
1992.809134330997
 20
4133.757433725993
 30
0.0
 10
1993.53496539334
 20
4134.868420568957
 30
0.0
 10
1993.953924467442
 20
4135.399069261832
 30
0.0
 10
1994.889767842764
 20
4136.406166465116
 30
0.0
 10
1995.406678139439
 20
4136.88271124001
 30
0.0
 10
1997.22986865418
 20
4138.342697378168
 30
0.0
 10
1998.712255089373
 20
4139.21125031422
 30
0.0
 10
2001.990037868196
 20
4140.636549702387
 30
0.0
 10
2003.785986624676
 20
4141.192824367528
 30
0.0
 10
2007.552602297455
 20
4141.966712335219
 30
0.0
 10
2009.52293486374
 20
4142.183958370333
 30
0.0
 10
2013.482984451973
 20
4142.266909090532
 30
0.0
 10
2015.472185003037
 20
4142.132576423428
 30
0.0
 10
2019.312449302921
 20
4141.519929684618
 30
0.0
 10
2021.16309989506
 20
4141.041902535689
 30
0.0
 10
2024.581617777065
 20
4139.766166429319
 30
0.0
 10
2026.149716101605
 20
4138.968989735011
 30
0.0
 10
2028.450466003666
 20
4137.377818670407
 30
0.0
 10
2029.291451803994
 20
4136.660611541105
 30
0.0
 10
2030.587258986405
 20
4135.259057079725
 30
0.0
 10
2031.08601398992
 20
4134.598677890295
 30
0.0
 10
2031.908908383939
 20
4133.205386375928
 30
0.0
 10
2032.232741059754
 20
4132.472097452082
 30
0.0
 10
2032.635338774348
 20
4131.09747836805
 30
0.0
 10
2032.748141372231
 20
4130.464515161795
 30
0.0
 10
2032.799571387124
 20
4129.650339556021
 30
0.0
 10
2032.805179248393
 20
4129.472811389998
 30
0.0
 10
2032.805179248393
 20
4129.295282813814
 30
0.0
  0
SPLINE
  5
4A2
330
1F
100
AcDbEntity
  8
SHE
100
AcDbSpline
210
0.0
220
0.0
230
1.0
 70
     9
 71
     3
 72
    70
 73
    66
 74
     0
 42
0.000000001
 43
0.0000000001
 40
0.0
 40
0.0
 40
0.0
 40
0.0
 40
0.1089064153092637
 40
0.1089064153092637
 40
0.2178128306185274
 40
0.2178128306185274
 40
0.326719245927791
 40
0.326719245927791
 40
0.497551667745757
 40
0.497551667745757
 40
0.6683840895637231
 40
0.6683840895637231
 40
0.839216511381689
 40
0.839216511381689
 40
1.105899478456654
 40
1.105899478456654
 40
1.37258244553162
 40
1.37258244553162
 40
1.639265412606586
 40
1.639265412606586
 40
1.905948379681552
 40
1.905948379681552
 40
2.172631346756517
 40
2.172631346756517
 40
2.439314313831483
 40
2.439314313831483
 40
2.65207777839686
 40
2.65207777839686
 40
2.813617059518745
 40
2.813617059518745
 40
2.975156340640629
 40
2.975156340640629
 40
3.108420543907715
 40
3.108420543907715
 40
3.241684747174802
 40
3.241684747174802
 40
3.374948950441888
 40
3.374948950441888
 40
3.508213153708974
 40
3.508213153708974
 40
3.641477356976061
 40
3.641477356976061
 40
3.774741560243147
 40
3.774741560243147
 40
4.075415742416178
 40
4.075415742416178
 40
4.376089924589209
 40
4.376089924589209
 40
4.676764106762241
 40
4.676764106762241
 40
4.977438288935272
 40
4.977438288935272
 40
5.278112471108303
 40
5.278112471108303
 40
5.578786653281334
 40
5.578786653281334
 40
5.785429981170027
 40
5.785429981170027
 40
5.949074972655163
 40
5.949074972655163
 40
6.112719964140298
 40
6.112719964140298
 40
6.246076073275804
 40
6.246076073275804
 40
6.283185307179586
 40
6.283185307179586
 40
6.283185307179586
 40
6.283185307179586
 10
2164.670209506545
 20
4126.837540609857
 30
0.0
 10
2164.670209506545
 20
4126.316538358202
 30
0.0
 10
2164.621709835181
 20
4125.795598454504
 30
0.0
 10
2164.430514285737
 20
4124.767854817495
 30
0.0
 10
2164.287900290281
 20
4124.261128070684
 30
0.0
 10
2163.915720428169
 20
4123.272787205606
 30
0.0
 10
2163.686242545784
 20
4122.791165191775
 30
0.0
 10
2162.996469806534
 20
4121.594799527629
 30
0.0
 10
2162.47938651557
 20
4120.903389314285
 30
0.0
 10
2161.284131113094
 20
4119.609964677052
 30
0.0
 10
2160.60588091279
 20
4119.007613621747
 30
0.0
 10
2159.112994779662
 20
4117.896427327687
 30
0.0
 10
2158.298225486305
 20
4117.387509667787
 30
0.0
 10
2156.065766407573
 20
4116.209552866137
 30
0.0
 10
2154.565857078535
 20
4115.610948930589
 30
0.0
 10
2151.380127969784
 20
4114.671839271955
 30
0.0
 10
2149.694364846513
 20
4114.331607935302
 30
0.0
 10
2146.240721191109
 20
4113.923913857063
 30
0.0
 10
2144.473096818129
 20
4113.856567376387
 30
0.0
 10
2140.966028276485
 20
4113.997918932604
 30
0.0
 10
2139.226866313086
 20
4114.206577566357
 30
0.0
 10
2135.884896843523
 20
4114.890690709937
 30
0.0
 10
2134.282276995877
 20
4115.365943897246
 30
0.0
 10
2131.311844273299
 20
4116.565039889807
 30
0.0
 10
2129.943829640401
 20
4117.288590671036
 30
0.0
 10
2127.774075929836
 20
4118.79563027947
 30
0.0
 10
2126.913346302161
 20
4119.53761789231
 30
0.0
 10
2125.620639638251
 20
4120.963706676768
 30
0.0
 10
2125.135365230981
 20
4121.618968659932
 30
0.0
 10
2124.336054997915
 20
4122.999610709878
 30
0.0
 10
2124.022325886068
 20
4123.725338739816
 30
0.0
 10
2123.631747800875
 20
4125.091827109375
 30
0.0
 10
2123.523273192364
 20
4125.724962899744
 30
0.0
 10
2123.451375275505
 20
4126.998368528592
 30
0.0
 10
2123.48803174758
 20
4127.63831655318
 30
0.0
 10
2123.703376228008
 20
4128.898584267219
 30
0.0
 10
2123.881856888929
 20
4129.518677638385
 30
0.0
 10
2124.367363971865
 20
4130.719208859758
 30
0.0
 10
2124.674164537359
 20
4131.299691445113
 30
0.0
 10
2125.399995600081
 20
4132.410678288063
 30
0.0
 10
2125.818954776627
 20
4132.941326980952
 30
0.0
 10
2126.754798049504
 20
4133.948424209935
 30
0.0
 10
2127.271708448625
 20
4134.424968907893
 30
0.0
 10
2129.094898963365
 20
4135.884955148497
 30
0.0
 10
2130.577285296113
 20
4136.753508007626
 30
0.0
 10
2133.855068074936
 20
4138.178807421507
 30
0.0
 10
2135.651016933862
 20
4138.735082086649
 30
0.0
 10
2139.41763240175
 20
4139.508970079863
 30
0.0
 10
2141.387965275372
 20
4139.726216089453
 30
0.0
 10
2145.348014761159
 20
4139.809166835163
 30
0.0
 10
2147.337215363255
 20
4139.674834142534
 30
0.0
 10
2151.177479612107
 20
4139.062187326802
 30
0.0
 10
2153.028130153213
 20
4138.584160306222
 30
0.0
 10
2156.446648188696
 20
4137.308424148629
 30
0.0
 10
2158.014746359757
 20
4136.511247402908
 30
0.0
 10
2160.315496261439
 20
4134.920076415038
 30
0.0
 10
2161.156482010734
 20
4134.202869285924
 30
0.0
 10
2162.45228929559
 20
4132.801314773132
 30
0.0
 10
2162.951044094214
 20
4132.140935583891
 30
0.0
 10
2163.773938693124
 20
4130.747644095033
 30
0.0
 10
2164.097771164048
 20
4130.014355145489
 30
0.0
 10
2164.500369083533
 20
4128.639736164092
 30
0.0
 10
2164.613171681416
 20
4128.006772829692
 30
0.0
 10
2164.664601747707
 20
4127.192597275142
 30
0.0
 10
2164.670209506545
 20
4127.015069032182
 30
0.0
 10
2164.670209506545
 20
4126.837540609857
 30
0.0
  0
SPLINE
  5
4A3
330
1F
100
AcDbEntity
  8
SHE
100
AcDbSpline
210
0.0
220
0.0
230
1.0
 70
     9
 71
     3
 72
    96
 73
    92
 74
     0
 42
0.000000001
 43
0.0000000001
 40
0.0
 40
0.0
 40
0.0
 40
0.0
 40
0.0786895064256901
 40
0.0786895064256901
 40
0.1573790128513802
 40
0.1573790128513802
 40
0.2360685192770703
 40
0.2360685192770703
 40
0.3147580257027605
 40
0.3147580257027605
 40
0.3934475321284505
 40
0.3934475321284505
 40
0.5082647294347622
 40
0.5082647294347622
 40
0.623081926741074
 40
0.623081926741074
 40
0.7378991240473856
 40
0.7378991240473856
 40
0.8527163213536972
 40
0.8527163213536972
 40
1.032711676229336
 40
1.032711676229336
 40
1.212707031104975
 40
1.212707031104975
 40
1.392702385980614
 40
1.392702385980614
 40
1.572697740856254
 40
1.572697740856254
 40
1.820421057578634
 40
1.820421057578634
 40
2.068144374301015
 40
2.068144374301015
 40
2.246143553036541
 40
2.246143553036541
 40
2.424142731772068
 40
2.424142731772068
 40
2.55896255734683
 40
2.55896255734683
 40
2.693782382921591
 40
2.693782382921591
 40
2.799799258131841
 40
2.799799258131841
 40
2.905816133342091
 40
2.905816133342091
 40
3.011833008552341
 40
3.011833008552341
 40
3.117849883762591
 40
3.117849883762591
 40
3.223866758972841
 40
3.223866758972841
 40
3.329883634183091
 40
3.329883634183091
 40
3.435900509393341
 40
3.435900509393341
 40
3.541917384603591
 40
3.541917384603591
 40
3.647934259813841
 40
3.647934259813841
 40
3.753951135024091
 40
3.753951135024091
 40
3.859968010234341
 40
3.859968010234341
 40
4.020034137046859
 40
4.020034137046859
 40
4.180100263859378
 40
4.180100263859378
 40
4.340166390671896
 40
4.340166390671896
 40
4.500232517484414
 40
4.500232517484414
 40
4.82477702003036
 40
4.82477702003036
 40
5.056930816649026
 40
5.056930816649026
 40
5.289084613267691
 40
5.289084613267691
 40
5.457335749648817
 40
5.457335749648817
 40
5.625586886029942
 40
5.625586886029942
 40
5.75327115156255
 40
5.75327115156255
 40
5.880955417095158
 40
5.880955417095158
 40
5.983373679873519
 40
5.983373679873519
 40
6.08579194265188
 40
6.08579194265188
 40
6.188210205430241
 40
6.188210205430241
 40
6.283185307179586
 40
6.283185307179586
 40
6.283185307179586
 40
6.283185307179586
 10
2219.171136252237
 20
4136.320950999019
 30
0.0
 10
2219.171136252237
 20
4135.586809049455
 30
0.0
 10
2219.121710747877
 20
4134.852728678386
 30
0.0
 10
2218.927404220423
 20
4133.404439073718
 30
0.0
 10
2218.782588365317
 20
4132.690326181903
 30
0.0
 10
2218.406795513281
 20
4131.298523219775
 30
0.0
 10
2218.175912550858
 20
4130.620868553502
 30
0.0
 10
2217.640624488533
 20
4129.313018771914
 30
0.0
 10
2217.336300195024
 20
4128.682802147894
 30
0.0
 10
2216.667332681293
 20
4127.475190407516
 30
0.0
 10
2216.30273581186
 20
4126.897744428839
 30
0.0
 10
2215.346488882253
 20
4125.543773060206
 30
0.0
 10
2214.727710325289
 20
4124.797623428057
 30
0.0
 10
2213.415176772342
 20
4123.412867708982
 30
0.0
 10
2212.721342764813
 20
4122.77403661135
 30
0.0
 10
2211.276698042104
 20
4121.59242915987
 30
0.0
 10
2210.525777141393
 20
4121.049556284873
 30
0.0
 10
2208.978270644719
 20
4120.049247243172
 30
0.0
 10
2208.181600961489
 20
4119.591789311082
 30
0.0
 10
2206.08727140466
 20
4118.516369110824
 30
0.0
 10
2204.761914982668
 20
4117.954421134396
 30
0.0
 10
2202.041044472546
 20
4116.999999568149
 30
0.0
 10
2200.645364311353
 20
4116.607693922247
 30
0.0
 10
2197.805667468176
 20
4115.983118563621
 30
0.0
 10
2196.361629815427
 20
4115.750967496169
 30
0.0
 10
2193.448833118022
 20
4115.4428136618
 30
0.0
 10
2191.980106990802
 20
4115.366866910371
 30
0.0
 10
2188.490269549587
 20
4115.370766900021
 30
0.0
 10
2186.469411625735
 20
4115.519803199837
 30
0.0
 10
2182.492763951439
 20
4116.115659194729
 30
0.0
 10
2180.53705234046
 20
4116.562081371717
 30
0.0
 10
2177.282996876184
 20
4117.600323014435
 30
0.0
 10
2175.954388681454
 20
4118.115916907139
 30
0.0
 10
2173.38278804423
 20
4119.326558665656
 30
0.0
 10
2172.139423720193
 20
4120.021486937353
 30
0.0
 10
2170.054097156248
 20
4121.4261043855
 30
0.0
 10
2169.187859444344
 20
4122.091537151406
 30
0.0
 10
2167.541438514021
 20
4123.560062109777
 30
0.0
 10
2166.761014570311
 20
4124.363460913773
 30
0.0
 10
2165.475317413006
 20
4125.936562516457
 30
0.0
 10
2164.947050444436
 20
4126.676935727991
 30
0.0
 10
2163.991837328318
 20
4128.255021047873
 30
0.0
 10
2163.565043922532
 20
4129.092968960023
 30
0.0
 10
2162.844594505445
 20
4130.855479716053
 30
0.0
 10
2162.551294891924
 20
4131.780132082211
 30
0.0
 10
2162.127932713953
 20
4133.686943529836
 30
0.0
 10
2161.998258643249
 20
4134.668845683067
 30
0.0
 10
2161.918431180737
 20
4136.644549691591
 30
0.0
 10
2161.968371772037
 20
4137.637826103069
 30
0.0
 10
2162.241789172989
 20
4139.58661073121
 30
0.0
 10
2162.464972804886
 20
4140.541707611926
 30
0.0
 10
2163.059667957601
 20
4142.376014764704
 30
0.0
 10
2163.430772065014
 20
4143.255174456084
 30
0.0
 10
2164.288620878408
 20
4144.918558047626
 30
0.0
 10
2164.775117167858
 20
4145.702981321992
 30
0.0
 10
2165.834276374826
 20
4147.174014828641
 30
0.0
 10
2166.406887660563
 20
4147.860855429353
 30
0.0
 10
2167.616468174401
 20
4149.142785753043
 30
0.0
 10
2168.253490213323
 20
4149.738028038024
 30
0.0
 10
2169.577349520496
 20
4150.845717321245
 30
0.0
 10
2170.264261544511
 20
4151.358235511849
 30
0.0
 10
2172.038926238591
 20
4152.551369245448
 30
0.0
 10
2173.15241980927
 20
4153.184740301141
 30
0.0
 10
2175.449988489625
 20
4154.304601083604
 30
0.0
 10
2176.634301761183
 20
4154.791027693362
 30
0.0
 10
2179.057928753293
 20
4155.630024314021
 30
0.0
 10
2180.29732984232
 20
4155.982500623642
 30
0.0
 10
2182.815751446065
 20
4156.560391035214
 30
0.0
 10
2184.094787188635
 20
4156.785736303128
 30
0.0
 10
2188.002220975632
 20
4157.280406273821
 30
0.0
 10
2190.666747791711
 20
4157.357592263543
 30
0.0
 10
2195.19386766406
 20
4157.057290116987
 30
0.0
 10
2197.06862698944
 20
4156.802856654212
 30
0.0
 10
2200.740400213025
 20
4156.028434808649
 30
0.0
 10
2202.537476151079
 20
4155.508852275562
 30
0.0
 10
2205.529070188877
 20
4154.365176553379
 30
0.0
 10
2206.753465776918
 20
4153.809115952165
 30
0.0
 10
2209.117230170614
 20
4152.527928751056
 30
0.0
 10
2210.25699603299
 20
4151.802825736733
 30
0.0
 10
2212.161809071553
 20
4150.353156124525
 30
0.0
 10
2212.95096246788
 20
4149.670384277684
 30
0.0
 10
2214.441526096333
 20
4148.174898433419
 30
0.0
 10
2215.143091838825
 20
4147.361847496875
 30
0.0
 10
2216.295881918839
 20
4145.76923394847
 30
0.0
 10
2216.768980160752
 20
4145.014779274272
 30
0.0
 10
2217.609224966935
 20
4143.417255636225
 30
0.0
 10
2217.976171976716
 20
4142.574012626988
 30
0.0
 10
2218.574902351222
 20
4140.81451502024
 30
0.0
 10
2218.806347007328
 20
4139.898277471125
 30
0.0
 10
2219.098958078426
 20
4138.092955147199
 30
0.0
 10
2219.171136355046
 20
4137.207031110396
 30
0.0
 10
2219.171136252237
 20
4136.320950999019
 30
0.0
  0
ELLIPSE
  5
4A4
330
1F
100
AcDbEntity
  8
SHE
100
AcDbEllipse
 10
2233.660599986852
 20
4118.250444769954
 30
0.0
 11
18.5818730703585
 21
0.0000000000000175
 31
0.0
210
0.0
220
0.0
230
-1.0
 40
0.5877361541246975
 41
0.0
 42
6.283185307179586
  0
ELLIPSE
  5
4A5
330
1F
100
AcDbEntity
  8
SHE
100
AcDbEllipse
 10
2275.716113563645
 20
4151.007316126583
 30
0.0
 11
18.5818730703585
 21
0.0000000000000175
 31
0.0
210
0.0
220
0.0
230
-1.0
 40
0.5877361541246975
 41
0.0
 42
6.283185307179586
  0
SPLINE
  5
4A6
330
1F
100
AcDbEntity
  8
SHE
100
AcDbSpline
210
0.0
220
0.0
230
1.0
 70
     9
 71
     3
 72
    96
 73
    92
 74
     0
 42
0.000000001
 43
0.0000000001
 40
0.0
 40
0.0
 40
0.0
 40
0.0
 40
0.0786895064256901
 40
0.0786895064256901
 40
0.1573790128513802
 40
0.1573790128513802
 40
0.2360685192770703
 40
0.2360685192770703
 40
0.3147580257027605
 40
0.3147580257027605
 40
0.3934475321284505
 40
0.3934475321284505
 40
0.5082647294347622
 40
0.5082647294347622
 40
0.623081926741074
 40
0.623081926741074
 40
0.7378991240473856
 40
0.7378991240473856
 40
0.8527163213536972
 40
0.8527163213536972
 40
1.032711676229336
 40
1.032711676229336
 40
1.212707031104975
 40
1.212707031104975
 40
1.392702385980614
 40
1.392702385980614
 40
1.572697740856254
 40
1.572697740856254
 40
1.820421057578634
 40
1.820421057578634
 40
2.068144374301015
 40
2.068144374301015
 40
2.246143553036541
 40
2.246143553036541
 40
2.424142731772068
 40
2.424142731772068
 40
2.55896255734683
 40
2.55896255734683
 40
2.693782382921591
 40
2.693782382921591
 40
2.799799258131841
 40
2.799799258131841
 40
2.905816133342091
 40
2.905816133342091
 40
3.011833008552341
 40
3.011833008552341
 40
3.117849883762591
 40
3.117849883762591
 40
3.223866758972841
 40
3.223866758972841
 40
3.329883634183091
 40
3.329883634183091
 40
3.435900509393341
 40
3.435900509393341
 40
3.541917384603591
 40
3.541917384603591
 40
3.647934259813841
 40
3.647934259813841
 40
3.753951135024091
 40
3.753951135024091
 40
3.859968010234341
 40
3.859968010234341
 40
4.020034137046859
 40
4.020034137046859
 40
4.180100263859378
 40
4.180100263859378
 40
4.340166390671896
 40
4.340166390671896
 40
4.500232517484414
 40
4.500232517484414
 40
4.82477702003036
 40
4.82477702003036
 40
5.056930816649026
 40
5.056930816649026
 40
5.289084613267691
 40
5.289084613267691
 40
5.457335749648817
 40
5.457335749648817
 40
5.625586886029942
 40
5.625586886029942
 40
5.75327115156255
 40
5.75327115156255
 40
5.880955417095158
 40
5.880955417095158
 40
5.983373679873519
 40
5.983373679873519
 40
6.08579194265188
 40
6.08579194265188
 40
6.188210205430241
 40
6.188210205430241
 40
6.283185307179586
 40
6.283185307179586
 40
6.283185307179586
 40
6.283185307179586
 10
2348.299697323531
 20
4138.875710491185
 30
0.0
 10
2348.299697323531
 20
4138.141568541621
 30
0.0
 10
2348.250271921632
 20
4137.407488170553
 30
0.0
 10
2348.055965291733
 20
4135.959198565884
 30
0.0
 10
2347.911149641517
 20
4135.245085622656
 30
0.0
 10
2347.535356430733
 20
4133.853282788862
 30
0.0
 10
2347.304473775646
 20
4133.175628071192
 30
0.0
 10
2346.76918550843
 20
4131.867778238571
 30
0.0
 10
2346.464861317367
 20
4131.237561639871
 30
0.0
 10
2345.795893752602
 20
4130.029949848459
 30
0.0
 10
2345.431296883169
 20
4129.452503921005
 30
0.0
 10
2344.47504990215
 20
4128.098532552372
 30
0.0
 10
2343.856271499044
 20
4127.352382868812
 30
0.0
 10
2342.543737843651
 20
4125.967627124214
 30
0.0
 10
2341.849903938568
 20
4125.328796052293
 30
0.0
 10
2340.405259062001
 20
4124.147188677547
 30
0.0
 10
2339.654338212338
 20
4123.60431577704
 30
0.0
 10
2338.106831869871
 20
4122.604006658402
 30
0.0
 10
2337.310162032784
 20
4122.146548803248
 30
0.0
 10
2335.215832475591
 20
4121.071128628689
 30
0.0
 10
2333.890476002565
 20
4120.509180626562
 30
0.0
 10
2331.169605492443
 20
4119.554759008905
 30
0.0
 10
2329.773925382662
 20
4119.162453465636
 30
0.0
 10
2326.934228641931
 20
4118.537878055787
 30
0.0
 10
2325.490190835324
 20
4118.305726937113
 30
0.0
 10
2322.577394240743
 20
4117.997573102744
 30
0.0
 10
2321.1086680107
 20
4117.921626325617
 30
0.0
 10
2317.61883067193
 20
4117.925526340775
 30
0.0
 10
2315.597972645631
 20
4118.074562692004
 30
0.0
 10
2311.621325124816
 20
4118.670418661182
 30
0.0
 10
2309.665613308945
 20
4119.116840863695
 30
0.0
 10
2306.411557896081
 20
4120.155082455378
 30
0.0
 10
2305.08294995764
 20
4120.670676399305
 30
0.0
 10
2302.511349115175
 20
4121.881318132124
 30
0.0
 10
2301.267984791488
 20
4122.576246404008
 30
0.0
 10
2299.182658227557
 20
4123.980863851968
 30
0.0
 10
2298.316420361418
 20
4124.646296643572
 30
0.0
 10
2296.669999790585
 20
4126.114821576433
 30
0.0
 10
2295.889575693033
 20
4126.918220405939
 30
0.0
 10
2294.603878381491
 20
4128.491322034133
 30
0.0
 10
2294.075611567143
 20
4129.231695168746
 30
0.0
 10
2293.120398451039
 20
4130.809780463118
 30
0.0
 10
2292.693605096287
 20
4131.647728400967
 30
0.0
 10
2291.973155576754
 20
4133.410239259442
 30
0.0
 10
2291.679855963233
 20
4134.334891574377
 30
0.0
 10
2291.25649373385
 20
4136.24170297059
 30
0.0
 10
2291.126819663146
 20
4137.22360512401
 30
0.0
 10
2291.04699230308
 20
4139.199309183758
 30
0.0
 10
2291.096932843346
 20
4140.192585595236
 30
0.0
 10
2291.370350244284
 20
4142.141370274788
 30
0.0
 10
2291.593533773736
 20
4143.096467104093
 30
0.0
 10
2292.188229080308
 20
4144.930774205459
 30
0.0
 10
2292.559333084911
 20
4145.809933973949
 30
0.0
 10
2293.417181949338
 20
4147.473317514267
 30
0.0
 10
2293.903678290201
 20
4148.257740839857
 30
0.0
 10
2294.962837446135
 20
4149.728774320807
 30
0.0
 10
2295.535448578016
 20
4150.415614972916
 30
0.0
 10
2296.745029348156
 20
4151.697545193987
 30
0.0
 10
2297.382051284632
 20
4152.292787478778
 30
0.0
 10
2298.705910591805
 20
4153.400476787711
 30
0.0
 10
2299.392822461599
 20
4153.912995055238
 30
0.0
 10
2301.167487258488
 20
4155.106128737614
 30
0.0
 10
2302.280980931992
 20
4155.739499742085
 30
0.0
 10
2304.578549611968
 20
4156.859360498849
 30
0.0
 10
2305.762862883526
 20
4157.345787134305
 30
0.0
 10
2308.18648977319
 20
4158.184783729266
 30
0.0
 10
2309.425890862218
 20
4158.537260115809
 30
0.0
 10
2311.944312568772
 20
4159.115150527381
 30
0.0
 10
2313.223348259944
 20
4159.340495821008
 30
0.0
 10
2317.130782097974
 20
4159.835165714765
 30
0.0
 10
2319.795308811608
 20
4159.912351755709
 30
0.0
 10
2324.322428786782
 20
4159.61204958344
 30
0.0
 10
2326.197188060749
 20
4159.357616146379
 30
0.0
 10
2329.868961232921
 20
4158.583194275117
 30
0.0
 10
2331.666037170977
 20
4158.06361181895
 30
0.0
 10
2334.657631157726
 20
4156.919936045546
 30
0.0
 10
2335.882026693991
 20
4156.363875418632
 30
0.0
 10
2338.245791292957
 20
4155.082688268747
 30
0.0
 10
2339.385557104299
 20
4154.3575852289
 30
0.0
 10
2341.290370245293
 20
4152.90791556528
 30
0.0
 10
2342.079523487777
 20
4152.22514376985
 30
0.0
 10
2343.570087270087
 20
4150.729657925586
 30
0.0
 10
2344.271652961168
 20
4149.916606989041
 30
0.0
 10
2345.424443041182
 20
4148.323993363701
 30
0.0
 10
2345.897541180649
 20
4147.569538740724
 30
0.0
 10
2346.737786037866
 20
4145.972015051454
 30
0.0
 10
2347.104733150471
 20
4145.128772119154
 30
0.0
 10
2347.703463473564
 20
4143.369274512406
 30
0.0
 10
2347.934908078638
 20
4142.453036963291
 30
0.0
 10
2348.2275189955
 20
4140.647714639177
 30
0.0
 10
2348.299697323531
 20
4139.761790653785
 30
0.0
 10
2348.299697323531
 20
4138.875710491185
 30
0.0
  0
ELLIPSE
  5
4A7
330
1F
100
AcDbEntity
  8
SHE
100
AcDbEllipse
 10
2147.226515207094
 20
4149.916648725142
 30
0.0
 11
18.5818730703585
 21
0.0000000000000175
 31
0.0
210
0.0
220
0.0
230
-1.0
 40
0.5877361541246975
 41
0.0
 42
6.283185307179586
  0
ELLIPSE
  5
4A8
330
1F
100
AcDbEntity
  8
SHE
100
AcDbEllipse
 10
2015.817612454313
 20
4150.551677559044
 30
0.0
 11
18.5818730703585
 21
0.0000000000000175
 31
0.0
210
0.0
220
0.0
230
-1.0
 40
0.5877361541246975
 41
0.0
 42
6.283185307179586
  0
SPLINE
  5
4A9
330
1F
100
AcDbEntity
  8
SHE
100
AcDbSpline
210
0.0
220
0.0
230
1.0
 70
     9
 71
     3
 72
    96
 73
    92
 74
     0
 42
0.000000001
 43
0.0000000001
 40
0.0
 40
0.0
 40
0.0
 40
0.0
 40
0.0786895064256901
 40
0.0786895064256901
 40
0.1573790128513802
 40
0.1573790128513802
 40
0.2360685192770703
 40
0.2360685192770703
 40
0.3147580257027605
 40
0.3147580257027605
 40
0.3934475321284505
 40
0.3934475321284505
 40
0.5082647294347622
 40
0.5082647294347622
 40
0.623081926741074
 40
0.623081926741074
 40
0.7378991240473856
 40
0.7378991240473856
 40
0.8527163213536972
 40
0.8527163213536972
 40
1.032711676229336
 40
1.032711676229336
 40
1.212707031104975
 40
1.212707031104975
 40
1.392702385980614
 40
1.392702385980614
 40
1.572697740856254
 40
1.572697740856254
 40
1.820421057578634
 40
1.820421057578634
 40
2.068144374301015
 40
2.068144374301015
 40
2.246143553036541
 40
2.246143553036541
 40
2.424142731772068
 40
2.424142731772068
 40
2.55896255734683
 40
2.55896255734683
 40
2.693782382921591
 40
2.693782382921591
 40
2.799799258131841
 40
2.799799258131841
 40
2.905816133342091
 40
2.905816133342091
 40
3.011833008552341
 40
3.011833008552341
 40
3.117849883762591
 40
3.117849883762591
 40
3.223866758972841
 40
3.223866758972841
 40
3.329883634183091
 40
3.329883634183091
 40
3.435900509393341
 40
3.435900509393341
 40
3.541917384603591
 40
3.541917384603591
 40
3.647934259813841
 40
3.647934259813841
 40
3.753951135024091
 40
3.753951135024091
 40
3.859968010234341
 40
3.859968010234341
 40
4.020034137046859
 40
4.020034137046859
 40
4.180100263859378
 40
4.180100263859378
 40
4.340166390671896
 40
4.340166390671896
 40
4.500232517484414
 40
4.500232517484414
 40
4.82477702003036
 40
4.82477702003036
 40
5.056930816649026
 40
5.056930816649026
 40
5.289084613267691
 40
5.289084613267691
 40
5.457335749648817
 40
5.457335749648817
 40
5.625586886029942
 40
5.625586886029942
 40
5.75327115156255
 40
5.75327115156255
 40
5.880955417095158
 40
5.880955417095158
 40
5.983373679873519
 40
5.983373679873519
 40
6.08579194265188
 40
6.08579194265188
 40
6.188210205430241
 40
6.188210205430241
 40
6.283185307179586
 40
6.283185307179586
 40
6.283185307179586
 40
6.283185307179586
 10
2090.681537896049
 20
4138.875710516899
 30
0.0
 10
2090.681537998495
 20
4138.141568515922
 30
0.0
 10
2090.63211239169
 20
4137.407488170553
 30
0.0
 10
2090.437805864236
 20
4135.959198514661
 30
0.0
 10
2090.29299000913
 20
4135.245085648356
 30
0.0
 10
2089.917197157094
 20
4133.853282763165
 30
0.0
 10
2089.686314194292
 20
4133.175628096891
 30
0.0
 10
2089.151026132346
 20
4131.867778212858
 30
0.0
 10
2088.846701838473
 20
4131.23756166557
 30
0.0
 10
2088.177734222659
 20
4130.02994987397
 30
0.0
 10
2087.813137455672
 20
4129.45250394653
 30
0.0
 10
2086.856890526066
 20
4128.098532526673
 30
0.0
 10
2086.238111969102
 20
4127.352382894525
 30
0.0
 10
2084.925578364757
 20
4125.967627149737
 30
0.0
 10
2084.231744408626
 20
4125.328796077803
 30
0.0
 10
2082.787099685917
 20
4124.14718870326
 30
0.0
 10
2082.036178784842
 20
4123.604315751327
 30
0.0
 10
2080.488672390977
 20
4122.604006632704
 30
0.0
 10
2079.692002708111
 20
4122.146548777549
 30
0.0
 10
2077.597673048094
 20
4121.071128602991
 30
0.0
 10
2076.272316728926
 20
4120.509180575339
 30
0.0
 10
2073.551446115995
 20
4119.554759034618
 30
0.0
 10
2072.155766006577
 20
4119.162453439938
 30
0.0
 10
2069.316069111988
 20
4118.537878081297
 30
0.0
 10
2067.87203145924
 20
4118.305726962826
 30
0.0
 10
2064.959234761834
 20
4117.997573102744
 30
0.0
 10
2063.490508634615
 20
4117.921626351315
 30
0.0
 10
2060.000671090576
 20
4117.925526366489
 30
0.0
 10
2057.979813269547
 20
4118.074562717512
 30
0.0
 10
2054.003165594888
 20
4118.670418635484
 30
0.0
 10
2052.047453984273
 20
4119.116840838185
 30
0.0
 10
2048.793398519996
 20
4120.155082480901
 30
0.0
 10
2047.464790324888
 20
4120.670676373797
 30
0.0
 10
2044.893189585233
 20
4121.881318157822
 30
0.0
 10
2043.649825312594
 20
4122.576246429519
 30
0.0
 10
2041.56449880006
 20
4123.980863877492
 30
0.0
 10
2040.698260985333
 20
4124.646296617859
 30
0.0
 10
2039.051840157834
 20
4126.114821601943
 30
0.0
 10
2038.271416214124
 20
4126.918220380416
 30
0.0
 10
2036.985719056454
 20
4128.491322008623
 30
0.0
 10
2036.457452088249
 20
4129.231695194459
 30
0.0
 10
2035.502238972131
 20
4130.809780463118
 30
0.0
 10
2035.075445565981
 20
4131.647728426476
 30
0.0
 10
2034.354996149257
 20
4133.41023920822
 30
0.0
 10
2034.061696638183
 20
4134.334891548853
 30
0.0
 10
2033.638334254942
 20
4136.24170297059
 30
0.0
 10
2033.508660287061
 20
4137.22360514952
 30
0.0
 10
2033.428832824549
 20
4139.199309209456
 30
0.0
 10
2033.478773466897
 20
4140.192585569537
 30
0.0
 10
2033.752190816802
 20
4142.141370249075
 30
0.0
 10
2033.975374346253
 20
4143.096467078394
 30
0.0
 10
2034.570069601414
 20
4144.930774231172
 30
0.0
 10
2034.941173708463
 20
4145.809933948251
 30
0.0
 10
2035.799022419396
 20
4147.473317539792
 30
0.0
 10
2036.28551881167
 20
4148.257740865556
 30
0.0
 10
2037.344678018639
 20
4149.728774295108
 30
0.0
 10
2037.917289304376
 20
4150.415614947218
 30
0.0
 10
2039.126869818214
 20
4151.697545219496
 30
0.0
 10
2039.763891857136
 20
4152.292787504477
 30
0.0
 10
2041.087751164309
 20
4153.400476762014
 30
0.0
 10
2041.77466318796
 20
4153.912995029524
 30
0.0
 10
2043.549327882403
 20
4155.106128686202
 30
0.0
 10
2044.662821453083
 20
4155.739499767594
 30
0.0
 10
2046.960390133059
 20
4156.859360524373
 30
0.0
 10
2048.144703404996
 20
4157.345787159829
 30
0.0
 10
2050.568330294282
 20
4158.18478375479
 30
0.0
 10
2051.807731486133
 20
4158.537260090285
 30
0.0
 10
2054.326153089878
 20
4159.115150501683
 30
0.0
 10
2055.605188832447
 20
4159.340495795295
 30
0.0
 10
2059.512622516621
 20
4159.835165740463
 30
0.0
 10
2062.177149435524
 20
4159.912351755709
 30
0.0
 10
2066.704269307873
 20
4159.612049609154
 30
0.0
 10
2068.579028633252
 20
4159.357616120869
 30
0.0
 10
2072.250801856837
 20
4158.583194249405
 30
0.0
 10
2074.047877794892
 20
4158.06361181895
 30
0.0
 10
2077.03947183269
 20
4156.919936020022
 30
0.0
 10
2078.263867420352
 20
4156.363875392918
 30
0.0
 10
2080.627631814426
 20
4155.082688294445
 30
0.0
 10
2081.767397676802
 20
4154.357585203375
 30
0.0
 10
2083.672210714987
 20
4152.907915590993
 30
0.0
 10
2084.461364111692
 20
4152.225143718452
 30
0.0
 10
2085.951927740145
 20
4150.729657951283
 30
0.0
 10
2086.653493636495
 20
4149.916606963343
 30
0.0
 10
2087.806283562273
 20
4148.323993363701
 30
0.0
 10
2088.279381702119
 20
4147.569538766438
 30
0.0
 10
2089.119626507923
 20
4145.972015077168
 30
0.0
 10
2089.486573620528
 20
4145.128772144679
 30
0.0
 10
2090.085303995035
 20
4143.369274538104
 30
0.0
 10
2090.316748651141
 20
4142.453036937783
 30
0.0
 10
2090.609359721861
 20
4140.647714639177
 30
0.0
 10
2090.681537896049
 20
4139.761790628086
 30
0.0
 10
2090.681537896049
 20
4138.875710516899
 30
0.0
  0
ELLIPSE
  5
4AA
330
1F
100
AcDbEntity
  8
SHE
100
AcDbEllipse
 10
2109.372961271208
 20
4150.372366893767
 30
0.0
 11
18.5818730703585
 21
0.0000000000000175
 31
0.0
210
0.0
220
0.0
230
-1.0
 40
0.5877361541246975
 41
0.0
 42
6.283185307179586
  0
ELLIPSE
  5
4AB
330
1F
100
AcDbEntity
  8
SHE
100
AcDbEllipse
 10
2366.991120750103
 20
4150.372366868054
 30
0.0
 11
18.5818730703585
 21
0.0000000000000175
 31
0.0
210
0.0
220
0.0
230
-1.0
 40
0.5877361541246975
 41
0.0
 42
6.283185307179586
  0
ELLIPSE
  5
4AC
330
1F
100
AcDbEntity
  8
SHE
100
AcDbEllipse
 10
2839.752252766008
 20
4142.698634346489
 30
0.0
 11
2.72517411493764
 21
18.38095299069632
 31
0.0
210
0.0
220
0.0
230
-1.0
 40
0.5877361541246975
 41
0.0
 42
6.283185307179586
  0
ELLIPSE
  5
4AD
330
1F
100
AcDbEntity
  8
SHE
100
AcDbEllipse
 10
2715.995838184918
 20
4147.81760742711
 30
0.0
 11
18.5818730703585
 21
0.0000000000000175
 31
0.0
210
0.0
220
0.0
230
-1.0
 40
0.5877361541246975
 41
0.0
 42
6.283185307179586
  0
SPLINE
  5
4AE
330
1F
100
AcDbEntity
  8
SHE
100
AcDbSpline
210
0.0
220
0.0
230
1.0
 70
     9
 71
     3
 72
    70
 73
    66
 74
     0
 42
0.000000001
 43
0.0000000001
 40
0.0
 40
0.0
 40
0.0
 40
0.0
 40
0.1089064153092637
 40
0.1089064153092637
 40
0.2178128306185274
 40
0.2178128306185274
 40
0.326719245927791
 40
0.326719245927791
 40
0.497551667745757
 40
0.497551667745757
 40
0.6683840895637231
 40
0.6683840895637231
 40
0.839216511381689
 40
0.839216511381689
 40
1.105899478456654
 40
1.105899478456654
 40
1.37258244553162
 40
1.37258244553162
 40
1.639265412606586
 40
1.639265412606586
 40
1.905948379681552
 40
1.905948379681552
 40
2.172631346756517
 40
2.172631346756517
 40
2.439314313831483
 40
2.439314313831483
 40
2.65207777839686
 40
2.65207777839686
 40
2.813617059518745
 40
2.813617059518745
 40
2.975156340640629
 40
2.975156340640629
 40
3.108420543907715
 40
3.108420543907715
 40
3.241684747174802
 40
3.241684747174802
 40
3.374948950441888
 40
3.374948950441888
 40
3.508213153708974
 40
3.508213153708974
 40
3.641477356976061
 40
3.641477356976061
 40
3.774741560243147
 40
3.774741560243147
 40
4.075415742416178
 40
4.075415742416178
 40
4.376089924589209
 40
4.376089924589209
 40
4.676764106762241
 40
4.676764106762241
 40
4.977438288935272
 40
4.977438288935272
 40
5.278112471108303
 40
5.278112471108303
 40
5.578786653281334
 40
5.578786653281334
 40
5.785429981170027
 40
5.785429981170027
 40
5.949074972655163
 40
5.949074972655163
 40
6.112719964140298
 40
6.112719964140298
 40
6.246076073275804
 40
6.246076073275804
 40
6.283185307179586
 40
6.283185307179586
 40
6.283185307179586
 40
6.283185307179586
 10
2768.556617233411
 20
4129.295282865037
 30
0.0
 10
2768.556617233411
 20
4128.774280664795
 30
0.0
 10
2768.508117459602
 20
4128.253340735194
 30
0.0
 10
2768.31692190978
 20
4127.22559709839
 30
0.0
 10
2768.174308017162
 20
4126.718870377088
 30
0.0
 10
2767.80212815505
 20
4125.730529486485
 30
0.0
 10
2767.572650272665
 20
4125.248907446955
 30
0.0
 10
2766.882877430955
 20
4124.05254178281
 30
0.0
 10
2766.365794139991
 20
4123.361131646401
 30
0.0
 10
2765.170538839961
 20
4122.067706932408
 30
0.0
 10
2764.492288537211
 20
4121.465355851419
 30
0.0
 10
2762.999402506542
 20
4120.354169557155
 30
0.0
 10
2762.184633264205
 20
4119.845251974191
 30
0.0
 10
2759.95217413444
 20
4118.667295121507
 30
0.0
 10
2758.452264702577
 20
4118.068691160071
 30
0.0
 10
2755.266535850129
 20
4117.129581501438
 30
0.0
 10
2753.580772573394
 20
4116.789350164785
 30
0.0
 10
2750.12712891799
 20
4116.381656137956
 30
0.0
 10
2748.359504442171
 20
4116.31430968298
 30
0.0
 10
2744.85243595194
 20
4116.455661239196
 30
0.0
 10
2743.113274142776
 20
4116.664319872951
 30
0.0
 10
2739.771304775659
 20
4117.348432913895
 30
0.0
 10
2738.168684722743
 20
4117.823686152427
 30
0.0
 10
2735.198252102626
 20
4119.022782170687
 30
0.0
 10
2733.830237367267
 20
4119.746332926217
 30
0.0
 10
2731.660483605305
 20
4121.253372585874
 30
0.0
 10
2730.799754080439
 20
4121.995360224428
 30
0.0
 10
2729.507047467564
 20
4123.421448957648
 30
0.0
 10
2729.021772855402
 20
4124.076710915113
 30
0.0
 10
2728.222462622336
 20
4125.457352965059
 30
0.0
 10
2727.908733715743
 20
4126.18308104622
 30
0.0
 10
2727.518155630187
 20
4127.549569390255
 30
0.0
 10
2727.409681021676
 20
4128.182705231862
 30
0.0
 10
2727.337783002371
 20
4129.456110783773
 30
0.0
 10
2727.374439474461
 20
4130.096058859584
 30
0.0
 10
2727.589783954511
 20
4131.3563265224
 30
0.0
 10
2727.768264718241
 20
4131.976419868042
 30
0.0
 10
2728.253771596286
 20
4133.176951140449
 30
0.0
 10
2728.560572418083
 20
4133.757433700295
 30
0.0
 10
2729.286403275535
 20
4134.868420594466
 30
0.0
 10
2729.705362503493
 20
4135.399069236132
 30
0.0
 10
2730.641205827782
 20
4136.406166439417
 30
0.0
 10
2731.158116073046
 20
4136.88271124001
 30
0.0
 10
2732.981306587786
 20
4138.342697403866
 30
0.0
 10
2734.463693022993
 20
4139.211250288506
 30
0.0
 10
2737.741475852836
 20
4140.63654975361
 30
0.0
 10
2739.537424660728
 20
4141.192824367528
 30
0.0
 10
2743.304040231076
 20
4141.966712360743
 30
0.0
 10
2745.274372950826
 20
4142.183958370333
 30
0.0
 10
2749.234422385202
 20
4142.26690906482
 30
0.0
 10
2751.223623090122
 20
4142.132576423428
 30
0.0
 10
2755.063887236149
 20
4141.519929659095
 30
0.0
 10
2756.914537982524
 20
4141.04190251018
 30
0.0
 10
2760.333055813131
 20
4139.766166403809
 30
0.0
 10
2761.901154086623
 20
4138.968989709487
 30
0.0
 10
2764.201903988305
 20
4137.377818644709
 30
0.0
 10
2765.042889789012
 20
4136.660611515406
 30
0.0
 10
2766.33869707349
 20
4135.259057054027
 30
0.0
 10
2766.837451821081
 20
4134.598677864771
 30
0.0
 10
2767.660346419991
 20
4133.205386350215
 30
0.0
 10
2767.98417899336
 20
4132.472097477606
 30
0.0
 10
2768.386776758987
 20
4131.097478393559
 30
0.0
 10
2768.499579408282
 20
4130.464515136096
 30
0.0
 10
2768.551009474588
 20
4129.650339581734
 30
0.0
 10
2768.556617233411
 20
4129.472811364489
 30
0.0
 10
2768.556617233411
 20
4129.295282865037
 30
0.0
  0
ELLIPSE
  5
4AF
330
1F
100
AcDbEntity
  8
SHE
100
AcDbEllipse
 10
2716.666221950833
 20
4118.250444769954
 30
0.0
 11
18.5818730703585
 21
0.0000000000000175
 31
0.0
210
0.0
220
0.0
230
-1.0
 40
0.5877361541246975
 41
0.0
 42
6.283185307179586
  0
ELLIPSE
  5
4B0
330
1F
100
AcDbEntity
  8
SHE
100
AcDbEllipse
 10
2753.849392120803
 20
4151.007316126583
 30
0.0
 11
18.5818730703585
 21
0.0000000000000175
 31
0.0
210
0.0
220
0.0
230
-1.0
 40
0.5877361541246975
 41
0.0
 42
6.283185307179586
  0
SPLINE
  5
4B1
330
1F
100
AcDbEntity
  8
SHE
100
AcDbSpline
210
0.0
220
0.0
230
1.0
 70
     9
 71
     3
 72
    96
 73
    92
 74
     0
 42
0.000000001
 43
0.0000000001
 40
0.0
 40
0.0
 40
0.0
 40
0.0
 40
0.0786895064256901
 40
0.0786895064256901
 40
0.1573790128513802
 40
0.1573790128513802
 40
0.2360685192770703
 40
0.2360685192770703
 40
0.3147580257027605
 40
0.3147580257027605
 40
0.3934475321284505
 40
0.3934475321284505
 40
0.5082647294347622
 40
0.5082647294347622
 40
0.623081926741074
 40
0.623081926741074
 40
0.7378991240473856
 40
0.7378991240473856
 40
0.8527163213536972
 40
0.8527163213536972
 40
1.032711676229336
 40
1.032711676229336
 40
1.212707031104975
 40
1.212707031104975
 40
1.392702385980614
 40
1.392702385980614
 40
1.572697740856254
 40
1.572697740856254
 40
1.820421057578634
 40
1.820421057578634
 40
2.068144374301015
 40
2.068144374301015
 40
2.246143553036541
 40
2.246143553036541
 40
2.424142731772068
 40
2.424142731772068
 40
2.55896255734683
 40
2.55896255734683
 40
2.693782382921591
 40
2.693782382921591
 40
2.799799258131841
 40
2.799799258131841
 40
2.905816133342091
 40
2.905816133342091
 40
3.011833008552341
 40
3.011833008552341
 40
3.117849883762591
 40
3.117849883762591
 40
3.223866758972841
 40
3.223866758972841
 40
3.329883634183091
 40
3.329883634183091
 40
3.435900509393341
 40
3.435900509393341
 40
3.541917384603591
 40
3.541917384603591
 40
3.647934259813841
 40
3.647934259813841
 40
3.753951135024091
 40
3.753951135024091
 40
3.859968010234341
 40
3.859968010234341
 40
4.020034137046859
 40
4.020034137046859
 40
4.180100263859378
 40
4.180100263859378
 40
4.340166390671896
 40
4.340166390671896
 40
4.500232517484414
 40
4.500232517484414
 40
4.82477702003036
 40
4.82477702003036
 40
5.056930816649026
 40
5.056930816649026
 40
5.289084613267691
 40
5.289084613267691
 40
5.457335749648817
 40
5.457335749648817
 40
5.625586886029942
 40
5.625586886029942
 40
5.75327115156255
 40
5.75327115156255
 40
5.880955417095158
 40
5.880955417095158
 40
5.983373679873519
 40
5.983373679873519
 40
6.08579194265188
 40
6.08579194265188
 40
6.188210205430241
 40
6.188210205430241
 40
6.283185307179586
 40
6.283185307179586
 40
6.283185307179586
 40
6.283185307179586
 10
2826.432975880689
 20
4138.875710491185
 30
0.0
 10
2826.432975880689
 20
4138.141568541621
 30
0.0
 10
2826.383550478775
 20
4137.407488170553
 30
0.0
 10
2826.189243848876
 20
4135.959198565884
 30
0.0
 10
2826.044428199038
 20
4135.245085622656
 30
0.0
 10
2825.668634987877
 20
4133.853282788862
 30
0.0
 10
2825.437752333168
 20
4133.175628071192
 30
0.0
 10
2824.902464065966
 20
4131.867778238571
 30
0.0
 10
2824.598139874524
 20
4131.237561639871
 30
0.0
 10
2823.929172309745
 20
4130.029949848459
 30
0.0
 10
2823.564575440327
 20
4129.452503921005
 30
0.0
 10
2822.608328459293
 20
4128.098532552372
 30
0.0
 10
2821.989550056202
 20
4127.352382868812
 30
0.0
 10
2820.677016400809
 20
4125.967627124214
 30
0.0
 10
2819.983182496089
 20
4125.328796052293
 30
0.0
 10
2818.538537619144
 20
4124.147188677547
 30
0.0
 10
2817.78761676986
 20
4123.60431577704
 30
0.0
 10
2816.240110427028
 20
4122.604006658402
 30
0.0
 10
2815.44344059032
 20
4122.146548803248
 30
0.0
 10
2813.349111033113
 20
4121.071128628689
 30
0.0
 10
2812.023754559723
 20
4120.509180626562
 30
0.0
 10
2809.302884049601
 20
4119.554759008905
 30
0.0
 10
2807.90720393982
 20
4119.162453465636
 30
0.0
 10
2805.067507199452
 20
4118.537878055787
 30
0.0
 10
2803.623469392846
 20
4118.305726937113
 30
0.0
 10
2800.710672797901
 20
4117.997573102744
 30
0.0
 10
2799.241946568221
 20
4117.921626325617
 30
0.0
 10
2795.752109229074
 20
4117.925526340775
 30
0.0
 10
2793.731251202789
 20
4118.074562692004
 30
0.0
 10
2789.754603682351
 20
4118.670418661182
 30
0.0
 10
2787.798891866467
 20
4119.116840863695
 30
0.0
 10
2784.544836453603
 20
4120.155082455378
 30
0.0
 10
2783.216228514797
 20
4120.670676399305
 30
0.0
 10
2780.644627672697
 20
4121.881318132124
 30
0.0
 10
2779.401263348646
 20
4122.576246404008
 30
0.0
 10
2777.3159367847
 20
4123.980863851968
 30
0.0
 10
2776.44969891894
 20
4124.646296643572
 30
0.0
 10
2774.803278347743
 20
4126.114821576433
 30
0.0
 10
2774.02285425019
 20
4126.918220405939
 30
0.0
 10
2772.737156938649
 20
4128.491322034133
 30
0.0
 10
2772.2088901243
 20
4129.231695168746
 30
0.0
 10
2771.253677008183
 20
4130.809780463118
 30
0.0
 10
2770.826883653445
 20
4131.647728400967
 30
0.0
 10
2770.106434133912
 20
4133.410239259442
 30
0.0
 10
2769.813134520755
 20
4134.334891574377
 30
0.0
 10
2769.389772290994
 20
4136.24170297059
 30
0.0
 10
2769.260098220668
 20
4137.22360512401
 30
0.0
 10
2769.180270860601
 20
4139.199309183758
 30
0.0
 10
2769.230211400504
 20
4140.192585595236
 30
0.0
 10
2769.503628801442
 20
4142.141370274788
 30
0.0
 10
2769.726812330893
 20
4143.096467104093
 30
0.0
 10
2770.321507637465
 20
4144.930774205459
 30
0.0
 10
2770.692611642069
 20
4145.809933973949
 30
0.0
 10
2771.55046050686
 20
4147.473317514267
 30
0.0
 10
2772.036956847722
 20
4148.257740839857
 30
0.0
 10
2773.096116003657
 20
4149.728774320807
 30
0.0
 10
2773.668727135552
 20
4150.415614972916
 30
0.0
 10
2774.878307905678
 20
4151.697545193987
 30
0.0
 10
2775.51532984179
 20
4152.292787478778
 30
0.0
 10
2776.839189148948
 20
4153.400476787711
 30
0.0
 10
2777.526101019121
 20
4153.912995055238
 30
0.0
 10
2779.30076581601
 20
4155.106128737614
 30
0.0
 10
2780.414259489135
 20
4155.739499742085
 30
0.0
 10
2782.711828169489
 20
4156.859360498849
 30
0.0
 10
2783.896141441048
 20
4157.345787134305
 30
0.0
 10
2786.319768330348
 20
4158.184783729266
 30
0.0
 10
2787.559169419739
 20
4158.537260115809
 30
0.0
 10
2790.07759112593
 20
4159.115150527381
 30
0.0
 10
2791.356626817102
 20
4159.340495821008
 30
0.0
 10
2795.264060655118
 20
4159.835165714765
 30
0.0
 10
2797.92858736913
 20
4159.912351755709
 30
0.0
 10
2802.455707343925
 20
4159.61204958344
 30
0.0
 10
2804.33046661827
 20
4159.357616146379
 30
0.0
 10
2808.002239790443
 20
4158.583194275117
 30
0.0
 10
2809.799315728513
 20
4158.06361181895
 30
0.0
 10
2812.790909714884
 20
4156.919936045546
 30
0.0
 10
2814.015305251512
 20
4156.363875418632
 30
0.0
 10
2816.379069850479
 20
4155.082688268747
 30
0.0
 10
2817.518835661442
 20
4154.3575852289
 30
0.0
 10
2819.423648802451
 20
4152.90791556528
 30
0.0
 10
2820.212802044935
 20
4152.22514376985
 30
0.0
 10
2821.703365827609
 20
4150.729657925586
 30
0.0
 10
2822.40493151869
 20
4149.916606989041
 30
0.0
 10
2823.557721598339
 20
4148.323993363701
 30
0.0
 10
2824.030819738171
 20
4147.569538740724
 30
0.0
 10
2824.871064595387
 20
4145.972015051454
 30
0.0
 10
2825.238011707992
 20
4145.128772119154
 30
0.0
 10
2825.836742031086
 20
4143.369274512406
 30
0.0
 10
2826.068186635781
 20
4142.453036963291
 30
0.0
 10
2826.360797553022
 20
4140.647714639177
 30
0.0
 10
2826.432975881068
 20
4139.761790653785
 30
0.0
 10
2826.432975880689
 20
4138.875710491185
 30
0.0
  0
ELLIPSE
  5
4B2
330
1F
100
AcDbEntity
  8
SHE
100
AcDbEllipse
 10
2645.037018900624
 20
4117.159777419561
 30
0.0
 11
18.5818730703585
 21
0.0000000000000175
 31
0.0
210
0.0
220
0.0
230
-1.0
 40
0.5877361541246975
 41
0.0
 42
6.283185307179586
  0
SPLINE
  5
4B3
330
1F
100
AcDbEntity
  8
SHE
100
AcDbSpline
210
0.0
220
0.0
230
1.0
 70
     9
 71
     3
 72
    70
 73
    66
 74
     0
 42
0.000000001
 43
0.0000000001
 40
0.0
 40
0.0
 40
0.0
 40
0.0
 40
0.1089064153092637
 40
0.1089064153092637
 40
0.2178128306185274
 40
0.2178128306185274
 40
0.326719245927791
 40
0.326719245927791
 40
0.497551667745757
 40
0.497551667745757
 40
0.6683840895637231
 40
0.6683840895637231
 40
0.839216511381689
 40
0.839216511381689
 40
1.105899478456654
 40
1.105899478456654
 40
1.37258244553162
 40
1.37258244553162
 40
1.639265412606586
 40
1.639265412606586
 40
1.905948379681552
 40
1.905948379681552
 40
2.172631346756517
 40
2.172631346756517
 40
2.439314313831483
 40
2.439314313831483
 40
2.65207777839686
 40
2.65207777839686
 40
2.813617059518745
 40
2.813617059518745
 40
2.975156340640629
 40
2.975156340640629
 40
3.108420543907715
 40
3.108420543907715
 40
3.241684747174802
 40
3.241684747174802
 40
3.374948950441888
 40
3.374948950441888
 40
3.508213153708974
 40
3.508213153708974
 40
3.641477356976061
 40
3.641477356976061
 40
3.774741560243147
 40
3.774741560243147
 40
4.075415742416178
 40
4.075415742416178
 40
4.376089924589209
 40
4.376089924589209
 40
4.676764106762241
 40
4.676764106762241
 40
4.977438288935272
 40
4.977438288935272
 40
5.278112471108303
 40
5.278112471108303
 40
5.578786653281334
 40
5.578786653281334
 40
5.785429981170027
 40
5.785429981170027
 40
5.949074972655163
 40
5.949074972655163
 40
6.112719964140298
 40
6.112719964140298
 40
6.246076073275804
 40
6.246076073275804
 40
6.283185307179586
 40
6.283185307179586
 40
6.283185307179586
 40
6.283185307179586
 10
2702.711864626664
 20
4131.850042357203
 30
0.0
 10
2702.711864626664
 20
4131.329040105739
 30
0.0
 10
2702.663364852855
 20
4130.808100227361
 30
0.0
 10
2702.472169457269
 20
4129.780356590556
 30
0.0
 10
2702.329555410401
 20
4129.273629843541
 30
0.0
 10
2701.957375702146
 20
4128.285288978651
 30
0.0
 10
2701.727897819761
 20
4127.803666939121
 30
0.0
 10
2701.038125080875
 20
4126.607301274976
 30
0.0
 10
2700.52104163569
 20
4125.915891087156
 30
0.0
 10
2699.325786284612
 20
4124.622466450098
 30
0.0
 10
2698.647536084322
 20
4124.020115369094
 30
0.0
 10
2697.154650002605
 20
4122.908929049321
 30
0.0
 10
2696.339880760268
 20
4122.400011440833
 30
0.0
 10
2694.107421630503
 20
4121.222054613485
 30
0.0
 10
2692.607512198654
 20
4120.623450677936
 30
0.0
 10
2689.421783243747
 20
4119.684340993604
 30
0.0
 10
2687.736019966633
 20
4119.34410968265
 30
0.0
 10
2684.282376465086
 20
4118.936415630123
 30
0.0
 10
2682.514751938248
 20
4118.869069149448
 30
0.0
 10
2679.007683448002
 20
4119.01042068014
 30
0.0
 10
2677.268521536029
 20
4119.219079339418
 30
0.0
 10
2673.926552117879
 20
4119.903192457285
 30
0.0
 10
2672.323932218442
 20
4120.378445670104
 30
0.0
 10
2669.353499496243
 20
4121.577541688552
 30
0.0
 10
2667.985484862966
 20
4122.301092418384
 30
0.0
 10
2665.815731101368
 20
4123.808132052515
 30
0.0
 10
2664.955001576138
 20
4124.550119665371
 30
0.0
 10
2663.662294912228
 20
4125.976208424115
 30
0.0
 10
2663.177020351479
 20
4126.631470407279
 30
0.0
 10
2662.377710169811
 20
4128.0121124574
 30
0.0
 10
2662.063981160409
 20
4128.737840487163
 30
0.0
 10
2661.673403074852
 20
4130.104328856723
 30
0.0
 10
2661.564928415308
 20
4130.737464672805
 30
0.0
 10
2661.493030447022
 20
4132.010870275939
 30
0.0
 10
2661.5296868677
 20
4132.650818351751
 30
0.0
 10
2661.745031501985
 20
4133.911086014566
 30
0.0
 10
2661.923512162907
 20
4134.531179385922
 30
0.0
 10
2662.409019040952
 20
4135.731710632615
 30
0.0
 10
2662.71581970889
 20
4136.312193192462
 30
0.0
 10
2663.441650874058
 20
4137.423180061123
 30
0.0
 10
2663.860609948144
 20
4137.953828728299
 30
0.0
 10
2664.79645342629
 20
4138.960925931583
 30
0.0
 10
2665.313363671569
 20
4139.437470655241
 30
0.0
 10
2667.136554134897
 20
4140.897456921557
 30
0.0
 10
2668.618940467645
 20
4141.766009755163
 30
0.0
 10
2671.896723348913
 20
4143.191309168854
 30
0.0
 10
2673.692672208217
 20
4143.747583834185
 30
0.0
 10
2677.459287675727
 20
4144.521471852909
 30
0.0
 10
2679.429620446903
 20
4144.738717862325
 30
0.0
 10
2683.389669830245
 20
4144.821668582699
 30
0.0
 10
2685.37887038093
 20
4144.687335915594
 30
0.0
 10
2689.219134783638
 20
4144.074689099848
 30
0.0
 10
2691.069785273332
 20
4143.596662053569
 30
0.0
 10
2694.488303309194
 20
4142.320925921485
 30
0.0
 10
2696.056401582322
 20
4141.523749150255
 30
0.0
 10
2698.357151484382
 20
4139.932578188098
 30
0.0
 10
2699.198137284697
 20
4139.215371033271
 30
0.0
 10
2700.493944467122
 20
4137.813816546193
 30
0.0
 10
2700.992699368191
 20
4137.153437356748
 30
0.0
 10
2701.815593967102
 20
4135.760145842382
 30
0.0
 10
2702.139426438025
 20
4135.02685691855
 30
0.0
 10
2702.542024255065
 20
4133.652237911439
 30
0.0
 10
2702.654826852934
 20
4133.01927457704
 30
0.0
 10
2702.706256867827
 20
4132.205099048188
 30
0.0
 10
2702.711864626664
 20
4132.027570805243
 30
0.0
 10
2702.711864626664
 20
4131.850042357203
 30
0.0
  0
SPLINE
  5
4B4
330
1F
100
AcDbEntity
  8
SHE
100
AcDbSpline
210
0.0
220
0.0
230
1.0
 70
     9
 71
     3
 72
    96
 73
    92
 74
     0
 42
0.000000001
 43
0.0000000001
 40
0.0
 40
0.0
 40
0.0
 40
0.0
 40
0.0786895064256901
 40
0.0786895064256901
 40
0.1573790128513802
 40
0.1573790128513802
 40
0.2360685192770703
 40
0.2360685192770703
 40
0.3147580257027605
 40
0.3147580257027605
 40
0.3934475321284505
 40
0.3934475321284505
 40
0.5082647294347622
 40
0.5082647294347622
 40
0.623081926741074
 40
0.623081926741074
 40
0.7378991240473856
 40
0.7378991240473856
 40
0.8527163213536972
 40
0.8527163213536972
 40
1.032711676229336
 40
1.032711676229336
 40
1.212707031104975
 40
1.212707031104975
 40
1.392702385980614
 40
1.392702385980614
 40
1.572697740856254
 40
1.572697740856254
 40
1.820421057578634
 40
1.820421057578634
 40
2.068144374301015
 40
2.068144374301015
 40
2.246143553036541
 40
2.246143553036541
 40
2.424142731772068
 40
2.424142731772068
 40
2.55896255734683
 40
2.55896255734683
 40
2.693782382921591
 40
2.693782382921591
 40
2.799799258131841
 40
2.799799258131841
 40
2.905816133342091
 40
2.905816133342091
 40
3.011833008552341
 40
3.011833008552341
 40
3.117849883762591
 40
3.117849883762591
 40
3.223866758972841
 40
3.223866758972841
 40
3.329883634183091
 40
3.329883634183091
 40
3.435900509393341
 40
3.435900509393341
 40
3.541917384603591
 40
3.541917384603591
 40
3.647934259813841
 40
3.647934259813841
 40
3.753951135024091
 40
3.753951135024091
 40
3.859968010234341
 40
3.859968010234341
 40
4.020034137046859
 40
4.020034137046859
 40
4.180100263859378
 40
4.180100263859378
 40
4.340166390671896
 40
4.340166390671896
 40
4.500232517484414
 40
4.500232517484414
 40
4.82477702003036
 40
4.82477702003036
 40
5.056930816649026
 40
5.056930816649026
 40
5.289084613267691
 40
5.289084613267691
 40
5.457335749648817
 40
5.457335749648817
 40
5.625586886029942
 40
5.625586886029942
 40
5.75327115156255
 40
5.75327115156255
 40
5.880955417095158
 40
5.880955417095158
 40
5.983373679873519
 40
5.983373679873519
 40
6.08579194265188
 40
6.08579194265188
 40
6.188210205430241
 40
6.188210205430241
 40
6.283185307179586
 40
6.283185307179586
 40
6.283185307179586
 40
6.283185307179586
 10
2631.459662254409
 20
4138.875710491185
 30
0.0
 10
2631.459662254409
 20
4138.141568541621
 30
0.0
 10
2631.410236852509
 20
4137.407488170553
 30
0.0
 10
2631.21593022261
 20
4135.959198565884
 30
0.0
 10
2631.071114572395
 20
4135.245085622656
 30
0.0
 10
2630.695321361611
 20
4133.853282788862
 30
0.0
 10
2630.464438706524
 20
4133.175628071192
 30
0.0
 10
2629.929150439308
 20
4131.867778238571
 30
0.0
 10
2629.624826248244
 20
4131.237561639871
 30
0.0
 10
2628.955858683479
 20
4130.029949848459
 30
0.0
 10
2628.591261814047
 20
4129.452503921005
 30
0.0
 10
2627.635014833028
 20
4128.098532552372
 30
0.0
 10
2627.016236429922
 20
4127.352382868812
 30
0.0
 10
2625.703702774528
 20
4125.967627124214
 30
0.0
 10
2625.009868869446
 20
4125.328796052293
 30
0.0
 10
2623.565223992879
 20
4124.147188677547
 30
0.0
 10
2622.814303143215
 20
4123.60431577704
 30
0.0
 10
2621.266796800748
 20
4122.604006658402
 30
0.0
 10
2620.470126963661
 20
4122.146548803248
 30
0.0
 10
2618.375797406468
 20
4121.071128628689
 30
0.0
 10
2617.050440933443
 20
4120.509180626562
 30
0.0
 10
2614.329570423321
 20
4119.554759008905
 30
0.0
 10
2612.93389031354
 20
4119.162453465636
 30
0.0
 10
2610.094193572808
 20
4118.537878055787
 30
0.0
 10
2608.650155766202
 20
4118.305726937113
 30
0.0
 10
2605.737359171621
 20
4117.997573102744
 30
0.0
 10
2604.268632941578
 20
4117.921626325617
 30
0.0
 10
2600.778795602808
 20
4117.925526340775
 30
0.0
 10
2598.757937576509
 20
4118.074562692004
 30
0.0
 10
2594.781290055693
 20
4118.670418661182
 30
0.0
 10
2592.825578239823
 20
4119.116840863695
 30
0.0
 10
2589.571522826958
 20
4120.155082455378
 30
0.0
 10
2588.242914888517
 20
4120.670676399305
 30
0.0
 10
2585.671314046053
 20
4121.881318132124
 30
0.0
 10
2584.427949722365
 20
4122.576246404008
 30
0.0
 10
2582.342623158435
 20
4123.980863851968
 30
0.0
 10
2581.476385292295
 20
4124.646296643572
 30
0.0
 10
2579.829964721463
 20
4126.114821576433
 30
0.0
 10
2579.04954062391
 20
4126.918220405939
 30
0.0
 10
2577.763843312368
 20
4128.491322034133
 30
0.0
 10
2577.235576498021
 20
4129.231695168746
 30
0.0
 10
2576.280363381917
 20
4130.809780463118
 30
0.0
 10
2575.853570027164
 20
4131.647728400967
 30
0.0
 10
2575.133120507631
 20
4133.410239259442
 30
0.0
 10
2574.839820894111
 20
4134.334891574377
 30
0.0
 10
2574.416458664728
 20
4136.24170297059
 30
0.0
 10
2574.286784594024
 20
4137.22360512401
 30
0.0
 10
2574.206957233957
 20
4139.199309183758
 30
0.0
 10
2574.256897774223
 20
4140.192585595236
 30
0.0
 10
2574.530315175162
 20
4142.141370274788
 30
0.0
 10
2574.753498704613
 20
4143.096467104093
 30
0.0
 10
2575.348194011185
 20
4144.930774205459
 30
0.0
 10
2575.719298015789
 20
4145.809933973949
 30
0.0
 10
2576.577146880216
 20
4147.473317514267
 30
0.0
 10
2577.063643221078
 20
4148.257740839857
 30
0.0
 10
2578.122802377013
 20
4149.728774320807
 30
0.0
 10
2578.695413508893
 20
4150.415614972916
 30
0.0
 10
2579.904994279033
 20
4151.697545193987
 30
0.0
 10
2580.54201621551
 20
4152.292787478778
 30
0.0
 10
2581.865875522682
 20
4153.400476787711
 30
0.0
 10
2582.552787392477
 20
4153.912995055238
 30
0.0
 10
2584.327452189365
 20
4155.106128737614
 30
0.0
 10
2585.440945862869
 20
4155.739499742085
 30
0.0
 10
2587.738514542845
 20
4156.859360498849
 30
0.0
 10
2588.922827814404
 20
4157.345787134305
 30
0.0
 10
2591.346454704068
 20
4158.184783729266
 30
0.0
 10
2592.585855793095
 20
4158.537260115809
 30
0.0
 10
2595.10427749965
 20
4159.115150527381
 30
0.0
 10
2596.383313190822
 20
4159.340495821008
 30
0.0
 10
2600.290747028852
 20
4159.835165714765
 30
0.0
 10
2602.955273742486
 20
4159.912351755709
 30
0.0
 10
2607.482393717659
 20
4159.61204958344
 30
0.0
 10
2609.357152991626
 20
4159.357616146379
 30
0.0
 10
2613.028926163799
 20
4158.583194275117
 30
0.0
 10
2614.826002101854
 20
4158.06361181895
 30
0.0
 10
2617.817596088604
 20
4156.919936045546
 30
0.0
 10
2619.041991624869
 20
4156.363875418632
 30
0.0
 10
2621.405756223834
 20
4155.082688268747
 30
0.0
 10
2622.545522035176
 20
4154.3575852289
 30
0.0
 10
2624.450335176171
 20
4152.90791556528
 30
0.0
 10
2625.239488418654
 20
4152.22514376985
 30
0.0
 10
2626.730052200965
 20
4150.729657925586
 30
0.0
 10
2627.431617892046
 20
4149.916606989041
 30
0.0
 10
2628.584407972059
 20
4148.323993363701
 30
0.0
 10
2629.057506111527
 20
4147.569538740724
 30
0.0
 10
2629.897750968743
 20
4145.972015051454
 30
0.0
 10
2630.264698081348
 20
4145.128772119154
 30
0.0
 10
2630.863428404442
 20
4143.369274512406
 30
0.0
 10
2631.094873009515
 20
4142.453036963291
 30
0.0
 10
2631.387483926377
 20
4140.647714639177
 30
0.0
 10
2631.459662254409
 20
4139.761790653785
 30
0.0
 10
2631.459662254409
 20
4138.875710491185
 30
0.0
  0
ELLIPSE
  5
4B5
330
1F
100
AcDbEntity
  8
SHE
100
AcDbEllipse
 10
2650.15108568098
 20
4150.372366868054
 30
0.0
 11
18.5818730703585
 21
0.0000000000000175
 31
0.0
210
0.0
220
0.0
230
-1.0
 40
0.5877361541246975
 41
0.0
 42
6.283185307179586
  0
LINE
  5
4B6
330
1F
100
AcDbEntity
  8
GRID
 48
0.1
100
AcDbLine
 10
2138.134555754688
 20
7798.499313986226
 30
0.0
 11
2138.134555754688
 21
4161.689861693907
 31
0.0
  0
ENDSEC
  0
SECTION
  2
OBJECTS
  0
DICTIONARY
  5
C
330
0
100
AcDbDictionary
281
     1
  3
ACAD_CIP_PREVIOUS_PRODUCT_INFO
350
216
  3
ACAD_COLOR
350
6B
  3
ACAD_DETAILVIEWSTYLE
350
21B
  3
ACAD_GROUP
350
D
  3
ACAD_LAYOUT
350
1A
  3
ACAD_MATERIAL
350
6A
  3
ACAD_MLEADERSTYLE
350
12D
  3
ACAD_MLINESTYLE
350
17
  3
ACAD_PLOTSETTINGS
350
19
  3
ACAD_PLOTSTYLENAME
350
E
  3
ACAD_SCALELIST
350
10C
  3
ACAD_SECTIONVIEWSTYLE
350
219
  3
ACAD_TABLESTYLE
350
7E
  3
ACAD_VISUALSTYLE
350
EF
  3
ACDB_RECOMPOSE_DATA
350
B59
  3
AcDbVariableDictionary
350
5E
  3
AEC_PROPERTY_SET_DEFS
350
3CB
  0
DICTIONARY
  5
1FF
330
2
100
AcDbDictionary
280
     1
281
     1
  3
ACAD_LAYERSTATES
360
200
  0
DICTIONARY
  5
13C
330
10
100
AcDbDictionary
280
     1
281
     1
  0
DICTIONARY
  5
56C
330
56B
100
AcDbDictionary
280
     1
281
     1
  0
DICTIONARY
  5
56E
330
56D
100
AcDbDictionary
280
     1
281
     1
  0
DICTIONARY
  5
570
330
56F
100
AcDbDictionary
280
     1
281
     1
  0
DICTIONARY
  5
572
330
571
100
AcDbDictionary
280
     1
281
     1
  0
DICTIONARY
  5
574
330
573
100
AcDbDictionary
280
     1
281
     1
  0
DICTIONARY
  5
576
330
575
100
AcDbDictionary
280
     1
281
     1
  0
DICTIONARY
  5
578
330
577
100
AcDbDictionary
280
     1
281
     1
  0
DICTIONARY
  5
57A
330
579
100
AcDbDictionary
280
     1
281
     1
  0
DICTIONARY
  5
57C
330
57B
100
AcDbDictionary
280
     1
281
     1
  0
DICTIONARY
  5
8C7
330
8C6
100
AcDbDictionary
280
     1
281
     1
  0
DICTIONARY
  5
8C9
330
8C8
100
AcDbDictionary
280
     1
281
     1
  0
DICTIONARY
  5
8CC
330
8CB
100
AcDbDictionary
280
     1
281
     1
  3
ACAD_XREC_ROUNDTRIP
360
8CD
  0
DICTIONARY
  5
8CF
330
8CE
100
AcDbDictionary
280
     1
281
     1
  3
ACAD_XREC_ROUNDTRIP
360
8D0
  0
DICTIONARY
  5
8D2
330
8D1
100
AcDbDictionary
280
     1
281
     1
  3
ACAD_XREC_ROUNDTRIP
360
8D3
  0
DICTIONARY
  5
8D5
330
8D4
100
AcDbDictionary
280
     1
281
     1
  3
ACAD_XREC_ROUNDTRIP
360
8D6
  0
DICTIONARY
  5
1CE
330
1F
100
AcDbDictionary
280
     1
281
     1
  0
XRECORD
  5
216
102
{ACAD_REACTORS
330
C
102
}
330
C
100
AcDbXrecord
280
     1
300
ACD
300
2019
300
ACD_F_S
  0
DICTIONARY
  5
6B
102
{ACAD_REACTORS
330
C
102
}
330
C
100
AcDbDictionary
281
     1
  0
DICTIONARY
  5
21B
102
{ACAD_REACTORS
330
C
102
}
330
C
100
AcDbDictionary
281
     1
  3
Imperial24
350
2DA
  3
Metric50
350
21C
  0
DICTIONARY
  5
D
102
{ACAD_REACTORS
330
C
102
}
330
C
100
AcDbDictionary
281
     1
  0
DICTIONARY
  5
1A
102
{ACAD_REACTORS
330
C
102
}
330
C
100
AcDbDictionary
281
     1
  3
Layout1
350
D3
  3
Layout2
350
D7
  3
Model
350
22
  0
DICTIONARY
  5
6A
102
{ACAD_REACTORS
330
C
102
}
330
C
100
AcDbDictionary
281
     1
  3
ByBlock
350
ED
  3
ByLayer
350
EC
  3
Global
350
EE
  0
DICTIONARY
  5
12D
102
{ACAD_REACTORS
330
C
102
}
330
C
100
AcDbDictionary
281
     1
  3
Annotative
350
13B
  3
Standard
350
12E
  0
DICTIONARY
  5
17
102
{ACAD_REACTORS
330
C
102
}
330
C
100
AcDbDictionary
281
     1
  3
Standard
350
18
  0
DICTIONARY
  5
19
102
{ACAD_REACTORS
330
C
102
}
330
C
100
AcDbDictionary
281
     1
  0
ACDBDICTIONARYWDFLT
  5
E
102
{ACAD_REACTORS
330
C
102
}
330
C
100
AcDbDictionary
281
     1
  3
Normal
350
F
100
AcDbDictionaryWithDefault
340
F
  0
DICTIONARY
  5
10C
102
{ACAD_REACTORS
330
C
102
}
330
C
100
AcDbDictionary
281
     1
  3
*A1
350
2D8
  3
*A2
350
580
  3
A0
350
10D
  3
A1
350
1BE
  3
A2
350
1BF
  3
A3
350
1C0
  3
A4
350
1C1
  3
A5
350
1C2
  3
A6
350
1C3
  3
A7
350
1C4
  3
A8
350
1C5
  3
A9
350
1C6
  3
B0
350
1C7
  3
B1
350
1C8
  3
B2
350
1C9
  3
B3
350
1CA
  3
B4
350
1CB
  3
B5
350
1CC
  3
B6
350
1CD
  0
DICTIONARY
  5
219
102
{ACAD_REACTORS
330
C
102
}
330
C
100
AcDbDictionary
281
     1
  3
Imperial24
350
2D9
  3
Metric50
350
21A
  0
DICTIONARY
  5
7E
102
{ACAD_REACTORS
330
C
102
}
330
C
100
AcDbDictionary
281
     1
  3
Standard
350
7F
  0
DICTIONARY
  5
EF
102
{ACAD_REACTORS
330
C
102
}
330
C
100
AcDbDictionary
281
     1
  3
2dWireframe
350
F5
  3
Basic
350
F4
  3
Brighten
350
FB
  3
ColorChange
350
FF
  3
Conceptual
350
F8
  3
Dim
350
FA
  3
EdgeColorOff
350
1E6
  3
Facepattern
350
FE
  3
Flat
350
F0
  3
FlatWithEdges
350
F1
  3
Gouraud
350
F2
  3
GouraudWithEdges
350
F3
  3
Hidden
350
F7
  3
JitterOff
350
1E4
  3
Linepattern
350
FD
  3
OverhangOff
350
1E5
  3
Realistic
350
F9
  3
Shaded
350
1F3
  3
Shaded with edges
350
1F2
  3
Shades of Gray
350
1EF
  3
Sketchy
350
1F0
  3
Thicken
350
FC
  3
Wireframe
350
F6
  3
X-Ray
350
1F1
  0
XRECORD
  5
B59
102
{ACAD_REACTORS
330
C
102
}
330
C
100
AcDbXrecord
280
     1
 90
        1
330
7F
  0
DICTIONARY
  5
5E
102
{ACAD_REACTORS
330
C
102
}
330
C
100
AcDbDictionary
281
     1
  3
CANNOSCALE
350
146
  3
CENTEREXE
350
259
  3
CENTERLTYPEFILE
350
25A
  3
CMLEADERSTYLE
350
145
  3
CTABLESTYLE
350
84
  3
CVIEWDETAILSTYLE
350
227
  3
CVIEWSECTIONSTYLE
350
228
  3
DIMASSOC
350
5F
  3
HIDETEXT
350
63
  3
LAYEREVAL
350
1AE
  3
LAYERNOTIFY
350
1AF
  0
DICTIONARY
  5
3CB
102
{ACAD_REACTORS
330
C
102
}
330
C
100
AcDbDictionary
281
     1
  0
DICTIONARY
  5
200
102
{ACAD_REACTORS
330
1FF
102
}
330
1FF
100
AcDbDictionary
281
     1
  0
XRECORD
  5
8CD
102
{ACAD_REACTORS
330
8CC
102
}
330
8CC
100
AcDbXrecord
280
     1
102
MATERIAL
340
EE
102
MATERIAL
340
EE
102
MATERIAL
340
EE
102
MATERIAL
340
EE
102
MATERIAL
340
EE
102
MATERIAL
340
EE
102
MATERIAL
340
EE
102
MATERIAL
340
EE
102
MATERIAL
340
EE
102
MATERIAL
340
EE
102
MATERIAL
340
EE
102
MATERIAL
340
EE
102
MATERIAL
340
EE
102
MATERIAL
340
EE
102
MATERIAL
340
EE
102
MATERIAL
340
EE
102
MATERIAL
340
EE
102
MATERIAL
340
EE
102
MATERIAL
340
EE
102
MATERIAL
340
EE
102
MATERIAL
340
EE
102
MATERIAL
340
EE
102
MATERIAL
340
EE
102
MATERIAL
340
EE
102
MATERIAL
340
EE
102
MATERIAL
340
EE
102
MATERIAL
340
EE
102
MATERIAL
340
EE
102
MATERIAL
340
EE
102
MATERIAL
340
EE
102
MATERIAL
340
EE
102
MATERIAL
340
EE
102
MATERIAL
340
EE
102
MATERIAL
340
EE
102
MATERIAL
340
EE
102
MATERIAL
340
EE
102
MATERIAL
340
EE
102
MATERIAL
340
EE
102
MATERIAL
340
EE
102
MATERIAL
340
EE
102
MATERIAL
340
EE
102
MATERIAL
340
EE
102
MATERIAL
340
EE
102
MATERIAL
340
EE
102
MATERIAL
340
EE
102
MATERIAL
340
EE
102
MATERIAL
340
EE
102
MATERIAL
340
EE
102
MATERIAL
340
EE
102
MATERIAL
340
EE
102
MATERIAL
340
EE
102
MATERIAL
340
EE
102
MATERIAL
340
EE
102
MATERIAL
340
EE
102
MATERIAL
340
EE
102
MATERIAL
340
EE
102
MATERIAL
340
EE
102
MATERIAL
340
EE
102
MATERIAL
340
EE
102
MATERIAL
340
EE
102
MATERIAL
340
EE
102
MATERIAL
340
EE
102
MATERIAL
340
EE
102
MATERIAL
340
EE
102
MATERIAL
340
EE
102
MATERIAL
340
EE
102
MATERIAL
340
EE
102
MATERIAL
340
EE
102
MATERIAL
340
EE
102
MATERIAL
340
EE
102
MATERIAL
340
EE
102
MATERIAL
340
EE
102
MATERIAL
340
EE
102
MATERIAL
340
EE
102
MATERIAL
340
EE
102
MATERIAL
340
EE
102
MATERIAL
340
EE
102
MATERIAL
340
EE
102
MATERIAL
340
EE
102
MATERIAL
340
EE
102
MATERIAL
340
EE
102
MATERIAL
340
EE
102
MATERIAL
340
EE
102
MATERIAL
340
EE
102
MATERIAL
340
EE
102
MATERIAL
340
EE
102
MATERIAL
340
EE
102
MATERIAL
340
EE
102
MATERIAL
340
EE
102
MATERIAL
340
EE
102
MATERIAL
340
EE
102
MATERIAL
340
EE
102
MATERIAL
340
EE
102
MATERIAL
340
EE
102
MATERIAL
340
EE
102
MATERIAL
340
EE
102
MATERIAL
340
EE
102
MATERIAL
340
EE
102
MATERIAL
340
EE
102
MATERIAL
340
EE
102
MATERIAL
340
EE
102
MATERIAL
340
EE
102
MATERIAL
340
EE
102
MATERIAL
340
EE
102
MATERIAL
340
EE
102
MATERIAL
340
EE
102
MATERIAL
340
EE
102
MATERIAL
340
EE
102
MATERIAL
340
EE
102
MATERIAL
340
EE
102
MATERIAL
340
EE
102
MATERIAL
340
EE
102
MATERIAL
340
EE
102
MATERIAL
340
EE
102
MATERIAL
340
EE
102
MATERIAL
340
EE
102
MATERIAL
340
EE
102
MATERIAL
340
EE
102
MATERIAL
340
EE
102
MATERIAL
340
EE
102
MATERIAL
340
EE
102
MATERIAL
340
EE
102
MATERIAL
340
EE
102
MATERIAL
340
EE
102
MATERIAL
340
EE
102
MATERIAL
340
EE
102
MATERIAL
340
EE
102
MATERIAL
340
EE
102
MATERIAL
340
EE
102
MATERIAL
340
EE
102
MATERIAL
340
EE
102
MATERIAL
340
EE
102
MATERIAL
340
EE
102
MATERIAL
340
EE
102
MATERIAL
340
EE
102
MATERIAL
340
EE
102
MATERIAL
340
EE
102
MATERIAL
340
EE
102
MATERIAL
340
EE
102
MATERIAL
340
EE
102
MATERIAL
340
EE
102
MATERIAL
340
EE
102
MATERIAL
340
EE
102
MATERIAL
340
EE
102
MATERIAL
340
EE
102
MATERIAL
340
EE
102
MATERIAL
340
EE
102
MATERIAL
340
EE
102
MATERIAL
340
EE
102
MATERIAL
340
EE
102
MATERIAL
340
EE
102
MATERIAL
340
EE
102
MATERIAL
340
EE
102
MATERIAL
340
EE
102
MATERIAL
340
EE
102
MATERIAL
340
EE
102
MATERIAL
340
EE
102
MATERIAL
340
EE
102
MATERIAL
340
EE
102
MATERIAL
340
EE
102
MATERIAL
340
EE
102
MATERIAL
340
EE
102
MATERIAL
340
EE
102
MATERIAL
340
EE
102
MATERIAL
340
EE
102
MATERIAL
340
EE
102
MATERIAL
340
EE
102
MATERIAL
340
EE
102
MATERIAL
340
EE
102
MATERIAL
340
EE
102
MATERIAL
340
EE
102
MATERIAL
340
EE
102
MATERIAL
340
EE
102
MATERIAL
340
EE
102
MATERIAL
340
EE
102
MATERIAL
340
EE
102
MATERIAL
340
EE
102
MATERIAL
340
EE
102
MATERIAL
340
EE
102
MATERIAL
340
EE
102
MATERIAL
340
EE
102
MATERIAL
340
EE
102
MATERIAL
340
EE
102
MATERIAL
340
EE
102
MATERIAL
340
EE
102
MATERIAL
340
EE
102
MATERIAL
340
EE
102
MATERIAL
340
EE
102
MATERIAL
340
EE
102
MATERIAL
340
EE
102
MATERIAL
340
EE
102
MATERIAL
340
EE
102
MATERIAL
340
EE
102
MATERIAL
340
EE
102
MATERIAL
340
EE
102
MATERIAL
340
EE
102
MATERIAL
340
EE
102
MATERIAL
340
EE
102
MATERIAL
340
EE
102
MATERIAL
340
EE
102
MATERIAL
340
EE
102
MATERIAL
340
EE
102
MATERIAL
340
EE
102
MATERIAL
340
EE
102
MATERIAL
340
EE
102
MATERIAL
340
EE
102
MATERIAL
340
EE
102
MATERIAL
340
EE
102
MATERIAL
340
EE
102
MATERIAL
340
EE
102
MATERIAL
340
EE
102
MATERIAL
340
EE
102
MATERIAL
340
EE
102
MATERIAL
340
EE
102
MATERIAL
340
EE
102
MATERIAL
340
EE
102
MATERIAL
340
EE
102
MATERIAL
340
EE
102
MATERIAL
340
EE
102
MATERIAL
340
EE
102
MATERIAL
340
EE
102
MATERIAL
340
EE
102
MATERIAL
340
EE
102
MATERIAL
340
EE
102
MATERIAL
340
EE
102
MATERIAL
340
EE
102
MATERIAL
340
EE
102
MATERIAL
340
EE
102
MATERIAL
340
EE
102
MATERIAL
340
EE
102
MATERIAL
340
EE
102
MATERIAL
340
EE
102
MATERIAL
340
EE
102
MATERIAL
340
EE
102
MATERIAL
340
EE
102
MATERIAL
340
EE
102
MATERIAL
340
EE
102
MATERIAL
340
EE
102
MATERIAL
340
EE
102
MATERIAL
340
EE
102
MATERIAL
340
EE
102
MATERIAL
340
EE
102
MATERIAL
340
EE
102
MATERIAL
340
EE
102
MATERIAL
340
EE
102
MATERIAL
340
EE
102
MATERIAL
340
EE
102
MATERIAL
340
EE
102
MATERIAL
340
EE
102
MATERIAL
340
EE
102
MATERIAL
340
EE
102
MATERIAL
340
EE
102
MATERIAL
340
EE
102
MATERIAL
340
EE
102
MATERIAL
340
EE
102
MATERIAL
340
EE
102
MATERIAL
340
EE
102
MATERIAL
340
EE
102
MATERIAL
340
EE
102
MATERIAL
340
EE
102
MATERIAL
340
EE
102
MATERIAL
340
EE
102
MATERIAL
340
EE
102
MATERIAL
340
EE
102
MATERIAL
340
EE
102
MATERIAL
340
EE
102
MATERIAL
340
EE
102
MATERIAL
340
EE
102
MATERIAL
340
EE
102
MATERIAL
340
EE
102
MATERIAL
340
EE
102
MATERIAL
340
EE
102
MATERIAL
340
EE
102
MATERIAL
340
EE
102
MATERIAL
340
EE
102
MATERIAL
340
EE
102
MATERIAL
340
EE
102
MATERIAL
340
EE
102
MATERIAL
340
EE
102
MATERIAL
340
EE
102
MATERIAL
340
EE
102
MATERIAL
340
EE
102
MATERIAL
340
EE
102
MATERIAL
340
EE
102
MATERIAL
340
EE
102
MATERIAL
340
EE
102
MATERIAL
340
EE
102
MATERIAL
340
EE
102
MATERIAL
340
EE
102
MATERIAL
340
EE
102
MATERIAL
340
EE
102
MATERIAL
340
EE
102
MATERIAL
340
EE
102
MATERIAL
340
EE
102
MATERIAL
340
EE
102
MATERIAL
340
EE
102
MATERIAL
340
EE
102
MATERIAL
340
EE
102
MATERIAL
340
EE
102
MATERIAL
340
EE
102
MATERIAL
340
EE
102
MATERIAL
340
EE
102
MATERIAL
340
EE
102
MATERIAL
340
EE
102
MATERIAL
340
EE
102
MATERIAL
340
EE
102
MATERIAL
340
EE
102
MATERIAL
340
EE
102
MATERIAL
340
EE
102
MATERIAL
340
EE
102
MATERIAL
340
EE
102
MATERIAL
340
EE
102
MATERIAL
340
EE
102
MATERIAL
340
EE
102
MATERIAL
340
EE
102
MATERIAL
340
EE
102
MATERIAL
340
EE
102
MATERIAL
340
EE
102
MATERIAL
340
EE
102
MATERIAL
340
EE
102
MATERIAL
340
EE
102
MATERIAL
340
EE
102
MATERIAL
340
EE
102
MATERIAL
340
EE
102
MATERIAL
340
EE
102
MATERIAL
340
EE
102
MATERIAL
340
EE
102
MATERIAL
340
EE
102
MATERIAL
340
EE
102
MATERIAL
340
EE
102
MATERIAL
340
EE
102
MATERIAL
340
EE
102
MATERIAL
340
EE
102
MATERIAL
340
EE
102
MATERIAL
340
EE
102
MATERIAL
340
EE
102
MATERIAL
340
EE
102
MATERIAL
340
EE
102
MATERIAL
340
EE
102
MATERIAL
340
EE
102
MATERIAL
340
EE
102
MATERIAL
340
EE
102
MATERIAL
340
EE
102
MATERIAL
340
EE
102
MATERIAL
340
EE
102
MATERIAL
340
EE
102
MATERIAL
340
EE
102
MATERIAL
340
EE
102
MATERIAL
340
EE
102
MATERIAL
340
EE
102
MATERIAL
340
EE
102
MATERIAL
340
EE
102
MATERIAL
340
EE
102
MATERIAL
340
EE
102
MATERIAL
340
EE
102
MATERIAL
340
EE
102
MATERIAL
340
EE
102
MATERIAL
340
EE
102
MATERIAL
340
EE
102
MATERIAL
340
EE
102
MATERIAL
340
EE
102
MATERIAL
340
EE
102
MATERIAL
340
EE
102
MATERIAL
340
EE
102
MATERIAL
340
EE
102
MATERIAL
340
EE
102
MATERIAL
340
EE
102
MATERIAL
340
EE
102
MATERIAL
340
EE
102
MATERIAL
340
EE
102
MATERIAL
340
EE
102
MATERIAL
340
EE
102
MATERIAL
340
EE
102
MATERIAL
340
EE
102
MATERIAL
340
EE
102
MATERIAL
340
EE
102
MATERIAL
340
EE
102
MATERIAL
340
EE
102
MATERIAL
340
EE
102
MATERIAL
340
EE
102
MATERIAL
340
EE
102
MATERIAL
340
EE
102
MATERIAL
340
EE
102
MATERIAL
340
EE
102
MATERIAL
340
EE
102
MATERIAL
340
EE
102
MATERIAL
340
EE
102
MATERIAL
340
EE
102
MATERIAL
340
EE
102
MATERIAL
340
EE
102
MATERIAL
340
EE
102
MATERIAL
340
EE
102
MATERIAL
340
EE
102
MATERIAL
340
EE
102
MATERIAL
340
EE
102
MATERIAL
340
EE
102
MATERIAL
340
EE
102
MATERIAL
340
EE
102
MATERIAL
340
EE
102
MATERIAL
340
EE
102
MATERIAL
340
EE
102
MATERIAL
340
EE
102
MATERIAL
340
EE
102
MATERIAL
340
EE
102
MATERIAL
340
EE
102
MATERIAL
340
EE
102
MATERIAL
340
EE
102
MATERIAL
340
EE
102
MATERIAL
340
EE
102
MATERIAL
340
EE
102
MATERIAL
340
EE
102
MATERIAL
340
EE
102
MATERIAL
340
EE
102
MATERIAL
340
EE
102
MATERIAL
340
EE
102
MATERIAL
340
EE
102
MATERIAL
340
EE
102
MATERIAL
340
EE
102
MATERIAL
340
EE
102
MATERIAL
340
EE
102
MATERIAL
340
EE
102
MATERIAL
340
EE
102
MATERIAL
340
EE
102
MATERIAL
340
EE
102
MATERIAL
340
EE
102
MATERIAL
340
EE
102
MATERIAL
340
EE
102
MATERIAL
340
EE
102
MATERIAL
340
EE
102
MATERIAL
340
EE
102
MATERIAL
340
EE
102
MATERIAL
340
EE
102
MATERIAL
340
EE
102
MATERIAL
340
EE
102
MATERIAL
340
EE
102
MATERIAL
340
EE
102
MATERIAL
340
EE
102
MATERIAL
340
EE
102
MATERIAL
340
EE
102
MATERIAL
340
EE
102
MATERIAL
340
EE
102
MATERIAL
340
EE
102
MATERIAL
340
EE
102
MATERIAL
340
EE
102
MATERIAL
340
EE
102
MATERIAL
340
EE
102
MATERIAL
340
EE
102
MATERIAL
340
EE
102
MATERIAL
340
EE
102
MATERIAL
340
EE
102
MATERIAL
340
EE
102
MATERIAL
340
EE
102
MATERIAL
340
EE
102
MATERIAL
340
EE
102
MATERIAL
340
EE
102
MATERIAL
340
EE
102
MATERIAL
340
EE
102
MATERIAL
340
EE
102
MATERIAL
340
EE
102
MATERIAL
340
EE
102
MATERIAL
340
EE
102
MATERIAL
340
EE
102
MATERIAL
340
EE
102
MATERIAL
340
EE
102
MATERIAL
340
EE
102
MATERIAL
340
EE
102
MATERIAL
340
EE
102
MATERIAL
340
EE
102
MATERIAL
340
EE
102
MATERIAL
340
EE
102
MATERIAL
340
EE
102
MATERIAL
340
EE
102
MATERIAL
340
EE
102
MATERIAL
340
EE
102
MATERIAL
340
EE
102
MATERIAL
340
EE
102
MATERIAL
340
EE
102
MATERIAL
340
EE
102
MATERIAL
340
EE
102
MATERIAL
340
EE
102
MATERIAL
340
EE
102
MATERIAL
340
EE
102
MATERIAL
340
EE
102
MATERIAL
340
EE
102
MATERIAL
340
EE
102
MATERIAL
340
EE
102
MATERIAL
340
EE
102
MATERIAL
340
EE
102
MATERIAL
340
EE
102
MATERIAL
340
EE
102
MATERIAL
340
EE
102
MATERIAL
340
EE
102
MATERIAL
340
EE
102
MATERIAL
340
EE
102
MATERIAL
340
EE
102
MATERIAL
340
EE
102
MATERIAL
340
EE
102
MATERIAL
340
EE
102
MATERIAL
340
EE
102
MATERIAL
340
EE
102
MATERIAL
340
EE
102
MATERIAL
340
EE
102
MATERIAL
340
EE
102
MATERIAL
340
EE
102
MATERIAL
340
EE
102
MATERIAL
340
EE
102
MATERIAL
340
EE
102
MATERIAL
340
EE
102
MATERIAL
340
EE
102
MATERIAL
340
EE
102
MATERIAL
340
EE
102
MATERIAL
340
EE
102
MATERIAL
340
EE
102
MATERIAL
340
EE
102
MATERIAL
340
EE
102
MATERIAL
340
EE
102
MATERIAL
340
EE
102
MATERIAL
340
EE
102
MATERIAL
340
EE
102
MATERIAL
340
EE
102
MATERIAL
340
EE
102
MATERIAL
340
EE
102
MATERIAL
340
EE
102
MATERIAL
340
EE
102
MATERIAL
340
EE
102
MATERIAL
340
EE
102
MATERIAL
340
EE
102
MATERIAL
340
EE
102
MATERIAL
340
EE
102
MATERIAL
340
EE
102
MATERIAL
340
EE
102
MATERIAL
340
EE
102
MATERIAL
340
EE
102
MATERIAL
340
EE
102
MATERIAL
340
EE
102
MATERIAL
340
EE
102
MATERIAL
340
EE
102
MATERIAL
340
EE
102
MATERIAL
340
EE
102
MATERIAL
340
EE
102
MATERIAL
340
EE
102
MATERIAL
340
EE
102
MATERIAL
340
EE
102
MATERIAL
340
EE
102
MATERIAL
340
EE
102
MATERIAL
340
EE
102
MATERIAL
340
EE
102
MATERIAL
340
EE
102
MATERIAL
340
EE
102
MATERIAL
340
EE
102
MATERIAL
340
EE
102
MATERIAL
340
EE
102
MATERIAL
340
EE
102
MATERIAL
340
EE
102
MATERIAL
340
EE
102
MATERIAL
340
EE
102
MATERIAL
340
EE
102
MATERIAL
340
EE
102
MATERIAL
340
EE
102
MATERIAL
340
EE
102
MATERIAL
340
EE
102
MATERIAL
340
EE
102
MATERIAL
340
EE
102
MATERIAL
340
EE
102
MATERIAL
340
EE
102
MATERIAL
340
EE
102
MATERIAL
340
EE
102
MATERIAL
340
EE
102
MATERIAL
340
EE
102
MATERIAL
340
EE
102
MATERIAL
340
EE
102
MATERIAL
340
EE
102
MATERIAL
340
EE
102
MATERIAL
340
EE
102
MATERIAL
340
EE
102
MATERIAL
340
EE
102
MATERIAL
340
EE
102
MATERIAL
340
EE
102
MATERIAL
340
EE
102
MATERIAL
340
EE
102
MATERIAL
340
EE
102
MATERIAL
340
EE
102
MATERIAL
340
EE
102
MATERIAL
340
EE
102
MATERIAL
340
EE
102
MATERIAL
340
EE
102
MATERIAL
340
EE
102
MATERIAL
340
EE
102
MATERIAL
340
EE
102
MATERIAL
340
EE
102
MATERIAL
340
EE
102
MATERIAL
340
EE
102
MATERIAL
340
EE
102
MATERIAL
340
EE
102
MATERIAL
340
EE
102
MATERIAL
340
EE
102
MATERIAL
340
EE
102
MATERIAL
340
EE
102
MATERIAL
340
EE
102
MATERIAL
340
EE
102
MATERIAL
340
EE
102
MATERIAL
340
EE
102
MATERIAL
340
EE
102
MATERIAL
340
EE
102
MATERIAL
340
EE
102
MATERIAL
340
EE
102
MATERIAL
340
EE
102
MATERIAL
340
EE
102
MATERIAL
340
EE
102
MATERIAL
340
EE
102
MATERIAL
340
EE
102
MATERIAL
340
EE
102
MATERIAL
340
EE
102
MATERIAL
340
EE
102
MATERIAL
340
EE
102
MATERIAL
340
EE
102
MATERIAL
340
EE
102
MATERIAL
340
EE
102
MATERIAL
340
EE
102
MATERIAL
340
EE
102
MATERIAL
340
EE
102
MATERIAL
340
EE
102
MATERIAL
340
EE
102
MATERIAL
340
EE
102
MATERIAL
340
EE
102
MATERIAL
340
EE
102
MATERIAL
340
EE
102
MATERIAL
340
EE
102
MATERIAL
340
EE
102
MATERIAL
340
EE
102
MATERIAL
340
EE
102
MATERIAL
340
EE
102
MATERIAL
340
EE
102
MATERIAL
340
EE
102
MATERIAL
340
EE
102
MATERIAL
340
EE
102
MATERIAL
340
EE
102
MATERIAL
340
EE
102
MATERIAL
340
EE
102
MATERIAL
340
EE
102
MATERIAL
340
EE
102
MATERIAL
340
EE
102
MATERIAL
340
EE
102
MATERIAL
340
EE
102
MATERIAL
340
EE
102
MATERIAL
340
EE
102
MATERIAL
340
EE
102
MATERIAL
340
EE
102
MATERIAL
340
EE
102
MATERIAL
340
EE
102
MATERIAL
340
EE
102
MATERIAL
340
EE
102
MATERIAL
340
EE
102
MATERIAL
340
EE
102
MATERIAL
340
EE
102
MATERIAL
340
EE
102
MATERIAL
340
EE
102
MATERIAL
340
EE
102
MATERIAL
340
EE
102
MATERIAL
340
EE
102
MATERIAL
340
EE
102
MATERIAL
340
EE
102
MATERIAL
340
EE
102
MATERIAL
340
EE
102
MATERIAL
340
EE
102
MATERIAL
340
EE
102
MATERIAL
340
EE
102
MATERIAL
340
EE
102
MATERIAL
340
EE
102
MATERIAL
340
EE
102
MATERIAL
340
EE
102
MATERIAL
340
EE
102
MATERIAL
340
EE
102
MATERIAL
340
EE
102
MATERIAL
340
EE
102
MATERIAL
340
EE
102
MATERIAL
340
EE
102
MATERIAL
340
EE
102
MATERIAL
340
EE
102
MATERIAL
340
EE
102
MATERIAL
340
EE
102
MATERIAL
340
EE
102
MATERIAL
340
EE
102
MATERIAL
340
EE
102
MATERIAL
340
EE
102
MATERIAL
340
EE
102
MATERIAL
340
EE
102
MATERIAL
340
EE
102
MATERIAL
340
EE
102
MATERIAL
340
EE
102
MATERIAL
340
EE
102
MATERIAL
340
EE
102
MATERIAL
340
EE
102
MATERIAL
340
EE
102
MATERIAL
340
EE
102
MATERIAL
340
EE
102
MATERIAL
340
EE
102
MATERIAL
340
EE
102
MATERIAL
340
EE
102
MATERIAL
340
EE
102
MATERIAL
340
EE
102
MATERIAL
340
EE
102
MATERIAL
340
EE
102
MATERIAL
340
EE
102
MATERIAL
340
EE
102
MATERIAL
340
EE
102
MATERIAL
340
EE
102
MATERIAL
340
EE
102
MATERIAL
340
EE
102
MATERIAL
340
EE
102
MATERIAL
340
EE
102
MATERIAL
340
EE
102
MATERIAL
340
EE
102
MATERIAL
340
EE
102
MATERIAL
340
EE
102
MATERIAL
340
EE
102
MATERIAL
340
EE
102
MATERIAL
340
EE
102
MATERIAL
340
EE
102
MATERIAL
340
EE
102
MATERIAL
340
EE
102
MATERIAL
340
EE
102
MATERIAL
340
EE
102
MATERIAL
340
EE
102
MATERIAL
340
EE
102
MATERIAL
340
EE
102
MATERIAL
340
EE
102
MATERIAL
340
EE
102
MATERIAL
340
EE
102
MATERIAL
340
EE
102
MATERIAL
340
EE
102
MATERIAL
340
EE
102
MATERIAL
340
EE
102
MATERIAL
340
EE
102
MATERIAL
340
EE
102
MATERIAL
340
EE
102
MATERIAL
340
EE
102
MATERIAL
340
EE
102
MATERIAL
340
EE
102
MATERIAL
340
EE
102
MATERIAL
340
EE
102
MATERIAL
340
EE
102
MATERIAL
340
EE
102
MATERIAL
340
EE
102
MATERIAL
340
EE
102
MATERIAL
340
EE
102
MATERIAL
340
EE
102
MATERIAL
340
EE
102
MATERIAL
340
EE
102
MATERIAL
340
EE
102
MATERIAL
340
EE
102
MATERIAL
340
EE
102
MATERIAL
340
EE
102
MATERIAL
340
EE
102
MATERIAL
340
EE
102
MATERIAL
340
EE
102
MATERIAL
340
EE
102
MATERIAL
340
EE
102
MATERIAL
340
EE
102
MATERIAL
340
EE
102
MATERIAL
340
EE
102
MATERIAL
340
EE
102
MATERIAL
340
EE
102
MATERIAL
340
EE
102
MATERIAL
340
EE
102
MATERIAL
340
EE
102
MATERIAL
340
EE
102
MATERIAL
340
EE
102
MATERIAL
340
EE
102
MATERIAL
340
EE
102
MATERIAL
340
EE
102
MATERIAL
340
EE
102
MATERIAL
340
EE
102
MATERIAL
340
EE
102
MATERIAL
340
EE
102
MATERIAL
340
EE
102
MATERIAL
340
EE
102
MATERIAL
340
EE
102
MATERIAL
340
EE
102
MATERIAL
340
EE
102
MATERIAL
340
EE
102
MATERIAL
340
EE
102
MATERIAL
340
EE
102
MATERIAL
340
EE
102
MATERIAL
340
EE
  0
XRECORD
  5
8D0
102
{ACAD_REACTORS
330
8CF
102
}
330
8CF
100
AcDbXrecord
280
     1
102
MATERIAL
340
EE
102
MATERIAL
340
EE
102
MATERIAL
340
EE
102
MATERIAL
340
EE
102
MATERIAL
340
EE
102
MATERIAL
340
EE
102
MATERIAL
340
EE
102
MATERIAL
340
EE
102
MATERIAL
340
EE
102
MATERIAL
340
EE
102
MATERIAL
340
EE
102
MATERIAL
340
EE
102
MATERIAL
340
EE
102
MATERIAL
340
EE
102
MATERIAL
340
EE
102
MATERIAL
340
EE
102
MATERIAL
340
EE
102
MATERIAL
340
EE
102
MATERIAL
340
EE
102
MATERIAL
340
EE
102
MATERIAL
340
EE
102
MATERIAL
340
EE
102
MATERIAL
340
EE
102
MATERIAL
340
EE
102
MATERIAL
340
EE
102
MATERIAL
340
EE
102
MATERIAL
340
EE
102
MATERIAL
340
EE
102
MATERIAL
340
EE
102
MATERIAL
340
EE
102
MATERIAL
340
EE
102
MATERIAL
340
EE
102
MATERIAL
340
EE
102
MATERIAL
340
EE
102
MATERIAL
340
EE
102
MATERIAL
340
EE
102
MATERIAL
340
EE
102
MATERIAL
340
EE
102
MATERIAL
340
EE
102
MATERIAL
340
EE
102
MATERIAL
340
EE
102
MATERIAL
340
EE
102
MATERIAL
340
EE
102
MATERIAL
340
EE
102
MATERIAL
340
EE
102
MATERIAL
340
EE
102
MATERIAL
340
EE
102
MATERIAL
340
EE
102
MATERIAL
340
EE
102
MATERIAL
340
EE
102
MATERIAL
340
EE
102
MATERIAL
340
EE
102
MATERIAL
340
EE
102
MATERIAL
340
EE
102
MATERIAL
340
EE
102
MATERIAL
340
EE
102
MATERIAL
340
EE
102
MATERIAL
340
EE
102
MATERIAL
340
EE
102
MATERIAL
340
EE
102
MATERIAL
340
EE
102
MATERIAL
340
EE
102
MATERIAL
340
EE
102
MATERIAL
340
EE
102
MATERIAL
340
EE
102
MATERIAL
340
EE
102
MATERIAL
340
EE
102
MATERIAL
340
EE
102
MATERIAL
340
EE
102
MATERIAL
340
EE
102
MATERIAL
340
EE
102
MATERIAL
340
EE
102
MATERIAL
340
EE
102
MATERIAL
340
EE
102
MATERIAL
340
EE
102
MATERIAL
340
EE
102
MATERIAL
340
EE
102
MATERIAL
340
EE
102
MATERIAL
340
EE
102
MATERIAL
340
EE
102
MATERIAL
340
EE
102
MATERIAL
340
EE
102
MATERIAL
340
EE
102
MATERIAL
340
EE
102
MATERIAL
340
EE
102
MATERIAL
340
EE
102
MATERIAL
340
EE
102
MATERIAL
340
EE
102
MATERIAL
340
EE
102
MATERIAL
340
EE
102
MATERIAL
340
EE
102
MATERIAL
340
EE
102
MATERIAL
340
EE
102
MATERIAL
340
EE
  0
XRECORD
  5
8D3
102
{ACAD_REACTORS
330
8D2
102
}
330
8D2
100
AcDbXrecord
280
     1
102
MATERIAL
340
EE
102
MATERIAL
340
EE
102
MATERIAL
340
EE
102
MATERIAL
340
EE
102
MATERIAL
340
EE
102
MATERIAL
340
EE
102
MATERIAL
340
EE
102
MATERIAL
340
EE
102
MATERIAL
340
EE
102
MATERIAL
340
EE
102
MATERIAL
340
EE
102
MATERIAL
340
EE
102
MATERIAL
340
EE
102
MATERIAL
340
EE
102
MATERIAL
340
EE
102
MATERIAL
340
EE
102
MATERIAL
340
EE
102
MATERIAL
340
EE
102
MATERIAL
340
EE
102
MATERIAL
340
EE
102
MATERIAL
340
EE
102
MATERIAL
340
EE
102
MATERIAL
340
EE
102
MATERIAL
340
EE
102
MATERIAL
340
EE
102
MATERIAL
340
EE
102
MATERIAL
340
EE
102
MATERIAL
340
EE
102
MATERIAL
340
EE
102
MATERIAL
340
EE
102
MATERIAL
340
EE
102
MATERIAL
340
EE
102
MATERIAL
340
EE
102
MATERIAL
340
EE
102
MATERIAL
340
EE
102
MATERIAL
340
EE
102
MATERIAL
340
EE
102
MATERIAL
340
EE
102
MATERIAL
340
EE
102
MATERIAL
340
EE
102
MATERIAL
340
EE
102
MATERIAL
340
EE
102
MATERIAL
340
EE
102
MATERIAL
340
EE
102
MATERIAL
340
EE
102
MATERIAL
340
EE
102
MATERIAL
340
EE
102
MATERIAL
340
EE
102
MATERIAL
340
EE
102
MATERIAL
340
EE
102
MATERIAL
340
EE
102
MATERIAL
340
EE
102
MATERIAL
340
EE
102
MATERIAL
340
EE
102
MATERIAL
340
EE
102
MATERIAL
340
EE
102
MATERIAL
340
EE
102
MATERIAL
340
EE
102
MATERIAL
340
EE
102
MATERIAL
340
EE
102
MATERIAL
340
EE
102
MATERIAL
340
EE
102
MATERIAL
340
EE
102
MATERIAL
340
EE
102
MATERIAL
340
EE
102
MATERIAL
340
EE
102
MATERIAL
340
EE
102
MATERIAL
340
EE
102
MATERIAL
340
EE
102
MATERIAL
340
EE
102
MATERIAL
340
EE
102
MATERIAL
340
EE
102
MATERIAL
340
EE
102
MATERIAL
340
EE
102
MATERIAL
340
EE
102
MATERIAL
340
EE
102
MATERIAL
340
EE
102
MATERIAL
340
EE
102
MATERIAL
340
EE
102
MATERIAL
340
EE
102
MATERIAL
340
EE
102
MATERIAL
340
EE
102
MATERIAL
340
EE
102
MATERIAL
340
EE
102
MATERIAL
340
EE
102
MATERIAL
340
EE
102
MATERIAL
340
EE
102
MATERIAL
340
EE
102
MATERIAL
340
EE
102
MATERIAL
340
EE
102
MATERIAL
340
EE
102
MATERIAL
340
EE
102
MATERIAL
340
EE
102
MATERIAL
340
EE
102
MATERIAL
340
EE
102
MATERIAL
340
EE
102
MATERIAL
340
EE
102
MATERIAL
340
EE
102
MATERIAL
340
EE
102
MATERIAL
340
EE
102
MATERIAL
340
EE
102
MATERIAL
340
EE
102
MATERIAL
340
EE
102
MATERIAL
340
EE
102
MATERIAL
340
EE
102
MATERIAL
340
EE
102
MATERIAL
340
EE
102
MATERIAL
340
EE
102
MATERIAL
340
EE
102
MATERIAL
340
EE
102
MATERIAL
340
EE
102
MATERIAL
340
EE
102
MATERIAL
340
EE
102
MATERIAL
340
EE
102
MATERIAL
340
EE
102
MATERIAL
340
EE
102
MATERIAL
340
EE
102
MATERIAL
340
EE
102
MATERIAL
340
EE
102
MATERIAL
340
EE
102
MATERIAL
340
EE
102
MATERIAL
340
EE
102
MATERIAL
340
EE
102
MATERIAL
340
EE
102
MATERIAL
340
EE
102
MATERIAL
340
EE
102
MATERIAL
340
EE
102
MATERIAL
340
EE
102
MATERIAL
340
EE
102
MATERIAL
340
EE
102
MATERIAL
340
EE
102
MATERIAL
340
EE
102
MATERIAL
340
EE
102
MATERIAL
340
EE
102
MATERIAL
340
EE
102
MATERIAL
340
EE
102
MATERIAL
340
EE
102
MATERIAL
340
EE
102
MATERIAL
340
EE
102
MATERIAL
340
EE
102
MATERIAL
340
EE
102
MATERIAL
340
EE
102
MATERIAL
340
EE
102
MATERIAL
340
EE
102
MATERIAL
340
EE
102
MATERIAL
340
EE
102
MATERIAL
340
EE
102
MATERIAL
340
EE
102
MATERIAL
340
EE
102
MATERIAL
340
EE
102
MATERIAL
340
EE
102
MATERIAL
340
EE
102
MATERIAL
340
EE
102
MATERIAL
340
EE
102
MATERIAL
340
EE
102
MATERIAL
340
EE
102
MATERIAL
340
EE
102
MATERIAL
340
EE
102
MATERIAL
340
EE
102
MATERIAL
340
EE
102
MATERIAL
340
EE
102
MATERIAL
340
EE
102
MATERIAL
340
EE
102
MATERIAL
340
EE
102
MATERIAL
340
EE
102
MATERIAL
340
EE
102
MATERIAL
340
EE
102
MATERIAL
340
EE
102
MATERIAL
340
EE
102
MATERIAL
340
EE
102
MATERIAL
340
EE
102
MATERIAL
340
EE
102
MATERIAL
340
EE
102
MATERIAL
340
EE
102
MATERIAL
340
EE
102
MATERIAL
340
EE
102
MATERIAL
340
EE
102
MATERIAL
340
EE
102
MATERIAL
340
EE
102
MATERIAL
340
EE
102
MATERIAL
340
EE
102
MATERIAL
340
EE
102
MATERIAL
340
EE
102
MATERIAL
340
EE
102
MATERIAL
340
EE
102
MATERIAL
340
EE
102
MATERIAL
340
EE
102
MATERIAL
340
EE
102
MATERIAL
340
EE
102
MATERIAL
340
EE
102
MATERIAL
340
EE
102
MATERIAL
340
EE
102
MATERIAL
340
EE
102
MATERIAL
340
EE
102
MATERIAL
340
EE
102
MATERIAL
340
EE
102
MATERIAL
340
EE
102
MATERIAL
340
EE
102
MATERIAL
340
EE
102
MATERIAL
340
EE
102
MATERIAL
340
EE
102
MATERIAL
340
EE
102
MATERIAL
340
EE
102
MATERIAL
340
EE
102
MATERIAL
340
EE
102
MATERIAL
340
EE
102
MATERIAL
340
EE
102
MATERIAL
340
EE
102
MATERIAL
340
EE
102
MATERIAL
340
EE
102
MATERIAL
340
EE
102
MATERIAL
340
EE
102
MATERIAL
340
EE
102
MATERIAL
340
EE
102
MATERIAL
340
EE
102
MATERIAL
340
EE
102
MATERIAL
340
EE
102
MATERIAL
340
EE
102
MATERIAL
340
EE
102
MATERIAL
340
EE
102
MATERIAL
340
EE
102
MATERIAL
340
EE
102
MATERIAL
340
EE
102
MATERIAL
340
EE
102
MATERIAL
340
EE
102
MATERIAL
340
EE
102
MATERIAL
340
EE
102
MATERIAL
340
EE
102
MATERIAL
340
EE
102
MATERIAL
340
EE
102
MATERIAL
340
EE
102
MATERIAL
340
EE
102
MATERIAL
340
EE
102
MATERIAL
340
EE
102
MATERIAL
340
EE
102
MATERIAL
340
EE
102
MATERIAL
340
EE
102
MATERIAL
340
EE
102
MATERIAL
340
EE
102
MATERIAL
340
EE
102
MATERIAL
340
EE
102
MATERIAL
340
EE
102
MATERIAL
340
EE
102
MATERIAL
340
EE
102
MATERIAL
340
EE
102
MATERIAL
340
EE
102
MATERIAL
340
EE
102
MATERIAL
340
EE
102
MATERIAL
340
EE
102
MATERIAL
340
EE
102
MATERIAL
340
EE
102
MATERIAL
340
EE
102
MATERIAL
340
EE
102
MATERIAL
340
EE
102
MATERIAL
340
EE
102
MATERIAL
340
EE
102
MATERIAL
340
EE
102
MATERIAL
340
EE
102
MATERIAL
340
EE
102
MATERIAL
340
EE
102
MATERIAL
340
EE
102
MATERIAL
340
EE
102
MATERIAL
340
EE
102
MATERIAL
340
EE
102
MATERIAL
340
EE
102
MATERIAL
340
EE
102
MATERIAL
340
EE
102
MATERIAL
340
EE
102
MATERIAL
340
EE
102
MATERIAL
340
EE
102
MATERIAL
340
EE
102
MATERIAL
340
EE
102
MATERIAL
340
EE
102
MATERIAL
340
EE
102
MATERIAL
340
EE
102
MATERIAL
340
EE
102
MATERIAL
340
EE
102
MATERIAL
340
EE
102
MATERIAL
340
EE
102
MATERIAL
340
EE
102
MATERIAL
340
EE
102
MATERIAL
340
EE
102
MATERIAL
340
EE
102
MATERIAL
340
EE
102
MATERIAL
340
EE
102
MATERIAL
340
EE
102
MATERIAL
340
EE
102
MATERIAL
340
EE
102
MATERIAL
340
EE
102
MATERIAL
340
EE
102
MATERIAL
340
EE
102
MATERIAL
340
EE
102
MATERIAL
340
EE
102
MATERIAL
340
EE
102
MATERIAL
340
EE
102
MATERIAL
340
EE
102
MATERIAL
340
EE
102
MATERIAL
340
EE
102
MATERIAL
340
EE
102
MATERIAL
340
EE
102
MATERIAL
340
EE
102
MATERIAL
340
EE
102
MATERIAL
340
EE
102
MATERIAL
340
EE
102
MATERIAL
340
EE
102
MATERIAL
340
EE
102
MATERIAL
340
EE
102
MATERIAL
340
EE
102
MATERIAL
340
EE
102
MATERIAL
340
EE
102
MATERIAL
340
EE
102
MATERIAL
340
EE
102
MATERIAL
340
EE
102
MATERIAL
340
EE
102
MATERIAL
340
EE
102
MATERIAL
340
EE
102
MATERIAL
340
EE
102
MATERIAL
340
EE
102
MATERIAL
340
EE
102
MATERIAL
340
EE
102
MATERIAL
340
EE
102
MATERIAL
340
EE
102
MATERIAL
340
EE
102
MATERIAL
340
EE
102
MATERIAL
340
EE
102
MATERIAL
340
EE
102
MATERIAL
340
EE
102
MATERIAL
340
EE
102
MATERIAL
340
EE
102
MATERIAL
340
EE
102
MATERIAL
340
EE
102
MATERIAL
340
EE
102
MATERIAL
340
EE
102
MATERIAL
340
EE
102
MATERIAL
340
EE
102
MATERIAL
340
EE
102
MATERIAL
340
EE
102
MATERIAL
340
EE
102
MATERIAL
340
EE
102
MATERIAL
340
EE
102
MATERIAL
340
EE
102
MATERIAL
340
EE
102
MATERIAL
340
EE
102
MATERIAL
340
EE
102
MATERIAL
340
EE
102
MATERIAL
340
EE
102
MATERIAL
340
EE
102
MATERIAL
340
EE
102
MATERIAL
340
EE
102
MATERIAL
340
EE
102
MATERIAL
340
EE
102
MATERIAL
340
EE
102
MATERIAL
340
EE
102
MATERIAL
340
EE
102
MATERIAL
340
EE
102
MATERIAL
340
EE
102
MATERIAL
340
EE
102
MATERIAL
340
EE
102
MATERIAL
340
EE
102
MATERIAL
340
EE
102
MATERIAL
340
EE
102
MATERIAL
340
EE
102
MATERIAL
340
EE
102
MATERIAL
340
EE
102
MATERIAL
340
EE
102
MATERIAL
340
EE
102
MATERIAL
340
EE
102
MATERIAL
340
EE
102
MATERIAL
340
EE
102
MATERIAL
340
EE
102
MATERIAL
340
EE
102
MATERIAL
340
EE
102
MATERIAL
340
EE
102
MATERIAL
340
EE
102
MATERIAL
340
EE
102
MATERIAL
340
EE
102
MATERIAL
340
EE
102
MATERIAL
340
EE
102
MATERIAL
340
EE
102
MATERIAL
340
EE
102
MATERIAL
340
EE
102
MATERIAL
340
EE
102
MATERIAL
340
EE
102
MATERIAL
340
EE
102
MATERIAL
340
EE
102
MATERIAL
340
EE
102
MATERIAL
340
EE
102
MATERIAL
340
EE
102
MATERIAL
340
EE
102
MATERIAL
340
EE
102
MATERIAL
340
EE
102
MATERIAL
340
EE
102
MATERIAL
340
EE
102
MATERIAL
340
EE
102
MATERIAL
340
EE
102
MATERIAL
340
EE
102
MATERIAL
340
EE
102
MATERIAL
340
EE
102
MATERIAL
340
EE
102
MATERIAL
340
EE
102
MATERIAL
340
EE
102
MATERIAL
340
EE
102
MATERIAL
340
EE
102
MATERIAL
340
EE
102
MATERIAL
340
EE
102
MATERIAL
340
EE
102
MATERIAL
340
EE
102
MATERIAL
340
EE
102
MATERIAL
340
EE
102
MATERIAL
340
EE
102
MATERIAL
340
EE
102
MATERIAL
340
EE
102
MATERIAL
340
EE
102
MATERIAL
340
EE
102
MATERIAL
340
EE
102
MATERIAL
340
EE
102
MATERIAL
340
EE
102
MATERIAL
340
EE
102
MATERIAL
340
EE
102
MATERIAL
340
EE
102
MATERIAL
340
EE
102
MATERIAL
340
EE
102
MATERIAL
340
EE
102
MATERIAL
340
EE
102
MATERIAL
340
EE
102
MATERIAL
340
EE
102
MATERIAL
340
EE
102
MATERIAL
340
EE
102
MATERIAL
340
EE
102
MATERIAL
340
EE
102
MATERIAL
340
EE
102
MATERIAL
340
EE
102
MATERIAL
340
EE
102
MATERIAL
340
EE
102
MATERIAL
340
EE
102
MATERIAL
340
EE
102
MATERIAL
340
EE
102
MATERIAL
340
EE
102
MATERIAL
340
EE
102
MATERIAL
340
EE
102
MATERIAL
340
EE
102
MATERIAL
340
EE
102
MATERIAL
340
EE
102
MATERIAL
340
EE
102
MATERIAL
340
EE
102
MATERIAL
340
EE
102
MATERIAL
340
EE
102
MATERIAL
340
EE
102
MATERIAL
340
EE
102
MATERIAL
340
EE
102
MATERIAL
340
EE
102
MATERIAL
340
EE
102
MATERIAL
340
EE
102
MATERIAL
340
EE
102
MATERIAL
340
EE
102
MATERIAL
340
EE
102
MATERIAL
340
EE
102
MATERIAL
340
EE
102
MATERIAL
340
EE
102
MATERIAL
340
EE
102
MATERIAL
340
EE
102
MATERIAL
340
EE
102
MATERIAL
340
EE
102
MATERIAL
340
EE
102
MATERIAL
340
EE
102
MATERIAL
340
EE
102
MATERIAL
340
EE
102
MATERIAL
340
EE
102
MATERIAL
340
EE
102
MATERIAL
340
EE
102
MATERIAL
340
EE
102
MATERIAL
340
EE
102
MATERIAL
340
EE
102
MATERIAL
340
EE
102
MATERIAL
340
EE
102
MATERIAL
340
EE
102
MATERIAL
340
EE
102
MATERIAL
340
EE
102
MATERIAL
340
EE
102
MATERIAL
340
EE
102
MATERIAL
340
EE
102
MATERIAL
340
EE
102
MATERIAL
340
EE
102
MATERIAL
340
EE
102
MATERIAL
340
EE
102
MATERIAL
340
EE
102
MATERIAL
340
EE
102
MATERIAL
340
EE
102
MATERIAL
340
EE
102
MATERIAL
340
EE
102
MATERIAL
340
EE
102
MATERIAL
340
EE
102
MATERIAL
340
EE
102
MATERIAL
340
EE
102
MATERIAL
340
EE
102
MATERIAL
340
EE
102
MATERIAL
340
EE
102
MATERIAL
340
EE
102
MATERIAL
340
EE
102
MATERIAL
340
EE
102
MATERIAL
340
EE
102
MATERIAL
340
EE
102
MATERIAL
340
EE
102
MATERIAL
340
EE
102
MATERIAL
340
EE
102
MATERIAL
340
EE
102
MATERIAL
340
EE
102
MATERIAL
340
EE
102
MATERIAL
340
EE
102
MATERIAL
340
EE
102
MATERIAL
340
EE
102
MATERIAL
340
EE
102
MATERIAL
340
EE
102
MATERIAL
340
EE
102
MATERIAL
340
EE
102
MATERIAL
340
EE
102
MATERIAL
340
EE
102
MATERIAL
340
EE
102
MATERIAL
340
EE
102
MATERIAL
340
EE
102
MATERIAL
340
EE
102
MATERIAL
340
EE
102
MATERIAL
340
EE
102
MATERIAL
340
EE
102
MATERIAL
340
EE
102
MATERIAL
340
EE
102
MATERIAL
340
EE
102
MATERIAL
340
EE
102
MATERIAL
340
EE
102
MATERIAL
340
EE
102
MATERIAL
340
EE
102
MATERIAL
340
EE
102
MATERIAL
340
EE
102
MATERIAL
340
EE
102
MATERIAL
340
EE
102
MATERIAL
340
EE
102
MATERIAL
340
EE
102
MATERIAL
340
EE
102
MATERIAL
340
EE
102
MATERIAL
340
EE
102
MATERIAL
340
EE
102
MATERIAL
340
EE
102
MATERIAL
340
EE
102
MATERIAL
340
EE
102
MATERIAL
340
EE
102
MATERIAL
340
EE
102
MATERIAL
340
EE
102
MATERIAL
340
EE
102
MATERIAL
340
EE
102
MATERIAL
340
EE
102
MATERIAL
340
EE
102
MATERIAL
340
EE
102
MATERIAL
340
EE
102
MATERIAL
340
EE
102
MATERIAL
340
EE
102
MATERIAL
340
EE
102
MATERIAL
340
EE
102
MATERIAL
340
EE
102
MATERIAL
340
EE
102
MATERIAL
340
EE
102
MATERIAL
340
EE
102
MATERIAL
340
EE
102
MATERIAL
340
EE
102
MATERIAL
340
EE
102
MATERIAL
340
EE
102
MATERIAL
340
EE
102
MATERIAL
340
EE
102
MATERIAL
340
EE
102
MATERIAL
340
EE
102
MATERIAL
340
EE
102
MATERIAL
340
EE
102
MATERIAL
340
EE
102
MATERIAL
340
EE
102
MATERIAL
340
EE
102
MATERIAL
340
EE
102
MATERIAL
340
EE
102
MATERIAL
340
EE
102
MATERIAL
340
EE
102
MATERIAL
340
EE
102
MATERIAL
340
EE
102
MATERIAL
340
EE
102
MATERIAL
340
EE
102
MATERIAL
340
EE
102
MATERIAL
340
EE
102
MATERIAL
340
EE
102
MATERIAL
340
EE
102
MATERIAL
340
EE
102
MATERIAL
340
EE
102
MATERIAL
340
EE
102
MATERIAL
340
EE
102
MATERIAL
340
EE
102
MATERIAL
340
EE
102
MATERIAL
340
EE
102
MATERIAL
340
EE
102
MATERIAL
340
EE
102
MATERIAL
340
EE
102
MATERIAL
340
EE
102
MATERIAL
340
EE
102
MATERIAL
340
EE
102
MATERIAL
340
EE
102
MATERIAL
340
EE
102
MATERIAL
340
EE
102
MATERIAL
340
EE
102
MATERIAL
340
EE
102
MATERIAL
340
EE
102
MATERIAL
340
EE
102
MATERIAL
340
EE
102
MATERIAL
340
EE
102
MATERIAL
340
EE
102
MATERIAL
340
EE
102
MATERIAL
340
EE
102
MATERIAL
340
EE
102
MATERIAL
340
EE
102
MATERIAL
340
EE
102
MATERIAL
340
EE
102
MATERIAL
340
EE
102
MATERIAL
340
EE
102
MATERIAL
340
EE
102
MATERIAL
340
EE
102
MATERIAL
340
EE
102
MATERIAL
340
EE
102
MATERIAL
340
EE
102
MATERIAL
340
EE
102
MATERIAL
340
EE
102
MATERIAL
340
EE
102
MATERIAL
340
EE
102
MATERIAL
340
EE
102
MATERIAL
340
EE
102
MATERIAL
340
EE
102
MATERIAL
340
EE
102
MATERIAL
340
EE
102
MATERIAL
340
EE
102
MATERIAL
340
EE
102
MATERIAL
340
EE
102
MATERIAL
340
EE
102
MATERIAL
340
EE
102
MATERIAL
340
EE
102
MATERIAL
340
EE
102
MATERIAL
340
EE
102
MATERIAL
340
EE
102
MATERIAL
340
EE
102
MATERIAL
340
EE
102
MATERIAL
340
EE
102
MATERIAL
340
EE
102
MATERIAL
340
EE
102
MATERIAL
340
EE
102
MATERIAL
340
EE
102
MATERIAL
340
EE
102
MATERIAL
340
EE
102
MATERIAL
340
EE
102
MATERIAL
340
EE
102
MATERIAL
340
EE
102
MATERIAL
340
EE
102
MATERIAL
340
EE
102
MATERIAL
340
EE
102
MATERIAL
340
EE
102
MATERIAL
340
EE
102
MATERIAL
340
EE
102
MATERIAL
340
EE
102
MATERIAL
340
EE
102
MATERIAL
340
EE
102
MATERIAL
340
EE
102
MATERIAL
340
EE
102
MATERIAL
340
EE
102
MATERIAL
340
EE
102
MATERIAL
340
EE
102
MATERIAL
340
EE
102
MATERIAL
340
EE
102
MATERIAL
340
EE
102
MATERIAL
340
EE
102
MATERIAL
340
EE
102
MATERIAL
340
EE
102
MATERIAL
340
EE
102
MATERIAL
340
EE
102
MATERIAL
340
EE
102
MATERIAL
340
EE
102
MATERIAL
340
EE
102
MATERIAL
340
EE
102
MATERIAL
340
EE
102
MATERIAL
340
EE
102
MATERIAL
340
EE
102
MATERIAL
340
EE
102
MATERIAL
340
EE
102
MATERIAL
340
EE
102
MATERIAL
340
EE
102
MATERIAL
340
EE
102
MATERIAL
340
EE
102
MATERIAL
340
EE
102
MATERIAL
340
EE
102
MATERIAL
340
EE
102
MATERIAL
340
EE
102
MATERIAL
340
EE
102
MATERIAL
340
EE
102
MATERIAL
340
EE
102
MATERIAL
340
EE
102
MATERIAL
340
EE
102
MATERIAL
340
EE
102
MATERIAL
340
EE
102
MATERIAL
340
EE
102
MATERIAL
340
EE
102
MATERIAL
340
EE
102
MATERIAL
340
EE
102
MATERIAL
340
EE
102
MATERIAL
340
EE
102
MATERIAL
340
EE
102
MATERIAL
340
EE
102
MATERIAL
340
EE
102
MATERIAL
340
EE
102
MATERIAL
340
EE
102
MATERIAL
340
EE
102
MATERIAL
340
EE
102
MATERIAL
340
EE
102
MATERIAL
340
EE
102
MATERIAL
340
EE
102
MATERIAL
340
EE
102
MATERIAL
340
EE
102
MATERIAL
340
EE
102
MATERIAL
340
EE
102
MATERIAL
340
EE
102
MATERIAL
340
EE
102
MATERIAL
340
EE
102
MATERIAL
340
EE
102
MATERIAL
340
EE
102
MATERIAL
340
EE
102
MATERIAL
340
EE
102
MATERIAL
340
EE
102
MATERIAL
340
EE
102
MATERIAL
340
EE
102
MATERIAL
340
EE
102
MATERIAL
340
EE
102
MATERIAL
340
EE
102
MATERIAL
340
EE
102
MATERIAL
340
EE
102
MATERIAL
340
EE
102
MATERIAL
340
EE
102
MATERIAL
340
EE
102
MATERIAL
340
EE
102
MATERIAL
340
EE
102
MATERIAL
340
EE
102
MATERIAL
340
EE
102
MATERIAL
340
EE
102
MATERIAL
340
EE
102
MATERIAL
340
EE
102
MATERIAL
340
EE
102
MATERIAL
340
EE
102
MATERIAL
340
EE
102
MATERIAL
340
EE
102
MATERIAL
340
EE
102
MATERIAL
340
EE
102
MATERIAL
340
EE
102
MATERIAL
340
EE
102
MATERIAL
340
EE
102
MATERIAL
340
EE
102
MATERIAL
340
EE
102
MATERIAL
340
EE
102
MATERIAL
340
EE
102
MATERIAL
340
EE
102
MATERIAL
340
EE
102
MATERIAL
340
EE
102
MATERIAL
340
EE
102
MATERIAL
340
EE
102
MATERIAL
340
EE
102
MATERIAL
340
EE
102
MATERIAL
340
EE
102
MATERIAL
340
EE
102
MATERIAL
340
EE
102
MATERIAL
340
EE
102
MATERIAL
340
EE
102
MATERIAL
340
EE
102
MATERIAL
340
EE
102
MATERIAL
340
EE
102
MATERIAL
340
EE
102
MATERIAL
340
EE
102
MATERIAL
340
EE
102
MATERIAL
340
EE
102
MATERIAL
340
EE
102
MATERIAL
340
EE
102
MATERIAL
340
EE
102
MATERIAL
340
EE
102
MATERIAL
340
EE
102
MATERIAL
340
EE
102
MATERIAL
340
EE
102
MATERIAL
340
EE
102
MATERIAL
340
EE
102
MATERIAL
340
EE
  0
XRECORD
  5
8D6
102
{ACAD_REACTORS
330
8D5
102
}
330
8D5
100
AcDbXrecord
280
     1
102
MATERIAL
340
EE
102
MATERIAL
340
EE
102
MATERIAL
340
EE
102
MATERIAL
340
EE
102
MATERIAL
340
EE
102
MATERIAL
340
EE
102
MATERIAL
340
EE
102
MATERIAL
340
EE
102
MATERIAL
340
EE
102
MATERIAL
340
EE
102
MATERIAL
340
EE
102
MATERIAL
340
EE
102
MATERIAL
340
EE
102
MATERIAL
340
EE
102
MATERIAL
340
EE
102
MATERIAL
340
EE
102
MATERIAL
340
EE
102
MATERIAL
340
EE
102
MATERIAL
340
EE
102
MATERIAL
340
EE
102
MATERIAL
340
EE
102
MATERIAL
340
EE
102
MATERIAL
340
EE
102
MATERIAL
340
EE
102
MATERIAL
340
EE
102
MATERIAL
340
EE
102
MATERIAL
340
EE
102
MATERIAL
340
EE
102
MATERIAL
340
EE
102
MATERIAL
340
EE
102
MATERIAL
340
EE
102
MATERIAL
340
EE
102
MATERIAL
340
EE
102
MATERIAL
340
EE
102
MATERIAL
340
EE
102
MATERIAL
340
EE
102
MATERIAL
340
EE
102
MATERIAL
340
EE
102
MATERIAL
340
EE
102
MATERIAL
340
EE
102
MATERIAL
340
EE
102
MATERIAL
340
EE
102
MATERIAL
340
EE
102
MATERIAL
340
EE
102
MATERIAL
340
EE
102
MATERIAL
340
EE
102
MATERIAL
340
EE
102
MATERIAL
340
EE
102
MATERIAL
340
EE
102
MATERIAL
340
EE
102
MATERIAL
340
EE
102
MATERIAL
340
EE
102
MATERIAL
340
EE
102
MATERIAL
340
EE
102
MATERIAL
340
EE
102
MATERIAL
340
EE
102
MATERIAL
340
EE
102
MATERIAL
340
EE
102
MATERIAL
340
EE
102
MATERIAL
340
EE
102
MATERIAL
340
EE
102
MATERIAL
340
EE
102
MATERIAL
340
EE
102
MATERIAL
340
EE
102
MATERIAL
340
EE
102
MATERIAL
340
EE
102
MATERIAL
340
EE
102
MATERIAL
340
EE
102
MATERIAL
340
EE
102
MATERIAL
340
EE
102
MATERIAL
340
EE
102
MATERIAL
340
EE
102
MATERIAL
340
EE
102
MATERIAL
340
EE
102
MATERIAL
340
EE
102
MATERIAL
340
EE
102
MATERIAL
340
EE
102
MATERIAL
340
EE
102
MATERIAL
340
EE
102
MATERIAL
340
EE
102
MATERIAL
340
EE
102
MATERIAL
340
EE
102
MATERIAL
340
EE
102
MATERIAL
340
EE
102
MATERIAL
340
EE
102
MATERIAL
340
EE
102
MATERIAL
340
EE
102
MATERIAL
340
EE
102
MATERIAL
340
EE
102
MATERIAL
340
EE
102
MATERIAL
340
EE
102
MATERIAL
340
EE
102
MATERIAL
340
EE
102
MATERIAL
340
EE
102
MATERIAL
340
EE
102
MATERIAL
340
EE
102
MATERIAL
340
EE
102
MATERIAL
340
EE
102
MATERIAL
340
EE
102
MATERIAL
340
EE
102
MATERIAL
340
EE
102
MATERIAL
340
EE
102
MATERIAL
340
EE
102
MATERIAL
340
EE
102
MATERIAL
340
EE
102
MATERIAL
340
EE
102
MATERIAL
340
EE
102
MATERIAL
340
EE
102
MATERIAL
340
EE
102
MATERIAL
340
EE
102
MATERIAL
340
EE
102
MATERIAL
340
EE
102
MATERIAL
340
EE
102
MATERIAL
340
EE
102
MATERIAL
340
EE
102
MATERIAL
340
EE
102
MATERIAL
340
EE
102
MATERIAL
340
EE
102
MATERIAL
340
EE
102
MATERIAL
340
EE
102
MATERIAL
340
EE
102
MATERIAL
340
EE
102
MATERIAL
340
EE
102
MATERIAL
340
EE
102
MATERIAL
340
EE
102
MATERIAL
340
EE
102
MATERIAL
340
EE
102
MATERIAL
340
EE
102
MATERIAL
340
EE
102
MATERIAL
340
EE
102
MATERIAL
340
EE
102
MATERIAL
340
EE
102
MATERIAL
340
EE
102
MATERIAL
340
EE
102
MATERIAL
340
EE
102
MATERIAL
340
EE
102
MATERIAL
340
EE
102
MATERIAL
340
EE
102
MATERIAL
340
EE
102
MATERIAL
340
EE
102
MATERIAL
340
EE
102
MATERIAL
340
EE
102
MATERIAL
340
EE
102
MATERIAL
340
EE
102
MATERIAL
340
EE
102
MATERIAL
340
EE
102
MATERIAL
340
EE
102
MATERIAL
340
EE
102
MATERIAL
340
EE
102
MATERIAL
340
EE
102
MATERIAL
340
EE
102
MATERIAL
340
EE
102
MATERIAL
340
EE
102
MATERIAL
340
EE
102
MATERIAL
340
EE
102
MATERIAL
340
EE
102
MATERIAL
340
EE
102
MATERIAL
340
EE
102
MATERIAL
340
EE
102
MATERIAL
340
EE
102
MATERIAL
340
EE
102
MATERIAL
340
EE
102
MATERIAL
340
EE
102
MATERIAL
340
EE
102
MATERIAL
340
EE
102
MATERIAL
340
EE
102
MATERIAL
340
EE
102
MATERIAL
340
EE
102
MATERIAL
340
EE
102
MATERIAL
340
EE
102
MATERIAL
340
EE
102
MATERIAL
340
EE
102
MATERIAL
340
EE
102
MATERIAL
340
EE
102
MATERIAL
340
EE
102
MATERIAL
340
EE
102
MATERIAL
340
EE
102
MATERIAL
340
EE
102
MATERIAL
340
EE
102
MATERIAL
340
EE
102
MATERIAL
340
EE
102
MATERIAL
340
EE
102
MATERIAL
340
EE
102
MATERIAL
340
EE
102
MATERIAL
340
EE
102
MATERIAL
340
EE
102
MATERIAL
340
EE
102
MATERIAL
340
EE
102
MATERIAL
340
EE
102
MATERIAL
340
EE
102
MATERIAL
340
EE
102
MATERIAL
340
EE
102
MATERIAL
340
EE
102
MATERIAL
340
EE
102
MATERIAL
340
EE
102
MATERIAL
340
EE
102
MATERIAL
340
EE
102
MATERIAL
340
EE
102
MATERIAL
340
EE
102
MATERIAL
340
EE
102
MATERIAL
340
EE
102
MATERIAL
340
EE
102
MATERIAL
340
EE
102
MATERIAL
340
EE
102
MATERIAL
340
EE
102
MATERIAL
340
EE
102
MATERIAL
340
EE
102
MATERIAL
340
EE
102
MATERIAL
340
EE
102
MATERIAL
340
EE
102
MATERIAL
340
EE
102
MATERIAL
340
EE
102
MATERIAL
340
EE
102
MATERIAL
340
EE
102
MATERIAL
340
EE
102
MATERIAL
340
EE
102
MATERIAL
340
EE
102
MATERIAL
340
EE
102
MATERIAL
340
EE
102
MATERIAL
340
EE
102
MATERIAL
340
EE
102
MATERIAL
340
EE
102
MATERIAL
340
EE
102
MATERIAL
340
EE
102
MATERIAL
340
EE
102
MATERIAL
340
EE
102
MATERIAL
340
EE
102
MATERIAL
340
EE
102
MATERIAL
340
EE
102
MATERIAL
340
EE
102
MATERIAL
340
EE
102
MATERIAL
340
EE
102
MATERIAL
340
EE
102
MATERIAL
340
EE
102
MATERIAL
340
EE
102
MATERIAL
340
EE
102
MATERIAL
340
EE
102
MATERIAL
340
EE
102
MATERIAL
340
EE
102
MATERIAL
340
EE
102
MATERIAL
340
EE
102
MATERIAL
340
EE
102
MATERIAL
340
EE
102
MATERIAL
340
EE
102
MATERIAL
340
EE
102
MATERIAL
340
EE
102
MATERIAL
340
EE
102
MATERIAL
340
EE
102
MATERIAL
340
EE
102
MATERIAL
340
EE
102
MATERIAL
340
EE
102
MATERIAL
340
EE
102
MATERIAL
340
EE
102
MATERIAL
340
EE
102
MATERIAL
340
EE
102
MATERIAL
340
EE
102
MATERIAL
340
EE
102
MATERIAL
340
EE
102
MATERIAL
340
EE
102
MATERIAL
340
EE
102
MATERIAL
340
EE
102
MATERIAL
340
EE
102
MATERIAL
340
EE
102
MATERIAL
340
EE
102
MATERIAL
340
EE
102
MATERIAL
340
EE
102
MATERIAL
340
EE
102
MATERIAL
340
EE
102
MATERIAL
340
EE
102
MATERIAL
340
EE
102
MATERIAL
340
EE
102
MATERIAL
340
EE
102
MATERIAL
340
EE
102
MATERIAL
340
EE
102
MATERIAL
340
EE
102
MATERIAL
340
EE
102
MATERIAL
340
EE
102
MATERIAL
340
EE
102
MATERIAL
340
EE
102
MATERIAL
340
EE
102
MATERIAL
340
EE
102
MATERIAL
340
EE
102
MATERIAL
340
EE
102
MATERIAL
340
EE
102
MATERIAL
340
EE
102
MATERIAL
340
EE
102
MATERIAL
340
EE
102
MATERIAL
340
EE
102
MATERIAL
340
EE
102
MATERIAL
340
EE
102
MATERIAL
340
EE
102
MATERIAL
340
EE
102
MATERIAL
340
EE
102
MATERIAL
340
EE
102
MATERIAL
340
EE
102
MATERIAL
340
EE
102
MATERIAL
340
EE
102
MATERIAL
340
EE
102
MATERIAL
340
EE
102
MATERIAL
340
EE
102
MATERIAL
340
EE
102
MATERIAL
340
EE
102
MATERIAL
340
EE
102
MATERIAL
340
EE
102
MATERIAL
340
EE
102
MATERIAL
340
EE
102
MATERIAL
340
EE
102
MATERIAL
340
EE
102
MATERIAL
340
EE
102
MATERIAL
340
EE
102
MATERIAL
340
EE
102
MATERIAL
340
EE
102
MATERIAL
340
EE
102
MATERIAL
340
EE
102
MATERIAL
340
EE
102
MATERIAL
340
EE
102
MATERIAL
340
EE
102
MATERIAL
340
EE
102
MATERIAL
340
EE
102
MATERIAL
340
EE
102
MATERIAL
340
EE
102
MATERIAL
340
EE
102
MATERIAL
340
EE
102
MATERIAL
340
EE
102
MATERIAL
340
EE
102
MATERIAL
340
EE
102
MATERIAL
340
EE
102
MATERIAL
340
EE
102
MATERIAL
340
EE
102
MATERIAL
340
EE
102
MATERIAL
340
EE
102
MATERIAL
340
EE
102
MATERIAL
340
EE
102
MATERIAL
340
EE
102
MATERIAL
340
EE
102
MATERIAL
340
EE
102
MATERIAL
340
EE
102
MATERIAL
340
EE
102
MATERIAL
340
EE
102
MATERIAL
340
EE
102
MATERIAL
340
EE
102
MATERIAL
340
EE
102
MATERIAL
340
EE
102
MATERIAL
340
EE
102
MATERIAL
340
EE
102
MATERIAL
340
EE
102
MATERIAL
340
EE
102
MATERIAL
340
EE
102
MATERIAL
340
EE
102
MATERIAL
340
EE
102
MATERIAL
340
EE
102
MATERIAL
340
EE
102
MATERIAL
340
EE
102
MATERIAL
340
EE
102
MATERIAL
340
EE
102
MATERIAL
340
EE
102
MATERIAL
340
EE
102
MATERIAL
340
EE
102
MATERIAL
340
EE
102
MATERIAL
340
EE
102
MATERIAL
340
EE
102
MATERIAL
340
EE
102
MATERIAL
340
EE
102
MATERIAL
340
EE
102
MATERIAL
340
EE
102
MATERIAL
340
EE
102
MATERIAL
340
EE
102
MATERIAL
340
EE
102
MATERIAL
340
EE
102
MATERIAL
340
EE
102
MATERIAL
340
EE
102
MATERIAL
340
EE
102
MATERIAL
340
EE
102
MATERIAL
340
EE
102
MATERIAL
340
EE
102
MATERIAL
340
EE
102
MATERIAL
340
EE
102
MATERIAL
340
EE
102
MATERIAL
340
EE
102
MATERIAL
340
EE
102
MATERIAL
340
EE
102
MATERIAL
340
EE
102
MATERIAL
340
EE
102
MATERIAL
340
EE
102
MATERIAL
340
EE
102
MATERIAL
340
EE
102
MATERIAL
340
EE
102
MATERIAL
340
EE
102
MATERIAL
340
EE
102
MATERIAL
340
EE
102
MATERIAL
340
EE
102
MATERIAL
340
EE
102
MATERIAL
340
EE
102
MATERIAL
340
EE
102
MATERIAL
340
EE
102
MATERIAL
340
EE
102
MATERIAL
340
EE
102
MATERIAL
340
EE
102
MATERIAL
340
EE
102
MATERIAL
340
EE
102
MATERIAL
340
EE
102
MATERIAL
340
EE
102
MATERIAL
340
EE
102
MATERIAL
340
EE
102
MATERIAL
340
EE
102
MATERIAL
340
EE
102
MATERIAL
340
EE
102
MATERIAL
340
EE
102
MATERIAL
340
EE
102
MATERIAL
340
EE
102
MATERIAL
340
EE
102
MATERIAL
340
EE
102
MATERIAL
340
EE
102
MATERIAL
340
EE
102
MATERIAL
340
EE
102
MATERIAL
340
EE
102
MATERIAL
340
EE
102
MATERIAL
340
EE
102
MATERIAL
340
EE
102
MATERIAL
340
EE
102
MATERIAL
340
EE
102
MATERIAL
340
EE
102
MATERIAL
340
EE
102
MATERIAL
340
EE
102
MATERIAL
340
EE
102
MATERIAL
340
EE
102
MATERIAL
340
EE
102
MATERIAL
340
EE
102
MATERIAL
340
EE
102
MATERIAL
340
EE
102
MATERIAL
340
EE
102
MATERIAL
340
EE
102
MATERIAL
340
EE
102
MATERIAL
340
EE
102
MATERIAL
340
EE
102
MATERIAL
340
EE
102
MATERIAL
340
EE
102
MATERIAL
340
EE
102
MATERIAL
340
EE
102
MATERIAL
340
EE
102
MATERIAL
340
EE
102
MATERIAL
340
EE
102
MATERIAL
340
EE
102
MATERIAL
340
EE
102
MATERIAL
340
EE
102
MATERIAL
340
EE
102
MATERIAL
340
EE
102
MATERIAL
340
EE
102
MATERIAL
340
EE
102
MATERIAL
340
EE
102
MATERIAL
340
EE
102
MATERIAL
340
EE
102
MATERIAL
340
EE
102
MATERIAL
340
EE
102
MATERIAL
340
EE
102
MATERIAL
340
EE
102
MATERIAL
340
EE
102
MATERIAL
340
EE
102
MATERIAL
340
EE
102
MATERIAL
340
EE
102
MATERIAL
340
EE
102
MATERIAL
340
EE
102
MATERIAL
340
EE
102
MATERIAL
340
EE
102
MATERIAL
340
EE
102
MATERIAL
340
EE
102
MATERIAL
340
EE
102
MATERIAL
340
EE
102
MATERIAL
340
EE
102
MATERIAL
340
EE
102
MATERIAL
340
EE
102
MATERIAL
340
EE
102
MATERIAL
340
EE
102
MATERIAL
340
EE
102
MATERIAL
340
EE
102
MATERIAL
340
EE
102
MATERIAL
340
EE
102
MATERIAL
340
EE
102
MATERIAL
340
EE
102
MATERIAL
340
EE
102
MATERIAL
340
EE
102
MATERIAL
340
EE
102
MATERIAL
340
EE
102
MATERIAL
340
EE
102
MATERIAL
340
EE
102
MATERIAL
340
EE
102
MATERIAL
340
EE
102
MATERIAL
340
EE
102
MATERIAL
340
EE
102
MATERIAL
340
EE
102
MATERIAL
340
EE
102
MATERIAL
340
EE
102
MATERIAL
340
EE
102
MATERIAL
340
EE
102
MATERIAL
340
EE
102
MATERIAL
340
EE
102
MATERIAL
340
EE
102
MATERIAL
340
EE
102
MATERIAL
340
EE
102
MATERIAL
340
EE
102
MATERIAL
340
EE
102
MATERIAL
340
EE
102
MATERIAL
340
EE
102
MATERIAL
340
EE
102
MATERIAL
340
EE
102
MATERIAL
340
EE
102
MATERIAL
340
EE
102
MATERIAL
340
EE
102
MATERIAL
340
EE
102
MATERIAL
340
EE
102
MATERIAL
340
EE
102
MATERIAL
340
EE
102
MATERIAL
340
EE
102
MATERIAL
340
EE
102
MATERIAL
340
EE
102
MATERIAL
340
EE
102
MATERIAL
340
EE
102
MATERIAL
340
EE
102
MATERIAL
340
EE
102
MATERIAL
340
EE
102
MATERIAL
340
EE
102
MATERIAL
340
EE
102
MATERIAL
340
EE
102
MATERIAL
340
EE
102
MATERIAL
340
EE
102
MATERIAL
340
EE
102
MATERIAL
340
EE
102
MATERIAL
340
EE
102
MATERIAL
340
EE
102
MATERIAL
340
EE
102
MATERIAL
340
EE
102
MATERIAL
340
EE
102
MATERIAL
340
EE
102
MATERIAL
340
EE
102
MATERIAL
340
EE
102
MATERIAL
340
EE
102
MATERIAL
340
EE
102
MATERIAL
340
EE
102
MATERIAL
340
EE
102
MATERIAL
340
EE
102
MATERIAL
340
EE
102
MATERIAL
340
EE
102
MATERIAL
340
EE
102
MATERIAL
340
EE
102
MATERIAL
340
EE
102
MATERIAL
340
EE
102
MATERIAL
340
EE
102
MATERIAL
340
EE
102
MATERIAL
340
EE
102
MATERIAL
340
EE
102
MATERIAL
340
EE
102
MATERIAL
340
EE
102
MATERIAL
340
EE
102
MATERIAL
340
EE
102
MATERIAL
340
EE
102
MATERIAL
340
EE
102
MATERIAL
340
EE
102
MATERIAL
340
EE
102
MATERIAL
340
EE
102
MATERIAL
340
EE
102
MATERIAL
340
EE
102
MATERIAL
340
EE
102
MATERIAL
340
EE
102
MATERIAL
340
EE
102
MATERIAL
340
EE
102
MATERIAL
340
EE
102
MATERIAL
340
EE
102
MATERIAL
340
EE
102
MATERIAL
340
EE
102
MATERIAL
340
EE
102
MATERIAL
340
EE
102
MATERIAL
340
EE
102
MATERIAL
340
EE
102
MATERIAL
340
EE
102
MATERIAL
340
EE
102
MATERIAL
340
EE
102
MATERIAL
340
EE
102
MATERIAL
340
EE
102
MATERIAL
340
EE
102
MATERIAL
340
EE
102
MATERIAL
340
EE
102
MATERIAL
340
EE
102
MATERIAL
340
EE
102
MATERIAL
340
EE
102
MATERIAL
340
EE
102
MATERIAL
340
EE
102
MATERIAL
340
EE
102
MATERIAL
340
EE
102
MATERIAL
340
EE
102
MATERIAL
340
EE
102
MATERIAL
340
EE
102
MATERIAL
340
EE
102
MATERIAL
340
EE
102
MATERIAL
340
EE
102
MATERIAL
340
EE
102
MATERIAL
340
EE
102
MATERIAL
340
EE
102
MATERIAL
340
EE
102
MATERIAL
340
EE
102
MATERIAL
340
EE
102
MATERIAL
340
EE
102
MATERIAL
340
EE
102
MATERIAL
340
EE
102
MATERIAL
340
EE
102
MATERIAL
340
EE
102
MATERIAL
340
EE
102
MATERIAL
340
EE
102
MATERIAL
340
EE
102
MATERIAL
340
EE
102
MATERIAL
340
EE
102
MATERIAL
340
EE
102
MATERIAL
340
EE
102
MATERIAL
340
EE
102
MATERIAL
340
EE
102
MATERIAL
340
EE
102
MATERIAL
340
EE
102
MATERIAL
340
EE
102
MATERIAL
340
EE
102
MATERIAL
340
EE
102
MATERIAL
340
EE
102
MATERIAL
340
EE
102
MATERIAL
340
EE
102
MATERIAL
340
EE
102
MATERIAL
340
EE
102
MATERIAL
340
EE
102
MATERIAL
340
EE
102
MATERIAL
340
EE
102
MATERIAL
340
EE
102
MATERIAL
340
EE
102
MATERIAL
340
EE
102
MATERIAL
340
EE
102
MATERIAL
340
EE
102
MATERIAL
340
EE
102
MATERIAL
340
EE
102
MATERIAL
340
EE
102
MATERIAL
340
EE
102
MATERIAL
340
EE
102
MATERIAL
340
EE
102
MATERIAL
340
EE
102
MATERIAL
340
EE
102
MATERIAL
340
EE
102
MATERIAL
340
EE
102
MATERIAL
340
EE
102
MATERIAL
340
EE
102
MATERIAL
340
EE
102
MATERIAL
340
EE
102
MATERIAL
340
EE
102
MATERIAL
340
EE
102
MATERIAL
340
EE
102
MATERIAL
340
EE
102
MATERIAL
340
EE
102
MATERIAL
340
EE
102
MATERIAL
340
EE
102
MATERIAL
340
EE
102
MATERIAL
340
EE
102
MATERIAL
340
EE
102
MATERIAL
340
EE
102
MATERIAL
340
EE
102
MATERIAL
340
EE
102
MATERIAL
340
EE
102
MATERIAL
340
EE
102
MATERIAL
340
EE
102
MATERIAL
340
EE
102
MATERIAL
340
EE
102
MATERIAL
340
EE
102
MATERIAL
340
EE
102
MATERIAL
340
EE
102
MATERIAL
340
EE
102
MATERIAL
340
EE
102
MATERIAL
340
EE
102
MATERIAL
340
EE
102
MATERIAL
340
EE
102
MATERIAL
340
EE
102
MATERIAL
340
EE
102
MATERIAL
340
EE
102
MATERIAL
340
EE
102
MATERIAL
340
EE
102
MATERIAL
340
EE
102
MATERIAL
340
EE
102
MATERIAL
340
EE
102
MATERIAL
340
EE
102
MATERIAL
340
EE
102
MATERIAL
340
EE
102
MATERIAL
340
EE
102
MATERIAL
340
EE
102
MATERIAL
340
EE
102
MATERIAL
340
EE
102
MATERIAL
340
EE
102
MATERIAL
340
EE
102
MATERIAL
340
EE
102
MATERIAL
340
EE
102
MATERIAL
340
EE
102
MATERIAL
340
EE
102
MATERIAL
340
EE
102
MATERIAL
340
EE
102
MATERIAL
340
EE
102
MATERIAL
340
EE
102
MATERIAL
340
EE
102
MATERIAL
340
EE
102
MATERIAL
340
EE
102
MATERIAL
340
EE
102
MATERIAL
340
EE
102
MATERIAL
340
EE
102
MATERIAL
340
EE
102
MATERIAL
340
EE
102
MATERIAL
340
EE
102
MATERIAL
340
EE
102
MATERIAL
340
EE
102
MATERIAL
340
EE
102
MATERIAL
340
EE
102
MATERIAL
340
EE
102
MATERIAL
340
EE
102
MATERIAL
340
EE
102
MATERIAL
340
EE
102
MATERIAL
340
EE
102
MATERIAL
340
EE
102
MATERIAL
340
EE
102
MATERIAL
340
EE
102
MATERIAL
340
EE
102
MATERIAL
340
EE
102
MATERIAL
340
EE
102
MATERIAL
340
EE
102
MATERIAL
340
EE
102
MATERIAL
340
EE
102
MATERIAL
340
EE
102
MATERIAL
340
EE
102
MATERIAL
340
EE
102
MATERIAL
340
EE
102
MATERIAL
340
EE
102
MATERIAL
340
EE
102
MATERIAL
340
EE
102
MATERIAL
340
EE
102
MATERIAL
340
EE
102
MATERIAL
340
EE
102
MATERIAL
340
EE
102
MATERIAL
340
EE
102
MATERIAL
340
EE
102
MATERIAL
340
EE
102
MATERIAL
340
EE
102
MATERIAL
340
EE
102
MATERIAL
340
EE
102
MATERIAL
340
EE
102
MATERIAL
340
EE
102
MATERIAL
340
EE
102
MATERIAL
340
EE
102
MATERIAL
340
EE
102
MATERIAL
340
EE
102
MATERIAL
340
EE
102
MATERIAL
340
EE
102
MATERIAL
340
EE
102
MATERIAL
340
EE
102
MATERIAL
340
EE
102
MATERIAL
340
EE
102
MATERIAL
340
EE
102
MATERIAL
340
EE
102
MATERIAL
340
EE
102
MATERIAL
340
EE
102
MATERIAL
340
EE
102
MATERIAL
340
EE
102
MATERIAL
340
EE
102
MATERIAL
340
EE
102
MATERIAL
340
EE
102
MATERIAL
340
EE
102
MATERIAL
340
EE
102
MATERIAL
340
EE
102
MATERIAL
340
EE
102
MATERIAL
340
EE
102
MATERIAL
340
EE
102
MATERIAL
340
EE
102
MATERIAL
340
EE
102
MATERIAL
340
EE
102
MATERIAL
340
EE
102
MATERIAL
340
EE
102
MATERIAL
340
EE
102
MATERIAL
340
EE
102
MATERIAL
340
EE
102
MATERIAL
340
EE
102
MATERIAL
340
EE
102
MATERIAL
340
EE
102
MATERIAL
340
EE
102
MATERIAL
340
EE
102
MATERIAL
340
EE
102
MATERIAL
340
EE
102
MATERIAL
340
EE
102
MATERIAL
340
EE
  0
ACDBDETAILVIEWSTYLE
  5
2DA
102
{ACAD_REACTORS
330
21B
102
}
330
21B
100
AcDbModelDocViewStyle
 70
     0
  3
Imperial24
290
     0
300
Imperial24
 90
        0
100
AcDbDetailViewStyle
 70
     0
 71
     0
 90
        3
 71
     1
340
11
 62
   256
 40
0.24
340
0
 62
   256
 40
0.24
300

 40
0.36
280
     3
 71
     2
340
16
 90
       25
 62
   256
 71
     3
340
11
 62
   256
 40
0.24
 90
        1
 40
0.75
 90
        1
300
%<\AcVar ViewType \f "%tc1">% %<\AcVar ViewDetailId>%\PSCALE %<\AcVar ViewScale \f "%sn">%
 71
     4
340
16
 90
       25
 62
   256
340
16
 90
       25
 62
   256
280
     0
  0
ACDBDETAILVIEWSTYLE
  5
21C
102
{ACAD_REACTORS
330
21B
102
}
330
21B
100
AcDbModelDocViewStyle
 70
     0
  3
Metric50
290
     0
300
Metric50
 90
        0
100
AcDbDetailViewStyle
 70
     0
 71
     0
 90
        3
 71
     1
340
11
 62
   256
 40
5.0
340
0
 62
   256
 40
5.0
300

 40
0.0
280
     1
 71
     2
340
16
 90
       25
 62
   256
 71
     3
340
11
 62
   256
 40
5.0
 90
        0
 40
15.0
 90
        1
300
%<\AcVar ViewDetailId>% (%<\AcVar ViewScale \f "%sn">%)
 71
     4
340
16
 90
       25
 62
   256
340
16
 90
       25
 62
   256
280
     0
  0
LAYOUT
  5
D3
102
{ACAD_REACTORS
330
1A
102
}
330
1A
100
AcDbPlotSettings
  1

  2
C:\Documents and Settings\basas\Application Data\Autodesk\AutoCAD 2005\R16.1\enu\plotters\Default Windows System Printer.pc3
  4

  6

 40
0.0
 41
0.0
 42
0.0
 43
0.0
 44
0.0
 45
0.0
 46
0.0
 47
0.0
 48
0.0
 49
0.0
140
0.0
141
0.0
142
1.0
143
1.0
 70
   688
 72
     0
 73
     0
 74
     5
  7

 75
    16
147
1.0
 76
     0
 77
     2
 78
   300
148
0.0
149
0.0
100
AcDbLayout
  1
Layout1
 70
     1
 71
     1
 10
0.0
 20
0.0
 11
12.0
 21
9.0
 12
0.0
 22
0.0
 32
0.0
 14
0.0
 24
0.0
 34
0.0
 15
0.0
 25
0.0
 35
0.0
146
0.0
 13
0.0
 23
0.0
 33
0.0
 16
1.0
 26
0.0
 36
0.0
 17
0.0
 27
1.0
 37
0.0
 76
     0
330
D2
  0
LAYOUT
  5
D7
102
{ACAD_REACTORS
330
1A
102
}
330
1A
100
AcDbPlotSettings
  1

  2
C:\Documents and Settings\basas\Application Data\Autodesk\AutoCAD 2005\R16.1\enu\plotters\Default Windows System Printer.pc3
  4

  6

 40
0.0
 41
0.0
 42
0.0
 43
0.0
 44
0.0
 45
0.0
 46
0.0
 47
0.0
 48
0.0
 49
0.0
140
0.0
141
0.0
142
1.0
143
1.0
 70
   688
 72
     0
 73
     0
 74
     5
  7

 75
    16
147
1.0
 76
     0
 77
     2
 78
   300
148
0.0
149
0.0
100
AcDbLayout
  1
Layout2
 70
     1
 71
     2
 10
0.0
 20
0.0
 11
12.0
 21
9.0
 12
0.0
 22
0.0
 32
0.0
 14
0.0
 24
0.0
 34
0.0
 15
0.0
 25
0.0
 35
0.0
146
0.0
 13
0.0
 23
0.0
 33
0.0
 16
1.0
 26
0.0
 36
0.0
 17
0.0
 27
1.0
 37
0.0
 76
     0
330
D6
  0
LAYOUT
  5
22
102
{ACAD_XDICTIONARY
360
205
102
}
102
{ACAD_REACTORS
330
1A
102
}
330
1A
100
AcDbPlotSettings
  1

  2
none_device
  4
ISO_A4_(210.00_x_297.00_MM)
  6

 40
7.5
 41
20.0
 42
7.5
 43
20.0
 44
210.0
 45
297.0
 46
11.54999923706054
 47
-13.65000009536743
 48
0.0
 49
0.0
140
0.0
141
0.0
142
1.0
143
8.704084754739808
 70
 11952
 72
     1
 73
     0
 74
     0
  7

 75
     0
147
0.1148885871608098
 76
     0
 77
     2
 78
   300
148
0.0
149
0.0
100
AcDbLayout
  1
Model
 70
     1
 71
     0
 10
0.0
 20
0.0
 11
12.0
 21
9.0
 12
0.0
 22
0.0
 32
0.0
 14
0.0
 24
0.0
 34
0.0
 15
0.0
 25
0.0
 35
0.0
146
0.0
 13
0.0
 23
0.0
 33
0.0
 16
1.0
 26
0.0
 36
0.0
 17
0.0
 27
1.0
 37
0.0
 76
     0
330
1F
331
EA
1001
ACAD_PSEXT
1000
None
1000
None
1000
Not applicable
1000
The layout will not be plotted unless a new plotter configuration name is selected.
1070
     0
  0
MATERIAL
  5
ED
102
{ACAD_XDICTIONARY
360
1F9
102
}
102
{ACAD_REACTORS
330
6A
102
}
330
6A
100
AcDbMaterial
  1
ByBlock
 94
       63
  0
MATERIAL
  5
EC
102
{ACAD_XDICTIONARY
360
1F7
102
}
102
{ACAD_REACTORS
330
6A
102
}
330
6A
100
AcDbMaterial
  1
ByLayer
 94
       63
  0
MATERIAL
  5
EE
102
{ACAD_XDICTIONARY
360
173
102
}
102
{ACAD_REACTORS
330
6A
102
}
330
6A
100
AcDbMaterial
  1
Global
 43
0.0007999999797903
 43
0.0
 43
0.0
 43
0.0
 43
0.0
 43
0.0007999999797903
 43
0.0
 43
0.0
 43
0.0
 43
0.0
 43
1.0
 43
0.0
 43
0.0
 43
0.0
 43
0.0
 43
1.0
 49
0.0007999999797903
 49
0.0
 49
0.0
 49
0.0
 49
0.0
 49
0.0007999999797903
 49
0.0
 49
0.0
 49
0.0
 49
0.0
 49
1.0
 49
0.0
 49
0.0
 49
0.0
 49
0.0
 49
1.0
142
0.0007999999797903
142
0.0
142
0.0
142
0.0
142
0.0
142
0.0007999999797903
142
0.0
142
0.0
142
0.0
142
0.0
142
1.0
142
0.0
142
0.0
142
0.0
142
0.0
142
1.0
144
0.0007999999797903
144
0.0
144
0.0
144
0.0
144
0.0
144
0.0007999999797903
144
0.0
144
0.0
144
0.0
144
0.0
144
1.0
144
0.0
144
0.0
144
0.0
144
0.0
144
1.0
 94
       63
1001
ACAD
1070
    -1
1070
     3
1070
     0
1000

1071
        0
1070
     0
  0
MLEADERSTYLE
  5
13B
102
{ACAD_REACTORS
330
12D
102
}
330
12D
100
AcDbMLeaderStyle
179
     2
170
     2
171
     1
172
     0
 90
        2
 40
0.0
 41
0.0
173
     1
 91
-1056964608
340
14
 92
       -2
290
     1
 42
2.0
291
     1
 43
8.0
  3
Standard
 44
4.0
300

342
11
174
     1
178
     1
175
     1
176
     0
 93
-1056964608
 45
4.0
292
     0
297
     0
 46
4.0
 94
-1056964608
 47
1.0
 49
1.0
140
1.0
293
     1
141
0.0
294
     1
177
     0
142
1.0
295
     0
296
     1
143
3.75
271
     0
272
     9
273
     9
298
     0
  0
MLEADERSTYLE
  5
12E
102
{ACAD_REACTORS
330
12D
102
}
330
12D
100
AcDbMLeaderStyle
179
     2
170
     2
171
     1
172
     0
 90
        2
 40
0.0
 41
0.0
173
     1
 91
-1056964608
340
14
 92
       -2
290
     1
 42
2.0
291
     1
 43
8.0
  3
Standard
 44
4.0
300

342
11
174
     1
178
     1
175
     1
176
     0
 93
-1056964608
 45
4.0
292
     0
297
     0
 46
4.0
 94
-1056964608
 47
1.0
 49
1.0
140
1.0
293
     1
141
0.0
294
     1
177
     0
142
1.0
295
     0
296
     0
143
3.75
271
     0
272
     9
273
     9
298
     0
  0
MLINESTYLE
  5
18
102
{ACAD_REACTORS
330
17
102
}
330
17
100
AcDbMlineStyle
  2
STANDARD
 70
     0
  3

 62
   256
 51
90.0
 52
90.0
 71
     2
 49
0.5
 62
   256
  6
BYLAYER
 49
-0.5
 62
   256
  6
BYLAYER
  0
ACDBPLACEHOLDER
  5
F
102
{ACAD_REACTORS
330
E
102
}
330
E
  0
SCALE
  5
2D8
102
{ACAD_REACTORS
330
10C
102
}
330
10C
100
AcDbScale
 70
     0
300
1/8" = 1'-0"
140
0.125
141
12.0
290
     0
  0
SCALE
  5
580
102
{ACAD_REACTORS
330
10C
102
}
330
10C
100
AcDbScale
 70
     0
300
0.12500000 = 1'-0"
140
0.125
141
12.0
290
     0
  0
SCALE
  5
10D
102
{ACAD_REACTORS
330
10C
102
}
330
10C
100
AcDbScale
 70
     0
300
1:1
140
1.0
141
1.0
290
     1
  0
SCALE
  5
1BE
102
{ACAD_REACTORS
330
10C
102
}
330
10C
100
AcDbScale
 70
     0
300
1:2
140
1.0
141
2.0
290
     0
  0
SCALE
  5
1BF
102
{ACAD_REACTORS
330
10C
102
}
330
10C
100
AcDbScale
 70
     0
300
1:4
140
1.0
141
4.0
290
     0
  0
SCALE
  5
1C0
102
{ACAD_REACTORS
330
10C
102
}
330
10C
100
AcDbScale
 70
     0
300
1:5
140
1.0
141
5.0
290
     0
  0
SCALE
  5
1C1
102
{ACAD_REACTORS
330
10C
102
}
330
10C
100
AcDbScale
 70
     0
300
1:8
140
1.0
141
8.0
290
     0
  0
SCALE
  5
1C2
102
{ACAD_REACTORS
330
10C
102
}
330
10C
100
AcDbScale
 70
     0
300
1:10
140
1.0
141
10.0
290
     0
  0
SCALE
  5
1C3
102
{ACAD_REACTORS
330
10C
102
}
330
10C
100
AcDbScale
 70
     0
300
1:16
140
1.0
141
16.0
290
     0
  0
SCALE
  5
1C4
102
{ACAD_REACTORS
330
10C
102
}
330
10C
100
AcDbScale
 70
     0
300
1:20
140
1.0
141
20.0
290
     0
  0
SCALE
  5
1C5
102
{ACAD_REACTORS
330
10C
102
}
330
10C
100
AcDbScale
 70
     0
300
1:30
140
1.0
141
30.0
290
     0
  0
SCALE
  5
1C6
102
{ACAD_REACTORS
330
10C
102
}
330
10C
100
AcDbScale
 70
     0
300
1:40
140
1.0
141
40.0
290
     0
  0
SCALE
  5
1C7
102
{ACAD_REACTORS
330
10C
102
}
330
10C
100
AcDbScale
 70
     0
300
1:50
140
1.0
141
50.0
290
     0
  0
SCALE
  5
1C8
102
{ACAD_REACTORS
330
10C
102
}
330
10C
100
AcDbScale
 70
     0
300
1:100
140
1.0
141
100.0
290
     0
  0
SCALE
  5
1C9
102
{ACAD_REACTORS
330
10C
102
}
330
10C
100
AcDbScale
 70
     0
300
2:1
140
2.0
141
1.0
290
     0
  0
SCALE
  5
1CA
102
{ACAD_REACTORS
330
10C
102
}
330
10C
100
AcDbScale
 70
     0
300
4:1
140
4.0
141
1.0
290
     0
  0
SCALE
  5
1CB
102
{ACAD_REACTORS
330
10C
102
}
330
10C
100
AcDbScale
 70
     0
300
8:1
140
8.0
141
1.0
290
     0
  0
SCALE
  5
1CC
102
{ACAD_REACTORS
330
10C
102
}
330
10C
100
AcDbScale
 70
     0
300
10:1
140
10.0
141
1.0
290
     0
  0
SCALE
  5
1CD
102
{ACAD_REACTORS
330
10C
102
}
330
10C
100
AcDbScale
 70
     0
300
100:1
140
100.0
141
1.0
290
     0
  0
ACDBSECTIONVIEWSTYLE
  5
2D9
102
{ACAD_REACTORS
330
219
102
}
330
219
100
AcDbModelDocViewStyle
 70
     0
  3
Imperial24
290
     0
300
Imperial24
 90
        0
100
AcDbSectionViewStyle
 70
     0
 71
     0
 90
       78
 71
     1
340
11
 62
   256
 40
0.24
340
0
340
0
 62
   256
 40
0.24
300
I, O, Q, S, X, Z
 40
0.48
 90
        3
 40
0.18
 90
        1
 71
     2
340
16
 90
       25
 62
   256
340
16
 90
       50
 62
   256
 40
0.24
 40
0.0
 40
0.24
 71
     3
340
11
 62
   256
 40
0.24
 90
        1
 40
0.75
 90
        1
300
%<\AcVar ViewType \f "%tc1">% %<\AcVar ViewSectionStartId>%-%<\AcVar ViewSectionEndId>%\PSCALE %<\AcVar ViewScale \f "%sn">%
 71
     4
 62
   256
 62
   257
300
ANSI31
 40
1.0
 90
        0
290
     0
290
     0
 90
        6
 40
0.0
 40
1.570796326794896
 40
0.2617993877991494
 40
1.308996938995747
 40
-0.2617993877991494
 40
1.832595714594046
  0
ACDBSECTIONVIEWSTYLE
  5
21A
102
{ACAD_REACTORS
330
219
102
}
330
219
100
AcDbModelDocViewStyle
 70
     0
  3
Metric50
290
     0
300
Metric50
 90
        0
100
AcDbSectionViewStyle
 70
     0
 71
     0
 90
      102
 71
     1
340
11
 62
   256
 40
5.0
340
0
340
0
 62
   256
 40
5.0
300
I, O, Q, S, X, Z
 40
10.0
 90
        0
 40
2.5
 90
        0
 71
     2
340
16
 90
       25
 62
   256
340
16
 90
       50
 62
   256
 40
5.0
 40
2.5
 40
5.0
 71
     3
340
11
 62
   256
 40
5.0
 90
        0
 40
15.0
 90
        1
300
%<\AcVar ViewSectionStartId>%-%<\AcVar ViewSectionEndId>% (%<\AcVar ViewScale \f "%sn">%)
 71
     4
 62
   256
 62
   257
300
ANSI31
 40
1.0
 90
        0
290
     0
290
     0
 90
        6
 40
0.0
 40
1.570796326794896
 40
0.2617993877991494
 40
1.308996938995747
 40
-0.2617993877991494
 40
1.832595714594046
  0
TABLESTYLE
  5
7F
102
{ACAD_XDICTIONARY
360
162
102
}
102
{ACAD_REACTORS
330
7E
102
}
330
7E
100
AcDbTableStyle
280
     0
  3
Standard
 70
     0
 71
     0
 40
1.5
 41
1.5
280
     0
281
     0
  7
Standard
140
4.5
170
     2
 62
     0
 63
     7
283
     0
 90
      512
 91
        0
  1

274
    -2
284
     1
 64
     0
275
    -2
285
     1
 65
     0
276
    -2
286
     1
 66
     0
277
    -2
287
     1
 67
     0
278
    -2
288
     1
 68
     0
279
    -2
289
     1
 69
     0
  7
Standard
140
6.0
170
     5
 62
     0
 63
     7
283
     0
 90
      512
 91
        0
  1

274
    -2
284
     1
 64
     0
275
    -2
285
     1
 65
     0
276
    -2
286
     1
 66
     0
277
    -2
287
     1
 67
     0
278
    -2
288
     1
 68
     0
279
    -2
289
     1
 69
     0
  7
Standard
140
4.5
170
     5
 62
     0
 63
     7
283
     0
 90
      512
 91
        0
  1

274
    -2
284
     1
 64
     0
275
    -2
285
     1
 65
     0
276
    -2
286
     1
 66
     0
277
    -2
287
     1
 67
     0
278
    -2
288
     1
 68
     0
279
    -2
289
     1
 69
     0
  0
VISUALSTYLE
  5
F5
102
{ACAD_REACTORS
330
EF
102
}
330
EF
100
AcDbVisualStyle
  2
2dWireframe
 70
     4
177
     3
291
     0
 70
    58
 90
        0
176
     1
 90
        2
176
     1
 90
        1
176
     1
 90
        0
176
     1
 40
0.6
176
     1
 40
30.0
176
     1
 62
     7
420
 16777215
176
     1
 90
        1
176
     1
 90
        4
176
     1
 62
     7
176
     1
 62
   257
176
     1
 90
        1
176
     1
 90
        1
176
     1
 40
1.0
176
     1
 90
        0
176
     1
 62
   257
176
     1
 40
1.0
176
     1
 90
        1
176
     1
 90
        6
176
     1
 90
        2
176
     1
 62
     7
176
     1
 90
        5
176
     1
 90
        0
176
     1
 90
        0
176
     1
290
     0
176
     1
 90
        1
176
     1
 40
0.0
176
     1
 90
        0
176
     1
290
     1
176
     1
290
     1
176
     1
290
     0
176
     1
290
     0
176
     1
290
     0
176
     1
290
     0
176
     1
290
     0
176
     1
290
     0
176
     1
290
     0
176
     1
 90
       50
176
     1
 40
0.0
176
     1
 40
1.0
176
     1
 90
        0
176
     1
 62
    18
420
        0
176
     1
 90
       50
176
     1
 90
        3
176
     1
 62
     5
420
      255
176
     1
290
     0
176
     1
 90
       50
176
     1
 90
       50
176
     1
 90
       50
176
     1
290
     0
176
     1
 90
       50
176
     1
 62
   256
176
     0
 40
1.0
176
     0
 90
        2
176
     1
  1
strokes_ogs.tif
176
     1
290
     0
176
     1
 40
1.0
176
     1
 40
1.0
176
     1
  0
VISUALSTYLE
  5
F4
102
{ACAD_REACTORS
330
EF
102
}
330
EF
100
AcDbVisualStyle
  2
Basic
 70
     7
177
     3
291
     1
 70
    58
 90
        1
176
     1
 90
        0
176
     1
 90
        1
176
     1
 90
        0
176
     1
 40
0.6
176
     1
 40
30.0
176
     1
 62
     7
420
 16777215
176
     1
 90
        0
176
     1
 90
        4
176
     1
 62
     7
176
     1
 62
   257
176
     1
 90
        1
176
     1
 90
        1
176
     1
 40
1.0
176
     1
 90
        8
176
     1
 62
     7
176
     1
 40
1.0
176
     1
 90
        1
176
     1
 90
        6
176
     1
 90
        2
176
     1
 62
     7
176
     1
 90
        5
176
     1
 90
        0
176
     1
 90
        0
176
     1
290
     0
176
     1
 90
        1
176
     1
 40
0.0
176
     1
 90
        0
176
     1
290
     0
176
     1
290
     1
176
     1
290
     1
176
     1
290
     0
176
     1
290
     0
176
     1
290
     0
176
     1
290
     0
176
     1
290
     0
176
     1
290
     0
176
     1
 90
       50
176
     1
 40
0.0
176
     1
 40
1.0
176
     1
 90
        0
176
     1
 62
    18
420
        0
176
     1
 90
       50
176
     1
 90
        3
176
     1
 62
     5
420
      255
176
     1
290
     0
176
     1
 90
       50
176
     1
 90
       50
176
     1
 90
       50
176
     1
290
     0
176
     1
 90
       50
176
     1
 62
   256
176
     0
 40
1.0
176
     0
 90
        2
176
     1
  1
strokes_ogs.tif
176
     1
290
     0
176
     1
 40
1.0
176
     1
 40
1.0
176
     1
  0
VISUALSTYLE
  5
FB
102
{ACAD_REACTORS
330
EF
102
}
330
EF
100
AcDbVisualStyle
  2
Brighten
 70
    12
177
     3
291
     1
 70
    58
 90
        2
176
     1
 90
        2
176
     1
 90
        1
176
     1
 90
        0
176
     1
 40
0.6
176
     1
 40
30.0
176
     1
 62
     7
420
 16777215
176
     1
 90
        1
176
     1
 90
        4
176
     1
 62
     7
176
     1
 62
   257
176
     1
 90
        1
176
     1
 90
        1
176
     1
 40
1.0
176
     1
 90
        8
176
     1
 62
     7
176
     1
 40
1.0
176
     1
 90
        1
176
     1
 90
        6
176
     1
 90
        2
176
     1
 62
     7
176
     1
 90
        5
176
     1
 90
        0
176
     1
 90
        0
176
     1
290
     0
176
     1
 90
        1
176
     1
 40
50.0
176
     1
 90
        0
176
     1
290
     0
176
     1
290
     1
176
     1
290
     1
176
     1
290
     0
176
     1
290
     0
176
     1
290
     0
176
     1
290
     0
176
     1
290
     0
176
     1
290
     0
176
     1
 90
       50
176
     1
 40
0.0
176
     1
 40
1.0
176
     1
 90
        0
176
     1
 62
    18
420
        0
176
     1
 90
       50
176
     1
 90
        3
176
     1
 62
     5
420
      255
176
     1
290
     0
176
     1
 90
       50
176
     1
 90
       50
176
     1
 90
       50
176
     1
290
     0
176
     1
 90
       50
176
     1
 62
   256
176
     0
 40
1.0
176
     0
 90
        2
176
     1
  1
strokes_ogs.tif
176
     1
290
     0
176
     1
 40
1.0
176
     1
 40
1.0
176
     1
  0
VISUALSTYLE
  5
FF
102
{ACAD_REACTORS
330
EF
102
}
330
EF
100
AcDbVisualStyle
  2
ColorChange
 70
    16
177
     3
291
     1
 70
    58
 90
        2
176
     1
 90
        2
176
     1
 90
        3
176
     1
 90
        0
176
     1
 40
0.6
176
     1
 40
30.0
176
     1
 62
     8
420
  8421504
176
     1
 90
        1
176
     1
 90
        4
176
     1
 62
     7
176
     1
 62
   257
176
     1
 90
        1
176
     1
 90
        1
176
     1
 40
1.0
176
     1
 90
        8
176
     1
 62
     8
420
  8421504
176
     1
 40
1.0
176
     1
 90
        1
176
     1
 90
        6
176
     1
 90
        2
176
     1
 62
     7
176
     1
 90
        5
176
     1
 90
        0
176
     1
 90
        0
176
     1
290
     0
176
     1
 90
        1
176
     1
 40
0.0
176
     1
 90
        0
176
     1
290
     0
176
     1
290
     1
176
     1
290
     1
176
     1
290
     0
176
     1
290
     0
176
     1
290
     0
176
     1
290
     0
176
     1
290
     0
176
     1
290
     0
176
     1
 90
       50
176
     1
 40
0.0
176
     1
 40
1.0
176
     1
 90
        0
176
     1
 62
    18
420
        0
176
     1
 90
       50
176
     1
 90
        3
176
     1
 62
     5
420
      255
176
     1
290
     0
176
     1
 90
       50
176
     1
 90
       50
176
     1
 90
       50
176
     1
290
     0
176
     1
 90
       50
176
     1
 62
   256
176
     0
 40
1.0
176
     0
 90
        2
176
     1
  1
strokes_ogs.tif
176
     1
290
     0
176
     1
 40
1.0
176
     1
 40
1.0
176
     1
  0
VISUALSTYLE
  5
F8
102
{ACAD_REACTORS
330
EF
102
}
330
EF
100
AcDbVisualStyle
  2
Conceptual
 70
     9
177
     3
291
     0
 70
    58
 90
        3
176
     1
 90
        2
176
     1
 90
        1
176
     1
 90
        0
176
     1
 40
0.6
176
     1
 40
30.0
176
     1
 62
     7
420
 16777215
176
     1
 90
        2
176
     1
 90
        2
176
     1
 62
     7
176
     1
 62
   257
176
     1
 90
        1
176
     1
 90
        1
176
     1
 40
40.0
176
     1
 90
        8
176
     1
 62
     7
176
     1
 40
1.0
176
     1
 90
        1
176
     1
 90
        6
176
     1
 90
        2
176
     1
 62
     7
176
     1
 90
        3
176
     1
 90
        0
176
     1
 90
        0
176
     1
290
     0
176
     1
 90
        1
176
     1
 40
0.0
176
     1
 90
        0
176
     1
290
     0
176
     1
290
     1
176
     1
290
     1
176
     1
290
     0
176
     1
290
     0
176
     1
290
     0
176
     1
290
     0
176
     1
290
     0
176
     1
290
     0
176
     1
 90
       50
176
     1
 40
0.0
176
     1
 40
1.0
176
     1
 90
        0
176
     1
 62
    18
420
        0
176
     1
 90
       50
176
     1
 90
        3
176
     1
 62
     5
420
      255
176
     1
290
     0
176
     1
 90
       50
176
     1
 90
       50
176
     1
 90
       50
176
     1
290
     0
176
     1
 90
       50
176
     1
 62
   256
176
     0
 40
1.0
176
     0
 90
        2
176
     1
  1
strokes_ogs.tif
176
     1
290
     0
176
     1
 40
1.0
176
     1
 40
1.0
176
     1
  0
VISUALSTYLE
  5
FA
102
{ACAD_REACTORS
330
EF
102
}
330
EF
100
AcDbVisualStyle
  2
Dim
 70
    11
177
     3
291
     1
 70
    58
 90
        2
176
     1
 90
        2
176
     1
 90
        1
176
     1
 90
        0
176
     1
 40
0.6
176
     1
 40
30.0
176
     1
 62
     7
420
 16777215
176
     1
 90
        1
176
     1
 90
        4
176
     1
 62
     7
176
     1
 62
   257
176
     1
 90
        1
176
     1
 90
        1
176
     1
 40
1.0
176
     1
 90
        8
176
     1
 62
     7
176
     1
 40
1.0
176
     1
 90
        1
176
     1
 90
        6
176
     1
 90
        2
176
     1
 62
     7
176
     1
 90
        5
176
     1
 90
        0
176
     1
 90
        0
176
     1
290
     0
176
     1
 90
        1
176
     1
 40
-50.0
176
     1
 90
        0
176
     1
290
     0
176
     1
290
     1
176
     1
290
     1
176
     1
290
     0
176
     1
290
     0
176
     1
290
     0
176
     1
290
     0
176
     1
290
     0
176
     1
290
     0
176
     1
 90
       50
176
     1
 40
0.0
176
     1
 40
1.0
176
     1
 90
        0
176
     1
 62
    18
420
        0
176
     1
 90
       50
176
     1
 90
        3
176
     1
 62
     5
420
      255
176
     1
290
     0
176
     1
 90
       50
176
     1
 90
       50
176
     1
 90
       50
176
     1
290
     0
176
     1
 90
       50
176
     1
 62
   256
176
     0
 40
1.0
176
     0
 90
        2
176
     1
  1
strokes_ogs.tif
176
     1
290
     0
176
     1
 40
1.0
176
     1
 40
1.0
176
     1
  0
VISUALSTYLE
  5
1E6
102
{ACAD_REACTORS
330
EF
102
}
330
EF
100
AcDbVisualStyle
  2
EdgeColorOff
 70
    22
177
     3
291
     1
 70
    58
 90
        2
176
     0
 90
        2
176
     0
 90
        0
176
     0
 90
        0
176
     0
 40
0.6
176
     0
 40
30.0
176
     0
 62
     7
420
 16777215
176
     0
 90
        1
176
     0
 90
        4
176
     0
 62
     7
176
     0
 62
   257
176
     0
 90
        1
176
     0
 90
        1
176
     0
 40
1.0
176
     0
 90
        8
176
     2
 62
     7
176
     0
 40
1.0
176
     0
 90
        1
176
     0
 90
        6
176
     0
 90
        2
176
     0
 62
     7
176
     0
 90
        5
176
     0
 90
        0
176
     0
 90
        0
176
     0
290
     0
176
     0
 90
        1
176
     0
 40
0.0
176
     0
 90
        0
176
     0
290
     0
176
     1
290
     1
176
     1
290
     1
176
     1
290
     0
176
     1
290
     0
176
     1
290
     0
176
     1
290
     0
176
     1
290
     0
176
     1
290
     0
176
     1
 90
       50
176
     1
 40
0.0
176
     1
 40
1.0
176
     1
 90
        0
176
     1
 62
    18
420
        0
176
     1
 90
       50
176
     1
 90
        3
176
     1
 62
     5
420
      255
176
     1
290
     0
176
     1
 90
       50
176
     1
 90
       50
176
     1
 90
       50
176
     1
290
     0
176
     1
 90
       50
176
     1
 62
   256
176
     0
 40
1.0
176
     0
 90
        2
176
     1
  1
strokes_ogs.tif
176
     1
290
     0
176
     1
 40
1.0
176
     1
 40
1.0
176
     1
  0
VISUALSTYLE
  5
FE
102
{ACAD_REACTORS
330
EF
102
}
330
EF
100
AcDbVisualStyle
  2
Facepattern
 70
    15
177
     3
291
     1
 70
    58
 90
        2
176
     1
 90
        2
176
     1
 90
        1
176
     1
 90
        0
176
     1
 40
0.6
176
     1
 40
30.0
176
     1
 62
     7
420
 16777215
176
     1
 90
        1
176
     1
 90
        4
176
     1
 62
     7
176
     1
 62
   257
176
     1
 90
        1
176
     1
 90
        1
176
     1
 40
1.0
176
     1
 90
        8
176
     1
 62
     7
176
     1
 40
1.0
176
     1
 90
        1
176
     1
 90
        6
176
     1
 90
        2
176
     1
 62
     7
176
     1
 90
        5
176
     1
 90
        0
176
     1
 90
        0
176
     1
290
     0
176
     1
 90
        1
176
     1
 40
0.0
176
     1
 90
        0
176
     1
290
     0
176
     1
290
     1
176
     1
290
     1
176
     1
290
     0
176
     1
290
     0
176
     1
290
     0
176
     1
290
     0
176
     1
290
     0
176
     1
290
     0
176
     1
 90
       50
176
     1
 40
0.0
176
     1
 40
1.0
176
     1
 90
        0
176
     1
 62
    18
420
        0
176
     1
 90
       50
176
     1
 90
        3
176
     1
 62
     5
420
      255
176
     1
290
     0
176
     1
 90
       50
176
     1
 90
       50
176
     1
 90
       50
176
     1
290
     0
176
     1
 90
       50
176
     1
 62
   256
176
     0
 40
1.0
176
     0
 90
        2
176
     1
  1
strokes_ogs.tif
176
     1
290
     0
176
     1
 40
1.0
176
     1
 40
1.0
176
     1
  0
VISUALSTYLE
  5
F0
102
{ACAD_REACTORS
330
EF
102
}
330
EF
100
AcDbVisualStyle
  2
Flat
 70
     0
177
     3
291
     1
 70
    58
 90
        2
176
     1
 90
        1
176
     1
 90
        1
176
     1
 90
        2
176
     1
 40
0.6
176
     1
 40
30.0
176
     1
 62
     7
420
 16777215
176
     1
 90
        0
176
     1
 90
        0
176
     1
 62
     7
176
     1
 62
   257
176
     1
 90
        1
176
     1
 90
        1
176
     1
 40
1.0
176
     1
 90
        8
176
     1
 62
     7
176
     1
 40
1.0
176
     1
 90
        1
176
     1
 90
        6
176
     1
 90
        2
176
     1
 62
     7
176
     1
 90
        5
176
     1
 90
        0
176
     1
 90
        0
176
     1
290
     0
176
     1
 90
       13
176
     1
 40
0.0
176
     1
 90
        0
176
     1
290
     0
176
     1
290
     1
176
     1
290
     1
176
     1
290
     0
176
     1
290
     0
176
     1
290
     0
176
     1
290
     0
176
     1
290
     0
176
     1
290
     0
176
     1
 90
       50
176
     1
 40
0.0
176
     1
 40
1.0
176
     1
 90
        0
176
     1
 62
    18
420
        0
176
     1
 90
       50
176
     1
 90
        3
176
     1
 62
     5
420
      255
176
     1
290
     0
176
     1
 90
       50
176
     1
 90
       50
176
     1
 90
       50
176
     1
290
     0
176
     1
 90
       50
176
     1
 62
   256
176
     0
 40
1.0
176
     0
 90
        2
176
     1
  1
strokes_ogs.tif
176
     1
290
     0
176
     1
 40
1.0
176
     1
 40
1.0
176
     1
  0
VISUALSTYLE
  5
F1
102
{ACAD_REACTORS
330
EF
102
}
330
EF
100
AcDbVisualStyle
  2
FlatWithEdges
 70
     1
177
     3
291
     1
 70
    58
 90
        2
176
     1
 90
        1
176
     1
 90
        1
176
     1
 90
        2
176
     1
 40
0.6
176
     1
 40
30.0
176
     1
 62
     7
420
 16777215
176
     1
 90
        1
176
     1
 90
        0
176
     1
 62
     7
176
     1
 62
   257
176
     1
 90
        1
176
     1
 90
        1
176
     1
 40
1.0
176
     1
 90
        0
176
     1
 62
   257
176
     1
 40
1.0
176
     1
 90
        1
176
     1
 90
        6
176
     1
 90
        2
176
     1
 62
     7
176
     1
 90
        5
176
     1
 90
        0
176
     1
 90
        0
176
     1
290
     0
176
     1
 90
       13
176
     1
 40
0.0
176
     1
 90
        0
176
     1
290
     0
176
     1
290
     1
176
     1
290
     1
176
     1
290
     0
176
     1
290
     0
176
     1
290
     0
176
     1
290
     0
176
     1
290
     0
176
     1
290
     0
176
     1
 90
       50
176
     1
 40
0.0
176
     1
 40
1.0
176
     1
 90
        0
176
     1
 62
    18
420
        0
176
     1
 90
       50
176
     1
 90
        3
176
     1
 62
     5
420
      255
176
     1
290
     0
176
     1
 90
       50
176
     1
 90
       50
176
     1
 90
       50
176
     1
290
     0
176
     1
 90
       50
176
     1
 62
   256
176
     0
 40
1.0
176
     0
 90
        2
176
     1
  1
strokes_ogs.tif
176
     1
290
     0
176
     1
 40
1.0
176
     1
 40
1.0
176
     1
  0
VISUALSTYLE
  5
F2
102
{ACAD_REACTORS
330
EF
102
}
330
EF
100
AcDbVisualStyle
  2
Gouraud
 70
     2
177
     3
291
     1
 70
    58
 90
        2
176
     1
 90
        2
176
     1
 90
        1
176
     1
 90
        2
176
     1
 40
0.6
176
     1
 40
30.0
176
     1
 62
     7
420
 16777215
176
     1
 90
        0
176
     1
 90
        0
176
     1
 62
     7
176
     1
 62
   257
176
     1
 90
        1
176
     1
 90
        1
176
     1
 40
1.0
176
     1
 90
        0
176
     1
 62
     7
176
     1
 40
1.0
176
     1
 90
        1
176
     1
 90
        6
176
     1
 90
        2
176
     1
 62
     7
176
     1
 90
        5
176
     1
 90
        0
176
     1
 90
        0
176
     1
290
     0
176
     1
 90
       13
176
     1
 40
0.0
176
     1
 90
        0
176
     1
290
     0
176
     1
290
     1
176
     1
290
     1
176
     1
290
     0
176
     1
290
     0
176
     1
290
     0
176
     1
290
     0
176
     1
290
     0
176
     1
290
     0
176
     1
 90
       50
176
     1
 40
0.0
176
     1
 40
1.0
176
     1
 90
        0
176
     1
 62
    18
420
        0
176
     1
 90
       50
176
     1
 90
        3
176
     1
 62
     5
420
      255
176
     1
290
     0
176
     1
 90
       50
176
     1
 90
       50
176
     1
 90
       50
176
     1
290
     0
176
     1
 90
       50
176
     1
 62
   256
176
     0
 40
1.0
176
     0
 90
        2
176
     1
  1
strokes_ogs.tif
176
     1
290
     0
176
     1
 40
1.0
176
     1
 40
1.0
176
     1
  0
VISUALSTYLE
  5
F3
102
{ACAD_REACTORS
330
EF
102
}
330
EF
100
AcDbVisualStyle
  2
GouraudWithEdges
 70
     3
177
     3
291
     1
 70
    58
 90
        2
176
     1
 90
        2
176
     1
 90
        1
176
     1
 90
        2
176
     1
 40
0.6
176
     1
 40
30.0
176
     1
 62
     7
420
 16777215
176
     1
 90
        1
176
     1
 90
        0
176
     1
 62
     7
176
     1
 62
   257
176
     1
 90
        1
176
     1
 90
        1
176
     1
 40
1.0
176
     1
 90
        0
176
     1
 62
   257
176
     1
 40
1.0
176
     1
 90
        1
176
     1
 90
        6
176
     1
 90
        2
176
     1
 62
     7
176
     1
 90
        5
176
     1
 90
        0
176
     1
 90
        0
176
     1
290
     0
176
     1
 90
       13
176
     1
 40
0.0
176
     1
 90
        0
176
     1
290
     0
176
     1
290
     1
176
     1
290
     1
176
     1
290
     0
176
     1
290
     0
176
     1
290
     0
176
     1
290
     0
176
     1
290
     0
176
     1
290
     0
176
     1
 90
       50
176
     1
 40
0.0
176
     1
 40
1.0
176
     1
 90
        0
176
     1
 62
    18
420
        0
176
     1
 90
       50
176
     1
 90
        3
176
     1
 62
     5
420
      255
176
     1
290
     0
176
     1
 90
       50
176
     1
 90
       50
176
     1
 90
       50
176
     1
290
     0
176
     1
 90
       50
176
     1
 62
   256
176
     0
 40
1.0
176
     0
 90
        2
176
     1
  1
strokes_ogs.tif
176
     1
290
     0
176
     1
 40
1.0
176
     1
 40
1.0
176
     1
  0
VISUALSTYLE
  5
F7
102
{ACAD_REACTORS
330
EF
102
}
330
EF
100
AcDbVisualStyle
  2
Hidden
 70
     6
177
     3
291
     0
 70
    58
 90
        1
176
     1
 90
        2
176
     1
 90
        2
176
     1
 90
        0
176
     1
 40
0.6
176
     1
 40
30.0
176
     1
 62
     7
420
 16777215
176
     1
 90
        2
176
     1
 90
        2
176
     1
 62
     7
176
     1
 62
   257
176
     1
 90
        2
176
     1
 90
        1
176
     1
 40
40.0
176
     1
 90
        0
176
     1
 62
   257
176
     1
 40
1.0
176
     1
 90
        1
176
     1
 90
        6
176
     1
 90
        2
176
     1
 62
     7
176
     1
 90
        3
176
     1
 90
        0
176
     1
 90
        0
176
     1
290
     0
176
     1
 90
        1
176
     1
 40
0.0
176
     1
 90
        0
176
     1
290
     0
176
     1
290
     1
176
     1
290
     1
176
     1
290
     0
176
     1
290
     0
176
     1
290
     0
176
     1
290
     0
176
     1
290
     0
176
     1
290
     0
176
     1
 90
       50
176
     1
 40
0.0
176
     1
 40
1.0
176
     1
 90
        0
176
     1
 62
    18
420
        0
176
     1
 90
       50
176
     1
 90
        3
176
     1
 62
     5
420
      255
176
     1
290
     0
176
     1
 90
       50
176
     1
 90
       50
176
     1
 90
       50
176
     1
290
     0
176
     1
 90
       50
176
     1
 62
   256
176
     0
 40
1.0
176
     0
 90
        2
176
     1
  1
strokes_ogs.tif
176
     1
290
     0
176
     1
 40
1.0
176
     1
 40
1.0
176
     1
  0
VISUALSTYLE
  5
1E4
102
{ACAD_REACTORS
330
EF
102
}
330
EF
100
AcDbVisualStyle
  2
JitterOff
 70
    20
177
     3
291
     1
 70
    58
 90
        2
176
     0
 90
        2
176
     0
 90
        0
176
     0
 90
        0
176
     0
 40
0.6
176
     0
 40
30.0
176
     0
 62
     7
420
 16777215
176
     0
 90
        1
176
     0
 90
        4
176
     0
 62
     7
176
     0
 62
   257
176
     0
 90
        1
176
     0
 90
        1
176
     0
 40
1.0
176
     0
 90
       10
176
     2
 62
     7
176
     0
 40
1.0
176
     0
 90
        1
176
     0
 90
        6
176
     0
 90
        2
176
     0
 62
     7
176
     0
 90
        5
176
     0
 90
        0
176
     0
 90
        0
176
     0
290
     0
176
     0
 90
        1
176
     0
 40
0.0
176
     0
 90
        0
176
     0
290
     0
176
     1
290
     1
176
     1
290
     1
176
     1
290
     0
176
     1
290
     0
176
     1
290
     0
176
     1
290
     0
176
     1
290
     0
176
     1
290
     0
176
     1
 90
       50
176
     1
 40
0.0
176
     1
 40
1.0
176
     1
 90
        0
176
     1
 62
    18
420
        0
176
     1
 90
       50
176
     1
 90
        3
176
     1
 62
     5
420
      255
176
     1
290
     0
176
     1
 90
       50
176
     1
 90
       50
176
     1
 90
       50
176
     1
290
     0
176
     1
 90
       50
176
     1
 62
   256
176
     0
 40
1.0
176
     0
 90
        2
176
     1
  1
strokes_ogs.tif
176
     1
290
     0
176
     1
 40
1.0
176
     1
 40
1.0
176
     1
  0
VISUALSTYLE
  5
FD
102
{ACAD_REACTORS
330
EF
102
}
330
EF
100
AcDbVisualStyle
  2
Linepattern
 70
    14
177
     3
291
     1
 70
    58
 90
        2
176
     1
 90
        2
176
     1
 90
        1
176
     1
 90
        0
176
     1
 40
0.6
176
     1
 40
30.0
176
     1
 62
     7
420
 16777215
176
     1
 90
        1
176
     1
 90
        4
176
     1
 62
     7
176
     1
 62
   257
176
     1
 90
        7
176
     1
 90
        7
176
     1
 40
1.0
176
     1
 90
        8
176
     1
 62
     7
176
     1
 40
1.0
176
     1
 90
        1
176
     1
 90
        6
176
     1
 90
        2
176
     1
 62
     7
176
     1
 90
        5
176
     1
 90
        0
176
     1
 90
        0
176
     1
290
     0
176
     1
 90
        1
176
     1
 40
0.0
176
     1
 90
        0
176
     1
290
     0
176
     1
290
     1
176
     1
290
     1
176
     1
290
     0
176
     1
290
     0
176
     1
290
     0
176
     1
290
     0
176
     1
290
     0
176
     1
290
     0
176
     1
 90
       50
176
     1
 40
0.0
176
     1
 40
1.0
176
     1
 90
        0
176
     1
 62
    18
420
        0
176
     1
 90
       50
176
     1
 90
        3
176
     1
 62
     5
420
      255
176
     1
290
     0
176
     1
 90
       50
176
     1
 90
       50
176
     1
 90
       50
176
     1
290
     0
176
     1
 90
       50
176
     1
 62
   256
176
     0
 40
1.0
176
     0
 90
        2
176
     1
  1
strokes_ogs.tif
176
     1
290
     0
176
     1
 40
1.0
176
     1
 40
1.0
176
     1
  0
VISUALSTYLE
  5
1E5
102
{ACAD_REACTORS
330
EF
102
}
330
EF
100
AcDbVisualStyle
  2
OverhangOff
 70
    21
177
     3
291
     1
 70
    58
 90
        2
176
     0
 90
        2
176
     0
 90
        0
176
     0
 90
        0
176
     0
 40
0.6
176
     0
 40
30.0
176
     0
 62
     7
420
 16777215
176
     0
 90
        1
176
     0
 90
        4
176
     0
 62
     7
176
     0
 62
   257
176
     0
 90
        1
176
     0
 90
        1
176
     0
 40
1.0
176
     0
 90
        9
176
     2
 62
     7
176
     0
 40
1.0
176
     0
 90
        1
176
     0
 90
        6
176
     0
 90
        2
176
     0
 62
     7
176
     0
 90
        5
176
     0
 90
        0
176
     0
 90
        0
176
     0
290
     0
176
     0
 90
        1
176
     0
 40
0.0
176
     0
 90
        0
176
     0
290
     0
176
     1
290
     1
176
     1
290
     1
176
     1
290
     0
176
     1
290
     0
176
     1
290
     0
176
     1
290
     0
176
     1
290
     0
176
     1
290
     0
176
     1
 90
       50
176
     1
 40
0.0
176
     1
 40
1.0
176
     1
 90
        0
176
     1
 62
    18
420
        0
176
     1
 90
       50
176
     1
 90
        3
176
     1
 62
     5
420
      255
176
     1
290
     0
176
     1
 90
       50
176
     1
 90
       50
176
     1
 90
       50
176
     1
290
     0
176
     1
 90
       50
176
     1
 62
   256
176
     0
 40
1.0
176
     0
 90
        2
176
     1
  1
strokes_ogs.tif
176
     1
290
     0
176
     1
 40
1.0
176
     1
 40
1.0
176
     1
  0
VISUALSTYLE
  5
F9
102
{ACAD_REACTORS
330
EF
102
}
330
EF
100
AcDbVisualStyle
  2
Realistic
 70
     8
177
     3
291
     0
 70
    58
 90
        2
176
     1
 90
        3
176
     1
 90
        0
176
     1
 90
        2
176
     1
 40
0.6
176
     1
 40
30.0
176
     1
 62
     7
420
 16777215
176
     1
 90
        0
176
     1
 90
        0
176
     1
 62
     7
176
     1
 62
   257
176
     1
 90
        1
176
     1
 90
        1
176
     1
 40
1.0
176
     1
 90
        8
176
     1
 62
   257
176
     1
 40
1.0
176
     1
 90
        1
176
     1
 90
        6
176
     1
 90
        2
176
     1
 62
     7
176
     1
 90
        3
176
     1
 90
        0
176
     1
 90
        0
176
     1
290
     0
176
     1
 90
       13
176
     1
 40
0.0
176
     1
 90
        0
176
     1
290
     0
176
     1
290
     1
176
     1
290
     1
176
     1
290
     0
176
     1
290
     0
176
     1
290
     0
176
     1
290
     0
176
     1
290
     0
176
     1
290
     0
176
     1
 90
       50
176
     1
 40
0.0
176
     1
 40
1.0
176
     1
 90
        0
176
     1
 62
    18
420
        0
176
     1
 90
       50
176
     1
 90
        3
176
     1
 62
     5
420
      255
176
     1
290
     0
176
     1
 90
       50
176
     1
 90
       50
176
     1
 90
       50
176
     1
290
     0
176
     1
 90
       50
176
     1
 62
   256
176
     0
 40
1.0
176
     0
 90
        2
176
     1
  1
strokes_ogs.tif
176
     1
290
     0
176
     1
 40
1.0
176
     1
 40
1.0
176
     1
  0
VISUALSTYLE
  5
1F3
102
{ACAD_REACTORS
330
EF
102
}
330
EF
100
AcDbVisualStyle
  2
Shaded
 70
    27
177
     3
291
     0
 70
    58
 90
        2
176
     1
 90
        2
176
     1
 90
        1
176
     1
 90
        2
176
     1
 40
0.6
176
     1
 40
30.0
176
     1
 62
     7
420
 16777215
176
     1
 90
        0
176
     1
 90
        4
176
     1
 62
     7
176
     1
 62
   257
176
     1
 90
        1
176
     1
 90
        1
176
     1
 40
1.0
176
     1
 90
        8
176
     1
 62
   257
176
     1
 40
1.0
176
     1
 90
        1
176
     1
 90
        6
176
     1
 90
        2
176
     1
 62
     8
420
  7895160
176
     1
 90
        3
176
     1
 90
        0
176
     1
 90
        0
176
     1
290
     0
176
     1
 90
        5
176
     1
 40
0.0
176
     1
 90
        0
176
     1
290
     0
176
     1
290
     1
176
     1
290
     1
176
     1
290
     0
176
     1
290
     0
176
     1
290
     0
176
     1
290
     0
176
     1
290
     0
176
     1
290
     0
176
     1
 90
       50
176
     1
 40
0.0
176
     1
 40
1.0
176
     1
 90
        0
176
     1
 62
    18
420
        0
176
     1
 90
       50
176
     1
 90
        3
176
     1
 62
     5
420
      255
176
     1
290
     0
176
     1
 90
       50
176
     1
 90
       50
176
     1
 90
       50
176
     1
290
     0
176
     1
 90
       50
176
     1
 62
   256
176
     0
 40
1.0
176
     0
 90
        2
176
     1
  1
strokes_ogs.tif
176
     1
290
     0
176
     1
 40
1.0
176
     1
 40
1.0
176
     1
  0
VISUALSTYLE
  5
1F2
102
{ACAD_REACTORS
330
EF
102
}
330
EF
100
AcDbVisualStyle
  2
Shaded with edges
 70
    26
177
     3
291
     0
 70
    58
 90
        2
176
     1
 90
        2
176
     1
 90
        1
176
     1
 90
        2
176
     1
 40
0.6
176
     1
 40
30.0
176
     1
 62
     7
420
 16777215
176
     1
 90
        1
176
     1
 90
        2
176
     1
 62
     7
176
     1
 62
   257
176
     1
 90
        2
176
     1
 90
        1
176
     1
 40
1.0
176
     1
 90
        8
176
     1
 62
   257
176
     1
 40
1.0
176
     1
 90
        1
176
     1
 90
        6
176
     1
 90
        2
176
     1
 62
     7
176
     1
 90
        3
176
     1
 90
        0
176
     1
 90
        0
176
     1
290
     0
176
     1
 90
        5
176
     1
 40
0.0
176
     1
 90
        0
176
     1
290
     0
176
     1
290
     1
176
     1
290
     1
176
     1
290
     0
176
     1
290
     0
176
     1
290
     0
176
     1
290
     0
176
     1
290
     0
176
     1
290
     0
176
     1
 90
       50
176
     1
 40
0.0
176
     1
 40
1.0
176
     1
 90
        0
176
     1
 62
    18
420
        0
176
     1
 90
       50
176
     1
 90
        3
176
     1
 62
     5
420
      255
176
     1
290
     0
176
     1
 90
       50
176
     1
 90
       50
176
     1
 90
       50
176
     1
290
     0
176
     1
 90
       50
176
     1
 62
   256
176
     0
 40
1.0
176
     0
 90
        2
176
     1
  1
strokes_ogs.tif
176
     1
290
     0
176
     1
 40
1.0
176
     1
 40
1.0
176
     1
  0
VISUALSTYLE
  5
1EF
102
{ACAD_REACTORS
330
EF
102
}
330
EF
100
AcDbVisualStyle
  2
Shades of Gray
 70
    23
177
     3
291
     0
 70
    58
 90
        2
176
     1
 90
        2
176
     1
 90
        3
176
     1
 90
        0
176
     1
 40
0.6
176
     1
 40
30.0
176
     1
 62
     7
420
 16777215
176
     1
 90
        2
176
     1
 90
        2
176
     1
 62
     7
176
     1
 62
     7
176
     1
 90
        1
176
     1
 90
        1
176
     1
 40
40.0
176
     1
 90
        8
176
     1
 62
     7
176
     1
 40
1.0
176
     1
 90
        1
176
     1
 90
        6
176
     1
 90
        2
176
     1
 62
     7
176
     1
 90
        3
176
     1
 90
        0
176
     1
 90
        0
176
     1
290
     0
176
     1
 90
        1
176
     1
 40
0.0
176
     1
 90
        0
176
     1
290
     0
176
     1
290
     1
176
     1
290
     1
176
     1
290
     0
176
     1
290
     0
176
     1
290
     0
176
     1
290
     0
176
     1
290
     0
176
     1
290
     0
176
     1
 90
       50
176
     1
 40
0.0
176
     1
 40
1.0
176
     1
 90
        0
176
     1
 62
    18
420
        0
176
     1
 90
       50
176
     1
 90
        3
176
     1
 62
     5
420
      255
176
     1
290
     0
176
     1
 90
       50
176
     1
 90
       50
176
     1
 90
       50
176
     1
290
     0
176
     1
 90
       50
176
     1
 62
   256
176
     0
 40
1.0
176
     0
 90
        2
176
     1
  1
strokes_ogs.tif
176
     1
290
     0
176
     1
 40
1.0
176
     1
 40
1.0
176
     1
  0
VISUALSTYLE
  5
1F0
102
{ACAD_REACTORS
330
EF
102
}
330
EF
100
AcDbVisualStyle
  2
Sketchy
 70
    24
177
     3
291
     0
 70
    58
 90
        1
176
     1
 90
        2
176
     1
 90
        2
176
     1
 90
        0
176
     1
 40
0.6
176
     1
 40
30.0
176
     1
 62
     7
420
 16777215
176
     1
 90
        2
176
     1
 90
        2
176
     1
 62
     7
176
     1
 62
     7
176
     1
 90
        1
176
     1
 90
        1
176
     1
 40
40.0
176
     1
 90
       11
176
     1
 62
     7
176
     1
 40
1.0
176
     1
 90
        1
176
     1
 90
        6
176
     1
 90
        2
176
     1
 62
     7
176
     1
 90
        6
176
     1
 90
        0
176
     1
 90
        0
176
     1
290
     0
176
     1
 90
        1
176
     1
 40
0.0
176
     1
 90
        0
176
     1
290
     0
176
     1
290
     1
176
     1
290
     1
176
     1
290
     0
176
     1
290
     0
176
     1
290
     0
176
     1
290
     0
176
     1
290
     0
176
     1
290
     0
176
     1
 90
       50
176
     1
 40
0.0
176
     1
 40
1.0
176
     1
 90
        0
176
     1
 62
    18
420
        0
176
     1
 90
       50
176
     1
 90
        3
176
     1
 62
     5
420
      255
176
     1
290
     0
176
     1
 90
       50
176
     1
 90
       50
176
     1
 90
       50
176
     1
290
     0
176
     1
 90
       50
176
     1
 62
   256
176
     0
 40
1.0
176
     0
 90
        2
176
     1
  1
strokes_ogs.tif
176
     1
290
     0
176
     1
 40
1.0
176
     1
 40
1.0
176
     1
  0
VISUALSTYLE
  5
FC
102
{ACAD_REACTORS
330
EF
102
}
330
EF
100
AcDbVisualStyle
  2
Thicken
 70
    13
177
     3
291
     1
 70
    58
 90
        2
176
     1
 90
        2
176
     1
 90
        1
176
     1
 90
        0
176
     1
 40
0.6
176
     1
 40
30.0
176
     1
 62
     7
420
 16777215
176
     1
 90
        1
176
     1
 90
        4
176
     1
 62
     7
176
     1
 62
   257
176
     1
 90
        1
176
     1
 90
        1
176
     1
 40
1.0
176
     1
 90
       12
176
     1
 62
     7
176
     1
 40
1.0
176
     1
 90
        1
176
     1
 90
        6
176
     1
 90
        2
176
     1
 62
     7
176
     1
 90
        5
176
     1
 90
        0
176
     1
 90
        0
176
     1
290
     0
176
     1
 90
        1
176
     1
 40
0.0
176
     1
 90
        0
176
     1
290
     0
176
     1
290
     1
176
     1
290
     1
176
     1
290
     0
176
     1
290
     0
176
     1
290
     0
176
     1
290
     0
176
     1
290
     0
176
     1
290
     0
176
     1
 90
       50
176
     1
 40
0.0
176
     1
 40
1.0
176
     1
 90
        0
176
     1
 62
    18
420
        0
176
     1
 90
       50
176
     1
 90
        3
176
     1
 62
     5
420
      255
176
     1
290
     0
176
     1
 90
       50
176
     1
 90
       50
176
     1
 90
       50
176
     1
290
     0
176
     1
 90
       50
176
     1
 62
   256
176
     0
 40
1.0
176
     0
 90
        2
176
     1
  1
strokes_ogs.tif
176
     1
290
     0
176
     1
 40
1.0
176
     1
 40
1.0
176
     1
  0
VISUALSTYLE
  5
F6
102
{ACAD_REACTORS
330
EF
102
}
330
EF
100
AcDbVisualStyle
  2
Wireframe
 70
     5
177
     3
291
     0
 70
    58
 90
        0
176
     1
 90
        2
176
     1
 90
        0
176
     1
 90
        0
176
     1
 40
0.6
176
     1
 40
30.0
176
     1
 62
     7
420
 16777215
176
     1
 90
        1
176
     1
 90
        4
176
     1
 62
     7
176
     1
 62
   257
176
     1
 90
        1
176
     1
 90
        1
176
     1
 40
1.0
176
     1
 90
        0
176
     1
 62
   257
176
     1
 40
1.0
176
     1
 90
        1
176
     1
 90
        6
176
     1
 90
        2
176
     1
 62
     7
176
     1
 90
        3
176
     1
 90
        0
176
     1
 90
        0
176
     1
290
     0
176
     1
 90
        1
176
     1
 40
0.0
176
     1
 90
        0
176
     1
290
     0
176
     1
290
     1
176
     1
290
     1
176
     1
290
     0
176
     1
290
     0
176
     1
290
     0
176
     1
290
     0
176
     1
290
     0
176
     1
290
     0
176
     1
 90
       50
176
     1
 40
0.0
176
     1
 40
1.0
176
     1
 90
        0
176
     1
 62
    18
420
        0
176
     1
 90
       50
176
     1
 90
        3
176
     1
 62
     5
420
      255
176
     1
290
     0
176
     1
 90
       50
176
     1
 90
       50
176
     1
 90
       50
176
     1
290
     0
176
     1
 90
       50
176
     1
 62
   256
176
     0
 40
1.0
176
     0
 90
        2
176
     1
  1
strokes_ogs.tif
176
     1
290
     0
176
     1
 40
1.0
176
     1
 40
1.0
176
     1
  0
VISUALSTYLE
  5
1F1
102
{ACAD_REACTORS
330
EF
102
}
330
EF
100
AcDbVisualStyle
  2
X-Ray
 70
    25
177
     3
291
     0
 70
    58
 90
        2
176
     1
 90
        2
176
     1
 90
        1
176
     1
 90
        1
176
     1
 40
0.5
176
     1
 40
30.0
176
     1
 62
     7
420
 16777215
176
     1
 90
        1
176
     1
 90
        0
176
     1
 62
     7
176
     1
 62
   257
176
     1
 90
        1
176
     1
 90
        1
176
     1
 40
1.0
176
     1
 90
        8
176
     1
 62
     7
176
     1
 40
1.0
176
     1
 90
        1
176
     1
 90
        6
176
     1
 90
        2
176
     1
 62
     7
176
     1
 90
        3
176
     1
 90
        0
176
     1
 90
        0
176
     1
290
     0
176
     1
 90
       13
176
     1
 40
0.0
176
     1
 90
        0
176
     1
290
     0
176
     1
290
     1
176
     1
290
     1
176
     1
290
     0
176
     1
290
     0
176
     1
290
     0
176
     1
290
     0
176
     1
290
     0
176
     1
290
     0
176
     1
 90
       50
176
     1
 40
0.0
176
     1
 40
1.0
176
     1
 90
        0
176
     1
 62
    18
420
        0
176
     1
 90
       50
176
     1
 90
        3
176
     1
 62
     5
420
      255
176
     1
290
     0
176
     1
 90
       50
176
     1
 90
       50
176
     1
 90
       50
176
     1
290
     0
176
     1
 90
       50
176
     1
 62
   256
176
     0
 40
1.0
176
     0
 90
        2
176
     1
  1
strokes_ogs.tif
176
     1
290
     0
176
     1
 40
1.0
176
     1
 40
1.0
176
     1
  0
DICTIONARYVAR
  5
146
102
{ACAD_REACTORS
330
5E
102
}
330
5E
100
DictionaryVariables
280
     0
  1
1:1
  0
DICTIONARYVAR
  5
259
102
{ACAD_REACTORS
330
5E
102
}
330
5E
100
DictionaryVariables
280
     0
  1
3.500000
  0
DICTIONARYVAR
  5
25A
102
{ACAD_REACTORS
330
5E
102
}
330
5E
100
DictionaryVariables
280
     0
  1
acadiso.lin
  0
DICTIONARYVAR
  5
145
102
{ACAD_REACTORS
330
5E
102
}
330
5E
100
DictionaryVariables
280
     0
  1
STANDARD
  0
DICTIONARYVAR
  5
84
102
{ACAD_REACTORS
330
5E
102
}
330
5E
100
DictionaryVariables
280
     0
  1
STANDARD
  0
DICTIONARYVAR
  5
227
102
{ACAD_REACTORS
330
5E
102
}
330
5E
100
DictionaryVariables
280
     0
  1
Metric50
  0
DICTIONARYVAR
  5
228
102
{ACAD_REACTORS
330
5E
102
}
330
5E
100
DictionaryVariables
280
     0
  1
Metric50
  0
DICTIONARYVAR
  5
5F
102
{ACAD_REACTORS
330
5E
102
}
330
5E
100
DictionaryVariables
280
     0
  1
2
  0
DICTIONARYVAR
  5
63
102
{ACAD_REACTORS
330
5E
102
}
330
5E
100
DictionaryVariables
280
     0
  1
1
  0
DICTIONARYVAR
  5
1AE
102
{ACAD_REACTORS
330
5E
102
}
330
5E
100
DictionaryVariables
280
     0
  1
0
  0
DICTIONARYVAR
  5
1AF
102
{ACAD_REACTORS
330
5E
102
}
330
5E
100
DictionaryVariables
280
     0
  1
0
  0
DICTIONARY
  5
205
330
22
100
AcDbDictionary
280
     1
281
     1
  0
DICTIONARY
  5
1F9
330
ED
100
AcDbDictionary
280
     1
281
     1
  3
FBXASSET
360
1FA
  0
DICTIONARY
  5
1F7
330
EC
100
AcDbDictionary
280
     1
281
     1
  3
FBXASSET
360
1F8
  0
DICTIONARY
  5
173
330
EE
100
AcDbDictionary
280
     1
281
     1
  3
BUMPTILE
360
175
  3
DIFFUSETILE
360
174
  3
FBXASSET
360
1FB
  3
OPACITYTILE
360
176
  3
REFLECTIONTILE
360
177
  0
DICTIONARY
  5
162
330
7F
100
AcDbDictionary
280
     1
281
     1
  3
ACAD_ROUNDTRIP_2008_TABLESTYLE_CELLSTYLEMAP
360
B58
  0
XRECORD
  5
1FA
102
{ACAD_REACTORS
330
1F9
102
}
330
1F9
100
AcDbXrecord
280
     1
 70
     1
 90
429727718
  1
D62C5603-E3A1-4AEA-B7FB-FE5D8D0755AF
310
504B03040A0000080000CC70623B3DEE336E79000000790000001B0000006175746F6465736B2D64657369676E2D7061636B6167652E786D6C3C3F786D6C2076657273696F6E3D22312E302220656E636F64696E673D227574662D3822203F3E3C666F726D6174733E3C666F726D61743E687474703A2F2F736368656D612E
310
6175746F6465736B2E636F6D2F64657369676E2D7061636B6167652F323030393C2F666F726D61743E3C2F666F726D6174733E504B0304140006080800CC70623BD486FD9CA0000000F4000000130000005B436F6E74656E745F54797065735D2E786D6C7D8EC10E82300C865F65E91D8A1E8C310C0EEA1BF002731658846E
310
D98AC1B77784ABF1D8FE5FBFBF75BBCE937A534CCEB38643598122B6FEE978D0B0485F9C41B54DDD7D022595594E1A469170414C76A4D9A4D207E29CF43ECE46F218070CC6BECC4078ACAA135ACF422C856C0E68EA1BF5669944DDD7BCDE7B1F8E415D77AECB980613C2E4AC91FC167A2B244592486606FC29C8FD7F045B9A
310
EF7053A7E60B504B0304140006080800CC70623B853B8169EB0000007C01000008000000636F72652E786D6C8D90416EC3201045AF62CDB6C206821CC7C244919D9CA01740401C94182C03558F5F9C3852BBEB6A467FFE9B197D7EFC9E1EC5975982F5AE035262288C535E5B377690E21535501C055FBC8FBF6C503839990E
310
5619041F179FE64D52DE45E362569DD7661365082642A11EB9E920A89B99642953CC8E702F67A9EE7234257977194EC9EAE275C4EABCCF5EAD5940D4AC6F0E35A568B8F43562CD7046CD199FD07E60174276A7BE677B5EADB0E0D14EEFFB6A31321A0D82627C4084204C3F096B71DD52F6819B16635EADF63F509AF53FA164
310
5DDCD1EDDD17164090FCC8732078B56691CB33A85CD7DCC40F504B0304140006080800CC70623B55019EA25F0000007C00000007000000636E782E786D6C4DCB3B0E80201045D1AD90E915ED2CF8AC45050C11660C8261F98AB1B07AC9C97D42D718D865D3E909258CFD00CCE24AC6E326A164D74DC0B4128928FF32603847
310
2BA13128B1252AC747C6BAB984FC68F0B87FE8960A5C09FE86CFB69FBA01504B0304140006080800CC70623BDBABAAF470010000D40300000C0000006662782F636F72652E786D6CC553D16E823014FD95A6AF4B694182CC941A83FA05FB810A9511A125A5257EFE2E82712ECEB8A7F100CD39F7F69E734AF9FADC366850B6
310
AF8DCE7018308C942E4C59EB2AC3DE1D498AD15A706B8CFB56869196ADCAF00863C12B6B7C374385D14E6907A836A59A41D9F7CA615434B0C8705F7CAA5606D23BA8E84F41278B93AC54100640439DE0BDB320004D43C63716C7C399D30917DCFBBA9CD9BA8469F5B156168B24CED3F7248AC8769F27244EB73B92EED8862C
310
B7F13E0C179B3C8F979C8ECD82BBBABDAA2BAC924E9558448CBD9330242CFA08E3154B5651FCC6D215639C8EE5774DBE2B5F6CF2B5768B68963BB5F5588420E442FC700B1139D4CB01F450C1E918227C2E09DF070D8140C84E1E9AAB8F1340832A9CB13130A5F1376A908D57309505ECF2A0DF179C4E9D30F5B239B87E3823
310
7A79C6F31DE1A8A5AEC08474B03C7837EAE4938639B44E5932B833D2C6B6B279CDC613877FA26EE21F4A2A4C63EC7F29A2F301D1F9F7A0E37D145F504B0304140006080800CC70623B9C113CC27E0000009D0000000B0000006662782F636E782E786D6C4DCCDF0A83201C86E15B91DFB94BFB330DD428C8FB886521330DA7
310
6397BF1A1DECE883878F57749FCDA1B7892F1BBC047A23808C7F84D9FA55424E0BE6803A256208E9EF06C84F9B91703228B1C690F78B66B34CD9A5439DF5CF0BFBF65E35BCA1B8D6A5C6F540381E886698B5741C695F9503EBA150A2F8958E3DC3EA0B504B0304140006080800CC70623B7DF2F77C2A010000120200003100
310
00006662782F41393633353835312D344632462D344230382D423046372D3739314545314133324237412F636F72652E786D6C8D51DB8EC22014FC15C2939B0D2DB4B45643319AE817EC0F6041255A68B86CFCFC856D4D76DF7CE190393373060EDB3DC707F856CE6B6B7A480A0C81328395DA5C7B18C3057510EC3873D686
310
3F34088C18550F330C39BB3A1BA7051AAC09CA84841A2BD5020AEF55806078A44B0FFD7053A328440C89E1EFC52486BBB8AA8214A99D789CF9E05200300FC927E4FB4D5B375D43103D5527440FB843077C5AA3F5861C8F645F5787F59E95B390B318B55CE45AA638FAA2957BD7248B390B7A7CC51F9C124149C82B8C378810
310
84AB2F42B7B8DD56F413775B8C5999E9FF4471926F8AA236A1AE96B8B3CC434E5839373893369E1FAF30EA395917409EB7F26AF8801C171837A4A6AC9C89E9F9C9B1A58BA30FD6A5EF5DDDCF894B9AD9B6A59C957943A9FCAE2FD5BC4DFE03504B0304140006080800CC70623BAD7543B64E01000033030000300000006662
310
782F41393633353835312D344632462D344230382D423046372D3739314545314133324237412F636E782E786D6CD593CD6EC32010845F0571AD6CE3D48AD20813A9873E410FBD12D82434182C7EAAE6EDBB2424CD25871E7B41D6EC30B3FA84F9E67BB2E40B4234DE8DB46F1925E094D7C6ED479AD3AE5951B2113C789FEE
310
6C943839C1488B4C05DF079FE72A69D8C96C13AAD6B8631503449F83828872B949AC57D26200B826A308D316B4064D6E46FCDA41C05550DC9E483A00797BFD207EFB092A45DE9514C1BBD22178396BD39D891265658C238DEA00936C654E5E433CB65A26D9F6EDB5EBC14EBF49A45CB856E66048291F6939A9A81BB5C89177
310
38143CA680F4AA299D66A042CEB3354A2684DC9D8D178FE0D9B8B41CAAD720F880EE7EF93C0C18769E099ECC04D5A102C8049A8A05632F4DDF376CF1DE0F6BB65C2F8627B65A33C6BB62177CEBBDAD973006829F89F22E814B54F4BC2BE347F8AA8F681390B50FA73F804400B5F542E796F19FF974E7F78DB802FE05E20750
310
4B0304140006080800CC70623BE75B7789680500003C100000340000006662782F41393633353835312D344632462D344230382D423046372D3739314545314133324237412F6F626A656374732E786D6CAD575B8F9B3818FD2B887D06C22499CB8AA1CA655245D5B455A356FB305264C061D8018C6C3393D95FBFC7600890
310
A4CD5EF210B0B1BFEBF98E3F7B1FF6596ABC522E1296DF9BAE3D320D9A872C4AF2F8DE2CE5CEBA358D0FBEC719939D65A691938CDE9B6ADAF4BD98B3B2D05311DD91329583D9D5FC0F438434A7A611A644887B5384CF34233629258BA878B12322891DEFF6B66BD70BFB62634E8AE781D082709A4B588AF91C528CDA28B73F
310
1C998EEF39EABBEFA97FBD6A7C7E9553F9D3D79FE442923C3C523610337627CB87ABE99D359D4CC6D6E4FACAB5E6ABF9D2726FC6A3C5F56271377BB88362213924694B38DD99FE47C48627A1E7D49F5A8BB5E1A74C0A599ED3B0F21F1E56366B89112D681E218F0915D0D6F17AD41FBA2A369DCF6335D62ABBD39779D5DDD1
310
11D4D8DE3CBB96B2E04FB8202E41051754A1AA8E8F76B4C6DFE810B580B1547F4B84911149794252234D024EF8BBE963A95AE27B3D310A9D5C215C7960FAEE415ED75694C6AFB17BCACA5D99A60A9AA65F217B0BFC53292ACB92BF283FAD0D3621576592CB5BED907C2FA8E9DF794E35E97BEA31BED21FEB401ABB94C44839
310
DCACBF0E1C5DA8DA5B2F4DFFD32AD86F543D9E565E7056502E157C00AD2671CD534549AB752FCA9CDA00677A313F04E51B22FF19E57B300579E3C97EB29F682D92935CEC18CF901B7B54FD8C51F362B56FC72FE0B3C1EAE335EDCCBF5AEC39ADB17DC238973F804BA5E6F6BFE7AF1FB32E523BE9F3BD571418E3631DCA4D48
310
5250CF639223210A9446CA30052EDF057BD35F8329C1ECD84552BF0DC8D18BE7BCE23BFE6BD960AB4A7DE79923A103BEBD80F911CBAA2C60DB19B01CF164A5583B772EE6D3FFA56666CBCDA74DC97724A48F9A58967497E489C4D979006FD7A05E227A1EBDD0F737C623387A9C844D3709995625106D157315F8B8392CD4E0
310
A0B9A720C4BE9829CEF37EA1E13111214D53925356365ADA634861B52519DD27A00AEB808EAF0628E6F435519D446F45CF2C9CF5214F0A15B2F6D06B79DA3EE3CBF7F56780D2F4E7EF73A0F5E5B02A38D07DC852C6B7C1FBB6664213E0C39E3EBA7FF4E1AD23EA2829407C85E586727488B751B2DB9502BC7B228A3FD68B6E
310
A65A22397E690AA8D158D7E404EC8CDA235CC3B7D1898680131CEC2CDF2638C65196279577750F15884AEE19F94199155B92B13297978469D4F8D358DF0AEF7631E28DC8F0D9F437D5D39A83B2231A1D52D543813A824EF8D44BCFF2FA6A31BD1E8DAD87F1CCB526B3879935BF59CDADD5C37479BB1CDD4CA7B3556B516589
310
EF352754B706114D9C885EC9131DE6EFEB43D99AFE2391C2F958179413D7CFEF6B1B6DB1E7600F00DE6E5C67454A339A4BA2E0FBA85ED26F045D454F463DBFCE484C2F90F2E5E3666003662ED8F755951A7D1BECD5B30B550B2785C8E7320B7292A4838DDA71BBC863ED7613CAF659337A3354231D4FF4A182A54904C2898C
310
98B28C4AD0CE056CCF332A80986E571EE9DBC305BB5FEB7E509220A58D25CF042D712A806AC0AD0C657FDEF80D2D9CEAA2EE4D1C76F60BFE74219A06527D6F82DF6412526107381E55E353090704D085B52408A8913C4ED159D79BDA71BB4BC506F4831350EB6F975CD22D69BF7AC49B91A2C0A9DDA3D5CA36AD20FC478E37
310
E61844E2352865EBCB61A275A65283CAAA9DD27703B4102F5AF51EF5F573B75CBB5AD38BC845F7A49F82A0966A49C2E3EA5EA0ECD326CD965F1DB402C6FA8B51A4658C5C5E2EC9E214602E55810345408596591009A82E7E7FFACA19EEA299B14A0081A705CB3296EBC14CDF658DCD336EA6D1136881AAEB87B81AB9EE53D5
310
F5EB8BC8362082DA24122F98680A4E7930C01A0079749CEA14382A0783E5EBA5A10F8C098456A03D6A4AEB6BB881E2513747552A5DB22C7EDAF83BD5528081A365F7FF06504B0304140006080000CC70623B000000000000000000000000350000006662782F41393633353835312D344632462D344230382D423046372D37
310
39314545314133324237412F76657274696365732E62696E504B0304140006080800CC70623BF270F1330600000004000000360000006662782F41393633353835312D344632462D344230382D423046372D3739314545314133324237412F747269616E676C65732E62696E636660600000504B0304140006080000CC7062
310
3B000000000000000000000000370000006662782F41393633353835312D344632462D344230382D423046372D3739314545314133324237412F617474726962757465732E62696E504B0304140006080800CC70623B08DA0BD19000000041010000360000006662782F41393633353835312D344632462D344230382D4230
310
46372D3739314545314133324237412F6469726563746F72792E786D6C858F410AC3201045AF22B36F53E9A60B35CBEEBAE80D244E44489C6234F4F835464A48035D0DF398FF9F8AF63D0E6CC63039F212F8F9020C7D47C6792B21C5FE7403D62A1188E2E60C98D7234A5830286103A55745067B9D86B8A3CF9C7F90C11DE6
310
07FB144396D7B6A82D282E9A152AD114D5EF2CB866EEE831B8EEA07A7BB5A8D7D61A2BAAEB7FD5F70921FF497D00504B0304140006080800CC70623BEDD1DC58FD000000A00100003B0000006662782F41393633353835312D344632462D344230382D423046372D3739314545314133324237412F7265736F75726365732F
310
636F72652E786D6C8D504B6E833010BD0A9A6D65B00922041947112427E8052C33A156828DFCA97AFC9A40A576D7CDCCE87D344F8F9FBFE667F689CE6B6B3A6039850C8DB2A336530731DC4903D95970676DF82583CCC8193B5861107C72362E3BA4AC096842428D1D7107A5F7182053CF7474E0D507CE32973124857FE48B
310
540F3961CEF244279DE03EB81420DB9EAC1384436FA353E879B1B182C7A8C75DA3C7F453DF353A1075D537A7BA6464B8F535A99AE14A9A2BBD90E350DD183B5CFABE3AF262350B1EF4FC9351399401471025A527C218A1E53BAB5A5AB765F5469B96525EACF23FA6B88CFF34456DC2A1DCE36E360F82A5202F42F062ED2BAD
310
579969AFDD8A6F504B010214000A0000080000CC70623B3DEE336E79000000790000001B00000000000000000000000000000000006175746F6465736B2D64657369676E2D7061636B6167652E786D6C504B01021400140006080800CC70623BD486FD9CA0000000F40000001300000000000000000000000000B20000005B
310
436F6E74656E745F54797065735D2E786D6C504B01021400140006080800CC70623B853B8169EB0000007C010000080000000000000000000000000083010000636F72652E786D6C504B01021400140006080800CC70623B55019EA25F0000007C000000070000000000000000000000000094020000636E782E786D6C504B
310
01021400140006080800CC70623BDBABAAF470010000D40300000C00000000000000000000000000180300006662782F636F72652E786D6C504B01021400140006080800CC70623B9C113CC27E0000009D0000000B00000000000000000000000000B20400006662782F636E782E786D6C504B01021400140006080800CC70
310
623B7DF2F77C2A010000120200003100000000000000000000000000590500006662782F41393633353835312D344632462D344230382D423046372D3739314545314133324237412F636F72652E786D6C504B01021400140006080800CC70623BAD7543B64E010000330300003000000000000000000000000000D2060000
310
6662782F41393633353835312D344632462D344230382D423046372D3739314545314133324237412F636E782E786D6C504B01021400140006080800CC70623BE75B7789680500003C10000034000000000000000000000000006E0800006662782F41393633353835312D344632462D344230382D423046372D3739314545
310
314133324237412F6F626A656374732E786D6C504B01021400140006080000CC70623B0000000000000000000000003500000000000000000000000000280E00006662782F41393633353835312D344632462D344230382D423046372D3739314545314133324237412F76657274696365732E62696E504B01021400140006
310
080800CC70623BF270F133060000000400000036000000000000000000000000007B0E00006662782F41393633353835312D344632462D344230382D423046372D3739314545314133324237412F747269616E676C65732E62696E504B01021400140006080000CC70623B0000000000000000000000003700000000000000
310
000000000000D50E00006662782F41393633353835312D344632462D344230382D423046372D3739314545314133324237412F617474726962757465732E62696E504B01021400140006080800CC70623B08DA0BD1900000004101000036000000000000000000000000002A0F00006662782F41393633353835312D344632
310
462D344230382D423046372D3739314545314133324237412F6469726563746F72792E786D6C504B01021400140006080800CC70623BEDD1DC58FD000000A00100003B000000000000000000000000000E1000006662782F41393633353835312D344632462D344230382D423046372D3739314545314133324237412F7265
310
736F75726365732F636F72652E786D6C504B0506000000000E000E0080040000641100000000
  0
XRECORD
  5
1F8
102
{ACAD_REACTORS
330
1F7
102
}
330
1F7
100
AcDbXrecord
280
     1
 70
     1
 90
429727718
  1
30362254-06B7-45E0-A893-8CFA70E3D6BC
310
504B03040A0000080000CC70623B3DEE336E79000000790000001B0000006175746F6465736B2D64657369676E2D7061636B6167652E786D6C3C3F786D6C2076657273696F6E3D22312E302220656E636F64696E673D227574662D3822203F3E3C666F726D6174733E3C666F726D61743E687474703A2F2F736368656D612E
310
6175746F6465736B2E636F6D2F64657369676E2D7061636B6167652F323030393C2F666F726D61743E3C2F666F726D6174733E504B0304140006080800CC70623BD486FD9CA0000000F4000000130000005B436F6E74656E745F54797065735D2E786D6C7D8EC10E82300C865F65E91D8A1E8C310C0EEA1BF002731658846E
310
D98AC1B77784ABF1D8FE5FBFBF75BBCE937A534CCEB38643598122B6FEE978D0B0485F9C41B54DDD7D022595594E1A469170414C76A4D9A4D207E29CF43ECE46F218070CC6BECC4078ACAA135ACF422C856C0E68EA1BF5669944DDD7BCDE7B1F8E415D77AECB980613C2E4AC91FC167A2B244592486606FC29C8FD7F045B9A
310
EF7053A7E60B504B0304140006080800CC70623B1EC5D7A3EB0000007C01000008000000636F72652E786D6C8D90416EC3201045AF82665B6103C6756C6122AB4D4ED00B204C5C94182C03558F5F9C3852BBEB6A467FFE9B197D71FC9E6FE8CBACC17AD7032D0820E3B41FAD9B7A48F1820F808E52ACDEC75F36404ECDA687
310
4D0629A6D5A76597B477D1B89855E747B38B2A041301E95B6E7A08FAD3CCAA50296647B8168BD2573599823EBB0CA76447F43862C7BCCF5EAC59410E4DDD9C7973C2755553CCCFA4C603E3040F1565ED3B1FDE4E432BCA0D9622DAF9795FAF464533826484B498524CD807E51D79ED187F21878E10516EF63F505AC67F42C9
310
BA58B1FDDD071640D2FCC87D2045B96591CB3DA85CB7DCE40F504B0304140006080800CC70623B55019EA25F0000007C00000007000000636E782E786D6C4DCB3B0E80201045D1AD90E915ED2CF8AC45050C11660C8261F98AB1B07AC9C97D42D718D865D3E909258CFD00CCE24AC6E326A164D74DC0B4128928FF32603847
310
2BA13128B1252AC747C6BAB984FC68F0B87FE8960A5C09FE86CFB69FBA01504B0304140006080800CC70623B8C9102E971010000D40300000C0000006662782F636F72652E786D6CC5535B6E833010BC8AE5DF0A6C08340F1947A84D4ED00B38C6A128602363A31CBFCB234A53A551FA553EC09AD9F5CE8C31DB9E9B1AF5CA
310
7695D1198E428A91D2D214952E33ECDD315861B4E5CC1AE3BE9561A445A3323CC098B3D21ADFCE9034DA29ED00D5A6503328BA4E398C640D8B0C77F253352214DE4145770A5B214FA2546114020D759C75CE8200340D19DE981F0F6746269C33EFAB6266AB02A655C74A59CCF365BADC27CB5D902ED22848F6340DF238A141
310
BE88E2F57B92BFEDF23523433367AE6A2EEAA455C2A902F398D2751045018D3FA264435F3771F242571B4A1919CA6F9A7C5B3CD9E42BED16F12C776AEB308F40C848FC700B1139D4891EF410CEC810227CC6846F8386402064270EF5C5C709A05E49676C024C61FC95EA45ED154CA5211D1FF4FB8291A913A68E9B83EBBB33
310
E2A7673CDE118E5AE8124C0807CB8377834E366998436B950D7A7746DAD846D4CFD978E0F04FD455FC5D49D2D4C6FE9722321F10997F0F32DC47FE05504B0304140006080800CC70623BFFEA85907E0000009D0000000B0000006662782F636E782E786D6C4DCCD10A83201886E15B91FFDC95D95A811AB6F23E625948A6C3
310
E9D8E5AF46073BFAE0E1E365ED67B3E8ADC3CB78C7815C7240DA3DFC64DCC221C519D7805AC182F7F1EF06C88D9BE6703008B6049F9E274D7A1E938DBB5AE3D6131B2589BA0D3D965551E0B2EA732C9B9A624AAEB41E3A557677029960D9AFB4EF11165F504B0304140006080800CC70623B4FEEA4082C0100001202000031
310
0000006662782F39464131463745442D413632322D343644302D413938332D3331353338454246344243312F636F72652E786D6C8D515B6EC32010BC0AE2AB55850DD871ED0813254D72825EC00192A2C460F1A872FC42ED48ED5F7E00CDCECCCEB26C731F6FE05B39AFADE921293004CA082BB5B9F43086336A21D870E6AC
310
0D7F68109861543DCC30E4ECE26C9C164858139409093556AA051CBC570102714B8F1E7AF1A5C6A11862480C7F2DA6415C878B2A4891CA89C7990F2E050073937C42DE1DB7E4F87ED8A36D4329AA9B3D46DBAEAD504556557BD81DEBDD0761E52CE42C462D17B996298E3E6BE59E35C962CE821E1FF18553435012728A7187
310
0841987E927A8D9B35ADDF70BBC6989599FE4F1427F9A4286A132ABAC49D651EF234CD5CE04CDA78BA3DC2A8FB645D00B9DF8B57E215725C60BCA2A463E54C4CE327C7A65E1C7DB02E7DEFCBF594B864C5CA6CDBD49C957943E9FA5D5FBAF336F90F504B0304140006080800CC70623BAD7543B64E01000033030000300000
310
006662782F39464131463745442D413632322D343644302D413938332D3331353338454246344243312F636E782E786D6CD593CD6EC32010845F0571AD6CE3D48AD20813A9873E410FBD12D82434182C7EAAE6EDBB2424CD25871E7B41D6EC30B3FA84F9E67BB2E40B4234DE8DB46F1925E094D7C6ED479AD3AE5951B2113C
310
789FEE6C943839C1488B4C05DF079FE72A69D8C96C13AAD6B8631503449F83828872B949AC57D26200B826A308D316B4064D6E46FCDA41C05550DC9E483A00797BFD207EFB092A45DE9514C1BBD22178396BD39D891265658C238DEA00936C654E5E433CB65A26D9F6EDB5EBC14EBF49A45CB856E66048291F6939A9A81BB5
310
C8917738143CA680F4AA299D66A042CEB3354A2684DC9D8D178FE0D9B8B41CAAD720F880EE7EF93C0C18769E099ECC04D5A102C8049A8A05632F4DDF376CF1DE0F6BB65C2F8627B65A33C6BB62177CEBBDAD973006829F89F22E814B54F4BC2BE347F8AA8F681390B50FA73F804400B5F542E796F19FF974E7F78DB802FE05
310
E207504B0304140006080800CC70623B16AB87BA640500003C100000340000006662782F39464131463745442D413632322D343644302D413938332D3331353338454246344243312F6F626A656374732E786D6CAD575B6FA33818FD2B887DE6924B3BED8A326A92B68A663B534DD4D13E548A0C38942D60649B369D5FBFC7
310
600890A493BDE42160637FD7F31D7FF63E6FB3D478A55C242CBF3247B66B1A340F5994E4F19559CA8D75611A9F7D8F33263BCB4C232719BD32D5B4E97B316765A1A722BA21652A07B3B7B33F0D11D29C9A46981221AE4C113ED38CD8A4942CA2E2C58E882476BCD9DA23BB5ED8171B73523C0F841684D35CC252CCE79062D4
310
468DFA43D7747CCF51DF7D4FFDEB5593E3AB9CCA9FBEFE241792E4E19EB28198C968BAB8199F5D5A67D3E9C49A9E8F47D6EC76B6B0469F26EEFC7C3EBFBCBEB98462213924694B38DD98FE1D62C393D073EA4FADC5DAF04326852CCF6958F90F0F2B9BB5C48816348F90C7840A68EB78EDF68723159BCEE7891A6B95DDE9D3
310
BCEAEEE8086A6C6F9E5D4B59F0175C10A7A0820BAA5055C7473B5AE3CFDD452D602CD5DF12616444529E90D448938013FE6EFA58AA96F85E4F8C42275708571E98FE6827AF6B2B4AE3D7D83D64E5A64C53054DD3AF90BD06FEA9149565C94FCA0F6B834DC85599E4F2423B24DF0B6AFA979E534DFA9E7A4CC6FA631D486393
310
921829879BF5D781A373557BCB85E97FB90DB62B558F8795179C15944B051F40AB495CF35451D26A4727654E6D8033BD98EF82F21D91FF8AF2DD9982BCF1643BDD4EB516C9492E368C67C88DED563FC36D5EACF66DFF057C3658BDBFA69DF9578B3DA735B64F18C7F20770A9D45CFCF7FCF563D6456A277DBEF78A02637CA2
310
43B90A490AEAB94F72244481D24819A6C0E59B606BFA4B3025981DBB48EAB701D97BF19C577CC77F2D1B6C55A9EF3C732474C0B727303F625995056C3B02963D9EAC146BE78EC5FCEC7FA999EBC5EACBAAE41B12D27B4D2C0BBA49F244E2ECDC81B76B502F113D8F5EE8FB1BE3111CDD4FC2AA9B844CAB1288B68AB90A7CDC
310
1C166AB0D3DC5310625FCC14E779BFD0709F8890A629C9292B1B2DED31A4B0DA928CEE135085754027E3018A397D4D5427D15BD1330B677DC8934285AC3DF45A9EB68FF8F2B8FC0A509AFEECFD0FF2DE25CC6047F7214B195F07EFEB9A094D800F7BFAE8FED187B78EA8A3A400F115961BCAD1215E47C966530AF0EE8128FE
310
58CEBB996A8964FFA529A046635D9353B0336A8F700DDF46271A024E70B0B37C9DE01847591E54DED53D54202AB947E4076556AC49C6CA5C9E1226B7F1A7B1BE15DEED62C41B91E1B3E9AFAAA735036547343A925075041DF0A9979E893B391F8FCFA6967B3EFB644DCF6E5CEBFAE272625DCC6FAF3FB93793C5F90CE1EF57
310
407342756B10D1C489E8953CD1617E5CEECAD6F4EF8914CE5D5D504E5C3F1F9736DA62CFC11E00BCDDB8CC8A9466349744C1F75EBDA4DF09BA8A9E8C7A7E9991989E20E5DBDD6A6003664ED8F7A04A8DBE0DF6EAD9B9AA858342E47399053949D2C146EDB85DE4B176BB0965FBAC19BD19AA918E27FA50C1D22402E144464C
310
59462568E704B6E71915404CB72B8FF4EDE184DDAF753F284990D2C6926782963815403548A70C657FDEF80D2D9CEAA2AE4C1C76F60BFE74219A06527D6582DF6412526107381E55E353090704D085B52408D0933C4ED159D79BDA71BB4BC506F4831350EB6F979CD22D69BF7AC49B91A2C0A9DDA3D5CA36AD20FC478E37E6
310
1844E2352865EBCB6EA275A652E3836BE04EFB400BF1A2556F515F1FBB35B2AB35BD889C744FFA1004B5544B121E57F70215746DD2F5E2C1412B602CBF19455AC6C8E5E9922C4E01E65215385004546899059180EAFCF7A707CE7017CD8CDB0410789AB32C63B91E5CEBBBACB17AC6CD347A022D5075FD106377347AAABA7E
310
7D11590744509B44E205134DC1290F06580320F78E537D3D73540E06CB970B431F185308AD40BBD794D6D77003C5A36E8EAA54BA64597CD8F83BD552A080A365F7FF06504B0304140006080000CC70623B000000000000000000000000350000006662782F39464131463745442D413632322D343644302D413938332D3331
310
353338454246344243312F76657274696365732E62696E504B0304140006080800CC70623BF270F1330600000004000000360000006662782F39464131463745442D413632322D343644302D413938332D3331353338454246344243312F747269616E676C65732E62696E636660600000504B0304140006080000CC70623B
310
000000000000000000000000370000006662782F39464131463745442D413632322D343644302D413938332D3331353338454246344243312F617474726962757465732E62696E504B0304140006080800CC70623B08DA0BD19000000041010000360000006662782F39464131463745442D413632322D343644302D413938
310
332D3331353338454246344243312F6469726563746F72792E786D6C858F410AC3201045AF22B36F53E9A60B35CBEEBAE80D244E44489C6234F4F835464A48035D0DF398FF9F8AF63D0E6CC63039F212F8F9020C7D47C6792B21C5FE7403D62A1188E2E60C98D7234A5830286103A55745067B9D86B8A3CF9C7F90C11DE607
310
FB144396D7B6A82D282E9A152AD114D5EF2CB866EEE831B8EEA07A7BB5A8D7D61A2BAAEB7FD5F70921FF497D00504B0304140006080800CC70623B0D6EF93BFE000000A00100003B0000006662782F39464131463745442D413632322D343644302D413938332D3331353338454246344243312F7265736F75726365732F63
310
6F72652E786D6C8D50596E833010BD0A9ADFCA60B334011947A8694ED00B586642AC041B79A97AFC9A40A5F6AF3F33A3B7689E1E3F7DCD8FEC139DD7D6F4C0720A191A65476DA61E62B892236427C19DB5E1970C322367EC618541F0C9D9B8EC90B226A009093576C41D94DE63804C3DD2D18357379C652E63480A7FCF17A9
310
EE72C29CE5894E3AC17D702940B63D59270887DE46A7D0F36263058F518FBB468FE9A7BE6A7420864373B8D4873369AA8691FA421B3294352543C5CAF65C0F6FEF43CB8BD52C78D0F34F46E550061C419494B6843142CB0F5677F4B52BEB177AEC28E5C52AFF638ACBF84F53D42654E51E77B379102C05791282176B5F693D
310
CB4C7BED567C03504B010214000A0000080000CC70623B3DEE336E79000000790000001B00000000000000000000000000000000006175746F6465736B2D64657369676E2D7061636B6167652E786D6C504B01021400140006080800CC70623BD486FD9CA0000000F40000001300000000000000000000000000B20000005B
310
436F6E74656E745F54797065735D2E786D6C504B01021400140006080800CC70623B1EC5D7A3EB0000007C010000080000000000000000000000000083010000636F72652E786D6C504B01021400140006080800CC70623B55019EA25F0000007C000000070000000000000000000000000094020000636E782E786D6C504B
310
01021400140006080800CC70623B8C9102E971010000D40300000C00000000000000000000000000180300006662782F636F72652E786D6C504B01021400140006080800CC70623BFFEA85907E0000009D0000000B00000000000000000000000000B30400006662782F636E782E786D6C504B01021400140006080800CC70
310
623B4FEEA4082C0100001202000031000000000000000000000000005A0500006662782F39464131463745442D413632322D343644302D413938332D3331353338454246344243312F636F72652E786D6C504B01021400140006080800CC70623BAD7543B64E010000330300003000000000000000000000000000D5060000
310
6662782F39464131463745442D413632322D343644302D413938332D3331353338454246344243312F636E782E786D6C504B01021400140006080800CC70623B16AB87BA640500003C1000003400000000000000000000000000710800006662782F39464131463745442D413632322D343644302D413938332D3331353338
310
454246344243312F6F626A656374732E786D6C504B01021400140006080000CC70623B0000000000000000000000003500000000000000000000000000270E00006662782F39464131463745442D413632322D343644302D413938332D3331353338454246344243312F76657274696365732E62696E504B01021400140006
310
080800CC70623BF270F133060000000400000036000000000000000000000000007A0E00006662782F39464131463745442D413632322D343644302D413938332D3331353338454246344243312F747269616E676C65732E62696E504B01021400140006080000CC70623B0000000000000000000000003700000000000000
310
000000000000D40E00006662782F39464131463745442D413632322D343644302D413938332D3331353338454246344243312F617474726962757465732E62696E504B01021400140006080800CC70623B08DA0BD190000000410100003600000000000000000000000000290F00006662782F39464131463745442D413632
310
322D343644302D413938332D3331353338454246344243312F6469726563746F72792E786D6C504B01021400140006080800CC70623B0D6EF93BFE000000A00100003B000000000000000000000000000D1000006662782F39464131463745442D413632322D343644302D413938332D3331353338454246344243312F7265
310
736F75726365732F636F72652E786D6C504B0506000000000E000E0080040000641100000000
  0
XRECORD
  5
175
102
{ACAD_REACTORS
330
173
102
}
330
173
100
AcDbXrecord
280
     1
270
     1
271
     1
  0
XRECORD
  5
174
102
{ACAD_REACTORS
330
173
102
}
330
173
100
AcDbXrecord
280
     1
270
     1
271
     1
  0
XRECORD
  5
1FB
102
{ACAD_REACTORS
330
173
102
}
330
173
100
AcDbXrecord
280
     1
 70
     0
 90
1673772943
  1
ECE7A1D2-D628-4531-984C-D00F80459256
310
504B03040A0000080000CC70623B3DEE336E79000000790000001B0000006175746F6465736B2D64657369676E2D7061636B6167652E786D6C3C3F786D6C2076657273696F6E3D22312E302220656E636F64696E673D227574662D3822203F3E3C666F726D6174733E3C666F726D61743E687474703A2F2F736368656D612E
310
6175746F6465736B2E636F6D2F64657369676E2D7061636B6167652F323030393C2F666F726D61743E3C2F666F726D6174733E504B0304140006080800CC70623BD486FD9CA0000000F4000000130000005B436F6E74656E745F54797065735D2E786D6C7D8EC10E82300C865F65E91D8A1E8C310C0EEA1BF002731658846E
310
D98AC1B77784ABF1D8FE5FBFBF75BBCE937A534CCEB38643598122B6FEE978D0B0485F9C41B54DDD7D022595594E1A469170414C76A4D9A4D207E29CF43ECE46F218070CC6BECC4078ACAA135ACF422C856C0E68EA1BF5669944DDD7BCDE7B1F8E415D77AECB980613C2E4AC91FC167A2B244592486606FC29C8FD7F045B9A
310
EF7053A7E60B504B0304140006080800CC70623BD9DDAED0EC0000007C01000008000000636F72652E786D6C8D90416EC3201045AF82665B61836D9CD8C2444DD39CA01740405C94182C03558F5F9C3852BBEB6A467FFE9B197D7EF89E6EE8CB2CC17A37002D0820E394D7D68D03A478C17B4007C117EFE32F1B20272733C0
310
2A83E0E3E2D3BC49CABB685CCCAAF3DA6CA20CC14440EA969B0182FA34932C648AD911AEC52CD5558EA6A0CF2EC329598D1E47ACCEFBECC59A050463A7EA5833865FEBDD0E37353BE3EE8DBDE3F6786A48D375FBF6CC78B9C282473B3DEFABC5C86834888A900E538A49F5419B9EB47DD5BC907D4F082F57FB1F28CDFA9F50
310
B22ED6D5F6EE030B20687EE43E10BC5CB3C8E51E54AE6B6EE207504B0304140006080800CC70623B55019EA25F0000007C00000007000000636E782E786D6C4DCB3B0E80201045D1AD90E915ED2CF8AC45050C11660C8261F98AB1B07AC9C97D42D718D865D3E909258CFD00CCE24AC6E326A164D74DC0B4128928FF326038
310
472BA13128B1252AC747C6BAB984FC68F0B87FE8960A5C09FE86CFB69FBA01504B0304140006080800CC70623BA24EB22D72010000D40300000C0000006662782F636F72652E786D6CC5535B6E833010BC8AE5DF0A6C5E49888CA3A6694ED00B38E05014B091B1518EDFE511A5A9D228FD2A1F60CDEC7A67C6986DCE4D8D7A
310
69BA4AAB0C073EC548AA5C17952A33ECECD15B61B4E1CC686DBF9561A44423333CC098B3D268D7CE50AE9595CA02AA74216750749DB418E5352C32DCE59FB211BE70162ABA93DF8AFC244AE9073ED050C759670D0840D390E18DF9F1706664C23973AE2A66B62A605A75ACA4C13C4976E1364A12EF355A2EBD384AF65EFA96
310
BC7B8BED2EA6719AAE16FB8491A199335B351775B991C2CA02F390D2D40B028F861F41BCA68B7518BFD0D59A524686F29B26D7164F36B94AD9289CE54E6D1DE6010819891F6E21228B3AD1831EC219194284CF98F06DD01008846CC5A1BEF83801D4CBDC6A1303536877A57A513B0953A94FC707FDBE6064EA84A9E3E6E0FA
310
EE8CF0E9198F7784A316AA0413C2C2F2E0ECA0934D1AE6D05A69BCDE9E91D2A611F573361E38FC1375157F5752AE6B6DFE4B11990F88CCBF0719EE23FF02504B0304140006080800CC70623B408A7D3B7C0000009D0000000B0000006662782F636E782E786D6C4DCCD10A83201886E15B91FFDC552A92A0064DBC8F581632
310
D3703A76F9ABD1C18E3E78F878E5F0D9027ABBFCF2292AE86E2D20171F69F6715550CB827B40839639A5F2770314A7CD293819B45C73AAFB45B35BA61ACAA1C1C7E7855C58C15BC331339661262CC762340413D68D77DA5B42298546CBE6573AF60CEB2F504B0304140006080800CC70623B449FB9BD290100001202000031
310
0000006662782F36394639363044362D344446342D343946362D394244322D3234314243333846323333332F636F72652E786D6C8D515B6EC32010BC0AE22B55850D98B871848994463E412FE002495162B07854397EA176A4F62F3F2C9A9D991D587EB84F37F0AD7D30CEF6905418026DA553C65E7A98E219ED203808EE9D
310
8B7F6810D871D23D2C3014FCE25D9A57483A1BB58D19B54EE9151C43D0110279CB971E06F9A5A7B11A53CC8C70ADE6515EC78BAE4895DB992778883E0700CB907242D17643D7E2538BD869608875438BBAE38922CAC8F1BDD90DB4691A5E2F42C153326A951B95E398B3D1FE599322163C9AE9115F7A3D46ADA0A018778810
310
84E907617BDCEE297BC5BB3DC6BC2EF47FA234AB2745C9D8D8D035EE220B50105E2F0DC1954B9FB747187D9F9D8FA0CCDB042D5FA0C015C65B42DF78BD10F3F3B363CB56C7109DCFDFBBB97E662ED92EB62D13BC2E1BCAE5777DB9966D8A1F504B0304140006080800CC70623BAD7543B64E01000033030000300000006662
310
782F36394639363044362D344446342D343946362D394244322D3234314243333846323333332F636E782E786D6CD593CD6EC32010845F0571AD6CE3D48AD20813A9873E410FBD12D82434182C7EAAE6EDBB2424CD25871E7B41D6EC30B3FA84F9E67BB2E40B4234DE8DB46F1925E094D7C6ED479AD3AE5951B2113C789FEE
310
6C943839C1488B4C05DF079FE72A69D8C96C13AAD6B8631503449F83828872B949AC57D26200B826A308D316B4064D6E46FCDA41C05550DC9E483A00797BFD207EFB092A45DE9514C1BBD22178396BD39D891265658C238DEA00936C654E5E433CB65A26D9F6EDB5EBC14EBF49A45CB856E66048291F6939A9A81BB5C89177
310
38143CA680F4AA299D66A042CEB3354A2684DC9D8D178FE0D9B8B41CAAD720F880EE7EF93C0C18769E099ECC04D5A102C8049A8A05632F4DDF376CF1DE0F6BB65C2F8627B65A33C6BB62177CEBBDAD973006829F89F22E814B54F4BC2BE347F8AA8F681390B50FA73F804400B5F542E796F19FF974E7F78DB802FE05E20750
310
4B0304140006080800CC70623B8D05915C650500003B100000340000006662782F36394639363044362D344446342D343946362D394244322D3234314243333846323333332F6F626A656374732E786D6CAD575B6FA33814FE2B887D06429276DA1565D4266D158D3A339A6846FB502932E050B66023DB74D2FDF5FB190C01
310
9276B2973C046C8ECFF53B17071F77456EBD502133CEAE6CDF9DD81665314F32965ED995DA3A17B6F5310C04E7AA47665B8C14F4CAD6DB7618A48257A5D94AE89654B91AEDDEDDFC61C998326A5B714EA4BCB265FC440BE2924AF184CA6737218AB8E976E7FA6E4338649B0A523E8D98964450A6A029F619B8588D52FE7039
310
B1BD30F0F4F730D0FF866AF6369557DB33949F31A9088B0F848DD8CCFCF9F2767A76E99CCDE733677E3EF59D9BBB9BA5E37F984D16E78BC5E5F5ED25044B25C0C96822E8D60EEFE11B91C581D77CEA34368A1F5329E68CD1B8B61F16D63A1B8E092D294B10C78C4A48EB593D192E7DED9BDEE7995E1B91FDEDD3ACEA9FE831
310
6A756F9F7D4D79F4274C90A7A04248AA51D5F8C718DAE06FB2F75AC4796EBE65D22A88A22223B995679120E2D50E41AA49C260C046A35368846B0BECD0DFF3EBEB8AD4F835768F69B9ADF25C43D30E6B646F807FAA64AD59F61715C7A54127C4AACA98BA3006A9D792DAE165E0D59B61A01FB3A9F9D838D2DAE62445C86166
310
F37564E842E7DE6A69879FEEA2DD5AE7E371E1A5E025154AC307D06A03D73EB5978C58FFA4C8E9033066E0F3BD53BEC1F39F91BE7B55103791EDE6BBB991A2046172CB4581D8B893FA674DDA17A77B3B7C413D1B511FD2743BFF8A38F03A658705E3ADF8015C3A3417FF3D7E439FF591DA0B5F18BC20C1B8981957AE6392A3
310
F43C640C01D1A0B4728E2DD4F26DB4B3C3152A252A3B4E913CEC1C72F012782FF88EFF8637AA552DBEF76408E8A8DE9E50F9E1CB3A2DA0DB1B6039A893B56063DC5B3E3FFB5F72E67AB9FEB4AEC496C4F4C1149625DD662C53E89D7BF0F6151A046260D1337DFDC94502430F83B0EE07A130A224BCAD7DAE1D9FB6CD422FF6
310
920702629C4BB9AE79C12F243C6432A6794E18E5552BA56B431AAB5D91317302B2B071E86C3A42B1A02F999E24061403B5D0EB639195DA655DD3EBEAB4FB862DDF579F014AD0E73C22F99E28DA57FB98E75C6CA2D74D53086D600F4786E0FE3144B771A8A7B900F03594DB8A633CBC49B2EDB69228BB479CF863B5E807AAAB
310
23872F6DFEB4129B949CA33823F58830E86D65621E10047D9DB34D862E8EAC3C2ABC2F7B2C40D67CDFE01F5545B92105AF983AC54D93D69E56FB8E797F88913F898A9FEC705D3F9D1B54EC8426FB500D40A03BD0119B06E1B95DDC7EB8F6975367793EBD70E66733DFB9BC982F9CE564727731999F5D4ECFCE3B8D6A4DC2A0
310
6D50FD148437D110834A64C6CDDF57FBACB5C307A2A477DFE4939736CFEF2B175371E0E10CF0DD1D5C15654E0BCA14D1E87DD02FF93782A162C0A3D95F1524A52770F972BF1EE9809D13CE7DD599467F8ECE9ADD85CE85A34CD45355448C64F9E8A031DC2D596ACC6E5DD93D9B82DE2EF5CAF81363A8E47996A0DE24564A79
310
4115AACE09C55E14540231FDA13C319787134EBF34E3A022514E5B4D9E0826E25C02D5805B15ABE1BEF51B26383D445DD9E875EE33FE4C22DA16427D65A3BCA92CA6D28DD01DF5DC53330704308475351050232CCD31583787BA75774AFB06E5070DD0C8EF484E19968C5D83BA5B90B244D31E54D55A372320FE4786B7EA58
310
44E135AA5467CB7EA333A61683CC6A8C3257034C10CF46F40EF9F5BE59BE5BD30C3C72D235E95D10345C1D45445A5F0BB47E46A5EBE5570F9380B5FA629579952296A773720405982B9DE04011506178964401AA8BDF1FBF0A8EAB6861DD6580C0E38217056766716DAEB2D6FA0917D3E4116581EADB879C4E7CFFB11EFACD
310
3D641311495D92C8676CB409A72D18610D803CE8A626049E8EC1887CB5B44CC39883690DDA8399B4B9855B481E7D71D4A9D22F96E5BB73BF5793020C02137BF837504B0304140006080000CC70623B000000000000000000000000350000006662782F36394639363044362D344446342D343946362D394244322D32343142
310
43333846323333332F76657274696365732E62696E504B0304140006080800CC70623BF270F1330600000004000000360000006662782F36394639363044362D344446342D343946362D394244322D3234314243333846323333332F747269616E676C65732E62696E636660600000504B0304140006080000CC70623B0000
310
00000000000000000000370000006662782F36394639363044362D344446342D343946362D394244322D3234314243333846323333332F617474726962757465732E62696E504B0304140006080800CC70623B08DA0BD19000000041010000360000006662782F36394639363044362D344446342D343946362D394244322D
310
3234314243333846323333332F6469726563746F72792E786D6C858F410AC3201045AF22B36F53E9A60B35CBEEBAE80D244E44489C6234F4F835464A48035D0DF398FF9F8AF63D0E6CC63039F212F8F9020C7D47C6792B21C5FE7403D62A1188E2E60C98D7234A5830286103A55745067B9D86B8A3CF9C7F90C11DE607FB14
310
4396D7B6A82D282E9A152AD114D5EF2CB866EEE831B8EEA07A7BB5A8D7D61A2BAAEB7FD5F70921FF497D00504B0304140006080800CC70623BCA768048FE000000A00100003B0000006662782F36394639363044362D344446342D343946362D394244322D3234314243333846323333332F7265736F75726365732F636F72
310
652E786D6C8D50596E833010BD0A9ADFCA60D600328E9AA639412F609909B1126CE4A5EAF16B0295DABFFECC8CDEA2797AECF8353F924FB44E193D409E5248504B332A3D0D10FC95B4901C39B3C6F85F3248B49871801506CE266BC2B243D2688FDA47549B11775038871E12F988C7004EDE7016A9083E2ADC3D5D84BC8B09
310
D33C8D74D471E6BC8D0192EDC93A815B742658898E651BCB59086ADC356A8C3FD555A1055ED7E7E254D615792D0F075295F585746FF53B694EE78A565DD736979A65AB9933AFE69F8CD2A2F038022F28ED489E135A7CE4554F9BBEA85E68DB53CAB255FEC71496F19FA6A0B42F8B3DEE6673C0F318E4497096AD7DC5F52C33
310
EEB55BFE0D504B010214000A0000080000CC70623B3DEE336E79000000790000001B00000000000000000000000000000000006175746F6465736B2D64657369676E2D7061636B6167652E786D6C504B01021400140006080800CC70623BD486FD9CA0000000F40000001300000000000000000000000000B20000005B436F
310
6E74656E745F54797065735D2E786D6C504B01021400140006080800CC70623BD9DDAED0EC0000007C010000080000000000000000000000000083010000636F72652E786D6C504B01021400140006080800CC70623B55019EA25F0000007C000000070000000000000000000000000095020000636E782E786D6C504B0102
310
1400140006080800CC70623BA24EB22D72010000D40300000C00000000000000000000000000190300006662782F636F72652E786D6C504B01021400140006080800CC70623B408A7D3B7C0000009D0000000B00000000000000000000000000B50400006662782F636E782E786D6C504B01021400140006080800CC70623B
310
449FB9BD290100001202000031000000000000000000000000005A0500006662782F36394639363044362D344446342D343946362D394244322D3234314243333846323333332F636F72652E786D6C504B01021400140006080800CC70623BAD7543B64E010000330300003000000000000000000000000000D20600006662
310
782F36394639363044362D344446342D343946362D394244322D3234314243333846323333332F636E782E786D6C504B01021400140006080800CC70623B8D05915C650500003B10000034000000000000000000000000006E0800006662782F36394639363044362D344446342D343946362D394244322D32343142433338
310
46323333332F6F626A656374732E786D6C504B01021400140006080000CC70623B0000000000000000000000003500000000000000000000000000250E00006662782F36394639363044362D344446342D343946362D394244322D3234314243333846323333332F76657274696365732E62696E504B010214001400060808
310
00CC70623BF270F13306000000040000003600000000000000000000000000780E00006662782F36394639363044362D344446342D343946362D394244322D3234314243333846323333332F747269616E676C65732E62696E504B01021400140006080000CC70623B00000000000000000000000037000000000000000000
310
00000000D20E00006662782F36394639363044362D344446342D343946362D394244322D3234314243333846323333332F617474726962757465732E62696E504B01021400140006080800CC70623B08DA0BD190000000410100003600000000000000000000000000270F00006662782F36394639363044362D344446342D
310
343946362D394244322D3234314243333846323333332F6469726563746F72792E786D6C504B01021400140006080800CC70623BCA768048FE000000A00100003B000000000000000000000000000B1000006662782F36394639363044362D344446342D343946362D394244322D3234314243333846323333332F7265736F
310
75726365732F636F72652E786D6C504B0506000000000E000E0080040000621100000000
  0
XRECORD
  5
176
102
{ACAD_REACTORS
330
173
102
}
330
173
100
AcDbXrecord
280
     1
270
     1
271
     1
  0
XRECORD
  5
177
102
{ACAD_REACTORS
330
173
102
}
330
173
100
AcDbXrecord
280
     1
270
     1
271
     1
  0
CELLSTYLEMAP
  5
B58
102
{ACAD_REACTORS
330
162
102
}
330
162
100
AcDbCellStyleMap
 90
        3
300
CELLSTYLE
  1
TABLEFORMAT_BEGIN
 90
        5
170
     1
 91
        0
 92
    32768
 62
   257
 93
        1
300
CONTENTFORMAT
  1
CONTENTFORMAT_BEGIN
 90
        0
 91
        0
 92
      512
 93
        0
300

 40
0.0
140
1.0
 94
        5
 62
     0
340
11
144
6.0
309
CONTENTFORMAT_END
171
     1
301
MARGIN
  1
CELLMARGIN_BEGIN
 40
1.5
 40
1.5
 40
1.5
 40
1.5
 40
4.5
 40
4.5
309
CELLMARGIN_END
 94
        6
 95
        1
302
GRIDFORMAT
  1
GRIDFORMAT_BEGIN
 90
        0
 91
        1
 62
     0
 92
       -2
340
14
 93
        0
 40
1.125
309
GRIDFORMAT_END
 95
        2
302
GRIDFORMAT
  1
GRIDFORMAT_BEGIN
 90
        0
 91
        1
 62
     0
 92
       -2
340
14
 93
        0
 40
1.125
309
GRIDFORMAT_END
 95
        4
302
GRIDFORMAT
  1
GRIDFORMAT_BEGIN
 90
        0
 91
        1
 62
     0
 92
       -2
340
14
 93
        0
 40
1.125
309
GRIDFORMAT_END
 95
        8
302
GRIDFORMAT
  1
GRIDFORMAT_BEGIN
 90
        0
 91
        1
 62
     0
 92
       -2
340
14
 93
        0
 40
1.125
309
GRIDFORMAT_END
 95
       16
302
GRIDFORMAT
  1
GRIDFORMAT_BEGIN
 90
        0
 91
        1
 62
     0
 92
       -2
340
14
 93
        0
 40
1.125
309
GRIDFORMAT_END
 95
       32
302
GRIDFORMAT
  1
GRIDFORMAT_BEGIN
 90
        0
 91
        1
 62
     0
 92
       -2
340
14
 93
        0
 40
1.125
309
GRIDFORMAT_END
309
TABLEFORMAT_END
  1
CELLSTYLE_BEGIN
 90
        1
 91
        1
300
_TITLE
309
CELLSTYLE_END
300
CELLSTYLE
  1
TABLEFORMAT_BEGIN
 90
        5
170
     1
 91
        0
 92
        0
 62
   257
 93
        1
300
CONTENTFORMAT
  1
CONTENTFORMAT_BEGIN
 90
        0
 91
        0
 92
      512
 93
        0
300

 40
0.0
140
1.0
 94
        5
 62
     0
340
11
144
4.5
309
CONTENTFORMAT_END
171
     1
301
MARGIN
  1
CELLMARGIN_BEGIN
 40
1.5
 40
1.5
 40
1.5
 40
1.5
 40
4.5
 40
4.5
309
CELLMARGIN_END
 94
        6
 95
        1
302
GRIDFORMAT
  1
GRIDFORMAT_BEGIN
 90
        0
 91
        1
 62
     0
 92
       -2
340
14
 93
        0
 40
1.125
309
GRIDFORMAT_END
 95
        2
302
GRIDFORMAT
  1
GRIDFORMAT_BEGIN
 90
        0
 91
        1
 62
     0
 92
       -2
340
14
 93
        0
 40
1.125
309
GRIDFORMAT_END
 95
        4
302
GRIDFORMAT
  1
GRIDFORMAT_BEGIN
 90
        0
 91
        1
 62
     0
 92
       -2
340
14
 93
        0
 40
1.125
309
GRIDFORMAT_END
 95
        8
302
GRIDFORMAT
  1
GRIDFORMAT_BEGIN
 90
        0
 91
        1
 62
     0
 92
       -2
340
14
 93
        0
 40
1.125
309
GRIDFORMAT_END
 95
       16
302
GRIDFORMAT
  1
GRIDFORMAT_BEGIN
 90
        0
 91
        1
 62
     0
 92
       -2
340
14
 93
        0
 40
1.125
309
GRIDFORMAT_END
 95
       32
302
GRIDFORMAT
  1
GRIDFORMAT_BEGIN
 90
        0
 91
        1
 62
     0
 92
       -2
340
14
 93
        0
 40
1.125
309
GRIDFORMAT_END
309
TABLEFORMAT_END
  1
CELLSTYLE_BEGIN
 90
        2
 91
        1
300
_HEADER
309
CELLSTYLE_END
300
CELLSTYLE
  1
TABLEFORMAT_BEGIN
 90
        5
170
     1
 91
        0
 92
        0
 62
   257
 93
        1
300
CONTENTFORMAT
  1
CONTENTFORMAT_BEGIN
 90
        0
 91
        0
 92
      512
 93
        0
300

 40
0.0
140
1.0
 94
        2
 62
     0
340
11
144
4.5
309
CONTENTFORMAT_END
171
     1
301
MARGIN
  1
CELLMARGIN_BEGIN
 40
1.5
 40
1.5
 40
1.5
 40
1.5
 40
4.5
 40
4.5
309
CELLMARGIN_END
 94
        6
 95
        1
302
GRIDFORMAT
  1
GRIDFORMAT_BEGIN
 90
        0
 91
        1
 62
     0
 92
       -2
340
14
 93
        0
 40
1.125
309
GRIDFORMAT_END
 95
        2
302
GRIDFORMAT
  1
GRIDFORMAT_BEGIN
 90
        0
 91
        1
 62
     0
 92
       -2
340
14
 93
        0
 40
1.125
309
GRIDFORMAT_END
 95
        4
302
GRIDFORMAT
  1
GRIDFORMAT_BEGIN
 90
        0
 91
        1
 62
     0
 92
       -2
340
14
 93
        0
 40
1.125
309
GRIDFORMAT_END
 95
        8
302
GRIDFORMAT
  1
GRIDFORMAT_BEGIN
 90
        0
 91
        1
 62
     0
 92
       -2
340
14
 93
        0
 40
1.125
309
GRIDFORMAT_END
 95
       16
302
GRIDFORMAT
  1
GRIDFORMAT_BEGIN
 90
        0
 91
        1
 62
     0
 92
       -2
340
14
 93
        0
 40
1.125
309
GRIDFORMAT_END
 95
       32
302
GRIDFORMAT
  1
GRIDFORMAT_BEGIN
 90
        0
 91
        1
 62
     0
 92
       -2
340
14
 93
        0
 40
1.125
309
GRIDFORMAT_END
309
TABLEFORMAT_END
  1
CELLSTYLE_BEGIN
 90
        3
 91
        2
300
_DATA
309
CELLSTYLE_END
  0
ENDSEC
  0
SECTION
  2
ACDSDATA
 70
     2
 71
     8
  0
ACDSSCHEMA
 90
        0
  1
AcDb_Thumbnail_Schema
  2
AcDbDs::ID
280
    10
 91
        8
  2
Thumbnail_Data
280
    15
 91
        0
101
ACDSRECORD
 95
        0
 90
        1
  2
AcDbDs::TreatedAsObjectData
280
     1
291
     1
101
ACDSRECORD
 95
        0
 90
        2
  2
AcDbDs::Legacy
280
     1
291
     1
101
ACDSRECORD
  1
AcDbDs::ID
 90
        3
  2
AcDs:Indexable
280
     1
291
     1
101
ACDSRECORD
  1
AcDbDs::ID
 90
        4
  2
AcDbDs::HandleAttribute
280
     7
282
     1
  0
ACDSSCHEMA
 90
        1
  1
AcDbDs::TreatedAsObjectDataSchema
  2
AcDbDs::TreatedAsObjectData
280
     1
 91
        0
  0
ACDSSCHEMA
 90
        2
  1
AcDbDs::LegacySchema
  2
AcDbDs::Legacy
280
     1
 91
        0
  0
ACDSSCHEMA
 90
        3
  1
AcDbDs::IndexedPropertySchema
  2
AcDs:Indexable
280
     1
 91
        0
  0
ACDSSCHEMA
 90
        4
  1
AcDbDs::HandleAttributeSchema
  2
AcDbDs::HandleAttribute
280
     7
 91
        1
284
     1
  0
ACDSRECORD
 90
        0
  2
AcDbDs::ID
280
    10
320
22
  2
Thumbnail_Data
280
    15
 94
     1364
310
89504E470D0A1A0A0000000D494844520000010000000063080300000043BB2E1400000300504C5445212830FFFFFF2128300000000000000000000000000000000000000000000000000000330000660000990000CC0000FF0033000033330033660033990033CC0033FF0066000066330066660066990066CC0066FF0099
310
000099330099660099990099CC0099FF00CC0000CC3300CC6600CC9900CCCC00CCFF00FF0000FF3300FF6600FF9900FFCC00FFFF3300003300333300663300993300CC3300FF3333003333333333663333993333CC3333FF3366003366333366663366993366CC3366FF3399003399333399663399993399CC3399FF33CC00
310
33CC3333CC6633CC9933CCCC33CCFF33FF0033FF3333FF6633FF9933FFCC33FFFF6600006600336600666600996600CC6600FF6633006633336633666633996633CC6633FF6666006666336666666666996666CC6666FF6699006699336699666699996699CC6699FF66CC0066CC3366CC6666CC9966CCCC66CCFF66FF0066
310
FF3366FF6666FF9966FFCC66FFFF9900009900339900669900999900CC9900FF9933009933339933669933999933CC9933FF9966009966339966669966999966CC9966FF9999009999339999669999999999CC9999FF99CC0099CC3399CC6699CC9999CCCC99CCFF99FF0099FF3399FF6699FF9999FFCC99FFFFCC0000CC00
310
33CC0066CC0099CC00CCCC00FFCC3300CC3333CC3366CC3399CC33CCCC33FFCC6600CC6633CC6666CC6699CC66CCCC66FFCC9900CC9933CC9966CC9999CC99CCCC99FFCCCC00CCCC33CCCC66CCCC99CCCCCCCCCCFFCCFF00CCFF33CCFF66CCFF99CCFFCCCCFFFFFF0000FF0033FF0066FF0099FF00CCFF00FFFF3300FF3333
310
FF3366FF3399FF33CCFF33FFFF6600FF6633FF6666FF6699FF66CCFF66FFFF9900FF9933FF9966FF9999FF99CCFF99FFFFCC00FFCC33FFCC66FFCC99FFCCCCFFCCFFFFFF00FFFF33FFFF66FFFF99FFFFCCFFFFFF0000000D0D0D1A1A1A2828283535354343435050505D5D5D6B6B6B787878868686939393A1A1A1AEAEAEBB
310
BBBBC9C9C9D6D6D6E4E4E4F1F1F1FFFFFF0000000000000000000000000000000000000000000000000000000000002E4550F10000020F4944415478DAED995B92C22010457B076E839FEC7F016C8325F03BFF1309E195D7A8E528CDB9550926A825874BA71B45FE4F3FD59531E6E88D73870FE727BEF69B05800680006068
310
00F7310200008F01F08A0198520B80423EC878A318C0E95C9B011C700D603682EA25108FA5F1F9A5C98F4CDD006EB770DCC2E19726DE5109608E68FE41290B82EDAADF57BCBFFB91CE01C89F00F81280004031806FFB5A0000000000F8CC2FB5ABC40E0EC05A1C400C000000000000000000007A0138E7460610461F4E29F9
310
B3F1A24C89E5342BEE1A403AA781DE472E19805C97051D0370B9B51581C507A2DE01EE05A971403CDA519DA87D67E731C04506830270F3E85F7D109207900902A013D937090700A04F004B86BB6E809785D0520F485512AD3552DA31B7BD03B055B527752598AAC38C691B4354009038FDE97F9038B0A20C4AE591155500AA
310
2520B698FAD859D7C3E1DEBA54542C01822089D0C889D0510534DF9F4AC5ABED077ADF1009BF7FAAB507601A10C0A135F40138DAEDB9D803EC1B409C6A773ED1AD31E68EC62E79AD740AE07CA2CF0048DF001A071FB523C4801CF5E37842B0571F03CAE7FD3AF0BA5D7D7EBFC8BED7FA14D8B6D316804C3210808375AF02C0
310
4E1AEF9A76B753732D30960300303A00F726E10000008018800300000062000E0000008801380000002006E00000008018800300000062000E000000BE0CC056AE69773BAF24083DAF5F7CFCD89606F7BAEA0000000049454E44AE426082
  0
ENDSEC
  0
EOF
