  0
SECTION
  2
HEADER
  9
$ACADVER
  1
AC1032
  9
$ACADMAINTVER
 90
       55
  9
$DWGCODEPAGE
  3
ANSI_1252
  9
$LASTSAVEDBY
  1
Wilross
  9
$REQUIREDVERSIONS
160
                 0
  9
$INSBASE
 10
0.0
 20
0.0
 30
0.0
  9
$EXTMIN
 10
3474.77867244956
 20
2023.702848786608
 30
0.0
  9
$EXTMAX
 10
3877.852258609788
 20
2251.190007200948
 30
0.0
  9
$LIMMIN
 10
0.0
 20
0.0
  9
$LIMMAX
 10
420.0
 20
297.0
  9
$ORTHOMODE
 70
     0
  9
$REGENMODE
 70
     1
  9
$FILLMODE
 70
     1
  9
$QTEXTMODE
 70
     0
  9
$MIRRTEXT
 70
     0
  9
$LTSCALE
 40
1.0
  9
$ATTMODE
 70
     1
  9
$TEXTSIZE
 40
2.5
  9
$TRACEWID
 40
1.0
  9
$TEXTSTYLE
  7
Standard
  9
$CLAYER
  8
0
  9
$CELTYPE
  6
ByLayer
  9
$CECOLOR
 62
   256
  9
$CELTSCALE
 40
1.0
  9
$DISPSILH
 70
     0
  9
$DIMSCALE
 40
1.0
  9
$DIMASZ
 40
2.5
  9
$DIMEXO
 40
0.625
  9
$DIMDLI
 40
3.75
  9
$DIMRND
 40
0.0
  9
$DIMDLE
 40
0.0
  9
$DIMEXE
 40
1.25
  9
$DIMTP
 40
0.0
  9
$DIMTM
 40
0.0
  9
$DIMTXT
 40
2.5
  9
$DIMCEN
 40
2.5
  9
$DIMTSZ
 40
0.0
  9
$DIMTOL
 70
     0
  9
$DIMLIM
 70
     0
  9
$DIMTIH
 70
     0
  9
$DIMTOH
 70
     0
  9
$DIMSE1
 70
     0
  9
$DIMSE2
 70
     0
  9
$DIMTAD
 70
     1
  9
$DIMZIN
 70
     8
  9
$DIMBLK
  1

  9
$DIMASO
 70
     1
  9
$DIMSHO
 70
     1
  9
$DIMPOST
  1

  9
$DIMAPOST
  1

  9
$DIMALT
 70
     0
  9
$DIMALTD
 70
     3
  9
$DIMALTF
 40
0.03937007874016
  9
$DIMLFAC
 40
1.0
  9
$DIMTOFL
 70
     1
  9
$DIMTVP
 40
0.0
  9
$DIMTIX
 70
     0
  9
$DIMSOXD
 70
     0
  9
$DIMSAH
 70
     0
  9
$DIMBLK1
  1

  9
$DIMBLK2
  1

  9
$DIMSTYLE
  2
ISO-25
  9
$DIMCLRD
 70
     0
  9
$DIMCLRE
 70
     0
  9
$DIMCLRT
 70
     0
  9
$DIMTFAC
 40
1.0
  9
$DIMGAP
 40
0.625
  9
$DIMJUST
 70
     0
  9
$DIMSD1
 70
     0
  9
$DIMSD2
 70
     0
  9
$DIMTOLJ
 70
     0
  9
$DIMTZIN
 70
     8
  9
$DIMALTZ
 70
     0
  9
$DIMALTTZ
 70
     0
  9
$DIMUPT
 70
     0
  9
$DIMDEC
 70
     2
  9
$DIMTDEC
 70
     2
  9
$DIMALTU
 70
     2
  9
$DIMALTTD
 70
     3
  9
$DIMTXSTY
  7
Standard
  9
$DIMAUNIT
 70
     0
  9
$DIMADEC
 70
     0
  9
$DIMALTRND
 40
0.0
  9
$DIMAZIN
 70
     0
  9
$DIMDSEP
 70
    44
  9
$DIMATFIT
 70
     3
  9
$DIMFRAC
 70
     0
  9
$DIMLDRBLK
  1

  9
$DIMLUNIT
 70
     2
  9
$DIMLWD
 70
    -2
  9
$DIMLWE
 70
    -2
  9
$DIMTMOVE
 70
     0
  9
$DIMFXL
 40
1.0
  9
$DIMFXLON
 70
     0
  9
$DIMJOGANG
 40
0.7853981633974483
  9
$DIMTFILL
 70
     0
  9
$DIMTFILLCLR
 70
     0
  9
$DIMARCSYM
 70
     0
  9
$DIMLTYPE
  6

  9
$DIMLTEX1
  6

  9
$DIMLTEX2
  6

  9
$DIMTXTDIRECTION
 70
     0
  9
$LUNITS
 70
     2
  9
$LUPREC
 70
     4
  9
$SKETCHINC
 40
1.0
  9
$FILLETRAD
 40
0.0
  9
$AUNITS
 70
     0
  9
$AUPREC
 70
     0
  9
$MENU
  1
.
  9
$ELEVATION
 40
0.0
  9
$PELEVATION
 40
0.0
  9
$THICKNESS
 40
0.0
  9
$LIMCHECK
 70
     0
  9
$CHAMFERA
 40
0.0
  9
$CHAMFERB
 40
0.0
  9
$CHAMFERC
 40
0.0
  9
$CHAMFERD
 40
0.0
  9
$SKPOLY
 70
     0
  9
$TDCREATE
 40
2461272.966041666
  9
$TDUCREATE
 40
2461272.632708334
  9
$TDUPDATE
 40
2461272.967060185
  9
$TDUUPDATE
 40
2461272.633726852
  9
$TDINDWG
 40
0.0010185185
  9
$TDUSRTIMER
 40
0.0010185185
  9
$USRTIMER
 70
     1
  9
$ANGBASE
 50
0.0
  9
$ANGDIR
 70
     0
  9
$PDMODE
 70
     0
  9
$PDSIZE
 40
0.0
  9
$PLINEWID
 40
0.0
  9
$SPLFRAME
 70
     0
  9
$SPLINETYPE
 70
     6
  9
$SPLINESEGS
 70
     8
  9
$HANDSEED
  5
13D1
  9
$SURFTAB1
 70
     6
  9
$SURFTAB2
 70
     6
  9
$SURFTYPE
 70
     6
  9
$SURFU
 70
     6
  9
$SURFV
 70
     6
  9
$UCSBASE
  2

  9
$UCSNAME
  2

  9
$UCSORG
 10
0.0
 20
0.0
 30
0.0
  9
$UCSXDIR
 10
1.0
 20
0.0
 30
0.0
  9
$UCSYDIR
 10
0.0
 20
1.0
 30
0.0
  9
$UCSORTHOREF
  2

  9
$UCSORTHOVIEW
 70
     0
  9
$UCSORGTOP
 10
0.0
 20
0.0
 30
0.0
  9
$UCSORGBOTTOM
 10
0.0
 20
0.0
 30
0.0
  9
$UCSORGLEFT
 10
0.0
 20
0.0
 30
0.0
  9
$UCSORGRIGHT
 10
0.0
 20
0.0
 30
0.0
  9
$UCSORGFRONT
 10
0.0
 20
0.0
 30
0.0
  9
$UCSORGBACK
 10
0.0
 20
0.0
 30
0.0
  9
$PUCSBASE
  2

  9
$PUCSNAME
  2

  9
$PUCSORG
 10
0.0
 20
0.0
 30
0.0
  9
$PUCSXDIR
 10
1.0
 20
0.0
 30
0.0
  9
$PUCSYDIR
 10
0.0
 20
1.0
 30
0.0
  9
$PUCSORTHOREF
  2

  9
$PUCSORTHOVIEW
 70
     0
  9
$PUCSORGTOP
 10
0.0
 20
0.0
 30
0.0
  9
$PUCSORGBOTTOM
 10
0.0
 20
0.0
 30
0.0
  9
$PUCSORGLEFT
 10
0.0
 20
0.0
 30
0.0
  9
$PUCSORGRIGHT
 10
0.0
 20
0.0
 30
0.0
  9
$PUCSORGFRONT
 10
0.0
 20
0.0
 30
0.0
  9
$PUCSORGBACK
 10
0.0
 20
0.0
 30
0.0
  9
$USERI1
 70
     0
  9
$USERI2
 70
     0
  9
$USERI3
 70
     0
  9
$USERI4
 70
     0
  9
$USERI5
 70
     0
  9
$USERR1
 40
0.0
  9
$USERR2
 40
0.0
  9
$USERR3
 40
0.0
  9
$USERR4
 40
0.0
  9
$USERR5
 40
0.0
  9
$WORLDVIEW
 70
     1
  9
$SHADEDGE
 70
     3
  9
$SHADEDIF
 70
    70
  9
$TILEMODE
 70
     1
  9
$MAXACTVP
 70
    64
  9
$PINSBASE
 10
0.0
 20
0.0
 30
0.0
  9
$PLIMCHECK
 70
     0
  9
$PEXTMIN
 10
0.0
 20
0.0
 30
0.0
  9
$PEXTMAX
 10
0.0
 20
0.0
 30
0.0
  9
$PLIMMIN
 10
0.0
 20
0.0
  9
$PLIMMAX
 10
12.0
 20
9.0
  9
$UNITMODE
 70
     0
  9
$VISRETAIN
 70
     1
  9
$PLINEGEN
 70
     0
  9
$PSLTSCALE
 70
     1
  9
$TREEDEPTH
 70
  3020
  9
$CMLSTYLE
  2
Standard
  9
$CMLJUST
 70
     0
  9
$CMLSCALE
 40
20.0
  9
$PROXYGRAPHICS
 70
     1
  9
$MEASUREMENT
 70
     1
  9
$CELWEIGHT
370
    -1
  9
$ENDCAPS
280
     0
  9
$JOINSTYLE
280
     0
  9
$LWDISPLAY
290
     0
  9
$INSUNITS
 70
     4
  9
$HYPERLINKBASE
  1

  9
$STYLESHEET
  1

  9
$XEDIT
290
     1
  9
$CEPSNTYPE
380
     0
  9
$PSTYLEMODE
290
     1
  9
$FINGERPRINTGUID
  2
{B9B0F478-E014-0C4F-A146-98268BBAB269}
  9
$VERSIONGUID
  2
{4334CC8E-25C3-1D4C-8896-4C25E44B0074}
  9
$EXTNAMES
290
     1
  9
$PSVPSCALE
 40
0.0
  9
$OLESTARTUP
290
     0
  9
$SORTENTS
280
   127
  9
$INDEXCTL
280
     0
  9
$HIDETEXT
280
     1
  9
$XCLIPFRAME
280
     2
  9
$HALOGAP
280
     0
  9
$OBSCOLOR
 70
   257
  9
$OBSLTYPE
280
     0
  9
$INTERSECTIONDISPLAY
280
     0
  9
$INTERSECTIONCOLOR
 70
   257
  9
$DIMASSOC
280
     2
  9
$PROJECTNAME
  1

  9
$CAMERADISPLAY
290
     0
  9
$LENSLENGTH
 40
50.0
  9
$CAMERAHEIGHT
 40
0.0
  9
$STEPSPERSEC
 40
2.0
  9
$STEPSIZE
 40
6.0
  9
$3DDWFPREC
 40
2.0
  9
$PSOLWIDTH
 40
5.0
  9
$PSOLHEIGHT
 40
80.0
  9
$LOFTANG1
 40
1.570796326794896
  9
$LOFTANG2
 40
1.570796326794896
  9
$LOFTMAG1
 40
0.0
  9
$LOFTMAG2
 40
0.0
  9
$LOFTPARAM
 70
     7
  9
$LOFTNORMALS
280
     1
  9
$LATITUDE
 40
37.795
  9
$LONGITUDE
 40
-122.394
  9
$NORTHDIRECTION
 40
0.0
  9
$TIMEZONE
 70
 -8000
  9
$LIGHTGLYPHDISPLAY
280
     1
  9
$TILEMODELIGHTSYNCH
280
     1
  9
$CMATERIAL
347
EC
  9
$SOLIDHIST
280
     0
  9
$SHOWHIST
280
     1
  9
$DWFFRAME
280
     2
  9
$DGNFRAME
280
     0
  9
$REALWORLDSCALE
290
     1
  9
$INTERFERECOLOR
 62
     1
  9
$INTERFEREOBJVS
345
F9
  9
$INTERFEREVPVS
346
F6
  9
$CSHADOW
280
     0
  9
$SHADOWPLANELOCATION
 40
0.0
  0
ENDSEC
  0
SECTION
  2
CLASSES
  0
CLASS
  1
ACDBDICTIONARYWDFLT
  2
AcDbDictionaryWithDefault
  3
ObjectDBX Classes
 90
        0
 91
        1
280
     0
281
     0
  0
CLASS
  1
DICTIONARYVAR
  2
AcDbDictionaryVar
  3
ObjectDBX Classes
 90
        0
 91
       11
280
     0
281
     0
  0
CLASS
  1
TABLESTYLE
  2
AcDbTableStyle
  3
ObjectDBX Classes
 90
     4095
 91
        1
280
     0
281
     0
  0
CLASS
  1
MATERIAL
  2
AcDbMaterial
  3
ObjectDBX Classes
 90
     1153
 91
        3
280
     0
281
     0
  0
CLASS
  1
VISUALSTYLE
  2
AcDbVisualStyle
  3
ObjectDBX Classes
 90
     4095
 91
       24
280
     0
281
     0
  0
CLASS
  1
SCALE
  2
AcDbScale
  3
ObjectDBX Classes
 90
     1153
 91
       17
280
     0
281
     0
  0
CLASS
  1
MLEADERSTYLE
  2
AcDbMLeaderStyle
  3
ACDB_MLEADERSTYLE_CLASS
 90
     4095
 91
        2
280
     0
281
     0
  0
CLASS
  1
CELLSTYLEMAP
  2
AcDbCellStyleMap
  3
ObjectDBX Classes
 90
     1152
 91
        4
280
     0
281
     0
  0
CLASS
  1
EXACXREFPANELOBJECT
  2
ExAcXREFPanelObject
  3
EXAC_ESW
 90
     1025
 91
        0
280
     0
281
     0
  0
CLASS
  1
NPOCOLLECTION
  2
AcDbImpNonPersistentObjectsCollection
  3
ObjectDBX Classes
 90
     1153
 91
        0
280
     0
281
     0
  0
CLASS
  1
LAYER_INDEX
  2
AcDbLayerIndex
  3
ObjectDBX Classes
 90
        0
 91
        0
280
     0
281
     0
  0
CLASS
  1
SPATIAL_INDEX
  2
AcDbSpatialIndex
  3
ObjectDBX Classes
 90
        0
 91
        0
280
     0
281
     0
  0
CLASS
  1
IDBUFFER
  2
AcDbIdBuffer
  3
ObjectDBX Classes
 90
        0
 91
        0
280
     0
281
     0
  0
CLASS
  1
ACDBSECTIONVIEWSTYLE
  2
AcDbSectionViewStyle
  3
ObjectDBX Classes
 90
     1025
 91
        2
280
     0
281
     0
  0
CLASS
  1
ACDBDETAILVIEWSTYLE
  2
AcDbDetailViewStyle
  3
ObjectDBX Classes
 90
     1025
 91
        2
280
     0
281
     0
  0
CLASS
  1
SORTENTSTABLE
  2
AcDbSortentsTable
  3
ObjectDBX Classes
 90
        0
 91
        3
280
     0
281
     0
  0
ENDSEC
  0
SECTION
  2
TABLES
  0
TABLE
  2
VPORT
  5
8
330
0
100
AcDbSymbolTable
 70
     1
  0
VPORT
  5
EA
330
8
100
AcDbSymbolTableRecord
100
AcDbViewportTableRecord
  2
*Active
 70
     0
 10
0.0
 20
0.0
 11
1.0
 21
1.0
 12
3749.003147124525
 22
2161.515542510839
 13
0.0
 23
0.0
 14
10.0
 24
10.0
 15
10.0
 25
10.0
 16
0.0
 26
0.0
 36
1.0
 17
0.0
 27
0.0
 37
0.0
 40
344.2280335582964
 41
2.575067024128686
 42
50.0
 43
0.0
 44
0.0
 50
0.0
 51
0.0
 71
     0
 72
  1000
 73
     1
 74
     3
 75
     0
 76
     1
 77
     0
 78
     0
281
     0
 65
     1
110
0.0
120
0.0
130
0.0
111
1.0
121
0.0
131
0.0
112
0.0
122
1.0
132
0.0
 79
     0
146
0.0
348
F5
 60
     3
 61
     5
292
     1
282
     1
141
0.0
142
0.0
 63
   250
421
  3355443
1001
ACAD_NAV_VCDISPLAY
1070
     3
  0
ENDTAB
  0
TABLE
  2
LTYPE
  5
5
330
0
100
AcDbSymbolTable
 70
     6
  0
LTYPE
  5
14
330
5
100
AcDbSymbolTableRecord
100
AcDbLinetypeTableRecord
  2
ByBlock
 70
     0
  3

 72
    65
 73
     0
 40
0.0
  0
LTYPE
  5
15
330
5
100
AcDbSymbolTableRecord
100
AcDbLinetypeTableRecord
  2
ByLayer
 70
     0
  3

 72
    65
 73
     0
 40
0.0
  0
LTYPE
  5
16
330
5
100
AcDbSymbolTableRecord
100
AcDbLinetypeTableRecord
  2
Continuous
 70
     0
  3
Solid line
 72
    65
 73
     0
 40
0.0
  0
LTYPE
  5
136F
330
5
100
AcDbSymbolTableRecord
100
AcDbLinetypeTableRecord
  2
PHANTOM
 70
     0
  3
Phantom ______  __  __  ______  __  __  ______
 72
    65
 73
     6
 40
2.5
 49
1.25
 74
     0
 49
-0.25
 74
     0
 49
0.25
 74
     0
 49
-0.25
 74
     0
 49
0.25
 74
     0
 49
-0.25
 74
     0
  0
LTYPE
  5
1370
330
5
100
AcDbSymbolTableRecord
100
AcDbLinetypeTableRecord
  2
HIDDEN
 70
     0
  3
Hidden __ __ __ __ __ __ __ __ __ __ __ __ __ _
 72
    65
 73
     2
 40
0.375
 49
0.25
 74
     0
 49
-0.125
 74
     0
  0
LTYPE
  5
1371
330
5
100
AcDbSymbolTableRecord
100
AcDbLinetypeTableRecord
  2
HIDDEN2
 70
     0
  3
Hidden (.5x) _ _ _ _ _ _ _ _ _ _ _ _ _ _ _ _ _
 72
    65
 73
     2
 40
0.1875
 49
0.125
 74
     0
 49
-0.0625
 74
     0
  0
LTYPE
  5
1372
330
5
100
AcDbSymbolTableRecord
100
AcDbLinetypeTableRecord
  2
LEOJ
 70
     0
  3
_______________________________________________
 72
    65
 73
     2
 40
0.3
 49
0.2
 74
     0
 49
-0.1
 74
     0
  0
LTYPE
  5
1373
330
5
100
AcDbSymbolTableRecord
100
AcDbLinetypeTableRecord
  2
HID
 70
     0
  3
_______________________________________________
 72
    65
 73
     2
 40
0.3
 49
0.2
 74
     0
 49
-0.1
 74
     0
  0
ENDTAB
  0
TABLE
  2
LAYER
  5
2
102
{ACAD_XDICTIONARY
360
1FF
102
}
330
0
100
AcDbSymbolTable
 70
    18
  0
LAYER
  5
10
102
{ACAD_XDICTIONARY
360
13C
102
}
330
2
100
AcDbSymbolTableRecord
100
AcDbLayerTableRecord
  2
0
 70
     0
 62
     7
  6
Continuous
370
    -3
390
F
347
EE
348
0
  0
LAYER
  5
1374
330
2
100
AcDbSymbolTableRecord
100
AcDbLayerTableRecord
  2
Defpoints
 70
     0
 62
     7
  6
Continuous
290
     0
370
    -3
390
F
347
EE
348
0
  0
LAYER
  5
1375
330
2
100
AcDbSymbolTableRecord
100
AcDbLayerTableRecord
  2
A-COLUMN
 70
     0
 62
     5
  6
Continuous
370
    -3
390
F
347
EE
348
0
1001
AcAecLayerStandard
1000

1000

1001
AcCmTransparency
1071
        0
  0
LAYER
  5
1376
102
{ACAD_XDICTIONARY
360
1377
102
}
330
2
100
AcDbSymbolTableRecord
100
AcDbLayerTableRecord
  2
DIM
 70
     0
 62
     8
  6
Continuous
370
    -3
390
F
347
EE
348
0
1001
RAK
1000
{ACET-LAYISO
1070
     0
1070
     1
1000
Continuous
1071
       -3
1071
        1
1005
F
1000
ACET-LAYISO}
  0
LAYER
  5
1378
330
2
100
AcDbSymbolTableRecord
100
AcDbLayerTableRecord
  2
TG
 70
     0
 62
     3
  6
Continuous
370
    -3
390
F
347
EE
348
0
  0
LAYER
  5
1379
330
2
100
AcDbSymbolTableRecord
100
AcDbLayerTableRecord
  2
2Y
 70
     0
 62
     3
  6
Continuous
370
     9
390
F
347
EE
348
0
  0
LAYER
  5
137A
330
2
100
AcDbSymbolTableRecord
100
AcDbLayerTableRecord
  2
4C
 70
     0
 62
     4
  6
Continuous
370
     9
390
F
347
EE
348
0
  0
LAYER
  5
137B
102
{ACAD_XDICTIONARY
360
137C
102
}
330
2
100
AcDbSymbolTableRecord
100
AcDbLayerTableRecord
  2
5B
 70
     0
 62
     5
  6
Continuous
370
    -3
390
F
347
EE
348
0
  0
LAYER
  5
137D
330
2
100
AcDbSymbolTableRecord
100
AcDbLayerTableRecord
  2
1R
 70
     0
 62
     1
  6
Continuous
370
    -3
390
F
347
EE
348
0
  0
LAYER
  5
137E
330
2
100
AcDbSymbolTableRecord
100
AcDbLayerTableRecord
  2
ST-DIM_E
 70
     0
 62
   250
  6
Continuous
370
    13
390
F
347
EE
348
0
1001
AcAecLayerStandard
1000

1000

  0
LAYER
  5
137F
330
2
100
AcDbSymbolTableRecord
100
AcDbLayerTableRecord
  2
title
 70
     0
 62
     3
  6
Continuous
370
    -3
390
F
347
EE
348
0
1001
AcAecLayerStandard
1000

1000

  0
LAYER
  5
1380
102
{ACAD_XDICTIONARY
360
1381
102
}
330
2
100
AcDbSymbolTableRecord
100
AcDbLayerTableRecord
  2
TC
 70
     0
 62
     4
  6
Continuous
370
    -3
390
F
347
EE
348
0
  0
LAYER
  5
1382
102
{ACAD_XDICTIONARY
360
1383
102
}
330
2
100
AcDbSymbolTableRecord
100
AcDbLayerTableRecord
  2
3G
 70
     0
 62
     3
  6
Continuous
370
    -3
390
F
347
EE
348
0
  0
LAYER
  5
1384
102
{ACAD_XDICTIONARY
360
1385
102
}
330
2
100
AcDbSymbolTableRecord
100
AcDbLayerTableRecord
  2
SHE
 70
     0
 62
     8
  6
Continuous
370
    -3
390
F
347
EE
348
0
  0
LAYER
  5
1386
102
{ACAD_XDICTIONARY
360
1387
102
}
330
2
100
AcDbSymbolTableRecord
100
AcDbLayerTableRecord
  2
8G
 70
     0
 62
     8
  6
Continuous
370
    -3
390
F
347
EE
348
0
  0
LAYER
  5
1388
102
{ACAD_XDICTIONARY
360
1389
102
}
330
2
100
AcDbSymbolTableRecord
100
AcDbLayerTableRecord
  2
6M
 70
     0
 62
     6
  6
Continuous
370
    -3
390
F
347
EE
348
0
  0
LAYER
  5
138A
102
{ACAD_XDICTIONARY
360
138B
102
}
330
2
100
AcDbSymbolTableRecord
100
AcDbLayerTableRecord
  2
TM
 70
     0
 62
     6
  6
Continuous
370
    -3
390
F
347
EE
348
0
  0
LAYER
  5
138C
102
{ACAD_XDICTIONARY
360
138D
102
}
330
2
100
AcDbSymbolTableRecord
100
AcDbLayerTableRecord
  2
TB
 70
     0
 62
     5
  6
Continuous
370
    -3
390
F
347
EE
348
0
  0
ENDTAB
  0
TABLE
  2
STYLE
  5
3
330
0
100
AcDbSymbolTable
 70
    16
  0
STYLE
  5
11
330
3
100
AcDbSymbolTableRecord
100
AcDbTextStyleTableRecord
  2
Standard
 70
     0
 40
0.0
 41
1.0
 50
0.0
 71
     0
 42
2.5
  3
arial.ttf
  4

1001
ACAD
1000
Arial
1071
       34
  0
STYLE
  5
132
330
3
100
AcDbSymbolTableRecord
100
AcDbTextStyleTableRecord
  2
Annotative
 70
     0
 40
0.0
 41
1.0
 50
0.0
 71
     0
 42
2.5
  3
arial.ttf
  4

1001
AcadAnnotative
1000
AnnotativeData
1002
{
1070
     1
1070
     1
1002
}
1001
ACAD
1000
Arial
1071
       34
  0
STYLE
  5
138E
330
3
100
AcDbSymbolTableRecord
100
AcDbTextStyleTableRecord
  2
Dimension Text
 70
     0
 40
0.0
 41
1.0
 50
0.0
 71
     0
 42
0.2
  3
simplex.shx
  4

  0
STYLE
  5
138F
330
3
100
AcDbSymbolTableRecord
100
AcDbTextStyleTableRecord
  2
AECS 100
 70
     0
 40
100.0
 41
1.0
 50
0.0
 71
     0
 42
100.0
  3
romans.shx
  4

  0
STYLE
  5
1390
330
3
100
AcDbSymbolTableRecord
100
AcDbTextStyleTableRecord
  2
ROMANS
 70
     0
 40
0.0
 41
0.8
 50
0.0
 71
     0
 42
441.0
  3
romans.shx
  4

  0
STYLE
  5
1391
330
3
100
AcDbSymbolTableRecord
100
AcDbTextStyleTableRecord
  2
TXT100
 70
     0
 40
0.0
 41
1.0
 50
0.0
 71
     0
 42
2.5
  3
isocp2.shx
  4

  0
STYLE
  5
1392
330
3
100
AcDbSymbolTableRecord
100
AcDbTextStyleTableRecord
  2
100CL
 70
     0
 40
250.0
 41
1.0
 50
0.0
 71
     0
 42
250.0
  3
romans.shx
  4

  0
STYLE
  5
1393
330
3
100
AcDbSymbolTableRecord
100
AcDbTextStyleTableRecord
  2
AECS 20
 70
     0
 40
20.0
 41
1.0
 50
0.0
 71
     0
 42
20.0
  3
romans.shx
  4

  0
STYLE
  5
1394
330
3
100
AcDbSymbolTableRecord
100
AcDbTextStyleTableRecord
  2
240CL
 70
     0
 40
0.6
 41
1.0
 50
0.0
 71
     0
 42
12.0
  3
ROMANS.shx
  4

  0
STYLE
  5
1395
330
3
100
AcDbSymbolTableRecord
100
AcDbTextStyleTableRecord
  2
175CL
 70
     0
 40
0.45
 41
1.0
 50
0.0
 71
     0
 42
9.0
  3
ROMANS.shx
  4

  0
STYLE
  5
1396
330
3
100
AcDbSymbolTableRecord
100
AcDbTextStyleTableRecord
  2
S-TAKEN
 70
     0
 40
0.25
 41
1.0
 50
0.0
 71
     0
 42
0.25
  3
ROMANS.shx
  4

  0
STYLE
  5
1397
330
3
100
AcDbSymbolTableRecord
100
AcDbTextStyleTableRecord
  2
FRED
 70
     0
 40
0.6
 41
1.0
 50
0.0
 71
     0
 42
0.6
  3
romans
  4

  0
STYLE
  5
1398
330
3
100
AcDbSymbolTableRecord
100
AcDbTextStyleTableRecord
  2
AECS 25
 70
     0
 40
25.0
 41
1.0
 50
0.0
 71
     0
 42
25.0
  3
romans.shx
  4

  0
STYLE
  5
1399
330
3
100
AcDbSymbolTableRecord
100
AcDbTextStyleTableRecord
  2
140CL
 70
     0
 40
0.35
 41
1.0
 50
0.0
 71
     0
 42
0.2
  3
romans.shx
  4

  0
STYLE
  5
139A
330
3
100
AcDbSymbolTableRecord
100
AcDbTextStyleTableRecord
  2
S-SHOWN
 70
     0
 40
0.25
 41
1.0
 50
0.0
 71
     0
 42
0.25
  3
ROMANS.shx
  4

  0
STYLE
  5
139B
330
3
100
AcDbSymbolTableRecord
100
AcDbTextStyleTableRecord
  2
A
 70
     0
 40
350.0
 41
1.0
 50
0.0
 71
     0
 42
350.0
  3
ROMANS
  4

  0
ENDTAB
  0
TABLE
  2
VIEW
  5
6
330
0
100
AcDbSymbolTable
 70
     3
  0
ENDTAB
  0
TABLE
  2
UCS
  5
7
330
0
100
AcDbSymbolTable
 70
     0
  0
ENDTAB
  0
TABLE
  2
APPID
  5
9
330
0
100
AcDbSymbolTable
 70
    12
  0
APPID
  5
12
330
9
100
AcDbSymbolTableRecord
100
AcDbRegAppTableRecord
  2
ACAD
 70
     0
  0
APPID
  5
9E
330
9
100
AcDbSymbolTableRecord
100
AcDbRegAppTableRecord
  2
ACAD_PSEXT
 70
     0
  0
APPID
  5
133
330
9
100
AcDbSymbolTableRecord
100
AcDbRegAppTableRecord
  2
AcadAnnoPO
 70
     0
  0
APPID
  5
134
330
9
100
AcDbSymbolTableRecord
100
AcDbRegAppTableRecord
  2
AcadAnnotative
 70
     0
  0
APPID
  5
135
330
9
100
AcDbSymbolTableRecord
100
AcDbRegAppTableRecord
  2
ACAD_DSTYLE_DIMJAG
 70
     0
  0
APPID
  5
136
330
9
100
AcDbSymbolTableRecord
100
AcDbRegAppTableRecord
  2
ACAD_DSTYLE_DIMTALN
 70
     0
  0
APPID
  5
165
330
9
100
AcDbSymbolTableRecord
100
AcDbRegAppTableRecord
  2
ACAD_MLEADERVER
 70
     0
  0
APPID
  5
217
330
9
100
AcDbSymbolTableRecord
100
AcDbRegAppTableRecord
  2
ACAD_NAV_VCDISPLAY
 70
     0
  0
APPID
  5
13A2
330
9
100
AcDbSymbolTableRecord
100
AcDbRegAppTableRecord
  2
AcAecLayerStandard
 70
     0
  0
APPID
  5
13A3
330
9
100
AcDbSymbolTableRecord
100
AcDbRegAppTableRecord
  2
AcCmTransparency
 70
     0
  0
APPID
  5
13A4
330
9
100
AcDbSymbolTableRecord
100
AcDbRegAppTableRecord
  2
ACAD_DSTYLE_DIMBREAK
 70
     0
  0
APPID
  5
13A5
330
9
100
AcDbSymbolTableRecord
100
AcDbRegAppTableRecord
  2
RAK
 70
     0
  0
ENDTAB
  0
TABLE
  2
DIMSTYLE
  5
A
330
0
100
AcDbSymbolTable
 70
     9
100
AcDbDimStyleTable
 71
     2
340
27
340
137
  0
DIMSTYLE
105
1B0
330
A
100
AcDbSymbolTableRecord
100
AcDbDimStyleTableRecord
  2
Standard
 70
     0
340
11
  0
DIMSTYLE
105
137
330
A
100
AcDbSymbolTableRecord
100
AcDbDimStyleTableRecord
  2
Annotative
 70
     0
 40
0.0
 41
2.5
 42
0.625
 43
3.75
 44
1.25
 73
     0
 74
     0
 77
     1
 78
     8
140
2.5
141
2.5
143
0.03937007874016
147
0.625
171
     3
172
     1
271
     2
272
     2
274
     3
278
    44
283
     0
284
     8
340
11
1001
AcadAnnotative
1000
AnnotativeData
1002
{
1070
     1
1070
     1
1002
}
1001
ACAD_DSTYLE_DIMJAG
1070
   388
1040
1.5
1001
ACAD_DSTYLE_DIMTALN
1070
   392
1070
     0
  0
DIMSTYLE
105
27
330
A
100
AcDbSymbolTableRecord
100
AcDbDimStyleTableRecord
  2
ISO-25
 70
     0
 41
2.5
 42
0.625
 43
3.75
 44
1.25
 73
     0
 74
     0
 77
     1
 78
     8
140
2.5
141
2.5
143
0.03937007874016
147
0.625
171
     3
172
     1
271
     2
272
     2
274
     3
278
    44
283
     0
284
     8
340
11
  0
DIMSTYLE
105
139C
102
{ACAD_REACTORS
330
110F
330
1110
330
1111
330
1055
330
BF4
102
}
330
A
100
AcDbSymbolTableRecord
100
AcDbDimStyleTableRecord
  2
Dim100
 70
     0
 41
0.1
 42
0.1
 43
0.1
 44
0.1
 46
0.1
 73
     0
 74
     0
 77
     1
140
0.2
141
0.1
147
0.1
172
     1
174
     1
176
     1
177
     1
178
     4
271
     2
272
     2
279
     1
340
138E
342
27F
1001
ACAD_DSTYLE_DIMBREAK
1070
   391
1040
0.1
1001
ACAD_DSTYLE_DIMJAG
1070
   388
1040
0.1
1001
ACAD_DSTYLE_DIMTALN
1070
   392
1070
     0
  0
DIMSTYLE
105
139D
330
A
100
AcDbSymbolTableRecord
100
AcDbDimStyleTableRecord
  2
AECS 100
 70
     0
 40
50.0
 41
2.0
 42
1.0
 43
5.0
 44
2.0
 45
10.0
 73
     0
 74
     0
 77
     1
140
100.0
141
1.0
147
1.0
176
     8
177
     8
178
     3
271
     0
272
     0
340
138F
342
283
1001
ACAD_DSTYLE_DIMBREAK
1070
   391
1040
3.75
1001
ACAD_DSTYLE_DIMJAG
1070
   388
1040
1.5
1001
ACAD_DSTYLE_DIMTALN
1070
   392
1070
     0
  0
DIMSTYLE
105
139E
330
A
100
AcDbSymbolTableRecord
100
AcDbDimStyleTableRecord
  2
1_100
 70
     0
 40
100.0
 41
2.0
 42
1.0
 43
1.0
 44
1.0
 73
     0
 74
     0
 77
     1
 78
     1
140
2.25
141
2.5
147
1.0
171
     4
172
     1
175
     1
176
   256
177
   256
178
     2
271
     0
272
     0
273
     8
274
     4
279
     2
340
1391
1001
ACAD_DSTYLE_DIMJAG
1070
   388
1040
1.5
1001
ACAD_DSTYLE_DIMTALN
1070
   392
1070
     0
  0
DIMSTYLE
105
139F
330
A
100
AcDbSymbolTableRecord
100
AcDbDimStyleTableRecord
  2
AECS 20
 70
     0
 40
50.0
 41
0.5
 42
0.2
 43
5.0
 44
0.5
 73
     0
 74
     0
 77
     1
140
20.0
141
1.0
147
0.2
176
     8
177
     8
178
     3
271
     0
272
     0
340
1393
342
283
1001
ACAD_DSTYLE_DIMBREAK
1070
   391
1040
3.75
1001
ACAD_DSTYLE_DIMJAG
1070
   388
1040
1.5
1001
ACAD_DSTYLE_DIMTALN
1070
   392
1070
     0
  0
DIMSTYLE
105
13A0
330
A
100
AcDbSymbolTableRecord
100
AcDbDimStyleTableRecord
  2
AECS 25
 70
     0
 40
50.0
 41
0.5
 42
1.0
 43
5.0
 44
0.5
 73
     0
 74
     0
 77
     1
140
25.0
141
1.0
147
0.5
176
     8
177
     8
178
     3
271
     0
272
     0
340
1398
342
283
1001
ACAD_DSTYLE_DIMBREAK
1070
   391
1040
3.75
1001
ACAD_DSTYLE_DIMJAG
1070
   388
1040
1.5
1001
ACAD_DSTYLE_DIMTALN
1070
   392
1070
     0
  0
DIMSTYLE
105
13A1
102
{ACAD_REACTORS
330
11EB
330
11F9
330
1239
330
123C
330
112B
330
112C
330
112D
330
112E
330
101A
330
101B
330
FB1
330
FBE
330
FC0
330
FC1
330
FC7
330
FC8
330
FC9
330
FD3
330
FD4
330
FDC
330
1017
330
F4E
330
D49
330
D4A
330
D4B
330
D4E
330
D4F
330
D50
330
D51
330
D7B
330
D7C
330
D2E
330
D2F
330
D42
330
B8A
330
B8B
330
B8C
330
B8D
330
B95
330
B96
330
B9B
330
B9D
330
B9E
330
B9F
330
BA0
330
BA1
330
BA2
330
C80
330
BF1
330
BF2
330
BF3
330
BF5
330
BF6
330
C15
330
C16
330
C18
330
C19
330
C38
330
C39
330
C3A
330
C3B
330
C3C
330
C3D
330
C3E
330
C3F
330
C41
330
C42
330
C43
330
C44
330
A96
330
94C
102
}
330
A
100
AcDbSymbolTableRecord
100
AcDbDimStyleTableRecord
  2
DIM150
 70
     0
 40
150.0
 41
2.5
 42
1.0
 43
5.0
 44
1.0
 73
     0
 74
     0
 77
     1
140
2.5
141
1.0
147
1.0
176
     8
177
     8
178
     3
271
     0
272
     0
340
1390
342
283
  0
ENDTAB
  0
TABLE
  2
BLOCK_RECORD
  5
1
330
0
100
AcDbSymbolTable
 70
    88
  0
BLOCK_RECORD
  5
1F
102
{ACAD_XDICTIONARY
360
1CE
102
}
330
1
100
AcDbSymbolTableRecord
100
AcDbBlockTableRecord
  2
*Model_Space
340
22
 70
     0
280
     1
281
     0
  0
BLOCK_RECORD
  5
D2
330
1
100
AcDbSymbolTableRecord
100
AcDbBlockTableRecord
  2
*Paper_Space
340
D3
 70
     0
280
     1
281
     0
  0
BLOCK_RECORD
  5
D6
330
1
100
AcDbSymbolTableRecord
100
AcDbBlockTableRecord
  2
*Paper_Space0
340
D7
 70
     0
280
     1
281
     0
  0
BLOCK_RECORD
  5
27F
330
1
100
AcDbSymbolTableRecord
100
AcDbBlockTableRecord
  2
_ArchTick
340
0
102
{BLKREFS
331
8C2
331
8C3
331
7DC
331
7DD
331
7E7
331
7E8
331
7D1
331
7D2
331
6FF
331
700
102
}
 70
     0
280
     1
281
     0
  0
BLOCK_RECORD
  5
283
330
1
100
AcDbSymbolTableRecord
100
AcDbBlockTableRecord
  2
DIM1
340
0
102
{BLKREFS
331
852
331
853
331
85F
331
860
331
86C
331
86D
331
879
331
87A
331
885
331
886
331
890
331
891
331
89D
331
89E
331
8A9
331
8AA
331
8B5
331
8B6
331
8CE
331
8CF
331
8DA
331
8DB
331
8E7
331
8E8
331
8F3
331
8F4
331
7F2
331
7F3
331
7FE
331
7FF
331
80A
331
80B
331
816
331
817
331
822
331
823
331
82E
331
82F
331
83A
331
83B
331
846
331
847
331
5FE
331
5FF
331
609
331
60A
331
615
331
616
331
621
331
622
331
62D
331
62E
331
639
331
63A
331
646
331
647
331
652
331
653
331
65F
331
660
331
66B
331
66C
331
761
331
762
331
76D
331
76E
331
779
331
77A
331
785
331
786
331
791
331
792
331
79E
331
79F
331
7AC
331
7AD
331
7B9
331
7BA
331
7C5
331
7C6
331
677
331
678
331
684
331
685
331
691
331
692
331
69D
331
69E
331
6A9
331
6AA
331
6B6
331
6B7
331
6C2
331
6C3
331
6D0
331
6D1
331
6DB
331
6DC
331
6E7
331
6E8
331
6F3
331
6F4
331
70A
331
70B
331
716
331
717
331
723
331
724
331
730
331
731
331
73D
331
73E
331
749
331
74A
331
755
331
756
331
55E
331
55F
331
56A
331
56B
331
577
331
578
331
584
331
585
331
591
331
592
331
59D
331
59E
331
5AA
331
5AB
331
5B4
331
5B5
331
5C2
331
5C3
331
5CD
331
5CE
331
5D9
331
5DA
331
5E5
331
5E6
331
5F1
331
5F2
102
}
 70
     1
280
     1
281
     0
  0
BLOCK_RECORD
  5
288
330
1
100
AcDbSymbolTableRecord
100
AcDbBlockTableRecord
  2
DIMBLK
340
0
102
{BLKREFS
331
FFF
331
1003
331
F6E
331
F72
331
F76
331
F7E
331
F9A
331
EA2
331
EAE
331
EB5
331
EC6
331
ECD
331
ED0
331
ED6
331
EE2
331
EEA
331
F02
331
F18
331
F1B
331
F20
331
F48
331
F49
331
F57
331
A25
102
}
 70
     0
280
     1
281
     0
  0
BLOCK_RECORD
  5
28C
102
{ACAD_XDICTIONARY
360
28D
102
}
330
1
100
AcDbSymbolTableRecord
100
AcDbBlockTableRecord
  2
A$C6C0B0B06
340
0
102
{BLKREFS
331
131B
331
1320
331
1325
331
132A
331
132F
331
1334
331
1339
331
133E
331
1343
331
1348
331
134D
331
1352
331
1357
331
135C
331
1361
331
1366
331
12F3
331
12F8
331
12FD
331
1302
331
1307
331
130C
331
1311
331
1316
102
}
 70
     1
280
     1
281
     0
  0
BLOCK_RECORD
  5
297
330
1
100
AcDbSymbolTableRecord
100
AcDbBlockTableRecord
  2
TAG
340
0
102
{BLKREFS
331
E87
331
E2B
331
DA4
331
DCB
102
}
 70
     0
280
     1
281
     0
  0
BLOCK_RECORD
  5
2A0
330
1
100
AcDbSymbolTableRecord
100
AcDbBlockTableRecord
  2
AR2
340
0
102
{BLKREFS
331
2A6
102
}
 70
     0
280
     1
281
     0
  0
BLOCK_RECORD
  5
2A4
330
1
100
AcDbSymbolTableRecord
100
AcDbBlockTableRecord
  2
ARR-DET
340
0
102
{BLKREFS
331
E74
331
DF2
331
E39
331
E42
331
E4E
331
D89
331
DBA
331
DDF
331
DE7
102
}
 70
     0
280
     1
281
     0
  0
BLOCK_RECORD
  5
2A8
330
1
100
AcDbSymbolTableRecord
100
AcDbBlockTableRecord
  2
*X8
340
0
102
{BLKREFS
331
10BE
102
}
 70
     0
280
     1
281
     0
  0
BLOCK_RECORD
  5
3FB
330
1
100
AcDbSymbolTableRecord
100
AcDbBlockTableRecord
  2
*X9
340
0
102
{BLKREFS
331
10BF
102
}
 70
     0
280
     1
281
     0
  0
BLOCK_RECORD
  5
559
330
1
100
AcDbSymbolTableRecord
100
AcDbBlockTableRecord
  2
*D10
340
0
 70
     0
280
     1
281
     0
  0
BLOCK_RECORD
  5
565
330
1
100
AcDbSymbolTableRecord
100
AcDbBlockTableRecord
  2
*D11
340
0
 70
     0
280
     1
281
     0
  0
BLOCK_RECORD
  5
571
330
1
100
AcDbSymbolTableRecord
100
AcDbBlockTableRecord
  2
*D12
340
0
 70
     0
280
     1
281
     0
  0
BLOCK_RECORD
  5
57E
330
1
100
AcDbSymbolTableRecord
100
AcDbBlockTableRecord
  2
*D13
340
0
 70
     0
280
     1
281
     0
  0
BLOCK_RECORD
  5
58B
330
1
100
AcDbSymbolTableRecord
100
AcDbBlockTableRecord
  2
*D14
340
0
 70
     0
280
     1
281
     0
  0
BLOCK_RECORD
  5
598
330
1
100
AcDbSymbolTableRecord
100
AcDbBlockTableRecord
  2
*D15
340
0
 70
     0
280
     1
281
     0
  0
BLOCK_RECORD
  5
5A4
330
1
100
AcDbSymbolTableRecord
100
AcDbBlockTableRecord
  2
*D16
340
0
 70
     0
280
     1
281
     0
  0
BLOCK_RECORD
  5
5B0
330
1
100
AcDbSymbolTableRecord
100
AcDbBlockTableRecord
  2
*D17
340
0
 70
     0
280
     1
281
     0
  0
BLOCK_RECORD
  5
5BB
330
1
100
AcDbSymbolTableRecord
100
AcDbBlockTableRecord
  2
*D18
340
0
 70
     0
280
     1
281
     0
  0
BLOCK_RECORD
  5
5C8
330
1
100
AcDbSymbolTableRecord
100
AcDbBlockTableRecord
  2
*D19
340
0
 70
     0
280
     1
281
     0
  0
BLOCK_RECORD
  5
5D4
330
1
100
AcDbSymbolTableRecord
100
AcDbBlockTableRecord
  2
*D20
340
0
 70
     0
280
     1
281
     0
  0
BLOCK_RECORD
  5
5E0
330
1
100
AcDbSymbolTableRecord
100
AcDbBlockTableRecord
  2
*D21
340
0
 70
     0
280
     1
281
     0
  0
BLOCK_RECORD
  5
5EC
330
1
100
AcDbSymbolTableRecord
100
AcDbBlockTableRecord
  2
*D22
340
0
 70
     0
280
     1
281
     0
  0
BLOCK_RECORD
  5
5F8
330
1
100
AcDbSymbolTableRecord
100
AcDbBlockTableRecord
  2
*D23
340
0
 70
     0
280
     1
281
     0
  0
BLOCK_RECORD
  5
604
330
1
100
AcDbSymbolTableRecord
100
AcDbBlockTableRecord
  2
*D24
340
0
 70
     0
280
     1
281
     0
  0
BLOCK_RECORD
  5
610
330
1
100
AcDbSymbolTableRecord
100
AcDbBlockTableRecord
  2
*D25
340
0
 70
     0
280
     1
281
     0
  0
BLOCK_RECORD
  5
61C
330
1
100
AcDbSymbolTableRecord
100
AcDbBlockTableRecord
  2
*D26
340
0
 70
     0
280
     1
281
     0
  0
BLOCK_RECORD
  5
628
330
1
100
AcDbSymbolTableRecord
100
AcDbBlockTableRecord
  2
*D27
340
0
 70
     0
280
     1
281
     0
  0
BLOCK_RECORD
  5
634
330
1
100
AcDbSymbolTableRecord
100
AcDbBlockTableRecord
  2
*D28
340
0
 70
     0
280
     1
281
     0
  0
BLOCK_RECORD
  5
640
330
1
100
AcDbSymbolTableRecord
100
AcDbBlockTableRecord
  2
*D29
340
0
 70
     0
280
     1
281
     0
  0
BLOCK_RECORD
  5
64D
330
1
100
AcDbSymbolTableRecord
100
AcDbBlockTableRecord
  2
*D30
340
0
 70
     0
280
     1
281
     0
  0
BLOCK_RECORD
  5
659
330
1
100
AcDbSymbolTableRecord
100
AcDbBlockTableRecord
  2
*D31
340
0
 70
     0
280
     1
281
     0
  0
BLOCK_RECORD
  5
666
330
1
100
AcDbSymbolTableRecord
100
AcDbBlockTableRecord
  2
*D32
340
0
 70
     0
280
     1
281
     0
  0
BLOCK_RECORD
  5
672
330
1
100
AcDbSymbolTableRecord
100
AcDbBlockTableRecord
  2
*D33
340
0
 70
     0
280
     1
281
     0
  0
BLOCK_RECORD
  5
67E
330
1
100
AcDbSymbolTableRecord
100
AcDbBlockTableRecord
  2
*D34
340
0
 70
     0
280
     1
281
     0
  0
BLOCK_RECORD
  5
68B
330
1
100
AcDbSymbolTableRecord
100
AcDbBlockTableRecord
  2
*D35
340
0
 70
     0
280
     1
281
     0
  0
BLOCK_RECORD
  5
697
330
1
100
AcDbSymbolTableRecord
100
AcDbBlockTableRecord
  2
*D36
340
0
 70
     0
280
     1
281
     0
  0
BLOCK_RECORD
  5
6A3
330
1
100
AcDbSymbolTableRecord
100
AcDbBlockTableRecord
  2
*D37
340
0
 70
     0
280
     1
281
     0
  0
BLOCK_RECORD
  5
6B0
330
1
100
AcDbSymbolTableRecord
100
AcDbBlockTableRecord
  2
*D38
340
0
 70
     0
280
     1
281
     0
  0
BLOCK_RECORD
  5
6BC
330
1
100
AcDbSymbolTableRecord
100
AcDbBlockTableRecord
  2
*D39
340
0
 70
     0
280
     1
281
     0
  0
BLOCK_RECORD
  5
6CA
330
1
100
AcDbSymbolTableRecord
100
AcDbBlockTableRecord
  2
*D40
340
0
 70
     0
280
     1
281
     0
  0
BLOCK_RECORD
  5
6D6
330
1
100
AcDbSymbolTableRecord
100
AcDbBlockTableRecord
  2
*D41
340
0
 70
     0
280
     1
281
     0
  0
BLOCK_RECORD
  5
6E2
330
1
100
AcDbSymbolTableRecord
100
AcDbBlockTableRecord
  2
*D42
340
0
 70
     0
280
     1
281
     0
  0
BLOCK_RECORD
  5
6EE
330
1
100
AcDbSymbolTableRecord
100
AcDbBlockTableRecord
  2
*D43
340
0
 70
     0
280
     1
281
     0
  0
BLOCK_RECORD
  5
6FA
330
1
100
AcDbSymbolTableRecord
100
AcDbBlockTableRecord
  2
*D44
340
0
 70
     0
280
     1
281
     0
  0
BLOCK_RECORD
  5
705
330
1
100
AcDbSymbolTableRecord
100
AcDbBlockTableRecord
  2
*D45
340
0
 70
     0
280
     1
281
     0
  0
BLOCK_RECORD
  5
711
330
1
100
AcDbSymbolTableRecord
100
AcDbBlockTableRecord
  2
*D46
340
0
 70
     0
280
     1
281
     0
  0
BLOCK_RECORD
  5
71D
330
1
100
AcDbSymbolTableRecord
100
AcDbBlockTableRecord
  2
*D47
340
0
 70
     0
280
     1
281
     0
  0
BLOCK_RECORD
  5
72A
330
1
100
AcDbSymbolTableRecord
100
AcDbBlockTableRecord
  2
*D48
340
0
 70
     0
280
     1
281
     0
  0
BLOCK_RECORD
  5
737
330
1
100
AcDbSymbolTableRecord
100
AcDbBlockTableRecord
  2
*D49
340
0
 70
     0
280
     1
281
     0
  0
BLOCK_RECORD
  5
744
330
1
100
AcDbSymbolTableRecord
100
AcDbBlockTableRecord
  2
*D50
340
0
 70
     0
280
     1
281
     0
  0
BLOCK_RECORD
  5
750
330
1
100
AcDbSymbolTableRecord
100
AcDbBlockTableRecord
  2
*D51
340
0
 70
     0
280
     1
281
     0
  0
BLOCK_RECORD
  5
75C
330
1
100
AcDbSymbolTableRecord
100
AcDbBlockTableRecord
  2
*D52
340
0
 70
     0
280
     1
281
     0
  0
BLOCK_RECORD
  5
768
330
1
100
AcDbSymbolTableRecord
100
AcDbBlockTableRecord
  2
*D53
340
0
 70
     0
280
     1
281
     0
  0
BLOCK_RECORD
  5
774
330
1
100
AcDbSymbolTableRecord
100
AcDbBlockTableRecord
  2
*D54
340
0
 70
     0
280
     1
281
     0
  0
BLOCK_RECORD
  5
780
330
1
100
AcDbSymbolTableRecord
100
AcDbBlockTableRecord
  2
*D55
340
0
 70
     0
280
     1
281
     0
  0
BLOCK_RECORD
  5
78C
330
1
100
AcDbSymbolTableRecord
100
AcDbBlockTableRecord
  2
*D56
340
0
 70
     0
280
     1
281
     0
  0
BLOCK_RECORD
  5
799
330
1
100
AcDbSymbolTableRecord
100
AcDbBlockTableRecord
  2
*D57
340
0
 70
     0
280
     1
281
     0
  0
BLOCK_RECORD
  5
7A6
330
1
100
AcDbSymbolTableRecord
100
AcDbBlockTableRecord
  2
*D58
340
0
 70
     0
280
     1
281
     0
  0
BLOCK_RECORD
  5
7B3
330
1
100
AcDbSymbolTableRecord
100
AcDbBlockTableRecord
  2
*D59
340
0
 70
     0
280
     1
281
     0
  0
BLOCK_RECORD
  5
7C0
330
1
100
AcDbSymbolTableRecord
100
AcDbBlockTableRecord
  2
*D60
340
0
 70
     0
280
     1
281
     0
  0
BLOCK_RECORD
  5
7CC
330
1
100
AcDbSymbolTableRecord
100
AcDbBlockTableRecord
  2
*D61
340
0
 70
     0
280
     1
281
     0
  0
BLOCK_RECORD
  5
7D7
330
1
100
AcDbSymbolTableRecord
100
AcDbBlockTableRecord
  2
*D62
340
0
 70
     0
280
     1
281
     0
  0
BLOCK_RECORD
  5
7E2
330
1
100
AcDbSymbolTableRecord
100
AcDbBlockTableRecord
  2
*D63
340
0
 70
     0
280
     1
281
     0
  0
BLOCK_RECORD
  5
7ED
330
1
100
AcDbSymbolTableRecord
100
AcDbBlockTableRecord
  2
*D64
340
0
 70
     0
280
     1
281
     0
  0
BLOCK_RECORD
  5
7F9
330
1
100
AcDbSymbolTableRecord
100
AcDbBlockTableRecord
  2
*D65
340
0
 70
     0
280
     1
281
     0
  0
BLOCK_RECORD
  5
805
330
1
100
AcDbSymbolTableRecord
100
AcDbBlockTableRecord
  2
*D66
340
0
 70
     0
280
     1
281
     0
  0
BLOCK_RECORD
  5
811
330
1
100
AcDbSymbolTableRecord
100
AcDbBlockTableRecord
  2
*D67
340
0
 70
     0
280
     1
281
     0
  0
BLOCK_RECORD
  5
81D
330
1
100
AcDbSymbolTableRecord
100
AcDbBlockTableRecord
  2
*D68
340
0
 70
     0
280
     1
281
     0
  0
BLOCK_RECORD
  5
829
330
1
100
AcDbSymbolTableRecord
100
AcDbBlockTableRecord
  2
*D69
340
0
 70
     0
280
     1
281
     0
  0
BLOCK_RECORD
  5
835
330
1
100
AcDbSymbolTableRecord
100
AcDbBlockTableRecord
  2
*D70
340
0
 70
     0
280
     1
281
     0
  0
BLOCK_RECORD
  5
841
330
1
100
AcDbSymbolTableRecord
100
AcDbBlockTableRecord
  2
*D71
340
0
 70
     0
280
     1
281
     0
  0
BLOCK_RECORD
  5
84D
330
1
100
AcDbSymbolTableRecord
100
AcDbBlockTableRecord
  2
*D72
340
0
 70
     0
280
     1
281
     0
  0
BLOCK_RECORD
  5
859
330
1
100
AcDbSymbolTableRecord
100
AcDbBlockTableRecord
  2
*D73
340
0
 70
     0
280
     1
281
     0
  0
BLOCK_RECORD
  5
866
330
1
100
AcDbSymbolTableRecord
100
AcDbBlockTableRecord
  2
*D74
340
0
 70
     0
280
     1
281
     0
  0
BLOCK_RECORD
  5
873
330
1
100
AcDbSymbolTableRecord
100
AcDbBlockTableRecord
  2
*D75
340
0
 70
     0
280
     1
281
     0
  0
BLOCK_RECORD
  5
87F
330
1
100
AcDbSymbolTableRecord
100
AcDbBlockTableRecord
  2
*D76
340
0
 70
     0
280
     1
281
     0
  0
BLOCK_RECORD
  5
88B
330
1
100
AcDbSymbolTableRecord
100
AcDbBlockTableRecord
  2
*D77
340
0
 70
     0
280
     1
281
     0
  0
BLOCK_RECORD
  5
898
330
1
100
AcDbSymbolTableRecord
100
AcDbBlockTableRecord
  2
*D78
340
0
 70
     0
280
     1
281
     0
  0
BLOCK_RECORD
  5
8A4
330
1
100
AcDbSymbolTableRecord
100
AcDbBlockTableRecord
  2
*D79
340
0
 70
     0
280
     1
281
     0
  0
BLOCK_RECORD
  5
8B0
330
1
100
AcDbSymbolTableRecord
100
AcDbBlockTableRecord
  2
*D80
340
0
 70
     0
280
     1
281
     0
  0
BLOCK_RECORD
  5
8BC
330
1
100
AcDbSymbolTableRecord
100
AcDbBlockTableRecord
  2
*D81
340
0
 70
     0
280
     1
281
     0
  0
BLOCK_RECORD
  5
8C8
330
1
100
AcDbSymbolTableRecord
100
AcDbBlockTableRecord
  2
*D82
340
0
 70
     0
280
     1
281
     0
  0
BLOCK_RECORD
  5
8D5
330
1
100
AcDbSymbolTableRecord
100
AcDbBlockTableRecord
  2
*D83
340
0
 70
     0
280
     1
281
     0
  0
BLOCK_RECORD
  5
8E1
330
1
100
AcDbSymbolTableRecord
100
AcDbBlockTableRecord
  2
*D84
340
0
 70
     0
280
     1
281
     0
  0
BLOCK_RECORD
  5
8ED
330
1
100
AcDbSymbolTableRecord
100
AcDbBlockTableRecord
  2
*D85
340
0
 70
     0
280
     1
281
     0
  0
BLOCK_RECORD
  5
8F9
102
{ACAD_XDICTIONARY
360
8FA
102
}
330
1
100
AcDbSymbolTableRecord
100
AcDbBlockTableRecord
  2
A$C9b866f26
340
0
102
{BLKREFS
331
13B2
102
}
 70
     1
280
     1
281
     0
  0
ENDTAB
  0
ENDSEC
  0
SECTION
  2
BLOCKS
  0
BLOCK
  5
20
330
1F
100
AcDbEntity
  8
0
100
AcDbBlockBegin
  2
*Model_Space
 70
     0
 10
0.0
 20
0.0
 30
0.0
  3
*Model_Space
  1

  0
ENDBLK
  5
21
330
1F
100
AcDbEntity
  8
0
100
AcDbBlockEnd
  0
BLOCK
  5
D4
330
D2
100
AcDbEntity
 67
     1
  8
0
100
AcDbBlockBegin
  2
*Paper_Space
 70
     0
 10
0.0
 20
0.0
 30
0.0
  3
*Paper_Space
  1

  0
ENDBLK
  5
D5
330
D2
100
AcDbEntity
 67
     1
  8
0
100
AcDbBlockEnd
  0
BLOCK
  5
D8
330
D6
100
AcDbEntity
 67
     1
  8
0
100
AcDbBlockBegin
  2
*Paper_Space0
 70
     0
 10
0.0
 20
0.0
 30
0.0
  3
*Paper_Space0
  1

  0
ENDBLK
  5
D9
330
D6
100
AcDbEntity
 67
     1
  8
0
100
AcDbBlockEnd
  0
BLOCK
  5
280
330
27F
100
AcDbEntity
  8
0
100
AcDbBlockBegin
  2
_ArchTick
 70
     0
 10
0.0
 20
0.0
 30
0.0
  3
_ArchTick
  1

  0
LWPOLYLINE
  5
281
330
27F
100
AcDbEntity
  8
0
  6
ByBlock
 62
     0
100
AcDbPolyline
 90
        2
 70
     0
 43
0.15
 10
-0.5
 20
-0.5
 10
0.5
 20
0.5
  0
ENDBLK
  5
282
330
27F
100
AcDbEntity
  8
0
100
AcDbBlockEnd
  0
BLOCK
  5
284
330
283
100
AcDbEntity
  8
0
100
AcDbBlockBegin
  2
DIM1
 70
     0
 10
0.0
 20
0.0
 30
0.0
  3
DIM1
  1

  0
CIRCLE
  5
285
330
283
100
AcDbEntity
  8
0
 62
     3
100
AcDbCircle
 10
0.0
 20
0.0
 30
0.0
 40
0.25
  0
LINE
  5
286
330
283
100
AcDbEntity
  8
0
 62
     0
100
AcDbLine
 10
-1.0
 20
0.0
 30
0.0
 11
0.5
 21
0.0
 31
0.0
  0
ENDBLK
  5
287
330
283
100
AcDbEntity
  8
0
100
AcDbBlockEnd
  0
BLOCK
  5
289
330
288
100
AcDbEntity
  8
0
100
AcDbBlockBegin
  2
DIMBLK
 70
     0
 10
0.0
 20
0.0
 30
0.0
  3
DIMBLK
  1

  0
LWPOLYLINE
  5
28A
330
288
100
AcDbEntity
  8
2Y
100
AcDbPolyline
 90
        2
 70
     0
 10
-5.0
 20
0.0
 40
2.0
 41
0.0
 10
0.0
 20
0.0
 40
0.0
 41
0.0
  0
ENDBLK
  5
28B
330
288
100
AcDbEntity
  8
0
100
AcDbBlockEnd
  0
BLOCK
  5
28F
330
28C
100
AcDbEntity
  8
0
100
AcDbBlockBegin
  2
A$C6C0B0B06
 70
     2
 10
0.0
 20
0.0
 30
0.0
  3
A$C6C0B0B06
  1

  0
CIRCLE
  5
290
330
28C
100
AcDbEntity
  8
title
 62
     2
100
AcDbCircle
 10
8.000000000000001
 20
-0.000000000000001
 30
0.0
 40
8.000000000000001
  0
LINE
  5
291
330
28C
100
AcDbEntity
  8
title
 62
     2
100
AcDbLine
 10
8.000000000000001
 20
-0.000000000000001
 30
0.0
 11
8.000000000000001
 21
-8.000000000000003
 31
0.0
  0
LINE
  5
292
330
28C
100
AcDbEntity
  8
title
 62
     2
100
AcDbLine
 10
0.0
 20
-0.000000000000001
 30
0.0
 11
16.0
 21
-0.000000000000001
 31
0.0
  0
ATTDEF
  5
293
330
28C
100
AcDbEntity
  8
title
 62
     5
100
AcDbText
 10
8.000000000000001
 20
3.803695647511631
 30
0.0
 40
4.5
  1

  7
ROMANS
 72
     4
 11
8.000000000000001
 21
3.803695647511631
 31
0.0
100
AcDbAttributeDefinition
280
     0
  3
DRAWING MARK :
  2
A
 70
     0
280
     0
  0
ATTDEF
  5
294
330
28C
100
AcDbEntity
  8
title
 62
     2
100
AcDbText
 10
-0.2822336480205845
 20
-4.047261020744175
 30
0.0
 40
2.5
  1

 41
1.138396624965697
  7
ROMANS
 72
     5
 11
7.442600592818076
 21
-4.047261020744175
 31
0.0
100
AcDbAttributeDefinition
280
     0
  3
SHEET TAKEN :
  2
S-1
 70
     0
280
     0
  0
ATTDEF
  5
295
330
28C
100
AcDbEntity
  8
title
 62
     2
100
AcDbText
 10
8.287959303701155
 20
-4.047261020744175
 30
0.0
 40
2.5
  1

 41
1.147089023381709
  7
ROMANS
 72
     5
 11
16.07177767664846
 21
-4.047261020744175
 31
0.0
100
AcDbAttributeDefinition
280
     0
  3
SHEET SHOWN :
  2
S-1
 70
     0
280
     0
  0
ENDBLK
  5
296
330
28C
100
AcDbEntity
  8
0
100
AcDbBlockEnd
  0
BLOCK
  5
298
330
297
100
AcDbEntity
  8
0
100
AcDbBlockBegin
  2
TAG
 70
     2
 10
0.0
 20
0.0
 30
0.0
  3
TAG
  1

  0
LINE
  5
299
330
297
100
AcDbEntity
  8
title
 62
     2
100
AcDbLine
 10
0.0
 20
0.0
 30
0.0
 11
0.0
 21
-0.7999999999999999
 31
0.0
  0
CIRCLE
  5
29A
330
297
100
AcDbEntity
  8
title
 62
     2
100
AcDbCircle
 10
0.0
 20
0.0
 30
0.0
 40
0.8
  0
ATTDEF
  5
29B
330
297
100
AcDbEntity
  8
title
 62
     2
100
AcDbText
 10
-0.6728255875792888
 20
-0.3869284746475401
 30
0.0
 40
0.25
  1

 41
0.8802976990880086
  7
S-SHOWN
 72
     5
 11
-0.0754807203409973
 21
-0.3869284746475401
 31
0.0
100
AcDbAttributeDefinition
280
     0
  3
SHEET SHOWN :
  2
S-1
 70
     0
280
     0
  0
ATTDEF
  5
29C
330
297
100
AcDbEntity
  8
title
 62
     2
100
AcDbText
 10
0.030296268877728
 20
-0.3869284746475401
 30
0.0
 40
0.25
  1

 41
0.8869905912683146
  7
S-TAKEN
 72
     5
 11
0.6321827415240842
 21
-0.3869284746475401
 31
0.0
100
AcDbAttributeDefinition
280
     0
  3
SHEET TAKEN :
  2
S-1
 70
     0
280
     0
  0
ATTDEF
  5
29D
330
297
100
AcDbEntity
  8
title
 62
     5
100
AcDbText
 10
0.0
 20
0.3617886250209779
 30
0.0
 40
0.35
  1

  7
140CL
 72
     4
 11
0.0
 21
0.3617886250209779
 31
0.0
100
AcDbAttributeDefinition
280
     0
  3
TARGET MARK :
  2
A
 70
     0
280
     0
  0
LINE
  5
29E
330
297
100
AcDbEntity
  8
title
 62
     2
100
AcDbLine
 10
-0.8
 20
0.0
 30
0.0
 11
0.8
 21
0.0
 31
0.0
  0
ENDBLK
  5
29F
330
297
100
AcDbEntity
  8
0
100
AcDbBlockEnd
  0
BLOCK
  5
2A1
330
2A0
100
AcDbEntity
  8
0
100
AcDbBlockBegin
  2
AR2
 70
     0
 10
0.0
 20
0.0
 30
0.0
  3
AR2
  1

  0
SOLID
  5
2A2
330
2A0
100
AcDbEntity
  8
0
  6
ByBlock
 62
     2
100
AcDbTrace
 10
168.75
 20
28.125
 30
0.0
 11
168.75
 21
-28.125
 31
0.0
 12
0.0
 22
0.0
 32
0.0
 13
0.0
 23
0.0
 33
0.0
  0
ENDBLK
  5
2A3
330
2A0
100
AcDbEntity
  8
0
100
AcDbBlockEnd
  0
BLOCK
  5
2A5
330
2A4
100
AcDbEntity
  8
0
100
AcDbBlockBegin
  2
ARR-DET
 70
     0
 10
0.0
 20
0.0
 30
0.0
  3
ARR-DET
  1

  0
INSERT
  5
2A6
330
2A4
100
AcDbEntity
  8
DIM
100
AcDbBlockReference
  2
AR2
 10
0.000000000003638
 20
0.0
 30
0.0
 41
0.02
 42
0.02
 43
0.02
 50
180.0
  0
ENDBLK
  5
2A7
330
2A4
100
AcDbEntity
  8
0
100
AcDbBlockEnd
  0
BLOCK
  5
2A9
330
2A8
100
AcDbEntity
  8
0
100
AcDbBlockBegin
  2
*X8
 70
     1
 10
0.0
 20
0.0
 30
0.0
  3
*X8
  1

  0
LINE
  5
2AA
330
2A8
100
AcDbEntity
  8
0
 62
     0
100
AcDbLine
 10
9.9375
 20
48.25
 30
0.0
 11
9.9375
 21
48.25
 31
0.0
  0
LINE
  5
2AB
330
2A8
100
AcDbEntity
  8
0
 62
     0
100
AcDbLine
 10
10.0
 20
48.25
 30
0.0
 11
10.0
 21
48.25
 31
0.0
  0
LINE
  5
2AC
330
2A8
100
AcDbEntity
  8
0
 62
     0
100
AcDbLine
 10
10.0625
 20
48.25
 30
0.0
 11
10.0625
 21
48.25
 31
0.0
  0
LINE
  5
2AD
330
2A8
100
AcDbEntity
  8
0
 62
     0
100
AcDbLine
 10
10.125
 20
48.25
 30
0.0
 11
10.125
 21
48.25
 31
0.0
  0
LINE
  5
2AE
330
2A8
100
AcDbEntity
  8
0
 62
     0
100
AcDbLine
 10
10.1875
 20
48.25
 30
0.0
 11
10.1875
 21
48.25
 31
0.0
  0
LINE
  5
2AF
330
2A8
100
AcDbEntity
  8
0
 62
     0
100
AcDbLine
 10
10.25
 20
48.25
 30
0.0
 11
10.25
 21
48.25
 31
0.0
  0
LINE
  5
2B0
330
2A8
100
AcDbEntity
  8
0
 62
     0
100
AcDbLine
 10
10.3125
 20
48.25
 30
0.0
 11
10.3125
 21
48.25
 31
0.0
  0
LINE
  5
2B1
330
2A8
100
AcDbEntity
  8
0
 62
     0
100
AcDbLine
 10
10.375
 20
48.25
 30
0.0
 11
10.375
 21
48.25
 31
0.0
  0
LINE
  5
2B2
330
2A8
100
AcDbEntity
  8
0
 62
     0
100
AcDbLine
 10
10.4375
 20
48.25
 30
0.0
 11
10.4375
 21
48.25
 31
0.0
  0
LINE
  5
2B3
330
2A8
100
AcDbEntity
  8
0
 62
     0
100
AcDbLine
 10
10.5
 20
48.25
 30
0.0
 11
10.5
 21
48.25
 31
0.0
  0
LINE
  5
2B4
330
2A8
100
AcDbEntity
  8
0
 62
     0
100
AcDbLine
 10
10.5625
 20
48.25
 30
0.0
 11
10.5625
 21
48.25
 31
0.0
  0
LINE
  5
2B5
330
2A8
100
AcDbEntity
  8
0
 62
     0
100
AcDbLine
 10
10.625
 20
48.25
 30
0.0
 11
10.625
 21
48.25
 31
0.0
  0
LINE
  5
2B6
330
2A8
100
AcDbEntity
  8
0
 62
     0
100
AcDbLine
 10
10.6875
 20
48.25
 30
0.0
 11
10.6875
 21
48.25
 31
0.0
  0
LINE
  5
2B7
330
2A8
100
AcDbEntity
  8
0
 62
     0
100
AcDbLine
 10
10.75
 20
48.25
 30
0.0
 11
10.75
 21
48.25
 31
0.0
  0
LINE
  5
2B8
330
2A8
100
AcDbEntity
  8
0
 62
     0
100
AcDbLine
 10
10.8125
 20
48.25
 30
0.0
 11
10.8125
 21
48.25
 31
0.0
  0
LINE
  5
2B9
330
2A8
100
AcDbEntity
  8
0
 62
     0
100
AcDbLine
 10
10.875
 20
48.25
 30
0.0
 11
10.875
 21
48.25
 31
0.0
  0
LINE
  5
2BA
330
2A8
100
AcDbEntity
  8
0
 62
     0
100
AcDbLine
 10
10.9375
 20
48.25
 30
0.0
 11
10.9375
 21
48.25
 31
0.0
  0
LINE
  5
2BB
330
2A8
100
AcDbEntity
  8
0
 62
     0
100
AcDbLine
 10
11.0
 20
48.25
 30
0.0
 11
11.0
 21
48.25
 31
0.0
  0
LINE
  5
2BC
330
2A8
100
AcDbEntity
  8
0
 62
     0
100
AcDbLine
 10
11.0625
 20
48.25
 30
0.0
 11
11.0625
 21
48.25
 31
0.0
  0
LINE
  5
2BD
330
2A8
100
AcDbEntity
  8
0
 62
     0
100
AcDbLine
 10
11.125
 20
48.25
 30
0.0
 11
11.125
 21
48.25
 31
0.0
  0
LINE
  5
2BE
330
2A8
100
AcDbEntity
  8
0
 62
     0
100
AcDbLine
 10
11.1875
 20
48.25
 30
0.0
 11
11.1875
 21
48.25
 31
0.0
  0
LINE
  5
2BF
330
2A8
100
AcDbEntity
  8
0
 62
     0
100
AcDbLine
 10
11.25
 20
48.25
 30
0.0
 11
11.25
 21
48.25
 31
0.0
  0
LINE
  5
2C0
330
2A8
100
AcDbEntity
  8
0
 62
     0
100
AcDbLine
 10
11.3125
 20
48.25
 30
0.0
 11
11.3125
 21
48.25
 31
0.0
  0
LINE
  5
2C1
330
2A8
100
AcDbEntity
  8
0
 62
     0
100
AcDbLine
 10
11.375
 20
48.25
 30
0.0
 11
11.375
 21
48.25
 31
0.0
  0
LINE
  5
2C2
330
2A8
100
AcDbEntity
  8
0
 62
     0
100
AcDbLine
 10
11.4375
 20
48.25
 30
0.0
 11
11.4375
 21
48.25
 31
0.0
  0
LINE
  5
2C3
330
2A8
100
AcDbEntity
  8
0
 62
     0
100
AcDbLine
 10
11.5
 20
48.25
 30
0.0
 11
11.5
 21
48.25
 31
0.0
  0
LINE
  5
2C4
330
2A8
100
AcDbEntity
  8
0
 62
     0
100
AcDbLine
 10
11.5625
 20
48.25
 30
0.0
 11
11.5625
 21
48.25
 31
0.0
  0
LINE
  5
2C5
330
2A8
100
AcDbEntity
  8
0
 62
     0
100
AcDbLine
 10
11.625
 20
48.25
 30
0.0
 11
11.625
 21
48.25
 31
0.0
  0
LINE
  5
2C6
330
2A8
100
AcDbEntity
  8
0
 62
     0
100
AcDbLine
 10
11.6875
 20
48.25
 30
0.0
 11
11.6875
 21
48.25
 31
0.0
  0
LINE
  5
2C7
330
2A8
100
AcDbEntity
  8
0
 62
     0
100
AcDbLine
 10
11.75
 20
48.25
 30
0.0
 11
11.75
 21
48.25
 31
0.0
  0
LINE
  5
2C8
330
2A8
100
AcDbEntity
  8
0
 62
     0
100
AcDbLine
 10
11.8125
 20
48.25
 30
0.0
 11
11.8125
 21
48.25
 31
0.0
  0
LINE
  5
2C9
330
2A8
100
AcDbEntity
  8
0
 62
     0
100
AcDbLine
 10
11.875
 20
48.25
 30
0.0
 11
11.875
 21
48.25
 31
0.0
  0
LINE
  5
2CA
330
2A8
100
AcDbEntity
  8
0
 62
     0
100
AcDbLine
 10
11.9375
 20
48.25
 30
0.0
 11
11.9375
 21
48.25
 31
0.0
  0
LINE
  5
2CB
330
2A8
100
AcDbEntity
  8
0
 62
     0
100
AcDbLine
 10
12.0
 20
48.25
 30
0.0
 11
12.0
 21
48.25
 31
0.0
  0
LINE
  5
2CC
330
2A8
100
AcDbEntity
  8
0
 62
     0
100
AcDbLine
 10
12.0625
 20
48.25
 30
0.0
 11
12.0625
 21
48.25
 31
0.0
  0
LINE
  5
2CD
330
2A8
100
AcDbEntity
  8
0
 62
     0
100
AcDbLine
 10
12.125
 20
48.25
 30
0.0
 11
12.125
 21
48.25
 31
0.0
  0
LINE
  5
2CE
330
2A8
100
AcDbEntity
  8
0
 62
     0
100
AcDbLine
 10
12.1875
 20
48.25
 30
0.0
 11
12.1875
 21
48.25
 31
0.0
  0
LINE
  5
2CF
330
2A8
100
AcDbEntity
  8
0
 62
     0
100
AcDbLine
 10
12.25
 20
48.25
 30
0.0
 11
12.25
 21
48.25
 31
0.0
  0
LINE
  5
2D0
330
2A8
100
AcDbEntity
  8
0
 62
     0
100
AcDbLine
 10
12.3125
 20
48.25
 30
0.0
 11
12.3125
 21
48.25
 31
0.0
  0
LINE
  5
2D1
330
2A8
100
AcDbEntity
  8
0
 62
     0
100
AcDbLine
 10
12.375
 20
48.25
 30
0.0
 11
12.375
 21
48.25
 31
0.0
  0
LINE
  5
2D2
330
2A8
100
AcDbEntity
  8
0
 62
     0
100
AcDbLine
 10
12.4375
 20
48.25
 30
0.0
 11
12.4375
 21
48.25
 31
0.0
  0
LINE
  5
2D3
330
2A8
100
AcDbEntity
  8
0
 62
     0
100
AcDbLine
 10
12.5
 20
48.25
 30
0.0
 11
12.5
 21
48.25
 31
0.0
  0
LINE
  5
2D4
330
2A8
100
AcDbEntity
  8
0
 62
     0
100
AcDbLine
 10
12.5625
 20
48.25
 30
0.0
 11
12.5625
 21
48.25
 31
0.0
  0
LINE
  5
2D5
330
2A8
100
AcDbEntity
  8
0
 62
     0
100
AcDbLine
 10
12.625
 20
48.25
 30
0.0
 11
12.625
 21
48.25
 31
0.0
  0
LINE
  5
2D6
330
2A8
100
AcDbEntity
  8
0
 62
     0
100
AcDbLine
 10
12.6875
 20
48.25
 30
0.0
 11
12.6875
 21
48.25
 31
0.0
  0
LINE
  5
2D7
330
2A8
100
AcDbEntity
  8
0
 62
     0
100
AcDbLine
 10
12.75
 20
48.25
 30
0.0
 11
12.75
 21
48.25
 31
0.0
  0
LINE
  5
2D8
330
2A8
100
AcDbEntity
  8
0
 62
     0
100
AcDbLine
 10
12.8125
 20
48.25
 30
0.0
 11
12.8125
 21
48.25
 31
0.0
  0
LINE
  5
2D9
330
2A8
100
AcDbEntity
  8
0
 62
     0
100
AcDbLine
 10
12.875
 20
48.25
 30
0.0
 11
12.875
 21
48.25
 31
0.0
  0
LINE
  5
2DA
330
2A8
100
AcDbEntity
  8
0
 62
     0
100
AcDbLine
 10
12.9375
 20
48.25
 30
0.0
 11
12.9375
 21
48.25
 31
0.0
  0
LINE
  5
2DB
330
2A8
100
AcDbEntity
  8
0
 62
     0
100
AcDbLine
 10
13.0
 20
48.25
 30
0.0
 11
13.0
 21
48.25
 31
0.0
  0
LINE
  5
2DC
330
2A8
100
AcDbEntity
  8
0
 62
     0
100
AcDbLine
 10
13.0625
 20
48.25
 30
0.0
 11
13.0625
 21
48.25
 31
0.0
  0
LINE
  5
2DD
330
2A8
100
AcDbEntity
  8
0
 62
     0
100
AcDbLine
 10
13.125
 20
48.25
 30
0.0
 11
13.125
 21
48.25
 31
0.0
  0
LINE
  5
2DE
330
2A8
100
AcDbEntity
  8
0
 62
     0
100
AcDbLine
 10
13.1875
 20
48.25
 30
0.0
 11
13.1875
 21
48.25
 31
0.0
  0
LINE
  5
2DF
330
2A8
100
AcDbEntity
  8
0
 62
     0
100
AcDbLine
 10
13.25
 20
48.25
 30
0.0
 11
13.25
 21
48.25
 31
0.0
  0
LINE
  5
2E0
330
2A8
100
AcDbEntity
  8
0
 62
     0
100
AcDbLine
 10
13.3125
 20
48.25
 30
0.0
 11
13.3125
 21
48.25
 31
0.0
  0
LINE
  5
2E1
330
2A8
100
AcDbEntity
  8
0
 62
     0
100
AcDbLine
 10
13.375
 20
48.25
 30
0.0
 11
13.375
 21
48.25
 31
0.0
  0
LINE
  5
2E2
330
2A8
100
AcDbEntity
  8
0
 62
     0
100
AcDbLine
 10
13.4375
 20
48.25
 30
0.0
 11
13.4375
 21
48.25
 31
0.0
  0
LINE
  5
2E3
330
2A8
100
AcDbEntity
  8
0
 62
     0
100
AcDbLine
 10
13.5
 20
48.25
 30
0.0
 11
13.5
 21
48.25
 31
0.0
  0
LINE
  5
2E4
330
2A8
100
AcDbEntity
  8
0
 62
     0
100
AcDbLine
 10
13.5625
 20
48.25
 30
0.0
 11
13.5625
 21
48.25
 31
0.0
  0
LINE
  5
2E5
330
2A8
100
AcDbEntity
  8
0
 62
     0
100
AcDbLine
 10
15.8125
 20
48.25
 30
0.0
 11
15.8125
 21
48.25
 31
0.0
  0
LINE
  5
2E6
330
2A8
100
AcDbEntity
  8
0
 62
     0
100
AcDbLine
 10
15.875
 20
48.25
 30
0.0
 11
15.875
 21
48.25
 31
0.0
  0
LINE
  5
2E7
330
2A8
100
AcDbEntity
  8
0
 62
     0
100
AcDbLine
 10
15.9375
 20
48.25
 30
0.0
 11
15.9375
 21
48.25
 31
0.0
  0
LINE
  5
2E8
330
2A8
100
AcDbEntity
  8
0
 62
     0
100
AcDbLine
 10
16.0
 20
48.25
 30
0.0
 11
16.0
 21
48.25
 31
0.0
  0
LINE
  5
2E9
330
2A8
100
AcDbEntity
  8
0
 62
     0
100
AcDbLine
 10
16.0625
 20
48.25
 30
0.0
 11
16.0625
 21
48.25
 31
0.0
  0
LINE
  5
2EA
330
2A8
100
AcDbEntity
  8
0
 62
     0
100
AcDbLine
 10
16.125
 20
48.25
 30
0.0
 11
16.125
 21
48.25
 31
0.0
  0
LINE
  5
2EB
330
2A8
100
AcDbEntity
  8
0
 62
     0
100
AcDbLine
 10
16.1875
 20
48.25
 30
0.0
 11
16.1875
 21
48.25
 31
0.0
  0
LINE
  5
2EC
330
2A8
100
AcDbEntity
  8
0
 62
     0
100
AcDbLine
 10
16.25
 20
48.25
 30
0.0
 11
16.25
 21
48.25
 31
0.0
  0
LINE
  5
2ED
330
2A8
100
AcDbEntity
  8
0
 62
     0
100
AcDbLine
 10
16.3125
 20
48.25
 30
0.0
 11
16.3125
 21
48.25
 31
0.0
  0
LINE
  5
2EE
330
2A8
100
AcDbEntity
  8
0
 62
     0
100
AcDbLine
 10
16.375
 20
48.25
 30
0.0
 11
16.375
 21
48.25
 31
0.0
  0
LINE
  5
2EF
330
2A8
100
AcDbEntity
  8
0
 62
     0
100
AcDbLine
 10
16.4375
 20
48.25
 30
0.0
 11
16.4375
 21
48.25
 31
0.0
  0
LINE
  5
2F0
330
2A8
100
AcDbEntity
  8
0
 62
     0
100
AcDbLine
 10
16.5
 20
48.25
 30
0.0
 11
16.5
 21
48.25
 31
0.0
  0
LINE
  5
2F1
330
2A8
100
AcDbEntity
  8
0
 62
     0
100
AcDbLine
 10
16.5625
 20
48.25
 30
0.0
 11
16.5625
 21
48.25
 31
0.0
  0
LINE
  5
2F2
330
2A8
100
AcDbEntity
  8
0
 62
     0
100
AcDbLine
 10
16.625
 20
48.25
 30
0.0
 11
16.625
 21
48.25
 31
0.0
  0
LINE
  5
2F3
330
2A8
100
AcDbEntity
  8
0
 62
     0
100
AcDbLine
 10
16.6875
 20
48.25
 30
0.0
 11
16.6875
 21
48.25
 31
0.0
  0
LINE
  5
2F4
330
2A8
100
AcDbEntity
  8
0
 62
     0
100
AcDbLine
 10
16.75
 20
48.25
 30
0.0
 11
16.75
 21
48.25
 31
0.0
  0
LINE
  5
2F5
330
2A8
100
AcDbEntity
  8
0
 62
     0
100
AcDbLine
 10
16.8125
 20
48.25
 30
0.0
 11
16.8125
 21
48.25
 31
0.0
  0
LINE
  5
2F6
330
2A8
100
AcDbEntity
  8
0
 62
     0
100
AcDbLine
 10
16.875
 20
48.25
 30
0.0
 11
16.875
 21
48.25
 31
0.0
  0
LINE
  5
2F7
330
2A8
100
AcDbEntity
  8
0
 62
     0
100
AcDbLine
 10
16.9375
 20
48.25
 30
0.0
 11
16.9375
 21
48.25
 31
0.0
  0
LINE
  5
2F8
330
2A8
100
AcDbEntity
  8
0
 62
     0
100
AcDbLine
 10
17.0
 20
48.25
 30
0.0
 11
17.0
 21
48.25
 31
0.0
  0
LINE
  5
2F9
330
2A8
100
AcDbEntity
  8
0
 62
     0
100
AcDbLine
 10
17.0625
 20
48.25
 30
0.0
 11
17.0625
 21
48.25
 31
0.0
  0
LINE
  5
2FA
330
2A8
100
AcDbEntity
  8
0
 62
     0
100
AcDbLine
 10
17.125
 20
48.25
 30
0.0
 11
17.125
 21
48.25
 31
0.0
  0
LINE
  5
2FB
330
2A8
100
AcDbEntity
  8
0
 62
     0
100
AcDbLine
 10
17.1875
 20
48.25
 30
0.0
 11
17.1875
 21
48.25
 31
0.0
  0
LINE
  5
2FC
330
2A8
100
AcDbEntity
  8
0
 62
     0
100
AcDbLine
 10
17.25
 20
48.25
 30
0.0
 11
17.25
 21
48.25
 31
0.0
  0
LINE
  5
2FD
330
2A8
100
AcDbEntity
  8
0
 62
     0
100
AcDbLine
 10
17.3125
 20
48.25
 30
0.0
 11
17.3125
 21
48.25
 31
0.0
  0
LINE
  5
2FE
330
2A8
100
AcDbEntity
  8
0
 62
     0
100
AcDbLine
 10
17.375
 20
48.25
 30
0.0
 11
17.375
 21
48.25
 31
0.0
  0
LINE
  5
2FF
330
2A8
100
AcDbEntity
  8
0
 62
     0
100
AcDbLine
 10
17.4375
 20
48.25
 30
0.0
 11
17.4375
 21
48.25
 31
0.0
  0
LINE
  5
300
330
2A8
100
AcDbEntity
  8
0
 62
     0
100
AcDbLine
 10
17.5
 20
48.25
 30
0.0
 11
17.5
 21
48.25
 31
0.0
  0
LINE
  5
301
330
2A8
100
AcDbEntity
  8
0
 62
     0
100
AcDbLine
 10
17.5625
 20
48.25
 30
0.0
 11
17.5625
 21
48.25
 31
0.0
  0
LINE
  5
302
330
2A8
100
AcDbEntity
  8
0
 62
     0
100
AcDbLine
 10
17.625
 20
48.25
 30
0.0
 11
17.625
 21
48.25
 31
0.0
  0
LINE
  5
303
330
2A8
100
AcDbEntity
  8
0
 62
     0
100
AcDbLine
 10
17.6875
 20
48.25
 30
0.0
 11
17.6875
 21
48.25
 31
0.0
  0
LINE
  5
304
330
2A8
100
AcDbEntity
  8
0
 62
     0
100
AcDbLine
 10
17.75
 20
48.25
 30
0.0
 11
17.75
 21
48.25
 31
0.0
  0
LINE
  5
305
330
2A8
100
AcDbEntity
  8
0
 62
     0
100
AcDbLine
 10
17.8125
 20
48.25
 30
0.0
 11
17.8125
 21
48.25
 31
0.0
  0
LINE
  5
306
330
2A8
100
AcDbEntity
  8
0
 62
     0
100
AcDbLine
 10
17.875
 20
48.25
 30
0.0
 11
17.875
 21
48.25
 31
0.0
  0
LINE
  5
307
330
2A8
100
AcDbEntity
  8
0
 62
     0
100
AcDbLine
 10
17.9375
 20
48.25
 30
0.0
 11
17.9375
 21
48.25
 31
0.0
  0
LINE
  5
308
330
2A8
100
AcDbEntity
  8
0
 62
     0
100
AcDbLine
 10
18.0
 20
48.25
 30
0.0
 11
18.0
 21
48.25
 31
0.0
  0
LINE
  5
309
330
2A8
100
AcDbEntity
  8
0
 62
     0
100
AcDbLine
 10
18.0625
 20
48.25
 30
0.0
 11
18.0625
 21
48.25
 31
0.0
  0
LINE
  5
30A
330
2A8
100
AcDbEntity
  8
0
 62
     0
100
AcDbLine
 10
18.125
 20
48.25
 30
0.0
 11
18.125
 21
48.25
 31
0.0
  0
LINE
  5
30B
330
2A8
100
AcDbEntity
  8
0
 62
     0
100
AcDbLine
 10
18.1875
 20
48.25
 30
0.0
 11
18.1875
 21
48.25
 31
0.0
  0
LINE
  5
30C
330
2A8
100
AcDbEntity
  8
0
 62
     0
100
AcDbLine
 10
18.25
 20
48.25
 30
0.0
 11
18.25
 21
48.25
 31
0.0
  0
LINE
  5
30D
330
2A8
100
AcDbEntity
  8
0
 62
     0
100
AcDbLine
 10
18.3125
 20
48.25
 30
0.0
 11
18.3125
 21
48.25
 31
0.0
  0
LINE
  5
30E
330
2A8
100
AcDbEntity
  8
0
 62
     0
100
AcDbLine
 10
18.375
 20
48.25
 30
0.0
 11
18.375
 21
48.25
 31
0.0
  0
LINE
  5
30F
330
2A8
100
AcDbEntity
  8
0
 62
     0
100
AcDbLine
 10
18.4375
 20
48.25
 30
0.0
 11
18.4375
 21
48.25
 31
0.0
  0
LINE
  5
310
330
2A8
100
AcDbEntity
  8
0
 62
     0
100
AcDbLine
 10
18.5
 20
48.25
 30
0.0
 11
18.5
 21
48.25
 31
0.0
  0
LINE
  5
311
330
2A8
100
AcDbEntity
  8
0
 62
     0
100
AcDbLine
 10
18.5625
 20
48.25
 30
0.0
 11
18.5625
 21
48.25
 31
0.0
  0
LINE
  5
312
330
2A8
100
AcDbEntity
  8
0
 62
     0
100
AcDbLine
 10
18.625
 20
48.25
 30
0.0
 11
18.625
 21
48.25
 31
0.0
  0
LINE
  5
313
330
2A8
100
AcDbEntity
  8
0
 62
     0
100
AcDbLine
 10
18.6875
 20
48.25
 30
0.0
 11
18.6875
 21
48.25
 31
0.0
  0
LINE
  5
314
330
2A8
100
AcDbEntity
  8
0
 62
     0
100
AcDbLine
 10
18.75
 20
48.25
 30
0.0
 11
18.75
 21
48.25
 31
0.0
  0
LINE
  5
315
330
2A8
100
AcDbEntity
  8
0
 62
     0
100
AcDbLine
 10
18.8125
 20
48.25
 30
0.0
 11
18.8125
 21
48.25
 31
0.0
  0
LINE
  5
316
330
2A8
100
AcDbEntity
  8
0
 62
     0
100
AcDbLine
 10
18.875
 20
48.25
 30
0.0
 11
18.875
 21
48.25
 31
0.0
  0
LINE
  5
317
330
2A8
100
AcDbEntity
  8
0
 62
     0
100
AcDbLine
 10
18.9375
 20
48.25
 30
0.0
 11
18.9375
 21
48.25
 31
0.0
  0
LINE
  5
318
330
2A8
100
AcDbEntity
  8
0
 62
     0
100
AcDbLine
 10
19.0
 20
48.25
 30
0.0
 11
19.0
 21
48.25
 31
0.0
  0
LINE
  5
319
330
2A8
100
AcDbEntity
  8
0
 62
     0
100
AcDbLine
 10
19.0625
 20
48.25
 30
0.0
 11
19.0625
 21
48.25
 31
0.0
  0
LINE
  5
31A
330
2A8
100
AcDbEntity
  8
0
 62
     0
100
AcDbLine
 10
19.125
 20
48.25
 30
0.0
 11
19.125
 21
48.25
 31
0.0
  0
LINE
  5
31B
330
2A8
100
AcDbEntity
  8
0
 62
     0
100
AcDbLine
 10
19.1875
 20
48.25
 30
0.0
 11
19.1875
 21
48.25
 31
0.0
  0
LINE
  5
31C
330
2A8
100
AcDbEntity
  8
0
 62
     0
100
AcDbLine
 10
19.25
 20
48.25
 30
0.0
 11
19.25
 21
48.25
 31
0.0
  0
LINE
  5
31D
330
2A8
100
AcDbEntity
  8
0
 62
     0
100
AcDbLine
 10
19.3125
 20
48.25
 30
0.0
 11
19.3125
 21
48.25
 31
0.0
  0
LINE
  5
31E
330
2A8
100
AcDbEntity
  8
0
 62
     0
100
AcDbLine
 10
19.375
 20
48.25
 30
0.0
 11
19.375
 21
48.25
 31
0.0
  0
LINE
  5
31F
330
2A8
100
AcDbEntity
  8
0
 62
     0
100
AcDbLine
 10
19.4375
 20
48.25
 30
0.0
 11
19.4375
 21
48.25
 31
0.0
  0
LINE
  5
320
330
2A8
100
AcDbEntity
  8
0
 62
     0
100
AcDbLine
 10
19.5
 20
48.25
 30
0.0
 11
19.5
 21
48.25
 31
0.0
  0
LINE
  5
321
330
2A8
100
AcDbEntity
  8
0
 62
     0
100
AcDbLine
 10
19.5625
 20
48.25
 30
0.0
 11
19.5625
 21
48.25
 31
0.0
  0
LINE
  5
322
330
2A8
100
AcDbEntity
  8
0
 62
     0
100
AcDbLine
 10
19.625
 20
48.25
 30
0.0
 11
19.625
 21
48.25
 31
0.0
  0
LINE
  5
323
330
2A8
100
AcDbEntity
  8
0
 62
     0
100
AcDbLine
 10
19.6875
 20
48.25
 30
0.0
 11
19.6875
 21
48.25
 31
0.0
  0
LINE
  5
324
330
2A8
100
AcDbEntity
  8
0
 62
     0
100
AcDbLine
 10
19.75
 20
48.25
 30
0.0
 11
19.75
 21
48.25
 31
0.0
  0
LINE
  5
325
330
2A8
100
AcDbEntity
  8
0
 62
     0
100
AcDbLine
 10
19.8125
 20
48.25
 30
0.0
 11
19.8125
 21
48.25
 31
0.0
  0
LINE
  5
326
330
2A8
100
AcDbEntity
  8
0
 62
     0
100
AcDbLine
 10
19.875
 20
48.25
 30
0.0
 11
19.875
 21
48.25
 31
0.0
  0
LINE
  5
327
330
2A8
100
AcDbEntity
  8
0
 62
     0
100
AcDbLine
 10
19.9375
 20
48.25
 30
0.0
 11
19.9375
 21
48.25
 31
0.0
  0
LINE
  5
328
330
2A8
100
AcDbEntity
  8
0
 62
     0
100
AcDbLine
 10
20.0
 20
48.25
 30
0.0
 11
20.0
 21
48.25
 31
0.0
  0
LINE
  5
329
330
2A8
100
AcDbEntity
  8
0
 62
     0
100
AcDbLine
 10
20.0625
 20
48.25
 30
0.0
 11
20.0625
 21
48.25
 31
0.0
  0
LINE
  5
32A
330
2A8
100
AcDbEntity
  8
0
 62
     0
100
AcDbLine
 10
20.125
 20
48.25
 30
0.0
 11
20.125
 21
48.25
 31
0.0
  0
LINE
  5
32B
330
2A8
100
AcDbEntity
  8
0
 62
     0
100
AcDbLine
 10
20.1875
 20
48.25
 30
0.0
 11
20.1875
 21
48.25
 31
0.0
  0
LINE
  5
32C
330
2A8
100
AcDbEntity
  8
0
 62
     0
100
AcDbLine
 10
20.25
 20
48.25
 30
0.0
 11
20.25
 21
48.25
 31
0.0
  0
LINE
  5
32D
330
2A8
100
AcDbEntity
  8
0
 62
     0
100
AcDbLine
 10
20.3125
 20
48.25
 30
0.0
 11
20.3125
 21
48.25
 31
0.0
  0
LINE
  5
32E
330
2A8
100
AcDbEntity
  8
0
 62
     0
100
AcDbLine
 10
20.375
 20
48.25
 30
0.0
 11
20.375
 21
48.25
 31
0.0
  0
LINE
  5
32F
330
2A8
100
AcDbEntity
  8
0
 62
     0
100
AcDbLine
 10
13.625
 20
48.25
 30
0.0
 11
13.625
 21
48.25
 31
0.0
  0
LINE
  5
330
330
2A8
100
AcDbEntity
  8
0
 62
     0
100
AcDbLine
 10
13.6875
 20
48.25
 30
0.0
 11
13.6875
 21
48.25
 31
0.0
  0
LINE
  5
331
330
2A8
100
AcDbEntity
  8
0
 62
     0
100
AcDbLine
 10
13.75
 20
48.25
 30
0.0
 11
13.75
 21
48.25
 31
0.0
  0
LINE
  5
332
330
2A8
100
AcDbEntity
  8
0
 62
     0
100
AcDbLine
 10
13.8125
 20
48.25
 30
0.0
 11
13.8125
 21
48.25
 31
0.0
  0
LINE
  5
333
330
2A8
100
AcDbEntity
  8
0
 62
     0
100
AcDbLine
 10
13.875
 20
48.25
 30
0.0
 11
13.875
 21
48.25
 31
0.0
  0
LINE
  5
334
330
2A8
100
AcDbEntity
  8
0
 62
     0
100
AcDbLine
 10
13.9375
 20
48.25
 30
0.0
 11
13.9375
 21
48.25
 31
0.0
  0
LINE
  5
335
330
2A8
100
AcDbEntity
  8
0
 62
     0
100
AcDbLine
 10
14.0
 20
48.25
 30
0.0
 11
14.0
 21
48.25
 31
0.0
  0
LINE
  5
336
330
2A8
100
AcDbEntity
  8
0
 62
     0
100
AcDbLine
 10
14.0625
 20
48.25
 30
0.0
 11
14.0625
 21
48.25
 31
0.0
  0
LINE
  5
337
330
2A8
100
AcDbEntity
  8
0
 62
     0
100
AcDbLine
 10
14.125
 20
48.25
 30
0.0
 11
14.125
 21
48.25
 31
0.0
  0
LINE
  5
338
330
2A8
100
AcDbEntity
  8
0
 62
     0
100
AcDbLine
 10
14.1875
 20
48.25
 30
0.0
 11
14.1875
 21
48.25
 31
0.0
  0
LINE
  5
339
330
2A8
100
AcDbEntity
  8
0
 62
     0
100
AcDbLine
 10
14.25
 20
48.25
 30
0.0
 11
14.25
 21
48.25
 31
0.0
  0
LINE
  5
33A
330
2A8
100
AcDbEntity
  8
0
 62
     0
100
AcDbLine
 10
14.3125
 20
48.25
 30
0.0
 11
14.3125
 21
48.25
 31
0.0
  0
LINE
  5
33B
330
2A8
100
AcDbEntity
  8
0
 62
     0
100
AcDbLine
 10
14.375
 20
48.25
 30
0.0
 11
14.375
 21
48.25
 31
0.0
  0
LINE
  5
33C
330
2A8
100
AcDbEntity
  8
0
 62
     0
100
AcDbLine
 10
14.4375
 20
48.25
 30
0.0
 11
14.4375
 21
48.25
 31
0.0
  0
LINE
  5
33D
330
2A8
100
AcDbEntity
  8
0
 62
     0
100
AcDbLine
 10
14.5
 20
48.25
 30
0.0
 11
14.5
 21
48.25
 31
0.0
  0
LINE
  5
33E
330
2A8
100
AcDbEntity
  8
0
 62
     0
100
AcDbLine
 10
14.5625
 20
48.25
 30
0.0
 11
14.5625
 21
48.25
 31
0.0
  0
LINE
  5
33F
330
2A8
100
AcDbEntity
  8
0
 62
     0
100
AcDbLine
 10
14.625
 20
48.25
 30
0.0
 11
14.625
 21
48.25
 31
0.0
  0
LINE
  5
340
330
2A8
100
AcDbEntity
  8
0
 62
     0
100
AcDbLine
 10
14.6875
 20
48.25
 30
0.0
 11
14.6875
 21
48.25
 31
0.0
  0
LINE
  5
341
330
2A8
100
AcDbEntity
  8
0
 62
     0
100
AcDbLine
 10
14.75
 20
48.25
 30
0.0
 11
14.75
 21
48.25
 31
0.0
  0
LINE
  5
342
330
2A8
100
AcDbEntity
  8
0
 62
     0
100
AcDbLine
 10
14.8125
 20
48.25
 30
0.0
 11
14.8125
 21
48.25
 31
0.0
  0
LINE
  5
343
330
2A8
100
AcDbEntity
  8
0
 62
     0
100
AcDbLine
 10
14.875
 20
48.25
 30
0.0
 11
14.875
 21
48.25
 31
0.0
  0
LINE
  5
344
330
2A8
100
AcDbEntity
  8
0
 62
     0
100
AcDbLine
 10
14.9375
 20
48.25
 30
0.0
 11
14.9375
 21
48.25
 31
0.0
  0
LINE
  5
345
330
2A8
100
AcDbEntity
  8
0
 62
     0
100
AcDbLine
 10
15.0
 20
48.25
 30
0.0
 11
15.0
 21
48.25
 31
0.0
  0
LINE
  5
346
330
2A8
100
AcDbEntity
  8
0
 62
     0
100
AcDbLine
 10
15.0625
 20
48.25
 30
0.0
 11
15.0625
 21
48.25
 31
0.0
  0
LINE
  5
347
330
2A8
100
AcDbEntity
  8
0
 62
     0
100
AcDbLine
 10
15.125
 20
48.25
 30
0.0
 11
15.125
 21
48.25
 31
0.0
  0
LINE
  5
348
330
2A8
100
AcDbEntity
  8
0
 62
     0
100
AcDbLine
 10
15.1875
 20
48.25
 30
0.0
 11
15.1875
 21
48.25
 31
0.0
  0
LINE
  5
349
330
2A8
100
AcDbEntity
  8
0
 62
     0
100
AcDbLine
 10
15.25
 20
48.25
 30
0.0
 11
15.25
 21
48.25
 31
0.0
  0
LINE
  5
34A
330
2A8
100
AcDbEntity
  8
0
 62
     0
100
AcDbLine
 10
15.3125
 20
48.25
 30
0.0
 11
15.3125
 21
48.25
 31
0.0
  0
LINE
  5
34B
330
2A8
100
AcDbEntity
  8
0
 62
     0
100
AcDbLine
 10
15.375
 20
48.25
 30
0.0
 11
15.375
 21
48.25
 31
0.0
  0
LINE
  5
34C
330
2A8
100
AcDbEntity
  8
0
 62
     0
100
AcDbLine
 10
15.4375
 20
48.25
 30
0.0
 11
15.4375
 21
48.25
 31
0.0
  0
LINE
  5
34D
330
2A8
100
AcDbEntity
  8
0
 62
     0
100
AcDbLine
 10
15.5
 20
48.25
 30
0.0
 11
15.5
 21
48.25
 31
0.0
  0
LINE
  5
34E
330
2A8
100
AcDbEntity
  8
0
 62
     0
100
AcDbLine
 10
15.5625
 20
48.25
 30
0.0
 11
15.5625
 21
48.25
 31
0.0
  0
LINE
  5
34F
330
2A8
100
AcDbEntity
  8
0
 62
     0
100
AcDbLine
 10
15.625
 20
48.25
 30
0.0
 11
15.625
 21
48.25
 31
0.0
  0
LINE
  5
350
330
2A8
100
AcDbEntity
  8
0
 62
     0
100
AcDbLine
 10
15.6875
 20
48.25
 30
0.0
 11
15.6875
 21
48.25
 31
0.0
  0
LINE
  5
351
330
2A8
100
AcDbEntity
  8
0
 62
     0
100
AcDbLine
 10
15.75
 20
48.25
 30
0.0
 11
15.75
 21
48.25
 31
0.0
  0
LINE
  5
352
330
2A8
100
AcDbEntity
  8
0
 62
     0
100
AcDbLine
 10
9.90625
 20
48.3125
 30
0.0
 11
9.90625
 21
48.3125
 31
0.0
  0
LINE
  5
353
330
2A8
100
AcDbEntity
  8
0
 62
     0
100
AcDbLine
 10
9.96875
 20
48.3125
 30
0.0
 11
9.96875
 21
48.3125
 31
0.0
  0
LINE
  5
354
330
2A8
100
AcDbEntity
  8
0
 62
     0
100
AcDbLine
 10
10.03125
 20
48.3125
 30
0.0
 11
10.03125
 21
48.3125
 31
0.0
  0
LINE
  5
355
330
2A8
100
AcDbEntity
  8
0
 62
     0
100
AcDbLine
 10
10.09375
 20
48.3125
 30
0.0
 11
10.09375
 21
48.3125
 31
0.0
  0
LINE
  5
356
330
2A8
100
AcDbEntity
  8
0
 62
     0
100
AcDbLine
 10
10.15625
 20
48.3125
 30
0.0
 11
10.15625
 21
48.3125
 31
0.0
  0
LINE
  5
357
330
2A8
100
AcDbEntity
  8
0
 62
     0
100
AcDbLine
 10
10.21875
 20
48.3125
 30
0.0
 11
10.21875
 21
48.3125
 31
0.0
  0
LINE
  5
358
330
2A8
100
AcDbEntity
  8
0
 62
     0
100
AcDbLine
 10
10.28125
 20
48.3125
 30
0.0
 11
10.28125
 21
48.3125
 31
0.0
  0
LINE
  5
359
330
2A8
100
AcDbEntity
  8
0
 62
     0
100
AcDbLine
 10
10.34375
 20
48.3125
 30
0.0
 11
10.34375
 21
48.3125
 31
0.0
  0
LINE
  5
35A
330
2A8
100
AcDbEntity
  8
0
 62
     0
100
AcDbLine
 10
10.40625
 20
48.3125
 30
0.0
 11
10.40625
 21
48.3125
 31
0.0
  0
LINE
  5
35B
330
2A8
100
AcDbEntity
  8
0
 62
     0
100
AcDbLine
 10
10.46875
 20
48.3125
 30
0.0
 11
10.46875
 21
48.3125
 31
0.0
  0
LINE
  5
35C
330
2A8
100
AcDbEntity
  8
0
 62
     0
100
AcDbLine
 10
10.53125
 20
48.3125
 30
0.0
 11
10.53125
 21
48.3125
 31
0.0
  0
LINE
  5
35D
330
2A8
100
AcDbEntity
  8
0
 62
     0
100
AcDbLine
 10
10.59375
 20
48.3125
 30
0.0
 11
10.59375
 21
48.3125
 31
0.0
  0
LINE
  5
35E
330
2A8
100
AcDbEntity
  8
0
 62
     0
100
AcDbLine
 10
10.65625
 20
48.3125
 30
0.0
 11
10.65625
 21
48.3125
 31
0.0
  0
LINE
  5
35F
330
2A8
100
AcDbEntity
  8
0
 62
     0
100
AcDbLine
 10
10.71875
 20
48.3125
 30
0.0
 11
10.71875
 21
48.3125
 31
0.0
  0
LINE
  5
360
330
2A8
100
AcDbEntity
  8
0
 62
     0
100
AcDbLine
 10
10.78125
 20
48.3125
 30
0.0
 11
10.78125
 21
48.3125
 31
0.0
  0
LINE
  5
361
330
2A8
100
AcDbEntity
  8
0
 62
     0
100
AcDbLine
 10
10.84375
 20
48.3125
 30
0.0
 11
10.84375
 21
48.3125
 31
0.0
  0
LINE
  5
362
330
2A8
100
AcDbEntity
  8
0
 62
     0
100
AcDbLine
 10
10.90625
 20
48.3125
 30
0.0
 11
10.90625
 21
48.3125
 31
0.0
  0
LINE
  5
363
330
2A8
100
AcDbEntity
  8
0
 62
     0
100
AcDbLine
 10
10.96875
 20
48.3125
 30
0.0
 11
10.96875
 21
48.3125
 31
0.0
  0
LINE
  5
364
330
2A8
100
AcDbEntity
  8
0
 62
     0
100
AcDbLine
 10
11.03125
 20
48.3125
 30
0.0
 11
11.03125
 21
48.3125
 31
0.0
  0
LINE
  5
365
330
2A8
100
AcDbEntity
  8
0
 62
     0
100
AcDbLine
 10
11.09375
 20
48.3125
 30
0.0
 11
11.09375
 21
48.3125
 31
0.0
  0
LINE
  5
366
330
2A8
100
AcDbEntity
  8
0
 62
     0
100
AcDbLine
 10
11.15625
 20
48.3125
 30
0.0
 11
11.15625
 21
48.3125
 31
0.0
  0
LINE
  5
367
330
2A8
100
AcDbEntity
  8
0
 62
     0
100
AcDbLine
 10
11.21875
 20
48.3125
 30
0.0
 11
11.21875
 21
48.3125
 31
0.0
  0
LINE
  5
368
330
2A8
100
AcDbEntity
  8
0
 62
     0
100
AcDbLine
 10
11.28125
 20
48.3125
 30
0.0
 11
11.28125
 21
48.3125
 31
0.0
  0
LINE
  5
369
330
2A8
100
AcDbEntity
  8
0
 62
     0
100
AcDbLine
 10
11.34375
 20
48.3125
 30
0.0
 11
11.34375
 21
48.3125
 31
0.0
  0
LINE
  5
36A
330
2A8
100
AcDbEntity
  8
0
 62
     0
100
AcDbLine
 10
11.40625
 20
48.3125
 30
0.0
 11
11.40625
 21
48.3125
 31
0.0
  0
LINE
  5
36B
330
2A8
100
AcDbEntity
  8
0
 62
     0
100
AcDbLine
 10
11.46875
 20
48.3125
 30
0.0
 11
11.46875
 21
48.3125
 31
0.0
  0
LINE
  5
36C
330
2A8
100
AcDbEntity
  8
0
 62
     0
100
AcDbLine
 10
11.53125
 20
48.3125
 30
0.0
 11
11.53125
 21
48.3125
 31
0.0
  0
LINE
  5
36D
330
2A8
100
AcDbEntity
  8
0
 62
     0
100
AcDbLine
 10
11.59375
 20
48.3125
 30
0.0
 11
11.59375
 21
48.3125
 31
0.0
  0
LINE
  5
36E
330
2A8
100
AcDbEntity
  8
0
 62
     0
100
AcDbLine
 10
11.65625
 20
48.3125
 30
0.0
 11
11.65625
 21
48.3125
 31
0.0
  0
LINE
  5
36F
330
2A8
100
AcDbEntity
  8
0
 62
     0
100
AcDbLine
 10
11.71875
 20
48.3125
 30
0.0
 11
11.71875
 21
48.3125
 31
0.0
  0
LINE
  5
370
330
2A8
100
AcDbEntity
  8
0
 62
     0
100
AcDbLine
 10
11.78125
 20
48.3125
 30
0.0
 11
11.78125
 21
48.3125
 31
0.0
  0
LINE
  5
371
330
2A8
100
AcDbEntity
  8
0
 62
     0
100
AcDbLine
 10
11.84375
 20
48.3125
 30
0.0
 11
11.84375
 21
48.3125
 31
0.0
  0
LINE
  5
372
330
2A8
100
AcDbEntity
  8
0
 62
     0
100
AcDbLine
 10
11.90625
 20
48.3125
 30
0.0
 11
11.90625
 21
48.3125
 31
0.0
  0
LINE
  5
373
330
2A8
100
AcDbEntity
  8
0
 62
     0
100
AcDbLine
 10
11.96875
 20
48.3125
 30
0.0
 11
11.96875
 21
48.3125
 31
0.0
  0
LINE
  5
374
330
2A8
100
AcDbEntity
  8
0
 62
     0
100
AcDbLine
 10
12.03125
 20
48.3125
 30
0.0
 11
12.03125
 21
48.3125
 31
0.0
  0
LINE
  5
375
330
2A8
100
AcDbEntity
  8
0
 62
     0
100
AcDbLine
 10
12.09375
 20
48.3125
 30
0.0
 11
12.09375
 21
48.3125
 31
0.0
  0
LINE
  5
376
330
2A8
100
AcDbEntity
  8
0
 62
     0
100
AcDbLine
 10
12.15625
 20
48.3125
 30
0.0
 11
12.15625
 21
48.3125
 31
0.0
  0
LINE
  5
377
330
2A8
100
AcDbEntity
  8
0
 62
     0
100
AcDbLine
 10
12.21875
 20
48.3125
 30
0.0
 11
12.21875
 21
48.3125
 31
0.0
  0
LINE
  5
378
330
2A8
100
AcDbEntity
  8
0
 62
     0
100
AcDbLine
 10
12.28125
 20
48.3125
 30
0.0
 11
12.28125
 21
48.3125
 31
0.0
  0
LINE
  5
379
330
2A8
100
AcDbEntity
  8
0
 62
     0
100
AcDbLine
 10
12.34375
 20
48.3125
 30
0.0
 11
12.34375
 21
48.3125
 31
0.0
  0
LINE
  5
37A
330
2A8
100
AcDbEntity
  8
0
 62
     0
100
AcDbLine
 10
12.40625
 20
48.3125
 30
0.0
 11
12.40625
 21
48.3125
 31
0.0
  0
LINE
  5
37B
330
2A8
100
AcDbEntity
  8
0
 62
     0
100
AcDbLine
 10
12.46875
 20
48.3125
 30
0.0
 11
12.46875
 21
48.3125
 31
0.0
  0
LINE
  5
37C
330
2A8
100
AcDbEntity
  8
0
 62
     0
100
AcDbLine
 10
12.53125
 20
48.3125
 30
0.0
 11
12.53125
 21
48.3125
 31
0.0
  0
LINE
  5
37D
330
2A8
100
AcDbEntity
  8
0
 62
     0
100
AcDbLine
 10
12.59375
 20
48.3125
 30
0.0
 11
12.59375
 21
48.3125
 31
0.0
  0
LINE
  5
37E
330
2A8
100
AcDbEntity
  8
0
 62
     0
100
AcDbLine
 10
12.65625
 20
48.3125
 30
0.0
 11
12.65625
 21
48.3125
 31
0.0
  0
LINE
  5
37F
330
2A8
100
AcDbEntity
  8
0
 62
     0
100
AcDbLine
 10
12.71875
 20
48.3125
 30
0.0
 11
12.71875
 21
48.3125
 31
0.0
  0
LINE
  5
380
330
2A8
100
AcDbEntity
  8
0
 62
     0
100
AcDbLine
 10
12.78125
 20
48.3125
 30
0.0
 11
12.78125
 21
48.3125
 31
0.0
  0
LINE
  5
381
330
2A8
100
AcDbEntity
  8
0
 62
     0
100
AcDbLine
 10
12.84375
 20
48.3125
 30
0.0
 11
12.84375
 21
48.3125
 31
0.0
  0
LINE
  5
382
330
2A8
100
AcDbEntity
  8
0
 62
     0
100
AcDbLine
 10
12.90625
 20
48.3125
 30
0.0
 11
12.90625
 21
48.3125
 31
0.0
  0
LINE
  5
383
330
2A8
100
AcDbEntity
  8
0
 62
     0
100
AcDbLine
 10
12.96875
 20
48.3125
 30
0.0
 11
12.96875
 21
48.3125
 31
0.0
  0
LINE
  5
384
330
2A8
100
AcDbEntity
  8
0
 62
     0
100
AcDbLine
 10
13.03125
 20
48.3125
 30
0.0
 11
13.03125
 21
48.3125
 31
0.0
  0
LINE
  5
385
330
2A8
100
AcDbEntity
  8
0
 62
     0
100
AcDbLine
 10
13.09375
 20
48.3125
 30
0.0
 11
13.09375
 21
48.3125
 31
0.0
  0
LINE
  5
386
330
2A8
100
AcDbEntity
  8
0
 62
     0
100
AcDbLine
 10
13.15625
 20
48.3125
 30
0.0
 11
13.15625
 21
48.3125
 31
0.0
  0
LINE
  5
387
330
2A8
100
AcDbEntity
  8
0
 62
     0
100
AcDbLine
 10
13.21875
 20
48.3125
 30
0.0
 11
13.21875
 21
48.3125
 31
0.0
  0
LINE
  5
388
330
2A8
100
AcDbEntity
  8
0
 62
     0
100
AcDbLine
 10
13.28125
 20
48.3125
 30
0.0
 11
13.28125
 21
48.3125
 31
0.0
  0
LINE
  5
389
330
2A8
100
AcDbEntity
  8
0
 62
     0
100
AcDbLine
 10
13.34375
 20
48.3125
 30
0.0
 11
13.34375
 21
48.3125
 31
0.0
  0
LINE
  5
38A
330
2A8
100
AcDbEntity
  8
0
 62
     0
100
AcDbLine
 10
13.40625
 20
48.3125
 30
0.0
 11
13.40625
 21
48.3125
 31
0.0
  0
LINE
  5
38B
330
2A8
100
AcDbEntity
  8
0
 62
     0
100
AcDbLine
 10
15.78125
 20
48.3125
 30
0.0
 11
15.78125
 21
48.3125
 31
0.0
  0
LINE
  5
38C
330
2A8
100
AcDbEntity
  8
0
 62
     0
100
AcDbLine
 10
15.84375
 20
48.3125
 30
0.0
 11
15.84375
 21
48.3125
 31
0.0
  0
LINE
  5
38D
330
2A8
100
AcDbEntity
  8
0
 62
     0
100
AcDbLine
 10
15.90625
 20
48.3125
 30
0.0
 11
15.90625
 21
48.3125
 31
0.0
  0
LINE
  5
38E
330
2A8
100
AcDbEntity
  8
0
 62
     0
100
AcDbLine
 10
15.96875
 20
48.3125
 30
0.0
 11
15.96875
 21
48.3125
 31
0.0
  0
LINE
  5
38F
330
2A8
100
AcDbEntity
  8
0
 62
     0
100
AcDbLine
 10
16.03125
 20
48.3125
 30
0.0
 11
16.03125
 21
48.3125
 31
0.0
  0
LINE
  5
390
330
2A8
100
AcDbEntity
  8
0
 62
     0
100
AcDbLine
 10
16.09375
 20
48.3125
 30
0.0
 11
16.09375
 21
48.3125
 31
0.0
  0
LINE
  5
391
330
2A8
100
AcDbEntity
  8
0
 62
     0
100
AcDbLine
 10
16.15625
 20
48.3125
 30
0.0
 11
16.15625
 21
48.3125
 31
0.0
  0
LINE
  5
392
330
2A8
100
AcDbEntity
  8
0
 62
     0
100
AcDbLine
 10
16.21875
 20
48.3125
 30
0.0
 11
16.21875
 21
48.3125
 31
0.0
  0
LINE
  5
393
330
2A8
100
AcDbEntity
  8
0
 62
     0
100
AcDbLine
 10
16.28125
 20
48.3125
 30
0.0
 11
16.28125
 21
48.3125
 31
0.0
  0
LINE
  5
394
330
2A8
100
AcDbEntity
  8
0
 62
     0
100
AcDbLine
 10
16.34375
 20
48.3125
 30
0.0
 11
16.34375
 21
48.3125
 31
0.0
  0
LINE
  5
395
330
2A8
100
AcDbEntity
  8
0
 62
     0
100
AcDbLine
 10
16.40625
 20
48.3125
 30
0.0
 11
16.40625
 21
48.3125
 31
0.0
  0
LINE
  5
396
330
2A8
100
AcDbEntity
  8
0
 62
     0
100
AcDbLine
 10
16.46875
 20
48.3125
 30
0.0
 11
16.46875
 21
48.3125
 31
0.0
  0
LINE
  5
397
330
2A8
100
AcDbEntity
  8
0
 62
     0
100
AcDbLine
 10
16.53125
 20
48.3125
 30
0.0
 11
16.53125
 21
48.3125
 31
0.0
  0
LINE
  5
398
330
2A8
100
AcDbEntity
  8
0
 62
     0
100
AcDbLine
 10
16.59375
 20
48.3125
 30
0.0
 11
16.59375
 21
48.3125
 31
0.0
  0
LINE
  5
399
330
2A8
100
AcDbEntity
  8
0
 62
     0
100
AcDbLine
 10
16.65625
 20
48.3125
 30
0.0
 11
16.65625
 21
48.3125
 31
0.0
  0
LINE
  5
39A
330
2A8
100
AcDbEntity
  8
0
 62
     0
100
AcDbLine
 10
16.71875
 20
48.3125
 30
0.0
 11
16.71875
 21
48.3125
 31
0.0
  0
LINE
  5
39B
330
2A8
100
AcDbEntity
  8
0
 62
     0
100
AcDbLine
 10
16.78125
 20
48.3125
 30
0.0
 11
16.78125
 21
48.3125
 31
0.0
  0
LINE
  5
39C
330
2A8
100
AcDbEntity
  8
0
 62
     0
100
AcDbLine
 10
16.84375
 20
48.3125
 30
0.0
 11
16.84375
 21
48.3125
 31
0.0
  0
LINE
  5
39D
330
2A8
100
AcDbEntity
  8
0
 62
     0
100
AcDbLine
 10
16.90625
 20
48.3125
 30
0.0
 11
16.90625
 21
48.3125
 31
0.0
  0
LINE
  5
39E
330
2A8
100
AcDbEntity
  8
0
 62
     0
100
AcDbLine
 10
16.96875
 20
48.3125
 30
0.0
 11
16.96875
 21
48.3125
 31
0.0
  0
LINE
  5
39F
330
2A8
100
AcDbEntity
  8
0
 62
     0
100
AcDbLine
 10
17.03125
 20
48.3125
 30
0.0
 11
17.03125
 21
48.3125
 31
0.0
  0
LINE
  5
3A0
330
2A8
100
AcDbEntity
  8
0
 62
     0
100
AcDbLine
 10
17.09375
 20
48.3125
 30
0.0
 11
17.09375
 21
48.3125
 31
0.0
  0
LINE
  5
3A1
330
2A8
100
AcDbEntity
  8
0
 62
     0
100
AcDbLine
 10
17.15625
 20
48.3125
 30
0.0
 11
17.15625
 21
48.3125
 31
0.0
  0
LINE
  5
3A2
330
2A8
100
AcDbEntity
  8
0
 62
     0
100
AcDbLine
 10
17.21875
 20
48.3125
 30
0.0
 11
17.21875
 21
48.3125
 31
0.0
  0
LINE
  5
3A3
330
2A8
100
AcDbEntity
  8
0
 62
     0
100
AcDbLine
 10
17.28125
 20
48.3125
 30
0.0
 11
17.28125
 21
48.3125
 31
0.0
  0
LINE
  5
3A4
330
2A8
100
AcDbEntity
  8
0
 62
     0
100
AcDbLine
 10
17.34375
 20
48.3125
 30
0.0
 11
17.34375
 21
48.3125
 31
0.0
  0
LINE
  5
3A5
330
2A8
100
AcDbEntity
  8
0
 62
     0
100
AcDbLine
 10
17.40625
 20
48.3125
 30
0.0
 11
17.40625
 21
48.3125
 31
0.0
  0
LINE
  5
3A6
330
2A8
100
AcDbEntity
  8
0
 62
     0
100
AcDbLine
 10
17.46875
 20
48.3125
 30
0.0
 11
17.46875
 21
48.3125
 31
0.0
  0
LINE
  5
3A7
330
2A8
100
AcDbEntity
  8
0
 62
     0
100
AcDbLine
 10
17.53125
 20
48.3125
 30
0.0
 11
17.53125
 21
48.3125
 31
0.0
  0
LINE
  5
3A8
330
2A8
100
AcDbEntity
  8
0
 62
     0
100
AcDbLine
 10
17.59375
 20
48.3125
 30
0.0
 11
17.59375
 21
48.3125
 31
0.0
  0
LINE
  5
3A9
330
2A8
100
AcDbEntity
  8
0
 62
     0
100
AcDbLine
 10
17.65625
 20
48.3125
 30
0.0
 11
17.65625
 21
48.3125
 31
0.0
  0
LINE
  5
3AA
330
2A8
100
AcDbEntity
  8
0
 62
     0
100
AcDbLine
 10
17.71875
 20
48.3125
 30
0.0
 11
17.71875
 21
48.3125
 31
0.0
  0
LINE
  5
3AB
330
2A8
100
AcDbEntity
  8
0
 62
     0
100
AcDbLine
 10
17.78125
 20
48.3125
 30
0.0
 11
17.78125
 21
48.3125
 31
0.0
  0
LINE
  5
3AC
330
2A8
100
AcDbEntity
  8
0
 62
     0
100
AcDbLine
 10
17.84375
 20
48.3125
 30
0.0
 11
17.84375
 21
48.3125
 31
0.0
  0
LINE
  5
3AD
330
2A8
100
AcDbEntity
  8
0
 62
     0
100
AcDbLine
 10
17.90625
 20
48.3125
 30
0.0
 11
17.90625
 21
48.3125
 31
0.0
  0
LINE
  5
3AE
330
2A8
100
AcDbEntity
  8
0
 62
     0
100
AcDbLine
 10
17.96875
 20
48.3125
 30
0.0
 11
17.96875
 21
48.3125
 31
0.0
  0
LINE
  5
3AF
330
2A8
100
AcDbEntity
  8
0
 62
     0
100
AcDbLine
 10
18.03125
 20
48.3125
 30
0.0
 11
18.03125
 21
48.3125
 31
0.0
  0
LINE
  5
3B0
330
2A8
100
AcDbEntity
  8
0
 62
     0
100
AcDbLine
 10
18.09375
 20
48.3125
 30
0.0
 11
18.09375
 21
48.3125
 31
0.0
  0
LINE
  5
3B1
330
2A8
100
AcDbEntity
  8
0
 62
     0
100
AcDbLine
 10
18.15625
 20
48.3125
 30
0.0
 11
18.15625
 21
48.3125
 31
0.0
  0
LINE
  5
3B2
330
2A8
100
AcDbEntity
  8
0
 62
     0
100
AcDbLine
 10
18.21875
 20
48.3125
 30
0.0
 11
18.21875
 21
48.3125
 31
0.0
  0
LINE
  5
3B3
330
2A8
100
AcDbEntity
  8
0
 62
     0
100
AcDbLine
 10
18.28125
 20
48.3125
 30
0.0
 11
18.28125
 21
48.3125
 31
0.0
  0
LINE
  5
3B4
330
2A8
100
AcDbEntity
  8
0
 62
     0
100
AcDbLine
 10
18.34375
 20
48.3125
 30
0.0
 11
18.34375
 21
48.3125
 31
0.0
  0
LINE
  5
3B5
330
2A8
100
AcDbEntity
  8
0
 62
     0
100
AcDbLine
 10
18.40625
 20
48.3125
 30
0.0
 11
18.40625
 21
48.3125
 31
0.0
  0
LINE
  5
3B6
330
2A8
100
AcDbEntity
  8
0
 62
     0
100
AcDbLine
 10
18.46875
 20
48.3125
 30
0.0
 11
18.46875
 21
48.3125
 31
0.0
  0
LINE
  5
3B7
330
2A8
100
AcDbEntity
  8
0
 62
     0
100
AcDbLine
 10
18.53125
 20
48.3125
 30
0.0
 11
18.53125
 21
48.3125
 31
0.0
  0
LINE
  5
3B8
330
2A8
100
AcDbEntity
  8
0
 62
     0
100
AcDbLine
 10
18.59375
 20
48.3125
 30
0.0
 11
18.59375
 21
48.3125
 31
0.0
  0
LINE
  5
3B9
330
2A8
100
AcDbEntity
  8
0
 62
     0
100
AcDbLine
 10
18.65625
 20
48.3125
 30
0.0
 11
18.65625
 21
48.3125
 31
0.0
  0
LINE
  5
3BA
330
2A8
100
AcDbEntity
  8
0
 62
     0
100
AcDbLine
 10
18.71875
 20
48.3125
 30
0.0
 11
18.71875
 21
48.3125
 31
0.0
  0
LINE
  5
3BB
330
2A8
100
AcDbEntity
  8
0
 62
     0
100
AcDbLine
 10
18.78125
 20
48.3125
 30
0.0
 11
18.78125
 21
48.3125
 31
0.0
  0
LINE
  5
3BC
330
2A8
100
AcDbEntity
  8
0
 62
     0
100
AcDbLine
 10
18.84375
 20
48.3125
 30
0.0
 11
18.84375
 21
48.3125
 31
0.0
  0
LINE
  5
3BD
330
2A8
100
AcDbEntity
  8
0
 62
     0
100
AcDbLine
 10
18.90625
 20
48.3125
 30
0.0
 11
18.90625
 21
48.3125
 31
0.0
  0
LINE
  5
3BE
330
2A8
100
AcDbEntity
  8
0
 62
     0
100
AcDbLine
 10
18.96875
 20
48.3125
 30
0.0
 11
18.96875
 21
48.3125
 31
0.0
  0
LINE
  5
3BF
330
2A8
100
AcDbEntity
  8
0
 62
     0
100
AcDbLine
 10
19.03125
 20
48.3125
 30
0.0
 11
19.03125
 21
48.3125
 31
0.0
  0
LINE
  5
3C0
330
2A8
100
AcDbEntity
  8
0
 62
     0
100
AcDbLine
 10
19.09375
 20
48.3125
 30
0.0
 11
19.09375
 21
48.3125
 31
0.0
  0
LINE
  5
3C1
330
2A8
100
AcDbEntity
  8
0
 62
     0
100
AcDbLine
 10
19.15625
 20
48.3125
 30
0.0
 11
19.15625
 21
48.3125
 31
0.0
  0
LINE
  5
3C2
330
2A8
100
AcDbEntity
  8
0
 62
     0
100
AcDbLine
 10
19.21875
 20
48.3125
 30
0.0
 11
19.21875
 21
48.3125
 31
0.0
  0
LINE
  5
3C3
330
2A8
100
AcDbEntity
  8
0
 62
     0
100
AcDbLine
 10
19.28125
 20
48.3125
 30
0.0
 11
19.28125
 21
48.3125
 31
0.0
  0
LINE
  5
3C4
330
2A8
100
AcDbEntity
  8
0
 62
     0
100
AcDbLine
 10
19.34375
 20
48.3125
 30
0.0
 11
19.34375
 21
48.3125
 31
0.0
  0
LINE
  5
3C5
330
2A8
100
AcDbEntity
  8
0
 62
     0
100
AcDbLine
 10
19.40625
 20
48.3125
 30
0.0
 11
19.40625
 21
48.3125
 31
0.0
  0
LINE
  5
3C6
330
2A8
100
AcDbEntity
  8
0
 62
     0
100
AcDbLine
 10
19.46875
 20
48.3125
 30
0.0
 11
19.46875
 21
48.3125
 31
0.0
  0
LINE
  5
3C7
330
2A8
100
AcDbEntity
  8
0
 62
     0
100
AcDbLine
 10
19.53125
 20
48.3125
 30
0.0
 11
19.53125
 21
48.3125
 31
0.0
  0
LINE
  5
3C8
330
2A8
100
AcDbEntity
  8
0
 62
     0
100
AcDbLine
 10
19.59375
 20
48.3125
 30
0.0
 11
19.59375
 21
48.3125
 31
0.0
  0
LINE
  5
3C9
330
2A8
100
AcDbEntity
  8
0
 62
     0
100
AcDbLine
 10
19.65625
 20
48.3125
 30
0.0
 11
19.65625
 21
48.3125
 31
0.0
  0
LINE
  5
3CA
330
2A8
100
AcDbEntity
  8
0
 62
     0
100
AcDbLine
 10
19.71875
 20
48.3125
 30
0.0
 11
19.71875
 21
48.3125
 31
0.0
  0
LINE
  5
3CB
330
2A8
100
AcDbEntity
  8
0
 62
     0
100
AcDbLine
 10
19.78125
 20
48.3125
 30
0.0
 11
19.78125
 21
48.3125
 31
0.0
  0
LINE
  5
3CC
330
2A8
100
AcDbEntity
  8
0
 62
     0
100
AcDbLine
 10
19.84375
 20
48.3125
 30
0.0
 11
19.84375
 21
48.3125
 31
0.0
  0
LINE
  5
3CD
330
2A8
100
AcDbEntity
  8
0
 62
     0
100
AcDbLine
 10
19.90625
 20
48.3125
 30
0.0
 11
19.90625
 21
48.3125
 31
0.0
  0
LINE
  5
3CE
330
2A8
100
AcDbEntity
  8
0
 62
     0
100
AcDbLine
 10
19.96875
 20
48.3125
 30
0.0
 11
19.96875
 21
48.3125
 31
0.0
  0
LINE
  5
3CF
330
2A8
100
AcDbEntity
  8
0
 62
     0
100
AcDbLine
 10
20.03125
 20
48.3125
 30
0.0
 11
20.03125
 21
48.3125
 31
0.0
  0
LINE
  5
3D0
330
2A8
100
AcDbEntity
  8
0
 62
     0
100
AcDbLine
 10
20.09375
 20
48.3125
 30
0.0
 11
20.09375
 21
48.3125
 31
0.0
  0
LINE
  5
3D1
330
2A8
100
AcDbEntity
  8
0
 62
     0
100
AcDbLine
 10
20.15625
 20
48.3125
 30
0.0
 11
20.15625
 21
48.3125
 31
0.0
  0
LINE
  5
3D2
330
2A8
100
AcDbEntity
  8
0
 62
     0
100
AcDbLine
 10
20.21875
 20
48.3125
 30
0.0
 11
20.21875
 21
48.3125
 31
0.0
  0
LINE
  5
3D3
330
2A8
100
AcDbEntity
  8
0
 62
     0
100
AcDbLine
 10
20.28125
 20
48.3125
 30
0.0
 11
20.28125
 21
48.3125
 31
0.0
  0
LINE
  5
3D4
330
2A8
100
AcDbEntity
  8
0
 62
     0
100
AcDbLine
 10
20.34375
 20
48.3125
 30
0.0
 11
20.34375
 21
48.3125
 31
0.0
  0
LINE
  5
3D5
330
2A8
100
AcDbEntity
  8
0
 62
     0
100
AcDbLine
 10
13.46875
 20
48.3125
 30
0.0
 11
13.46875
 21
48.3125
 31
0.0
  0
LINE
  5
3D6
330
2A8
100
AcDbEntity
  8
0
 62
     0
100
AcDbLine
 10
13.53125
 20
48.3125
 30
0.0
 11
13.53125
 21
48.3125
 31
0.0
  0
LINE
  5
3D7
330
2A8
100
AcDbEntity
  8
0
 62
     0
100
AcDbLine
 10
13.59375
 20
48.3125
 30
0.0
 11
13.59375
 21
48.3125
 31
0.0
  0
LINE
  5
3D8
330
2A8
100
AcDbEntity
  8
0
 62
     0
100
AcDbLine
 10
13.65625
 20
48.3125
 30
0.0
 11
13.65625
 21
48.3125
 31
0.0
  0
LINE
  5
3D9
330
2A8
100
AcDbEntity
  8
0
 62
     0
100
AcDbLine
 10
15.15625
 20
48.3125
 30
0.0
 11
15.15625
 21
48.3125
 31
0.0
  0
LINE
  5
3DA
330
2A8
100
AcDbEntity
  8
0
 62
     0
100
AcDbLine
 10
15.21875
 20
48.3125
 30
0.0
 11
15.21875
 21
48.3125
 31
0.0
  0
LINE
  5
3DB
330
2A8
100
AcDbEntity
  8
0
 62
     0
100
AcDbLine
 10
15.28125
 20
48.3125
 30
0.0
 11
15.28125
 21
48.3125
 31
0.0
  0
LINE
  5
3DC
330
2A8
100
AcDbEntity
  8
0
 62
     0
100
AcDbLine
 10
15.34375
 20
48.3125
 30
0.0
 11
15.34375
 21
48.3125
 31
0.0
  0
LINE
  5
3DD
330
2A8
100
AcDbEntity
  8
0
 62
     0
100
AcDbLine
 10
15.40625
 20
48.3125
 30
0.0
 11
15.40625
 21
48.3125
 31
0.0
  0
LINE
  5
3DE
330
2A8
100
AcDbEntity
  8
0
 62
     0
100
AcDbLine
 10
15.46875
 20
48.3125
 30
0.0
 11
15.46875
 21
48.3125
 31
0.0
  0
LINE
  5
3DF
330
2A8
100
AcDbEntity
  8
0
 62
     0
100
AcDbLine
 10
15.53125
 20
48.3125
 30
0.0
 11
15.53125
 21
48.3125
 31
0.0
  0
LINE
  5
3E0
330
2A8
100
AcDbEntity
  8
0
 62
     0
100
AcDbLine
 10
15.59375
 20
48.3125
 30
0.0
 11
15.59375
 21
48.3125
 31
0.0
  0
LINE
  5
3E1
330
2A8
100
AcDbEntity
  8
0
 62
     0
100
AcDbLine
 10
15.65625
 20
48.3125
 30
0.0
 11
15.65625
 21
48.3125
 31
0.0
  0
LINE
  5
3E2
330
2A8
100
AcDbEntity
  8
0
 62
     0
100
AcDbLine
 10
15.71875
 20
48.3125
 30
0.0
 11
15.71875
 21
48.3125
 31
0.0
  0
LINE
  5
3E3
330
2A8
100
AcDbEntity
  8
0
 62
     0
100
AcDbLine
 10
13.71875
 20
48.3125
 30
0.0
 11
13.71875
 21
48.3125
 31
0.0
  0
LINE
  5
3E4
330
2A8
100
AcDbEntity
  8
0
 62
     0
100
AcDbLine
 10
13.78125
 20
48.3125
 30
0.0
 11
13.78125
 21
48.3125
 31
0.0
  0
LINE
  5
3E5
330
2A8
100
AcDbEntity
  8
0
 62
     0
100
AcDbLine
 10
13.84375
 20
48.3125
 30
0.0
 11
13.84375
 21
48.3125
 31
0.0
  0
LINE
  5
3E6
330
2A8
100
AcDbEntity
  8
0
 62
     0
100
AcDbLine
 10
13.90625
 20
48.3125
 30
0.0
 11
13.90625
 21
48.3125
 31
0.0
  0
LINE
  5
3E7
330
2A8
100
AcDbEntity
  8
0
 62
     0
100
AcDbLine
 10
13.96875
 20
48.3125
 30
0.0
 11
13.96875
 21
48.3125
 31
0.0
  0
LINE
  5
3E8
330
2A8
100
AcDbEntity
  8
0
 62
     0
100
AcDbLine
 10
14.03125
 20
48.3125
 30
0.0
 11
14.03125
 21
48.3125
 31
0.0
  0
LINE
  5
3E9
330
2A8
100
AcDbEntity
  8
0
 62
     0
100
AcDbLine
 10
14.09375
 20
48.3125
 30
0.0
 11
14.09375
 21
48.3125
 31
0.0
  0
LINE
  5
3EA
330
2A8
100
AcDbEntity
  8
0
 62
     0
100
AcDbLine
 10
14.15625
 20
48.3125
 30
0.0
 11
14.15625
 21
48.3125
 31
0.0
  0
LINE
  5
3EB
330
2A8
100
AcDbEntity
  8
0
 62
     0
100
AcDbLine
 10
14.21875
 20
48.3125
 30
0.0
 11
14.21875
 21
48.3125
 31
0.0
  0
LINE
  5
3EC
330
2A8
100
AcDbEntity
  8
0
 62
     0
100
AcDbLine
 10
14.28125
 20
48.3125
 30
0.0
 11
14.28125
 21
48.3125
 31
0.0
  0
LINE
  5
3ED
330
2A8
100
AcDbEntity
  8
0
 62
     0
100
AcDbLine
 10
14.34375
 20
48.3125
 30
0.0
 11
14.34375
 21
48.3125
 31
0.0
  0
LINE
  5
3EE
330
2A8
100
AcDbEntity
  8
0
 62
     0
100
AcDbLine
 10
14.40625
 20
48.3125
 30
0.0
 11
14.40625
 21
48.3125
 31
0.0
  0
LINE
  5
3EF
330
2A8
100
AcDbEntity
  8
0
 62
     0
100
AcDbLine
 10
14.46875
 20
48.3125
 30
0.0
 11
14.46875
 21
48.3125
 31
0.0
  0
LINE
  5
3F0
330
2A8
100
AcDbEntity
  8
0
 62
     0
100
AcDbLine
 10
14.53125
 20
48.3125
 30
0.0
 11
14.53125
 21
48.3125
 31
0.0
  0
LINE
  5
3F1
330
2A8
100
AcDbEntity
  8
0
 62
     0
100
AcDbLine
 10
14.59375
 20
48.3125
 30
0.0
 11
14.59375
 21
48.3125
 31
0.0
  0
LINE
  5
3F2
330
2A8
100
AcDbEntity
  8
0
 62
     0
100
AcDbLine
 10
14.65625
 20
48.3125
 30
0.0
 11
14.65625
 21
48.3125
 31
0.0
  0
LINE
  5
3F3
330
2A8
100
AcDbEntity
  8
0
 62
     0
100
AcDbLine
 10
14.71875
 20
48.3125
 30
0.0
 11
14.71875
 21
48.3125
 31
0.0
  0
LINE
  5
3F4
330
2A8
100
AcDbEntity
  8
0
 62
     0
100
AcDbLine
 10
14.78125
 20
48.3125
 30
0.0
 11
14.78125
 21
48.3125
 31
0.0
  0
LINE
  5
3F5
330
2A8
100
AcDbEntity
  8
0
 62
     0
100
AcDbLine
 10
14.84375
 20
48.3125
 30
0.0
 11
14.84375
 21
48.3125
 31
0.0
  0
LINE
  5
3F6
330
2A8
100
AcDbEntity
  8
0
 62
     0
100
AcDbLine
 10
14.90625
 20
48.3125
 30
0.0
 11
14.90625
 21
48.3125
 31
0.0
  0
LINE
  5
3F7
330
2A8
100
AcDbEntity
  8
0
 62
     0
100
AcDbLine
 10
14.96875
 20
48.3125
 30
0.0
 11
14.96875
 21
48.3125
 31
0.0
  0
LINE
  5
3F8
330
2A8
100
AcDbEntity
  8
0
 62
     0
100
AcDbLine
 10
15.03125
 20
48.3125
 30
0.0
 11
15.03125
 21
48.3125
 31
0.0
  0
LINE
  5
3F9
330
2A8
100
AcDbEntity
  8
0
 62
     0
100
AcDbLine
 10
15.09375
 20
48.3125
 30
0.0
 11
15.09375
 21
48.3125
 31
0.0
  0
ENDBLK
  5
3FA
330
2A8
100
AcDbEntity
  8
0
100
AcDbBlockEnd
  0
BLOCK
  5
3FC
330
3FB
100
AcDbEntity
  8
0
100
AcDbBlockBegin
  2
*X9
 70
     1
 10
0.0
 20
0.0
 30
0.0
  3
*X9
  1

  0
LINE
  5
3FD
330
3FB
100
AcDbEntity
  8
0
 62
     0
100
AcDbLine
 10
15.20279579551077
 20
47.72970773009196
 30
0.0
 11
15.37957249080741
 21
47.90648442538859
 31
0.0
  0
LINE
  5
3FE
330
3FB
100
AcDbEntity
  8
0
 62
     0
100
AcDbLine
 10
15.55634918610405
 20
48.08326112068524
 30
0.0
 11
15.67744357072276
 21
48.20435550530395
 31
0.0
  0
LINE
  5
3FF
330
3FB
100
AcDbEntity
  8
0
 62
     0
100
AcDbLine
 10
14.8492424049175
 20
47.72970773009195
 30
0.0
 11
15.02601910021414
 21
47.90648442538858
 31
0.0
  0
LINE
  5
400
330
3FB
100
AcDbEntity
  8
0
 62
     0
100
AcDbLine
 10
15.20279579551077
 20
48.08326112068523
 30
0.0
 11
15.32389018012949
 21
48.20435550530394
 31
0.0
  0
LINE
  5
401
330
3FB
100
AcDbEntity
  8
0
 62
     0
100
AcDbLine
 10
14.49568901432423
 20
47.72970773009195
 30
0.0
 11
14.67246570962086
 21
47.90648442538858
 31
0.0
  0
LINE
  5
402
330
3FB
100
AcDbEntity
  8
0
 62
     0
100
AcDbLine
 10
14.8492424049175
 20
48.08326112068523
 30
0.0
 11
14.97033678953622
 21
48.20435550530394
 31
0.0
  0
LINE
  5
403
330
3FB
100
AcDbEntity
  8
0
 62
     0
100
AcDbLine
 10
14.14213562373095
 20
47.72970773009195
 30
0.0
 11
14.31891231902759
 21
47.90648442538858
 31
0.0
  0
LINE
  5
404
330
3FB
100
AcDbEntity
  8
0
 62
     0
100
AcDbLine
 10
14.49568901432422
 20
48.08326112068523
 30
0.0
 11
14.61678339894294
 21
48.20435550530394
 31
0.0
  0
LINE
  5
405
330
3FB
100
AcDbEntity
  8
0
 62
     0
100
AcDbLine
 10
13.78858223313768
 20
47.72970773009195
 30
0.0
 11
13.96535892843431
 21
47.90648442538858
 31
0.0
  0
LINE
  5
406
330
3FB
100
AcDbEntity
  8
0
 62
     0
100
AcDbLine
 10
14.14213562373095
 20
48.08326112068523
 30
0.0
 11
14.26323000834967
 21
48.20435550530394
 31
0.0
  0
LINE
  5
407
330
3FB
100
AcDbEntity
  8
0
 62
     0
100
AcDbLine
 10
13.4350288425444
 20
47.72970773009196
 30
0.0
 11
13.56679297062038
 21
47.86147185816793
 31
0.0
  0
LINE
  5
408
330
3FB
100
AcDbEntity
  8
0
 62
     0
100
AcDbLine
 10
13.56679297062038
 20
47.86147185816793
 30
0.0
 11
13.61180553784104
 21
47.90648442538859
 31
0.0
  0
LINE
  5
409
330
3FB
100
AcDbEntity
  8
0
 62
     0
100
AcDbLine
 10
13.78858223313768
 20
48.08326112068524
 30
0.0
 11
13.9096766177564
 21
48.20435550530396
 31
0.0
  0
LINE
  5
40A
330
3FB
100
AcDbEntity
  8
0
 62
     0
100
AcDbLine
 10
13.08147545195113
 20
47.72970773009196
 30
0.0
 11
13.25825214724777
 21
47.90648442538859
 31
0.0
  0
LINE
  5
40B
330
3FB
100
AcDbEntity
  8
0
 62
     0
100
AcDbLine
 10
13.4350288425444
 20
48.08326112068524
 30
0.0
 11
13.55612322716312
 21
48.20435550530395
 31
0.0
  0
LINE
  5
40C
330
3FB
100
AcDbEntity
  8
0
 62
     0
100
AcDbLine
 10
12.72792206135785
 20
47.72970773009196
 30
0.0
 11
12.90469875665449
 21
47.90648442538859
 31
0.0
  0
LINE
  5
40D
330
3FB
100
AcDbEntity
  8
0
 62
     0
100
AcDbLine
 10
13.08147545195113
 20
48.08326112068524
 30
0.0
 11
13.20256983656985
 21
48.20435550530395
 31
0.0
  0
LINE
  5
40E
330
3FB
100
AcDbEntity
  8
0
 62
     0
100
AcDbLine
 10
12.37436867076458
 20
47.72970773009195
 30
0.0
 11
12.55114536606122
 21
47.90648442538858
 31
0.0
  0
LINE
  5
40F
330
3FB
100
AcDbEntity
  8
0
 62
     0
100
AcDbLine
 10
12.72792206135785
 20
48.08326112068523
 30
0.0
 11
12.84901644597657
 21
48.20435550530394
 31
0.0
  0
LINE
  5
410
330
3FB
100
AcDbEntity
  8
0
 62
     0
100
AcDbLine
 10
12.02081528017131
 20
47.72970773009196
 30
0.0
 11
12.19759197546794
 21
47.90648442538859
 31
0.0
  0
LINE
  5
411
330
3FB
100
AcDbEntity
  8
0
 62
     0
100
AcDbLine
 10
12.37436867076458
 20
48.08326112068524
 30
0.0
 11
12.4954630553833
 21
48.20435550530395
 31
0.0
  0
LINE
  5
412
330
3FB
100
AcDbEntity
  8
0
 62
     0
100
AcDbLine
 10
11.66726188957803
 20
47.72970773009196
 30
0.0
 11
11.84403858487467
 21
47.90648442538859
 31
0.0
  0
LINE
  5
413
330
3FB
100
AcDbEntity
  8
0
 62
     0
100
AcDbLine
 10
12.02081528017131
 20
48.08326112068524
 30
0.0
 11
12.14190966479002
 21
48.20435550530395
 31
0.0
  0
LINE
  5
414
330
3FB
100
AcDbEntity
  8
0
 62
     0
100
AcDbLine
 10
11.31370849898476
 20
47.72970773009195
 30
0.0
 11
11.49048519428139
 21
47.90648442538858
 31
0.0
  0
LINE
  5
415
330
3FB
100
AcDbEntity
  8
0
 62
     0
100
AcDbLine
 10
11.66726188957803
 20
48.08326112068523
 30
0.0
 11
11.78835627419675
 21
48.20435550530394
 31
0.0
  0
LINE
  5
416
330
3FB
100
AcDbEntity
  8
0
 62
     0
100
AcDbLine
 10
10.96015510839148
 20
47.72970773009196
 30
0.0
 11
11.13693180368812
 21
47.90648442538859
 31
0.0
  0
LINE
  5
417
330
3FB
100
AcDbEntity
  8
0
 62
     0
100
AcDbLine
 10
11.31370849898476
 20
48.08326112068524
 30
0.0
 11
11.43480288360347
 21
48.20435550530395
 31
0.0
  0
LINE
  5
418
330
3FB
100
AcDbEntity
  8
0
 62
     0
100
AcDbLine
 10
10.60660171779821
 20
47.72970773009195
 30
0.0
 11
10.78337841309485
 21
47.90648442538858
 31
0.0
  0
LINE
  5
419
330
3FB
100
AcDbEntity
  8
0
 62
     0
100
AcDbLine
 10
10.96015510839148
 20
48.08326112068523
 30
0.0
 11
11.0812494930102
 21
48.20435550530394
 31
0.0
  0
LINE
  5
41A
330
3FB
100
AcDbEntity
  8
0
 62
     0
100
AcDbLine
 10
10.25304832720494
 20
47.72970773009196
 30
0.0
 11
10.42982502250157
 21
47.90648442538859
 31
0.0
  0
LINE
  5
41B
330
3FB
100
AcDbEntity
  8
0
 62
     0
100
AcDbLine
 10
10.60660171779821
 20
48.08326112068524
 30
0.0
 11
10.72769610241693
 21
48.20435550530395
 31
0.0
  0
LINE
  5
41C
330
3FB
100
AcDbEntity
  8
0
 62
     0
100
AcDbLine
 10
9.903555579433861
 20
47.73376837291415
 30
0.0
 11
10.0762716319083
 21
47.90648442538859
 31
0.0
  0
LINE
  5
41D
330
3FB
100
AcDbEntity
  8
0
 62
     0
100
AcDbLine
 10
10.25304832720493
 20
48.08326112068524
 30
0.0
 11
10.37414271182365
 21
48.20435550530395
 31
0.0
  0
LINE
  5
41E
330
3FB
100
AcDbEntity
  8
0
 62
     0
100
AcDbLine
 10
9.903555579433861
 20
48.08732176350742
 30
0.0
 11
10.02058932123038
 21
48.20435550530394
 31
0.0
  0
LINE
  5
41F
330
3FB
100
AcDbEntity
  8
0
 62
     0
100
AcDbLine
 10
15.55634918610405
 20
47.72970773009195
 30
0.0
 11
15.73312588140068
 21
47.90648442538858
 31
0.0
  0
LINE
  5
420
330
3FB
100
AcDbEntity
  8
0
 62
     0
100
AcDbLine
 10
15.90990257669732
 20
48.08326112068523
 30
0.0
 11
16.03099696131603
 21
48.20435550530394
 31
0.0
  0
LINE
  5
421
330
3FB
100
AcDbEntity
  8
0
 62
     0
100
AcDbLine
 10
15.90990257669732
 20
47.72970773009196
 30
0.0
 11
15.96409268770878
 21
47.78389784110341
 31
0.0
  0
LINE
  5
422
330
3FB
100
AcDbEntity
  8
0
 62
     0
100
AcDbLine
 10
15.96409268770878
 20
47.78389784110341
 30
0.0
 11
16.08667927199396
 21
47.90648442538858
 31
0.0
  0
LINE
  5
423
330
3FB
100
AcDbEntity
  8
0
 62
     0
100
AcDbLine
 10
16.26345596729059
 20
48.08326112068523
 30
0.0
 11
16.38455035190931
 21
48.20435550530394
 31
0.0
  0
LINE
  5
424
330
3FB
100
AcDbEntity
  8
0
 62
     0
100
AcDbLine
 10
16.26345596729059
 20
47.72970773009196
 30
0.0
 11
16.44023266258723
 21
47.90648442538859
 31
0.0
  0
LINE
  5
425
330
3FB
100
AcDbEntity
  8
0
 62
     0
100
AcDbLine
 10
16.61700935788387
 20
48.08326112068524
 30
0.0
 11
16.73810374250258
 21
48.20435550530395
 31
0.0
  0
LINE
  5
426
330
3FB
100
AcDbEntity
  8
0
 62
     0
100
AcDbLine
 10
16.61700935788387
 20
47.72970773009196
 30
0.0
 11
16.79378605318051
 21
47.90648442538859
 31
0.0
  0
LINE
  5
427
330
3FB
100
AcDbEntity
  8
0
 62
     0
100
AcDbLine
 10
16.97056274847714
 20
48.08326112068524
 30
0.0
 11
17.09165713309586
 21
48.20435550530395
 31
0.0
  0
LINE
  5
428
330
3FB
100
AcDbEntity
  8
0
 62
     0
100
AcDbLine
 10
16.97056274847714
 20
47.72970773009196
 30
0.0
 11
17.14733944377378
 21
47.90648442538859
 31
0.0
  0
LINE
  5
429
330
3FB
100
AcDbEntity
  8
0
 62
     0
100
AcDbLine
 10
17.32411613907042
 20
48.08326112068524
 30
0.0
 11
17.44521052368913
 21
48.20435550530395
 31
0.0
  0
LINE
  5
42A
330
3FB
100
AcDbEntity
  8
0
 62
     0
100
AcDbLine
 10
17.32411613907041
 20
47.72970773009196
 30
0.0
 11
17.50089283436705
 21
47.90648442538859
 31
0.0
  0
LINE
  5
42B
330
3FB
100
AcDbEntity
  8
0
 62
     0
100
AcDbLine
 10
17.67766952966369
 20
48.08326112068524
 30
0.0
 11
17.7987639142824
 21
48.20435550530395
 31
0.0
  0
LINE
  5
42C
330
3FB
100
AcDbEntity
  8
0
 62
     0
100
AcDbLine
 10
17.67766952966369
 20
47.72970773009196
 30
0.0
 11
17.85444622496032
 21
47.90648442538859
 31
0.0
  0
LINE
  5
42D
330
3FB
100
AcDbEntity
  8
0
 62
     0
100
AcDbLine
 10
18.03122292025696
 20
48.08326112068524
 30
0.0
 11
18.15231730487568
 21
48.20435550530395
 31
0.0
  0
LINE
  5
42E
330
3FB
100
AcDbEntity
  8
0
 62
     0
100
AcDbLine
 10
18.03122292025696
 20
47.72970773009196
 30
0.0
 11
18.2079996155536
 21
47.90648442538859
 31
0.0
  0
LINE
  5
42F
330
3FB
100
AcDbEntity
  8
0
 62
     0
100
AcDbLine
 10
18.38477631085024
 20
48.08326112068524
 30
0.0
 11
18.50587069546896
 21
48.20435550530395
 31
0.0
  0
LINE
  5
430
330
3FB
100
AcDbEntity
  8
0
 62
     0
100
AcDbLine
 10
18.38477631085024
 20
47.72970773009196
 30
0.0
 11
18.56155300614688
 21
47.90648442538859
 31
0.0
  0
LINE
  5
431
330
3FB
100
AcDbEntity
  8
0
 62
     0
100
AcDbLine
 10
18.73832970144351
 20
48.08326112068524
 30
0.0
 11
18.85942408606223
 21
48.20435550530395
 31
0.0
  0
LINE
  5
432
330
3FB
100
AcDbEntity
  8
0
 62
     0
100
AcDbLine
 10
18.73832970144351
 20
47.72970773009196
 30
0.0
 11
18.91510639674015
 21
47.90648442538859
 31
0.0
  0
LINE
  5
433
330
3FB
100
AcDbEntity
  8
0
 62
     0
100
AcDbLine
 10
19.09188309203679
 20
48.08326112068524
 30
0.0
 11
19.2129774766555
 21
48.20435550530395
 31
0.0
  0
LINE
  5
434
330
3FB
100
AcDbEntity
  8
0
 62
     0
100
AcDbLine
 10
19.09188309203678
 20
47.72970773009196
 30
0.0
 11
19.26865978733342
 21
47.90648442538859
 31
0.0
  0
LINE
  5
435
330
3FB
100
AcDbEntity
  8
0
 62
     0
100
AcDbLine
 10
19.44543648263006
 20
48.08326112068524
 30
0.0
 11
19.56653086724877
 21
48.20435550530395
 31
0.0
  0
LINE
  5
436
330
3FB
100
AcDbEntity
  8
0
 62
     0
100
AcDbLine
 10
19.44543648263006
 20
47.72970773009196
 30
0.0
 11
19.62221317792669
 21
47.90648442538859
 31
0.0
  0
LINE
  5
437
330
3FB
100
AcDbEntity
  8
0
 62
     0
100
AcDbLine
 10
19.79898987322333
 20
48.08326112068524
 30
0.0
 11
19.92008425784205
 21
48.20435550530395
 31
0.0
  0
LINE
  5
438
330
3FB
100
AcDbEntity
  8
0
 62
     0
100
AcDbLine
 10
19.79898987322333
 20
47.72970773009196
 30
0.0
 11
19.97576656851997
 21
47.90648442538859
 31
0.0
  0
LINE
  5
439
330
3FB
100
AcDbEntity
  8
0
 62
     0
100
AcDbLine
 10
20.15254326381661
 20
48.08326112068524
 30
0.0
 11
20.27363764843533
 21
48.20435550530395
 31
0.0
  0
LINE
  5
43A
330
3FB
100
AcDbEntity
  8
0
 62
     0
100
AcDbLine
 10
20.15254326381661
 20
47.72970773009196
 30
0.0
 11
20.32931995911325
 21
47.90648442538859
 31
0.0
  0
LINE
  5
43B
330
3FB
100
AcDbEntity
  8
0
 62
     0
100
AcDbLine
 10
15.13650453477453
 20
47.79599899082819
 30
0.0
 11
15.15355557943386
 21
47.81305003548752
 31
0.0
  0
LINE
  5
43C
330
3FB
100
AcDbEntity
  8
0
 62
     0
100
AcDbLine
 10
15.15355557943385
 20
47.81305003548752
 30
0.0
 11
15.31328123007117
 21
47.97277568612483
 31
0.0
  0
LINE
  5
43D
330
3FB
100
AcDbEntity
  8
0
 62
     0
100
AcDbLine
 10
15.4900579253678
 20
48.14955238142147
 30
0.0
 11
15.54486104925028
 21
48.20435550530395
 31
0.0
  0
LINE
  5
43E
330
3FB
100
AcDbEntity
  8
0
 62
     0
100
AcDbLine
 10
14.78295114418126
 20
47.79599899082819
 30
0.0
 11
14.9597278394779
 21
47.97277568612483
 31
0.0
  0
LINE
  5
43F
330
3FB
100
AcDbEntity
  8
0
 62
     0
100
AcDbLine
 10
15.13650453477454
 20
48.14955238142147
 30
0.0
 11
15.15355557943386
 21
48.16660342608079
 31
0.0
  0
LINE
  5
440
330
3FB
100
AcDbEntity
  8
0
 62
     0
100
AcDbLine
 10
15.15355557943385
 20
48.16660342608079
 30
0.0
 11
15.19130765865701
 21
48.20435550530395
 31
0.0
  0
LINE
  5
441
330
3FB
100
AcDbEntity
  8
0
 62
     0
100
AcDbLine
 10
14.42939775358798
 20
47.79599899082819
 30
0.0
 11
14.60617444888462
 21
47.97277568612482
 31
0.0
  0
LINE
  5
442
330
3FB
100
AcDbEntity
  8
0
 62
     0
100
AcDbLine
 10
14.78295114418126
 20
48.14955238142147
 30
0.0
 11
14.83775426806374
 21
48.20435550530394
 31
0.0
  0
LINE
  5
443
330
3FB
100
AcDbEntity
  8
0
 62
     0
100
AcDbLine
 10
14.07584436299471
 20
47.79599899082819
 30
0.0
 11
14.25262105829135
 21
47.97277568612483
 31
0.0
  0
LINE
  5
444
330
3FB
100
AcDbEntity
  8
0
 62
     0
100
AcDbLine
 10
14.42939775358798
 20
48.14955238142147
 30
0.0
 11
14.48420087747046
 21
48.20435550530395
 31
0.0
  0
LINE
  5
445
330
3FB
100
AcDbEntity
  8
0
 62
     0
100
AcDbLine
 10
13.72229097240144
 20
47.79599899082819
 30
0.0
 11
13.89906766769807
 21
47.97277568612482
 31
0.0
  0
LINE
  5
446
330
3FB
100
AcDbEntity
  8
0
 62
     0
100
AcDbLine
 10
14.07584436299471
 20
48.14955238142147
 30
0.0
 11
14.13064748687719
 21
48.20435550530394
 31
0.0
  0
LINE
  5
447
330
3FB
100
AcDbEntity
  8
0
 62
     0
100
AcDbLine
 10
13.36873758180816
 20
47.79599899082819
 30
0.0
 11
13.5455142771048
 21
47.97277568612483
 31
0.0
  0
LINE
  5
448
330
3FB
100
AcDbEntity
  8
0
 62
     0
100
AcDbLine
 10
13.72229097240144
 20
48.14955238142147
 30
0.0
 11
13.77709409628392
 21
48.20435550530395
 31
0.0
  0
LINE
  5
449
330
3FB
100
AcDbEntity
  8
0
 62
     0
100
AcDbLine
 10
13.01518419121489
 20
47.79599899082819
 30
0.0
 11
13.19196088651153
 21
47.97277568612483
 31
0.0
  0
LINE
  5
44A
330
3FB
100
AcDbEntity
  8
0
 62
     0
100
AcDbLine
 10
13.36873758180816
 20
48.14955238142147
 30
0.0
 11
13.42354070569064
 21
48.20435550530395
 31
0.0
  0
LINE
  5
44B
330
3FB
100
AcDbEntity
  8
0
 62
     0
100
AcDbLine
 10
12.66163080062161
 20
47.79599899082819
 30
0.0
 11
12.83840749591825
 21
47.97277568612483
 31
0.0
  0
LINE
  5
44C
330
3FB
100
AcDbEntity
  8
0
 62
     0
100
AcDbLine
 10
13.01518419121489
 20
48.14955238142147
 30
0.0
 11
13.06998731509737
 21
48.20435550530395
 31
0.0
  0
LINE
  5
44D
330
3FB
100
AcDbEntity
  8
0
 62
     0
100
AcDbLine
 10
12.30807741002834
 20
47.79599899082819
 30
0.0
 11
12.48485410532498
 21
47.97277568612483
 31
0.0
  0
LINE
  5
44E
330
3FB
100
AcDbEntity
  8
0
 62
     0
100
AcDbLine
 10
12.66163080062162
 20
48.14955238142147
 30
0.0
 11
12.71643392450409
 21
48.20435550530395
 31
0.0
  0
LINE
  5
44F
330
3FB
100
AcDbEntity
  8
0
 62
     0
100
AcDbLine
 10
11.95452401943507
 20
47.79599899082819
 30
0.0
 11
12.1313007147317
 21
47.97277568612483
 31
0.0
  0
LINE
  5
450
330
3FB
100
AcDbEntity
  8
0
 62
     0
100
AcDbLine
 10
12.30807741002834
 20
48.14955238142147
 30
0.0
 11
12.36288053391082
 21
48.20435550530395
 31
0.0
  0
LINE
  5
451
330
3FB
100
AcDbEntity
  8
0
 62
     0
100
AcDbLine
 10
11.60097062884179
 20
47.79599899082819
 30
0.0
 11
11.77774732413843
 21
47.97277568612483
 31
0.0
  0
LINE
  5
452
330
3FB
100
AcDbEntity
  8
0
 62
     0
100
AcDbLine
 10
11.95452401943507
 20
48.14955238142147
 30
0.0
 11
12.00932714331754
 21
48.20435550530395
 31
0.0
  0
LINE
  5
453
330
3FB
100
AcDbEntity
  8
0
 62
     0
100
AcDbLine
 10
11.24741723824852
 20
47.79599899082819
 30
0.0
 11
11.42419393354516
 21
47.97277568612483
 31
0.0
  0
LINE
  5
454
330
3FB
100
AcDbEntity
  8
0
 62
     0
100
AcDbLine
 10
11.60097062884179
 20
48.14955238142147
 30
0.0
 11
11.65577375272427
 21
48.20435550530395
 31
0.0
  0
LINE
  5
455
330
3FB
100
AcDbEntity
  8
0
 62
     0
100
AcDbLine
 10
10.89386384765524
 20
47.79599899082819
 30
0.0
 11
11.07064054295188
 21
47.97277568612483
 31
0.0
  0
LINE
  5
456
330
3FB
100
AcDbEntity
  8
0
 62
     0
100
AcDbLine
 10
11.24741723824852
 20
48.14955238142147
 30
0.0
 11
11.302220362131
 21
48.20435550530395
 31
0.0
  0
LINE
  5
457
330
3FB
100
AcDbEntity
  8
0
 62
     0
100
AcDbLine
 10
10.54031045706197
 20
47.79599899082819
 30
0.0
 11
10.71708715235861
 21
47.97277568612483
 31
0.0
  0
LINE
  5
458
330
3FB
100
AcDbEntity
  8
0
 62
     0
100
AcDbLine
 10
10.89386384765525
 20
48.14955238142147
 30
0.0
 11
10.94866697153772
 21
48.20435550530395
 31
0.0
  0
LINE
  5
459
330
3FB
100
AcDbEntity
  8
0
 62
     0
100
AcDbLine
 10
10.1867570664687
 20
47.79599899082819
 30
0.0
 11
10.36353376176533
 21
47.97277568612483
 31
0.0
  0
LINE
  5
45A
330
3FB
100
AcDbEntity
  8
0
 62
     0
100
AcDbLine
 10
10.54031045706197
 20
48.14955238142147
 30
0.0
 11
10.59511358094445
 21
48.20435550530395
 31
0.0
  0
LINE
  5
45B
330
3FB
100
AcDbEntity
  8
0
 62
     0
100
AcDbLine
 10
9.903555579433861
 20
47.86635089438663
 30
0.0
 11
10.00998037117206
 21
47.97277568612483
 31
0.0
  0
LINE
  5
45C
330
3FB
100
AcDbEntity
  8
0
 62
     0
100
AcDbLine
 10
10.1867570664687
 20
48.14955238142147
 30
0.0
 11
10.24156019035118
 21
48.20435550530395
 31
0.0
  0
LINE
  5
45D
330
3FB
100
AcDbEntity
  8
0
 62
     0
100
AcDbLine
 10
15.4900579253678
 20
47.79599899082819
 30
0.0
 11
15.66683462066444
 21
47.97277568612483
 31
0.0
  0
LINE
  5
45E
330
3FB
100
AcDbEntity
  8
0
 62
     0
100
AcDbLine
 10
15.84361131596108
 20
48.14955238142147
 30
0.0
 11
15.89841443984355
 21
48.20435550530394
 31
0.0
  0
LINE
  5
45F
330
3FB
100
AcDbEntity
  8
0
 62
     0
100
AcDbLine
 10
15.84361131596108
 20
47.79599899082819
 30
0.0
 11
15.92655262485196
 21
47.87894029971908
 31
0.0
  0
LINE
  5
460
330
3FB
100
AcDbEntity
  8
0
 62
     0
100
AcDbLine
 10
15.92655262485197
 20
47.87894029971908
 30
0.0
 11
16.02038801125772
 21
47.97277568612483
 31
0.0
  0
LINE
  5
461
330
3FB
100
AcDbEntity
  8
0
 62
     0
100
AcDbLine
 10
16.19716470655436
 20
48.14955238142147
 30
0.0
 11
16.25196783043683
 21
48.20435550530395
 31
0.0
  0
LINE
  5
462
330
3FB
100
AcDbEntity
  8
0
 62
     0
100
AcDbLine
 10
16.19716470655435
 20
47.79599899082819
 30
0.0
 11
16.37394140185099
 21
47.97277568612483
 31
0.0
  0
LINE
  5
463
330
3FB
100
AcDbEntity
  8
0
 62
     0
100
AcDbLine
 10
16.55071809714763
 20
48.14955238142147
 30
0.0
 11
16.6055212210301
 21
48.20435550530395
 31
0.0
  0
LINE
  5
464
330
3FB
100
AcDbEntity
  8
0
 62
     0
100
AcDbLine
 10
16.55071809714763
 20
47.79599899082819
 30
0.0
 11
16.72749479244426
 21
47.97277568612483
 31
0.0
  0
LINE
  5
465
330
3FB
100
AcDbEntity
  8
0
 62
     0
100
AcDbLine
 10
16.9042714877409
 20
48.14955238142147
 30
0.0
 11
16.95907461162338
 21
48.20435550530395
 31
0.0
  0
LINE
  5
466
330
3FB
100
AcDbEntity
  8
0
 62
     0
100
AcDbLine
 10
16.9042714877409
 20
47.79599899082819
 30
0.0
 11
17.08104818303754
 21
47.97277568612483
 31
0.0
  0
LINE
  5
467
330
3FB
100
AcDbEntity
  8
0
 62
     0
100
AcDbLine
 10
17.25782487833417
 20
48.14955238142147
 30
0.0
 11
17.31262800221665
 21
48.20435550530395
 31
0.0
  0
LINE
  5
468
330
3FB
100
AcDbEntity
  8
0
 62
     0
100
AcDbLine
 10
17.25782487833417
 20
47.79599899082819
 30
0.0
 11
17.43460157363081
 21
47.97277568612483
 31
0.0
  0
LINE
  5
469
330
3FB
100
AcDbEntity
  8
0
 62
     0
100
AcDbLine
 10
17.61137826892745
 20
48.14955238142147
 30
0.0
 11
17.66618139280992
 21
48.20435550530395
 31
0.0
  0
LINE
  5
46A
330
3FB
100
AcDbEntity
  8
0
 62
     0
100
AcDbLine
 10
17.61137826892745
 20
47.79599899082819
 30
0.0
 11
17.78815496422408
 21
47.97277568612483
 31
0.0
  0
LINE
  5
46B
330
3FB
100
AcDbEntity
  8
0
 62
     0
100
AcDbLine
 10
17.96493165952072
 20
48.14955238142147
 30
0.0
 11
18.0197347834032
 21
48.20435550530395
 31
0.0
  0
LINE
  5
46C
330
3FB
100
AcDbEntity
  8
0
 62
     0
100
AcDbLine
 10
17.96493165952072
 20
47.79599899082819
 30
0.0
 11
18.14170835481736
 21
47.97277568612483
 31
0.0
  0
LINE
  5
46D
330
3FB
100
AcDbEntity
  8
0
 62
     0
100
AcDbLine
 10
18.318485050114
 20
48.14955238142147
 30
0.0
 11
18.37328817399647
 21
48.20435550530395
 31
0.0
  0
LINE
  5
46E
330
3FB
100
AcDbEntity
  8
0
 62
     0
100
AcDbLine
 10
18.31848505011399
 20
47.79599899082819
 30
0.0
 11
18.49526174541063
 21
47.97277568612483
 31
0.0
  0
LINE
  5
46F
330
3FB
100
AcDbEntity
  8
0
 62
     0
100
AcDbLine
 10
18.67203844070727
 20
48.14955238142147
 30
0.0
 11
18.72684156458975
 21
48.20435550530395
 31
0.0
  0
LINE
  5
470
330
3FB
100
AcDbEntity
  8
0
 62
     0
100
AcDbLine
 10
18.67203844070727
 20
47.79599899082819
 30
0.0
 11
18.8488151360039
 21
47.97277568612483
 31
0.0
  0
LINE
  5
471
330
3FB
100
AcDbEntity
  8
0
 62
     0
100
AcDbLine
 10
19.02559183130054
 20
48.14955238142147
 30
0.0
 11
19.08039495518302
 21
48.20435550530395
 31
0.0
  0
LINE
  5
472
330
3FB
100
AcDbEntity
  8
0
 62
     0
100
AcDbLine
 10
19.02559183130054
 20
47.79599899082819
 30
0.0
 11
19.20236852659718
 21
47.97277568612483
 31
0.0
  0
LINE
  5
473
330
3FB
100
AcDbEntity
  8
0
 62
     0
100
AcDbLine
 10
19.37914522189382
 20
48.14955238142147
 30
0.0
 11
19.43394834577629
 21
48.20435550530395
 31
0.0
  0
LINE
  5
474
330
3FB
100
AcDbEntity
  8
0
 62
     0
100
AcDbLine
 10
19.37914522189382
 20
47.79599899082819
 30
0.0
 11
19.55592191719046
 21
47.97277568612483
 31
0.0
  0
LINE
  5
475
330
3FB
100
AcDbEntity
  8
0
 62
     0
100
AcDbLine
 10
19.73269861248709
 20
48.14955238142147
 30
0.0
 11
19.78750173636957
 21
48.20435550530395
 31
0.0
  0
LINE
  5
476
330
3FB
100
AcDbEntity
  8
0
 62
     0
100
AcDbLine
 10
19.73269861248709
 20
47.79599899082819
 30
0.0
 11
19.90947530778373
 21
47.97277568612483
 31
0.0
  0
LINE
  5
477
330
3FB
100
AcDbEntity
  8
0
 62
     0
100
AcDbLine
 10
20.08625200308037
 20
48.14955238142147
 30
0.0
 11
20.14105512696284
 21
48.20435550530395
 31
0.0
  0
LINE
  5
478
330
3FB
100
AcDbEntity
  8
0
 62
     0
100
AcDbLine
 10
20.08625200308037
 20
47.79599899082819
 30
0.0
 11
20.263028698377
 21
47.97277568612483
 31
0.0
  0
LINE
  5
479
330
3FB
100
AcDbEntity
  8
0
 62
     0
100
AcDbLine
 10
15.0702132740383
 20
47.86229025156443
 30
0.0
 11
15.15355557943386
 21
47.94563255695999
 31
0.0
  0
LINE
  5
47A
330
3FB
100
AcDbEntity
  8
0
 62
     0
100
AcDbLine
 10
15.15355557943385
 20
47.94563255695999
 30
0.0
 11
15.24698996933493
 21
48.03906694686107
 31
0.0
  0
LINE
  5
47B
330
3FB
100
AcDbEntity
  8
0
 62
     0
100
AcDbLine
 10
14.71665988344502
 20
47.86229025156443
 30
0.0
 11
14.89343657874166
 21
48.03906694686107
 31
0.0
  0
LINE
  5
47C
330
3FB
100
AcDbEntity
  8
0
 62
     0
100
AcDbLine
 10
14.36310649285175
 20
47.86229025156443
 30
0.0
 11
14.53988318814839
 21
48.03906694686107
 31
0.0
  0
LINE
  5
47D
330
3FB
100
AcDbEntity
  8
0
 62
     0
100
AcDbLine
 10
14.00955310225847
 20
47.86229025156443
 30
0.0
 11
14.18632979755511
 21
48.03906694686107
 31
0.0
  0
LINE
  5
47E
330
3FB
100
AcDbEntity
  8
0
 62
     0
100
AcDbLine
 10
13.6559997116652
 20
47.86229025156443
 30
0.0
 11
13.83277640696183
 21
48.03906694686108
 31
0.0
  0
LINE
  5
47F
330
3FB
100
AcDbEntity
  8
0
 62
     0
100
AcDbLine
 10
13.30244632107192
 20
47.86229025156443
 30
0.0
 11
13.47922301636856
 21
48.03906694686107
 31
0.0
  0
LINE
  5
480
330
3FB
100
AcDbEntity
  8
0
 62
     0
100
AcDbLine
 10
12.94889293047865
 20
47.86229025156443
 30
0.0
 11
13.12566962577529
 21
48.03906694686108
 31
0.0
  0
LINE
  5
481
330
3FB
100
AcDbEntity
  8
0
 62
     0
100
AcDbLine
 10
12.59533953988538
 20
47.86229025156443
 30
0.0
 11
12.77211623518201
 21
48.03906694686108
 31
0.0
  0
LINE
  5
482
330
3FB
100
AcDbEntity
  8
0
 62
     0
100
AcDbLine
 10
12.2417861492921
 20
47.86229025156443
 30
0.0
 11
12.41856284458874
 21
48.03906694686107
 31
0.0
  0
LINE
  5
483
330
3FB
100
AcDbEntity
  8
0
 62
     0
100
AcDbLine
 10
11.88823275869883
 20
47.86229025156443
 30
0.0
 11
12.06500945399547
 21
48.03906694686108
 31
0.0
  0
LINE
  5
484
330
3FB
100
AcDbEntity
  8
0
 62
     0
100
AcDbLine
 10
11.53467936810555
 20
47.86229025156443
 30
0.0
 11
11.71145606340219
 21
48.03906694686107
 31
0.0
  0
LINE
  5
485
330
3FB
100
AcDbEntity
  8
0
 62
     0
100
AcDbLine
 10
11.18112597751228
 20
47.86229025156443
 30
0.0
 11
11.35790267280892
 21
48.03906694686107
 31
0.0
  0
LINE
  5
486
330
3FB
100
AcDbEntity
  8
0
 62
     0
100
AcDbLine
 10
10.82757258691901
 20
47.86229025156443
 30
0.0
 11
11.00434928221564
 21
48.03906694686108
 31
0.0
  0
LINE
  5
487
330
3FB
100
AcDbEntity
  8
0
 62
     0
100
AcDbLine
 10
10.47401919632573
 20
47.86229025156443
 30
0.0
 11
10.65079589162237
 21
48.03906694686107
 31
0.0
  0
LINE
  5
488
330
3FB
100
AcDbEntity
  8
0
 62
     0
100
AcDbLine
 10
10.12046580573246
 20
47.86229025156443
 30
0.0
 11
10.2972425010291
 21
48.03906694686107
 31
0.0
  0
LINE
  5
489
330
3FB
100
AcDbEntity
  8
0
 62
     0
100
AcDbLine
 10
9.903555579433861
 20
47.9989334158591
 30
0.0
 11
9.943689110435823
 21
48.03906694686107
 31
0.0
  0
LINE
  5
48A
330
3FB
100
AcDbEntity
  8
0
 62
     0
100
AcDbLine
 10
15.42376666463157
 20
47.86229025156443
 30
0.0
 11
15.6005433599282
 21
48.03906694686108
 31
0.0
  0
LINE
  5
48B
330
3FB
100
AcDbEntity
  8
0
 62
     0
100
AcDbLine
 10
15.77732005522484
 20
47.86229025156443
 30
0.0
 11
15.88901256199515
 21
47.97398275833474
 31
0.0
  0
LINE
  5
48C
330
3FB
100
AcDbEntity
  8
0
 62
     0
100
AcDbLine
 10
15.88901256199515
 20
47.97398275833474
 30
0.0
 11
15.95409675052148
 21
48.03906694686107
 31
0.0
  0
LINE
  5
48D
330
3FB
100
AcDbEntity
  8
0
 62
     0
100
AcDbLine
 10
16.13087344581811
 20
47.86229025156443
 30
0.0
 11
16.30765014111475
 21
48.03906694686108
 31
0.0
  0
LINE
  5
48E
330
3FB
100
AcDbEntity
  8
0
 62
     0
100
AcDbLine
 10
16.48442683641138
 20
47.86229025156443
 30
0.0
 11
16.66120353170802
 21
48.03906694686108
 31
0.0
  0
LINE
  5
48F
330
3FB
100
AcDbEntity
  8
0
 62
     0
100
AcDbLine
 10
16.83798022700466
 20
47.86229025156443
 30
0.0
 11
17.0147569223013
 21
48.03906694686108
 31
0.0
  0
LINE
  5
490
330
3FB
100
AcDbEntity
  8
0
 62
     0
100
AcDbLine
 10
17.19153361759794
 20
47.86229025156443
 30
0.0
 11
17.36831031289457
 21
48.03906694686108
 31
0.0
  0
LINE
  5
491
330
3FB
100
AcDbEntity
  8
0
 62
     0
100
AcDbLine
 10
17.54508700819121
 20
47.86229025156443
 30
0.0
 11
17.72186370348785
 21
48.03906694686108
 31
0.0
  0
LINE
  5
492
330
3FB
100
AcDbEntity
  8
0
 62
     0
100
AcDbLine
 10
17.89864039878448
 20
47.86229025156443
 30
0.0
 11
18.07541709408112
 21
48.03906694686108
 31
0.0
  0
LINE
  5
493
330
3FB
100
AcDbEntity
  8
0
 62
     0
100
AcDbLine
 10
18.25219378937775
 20
47.86229025156443
 30
0.0
 11
18.42897048467439
 21
48.03906694686108
 31
0.0
  0
LINE
  5
494
330
3FB
100
AcDbEntity
  8
0
 62
     0
100
AcDbLine
 10
18.60574717997103
 20
47.86229025156443
 30
0.0
 11
18.78252387526767
 21
48.03906694686108
 31
0.0
  0
LINE
  5
495
330
3FB
100
AcDbEntity
  8
0
 62
     0
100
AcDbLine
 10
18.9593005705643
 20
47.86229025156443
 30
0.0
 11
19.13607726586094
 21
48.03906694686108
 31
0.0
  0
LINE
  5
496
330
3FB
100
AcDbEntity
  8
0
 62
     0
100
AcDbLine
 10
19.31285396115758
 20
47.86229025156443
 30
0.0
 11
19.48963065645422
 21
48.03906694686108
 31
0.0
  0
LINE
  5
497
330
3FB
100
AcDbEntity
  8
0
 62
     0
100
AcDbLine
 10
19.66640735175085
 20
47.86229025156443
 30
0.0
 11
19.84318404704749
 21
48.03906694686108
 31
0.0
  0
LINE
  5
498
330
3FB
100
AcDbEntity
  8
0
 62
     0
100
AcDbLine
 10
20.01996074234412
 20
47.86229025156443
 30
0.0
 11
20.19673743764077
 21
48.03906694686108
 31
0.0
  0
LINE
  5
499
330
3FB
100
AcDbEntity
  8
0
 62
     0
100
AcDbLine
 10
20.3735141329374
 20
47.86229025156443
 30
0.0
 11
20.40355557943385
 21
47.89233169806088
 31
0.0
  0
LINE
  5
49A
330
3FB
100
AcDbEntity
  8
0
 62
     0
100
AcDbLine
 10
15.27234219412293
 20
47.70435550530395
 30
0.0
 11
15.24698996933492
 21
47.72970773009196
 31
0.0
  0
LINE
  5
49B
330
3FB
100
AcDbEntity
  8
0
 62
     0
100
AcDbLine
 10
15.07021327403828
 20
47.9064844253886
 30
0.0
 11
14.89343657874164
 21
48.08326112068524
 31
0.0
  0
LINE
  5
49C
330
3FB
100
AcDbEntity
  8
0
 62
     0
100
AcDbLine
 10
14.91878880352966
 20
47.70435550530394
 30
0.0
 11
14.89343657874164
 21
47.72970773009197
 31
0.0
  0
LINE
  5
49D
330
3FB
100
AcDbEntity
  8
0
 62
     0
100
AcDbLine
 10
14.716659883445
 20
47.9064844253886
 30
0.0
 11
14.53988318814837
 21
48.08326112068524
 31
0.0
  0
LINE
  5
49E
330
3FB
100
AcDbEntity
  8
0
 62
     0
100
AcDbLine
 10
14.56523541293638
 20
47.70435550530394
 30
0.0
 11
14.53988318814837
 21
47.72970773009195
 31
0.0
  0
LINE
  5
49F
330
3FB
100
AcDbEntity
  8
0
 62
     0
100
AcDbLine
 10
14.36310649285174
 20
47.90648442538858
 30
0.0
 11
14.1863297975551
 21
48.08326112068523
 31
0.0
  0
LINE
  5
4A0
330
3FB
100
AcDbEntity
  8
0
 62
     0
100
AcDbLine
 10
14.21168202234311
 20
47.70435550530394
 30
0.0
 11
14.18632979755509
 21
47.72970773009197
 31
0.0
  0
LINE
  5
4A1
330
3FB
100
AcDbEntity
  8
0
 62
     0
100
AcDbLine
 10
14.00955310225845
 20
47.9064844253886
 30
0.0
 11
14.00486327108988
 21
47.91117425655718
 31
0.0
  0
LINE
  5
4A2
330
3FB
100
AcDbEntity
  8
0
 62
     0
100
AcDbLine
 10
14.00486327108989
 20
47.91117425655717
 30
0.0
 11
13.83277640696182
 21
48.08326112068524
 31
0.0
  0
LINE
  5
4A3
330
3FB
100
AcDbEntity
  8
0
 62
     0
100
AcDbLine
 10
13.85812863174983
 20
47.70435550530395
 30
0.0
 11
13.83277640696183
 21
47.72970773009196
 31
0.0
  0
LINE
  5
4A4
330
3FB
100
AcDbEntity
  8
0
 62
     0
100
AcDbLine
 10
13.65599971166519
 20
47.90648442538859
 30
0.0
 11
13.56679297062039
 21
47.9956911664334
 31
0.0
  0
LINE
  5
4A5
330
3FB
100
AcDbEntity
  8
0
 62
     0
100
AcDbLine
 10
13.56679297062038
 20
47.9956911664334
 30
0.0
 11
13.47922301636855
 21
48.08326112068524
 31
0.0
  0
LINE
  5
4A6
330
3FB
100
AcDbEntity
  8
0
 62
     0
100
AcDbLine
 10
13.50457524115656
 20
47.70435550530395
 30
0.0
 11
13.47922301636855
 21
47.72970773009196
 31
0.0
  0
LINE
  5
4A7
330
3FB
100
AcDbEntity
  8
0
 62
     0
100
AcDbLine
 10
13.30244632107192
 20
47.90648442538859
 30
0.0
 11
13.12566962577528
 21
48.08326112068524
 31
0.0
  0
LINE
  5
4A8
330
3FB
100
AcDbEntity
  8
0
 62
     0
100
AcDbLine
 10
13.15102185056329
 20
47.70435550530395
 30
0.0
 11
13.12566962577528
 21
47.72970773009196
 31
0.0
  0
LINE
  5
4A9
330
3FB
100
AcDbEntity
  8
0
 62
     0
100
AcDbLine
 10
12.94889293047864
 20
47.90648442538859
 30
0.0
 11
12.77211623518201
 21
48.08326112068524
 31
0.0
  0
LINE
  5
4AA
330
3FB
100
AcDbEntity
  8
0
 62
     0
100
AcDbLine
 10
12.79746845997001
 20
47.70435550530395
 30
0.0
 11
12.77211623518201
 21
47.72970773009196
 31
0.0
  0
LINE
  5
4AB
330
3FB
100
AcDbEntity
  8
0
 62
     0
100
AcDbLine
 10
12.59533953988537
 20
47.90648442538859
 30
0.0
 11
12.41856284458873
 21
48.08326112068524
 31
0.0
  0
LINE
  5
4AC
330
3FB
100
AcDbEntity
  8
0
 62
     0
100
AcDbLine
 10
12.44391506937674
 20
47.70435550530395
 30
0.0
 11
12.41856284458873
 21
47.72970773009196
 31
0.0
  0
LINE
  5
4AD
330
3FB
100
AcDbEntity
  8
0
 62
     0
100
AcDbLine
 10
12.24178614929209
 20
47.90648442538859
 30
0.0
 11
12.06500945399546
 21
48.08326112068524
 31
0.0
  0
LINE
  5
4AE
330
3FB
100
AcDbEntity
  8
0
 62
     0
100
AcDbLine
 10
12.09036167878347
 20
47.70435550530395
 30
0.0
 11
12.06500945399546
 21
47.72970773009196
 31
0.0
  0
LINE
  5
4AF
330
3FB
100
AcDbEntity
  8
0
 62
     0
100
AcDbLine
 10
11.88823275869882
 20
47.90648442538859
 30
0.0
 11
11.71145606340219
 21
48.08326112068524
 31
0.0
  0
LINE
  5
4B0
330
3FB
100
AcDbEntity
  8
0
 62
     0
100
AcDbLine
 10
11.73680828819019
 20
47.70435550530395
 30
0.0
 11
11.71145606340219
 21
47.72970773009196
 31
0.0
  0
LINE
  5
4B1
330
3FB
100
AcDbEntity
  8
0
 62
     0
100
AcDbLine
 10
11.53467936810555
 20
47.90648442538859
 30
0.0
 11
11.35790267280891
 21
48.08326112068524
 31
0.0
  0
LINE
  5
4B2
330
3FB
100
AcDbEntity
  8
0
 62
     0
100
AcDbLine
 10
11.38325489759692
 20
47.70435550530395
 30
0.0
 11
11.35790267280891
 21
47.72970773009196
 31
0.0
  0
LINE
  5
4B3
330
3FB
100
AcDbEntity
  8
0
 62
     0
100
AcDbLine
 10
11.18112597751227
 20
47.90648442538859
 30
0.0
 11
11.00434928221564
 21
48.08326112068524
 31
0.0
  0
LINE
  5
4B4
330
3FB
100
AcDbEntity
  8
0
 62
     0
100
AcDbLine
 10
11.02970150700365
 20
47.70435550530395
 30
0.0
 11
11.00434928221564
 21
47.72970773009196
 31
0.0
  0
LINE
  5
4B5
330
3FB
100
AcDbEntity
  8
0
 62
     0
100
AcDbLine
 10
10.827572586919
 20
47.90648442538859
 30
0.0
 11
10.65079589162236
 21
48.08326112068524
 31
0.0
  0
LINE
  5
4B6
330
3FB
100
AcDbEntity
  8
0
 62
     0
100
AcDbLine
 10
10.67614811641037
 20
47.70435550530395
 30
0.0
 11
10.65079589162236
 21
47.72970773009196
 31
0.0
  0
LINE
  5
4B7
330
3FB
100
AcDbEntity
  8
0
 62
     0
100
AcDbLine
 10
10.47401919632573
 20
47.90648442538859
 30
0.0
 11
10.29724250102909
 21
48.08326112068524
 31
0.0
  0
LINE
  5
4B8
330
3FB
100
AcDbEntity
  8
0
 62
     0
100
AcDbLine
 10
10.3225947258171
 20
47.70435550530395
 30
0.0
 11
10.29724250102909
 21
47.72970773009196
 31
0.0
  0
LINE
  5
4B9
330
3FB
100
AcDbEntity
  8
0
 62
     0
100
AcDbLine
 10
10.12046580573245
 20
47.90648442538859
 30
0.0
 11
9.943689110435817
 21
48.08326112068524
 31
0.0
  0
LINE
  5
4BA
330
3FB
100
AcDbEntity
  8
0
 62
     0
100
AcDbLine
 10
9.969041335223826
 20
47.70435550530395
 30
0.0
 11
9.943689110435817
 21
47.72970773009196
 31
0.0
  0
LINE
  5
4BB
330
3FB
100
AcDbEntity
  8
0
 62
     0
100
AcDbLine
 10
15.62589558471621
 20
47.70435550530395
 30
0.0
 11
15.6005433599282
 21
47.72970773009196
 31
0.0
  0
LINE
  5
4BC
330
3FB
100
AcDbEntity
  8
0
 62
     0
100
AcDbLine
 10
15.42376666463156
 20
47.90648442538859
 30
0.0
 11
15.24698996933492
 21
48.08326112068524
 31
0.0
  0
LINE
  5
4BD
330
3FB
100
AcDbEntity
  8
0
 62
     0
100
AcDbLine
 10
15.97944897530948
 20
47.70435550530395
 30
0.0
 11
15.95409675052147
 21
47.72970773009196
 31
0.0
  0
LINE
  5
4BE
330
3FB
100
AcDbEntity
  8
0
 62
     0
100
AcDbLine
 10
15.77732005522483
 20
47.90648442538859
 30
0.0
 11
15.6005433599282
 21
48.08326112068524
 31
0.0
  0
LINE
  5
4BF
330
3FB
100
AcDbEntity
  8
0
 62
     0
100
AcDbLine
 10
16.33300236590275
 20
47.70435550530395
 30
0.0
 11
16.30765014111474
 21
47.72970773009196
 31
0.0
  0
LINE
  5
4C0
330
3FB
100
AcDbEntity
  8
0
 62
     0
100
AcDbLine
 10
16.13087344581811
 20
47.90648442538859
 30
0.0
 11
15.95409675052147
 21
48.08326112068524
 31
0.0
  0
LINE
  5
4C1
330
3FB
100
AcDbEntity
  8
0
 62
     0
100
AcDbLine
 10
16.68655575649603
 20
47.70435550530395
 30
0.0
 11
16.66120353170802
 21
47.72970773009196
 31
0.0
  0
LINE
  5
4C2
330
3FB
100
AcDbEntity
  8
0
 62
     0
100
AcDbLine
 10
16.48442683641138
 20
47.90648442538859
 30
0.0
 11
16.30765014111474
 21
48.08326112068524
 31
0.0
  0
LINE
  5
4C3
330
3FB
100
AcDbEntity
  8
0
 62
     0
100
AcDbLine
 10
17.0401091470893
 20
47.70435550530395
 30
0.0
 11
17.01475692230128
 21
47.72970773009197
 31
0.0
  0
LINE
  5
4C4
330
3FB
100
AcDbEntity
  8
0
 62
     0
100
AcDbLine
 10
16.83798022700464
 20
47.90648442538861
 30
0.0
 11
16.66120353170801
 21
48.08326112068525
 31
0.0
  0
LINE
  5
4C5
330
3FB
100
AcDbEntity
  8
0
 62
     0
100
AcDbLine
 10
17.39366253768257
 20
47.70435550530395
 30
0.0
 11
17.36831031289456
 21
47.72970773009196
 31
0.0
  0
LINE
  5
4C6
330
3FB
100
AcDbEntity
  8
0
 62
     0
100
AcDbLine
 10
17.19153361759793
 20
47.90648442538859
 30
0.0
 11
17.01475692230129
 21
48.08326112068524
 31
0.0
  0
LINE
  5
4C7
330
3FB
100
AcDbEntity
  8
0
 62
     0
100
AcDbLine
 10
17.74721592827585
 20
47.70435550530395
 30
0.0
 11
17.72186370348784
 21
47.72970773009196
 31
0.0
  0
LINE
  5
4C8
330
3FB
100
AcDbEntity
  8
0
 62
     0
100
AcDbLine
 10
17.5450870081912
 20
47.90648442538859
 30
0.0
 11
17.36831031289456
 21
48.08326112068524
 31
0.0
  0
LINE
  5
4C9
330
3FB
100
AcDbEntity
  8
0
 62
     0
100
AcDbLine
 10
18.10076931886912
 20
47.70435550530395
 30
0.0
 11
18.07541709408111
 21
47.72970773009196
 31
0.0
  0
LINE
  5
4CA
330
3FB
100
AcDbEntity
  8
0
 62
     0
100
AcDbLine
 10
17.89864039878447
 20
47.90648442538859
 30
0.0
 11
17.72186370348784
 21
48.08326112068524
 31
0.0
  0
LINE
  5
4CB
330
3FB
100
AcDbEntity
  8
0
 62
     0
100
AcDbLine
 10
18.4543227094624
 20
47.70435550530395
 30
0.0
 11
18.42897048467439
 21
47.72970773009196
 31
0.0
  0
LINE
  5
4CC
330
3FB
100
AcDbEntity
  8
0
 62
     0
100
AcDbLine
 10
18.25219378937775
 20
47.90648442538859
 30
0.0
 11
18.07541709408111
 21
48.08326112068524
 31
0.0
  0
LINE
  5
4CD
330
3FB
100
AcDbEntity
  8
0
 62
     0
100
AcDbLine
 10
18.80787610005567
 20
47.70435550530395
 30
0.0
 11
18.78252387526765
 21
47.72970773009197
 31
0.0
  0
LINE
  5
4CE
330
3FB
100
AcDbEntity
  8
0
 62
     0
100
AcDbLine
 10
18.60574717997101
 20
47.90648442538861
 30
0.0
 11
18.42897048467438
 21
48.08326112068525
 31
0.0
  0
LINE
  5
4CF
330
3FB
100
AcDbEntity
  8
0
 62
     0
100
AcDbLine
 10
19.16142949064894
 20
47.70435550530395
 30
0.0
 11
19.13607726586094
 21
47.72970773009196
 31
0.0
  0
LINE
  5
4D0
330
3FB
100
AcDbEntity
  8
0
 62
     0
100
AcDbLine
 10
18.9593005705643
 20
47.90648442538859
 30
0.0
 11
18.78252387526766
 21
48.08326112068524
 31
0.0
  0
LINE
  5
4D1
330
3FB
100
AcDbEntity
  8
0
 62
     0
100
AcDbLine
 10
19.51498288124222
 20
47.70435550530395
 30
0.0
 11
19.48963065645421
 21
47.72970773009196
 31
0.0
  0
LINE
  5
4D2
330
3FB
100
AcDbEntity
  8
0
 62
     0
100
AcDbLine
 10
19.31285396115757
 20
47.90648442538859
 30
0.0
 11
19.13607726586093
 21
48.08326112068524
 31
0.0
  0
LINE
  5
4D3
330
3FB
100
AcDbEntity
  8
0
 62
     0
100
AcDbLine
 10
19.86853627183549
 20
47.70435550530395
 30
0.0
 11
19.84318404704748
 21
47.72970773009196
 31
0.0
  0
LINE
  5
4D4
330
3FB
100
AcDbEntity
  8
0
 62
     0
100
AcDbLine
 10
19.66640735175084
 20
47.90648442538859
 30
0.0
 11
19.4896306564542
 21
48.08326112068524
 31
0.0
  0
LINE
  5
4D5
330
3FB
100
AcDbEntity
  8
0
 62
     0
100
AcDbLine
 10
20.22208966242877
 20
47.70435550530395
 30
0.0
 11
20.19673743764076
 21
47.72970773009196
 31
0.0
  0
LINE
  5
4D6
330
3FB
100
AcDbEntity
  8
0
 62
     0
100
AcDbLine
 10
20.01996074234412
 20
47.90648442538859
 30
0.0
 11
19.84318404704748
 21
48.08326112068524
 31
0.0
  0
LINE
  5
4D7
330
3FB
100
AcDbEntity
  8
0
 62
     0
100
AcDbLine
 10
20.37351413293739
 20
47.9064844253886
 30
0.0
 11
20.19673743764075
 21
48.08326112068524
 31
0.0
  0
LINE
  5
4D8
330
3FB
100
AcDbEntity
  8
0
 62
     0
100
AcDbLine
 10
15.05137132500214
 20
47.70435550530394
 30
0.0
 11
14.95972783947788
 21
47.7959989908282
 31
0.0
  0
LINE
  5
4D9
330
3FB
100
AcDbEntity
  8
0
 62
     0
100
AcDbLine
 10
14.78295114418124
 20
47.97277568612484
 30
0.0
 11
14.6061744488846
 21
48.14955238142148
 31
0.0
  0
LINE
  5
4DA
330
3FB
100
AcDbEntity
  8
0
 62
     0
100
AcDbLine
 10
14.69781793440886
 20
47.70435550530394
 30
0.0
 11
14.6061744488846
 21
47.7959989908282
 31
0.0
  0
LINE
  5
4DB
330
3FB
100
AcDbEntity
  8
0
 62
     0
100
AcDbLine
 10
14.42939775358797
 20
47.97277568612484
 30
0.0
 11
14.25262105829133
 21
48.14955238142148
 31
0.0
  0
LINE
  5
4DC
330
3FB
100
AcDbEntity
  8
0
 62
     0
100
AcDbLine
 10
14.34426454381559
 20
47.70435550530394
 30
0.0
 11
14.25262105829134
 21
47.79599899082819
 31
0.0
  0
LINE
  5
4DD
330
3FB
100
AcDbEntity
  8
0
 62
     0
100
AcDbLine
 10
14.0758443629947
 20
47.97277568612483
 30
0.0
 11
14.00486327108989
 21
48.04375677802965
 31
0.0
  0
LINE
  5
4DE
330
3FB
100
AcDbEntity
  8
0
 62
     0
100
AcDbLine
 10
14.00486327108989
 20
48.04375677802966
 30
0.0
 11
13.89906766769806
 21
48.14955238142148
 31
0.0
  0
LINE
  5
4DF
330
3FB
100
AcDbEntity
  8
0
 62
     0
100
AcDbLine
 10
13.99071115322231
 20
47.70435550530395
 30
0.0
 11
13.89906766769806
 21
47.7959989908282
 31
0.0
  0
LINE
  5
4E0
330
3FB
100
AcDbEntity
  8
0
 62
     0
100
AcDbLine
 10
13.72229097240143
 20
47.97277568612484
 30
0.0
 11
13.56679297062038
 21
48.12827368790588
 31
0.0
  0
LINE
  5
4E1
330
3FB
100
AcDbEntity
  8
0
 62
     0
100
AcDbLine
 10
13.56679297062038
 20
48.12827368790588
 30
0.0
 11
13.54551427710479
 21
48.14955238142148
 31
0.0
  0
LINE
  5
4E2
330
3FB
100
AcDbEntity
  8
0
 62
     0
100
AcDbLine
 10
13.63715776262904
 20
47.70435550530395
 30
0.0
 11
13.56679297062038
 21
47.77472029731261
 31
0.0
  0
LINE
  5
4E3
330
3FB
100
AcDbEntity
  8
0
 62
     0
100
AcDbLine
 10
13.56679297062038
 20
47.77472029731261
 30
0.0
 11
13.54551427710479
 21
47.79599899082819
 31
0.0
  0
LINE
  5
4E4
330
3FB
100
AcDbEntity
  8
0
 62
     0
100
AcDbLine
 10
13.36873758180816
 20
47.97277568612483
 30
0.0
 11
13.19196088651152
 21
48.14955238142147
 31
0.0
  0
LINE
  5
4E5
330
3FB
100
AcDbEntity
  8
0
 62
     0
100
AcDbLine
 10
13.28360437203577
 20
47.70435550530395
 30
0.0
 11
13.19196088651152
 21
47.7959989908282
 31
0.0
  0
LINE
  5
4E6
330
3FB
100
AcDbEntity
  8
0
 62
     0
100
AcDbLine
 10
13.01518419121488
 20
47.97277568612484
 30
0.0
 11
12.83840749591824
 21
48.14955238142148
 31
0.0
  0
LINE
  5
4E7
330
3FB
100
AcDbEntity
  8
0
 62
     0
100
AcDbLine
 10
12.93005098144249
 20
47.70435550530395
 30
0.0
 11
12.83840749591824
 21
47.7959989908282
 31
0.0
  0
LINE
  5
4E8
330
3FB
100
AcDbEntity
  8
0
 62
     0
100
AcDbLine
 10
12.66163080062161
 20
47.97277568612484
 30
0.0
 11
12.48485410532497
 21
48.14955238142148
 31
0.0
  0
LINE
  5
4E9
330
3FB
100
AcDbEntity
  8
0
 62
     0
100
AcDbLine
 10
12.57649759084922
 20
47.70435550530395
 30
0.0
 11
12.48485410532497
 21
47.7959989908282
 31
0.0
  0
LINE
  5
4EA
330
3FB
100
AcDbEntity
  8
0
 62
     0
100
AcDbLine
 10
12.30807741002833
 20
47.97277568612484
 30
0.0
 11
12.1313007147317
 21
48.14955238142148
 31
0.0
  0
LINE
  5
4EB
330
3FB
100
AcDbEntity
  8
0
 62
     0
100
AcDbLine
 10
12.22294420025594
 20
47.70435550530395
 30
0.0
 11
12.1313007147317
 21
47.7959989908282
 31
0.0
  0
LINE
  5
4EC
330
3FB
100
AcDbEntity
  8
0
 62
     0
100
AcDbLine
 10
11.95452401943506
 20
47.97277568612484
 30
0.0
 11
11.77774732413842
 21
48.14955238142148
 31
0.0
  0
LINE
  5
4ED
330
3FB
100
AcDbEntity
  8
0
 62
     0
100
AcDbLine
 10
11.86939080966267
 20
47.70435550530395
 30
0.0
 11
11.77774732413842
 21
47.7959989908282
 31
0.0
  0
LINE
  5
4EE
330
3FB
100
AcDbEntity
  8
0
 62
     0
100
AcDbLine
 10
11.60097062884179
 20
47.97277568612484
 30
0.0
 11
11.42419393354515
 21
48.14955238142148
 31
0.0
  0
LINE
  5
4EF
330
3FB
100
AcDbEntity
  8
0
 62
     0
100
AcDbLine
 10
11.5158374190694
 20
47.70435550530395
 30
0.0
 11
11.42419393354515
 21
47.7959989908282
 31
0.0
  0
LINE
  5
4F0
330
3FB
100
AcDbEntity
  8
0
 62
     0
100
AcDbLine
 10
11.24741723824851
 20
47.97277568612484
 30
0.0
 11
11.07064054295188
 21
48.14955238142148
 31
0.0
  0
LINE
  5
4F1
330
3FB
100
AcDbEntity
  8
0
 62
     0
100
AcDbLine
 10
11.16228402847612
 20
47.70435550530395
 30
0.0
 11
11.07064054295187
 21
47.7959989908282
 31
0.0
  0
LINE
  5
4F2
330
3FB
100
AcDbEntity
  8
0
 62
     0
100
AcDbLine
 10
10.89386384765524
 20
47.97277568612484
 30
0.0
 11
10.7170871523586
 21
48.14955238142148
 31
0.0
  0
LINE
  5
4F3
330
3FB
100
AcDbEntity
  8
0
 62
     0
100
AcDbLine
 10
10.80873063788285
 20
47.70435550530395
 30
0.0
 11
10.7170871523586
 21
47.7959989908282
 31
0.0
  0
LINE
  5
4F4
330
3FB
100
AcDbEntity
  8
0
 62
     0
100
AcDbLine
 10
10.54031045706196
 20
47.97277568612484
 30
0.0
 11
10.36353376176533
 21
48.14955238142148
 31
0.0
  0
LINE
  5
4F5
330
3FB
100
AcDbEntity
  8
0
 62
     0
100
AcDbLine
 10
10.45517724728957
 20
47.70435550530395
 30
0.0
 11
10.36353376176533
 21
47.7959989908282
 31
0.0
  0
LINE
  5
4F6
330
3FB
100
AcDbEntity
  8
0
 62
     0
100
AcDbLine
 10
10.18675706646869
 20
47.97277568612484
 30
0.0
 11
10.00998037117205
 21
48.14955238142148
 31
0.0
  0
LINE
  5
4F7
330
3FB
100
AcDbEntity
  8
0
 62
     0
100
AcDbLine
 10
10.1016238566963
 20
47.70435550530395
 30
0.0
 11
10.00998037117205
 21
47.7959989908282
 31
0.0
  0
LINE
  5
4F8
330
3FB
100
AcDbEntity
  8
0
 62
     0
100
AcDbLine
 10
15.40492471559541
 20
47.70435550530395
 30
0.0
 11
15.31328123007116
 21
47.7959989908282
 31
0.0
  0
LINE
  5
4F9
330
3FB
100
AcDbEntity
  8
0
 62
     0
100
AcDbLine
 10
15.13650453477453
 20
47.97277568612483
 30
0.0
 11
14.95972783947789
 21
48.14955238142147
 31
0.0
  0
LINE
  5
4FA
330
3FB
100
AcDbEntity
  8
0
 62
     0
100
AcDbLine
 10
15.75847810618868
 20
47.70435550530395
 30
0.0
 11
15.66683462066444
 21
47.7959989908282
 31
0.0
  0
LINE
  5
4FB
330
3FB
100
AcDbEntity
  8
0
 62
     0
100
AcDbLine
 10
15.4900579253678
 20
47.97277568612484
 30
0.0
 11
15.31328123007116
 21
48.14955238142148
 31
0.0
  0
LINE
  5
4FC
330
3FB
100
AcDbEntity
  8
0
 62
     0
100
AcDbLine
 10
16.11203149678196
 20
47.70435550530395
 30
0.0
 11
16.02038801125771
 21
47.7959989908282
 31
0.0
  0
LINE
  5
4FD
330
3FB
100
AcDbEntity
  8
0
 62
     0
100
AcDbLine
 10
15.84361131596107
 20
47.97277568612483
 30
0.0
 11
15.66683462066444
 21
48.14955238142147
 31
0.0
  0
LINE
  5
4FE
330
3FB
100
AcDbEntity
  8
0
 62
     0
100
AcDbLine
 10
16.46558488737523
 20
47.70435550530395
 30
0.0
 11
16.37394140185098
 21
47.7959989908282
 31
0.0
  0
LINE
  5
4FF
330
3FB
100
AcDbEntity
  8
0
 62
     0
100
AcDbLine
 10
16.19716470655435
 20
47.97277568612484
 30
0.0
 11
16.02038801125771
 21
48.14955238142148
 31
0.0
  0
LINE
  5
500
330
3FB
100
AcDbEntity
  8
0
 62
     0
100
AcDbLine
 10
16.8191382779685
 20
47.70435550530395
 30
0.0
 11
16.72749479244426
 21
47.7959989908282
 31
0.0
  0
LINE
  5
501
330
3FB
100
AcDbEntity
  8
0
 62
     0
100
AcDbLine
 10
16.55071809714762
 20
47.97277568612484
 30
0.0
 11
16.37394140185098
 21
48.14955238142148
 31
0.0
  0
LINE
  5
502
330
3FB
100
AcDbEntity
  8
0
 62
     0
100
AcDbLine
 10
17.17269166856178
 20
47.70435550530395
 30
0.0
 11
17.08104818303753
 21
47.7959989908282
 31
0.0
  0
LINE
  5
503
330
3FB
100
AcDbEntity
  8
0
 62
     0
100
AcDbLine
 10
16.90427148774089
 20
47.97277568612484
 30
0.0
 11
16.72749479244425
 21
48.14955238142148
 31
0.0
  0
LINE
  5
504
330
3FB
100
AcDbEntity
  8
0
 62
     0
100
AcDbLine
 10
17.52624505915505
 20
47.70435550530395
 30
0.0
 11
17.43460157363079
 21
47.7959989908282
 31
0.0
  0
LINE
  5
505
330
3FB
100
AcDbEntity
  8
0
 62
     0
100
AcDbLine
 10
17.25782487833416
 20
47.97277568612485
 30
0.0
 11
17.08104818303752
 21
48.14955238142148
 31
0.0
  0
LINE
  5
506
330
3FB
100
AcDbEntity
  8
0
 62
     0
100
AcDbLine
 10
17.87979844974833
 20
47.70435550530395
 30
0.0
 11
17.78815496422408
 21
47.7959989908282
 31
0.0
  0
LINE
  5
507
330
3FB
100
AcDbEntity
  8
0
 62
     0
100
AcDbLine
 10
17.61137826892744
 20
47.97277568612484
 30
0.0
 11
17.4346015736308
 21
48.14955238142148
 31
0.0
  0
LINE
  5
508
330
3FB
100
AcDbEntity
  8
0
 62
     0
100
AcDbLine
 10
18.2333518403416
 20
47.70435550530395
 30
0.0
 11
18.14170835481735
 21
47.7959989908282
 31
0.0
  0
LINE
  5
509
330
3FB
100
AcDbEntity
  8
0
 62
     0
100
AcDbLine
 10
17.96493165952071
 20
47.97277568612484
 30
0.0
 11
17.78815496422408
 21
48.14955238142148
 31
0.0
  0
LINE
  5
50A
330
3FB
100
AcDbEntity
  8
0
 62
     0
100
AcDbLine
 10
18.58690523093487
 20
47.70435550530395
 30
0.0
 11
18.49526174541063
 21
47.7959989908282
 31
0.0
  0
LINE
  5
50B
330
3FB
100
AcDbEntity
  8
0
 62
     0
100
AcDbLine
 10
18.31848505011399
 20
47.97277568612484
 30
0.0
 11
18.14170835481735
 21
48.14955238142148
 31
0.0
  0
LINE
  5
50C
330
3FB
100
AcDbEntity
  8
0
 62
     0
100
AcDbLine
 10
18.94045862152815
 20
47.70435550530395
 30
0.0
 11
18.8488151360039
 21
47.7959989908282
 31
0.0
  0
LINE
  5
50D
330
3FB
100
AcDbEntity
  8
0
 62
     0
100
AcDbLine
 10
18.67203844070726
 20
47.97277568612484
 30
0.0
 11
18.49526174541062
 21
48.14955238142148
 31
0.0
  0
LINE
  5
50E
330
3FB
100
AcDbEntity
  8
0
 62
     0
100
AcDbLine
 10
19.29401201212142
 20
47.70435550530395
 30
0.0
 11
19.20236852659716
 21
47.7959989908282
 31
0.0
  0
LINE
  5
50F
330
3FB
100
AcDbEntity
  8
0
 62
     0
100
AcDbLine
 10
19.02559183130053
 20
47.97277568612485
 30
0.0
 11
18.84881513600389
 21
48.14955238142148
 31
0.0
  0
LINE
  5
510
330
3FB
100
AcDbEntity
  8
0
 62
     0
100
AcDbLine
 10
19.64756540271469
 20
47.70435550530395
 30
0.0
 11
19.55592191719045
 21
47.7959989908282
 31
0.0
  0
LINE
  5
511
330
3FB
100
AcDbEntity
  8
0
 62
     0
100
AcDbLine
 10
19.37914522189381
 20
47.97277568612484
 30
0.0
 11
19.20236852659717
 21
48.14955238142148
 31
0.0
  0
LINE
  5
512
330
3FB
100
AcDbEntity
  8
0
 62
     0
100
AcDbLine
 10
20.00111879330797
 20
47.70435550530395
 30
0.0
 11
19.90947530778372
 21
47.7959989908282
 31
0.0
  0
LINE
  5
513
330
3FB
100
AcDbEntity
  8
0
 62
     0
100
AcDbLine
 10
19.73269861248708
 20
47.97277568612484
 30
0.0
 11
19.55592191719044
 21
48.14955238142148
 31
0.0
  0
LINE
  5
514
330
3FB
100
AcDbEntity
  8
0
 62
     0
100
AcDbLine
 10
20.35467218390124
 20
47.70435550530395
 30
0.0
 11
20.26302869837699
 21
47.7959989908282
 31
0.0
  0
LINE
  5
515
330
3FB
100
AcDbEntity
  8
0
 62
     0
100
AcDbLine
 10
20.08625200308036
 20
47.97277568612484
 30
0.0
 11
19.90947530778372
 21
48.14955238142148
 31
0.0
  0
LINE
  5
516
330
3FB
100
AcDbEntity
  8
0
 62
     0
100
AcDbLine
 10
20.40355557943385
 20
48.00902550036462
 30
0.0
 11
20.26302869837699
 21
48.14955238142148
 31
0.0
  0
LINE
  5
517
330
3FB
100
AcDbEntity
  8
0
 62
     0
100
AcDbLine
 10
15.18395384647461
 20
47.70435550530395
 30
0.0
 11
15.15355557943386
 21
47.7347537723447
 31
0.0
  0
LINE
  5
518
330
3FB
100
AcDbEntity
  8
0
 62
     0
100
AcDbLine
 10
15.15355557943385
 20
47.73475377234471
 30
0.0
 11
15.02601910021412
 21
47.86229025156444
 31
0.0
  0
LINE
  5
519
330
3FB
100
AcDbEntity
  8
0
 62
     0
100
AcDbLine
 10
14.84924240491748
 20
48.03906694686109
 30
0.0
 11
14.68395384647461
 21
48.20435550530395
 31
0.0
  0
LINE
  5
51A
330
3FB
100
AcDbEntity
  8
0
 62
     0
100
AcDbLine
 10
14.83040045588134
 20
47.70435550530394
 30
0.0
 11
14.67246570962084
 21
47.86229025156443
 31
0.0
  0
LINE
  5
51B
330
3FB
100
AcDbEntity
  8
0
 62
     0
100
AcDbLine
 10
14.4956890143242
 20
48.03906694686108
 30
0.0
 11
14.33040045588133
 21
48.20435550530394
 31
0.0
  0
LINE
  5
51C
330
3FB
100
AcDbEntity
  8
0
 62
     0
100
AcDbLine
 10
14.47684706528806
 20
47.70435550530394
 30
0.0
 11
14.31891231902757
 21
47.86229025156443
 31
0.0
  0
LINE
  5
51D
330
3FB
100
AcDbEntity
  8
0
 62
     0
100
AcDbLine
 10
14.14213562373093
 20
48.03906694686108
 30
0.0
 11
14.00486327108988
 21
48.17633929950212
 31
0.0
  0
LINE
  5
51E
330
3FB
100
AcDbEntity
  8
0
 62
     0
100
AcDbLine
 10
14.00486327108989
 20
48.17633929950213
 30
0.0
 11
13.97684706528806
 21
48.20435550530396
 31
0.0
  0
LINE
  5
51F
330
3FB
100
AcDbEntity
  8
0
 62
     0
100
AcDbLine
 10
14.12329367469479
 20
47.70435550530394
 30
0.0
 11
14.00486327108989
 21
47.82278590890885
 31
0.0
  0
LINE
  5
520
330
3FB
100
AcDbEntity
  8
0
 62
     0
100
AcDbLine
 10
14.00486327108989
 20
47.82278590890885
 30
0.0
 11
13.9653589284343
 21
47.86229025156443
 31
0.0
  0
LINE
  5
521
330
3FB
100
AcDbEntity
  8
0
 62
     0
100
AcDbLine
 10
13.78858223313766
 20
48.03906694686108
 30
0.0
 11
13.62329367469478
 21
48.20435550530396
 31
0.0
  0
LINE
  5
522
330
3FB
100
AcDbEntity
  8
0
 62
     0
100
AcDbLine
 10
13.76974028410151
 20
47.70435550530395
 30
0.0
 11
13.61180553784103
 21
47.86229025156443
 31
0.0
  0
LINE
  5
523
330
3FB
100
AcDbEntity
  8
0
 62
     0
100
AcDbLine
 10
13.43502884254439
 20
48.03906694686108
 30
0.0
 11
13.26974028410152
 21
48.20435550530394
 31
0.0
  0
LINE
  5
524
330
3FB
100
AcDbEntity
  8
0
 62
     0
100
AcDbLine
 10
13.41618689350824
 20
47.70435550530395
 30
0.0
 11
13.25825214724775
 21
47.86229025156443
 31
0.0
  0
LINE
  5
525
330
3FB
100
AcDbEntity
  8
0
 62
     0
100
AcDbLine
 10
13.08147545195112
 20
48.03906694686108
 30
0.0
 11
12.91618689350825
 21
48.20435550530394
 31
0.0
  0
LINE
  5
526
330
3FB
100
AcDbEntity
  8
0
 62
     0
100
AcDbLine
 10
13.06263350291497
 20
47.70435550530395
 30
0.0
 11
12.90469875665448
 21
47.86229025156443
 31
0.0
  0
LINE
  5
527
330
3FB
100
AcDbEntity
  8
0
 62
     0
100
AcDbLine
 10
12.72792206135785
 20
48.03906694686108
 30
0.0
 11
12.56263350291497
 21
48.20435550530394
 31
0.0
  0
LINE
  5
528
330
3FB
100
AcDbEntity
  8
0
 62
     0
100
AcDbLine
 10
12.7090801123217
 20
47.70435550530395
 30
0.0
 11
12.55114536606121
 21
47.86229025156443
 31
0.0
  0
LINE
  5
529
330
3FB
100
AcDbEntity
  8
0
 62
     0
100
AcDbLine
 10
12.37436867076457
 20
48.03906694686108
 30
0.0
 11
12.2090801123217
 21
48.20435550530394
 31
0.0
  0
LINE
  5
52A
330
3FB
100
AcDbEntity
  8
0
 62
     0
100
AcDbLine
 10
12.35552672172842
 20
47.70435550530395
 30
0.0
 11
12.19759197546794
 21
47.86229025156443
 31
0.0
  0
LINE
  5
52B
330
3FB
100
AcDbEntity
  8
0
 62
     0
100
AcDbLine
 10
12.0208152801713
 20
48.03906694686108
 30
0.0
 11
11.85552672172843
 21
48.20435550530394
 31
0.0
  0
LINE
  5
52C
330
3FB
100
AcDbEntity
  8
0
 62
     0
100
AcDbLine
 10
12.00197333113515
 20
47.70435550530395
 30
0.0
 11
11.84403858487466
 21
47.86229025156443
 31
0.0
  0
LINE
  5
52D
330
3FB
100
AcDbEntity
  8
0
 62
     0
100
AcDbLine
 10
11.66726188957802
 20
48.03906694686108
 30
0.0
 11
11.50197333113515
 21
48.20435550530394
 31
0.0
  0
LINE
  5
52E
330
3FB
100
AcDbEntity
  8
0
 62
     0
100
AcDbLine
 10
11.64841994054187
 20
47.70435550530395
 30
0.0
 11
11.49048519428139
 21
47.86229025156443
 31
0.0
  0
LINE
  5
52F
330
3FB
100
AcDbEntity
  8
0
 62
     0
100
AcDbLine
 10
11.31370849898475
 20
48.03906694686108
 30
0.0
 11
11.14841994054188
 21
48.20435550530394
 31
0.0
  0
LINE
  5
530
330
3FB
100
AcDbEntity
  8
0
 62
     0
100
AcDbLine
 10
11.2948665499486
 20
47.70435550530395
 30
0.0
 11
11.13693180368811
 21
47.86229025156443
 31
0.0
  0
LINE
  5
531
330
3FB
100
AcDbEntity
  8
0
 62
     0
100
AcDbLine
 10
10.96015510839148
 20
48.03906694686108
 30
0.0
 11
10.79486654994861
 21
48.20435550530394
 31
0.0
  0
LINE
  5
532
330
3FB
100
AcDbEntity
  8
0
 62
     0
100
AcDbLine
 10
10.94131315935533
 20
47.70435550530395
 30
0.0
 11
10.78337841309484
 21
47.86229025156443
 31
0.0
  0
LINE
  5
533
330
3FB
100
AcDbEntity
  8
0
 62
     0
100
AcDbLine
 10
10.6066017177982
 20
48.03906694686108
 30
0.0
 11
10.44131315935533
 21
48.20435550530394
 31
0.0
  0
LINE
  5
534
330
3FB
100
AcDbEntity
  8
0
 62
     0
100
AcDbLine
 10
10.58775976876205
 20
47.70435550530395
 30
0.0
 11
10.42982502250157
 21
47.86229025156443
 31
0.0
  0
LINE
  5
535
330
3FB
100
AcDbEntity
  8
0
 62
     0
100
AcDbLine
 10
10.25304832720493
 20
48.03906694686108
 30
0.0
 11
10.08775976876206
 21
48.20435550530394
 31
0.0
  0
LINE
  5
536
330
3FB
100
AcDbEntity
  8
0
 62
     0
100
AcDbLine
 10
10.23420637816878
 20
47.70435550530395
 30
0.0
 11
10.07627163190829
 21
47.86229025156443
 31
0.0
  0
LINE
  5
537
330
3FB
100
AcDbEntity
  8
0
 62
     0
100
AcDbLine
 10
15.53750723706789
 20
47.70435550530395
 30
0.0
 11
15.3795724908074
 21
47.86229025156443
 31
0.0
  0
LINE
  5
538
330
3FB
100
AcDbEntity
  8
0
 62
     0
100
AcDbLine
 10
15.20279579551076
 20
48.03906694686108
 30
0.0
 11
15.15355557943386
 21
48.08830716293797
 31
0.0
  0
LINE
  5
539
330
3FB
100
AcDbEntity
  8
0
 62
     0
100
AcDbLine
 10
15.15355557943385
 20
48.08830716293797
 30
0.0
 11
15.03750723706789
 21
48.20435550530394
 31
0.0
  0
LINE
  5
53A
330
3FB
100
AcDbEntity
  8
0
 62
     0
100
AcDbLine
 10
15.89106062766116
 20
47.70435550530395
 30
0.0
 11
15.73312588140067
 21
47.86229025156443
 31
0.0
  0
LINE
  5
53B
330
3FB
100
AcDbEntity
  8
0
 62
     0
100
AcDbLine
 10
15.55634918610404
 20
48.03906694686108
 30
0.0
 11
15.39106062766117
 21
48.20435550530394
 31
0.0
  0
LINE
  5
53C
330
3FB
100
AcDbEntity
  8
0
 62
     0
100
AcDbLine
 10
16.24461401825444
 20
47.70435550530395
 30
0.0
 11
16.08667927199395
 21
47.86229025156443
 31
0.0
  0
LINE
  5
53D
330
3FB
100
AcDbEntity
  8
0
 62
     0
100
AcDbLine
 10
15.90990257669731
 20
48.03906694686108
 30
0.0
 11
15.83288486591101
 21
48.11608465764738
 31
0.0
  0
LINE
  5
53E
330
3FB
100
AcDbEntity
  8
0
 62
     0
100
AcDbLine
 10
15.83288486591101
 20
48.11608465764738
 30
0.0
 11
15.74461401825444
 21
48.20435550530395
 31
0.0
  0
LINE
  5
53F
330
3FB
100
AcDbEntity
  8
0
 62
     0
100
AcDbLine
 10
16.59816740884771
 20
47.70435550530395
 30
0.0
 11
16.44023266258722
 21
47.86229025156443
 31
0.0
  0
LINE
  5
540
330
3FB
100
AcDbEntity
  8
0
 62
     0
100
AcDbLine
 10
16.26345596729058
 20
48.03906694686108
 30
0.0
 11
16.09816740884771
 21
48.20435550530394
 31
0.0
  0
LINE
  5
541
330
3FB
100
AcDbEntity
  8
0
 62
     0
100
AcDbLine
 10
16.95172079944098
 20
47.70435550530395
 30
0.0
 11
16.79378605318049
 21
47.86229025156443
 31
0.0
  0
LINE
  5
542
330
3FB
100
AcDbEntity
  8
0
 62
     0
100
AcDbLine
 10
16.61700935788386
 20
48.03906694686108
 30
0.0
 11
16.45172079944099
 21
48.20435550530394
 31
0.0
  0
LINE
  5
543
330
3FB
100
AcDbEntity
  8
0
 62
     0
100
AcDbLine
 10
17.30527419003426
 20
47.70435550530395
 30
0.0
 11
17.14733944377377
 21
47.86229025156443
 31
0.0
  0
LINE
  5
544
330
3FB
100
AcDbEntity
  8
0
 62
     0
100
AcDbLine
 10
16.97056274847713
 20
48.03906694686108
 30
0.0
 11
16.80527419003426
 21
48.20435550530394
 31
0.0
  0
LINE
  5
545
330
3FB
100
AcDbEntity
  8
0
 62
     0
100
AcDbLine
 10
17.65882758062753
 20
47.70435550530395
 30
0.0
 11
17.50089283436704
 21
47.86229025156443
 31
0.0
  0
LINE
  5
546
330
3FB
100
AcDbEntity
  8
0
 62
     0
100
AcDbLine
 10
17.3241161390704
 20
48.03906694686108
 30
0.0
 11
17.15882758062753
 21
48.20435550530394
 31
0.0
  0
LINE
  5
547
330
3FB
100
AcDbEntity
  8
0
 62
     0
100
AcDbLine
 10
18.0123809712208
 20
47.70435550530395
 30
0.0
 11
17.85444622496031
 21
47.86229025156444
 31
0.0
  0
LINE
  5
548
330
3FB
100
AcDbEntity
  8
0
 62
     0
100
AcDbLine
 10
17.67766952966367
 20
48.03906694686109
 30
0.0
 11
17.51238097122081
 21
48.20435550530394
 31
0.0
  0
LINE
  5
549
330
3FB
100
AcDbEntity
  8
0
 62
     0
100
AcDbLine
 10
18.36593436181408
 20
47.70435550530395
 30
0.0
 11
18.20799961555359
 21
47.86229025156443
 31
0.0
  0
LINE
  5
54A
330
3FB
100
AcDbEntity
  8
0
 62
     0
100
AcDbLine
 10
18.03122292025695
 20
48.03906694686108
 30
0.0
 11
17.86593436181408
 21
48.20435550530394
 31
0.0
  0
LINE
  5
54B
330
3FB
100
AcDbEntity
  8
0
 62
     0
100
AcDbLine
 10
18.71948775613264
 20
47.70435550530395
 30
0.0
 11
18.56155300614686
 21
47.86229025156443
 31
0.0
  0
LINE
  5
54C
330
3FB
100
AcDbEntity
  8
0
 62
     0
100
AcDbLine
 10
18.38477631085023
 20
48.03906694686108
 30
0.0
 11
18.21948775240736
 21
48.20435550530394
 31
0.0
  0
LINE
  5
54D
330
3FB
100
AcDbEntity
  8
0
 62
     0
100
AcDbLine
 10
19.07304114300062
 20
47.70435550530395
 30
0.0
 11
18.91510639674014
 21
47.86229025156443
 31
0.0
  0
LINE
  5
54E
330
3FB
100
AcDbEntity
  8
0
 62
     0
100
AcDbLine
 10
18.7383297014435
 20
48.03906694686108
 30
0.0
 11
18.57304114300063
 21
48.20435550530394
 31
0.0
  0
LINE
  5
54F
330
3FB
100
AcDbEntity
  8
0
 62
     0
100
AcDbLine
 10
19.4265945335939
 20
47.70435550530395
 30
0.0
 11
19.26865978733341
 21
47.86229025156443
 31
0.0
  0
LINE
  5
550
330
3FB
100
AcDbEntity
  8
0
 62
     0
100
AcDbLine
 10
19.09188309203677
 20
48.03906694686108
 30
0.0
 11
18.9265945335939
 21
48.20435550530394
 31
0.0
  0
LINE
  5
551
330
3FB
100
AcDbEntity
  8
0
 62
     0
100
AcDbLine
 10
19.78014792418717
 20
47.70435550530395
 30
0.0
 11
19.62221317792668
 21
47.86229025156444
 31
0.0
  0
LINE
  5
552
330
3FB
100
AcDbEntity
  8
0
 62
     0
100
AcDbLine
 10
19.44543648263004
 20
48.03906694686109
 30
0.0
 11
19.28014792418718
 21
48.20435550530394
 31
0.0
  0
LINE
  5
553
330
3FB
100
AcDbEntity
  8
0
 62
     0
100
AcDbLine
 10
20.13370131478045
 20
47.70435550530395
 30
0.0
 11
19.97576656851996
 21
47.86229025156443
 31
0.0
  0
LINE
  5
554
330
3FB
100
AcDbEntity
  8
0
 62
     0
100
AcDbLine
 10
19.79898987322332
 20
48.03906694686108
 30
0.0
 11
19.63370131478045
 21
48.20435550530394
 31
0.0
  0
LINE
  5
555
330
3FB
100
AcDbEntity
  8
0
 62
     0
100
AcDbLine
 10
20.40355557943385
 20
47.78805463124382
 30
0.0
 11
20.32931995911323
 21
47.86229025156444
 31
0.0
  0
LINE
  5
556
330
3FB
100
AcDbEntity
  8
0
 62
     0
100
AcDbLine
 10
20.15254326381659
 20
48.03906694686109
 30
0.0
 11
19.98725470537372
 21
48.20435550530395
 31
0.0
  0
LINE
  5
557
330
3FB
100
AcDbEntity
  8
0
 62
     0
100
AcDbLine
 10
20.40355557943385
 20
48.1416080218371
 30
0.0
 11
20.34080809596701
 21
48.20435550530394
 31
0.0
  0
ENDBLK
  5
558
330
3FB
100
AcDbEntity
  8
0
100
AcDbBlockEnd
  0
BLOCK
  5
55A
330
559
100
AcDbEntity
  8
0
100
AcDbBlockBegin
  2
*D10
 70
     1
 10
0.0
 20
0.0
 30
0.0
  3
*D10
  1

  0
LINE
  5
55B
330
559
100
AcDbEntity
  8
DIM
 62
     8
440
 16777216
370
    -2
100
AcDbLine
 10
198093.7980321372
 20
-16469.50655791211
 30
0.0
 11
195574.0402872018
 21
-16469.50655791211
 31
0.0
  0
LINE
  5
55C
330
559
100
AcDbEntity
  8
DIM
 62
     8
440
 16777216
370
    -2
100
AcDbLine
 10
198093.7980321372
 20
-18219.76610893
 30
0.0
 11
195574.0402872018
 21
-18219.76610893
 31
0.0
  0
LINE
  5
55D
330
559
100
AcDbEntity
  8
DIM
 62
     8
440
 16777216
370
    -2
100
AcDbLine
 10
195724.0402872018
 20
-16844.50655791211
 30
0.0
 11
195724.0402872018
 21
-17844.76610893
 31
0.0
  0
INSERT
  5
55E
330
559
100
AcDbEntity
  8
DIM
 62
     8
440
 16777216
370
    -2
100
AcDbBlockReference
  2
DIM1
 10
195724.0402872018
 20
-16469.50655791211
 30
0.0
 41
375.0
 42
375.0
 43
375.0
 50
90.0
  0
INSERT
  5
55F
330
559
100
AcDbEntity
  8
DIM
 62
     8
440
 16777216
370
    -2
100
AcDbBlockReference
  2
DIM1
 10
195724.0402872018
 20
-18219.76610893
 30
0.0
 41
375.0
 42
375.0
 43
375.0
 50
270.0
  0
MTEXT
  5
560
330
559
100
AcDbEntity
  8
DIM
 62
     3
440
 16777216
100
AcDbMText
 10
195386.5402872018
 20
-17344.6363334211
 30
0.0
 40
375.0
 41
0.0
 46
0.0
 71
     5
 72
     1
  1
\A1;D
  7
ROMANS
 11
0.0000000000000001
 21
1.0
 31
0.0
 73
     1
 44
1.0
  0
POINT
  5
561
330
559
100
AcDbEntity
  8
Defpoints
 62
     0
440
 16777216
100
AcDbPoint
 10
198243.7980321372
 20
-16469.50655791211
 30
0.0
  0
POINT
  5
562
330
559
100
AcDbEntity
  8
Defpoints
 62
     0
440
 16777216
100
AcDbPoint
 10
198243.7980321372
 20
-18219.76610893
 30
0.0
  0
POINT
  5
563
330
559
100
AcDbEntity
  8
Defpoints
 62
     0
440
 16777216
100
AcDbPoint
 10
195724.0402872018
 20
-18219.76610893
 30
0.0
  0
ENDBLK
  5
564
330
559
100
AcDbEntity
  8
0
100
AcDbBlockEnd
  0
BLOCK
  5
566
330
565
100
AcDbEntity
  8
0
100
AcDbBlockBegin
  2
*D11
 70
     1
 10
0.0
 20
0.0
 30
0.0
  3
*D11
  1

  0
LINE
  5
567
330
565
100
AcDbEntity
  8
DIM
 62
     8
440
 16777216
370
    -2
100
AcDbLine
 10
282985.1269703759
 20
-537.9142466670892
 30
0.0
 11
282985.1269703759
 21
54.58242306936881
 31
0.0
  0
LINE
  5
568
330
565
100
AcDbEntity
  8
DIM
 62
     8
440
 16777216
370
    -2
100
AcDbLine
 10
281834.4296299666
 20
-537.9142466670892
 30
0.0
 11
281834.4296299666
 21
54.58242306936881
 31
0.0
  0
LINE
  5
569
330
565
100
AcDbEntity
  8
DIM
 62
     8
440
 16777216
370
    -2
100
AcDbLine
 10
282610.1269703759
 20
-95.41757693063118
 30
0.0
 11
282209.4296299666
 21
-95.41757693063118
 31
0.0
  0
INSERT
  5
56A
330
565
100
AcDbEntity
  8
DIM
 62
     8
440
 16777216
370
    -2
100
AcDbBlockReference
  2
DIM1
 10
282985.1269703759
 20
-95.41757693063118
 30
0.0
 41
375.0
 42
375.0
 43
375.0
  0
INSERT
  5
56B
330
565
100
AcDbEntity
  8
DIM
 62
     8
440
 16777216
370
    -2
100
AcDbBlockReference
  2
DIM1
 10
281834.4296299666
 20
-95.41757693063118
 30
0.0
 41
375.0
 42
375.0
 43
375.0
 50
180.0
  0
MTEXT
  5
56C
330
565
100
AcDbEntity
  8
DIM
 62
     3
440
 16777216
100
AcDbMText
 10
282409.7783001713
 20
554.5824230693688
 30
0.0
 40
375.0
 41
0.0
 46
0.0
 71
     5
 72
     1
  1
\A1;WALLS LESS THAN\P200 mm THK.
  7
ROMANS
 73
     1
 44
1.0
  0
POINT
  5
56D
330
565
100
AcDbEntity
  8
Defpoints
 62
     0
440
 16777216
100
AcDbPoint
 10
282985.1269703759
 20
-687.9142466670892
 30
0.0
  0
POINT
  5
56E
330
565
100
AcDbEntity
  8
Defpoints
 62
     0
440
 16777216
100
AcDbPoint
 10
281834.4296299666
 20
-687.9142466670892
 30
0.0
  0
POINT
  5
56F
330
565
100
AcDbEntity
  8
Defpoints
 62
     0
440
 16777216
100
AcDbPoint
 10
281834.4296299666
 20
-95.41757693063118
 30
0.0
  0
ENDBLK
  5
570
330
565
100
AcDbEntity
  8
0
100
AcDbBlockEnd
  0
BLOCK
  5
572
330
571
100
AcDbEntity
  8
0
100
AcDbBlockBegin
  2
*D12
 70
     1
 10
0.0
 20
0.0
 30
0.0
  3
*D12
  1

  0
LINE
  5
573
330
571
100
AcDbEntity
  8
DIM
 62
     8
440
 16777216
370
    -2
100
AcDbLine
 10
239857.6168933685
 20
1059.481451507978
 30
0.0
 11
238294.3875461226
 21
1059.481451507978
 31
0.0
  0
LINE
  5
574
330
571
100
AcDbEntity
  8
DIM
 62
     8
440
 16777216
370
    -2
100
AcDbLine
 10
241709.9509751603
 20
484.1327813031095
 30
0.0
 11
238294.3875461226
 21
484.132781303109
 31
0.0
  0
LINE
  5
575
330
571
100
AcDbEntity
  8
DIM
 62
     8
440
 16777216
370
    -2
100
AcDbLine
 10
238444.3875461226
 20
1434.481451507978
 30
0.0
 11
238444.3875461226
 21
1809.481451507978
 31
0.0
  0
LINE
  5
576
330
571
100
AcDbEntity
  8
DIM
 62
     8
440
 16777216
370
    -2
100
AcDbLine
 10
238444.3875461226
 20
109.1327813031089
 30
0.0
 11
238444.3875461226
 21
-265.8672186968912
 31
0.0
  0
INSERT
  5
577
330
571
100
AcDbEntity
  8
DIM
 62
     8
440
 16777216
370
    -2
100
AcDbBlockReference
  2
DIM1
 10
238444.3875461226
 20
1059.481451507978
 30
0.0
 41
375.0
 42
375.0
 43
375.0
 50
270.0
  0
INSERT
  5
578
330
571
100
AcDbEntity
  8
DIM
 62
     8
440
 16777216
370
    -2
100
AcDbBlockReference
  2
DIM1
 10
238444.3875461226
 20
484.132781303109
 30
0.0
 41
375.0
 42
375.0
 43
375.0
 50
90.0
  0
MTEXT
  5
579
330
571
100
AcDbEntity
  8
DIM
 62
     3
440
 16777216
100
AcDbMText
 10
238008.6732604083
 20
771.8071164054759
 30
0.0
 40
375.0
 41
0.0
 46
0.0
 71
     5
 72
     1
  1
\A1;t/2
  7
ROMANS
 11
0.0000000000000001
 21
1.0
 31
0.0
 73
     1
 44
1.0
  0
POINT
  5
57A
330
571
100
AcDbEntity
  8
Defpoints
 62
     0
440
 16777216
100
AcDbPoint
 10
240007.6168933685
 20
1059.481451507978
 30
0.0
  0
POINT
  5
57B
330
571
100
AcDbEntity
  8
Defpoints
 62
     0
440
 16777216
100
AcDbPoint
 10
241859.9509751603
 20
484.1327813031096
 30
0.0
  0
POINT
  5
57C
330
571
100
AcDbEntity
  8
Defpoints
 62
     0
440
 16777216
100
AcDbPoint
 10
238444.3875461226
 20
484.132781303109
 30
0.0
  0
ENDBLK
  5
57D
330
571
100
AcDbEntity
  8
0
100
AcDbBlockEnd
  0
BLOCK
  5
57F
330
57E
100
AcDbEntity
  8
0
100
AcDbBlockBegin
  2
*D13
 70
     1
 10
0.0
 20
0.0
 30
0.0
  3
*D13
  1

  0
LINE
  5
580
330
57E
100
AcDbEntity
  8
DIM
 62
     8
440
 16777216
370
    -2
100
AcDbLine
 10
239857.6168933685
 20
-91.21588890152638
 30
0.0
 11
239420.7442052262
 21
-91.21588890152645
 31
0.0
  0
LINE
  5
581
330
57E
100
AcDbEntity
  8
DIM
 62
     8
440
 16777216
370
    -2
100
AcDbLine
 10
241709.9509751603
 20
484.1327813031095
 30
0.0
 11
239420.7442052262
 21
484.1327813031091
 31
0.0
  0
LINE
  5
582
330
57E
100
AcDbEntity
  8
DIM
 62
     8
440
 16777216
370
    -2
100
AcDbLine
 10
239570.7442052263
 20
-466.2158889015265
 30
0.0
 11
239570.7442052263
 21
-841.2158889015266
 31
0.0
  0
LINE
  5
583
330
57E
100
AcDbEntity
  8
DIM
 62
     8
440
 16777216
370
    -2
100
AcDbLine
 10
239570.7442052263
 20
859.1327813031094
 30
0.0
 11
239570.7442052263
 21
1234.132781303109
 31
0.0
  0
INSERT
  5
584
330
57E
100
AcDbEntity
  8
DIM
 62
     8
440
 16777216
370
    -2
100
AcDbBlockReference
  2
DIM1
 10
239570.7442052263
 20
-91.21588890152644
 30
0.0
 41
375.0
 42
375.0
 43
375.0
 50
90.0
  0
INSERT
  5
585
330
57E
100
AcDbEntity
  8
DIM
 62
     8
440
 16777216
370
    -2
100
AcDbBlockReference
  2
DIM1
 10
239570.7442052263
 20
484.1327813031091
 30
0.0
 41
375.0
 42
375.0
 43
375.0
 50
270.0
  0
MTEXT
  5
586
330
57E
100
AcDbEntity
  8
DIM
 62
     3
440
 16777216
100
AcDbMText
 10
239135.0299195119
 20
196.4584462007235
 30
0.0
 40
375.0
 41
0.0
 46
0.0
 71
     5
 72
     1
  1
\A1;t/2
  7
ROMANS
 11
0.0000000000000001
 21
1.0
 31
0.0
 73
     1
 44
1.0
  0
POINT
  5
587
330
57E
100
AcDbEntity
  8
Defpoints
 62
     0
440
 16777216
100
AcDbPoint
 10
240007.6168933685
 20
-91.21588890152636
 30
0.0
  0
POINT
  5
588
330
57E
100
AcDbEntity
  8
Defpoints
 62
     0
440
 16777216
100
AcDbPoint
 10
241859.9509751603
 20
484.1327813031096
 30
0.0
  0
POINT
  5
589
330
57E
100
AcDbEntity
  8
Defpoints
 62
     0
440
 16777216
100
AcDbPoint
 10
239570.7442052263
 20
484.1327813031091
 30
0.0
  0
ENDBLK
  5
58A
330
57E
100
AcDbEntity
  8
0
100
AcDbBlockEnd
  0
BLOCK
  5
58C
330
58B
100
AcDbEntity
  8
0
100
AcDbBlockBegin
  2
*D14
 70
     1
 10
0.0
 20
0.0
 30
0.0
  3
*D14
  1

  0
LINE
  5
58D
330
58B
100
AcDbEntity
  8
DIM
 62
     8
440
 16777216
370
    -2
100
AcDbLine
 10
244514.5148099721
 20
1209.481451507978
 30
0.0
 11
244514.5148099721
 21
1807.494896583812
 31
0.0
  0
LINE
  5
58E
330
58B
100
AcDbEntity
  8
DIM
 62
     8
440
 16777216
370
    -2
100
AcDbLine
 10
244802.1891450743
 20
1209.481451507978
 30
0.0
 11
244802.1891450743
 21
1807.494896583812
 31
0.0
  0
LINE
  5
58F
330
58B
100
AcDbEntity
  8
DIM
 62
     8
440
 16777216
370
    -2
100
AcDbLine
 10
244139.5148099722
 20
1657.494896583812
 30
0.0
 11
243764.5148099722
 21
1657.494896583812
 31
0.0
  0
LINE
  5
590
330
58B
100
AcDbEntity
  8
DIM
 62
     8
440
 16777216
370
    -2
100
AcDbLine
 10
245177.1891450742
 20
1657.494896583812
 30
0.0
 11
245552.1891450743
 21
1657.494896583812
 31
0.0
  0
INSERT
  5
591
330
58B
100
AcDbEntity
  8
DIM
 62
     8
440
 16777216
370
    -2
100
AcDbBlockReference
  2
DIM1
 10
244514.5148099721
 20
1657.494896583812
 30
0.0
 41
375.0
 42
375.0
 43
375.0
  0
INSERT
  5
592
330
58B
100
AcDbEntity
  8
DIM
 62
     8
440
 16777216
370
    -2
100
AcDbBlockReference
  2
DIM1
 10
244802.1891450743
 20
1657.494896583812
 30
0.0
 41
375.0
 42
375.0
 43
375.0
 50
180.0
  0
MTEXT
  5
593
330
58B
100
AcDbEntity
  8
DIM
 62
     3
440
 16777216
100
AcDbMText
 10
244658.3519775232
 20
1994.994896583812
 30
0.0
 40
375.0
 41
0.0
 46
0.0
 71
     5
 72
     1
  1
\A1;25
  7
ROMANS
 73
     1
 44
1.0
  0
POINT
  5
594
330
58B
100
AcDbEntity
  8
Defpoints
 62
     0
440
 16777216
100
AcDbPoint
 10
244514.5148099721
 20
1059.481451507978
 30
0.0
  0
POINT
  5
595
330
58B
100
AcDbEntity
  8
Defpoints
 62
     0
440
 16777216
100
AcDbPoint
 10
244802.1891450743
 20
1059.481451507978
 30
0.0
  0
POINT
  5
596
330
58B
100
AcDbEntity
  8
Defpoints
 62
     0
440
 16777216
100
AcDbPoint
 10
244802.1891450743
 20
1657.494896583812
 30
0.0
  0
ENDBLK
  5
597
330
58B
100
AcDbEntity
  8
0
100
AcDbBlockEnd
  0
BLOCK
  5
599
330
598
100
AcDbEntity
  8
0
100
AcDbBlockBegin
  2
*D15
 70
     1
 10
0.0
 20
0.0
 30
0.0
  3
*D15
  1

  0
LINE
  5
59A
330
598
100
AcDbEntity
  8
DIM
 62
     8
440
 16777216
370
    -2
100
AcDbLine
 10
249746.7613967803
 20
1059.481451507978
 30
0.0
 11
250623.6390099541
 21
1059.481451507978
 31
0.0
  0
LINE
  5
59B
330
598
100
AcDbEntity
  8
DIM
 62
     8
440
 16777216
370
    -2
100
AcDbLine
 10
249746.7613967803
 20
-91.21588890152635
 30
0.0
 11
250623.6390099541
 21
-91.2158889015262
 31
0.0
  0
LINE
  5
59C
330
598
100
AcDbEntity
  8
DIM
 62
     8
440
 16777216
370
    -2
100
AcDbLine
 10
250473.6390099541
 20
684.4814515079783
 30
0.0
 11
250473.6390099541
 21
283.7841110984738
 31
0.0
  0
INSERT
  5
59D
330
598
100
AcDbEntity
  8
DIM
 62
     8
440
 16777216
370
    -2
100
AcDbBlockReference
  2
DIM1
 10
250473.6390099541
 20
1059.481451507978
 30
0.0
 41
375.0
 42
375.0
 43
375.0
 50
90.0
  0
INSERT
  5
59E
330
598
100
AcDbEntity
  8
DIM
 62
     8
440
 16777216
370
    -2
100
AcDbBlockReference
  2
DIM1
 10
250473.6390099541
 20
-91.21588890152622
 30
0.0
 41
375.0
 42
375.0
 43
375.0
 50
270.0
  0
MTEXT
  5
59F
330
598
100
AcDbEntity
  8
DIM
 62
     3
440
 16777216
100
AcDbMText
 10
250136.1390099541
 20
484.1327813031551
 30
0.0
 40
375.0
 41
0.0
 46
0.0
 71
     5
 72
     1
  1
\A1;t
  7
ROMANS
 11
0.0000000000000001
 21
1.0
 31
0.0
 73
     1
 44
1.0
  0
POINT
  5
5A0
330
598
100
AcDbEntity
  8
Defpoints
 62
     0
440
 16777216
100
AcDbPoint
 10
249596.7613967803
 20
1059.481451507978
 30
0.0
  0
POINT
  5
5A1
330
598
100
AcDbEntity
  8
Defpoints
 62
     0
440
 16777216
100
AcDbPoint
 10
249596.7613967803
 20
-91.21588890152636
 30
0.0
  0
POINT
  5
5A2
330
598
100
AcDbEntity
  8
Defpoints
 62
     0
440
 16777216
100
AcDbPoint
 10
250473.6390099541
 20
-91.21588890152622
 30
0.0
  0
ENDBLK
  5
5A3
330
598
100
AcDbEntity
  8
0
100
AcDbBlockEnd
  0
BLOCK
  5
5A5
330
5A4
100
AcDbEntity
  8
0
100
AcDbBlockBegin
  2
*D16
 70
     1
 10
0.0
 20
0.0
 30
0.0
  3
*D16
  1

  0
LINE
  5
5A6
330
5A4
100
AcDbEntity
  8
DIM
 62
     8
440
 16777216
370
    -2
100
AcDbLine
 10
197076.6443395606
 20
142.3986925935315
 30
0.0
 11
194544.6672905959
 21
142.3986925935311
 31
0.0
  0
LINE
  5
5A7
330
5A4
100
AcDbEntity
  8
DIM
 62
     8
440
 16777216
370
    -2
100
AcDbLine
 10
197076.6443395606
 20
-2254.887433259429
 30
0.0
 11
194544.6672905959
 21
-2254.887433259429
 31
0.0
  0
LINE
  5
5A8
330
5A4
100
AcDbEntity
  8
DIM
 62
     8
440
 16777216
370
    -2
100
AcDbLine
 10
194694.6672905959
 20
-232.601307406469
 30
0.0
 11
194694.6672905959
 21
-1879.887433259429
 31
0.0
  0
MTEXT
  5
5A9
330
5A4
100
AcDbEntity
  8
DIM
 62
     3
440
 16777216
100
AcDbMText
 10
194694.6672905912
 20
-1056.244370332948
 30
0.0
 40
375.0
 41
0.0
 46
0.0
 71
     5
 72
     1
  1
\A1;LAT. TIES\PJT. REINF.
  7
ROMANS
 11
0.0000000000000001
 21
1.0
 31
0.0
 73
     1
 44
1.0
  0
INSERT
  5
5AA
330
5A4
100
AcDbEntity
  8
DIM
 62
     8
440
 16777216
370
    -2
100
AcDbBlockReference
  2
DIM1
 10
194694.6672905959
 20
142.3986925935311
 30
0.0
 41
375.0
 42
375.0
 43
375.0
 50
90.0
  0
INSERT
  5
5AB
330
5A4
100
AcDbEntity
  8
DIM
 62
     8
440
 16777216
370
    -2
100
AcDbBlockReference
  2
DIM1
 10
194694.6672905959
 20
-2254.887433259429
 30
0.0
 41
375.0
 42
375.0
 43
375.0
 50
270.0
  0
POINT
  5
5AC
330
5A4
100
AcDbEntity
  8
Defpoints
 62
     0
440
 16777216
100
AcDbPoint
 10
197226.6443395606
 20
142.3986925935315
 30
0.0
  0
POINT
  5
5AD
330
5A4
100
AcDbEntity
  8
Defpoints
 62
     0
440
 16777216
100
AcDbPoint
 10
197226.6443395606
 20
-2254.887433259429
 30
0.0
  0
POINT
  5
5AE
330
5A4
100
AcDbEntity
  8
Defpoints
 62
     0
440
 16777216
100
AcDbPoint
 10
194694.6672905959
 20
-2254.887433259429
 30
0.0
  0
ENDBLK
  5
5AF
330
5A4
100
AcDbEntity
  8
0
100
AcDbBlockEnd
  0
BLOCK
  5
5B1
330
5B0
100
AcDbEntity
  8
0
100
AcDbBlockBegin
  2
*D17
 70
     1
 10
0.0
 20
0.0
 30
0.0
  3
*D17
  1

  0
LINE
  5
5B2
330
5B0
100
AcDbEntity
  8
DIM
 62
     8
440
 16777216
370
    -2
100
AcDbLine
 10
197076.6443395606
 20
-2254.887433259429
 30
0.0
 11
195832.0134245525
 21
-2254.887433259429
 31
0.0
  0
LINE
  5
5B3
330
5B0
100
AcDbEntity
  8
DIM
 62
     8
440
 16777216
370
    -2
100
AcDbLine
 10
195982.0134245525
 20
-2629.887433259429
 30
0.0
 11
195982.0134245525
 21
-6144.322569494285
 31
0.0
  0
INSERT
  5
5B4
330
5B0
100
AcDbEntity
  8
DIM
 62
     8
440
 16777216
370
    -2
100
AcDbBlockReference
  2
DIM1
 10
195982.0134245525
 20
-2254.887433259429
 30
0.0
 41
375.0
 42
375.0
 43
375.0
 50
90.0
  0
INSERT
  5
5B5
330
5B0
100
AcDbEntity
  8
DIM
 62
     8
440
 16777216
370
    -2
100
AcDbBlockReference
  2
DIM1
 10
195982.0134245525
 20
-6519.322569494285
 30
0.0
 41
375.0
 42
375.0
 43
375.0
 50
270.0
  0
MTEXT
  5
5B6
330
5B0
100
AcDbEntity
  8
DIM
 62
     3
440
 16777216
100
AcDbMText
 10
195644.5134245525
 20
-4387.105001376911
 30
0.0
 40
375.0
 41
0.0
 46
0.0
 71
     5
 72
     1
  1
\A1;CONF. REINF. TIES
  7
ROMANS
 11
0.0000000000000001
 21
1.0
 31
0.0
 73
     1
 44
1.0
  0
POINT
  5
5B7
330
5B0
100
AcDbEntity
  8
Defpoints
 62
     0
440
 16777216
100
AcDbPoint
 10
197226.6443395606
 20
-2254.887433259429
 30
0.0
  0
POINT
  5
5B8
330
5B0
100
AcDbEntity
  8
Defpoints
 62
     0
440
 16777216
100
AcDbPoint
 10
195982.0134245526
 20
-6519.322569494285
 30
0.0
  0
POINT
  5
5B9
330
5B0
100
AcDbEntity
  8
Defpoints
 62
     0
440
 16777216
100
AcDbPoint
 10
195982.0134245525
 20
-6519.322569494285
 30
0.0
  0
ENDBLK
  5
5BA
330
5B0
100
AcDbEntity
  8
0
100
AcDbBlockEnd
  0
BLOCK
  5
5BC
330
5BB
100
AcDbEntity
  8
0
100
AcDbBlockBegin
  2
*D18
 70
     1
 10
0.0
 20
0.0
 30
0.0
  3
*D18
  1

  0
LINE
  5
5BD
330
5BB
100
AcDbEntity
  8
DIM
 62
     8
440
 16777216
370
    -2
100
AcDbLine
 10
197076.6443395606
 20
142.3986925935315
 30
0.0
 11
195832.0134245577
 21
142.3986925935313
 31
0.0
  0
LINE
  5
5BE
330
5BB
100
AcDbEntity
  8
DIM
 62
     8
440
 16777216
370
    -2
100
AcDbLine
 10
197316.3729521461
 20
4169.327983568744
 30
0.0
 11
195832.0134245577
 21
4169.327983568744
 31
0.0
  0
LINE
  5
5BF
330
5BB
100
AcDbEntity
  8
DIM
 62
     8
440
 16777216
370
    -2
100
AcDbLine
 10
195982.0134245577
 20
-232.6013074064688
 30
0.0
 11
195982.0134245577
 21
-607.6013074064688
 31
0.0
  0
LINE
  5
5C0
330
5BB
100
AcDbEntity
  8
DIM
 62
     8
440
 16777216
370
    -2
100
AcDbLine
 10
195982.0134245577
 20
4544.327983568744
 30
0.0
 11
195982.0134245577
 21
4919.327983568745
 31
0.0
  0
MTEXT
  5
5C1
330
5BB
100
AcDbEntity
  8
DIM
 62
     3
440
 16777216
100
AcDbMText
 10
195978.2073955177
 20
2497.195044480701
 30
0.0
 40
375.0
 41
0.0
 46
0.0
 71
     5
 72
     1
  1
\A1;WITHIN CENTER\PHALF OF "H"
  7
ROMANS
 11
0.0000000000000001
 21
1.0
 31
0.0
 73
     1
 44
1.0
  0
INSERT
  5
5C2
330
5BB
100
AcDbEntity
  8
DIM
 62
     8
440
 16777216
370
    -2
100
AcDbBlockReference
  2
DIM1
 10
195982.0134245577
 20
142.3986925935313
 30
0.0
 41
375.0
 42
375.0
 43
375.0
 50
90.0
  0
INSERT
  5
5C3
330
5BB
100
AcDbEntity
  8
DIM
 62
     8
440
 16777216
370
    -2
100
AcDbBlockReference
  2
DIM1
 10
195982.0134245577
 20
4169.327983568744
 30
0.0
 41
375.0
 42
375.0
 43
375.0
 50
270.0
  0
POINT
  5
5C4
330
5BB
100
AcDbEntity
  8
Defpoints
 62
     0
440
 16777216
100
AcDbPoint
 10
197226.6443395606
 20
142.3986925935315
 30
0.0
  0
POINT
  5
5C5
330
5BB
100
AcDbEntity
  8
Defpoints
 62
     0
440
 16777216
100
AcDbPoint
 10
197466.3729521461
 20
4169.327983568744
 30
0.0
  0
POINT
  5
5C6
330
5BB
100
AcDbEntity
  8
Defpoints
 62
     0
440
 16777216
100
AcDbPoint
 10
195982.0134245577
 20
4169.327983568744
 30
0.0
  0
ENDBLK
  5
5C7
330
5BB
100
AcDbEntity
  8
0
100
AcDbBlockEnd
  0
BLOCK
  5
5C9
330
5C8
100
AcDbEntity
  8
0
100
AcDbBlockBegin
  2
*D19
 70
     1
 10
0.0
 20
0.0
 30
0.0
  3
*D19
  1

  0
LINE
  5
5CA
330
5C8
100
AcDbEntity
  8
DIM
 62
     8
440
 16777216
370
    -2
100
AcDbLine
 10
197076.6443395606
 20
142.3986925935315
 30
0.0
 11
194544.6672905912
 21
142.3986925935311
 31
0.0
  0
LINE
  5
5CB
330
5C8
100
AcDbEntity
  8
DIM
 62
     8
440
 16777216
370
    -2
100
AcDbLine
 10
194980.3815763053
 20
6599.059002987665
 30
0.0
 11
194544.6672905912
 21
6599.059002987664
 31
0.0
  0
LINE
  5
5CC
330
5C8
100
AcDbEntity
  8
DIM
 62
     8
440
 16777216
370
    -2
100
AcDbLine
 10
194694.6672905912
 20
517.398692593531
 30
0.0
 11
194694.6672905912
 21
6224.059002987665
 31
0.0
  0
INSERT
  5
5CD
330
5C8
100
AcDbEntity
  8
DIM
 62
     8
440
 16777216
370
    -2
100
AcDbBlockReference
  2
DIM1
 10
194694.6672905912
 20
142.3986925935311
 30
0.0
 41
375.0
 42
375.0
 43
375.0
 50
270.0
  0
INSERT
  5
5CE
330
5C8
100
AcDbEntity
  8
DIM
 62
     8
440
 16777216
370
    -2
100
AcDbBlockReference
  2
DIM1
 10
194694.6672905912
 20
6599.059002987665
 30
0.0
 41
375.0
 42
375.0
 43
375.0
 50
90.0
  0
MTEXT
  5
5CF
330
5C8
100
AcDbEntity
  8
DIM
 62
     3
440
 16777216
100
AcDbMText
 10
194258.9530048769
 20
4260.242388336191
 30
0.0
 40
375.0
 41
0.0
 46
0.0
 71
     5
 72
     1
  1
\A1;H (CLEAR HEIGHT OF COL.)
  7
ROMANS
 11
0.0000000000000001
 21
1.0
 31
0.0
 73
     1
 44
1.0
  0
POINT
  5
5D0
330
5C8
100
AcDbEntity
  8
Defpoints
 62
     0
440
 16777216
100
AcDbPoint
 10
197226.6443395606
 20
142.3986925935315
 30
0.0
  0
POINT
  5
5D1
330
5C8
100
AcDbEntity
  8
Defpoints
 62
     0
440
 16777216
100
AcDbPoint
 10
195130.3815763053
 20
6599.059002987665
 30
0.0
  0
POINT
  5
5D2
330
5C8
100
AcDbEntity
  8
Defpoints
 62
     0
440
 16777216
100
AcDbPoint
 10
194694.6672905912
 20
6599.059002987665
 30
0.0
  0
ENDBLK
  5
5D3
330
5C8
100
AcDbEntity
  8
0
100
AcDbBlockEnd
  0
BLOCK
  5
5D5
330
5D4
100
AcDbEntity
  8
0
100
AcDbBlockBegin
  2
*D20
 70
     1
 10
0.0
 20
0.0
 30
0.0
  3
*D20
  1

  0
LINE
  5
5D6
330
5D4
100
AcDbEntity
  8
DIM
 62
     8
440
 16777216
370
    -2
100
AcDbLine
 10
224440.6926527606
 20
-16319.5065579121
 30
0.0
 11
224440.6926527606
 21
-15144.69783219171
 31
0.0
  0
LINE
  5
5D7
330
5D4
100
AcDbEntity
  8
DIM
 62
     8
440
 16777216
370
    -2
100
AcDbLine
 10
225607.5323534394
 20
-16319.5065579121
 30
0.0
 11
225607.5323534394
 21
-15144.69783219171
 31
0.0
  0
LINE
  5
5D8
330
5D4
100
AcDbEntity
  8
DIM
 62
     8
440
 16777216
370
    -2
100
AcDbLine
 10
224815.6926527606
 20
-15294.69783219171
 30
0.0
 11
225232.5323534394
 21
-15294.69783219171
 31
0.0
  0
INSERT
  5
5D9
330
5D4
100
AcDbEntity
  8
DIM
 62
     8
440
 16777216
370
    -2
100
AcDbBlockReference
  2
DIM1
 10
224440.6926527606
 20
-15294.69783219171
 30
0.0
 41
375.0
 42
375.0
 43
375.0
 50
180.0
  0
INSERT
  5
5DA
330
5D4
100
AcDbEntity
  8
DIM
 62
     8
440
 16777216
370
    -2
100
AcDbBlockReference
  2
DIM1
 10
225607.5323534394
 20
-15294.69783219171
 30
0.0
 41
375.0
 42
375.0
 43
375.0
  0
MTEXT
  5
5DB
330
5D4
100
AcDbEntity
  8
DIM
 62
     3
440
 16777216
100
AcDbMText
 10
225024.1125031
 20
-14957.19783219171
 30
0.0
 40
375.0
 41
0.0
 46
0.0
 71
     5
 72
     1
  1
\A1;B
  7
ROMANS
 73
     1
 44
1.0
  0
POINT
  5
5DC
330
5D4
100
AcDbEntity
  8
Defpoints
 62
     0
440
 16777216
100
AcDbPoint
 10
224440.6926527606
 20
-16469.5065579121
 30
0.0
  0
POINT
  5
5DD
330
5D4
100
AcDbEntity
  8
Defpoints
 62
     0
440
 16777216
100
AcDbPoint
 10
225607.5323534394
 20
-16469.5065579121
 30
0.0
  0
POINT
  5
5DE
330
5D4
100
AcDbEntity
  8
Defpoints
 62
     0
440
 16777216
100
AcDbPoint
 10
225607.5323534394
 20
-15294.69783219171
 30
0.0
  0
ENDBLK
  5
5DF
330
5D4
100
AcDbEntity
  8
0
100
AcDbBlockEnd
  0
BLOCK
  5
5E1
330
5E0
100
AcDbEntity
  8
0
100
AcDbBlockBegin
  2
*D21
 70
     1
 10
0.0
 20
0.0
 30
0.0
  3
*D21
  1

  0
LINE
  5
5E2
330
5E0
100
AcDbEntity
  8
DIM
 62
     8
440
 16777216
370
    -2
100
AcDbLine
 10
198243.7980321371
 20
-19536.60580960847
 30
0.0
 11
198243.7980321371
 21
-23827.9614009315
 31
0.0
  0
LINE
  5
5E3
330
5E0
100
AcDbEntity
  8
DIM
 62
     8
440
 16777216
370
    -2
100
AcDbLine
 10
212245.8744402793
 20
-19536.60580960847
 30
0.0
 11
212245.8744402793
 21
-23827.9614009315
 31
0.0
  0
LINE
  5
5E4
330
5E0
100
AcDbEntity
  8
DIM
 62
     8
440
 16777216
370
    -2
100
AcDbLine
 10
198618.7980321371
 20
-23677.9614009315
 30
0.0
 11
211870.8744402793
 21
-23677.9614009315
 31
0.0
  0
INSERT
  5
5E5
330
5E0
100
AcDbEntity
  8
DIM
 62
     8
440
 16777216
370
    -2
100
AcDbBlockReference
  2
DIM1
 10
198243.7980321371
 20
-23677.9614009315
 30
0.0
 41
375.0
 42
375.0
 43
375.0
 50
180.0
  0
INSERT
  5
5E6
330
5E0
100
AcDbEntity
  8
DIM
 62
     8
440
 16777216
370
    -2
100
AcDbBlockReference
  2
DIM1
 10
212245.8744402793
 20
-23677.9614009315
 30
0.0
 41
375.0
 42
375.0
 43
375.0
  0
MTEXT
  5
5E7
330
5E0
100
AcDbEntity
  8
DIM
 62
     3
440
 16777216
100
AcDbMText
 10
205244.8362362082
 20
-23340.4614009315
 30
0.0
 40
375.0
 41
0.0
 46
0.0
 71
     5
 72
     1
  1
\A1;L
  7
ROMANS
 73
     1
 44
1.0
  0
POINT
  5
5E8
330
5E0
100
AcDbEntity
  8
Defpoints
 62
     0
440
 16777216
100
AcDbPoint
 10
198243.7980321371
 20
-19386.60580960847
 30
0.0
  0
POINT
  5
5E9
330
5E0
100
AcDbEntity
  8
Defpoints
 62
     0
440
 16777216
100
AcDbPoint
 10
212245.8744402793
 20
-19386.60580960847
 30
0.0
  0
POINT
  5
5EA
330
5E0
100
AcDbEntity
  8
Defpoints
 62
     0
440
 16777216
100
AcDbPoint
 10
212245.8744402793
 20
-23677.9614009315
 30
0.0
  0
ENDBLK
  5
5EB
330
5E0
100
AcDbEntity
  8
0
100
AcDbBlockEnd
  0
BLOCK
  5
5ED
330
5EC
100
AcDbEntity
  8
0
100
AcDbBlockBegin
  2
*D22
 70
     1
 10
0.0
 20
0.0
 30
0.0
  3
*D22
  1

  0
LINE
  5
5EE
330
5EC
100
AcDbEntity
  8
DIM
 62
     8
440
 16777216
370
    -2
100
AcDbLine
 10
198243.7980321371
 20
-19536.60580960847
 30
0.0
 11
198243.7980321371
 21
-22624.37506938865
 31
0.0
  0
LINE
  5
5EF
330
5EC
100
AcDbEntity
  8
DIM
 62
     8
440
 16777216
370
    -2
100
AcDbLine
 10
201744.3171341727
 20
-18369.76610892999
 30
0.0
 11
201744.3171341727
 21
-22624.37506938865
 31
0.0
  0
LINE
  5
5F0
330
5EC
100
AcDbEntity
  8
DIM
 62
     8
440
 16777216
370
    -2
100
AcDbLine
 10
198618.7980321371
 20
-22474.37506938866
 30
0.0
 11
201369.3171341726
 21
-22474.37506938866
 31
0.0
  0
INSERT
  5
5F1
330
5EC
100
AcDbEntity
  8
DIM
 62
     8
440
 16777216
370
    -2
100
AcDbBlockReference
  2
DIM1
 10
198243.7980321371
 20
-22474.37506938866
 30
0.0
 41
375.0
 42
375.0
 43
375.0
 50
180.0
  0
INSERT
  5
5F2
330
5EC
100
AcDbEntity
  8
DIM
 62
     8
440
 16777216
370
    -2
100
AcDbBlockReference
  2
DIM1
 10
201744.3171341727
 20
-22474.37506938866
 30
0.0
 41
375.0
 42
375.0
 43
375.0
  0
MTEXT
  5
5F3
330
5EC
100
AcDbEntity
  8
DIM
 62
     3
440
 16777216
100
AcDbMText
 10
199994.0575831549
 20
-22038.66078367437
 30
0.0
 40
375.0
 41
0.0
 46
0.0
 71
     5
 72
     1
  1
\A1;L/4
  7
ROMANS
 73
     1
 44
1.0
  0
POINT
  5
5F4
330
5EC
100
AcDbEntity
  8
Defpoints
 62
     0
440
 16777216
100
AcDbPoint
 10
198243.7980321371
 20
-19386.60580960847
 30
0.0
  0
POINT
  5
5F5
330
5EC
100
AcDbEntity
  8
Defpoints
 62
     0
440
 16777216
100
AcDbPoint
 10
201744.3171341727
 20
-18219.76610892999
 30
0.0
  0
POINT
  5
5F6
330
5EC
100
AcDbEntity
  8
Defpoints
 62
     0
440
 16777216
100
AcDbPoint
 10
201744.3171341727
 20
-22474.37506938866
 30
0.0
  0
ENDBLK
  5
5F7
330
5EC
100
AcDbEntity
  8
0
100
AcDbBlockEnd
  0
BLOCK
  5
5F9
330
5F8
100
AcDbEntity
  8
0
100
AcDbBlockBegin
  2
*D23
 70
     1
 10
0.0
 20
0.0
 30
0.0
  3
*D23
  1

  0
LINE
  5
5FA
330
5F8
100
AcDbEntity
  8
DIM
 62
     8
440
 16777216
370
    -2
100
AcDbLine
 10
201744.3171341727
 20
-18369.76610892988
 30
0.0
 11
201744.3171341727
 21
-22624.37506938865
 31
0.0
  0
LINE
  5
5FB
330
5F8
100
AcDbEntity
  8
DIM
 62
     8
440
 16777216
370
    -2
100
AcDbLine
 10
208745.3553382442
 20
-18369.76610892988
 30
0.0
 11
208745.3553382442
 21
-22624.37506938865
 31
0.0
  0
LINE
  5
5FC
330
5F8
100
AcDbEntity
  8
DIM
 62
     8
440
 16777216
370
    -2
100
AcDbLine
 10
202119.3171341727
 20
-22474.37506938866
 30
0.0
 11
208370.3553382442
 21
-22474.37506938866
 31
0.0
  0
MTEXT
  5
5FD
330
5F8
100
AcDbEntity
  8
DIM
 62
     3
440
 16777216
100
AcDbMText
 10
205121.4085804871
 20
-22477.4888467633
 30
0.0
 40
375.0
 41
0.0
 46
0.0
 71
     5
 72
     1
  1
\A1;L/2\PLIMIT LOCATION OF PIPE SLEEVE
  7
ROMANS
 73
     1
 44
1.0
  0
INSERT
  5
5FE
330
5F8
100
AcDbEntity
  8
DIM
 62
     8
440
 16777216
370
    -2
100
AcDbBlockReference
  2
DIM1
 10
201744.3171341727
 20
-22474.37506938866
 30
0.0
 41
375.0
 42
375.0
 43
375.0
 50
180.0
  0
INSERT
  5
5FF
330
5F8
100
AcDbEntity
  8
DIM
 62
     8
440
 16777216
370
    -2
100
AcDbBlockReference
  2
DIM1
 10
208745.3553382442
 20
-22474.37506938866
 30
0.0
 41
375.0
 42
375.0
 43
375.0
  0
POINT
  5
600
330
5F8
100
AcDbEntity
  8
Defpoints
 62
     0
440
 16777216
100
AcDbPoint
 10
201744.3171341727
 20
-18219.76610892988
 30
0.0
  0
POINT
  5
601
330
5F8
100
AcDbEntity
  8
Defpoints
 62
     0
440
 16777216
100
AcDbPoint
 10
208745.3553382442
 20
-18219.76610892988
 30
0.0
  0
POINT
  5
602
330
5F8
100
AcDbEntity
  8
Defpoints
 62
     0
440
 16777216
100
AcDbPoint
 10
208745.3553382442
 20
-22474.37506938866
 30
0.0
  0
ENDBLK
  5
603
330
5F8
100
AcDbEntity
  8
0
100
AcDbBlockEnd
  0
BLOCK
  5
605
330
604
100
AcDbEntity
  8
0
100
AcDbBlockBegin
  2
*D24
 70
     1
 10
0.0
 20
0.0
 30
0.0
  3
*D24
  1

  0
LINE
  5
606
330
604
100
AcDbEntity
  8
DIM
 62
     8
440
 16777216
370
    -2
100
AcDbLine
 10
212245.8744402793
 20
-19536.60580960847
 30
0.0
 11
212245.8744402793
 21
-22624.37506938865
 31
0.0
  0
LINE
  5
607
330
604
100
AcDbEntity
  8
DIM
 62
     8
440
 16777216
370
    -2
100
AcDbLine
 10
208745.3553382442
 20
-18369.76610892999
 30
0.0
 11
208745.3553382442
 21
-22624.37506938865
 31
0.0
  0
LINE
  5
608
330
604
100
AcDbEntity
  8
DIM
 62
     8
440
 16777216
370
    -2
100
AcDbLine
 10
211870.8744402793
 20
-22474.37506938866
 30
0.0
 11
209120.3553382443
 21
-22474.37506938866
 31
0.0
  0
INSERT
  5
609
330
604
100
AcDbEntity
  8
DIM
 62
     8
440
 16777216
370
    -2
100
AcDbBlockReference
  2
DIM1
 10
212245.8744402793
 20
-22474.37506938866
 30
0.0
 41
375.0
 42
375.0
 43
375.0
  0
INSERT
  5
60A
330
604
100
AcDbEntity
  8
DIM
 62
     8
440
 16777216
370
    -2
100
AcDbBlockReference
  2
DIM1
 10
208745.3553382442
 20
-22474.37506938866
 30
0.0
 41
375.0
 42
375.0
 43
375.0
 50
180.0
  0
MTEXT
  5
60B
330
604
100
AcDbEntity
  8
DIM
 62
     3
440
 16777216
100
AcDbMText
 10
210495.6148892618
 20
-22038.66078367437
 30
0.0
 40
375.0
 41
0.0
 46
0.0
 71
     5
 72
     1
  1
\A1;L/4
  7
ROMANS
 73
     1
 44
1.0
  0
POINT
  5
60C
330
604
100
AcDbEntity
  8
Defpoints
 62
     0
440
 16777216
100
AcDbPoint
 10
212245.8744402793
 20
-19386.60580960847
 30
0.0
  0
POINT
  5
60D
330
604
100
AcDbEntity
  8
Defpoints
 62
     0
440
 16777216
100
AcDbPoint
 10
208745.3553382442
 20
-18219.76610892999
 30
0.0
  0
POINT
  5
60E
330
604
100
AcDbEntity
  8
Defpoints
 62
     0
440
 16777216
100
AcDbPoint
 10
208745.3553382442
 20
-22474.37506938866
 30
0.0
  0
ENDBLK
  5
60F
330
604
100
AcDbEntity
  8
0
100
AcDbBlockEnd
  0
BLOCK
  5
611
330
610
100
AcDbEntity
  8
0
100
AcDbBlockBegin
  2
*D25
 70
     1
 10
0.0
 20
0.0
 30
0.0
  3
*D25
  1

  0
LINE
  5
612
330
610
100
AcDbEntity
  8
DIM
 62
     8
440
 16777216
370
    -2
100
AcDbLine
 10
203319.5507300873
 20
-17997.83595433854
 30
0.0
 11
203319.5507300873
 21
-21728.75733404432
 31
0.0
  0
LINE
  5
613
330
610
100
AcDbEntity
  8
DIM
 62
     8
440
 16777216
370
    -2
100
AcDbLine
 10
207170.1217423217
 20
-17997.83595433854
 30
0.0
 11
207170.1217423217
 21
-21728.75733404432
 31
0.0
  0
LINE
  5
614
330
610
100
AcDbEntity
  8
DIM
 62
     8
440
 16777216
370
    -2
100
AcDbLine
 10
203694.5507300873
 20
-21578.75733404432
 30
0.0
 11
206795.1217423217
 21
-21578.75733404432
 31
0.0
  0
INSERT
  5
615
330
610
100
AcDbEntity
  8
DIM
 62
     8
440
 16777216
370
    -2
100
AcDbBlockReference
  2
DIM1
 10
203319.5507300873
 20
-21578.75733404432
 30
0.0
 41
375.0
 42
375.0
 43
375.0
 50
180.0
  0
INSERT
  5
616
330
610
100
AcDbEntity
  8
DIM
 62
     8
440
 16777216
370
    -2
100
AcDbBlockReference
  2
DIM1
 10
207170.1217423217
 20
-21578.75733404432
 30
0.0
 41
375.0
 42
375.0
 43
375.0
  0
MTEXT
  5
617
330
610
100
AcDbEntity
  8
DIM
 62
     3
440
 16777216
100
AcDbMText
 10
205244.8362362045
 20
-21143.04304833003
 30
0.0
 40
375.0
 41
0.0
 46
0.0
 71
     5
 72
     1
  1
\A1;4d (MIN.)
  7
ROMANS
 73
     1
 44
1.0
  0
POINT
  5
618
330
610
100
AcDbEntity
  8
Defpoints
 62
     0
440
 16777216
100
AcDbPoint
 10
203319.5507300873
 20
-17847.83595433854
 30
0.0
  0
POINT
  5
619
330
610
100
AcDbEntity
  8
Defpoints
 62
     0
440
 16777216
100
AcDbPoint
 10
207170.1217423217
 20
-17847.83595433854
 30
0.0
  0
POINT
  5
61A
330
610
100
AcDbEntity
  8
Defpoints
 62
     0
440
 16777216
100
AcDbPoint
 10
207170.1217423217
 20
-21578.75733404432
 30
0.0
  0
ENDBLK
  5
61B
330
610
100
AcDbEntity
  8
0
100
AcDbBlockEnd
  0
BLOCK
  5
61D
330
61C
100
AcDbEntity
  8
0
100
AcDbBlockBegin
  2
*D26
 70
     1
 10
0.0
 20
0.0
 30
0.0
  3
*D26
  1

  0
LINE
  5
61E
330
61C
100
AcDbEntity
  8
DIM
 62
     8
440
 16777216
370
    -2
100
AcDbLine
 10
198243.7980321371
 20
-15152.6668572335
 30
0.0
 11
198243.7980321371
 21
-14635.37819622794
 31
0.0
  0
LINE
  5
61F
330
61C
100
AcDbEntity
  8
DIM
 62
     8
440
 16777216
370
    -2
100
AcDbLine
 10
201144.8050215417
 20
-16479.94701675616
 30
0.0
 11
201144.8050215417
 21
-14635.37819622794
 31
0.0
  0
LINE
  5
620
330
61C
100
AcDbEntity
  8
DIM
 62
     8
440
 16777216
370
    -2
100
AcDbLine
 10
198618.7980321371
 20
-14785.37819622794
 30
0.0
 11
200769.8050215417
 21
-14785.37819622794
 31
0.0
  0
INSERT
  5
621
330
61C
100
AcDbEntity
  8
DIM
 62
     8
440
 16777216
370
    -2
100
AcDbBlockReference
  2
DIM1
 10
198243.7980321371
 20
-14785.37819622794
 30
0.0
 41
375.0
 42
375.0
 43
375.0
 50
180.0
  0
INSERT
  5
622
330
61C
100
AcDbEntity
  8
DIM
 62
     8
440
 16777216
370
    -2
100
AcDbBlockReference
  2
DIM1
 10
201144.8050215417
 20
-14785.37819622794
 30
0.0
 41
375.0
 42
375.0
 43
375.0
  0
MTEXT
  5
623
330
61C
100
AcDbEntity
  8
DIM
 62
     3
440
 16777216
100
AcDbMText
 10
199694.3015268394
 20
-14447.87819622795
 30
0.0
 40
375.0
 41
0.0
 46
0.0
 71
     5
 72
     1
  1
\A1;2D
  7
ROMANS
 73
     1
 44
1.0
  0
POINT
  5
624
330
61C
100
AcDbEntity
  8
Defpoints
 62
     0
440
 16777216
100
AcDbPoint
 10
198243.7980321371
 20
-15302.6668572335
 30
0.0
  0
POINT
  5
625
330
61C
100
AcDbEntity
  8
Defpoints
 62
     0
440
 16777216
100
AcDbPoint
 10
201144.8050215417
 20
-16629.94701675617
 30
0.0
  0
POINT
  5
626
330
61C
100
AcDbEntity
  8
Defpoints
 62
     0
440
 16777216
100
AcDbPoint
 10
201144.8050215417
 20
-14785.37819622794
 30
0.0
  0
ENDBLK
  5
627
330
61C
100
AcDbEntity
  8
0
100
AcDbBlockEnd
  0
BLOCK
  5
629
330
628
100
AcDbEntity
  8
0
100
AcDbBlockBegin
  2
*D27
 70
     1
 10
0.0
 20
0.0
 30
0.0
  3
*D27
  1

  0
LINE
  5
62A
330
628
100
AcDbEntity
  8
DIM
 62
     8
440
 16777216
370
    -2
100
AcDbLine
 10
212245.8744402793
 20
-15152.6668572335
 30
0.0
 11
212245.8744402793
 21
-14635.37819622794
 31
0.0
  0
LINE
  5
62B
330
628
100
AcDbEntity
  8
DIM
 62
     8
440
 16777216
370
    -2
100
AcDbLine
 10
209344.8674508753
 20
-16479.94701675616
 30
0.0
 11
209344.8674508753
 21
-14635.37819622794
 31
0.0
  0
LINE
  5
62C
330
628
100
AcDbEntity
  8
DIM
 62
     8
440
 16777216
370
    -2
100
AcDbLine
 10
211870.8744402793
 20
-14785.37819622794
 30
0.0
 11
209719.8674508752
 21
-14785.37819622794
 31
0.0
  0
INSERT
  5
62D
330
628
100
AcDbEntity
  8
DIM
 62
     8
440
 16777216
370
    -2
100
AcDbBlockReference
  2
DIM1
 10
212245.8744402793
 20
-14785.37819622794
 30
0.0
 41
375.0
 42
375.0
 43
375.0
  0
INSERT
  5
62E
330
628
100
AcDbEntity
  8
DIM
 62
     8
440
 16777216
370
    -2
100
AcDbBlockReference
  2
DIM1
 10
209344.8674508753
 20
-14785.37819622794
 30
0.0
 41
375.0
 42
375.0
 43
375.0
 50
180.0
  0
MTEXT
  5
62F
330
628
100
AcDbEntity
  8
DIM
 62
     3
440
 16777216
100
AcDbMText
 10
210795.3709455773
 20
-14447.87819622795
 30
0.0
 40
375.0
 41
0.0
 46
0.0
 71
     5
 72
     1
  1
\A1;2D
  7
ROMANS
 73
     1
 44
1.0
  0
POINT
  5
630
330
628
100
AcDbEntity
  8
Defpoints
 62
     0
440
 16777216
100
AcDbPoint
 10
212245.8744402793
 20
-15302.6668572335
 30
0.0
  0
POINT
  5
631
330
628
100
AcDbEntity
  8
Defpoints
 62
     0
440
 16777216
100
AcDbPoint
 10
209344.8674508753
 20
-16629.94701675617
 30
0.0
  0
POINT
  5
632
330
628
100
AcDbEntity
  8
Defpoints
 62
     0
440
 16777216
100
AcDbPoint
 10
209344.8674508753
 20
-14785.37819622794
 30
0.0
  0
ENDBLK
  5
633
330
628
100
AcDbEntity
  8
0
100
AcDbBlockEnd
  0
BLOCK
  5
635
330
634
100
AcDbEntity
  8
0
100
AcDbBlockBegin
  2
*D28
 70
     1
 10
0.0
 20
0.0
 30
0.0
  3
*D28
  1

  0
LINE
  5
636
330
634
100
AcDbEntity
  8
DIM
 62
     8
440
 16777216
370
    -2
100
AcDbLine
 10
202788.9018964521
 20
-16644.80086033758
 30
0.0
 11
201605.5757613506
 21
-15188.44593780434
 31
0.0
  0
LINE
  5
637
330
634
100
AcDbEntity
  8
DIM
 62
     8
440
 16777216
370
    -2
100
AcDbLine
 10
204021.5418185578
 20
-15643.24896359256
 30
0.0
 11
202838.2156834564
 21
-14186.89404105932
 31
0.0
  0
LINE
  5
638
330
634
100
AcDbEntity
  8
DIM
 62
     8
440
 16777216
370
    -2
100
AcDbLine
 10
201991.2055301287
 20
-15068.38478075426
 30
0.0
 11
202641.7673385137
 21
-14539.78644359768
 31
0.0
  0
INSERT
  5
639
330
634
100
AcDbEntity
  8
DIM
 62
     8
440
 16777216
370
    -2
100
AcDbBlockReference
  2
DIM1
 10
201700.1664732683
 20
-15304.86156054848
 30
0.0
 41
375.0
 42
375.0
 43
375.0
 50
219.0947537133977
  0
INSERT
  5
63A
330
634
100
AcDbEntity
  8
DIM
 62
     8
440
 16777216
370
    -2
100
AcDbBlockReference
  2
DIM1
 10
202932.8063953741
 20
-14303.30966380346
 30
0.0
 41
375.0
 42
375.0
 43
375.0
 50
39.09475371339769
  0
MTEXT
  5
63B
330
634
100
AcDbEntity
  8
DIM
 62
     3
440
 16777216
100
AcDbMText
 10
202316.4864343214
 20
-14804.08561217579
 30
0.0
 40
375.0
 41
0.0
 46
0.0
 71
     5
 72
     1
  1
\A1;500\P(TYP.)
  7
ROMANS
 11
0.7761041516275827
 21
0.6306047461179073
 31
0.0
 73
     1
 44
1.0
  0
POINT
  5
63C
330
634
100
AcDbEntity
  8
Defpoints
 62
     0
440
 16777216
100
AcDbPoint
 10
202883.4926083697
 20
-16761.2164830817
 30
0.0
  0
POINT
  5
63D
330
634
100
AcDbEntity
  8
Defpoints
 62
     0
440
 16777216
100
AcDbPoint
 10
204116.1325304755
 20
-15759.66458633669
 30
0.0
  0
POINT
  5
63E
330
634
100
AcDbEntity
  8
Defpoints
 62
     0
440
 16777216
100
AcDbPoint
 10
202932.8063953741
 20
-14303.30966380346
 30
0.0
  0
ENDBLK
  5
63F
330
634
100
AcDbEntity
  8
0
100
AcDbBlockEnd
  0
BLOCK
  5
641
330
640
100
AcDbEntity
  8
0
100
AcDbBlockBegin
  2
*D29
 70
     1
 10
0.0
 20
0.0
 30
0.0
  3
*D29
  1

  0
LINE
  5
642
330
640
100
AcDbEntity
  8
DIM
 62
     8
440
 16777216
370
    -2
100
AcDbLine
 10
203169.5507300875
 20
-17497.78404413502
 30
0.0
 11
201180.5767710126
 21
-17497.78404413502
 31
0.0
  0
LINE
  5
643
330
640
100
AcDbEntity
  8
DIM
 62
     8
440
 16777216
370
    -2
100
AcDbLine
 10
203169.5507300875
 20
-17847.83595433855
 30
0.0
 11
201180.5767710126
 21
-17847.83595433855
 31
0.0
  0
LINE
  5
644
330
640
100
AcDbEntity
  8
DIM
 62
     8
440
 16777216
370
    -2
100
AcDbLine
 10
201330.5767710126
 20
-17122.78404413502
 30
0.0
 11
201330.5767710126
 21
-16747.78404413502
 31
0.0
  0
LINE
  5
645
330
640
100
AcDbEntity
  8
DIM
 62
     8
440
 16777216
370
    -2
100
AcDbLine
 10
201330.5767710126
 20
-18222.83595433855
 30
0.0
 11
201330.5767710126
 21
-18597.83595433855
 31
0.0
  0
INSERT
  5
646
330
640
100
AcDbEntity
  8
DIM
 62
     8
440
 16777216
370
    -2
100
AcDbBlockReference
  2
DIM1
 10
201330.5767710126
 20
-17497.78404413502
 30
0.0
 41
375.0
 42
375.0
 43
375.0
 50
270.0
  0
INSERT
  5
647
330
640
100
AcDbEntity
  8
DIM
 62
     8
440
 16777216
370
    -2
100
AcDbBlockReference
  2
DIM1
 10
201330.5767710126
 20
-17847.83595433855
 30
0.0
 41
375.0
 42
375.0
 43
375.0
 50
90.0
  0
MTEXT
  5
648
330
640
100
AcDbEntity
  8
DIM
 62
     3
440
 16777216
100
AcDbMText
 10
200894.8624852982
 20
-17672.80999923683
 30
0.0
 40
375.0
 41
0.0
 46
0.0
 71
     5
 72
     1
  1
\A1;D/5
  7
ROMANS
 11
0.0000000000000001
 21
1.0
 31
0.0
 73
     1
 44
1.0
  0
POINT
  5
649
330
640
100
AcDbEntity
  8
Defpoints
 62
     0
440
 16777216
100
AcDbPoint
 10
203319.5507300875
 20
-17497.78404413502
 30
0.0
  0
POINT
  5
64A
330
640
100
AcDbEntity
  8
Defpoints
 62
     0
440
 16777216
100
AcDbPoint
 10
203319.5507300875
 20
-17847.83595433855
 30
0.0
  0
POINT
  5
64B
330
640
100
AcDbEntity
  8
Defpoints
 62
     0
440
 16777216
100
AcDbPoint
 10
201330.5767710126
 20
-17847.83595433855
 30
0.0
  0
ENDBLK
  5
64C
330
640
100
AcDbEntity
  8
0
100
AcDbBlockEnd
  0
BLOCK
  5
64E
330
64D
100
AcDbEntity
  8
0
100
AcDbBlockBegin
  2
*D30
 70
     1
 10
0.0
 20
0.0
 30
0.0
  3
*D30
  1

  0
LINE
  5
64F
330
64D
100
AcDbEntity
  8
DIM
 62
     8
440
 16777216
370
    -2
100
AcDbLine
 10
223415.5628772519
 20
-16469.50655791211
 30
0.0
 11
221793.5106256121
 21
-16469.50655791211
 31
0.0
  0
LINE
  5
650
330
64D
100
AcDbEntity
  8
DIM
 62
     8
440
 16777216
370
    -2
100
AcDbLine
 10
224290.6926527607
 20
-18219.76610892988
 30
0.0
 11
221793.5106256121
 21
-18219.76610892988
 31
0.0
  0
LINE
  5
651
330
64D
100
AcDbEntity
  8
DIM
 62
     8
440
 16777216
370
    -2
100
AcDbLine
 10
221943.5106256121
 20
-16844.50655791211
 30
0.0
 11
221943.5106256121
 21
-17844.76610892988
 31
0.0
  0
INSERT
  5
652
330
64D
100
AcDbEntity
  8
DIM
 62
     8
440
 16777216
370
    -2
100
AcDbBlockReference
  2
DIM1
 10
221943.5106256121
 20
-16469.50655791211
 30
0.0
 41
375.0
 42
375.0
 43
375.0
 50
90.0
  0
INSERT
  5
653
330
64D
100
AcDbEntity
  8
DIM
 62
     8
440
 16777216
370
    -2
100
AcDbBlockReference
  2
DIM1
 10
221943.5106256121
 20
-18219.76610892988
 30
0.0
 41
375.0
 42
375.0
 43
375.0
 50
270.0
  0
MTEXT
  5
654
330
64D
100
AcDbEntity
  8
DIM
 62
     3
440
 16777216
100
AcDbMText
 10
221943.510625612
 20
-17344.63633342106
 30
0.0
 40
375.0
 41
0.0
 46
0.0
 71
     5
 72
     1
  1
\A1;D\PSEE BEAM\PSCHED.
  7
ROMANS
 11
0.0000000000000001
 21
1.0
 31
0.0
 73
     1
 44
1.0
  0
POINT
  5
655
330
64D
100
AcDbEntity
  8
Defpoints
 62
     0
440
 16777216
100
AcDbPoint
 10
223565.5628772519
 20
-16469.50655791211
 30
0.0
  0
POINT
  5
656
330
64D
100
AcDbEntity
  8
Defpoints
 62
     0
440
 16777216
100
AcDbPoint
 10
224440.6926527607
 20
-18219.76610892988
 30
0.0
  0
POINT
  5
657
330
64D
100
AcDbEntity
  8
Defpoints
 62
     0
440
 16777216
100
AcDbPoint
 10
221943.5106256121
 20
-18219.76610892988
 30
0.0
  0
ENDBLK
  5
658
330
64D
100
AcDbEntity
  8
0
100
AcDbBlockEnd
  0
BLOCK
  5
65A
330
659
100
AcDbEntity
  8
0
100
AcDbBlockBegin
  2
*D31
 70
     1
 10
0.0
 20
0.0
 30
0.0
  3
*D31
  1

  0
LINE
  5
65B
330
659
100
AcDbEntity
  8
DIM
 62
     8
440
 16777216
370
    -2
100
AcDbLine
 10
224290.6926527607
 20
-17847.83595433785
 30
0.0
 11
223767.5757935495
 21
-17847.83595433785
 31
0.0
  0
LINE
  5
65C
330
659
100
AcDbEntity
  8
DIM
 62
     8
440
 16777216
370
    -2
100
AcDbLine
 10
224290.6926527607
 20
-17497.78404413513
 30
0.0
 11
223767.5757935495
 21
-17497.78404413513
 31
0.0
  0
LINE
  5
65D
330
659
100
AcDbEntity
  8
DIM
 62
     8
440
 16777216
370
    -2
100
AcDbLine
 10
223917.5757935495
 20
-18222.83595433785
 30
0.0
 11
223917.5757935495
 21
-18597.83595433785
 31
0.0
  0
LINE
  5
65E
330
659
100
AcDbEntity
  8
DIM
 62
     8
440
 16777216
370
    -2
100
AcDbLine
 10
223917.5757935495
 20
-17122.78404413513
 30
0.0
 11
223917.5757935495
 21
-16747.78404413513
 31
0.0
  0
INSERT
  5
65F
330
659
100
AcDbEntity
  8
DIM
 62
     8
440
 16777216
370
    -2
100
AcDbBlockReference
  2
DIM1
 10
223917.5757935495
 20
-17847.83595433785
 30
0.0
 41
375.0
 42
375.0
 43
375.0
 50
90.0
  0
INSERT
  5
660
330
659
100
AcDbEntity
  8
DIM
 62
     8
440
 16777216
370
    -2
100
AcDbBlockReference
  2
DIM1
 10
223917.5757935495
 20
-17497.78404413513
 30
0.0
 41
375.0
 42
375.0
 43
375.0
 50
270.0
  0
MTEXT
  5
661
330
659
100
AcDbEntity
  8
DIM
 62
     3
440
 16777216
100
AcDbMText
 10
223481.8615078351
 20
-17672.80999923656
 30
0.0
 40
375.0
 41
0.0
 46
0.0
 71
     5
 72
     1
  1
\A1;D/5
  7
ROMANS
 11
0.0000000000000001
 21
1.0
 31
0.0
 73
     1
 44
1.0
  0
POINT
  5
662
330
659
100
AcDbEntity
  8
Defpoints
 62
     0
440
 16777216
100
AcDbPoint
 10
224440.6926527607
 20
-17847.83595433785
 30
0.0
  0
POINT
  5
663
330
659
100
AcDbEntity
  8
Defpoints
 62
     0
440
 16777216
100
AcDbPoint
 10
224440.6926527607
 20
-17497.78404413513
 30
0.0
  0
POINT
  5
664
330
659
100
AcDbEntity
  8
Defpoints
 62
     0
440
 16777216
100
AcDbPoint
 10
223917.5757935495
 20
-17497.78404413513
 30
0.0
  0
ENDBLK
  5
665
330
659
100
AcDbEntity
  8
0
100
AcDbBlockEnd
  0
BLOCK
  5
667
330
666
100
AcDbEntity
  8
0
100
AcDbBlockBegin
  2
*D32
 70
     1
 10
0.0
 20
0.0
 30
0.0
  3
*D32
  1

  0
LINE
  5
668
330
666
100
AcDbEntity
  8
DIM
 62
     8
440
 16777216
370
    -2
100
AcDbLine
 10
260080.7066631384
 20
837.9306460212397
 30
0.0
 11
258235.3626859966
 21
837.9306460212394
 31
0.0
  0
LINE
  5
669
330
666
100
AcDbEntity
  8
DIM
 62
     8
440
 16777216
370
    -2
100
AcDbLine
 10
264241.713134708
 20
-360.2329596801721
 30
0.0
 11
258235.3626859966
 21
-360.232959680173
 31
0.0
  0
LINE
  5
66A
330
666
100
AcDbEntity
  8
DIM
 62
     8
440
 16777216
370
    -2
100
AcDbLine
 10
258385.3626859967
 20
462.9306460212393
 30
0.0
 11
258385.3626859967
 21
14.76704031982702
 31
0.0
  0
INSERT
  5
66B
330
666
100
AcDbEntity
  8
DIM
 62
     8
440
 16777216
370
    -2
100
AcDbBlockReference
  2
DIM1
 10
258385.3626859967
 20
837.9306460212394
 30
0.0
 41
375.0
 42
375.0
 43
375.0
 50
90.0
  0
INSERT
  5
66C
330
666
100
AcDbEntity
  8
DIM
 62
     8
440
 16777216
370
    -2
100
AcDbBlockReference
  2
DIM1
 10
258385.3626859967
 20
-360.2329596801731
 30
0.0
 41
375.0
 42
375.0
 43
375.0
 50
270.0
  0
MTEXT
  5
66D
330
666
100
AcDbEntity
  8
DIM
 62
     3
440
 16777216
100
AcDbMText
 10
257949.6484002823
 20
238.8488431705628
 30
0.0
 40
375.0
 41
0.0
 46
0.0
 71
     5
 72
     1
  1
\A1;D/2
  7
ROMANS
 11
0.0000000000000001
 21
1.0
 31
0.0
 73
     1
 44
1.0
  0
POINT
  5
66E
330
666
100
AcDbEntity
  8
Defpoints
 62
     0
440
 16777216
100
AcDbPoint
 10
260230.7066631384
 20
837.9306460212397
 30
0.0
  0
POINT
  5
66F
330
666
100
AcDbEntity
  8
Defpoints
 62
     0
440
 16777216
100
AcDbPoint
 10
264391.713134708
 20
-360.232959680172
 30
0.0
  0
POINT
  5
670
330
666
100
AcDbEntity
  8
Defpoints
 62
     0
440
 16777216
100
AcDbPoint
 10
258385.3626859967
 20
-360.2329596801731
 30
0.0
  0
ENDBLK
  5
671
330
666
100
AcDbEntity
  8
0
100
AcDbBlockEnd
  0
BLOCK
  5
673
330
672
100
AcDbEntity
  8
0
100
AcDbBlockBegin
  2
*D33
 70
     1
 10
0.0
 20
0.0
 30
0.0
  3
*D33
  1

  0
LINE
  5
674
330
672
100
AcDbEntity
  8
DIM
 62
     8
440
 16777216
370
    -2
100
AcDbLine
 10
260080.7066631384
 20
-1558.396565381351
 30
0.0
 11
258235.3626859966
 21
-1558.396565381351
 31
0.0
  0
LINE
  5
675
330
672
100
AcDbEntity
  8
DIM
 62
     8
440
 16777216
370
    -2
100
AcDbLine
 10
264241.713134708
 20
-360.2329596801721
 30
0.0
 11
258235.3626859966
 21
-360.232959680173
 31
0.0
  0
LINE
  5
676
330
672
100
AcDbEntity
  8
DIM
 62
     8
440
 16777216
370
    -2
100
AcDbLine
 10
258385.3626859967
 20
-1183.396565381351
 30
0.0
 11
258385.3626859967
 21
-735.232959680173
 31
0.0
  0
INSERT
  5
677
330
672
100
AcDbEntity
  8
DIM
 62
     8
440
 16777216
370
    -2
100
AcDbBlockReference
  2
DIM1
 10
258385.3626859967
 20
-1558.396565381351
 30
0.0
 41
375.0
 42
375.0
 43
375.0
 50
270.0
  0
INSERT
  5
678
330
672
100
AcDbEntity
  8
DIM
 62
     8
440
 16777216
370
    -2
100
AcDbBlockReference
  2
DIM1
 10
258385.3626859967
 20
-360.2329596801731
 30
0.0
 41
375.0
 42
375.0
 43
375.0
 50
90.0
  0
MTEXT
  5
679
330
672
100
AcDbEntity
  8
DIM
 62
     3
440
 16777216
100
AcDbMText
 10
257949.6484002823
 20
-959.314762530732
 30
0.0
 40
375.0
 41
0.0
 46
0.0
 71
     5
 72
     1
  1
\A1;D/2
  7
ROMANS
 11
0.0000000000000001
 21
1.0
 31
0.0
 73
     1
 44
1.0
  0
POINT
  5
67A
330
672
100
AcDbEntity
  8
Defpoints
 62
     0
440
 16777216
100
AcDbPoint
 10
260230.7066631384
 20
-1558.396565381351
 30
0.0
  0
POINT
  5
67B
330
672
100
AcDbEntity
  8
Defpoints
 62
     0
440
 16777216
100
AcDbPoint
 10
264391.713134708
 20
-360.232959680172
 30
0.0
  0
POINT
  5
67C
330
672
100
AcDbEntity
  8
Defpoints
 62
     0
440
 16777216
100
AcDbPoint
 10
258385.3626859967
 20
-360.2329596801731
 30
0.0
  0
ENDBLK
  5
67D
330
672
100
AcDbEntity
  8
0
100
AcDbBlockEnd
  0
BLOCK
  5
67F
330
67E
100
AcDbEntity
  8
0
100
AcDbBlockBegin
  2
*D34
 70
     1
 10
0.0
 20
0.0
 30
0.0
  3
*D34
  1

  0
LINE
  5
680
330
67E
100
AcDbEntity
  8
DIM
 62
     8
440
 16777216
370
    -2
100
AcDbLine
 10
264391.7131347079
 20
987.9306460212392
 30
0.0
 11
264391.7131347079
 21
2262.49274144051
 31
0.0
  0
LINE
  5
681
330
67E
100
AcDbEntity
  8
DIM
 62
     8
440
 16777216
370
    -2
100
AcDbLine
 10
264891.7131347079
 20
987.9306460212392
 30
0.0
 11
264891.7131347079
 21
2262.49274144051
 31
0.0
  0
LINE
  5
682
330
67E
100
AcDbEntity
  8
DIM
 62
     8
440
 16777216
370
    -2
100
AcDbLine
 10
264016.7131347079
 20
2112.49274144051
 30
0.0
 11
263641.7131347079
 21
2112.49274144051
 31
0.0
  0
LINE
  5
683
330
67E
100
AcDbEntity
  8
DIM
 62
     8
440
 16777216
370
    -2
100
AcDbLine
 10
265266.7131347079
 20
2112.49274144051
 30
0.0
 11
265641.7131347079
 21
2112.49274144051
 31
0.0
  0
INSERT
  5
684
330
67E
100
AcDbEntity
  8
DIM
 62
     8
440
 16777216
370
    -2
100
AcDbBlockReference
  2
DIM1
 10
264391.7131347079
 20
2112.49274144051
 30
0.0
 41
375.0
 42
375.0
 43
375.0
  0
INSERT
  5
685
330
67E
100
AcDbEntity
  8
DIM
 62
     8
440
 16777216
370
    -2
100
AcDbBlockReference
  2
DIM1
 10
264891.7131347079
 20
2112.49274144051
 30
0.0
 41
375.0
 42
375.0
 43
375.0
 50
180.0
  0
MTEXT
  5
686
330
67E
100
AcDbEntity
  8
DIM
 62
     3
440
 16777216
100
AcDbMText
 10
264641.7131347079
 20
2449.992741440511
 30
0.0
 40
375.0
 41
0.0
 46
0.0
 71
     5
 72
     1
  1
\A1;50
  7
ROMANS
 73
     1
 44
1.0
  0
POINT
  5
687
330
67E
100
AcDbEntity
  8
Defpoints
 62
     0
440
 16777216
100
AcDbPoint
 10
264391.7131347079
 20
837.9306460212392
 30
0.0
  0
POINT
  5
688
330
67E
100
AcDbEntity
  8
Defpoints
 62
     0
440
 16777216
100
AcDbPoint
 10
264891.7131347079
 20
837.9306460212392
 30
0.0
  0
POINT
  5
689
330
67E
100
AcDbEntity
  8
Defpoints
 62
     0
440
 16777216
100
AcDbPoint
 10
264891.7131347079
 20
2112.49274144051
 30
0.0
  0
ENDBLK
  5
68A
330
67E
100
AcDbEntity
  8
0
100
AcDbBlockEnd
  0
BLOCK
  5
68C
330
68B
100
AcDbEntity
  8
0
100
AcDbBlockBegin
  2
*D35
 70
     1
 10
0.0
 20
0.0
 30
0.0
  3
*D35
  1

  0
LINE
  5
68D
330
68B
100
AcDbEntity
  8
DIM
 62
     8
440
 16777216
370
    -2
100
AcDbLine
 10
222489.7205790203
 20
957.7664082933624
 30
0.0
 11
222489.7205790203
 21
4062.665823989751
 31
0.0
  0
LINE
  5
68E
330
68B
100
AcDbEntity
  8
DIM
 62
     8
440
 16777216
370
    -2
100
AcDbLine
 10
225366.4639300438
 20
-49.09376456486644
 30
0.0
 11
225366.4639300438
 21
4062.665823989751
 31
0.0
  0
LINE
  5
68F
330
68B
100
AcDbEntity
  8
DIM
 62
     8
440
 16777216
370
    -2
100
AcDbLine
 10
222864.7205790202
 20
3912.665823989751
 30
0.0
 11
224991.4639300439
 21
3912.665823989751
 31
0.0
  0
MTEXT
  5
690
330
68B
100
AcDbEntity
  8
DIM
 62
     3
440
 16777216
100
AcDbMText
 10
223928.092254532
 20
3912.665823989751
 30
0.0
 40
375.0
 41
0.0
 46
0.0
 71
     5
 72
     1
  1
\A1;30 BAR DIA.\P(MIN.)
  7
ROMANS
 73
     1
 44
1.0
  0
INSERT
  5
691
330
68B
100
AcDbEntity
  8
DIM
 62
     8
440
 16777216
370
    -2
100
AcDbBlockReference
  2
DIM1
 10
222489.7205790203
 20
3912.665823989751
 30
0.0
 41
375.0
 42
375.0
 43
375.0
 50
180.0
  0
INSERT
  5
692
330
68B
100
AcDbEntity
  8
DIM
 62
     8
440
 16777216
370
    -2
100
AcDbBlockReference
  2
DIM1
 10
225366.4639300438
 20
3912.665823989751
 30
0.0
 41
375.0
 42
375.0
 43
375.0
  0
POINT
  5
693
330
68B
100
AcDbEntity
  8
Defpoints
 62
     0
440
 16777216
100
AcDbPoint
 10
222489.7205790203
 20
807.7664082933624
 30
0.0
  0
POINT
  5
694
330
68B
100
AcDbEntity
  8
Defpoints
 62
     0
440
 16777216
100
AcDbPoint
 10
225366.4639300438
 20
-199.0937645648664
 30
0.0
  0
POINT
  5
695
330
68B
100
AcDbEntity
  8
Defpoints
 62
     0
440
 16777216
100
AcDbPoint
 10
225366.4639300438
 20
3912.665823989751
 30
0.0
  0
ENDBLK
  5
696
330
68B
100
AcDbEntity
  8
0
100
AcDbBlockEnd
  0
BLOCK
  5
698
330
697
100
AcDbEntity
  8
0
100
AcDbBlockBegin
  2
*D36
 70
     1
 10
0.0
 20
0.0
 30
0.0
  3
*D36
  1

  0
LINE
  5
699
330
697
100
AcDbEntity
  8
DIM
 62
     8
440
 16777216
370
    -2
100
AcDbLine
 10
228243.2072810671
 20
-49.09376456486644
 30
0.0
 11
228243.2072810671
 21
2928.847220430238
 31
0.0
  0
LINE
  5
69A
330
697
100
AcDbEntity
  8
DIM
 62
     8
440
 16777216
370
    -2
100
AcDbLine
 10
225366.4639300438
 20
-49.09376456486644
 30
0.0
 11
225366.4639300438
 21
2928.847220430238
 31
0.0
  0
LINE
  5
69B
330
697
100
AcDbEntity
  8
DIM
 62
     8
440
 16777216
370
    -2
100
AcDbLine
 10
227868.2072810671
 20
2778.847220430238
 30
0.0
 11
225741.4639300439
 21
2778.847220430238
 31
0.0
  0
MTEXT
  5
69C
330
697
100
AcDbEntity
  8
DIM
 62
     3
440
 16777216
100
AcDbMText
 10
226730.9643231724
 20
2789.179889907333
 30
0.0
 40
375.0
 41
0.0
 46
0.0
 71
     5
 72
     1
  1
\A1;30 BAR DIA.\P(MIN.)
  7
ROMANS
 73
     1
 44
1.0
  0
INSERT
  5
69D
330
697
100
AcDbEntity
  8
DIM
 62
     8
440
 16777216
370
    -2
100
AcDbBlockReference
  2
DIM1
 10
228243.2072810671
 20
2778.847220430238
 30
0.0
 41
375.0
 42
375.0
 43
375.0
  0
INSERT
  5
69E
330
697
100
AcDbEntity
  8
DIM
 62
     8
440
 16777216
370
    -2
100
AcDbBlockReference
  2
DIM1
 10
225366.4639300438
 20
2778.847220430238
 30
0.0
 41
375.0
 42
375.0
 43
375.0
 50
180.0
  0
POINT
  5
69F
330
697
100
AcDbEntity
  8
Defpoints
 62
     0
440
 16777216
100
AcDbPoint
 10
228243.2072810671
 20
-199.0937645648664
 30
0.0
  0
POINT
  5
6A0
330
697
100
AcDbEntity
  8
Defpoints
 62
     0
440
 16777216
100
AcDbPoint
 10
225366.4639300438
 20
-199.0937645648664
 30
0.0
  0
POINT
  5
6A1
330
697
100
AcDbEntity
  8
Defpoints
 62
     0
440
 16777216
100
AcDbPoint
 10
225366.4639300438
 20
2778.847220430238
 30
0.0
  0
ENDBLK
  5
6A2
330
697
100
AcDbEntity
  8
0
100
AcDbBlockEnd
  0
BLOCK
  5
6A4
330
6A3
100
AcDbEntity
  8
0
100
AcDbBlockBegin
  2
*D37
 70
     1
 10
0.0
 20
0.0
 30
0.0
  3
*D37
  1

  0
LINE
  5
6A5
330
6A3
100
AcDbEntity
  8
DIM
 62
     8
440
 16777216
370
    -2
100
AcDbLine
 10
227599.5473113448
 20
1059.481451507978
 30
0.0
 11
230413.3650385315
 21
1059.481451507979
 31
0.0
  0
LINE
  5
6A6
330
6A3
100
AcDbEntity
  8
DIM
 62
     8
440
 16777216
370
    -2
100
AcDbLine
 10
227599.5473113448
 20
340.295613752067
 30
0.0
 11
230413.3650385315
 21
340.2956137520675
 31
0.0
  0
LINE
  5
6A7
330
6A3
100
AcDbEntity
  8
DIM
 62
     8
440
 16777216
370
    -2
100
AcDbLine
 10
230263.3650385315
 20
-34.70438624793261
 30
0.0
 11
230263.3650385315
 21
-409.7043862479327
 31
0.0
  0
LINE
  5
6A8
330
6A3
100
AcDbEntity
  8
DIM
 62
     8
440
 16777216
370
    -2
100
AcDbLine
 10
230263.3650385315
 20
1434.481451507979
 30
0.0
 11
230263.3650385315
 21
4917.517165793775
 31
0.0
  0
INSERT
  5
6A9
330
6A3
100
AcDbEntity
  8
DIM
 62
     8
440
 16777216
370
    -2
100
AcDbBlockReference
  2
DIM1
 10
230263.3650385315
 20
340.2956137520674
 30
0.0
 41
375.0
 42
375.0
 43
375.0
 50
90.0
  0
INSERT
  5
6AA
330
6A3
100
AcDbEntity
  8
DIM
 62
     8
440
 16777216
370
    -2
100
AcDbBlockReference
  2
DIM1
 10
230263.3650385315
 20
1059.481451507979
 30
0.0
 41
375.0
 42
375.0
 43
375.0
 50
270.0
  0
MTEXT
  5
6AB
330
6A3
100
AcDbEntity
  8
DIM
 62
     3
440
 16777216
100
AcDbMText
 10
229613.3650385314
 20
3446.088594365138
 30
0.0
 40
375.0
 41
0.0
 46
0.0
 71
     5
 72
     1
  1
\A1;VERIFY\PDEPRESSION
  7
ROMANS
 11
0.0000000000000001
 21
1.0
 31
0.0
 73
     1
 44
1.0
  0
POINT
  5
6AC
330
6A3
100
AcDbEntity
  8
Defpoints
 62
     0
440
 16777216
100
AcDbPoint
 10
227449.5473113448
 20
1059.481451507978
 30
0.0
  0
POINT
  5
6AD
330
6A3
100
AcDbEntity
  8
Defpoints
 62
     0
440
 16777216
100
AcDbPoint
 10
227449.5473113448
 20
340.295613752067
 30
0.0
  0
POINT
  5
6AE
330
6A3
100
AcDbEntity
  8
Defpoints
 62
     0
440
 16777216
100
AcDbPoint
 10
230263.3650385315
 20
340.2956137520674
 30
0.0
  0
ENDBLK
  5
6AF
330
6A3
100
AcDbEntity
  8
0
100
AcDbBlockEnd
  0
BLOCK
  5
6B1
330
6B0
100
AcDbEntity
  8
0
100
AcDbBlockBegin
  2
*D38
 70
     1
 10
0.0
 20
0.0
 30
0.0
  3
*D38
  1

  0
LINE
  5
6B2
330
6B0
100
AcDbEntity
  8
DIM
 62
     8
440
 16777216
370
    -2
100
AcDbLine
 10
226011.1756358333
 20
-1248.076061759755
 30
0.0
 11
226011.1756358333
 21
-4243.773598072963
 31
0.0
  0
LINE
  5
6B3
330
6B0
100
AcDbEntity
  8
DIM
 62
     8
440
 16777216
370
    -2
100
AcDbLine
 10
227449.5473113447
 20
190.2956137520668
 30
0.0
 11
227449.5473113447
 21
-4243.773598072963
 31
0.0
  0
LINE
  5
6B4
330
6B0
100
AcDbEntity
  8
DIM
 62
     8
440
 16777216
370
    -2
100
AcDbLine
 10
226386.1756358333
 20
-4093.773598072963
 30
0.0
 11
227074.5473113446
 21
-4093.773598072963
 31
0.0
  0
MTEXT
  5
6B5
330
6B0
100
AcDbEntity
  8
DIM
 62
     3
440
 16777216
100
AcDbMText
 10
226731.2846196
 20
-4088.950219376275
 30
0.0
 40
375.0
 41
0.0
 46
0.0
 71
     5
 72
     1
  1
\A1;D=FOR BEAM\P2t=FOR SLAB
  7
ROMANS
 73
     1
 44
1.0
  0
INSERT
  5
6B6
330
6B0
100
AcDbEntity
  8
DIM
 62
     8
440
 16777216
370
    -2
100
AcDbBlockReference
  2
DIM1
 10
226011.1756358333
 20
-4093.773598072963
 30
0.0
 41
375.0
 42
375.0
 43
375.0
 50
180.0
  0
INSERT
  5
6B7
330
6B0
100
AcDbEntity
  8
DIM
 62
     8
440
 16777216
370
    -2
100
AcDbBlockReference
  2
DIM1
 10
227449.5473113447
 20
-4093.773598072963
 30
0.0
 41
375.0
 42
375.0
 43
375.0
  0
POINT
  5
6B8
330
6B0
100
AcDbEntity
  8
Defpoints
 62
     0
440
 16777216
100
AcDbPoint
 10
226011.1756358333
 20
-1098.076061759755
 30
0.0
  0
POINT
  5
6B9
330
6B0
100
AcDbEntity
  8
Defpoints
 62
     0
440
 16777216
100
AcDbPoint
 10
227449.5473113447
 20
340.2956137520669
 30
0.0
  0
POINT
  5
6BA
330
6B0
100
AcDbEntity
  8
Defpoints
 62
     0
440
 16777216
100
AcDbPoint
 10
227449.5473113447
 20
-4093.773598072963
 30
0.0
  0
ENDBLK
  5
6BB
330
6B0
100
AcDbEntity
  8
0
100
AcDbBlockEnd
  0
BLOCK
  5
6BD
330
6BC
100
AcDbEntity
  8
0
100
AcDbBlockBegin
  2
*D39
 70
     1
 10
0.0
 20
0.0
 30
0.0
  3
*D39
  1

  0
LINE
  5
6BE
330
6BC
100
AcDbEntity
  8
DIM
 62
     8
440
 16777216
370
    -2
100
AcDbLine
 10
227269.7508519064
 20
-859.1418978766595
 30
0.0
 11
227269.7508519064
 21
-2375.844140405679
 31
0.0
  0
LINE
  5
6BF
330
6BC
100
AcDbEntity
  8
DIM
 62
     8
440
 16777216
370
    -2
100
AcDbLine
 10
224393.0075008822
 20
10.49915431308909
 30
0.0
 11
224393.0075008822
 21
-2375.844140405679
 31
0.0
  0
LINE
  5
6C0
330
6BC
100
AcDbEntity
  8
DIM
 62
     8
440
 16777216
370
    -2
100
AcDbLine
 10
226894.7508519064
 20
-2225.844140405679
 30
0.0
 11
224768.0075008823
 21
-2225.844140405679
 31
0.0
  0
LINE
  5
6C1
330
6BC
100
AcDbEntity
  8
DIM
 62
     8
440
 16777216
370
    -2
100
AcDbLine
 10
224393.0075008822
 20
-2225.844140405679
 30
0.0
 11
220975.1503580251
 21
-2225.844140405679
 31
0.0
  0
INSERT
  5
6C2
330
6BC
100
AcDbEntity
  8
DIM
 62
     8
440
 16777216
370
    -2
100
AcDbBlockReference
  2
DIM1
 10
227269.7508519064
 20
-2225.844140405679
 30
0.0
 41
375.0
 42
375.0
 43
375.0
  0
INSERT
  5
6C3
330
6BC
100
AcDbEntity
  8
DIM
 62
     8
440
 16777216
370
    -2
100
AcDbBlockReference
  2
DIM1
 10
224393.0075008822
 20
-2225.844140405679
 30
0.0
 41
375.0
 42
375.0
 43
375.0
 50
180.0
  0
MTEXT
  5
6C4
330
6BC
100
AcDbEntity
  8
DIM
 62
     3
440
 16777216
100
AcDbMText
 10
222496.5789294537
 20
-1888.344140405679
 30
0.0
 40
375.0
 41
0.0
 46
0.0
 71
     5
 72
     1
  1
\A1;30 BAR DIA.
  7
ROMANS
 73
     1
 44
1.0
  0
MTEXT
  5
6C5
330
6BC
100
AcDbEntity
  8
DIM
 62
     3
440
 16777216
100
AcDbMText
 10
222496.5789294537
 20
-2661.558426119965
 30
0.0
 40
375.0
 41
0.0
 46
0.0
 71
     5
 72
     1
  1
\A1;(MIN.)
  7
ROMANS
 73
     1
 44
1.0
  0
POINT
  5
6C6
330
6BC
100
AcDbEntity
  8
Defpoints
 62
     0
440
 16777216
100
AcDbPoint
 10
227269.7508519064
 20
-709.1418978766596
 30
0.0
  0
POINT
  5
6C7
330
6BC
100
AcDbEntity
  8
Defpoints
 62
     0
440
 16777216
100
AcDbPoint
 10
224393.0075008822
 20
160.4991543130891
 30
0.0
  0
POINT
  5
6C8
330
6BC
100
AcDbEntity
  8
Defpoints
 62
     0
440
 16777216
100
AcDbPoint
 10
224393.0075008822
 20
-2225.844140405679
 30
0.0
  0
ENDBLK
  5
6C9
330
6BC
100
AcDbEntity
  8
0
100
AcDbBlockEnd
  0
BLOCK
  5
6CB
330
6CA
100
AcDbEntity
  8
0
100
AcDbBlockBegin
  2
*D40
 70
     1
 10
0.0
 20
0.0
 30
0.0
  3
*D40
  1

  0
LINE
  5
6CC
330
6CA
100
AcDbEntity
  8
DIM
 62
     8
440
 16777216
370
    -2
100
AcDbLine
 10
221985.5772771804
 20
1059.481451507978
 30
0.0
 11
219819.1133767545
 21
1059.481451507978
 31
0.0
  0
LINE
  5
6CD
330
6CA
100
AcDbEntity
  8
DIM
 62
     8
440
 16777216
370
    -2
100
AcDbLine
 10
221985.5772771804
 20
-378.8902240038444
 30
0.0
 11
219819.1133767545
 21
-378.8902240038447
 31
0.0
  0
LINE
  5
6CE
330
6CA
100
AcDbEntity
  8
DIM
 62
     8
440
 16777216
370
    -2
100
AcDbLine
 10
219969.1133767545
 20
684.481451507978
 30
0.0
 11
219969.1133767545
 21
-3.890224003844636
 31
0.0
  0
MTEXT
  5
6CF
330
6CA
100
AcDbEntity
  8
DIM
 62
     3
440
 16777216
100
AcDbMText
 10
219985.5474328841
 20
291.6950454890903
 30
0.0
 40
375.0
 41
0.0
 46
0.0
 71
     5
 72
     1
  1
\A1;D=FOR BEAM\Pt=FOR SLAB
  7
ROMANS
 11
0.0000000000000001
 21
1.0
 31
0.0
 73
     1
 44
1.0
  0
INSERT
  5
6D0
330
6CA
100
AcDbEntity
  8
DIM
 62
     8
440
 16777216
370
    -2
100
AcDbBlockReference
  2
DIM1
 10
219969.1133767545
 20
1059.481451507978
 30
0.0
 41
375.0
 42
375.0
 43
375.0
 50
90.0
  0
INSERT
  5
6D1
330
6CA
100
AcDbEntity
  8
DIM
 62
     8
440
 16777216
370
    -2
100
AcDbBlockReference
  2
DIM1
 10
219969.1133767545
 20
-378.8902240038447
 30
0.0
 41
375.0
 42
375.0
 43
375.0
 50
270.0
  0
POINT
  5
6D2
330
6CA
100
AcDbEntity
  8
Defpoints
 62
     0
440
 16777216
100
AcDbPoint
 10
222135.5772771804
 20
1059.481451507978
 30
0.0
  0
POINT
  5
6D3
330
6CA
100
AcDbEntity
  8
Defpoints
 62
     0
440
 16777216
100
AcDbPoint
 10
222135.5772771804
 20
-378.8902240038443
 30
0.0
  0
POINT
  5
6D4
330
6CA
100
AcDbEntity
  8
Defpoints
 62
     0
440
 16777216
100
AcDbPoint
 10
219969.1133767545
 20
-378.8902240038447
 30
0.0
  0
ENDBLK
  5
6D5
330
6CA
100
AcDbEntity
  8
0
100
AcDbBlockEnd
  0
BLOCK
  5
6D7
330
6D6
100
AcDbEntity
  8
0
100
AcDbBlockBegin
  2
*D41
 70
     1
 10
0.0
 20
0.0
 30
0.0
  3
*D41
  1

  0
LINE
  5
6D8
330
6D6
100
AcDbEntity
  8
DIM
 62
     8
440
 16777216
370
    -2
100
AcDbLine
 10
199336.2561303112
 20
-2404.887433259428
 30
0.0
 11
199336.2561303112
 21
-3502.750555433013
 31
0.0
  0
LINE
  5
6D9
330
6D6
100
AcDbEntity
  8
DIM
 62
     8
440
 16777216
370
    -2
100
AcDbLine
 10
201254.0850309935
 20
-1829.538763054559
 30
0.0
 11
201254.0850309935
 21
-3502.750555433013
 31
0.0
  0
LINE
  5
6DA
330
6D6
100
AcDbEntity
  8
DIM
 62
     8
440
 16777216
370
    -2
100
AcDbLine
 10
199711.2561303112
 20
-3352.750555433013
 30
0.0
 11
200879.0850309935
 21
-3352.750555433013
 31
0.0
  0
INSERT
  5
6DB
330
6D6
100
AcDbEntity
  8
DIM
 62
     8
440
 16777216
370
    -2
100
AcDbBlockReference
  2
DIM1
 10
199336.2561303112
 20
-3352.750555433013
 30
0.0
 41
375.0
 42
375.0
 43
375.0
 50
180.0
  0
INSERT
  5
6DC
330
6D6
100
AcDbEntity
  8
DIM
 62
     8
440
 16777216
370
    -2
100
AcDbBlockReference
  2
DIM1
 10
201254.0850309935
 20
-3352.750555433013
 30
0.0
 41
375.0
 42
375.0
 43
375.0
  0
MTEXT
  5
6DD
330
6D6
100
AcDbEntity
  8
DIM
 62
     3
440
 16777216
100
AcDbMText
 10
200295.1705806521
 20
-3015.250555433013
 30
0.0
 40
375.0
 41
0.0
 46
0.0
 71
     5
 72
     1
  1
\A1;0.165L
  7
ROMANS
 73
     1
 44
1.0
  0
POINT
  5
6DE
330
6D6
100
AcDbEntity
  8
Defpoints
 62
     0
440
 16777216
100
AcDbPoint
 10
199336.2561303112
 20
-2254.887433259428
 30
0.0
  0
POINT
  5
6DF
330
6D6
100
AcDbEntity
  8
Defpoints
 62
     0
440
 16777216
100
AcDbPoint
 10
201254.0850309935
 20
-1679.538763054559
 30
0.0
  0
POINT
  5
6E0
330
6D6
100
AcDbEntity
  8
Defpoints
 62
     0
440
 16777216
100
AcDbPoint
 10
201254.0850309935
 20
-3352.750555433013
 30
0.0
  0
ENDBLK
  5
6E1
330
6D6
100
AcDbEntity
  8
0
100
AcDbBlockEnd
  0
BLOCK
  5
6E3
330
6E2
100
AcDbEntity
  8
0
100
AcDbBlockBegin
  2
*D42
 70
     1
 10
0.0
 20
0.0
 30
0.0
  3
*D42
  1

  0
LINE
  5
6E4
330
6E2
100
AcDbEntity
  8
DIM
 62
     8
440
 16777216
370
    -2
100
AcDbLine
 10
202212.9994813344
 20
-1973.375930605834
 30
0.0
 11
202212.9994813344
 21
-4610.065402053093
 31
0.0
  0
LINE
  5
6E5
330
6E2
100
AcDbEntity
  8
DIM
 62
     8
440
 16777216
370
    -2
100
AcDbLine
 10
203651.3711568467
 20
-2117.21309815711
 30
0.0
 11
203651.3711568467
 21
-4610.065402053093
 31
0.0
  0
LINE
  5
6E6
330
6E2
100
AcDbEntity
  8
DIM
 62
     8
440
 16777216
370
    -2
100
AcDbLine
 10
202587.9994813344
 20
-4460.065402053093
 30
0.0
 11
203276.3711568467
 21
-4460.065402053093
 31
0.0
  0
INSERT
  5
6E7
330
6E2
100
AcDbEntity
  8
DIM
 62
     8
440
 16777216
370
    -2
100
AcDbBlockReference
  2
DIM1
 10
202212.9994813344
 20
-4460.065402053093
 30
0.0
 41
375.0
 42
375.0
 43
375.0
 50
180.0
  0
INSERT
  5
6E8
330
6E2
100
AcDbEntity
  8
DIM
 62
     8
440
 16777216
370
    -2
100
AcDbBlockReference
  2
DIM1
 10
203651.3711568467
 20
-4460.065402053093
 30
0.0
 41
375.0
 42
375.0
 43
375.0
  0
MTEXT
  5
6E9
330
6E2
100
AcDbEntity
  8
DIM
 62
     3
440
 16777216
100
AcDbMText
 10
202932.1853190905
 20
-3497.565402053093
 30
0.0
 40
375.0
 41
0.0
 46
0.0
 71
     5
 72
     1
  1
\A1;%%c12@100\PSPLICE\PHOOPS
  7
ROMANS
 73
     1
 44
1.0
  0
POINT
  5
6EA
330
6E2
100
AcDbEntity
  8
Defpoints
 62
     0
440
 16777216
100
AcDbPoint
 10
202212.9994813344
 20
-1823.375930605834
 30
0.0
  0
POINT
  5
6EB
330
6E2
100
AcDbEntity
  8
Defpoints
 62
     0
440
 16777216
100
AcDbPoint
 10
203651.3711568467
 20
-1967.21309815711
 30
0.0
  0
POINT
  5
6EC
330
6E2
100
AcDbEntity
  8
Defpoints
 62
     0
440
 16777216
100
AcDbPoint
 10
203651.3711568467
 20
-4460.065402053093
 30
0.0
  0
ENDBLK
  5
6ED
330
6E2
100
AcDbEntity
  8
0
100
AcDbBlockEnd
  0
BLOCK
  5
6EF
330
6EE
100
AcDbEntity
  8
0
100
AcDbBlockBegin
  2
*D43
 70
     1
 10
0.0
 20
0.0
 30
0.0
  3
*D43
  1

  0
LINE
  5
6F0
330
6EE
100
AcDbEntity
  8
DIM
 62
     8
440
 16777216
370
    -2
100
AcDbLine
 10
199336.2561303112
 20
-4415.429992717371
 30
0.0
 11
199336.2561303112
 21
-5626.348871650203
 31
0.0
  0
LINE
  5
6F1
330
6EE
100
AcDbEntity
  8
DIM
 62
     8
440
 16777216
370
    -2
100
AcDbLine
 10
202212.9994813344
 20
-1973.375930605834
 30
0.0
 11
202212.9994813344
 21
-5626.348871650203
 31
0.0
  0
LINE
  5
6F2
330
6EE
100
AcDbEntity
  8
DIM
 62
     8
440
 16777216
370
    -2
100
AcDbLine
 10
199711.2561303112
 20
-5476.348871650203
 30
0.0
 11
201837.9994813344
 21
-5476.348871650203
 31
0.0
  0
INSERT
  5
6F3
330
6EE
100
AcDbEntity
  8
DIM
 62
     8
440
 16777216
370
    -2
100
AcDbBlockReference
  2
DIM1
 10
199336.2561303112
 20
-5476.348871650203
 30
0.0
 41
375.0
 42
375.0
 43
375.0
 50
180.0
  0
INSERT
  5
6F4
330
6EE
100
AcDbEntity
  8
DIM
 62
     8
440
 16777216
370
    -2
100
AcDbBlockReference
  2
DIM1
 10
202212.9994813344
 20
-5476.348871650203
 30
0.0
 41
375.0
 42
375.0
 43
375.0
  0
MTEXT
  5
6F5
330
6EE
100
AcDbEntity
  8
DIM
 62
     3
440
 16777216
100
AcDbMText
 10
200774.6278058228
 20
-5138.848871650203
 30
0.0
 40
375.0
 41
0.0
 46
0.0
 71
     5
 72
     1
  1
\A1;2d
  7
ROMANS
 73
     1
 44
1.0
  0
POINT
  5
6F6
330
6EE
100
AcDbEntity
  8
Defpoints
 62
     0
440
 16777216
100
AcDbPoint
 10
199336.2561303112
 20
-4265.429992717371
 30
0.0
  0
POINT
  5
6F7
330
6EE
100
AcDbEntity
  8
Defpoints
 62
     0
440
 16777216
100
AcDbPoint
 10
202212.9994813344
 20
-1823.375930605834
 30
0.0
  0
POINT
  5
6F8
330
6EE
100
AcDbEntity
  8
Defpoints
 62
     0
440
 16777216
100
AcDbPoint
 10
202212.9994813344
 20
-5476.348871650203
 30
0.0
  0
ENDBLK
  5
6F9
330
6EE
100
AcDbEntity
  8
0
100
AcDbBlockEnd
  0
BLOCK
  5
6FB
330
6FA
100
AcDbEntity
  8
0
100
AcDbBlockBegin
  2
*D44
 70
     1
 10
0.0
 20
0.0
 30
0.0
  3
*D44
  1

  0
LINE
  5
6FC
330
6FA
100
AcDbEntity
  8
DIM
 62
     1
440
 16777216
370
    -2
100
AcDbLine
 10
198904.8446276575
 20
3450.653546270771
 30
0.0
 11
201183.1456696238
 21
3450.653546270771
 31
0.0
  0
LINE
  5
6FD
330
6FA
100
AcDbEntity
  8
DIM
 62
     1
440
 16777216
370
    -2
100
AcDbLine
 10
199048.6817952087
 20
4889.025221782593
 30
0.0
 11
201183.1456696238
 21
4889.025221782593
 31
0.0
  0
LINE
  5
6FE
330
6FA
100
AcDbEntity
  8
DIM
 62
     1
440
 16777216
370
    -2
100
AcDbLine
 10
201183.0456696237
 20
3450.553546270771
 30
0.0
 11
201183.0456696237
 21
4889.125221782593
 31
0.0
  0
INSERT
  5
6FF
330
6FA
100
AcDbEntity
  8
DIM
 62
     1
440
 16777216
370
    -2
100
AcDbBlockReference
  2
_ArchTick
 10
201183.0456696237
 20
3450.653546270771
 30
0.0
 41
0.1
 42
0.1
 43
0.1
 50
270.0
  0
INSERT
  5
700
330
6FA
100
AcDbEntity
  8
DIM
 62
     1
440
 16777216
370
    -2
100
AcDbBlockReference
  2
_ArchTick
 10
201183.0456696237
 20
4889.025221782593
 30
0.0
 41
0.1
 42
0.1
 43
0.1
 50
90.0
  0
POINT
  5
701
330
6FA
100
AcDbEntity
  8
Defpoints
 62
     0
440
 16777216
100
AcDbPoint
 10
198904.7446276575
 20
3450.653546270771
 30
0.0
  0
POINT
  5
702
330
6FA
100
AcDbEntity
  8
Defpoints
 62
     0
440
 16777216
100
AcDbPoint
 10
199048.5817952087
 20
4889.025221782593
 30
0.0
  0
POINT
  5
703
330
6FA
100
AcDbEntity
  8
Defpoints
 62
     0
440
 16777216
100
AcDbPoint
 10
201183.0456696237
 20
4889.025221782593
 30
0.0
  0
ENDBLK
  5
704
330
6FA
100
AcDbEntity
  8
0
100
AcDbBlockEnd
  0
BLOCK
  5
706
330
705
100
AcDbEntity
  8
0
100
AcDbBlockBegin
  2
*D45
 70
     1
 10
0.0
 20
0.0
 30
0.0
  3
*D45
  1

  0
LINE
  5
707
330
705
100
AcDbEntity
  8
DIM
 62
     8
440
 16777216
370
    -2
100
AcDbLine
 10
199336.2561303112
 20
292.3986925935314
 30
0.0
 11
199336.2561303112
 21
2316.818471881881
 31
0.0
  0
LINE
  5
708
330
705
100
AcDbEntity
  8
DIM
 62
     8
440
 16777216
370
    -2
100
AcDbLine
 10
207007.5717330408
 20
-139.1128100600617
 30
0.0
 11
207007.5717330408
 21
2316.818471881881
 31
0.0
  0
LINE
  5
709
330
705
100
AcDbEntity
  8
DIM
 62
     8
440
 16777216
370
    -2
100
AcDbLine
 10
199711.2561303112
 20
2166.818471881881
 30
0.0
 11
206632.5717330407
 21
2166.818471881881
 31
0.0
  0
INSERT
  5
70A
330
705
100
AcDbEntity
  8
DIM
 62
     8
440
 16777216
370
    -2
100
AcDbBlockReference
  2
DIM1
 10
199336.2561303112
 20
2166.818471881881
 30
0.0
 41
375.0
 42
375.0
 43
375.0
 50
180.0
  0
INSERT
  5
70B
330
705
100
AcDbEntity
  8
DIM
 62
     8
440
 16777216
370
    -2
100
AcDbBlockReference
  2
DIM1
 10
207007.5717330408
 20
2166.818471881881
 30
0.0
 41
375.0
 42
375.0
 43
375.0
  0
MTEXT
  5
70C
330
705
100
AcDbEntity
  8
DIM
 62
     3
440
 16777216
100
AcDbMText
 10
203171.913931676
 20
2602.532757596167
 30
0.0
 40
375.0
 41
0.0
 46
0.0
 71
     5
 72
     1
  1
\A1;L/4
  7
ROMANS
 73
     1
 44
1.0
  0
POINT
  5
70D
330
705
100
AcDbEntity
  8
Defpoints
 62
     0
440
 16777216
100
AcDbPoint
 10
199336.2561303112
 20
142.3986925935314
 30
0.0
  0
POINT
  5
70E
330
705
100
AcDbEntity
  8
Defpoints
 62
     0
440
 16777216
100
AcDbPoint
 10
207007.5717330408
 20
-289.1128100600617
 30
0.0
  0
POINT
  5
70F
330
705
100
AcDbEntity
  8
Defpoints
 62
     0
440
 16777216
100
AcDbPoint
 10
207007.5717330408
 20
2166.818471881881
 30
0.0
  0
ENDBLK
  5
710
330
705
100
AcDbEntity
  8
0
100
AcDbBlockEnd
  0
BLOCK
  5
712
330
711
100
AcDbEntity
  8
0
100
AcDbBlockBegin
  2
*D46
 70
     1
 10
0.0
 20
0.0
 30
0.0
  3
*D46
  1

  0
LINE
  5
713
330
711
100
AcDbEntity
  8
DIM
 62
     8
440
 16777216
370
    -2
100
AcDbLine
 10
199336.2561303112
 20
292.3986925935314
 30
0.0
 11
199336.2561303112
 21
3271.788175601483
 31
0.0
  0
LINE
  5
714
330
711
100
AcDbEntity
  8
DIM
 62
     8
440
 16777216
370
    -2
100
AcDbLine
 10
207858.5144140856
 20
3026.771709114168
 30
0.0
 11
207858.5144140856
 21
3271.788175601483
 31
0.0
  0
LINE
  5
715
330
711
100
AcDbEntity
  8
DIM
 62
     8
440
 16777216
370
    -2
100
AcDbLine
 10
199711.2561303112
 20
3121.788175601484
 30
0.0
 11
207483.5144140855
 21
3121.788175601484
 31
0.0
  0
INSERT
  5
716
330
711
100
AcDbEntity
  8
DIM
 62
     8
440
 16777216
370
    -2
100
AcDbBlockReference
  2
DIM1
 10
199336.2561303112
 20
3121.788175601484
 30
0.0
 41
375.0
 42
375.0
 43
375.0
 50
180.0
  0
INSERT
  5
717
330
711
100
AcDbEntity
  8
DIM
 62
     8
440
 16777216
370
    -2
100
AcDbBlockReference
  2
DIM1
 10
207858.5144140856
 20
3121.788175601484
 30
0.0
 41
375.0
 42
375.0
 43
375.0
  0
MTEXT
  5
718
330
711
100
AcDbEntity
  8
DIM
 62
     3
440
 16777216
100
AcDbMText
 10
203597.3852721983
 20
3459.288175601483
 30
0.0
 40
375.0
 41
0.0
 46
0.0
 71
     5
 72
     1
  1
\A1;L
  7
ROMANS
 73
     1
 44
1.0
  0
POINT
  5
719
330
711
100
AcDbEntity
  8
Defpoints
 62
     0
440
 16777216
100
AcDbPoint
 10
199336.2561303112
 20
142.3986925935314
 30
0.0
  0
POINT
  5
71A
330
711
100
AcDbEntity
  8
Defpoints
 62
     0
440
 16777216
100
AcDbPoint
 10
207858.5144140856
 20
2876.771709114168
 30
0.0
  0
POINT
  5
71B
330
711
100
AcDbEntity
  8
Defpoints
 62
     0
440
 16777216
100
AcDbPoint
 10
207858.5144140856
 20
3121.788175601484
 30
0.0
  0
ENDBLK
  5
71C
330
711
100
AcDbEntity
  8
0
100
AcDbBlockEnd
  0
BLOCK
  5
71E
330
71D
100
AcDbEntity
  8
0
100
AcDbBlockBegin
  2
*D47
 70
     1
 10
0.0
 20
0.0
 30
0.0
  3
*D47
  1

  0
LINE
  5
71F
330
71D
100
AcDbEntity
  8
DIM
 62
     8
440
 16777216
370
    -2
100
AcDbLine
 10
240444.5538775466
 20
-38096.01914139975
 30
0.0
 11
239448.5083589904
 21
-38096.01914139975
 31
0.0
  0
LINE
  5
720
330
71D
100
AcDbEntity
  8
DIM
 62
     8
440
 16777216
370
    -2
100
AcDbLine
 10
240444.5538775466
 20
-38863.72741225675
 30
0.0
 11
239448.5083589904
 21
-38863.72741225675
 31
0.0
  0
LINE
  5
721
330
71D
100
AcDbEntity
  8
DIM
 62
     8
440
 16777216
370
    -2
100
AcDbLine
 10
239598.5083589904
 20
-37721.01914139975
 30
0.0
 11
239598.5083589904
 21
-37346.01914139975
 31
0.0
  0
LINE
  5
722
330
71D
100
AcDbEntity
  8
DIM
 62
     8
440
 16777216
370
    -2
100
AcDbLine
 10
239598.5083589904
 20
-39238.72741225675
 30
0.0
 11
239598.5083589904
 21
-39613.72741225675
 31
0.0
  0
INSERT
  5
723
330
71D
100
AcDbEntity
  8
DIM
 62
     8
440
 16777216
370
    -2
100
AcDbBlockReference
  2
DIM1
 10
239598.5083589904
 20
-38096.01914139975
 30
0.0
 41
375.0
 42
375.0
 43
375.0
 50
270.0
  0
INSERT
  5
724
330
71D
100
AcDbEntity
  8
DIM
 62
     8
440
 16777216
370
    -2
100
AcDbBlockReference
  2
DIM1
 10
239598.5083589904
 20
-38863.72741225675
 30
0.0
 41
375.0
 42
375.0
 43
375.0
 50
90.0
  0
MTEXT
  5
725
330
71D
100
AcDbEntity
  8
DIM
 62
     3
440
 16777216
100
AcDbMText
 10
238912.794073276
 20
-38479.87327682831
 30
0.0
 40
375.0
 41
0.0
 46
0.0
 71
     5
 72
     1
  1
\A1;"t"\PSLAB
  7
ROMANS
 11
0.0000000000000001
 21
1.0
 31
0.0
 73
     1
 44
1.0
  0
POINT
  5
726
330
71D
100
AcDbEntity
  8
Defpoints
 62
     0
440
 16777216
100
AcDbPoint
 10
240594.5538775466
 20
-38096.01914139975
 30
0.0
  0
POINT
  5
727
330
71D
100
AcDbEntity
  8
Defpoints
 62
     0
440
 16777216
100
AcDbPoint
 10
240594.5538775466
 20
-38863.72741225675
 30
0.0
  0
POINT
  5
728
330
71D
100
AcDbEntity
  8
Defpoints
 62
     0
440
 16777216
100
AcDbPoint
 10
239598.5083589904
 20
-38863.72741225675
 30
0.0
  0
ENDBLK
  5
729
330
71D
100
AcDbEntity
  8
0
100
AcDbBlockEnd
  0
BLOCK
  5
72B
330
72A
100
AcDbEntity
  8
0
100
AcDbBlockBegin
  2
*D48
 70
     1
 10
0.0
 20
0.0
 30
0.0
  3
*D48
  1

  0
LINE
  5
72C
330
72A
100
AcDbEntity
  8
DIM
 62
     8
440
 16777216
370
    -2
100
AcDbLine
 10
198103.9727127437
 20
-35924.86047172321
 30
0.0
 11
196206.2860473343
 21
-35924.86047172321
 31
0.0
  0
LINE
  5
72D
330
72A
100
AcDbEntity
  8
DIM
 62
     8
440
 16777216
370
    -2
100
AcDbLine
 10
198103.9727127437
 20
-35033.07003290586
 30
0.0
 11
196206.2860473343
 21
-35033.07003290586
 31
0.0
  0
LINE
  5
72E
330
72A
100
AcDbEntity
  8
DIM
 62
     8
440
 16777216
370
    -2
100
AcDbLine
 10
196356.2860473343
 20
-36299.86047172321
 30
0.0
 11
196356.2860473343
 21
-36674.86047172321
 31
0.0
  0
LINE
  5
72F
330
72A
100
AcDbEntity
  8
DIM
 62
     8
440
 16777216
370
    -2
100
AcDbLine
 10
196356.2860473343
 20
-34658.07003290586
 30
0.0
 11
196356.2860473343
 21
-34283.07003290586
 31
0.0
  0
INSERT
  5
730
330
72A
100
AcDbEntity
  8
DIM
 62
     8
440
 16777216
370
    -2
100
AcDbBlockReference
  2
DIM1
 10
196356.2860473343
 20
-35924.86047172321
 30
0.0
 41
375.0
 42
375.0
 43
375.0
 50
90.0
  0
INSERT
  5
731
330
72A
100
AcDbEntity
  8
DIM
 62
     8
440
 16777216
370
    -2
100
AcDbBlockReference
  2
DIM1
 10
196356.2860473343
 20
-35033.07003290586
 30
0.0
 41
375.0
 42
375.0
 43
375.0
 50
270.0
  0
MTEXT
  5
732
330
72A
100
AcDbEntity
  8
DIM
 62
     3
440
 16777216
100
AcDbMText
 10
196018.7860473343
 20
-35478.96525231458
 30
0.0
 40
375.0
 41
0.0
 46
0.0
 71
     5
 72
     1
  1
\A1;400
  7
ROMANS
 11
0.0000000000000001
 21
1.0
 31
0.0
 73
     1
 44
1.0
  0
POINT
  5
733
330
72A
100
AcDbEntity
  8
Defpoints
 62
     0
440
 16777216
100
AcDbPoint
 10
198253.9727127437
 20
-35924.86047172321
 30
0.0
  0
POINT
  5
734
330
72A
100
AcDbEntity
  8
Defpoints
 62
     0
440
 16777216
100
AcDbPoint
 10
198253.9727127437
 20
-35033.07003290586
 30
0.0
  0
POINT
  5
735
330
72A
100
AcDbEntity
  8
Defpoints
 62
     0
440
 16777216
100
AcDbPoint
 10
196356.2860473343
 20
-35033.07003290586
 30
0.0
  0
ENDBLK
  5
736
330
72A
100
AcDbEntity
  8
0
100
AcDbBlockEnd
  0
BLOCK
  5
738
330
737
100
AcDbEntity
  8
0
100
AcDbBlockBegin
  2
*D49
 70
     1
 10
0.0
 20
0.0
 30
0.0
  3
*D49
  1

  0
LINE
  5
739
330
737
100
AcDbEntity
  8
DIM
 62
     8
440
 16777216
370
    -2
100
AcDbLine
 10
198103.9727127437
 20
-39981.06859666652
 30
0.0
 11
196206.2860473343
 21
-39981.06859666652
 31
0.0
  0
LINE
  5
73A
330
737
100
AcDbEntity
  8
DIM
 62
     8
440
 16777216
370
    -2
100
AcDbLine
 10
198103.9727127437
 20
-39089.27815784917
 30
0.0
 11
196206.2860473343
 21
-39089.27815784917
 31
0.0
  0
LINE
  5
73B
330
737
100
AcDbEntity
  8
DIM
 62
     8
440
 16777216
370
    -2
100
AcDbLine
 10
196356.2860473343
 20
-40356.06859666652
 30
0.0
 11
196356.2860473343
 21
-40731.06859666651
 31
0.0
  0
LINE
  5
73C
330
737
100
AcDbEntity
  8
DIM
 62
     8
440
 16777216
370
    -2
100
AcDbLine
 10
196356.2860473343
 20
-38714.27815784917
 30
0.0
 11
196356.2860473343
 21
-38339.27815784917
 31
0.0
  0
INSERT
  5
73D
330
737
100
AcDbEntity
  8
DIM
 62
     8
440
 16777216
370
    -2
100
AcDbBlockReference
  2
DIM1
 10
196356.2860473343
 20
-39981.06859666652
 30
0.0
 41
375.0
 42
375.0
 43
375.0
 50
90.0
  0
INSERT
  5
73E
330
737
100
AcDbEntity
  8
DIM
 62
     8
440
 16777216
370
    -2
100
AcDbBlockReference
  2
DIM1
 10
196356.2860473343
 20
-39089.27815784917
 30
0.0
 41
375.0
 42
375.0
 43
375.0
 50
270.0
  0
MTEXT
  5
73F
330
737
100
AcDbEntity
  8
DIM
 62
     3
440
 16777216
100
AcDbMText
 10
196018.7860473343
 20
-39535.1733772579
 30
0.0
 40
375.0
 41
0.0
 46
0.0
 71
     5
 72
     1
  1
\A1;400
  7
ROMANS
 11
0.0000000000000001
 21
1.0
 31
0.0
 73
     1
 44
1.0
  0
POINT
  5
740
330
737
100
AcDbEntity
  8
Defpoints
 62
     0
440
 16777216
100
AcDbPoint
 10
198253.9727127437
 20
-39981.06859666652
 30
0.0
  0
POINT
  5
741
330
737
100
AcDbEntity
  8
Defpoints
 62
     0
440
 16777216
100
AcDbPoint
 10
198253.9727127437
 20
-39089.27815784917
 30
0.0
  0
POINT
  5
742
330
737
100
AcDbEntity
  8
Defpoints
 62
     0
440
 16777216
100
AcDbPoint
 10
196356.2860473343
 20
-39089.27815784917
 30
0.0
  0
ENDBLK
  5
743
330
737
100
AcDbEntity
  8
0
100
AcDbBlockEnd
  0
BLOCK
  5
745
330
744
100
AcDbEntity
  8
0
100
AcDbBlockBegin
  2
*D50
 70
     1
 10
0.0
 20
0.0
 30
0.0
  3
*D50
  1

  0
LINE
  5
746
330
744
100
AcDbEntity
  8
DIM
 62
     8
440
 16777216
370
    -2
100
AcDbLine
 10
244810.0807138276
 20
-16998.57267976057
 30
0.0
 11
244810.0807138276
 21
-14424.18940330069
 31
0.0
  0
LINE
  5
747
330
744
100
AcDbEntity
  8
DIM
 62
     8
440
 16777216
370
    -2
100
AcDbLine
 10
248406.0099026072
 20
-16998.57267976057
 30
0.0
 11
248406.0099026072
 21
-14424.18940330069
 31
0.0
  0
LINE
  5
748
330
744
100
AcDbEntity
  8
DIM
 62
     8
440
 16777216
370
    -2
100
AcDbLine
 10
245185.0807138276
 20
-14574.1894033007
 30
0.0
 11
248031.0099026072
 21
-14574.1894033007
 31
0.0
  0
INSERT
  5
749
330
744
100
AcDbEntity
  8
DIM
 62
     8
440
 16777216
370
    -2
100
AcDbBlockReference
  2
DIM1
 10
244810.0807138276
 20
-14574.1894033007
 30
0.0
 41
375.0
 42
375.0
 43
375.0
 50
180.0
  0
INSERT
  5
74A
330
744
100
AcDbEntity
  8
DIM
 62
     8
440
 16777216
370
    -2
100
AcDbBlockReference
  2
DIM1
 10
248406.0099026072
 20
-14574.1894033007
 30
0.0
 41
375.0
 42
375.0
 43
375.0
  0
MTEXT
  5
74B
330
744
100
AcDbEntity
  8
DIM
 62
     3
440
 16777216
100
AcDbMText
 10
246608.0453082174
 20
-14236.68940330069
 30
0.0
 40
375.0
 41
0.0
 46
0.0
 71
     5
 72
     1
  1
\A1;w
  7
ROMANS
 73
     1
 44
1.0
  0
POINT
  5
74C
330
744
100
AcDbEntity
  8
Defpoints
 62
     0
440
 16777216
100
AcDbPoint
 10
244810.0807138276
 20
-17148.57267976057
 30
0.0
  0
POINT
  5
74D
330
744
100
AcDbEntity
  8
Defpoints
 62
     0
440
 16777216
100
AcDbPoint
 10
248406.0099026072
 20
-17148.57267976057
 30
0.0
  0
POINT
  5
74E
330
744
100
AcDbEntity
  8
Defpoints
 62
     0
440
 16777216
100
AcDbPoint
 10
248406.0099026072
 20
-14574.1894033007
 30
0.0
  0
ENDBLK
  5
74F
330
744
100
AcDbEntity
  8
0
100
AcDbBlockEnd
  0
BLOCK
  5
751
330
750
100
AcDbEntity
  8
0
100
AcDbBlockBegin
  2
*D51
 70
     1
 10
0.0
 20
0.0
 30
0.0
  3
*D51
  1

  0
LINE
  5
752
330
750
100
AcDbEntity
  8
DIM
 62
     8
440
 16777216
370
    -2
100
AcDbLine
 10
244660.0807138278
 20
-24134.78030856461
 30
0.0
 11
241894.5415837399
 21
-24134.78030856461
 31
0.0
  0
LINE
  5
753
330
750
100
AcDbEntity
  8
DIM
 62
     8
440
 16777216
370
    -2
100
AcDbLine
 10
244660.0807138278
 20
-17148.57267976058
 30
0.0
 11
241894.5415837399
 21
-17148.57267976058
 31
0.0
  0
LINE
  5
754
330
750
100
AcDbEntity
  8
DIM
 62
     8
440
 16777216
370
    -2
100
AcDbLine
 10
242044.5415837399
 20
-23759.78030856461
 30
0.0
 11
242044.5415837399
 21
-17523.57267976058
 31
0.0
  0
INSERT
  5
755
330
750
100
AcDbEntity
  8
DIM
 62
     8
440
 16777216
370
    -2
100
AcDbBlockReference
  2
DIM1
 10
242044.5415837399
 20
-24134.78030856461
 30
0.0
 41
375.0
 42
375.0
 43
375.0
 50
270.0
  0
INSERT
  5
756
330
750
100
AcDbEntity
  8
DIM
 62
     8
440
 16777216
370
    -2
100
AcDbBlockReference
  2
DIM1
 10
242044.5415837399
 20
-17148.57267976058
 30
0.0
 41
375.0
 42
375.0
 43
375.0
 50
90.0
  0
MTEXT
  5
757
330
750
100
AcDbEntity
  8
DIM
 62
     3
440
 16777216
100
AcDbMText
 10
241707.0415837398
 20
-20641.67649416266
 30
0.0
 40
375.0
 41
0.0
 46
0.0
 71
     5
 72
     1
  1
\A1;H
  7
ROMANS
 11
0.0000000000000001
 21
1.0
 31
0.0
 73
     1
 44
1.0
  0
POINT
  5
758
330
750
100
AcDbEntity
  8
Defpoints
 62
     0
440
 16777216
100
AcDbPoint
 10
244810.0807138278
 20
-24134.78030856461
 30
0.0
  0
POINT
  5
759
330
750
100
AcDbEntity
  8
Defpoints
 62
     0
440
 16777216
100
AcDbPoint
 10
244810.0807138278
 20
-17148.57267976058
 30
0.0
  0
POINT
  5
75A
330
750
100
AcDbEntity
  8
Defpoints
 62
     0
440
 16777216
100
AcDbPoint
 10
242044.5415837399
 20
-17148.57267976058
 30
0.0
  0
ENDBLK
  5
75B
330
750
100
AcDbEntity
  8
0
100
AcDbBlockEnd
  0
BLOCK
  5
75D
330
75C
100
AcDbEntity
  8
0
100
AcDbBlockBegin
  2
*D52
 70
     1
 10
0.0
 20
0.0
 30
0.0
  3
*D52
  1

  0
LINE
  5
75E
330
75C
100
AcDbEntity
  8
DIM
 62
     8
440
 16777216
370
    -2
100
AcDbLine
 10
244660.0807138278
 20
-17148.57267976058
 30
0.0
 11
241894.5415837374
 21
-17148.57267976058
 31
0.0
  0
LINE
  5
75F
330
75C
100
AcDbEntity
  8
DIM
 62
     8
440
 16777216
370
    -2
100
AcDbLine
 10
244480.284254389
 20
-15854.03817179992
 30
0.0
 11
241894.5415837374
 21
-15854.03817179992
 31
0.0
  0
LINE
  5
760
330
75C
100
AcDbEntity
  8
DIM
 62
     8
440
 16777216
370
    -2
100
AcDbLine
 10
242044.5415837374
 20
-16773.57267976058
 30
0.0
 11
242044.5415837374
 21
-16229.03817179992
 31
0.0
  0
INSERT
  5
761
330
75C
100
AcDbEntity
  8
DIM
 62
     8
440
 16777216
370
    -2
100
AcDbBlockReference
  2
DIM1
 10
242044.5415837374
 20
-17148.57267976058
 30
0.0
 41
375.0
 42
375.0
 43
375.0
 50
270.0
  0
INSERT
  5
762
330
75C
100
AcDbEntity
  8
DIM
 62
     8
440
 16777216
370
    -2
100
AcDbBlockReference
  2
DIM1
 10
242044.5415837374
 20
-15854.03817179992
 30
0.0
 41
375.0
 42
375.0
 43
375.0
 50
90.0
  0
MTEXT
  5
763
330
75C
100
AcDbEntity
  8
DIM
 62
     3
440
 16777216
100
AcDbMText
 10
240983.8272980231
 20
-16501.30542578031
 30
0.0
 40
375.0
 41
0.0
 46
0.0
 71
     5
 72
     1
  1
\A1;SEE TABLE OF\PANCHORAGE LENGTH\P(TYPICAL)
  7
ROMANS
 11
0.0000000000000001
 21
1.0
 31
0.0
 73
     1
 44
1.0
  0
POINT
  5
764
330
75C
100
AcDbEntity
  8
Defpoints
 62
     0
440
 16777216
100
AcDbPoint
 10
244810.0807138278
 20
-17148.57267976058
 30
0.0
  0
POINT
  5
765
330
75C
100
AcDbEntity
  8
Defpoints
 62
     0
440
 16777216
100
AcDbPoint
 10
244630.284254389
 20
-15854.03817179992
 30
0.0
  0
POINT
  5
766
330
75C
100
AcDbEntity
  8
Defpoints
 62
     0
440
 16777216
100
AcDbPoint
 10
242044.5415837374
 20
-15854.03817179992
 30
0.0
  0
ENDBLK
  5
767
330
75C
100
AcDbEntity
  8
0
100
AcDbBlockEnd
  0
BLOCK
  5
769
330
768
100
AcDbEntity
  8
0
100
AcDbBlockBegin
  2
*D53
 70
     1
 10
0.0
 20
0.0
 30
0.0
  3
*D53
  1

  0
LINE
  5
76A
330
768
100
AcDbEntity
  8
DIM
 62
     8
440
 16777216
370
    -2
100
AcDbLine
 10
282104.0978846957
 20
8027.558237573922
 30
0.0
 11
275417.1130130363
 21
8027.558237573918
 31
0.0
  0
LINE
  5
76B
330
768
100
AcDbEntity
  8
DIM
 62
     8
440
 16777216
370
    -2
100
AcDbLine
 10
277742.1311595833
 20
5630.272111720961
 30
0.0
 11
275417.1130130363
 21
5630.272111720959
 31
0.0
  0
LINE
  5
76C
330
768
100
AcDbEntity
  8
DIM
 62
     8
440
 16777216
370
    -2
100
AcDbLine
 10
275567.1130130363
 20
7652.558237573919
 30
0.0
 11
275567.1130130363
 21
6005.272111720959
 31
0.0
  0
INSERT
  5
76D
330
768
100
AcDbEntity
  8
DIM
 62
     8
440
 16777216
370
    -2
100
AcDbBlockReference
  2
DIM1
 10
275567.1130130363
 20
8027.558237573918
 30
0.0
 41
375.0
 42
375.0
 43
375.0
 50
90.0
  0
INSERT
  5
76E
330
768
100
AcDbEntity
  8
DIM
 62
     8
440
 16777216
370
    -2
100
AcDbBlockReference
  2
DIM1
 10
275567.1130130363
 20
5630.272111720959
 30
0.0
 41
375.0
 42
375.0
 43
375.0
 50
270.0
  0
MTEXT
  5
76F
330
768
100
AcDbEntity
  8
DIM
 62
     3
440
 16777216
100
AcDbMText
 10
275229.6130130362
 20
6828.91517464736
 30
0.0
 40
375.0
 41
0.0
 46
0.0
 71
     5
 72
     1
  1
\A1;550
  7
ROMANS
 11
0.0000000000000001
 21
1.0
 31
0.0
 73
     1
 44
1.0
  0
POINT
  5
770
330
768
100
AcDbEntity
  8
Defpoints
 62
     0
440
 16777216
100
AcDbPoint
 10
282254.0978846956
 20
8027.558237573922
 30
0.0
  0
POINT
  5
771
330
768
100
AcDbEntity
  8
Defpoints
 62
     0
440
 16777216
100
AcDbPoint
 10
277892.1311595832
 20
5630.272111720961
 30
0.0
  0
POINT
  5
772
330
768
100
AcDbEntity
  8
Defpoints
 62
     0
440
 16777216
100
AcDbPoint
 10
275567.1130130363
 20
5630.272111720959
 30
0.0
  0
ENDBLK
  5
773
330
768
100
AcDbEntity
  8
0
100
AcDbBlockEnd
  0
BLOCK
  5
775
330
774
100
AcDbEntity
  8
0
100
AcDbBlockBegin
  2
*D54
 70
     1
 10
0.0
 20
0.0
 30
0.0
  3
*D54
  1

  0
LINE
  5
776
330
774
100
AcDbEntity
  8
DIM
 62
     8
440
 16777216
370
    -2
100
AcDbLine
 10
287437.3047250474
 20
4479.574771311455
 30
0.0
 11
289212.1427395843
 21
4479.574771311457
 31
0.0
  0
LINE
  5
777
330
774
100
AcDbEntity
  8
DIM
 62
     8
440
 16777216
370
    -2
100
AcDbLine
 10
287437.3047250474
 20
5630.272111720961
 30
0.0
 11
289212.1427395843
 21
5630.272111720961
 31
0.0
  0
LINE
  5
778
330
774
100
AcDbEntity
  8
DIM
 62
     8
440
 16777216
370
    -2
100
AcDbLine
 10
289062.1427395842
 20
4854.574771311457
 30
0.0
 11
289062.1427395842
 21
5255.272111720961
 31
0.0
  0
INSERT
  5
779
330
774
100
AcDbEntity
  8
DIM
 62
     8
440
 16777216
370
    -2
100
AcDbBlockReference
  2
DIM1
 10
289062.1427395842
 20
4479.574771311457
 30
0.0
 41
375.0
 42
375.0
 43
375.0
 50
270.0
  0
INSERT
  5
77A
330
774
100
AcDbEntity
  8
DIM
 62
     8
440
 16777216
370
    -2
100
AcDbBlockReference
  2
DIM1
 10
289062.1427395842
 20
5630.272111720961
 30
0.0
 41
375.0
 42
375.0
 43
375.0
 50
90.0
  0
MTEXT
  5
77B
330
774
100
AcDbEntity
  8
DIM
 62
     3
440
 16777216
100
AcDbMText
 10
288412.1427395842
 20
5054.923441516127
 30
0.0
 40
375.0
 41
0.0
 46
0.0
 71
     5
 72
     1
  1
\A1;WALLS LESS THAN\P200 mm THK.
  7
ROMANS
 11
0.0000000000000001
 21
1.0
 31
0.0
 73
     1
 44
1.0
  0
POINT
  5
77C
330
774
100
AcDbEntity
  8
Defpoints
 62
     0
440
 16777216
100
AcDbPoint
 10
287287.3047250473
 20
4479.574771311455
 30
0.0
  0
POINT
  5
77D
330
774
100
AcDbEntity
  8
Defpoints
 62
     0
440
 16777216
100
AcDbPoint
 10
287287.3047250473
 20
5630.272111720961
 30
0.0
  0
POINT
  5
77E
330
774
100
AcDbEntity
  8
Defpoints
 62
     0
440
 16777216
100
AcDbPoint
 10
289062.1427395842
 20
5630.272111720961
 30
0.0
  0
ENDBLK
  5
77F
330
774
100
AcDbEntity
  8
0
100
AcDbBlockEnd
  0
BLOCK
  5
781
330
780
100
AcDbEntity
  8
0
100
AcDbBlockBegin
  2
*D55
 70
     1
 10
0.0
 20
0.0
 30
0.0
  3
*D55
  1

  0
LINE
  5
782
330
780
100
AcDbEntity
  8
DIM
 62
     8
440
 16777216
370
    -2
100
AcDbLine
 10
277562.1915174394
 20
-3804.386210275961
 30
0.0
 11
276740.0687910074
 21
-3804.386210275962
 31
0.0
  0
LINE
  5
783
330
780
100
AcDbEntity
  8
DIM
 62
     8
440
 16777216
370
    -2
100
AcDbLine
 10
282547.4526352735
 20
-1137.719543609216
 30
0.0
 11
276740.0687910074
 21
-1137.719543609216
 31
0.0
  0
LINE
  5
784
330
780
100
AcDbEntity
  8
DIM
 62
     8
440
 16777216
370
    -2
100
AcDbLine
 10
276890.0687910074
 20
-3429.386210275962
 30
0.0
 11
276890.0687910074
 21
-1512.719543609216
 31
0.0
  0
INSERT
  5
785
330
780
100
AcDbEntity
  8
DIM
 62
     8
440
 16777216
370
    -2
100
AcDbBlockReference
  2
DIM1
 10
276890.0687910074
 20
-3804.386210275962
 30
0.0
 41
375.0
 42
375.0
 43
375.0
 50
270.0
  0
INSERT
  5
786
330
780
100
AcDbEntity
  8
DIM
 62
     8
440
 16777216
370
    -2
100
AcDbBlockReference
  2
DIM1
 10
276890.0687910074
 20
-1137.719543609216
 30
0.0
 41
375.0
 42
375.0
 43
375.0
 50
90.0
  0
MTEXT
  5
787
330
780
100
AcDbEntity
  8
DIM
 62
     3
440
 16777216
100
AcDbMText
 10
276552.5687910073
 20
-2471.052876942667
 30
0.0
 40
375.0
 41
0.0
 46
0.0
 71
     5
 72
     1
  1
\A1;550
  7
ROMANS
 11
0.0000000000000001
 21
1.0
 31
0.0
 73
     1
 44
1.0
  0
POINT
  5
788
330
780
100
AcDbEntity
  8
Defpoints
 62
     0
440
 16777216
100
AcDbPoint
 10
277712.1915174394
 20
-3804.386210275961
 30
0.0
  0
POINT
  5
789
330
780
100
AcDbEntity
  8
Defpoints
 62
     0
440
 16777216
100
AcDbPoint
 10
282697.4526352735
 20
-1137.719543609216
 30
0.0
  0
POINT
  5
78A
330
780
100
AcDbEntity
  8
Defpoints
 62
     0
440
 16777216
100
AcDbPoint
 10
276890.0687910074
 20
-1137.719543609216
 30
0.0
  0
ENDBLK
  5
78B
330
780
100
AcDbEntity
  8
0
100
AcDbBlockEnd
  0
BLOCK
  5
78D
330
78C
100
AcDbEntity
  8
0
100
AcDbBlockBegin
  2
*D56
 70
     1
 10
0.0
 20
0.0
 30
0.0
  3
*D56
  1

  0
LINE
  5
78E
330
78C
100
AcDbEntity
  8
DIM
 62
     8
440
 16777216
370
    -2
100
AcDbLine
 10
282799.5069127564
 20
-4475.62632551478
 30
0.0
 11
284473.885113063
 21
-4475.62632551478
 31
0.0
  0
LINE
  5
78F
330
78C
100
AcDbEntity
  8
DIM
 62
     8
440
 16777216
370
    -2
100
AcDbLine
 10
282943.3440803077
 20
-2078.340199661821
 30
0.0
 11
284473.885113063
 21
-2078.34019966182
 31
0.0
  0
LINE
  5
790
330
78C
100
AcDbEntity
  8
DIM
 62
     8
440
 16777216
370
    -2
100
AcDbLine
 10
284323.885113063
 20
-4100.62632551478
 30
0.0
 11
284323.885113063
 21
-2453.34019966182
 31
0.0
  0
INSERT
  5
791
330
78C
100
AcDbEntity
  8
DIM
 62
     8
440
 16777216
370
    -2
100
AcDbBlockReference
  2
DIM1
 10
284323.885113063
 20
-4475.62632551478
 30
0.0
 41
375.0
 42
375.0
 43
375.0
 50
270.0
  0
INSERT
  5
792
330
78C
100
AcDbEntity
  8
DIM
 62
     8
440
 16777216
370
    -2
100
AcDbBlockReference
  2
DIM1
 10
284323.885113063
 20
-2078.34019966182
 30
0.0
 41
375.0
 42
375.0
 43
375.0
 50
90.0
  0
MTEXT
  5
793
330
78C
100
AcDbEntity
  8
DIM
 62
     3
440
 16777216
100
AcDbMText
 10
283986.3851130629
 20
-3276.98326258838
 30
0.0
 40
375.0
 41
0.0
 46
0.0
 71
     5
 72
     1
  1
\A1;550
  7
ROMANS
 11
0.0000000000000001
 21
1.0
 31
0.0
 73
     1
 44
1.0
  0
MTEXT
  5
794
330
78C
100
AcDbEntity
  8
DIM
 62
     3
440
 16777216
100
AcDbMText
 10
284759.5993987772
 20
-3276.98326258838
 30
0.0
 40
375.0
 41
0.0
 46
0.0
 71
     5
 72
     1
  1
\A1;(TYP.)
  7
ROMANS
 11
0.0000000000000001
 21
1.0
 31
0.0
 73
     1
 44
1.0
  0
POINT
  5
795
330
78C
100
AcDbEntity
  8
Defpoints
 62
     0
440
 16777216
100
AcDbPoint
 10
282649.5069127564
 20
-4475.62632551478
 30
0.0
  0
POINT
  5
796
330
78C
100
AcDbEntity
  8
Defpoints
 62
     0
440
 16777216
100
AcDbPoint
 10
282793.3440803077
 20
-2078.340199661821
 30
0.0
  0
POINT
  5
797
330
78C
100
AcDbEntity
  8
Defpoints
 62
     0
440
 16777216
100
AcDbPoint
 10
284323.885113063
 20
-2078.34019966182
 30
0.0
  0
ENDBLK
  5
798
330
78C
100
AcDbEntity
  8
0
100
AcDbBlockEnd
  0
BLOCK
  5
79A
330
799
100
AcDbEntity
  8
0
100
AcDbBlockBegin
  2
*D57
 70
     1
 10
0.0
 20
0.0
 30
0.0
  3
*D57
  1

  0
LINE
  5
79B
330
799
100
AcDbEntity
  8
DIM
 62
     8
440
 16777216
370
    -2
100
AcDbLine
 10
279676.8721166984
 20
-4673.57204803187
 30
0.0
 11
279676.8721166984
 21
-5751.972190618428
 31
0.0
  0
LINE
  5
79C
330
799
100
AcDbEntity
  8
DIM
 62
     8
440
 16777216
370
    -2
100
AcDbLine
 10
282074.1582425516
 20
-4529.734880480595
 30
0.0
 11
282074.1582425516
 21
-5751.972190618428
 31
0.0
  0
LINE
  5
79D
330
799
100
AcDbEntity
  8
DIM
 62
     8
440
 16777216
370
    -2
100
AcDbLine
 10
280051.8721166984
 20
-5601.972190618428
 30
0.0
 11
281699.1582425517
 21
-5601.972190618428
 31
0.0
  0
INSERT
  5
79E
330
799
100
AcDbEntity
  8
DIM
 62
     8
440
 16777216
370
    -2
100
AcDbBlockReference
  2
DIM1
 10
279676.8721166984
 20
-5601.972190618428
 30
0.0
 41
375.0
 42
375.0
 43
375.0
 50
180.0
  0
INSERT
  5
79F
330
799
100
AcDbEntity
  8
DIM
 62
     8
440
 16777216
370
    -2
100
AcDbBlockReference
  2
DIM1
 10
282074.1582425516
 20
-5601.972190618428
 30
0.0
 41
375.0
 42
375.0
 43
375.0
  0
MTEXT
  5
7A0
330
799
100
AcDbEntity
  8
DIM
 62
     3
440
 16777216
100
AcDbMText
 10
280875.515179625
 20
-5264.472190618428
 30
0.0
 40
375.0
 41
0.0
 46
0.0
 71
     5
 72
     1
  1
\A1;550
  7
ROMANS
 73
     1
 44
1.0
  0
MTEXT
  5
7A1
330
799
100
AcDbEntity
  8
DIM
 62
     3
440
 16777216
100
AcDbMText
 10
280875.515179625
 20
-6037.686476332714
 30
0.0
 40
375.0
 41
0.0
 46
0.0
 71
     5
 72
     1
  1
\A1;(TYP.)
  7
ROMANS
 73
     1
 44
1.0
  0
POINT
  5
7A2
330
799
100
AcDbEntity
  8
Defpoints
 62
     0
440
 16777216
100
AcDbPoint
 10
279676.8721166984
 20
-4523.57204803187
 30
0.0
  0
POINT
  5
7A3
330
799
100
AcDbEntity
  8
Defpoints
 62
     0
440
 16777216
100
AcDbPoint
 10
282074.1582425516
 20
-4379.734880480595
 30
0.0
  0
POINT
  5
7A4
330
799
100
AcDbEntity
  8
Defpoints
 62
     0
440
 16777216
100
AcDbPoint
 10
282074.1582425516
 20
-5601.972190618428
 30
0.0
  0
ENDBLK
  5
7A5
330
799
100
AcDbEntity
  8
0
100
AcDbBlockEnd
  0
BLOCK
  5
7A7
330
7A6
100
AcDbEntity
  8
0
100
AcDbBlockBegin
  2
*D58
 70
     1
 10
0.0
 20
0.0
 30
0.0
  3
*D58
  1

  0
LINE
  5
7A8
330
7A6
100
AcDbEntity
  8
DIM
 62
     8
440
 16777216
370
    -2
100
AcDbLine
 10
224562.808429971
 20
-18000.98366505269
 30
0.0
 11
222639.3932452687
 21
-18000.98366505269
 31
0.0
  0
LINE
  5
7A9
330
7A6
100
AcDbEntity
  8
DIM
 62
     8
440
 16777216
370
    -2
100
AcDbLine
 10
224290.6926527607
 20
-18219.76610892988
 30
0.0
 11
222639.3932452687
 21
-18219.76610892988
 31
0.0
  0
LINE
  5
7AA
330
7A6
100
AcDbEntity
  8
DIM
 62
     8
440
 16777216
370
    -2
100
AcDbLine
 10
222789.3932452687
 20
-17625.98366505269
 30
0.0
 11
222789.3932452687
 21
-17250.98366505269
 31
0.0
  0
LINE
  5
7AB
330
7A6
100
AcDbEntity
  8
DIM
 62
     8
440
 16777216
370
    -2
100
AcDbLine
 10
222789.3932452687
 20
-18594.76610892988
 30
0.0
 11
222789.3932452687
 21
-18969.76610892988
 31
0.0
  0
INSERT
  5
7AC
330
7A6
100
AcDbEntity
  8
DIM
 62
     8
440
 16777216
370
    -2
100
AcDbBlockReference
  2
DIM1
 10
222789.3932452687
 20
-18000.98366505269
 30
0.0
 41
375.0
 42
375.0
 43
375.0
 50
270.0
  0
INSERT
  5
7AD
330
7A6
100
AcDbEntity
  8
DIM
 62
     8
440
 16777216
370
    -2
100
AcDbBlockReference
  2
DIM1
 10
222789.3932452687
 20
-18219.76610892988
 30
0.0
 41
375.0
 42
375.0
 43
375.0
 50
90.0
  0
MTEXT
  5
7AE
330
7A6
100
AcDbEntity
  8
DIM
 62
     3
440
 16777216
100
AcDbMText
 10
222451.8932452686
 20
-18110.37488699135
 30
0.0
 40
375.0
 41
0.0
 46
0.0
 71
     5
 72
     1
  1
\A1;40
  7
ROMANS
 11
0.0000000000000001
 21
1.0
 31
0.0
 73
     1
 44
1.0
  0
POINT
  5
7AF
330
7A6
100
AcDbEntity
  8
Defpoints
 62
     0
440
 16777216
100
AcDbPoint
 10
224712.808429971
 20
-18000.98366505269
 30
0.0
  0
POINT
  5
7B0
330
7A6
100
AcDbEntity
  8
Defpoints
 62
     0
440
 16777216
100
AcDbPoint
 10
224440.6926527607
 20
-18219.76610892988
 30
0.0
  0
POINT
  5
7B1
330
7A6
100
AcDbEntity
  8
Defpoints
 62
     0
440
 16777216
100
AcDbPoint
 10
222789.3932452687
 20
-18219.76610892988
 30
0.0
  0
ENDBLK
  5
7B2
330
7A6
100
AcDbEntity
  8
0
100
AcDbBlockEnd
  0
BLOCK
  5
7B4
330
7B3
100
AcDbEntity
  8
0
100
AcDbBlockBegin
  2
*D59
 70
     1
 10
0.0
 20
0.0
 30
0.0
  3
*D59
  1

  0
LINE
  5
7B5
330
7B3
100
AcDbEntity
  8
DIM
 62
     8
440
 16777216
370
    -2
100
AcDbLine
 10
224562.808429971
 20
-16688.2890017893
 30
0.0
 11
222639.3932452687
 21
-16688.2890017893
 31
0.0
  0
LINE
  5
7B6
330
7B3
100
AcDbEntity
  8
DIM
 62
     8
440
 16777216
370
    -2
100
AcDbLine
 10
223415.5628772519
 20
-16469.50655791211
 30
0.0
 11
222639.3932452687
 21
-16469.50655791211
 31
0.0
  0
LINE
  5
7B7
330
7B3
100
AcDbEntity
  8
DIM
 62
     8
440
 16777216
370
    -2
100
AcDbLine
 10
222789.3932452687
 20
-17063.2890017893
 30
0.0
 11
222789.3932452687
 21
-17438.2890017893
 31
0.0
  0
LINE
  5
7B8
330
7B3
100
AcDbEntity
  8
DIM
 62
     8
440
 16777216
370
    -2
100
AcDbLine
 10
222789.3932452687
 20
-16094.50655791211
 30
0.0
 11
222789.3932452687
 21
-15719.50655791211
 31
0.0
  0
INSERT
  5
7B9
330
7B3
100
AcDbEntity
  8
DIM
 62
     8
440
 16777216
370
    -2
100
AcDbBlockReference
  2
DIM1
 10
222789.3932452687
 20
-16688.2890017893
 30
0.0
 41
375.0
 42
375.0
 43
375.0
 50
90.0
  0
INSERT
  5
7BA
330
7B3
100
AcDbEntity
  8
DIM
 62
     8
440
 16777216
370
    -2
100
AcDbBlockReference
  2
DIM1
 10
222789.3932452687
 20
-16469.50655791211
 30
0.0
 41
375.0
 42
375.0
 43
375.0
 50
270.0
  0
MTEXT
  5
7BB
330
7B3
100
AcDbEntity
  8
DIM
 62
     3
440
 16777216
100
AcDbMText
 10
222451.8932452686
 20
-16578.89777985077
 30
0.0
 40
375.0
 41
0.0
 46
0.0
 71
     5
 72
     1
  1
\A1;40
  7
ROMANS
 11
0.0000000000000001
 21
1.0
 31
0.0
 73
     1
 44
1.0
  0
POINT
  5
7BC
330
7B3
100
AcDbEntity
  8
Defpoints
 62
     0
440
 16777216
100
AcDbPoint
 10
224712.808429971
 20
-16688.2890017893
 30
0.0
  0
POINT
  5
7BD
330
7B3
100
AcDbEntity
  8
Defpoints
 62
     0
440
 16777216
100
AcDbPoint
 10
223565.5628772519
 20
-16469.50655791211
 30
0.0
  0
POINT
  5
7BE
330
7B3
100
AcDbEntity
  8
Defpoints
 62
     0
440
 16777216
100
AcDbPoint
 10
222789.3932452687
 20
-16469.50655791211
 30
0.0
  0
ENDBLK
  5
7BF
330
7B3
100
AcDbEntity
  8
0
100
AcDbBlockEnd
  0
BLOCK
  5
7C1
330
7C0
100
AcDbEntity
  8
0
100
AcDbBlockBegin
  2
*D60
 70
     1
 10
0.0
 20
0.0
 30
0.0
  3
*D60
  1

  0
LINE
  5
7C2
330
7C0
100
AcDbEntity
  8
DIM
 62
     8
440
 16777216
370
    -2
100
AcDbLine
 10
226919.7707447728
 20
-57712.0441118715
 30
0.0
 11
228896.7062358182
 21
-57712.0441118715
 31
0.0
  0
LINE
  5
7C3
330
7C0
100
AcDbEntity
  8
DIM
 62
     8
440
 16777216
370
    -2
100
AcDbLine
 10
226919.7707447723
 20
-59563.61188090814
 30
0.0
 11
228896.7062358182
 21
-59563.61188090814
 31
0.0
  0
LINE
  5
7C4
330
7C0
100
AcDbEntity
  8
DIM
 62
     8
440
 16777216
370
    -2
100
AcDbLine
 10
228746.7062358182
 20
-58087.04411187151
 30
0.0
 11
228746.7062358182
 21
-59188.61188090813
 31
0.0
  0
INSERT
  5
7C5
330
7C0
100
AcDbEntity
  8
DIM
 62
     8
440
 16777216
370
    -2
100
AcDbBlockReference
  2
DIM1
 10
228746.7062358182
 20
-57712.0441118715
 30
0.0
 41
375.0
 42
375.0
 43
375.0
 50
90.0
  0
INSERT
  5
7C6
330
7C0
100
AcDbEntity
  8
DIM
 62
     8
440
 16777216
370
    -2
100
AcDbBlockReference
  2
DIM1
 10
228746.7062358182
 20
-59563.61188090814
 30
0.0
 41
375.0
 42
375.0
 43
375.0
 50
270.0
  0
MTEXT
  5
7C7
330
7C0
100
AcDbEntity
  8
DIM
 62
     3
440
 16777216
100
AcDbMText
 10
228746.7062358181
 20
-58637.82799638987
 30
0.0
 40
375.0
 41
0.0
 46
0.0
 71
     5
 72
     1
  1
\A1;WINDOW \POPENING
  7
ROMANS
 11
0.0000000000000001
 21
1.0
 31
0.0
 73
     1
 44
1.0
  0
POINT
  5
7C8
330
7C0
100
AcDbEntity
  8
Defpoints
 62
     0
440
 16777216
100
AcDbPoint
 10
226769.7707447728
 20
-57712.0441118715
 30
0.0
  0
POINT
  5
7C9
330
7C0
100
AcDbEntity
  8
Defpoints
 62
     0
440
 16777216
100
AcDbPoint
 10
226769.7707447723
 20
-59563.61188090814
 30
0.0
  0
POINT
  5
7CA
330
7C0
100
AcDbEntity
  8
Defpoints
 62
     0
440
 16777216
100
AcDbPoint
 10
228746.7062358182
 20
-59563.61188090814
 30
0.0
  0
ENDBLK
  5
7CB
330
7C0
100
AcDbEntity
  8
0
100
AcDbBlockEnd
  0
BLOCK
  5
7CD
330
7CC
100
AcDbEntity
  8
0
100
AcDbBlockBegin
  2
*D61
 70
     1
 10
0.0
 20
0.0
 30
0.0
  3
*D61
  1

  0
LINE
  5
7CE
330
7CC
100
AcDbEntity
  8
DIM
 62
     1
440
 16777216
370
    -2
100
AcDbLine
 10
271698.5381055169
 20
-54694.6331585535
 30
0.0
 11
264926.6646789721
 21
-54694.6331585535
 31
0.0
  0
LINE
  5
7CF
330
7CC
100
AcDbEntity
  8
DIM
 62
     1
440
 16777216
370
    -2
100
AcDbLine
 10
267919.9739598923
 20
-59012.99218212452
 30
0.0
 11
264926.6646789721
 21
-59012.99218212452
 31
0.0
  0
LINE
  5
7D0
330
7CC
100
AcDbEntity
  8
DIM
 62
     1
440
 16777216
370
    -2
100
AcDbLine
 10
264926.764678972
 20
-54694.53315855351
 30
0.0
 11
264926.764678972
 21
-59013.09218212452
 31
0.0
  0
INSERT
  5
7D1
330
7CC
100
AcDbEntity
  8
DIM
 62
     1
440
 16777216
370
    -2
100
AcDbBlockReference
  2
_ArchTick
 10
264926.764678972
 20
-54694.6331585535
 30
0.0
 41
0.1
 42
0.1
 43
0.1
 50
90.0
  0
INSERT
  5
7D2
330
7CC
100
AcDbEntity
  8
DIM
 62
     1
440
 16777216
370
    -2
100
AcDbBlockReference
  2
_ArchTick
 10
264926.764678972
 20
-59012.99218212452
 30
0.0
 41
0.1
 42
0.1
 43
0.1
 50
270.0
  0
POINT
  5
7D3
330
7CC
100
AcDbEntity
  8
Defpoints
 62
     0
440
 16777216
100
AcDbPoint
 10
271698.6381055169
 20
-54694.6331585535
 30
0.0
  0
POINT
  5
7D4
330
7CC
100
AcDbEntity
  8
Defpoints
 62
     0
440
 16777216
100
AcDbPoint
 10
267920.0739598923
 20
-59012.99218212452
 30
0.0
  0
POINT
  5
7D5
330
7CC
100
AcDbEntity
  8
Defpoints
 62
     0
440
 16777216
100
AcDbPoint
 10
264926.764678972
 20
-59012.99218212452
 30
0.0
  0
ENDBLK
  5
7D6
330
7CC
100
AcDbEntity
  8
0
100
AcDbBlockEnd
  0
BLOCK
  5
7D8
330
7D7
100
AcDbEntity
  8
0
100
AcDbBlockBegin
  2
*D62
 70
     1
 10
0.0
 20
0.0
 30
0.0
  3
*D62
  1

  0
LINE
  5
7D9
330
7D7
100
AcDbEntity
  8
DIM
 62
     1
440
 16777216
370
    -2
100
AcDbLine
 10
267919.9739598923
 20
-59012.99218212452
 30
0.0
 11
264926.6646789721
 21
-59012.99218212452
 31
0.0
  0
LINE
  5
7DA
330
7D7
100
AcDbEntity
  8
DIM
 62
     1
440
 16777216
370
    -2
100
AcDbLine
 10
271698.5381055169
 20
-60157.35732337075
 30
0.0
 11
264926.6646789721
 21
-60157.35732337075
 31
0.0
  0
LINE
  5
7DB
330
7D7
100
AcDbEntity
  8
DIM
 62
     1
440
 16777216
370
    -2
100
AcDbLine
 10
264926.764678972
 20
-59012.89218212452
 30
0.0
 11
264926.764678972
 21
-60157.45732337076
 31
0.0
  0
INSERT
  5
7DC
330
7D7
100
AcDbEntity
  8
DIM
 62
     1
440
 16777216
370
    -2
100
AcDbBlockReference
  2
_ArchTick
 10
264926.764678972
 20
-59012.99218212452
 30
0.0
 41
0.1
 42
0.1
 43
0.1
 50
90.0
  0
INSERT
  5
7DD
330
7D7
100
AcDbEntity
  8
DIM
 62
     1
440
 16777216
370
    -2
100
AcDbBlockReference
  2
_ArchTick
 10
264926.764678972
 20
-60157.35732337075
 30
0.0
 41
0.1
 42
0.1
 43
0.1
 50
270.0
  0
POINT
  5
7DE
330
7D7
100
AcDbEntity
  8
Defpoints
 62
     0
440
 16777216
100
AcDbPoint
 10
267920.0739598923
 20
-59012.99218212452
 30
0.0
  0
POINT
  5
7DF
330
7D7
100
AcDbEntity
  8
Defpoints
 62
     0
440
 16777216
100
AcDbPoint
 10
271698.6381055169
 20
-60157.35732337075
 30
0.0
  0
POINT
  5
7E0
330
7D7
100
AcDbEntity
  8
Defpoints
 62
     0
440
 16777216
100
AcDbPoint
 10
264926.764678972
 20
-60157.35732337075
 30
0.0
  0
ENDBLK
  5
7E1
330
7D7
100
AcDbEntity
  8
0
100
AcDbBlockEnd
  0
BLOCK
  5
7E3
330
7E2
100
AcDbEntity
  8
0
100
AcDbBlockBegin
  2
*D63
 70
     1
 10
0.0
 20
0.0
 30
0.0
  3
*D63
  1

  0
LINE
  5
7E4
330
7E2
100
AcDbEntity
  8
DIM
 62
     1
440
 16777216
370
    -2
100
AcDbLine
 10
271698.5381055169
 20
-60157.35732337075
 30
0.0
 11
264926.6646789721
 21
-60157.35732337075
 31
0.0
  0
LINE
  5
7E5
330
7E2
100
AcDbEntity
  8
DIM
 62
     1
440
 16777216
370
    -2
100
AcDbLine
 10
267919.9739598923
 20
-63968.16911856213
 30
0.0
 11
264926.6646789721
 21
-63968.16911856213
 31
0.0
  0
LINE
  5
7E6
330
7E2
100
AcDbEntity
  8
DIM
 62
     1
440
 16777216
370
    -2
100
AcDbLine
 10
264926.764678972
 20
-60157.25732337076
 30
0.0
 11
264926.764678972
 21
-63968.26911856213
 31
0.0
  0
INSERT
  5
7E7
330
7E2
100
AcDbEntity
  8
DIM
 62
     1
440
 16777216
370
    -2
100
AcDbBlockReference
  2
_ArchTick
 10
264926.764678972
 20
-60157.35732337075
 30
0.0
 41
0.1
 42
0.1
 43
0.1
 50
90.0
  0
INSERT
  5
7E8
330
7E2
100
AcDbEntity
  8
DIM
 62
     1
440
 16777216
370
    -2
100
AcDbBlockReference
  2
_ArchTick
 10
264926.764678972
 20
-63968.16911856213
 30
0.0
 41
0.1
 42
0.1
 43
0.1
 50
270.0
  0
POINT
  5
7E9
330
7E2
100
AcDbEntity
  8
Defpoints
 62
     0
440
 16777216
100
AcDbPoint
 10
271698.6381055169
 20
-60157.35732337075
 30
0.0
  0
POINT
  5
7EA
330
7E2
100
AcDbEntity
  8
Defpoints
 62
     0
440
 16777216
100
AcDbPoint
 10
267920.0739598923
 20
-63968.16911856213
 30
0.0
  0
POINT
  5
7EB
330
7E2
100
AcDbEntity
  8
Defpoints
 62
     0
440
 16777216
100
AcDbPoint
 10
264926.764678972
 20
-63968.16911856213
 30
0.0
  0
ENDBLK
  5
7EC
330
7E2
100
AcDbEntity
  8
0
100
AcDbBlockEnd
  0
BLOCK
  5
7EE
330
7ED
100
AcDbEntity
  8
0
100
AcDbBlockBegin
  2
*D64
 70
     1
 10
0.0
 20
0.0
 30
0.0
  3
*D64
  1

  0
LINE
  5
7EF
330
7ED
100
AcDbEntity
  8
DIM
 62
     8
440
 16777216
370
    -2
100
AcDbLine
 10
292828.6711588112
 20
-57570.66097508872
 30
0.0
 11
289850.2831991424
 21
-57570.66097508872
 31
0.0
  0
LINE
  5
7F0
330
7ED
100
AcDbEntity
  8
DIM
 62
     8
440
 16777216
370
    -2
100
AcDbLine
 10
292828.6711588112
 20
-61745.07469787413
 30
0.0
 11
289850.2831991424
 21
-61745.07469787413
 31
0.0
  0
LINE
  5
7F1
330
7ED
100
AcDbEntity
  8
DIM
 62
     8
440
 16777216
370
    -2
100
AcDbLine
 10
290000.2831991424
 20
-57945.66097508871
 30
0.0
 11
290000.2831991424
 21
-61370.07469787413
 31
0.0
  0
INSERT
  5
7F2
330
7ED
100
AcDbEntity
  8
DIM
 62
     8
440
 16777216
370
    -2
100
AcDbBlockReference
  2
DIM1
 10
290000.2831991424
 20
-57570.66097508872
 30
0.0
 41
375.0
 42
375.0
 43
375.0
 50
90.0
  0
INSERT
  5
7F3
330
7ED
100
AcDbEntity
  8
DIM
 62
     8
440
 16777216
370
    -2
100
AcDbBlockReference
  2
DIM1
 10
290000.2831991424
 20
-61745.07469787413
 30
0.0
 41
375.0
 42
375.0
 43
375.0
 50
270.0
  0
MTEXT
  5
7F4
330
7ED
100
AcDbEntity
  8
DIM
 62
     3
440
 16777216
100
AcDbMText
 10
289564.5689134281
 20
-59657.86783648149
 30
0.0
 40
375.0
 41
0.0
 46
0.0
 71
     5
 72
     1
  1
\A1;THICKNESS (H)
  7
ROMANS
 11
0.0000000000000001
 21
1.0
 31
0.0
 73
     1
 44
1.0
  0
POINT
  5
7F5
330
7ED
100
AcDbEntity
  8
Defpoints
 62
     0
440
 16777216
100
AcDbPoint
 10
292978.6711588112
 20
-57570.66097508872
 30
0.0
  0
POINT
  5
7F6
330
7ED
100
AcDbEntity
  8
Defpoints
 62
     0
440
 16777216
100
AcDbPoint
 10
292978.6711588112
 20
-61745.07469787413
 30
0.0
  0
POINT
  5
7F7
330
7ED
100
AcDbEntity
  8
Defpoints
 62
     0
440
 16777216
100
AcDbPoint
 10
290000.2831991424
 20
-61745.07469787413
 30
0.0
  0
ENDBLK
  5
7F8
330
7ED
100
AcDbEntity
  8
0
100
AcDbBlockEnd
  0
BLOCK
  5
7FA
330
7F9
100
AcDbEntity
  8
0
100
AcDbBlockBegin
  2
*D65
 70
     1
 10
0.0
 20
0.0
 30
0.0
  3
*D65
  1

  0
LINE
  5
7FB
330
7F9
100
AcDbEntity
  8
DIM
 62
     8
440
 16777216
370
    -2
100
AcDbLine
 10
292828.6711588112
 20
-57570.66097508872
 30
0.0
 11
291014.748624209
 21
-57570.66097508872
 31
0.0
  0
LINE
  5
7FC
330
7F9
100
AcDbEntity
  8
DIM
 62
     8
440
 16777216
370
    -2
100
AcDbLine
 10
297242.9937162392
 20
-58962.13221601711
 30
0.0
 11
291014.748624209
 21
-58962.13221601711
 31
0.0
  0
LINE
  5
7FD
330
7F9
100
AcDbEntity
  8
DIM
 62
     8
440
 16777216
370
    -2
100
AcDbLine
 10
291164.748624209
 20
-57945.66097508871
 30
0.0
 11
291164.748624209
 21
-58587.13221601711
 31
0.0
  0
INSERT
  5
7FE
330
7F9
100
AcDbEntity
  8
DIM
 62
     8
440
 16777216
370
    -2
100
AcDbBlockReference
  2
DIM1
 10
291164.748624209
 20
-57570.66097508872
 30
0.0
 41
375.0
 42
375.0
 43
375.0
 50
90.0
  0
INSERT
  5
7FF
330
7F9
100
AcDbEntity
  8
DIM
 62
     8
440
 16777216
370
    -2
100
AcDbBlockReference
  2
DIM1
 10
291164.748624209
 20
-58962.13221601711
 30
0.0
 41
375.0
 42
375.0
 43
375.0
 50
270.0
  0
MTEXT
  5
800
330
7F9
100
AcDbEntity
  8
DIM
 62
     3
440
 16777216
100
AcDbMText
 10
290729.0343384947
 20
-58266.39659555298
 30
0.0
 40
375.0
 41
0.0
 46
0.0
 71
     5
 72
     1
  1
\A1;H/3
  7
ROMANS
 11
0.0000000000000001
 21
1.0
 31
0.0
 73
     1
 44
1.0
  0
POINT
  5
801
330
7F9
100
AcDbEntity
  8
Defpoints
 62
     0
440
 16777216
100
AcDbPoint
 10
292978.6711588112
 20
-57570.66097508872
 30
0.0
  0
POINT
  5
802
330
7F9
100
AcDbEntity
  8
Defpoints
 62
     0
440
 16777216
100
AcDbPoint
 10
297392.9937162391
 20
-58962.13221601711
 30
0.0
  0
POINT
  5
803
330
7F9
100
AcDbEntity
  8
Defpoints
 62
     0
440
 16777216
100
AcDbPoint
 10
291164.748624209
 20
-58962.13221601711
 30
0.0
  0
ENDBLK
  5
804
330
7F9
100
AcDbEntity
  8
0
100
AcDbBlockEnd
  0
BLOCK
  5
806
330
805
100
AcDbEntity
  8
0
100
AcDbBlockBegin
  2
*D66
 70
     1
 10
0.0
 20
0.0
 30
0.0
  3
*D66
  1

  0
LINE
  5
807
330
805
100
AcDbEntity
  8
DIM
 62
     8
440
 16777216
370
    -2
100
AcDbLine
 10
298634.4649571675
 20
-60353.60345694562
 30
0.0
 11
291014.748624209
 21
-60353.60345694562
 31
0.0
  0
LINE
  5
808
330
805
100
AcDbEntity
  8
DIM
 62
     8
440
 16777216
370
    -2
100
AcDbLine
 10
297242.9937162392
 20
-58962.13221601711
 30
0.0
 11
291014.748624209
 21
-58962.13221601711
 31
0.0
  0
LINE
  5
809
330
805
100
AcDbEntity
  8
DIM
 62
     8
440
 16777216
370
    -2
100
AcDbLine
 10
291164.748624209
 20
-59978.60345694562
 30
0.0
 11
291164.748624209
 21
-59337.13221601711
 31
0.0
  0
INSERT
  5
80A
330
805
100
AcDbEntity
  8
DIM
 62
     8
440
 16777216
370
    -2
100
AcDbBlockReference
  2
DIM1
 10
291164.748624209
 20
-60353.60345694562
 30
0.0
 41
375.0
 42
375.0
 43
375.0
 50
270.0
  0
INSERT
  5
80B
330
805
100
AcDbEntity
  8
DIM
 62
     8
440
 16777216
370
    -2
100
AcDbBlockReference
  2
DIM1
 10
291164.748624209
 20
-58962.13221601711
 30
0.0
 41
375.0
 42
375.0
 43
375.0
 50
90.0
  0
MTEXT
  5
80C
330
805
100
AcDbEntity
  8
DIM
 62
     3
440
 16777216
100
AcDbMText
 10
290729.0343384947
 20
-59657.86783648143
 30
0.0
 40
375.0
 41
0.0
 46
0.0
 71
     5
 72
     1
  1
\A1;H/3
  7
ROMANS
 11
0.0000000000000001
 21
1.0
 31
0.0
 73
     1
 44
1.0
  0
POINT
  5
80D
330
805
100
AcDbEntity
  8
Defpoints
 62
     0
440
 16777216
100
AcDbPoint
 10
298784.4649571675
 20
-60353.60345694562
 30
0.0
  0
POINT
  5
80E
330
805
100
AcDbEntity
  8
Defpoints
 62
     0
440
 16777216
100
AcDbPoint
 10
297392.9937162391
 20
-58962.13221601711
 30
0.0
  0
POINT
  5
80F
330
805
100
AcDbEntity
  8
Defpoints
 62
     0
440
 16777216
100
AcDbPoint
 10
291164.748624209
 20
-58962.13221601711
 30
0.0
  0
ENDBLK
  5
810
330
805
100
AcDbEntity
  8
0
100
AcDbBlockEnd
  0
BLOCK
  5
812
330
811
100
AcDbEntity
  8
0
100
AcDbBlockBegin
  2
*D67
 70
     1
 10
0.0
 20
0.0
 30
0.0
  3
*D67
  1

  0
LINE
  5
813
330
811
100
AcDbEntity
  8
DIM
 62
     8
440
 16777216
370
    -2
100
AcDbLine
 10
298634.4649571675
 20
-60353.60345694562
 30
0.0
 11
291014.748624209
 21
-60353.60345694562
 31
0.0
  0
LINE
  5
814
330
811
100
AcDbEntity
  8
DIM
 62
     8
440
 16777216
370
    -2
100
AcDbLine
 10
292828.6711588112
 20
-61745.07469787413
 30
0.0
 11
291014.748624209
 21
-61745.07469787413
 31
0.0
  0
LINE
  5
815
330
811
100
AcDbEntity
  8
DIM
 62
     8
440
 16777216
370
    -2
100
AcDbLine
 10
291164.748624209
 20
-60728.60345694563
 30
0.0
 11
291164.748624209
 21
-61370.07469787413
 31
0.0
  0
INSERT
  5
816
330
811
100
AcDbEntity
  8
DIM
 62
     8
440
 16777216
370
    -2
100
AcDbBlockReference
  2
DIM1
 10
291164.748624209
 20
-60353.60345694562
 30
0.0
 41
375.0
 42
375.0
 43
375.0
 50
90.0
  0
INSERT
  5
817
330
811
100
AcDbEntity
  8
DIM
 62
     8
440
 16777216
370
    -2
100
AcDbBlockReference
  2
DIM1
 10
291164.748624209
 20
-61745.07469787413
 30
0.0
 41
375.0
 42
375.0
 43
375.0
 50
270.0
  0
MTEXT
  5
818
330
811
100
AcDbEntity
  8
DIM
 62
     3
440
 16777216
100
AcDbMText
 10
290729.0343384947
 20
-61049.33907740995
 30
0.0
 40
375.0
 41
0.0
 46
0.0
 71
     5
 72
     1
  1
\A1;H/3
  7
ROMANS
 11
0.0000000000000001
 21
1.0
 31
0.0
 73
     1
 44
1.0
  0
POINT
  5
819
330
811
100
AcDbEntity
  8
Defpoints
 62
     0
440
 16777216
100
AcDbPoint
 10
298784.4649571675
 20
-60353.60345694562
 30
0.0
  0
POINT
  5
81A
330
811
100
AcDbEntity
  8
Defpoints
 62
     0
440
 16777216
100
AcDbPoint
 10
292978.6711588112
 20
-61745.07469787413
 30
0.0
  0
POINT
  5
81B
330
811
100
AcDbEntity
  8
Defpoints
 62
     0
440
 16777216
100
AcDbPoint
 10
291164.748624209
 20
-61745.07469787413
 30
0.0
  0
ENDBLK
  5
81C
330
811
100
AcDbEntity
  8
0
100
AcDbBlockEnd
  0
BLOCK
  5
81E
330
81D
100
AcDbEntity
  8
0
100
AcDbBlockBegin
  2
*D68
 70
     1
 10
0.0
 20
0.0
 30
0.0
  3
*D68
  1

  0
LINE
  5
81F
330
81D
100
AcDbEntity
  8
DIM
 62
     8
440
 16777216
370
    -2
100
AcDbLine
 10
264804.1782581718
 20
-17975.08002962125
 30
0.0
 11
264804.1782581718
 21
-15400.69675316149
 31
0.0
  0
LINE
  5
820
330
81D
100
AcDbEntity
  8
DIM
 62
     8
440
 16777216
370
    -2
100
AcDbLine
 10
268400.1074469513
 20
-17975.08002962125
 30
0.0
 11
268400.1074469513
 21
-15400.69675316149
 31
0.0
  0
LINE
  5
821
330
81D
100
AcDbEntity
  8
DIM
 62
     8
440
 16777216
370
    -2
100
AcDbLine
 10
265179.1782581718
 20
-15550.69675316149
 30
0.0
 11
268025.1074469513
 21
-15550.69675316149
 31
0.0
  0
INSERT
  5
822
330
81D
100
AcDbEntity
  8
DIM
 62
     8
440
 16777216
370
    -2
100
AcDbBlockReference
  2
DIM1
 10
264804.1782581718
 20
-15550.69675316149
 30
0.0
 41
375.0
 42
375.0
 43
375.0
 50
180.0
  0
INSERT
  5
823
330
81D
100
AcDbEntity
  8
DIM
 62
     8
440
 16777216
370
    -2
100
AcDbBlockReference
  2
DIM1
 10
268400.1074469513
 20
-15550.69675316149
 30
0.0
 41
375.0
 42
375.0
 43
375.0
  0
MTEXT
  5
824
330
81D
100
AcDbEntity
  8
DIM
 62
     3
440
 16777216
100
AcDbMText
 10
266602.1428525616
 20
-15213.19675316149
 30
0.0
 40
375.0
 41
0.0
 46
0.0
 71
     5
 72
     1
  1
\A1;w
  7
ROMANS
 73
     1
 44
1.0
  0
POINT
  5
825
330
81D
100
AcDbEntity
  8
Defpoints
 62
     0
440
 16777216
100
AcDbPoint
 10
264804.1782581718
 20
-18125.08002962125
 30
0.0
  0
POINT
  5
826
330
81D
100
AcDbEntity
  8
Defpoints
 62
     0
440
 16777216
100
AcDbPoint
 10
268400.1074469513
 20
-18125.08002962125
 30
0.0
  0
POINT
  5
827
330
81D
100
AcDbEntity
  8
Defpoints
 62
     0
440
 16777216
100
AcDbPoint
 10
268400.1074469513
 20
-15550.69675316149
 30
0.0
  0
ENDBLK
  5
828
330
81D
100
AcDbEntity
  8
0
100
AcDbBlockEnd
  0
BLOCK
  5
82A
330
829
100
AcDbEntity
  8
0
100
AcDbBlockBegin
  2
*D69
 70
     1
 10
0.0
 20
0.0
 30
0.0
  3
*D69
  1

  0
LINE
  5
82B
330
829
100
AcDbEntity
  8
DIM
 62
     8
440
 16777216
370
    -2
100
AcDbLine
 10
268579.9039063906
 20
-23165.54372636136
 30
0.0
 11
268579.9039063906
 21
-25626.69775465829
 31
0.0
  0
LINE
  5
82C
330
829
100
AcDbEntity
  8
DIM
 62
     8
440
 16777216
370
    -2
100
AcDbLine
 10
269694.6419549119
 20
-22050.80567783979
 30
0.0
 11
269694.6419549119
 21
-25626.69775465829
 31
0.0
  0
LINE
  5
82D
330
829
100
AcDbEntity
  8
DIM
 62
     8
440
 16777216
370
    -2
100
AcDbLine
 10
268954.9039063905
 20
-25476.69775465829
 30
0.0
 11
269319.6419549119
 21
-25476.69775465829
 31
0.0
  0
INSERT
  5
82E
330
829
100
AcDbEntity
  8
DIM
 62
     8
440
 16777216
370
    -2
100
AcDbBlockReference
  2
DIM1
 10
268579.9039063906
 20
-25476.69775465829
 30
0.0
 41
375.0
 42
375.0
 43
375.0
 50
180.0
  0
INSERT
  5
82F
330
829
100
AcDbEntity
  8
DIM
 62
     8
440
 16777216
370
    -2
100
AcDbBlockReference
  2
DIM1
 10
269694.6419549119
 20
-25476.69775465829
 30
0.0
 41
375.0
 42
375.0
 43
375.0
  0
MTEXT
  5
830
330
829
100
AcDbEntity
  8
DIM
 62
     3
440
 16777216
100
AcDbMText
 10
269137.2729306512
 20
-25139.19775465829
 30
0.0
 40
375.0
 41
0.0
 46
0.0
 71
     5
 72
     1
  1
\A1;1050
  7
ROMANS
 73
     1
 44
1.0
  0
POINT
  5
831
330
829
100
AcDbEntity
  8
Defpoints
 62
     0
440
 16777216
100
AcDbPoint
 10
268579.9039063906
 20
-23015.54372636136
 30
0.0
  0
POINT
  5
832
330
829
100
AcDbEntity
  8
Defpoints
 62
     0
440
 16777216
100
AcDbPoint
 10
269694.6419549119
 20
-21900.80567783979
 30
0.0
  0
POINT
  5
833
330
829
100
AcDbEntity
  8
Defpoints
 62
     0
440
 16777216
100
AcDbPoint
 10
269694.6419549119
 20
-25476.69775465829
 30
0.0
  0
ENDBLK
  5
834
330
829
100
AcDbEntity
  8
0
100
AcDbBlockEnd
  0
BLOCK
  5
836
330
835
100
AcDbEntity
  8
0
100
AcDbBlockBegin
  2
*D70
 70
     1
 10
0.0
 20
0.0
 30
0.0
  3
*D70
  1

  0
LINE
  5
837
330
835
100
AcDbEntity
  8
DIM
 62
     8
440
 16777216
370
    -2
100
AcDbLine
 10
268550.1074469515
 20
-21721.00921840082
 30
0.0
 11
272013.7439587305
 21
-21721.00921840081
 31
0.0
  0
LINE
  5
838
330
835
100
AcDbEntity
  8
DIM
 62
     8
440
 16777216
370
    -2
100
AcDbLine
 10
268550.1074469515
 20
-18125.08002962126
 30
0.0
 11
272013.7439587305
 21
-18125.08002962126
 31
0.0
  0
LINE
  5
839
330
835
100
AcDbEntity
  8
DIM
 62
     8
440
 16777216
370
    -2
100
AcDbLine
 10
271863.7439587304
 20
-21346.00921840081
 30
0.0
 11
271863.7439587304
 21
-18500.08002962126
 31
0.0
  0
INSERT
  5
83A
330
835
100
AcDbEntity
  8
DIM
 62
     8
440
 16777216
370
    -2
100
AcDbBlockReference
  2
DIM1
 10
271863.7439587304
 20
-21721.00921840081
 30
0.0
 41
375.0
 42
375.0
 43
375.0
 50
270.0
  0
INSERT
  5
83B
330
835
100
AcDbEntity
  8
DIM
 62
     8
440
 16777216
370
    -2
100
AcDbBlockReference
  2
DIM1
 10
271863.7439587304
 20
-18125.08002962126
 30
0.0
 41
375.0
 42
375.0
 43
375.0
 50
90.0
  0
MTEXT
  5
83C
330
835
100
AcDbEntity
  8
DIM
 62
     3
440
 16777216
100
AcDbMText
 10
271526.2439587304
 20
-19923.04462401111
 30
0.0
 40
375.0
 41
0.0
 46
0.0
 71
     5
 72
     1
  1
\A1;H
  7
ROMANS
 11
0.0000000000000001
 21
1.0
 31
0.0
 73
     1
 44
1.0
  0
POINT
  5
83D
330
835
100
AcDbEntity
  8
Defpoints
 62
     0
440
 16777216
100
AcDbPoint
 10
268400.1074469515
 20
-21721.00921840082
 30
0.0
  0
POINT
  5
83E
330
835
100
AcDbEntity
  8
Defpoints
 62
     0
440
 16777216
100
AcDbPoint
 10
268400.1074469515
 20
-18125.08002962126
 30
0.0
  0
POINT
  5
83F
330
835
100
AcDbEntity
  8
Defpoints
 62
     0
440
 16777216
100
AcDbPoint
 10
271863.7439587304
 20
-18125.08002962126
 30
0.0
  0
ENDBLK
  5
840
330
835
100
AcDbEntity
  8
0
100
AcDbBlockEnd
  0
BLOCK
  5
842
330
841
100
AcDbEntity
  8
0
100
AcDbBlockBegin
  2
*D71
 70
     1
 10
0.0
 20
0.0
 30
0.0
  3
*D71
  1

  0
LINE
  5
843
330
841
100
AcDbEntity
  8
DIM
 62
     8
440
 16777216
370
    -2
100
AcDbLine
 10
268550.1074469515
 20
-18125.08002962126
 30
0.0
 11
272013.743958728
 21
-18125.08002962126
 31
0.0
  0
LINE
  5
844
330
841
100
AcDbEntity
  8
DIM
 62
     8
440
 16777216
370
    -2
100
AcDbLine
 10
268729.9039063907
 20
-16830.54552166071
 30
0.0
 11
272013.743958728
 21
-16830.54552166071
 31
0.0
  0
LINE
  5
845
330
841
100
AcDbEntity
  8
DIM
 62
     8
440
 16777216
370
    -2
100
AcDbLine
 10
271863.743958728
 20
-17750.08002962126
 30
0.0
 11
271863.743958728
 21
-17205.54552166071
 31
0.0
  0
INSERT
  5
846
330
841
100
AcDbEntity
  8
DIM
 62
     8
440
 16777216
370
    -2
100
AcDbBlockReference
  2
DIM1
 10
271863.743958728
 20
-18125.08002962126
 30
0.0
 41
375.0
 42
375.0
 43
375.0
 50
270.0
  0
INSERT
  5
847
330
841
100
AcDbEntity
  8
DIM
 62
     8
440
 16777216
370
    -2
100
AcDbBlockReference
  2
DIM1
 10
271863.743958728
 20
-16830.54552166071
 30
0.0
 41
375.0
 42
375.0
 43
375.0
 50
90.0
  0
MTEXT
  5
848
330
841
100
AcDbEntity
  8
DIM
 62
     3
440
 16777216
100
AcDbMText
 10
271526.2439587279
 20
-17477.81277564098
 30
0.0
 40
375.0
 41
0.0
 46
0.0
 71
     5
 72
     1
  1
\A1;825
  7
ROMANS
 11
0.0000000000000001
 21
1.0
 31
0.0
 73
     1
 44
1.0
  0
POINT
  5
849
330
841
100
AcDbEntity
  8
Defpoints
 62
     0
440
 16777216
100
AcDbPoint
 10
268400.1074469515
 20
-18125.08002962126
 30
0.0
  0
POINT
  5
84A
330
841
100
AcDbEntity
  8
Defpoints
 62
     0
440
 16777216
100
AcDbPoint
 10
268579.9039063907
 20
-16830.54552166071
 30
0.0
  0
POINT
  5
84B
330
841
100
AcDbEntity
  8
Defpoints
 62
     0
440
 16777216
100
AcDbPoint
 10
271863.743958728
 20
-16830.54552166071
 30
0.0
  0
ENDBLK
  5
84C
330
841
100
AcDbEntity
  8
0
100
AcDbBlockEnd
  0
BLOCK
  5
84E
330
84D
100
AcDbEntity
  8
0
100
AcDbBlockBegin
  2
*D72
 70
     1
 10
0.0
 20
0.0
 30
0.0
  3
*D72
  1

  0
LINE
  5
84F
330
84D
100
AcDbEntity
  8
DIM
 62
     8
440
 16777216
370
    -2
100
AcDbLine
 10
240444.5538775466
 20
-38863.72741225675
 30
0.0
 11
237818.4513686463
 21
-38863.72741225675
 31
0.0
  0
LINE
  5
850
330
84D
100
AcDbEntity
  8
DIM
 62
     8
440
 16777216
370
    -2
100
AcDbLine
 10
240444.5538775466
 20
-40015.28981854241
 30
0.0
 11
237818.4513686463
 21
-40015.28981854241
 31
0.0
  0
LINE
  5
851
330
84D
100
AcDbEntity
  8
DIM
 62
     8
440
 16777216
370
    -2
100
AcDbLine
 10
237968.4513686463
 20
-39238.72741225675
 30
0.0
 11
237968.4513686463
 21
-39640.28981854241
 31
0.0
  0
INSERT
  5
852
330
84D
100
AcDbEntity
  8
DIM
 62
     8
440
 16777216
370
    -2
100
AcDbBlockReference
  2
DIM1
 10
237968.4513686463
 20
-38863.72741225675
 30
0.0
 41
375.0
 42
375.0
 43
375.0
 50
90.0
  0
INSERT
  5
853
330
84D
100
AcDbEntity
  8
DIM
 62
     8
440
 16777216
370
    -2
100
AcDbBlockReference
  2
DIM1
 10
237968.4513686463
 20
-40015.28981854241
 30
0.0
 41
375.0
 42
375.0
 43
375.0
 50
270.0
  0
MTEXT
  5
854
330
84D
100
AcDbEntity
  8
DIM
 62
     3
440
 16777216
100
AcDbMText
 10
237630.9513686463
 20
-39439.50861539964
 30
0.0
 40
375.0
 41
0.0
 46
0.0
 71
     5
 72
     1
  1
\A1;VERIFY
  7
ROMANS
 11
0.0000000000000001
 21
1.0
 31
0.0
 73
     1
 44
1.0
  0
POINT
  5
855
330
84D
100
AcDbEntity
  8
Defpoints
 62
     0
440
 16777216
100
AcDbPoint
 10
240594.5538775466
 20
-38863.72741225675
 30
0.0
  0
POINT
  5
856
330
84D
100
AcDbEntity
  8
Defpoints
 62
     0
440
 16777216
100
AcDbPoint
 10
240594.5538775466
 20
-40015.28981854241
 30
0.0
  0
POINT
  5
857
330
84D
100
AcDbEntity
  8
Defpoints
 62
     0
440
 16777216
100
AcDbPoint
 10
237968.4513686463
 20
-40015.28981854241
 30
0.0
  0
ENDBLK
  5
858
330
84D
100
AcDbEntity
  8
0
100
AcDbBlockEnd
  0
BLOCK
  5
85A
330
859
100
AcDbEntity
  8
0
100
AcDbBlockBegin
  2
*D73
 70
     1
 10
0.0
 20
0.0
 30
0.0
  3
*D73
  1

  0
LINE
  5
85B
330
859
100
AcDbEntity
  8
DIM
 62
     8
440
 16777216
370
    -2
100
AcDbLine
 10
247894.027161577
 20
-56402.47948851843
 30
0.0
 11
248877.6460571672
 21
-56402.47948851843
 31
0.0
  0
LINE
  5
85C
330
859
100
AcDbEntity
  8
DIM
 62
     8
440
 16777216
370
    -2
100
AcDbLine
 10
247894.027161577
 20
-56505.76575324824
 30
0.0
 11
248877.6460571672
 21
-56505.76575324824
 31
0.0
  0
LINE
  5
85D
330
859
100
AcDbEntity
  8
DIM
 62
     8
440
 16777216
370
    -2
100
AcDbLine
 10
248727.6460571672
 20
-56027.47948851844
 30
0.0
 11
248727.6460571672
 21
-55652.47948851844
 31
0.0
  0
LINE
  5
85E
330
859
100
AcDbEntity
  8
DIM
 62
     8
440
 16777216
370
    -2
100
AcDbLine
 10
248727.6460571672
 20
-56880.76575324823
 30
0.0
 11
248727.6460571672
 21
-57255.76575324824
 31
0.0
  0
INSERT
  5
85F
330
859
100
AcDbEntity
  8
DIM
 62
     8
440
 16777216
370
    -2
100
AcDbBlockReference
  2
DIM1
 10
248727.6460571672
 20
-56402.47948851843
 30
0.0
 41
375.0
 42
375.0
 43
375.0
 50
270.0
  0
INSERT
  5
860
330
859
100
AcDbEntity
  8
DIM
 62
     8
440
 16777216
370
    -2
100
AcDbBlockReference
  2
DIM1
 10
248727.6460571672
 20
-56505.76575324824
 30
0.0
 41
375.0
 42
375.0
 43
375.0
 50
90.0
  0
MTEXT
  5
861
330
859
100
AcDbEntity
  8
DIM
 62
     3
440
 16777216
100
AcDbMText
 10
248390.1460571671
 20
-56454.12262088339
 30
0.0
 40
375.0
 41
0.0
 46
0.0
 71
     5
 72
     1
  1
\A1;25MM
  7
ROMANS
 11
0.0000000000000001
 21
1.0
 31
0.0
 73
     1
 44
1.0
  0
POINT
  5
862
330
859
100
AcDbEntity
  8
Defpoints
 62
     0
440
 16777216
100
AcDbPoint
 10
247744.0271615769
 20
-56402.47948851843
 30
0.0
  0
POINT
  5
863
330
859
100
AcDbEntity
  8
Defpoints
 62
     0
440
 16777216
100
AcDbPoint
 10
247744.0271615769
 20
-56505.76575324824
 30
0.0
  0
POINT
  5
864
330
859
100
AcDbEntity
  8
Defpoints
 62
     0
440
 16777216
100
AcDbPoint
 10
248727.6460571672
 20
-56505.76575324824
 30
0.0
  0
ENDBLK
  5
865
330
859
100
AcDbEntity
  8
0
100
AcDbBlockEnd
  0
BLOCK
  5
867
330
866
100
AcDbEntity
  8
0
100
AcDbBlockBegin
  2
*D74
 70
     1
 10
0.0
 20
0.0
 30
0.0
  3
*D74
  1

  0
LINE
  5
868
330
866
100
AcDbEntity
  8
TG
 62
     8
440
 16777216
370
    -2
100
AcDbLine
 10
279321.9279449229
 20
-40433.359079138
 30
0.0
 11
279321.9279449229
 21
-43062.24928781881
 31
0.0
  0
LINE
  5
869
330
866
100
AcDbEntity
  8
TG
 62
     8
440
 16777216
370
    -2
100
AcDbLine
 10
279451.0357758347
 20
-40433.359079138
 30
0.0
 11
279451.0357758347
 21
-43062.24928781881
 31
0.0
  0
LINE
  5
86A
330
866
100
AcDbEntity
  8
TG
 62
     8
440
 16777216
370
    -2
100
AcDbLine
 10
279826.0357758347
 20
-42912.24928781882
 30
0.0
 11
280201.0357758347
 21
-42912.24928781882
 31
0.0
  0
LINE
  5
86B
330
866
100
AcDbEntity
  8
TG
 62
     8
440
 16777216
370
    -2
100
AcDbLine
 10
278946.9279449229
 20
-42912.24928781882
 30
0.0
 11
277087.999373494
 21
-42912.24928781882
 31
0.0
  0
INSERT
  5
86C
330
866
100
AcDbEntity
  8
TG
 62
     8
440
 16777216
370
    -2
100
AcDbBlockReference
  2
DIM1
 10
279451.0357758347
 20
-42912.24928781882
 30
0.0
 41
375.0
 42
375.0
 43
375.0
 50
180.0
  0
INSERT
  5
86D
330
866
100
AcDbEntity
  8
TG
 62
     8
440
 16777216
370
    -2
100
AcDbBlockReference
  2
DIM1
 10
279321.9279449229
 20
-42912.24928781882
 30
0.0
 41
375.0
 42
375.0
 43
375.0
  0
MTEXT
  5
86E
330
866
100
AcDbEntity
  8
TG
 62
     3
440
 16777216
100
AcDbMText
 10
277795.1422306369
 20
-42574.74928781881
 30
0.0
 40
375.0
 41
0.0
 46
0.0
 71
     5
 72
     1
  1
\A1;12MM
  7
ROMANS
 73
     1
 44
1.0
  0
POINT
  5
86F
330
866
100
AcDbEntity
  8
Defpoints
 62
     0
440
 16777216
100
AcDbPoint
 10
279321.9279449229
 20
-40283.359079138
 30
0.0
  0
POINT
  5
870
330
866
100
AcDbEntity
  8
Defpoints
 62
     0
440
 16777216
100
AcDbPoint
 10
279451.0357758347
 20
-40283.359079138
 30
0.0
  0
POINT
  5
871
330
866
100
AcDbEntity
  8
Defpoints
 62
     0
440
 16777216
100
AcDbPoint
 10
279451.0357758347
 20
-42912.24928781882
 30
0.0
  0
ENDBLK
  5
872
330
866
100
AcDbEntity
  8
0
100
AcDbBlockEnd
  0
BLOCK
  5
874
330
873
100
AcDbEntity
  8
0
100
AcDbBlockBegin
  2
*D75
 70
     1
 10
0.0
 20
0.0
 30
0.0
  3
*D75
  1

  0
LINE
  5
875
330
873
100
AcDbEntity
  8
DIM
 62
     8
440
 16777216
370
    -2
100
AcDbLine
 10
265504.2566827899
 20
652.3105884018296
 30
0.0
 11
265504.2566827899
 21
2262.49274144051
 31
0.0
  0
LINE
  5
876
330
873
100
AcDbEntity
  8
DIM
 62
     8
440
 16777216
370
    -2
100
AcDbLine
 10
267901.5428086426
 20
652.3105884018296
 30
0.0
 11
267901.5428086426
 21
2262.49274144051
 31
0.0
  0
LINE
  5
877
330
873
100
AcDbEntity
  8
DIM
 62
     8
440
 16777216
370
    -2
100
AcDbLine
 10
265879.2566827899
 20
2112.49274144051
 30
0.0
 11
267526.5428086426
 21
2112.49274144051
 31
0.0
  0
MTEXT
  5
878
330
873
100
AcDbEntity
  8
DIM
 62
     3
440
 16777216
100
AcDbMText
 10
266678.7528813263
 20
2108.362492337096
 30
0.0
 40
375.0
 41
0.0
 46
0.0
 71
     5
 72
     1
  1
\A1;30 BAR %%C\P(MIN.)
  7
ROMANS
 73
     1
 44
1.0
  0
INSERT
  5
879
330
873
100
AcDbEntity
  8
DIM
 62
     8
440
 16777216
370
    -2
100
AcDbBlockReference
  2
DIM1
 10
265504.2566827899
 20
2112.49274144051
 30
0.0
 41
375.0
 42
375.0
 43
375.0
 50
180.0
  0
INSERT
  5
87A
330
873
100
AcDbEntity
  8
DIM
 62
     8
440
 16777216
370
    -2
100
AcDbBlockReference
  2
DIM1
 10
267901.5428086426
 20
2112.49274144051
 30
0.0
 41
375.0
 42
375.0
 43
375.0
  0
POINT
  5
87B
330
873
100
AcDbEntity
  8
Defpoints
 62
     0
440
 16777216
100
AcDbPoint
 10
265504.2566827899
 20
502.3105884018296
 30
0.0
  0
POINT
  5
87C
330
873
100
AcDbEntity
  8
Defpoints
 62
     0
440
 16777216
100
AcDbPoint
 10
267901.5428086426
 20
502.3105884018296
 30
0.0
  0
POINT
  5
87D
330
873
100
AcDbEntity
  8
Defpoints
 62
     0
440
 16777216
100
AcDbPoint
 10
267901.5428086426
 20
2112.49274144051
 30
0.0
  0
ENDBLK
  5
87E
330
873
100
AcDbEntity
  8
0
100
AcDbBlockEnd
  0
BLOCK
  5
880
330
87F
100
AcDbEntity
  8
0
100
AcDbBlockBegin
  2
*D76
 70
     1
 10
0.0
 20
0.0
 30
0.0
  3
*D76
  1

  0
LINE
  5
881
330
87F
100
AcDbEntity
  8
DIM
 62
     8
440
 16777216
370
    -2
100
AcDbLine
 10
263779.1695866259
 20
652.3105884018296
 30
0.0
 11
263779.1695866259
 21
2262.49274144051
 31
0.0
  0
LINE
  5
882
330
87F
100
AcDbEntity
  8
DIM
 62
     8
440
 16777216
370
    -2
100
AcDbLine
 10
261381.8834607732
 20
652.3105884018296
 30
0.0
 11
261381.8834607732
 21
2262.49274144051
 31
0.0
  0
LINE
  5
883
330
87F
100
AcDbEntity
  8
DIM
 62
     8
440
 16777216
370
    -2
100
AcDbLine
 10
263404.1695866259
 20
2112.49274144051
 30
0.0
 11
261756.8834607732
 21
2112.49274144051
 31
0.0
  0
MTEXT
  5
884
330
87F
100
AcDbEntity
  8
DIM
 62
     3
440
 16777216
100
AcDbMText
 10
262547.4077876313
 20
2108.362492337096
 30
0.0
 40
375.0
 41
0.0
 46
0.0
 71
     5
 72
     1
  1
\A1;30 BAR %%C\P(MIN.)
  7
ROMANS
 73
     1
 44
1.0
  0
INSERT
  5
885
330
87F
100
AcDbEntity
  8
DIM
 62
     8
440
 16777216
370
    -2
100
AcDbBlockReference
  2
DIM1
 10
263779.1695866259
 20
2112.49274144051
 30
0.0
 41
375.0
 42
375.0
 43
375.0
  0
INSERT
  5
886
330
87F
100
AcDbEntity
  8
DIM
 62
     8
440
 16777216
370
    -2
100
AcDbBlockReference
  2
DIM1
 10
261381.8834607732
 20
2112.49274144051
 30
0.0
 41
375.0
 42
375.0
 43
375.0
 50
180.0
  0
POINT
  5
887
330
87F
100
AcDbEntity
  8
Defpoints
 62
     0
440
 16777216
100
AcDbPoint
 10
263779.1695866259
 20
502.3105884018296
 30
0.0
  0
POINT
  5
888
330
87F
100
AcDbEntity
  8
Defpoints
 62
     0
440
 16777216
100
AcDbPoint
 10
261381.8834607732
 20
502.3105884018296
 30
0.0
  0
POINT
  5
889
330
87F
100
AcDbEntity
  8
Defpoints
 62
     0
440
 16777216
100
AcDbPoint
 10
261381.8834607732
 20
2112.49274144051
 30
0.0
  0
ENDBLK
  5
88A
330
87F
100
AcDbEntity
  8
0
100
AcDbBlockEnd
  0
BLOCK
  5
88C
330
88B
100
AcDbEntity
  8
0
100
AcDbBlockBegin
  2
*D77
 70
     1
 10
0.0
 20
0.0
 30
0.0
  3
*D77
  1

  0
LINE
  5
88D
330
88B
100
AcDbEntity
  8
DIM
 62
     8
440
 16777216
370
    -2
100
AcDbLine
 10
279856.8117588428
 20
4521.357661379588
 30
0.0
 11
279856.8117588428
 21
3442.957518793031
 31
0.0
  0
LINE
  5
88E
330
88B
100
AcDbEntity
  8
DIM
 62
     8
440
 16777216
370
    -2
100
AcDbLine
 10
282254.0978846955
 20
4665.194828930864
 30
0.0
 11
282254.0978846955
 21
3442.957518793031
 31
0.0
  0
LINE
  5
88F
330
88B
100
AcDbEntity
  8
DIM
 62
     8
440
 16777216
370
    -2
100
AcDbLine
 10
280231.8117588428
 20
3592.957518793031
 30
0.0
 11
281879.0978846955
 21
3592.957518793031
 31
0.0
  0
INSERT
  5
890
330
88B
100
AcDbEntity
  8
DIM
 62
     8
440
 16777216
370
    -2
100
AcDbBlockReference
  2
DIM1
 10
279856.8117588428
 20
3592.957518793031
 30
0.0
 41
375.0
 42
375.0
 43
375.0
 50
180.0
  0
INSERT
  5
891
330
88B
100
AcDbEntity
  8
DIM
 62
     8
440
 16777216
370
    -2
100
AcDbBlockReference
  2
DIM1
 10
282254.0978846955
 20
3592.957518793031
 30
0.0
 41
375.0
 42
375.0
 43
375.0
  0
MTEXT
  5
892
330
88B
100
AcDbEntity
  8
DIM
 62
     3
440
 16777216
100
AcDbMText
 10
281055.4548217691
 20
3930.457518793031
 30
0.0
 40
375.0
 41
0.0
 46
0.0
 71
     5
 72
     1
  1
\A1;550
  7
ROMANS
 73
     1
 44
1.0
  0
MTEXT
  5
893
330
88B
100
AcDbEntity
  8
DIM
 62
     3
440
 16777216
100
AcDbMText
 10
281055.4548217691
 20
3157.243233078746
 30
0.0
 40
375.0
 41
0.0
 46
0.0
 71
     5
 72
     1
  1
\A1;(TYP.)
  7
ROMANS
 73
     1
 44
1.0
  0
POINT
  5
894
330
88B
100
AcDbEntity
  8
Defpoints
 62
     0
440
 16777216
100
AcDbPoint
 10
279856.8117588428
 20
4671.357661379588
 30
0.0
  0
POINT
  5
895
330
88B
100
AcDbEntity
  8
Defpoints
 62
     0
440
 16777216
100
AcDbPoint
 10
282254.0978846955
 20
4815.194828930864
 30
0.0
  0
POINT
  5
896
330
88B
100
AcDbEntity
  8
Defpoints
 62
     0
440
 16777216
100
AcDbPoint
 10
282254.0978846955
 20
3592.957518793031
 30
0.0
  0
ENDBLK
  5
897
330
88B
100
AcDbEntity
  8
0
100
AcDbBlockEnd
  0
BLOCK
  5
899
330
898
100
AcDbEntity
  8
0
100
AcDbBlockBegin
  2
*D78
 70
     1
 10
0.0
 20
0.0
 30
0.0
  3
*D78
  1

  0
LINE
  5
89A
330
898
100
AcDbEntity
  8
DIM
 62
     8
440
 16777216
370
    -2
100
AcDbLine
 10
280967.6681136052
 20
-19441.55945377671
 30
0.0
 11
281490.7225412128
 21
-18918.50502635247
 31
0.0
  0
LINE
  5
89B
330
898
100
AcDbEntity
  8
DIM
 62
     8
440
 16777216
370
    -2
100
AcDbLine
 10
281910.477155022
 20
-20384.36849552391
 30
0.0
 11
282433.5315826294
 21
-19861.31406809969
 31
0.0
  0
LINE
  5
89C
330
898
100
AcDbEntity
  8
DIM
 62
     8
440
 16777216
370
    -2
100
AcDbLine
 10
281649.8215669147
 20
-19289.73608650331
 30
0.0
 11
282062.3005225344
 21
-19702.21504226766
 31
0.0
  0
INSERT
  5
89D
330
898
100
AcDbEntity
  8
DIM
 62
     8
440
 16777216
370
    -2
100
AcDbBlockReference
  2
DIM1
 10
281384.6565240162
 20
-19024.57104351188
 30
0.0
 41
375.0
 42
375.0
 43
375.0
 50
134.9999999899574
  0
INSERT
  5
89E
330
898
100
AcDbEntity
  8
DIM
 62
     8
440
 16777216
370
    -2
100
AcDbBlockReference
  2
DIM1
 10
282327.465565433
 20
-19967.38008525909
 30
0.0
 41
375.0
 42
375.0
 43
375.0
 50
314.9999999899574
  0
MTEXT
  5
89F
330
898
100
AcDbEntity
  8
DIM
 62
     3
440
 16777216
100
AcDbMText
 10
282094.7095834169
 20
-19257.32702577696
 30
0.0
 40
375.0
 41
0.0
 46
0.0
 71
     5
 72
     1
  1
\A1;600
  7
ROMANS
 11
0.7071067810626089
 21
-0.7071067813104862
 31
0.0
 73
     1
 44
1.0
  0
POINT
  5
8A0
330
898
100
AcDbEntity
  8
Defpoints
 62
     0
440
 16777216
100
AcDbPoint
 10
280861.6020964086
 20
-19547.62547093611
 30
0.0
  0
POINT
  5
8A1
330
898
100
AcDbEntity
  8
Defpoints
 62
     0
440
 16777216
100
AcDbPoint
 10
281804.4111378254
 20
-20490.43451268331
 30
0.0
  0
POINT
  5
8A2
330
898
100
AcDbEntity
  8
Defpoints
 62
     0
440
 16777216
100
AcDbPoint
 10
282327.465565433
 20
-19967.38008525909
 30
0.0
  0
ENDBLK
  5
8A3
330
898
100
AcDbEntity
  8
0
100
AcDbBlockEnd
  0
BLOCK
  5
8A5
330
8A4
100
AcDbEntity
  8
0
100
AcDbBlockBegin
  2
*D79
 70
     1
 10
0.0
 20
0.0
 30
0.0
  3
*D79
  1

  0
LINE
  5
8A6
330
8A4
100
AcDbEntity
  8
DIM
 62
     8
440
 16777216
370
    -2
100
AcDbLine
 10
278081.9063301358
 20
-23120.13027770399
 30
0.0
 11
276821.5804964641
 21
-23120.13027770399
 31
0.0
  0
LINE
  5
8A7
330
8A4
100
AcDbEntity
  8
DIM
 62
     8
440
 16777216
370
    -2
100
AcDbLine
 10
278354.5794918753
 20
-21786.79694399879
 30
0.0
 11
276821.5804964641
 21
-21786.79694399879
 31
0.0
  0
LINE
  5
8A8
330
8A4
100
AcDbEntity
  8
DIM
 62
     8
440
 16777216
370
    -2
100
AcDbLine
 10
276971.5804964641
 20
-22745.13027770399
 30
0.0
 11
276971.5804964641
 21
-22161.79694399879
 31
0.0
  0
INSERT
  5
8A9
330
8A4
100
AcDbEntity
  8
DIM
 62
     8
440
 16777216
370
    -2
100
AcDbBlockReference
  2
DIM1
 10
276971.5804964641
 20
-23120.13027770399
 30
0.0
 41
375.0
 42
375.0
 43
375.0
 50
270.0
  0
INSERT
  5
8AA
330
8A4
100
AcDbEntity
  8
DIM
 62
     8
440
 16777216
370
    -2
100
AcDbBlockReference
  2
DIM1
 10
276971.5804964641
 20
-21786.79694399879
 30
0.0
 41
375.0
 42
375.0
 43
375.0
 50
90.0
  0
MTEXT
  5
8AB
330
8A4
100
AcDbEntity
  8
DIM
 62
     3
440
 16777216
100
AcDbMText
 10
276634.0804964641
 20
-22453.46361085147
 30
0.0
 40
375.0
 41
0.0
 46
0.0
 71
     5
 72
     1
  1
\A1;600
  7
ROMANS
 11
0.0000000000000001
 21
1.0
 31
0.0
 73
     1
 44
1.0
  0
POINT
  5
8AC
330
8A4
100
AcDbEntity
  8
Defpoints
 62
     0
440
 16777216
100
AcDbPoint
 10
278231.9063301358
 20
-23120.13027770399
 30
0.0
  0
POINT
  5
8AD
330
8A4
100
AcDbEntity
  8
Defpoints
 62
     0
440
 16777216
100
AcDbPoint
 10
278504.5794918753
 20
-21786.79694399879
 30
0.0
  0
POINT
  5
8AE
330
8A4
100
AcDbEntity
  8
Defpoints
 62
     0
440
 16777216
100
AcDbPoint
 10
276971.5804964641
 20
-21786.79694399879
 30
0.0
  0
ENDBLK
  5
8AF
330
8A4
100
AcDbEntity
  8
0
100
AcDbBlockEnd
  0
BLOCK
  5
8B1
330
8B0
100
AcDbEntity
  8
0
100
AcDbBlockBegin
  2
*D80
 70
     1
 10
0.0
 20
0.0
 30
0.0
  3
*D80
  1

  0
LINE
  5
8B2
330
8B0
100
AcDbEntity
  8
DIM
 62
     8
440
 16777216
370
    -2
100
AcDbLine
 10
278231.9063301357
 20
-23270.13027770398
 30
0.0
 11
278231.9063301357
 21
-24509.83707014428
 31
0.0
  0
LINE
  5
8B3
330
8B0
100
AcDbEntity
  8
DIM
 62
     8
440
 16777216
370
    -2
100
AcDbLine
 10
279565.2396634692
 20
-22997.45711596461
 30
0.0
 11
279565.2396634692
 21
-24509.83707014428
 31
0.0
  0
LINE
  5
8B4
330
8B0
100
AcDbEntity
  8
DIM
 62
     8
440
 16777216
370
    -2
100
AcDbLine
 10
278606.9063301356
 20
-24359.83707014428
 30
0.0
 11
279190.2396634692
 21
-24359.83707014428
 31
0.0
  0
INSERT
  5
8B5
330
8B0
100
AcDbEntity
  8
DIM
 62
     8
440
 16777216
370
    -2
100
AcDbBlockReference
  2
DIM1
 10
278231.9063301357
 20
-24359.83707014428
 30
0.0
 41
375.0
 42
375.0
 43
375.0
 50
180.0
  0
INSERT
  5
8B6
330
8B0
100
AcDbEntity
  8
DIM
 62
     8
440
 16777216
370
    -2
100
AcDbBlockReference
  2
DIM1
 10
279565.2396634692
 20
-24359.83707014428
 30
0.0
 41
375.0
 42
375.0
 43
375.0
  0
MTEXT
  5
8B7
330
8B0
100
AcDbEntity
  8
DIM
 62
     3
440
 16777216
100
AcDbMText
 10
278898.5729968024
 20
-24022.33707014428
 30
0.0
 40
375.0
 41
0.0
 46
0.0
 71
     5
 72
     1
  1
\A1;600
  7
ROMANS
 73
     1
 44
1.0
  0
POINT
  5
8B8
330
8B0
100
AcDbEntity
  8
Defpoints
 62
     0
440
 16777216
100
AcDbPoint
 10
278231.9063301357
 20
-23120.13027770398
 30
0.0
  0
POINT
  5
8B9
330
8B0
100
AcDbEntity
  8
Defpoints
 62
     0
440
 16777216
100
AcDbPoint
 10
279565.2396634692
 20
-22847.45711596462
 30
0.0
  0
POINT
  5
8BA
330
8B0
100
AcDbEntity
  8
Defpoints
 62
     0
440
 16777216
100
AcDbPoint
 10
279565.2396634692
 20
-24359.83707014428
 30
0.0
  0
ENDBLK
  5
8BB
330
8B0
100
AcDbEntity
  8
0
100
AcDbBlockEnd
  0
BLOCK
  5
8BD
330
8BC
100
AcDbEntity
  8
0
100
AcDbBlockBegin
  2
*D81
 70
     1
 10
0.0
 20
0.0
 30
0.0
  3
*D81
  1

  0
LINE
  5
8BE
330
8BC
100
AcDbEntity
  8
DIM
 62
     1
440
 16777216
370
    -2
100
AcDbLine
 10
267919.9739598923
 20
-63968.16911856213
 30
0.0
 11
264334.83322336
 21
-63968.16911856213
 31
0.0
  0
LINE
  5
8BF
330
8BC
100
AcDbEntity
  8
DIM
 62
     1
440
 16777216
370
    -2
100
AcDbLine
 10
267919.9739598923
 20
-59012.99218212452
 30
0.0
 11
264334.83322336
 21
-59012.99218212452
 31
0.0
  0
LINE
  5
8C0
330
8BC
100
AcDbEntity
  8
DIM
 62
     1
440
 16777216
370
    -2
100
AcDbLine
 10
264334.9332233599
 20
-63968.26911856213
 30
0.0
 11
264334.9332233599
 21
-59012.89218212452
 31
0.0
  0
MTEXT
  5
8C1
330
8BC
100
AcDbEntity
  8
DIM
 62
     4
440
 16777216
100
AcDbMText
 10
264334.7141757403
 20
-61168.31804999427
 30
0.0
 40
0.2
 41
0.0
 46
0.0
 71
     5
 72
     1
  1
\A1;FOOTING "t"
  7
Dimension Text
 11
0.0000000000000001
 21
1.0
 31
0.0
 73
     1
 44
1.0
  0
INSERT
  5
8C2
330
8BC
100
AcDbEntity
  8
DIM
 62
     1
440
 16777216
370
    -2
100
AcDbBlockReference
  2
_ArchTick
 10
264334.9332233599
 20
-63968.16911856213
 30
0.0
 41
0.1
 42
0.1
 43
0.1
 50
270.0
  0
INSERT
  5
8C3
330
8BC
100
AcDbEntity
  8
DIM
 62
     1
440
 16777216
370
    -2
100
AcDbBlockReference
  2
_ArchTick
 10
264334.9332233599
 20
-59012.99218212452
 30
0.0
 41
0.1
 42
0.1
 43
0.1
 50
90.0
  0
POINT
  5
8C4
330
8BC
100
AcDbEntity
  8
Defpoints
 62
     0
440
 16777216
100
AcDbPoint
 10
267920.0739598923
 20
-63968.16911856213
 30
0.0
  0
POINT
  5
8C5
330
8BC
100
AcDbEntity
  8
Defpoints
 62
     0
440
 16777216
100
AcDbPoint
 10
267920.0739598923
 20
-59012.99218212452
 30
0.0
  0
POINT
  5
8C6
330
8BC
100
AcDbEntity
  8
Defpoints
 62
     0
440
 16777216
100
AcDbPoint
 10
264334.9332233599
 20
-59012.99218212452
 30
0.0
  0
ENDBLK
  5
8C7
330
8BC
100
AcDbEntity
  8
0
100
AcDbBlockEnd
  0
BLOCK
  5
8C9
330
8C8
100
AcDbEntity
  8
0
100
AcDbBlockBegin
  2
*D82
 70
     1
 10
0.0
 20
0.0
 30
0.0
  3
*D82
  1

  0
LINE
  5
8CA
330
8C8
100
AcDbEntity
  8
DIM
 62
     8
440
 16777216
370
    -2
100
AcDbLine
 10
259614.9818309445
 20
-38096.01914139987
 30
0.0
 11
258618.9363123883
 21
-38096.01914139987
 31
0.0
  0
LINE
  5
8CB
330
8C8
100
AcDbEntity
  8
DIM
 62
     8
440
 16777216
370
    -2
100
AcDbLine
 10
259614.9818309445
 20
-38863.72741225686
 30
0.0
 11
258618.9363123883
 21
-38863.72741225686
 31
0.0
  0
LINE
  5
8CC
330
8C8
100
AcDbEntity
  8
DIM
 62
     8
440
 16777216
370
    -2
100
AcDbLine
 10
258768.9363123882
 20
-37721.01914139987
 30
0.0
 11
258768.9363123882
 21
-37346.01914139987
 31
0.0
  0
LINE
  5
8CD
330
8C8
100
AcDbEntity
  8
DIM
 62
     8
440
 16777216
370
    -2
100
AcDbLine
 10
258768.9363123882
 20
-39238.72741225686
 30
0.0
 11
258768.9363123882
 21
-39613.72741225686
 31
0.0
  0
INSERT
  5
8CE
330
8C8
100
AcDbEntity
  8
DIM
 62
     8
440
 16777216
370
    -2
100
AcDbBlockReference
  2
DIM1
 10
258768.9363123882
 20
-38096.01914139987
 30
0.0
 41
375.0
 42
375.0
 43
375.0
 50
270.0
  0
INSERT
  5
8CF
330
8C8
100
AcDbEntity
  8
DIM
 62
     8
440
 16777216
370
    -2
100
AcDbBlockReference
  2
DIM1
 10
258768.9363123882
 20
-38863.72741225686
 30
0.0
 41
375.0
 42
375.0
 43
375.0
 50
90.0
  0
MTEXT
  5
8D0
330
8C8
100
AcDbEntity
  8
DIM
 62
     3
440
 16777216
100
AcDbMText
 10
258083.2220266739
 20
-38479.87327682843
 30
0.0
 40
375.0
 41
0.0
 46
0.0
 71
     5
 72
     1
  1
\A1;"t"\PSLAB
  7
ROMANS
 11
0.0000000000000001
 21
1.0
 31
0.0
 73
     1
 44
1.0
  0
POINT
  5
8D1
330
8C8
100
AcDbEntity
  8
Defpoints
 62
     0
440
 16777216
100
AcDbPoint
 10
259764.9818309444
 20
-38096.01914139987
 30
0.0
  0
POINT
  5
8D2
330
8C8
100
AcDbEntity
  8
Defpoints
 62
     0
440
 16777216
100
AcDbPoint
 10
259764.9818309444
 20
-38863.72741225686
 30
0.0
  0
POINT
  5
8D3
330
8C8
100
AcDbEntity
  8
Defpoints
 62
     0
440
 16777216
100
AcDbPoint
 10
258768.9363123882
 20
-38863.72741225686
 30
0.0
  0
ENDBLK
  5
8D4
330
8C8
100
AcDbEntity
  8
0
100
AcDbBlockEnd
  0
BLOCK
  5
8D6
330
8D5
100
AcDbEntity
  8
0
100
AcDbBlockBegin
  2
*D83
 70
     1
 10
0.0
 20
0.0
 30
0.0
  3
*D83
  1

  0
LINE
  5
8D7
330
8D5
100
AcDbEntity
  8
DIM
 62
     8
440
 16777216
370
    -2
100
AcDbLine
 10
259614.9818309445
 20
-38863.72741225686
 30
0.0
 11
257213.6001599613
 21
-38863.72741225686
 31
0.0
  0
LINE
  5
8D8
330
8D5
100
AcDbEntity
  8
DIM
 62
     8
440
 16777216
370
    -2
100
AcDbLine
 10
259614.9818309445
 20
-40015.28981854253
 30
0.0
 11
257213.6001599613
 21
-40015.28981854253
 31
0.0
  0
LINE
  5
8D9
330
8D5
100
AcDbEntity
  8
DIM
 62
     8
440
 16777216
370
    -2
100
AcDbLine
 10
257363.6001599613
 20
-39238.72741225686
 30
0.0
 11
257363.6001599613
 21
-39640.28981854253
 31
0.0
  0
INSERT
  5
8DA
330
8D5
100
AcDbEntity
  8
DIM
 62
     8
440
 16777216
370
    -2
100
AcDbBlockReference
  2
DIM1
 10
257363.6001599613
 20
-38863.72741225686
 30
0.0
 41
375.0
 42
375.0
 43
375.0
 50
90.0
  0
INSERT
  5
8DB
330
8D5
100
AcDbEntity
  8
DIM
 62
     8
440
 16777216
370
    -2
100
AcDbBlockReference
  2
DIM1
 10
257363.6001599613
 20
-40015.28981854253
 30
0.0
 41
375.0
 42
375.0
 43
375.0
 50
270.0
  0
MTEXT
  5
8DC
330
8D5
100
AcDbEntity
  8
DIM
 62
     3
440
 16777216
100
AcDbMText
 10
257026.1001599613
 20
-39439.50861539976
 30
0.0
 40
375.0
 41
0.0
 46
0.0
 71
     5
 72
     1
  1
\A1;VERIFY
  7
ROMANS
 11
0.0000000000000001
 21
1.0
 31
0.0
 73
     1
 44
1.0
  0
POINT
  5
8DD
330
8D5
100
AcDbEntity
  8
Defpoints
 62
     0
440
 16777216
100
AcDbPoint
 10
259764.9818309444
 20
-38863.72741225686
 30
0.0
  0
POINT
  5
8DE
330
8D5
100
AcDbEntity
  8
Defpoints
 62
     0
440
 16777216
100
AcDbPoint
 10
259764.9818309444
 20
-40015.28981854253
 30
0.0
  0
POINT
  5
8DF
330
8D5
100
AcDbEntity
  8
Defpoints
 62
     0
440
 16777216
100
AcDbPoint
 10
257363.6001599613
 20
-40015.28981854253
 30
0.0
  0
ENDBLK
  5
8E0
330
8D5
100
AcDbEntity
  8
0
100
AcDbBlockEnd
  0
BLOCK
  5
8E2
330
8E1
100
AcDbEntity
  8
0
100
AcDbBlockBegin
  2
*D84
 70
     1
 10
0.0
 20
0.0
 30
0.0
  3
*D84
  1

  0
LINE
  5
8E3
330
8E1
100
AcDbEntity
  8
DIM
 62
     8
440
 16777216
370
    -2
100
AcDbLine
 10
246886.2200444025
 20
-38096.01914139975
 30
0.0
 11
247991.7729752148
 21
-38096.01914139975
 31
0.0
  0
LINE
  5
8E4
330
8E1
100
AcDbEntity
  8
DIM
 62
     8
440
 16777216
370
    -2
100
AcDbLine
 10
246832.2714800398
 20
-38495.2274422451
 30
0.0
 11
247991.7729752148
 21
-38495.2274422451
 31
0.0
  0
LINE
  5
8E5
330
8E1
100
AcDbEntity
  8
DIM
 62
     8
440
 16777216
370
    -2
100
AcDbLine
 10
247841.7729752149
 20
-37721.01914139975
 30
0.0
 11
247841.7729752149
 21
-37346.01914139975
 31
0.0
  0
LINE
  5
8E6
330
8E1
100
AcDbEntity
  8
DIM
 62
     8
440
 16777216
370
    -2
100
AcDbLine
 10
247841.7729752149
 20
-38870.2274422451
 30
0.0
 11
247841.7729752149
 21
-39245.2274422451
 31
0.0
  0
INSERT
  5
8E7
330
8E1
100
AcDbEntity
  8
DIM
 62
     8
440
 16777216
370
    -2
100
AcDbBlockReference
  2
DIM1
 10
247841.7729752149
 20
-38096.01914139975
 30
0.0
 41
375.0
 42
375.0
 43
375.0
 50
270.0
  0
INSERT
  5
8E8
330
8E1
100
AcDbEntity
  8
DIM
 62
     8
440
 16777216
370
    -2
100
AcDbBlockReference
  2
DIM1
 10
247841.7729752149
 20
-38495.2274422451
 30
0.0
 41
375.0
 42
375.0
 43
375.0
 50
90.0
  0
POINT
  5
8E9
330
8E1
100
AcDbEntity
  8
Defpoints
 62
     0
440
 16777216
100
AcDbPoint
 10
246736.2200444025
 20
-38096.01914139975
 30
0.0
  0
POINT
  5
8EA
330
8E1
100
AcDbEntity
  8
Defpoints
 62
     0
440
 16777216
100
AcDbPoint
 10
246682.2714800398
 20
-38495.2274422451
 30
0.0
  0
POINT
  5
8EB
330
8E1
100
AcDbEntity
  8
Defpoints
 62
     0
440
 16777216
100
AcDbPoint
 10
247841.7729752149
 20
-38495.2274422451
 30
0.0
  0
ENDBLK
  5
8EC
330
8E1
100
AcDbEntity
  8
0
100
AcDbBlockEnd
  0
BLOCK
  5
8EE
330
8ED
100
AcDbEntity
  8
0
100
AcDbBlockBegin
  2
*D85
 70
     1
 10
0.0
 20
0.0
 30
0.0
  3
*D85
  1

  0
LINE
  5
8EF
330
8ED
100
AcDbEntity
  8
DIM
 62
     8
440
 16777216
370
    -2
100
AcDbLine
 10
266056.6479978009
 20
-38096.01914139987
 30
0.0
 11
267162.2009286132
 21
-38096.01914139987
 31
0.0
  0
LINE
  5
8F0
330
8ED
100
AcDbEntity
  8
DIM
 62
     8
440
 16777216
370
    -2
100
AcDbLine
 10
266002.6994334382
 20
-38495.22744224522
 30
0.0
 11
267162.2009286132
 21
-38495.22744224522
 31
0.0
  0
LINE
  5
8F1
330
8ED
100
AcDbEntity
  8
DIM
 62
     8
440
 16777216
370
    -2
100
AcDbLine
 10
267012.2009286132
 20
-37721.01914139987
 30
0.0
 11
267012.2009286132
 21
-37346.01914139987
 31
0.0
  0
LINE
  5
8F2
330
8ED
100
AcDbEntity
  8
DIM
 62
     8
440
 16777216
370
    -2
100
AcDbLine
 10
267012.2009286132
 20
-38870.22744224522
 30
0.0
 11
267012.2009286132
 21
-39245.22744224522
 31
0.0
  0
INSERT
  5
8F3
330
8ED
100
AcDbEntity
  8
DIM
 62
     8
440
 16777216
370
    -2
100
AcDbBlockReference
  2
DIM1
 10
267012.2009286132
 20
-38096.01914139987
 30
0.0
 41
375.0
 42
375.0
 43
375.0
 50
270.0
  0
INSERT
  5
8F4
330
8ED
100
AcDbEntity
  8
DIM
 62
     8
440
 16777216
370
    -2
100
AcDbBlockReference
  2
DIM1
 10
267012.2009286132
 20
-38495.22744224522
 30
0.0
 41
375.0
 42
375.0
 43
375.0
 50
90.0
  0
POINT
  5
8F5
330
8ED
100
AcDbEntity
  8
Defpoints
 62
     0
440
 16777216
100
AcDbPoint
 10
265906.6479978009
 20
-38096.01914139987
 30
0.0
  0
POINT
  5
8F6
330
8ED
100
AcDbEntity
  8
Defpoints
 62
     0
440
 16777216
100
AcDbPoint
 10
265852.6994334382
 20
-38495.22744224522
 30
0.0
  0
POINT
  5
8F7
330
8ED
100
AcDbEntity
  8
Defpoints
 62
     0
440
 16777216
100
AcDbPoint
 10
267012.2009286132
 20
-38495.22744224522
 30
0.0
  0
ENDBLK
  5
8F8
330
8ED
100
AcDbEntity
  8
0
100
AcDbBlockEnd
  0
BLOCK
  5
8FC
330
8F9
100
AcDbEntity
  8
0
100
AcDbBlockBegin
  2
A$C9b866f26
 70
     0
 10
0.0
 20
0.0
 30
0.0
  3
A$C9b866f26
  1

  0
LINE
  5
8FD
330
8F9
100
AcDbEntity
  8
8G
100
AcDbLine
 10
41862.82774121247
 20
26643.20852975617
 30
0.0
 11
42952.99217788482
 21
27733.37296604621
 31
0.0
  0
LINE
  5
8FE
330
8F9
100
AcDbEntity
  8
2Y
  6
HIDDEN
 62
     2
100
AcDbLine
 10
41545.91132830063
 20
26958.61514803313
 30
0.0
 11
41545.91132830016
 21
33037.43621154991
 31
0.0
  0
LINE
  5
8FF
330
8F9
100
AcDbEntity
  8
2Y
 62
     2
100
AcDbLine
 10
40879.24466163365
 20
26291.94848136639
 30
0.0
 11
40879.24466163365
 21
33037.43621154991
 31
0.0
  0
LINE
  5
900
330
8F9
100
AcDbEntity
  8
2Y
 62
     2
100
AcDbLine
 10
40879.24466163365
 20
26291.94848136639
 30
0.0
 11
45704.96741489114
 21
26291.94848136639
 31
0.0
  0
LINE
  5
901
330
8F9
100
AcDbEntity
  8
2Y
  6
HIDDEN
 62
     2
100
AcDbLine
 10
41545.91132830063
 20
26958.61514803313
 30
0.0
 11
45704.96741489114
 21
26958.61514803302
 31
0.0
  0
TEXT
  5
902
330
8F9
100
AcDbEntity
  8
TC
100
AcDbText
 10
41163.78822583372
 20
23606.30232347909
 30
0.0
 40
600.0
  1
FOR SUSPENDED SLAB
 41
0.9
  7
175CL
 72
     1
 11
45856.64536869086
 21
23906.30232347909
 31
0.0
100
AcDbText
 73
     2
  0
LINE
  5
903
330
8F9
100
AcDbEntity
  8
5B
  6
HIDDEN
 48
2.0
100
AcDbLine
 10
41151.91782337313
 20
27625.28181507159
 30
0.0
 11
42212.57799496714
 21
26564.62164310576
 31
0.0
  0
LWPOLYLINE
  5
904
330
8F9
100
AcDbEntity
  8
2Y
 62
     1
100
AcDbPolyline
 90
       10
 70
     0
 43
0.0
 10
45704.96741489114
 20
30958.61514807341
 10
45704.96741489114
 20
29923.83390832599
 10
45580.95024374945
 20
29753.04599179072
 10
45580.95024374945
 20
28983.73594961397
 10
45520.56856455959
 20
28908.31339646026
 10
45505.47314476387
 20
28274.76394995872
 10
45596.04566354517
 20
28199.34139680513
 10
45611.14108334089
 20
27867.48216292215
 10
45704.96741489114
 20
27626.12999282882
 10
45704.96741489114
 20
26291.94848144369
  0
LWPOLYLINE
  5
905
330
8F9
100
AcDbEntity
  8
2Y
 62
     1
100
AcDbPolyline
 90
        6
 70
     1
 43
0.0
 10
45608.35487450686
 20
28863.35379448021
 10
45576.94525997506
 20
28334.26891067065
 10
45773.08627768399
 20
28273.60434447858
 10
45791.57741837602
 20
29140.99218301964
 10
45676.40883174983
 20
29167.18465227459
 10
45665.93896024188
 20
28894.78464239114
  0
LWPOLYLINE
  5
906
330
8F9
100
AcDbEntity
  8
2Y
 62
     1
100
AcDbPolyline
 90
        4
 70
     0
 43
0.0
 10
44977.40304026033
 20
33037.43621154979
 10
45306.16300985196
 20
33037.43621154979
 10
45476.95092638748
 20
32913.41904040868
 10
45580.95024374945
 20
32913.41904040868
  0
LWPOLYLINE
  5
907
330
8F9
100
AcDbEntity
  8
2Y
 62
     1
100
AcDbPolyline
 90
       10
 70
     0
 43
0.0
 10
40879.244661534
 20
33037.43621154979
 10
41914.02590128153
 20
33037.43621154979
 10
42084.81381781704
 20
32913.41904040868
 10
42854.12385999391
 20
32913.41904040868
 10
42929.54641314715
 20
32853.0373612186
 10
43563.09585964892
 20
32837.94194142299
 10
43638.51841280263
 20
32928.5144602044
 10
43970.37764668537
 20
32943.60988000012
 10
44211.72981677882
 20
33037.43621154979
 10
44977.40304026033
 20
33037.43621154979
  0
LWPOLYLINE
  5
908
330
8F9
100
AcDbEntity
  8
2Y
 62
     1
100
AcDbPolyline
 90
        6
 70
     1
 43
0.0
 10
42937.12169630525
 20
32964.65927982226
 10
43466.20658011853
 20
32933.24966529047
 10
43526.87114631038
 20
33129.39068299567
 10
42659.48330776978
 20
33147.88182368758
 10
42633.29083851472
 20
33032.71323706512
 10
42905.69084839781
 20
33022.24336555333
  0
LWPOLYLINE
  5
909
330
8F9
100
AcDbEntity
  8
2Y
 62
     1
100
AcDbPolyline
 90
        6
 70
     1
 43
0.0
 10
45608.35487450686
 20
32374.63896041096
 10
45576.94525997506
 20
31845.55407659779
 10
45773.08627768399
 20
31784.88951040572
 10
45791.57741837602
 20
32652.27734894678
 10
45676.40883174983
 20
32678.46981820173
 10
45665.93896024188
 20
32406.06980831828
  0
TEXT
  5
90A
330
8F9
100
AcDbEntity
  8
TC
100
AcDbText
 10
60746.97284809007
 20
23606.30232347909
 30
0.0
 40
600.0
  1
FOR FLAT SLABS
 41
0.9
  7
175CL
 72
     1
 11
64205.5442766615
 21
23906.30232347909
 31
0.0
100
AcDbText
 73
     2
  0
LINE
  5
90B
330
8F9
100
AcDbEntity
  8
2Y
 62
     2
100
AcDbLine
 10
2654.95522486631
 20
49320.86287016884
 30
0.0
 11
12244.09972827814
 21
49320.86287016884
 31
0.0
  0
LINE
  5
90C
330
8F9
100
AcDbEntity
  8
2Y
 62
     2
100
AcDbLine
 10
2654.95522486631
 20
50471.56021057834
 30
0.0
 11
12244.09972827814
 21
50471.56021057834
 31
0.0
  0
LINE
  5
90D
330
8F9
100
AcDbEntity
  8
6M
 62
     6
100
AcDbLine
 10
2654.95522486631
 20
49560.59148275406
 30
0.0
 11
12244.09972827814
 21
49560.59148275406
 31
0.0
  0
LINE
  5
90E
330
8F9
100
AcDbEntity
  8
6M
 62
     6
100
AcDbLine
 10
2654.95522486631
 20
50231.83159799311
 30
0.0
 11
12244.09972827814
 21
50231.83159799311
 31
0.0
  0
LWPOLYLINE
  5
90F
330
8F9
100
AcDbEntity
  8
2Y
 62
     1
100
AcDbPolyline
 90
        6
 70
     0
 43
0.0
 10
2654.95522486631
 20
50471.56021057834
 10
2654.95522486631
 20
50078.39561427731
 10
2775.606095612311
 20
50078.39561427731
 10
2775.606095612311
 20
49860.40901318026
 10
2636.948790311144
 20
49820.77508570809
 10
2654.95522486631
 20
49320.86287016884
  0
TEXT
  5
910
330
8F9
100
AcDbEntity
  8
TG
100
AcDbText
 10
5464.331268594396
 20
52467.65217349503
 30
0.0
 40
375.0
  1
MAIN REINFORCEMENTS
 41
0.9
  7
100CL
100
AcDbText
  0
TEXT
  5
911
330
8F9
100
AcDbEntity
  8
TG
100
AcDbText
 10
7079.938669389377
 20
48007.28665139875
 30
0.0
 40
375.0
  1
%%C10x1000mm LONG @ 300 O.C.
 41
0.9
  7
100CL
100
AcDbText
  0
LINE
  5
912
330
8F9
100
AcDbEntity
  8
6M
 62
     6
100
AcDbLine
 10
4860.458460651134
 20
49896.21154037347
 30
0.0
 11
9750.922157391237
 21
49896.21154037347
 31
0.0
  0
LINE
  5
913
330
8F9
100
AcDbEntity
  8
2Y
 62
     2
100
AcDbLine
 10
7161.853141470143
 20
49896.21154037347
 30
0.0
 11
7449.527476572228
 21
49896.21154037347
 31
0.0
  0
LINE
  5
914
330
8F9
100
AcDbEntity
  8
2Y
 62
     2
100
AcDbLine
 10
7161.853141470143
 20
50471.56021057834
 30
0.0
 11
7161.853141470143
 21
49896.21154037347
 31
0.0
  0
LINE
  5
915
330
8F9
100
AcDbEntity
  8
2Y
 62
     2
100
AcDbLine
 10
7449.527476572228
 20
49896.21154037347
 30
0.0
 11
7449.527476572228
 21
49320.86287016884
 31
0.0
  0
LWPOLYLINE
  5
916
330
8F9
100
AcDbEntity
  8
2Y
 62
     1
100
AcDbPolyline
 90
        6
 70
     0
 43
0.0
 10
12244.09972827814
 20
50471.56021057834
 10
12244.09972827814
 20
50078.39561427731
 10
12123.44885753214
 20
50078.39561427731
 10
12123.44885753214
 20
49860.40901318026
 10
12262.10616283378
 20
49820.77508570809
 10
12244.09972827814
 20
49320.86287016884
  0
LINE
  5
917
330
8F9
100
AcDbEntity
  8
2Y
 62
     2
100
AcDbLine
 10
22878.04499463624
 20
50250.0094050916
 30
0.0
 11
32467.18949804854
 21
50250.0094050916
 31
0.0
  0
LINE
  5
918
330
8F9
100
AcDbEntity
  8
6M
 62
     6
100
AcDbLine
 10
22878.04499463624
 20
50010.28079250615
 30
0.0
 11
32467.18949804854
 21
50010.28079250615
 31
0.0
  0
LINE
  5
919
330
8F9
100
AcDbEntity
  8
2Y
 62
     2
100
AcDbLine
 10
22878.04499463624
 20
47852.72327923864
 30
0.0
 11
32467.18949804854
 21
47852.72327923864
 31
0.0
  0
LINE
  5
91A
330
8F9
100
AcDbEntity
  8
6M
 62
     6
100
AcDbLine
 10
22878.04499463624
 20
48092.45189182387
 30
0.0
 11
32467.18949804854
 21
48092.45189182387
 31
0.0
  0
LINE
  5
91B
330
8F9
100
AcDbEntity
  8
6M
 62
     6
100
AcDbLine
 10
24028.26287782032
 20
49914.3893474722
 30
0.0
 11
26426.50791812388
 21
49914.3893474722
 31
0.0
  0
LINE
  5
91C
330
8F9
100
AcDbEntity
  8
6M
 62
     6
100
AcDbLine
 10
24028.26287782032
 20
48188.34333685805
 30
0.0
 11
26425.54900367351
 21
48188.34333685805
 31
0.0
  0
LWPOLYLINE
  5
91D
330
8F9
100
AcDbEntity
  8
2Y
 62
     1
100
AcDbPolyline
 90
        6
 70
     0
 43
0.0
 10
22878.04499463624
 20
50250.0094050916
 10
22849.53672677072
 20
49377.33270279711
 10
23027.50387164371
 20
49328.76503718222
 10
23027.50387164371
 20
48762.14227167397
 10
22865.71555812264
 20
48697.3853841873
 10
22878.04499463624
 20
47852.72327923864
  0
LINE
  5
91E
330
8F9
100
AcDbEntity
  8
6M
 62
     6
100
AcDbLine
 10
28151.59501428789
 20
49914.3893474722
 30
0.0
 11
30548.88114014061
 21
49914.3893474722
 31
0.0
  0
LINE
  5
91F
330
8F9
100
AcDbEntity
  8
6M
 62
     6
100
AcDbLine
 10
28151.59501428789
 20
48189.30225130819
 30
0.0
 11
30548.88114014061
 21
48189.30225130819
 31
0.0
  0
TEXT
  5
920
330
8F9
100
AcDbEntity
  8
TG
100
AcDbText
 10
24950.14508695042
 20
53434.28964595369
 30
0.0
 40
375.0
  1
MAIN REINFORCEMENTS TO BE
 41
0.9
  7
FRED
100
AcDbText
  0
LINE
  5
921
330
8F9
100
AcDbEntity
  8
6M
 62
     6
100
AcDbLine
 10
26425.54900367351
 20
49915.34826192257
 30
0.0
 11
28151.59501428789
 21
48189.30225130819
 31
0.0
  0
LINE
  5
922
330
8F9
100
AcDbEntity
  8
6M
 62
     6
100
AcDbLine
 10
26425.54900367351
 20
48188.34333685805
 30
0.0
 11
28151.59501428789
 21
49914.3893474722
 31
0.0
  0
LINE
  5
923
330
8F9
100
AcDbEntity
  8
2Y
 62
     2
100
AcDbLine
 10
27539.05146620589
 20
49051.84579939019
 30
0.0
 11
27539.05146620589
 21
47852.72327923864
 31
0.0
  0
LINE
  5
924
330
8F9
100
AcDbEntity
  8
2Y
 62
     2
100
AcDbLine
 10
27039.05146620589
 20
49051.84579939019
 30
0.0
 11
27539.05146620589
 21
49051.84579939019
 31
0.0
  0
LINE
  5
925
330
8F9
100
AcDbEntity
  8
2Y
 62
     2
100
AcDbLine
 10
27039.05146620589
 20
50250.0094050916
 30
0.0
 11
27039.05146620589
 21
49051.84579939019
 31
0.0
  0
LWPOLYLINE
  5
926
330
8F9
100
AcDbEntity
  8
2Y
 62
     1
100
AcDbPolyline
 90
        6
 70
     0
 43
0.0
 10
32467.18949804854
 20
50250.0094050916
 10
32495.69776591406
 20
49377.33270279711
 10
32317.73062104106
 20
49328.76503718222
 10
32317.73062104106
 20
48762.14227167397
 10
32479.51893456167
 20
48697.3853841873
 10
32467.18949804854
 20
47852.72327923864
  0
LWPOLYLINE
  5
927
330
8F9
100
AcDbEntity
  8
2Y
 62
     1
100
AcDbPolyline
 90
        6
 70
     0
 43
0.0
 10
-6946.447257128749
 20
49752.37437282244
 10
-6935.141974632367
 20
49299.00324422886
 10
-7054.230189491732
 20
49230.88137188202
 10
-7020.204985246266
 20
48839.1806058874
 10
-6901.116770386899
 20
48788.08920162727
 10
-6946.447257128749
 20
48314.00269731061
  0
LINE
  5
928
330
8F9
100
AcDbEntity
  8
2Y
 62
     2
100
AcDbLine
 10
-12060.67187042461
 20
49033.18853506652
 30
0.0
 11
-11341.48603266917
 21
48314.00269731061
 31
0.0
  0
LINE
  5
929
330
8F9
100
AcDbEntity
  8
2Y
 62
     2
100
AcDbLine
 10
-11341.48603266917
 20
48314.00269731061
 30
0.0
 11
-6946.447257128749
 21
48314.00269731061
 31
0.0
  0
LINE
  5
92A
330
8F9
100
AcDbEntity
  8
2Y
 62
     2
100
AcDbLine
 10
-15217.08439132172
 20
50471.56021057834
 30
0.0
 11
-9903.114357157349
 21
50471.56021057834
 31
0.0
  0
LINE
  5
92B
330
8F9
100
AcDbEntity
  8
6M
 62
     6
100
AcDbLine
 10
-10154.8294003715
 20
50291.76375113936
 30
0.0
 11
-15217.08439132172
 21
50291.76375113936
 31
0.0
  0
LINE
  5
92C
330
8F9
100
AcDbEntity
  8
6M
 62
     6
100
AcDbLine
 10
-12959.65416761974
 20
49572.57791338346
 30
0.0
 11
-6946.447257128749
 21
49572.57791338346
 31
0.0
  0
LINE
  5
92D
330
8F9
100
AcDbEntity
  8
6M
 62
     6
100
AcDbLine
 10
-15217.08439132172
 20
49212.9849945055
 30
0.0
 11
-9109.454387434963
 21
49212.9849945055
 31
0.0
  0
LINE
  5
92E
330
8F9
100
AcDbEntity
  8
6M
 62
     6
100
AcDbLine
 10
-6946.447257128749
 20
48493.79915674959
 30
0.0
 11
-11237.22224791601
 21
48493.79915674959
 31
0.0
  0
LINE
  5
92F
330
8F9
100
AcDbEntity
  8
6M
 62
     6
100
AcDbLine
 10
-11288.07636619705
 20
48514.86362224418
 30
0.0
 11
-12971.99344582224
 21
50198.78070186914
 31
0.0
  0
LINE
  5
930
330
8F9
100
AcDbEntity
  8
2Y
 62
     2
100
AcDbLine
 10
-15217.08439132172
 20
49033.18853506652
 30
0.0
 11
-12060.67187042461
 21
49033.18853506652
 31
0.0
  0
LWPOLYLINE
  5
931
330
8F9
100
AcDbEntity
  8
2Y
 62
     1
100
AcDbPolyline
 90
        7
 70
     0
 43
0.0
 10
-15217.08439132172
 20
50471.56021057834
 10
-15220.2792084247
 20
49963.19149961109
 10
-15067.16578931987
 20
49912.10009535096
 10
-15067.16578931987
 20
49554.46026552954
 10
-15152.2287999333
 20
49520.39932935635
 10
-15220.2792084247
 20
49503.36886126964
 10
-15217.08439132172
 20
49033.18853506652
  0
LINE
  5
932
330
8F9
100
AcDbEntity
  8
6M
 62
     6
100
AcDbLine
 10
-13022.84756410328
 20
50219.84516736373
 30
0.0
 11
-14862.94108948178
 21
50219.84516736373
 31
0.0
  0
ARC
  5
933
330
8F9
100
AcDbEntity
  8
6M
 62
     6
100
AcDbCircle
 10
-13022.84756410328
 20
50147.9265835881
 30
0.0
 40
71.9185837755862
100
AcDbArc
 50
44.99999999970522
 51
90.0
  0
ARC
  5
934
330
8F9
100
AcDbEntity
  8
6M
 62
     6
100
AcDbCircle
 10
-11237.22224791601
 20
48565.71774052523
 30
0.0
 40
71.91858377557617
100
AcDbArc
 50
224.9999999997053
 51
270.0
  0
LINE
  5
935
330
8F9
100
AcDbEntity
  8
2Y
 62
     2
100
AcDbLine
 10
-9903.114357157349
 20
49752.37437282244
 30
0.0
 11
-6946.447257128749
 21
49752.37437282244
 31
0.0
  0
ARC
  5
936
330
8F9
100
AcDbEntity
  8
6M
 62
     6
100
AcDbCircle
 10
-10154.8294003715
 20
50219.84516736373
 30
0.0
 40
71.9185837755945
100
AcDbArc
 50
0.0
 51
90.0
  0
LINE
  5
937
330
8F9
100
AcDbEntity
  8
2Y
 62
     2
100
AcDbLine
 10
-9903.114357157349
 20
49752.37437282244
 30
0.0
 11
-9903.114357157349
 21
50471.56021057834
 31
0.0
  0
LINE
  5
938
330
8F9
100
AcDbEntity
  8
6M
 62
     6
100
AcDbLine
 10
-10082.91081659562
 20
48702.93686119371
 30
0.0
 11
-10082.91081659562
 21
50219.84516736373
 31
0.0
  0
TEXT
  5
939
330
8F9
100
AcDbEntity
  8
TG
100
AcDbText
 10
-8719.438832279033
 20
30859.11383754227
 30
0.0
 40
375.0
  1
%%C 16 CROSS ANCHORS
 41
0.9
  7
100CL
100
AcDbText
  0
TEXT
  5
93A
330
8F9
100
AcDbEntity
  8
TG
100
AcDbText
 10
-8719.438832279033
 20
35394.64426736746
 30
0.0
 40
375.0
  1
2 EXTRA STIRRUPS
 41
0.9
  7
100CL
100
AcDbText
  0
TEXT
  5
93B
330
8F9
100
AcDbEntity
  8
TG
100
AcDbText
 10
-8719.438832279033
 20
33164.61327394666
 30
0.0
 40
375.0
  1
%%C16 EXTRA BARS
 41
0.9
  7
100CL
100
AcDbText
  0
TEXT
  5
93C
330
8F9
100
AcDbEntity
  8
TG
100
AcDbText
 10
-37775.25563012456
 20
37418.86872752628
 30
0.0
 40
375.0
  1
2D (NO PIPE SLEEVE
 41
0.9
  7
100CL
100
AcDbText
  0
TEXT
  5
93D
330
8F9
100
AcDbEntity
  8
TG
100
AcDbText
 10
-37775.25563012456
 20
36857.10163703963
 30
0.0
 40
375.0
  1
SHALL BE ALLOWED W/IN
 41
0.9
  7
100CL
100
AcDbText
  0
LINE
  5
93E
330
8F9
100
AcDbEntity
  8
3G
  6
LEOJ
 62
     3
 48
0.5
100
AcDbLine
 10
-35608.34453432935
 20
32067.4424256495
 30
0.0
 11
-28607.30633025776
 21
32067.4424256495
 31
0.0
  0
LINE
  5
93F
330
8F9
100
AcDbEntity
  8
6M
 62
     6
100
AcDbLine
 10
-32987.7823245709
 20
32650.86227598868
 30
0.0
 11
-33935.86983533084
 21
31484.02257531008
 31
0.0
  0
LINE
  5
940
330
8F9
100
AcDbEntity
  8
6M
 62
     6
100
AcDbLine
 10
-33521.08154937319
 20
31484.02257531008
 30
0.0
 11
-32956.04147837564
 21
31484.02257531008
 31
0.0
  0
LINE
  5
941
330
8F9
100
AcDbEntity
  8
6M
 62
     6
100
AcDbLine
 10
-33032.0127456912
 20
32650.86227598868
 30
0.0
 11
-33597.0528166976
 21
32650.86227598868
 31
0.0
  0
LINE
  5
942
330
8F9
100
AcDbEntity
  8
6M
 62
     6
100
AcDbLine
 10
-40760.51544450569
 20
32723.78975728119
 30
0.0
 11
-23464.47629402086
 21
32723.78975728119
 31
0.0
  0
LINE
  5
943
330
8F9
100
AcDbEntity
  8
6M
 62
     6
100
AcDbLine
 10
-40747.85698965631
 20
31411.09509401768
 30
0.0
 11
-23356.5276772042
 21
31411.09509401768
 31
0.0
  0
LINE
  5
944
330
8F9
100
AcDbEntity
  8
8G
100
AcDbLine
 10
-38745.92573574997
 20
32723.78975728119
 30
0.0
 11
-38745.92573574997
 21
33902.76071333676
 31
0.0
  0
LINE
  5
945
330
8F9
100
AcDbEntity
  8
title
 62
     2
100
AcDbLine
 10
-34552.10650839165
 20
33859.26696107187
 30
0.0
 11
-34552.10650839165
 21
30736.14125383238
 31
0.0
  0
LINE
  5
946
330
8F9
100
AcDbEntity
  8
title
 62
     2
100
AcDbLine
 10
-33798.8113619636
 20
33859.26696107187
 30
0.0
 11
-34552.10650839165
 21
33640.48451719486
 31
0.0
  0
TEXT
  5
947
330
8F9
100
AcDbEntity
  8
TG
100
AcDbText
 10
-38481.63290741455
 20
28598.83073730866
 30
0.0
 40
375.0
  1
SUPPORT
  7
100CL
 11
-38481.63290741455
 21
28786.33073730866
 31
0.0
100
AcDbText
 73
     2
  0
TEXT
  5
948
330
8F9
100
AcDbEntity
  8
TG
100
AcDbText
 10
-38481.63290741455
 20
29181.4664785841
 30
0.0
 40
375.0
  1
FACE OF
  7
100CL
 11
-38481.63290741455
 21
29368.9664785841
 31
0.0
100
AcDbText
 73
     2
  0
LINE
  5
949
330
8F9
100
AcDbEntity
  8
8G
100
AcDbLine
 10
-38378.6785569533
 20
30317.51996149018
 30
0.0
 11
-38205.27702470377
 21
30317.51996149018
 31
0.0
  0
LINE
  5
94A
330
8F9
100
AcDbEntity
  8
8G
100
AcDbLine
 10
-39108.8636363649
 20
30681.04122667643
 30
0.0
 11
-38825.86330037538
 21
29368.9664785841
 31
0.0
  0
LINE
  5
94B
330
8F9
100
AcDbEntity
  8
8G
100
AcDbLine
 10
-38825.86330037538
 20
29368.9664785841
 30
0.0
 11
-38481.63290741455
 21
29368.9664785841
 31
0.0
  0
DIMENSION
  5
94C
330
8F9
100
AcDbEntity
  8
DIM
100
AcDbDimension
280
     0
  2
*D10
 10
-41628.62138130018
 20
31192.31265014037
 30
0.0
 11
-41966.12138130021
 21
32067.44242564926
 31
0.0
 12
-237352.661668502
 22
49412.07875907037
 32
0.0
  1
D
 71
     5
 42
1750.259551017894
 73
     0
 74
     0
 75
     0
  3
DIM150
100
AcDbAlignedDimension
 13
-39108.8636363649
 23
32942.57220115827
 33
0.0
 14
-39108.8636363649
 24
31192.31265014037
 34
0.0
 50
90.0
100
AcDbRotatedDimension
  0
LINE
  5
94D
330
8F9
100
AcDbEntity
  8
4C
 62
     4
100
AcDbLine
 10
-38528.66223848399
 20
32782.1317423142
 30
0.0
 11
-38528.66223848399
 21
31352.75310898467
 31
0.0
  0
LINE
  5
94E
330
8F9
100
AcDbEntity
  8
4C
 62
     4
100
AcDbLine
 10
-38818.76293742444
 20
32782.1317423142
 30
0.0
 11
-38818.76293742444
 21
31352.75310898467
 31
0.0
  0
LINE
  5
94F
330
8F9
100
AcDbEntity
  8
4C
 62
     4
100
AcDbLine
 10
-39108.8636363649
 20
32782.1317423142
 30
0.0
 11
-39108.8636363649
 21
31352.75310898467
 31
0.0
  0
LINE
  5
950
330
8F9
100
AcDbEntity
  8
8G
100
AcDbLine
 10
-38378.6785569533
 20
31411.09509401768
 30
0.0
 11
-38378.6785569533
 21
30317.51996149018
 31
0.0
  0
LINE
  5
951
330
8F9
100
AcDbEntity
  8
title
 62
     2
100
AcDbLine
 10
-34552.10650839165
 20
29395.99302573706
 30
0.0
 11
-33809.53426998176
 21
30138.56526415341
 31
0.0
  0
CIRCLE
  5
952
330
8F9
100
AcDbEntity
  8
title
 62
     2
100
AcDbCircle
 10
-34552.10650839165
 20
30138.56526415341
 30
0.0
 40
525.0778653053647
  0
LINE
  5
953
330
8F9
100
AcDbEntity
  8
title
 62
     2
100
AcDbLine
 10
-34552.10650839165
 20
29613.48739884899
 30
0.0
 11
-34552.10650839165
 21
29395.99302573706
 31
0.0
  0
LINE
  5
954
330
8F9
100
AcDbEntity
  8
4C
 62
     4
100
AcDbLine
 10
-37658.36014166309
 20
32782.1317423142
 30
0.0
 11
-37658.36014166309
 21
31352.75310898467
 31
0.0
  0
LINE
  5
955
330
8F9
100
AcDbEntity
  8
4C
 62
     4
100
AcDbLine
 10
-37948.46084060354
 20
32782.1317423142
 30
0.0
 11
-37948.46084060354
 21
31352.75310898467
 31
0.0
  0
LINE
  5
956
330
8F9
100
AcDbEntity
  8
4C
 62
     4
100
AcDbLine
 10
-38238.56153954353
 20
32782.1317423142
 30
0.0
 11
-38238.56153954353
 21
31352.75310898467
 31
0.0
  0
LINE
  5
957
330
8F9
100
AcDbEntity
  8
4C
 62
     4
100
AcDbLine
 10
-37078.15874378171
 20
32782.1317423142
 30
0.0
 11
-37078.15874378171
 21
31352.75310898467
 31
0.0
  0
LINE
  5
958
330
8F9
100
AcDbEntity
  8
4C
 62
     4
100
AcDbLine
 10
-37368.25944272216
 20
32782.1317423142
 30
0.0
 11
-37368.25944272216
 21
31352.75310898467
 31
0.0
  0
LINE
  5
959
330
8F9
100
AcDbEntity
  8
4C
 62
     4
100
AcDbLine
 10
-36497.95734590079
 20
32782.1317423142
 30
0.0
 11
-36497.95734590079
 21
31352.75310898467
 31
0.0
  0
LINE
  5
95A
330
8F9
100
AcDbEntity
  8
4C
 62
     4
100
AcDbLine
 10
-36788.05804484125
 20
32782.1317423142
 30
0.0
 11
-36788.05804484125
 21
31352.75310898467
 31
0.0
  0
LINE
  5
95B
330
8F9
100
AcDbEntity
  8
4C
 62
     4
100
AcDbLine
 10
-36207.85664696034
 20
32782.1317423142
 30
0.0
 11
-36207.85664696034
 21
31352.75310898467
 31
0.0
  0
TEXT
  5
95C
330
8F9
100
AcDbEntity
  8
TG
100
AcDbText
 10
-38198.01839695938
 20
30099.66127068503
 30
0.0
 40
375.0
  1
BOT. BARS
  7
100CL
100
AcDbText
  0
LINE
  5
95D
330
8F9
100
AcDbEntity
  8
6M
 62
     6
100
AcDbLine
 10
-33597.0528166976
 20
32650.86227598868
 30
0.0
 11
-34545.14032745708
 21
31484.02257531008
 31
0.0
  0
LINE
  5
95E
330
8F9
100
AcDbEntity
  8
6M
 62
     6
100
AcDbLine
 10
-34469.16906013267
 20
32650.86227598868
 30
0.0
 11
-33521.08154937319
 21
31484.02257531008
 31
0.0
  0
LINE
  5
95F
330
8F9
100
AcDbEntity
  8
3G
  6
LEOJ
 62
     3
 48
0.5
100
AcDbLine
 10
-35608.34453432935
 20
31192.31265014049
 30
0.0
 11
-35608.34453432935
 21
32067.4424256495
 31
0.0
  0
LINE
  5
960
330
8F9
100
AcDbEntity
  8
6M
 62
     6
100
AcDbLine
 10
-35078.43955225937
 20
32650.86227598868
 30
0.0
 11
-34130.35204149943
 21
31484.02257531008
 31
0.0
  0
LINE
  5
961
330
8F9
100
AcDbEntity
  8
4C
 62
     4
100
AcDbLine
 10
-35624.43679662116
 20
32782.1317423142
 30
0.0
 11
-35624.43679662116
 21
31352.75310898467
 31
0.0
  0
LINE
  5
962
330
8F9
100
AcDbEntity
  8
4C
 62
     4
100
AcDbLine
 10
-34396.08816951114
 20
32782.1317423142
 30
0.0
 11
-34396.08816951114
 21
31352.75310898467
 31
0.0
  0
LINE
  5
963
330
8F9
100
AcDbEntity
  8
4C
 62
     4
100
AcDbLine
 10
-35041.01694628197
 20
32782.1317423142
 30
0.0
 11
-35041.01694628197
 21
31352.75310898467
 31
0.0
  0
LINE
  5
964
330
8F9
100
AcDbEntity
  8
4C
 62
     4
100
AcDbLine
 10
-34279.40419944536
 20
32782.1317423142
 30
0.0
 11
-34279.40419944536
 21
31352.75310898467
 31
0.0
  0
LINE
  5
965
330
8F9
100
AcDbEntity
  8
4C
 62
     4
100
AcDbLine
 10
-33786.81767738491
 20
32782.1317423142
 30
0.0
 11
-33786.81767738491
 21
31352.75310898467
 31
0.0
  0
LINE
  5
966
330
8F9
100
AcDbEntity
  8
4C
 62
     4
100
AcDbLine
 10
-33670.13370731913
 20
32782.1317423142
 30
0.0
 11
-33670.13370731913
 21
31352.75310898467
 31
0.0
  0
LINE
  5
967
330
8F9
100
AcDbEntity
  8
title
 62
     2
100
AcDbLine
 10
-35077.18437370259
 20
30138.56526415341
 30
0.0
 11
-34027.02864309374
 21
30138.56526415341
 31
0.0
  0
TEXT
  5
968
330
8F9
100
AcDbEntity
  8
title
  6
Continuous
 62
     5
100
AcDbText
 10
-34837.57566567035
 20
30227.69113218148
 30
0.0
 40
218.7824438772353
  1
A7a
  7
100CL
 72
     1
 11
-34556.28395211391
 21
30337.0823541201
 31
0.0
100
AcDbText
 73
     2
  0
TEXT
  5
969
330
8F9
100
AcDbEntity
  8
title
  6
Continuous
 62
     2
100
AcDbText
 10
-34927.32829406284
 20
29844.17921056625
 30
0.0
 40
218.7824438772353
  1
S-04
 41
0.8
  7
100CL
 72
     1
 11
-34564.77452992342
 21
29953.57043250487
 31
0.0
100
AcDbText
 73
     2
  0
LINE
  5
96A
330
8F9
100
AcDbEntity
  8
title
 62
     2
100
AcDbLine
 10
-34552.10650839165
 20
30881.13750256959
 30
0.0
 11
-33809.53426998176
 21
30138.56526415341
 31
0.0
  0
LINE
  5
96B
330
8F9
100
AcDbEntity
  8
6M
 62
     6
100
AcDbLine
 10
-34545.14032745708
 20
31484.02257531008
 30
0.0
 11
-35110.18039845463
 21
31484.02257531008
 31
0.0
  0
LINE
  5
96C
330
8F9
100
AcDbEntity
  8
6M
 62
     6
100
AcDbLine
 10
-33935.86983533084
 20
31484.02257531008
 30
0.0
 11
-34500.9099063284
 21
31484.02257531008
 31
0.0
  0
LINE
  5
96D
330
8F9
100
AcDbEntity
  8
6M
 62
     6
100
AcDbLine
 10
-34130.35204149943
 20
31484.02257531008
 30
0.0
 11
-33565.31197050188
 21
31484.02257531008
 31
0.0
  0
CIRCLE
  5
96E
330
8F9
100
AcDbEntity
  8
4C
100
AcDbCircle
 10
-34033.11093841514
 20
31739.26875983353
 30
0.0
 40
175.0259551017882
  0
LINE
  5
96F
330
8F9
100
AcDbEntity
  8
6M
 62
     6
100
AcDbLine
 10
-35034.20913113907
 20
32650.86227598868
 30
0.0
 11
-34469.16906013267
 21
32650.86227598868
 31
0.0
  0
LINE
  5
970
330
8F9
100
AcDbEntity
  8
6M
 62
     6
100
AcDbLine
 10
-35643.47962326531
 20
32650.86227598868
 30
0.0
 11
-35078.43955225937
 21
32650.86227598868
 31
0.0
  0
LINE
  5
971
330
8F9
100
AcDbEntity
  8
8G
100
AcDbLine
 10
-38671.29874861074
 20
37627.2754372342
 30
0.0
 11
-37846.26618830275
 21
37627.2754372342
 31
0.0
  0
LINE
  5
972
330
8F9
100
AcDbEntity
  8
8G
100
AcDbLine
 10
-38745.92573574997
 20
33902.76071333676
 30
0.0
 11
-38359.78569726061
 21
33902.76071333676
 31
0.0
  0
LINE
  5
973
330
8F9
100
AcDbEntity
  8
8G
100
AcDbLine
 10
-38671.29874861074
 20
34626.70056284242
 30
0.0
 11
-38671.29874861074
 21
37627.2754372342
 31
0.0
  0
TEXT
  5
974
330
8F9
100
AcDbEntity
  8
TG
100
AcDbText
 10
-38357.7068127475
 20
33655.79275888746
 30
0.0
 40
375.0
  1
TOP BARS
 41
0.9
  7
100CL
100
AcDbText
  0
LINE
  5
975
330
8F9
100
AcDbEntity
  8
title
 62
     2
100
AcDbLine
 10
-34552.10650839165
 20
33859.26696107187
 30
0.0
 11
-33798.8113619636
 21
33859.26696107187
 31
0.0
  0
TEXT
  5
976
330
8F9
100
AcDbEntity
  8
TG
100
AcDbText
 10
-28662.48078252868
 20
33711.23817843071
 30
0.0
 40
375.0
  1
FACE OF
  7
100CL
 72
     2
 11
-26233.90935395725
 21
33898.73817843071
 31
0.0
100
AcDbText
 73
     2
  0
LINE
  5
977
330
8F9
100
AcDbEntity
  8
8G
100
AcDbLine
 10
-25106.78722822268
 20
33263.66641163721
 30
0.0
 11
-25473.44608373542
 21
33898.73817843071
 31
0.0
  0
LINE
  5
978
330
8F9
100
AcDbEntity
  8
8G
100
AcDbLine
 10
-12328.549165406
 20
32723.78975728119
 30
0.0
 11
-9551.811149436252
 21
35575.09226800211
 31
0.0
  0
LINE
  5
979
330
8F9
100
AcDbEntity
  8
8G
100
AcDbLine
 10
-30982.99557979379
 20
32067.4424256495
 30
0.0
 11
-30982.99557979379
 21
37704.96253954829
 31
0.0
  0
LINE
  5
97A
330
8F9
100
AcDbEntity
  8
8G
100
AcDbLine
 10
-30182.53992618082
 20
31914.29471493536
 30
0.0
 11
-30182.53992618082
 21
36746.50663057552
 31
0.0
  0
LINE
  5
97B
330
8F9
100
AcDbEntity
  8
8G
100
AcDbLine
 10
-29321.59947991159
 20
33049.11014283635
 30
0.0
 11
-29321.59947991159
 21
36079.99384045054
 31
0.0
  0
TEXT
  5
97C
330
8F9
100
AcDbEntity
  8
TG
100
AcDbText
 10
-25344.73264314581
 20
24921.91868902592
 30
0.0
 40
375.0
  1
PIPE SLEEVE MAXIMUM DIAMETER
 41
0.9
  7
100CL
100
AcDbText
  0
TEXT
  5
97D
330
8F9
100
AcDbEntity
  8
TG
100
AcDbText
 10
-25344.73264314581
 20
24289.72054174589
 30
0.0
 40
375.0
  1
IS : (LEAST GOVERNS)
 41
0.9
  7
100CL
100
AcDbText
  0
TEXT
  5
97E
330
8F9
100
AcDbEntity
  8
TG
100
AcDbText
 10
-25344.73264314581
 20
23069.05832432059
 30
0.0
 40
375.0
  1
   A) 1/5 OF BEAM DEPTH
 41
0.9
  7
100CL
100
AcDbText
  0
TEXT
  5
97F
330
8F9
100
AcDbEntity
  8
TG
100
AcDbText
 10
-25344.73264314581
 20
22337.51669281459
 30
0.0
 40
375.0
  1
   B) 100 MM
 41
0.9
  7
100CL
100
AcDbText
  0
TEXT
  5
980
330
8F9
100
AcDbEntity
  8
TG
100
AcDbText
 10
-28336.51238625098
 20
30140.08814970427
 30
0.0
 40
375.0
  1
%%C 16 EXTRA BARS E.F.
 41
0.9
  7
100CL
100
AcDbText
  0
TEXT
  5
981
330
8F9
100
AcDbEntity
  8
TG
100
AcDbText
 10
-28336.51238625098
 20
28700.99617388821
 30
0.0
 40
375.0
  1
STIR. AS SCHED.
 41
0.9
  7
100CL
100
AcDbText
  0
TEXT
  5
982
330
8F9
100
AcDbEntity
  8
TG
100
AcDbText
 10
-28336.51238625098
 20
29603.06348571286
 30
0.0
 40
375.0
  1
(TYPICAL)
 41
0.9
  7
100CL
100
AcDbText
  0
TEXT
  5
983
330
8F9
100
AcDbEntity
  8
TG
100
AcDbText
 10
-28769.62363967153
 20
33128.60243715509
 30
0.0
 40
375.0
  1
SUPPORT
  7
100CL
 72
     2
 11
-26233.90935395725
 21
33316.10243715509
 31
0.0
100
AcDbText
 73
     2
  0
LINE
  5
984
330
8F9
100
AcDbEntity
  8
8G
100
AcDbLine
 10
-32107.82543229379
 20
32067.4424256495
 30
0.0
 11
-32107.82543229379
 21
28803.67535690626
 31
0.0
  0
LINE
  5
985
330
8F9
100
AcDbEntity
  8
8G
100
AcDbLine
 10
-32107.82543229379
 20
28803.67535690626
 30
0.0
 11
-28450.01236855399
 21
28803.67535690626
 31
0.0
  0
LINE
  5
986
330
8F9
100
AcDbEntity
  8
6M
 62
     6
100
AcDbLine
 10
-30085.29882309653
 20
31484.02257531008
 30
0.0
 11
-30650.33889409408
 21
31484.02257531008
 31
0.0
  0
LINE
  5
987
330
8F9
100
AcDbEntity
  8
6M
 62
     6
100
AcDbLine
 10
-29746.48180446329
 20
32650.86227598868
 30
0.0
 11
-30694.56931522276
 21
31484.02257531008
 31
0.0
  0
LINE
  5
988
330
8F9
100
AcDbEntity
  8
6M
 62
     6
100
AcDbLine
 10
-31227.86854002506
 20
32650.86227598868
 30
0.0
 11
-30279.78102926511
 21
31484.02257531008
 31
0.0
  0
LINE
  5
989
330
8F9
100
AcDbEntity
  8
6M
 62
     6
100
AcDbLine
 10
-31183.63811890475
 20
32650.86227598868
 30
0.0
 11
-30618.59804789882
 21
32650.86227598868
 31
0.0
  0
LINE
  5
98A
330
8F9
100
AcDbEntity
  8
4C
 62
     4
100
AcDbLine
 10
-32441.78508020911
 20
32782.1317423142
 30
0.0
 11
-32441.78508020911
 21
31352.75310898467
 31
0.0
  0
LINE
  5
98B
330
8F9
100
AcDbEntity
  8
4C
 62
     4
100
AcDbLine
 10
-33025.2049305483
 20
32782.1317423142
 30
0.0
 11
-33025.2049305483
 21
31352.75310898467
 31
0.0
  0
LINE
  5
98C
330
8F9
100
AcDbEntity
  8
4C
 62
     4
100
AcDbLine
 10
-31773.86578438684
 20
32782.1317423142
 30
0.0
 11
-31773.86578438684
 21
31352.75310898467
 31
0.0
  0
LINE
  5
98D
330
8F9
100
AcDbEntity
  8
4C
 62
     4
100
AcDbLine
 10
-31190.44593404766
 20
32782.1317423142
 30
0.0
 11
-31190.44593404766
 21
31352.75310898467
 31
0.0
  0
LINE
  5
98E
330
8F9
100
AcDbEntity
  8
6M
 62
     6
100
AcDbLine
 10
-30694.56931522276
 20
31484.02257531008
 30
0.0
 11
-31259.60938622031
 21
31484.02257531008
 31
0.0
  0
LINE
  5
98F
330
8F9
100
AcDbEntity
  8
6M
 62
     6
100
AcDbLine
 10
-32422.74225356497
 20
32650.86227598868
 30
0.0
 11
-32987.7823245709
 21
32650.86227598868
 31
0.0
  0
LINE
  5
990
330
8F9
100
AcDbEntity
  8
6M
 62
     6
100
AcDbLine
 10
-31792.90861103099
 20
32650.86227598868
 30
0.0
 11
-31227.86854002506
 21
32650.86227598868
 31
0.0
  0
LINE
  5
991
330
8F9
100
AcDbEntity
  8
3G
  6
LEOJ
 62
     3
 48
0.5
100
AcDbLine
 10
-28607.30633025776
 20
31192.31265014049
 30
0.0
 11
-28607.30633025776
 21
32067.4424256495
 31
0.0
  0
LINE
  5
992
330
8F9
100
AcDbEntity
  8
4C
 62
     4
100
AcDbLine
 10
-28591.21406796642
 20
32782.1317423142
 30
0.0
 11
-28591.21406796642
 21
31352.75310898467
 31
0.0
  0
LINE
  5
993
330
8F9
100
AcDbEntity
  8
6M
 62
     6
100
AcDbLine
 10
-30618.59804789882
 20
32650.86227598868
 30
0.0
 11
-29670.51053713888
 21
31484.02257531008
 31
0.0
  0
LINE
  5
994
330
8F9
100
AcDbEntity
  8
4C
 62
     4
100
AcDbLine
 10
-30545.51715727683
 20
32782.1317423142
 30
0.0
 11
-30545.51715727683
 21
31352.75310898467
 31
0.0
  0
LINE
  5
995
330
8F9
100
AcDbEntity
  8
4C
 62
     4
100
AcDbLine
 10
-30428.83318721104
 20
32782.1317423142
 30
0.0
 11
-30428.83318721104
 21
31352.75310898467
 31
0.0
  0
LINE
  5
996
330
8F9
100
AcDbEntity
  8
4C
 62
     4
100
AcDbLine
 10
-29936.2466651506
 20
32782.1317423142
 30
0.0
 11
-29936.2466651506
 21
31352.75310898467
 31
0.0
  0
LINE
  5
997
330
8F9
100
AcDbEntity
  8
4C
 62
     4
100
AcDbLine
 10
-29819.56269508481
 20
32782.1317423142
 30
0.0
 11
-29819.56269508481
 21
31352.75310898467
 31
0.0
  0
LINE
  5
998
330
8F9
100
AcDbEntity
  8
4C
 62
     4
100
AcDbLine
 10
-29174.6339183056
 20
32782.1317423142
 30
0.0
 11
-29174.6339183056
 21
31352.75310898467
 31
0.0
  0
LINE
  5
999
330
8F9
100
AcDbEntity
  8
8G
100
AcDbLine
 10
-29476.15564442866
 20
32650.86227598868
 30
0.0
 11
-29476.15564442866
 21
30242.76733272232
 31
0.0
  0
LINE
  5
99A
330
8F9
100
AcDbEntity
  8
6M
 62
     6
100
AcDbLine
 10
-29137.21131233659
 20
32650.86227598868
 30
0.0
 11
-30085.29882309653
 21
31484.02257531008
 31
0.0
  0
LINE
  5
99B
330
8F9
100
AcDbEntity
  8
8G
100
AcDbLine
 10
-29476.15564442866
 20
30242.76733272232
 30
0.0
 11
-28450.01236855399
 21
30242.76733272232
 31
0.0
  0
LINE
  5
99C
330
8F9
100
AcDbEntity
  8
6M
 62
     6
100
AcDbLine
 10
-29670.51053713888
 20
31484.02257531008
 30
0.0
 11
-29105.47046614133
 21
31484.02257531008
 31
0.0
  0
LINE
  5
99D
330
8F9
100
AcDbEntity
  8
6M
 62
     6
100
AcDbLine
 10
-30279.78102926511
 20
31484.02257531008
 30
0.0
 11
-29714.74095826756
 21
31484.02257531008
 31
0.0
  0
CIRCLE
  5
99E
330
8F9
100
AcDbEntity
  8
4C
100
AcDbCircle
 10
-30182.53992618082
 20
31739.26875983353
 30
0.0
 40
175.0259551017882
  0
LINE
  5
99F
330
8F9
100
AcDbEntity
  8
8G
100
AcDbLine
 10
-29936.2466651506
 20
32112.15940718528
 30
0.0
 11
-29321.59947991159
 21
33049.11014283635
 31
0.0
  0
LINE
  5
9A0
330
8F9
100
AcDbEntity
  8
6M
 62
     6
100
AcDbLine
 10
-29181.44173345689
 20
32650.86227598868
 30
0.0
 11
-29746.48180446329
 21
32650.86227598868
 31
0.0
  0
LINE
  5
9A1
330
8F9
100
AcDbEntity
  8
6M
 62
     6
100
AcDbLine
 10
-28572.17124133065
 20
32650.86227598868
 30
0.0
 11
-29137.21131233659
 21
32650.86227598868
 31
0.0
  0
LINE
  5
9A2
330
8F9
100
AcDbEntity
  8
4C
 62
     4
100
AcDbLine
 10
-27717.69351868631
 20
32782.1317423142
 30
0.0
 11
-27717.69351868631
 21
31352.75310898467
 31
0.0
  0
LINE
  5
9A3
330
8F9
100
AcDbEntity
  8
4C
 62
     4
100
AcDbLine
 10
-28007.79421762677
 20
32782.1317423142
 30
0.0
 11
-28007.79421762677
 21
31352.75310898467
 31
0.0
  0
LINE
  5
9A4
330
8F9
100
AcDbEntity
  8
4C
 62
     4
100
AcDbLine
 10
-27137.49212080587
 20
32782.1317423142
 30
0.0
 11
-27137.49212080587
 21
31352.75310898467
 31
0.0
  0
LINE
  5
9A5
330
8F9
100
AcDbEntity
  8
4C
 62
     4
100
AcDbLine
 10
-27427.59281974586
 20
32782.1317423142
 30
0.0
 11
-27427.59281974586
 21
31352.75310898467
 31
0.0
  0
LINE
  5
9A6
330
8F9
100
AcDbEntity
  8
4C
 62
     4
100
AcDbLine
 10
-26557.29072292402
 20
32782.1317423142
 30
0.0
 11
-26557.29072292402
 21
31352.75310898467
 31
0.0
  0
LINE
  5
9A7
330
8F9
100
AcDbEntity
  8
4C
 62
     4
100
AcDbLine
 10
-26847.39142186448
 20
32782.1317423142
 30
0.0
 11
-26847.39142186448
 21
31352.75310898467
 31
0.0
  0
LINE
  5
9A8
330
8F9
100
AcDbEntity
  8
4C
 62
     4
100
AcDbLine
 10
-25977.08932504358
 20
32782.1317423142
 30
0.0
 11
-25977.08932504358
 21
31352.75310898467
 31
0.0
  0
LINE
  5
9A9
330
8F9
100
AcDbEntity
  8
4C
 62
     4
100
AcDbLine
 10
-26267.19002398357
 20
32782.1317423142
 30
0.0
 11
-26267.19002398357
 21
31352.75310898467
 31
0.0
  0
LINE
  5
9AA
330
8F9
100
AcDbEntity
  8
4C
 62
     4
100
AcDbLine
 10
-25686.98862610312
 20
32782.1317423142
 30
0.0
 11
-25686.98862610312
 21
31352.75310898467
 31
0.0
  0
LINE
  5
9AB
330
8F9
100
AcDbEntity
  8
4C
 62
     4
100
AcDbLine
 10
-25396.88792716267
 20
32782.1317423142
 30
0.0
 11
-25396.88792716267
 21
31352.75310898467
 31
0.0
  0
LINE
  5
9AC
330
8F9
100
AcDbEntity
  8
4C
 62
     4
100
AcDbLine
 10
-25106.78722822268
 20
32782.1317423142
 30
0.0
 11
-25106.78722822268
 21
31352.75310898467
 31
0.0
  0
LINE
  5
9AD
330
8F9
100
AcDbEntity
  8
2Y
100
AcDbLine
 10
-10869.99953955386
 20
32942.57220115827
 30
0.0
 11
-13787.09879125023
 21
32942.57220115827
 31
0.0
  0
LINE
  5
9AE
330
8F9
100
AcDbEntity
  8
8G
100
AcDbLine
 10
-11745.12931506263
 20
31914.29471493524
 30
0.0
 11
-8944.726023956405
 21
31914.29471493524
 31
0.0
  0
LINE
  5
9AF
330
8F9
100
AcDbEntity
  8
8G
100
AcDbLine
 10
-11593.70896457389
 20
32667.55715238652
 30
0.0
 11
-10061.96538324814
 21
34215.6969401479
 31
0.0
  0
LINE
  5
9B0
330
8F9
100
AcDbEntity
  8
2Y
100
AcDbLine
 10
-11745.12931506263
 20
32505.00731340388
 30
0.0
 11
-10869.99953955386
 21
32505.00731340388
 31
0.0
  0
LINE
  5
9B1
330
8F9
100
AcDbEntity
  8
8G
100
AcDbLine
 10
-12497.74092200512
 20
31699.98097102228
 30
0.0
 11
-11057.40539289891
 21
31699.98097102228
 31
0.0
  0
LINE
  5
9B2
330
8F9
100
AcDbEntity
  8
8G
100
AcDbLine
 10
-11702.66215722795
 20
32276.5015942991
 30
0.0
 11
-10945.55763970475
 21
32276.5015942991
 31
0.0
  0
LINE
  5
9B3
330
8F9
100
AcDbEntity
  8
2Y
100
AcDbLine
 10
-13787.09879125023
 20
32505.00731340388
 30
0.0
 11
-12911.96901574146
 21
32505.00731340388
 31
0.0
  0
LINE
  5
9B4
330
8F9
100
AcDbEntity
  8
2Y
 62
     1
100
AcDbLine
 10
-13787.09879125023
 20
32798.80107571651
 30
0.0
 11
-13750.32894441552
 21
32765.91272053321
 31
0.0
  0
LINE
  5
9B5
330
8F9
100
AcDbEntity
  8
2Y
 62
     1
100
AcDbLine
 10
-13787.09879125023
 20
32942.57220115827
 30
0.0
 11
-13787.09879125023
 21
32798.80107571651
 31
0.0
  0
LINE
  5
9B6
330
8F9
100
AcDbEntity
  8
2Y
 62
     1
100
AcDbLine
 10
-13787.09879125023
 20
32622.39991775609
 30
0.0
 11
-13787.09879125023
 21
32505.00731340388
 31
0.0
  0
LINE
  5
9B7
330
8F9
100
AcDbEntity
  8
3G
  6
LEOJ
 62
     3
 48
0.5
100
AcDbLine
 10
-11963.91175893994
 20
32670.45642394782
 30
0.0
 11
-11963.91175893994
 21
31464.42842735106
 31
0.0
  0
LINE
  5
9B8
330
8F9
100
AcDbEntity
  8
3G
  6
LEOJ
 62
     3
 48
0.5
100
AcDbLine
 10
-12693.18657186415
 20
32670.45642394782
 30
0.0
 11
-12693.18657186415
 21
31464.42842735106
 31
0.0
  0
LINE
  5
9B9
330
8F9
100
AcDbEntity
  8
2Y
100
AcDbLine
 10
-12911.96901574146
 20
32505.00731340388
 30
0.0
 11
-12911.96901574146
 21
31192.31265014049
 31
0.0
  0
LINE
  5
9BA
330
8F9
100
AcDbEntity
  8
2Y
100
AcDbLine
 10
-11745.12931506309
 20
31192.31265014049
 30
0.0
 11
-11745.12931506263
 21
32505.00731340388
 31
0.0
  0
CIRCLE
  5
9BB
330
8F9
100
AcDbEntity
  8
4C
100
AcDbCircle
 10
-12474.40412798684
 20
31958.0512037134
 30
0.0
 40
23.33679401357177
  0
LINE
  5
9BC
330
8F9
100
AcDbEntity
  8
3G
  6
LEOJ
 62
     2
 48
0.5
100
AcDbLine
 10
-12497.74092200512
 20
32153.49685357639
 30
0.0
 11
-12497.74092200512
 21
31507.35936931998
 31
0.0
  0
LINE
  5
9BD
330
8F9
100
AcDbEntity
  8
3G
  6
LEOJ
 62
     2
 48
0.5
100
AcDbLine
 10
-12544.41451002491
 20
31507.35936931998
 30
0.0
 11
-12544.41451002491
 21
32153.49685357639
 31
0.0
  0
CIRCLE
  5
9BE
330
8F9
100
AcDbEntity
  8
4C
100
AcDbCircle
 10
-12634.84458683498
 20
31948.32792848582
 30
0.0
 40
29.17099251696472
  0
CIRCLE
  5
9BF
330
8F9
100
AcDbEntity
  8
4C
100
AcDbCircle
 10
-12022.25374397749
 20
31948.32792848582
 30
0.0
 40
29.17099251696472
  0
CIRCLE
  5
9C0
330
8F9
100
AcDbEntity
  8
4C
100
AcDbCircle
 10
-12182.69420281725
 20
31958.0512037134
 30
0.0
 40
23.33679401357177
  0
LINE
  5
9C1
330
8F9
100
AcDbEntity
  8
3G
  6
LEOJ
 62
     2
 48
0.5
100
AcDbLine
 10
-12159.35740880735
 20
32153.49685357639
 30
0.0
 11
-12159.35740880735
 21
31507.35936931998
 31
0.0
  0
LINE
  5
9C2
330
8F9
100
AcDbEntity
  8
3G
  6
LEOJ
 62
     2
 48
0.5
100
AcDbLine
 10
-12112.68382077917
 20
31507.35936931998
 30
0.0
 11
-12112.68382077917
 21
32153.49685357639
 31
0.0
  0
LINE
  5
9C3
330
8F9
100
AcDbEntity
  8
8G
100
AcDbLine
 10
-12639.85323853112
 20
31464.42842735094
 30
0.0
 11
-11465.35768616825
 21
31464.42842735094
 31
0.0
  0
LINE
  5
9C4
330
8F9
100
AcDbEntity
  8
2Y
100
AcDbLine
 10
-12911.96901574146
 20
31192.31265014049
 30
0.0
 11
-11745.12931506309
 21
31192.31265014049
 31
0.0
  0
LINE
  5
9C5
330
8F9
100
AcDbEntity
  8
3G
  6
LEOJ
 62
     3
 48
0.5
100
AcDbLine
 10
-12639.85323853112
 20
31411.09509401768
 30
0.0
 11
-12017.24509227342
 21
31411.09509401768
 31
0.0
  0
LINE
  5
9C6
330
8F9
100
AcDbEntity
  8
2Y
  6
Continuous
 62
     2
100
AcDbLine
 10
-12911.96901574146
 20
31564.24280473252
 30
0.0
 11
-11745.12931506263
 21
31564.24280473252
 31
0.0
  0
LINE
  5
9C7
330
8F9
100
AcDbEntity
  8
2Y
  6
Continuous
 62
     2
100
AcDbLine
 10
-12911.96901574146
 20
31914.29471493524
 30
0.0
 11
-11745.12931506263
 21
31914.29471493524
 31
0.0
  0
CIRCLE
  5
9C8
330
8F9
100
AcDbEntity
  8
4C
100
AcDbCircle
 10
-12474.40412798684
 20
31520.4863159546
 30
0.0
 40
23.33679401357177
  0
ARC
  5
9C9
330
8F9
100
AcDbEntity
  8
3G
  6
LEOJ
 62
     2
 48
0.5
100
AcDbCircle
 10
-12521.07771601502
 20
31507.35936931998
 30
0.0
 40
23.33679400982793
100
AcDbArc
 50
180.0
 51
0.0
  0
CIRCLE
  5
9CA
330
8F9
100
AcDbEntity
  8
4C
100
AcDbCircle
 10
-12634.84458683498
 20
31530.2095911823
 30
0.0
 40
29.17099251696472
  0
ARC
  5
9CB
330
8F9
100
AcDbEntity
  8
3G
  6
LEOJ
 62
     2
 48
0.5
100
AcDbCircle
 10
-12136.02061479326
 20
31507.35936931998
 30
0.0
 40
23.33679401408738
100
AcDbArc
 50
180.0
 51
0.0
  0
CIRCLE
  5
9CC
330
8F9
100
AcDbEntity
  8
4C
100
AcDbCircle
 10
-12182.69420281725
 20
31520.4863159546
 30
0.0
 40
23.33679401357177
  0
CIRCLE
  5
9CD
330
8F9
100
AcDbEntity
  8
4C
100
AcDbCircle
 10
-12022.25374397749
 20
31530.2095911823
 30
0.0
 40
29.17099251696472
  0
LINE
  5
9CE
330
8F9
100
AcDbEntity
  8
8G
100
AcDbLine
 10
-12536.38282933339
 20
32667.55715238652
 30
0.0
 11
-12120.71550147069
 21
32667.55715238652
 31
0.0
  0
LINE
  5
9CF
330
8F9
100
AcDbEntity
  8
3G
  6
LEOJ
 62
     3
 48
0.5
100
AcDbLine
 10
-12639.85323853112
 20
32723.78975728119
 30
0.0
 11
-12017.24509227342
 21
32723.78975728119
 31
0.0
  0
LINE
  5
9D0
330
8F9
100
AcDbEntity
  8
2Y
 62
     1
100
AcDbLine
 10
-13750.32894441552
 20
32765.91272053321
 30
0.0
 11
-13750.32894441552
 21
32649.30856632756
 31
0.0
  0
ARC
  5
9D1
330
8F9
100
AcDbEntity
  8
3G
  6
LEOJ
 62
     2
 48
0.5
100
AcDbCircle
 10
-12521.07771601502
 20
32153.49685357639
 30
0.0
 40
23.33679400983829
100
AcDbArc
 50
0.0
 51
180.0
  0
ARC
  5
9D2
330
8F9
100
AcDbEntity
  8
3G
  6
LEOJ
 62
     2
 48
0.5
100
AcDbCircle
 10
-12136.02061479326
 20
32153.49685357639
 30
0.0
 40
23.336794014077
100
AcDbArc
 50
0.0
 51
180.0
  0
TEXT
  5
9D3
330
8F9
100
AcDbEntity
  8
TG
100
AcDbText
 10
-8722.955362002103
 20
31706.960376223
 30
0.0
 40
375.0
  1
PIPE SLEEVE
 41
0.9
  7
100CL
100
AcDbText
  0
TEXT
  5
9D4
330
8F9
100
AcDbEntity
  8
TG
100
AcDbText
 10
-8719.438832279033
 20
29402.67122642396
 30
0.0
 40
375.0
  1
BOTTOM BARS
 41
0.9
  7
100CL
100
AcDbText
  0
TEXT
  5
9D5
330
8F9
100
AcDbEntity
  8
TG
100
AcDbText
 10
-8719.438832279033
 20
34018.48071817207
 30
0.0
 40
375.0
  1
TOP BARS
 41
0.9
  7
100CL
100
AcDbText
  0
LINE
  5
9D6
330
8F9
100
AcDbEntity
  8
8G
100
AcDbLine
 10
-9630.42677854348
 20
29588.31771412247
 30
0.0
 11
-8951.75908340208
 21
29588.31771412247
 31
0.0
  0
LINE
  5
9D7
330
8F9
100
AcDbEntity
  8
8G
100
AcDbLine
 10
-10393.72062491506
 20
31021.40168596749
 30
0.0
 11
-8951.75908340208
 21
31021.40168596746
 31
0.0
  0
LINE
  5
9D8
330
8F9
100
AcDbEntity
  8
8G
100
AcDbLine
 10
-9903.413677734061
 20
33342.03351359628
 30
0.0
 11
-8951.75908340208
 21
33342.03351359628
 31
0.0
  0
LINE
  5
9D9
330
8F9
100
AcDbEntity
  8
8G
100
AcDbLine
 10
-10061.96538324814
 20
34215.6969401479
 30
0.0
 11
-8951.75908340208
 21
34215.6969401479
 31
0.0
  0
LINE
  5
9DA
330
8F9
100
AcDbEntity
  8
2Y
 62
     1
100
AcDbLine
 10
-10869.99953955386
 20
32798.80107571651
 30
0.0
 11
-10869.99953955386
 21
32942.57220115827
 31
0.0
  0
LINE
  5
9DB
330
8F9
100
AcDbEntity
  8
8G
100
AcDbLine
 10
-10945.55763970475
 20
32276.5015942991
 30
0.0
 11
-9903.413677734061
 21
33342.03351359628
 31
0.0
  0
LINE
  5
9DC
330
8F9
100
AcDbEntity
  8
2Y
 62
     1
100
AcDbLine
 10
-10869.99953955386
 20
32505.00731340388
 30
0.0
 11
-10869.99953955386
 21
32622.39991775609
 31
0.0
  0
LINE
  5
9DD
330
8F9
100
AcDbEntity
  8
2Y
 62
     1
100
AcDbLine
 10
-10869.99953955386
 20
32622.39991775609
 30
0.0
 11
-10906.76938639695
 21
32649.30856632756
 31
0.0
  0
LINE
  5
9DE
330
8F9
100
AcDbEntity
  8
2Y
 62
     1
100
AcDbLine
 10
-10906.76938639695
 20
32649.30856632756
 30
0.0
 11
-10906.76938639695
 21
32765.91272053321
 31
0.0
  0
LINE
  5
9DF
330
8F9
100
AcDbEntity
  8
2Y
 62
     1
100
AcDbLine
 10
-10906.76938639695
 20
32765.91272053321
 30
0.0
 11
-10869.99953955386
 21
32798.80107571651
 31
0.0
  0
TEXT
  5
9E0
330
8F9
100
AcDbEntity
  8
TG
100
AcDbText
 10
-28217.69211743001
 20
37456.07731693023
 30
0.0
 40
375.0
  1
PROPOSED PIPE SLEEVE LOCATIONS
 41
0.9
  7
100CL
100
AcDbText
  0
TEXT
  5
9E1
330
8F9
100
AcDbEntity
  8
TG
100
AcDbText
 10
-28217.69211743001
 20
36578.03948516661
 30
0.0
 40
375.0
  1
SCH. 40 G.I. PIPE SLEEVE
 41
0.9
  7
100CL
100
AcDbText
  0
TEXT
  5
9E2
330
8F9
100
AcDbEntity
  8
TG
100
AcDbText
 10
-28217.69211743001
 20
35325.08874124306
 30
0.0
 40
375.0
  1
OF SLEEVE
 41
0.9
  7
100CL
100
AcDbText
  0
TEXT
  5
9E3
330
8F9
100
AcDbEntity
  8
TG
100
AcDbText
 10
-28217.69211743001
 20
35886.85583172972
 30
0.0
 40
375.0
  1
2 - EXTRA STIR. EA. SIDE 
 41
0.9
  7
100CL
100
AcDbText
  0
LINE
  5
9E4
330
8F9
100
AcDbEntity
  8
8G
100
AcDbLine
 10
-30982.99557979379
 20
37704.96253954829
 30
0.0
 11
-28450.01236855399
 21
37704.96253954829
 31
0.0
  0
LINE
  5
9E5
330
8F9
100
AcDbEntity
  8
8G
100
AcDbLine
 10
-29321.59947991159
 20
36079.99384045054
 30
0.0
 11
-28450.01236855399
 21
36079.99384045054
 31
0.0
  0
LINE
  5
9E6
330
8F9
100
AcDbEntity
  8
8G
100
AcDbLine
 10
-30182.53992618082
 20
36746.50663057552
 30
0.0
 11
-28450.01236855399
 21
36746.50663057552
 31
0.0
  0
LINE
  5
9E7
330
8F9
100
AcDbEntity
  8
8G
100
AcDbLine
 10
-25473.44608373542
 20
33898.73817843071
 30
0.0
 11
-26036.68635412186
 21
33898.73817843071
 31
0.0
  0
LINE
  5
9E8
330
8F9
100
AcDbEntity
  8
8G
100
AcDbLine
 10
-9551.811149436252
 20
35575.09226800211
 30
0.0
 11
-8951.75908340208
 21
35575.09226800211
 31
0.0
  0
LINE
  5
9E9
330
8F9
100
AcDbEntity
  8
6M
  6
Continuous
 62
     6
100
AcDbLine
 10
64146.8276676962
 20
56980.92051167736
 30
0.0
 11
64146.8276676962
 21
53411.80542005968
 31
0.0
  0
LINE
  5
9EA
330
8F9
100
AcDbEntity
  8
2Y
100
AcDbLine
 10
64386.73650233893
 20
56980.92051167736
 30
0.0
 11
64386.73650233893
 21
52591.50549461806
 31
0.0
  0
LINE
  5
9EB
330
8F9
100
AcDbEntity
  8
8G
100
AcDbLine
 10
64728.55429278247
 20
56572.55300314186
 30
0.0
 11
64728.55429278247
 21
51876.57716738243
 31
0.0
  0
ARC
  5
9EC
330
8F9
100
AcDbEntity
  8
8G
  6
HIDDEN
100
AcDbCircle
 10
66931.50445841279
 20
55139.44283496725
 30
0.0
 40
479.8176692856713
100
AcDbArc
 50
0.0
 51
90.0
  0
LINE
  5
9ED
330
8F9
100
AcDbEntity
  8
6M
  6
Continuous
 62
     6
100
AcDbLine
 10
63187.19232912481
 20
56980.92051167736
 30
0.0
 11
63187.19232912481
 21
53507.76895391682
 31
0.0
  0
LINE
  5
9EE
330
8F9
100
AcDbEntity
  8
2Y
100
AcDbLine
 10
62947.28349448161
 20
56980.92051167736
 30
0.0
 11
62947.28349448161
 21
52591.50549461806
 31
0.0
  0
ARC
  5
9EF
330
8F9
100
AcDbEntity
  8
8G
100
AcDbCircle
 10
60402.51553840729
 20
55139.44283496725
 30
0.0
 40
479.8176692856713
100
AcDbArc
 50
90.0
 51
180.0
  0
TEXT
  5
9F0
330
8F9
100
AcDbEntity
  8
TG
100
AcDbText
 10
54797.87231557796
 20
53343.08843875871
 30
0.0
 40
375.0
  1
SEE SHEARWALL
 41
0.9
  7
100CL
100
AcDbText
  0
LINE
  5
9F1
330
8F9
100
AcDbEntity
  8
6M
  6
Continuous
 62
     6
100
AcDbLine
 10
62130.15295331485
 20
52351.59665997509
 30
0.0
 11
57669.28913233921
 21
52351.59665997509
 31
0.0
  0
LINE
  5
9F2
330
8F9
100
AcDbEntity
  8
6M
  6
Continuous
 62
     6
100
AcDbLine
 10
62034.18941945795
 20
51391.96132140394
 30
0.0
 11
57669.28913233921
 21
51391.96132140394
 31
0.0
  0
LINE
  5
9F3
330
8F9
100
AcDbEntity
  8
2Y
100
AcDbLine
 10
62947.28349448161
 20
52591.50549461806
 30
0.0
 11
57669.28913233921
 21
52591.50549461806
 31
0.0
  0
LINE
  5
9F4
330
8F9
100
AcDbEntity
  8
2Y
100
AcDbLine
 10
69664.73086448133
 20
51152.05248676097
 30
0.0
 11
57669.28913233921
 21
51152.05248676097
 31
0.0
  0
LINE
  5
9F5
330
8F9
100
AcDbEntity
  8
6M
  6
Continuous
 62
     6
100
AcDbLine
 10
63932.92599918067
 20
43464.76797604092
 30
0.0
 11
59568.0257120624
 21
43464.76797604092
 31
0.0
  0
LINE
  5
9F6
330
8F9
100
AcDbEntity
  8
2Y
100
AcDbLine
 10
64832.69180561348
 20
44664.31214925504
 30
0.0
 11
59568.0257120624
 21
44664.31214925504
 31
0.0
  0
LINE
  5
9F7
330
8F9
100
AcDbEntity
  8
6M
  6
Continuous
 62
     6
100
AcDbLine
 10
64028.88953303804
 20
44424.40331461208
 30
0.0
 11
59568.0257120624
 21
44424.40331461208
 31
0.0
  0
LINE
  5
9F8
330
8F9
100
AcDbEntity
  8
2Y
100
AcDbLine
 10
66272.14481347034
 20
43224.85914139796
 30
0.0
 11
59568.0257120624
 21
43224.85914139796
 31
0.0
  0
LWPOLYLINE
  5
9F9
330
8F9
100
AcDbEntity
  8
4C
 62
     4
100
AcDbPolyline
 90
        2
 70
     1
 43
47.94572251706056
 10
60929.13850891895
 20
43545.58662147072
 42
1.0
 10
60977.08423143558
 20
43545.58662147072
 42
1.0
  0
LWPOLYLINE
  5
9FA
330
8F9
100
AcDbEntity
  8
2Y
 62
     1
100
AcDbPolyline
 90
        6
 70
     0
 43
0.0
 10
59568.0257120624
 20
44664.31214925504
 10
59568.0257120624
 20
44229.13947997122
 10
59650.8214117864
 20
44190.60593510462
 10
59650.8214117864
 20
43790.82052345524
 10
59568.0257120624
 20
43733.02011308211
 10
59568.0257120624
 20
43224.85914139796
  0
LWPOLYLINE
  5
9FB
330
8F9
100
AcDbEntity
  8
4C
 62
     4
100
AcDbPolyline
 90
        2
 70
     1
 43
47.94572251706056
 10
60929.13850891895
 20
44337.99474784333
 42
1.0
 10
60977.08423143558
 20
44337.99474784333
 42
1.0
  0
LWPOLYLINE
  5
9FC
330
8F9
100
AcDbEntity
  8
2Y
100
AcDbPolyline
 90
        6
 70
     0
 43
0.0
 10
57669.28913233921
 20
52591.50549461806
 10
57669.28913233921
 20
52156.33282533424
 10
57752.08483206321
 20
52117.79928046764
 10
57752.08483206321
 20
51718.01386881826
 10
57669.28913233921
 20
51660.21345844535
 10
57669.28913233921
 20
51152.05248676097
  0
LWPOLYLINE
  5
9FD
330
8F9
100
AcDbEntity
  8
4C
 62
     4
100
AcDbPolyline
 90
        2
 70
     1
 43
47.94572251706056
 10
59030.40192919577
 20
51472.7799668335
 42
1.0
 10
59078.34765171285
 20
51472.7799668335
 42
1.0
  0
LINE
  5
9FE
330
8F9
100
AcDbEntity
  8
8G
100
AcDbLine
 10
59528.78761789182
 20
53551.34612068694
 30
0.0
 11
58996.66550338434
 21
53551.34612068694
 31
0.0
  0
LWPOLYLINE
  5
9FF
330
8F9
100
AcDbEntity
  8
4C
 62
     4
100
AcDbPolyline
 90
        2
 70
     1
 43
47.94572251706056
 10
59030.40192919577
 20
52265.18809320658
 42
1.0
 10
59078.34765171285
 20
52265.18809320658
 42
1.0
  0
LINE
  5
A00
330
8F9
100
AcDbEntity
  8
6M
  6
Continuous
 62
     6
100
AcDbLine
 10
66045.56424741892
 20
49205.14175746447
 30
0.0
 11
66045.56424741892
 21
46627.86994047669
 31
0.0
  0
LINE
  5
A01
330
8F9
100
AcDbEntity
  8
6M
  6
Continuous
 62
     6
100
AcDbLine
 10
65085.92890884753
 20
49205.14175746447
 30
0.0
 11
65085.92890884753
 21
46723.83347433383
 31
0.0
  0
LINE
  5
A02
330
8F9
100
AcDbEntity
  8
2Y
100
AcDbLine
 10
66285.47308206165
 20
49205.14175746447
 30
0.0
 11
66285.47308206165
 21
43238.18740998927
 31
0.0
  0
LINE
  5
A03
330
8F9
100
AcDbEntity
  8
2Y
100
AcDbLine
 10
64846.0200742048
 20
49205.14175746447
 30
0.0
 11
64846.0200742048
 21
44677.64041784636
 31
0.0
  0
ARC
  5
A04
330
8F9
100
AcDbEntity
  8
8G
  6
HIDDEN
100
AcDbCircle
 10
66285.47308206165
 20
47212.24948960423
 30
0.0
 40
479.8176692856713
100
AcDbArc
 50
0.0
 51
90.0
  0
ARC
  5
A05
330
8F9
100
AcDbEntity
  8
8G
  6
HIDDEN
100
AcDbCircle
 10
66285.47308206165
 20
43224.85914139796
 30
0.0
 40
479.8176692856713
100
AcDbArc
 50
270.0
 51
0.0
  0
LINE
  5
A06
330
8F9
100
AcDbEntity
  8
8G
100
AcDbLine
 10
67189.90006803794
 20
43949.38382201941
 30
0.0
 11
64335.92181556977
 21
43949.38382201941
 31
0.0
  0
ARC
  5
A07
330
8F9
100
AcDbEntity
  8
6M
 62
     6
100
AcDbCircle
 10
65959.19706694715
 20
45484.61207469666
 30
0.0
 40
86.36718047142085
100
AcDbArc
 50
270.0
 51
0.0
  0
LINE
  5
A08
330
8F9
100
AcDbEntity
  8
6M
  6
Continuous
 62
     6
100
AcDbLine
 10
65013.95625845462
 20
45686.42930127584
 30
0.0
 11
65013.95625845462
 21
45292.97881246145
 31
0.0
  0
LINE
  5
A09
330
8F9
100
AcDbEntity
  8
8G
  6
HIDDEN
100
AcDbLine
 10
61821.43444884455
 20
47212.24948960423
 30
0.0
 11
61821.43444884455
 21
43224.85914139796
 31
0.0
  0
LINE
  5
A0A
330
8F9
100
AcDbEntity
  8
6M
  6
Continuous
 62
     6
100
AcDbLine
 10
65949.60071356155
 20
47125.88230913269
 30
0.0
 11
65949.60071356155
 21
43551.13515651223
 31
0.0
  0
LINE
  5
A0B
330
8F9
100
AcDbEntity
  8
6M
  6
Continuous
 62
     6
100
AcDbLine
 10
65181.89244270444
 20
47125.88230913269
 30
0.0
 11
65181.89244270444
 21
43551.13515651223
 31
0.0
  0
ARC
  5
A0C
330
8F9
100
AcDbEntity
  8
6M
 62
     6
100
AcDbCircle
 10
63832.01738589144
 20
44315.74228135866
 30
0.0
 40
91.31225990389841
100
AcDbArc
 50
0.0
 51
180.0
  0
LWPOLYLINE
  5
A0D
330
8F9
100
AcDbEntity
  8
4C
 62
     4
100
AcDbPolyline
 90
        2
 70
     1
 43
47.94572251706056
 10
63808.04452463266
 20
44242.03121398619
 42
1.0
 10
63855.99024714974
 20
44242.03121398619
 42
1.0
  0
LWPOLYLINE
  5
A0E
330
8F9
100
AcDbEntity
  8
4C
 62
     4
100
AcDbPolyline
 90
        2
 70
     1
 43
47.94572251706056
 10
63808.04452463266
 20
43641.55015532762
 42
1.0
 10
63855.99024714974
 20
43641.55015532762
 42
1.0
  0
ARC
  5
A0F
330
8F9
100
AcDbEntity
  8
6M
 62
     6
100
AcDbCircle
 10
63827.07230645864
 20
43455.17162265509
 30
0.0
 40
86.36718047142085
100
AcDbArc
 50
180.0
 51
270.0
  0
LINE
  5
A10
330
8F9
100
AcDbEntity
  8
8G
  6
HIDDEN
100
AcDbLine
 10
66285.47308206165
 20
42745.04147211226
 30
0.0
 11
62301.25211813048
 21
42745.04147211226
 31
0.0
  0
LINE
  5
A11
330
8F9
100
AcDbEntity
  8
6M
  6
Continuous
 62
     6
100
AcDbLine
 10
65959.19706694715
 20
43560.73150989806
 30
0.0
 11
62387.61929860178
 21
43560.73150989806
 31
0.0
  0
LINE
  5
A12
330
8F9
100
AcDbEntity
  8
6M
  6
Continuous
 62
     6
100
AcDbLine
 10
65959.19706694715
 20
44328.43978075494
 30
0.0
 11
62387.61929860178
 21
44328.43978075494
 31
0.0
  0
ARC
  5
A13
330
8F9
100
AcDbEntity
  8
6M
 62
     6
100
AcDbCircle
 10
62387.61929860178
 20
43647.09869036937
 30
0.0
 40
86.36718047142085
100
AcDbArc
 50
180.0
 51
270.0
  0
LINE
  5
A14
330
8F9
100
AcDbEntity
  8
6M
 62
     6
100
AcDbLine
 10
63740.70512598732
 20
44315.74228135866
 30
0.0
 11
63740.70512598732
 21
43455.17162265509
 31
0.0
  0
ARC
  5
A15
330
8F9
100
AcDbEntity
  8
8G
  6
HIDDEN
100
AcDbCircle
 10
62301.25211813048
 20
43224.85914139796
 30
0.0
 40
479.8176692856713
100
AcDbArc
 50
180.0
 51
270.0
  0
LWPOLYLINE
  5
A16
330
8F9
100
AcDbEntity
  8
4C
 62
     4
100
AcDbPolyline
 90
        2
 70
     1
 43
47.94572251706056
 10
62368.5915167758
 20
44242.03121398619
 42
1.0
 10
62416.53723929244
 20
44242.03121398619
 42
1.0
  0
ARC
  5
A17
330
8F9
100
AcDbEntity
  8
6M
 62
     6
100
AcDbCircle
 10
62387.61929860178
 20
44242.07260028363
 30
0.0
 40
86.36718047142085
100
AcDbArc
 50
90.0
 51
180.0
  0
LWPOLYLINE
  5
A18
330
8F9
100
AcDbEntity
  8
4C
 62
     4
100
AcDbPolyline
 90
        2
 70
     1
 43
47.94572251706056
 10
62368.5915167758
 20
43641.55015532762
 42
1.0
 10
62416.53723929244
 20
43641.55015532762
 42
1.0
  0
LINE
  5
A19
330
8F9
100
AcDbEntity
  8
6M
 62
     6
100
AcDbLine
 10
62301.25211813048
 20
44242.07260028363
 30
0.0
 11
62301.25211813048
 21
43647.09869036937
 31
0.0
  0
ARC
  5
A1A
330
8F9
100
AcDbEntity
  8
6M
  6
Continuous
 62
     6
100
AcDbCircle
 10
65959.19706694715
 20
43647.09869036937
 30
0.0
 40
86.36718047142085
100
AcDbArc
 50
270.0
 51
0.0
  0
LINE
  5
A1B
330
8F9
100
AcDbEntity
  8
6M
 62
     6
100
AcDbLine
 10
64019.29317965245
 20
44315.74228135866
 30
0.0
 11
64019.29317965245
 21
43551.13515651223
 31
0.0
  0
LINE
  5
A1C
330
8F9
100
AcDbEntity
  8
6M
 62
     6
100
AcDbLine
 10
64115.25671350935
 20
44338.03613414077
 30
0.0
 11
64115.25671350935
 21
43560.73150989806
 31
0.0
  0
ARC
  5
A1D
330
8F9
100
AcDbEntity
  8
6M
 62
     6
100
AcDbCircle
 10
63932.92599918067
 20
43551.13515651223
 30
0.0
 40
86.36718047142085
100
AcDbArc
 50
270.0
 51
0.0
  0
LINE
  5
A1E
330
8F9
100
AcDbEntity
  8
6M
  6
Continuous
 62
     6
100
AcDbLine
 10
64220.52279527279
 20
43368.80444218378
 30
0.0
 11
63827.07230645864
 21
43368.80444218378
 31
0.0
  0
ARC
  5
A1F
330
8F9
100
AcDbEntity
  8
6M
  6
Continuous
 62
     6
100
AcDbCircle
 10
65863.23353309024
 20
43551.13515651223
 30
0.0
 40
86.36718047142085
100
AcDbArc
 50
270.0
 51
0.0
  0
ARC
  5
A20
330
8F9
100
AcDbEntity
  8
2Y
100
AcDbCircle
 10
66272.14481347034
 20
43238.18740998927
 30
0.0
 40
13.32826859126865
100
AcDbArc
 50
270.0
 51
0.0
  0
ARC
  5
A21
330
8F9
100
AcDbEntity
  8
6M
  6
Continuous
 62
     6
100
AcDbCircle
 10
65268.25962317621
 20
43551.13515651223
 30
0.0
 40
86.36718047142085
100
AcDbArc
 50
180.0
 51
270.0
  0
LINE
  5
A22
330
8F9
100
AcDbEntity
  8
6M
  6
Continuous
 62
     6
100
AcDbLine
 10
65863.23353309024
 20
43464.76797604092
 30
0.0
 11
65268.25962317621
 21
43464.76797604092
 31
0.0
  0
ARC
  5
A23
330
8F9
100
AcDbEntity
  8
6M
 62
     6
100
AcDbCircle
 10
64028.88953303804
 20
44338.03613414077
 30
0.0
 40
86.36718047142085
100
AcDbArc
 50
0.0
 51
90.0
  0
LINE
  5
A24
330
8F9
100
AcDbEntity
  8
6M
 62
     6
100
AcDbLine
 10
63923.32964579508
 20
44315.74228135866
 30
0.0
 11
63923.32964579508
 21
43927.23687197684
 31
0.0
  0
INSERT
  5
A25
330
8F9
100
AcDbEntity
  8
8G
100
AcDbBlockReference
  2
DIMBLK
 10
64115.25671350935
 20
43949.38382201941
 30
0.0
 41
71.97265039285412
 42
71.97265039285412
 43
71.97265039285412
 50
180.0
  0
ARC
  5
A26
330
8F9
100
AcDbEntity
  8
2Y
100
AcDbCircle
 10
64832.69180561348
 20
44677.64041784636
 30
0.0
 40
13.32826859126865
100
AcDbArc
 50
270.0
 51
0.0
  0
LINE
  5
A27
330
8F9
100
AcDbEntity
  8
6M
 62
     6
100
AcDbLine
 10
65959.19706694715
 20
45398.24489422512
 30
0.0
 11
65181.89244270444
 21
45398.24489422512
 31
0.0
  0
LWPOLYLINE
  5
A28
330
8F9
100
AcDbEntity
  8
4C
 62
     4
100
AcDbPolyline
 90
        2
 70
     1
 43
47.94572251706056
 10
65832.57111833829
 20
44242.03121398619
 42
1.0
 10
65880.51684085539
 20
44242.03121398619
 42
1.0
  0
ARC
  5
A29
330
8F9
100
AcDbEntity
  8
6M
  6
Continuous
 62
     6
100
AcDbCircle
 10
65959.19706694715
 20
44242.07260028363
 30
0.0
 40
86.36718047142085
100
AcDbArc
 50
0.0
 51
90.0
  0
LWPOLYLINE
  5
A2A
330
8F9
100
AcDbEntity
  8
4C
 62
     4
100
AcDbPolyline
 90
        2
 70
     1
 43
47.94572251706056
 10
65835.73378017012
 20
43641.55015532762
 42
1.0
 10
65883.67950268721
 20
43641.55015532762
 42
1.0
  0
LINE
  5
A2B
330
8F9
100
AcDbEntity
  8
6M
  6
Continuous
 62
     6
100
AcDbLine
 10
66045.56424741892
 20
44242.07260028363
 30
0.0
 11
66045.56424741892
 21
43647.09869036937
 31
0.0
  0
LWPOLYLINE
  5
A2C
330
8F9
100
AcDbEntity
  8
4C
 62
     4
100
AcDbPolyline
 90
        2
 70
     1
 43
47.94572251706056
 10
65247.49753248997
 20
44242.03121398619
 42
1.0
 10
65295.44325500659
 20
44242.03121398619
 42
1.0
  0
LWPOLYLINE
  5
A2D
330
8F9
100
AcDbEntity
  8
4C
 62
     4
100
AcDbPolyline
 90
        2
 70
     1
 43
47.94572251706056
 10
65247.49753248997
 20
43641.55015532762
 42
1.0
 10
65295.44325500659
 20
43641.55015532762
 42
1.0
  0
LINE
  5
A2E
330
8F9
100
AcDbEntity
  8
8G
  6
HIDDEN
100
AcDbLine
 10
66285.47308206165
 20
47692.06715888993
 30
0.0
 11
62301.25211813048
 21
47692.06715888993
 31
0.0
  0
ARC
  5
A2F
330
8F9
100
AcDbEntity
  8
8G
  6
HIDDEN
100
AcDbCircle
 10
62301.25211813048
 20
47212.24948960423
 30
0.0
 40
479.8176692856713
100
AcDbArc
 50
90.0
 51
180.0
  0
ARC
  5
A30
330
8F9
100
AcDbEntity
  8
6M
 62
     6
100
AcDbCircle
 10
65100.32343892593
 20
45686.42930127584
 30
0.0
 40
86.36718047142085
100
AcDbArc
 50
90.0
 51
180.0
  0
ARC
  5
A31
330
8F9
100
AcDbEntity
  8
6M
 62
     6
100
AcDbCircle
 10
65172.29608931884
 20
45580.5756085538
 30
0.0
 40
86.36718047142085
100
AcDbArc
 50
180.0
 51
270.0
  0
LWPOLYLINE
  5
A32
330
8F9
100
AcDbEntity
  8
4C
 62
     4
100
AcDbPolyline
 90
        2
 70
     1
 43
47.94572251706056
 10
65832.57111833829
 20
45681.48422184327
 42
1.0
 10
65880.51684085539
 20
45681.48422184327
 42
1.0
  0
LINE
  5
A33
330
8F9
100
AcDbEntity
  8
6M
 62
     6
100
AcDbLine
 10
66026.21858082645
 20
45590.1719619394
 30
0.0
 11
65637.71317144463
 21
45590.1719619394
 31
0.0
  0
ARC
  5
A34
330
8F9
100
AcDbEntity
  8
6M
 62
     6
100
AcDbCircle
 10
65863.23353309024
 20
47125.88230913269
 30
0.0
 40
86.36718047142085
100
AcDbArc
 50
0.0
 51
90.0
  0
LWPOLYLINE
  5
A35
330
8F9
100
AcDbEntity
  8
4C
 62
     4
100
AcDbPolyline
 90
        2
 70
     1
 43
47.94572251706056
 10
65832.57111833829
 20
47120.93722970036
 42
1.0
 10
65880.51684085539
 20
47120.93722970036
 42
1.0
  0
LWPOLYLINE
  5
A36
330
8F9
100
AcDbEntity
  8
4C
 62
     4
100
AcDbPolyline
 90
        2
 70
     1
 43
47.94572251706056
 10
65247.49753248997
 20
45681.48422184327
 42
1.0
 10
65295.44325500659
 20
45681.48422184327
 42
1.0
  0
ARC
  5
A37
330
8F9
100
AcDbEntity
  8
6M
 62
     6
100
AcDbCircle
 10
65268.25962317621
 20
47125.88230913269
 30
0.0
 40
86.36718047142085
100
AcDbArc
 50
90.0
 51
180.0
  0
LWPOLYLINE
  5
A38
330
8F9
100
AcDbEntity
  8
4C
 62
     4
100
AcDbPolyline
 90
        2
 70
     1
 43
47.94572251706056
 10
65247.49753248997
 20
47120.93722970036
 42
1.0
 10
65295.44325500659
 20
47120.93722970036
 42
1.0
  0
LINE
  5
A39
330
8F9
100
AcDbEntity
  8
6M
 62
     6
100
AcDbLine
 10
65930.25504696908
 20
45494.20842808226
 30
0.0
 11
65172.29608931884
 21
45494.20842808226
 31
0.0
  0
LINE
  5
A3A
330
8F9
100
AcDbEntity
  8
6M
 62
     6
100
AcDbLine
 10
66026.21858082645
 20
45772.79648174715
 30
0.0
 11
65100.32343892593
 21
45772.79648174715
 31
0.0
  0
LINE
  5
A3B
330
8F9
100
AcDbEntity
  8
6M
 62
     6
100
AcDbLine
 10
65863.23353309024
 20
47212.24948960423
 30
0.0
 11
65268.25962317621
 21
47212.24948960423
 31
0.0
  0
ARC
  5
A3C
330
8F9
100
AcDbEntity
  8
6M
 62
     6
100
AcDbCircle
 10
65100.32343892593
 20
48565.33531698977
 30
0.0
 40
86.36718047142085
100
AcDbArc
 50
90.0
 51
180.0
  0
LINE
  5
A3D
330
8F9
100
AcDbEntity
  8
6M
  6
Continuous
 62
     6
100
AcDbLine
 10
65013.95625845462
 20
48565.33531698977
 30
0.0
 11
65013.95625845462
 21
48171.88482817562
 31
0.0
  0
LWPOLYLINE
  5
A3E
330
8F9
100
AcDbEntity
  8
4C
 62
     4
100
AcDbPolyline
 90
        2
 70
     1
 43
47.94572251706056
 10
65928.53465219566
 20
48560.39023755744
 42
1.0
 10
65976.48037471276
 20
48560.39023755744
 42
1.0
  0
ARC
  5
A3F
330
8F9
100
AcDbEntity
  8
6M
 62
     6
100
AcDbCircle
 10
66026.21858082645
 20
48560.39023755744
 30
0.0
 40
91.31225990389841
100
AcDbArc
 50
270.0
 51
90.0
  0
LINE
  5
A40
330
8F9
100
AcDbEntity
  8
6M
 62
     6
100
AcDbLine
 10
66026.21858082645
 20
48469.07797765333
 30
0.0
 11
65637.71317144463
 21
48469.07797765333
 31
0.0
  0
LWPOLYLINE
  5
A41
330
8F9
100
AcDbEntity
  8
4C
 62
     4
100
AcDbPolyline
 90
        2
 70
     1
 43
47.94572251706056
 10
65151.5339986326
 20
48560.39023755744
 42
1.0
 10
65199.47972114969
 20
48560.39023755744
 42
1.0
  0
LINE
  5
A42
330
8F9
100
AcDbEntity
  8
6M
 62
     6
100
AcDbLine
 10
66026.21858082645
 20
48651.70249746132
 30
0.0
 11
65100.32343892593
 21
48651.70249746132
 31
0.0
  0
LINE
  5
A43
330
8F9
100
AcDbEntity
  8
8G
  6
HIDDEN
100
AcDbLine
 10
66765.29075134712
 20
47212.24948960423
 30
0.0
 11
66765.29075134712
 21
43224.85914139796
 31
0.0
  0
LINE
  5
A44
330
8F9
100
AcDbEntity
  8
2Y
100
AcDbLine
 10
69664.73086448133
 20
52591.50549461806
 30
0.0
 11
64386.73650233893
 21
52591.50549461806
 31
0.0
  0
LINE
  5
A45
330
8F9
100
AcDbEntity
  8
8G
  6
HIDDEN
100
AcDbLine
 10
66931.50445841279
 20
50672.23481747552
 30
0.0
 11
60402.51553840729
 21
50672.23481747528
 31
0.0
  0
LINE
  5
A46
330
8F9
100
AcDbEntity
  8
6M
  6
Continuous
 62
     6
100
AcDbLine
 10
66845.13727794148
 20
52255.63312611819
 30
0.0
 11
60488.88271887859
 21
52255.63312611819
 31
0.0
  0
LINE
  5
A47
330
8F9
100
AcDbEntity
  8
6M
  6
Continuous
 62
     6
100
AcDbLine
 10
60488.88271887859
 20
51487.92485526108
 30
0.0
 11
66845.13727794148
 21
51487.92485526108
 31
0.0
  0
LINE
  5
A48
330
8F9
100
AcDbEntity
  8
8G
100
AcDbLine
 10
62216.52013378617
 20
51876.57716738243
 30
0.0
 11
64728.55429278247
 21
51876.57716738243
 31
0.0
  0
LINE
  5
A49
330
8F9
100
AcDbEntity
  8
6M
  6
Continuous
 62
     6
100
AcDbLine
 10
64050.86413383882
 20
55053.07565449594
 30
0.0
 11
64050.86413383882
 21
51478.32850187525
 31
0.0
  0
LINE
  5
A4A
330
8F9
100
AcDbEntity
  8
8G
  6
HIDDEN
100
AcDbLine
 10
59922.69786912182
 20
55139.44283496725
 30
0.0
 11
59922.69786912182
 21
51152.05248676097
 31
0.0
  0
LINE
  5
A4B
330
8F9
100
AcDbEntity
  8
6M
  6
Continuous
 62
     6
100
AcDbLine
 10
63283.15586298171
 20
55053.07565449594
 30
0.0
 11
63283.15586298171
 21
51478.32850187525
 31
0.0
  0
LINE
  5
A4C
330
8F9
100
AcDbEntity
  8
6M
 62
     6
100
AcDbLine
 10
60402.51553840729
 20
52169.26594564665
 30
0.0
 11
60402.51553840729
 21
51574.29203573238
 31
0.0
  0
LINE
  5
A4D
330
8F9
100
AcDbEntity
  8
6M
 62
     6
100
AcDbLine
 10
62216.52013378617
 20
52265.22947950378
 30
0.0
 11
62216.52013378617
 21
51487.92485526108
 31
0.0
  0
LINE
  5
A4E
330
8F9
100
AcDbEntity
  8
6M
 62
     6
100
AcDbLine
 10
62120.55659992926
 20
52242.93562672167
 30
0.0
 11
62120.55659992926
 21
51478.32850187525
 31
0.0
  0
LINE
  5
A4F
330
8F9
100
AcDbEntity
  8
6M
 62
     6
100
AcDbLine
 10
61841.9685462646
 20
52242.93562672167
 30
0.0
 11
61841.9685462646
 21
51382.36496801811
 31
0.0
  0
ARC
  5
A50
330
8F9
100
AcDbEntity
  8
6M
 62
     6
100
AcDbCircle
 10
62034.18941945795
 20
51478.32850187525
 30
0.0
 40
86.36718047142085
100
AcDbArc
 50
270.0
 51
0.0
  0
LINE
  5
A51
330
8F9
100
AcDbEntity
  8
6M
  6
Continuous
 62
     6
100
AcDbLine
 10
62321.78621555006
 20
51295.9977875468
 30
0.0
 11
61928.33572673591
 21
51295.9977875468
 31
0.0
  0
ARC
  5
A52
330
8F9
100
AcDbEntity
  8
6M
 62
     6
100
AcDbCircle
 10
60488.88271887859
 20
51574.29203573238
 30
0.0
 40
86.36718047142085
100
AcDbArc
 50
180.0
 51
270.0
  0
LWPOLYLINE
  5
A53
330
8F9
100
AcDbEntity
  8
4C
 62
     4
100
AcDbPolyline
 90
        2
 70
     1
 43
47.94572251706056
 10
60469.85493705261
 20
51568.74350069064
 42
1.0
 10
60517.80065956971
 20
51568.74350069064
 42
1.0
  0
ARC
  5
A54
330
8F9
100
AcDbEntity
  8
8G
  6
HIDDEN
100
AcDbCircle
 10
60402.51553840729
 20
51152.05248676097
 30
0.0
 40
479.8176692856713
100
AcDbArc
 50
180.0
 51
270.0
  0
ARC
  5
A55
330
8F9
100
AcDbEntity
  8
6M
 62
     6
100
AcDbCircle
 10
61928.33572673591
 20
51382.36496801811
 30
0.0
 40
86.36718047142085
100
AcDbArc
 50
180.0
 51
270.0
  0
LWPOLYLINE
  5
A56
330
8F9
100
AcDbEntity
  8
4C
 62
     4
100
AcDbPolyline
 90
        2
 70
     1
 43
47.94572251706056
 10
61909.30794490993
 20
51568.74350069064
 42
1.0
 10
61957.25366742702
 20
51568.74350069064
 42
1.0
  0
LWPOLYLINE
  5
A57
330
8F9
100
AcDbEntity
  8
2Y
 62
     1
100
AcDbPolyline
 90
        6
 70
     0
 43
0.0
 10
64846.0200742048
 20
49205.14175746447
 10
65360.79376745949
 20
49205.14175746447
 10
65424.2027353619
 20
49133.83011558043
 10
65852.21372066045
 20
49133.83011558043
 10
65891.84435788242
 20
49205.14175746447
 10
66285.47308206165
 20
49205.14175746447
  0
ARC
  5
A58
330
8F9
100
AcDbEntity
  8
6M
  6
Continuous
 62
     6
100
AcDbCircle
 10
63369.52304345302
 20
51478.32850187525
 30
0.0
 40
86.36718047142085
100
AcDbArc
 50
180.0
 51
270.0
  0
LWPOLYLINE
  5
A59
330
8F9
100
AcDbEntity
  8
4C
 62
     4
100
AcDbPolyline
 90
        2
 70
     1
 43
47.94572251706056
 10
63348.76095276678
 20
51568.74350069064
 42
1.0
 10
63396.70667528387
 20
51568.74350069064
 42
1.0
  0
ARC
  5
A5A
330
8F9
100
AcDbEntity
  8
6M
  6
Continuous
 62
     6
100
AcDbCircle
 10
63964.49695336752
 20
51478.32850187525
 30
0.0
 40
86.36718047142085
100
AcDbArc
 50
270.0
 51
0.0
  0
LWPOLYLINE
  5
A5B
330
8F9
100
AcDbEntity
  8
4C
 62
     4
100
AcDbPolyline
 90
        2
 70
     1
 43
47.94572251706056
 10
63936.9972004474
 20
51568.74350069064
 42
1.0
 10
63984.94292296448
 20
51568.74350069064
 42
1.0
  0
LINE
  5
A5C
330
8F9
100
AcDbEntity
  8
6M
  6
Continuous
 62
     6
100
AcDbLine
 10
63964.49695336752
 20
51391.96132140394
 30
0.0
 11
63369.52304345302
 21
51391.96132140394
 31
0.0
  0
LINE
  5
A5D
330
8F9
100
AcDbEntity
  8
8G
100
AcDbLine
 10
59528.78761789182
 20
51857.83537648266
 30
0.0
 11
59528.78761789182
 21
53551.34612068694
 31
0.0
  0
ARC
  5
A5E
330
8F9
100
AcDbEntity
  8
6M
 62
     6
100
AcDbCircle
 10
60488.88271887859
 20
52169.26594564665
 30
0.0
 40
86.36718047142085
100
AcDbArc
 50
90.0
 51
180.0
  0
LWPOLYLINE
  5
A5F
330
8F9
100
AcDbEntity
  8
4C
 62
     4
100
AcDbPolyline
 90
        2
 70
     1
 43
47.94572251706056
 10
60469.85493705261
 20
52169.22455934944
 42
1.0
 10
60517.80065956971
 20
52169.22455934944
 42
1.0
  0
ARC
  5
A60
330
8F9
100
AcDbEntity
  8
6M
 62
     6
100
AcDbCircle
 10
61933.28080616824
 20
52242.93562672167
 30
0.0
 40
91.31225990389841
100
AcDbArc
 50
0.0
 51
180.0
  0
LWPOLYLINE
  5
A61
330
8F9
100
AcDbEntity
  8
4C
 62
     4
100
AcDbPolyline
 90
        2
 70
     1
 43
47.94572251706056
 10
61909.30794490993
 20
52169.22455934944
 42
1.0
 10
61957.25366742702
 20
52169.22455934944
 42
1.0
  0
LINE
  5
A62
330
8F9
100
AcDbEntity
  8
6M
 62
     6
100
AcDbLine
 10
62024.59306607235
 20
52242.93562672167
 30
0.0
 11
62024.59306607235
 21
51854.43021733986
 31
0.0
  0
ARC
  5
A63
330
8F9
100
AcDbEntity
  8
6M
 62
     6
100
AcDbCircle
 10
63201.5868592032
 20
53613.62264663886
 30
0.0
 40
86.36718047142085
100
AcDbArc
 50
90.0
 51
180.0
  0
LWPOLYLINE
  5
A64
330
8F9
100
AcDbEntity
  8
4C
 62
     4
100
AcDbPolyline
 90
        2
 70
     1
 43
47.94572251706056
 10
63348.76095276678
 20
52169.22455934944
 42
1.0
 10
63396.70667528387
 20
52169.22455934944
 42
1.0
  0
LWPOLYLINE
  5
A65
330
8F9
100
AcDbEntity
  8
4C
 62
     4
100
AcDbPolyline
 90
        2
 70
     1
 43
47.94572251706056
 10
63348.76095276678
 20
53608.67756720653
 42
1.0
 10
63396.70667528387
 20
53608.67756720653
 42
1.0
  0
LINE
  5
A66
330
8F9
100
AcDbEntity
  8
6M
 62
     6
100
AcDbLine
 10
64060.46048722442
 20
53325.43823958814
 30
0.0
 11
63283.15586298171
 21
53325.43823958814
 31
0.0
  0
LINE
  5
A67
330
8F9
100
AcDbEntity
  8
6M
 62
     6
100
AcDbLine
 10
64031.51846724635
 20
53421.40177344528
 30
0.0
 11
63273.55950959565
 21
53421.40177344528
 31
0.0
  0
LINE
  5
A68
330
8F9
100
AcDbEntity
  8
6M
 62
     6
100
AcDbLine
 10
64127.48200110372
 20
53699.9898271104
 30
0.0
 11
63201.5868592032
 21
53699.9898271104
 31
0.0
  0
ARC
  5
A69
330
8F9
100
AcDbEntity
  8
6M
 62
     6
100
AcDbCircle
 10
62130.15295331485
 20
52265.22947950378
 30
0.0
 40
86.36718047142085
100
AcDbArc
 50
0.0
 51
90.0
  0
ARC
  5
A6A
330
8F9
100
AcDbEntity
  8
6M
 62
     6
100
AcDbCircle
 10
63273.55950959565
 20
53507.76895391682
 30
0.0
 40
86.36718047142085
100
AcDbArc
 50
180.0
 51
270.0
  0
LINE
  5
A6B
330
8F9
100
AcDbEntity
  8
6M
  6
Continuous
 62
     6
100
AcDbLine
 10
63115.2196787319
 20
53613.62264663886
 30
0.0
 11
63115.2196787319
 21
53220.1721578247
 31
0.0
  0
LWPOLYLINE
  5
A6C
330
8F9
100
AcDbEntity
  8
4C
 62
     4
100
AcDbPolyline
 90
        2
 70
     1
 43
47.94572251706056
 10
63933.83453861557
 20
52169.22455934944
 42
1.0
 10
63981.78026113266
 20
52169.22455934944
 42
1.0
  0
ARC
  5
A6D
330
8F9
100
AcDbEntity
  8
6M
 62
     6
100
AcDbCircle
 10
64060.46048722442
 20
53411.80542005968
 30
0.0
 40
86.36718047142085
100
AcDbArc
 50
270.0
 51
0.0
  0
LINE
  5
A6E
330
8F9
100
AcDbEntity
  8
6M
 62
     6
100
AcDbLine
 10
64127.48200110372
 20
53517.36530730241
 30
0.0
 11
63738.97659172143
 21
53517.36530730241
 31
0.0
  0
ARC
  5
A6F
330
8F9
100
AcDbEntity
  8
6M
 62
     6
100
AcDbCircle
 10
64127.48200110372
 20
53608.67756720629
 30
0.0
 40
91.31225990389841
100
AcDbArc
 50
270.0
 51
90.0
  0
LWPOLYLINE
  5
A70
330
8F9
100
AcDbEntity
  8
4C
 62
     4
100
AcDbPolyline
 90
        2
 70
     1
 43
47.94572251706056
 10
63933.83453861557
 20
53608.67756720653
 42
1.0
 10
63981.78026113219
 20
53608.67756720653
 42
1.0
  0
ARC
  5
A71
330
8F9
100
AcDbEntity
  8
6M
 62
     6
100
AcDbCircle
 10
63369.52304345302
 20
55053.07565449594
 30
0.0
 40
86.36718047142085
100
AcDbArc
 50
90.0
 51
180.0
  0
LWPOLYLINE
  5
A72
330
8F9
100
AcDbEntity
  8
4C
 62
     4
100
AcDbPolyline
 90
        2
 70
     1
 43
47.94572251706056
 10
63348.76095276678
 20
55048.13057506337
 42
1.0
 10
63396.70667528387
 20
55048.13057506337
 42
1.0
  0
ARC
  5
A73
330
8F9
100
AcDbEntity
  8
6M
 62
     6
100
AcDbCircle
 10
63964.49695336752
 20
55053.07565449594
 30
0.0
 40
86.36718047142085
100
AcDbArc
 50
0.0
 51
90.0
  0
LWPOLYLINE
  5
A74
330
8F9
100
AcDbEntity
  8
4C
 62
     4
100
AcDbPolyline
 90
        2
 70
     1
 43
47.94572251706056
 10
63933.83453861557
 20
55048.13057506337
 42
1.0
 10
63981.78026113266
 20
55048.13057506337
 42
1.0
  0
LINE
  5
A75
330
8F9
100
AcDbEntity
  8
6M
 62
     6
100
AcDbLine
 10
63964.49695336752
 20
55139.44283496725
 30
0.0
 11
63369.52304345302
 21
55139.44283496725
 31
0.0
  0
LINE
  5
A76
330
8F9
100
AcDbEntity
  8
8G
  6
HIDDEN
100
AcDbLine
 10
67411.32212769872
 20
55139.44283496725
 30
0.0
 11
67411.32212769872
 21
51152.05248676097
 31
0.0
  0
LINE
  5
A77
330
8F9
100
AcDbEntity
  8
6M
 62
     6
100
AcDbLine
 10
65117.4998630339
 20
52265.22947950378
 30
0.0
 11
65117.4998630339
 21
51487.92485526108
 31
0.0
  0
LINE
  5
A78
330
8F9
100
AcDbEntity
  8
6M
 62
     6
100
AcDbLine
 10
65492.05145055593
 20
52242.93562672167
 30
0.0
 11
65492.05145055593
 21
51382.36496801811
 31
0.0
  0
LINE
  5
A79
330
8F9
100
AcDbEntity
  8
6M
 62
     6
100
AcDbLine
 10
65213.46339689128
 20
52242.93562672167
 30
0.0
 11
65213.46339689128
 21
51478.32850187525
 31
0.0
  0
LINE
  5
A7A
330
8F9
100
AcDbEntity
  8
6M
 62
     6
100
AcDbLine
 10
66931.50445841279
 20
52169.26594564665
 30
0.0
 11
66931.50445841279
 21
51574.29203573238
 31
0.0
  0
LWPOLYLINE
  5
A7B
330
8F9
100
AcDbEntity
  8
2Y
100
AcDbPolyline
 90
        6
 70
     0
 43
0.0
 10
69664.73086448133
 20
52591.50549461806
 10
69664.73086448133
 20
52156.33282533424
 10
69581.93516475687
 20
52117.79928046764
 10
69581.93516475687
 20
51718.01386881826
 10
69664.73086448133
 20
51660.21345844535
 10
69664.73086448133
 20
51152.05248676097
  0
LINE
  5
A7C
330
8F9
100
AcDbEntity
  8
6M
  6
Continuous
 62
     6
100
AcDbLine
 10
65299.83057736258
 20
51391.96132140394
 30
0.0
 11
69664.73086448133
 21
51391.96132140394
 31
0.0
  0
ARC
  5
A7D
330
8F9
100
AcDbEntity
  8
8G
  6
HIDDEN
100
AcDbCircle
 10
66931.50445841279
 20
51152.05248676097
 30
0.0
 40
479.8176692856713
100
AcDbArc
 50
270.0
 51
0.0
  0
ARC
  5
A7E
330
8F9
100
AcDbEntity
  8
6M
 62
     6
100
AcDbCircle
 10
65405.68427008463
 20
51382.36496801811
 30
0.0
 40
86.36718047142085
100
AcDbArc
 50
270.0
 51
0.0
  0
LINE
  5
A7F
330
8F9
100
AcDbEntity
  8
6M
  6
Continuous
 62
     6
100
AcDbLine
 10
65012.23378127001
 20
51295.9977875468
 30
0.0
 11
65405.68427008463
 21
51295.9977875468
 31
0.0
  0
ARC
  5
A80
330
8F9
100
AcDbEntity
  8
6M
 62
     6
100
AcDbCircle
 10
65299.83057736258
 20
51478.32850187525
 30
0.0
 40
86.36718047142085
100
AcDbArc
 50
180.0
 51
270.0
  0
LWPOLYLINE
  5
A81
330
8F9
100
AcDbEntity
  8
4C
 62
     4
100
AcDbPolyline
 90
        2
 70
     1
 43
47.94572251706056
 10
65424.71205191061
 20
51568.74350069064
 42
-1.0
 10
65376.76632939351
 20
51568.74350069064
 42
-1.0
  0
ARC
  5
A82
330
8F9
100
AcDbEntity
  8
6M
 62
     6
100
AcDbCircle
 10
66845.13727794148
 20
51574.29203573238
 30
0.0
 40
86.36718047142085
100
AcDbArc
 50
270.0
 51
0.0
  0
LWPOLYLINE
  5
A83
330
8F9
100
AcDbEntity
  8
4C
 62
     4
100
AcDbPolyline
 90
        2
 70
     1
 43
47.94572251706056
 10
66864.16505976746
 20
51568.74350069064
 42
-1.0
 10
66816.21933725037
 20
51568.74350069064
 42
-1.0
  0
LWPOLYLINE
  5
A84
330
8F9
100
AcDbEntity
  8
4C
 62
     4
100
AcDbPolyline
 90
        2
 70
     1
 43
47.94572251706056
 10
68303.61806762478
 20
51472.7799668335
 42
-1.0
 10
68255.67234510768
 20
51472.7799668335
 42
-1.0
  0
LINE
  5
A85
330
8F9
100
AcDbEntity
  8
6M
  6
Continuous
 62
     6
100
AcDbLine
 10
65203.86704350522
 20
52351.59665997509
 30
0.0
 11
69664.73086448133
 21
52351.59665997509
 31
0.0
  0
LWPOLYLINE
  5
A86
330
8F9
100
AcDbEntity
  8
4C
 62
     4
100
AcDbPolyline
 90
        2
 70
     1
 43
47.94572251706056
 10
65424.71205191061
 20
52169.22455934944
 42
-1.0
 10
65376.76632939351
 20
52169.22455934944
 42
-1.0
  0
ARC
  5
A87
330
8F9
100
AcDbEntity
  8
6M
 62
     6
100
AcDbCircle
 10
65400.73919065229
 20
52242.93562672167
 30
0.0
 40
91.31225990389841
100
AcDbArc
 50
0.0
 51
180.0
  0
ARC
  5
A88
330
8F9
100
AcDbEntity
  8
6M
 62
     6
100
AcDbCircle
 10
65203.86704350522
 20
52265.22947950378
 30
0.0
 40
86.36718047142085
100
AcDbArc
 50
90.0
 51
180.0
  0
LINE
  5
A89
330
8F9
100
AcDbEntity
  8
6M
 62
     6
100
AcDbLine
 10
65309.42693074819
 20
52242.93562672167
 30
0.0
 11
65309.42693074819
 21
51854.43021733986
 31
0.0
  0
LWPOLYLINE
  5
A8A
330
8F9
100
AcDbEntity
  8
4C
 62
     4
100
AcDbPolyline
 90
        2
 70
     1
 43
47.94572251706056
 10
66864.16505976746
 20
52169.22455934944
 42
-1.0
 10
66816.21933725037
 20
52169.22455934944
 42
-1.0
  0
ARC
  5
A8B
330
8F9
100
AcDbEntity
  8
6M
 62
     6
100
AcDbCircle
 10
66845.13727794148
 20
52169.26594564665
 30
0.0
 40
86.36718047142085
100
AcDbArc
 50
0.0
 51
90.0
  0
LWPOLYLINE
  5
A8C
330
8F9
100
AcDbEntity
  8
4C
 62
     4
100
AcDbPolyline
 90
        2
 70
     1
 43
47.94572251706056
 10
68303.61806762478
 20
52265.18809320658
 42
-1.0
 10
68255.67234510768
 20
52265.18809320658
 42
-1.0
  0
LINE
  5
A8D
330
8F9
100
AcDbEntity
  8
8G
  6
HIDDEN
100
AcDbLine
 10
66931.50445841279
 20
55619.26050425294
 30
0.0
 11
60402.51553840729
 21
55619.26050425294
 31
0.0
  0
LINE
  5
A8E
330
8F9
100
AcDbEntity
  8
6M
 62
     6
100
AcDbLine
 10
64127.48200110372
 20
56578.89584282433
 30
0.0
 11
63201.88634539841
 21
56578.89584282433
 31
0.0
  0
LWPOLYLINE
  5
A8F
330
8F9
100
AcDbEntity
  8
2Y
100
AcDbPolyline
 90
        6
 70
     0
 43
0.0
 10
62947.28349448161
 20
56980.92051167736
 10
63462.0571877363
 20
56980.92051167736
 10
63525.46615563872
 20
56909.60886979333
 10
63953.47714093773
 20
56909.60886979333
 10
63993.10777815969
 20
56980.92051167736
 10
64386.73650233893
 20
56980.92051167736
  0
LINE
  5
A90
330
8F9
100
AcDbEntity
  8
6M
  6
Continuous
 62
     6
100
AcDbLine
 10
63115.2196787319
 20
56492.22917615759
 30
0.0
 11
63115.2196787319
 21
56099.07817353864
 31
0.0
  0
LWPOLYLINE
  5
A91
330
8F9
100
AcDbEntity
  8
4C
 62
     4
100
AcDbPolyline
 90
        2
 70
     1
 43
47.94572251706056
 10
63252.79741890941
 20
56487.58358292045
 42
1.0
 10
63300.74314142697
 20
56487.58358292045
 42
1.0
  0
LINE
  5
A92
330
8F9
100
AcDbEntity
  8
6M
 62
     6
100
AcDbLine
 10
64127.48200110372
 20
56396.27132301658
 30
0.0
 11
63738.97659172143
 21
56396.27132301658
 31
0.0
  0
LWPOLYLINE
  5
A93
330
8F9
100
AcDbEntity
  8
4C
 62
     4
100
AcDbPolyline
 90
        2
 70
     1
 43
47.94572251706056
 10
64029.79807247294
 20
56487.58358292045
 42
1.0
 10
64077.74379498957
 20
56487.58358292045
 42
1.0
  0
ARC
  5
A94
330
8F9
100
AcDbEntity
  8
6M
 62
     6
100
AcDbCircle
 10
64127.48200110372
 20
56487.58358292045
 30
0.0
 40
91.31225990389841
100
AcDbArc
 50
270.0
 51
90.0
  0
LINE
  5
A95
330
8F9
100
AcDbEntity
  8
8G
100
AcDbLine
 10
67654.68282654768
 20
56572.55300314186
 30
0.0
 11
64728.55429278247
 21
56572.55300314186
 31
0.0
  0
DIMENSION
  5
A96
330
8F9
100
AcDbEntity
  8
DIM
100
AcDbDimension
280
     0
  2
*D11
 10
44481.76796146461
 20
49316.66118213974
 30
0.0
 11
45057.11663166925
 21
49316.66118213974
 31
0.0
 12
-237352.661668502
 22
49412.07875907037
 32
0.0
 70
   128
  1
WALLS LESS THAN\P200 mm THK.
 71
     5
 42
1150.697340409271
 73
     0
 74
     0
 75
     0
  3
DIM150
100
AcDbAlignedDimension
 13
45632.46530187389
 23
48724.16451240328
 33
0.0
 14
44481.76796146461
 24
48724.16451240328
 34
0.0
 50
180.0
100
AcDbRotatedDimension
  0
TEXT
  5
A97
330
8F9
100
AcDbEntity
  8
TG
100
AcDbText
 10
46676.11945349097
 20
43473.5841013668
 30
0.0
 40
375.0
  1
4-%%C16 VERT. BARS
 41
0.9
  7
FRED
 11
46676.11945349097
 21
43661.08410136681
 31
0.0
100
AcDbText
 73
     2
  0
TEXT
  5
A98
330
8F9
100
AcDbEntity
  8
TC
100
AcDbText
 10
40736.57186570916
 20
42292.93776381039
 30
0.0
 40
600.0
  1
AT CORNER
  7
175CL
 72
     1
 11
43293.71472285202
 21
42592.93776381039
 31
0.0
100
AcDbText
 73
     2
  0
LINE
  5
A99
330
8F9
100
AcDbEntity
  8
8G
100
AcDbLine
 10
45823.85910499262
 20
43661.08410136702
 30
0.0
 11
46496.68852035634
 21
43661.08410136678
 31
0.0
  0
TEXT
  5
A9A
330
8F9
100
AcDbEntity
  8
TG
100
AcDbText
 10
38408.78408901606
 20
56350.24827978655
 30
0.0
 40
375.0
  1
4-%%C16 VERT. BARS
 41
0.9
  7
FRED
100
AcDbText
  0
LINE
  5
A9B
330
8F9
100
AcDbEntity
  8
2Y
 62
     2
100
AcDbLine
 10
40359.52984893674
 20
45847.42116137963
 30
0.0
 11
44481.76796146415
 21
45847.42116137963
 31
0.0
  0
LWPOLYLINE
  5
A9C
330
8F9
100
AcDbEntity
  8
2Y
 62
     1
100
AcDbPolyline
 90
        6
 70
     0
 43
0.0
 10
40359.52984893674
 20
45847.42116137963
 10
40359.52984893674
 20
45454.25656507883
 10
40480.1807196832
 20
45454.25656507883
 10
40480.1807196832
 20
45236.26996398179
 10
40341.52341438157
 20
45196.63603650962
 10
40359.52984893674
 20
44696.72382097036
  0
LINE
  5
A9D
330
8F9
100
AcDbEntity
  8
2Y
 62
     2
100
AcDbLine
 10
40359.52984893674
 20
44696.72382097013
 30
0.0
 11
45632.46530187389
 21
44696.72382097013
 31
0.0
  0
LWPOLYLINE
  5
A9E
330
8F9
100
AcDbEntity
  8
6M
 62
     6
100
AcDbPolyline
 90
        4
 70
     0
 43
0.0
 10
40350.89501778202
 20
44936.45243355559
 10
45296.84524425425
 20
44936.45243355559
 42
0.4142135623730951
 10
45440.68241180552
 20
45080.28960110686
 10
45440.68241180552
 20
47333.73855940855
  0
LWPOLYLINE
  5
A9F
330
8F9
100
AcDbEntity
  8
6M
 62
     6
100
AcDbPolyline
 90
        4
 70
     0
 43
0.0
 10
40359.52984893721
 20
45607.69254879441
 10
45200.95379922006
 20
45607.69254879441
 42
0.4142135623730951
 10
45344.79096677134
 20
45751.52971634568
 10
45344.79096677134
 20
48274.35921546115
  0
LWPOLYLINE
  5
AA0
330
8F9
100
AcDbEntity
  8
2Y
 62
     1
100
AcDbPolyline
 90
        6
 70
     0
 43
0.0
 10
44481.76796146461
 20
48724.16451240328
 10
44773.6874048624
 20
48724.16451240328
 10
44811.17272081019
 20
48665.86525422238
 10
45204.76853826109
 20
48643.36311142818
 10
45253.49944899303
 20
48718.37025407558
 10
45632.46530187389
 20
48724.16451240328
  0
LINE
  5
AA1
330
8F9
100
AcDbEntity
  8
6M
 62
     6
100
AcDbLine
 10
44721.49657404961
 20
45032.34387858977
 30
0.0
 11
44721.49657404961
 21
48724.16451240328
 31
0.0
  0
LINE
  5
AA2
330
8F9
100
AcDbEntity
  8
2Y
 62
     2
100
AcDbLine
 10
44481.76796146415
 20
45847.42116137963
 30
0.0
 11
44481.76796146415
 21
48724.16451240328
 31
0.0
  0
LINE
  5
AA3
330
8F9
100
AcDbEntity
  8
6M
 62
     6
100
AcDbLine
 10
42324.21044819641
 20
44888.5067110385
 30
0.0
 11
44577.65940649833
 21
44888.5067110385
 31
0.0
  0
LWPOLYLINE
  5
AA4
330
8F9
100
AcDbEntity
  8
3G
100
AcDbPolyline
 90
        2
 70
     1
 43
47.94572251706056
 10
45320.53967040105
 20
45018.88349383973
 42
1.0
 10
45368.48539291813
 20
45018.88349383973
 42
1.0
  0
ARC
  5
AA5
330
8F9
100
AcDbEntity
  8
6M
 62
     6
100
AcDbCircle
 10
44577.65940649833
 20
45032.34387858977
 30
0.0
 40
143.8371675511876
100
AcDbArc
 50
270.0
 51
0.0
  0
LWPOLYLINE
  5
AA6
330
8F9
100
AcDbEntity
  8
3G
100
AcDbPolyline
 90
        2
 70
     1
 43
47.94572251706056
 10
44627.74751635946
 20
45018.88349383973
 42
1.0
 10
44675.69323887655
 20
45018.88349383973
 42
1.0
  0
LWPOLYLINE
  5
AA7
330
8F9
100
AcDbEntity
  8
3G
100
AcDbPolyline
 90
        2
 70
     1
 43
47.94572251706056
 10
45231.88854168521
 20
45704.01547114315
 42
1.0
 10
45279.8342642023
 20
45704.01547114315
 42
1.0
  0
LWPOLYLINE
  5
AA8
330
8F9
100
AcDbEntity
  8
3G
100
AcDbPolyline
 90
        2
 70
     1
 43
47.94572251706056
 10
44634.3142666349
 20
45680.39023054621
 42
1.0
 10
44682.25998915152
 20
45680.39023054621
 42
1.0
  0
LINE
  5
AA9
330
8F9
100
AcDbEntity
  8
2Y
 62
     2
100
AcDbLine
 10
45632.46530187389
 20
44696.72382097013
 30
0.0
 11
45632.46530187389
 21
48724.16451240328
 31
0.0
  0
LWPOLYLINE
  5
AAA
330
8F9
100
AcDbEntity
  8
2Y
 62
     1
100
AcDbPolyline
 90
        6
 70
     0
 43
0.0
 10
44661.70760360805
 20
57919.09422181497
 10
44953.6270470063
 20
57919.09422181497
 10
44991.11236295409
 20
57860.79496363408
 10
45384.70818040499
 20
57838.29282083964
 10
45433.43909113694
 20
57913.29996348705
 10
45812.40494401779
 20
57919.09422181497
  0
LWPOLYLINE
  5
AAB
330
8F9
100
AcDbEntity
  8
3G
100
AcDbPolyline
 90
        2
 70
     1
 43
47.94572251706056
 10
45666.42538912248
 20
54213.81320325119
 42
-1.0
 10
45618.47966660539
 20
54213.81320325119
 42
-1.0
  0
ARC
  5
AAC
330
8F9
100
AcDbEntity
  8
6M
 62
     6
100
AcDbCircle
 10
45716.51349898361
 20
54227.27358800123
 30
0.0
 40
143.8371675511876
100
AcDbArc
 50
180.0
 51
270.0
  0
LWPOLYLINE
  5
AAD
330
8F9
100
AcDbEntity
  8
3G
100
AcDbPolyline
 90
        2
 70
     1
 43
47.94572251706056
 10
45659.85863884704
 20
54875.3199399579
 42
-1.0
 10
45611.91291632995
 20
54875.3199399579
 42
-1.0
  0
LINE
  5
AAE
330
8F9
100
AcDbEntity
  8
2Y
 62
     2
100
AcDbLine
 10
40539.46949108111
 20
53891.65353038182
 30
0.0
 11
49934.6430565452
 21
53891.65353038182
 31
0.0
  0
LWPOLYLINE
  5
AAF
330
8F9
100
AcDbEntity
  8
6M
 62
     6
100
AcDbPolyline
 90
        2
 70
     0
 43
0.0
 10
40530.83465992592
 20
54131.38214296704
 10
49943.27788770038
 20
54131.38214296704
 42
0.4142135623730951
  0
LWPOLYLINE
  5
AB0
330
8F9
100
AcDbEntity
  8
6M
 62
     6
100
AcDbPolyline
 90
        2
 70
     0
 43
0.0
 10
40539.46949108111
 20
54802.6222582061
 10
49934.6430565452
 20
54802.6222582061
 42
0.4142135623730951
  0
TEXT
  5
AB1
330
8F9
100
AcDbEntity
  8
TC
100
AcDbText
 10
41437.05627381315
 20
51373.54998127441
 30
0.0
 40
600.0
  1
AT INTERSECTION
  7
175CL
 72
     1
 11
45237.05627381315
 21
51673.54998127441
 31
0.0
100
AcDbText
 73
     2
  0
LWPOLYLINE
  5
AB2
330
8F9
100
AcDbEntity
  8
2Y
 62
     1
100
AcDbPolyline
 90
        6
 70
     0
 43
0.0
 10
40539.46949108111
 20
55042.35087079132
 10
40539.46949108111
 20
54649.18627449029
 10
40660.1203618271
 20
54649.18627449029
 10
40660.1203618271
 20
54431.19967339325
 10
40521.46305652548
 20
54391.56574592131
 10
40539.46949108111
 20
53891.65353038182
  0
LINE
  5
AB3
330
8F9
100
AcDbEntity
  8
6M
 62
     6
100
AcDbLine
 10
44901.43621619351
 20
54227.27358800123
 30
0.0
 11
44901.43621619351
 21
57919.09422181497
 31
0.0
  0
LINE
  5
AB4
330
8F9
100
AcDbEntity
  8
6M
 62
     6
100
AcDbLine
 10
45572.67633143233
 20
54227.27358800123
 30
0.0
 11
45572.67633143233
 21
57915.42885328826
 31
0.0
  0
LINE
  5
AB5
330
8F9
100
AcDbEntity
  8
6M
 62
     6
100
AcDbLine
 10
42504.15009034078
 20
54083.43642044996
 30
0.0
 11
44757.59904864223
 21
54083.43642044996
 31
0.0
  0
LWPOLYLINE
  5
AB6
330
8F9
100
AcDbEntity
  8
3G
100
AcDbPolyline
 90
        2
 70
     1
 43
47.94572251706056
 10
44807.68715850336
 20
54213.81320325119
 42
1.0
 10
44855.63288102046
 20
54213.81320325119
 42
1.0
  0
ARC
  5
AB7
330
8F9
100
AcDbEntity
  8
6M
 62
     6
100
AcDbCircle
 10
44757.59904864223
 20
54227.27358800123
 30
0.0
 40
143.8371675511876
100
AcDbArc
 50
270.0
 51
0.0
  0
LINE
  5
AB8
330
8F9
100
AcDbEntity
  8
2Y
 62
     2
100
AcDbLine
 10
40539.46949108111
 20
55042.35087079132
 30
0.0
 11
44661.70760360805
 21
55042.35087079132
 31
0.0
  0
LINE
  5
AB9
330
8F9
100
AcDbEntity
  8
2Y
 62
     2
100
AcDbLine
 10
44661.70760360805
 20
55042.35087079132
 30
0.0
 11
44661.70760360805
 21
57919.09422181497
 31
0.0
  0
LWPOLYLINE
  5
ABA
330
8F9
100
AcDbEntity
  8
8G
100
AcDbPolyline
 90
        3
 70
     0
 43
0.0
 10
43470.97467057992
 20
56557.31631601482
 10
44312.55319387259
 20
56557.31631601482
 10
44834.08302965321
 20
55080.02841290921
  0
LWPOLYLINE
  5
ABB
330
8F9
100
AcDbEntity
  8
3G
100
AcDbPolyline
 90
        2
 70
     1
 43
47.94572251706056
 10
44814.2539087788
 20
54875.3199399579
 42
1.0
 10
44862.19963129589
 20
54875.3199399579
 42
1.0
  0
CIRCLE
  5
ABC
330
8F9
100
AcDbEntity
  8
8G
100
AcDbCircle
 10
44838.22677003711
 20
54883.19502015688
 30
0.0
 40
196.8770049722164
  0
LWPOLYLINE
  5
ABD
330
8F9
100
AcDbEntity
  8
2Y
 62
     1
100
AcDbPolyline
 90
        6
 70
     0
 43
0.0
 10
49934.6430565452
 20
55042.35087079132
 10
49934.6430565452
 20
54649.18627449029
 10
49813.9921857992
 20
54649.18627449029
 10
49813.9921857992
 20
54431.19967339325
 10
49952.64949110037
 20
54391.56574592131
 10
49934.6430565452
 20
53891.65353038182
  0
LINE
  5
ABE
330
8F9
100
AcDbEntity
  8
6M
 62
     6
100
AcDbLine
 10
47969.96245728553
 20
54083.43642044996
 30
0.0
 11
45716.51349898361
 21
54083.43642044996
 31
0.0
  0
TEXT
  5
ABF
330
8F9
100
AcDbEntity
  8
TG
100
AcDbText
 10
47484.43297785732
 20
57502.05294531258
 30
0.0
 40
375.0
  1
SEE WALL
 41
0.9
  7
100CL
 11
47484.43297785732
 21
57689.55294531258
 31
0.0
100
AcDbText
 73
     2
  0
LINE
  5
AC0
330
8F9
100
AcDbEntity
  8
2Y
 62
     2
100
AcDbLine
 10
49934.6430565452
 20
55042.35087079132
 30
0.0
 11
45812.40494401779
 21
55042.35087079132
 31
0.0
  0
LINE
  5
AC1
330
8F9
100
AcDbEntity
  8
2Y
 62
     2
100
AcDbLine
 10
45812.40494401779
 20
55042.35087079132
 30
0.0
 11
45812.40494401779
 21
57919.09422181497
 31
0.0
  0
LINE
  5
AC2
330
8F9
100
AcDbEntity
  8
8G
100
AcDbLine
 10
46549.23825166773
 20
57689.55294531255
 30
0.0
 11
47350.24749333716
 21
57689.55294531255
 31
0.0
  0
LINE
  5
AC3
330
8F9
100
AcDbEntity
  8
8G
100
AcDbLine
 10
45812.40494401779
 20
56618.42368524262
 30
0.0
 11
46549.23825166773
 21
57689.55294531255
 31
0.0
  0
TEXT
  5
AC4
330
8F9
100
AcDbEntity
  8
TG
100
AcDbText
 10
8345.049793815036
 20
5600.750039893522
 30
0.0
 40
375.0
  1
MOISTURE CONTENT (MAX.
 41
0.9
  7
100CL
100
AcDbText
  0
TEXT
  5
AC5
330
8F9
100
AcDbEntity
  8
TG
100
AcDbText
 10
8345.049793815036
 20
5018.114298618602
 30
0.0
 40
375.0
  1
DEPTH OF COMPRESSED
 41
0.9
  7
100CL
100
AcDbText
  0
TEXT
  5
AC6
330
8F9
100
AcDbEntity
  8
TG
100
AcDbText
 10
8345.049793815036
 20
7348.657263720729
 30
0.0
 40
375.0
  1
SUBGRADE COMPACTED 
 41
0.9
  7
100CL
100
AcDbText
  0
TEXT
  5
AC7
330
8F9
100
AcDbEntity
  8
TG
100
AcDbText
 10
8345.049793815036
 20
6766.021522444411
 30
0.0
 40
375.0
  1
TO 95% OF MAXIMUM
 41
0.9
  7
100CL
100
AcDbText
  0
TEXT
  5
AC8
330
8F9
100
AcDbEntity
  8
TG
100
AcDbText
 10
8345.049793815036
 20
6183.385781169665
 30
0.0
 40
375.0
  1
DRY DENSITY @ OPTIMUM
 41
0.9
  7
100CL
100
AcDbText
  0
TEXT
  5
AC9
330
8F9
100
AcDbEntity
  8
TG
100
AcDbText
 10
8345.049793815036
 20
4435.478557342459
 30
0.0
 40
375.0
  1
FILL = (200mm PER LAYER).
 41
0.9
  7
100CL
100
AcDbText
  0
CIRCLE
  5
ACA
330
8F9
100
AcDbEntity
  8
SHE
 62
     8
100
AcDbCircle
 10
9286.248389100917
 20
9848.457176840545
 30
0.0
 40
118.6426658793824
  0
CIRCLE
  5
ACB
330
8F9
100
AcDbEntity
  8
SHE
 62
     8
100
AcDbCircle
 10
6723.553899607883
 20
9950.081158347574
 30
0.0
 40
106.2245117808121
  0
CIRCLE
  5
ACC
330
8F9
100
AcDbEntity
  8
SHE
 62
     8
100
AcDbCircle
 10
6410.519452904613
 20
9822.092165705662
 30
0.0
 40
131.9141679467713
  0
CIRCLE
  5
ACD
330
8F9
100
AcDbEntity
  8
SHE
 62
     8
100
AcDbCircle
 10
5959.289186275826
 20
10019.4114665557
 30
0.0
 40
118.6426658793837
  0
CIRCLE
  5
ACE
330
8F9
100
AcDbEntity
  8
SHE
 62
     8
100
AcDbCircle
 10
6196.734749162366
 20
9947.012236864104
 30
0.0
 40
105.5313557741664
  0
CIRCLE
  5
ACF
330
8F9
100
AcDbEntity
  8
SHE
 62
     8
100
AcDbCircle
 10
7328.893368666787
 20
9838.971351059997
 30
0.0
 40
171.5960345820622
  0
CIRCLE
  5
AD0
330
8F9
100
AcDbEntity
  8
SHE
 62
     8
100
AcDbCircle
 10
7118.877641698142
 20
9950.081158347574
 30
0.0
 40
106.2477855481398
  0
LINE
  5
AD1
330
8F9
100
AcDbEntity
  8
8G
100
AcDbLine
 10
6317.726186200307
 20
10850.19022945923
 30
0.0
 11
7250.675496232492
 21
9917.240919427044
 31
0.0
  0
LINE
  5
AD2
330
8F9
100
AcDbEntity
  8
8G
100
AcDbLine
 10
5862.604989448824
 20
10502.19858195123
 30
0.0
 11
5862.604989448824
 21
6110.257305227249
 31
0.0
  0
CIRCLE
  5
AD3
330
8F9
100
AcDbEntity
  8
SHE
 62
     8
100
AcDbCircle
 10
6884.154163713363
 20
10061.19096563526
 30
0.0
 40
150.7647186590467
  0
CIRCLE
  5
AD4
330
8F9
100
AcDbEntity
  8
SHE
 62
     8
100
AcDbCircle
 10
3574.364761734643
 20
9861.639720998967
 30
0.0
 40
118.7227350895321
  0
CIRCLE
  5
AD5
330
8F9
100
AcDbEntity
  8
SHE
 62
     8
100
AcDbCircle
 10
3297.344992983883
 20
9940.73483158488
 30
0.0
 40
65.95711074432237
  0
CIRCLE
  5
AD6
330
8F9
100
AcDbEntity
  8
SHE
 62
     8
100
AcDbCircle
 10
3442.450593787973
 20
10019.82994217149
 30
0.0
 40
92.33992291692723
  0
CIRCLE
  5
AD7
330
8F9
100
AcDbEntity
  8
SHE
 62
     8
100
AcDbCircle
 10
5463.459498619922
 20
9950.081158347574
 30
0.0
 40
149.2550838611115
  0
CIRCLE
  5
AD8
330
8F9
100
AcDbEntity
  8
SHE
 62
     8
100
AcDbCircle
 10
5278.151483499241
 20
9801.934739221383
 30
0.0
 40
133.5997691260133
  0
CIRCLE
  5
AD9
330
8F9
100
AcDbEntity
  8
SHE
 62
     8
100
AcDbCircle
 10
5697.136004247034
 20
9842.389054249652
 30
0.0
 40
145.0077156052234
  0
TEXT
  5
ADA
330
8F9
100
AcDbEntity
  8
TG
100
AcDbText
 10
-277.5383824093442
 20
6006.512717650185
 30
0.0
 40
375.0
  1
VAPOR BARRIER
 41
0.9
  7
100CL
100
AcDbText
  0
TEXT
  5
ADB
330
8F9
100
AcDbEntity
  8
TG
100
AcDbText
 10
-277.5383824093442
 20
5462.733784131036
 30
0.0
 40
375.0
  1
WHEN REQUIRED
 41
0.9
  7
100CL
100
AcDbText
  0
LINE
  5
ADC
330
8F9
100
AcDbEntity
  8
8G
100
AcDbLine
 10
6937.811342593544
 20
7535.181521805615
 30
0.0
 11
8258.565488897525
 21
7535.181521805615
 31
0.0
  0
LINE
  5
ADD
330
8F9
100
AcDbEntity
  8
8G
100
AcDbLine
 10
7250.675496232492
 20
9917.240919427044
 30
0.0
 11
9912.805192454515
 21
9917.240919427044
 31
0.0
  0
LINE
  5
ADE
330
8F9
100
AcDbEntity
  8
8G
100
AcDbLine
 10
5386.505053920934
 20
7535.181521805615
 30
0.0
 11
4773.817479599994
 21
7535.181521805615
 31
0.0
  0
CIRCLE
  5
ADF
330
8F9
100
AcDbEntity
  8
SHE
 62
     8
100
AcDbCircle
 10
5265.797607991174
 20
9493.296401328086
 30
0.0
 40
78.12746292846765
  0
CIRCLE
  5
AE0
330
8F9
100
AcDbEntity
  8
SHE
 62
     8
100
AcDbCircle
 10
5142.258970409894
 20
9666.133876193926
 30
0.0
 40
89.06649623823339
  0
LINE
  5
AE1
330
8F9
100
AcDbEntity
  8
8G
100
AcDbLine
 10
3981.330630100595
 20
6110.257305227249
 30
0.0
 11
5862.604989448824
 21
6110.257305227249
 31
0.0
  0
CIRCLE
  5
AE2
330
8F9
100
AcDbEntity
  8
SHE
 62
     8
100
AcDbCircle
 10
3930.533020545059
 20
9479.346635043883
 30
0.0
 40
92.33992291692723
  0
CIRCLE
  5
AE3
330
8F9
100
AcDbEntity
  8
SHE
 62
     8
100
AcDbCircle
 10
3310.536425841303
 20
9518.894190337071
 30
0.0
 40
105.5313557741664
  0
CIRCLE
  5
AE4
330
8F9
100
AcDbEntity
  8
SHE
 62
     8
100
AcDbCircle
 10
3297.344992983883
 20
9716.632005393883
 30
0.0
 40
79.14849005968811
  0
CIRCLE
  5
AE5
330
8F9
100
AcDbEntity
  8
SHE
 62
     8
100
AcDbCircle
 10
3598.025589405356
 20
9567.369596776583
 30
0.0
 40
66.52142058491122
  0
CIRCLE
  5
AE6
330
8F9
100
AcDbEntity
  8
SHE
 62
     8
100
AcDbCircle
 10
3733.918141659611
 20
9493.296401328086
 30
0.0
 40
101.8685501441306
  0
CIRCLE
  5
AE7
330
8F9
100
AcDbEntity
  8
SHE
 62
     8
100
AcDbCircle
 10
3462.133076316007
 20
9493.296401328086
 30
0.0
 40
101.8685501441293
  0
CIRCLE
  5
AE8
330
8F9
100
AcDbEntity
  8
SHE
 62
     8
100
AcDbCircle
 10
3389.684915900958
 20
9822.092165705662
 30
0.0
 40
52.73009945167927
  0
CIRCLE
  5
AE9
330
8F9
100
AcDbEntity
  8
SHE
 62
     8
100
AcDbCircle
 10
3482.024838817568
 20
9663.901905942273
 30
0.0
 40
65.95711074432237
  0
CIRCLE
  5
AEA
330
8F9
100
AcDbEntity
  8
SHE
 62
     8
100
AcDbCircle
 10
3284.153560126462
 20
9848.457176840545
 30
0.0
 40
39.57429857171817
  0
CIRCLE
  5
AEB
330
8F9
100
AcDbEntity
  8
SHE
 62
     8
100
AcDbCircle
 10
4154.787111408339
 20
9505.711684769748
 30
0.0
 40
79.14849005968811
  0
CIRCLE
  5
AEC
330
8F9
100
AcDbEntity
  8
SHE
 62
     8
100
AcDbCircle
 10
5068.135756530129
 20
9493.296401328086
 30
0.0
 40
87.35383775631978
  0
CIRCLE
  5
AED
330
8F9
100
AcDbEntity
  8
SHE
 62
     8
100
AcDbCircle
 10
4754.891896756162
 20
9579.157148380328
 30
0.0
 40
184.6798458338545
  0
CIRCLE
  5
AEE
330
8F9
100
AcDbEntity
  8
SHE
 62
     8
100
AcDbCircle
 10
4471.381125188695
 20
9492.529140611209
 30
0.0
 40
118.7227350895321
  0
CIRCLE
  5
AEF
330
8F9
100
AcDbEntity
  8
SHE
 62
     8
100
AcDbCircle
 10
4365.849769414665
 20
9584.806795355545
 30
0.0
 40
79.14854360156292
  0
CIRCLE
  5
AF0
330
8F9
100
AcDbEntity
  8
SHE
 62
     8
100
AcDbCircle
 10
4286.70127935501
 20
9439.799079750461
 30
0.0
 40
79.14849005968811
  0
LINE
  5
AF1
330
8F9
100
AcDbEntity
  8
8G
100
AcDbLine
 10
6937.811342593544
 20
9086.617777026404
 30
0.0
 11
6937.811342593544
 21
7535.181521805615
 31
0.0
  0
CIRCLE
  5
AF2
330
8F9
100
AcDbEntity
  8
SHE
 62
     8
100
AcDbCircle
 10
6608.390731595253
 20
9729.814510960627
 30
0.0
 40
118.6426658793837
  0
CIRCLE
  5
AF3
330
8F9
100
AcDbEntity
  8
SHE
 62
     8
100
AcDbCircle
 10
6384.136640731973
 20
9518.894190337071
 30
0.0
 40
145.1055472621357
  0
CIRCLE
  5
AF4
330
8F9
100
AcDbEntity
  8
SHE
 62
     8
100
AcDbCircle
 10
6014.776949064603
 20
9624.35435064885
 30
0.0
 40
224.2540908636986
  0
CIRCLE
  5
AF5
330
8F9
100
AcDbEntity
  8
SHE
 62
     8
100
AcDbCircle
 10
5479.372916197201
 20
9629.167019926855
 30
0.0
 40
131.9141679467713
  0
CIRCLE
  5
AF6
330
8F9
100
AcDbEntity
  8
SHE
 62
     8
100
AcDbCircle
 10
5302.859234514908
 20
9629.097264355543
 30
0.0
 40
61.75432370046273
  0
LINE
  5
AF7
330
8F9
100
AcDbEntity
  8
8G
100
AcDbLine
 10
5386.505053920934
 20
9850.774767990021
 30
0.0
 11
5386.505053920934
 21
7535.181521805615
 31
0.0
  0
CIRCLE
  5
AF8
330
8F9
100
AcDbEntity
  8
SHE
 62
     8
100
AcDbCircle
 10
5711.374368138873
 20
9545.259240062238
 30
0.0
 40
92.27765474480671
  0
CIRCLE
  5
AF9
330
8F9
100
AcDbEntity
  8
SHE
 62
     8
100
AcDbCircle
 10
7526.555259296002
 20
9542.678541036819
 30
0.0
 40
132.9778730432376
  0
CIRCLE
  5
AFA
330
8F9
100
AcDbEntity
  8
SHE
 62
     8
100
AcDbCircle
 10
7703.278320198674
 20
9558.441745629796
 30
0.0
 40
92.33992291692723
  0
CIRCLE
  5
AFB
330
8F9
100
AcDbEntity
  8
SHE
 62
     8
100
AcDbCircle
 10
7563.616846654825
 20
9740.207071642421
 30
0.0
 40
125.9819546042367
  0
CIRCLE
  5
AFC
330
8F9
100
AcDbEntity
  8
SHE
 62
     8
100
AcDbCircle
 10
6793.070577429404
 20
9597.989300922986
 30
0.0
 40
92.33992291692723
  0
CIRCLE
  5
AFD
330
8F9
100
AcDbEntity
  8
SHE
 62
     8
100
AcDbCircle
 10
6785.323237980046
 20
9789.589211351268
 30
0.0
 40
89.06652883260802
  0
CIRCLE
  5
AFE
330
8F9
100
AcDbEntity
  8
SHE
 62
     8
100
AcDbCircle
 10
6634.773543767893
 20
9518.894190337071
 30
0.0
 40
52.73006086041528
  0
CIRCLE
  5
AFF
330
8F9
100
AcDbEntity
  8
SHE
 62
     8
100
AcDbCircle
 10
6832.644822459464
 20
9452.981585318019
 30
0.0
 40
39.57424502984406
  0
CIRCLE
  5
B00
330
8F9
100
AcDbEntity
  8
SHE
 62
     8
100
AcDbCircle
 10
6982.985128608794
 20
9752.552627741854
 30
0.0
 40
127.1706273331716
  0
CIRCLE
  5
B01
330
8F9
100
AcDbEntity
  8
SHE
 62
     8
100
AcDbCircle
 10
7267.124069460463
 20
9555.02406890705
 30
0.0
 40
127.1706136309328
  0
CIRCLE
  5
B02
330
8F9
100
AcDbEntity
  8
SHE
 62
     8
100
AcDbCircle
 10
7083.281725494919
 20
9452.981585318019
 30
0.0
 40
118.7227886314056
  0
CIRCLE
  5
B03
330
8F9
100
AcDbEntity
  8
SHE
 62
     8
100
AcDbCircle
 10
9048.802918922884
 20
9479.346635043883
 30
0.0
 40
92.33992291692723
  0
CIRCLE
  5
B04
330
8F9
100
AcDbEntity
  8
SHE
 62
     8
100
AcDbCircle
 10
9088.377163952477
 20
9716.632005393883
 30
0.0
 40
79.09514917751891
  0
CIRCLE
  5
B05
330
8F9
100
AcDbEntity
  8
SHE
 62
     8
100
AcDbCircle
 10
8371.852873961703
 20
9831.298990054783
 30
0.0
 40
79.14849005968811
  0
CIRCLE
  5
B06
330
8F9
100
AcDbEntity
  8
SHE
 62
     8
100
AcDbCircle
 10
8638.403271686547
 20
9517.987457067736
 30
0.0
 40
101.8685433018911
  0
CIRCLE
  5
B07
330
8F9
100
AcDbEntity
  8
SHE
 62
     8
100
AcDbCircle
 10
8534.337626450957
 20
9518.894190337071
 30
0.0
 40
65.91260501896709
  0
CIRCLE
  5
B08
330
8F9
100
AcDbEntity
  8
SHE
 62
     8
100
AcDbCircle
 10
8477.174802505674
 20
9671.853276978277
 30
0.0
 40
79.09514917751891
  0
CIRCLE
  5
B09
330
8F9
100
AcDbEntity
  8
SHE
 62
     8
100
AcDbCircle
 10
8362.849213474692
 20
9466.164129476325
 30
0.0
 40
79.14849005968811
  0
CIRCLE
  5
B0A
330
8F9
100
AcDbEntity
  8
SHE
 62
     8
100
AcDbCircle
 10
7887.958166031895
 20
9466.164129476325
 30
0.0
 40
79.14854360156292
  0
CIRCLE
  5
B0B
330
8F9
100
AcDbEntity
  8
SHE
 62
     8
100
AcDbCircle
 10
7887.958166031895
 20
9663.901905942273
 30
0.0
 40
65.95711074432376
  0
CIRCLE
  5
B0C
330
8F9
100
AcDbEntity
  8
SHE
 62
     8
100
AcDbCircle
 10
8164.977934783122
 20
9637.536856216293
 30
0.0
 40
171.4884129766153
  0
CIRCLE
  5
B0D
330
8F9
100
AcDbEntity
  8
SHE
 62
     8
100
AcDbCircle
 10
8836.065123150852
 20
9505.641929198318
 30
0.0
 40
105.5427412895876
  0
CIRCLE
  5
B0E
330
8F9
100
AcDbEntity
  8
SHE
 62
     8
100
AcDbCircle
 10
9339.014066988399
 20
9677.084411509596
 30
0.0
 40
52.73006086041528
  0
CIRCLE
  5
B0F
330
8F9
100
AcDbEntity
  8
SHE
 62
     8
100
AcDbCircle
 10
9193.908466183842
 20
9611.171845081525
 30
0.0
 40
79.14854360156152
  0
CIRCLE
  5
B10
330
8F9
100
AcDbEntity
  8
SHE
 62
     8
100
AcDbCircle
 10
9286.248389100917
 20
9505.711684769748
 30
0.0
 40
52.76567788708323
  0
TEXT
  5
B11
330
8F9
100
AcDbEntity
  8
TG
100
AcDbText
 10
10218.50987181
 20
9782.127830624785
 30
0.0
 40
375.0
  1
CONSTRUCTION JOINT
 41
0.9
  7
100CL
100
AcDbText
  0
CIRCLE
  5
B12
330
8F9
100
AcDbEntity
  8
SHE
 62
     8
100
AcDbCircle
 10
7703.278320198674
 20
10388.94052255925
 30
0.0
 40
118.6427044706464
  0
LINE
  5
B13
330
8F9
100
AcDbEntity
  8
6M
 62
     6
100
AcDbLine
 10
3288.858231093065
 20
10916.85131682528
 30
0.0
 11
9329.609811537695
 21
10916.85131682528
 31
0.0
  0
LINE
  5
B14
330
8F9
100
AcDbEntity
  8
3G
  6
HID
 62
     4
 48
2.0
100
AcDbLine
 10
3241.892209044454
 20
10502.19858195123
 30
0.0
 11
9383.558375900408
 21
10502.19858195123
 31
0.0
  0
CIRCLE
  5
B15
330
8F9
100
AcDbEntity
  8
SHE
 62
     8
100
AcDbCircle
 10
3653.513251794298
 20
10151.65515220913
 30
0.0
 40
92.33992291692723
  0
CIRCLE
  5
B16
330
8F9
100
AcDbEntity
  8
SHE
 62
     8
100
AcDbCircle
 10
3693.087496823893
 20
10349.39292867496
 30
0.0
 40
118.7227886314056
  0
CIRCLE
  5
B17
330
8F9
100
AcDbEntity
  8
SHE
 62
     8
100
AcDbCircle
 10
3640.321872479545
 20
10006.64743660405
 30
0.0
 40
52.76562434520975
  0
CIRCLE
  5
B18
330
8F9
100
AcDbEntity
  8
SHE
 62
     8
100
AcDbCircle
 10
3402.876348758378
 20
10283.48036224747
 30
0.0
 40
171.4884129766153
  0
CIRCLE
  5
B19
330
8F9
100
AcDbEntity
  8
SHE
 62
     8
100
AcDbCircle
 10
5044.265521322174
 20
10377.64123037181
 30
0.0
 40
65.91260501896709
  0
CIRCLE
  5
B1A
330
8F9
100
AcDbEntity
  8
SHE
 62
     8
100
AcDbCircle
 10
4643.497668287513
 20
10263.60193719403
 30
0.0
 40
105.4601603120945
  0
CIRCLE
  5
B1B
330
8F9
100
AcDbEntity
  8
SHE
 62
     8
100
AcDbCircle
 10
4722.018081767281
 20
10454.85308898732
 30
0.0
 40
65.95705720244757
  0
CIRCLE
  5
B1C
330
8F9
100
AcDbEntity
  8
SHE
 62
     8
100
AcDbCircle
 10
4403.958321660087
 20
10361.94771453007
 30
0.0
 40
118.7227350895308
  0
CIRCLE
  5
B1D
330
8F9
100
AcDbEntity
  8
SHE
 62
     8
100
AcDbCircle
 10
4867.123629028705
 20
10323.02791754078
 30
0.0
 40
79.14854360156152
  0
LINE
  5
B1E
330
8F9
100
AcDbEntity
  8
8G
100
AcDbLine
 10
6324.091326181573
 20
11316.05961767063
 30
0.0
 11
7682.784272860065
 21
15190.66091127021
 31
0.0
  0
CIRCLE
  5
B1F
330
8F9
100
AcDbEntity
  8
SHE
 62
     8
100
AcDbCircle
 10
6562.953635502869
 20
10394.52041572603
 30
0.0
 40
113.8645223728319
  0
CIRCLE
  5
B20
330
8F9
100
AcDbEntity
  8
SHE
 62
     8
100
AcDbCircle
 10
6538.24592365211
 20
10234.02846873042
 30
0.0
 40
78.12742577036911
  0
CIRCLE
  5
B21
330
8F9
100
AcDbEntity
  8
SHE
 62
     8
100
AcDbCircle
 10
6488.830421620311
 20
10061.19096563526
 30
0.0
 40
99.58354638894594
  0
CIRCLE
  5
B22
330
8F9
100
AcDbEntity
  8
SHE
 62
     8
100
AcDbCircle
 10
6340.584033025691
 20
10292.6572301508
 30
0.0
 40
106.2477855481398
  0
CIRCLE
  5
B23
330
8F9
100
AcDbEntity
  8
SHE
 62
     8
100
AcDbCircle
 10
6340.584033025691
 20
10073.536521734
 30
0.0
 40
61.75434063066195
  0
CIRCLE
  5
B24
330
8F9
100
AcDbEntity
  8
SHE
 62
     8
100
AcDbCircle
 10
6229.399231784773
 20
10147.60971718238
 30
0.0
 40
72.02195345581443
  0
CIRCLE
  5
B25
330
8F9
100
AcDbEntity
  8
SHE
 62
     8
100
AcDbCircle
 10
6204.691519936343
 20
10366.73042559917
 30
0.0
 40
96.46009524481712
  0
CIRCLE
  5
B26
330
8F9
100
AcDbEntity
  8
SHE
 62
     8
100
AcDbCircle
 10
6129.940134610777
 20
10147.67949922013
 30
0.0
 40
65.91260501896709
  0
CIRCLE
  5
B27
330
8F9
100
AcDbEntity
  8
SHE
 62
     8
100
AcDbCircle
 10
5673.475225589034
 20
10196.99185689122
 30
0.0
 40
72.02195345581374
  0
CIRCLE
  5
B28
330
8F9
100
AcDbEntity
  8
SHE
 62
     8
100
AcDbCircle
 10
5599.352011709271
 20
10085.88204960365
 30
0.0
 40
89.93295623267819
  0
CIRCLE
  5
B29
330
8F9
100
AcDbEntity
  8
SHE
 62
     8
100
AcDbCircle
 10
5698.182976605167
 20
10382.17485962718
 30
0.0
 40
150.7646865663517
  0
CIRCLE
  5
B2A
330
8F9
100
AcDbEntity
  8
SHE
 62
     8
100
AcDbCircle
 10
5784.660026830417
 20
10085.88204960365
 30
0.0
 40
87.32557533613546
  0
CIRCLE
  5
B2B
330
8F9
100
AcDbEntity
  8
SHE
 62
     8
100
AcDbCircle
 10
6760.615526131616
 20
10295.75613630868
 30
0.0
 40
79.0708094996086
  0
CIRCLE
  5
B2C
330
8F9
100
AcDbEntity
  8
SHE
 62
     8
100
AcDbCircle
 10
6624.72297387736
 20
10110.57310534388
 30
0.0
 40
72.02193893922324
  0
CIRCLE
  5
B2D
330
8F9
100
AcDbEntity
  8
SHE
 62
     8
100
AcDbCircle
 10
7252.466888334864
 20
10422.62914642624
 30
0.0
 40
52.76567788708323
  0
CIRCLE
  5
B2E
330
8F9
100
AcDbEntity
  8
SHE
 62
     8
100
AcDbCircle
 10
7558.17277293725
 20
10257.1153125216
 30
0.0
 40
79.09511058625492
  0
CIRCLE
  5
B2F
330
8F9
100
AcDbEntity
  8
SHE
 62
     8
100
AcDbCircle
 10
7413.06717213316
 20
10388.94052255925
 30
0.0
 40
92.33992291692723
  0
CIRCLE
  5
B30
330
8F9
100
AcDbEntity
  8
SHE
 62
     8
100
AcDbCircle
 10
6882.479047072847
 20
10406.72644118269
 30
0.0
 40
92.33992291692723
  0
CIRCLE
  5
B31
330
8F9
100
AcDbEntity
  8
SHE
 62
     8
100
AcDbCircle
 10
7074.696807064843
 20
10440.83360572278
 30
0.0
 40
65.95711074432237
  0
TEXT
  5
B32
330
8F9
100
AcDbEntity
  8
TG
100
AcDbText
 10
8770.179902281874
 20
12967.07899872135
 30
0.0
 40
375.0
  1
SLAB REINF.
 41
0.9
  7
100CL
100
AcDbText
  0
LINE
  5
B33
330
8F9
100
AcDbEntity
  8
8G
100
AcDbLine
 10
7655.013935203927
 20
10916.85131682528
 30
0.0
 11
7655.013935204391
 21
13104.3078857302
 31
0.0
  0
TEXT
  5
B34
330
8F9
100
AcDbEntity
  8
TG
100
AcDbText
 10
7901.229308205919
 20
11424.17129214646
 30
0.0
 40
375.0
  1
FLR. LVL.
 41
0.9
  7
100CL
100
AcDbText
  0
CIRCLE
  5
B35
330
8F9
100
AcDbEntity
  8
SHE
 62
     8
100
AcDbCircle
 10
9207.099899041727
 20
10072.56004162322
 30
0.0
 40
118.7227350895308
  0
CIRCLE
  5
B36
330
8F9
100
AcDbEntity
  8
SHE
 62
     8
100
AcDbCircle
 10
9154.334221154249
 20
10309.84537338165
 30
0.0
 40
131.9141679467713
  0
CIRCLE
  5
B37
330
8F9
100
AcDbEntity
  8
SHE
 62
     8
100
AcDbCircle
 10
8573.911871480552
 20
10428.48807785255
 30
0.0
 40
79.09514917751891
  0
CIRCLE
  5
B38
330
8F9
100
AcDbEntity
  8
SHE
 62
     8
100
AcDbCircle
 10
8766.967227986809
 20
10385.17408896415
 30
0.0
 40
105.4601603120945
  0
CIRCLE
  5
B39
330
8F9
100
AcDbEntity
  8
SHE
 62
     8
100
AcDbCircle
 10
9365.396932703239
 20
10296.66286781491
 30
0.0
 40
39.54755529312882
  0
CIRCLE
  5
B3A
330
8F9
100
AcDbEntity
  8
SHE
 62
     8
100
AcDbCircle
 10
9352.205499845352
 20
10178.02020193499
 30
0.0
 40
65.91260501896709
  0
CIRCLE
  5
B3B
330
8F9
100
AcDbEntity
  8
SHE
 62
     8
100
AcDbCircle
 10
9352.205499845352
 20
10428.48807785255
 30
0.0
 40
65.95705720244757
  0
LINE
  5
B3C
330
8F9
100
AcDbEntity
  8
8G
100
AcDbLine
 10
7655.013935204391
 20
13104.3078857302
 30
0.0
 11
8526.211006321274
 21
13104.3078857302
 31
0.0
  0
TEXT
  5
B3D
330
8F9
100
AcDbEntity
  8
TG
100
AcDbText
 10
-42674.90377880327
 20
3339.922165472555
 30
0.0
 40
375.0
  1
PROVIDE THESE ADDITIONAL BARS FOR ALL OPENINGS
 41
0.8
  7
FRED
100
AcDbText
  0
TEXT
  5
B3E
330
8F9
100
AcDbEntity
  8
TB
100
AcDbText
 10
-43149.48370974298
 20
4187.457051516539
 30
0.0
 40
500.0
  1
NOTE:
 41
0.9
  7
A
100
AcDbText
  0
TEXT
  5
B3F
330
8F9
100
AcDbEntity
  8
TG
100
AcDbText
 10
-36539.56598979954
 20
15804.51110395536
 30
0.0
 40
375.0
  1
%%C12x1000mm LONG DIAGONALS AT
 41
0.9
  7
FRED
100
AcDbText
  0
TEXT
  5
B40
330
8F9
100
AcDbEntity
  8
TB
100
AcDbText
 10
-43038.45068929784
 20
6691.722192936606
 30
0.0
 40
500.0
  1
NOTE:
 41
0.9
  7
A
100
AcDbText
  0
TEXT
  5
B41
330
8F9
100
AcDbEntity
  8
TG
100
AcDbText
 10
-35079.01572499351
 20
7895.209395743236
 30
0.0
 40
375.0
  1
ADDITIONAL TRIMMER BARS(SHOWN AS
 41
0.8
  7
FRED
100
AcDbText
  0
TEXT
  5
B42
330
8F9
100
AcDbEntity
  8
TG
100
AcDbText
 10
-43023.52474783661
 20
5844.187306892621
 30
0.0
 40
375.0
  1
OMIT TRIMMER BARS WHERE
 41
0.8
  7
FRED
100
AcDbText
  0
TEXT
  5
B43
330
8F9
100
AcDbEntity
  8
TG
100
AcDbText
 10
-43368.72027438434
 20
12126.17404666895
 30
0.0
 40
375.0
  1
38mm. CLEAR
 41
0.9
  7
FRED
100
AcDbText
  0
LINE
  5
B44
330
8F9
100
AcDbEntity
  8
8G
100
AcDbLine
 10
-41904.19919889859
 20
11950.42558257823
 30
0.0
 11
-37025.60742060069
 21
11950.42558257823
 31
0.0
  0
LINE
  5
B45
330
8F9
100
AcDbEntity
  8
8G
100
AcDbLine
 10
-38278.47217061997
 20
13012.90056452463
 30
0.0
 11
-38278.47217061997
 21
15980.96300476213
 31
0.0
  0
LINE
  5
B46
330
8F9
100
AcDbEntity
  8
6M
  6
HID
 62
     6
100
AcDbLine
 10
-36745.18767557081
 20
14379.00872616452
 30
0.0
 11
-36745.18767557081
 21
13487.21828734717
 31
0.0
  0
LINE
  5
B47
330
8F9
100
AcDbEntity
  8
6M
  6
HID
 62
     6
100
AcDbLine
 10
-36745.18767557081
 20
14379.00872616452
 30
0.0
 11
-36745.18767557081
 21
13487.21828734717
 31
0.0
  0
LINE
  5
B48
330
8F9
100
AcDbEntity
  8
6M
  6
HID
 62
     6
100
AcDbLine
 10
-37276.75150010988
 20
14379.00872616452
 30
0.0
 11
-37276.75150010988
 21
13487.21828734717
 31
0.0
  0
LINE
  5
B49
330
8F9
100
AcDbEntity
  8
6M
  6
HID
 62
     6
100
AcDbLine
 10
-35167.13970935924
 20
14379.00872616452
 30
0.0
 11
-35167.13970935924
 21
13487.21828734717
 31
0.0
  0
LINE
  5
B4A
330
8F9
100
AcDbEntity
  8
6M
  6
HID
 62
     6
100
AcDbLine
 10
-35697.31657494765
 20
14379.00872616452
 30
0.0
 11
-35697.31657494765
 21
13487.21828734717
 31
0.0
  0
TEXT
  5
B4B
330
8F9
100
AcDbEntity
  8
TG
100
AcDbText
 10
-32772.98298762899
 20
14260.40912519503
 30
0.0
 40
375.0
  1
1-%%C12 TOP &
 41
0.9
  7
FRED
100
AcDbText
  0
LINE
  5
B4C
330
8F9
100
AcDbEntity
  8
6M
  6
HID
 62
     6
100
AcDbLine
 10
-38188.00858322598
 20
14379.00872616452
 30
0.0
 11
-38188.00858322598
 21
9431.010162403865
 31
0.0
  0
LINE
  5
B4D
330
8F9
100
AcDbEntity
  8
6M
  6
HID
 62
     6
100
AcDbLine
 10
-37996.0815155117
 20
14379.00872616452
 30
0.0
 11
-37996.0815155117
 21
9431.010162403865
 31
0.0
  0
LINE
  5
B4E
330
8F9
100
AcDbEntity
  8
6M
 62
     6
100
AcDbLine
 10
-37804.15444779742
 20
14379.00872616452
 30
0.0
 11
-37804.15444779742
 21
9431.010162403865
 31
0.0
  0
LINE
  5
B4F
330
8F9
100
AcDbEntity
  8
6M
  6
HID
 62
     6
100
AcDbLine
 10
-34447.80969395742
 20
9431.010162403865
 30
0.0
 11
-34447.80969395742
 21
14379.00872616452
 31
0.0
  0
LINE
  5
B50
330
8F9
100
AcDbEntity
  8
6M
  6
HID
 62
     6
100
AcDbLine
 10
-34255.88262624267
 20
9431.010162403865
 30
0.0
 11
-34255.88262624267
 21
14379.00872616452
 31
0.0
  0
LINE
  5
B51
330
8F9
100
AcDbEntity
  8
6M
 62
     6
100
AcDbLine
 10
-34639.73676167123
 20
14379.00872616452
 30
0.0
 11
-34639.73676167123
 21
9431.010162403865
 31
0.0
  0
LWPOLYLINE
  5
B52
330
8F9
100
AcDbEntity
  8
6M
 62
     6
100
AcDbPolyline
 90
        2
 70
     0
 43
0.0
 10
-35531.52720048858
 20
14379.00872616452
 10
-33747.94632285435
 20
12595.42784852982
  0
LWPOLYLINE
  5
B53
330
8F9
100
AcDbEntity
  8
2Y
 62
     1
100
AcDbPolyline
 90
       36
 70
     1
 43
0.0
 10
-35602.1791001118
 20
14609.58465076034
 10
-35537.08770161934
 20
14687.75081811735
 10
-35250.68554825403
 20
14700.77851267688
 10
-35042.39307307985
 20
14781.75279530784
 10
-33345.20225371068
 20
14781.75279530784
 10
-33345.20225371068
 20
12617.84219836589
 10
-33489.39147027369
 20
12553.95531660557
 10
-33489.39147027369
 20
12042.86026252253
 10
-33553.23674965018
 20
12026.88854208233
 10
-33569.19806949442
 20
11643.56725152005
 10
-33521.31410996171
 20
11595.6520901997
 10
-33505.35279011747
 20
11068.5853156767
 10
-33345.20225371068
 20
10940.81155215582
 10
-33345.20225371068
 20
9028.266093260551
 10
-35042.39307307985
 20
9028.266093260551
 10
-35250.68554825403
 20
9109.240375891619
 10
-35537.08770161934
 20
9122.268070450926
 10
-35602.1791001118
 20
9200.434237807931
 10
-36148.94684744507
 20
9187.406543248391
 10
-36214.03824593659
 20
9135.295765010466
 10
-36877.97051055563
 20
9135.295765010466
 10
-37025.3644115559
 20
9028.266093260551
 10
-39098.68895575844
 20
9028.266093260551
 10
-39098.68895575844
 20
10940.81155215582
 10
-38938.53841935118
 20
11068.5853156767
 10
-38922.57709950695
 20
11595.6520901997
 10
-38874.69313997423
 20
11643.56725152005
 10
-38890.65445981893
 20
12026.88854208233
 10
-38954.49973919543
 20
12042.86026252253
 10
-38954.49973919543
 20
12553.95531660557
 10
-39098.68895575844
 20
12617.84219836589
 10
-39098.68895575844
 20
14781.75279530784
 10
-37025.3644115559
 20
14781.75279530784
 10
-36877.97051055563
 20
14674.72312355792
 10
-36214.03824593659
 20
14674.72312355792
 10
-36148.94684744507
 20
14622.61234532
  0
LINE
  5
B54
330
8F9
100
AcDbEntity
  8
6M
 62
     6
100
AcDbLine
 10
-36912.36400898008
 20
14379.00872616452
 30
0.0
 11
-38695.94488661477
 21
12595.42784852982
 31
0.0
  0
LINE
  5
B55
330
8F9
100
AcDbEntity
  8
8G
100
AcDbLine
 10
-37804.15444779742
 20
14084.98369320371
 30
0.0
 11
-33076.00679767059
 21
14084.98369320371
 31
0.0
  0
LINE
  5
B56
330
8F9
100
AcDbEntity
  8
6M
  6
HID
 62
     6
100
AcDbLine
 10
-34639.73676167123
 20
12959.81533965963
 30
0.0
 11
-33747.94632285435
 21
12959.81533965963
 31
0.0
  0
LINE
  5
B57
330
8F9
100
AcDbEntity
  8
8G
100
AcDbLine
 10
-34739.31414363181
 20
11905.00944428408
 30
0.0
 11
-30898.7897276899
 21
11905.00944428408
 31
0.0
  0
LINE
  5
B58
330
8F9
100
AcDbEntity
  8
8G
100
AcDbLine
 10
-34639.73676167123
 20
9645.410516823584
 30
0.0
 11
-33076.00679767059
 21
9645.410516823584
 31
0.0
  0
LINE
  5
B59
330
8F9
100
AcDbEntity
  8
6M
 62
     6
100
AcDbLine
 10
-33747.94632285435
 20
11214.59104003856
 30
0.0
 11
-35531.52720048858
 21
9431.010162403865
 31
0.0
  0
LINE
  5
B5A
330
8F9
100
AcDbEntity
  8
6M
  6
HID
 62
     6
100
AcDbLine
 10
-34639.73676167123
 20
11381.76737344794
 30
0.0
 11
-33747.94632285435
 21
11381.76737344794
 31
0.0
  0
LINE
  5
B5B
330
8F9
100
AcDbEntity
  8
6M
  6
HID
 62
     6
100
AcDbLine
 10
-34639.73676167123
 20
11381.76737344794
 30
0.0
 11
-33747.94632285435
 21
11381.76737344794
 31
0.0
  0
LINE
  5
B5C
330
8F9
100
AcDbEntity
  8
6M
  6
HID
 62
     6
100
AcDbLine
 10
-34639.73676167123
 20
12429.63847407087
 30
0.0
 11
-33747.94632285435
 21
12429.63847407087
 31
0.0
  0
LINE
  5
B5D
330
8F9
100
AcDbEntity
  8
6M
  6
HID
 62
     6
100
AcDbLine
 10
-33747.94632285435
 20
13871.07242277573
 30
0.0
 11
-38695.94488661524
 21
13871.07242277573
 31
0.0
  0
LINE
  5
B5E
330
8F9
100
AcDbEntity
  8
6M
  6
HID
 62
     6
100
AcDbLine
 10
-33747.94632285435
 20
13679.14535506133
 30
0.0
 11
-38695.94488661524
 21
13679.14535506133
 31
0.0
  0
LINE
  5
B5F
330
8F9
100
AcDbEntity
  8
6M
 62
     6
100
AcDbLine
 10
-38695.94488661477
 20
13487.21828734717
 30
0.0
 11
-33747.94632285435
 21
13487.21828734717
 31
0.0
  0
LINE
  5
B60
330
8F9
100
AcDbEntity
  8
6M
  6
HID
 62
     6
100
AcDbLine
 10
-38695.94488661477
 20
10130.87353350693
 30
0.0
 11
-33747.94632285435
 21
10130.87353350693
 31
0.0
  0
LINE
  5
B61
330
8F9
100
AcDbEntity
  8
6M
  6
HID
 62
     6
100
AcDbLine
 10
-38695.94488661477
 20
9938.946465792659
 30
0.0
 11
-33747.94632285435
 21
9938.946465792659
 31
0.0
  0
LINE
  5
B62
330
8F9
100
AcDbEntity
  8
1R
100
AcDbLine
 10
-34783.57392922251
 20
13343.38111979602
 30
0.0
 11
-37660.31728024615
 21
10466.63776877237
 31
0.0
  0
LINE
  5
B63
330
8F9
100
AcDbEntity
  8
1R
100
AcDbLine
 10
-37660.31728024615
 20
13343.38111979602
 30
0.0
 11
-34783.57392922251
 21
10466.63776877237
 31
0.0
  0
LWPOLYLINE
  5
B64
330
8F9
100
AcDbEntity
  8
2Y
 62
     2
100
AcDbPolyline
 90
        4
 70
     1
 43
0.0
 10
-37660.31728024615
 20
13343.38111979613
 10
-37660.31728024615
 20
10466.63776877249
 10
-34783.57392922251
 20
10466.63776877249
 10
-34783.57392922251
 20
13343.38111979613
  0
LINE
  5
B65
330
8F9
100
AcDbEntity
  8
6M
 62
     6
100
AcDbLine
 10
-38695.94488661477
 20
11214.59104003856
 30
0.0
 11
-36912.36400898008
 21
9431.010162403865
 31
0.0
  0
LINE
  5
B66
330
8F9
100
AcDbEntity
  8
6M
  6
HID
 62
     6
100
AcDbLine
 10
-37276.75150010988
 20
10322.80060122121
 30
0.0
 11
-37276.75150010988
 21
9431.010162403865
 31
0.0
  0
LINE
  5
B67
330
8F9
100
AcDbEntity
  8
8G
100
AcDbLine
 10
-35946.9097890204
 20
9938.946465792659
 30
0.0
 11
-36390.23392959658
 21
8078.354904820619
 31
0.0
  0
LINE
  5
B68
330
8F9
100
AcDbEntity
  8
8G
100
AcDbLine
 10
-35147.22024008699
 20
8078.354904820619
 30
0.0
 11
-36390.23392959658
 21
8078.354904820619
 31
0.0
  0
LINE
  5
B69
330
8F9
100
AcDbEntity
  8
6M
  6
HID
 62
     6
100
AcDbLine
 10
-36745.18767557081
 20
10322.80060122121
 30
0.0
 11
-36745.18767557081
 21
9431.010162403865
 31
0.0
  0
LINE
  5
B6A
330
8F9
100
AcDbEntity
  8
6M
  6
HID
 62
     6
100
AcDbLine
 10
-36745.18767557081
 20
10322.80060122121
 30
0.0
 11
-36745.18767557081
 21
9431.010162403865
 31
0.0
  0
LINE
  5
B6B
330
8F9
100
AcDbEntity
  8
6M
  6
HID
 62
     6
100
AcDbLine
 10
-35697.31657494765
 20
10322.80060122121
 30
0.0
 11
-35697.31657494765
 21
9431.010162403865
 31
0.0
  0
LINE
  5
B6C
330
8F9
100
AcDbEntity
  8
6M
  6
HID
 62
     6
100
AcDbLine
 10
-35167.13970935924
 20
10322.80060122121
 30
0.0
 11
-35167.13970935924
 21
9431.010162403865
 31
0.0
  0
LINE
  5
B6D
330
8F9
100
AcDbEntity
  8
6M
  6
HID
 62
     6
100
AcDbLine
 10
-38695.94488661477
 20
11381.76737344794
 30
0.0
 11
-37804.15444779742
 21
11381.76737344794
 31
0.0
  0
LINE
  5
B6E
330
8F9
100
AcDbEntity
  8
6M
  6
HID
 62
     6
100
AcDbLine
 10
-38695.94488661477
 20
11381.76737344794
 30
0.0
 11
-37804.15444779742
 21
11381.76737344794
 31
0.0
  0
LINE
  5
B6F
330
8F9
100
AcDbEntity
  8
6M
  6
HID
 62
     6
100
AcDbLine
 10
-38695.94488661477
 20
12429.63847407087
 30
0.0
 11
-37804.15444779742
 21
12429.63847407087
 31
0.0
  0
LINE
  5
B70
330
8F9
100
AcDbEntity
  8
6M
  6
HID
 62
     6
100
AcDbLine
 10
-38695.94488661477
 20
12959.81533965963
 30
0.0
 11
-37804.15444779742
 21
12959.81533965963
 31
0.0
  0
LINE
  5
B71
330
8F9
100
AcDbEntity
  8
6M
  6
HID
 62
     6
100
AcDbLine
 10
-38695.94488661477
 20
10850.20354890876
 30
0.0
 11
-37804.15444779742
 21
10850.20354890876
 31
0.0
  0
TEXT
  5
B72
330
8F9
100
AcDbEntity
  8
TG
100
AcDbText
 10
-32989.06186628967
 20
12098.6908818068
 30
0.0
 40
375.0
  1
75 mm 
 41
0.9
  7
100CL
100
AcDbText
  0
LINE
  5
B73
330
8F9
100
AcDbEntity
  8
6M
  6
HID
 62
     6
100
AcDbLine
 10
-34639.73676167123
 20
10850.20354890876
 30
0.0
 11
-33747.94632285435
 21
10850.20354890876
 31
0.0
  0
TEXT
  5
B74
330
8F9
100
AcDbEntity
  8
TG
100
AcDbText
 10
-32989.06186628967
 20
11352.25415354365
 30
0.0
 40
375.0
  1
MAXIMUM
 41
0.9
  7
100CL
100
AcDbText
  0
LINE
  5
B75
330
8F9
100
AcDbEntity
  8
8G
100
AcDbLine
 10
-38278.47217061997
 20
15980.96300476213
 30
0.0
 11
-36712.73989626087
 21
15980.96300476213
 31
0.0
  0
LINE
  5
B76
330
8F9
100
AcDbEntity
  8
1R
100
AcDbLine
 10
11053.34823410518
 20
32263.5060793098
 30
0.0
 11
7457.419045325631
 21
25277.29845050577
 31
0.0
  0
LINE
  5
B77
330
8F9
100
AcDbEntity
  8
1R
100
AcDbLine
 10
7457.419045325631
 20
32263.5060793098
 30
0.0
 11
11053.34823410518
 21
25277.29845050577
 31
0.0
  0
LWPOLYLINE
  5
B78
330
8F9
100
AcDbEntity
  8
2Y
 62
     2
100
AcDbPolyline
 90
        4
 70
     1
 43
0.0
 10
7457.419045325631
 20
25277.29845050577
 10
11053.34823410518
 20
25277.29845050577
 10
11053.34823410518
 20
32263.5060793098
 10
7457.419045325631
 20
32263.5060793098
  0
LWPOLYLINE
  5
B79
330
8F9
100
AcDbEntity
  8
2Y
 62
     1
100
AcDbPolyline
 90
       28
 70
     1
 43
0.0
 10
12851.31282849496
 20
31356.58242752211
 10
12671.07630779154
 20
31276.72382532171
 10
12671.07630779154
 20
30637.85500771791
 10
12591.26970857082
 20
30617.89035716787
 10
12571.31805876575
 20
30138.73874396487
 10
12631.17300818095
 20
26974.396096343
 10
12651.12465798648
 20
26315.56262818905
 10
12851.31282849496
 20
26155.84542378813
 10
12851.31282849496
 20
24522.15332086216
 10
5659.454450935853
 20
24522.15332086216
 10
5659.454450935853
 20
26155.84542378813
 10
5859.6426214448
 20
26315.56262818905
 10
5879.594271249866
 20
26974.396096343
 10
5939.449220665527
 20
30138.73874396487
 10
5919.497570859996
 20
30617.89035716787
 10
5839.690971639269
 20
30637.85500771791
 10
5839.690971639269
 20
31276.72382532171
 10
5659.454450935853
 20
31356.58242752211
 10
5659.454450935853
 20
34061.47067369969
 10
8251.110131189022
 20
34061.47067369969
 10
8435.352507438773
 20
33927.68358401227
 10
9265.267838212457
 20
33927.68358401227
 10
9346.632086327561
 20
33862.54511121492
 10
10030.09177049462
 20
33846.26049301535
 10
10111.45601860925
 20
33943.9682022116
 10
10469.4587103159
 20
33960.25282041094
 10
10729.82430428386
 20
34061.47067369969
 10
12851.31282849496
 20
34061.47067369969
  0
LINE
  5
B7A
330
8F9
100
AcDbEntity
  8
6M
 62
     6
100
AcDbLine
 10
7277.622585886885
 20
33558.04058727046
 30
0.0
 11
7277.622585886885
 21
24831.83617958595
 31
0.0
  0
LINE
  5
B7B
330
8F9
100
AcDbEntity
  8
6M
 62
     6
100
AcDbLine
 10
11233.14469354439
 20
33558.04058727046
 30
0.0
 11
11233.14469354439
 21
24831.83617958595
 31
0.0
  0
TEXT
  5
B7C
330
8F9
100
AcDbEntity
  8
TG
100
AcDbText
 10
13616.4901087459
 20
27420.42933445957
 30
0.0
 40
375.0
  1
1-%%C16 E.F. OF
 41
0.9
  7
FRED
100
AcDbText
  0
LINE
  5
B7D
330
8F9
100
AcDbEntity
  8
6M
 62
     6
100
AcDbLine
 10
11341.02256920773
 20
24723.9583039225
 30
0.0
 11
12347.88274206573
 21
24723.9583039225
 31
0.0
  0
LINE
  5
B7E
330
8F9
100
AcDbEntity
  8
6M
 62
     6
100
AcDbLine
 10
7169.744710223546
 20
24723.9583039225
 30
0.0
 11
6162.884537365084
 21
24723.9583039225
 31
0.0
  0
ARC
  5
B7F
330
8F9
100
AcDbEntity
  8
6M
 62
     6
100
AcDbCircle
 10
7169.744710223546
 20
24831.83617958595
 30
0.0
 40
107.8778756633865
100
AcDbArc
 50
270.0
 51
0.0
  0
ARC
  5
B80
330
8F9
100
AcDbEntity
  8
6M
 62
     6
100
AcDbCircle
 10
11341.02256920773
 20
24831.83617958595
 30
0.0
 40
107.8778756633865
100
AcDbArc
 50
180.0
 51
270.0
  0
LINE
  5
B81
330
8F9
100
AcDbEntity
  8
6M
 62
     6
100
AcDbLine
 10
6162.884537365084
 20
32443.30253874877
 30
0.0
 11
12347.88274206573
 21
32443.30253874877
 31
0.0
  0
LINE
  5
B82
330
8F9
100
AcDbEntity
  8
6M
 62
     6
100
AcDbLine
 10
10118.40664502259
 20
33558.04058727046
 30
0.0
 11
12347.88274206573
 21
31328.56449022721
 31
0.0
  0
LINE
  5
B83
330
8F9
100
AcDbEntity
  8
6M
 62
     6
100
AcDbLine
 10
8392.360634408687
 20
33558.04058727046
 30
0.0
 11
6162.884537365084
 21
31328.56449022721
 31
0.0
  0
TEXT
  5
B84
330
8F9
100
AcDbEntity
  8
TG
100
AcDbText
 10
13698.61934421051
 20
33027.32945391382
 30
0.0
 40
359.8632519642535
  1
LONG DIAGONALS
 41
0.9
  7
100CL
100
AcDbText
  0
TEXT
  5
B85
330
8F9
100
AcDbEntity
  8
TG
100
AcDbText
 10
13698.61934421051
 20
31279.42223008731
 30
0.0
 40
359.8632519642535
  1
EACH CORNER
 41
0.9
  7
100CL
100
AcDbText
  0
TEXT
  5
B86
330
8F9
100
AcDbEntity
  8
TG
100
AcDbText
 10
13698.61934421051
 20
31862.05797136293
 30
0.0
 40
359.8632519642535
  1
OF WALL AT
 41
0.9
  7
100CL
100
AcDbText
  0
TEXT
  5
B87
330
8F9
100
AcDbEntity
  8
TG
100
AcDbText
 10
13698.61934421051
 20
32444.69371263837
 30
0.0
 40
359.8632519642535
  1
AT MID-DEPTH
 41
0.9
  7
100CL
100
AcDbText
  0
TEXT
  5
B88
330
8F9
100
AcDbEntity
  8
TG
100
AcDbText
 10
13698.61934421051
 20
33609.96519518943
 30
0.0
 40
359.8632519642535
  1
%%C12x1000mm
 41
0.9
  7
100CL
100
AcDbText
  0
LWPOLYLINE
  5
B89
330
8F9
100
AcDbEntity
  8
8G
 62
     2
100
AcDbPolyline
 90
        2
 70
     0
 10
-38671.29874861074
 20
34986.5638148067
 40
143.9453007857315
 41
0.0
 10
-38671.29874861074
 20
34626.70056284242
 40
0.0
 41
0.0
  0
DIMENSION
  5
B8A
330
8F9
100
AcDbEntity
  8
DIM
100
AcDbDimension
280
     0
  2
*D12
 10
1091.7258776206
 20
49896.21154037347
 30
0.0
 11
1091.725877620541
 21
50183.88587547584
 31
0.0
 12
-237352.661668502
 22
49412.07875907037
 32
0.0
 70
   128
  1
t/2
 71
     5
 42
575.3486702048692
 73
     0
 74
     0
 75
     0
  3
DIM150
100
AcDbAlignedDimension
 13
2654.95522486631
 23
50471.56021057834
 33
0.0
 14
4507.289306658116
 24
49896.21154037347
 34
0.0
 50
90.0
100
AcDbRotatedDimension
  0
DIMENSION
  5
B8B
330
8F9
100
AcDbEntity
  8
DIM
100
AcDbDimension
280
     0
  2
*D13
 10
2218.082536724251
 20
49896.21154037347
 30
0.0
 11
2218.082536724192
 21
49608.5372052711
 31
0.0
 12
-237352.661668502
 22
49412.07875907037
 32
0.0
 70
   128
  1
t/2
 71
     5
 42
575.3486702046354
 73
     0
 74
     0
 75
     0
  3
DIM150
100
AcDbAlignedDimension
 13
2654.95522486631
 23
49320.86287016884
 33
0.0
 14
4507.289306658116
 24
49896.21154037347
 34
0.0
 50
270.0
100
AcDbRotatedDimension
  0
DIMENSION
  5
B8C
330
8F9
100
AcDbEntity
  8
DIM
100
AcDbDimension
280
     0
  2
*D14
 10
7449.527476572228
 20
51069.57365565418
 30
0.0
 11
7305.690309021186
 21
51069.57365565418
 31
0.0
 12
-237352.661668502
 22
49412.07875907037
 32
0.0
 70
   128
  1
25
 71
     5
 42
287.674335102085
 73
     0
 74
     0
 75
     0
  3
DIM150
100
AcDbAlignedDimension
 13
7161.853141470143
 23
50471.56021057834
 33
0.0
 14
7449.527476572228
 24
50471.56021057834
 34
0.0
100
AcDbRotatedDimension
  0
DIMENSION
  5
B8D
330
8F9
100
AcDbEntity
  8
DIM
100
AcDbDimension
280
     0
  2
*D15
 10
13120.97734145209
 20
49320.86287016884
 30
0.0
 11
12783.47734145203
 21
49896.21154037352
 31
0.0
 12
-237352.661668502
 22
49412.07875907037
 32
0.0
  1
t
 71
     5
 42
1150.697340409504
 73
     0
 74
     0
 75
     0
  3
DIM150
100
AcDbAlignedDimension
 13
12244.09972827814
 23
50471.56021057834
 33
0.0
 14
12244.09972827814
 24
49320.86287016884
 34
0.0
 50
90.0
100
AcDbRotatedDimension
  0
LINE
  5
B8E
330
8F9
100
AcDbEntity
  8
8G
100
AcDbLine
 10
5819.066867142247
 20
49896.21154037347
 30
0.0
 11
5819.066867142247
 21
48144.05511343988
 31
0.0
  0
LINE
  5
B8F
330
8F9
100
AcDbEntity
  8
8G
100
AcDbLine
 10
5819.066867142247
 20
48144.05511343988
 30
0.0
 11
6929.967133439408
 21
48144.05511343988
 31
0.0
  0
LINE
  5
B90
330
8F9
100
AcDbEntity
  8
8G
100
AcDbLine
 10
4015.653428105899
 20
50597.11770588738
 30
0.0
 11
4015.653428105899
 21
52622.53280838203
 31
0.0
  0
LINE
  5
B91
330
8F9
100
AcDbEntity
  8
8G
100
AcDbLine
 10
4015.653428105899
 20
52622.53280838203
 30
0.0
 11
5126.55369440306
 21
52622.53280838203
 31
0.0
  0
LWPOLYLINE
  5
B92
330
8F9
100
AcDbEntity
  8
8G
 62
     2
100
AcDbPolyline
 90
        8
 70
     0
 43
0.0
 10
4015.653428105899
 20
50597.11770588738
 10
4015.653428105899
 20
49507.11662438928
 10
4111.616961963271
 20
49507.11662438928
 10
4111.616961963271
 20
50290.85720924261
 10
3919.689894248994
 20
50338.8389761713
 10
4111.616961963271
 20
50386.82074309975
 10
3919.689894248994
 20
50434.80251002844
 10
4111.616961963271
 20
50482.7842769569
  0
TEXT
  5
B93
330
8F9
100
AcDbEntity
  8
TG
100
AcDbText
 10
26650.45553562351
 20
46706.87768882932
 30
0.0
 40
375.0
  1
PROVIDE 2-%%C25 SHEAR BARS EACH
 41
0.9
  7
FRED
100
AcDbText
  0
TEXT
  5
B94
330
8F9
100
AcDbEntity
  8
TG
100
AcDbText
 10
26650.45553562351
 20
46106.87768882931
 30
0.0
 40
375.0
  1
SIDE IF BEAM CONSTRUCTION JOINT
 41
0.9
  7
FRED
100
AcDbText
  0
DIMENSION
  5
B95
330
8F9
100
AcDbEntity
  8
DIM
100
AcDbDimension
280
     0
  2
*D32
 10
21032.70101749463
 20
49051.84579939019
 30
0.0
 11
21032.70101749457
 21
49650.92760224093
 31
0.0
 12
-237352.661668502
 22
49412.07875907037
 32
0.0
 70
   128
  1
D/2
 71
     5
 42
1198.163605701412
 73
     0
 74
     0
 75
     0
  3
DIM150
100
AcDbAlignedDimension
 13
22878.04499463624
 23
50250.0094050916
 33
0.0
 14
27039.05146620589
 24
49051.84579939019
 34
0.0
 50
90.0
100
AcDbRotatedDimension
  0
DIMENSION
  5
B96
330
8F9
100
AcDbEntity
  8
DIM
100
AcDbDimension
280
     0
  2
*D33
 10
21032.70101749463
 20
49051.84579939019
 30
0.0
 11
21032.70101749457
 21
48452.76399653964
 31
0.0
 12
-237352.661668502
 22
49412.07875907037
 32
0.0
 70
   128
  1
D/2
 71
     5
 42
1198.163605701178
 73
     0
 74
     0
 75
     0
  3
DIM150
100
AcDbAlignedDimension
 13
22878.04499463624
 23
47853.68219368901
 33
0.0
 14
27039.05146620589
 24
49051.84579939019
 34
0.0
 50
270.0
100
AcDbRotatedDimension
  0
LINE
  5
B97
330
8F9
100
AcDbEntity
  8
8G
100
AcDbLine
 10
23545.46890938541
 20
48565.89885051685
 30
0.0
 11
23545.46890938541
 21
53626.92978232444
 31
0.0
  0
LINE
  5
B98
330
8F9
100
AcDbEntity
  8
8G
100
AcDbLine
 10
23545.46890938541
 20
53626.92978232444
 30
0.0
 11
24656.36917568211
 21
53626.92978232421
 31
0.0
  0
LWPOLYLINE
  5
B99
330
8F9
100
AcDbEntity
  8
8G
 62
     2
100
AcDbPolyline
 90
        8
 70
     0
 43
0.0
 10
23545.46890938541
 20
50483.72775119912
 10
23545.46890938541
 20
49804.73804013405
 10
23641.43244324232
 20
49804.73804013405
 10
23641.43244324232
 20
50177.46725455435
 10
23449.50537552804
 20
50225.44902148304
 10
23641.43244324232
 20
50273.43078841149
 10
23449.50537552804
 20
50321.41255534018
 10
23641.43244324232
 20
50369.39432226863
  0
LWPOLYLINE
  5
B9A
330
8F9
100
AcDbEntity
  8
8G
 62
     2
100
AcDbPolyline
 90
        8
 70
     0
 43
0.0
 10
23545.46890938541
 20
48565.89885051685
 10
23545.46890938541
 20
47886.90913945178
 10
23641.43244324232
 20
47886.90913945178
 10
23641.43244324232
 20
48259.63835387208
 10
23449.50537552804
 20
48307.62012080054
 10
23641.43244324232
 20
48355.60188772922
 10
23449.50537552804
 20
48403.58365465768
 10
23641.43244324232
 20
48451.56542158636
  0
DIMENSION
  5
B9B
330
8F9
100
AcDbEntity
  8
DIM
100
AcDbDimension
280
     0
  2
*D34
 10
27539.05146620589
 20
51524.57150051088
 30
0.0
 11
27289.05146620589
 21
51524.57150051088
 31
0.0
 12
-237352.661668502
 22
49412.07875907037
 32
0.0
 70
   128
  1
50
 71
     5
 42
500.0
 73
     0
 74
     0
 75
     0
  3
DIM150
100
AcDbAlignedDimension
 13
27039.05146620589
 23
50250.0094050916
 33
0.0
 14
27539.05146620589
 24
50250.0094050916
 34
0.0
100
AcDbRotatedDimension
  0
TEXT
  5
B9C
330
8F9
100
AcDbEntity
  8
TG
100
AcDbText
 10
24950.14508695042
 20
52834.28964595368
 30
0.0
 40
375.0
  1
CONTINUOUS (TOP & BOT. BARS)
 41
0.9
  7
FRED
100
AcDbText
  0
DIMENSION
  5
B9D
330
8F9
100
AcDbEntity
  8
DIM
100
AcDbDimension
280
     0
  2
*D35
 10
-11986.19773845814
 20
53324.74458306012
 30
0.0
 11
-13424.56941396996
 21
53324.74458306012
 31
0.0
 12
-237352.661668502
 22
49412.07875907037
 32
0.0
 70
   128
  1
30 BAR DIA.\X(MIN.)
 71
     5
 42
2876.743351023645
 73
     0
 74
     0
 75
     0
  3
DIM150
100
AcDbAlignedDimension
 13
-14862.94108948178
 23
50219.84516736373
 33
0.0
 14
-11986.19773845814
 24
49212.9849945055
 34
0.0
100
AcDbRotatedDimension
1001
ACAD
1000
DSTYLE
1002
{
1070
   279
1070
     2
1002
}
  0
DIMENSION
  5
B9E
330
8F9
100
AcDbEntity
  8
DIM
100
AcDbDimension
280
     0
  2
*D36
 10
-11986.19773845814
 20
52190.9259795006
 30
0.0
 11
-10621.69734532965
 21
52201.2586489777
 31
0.0
 12
-237352.661668502
 22
49412.07875907037
 32
0.0
 70
   128
  1
30 BAR DIA.\X(MIN.)
 71
     5
 42
2876.743351023179
 73
     0
 74
     0
 75
     0
  3
DIM150
100
AcDbAlignedDimension
 13
-9109.454387434963
 23
49212.9849945055
 33
0.0
 14
-11986.19773845814
 24
49212.9849945055
 34
0.0
 50
180.0
100
AcDbRotatedDimension
1001
ACAD
1000
DSTYLE
1002
{
1070
   279
1070
     2
1002
}
  0
DIMENSION
  5
B9F
330
8F9
100
AcDbEntity
  8
DIM
100
AcDbDimension
280
     0
  2
*D37
 10
-7089.296629970573
 20
49752.37437282244
 30
0.0
 11
-7089.296629970632
 21
52858.16735343551
 31
0.0
 12
-237352.661668502
 22
49412.07875907037
 32
0.0
 70
   128
  1
VERIFY\PDEPRESSION
 71
     5
 42
719.1858377559112
 73
     0
 74
     0
 75
     0
  3
DIM150
100
AcDbAlignedDimension
 13
-9903.114357157349
 23
50471.56021057834
 33
0.0
 14
-9903.114357157349
 24
49752.37437282244
 34
0.0
 50
90.0
100
AcDbRotatedDimension
  0
DIMENSION
  5
BA0
330
8F9
100
AcDbEntity
  8
DIM
100
AcDbDimension
280
     0
  2
*D38
 10
-9903.114357157349
 20
45318.3051609974
 30
0.0
 11
-10621.37704890195
 21
45323.12853969409
 31
0.0
 12
-237352.661668502
 22
49412.07875907037
 32
0.0
 70
   128
  1
D=FOR BEAM\P2t=FOR SLAB
 71
     5
 42
1438.371675511356
 73
     0
 74
     0
 75
     0
  3
DIM150
100
AcDbAlignedDimension
 13
-11341.4860326687
 23
48314.00269731061
 33
0.0
 14
-9903.114357157349
 24
49752.37437282244
 34
0.0
 50
180.0
100
AcDbRotatedDimension
1001
ACAD
1000
DSTYLE
1002
{
1070
   279
1070
     2
1002
}
  0
DIMENSION
  5
BA1
330
8F9
100
AcDbEntity
  8
DIM
100
AcDbDimension
280
     0
  2
*D39
 10
-12959.65416761974
 20
47186.23461866469
 30
0.0
 11
-14856.08273904832
 21
47186.23461866469
 31
0.0
 12
-237352.661668502
 22
49412.07875907037
 32
0.0
  1
30 BAR DIA.\X(MIN.)
 71
     5
 42
2876.74335102411
 73
     0
 74
     0
 75
     0
  3
DIM150
100
AcDbAlignedDimension
 13
-10082.91081659562
 23
48702.93686119371
 33
0.0
 14
-12959.65416761974
 24
49572.57791338346
 34
0.0
 50
180.0
100
AcDbRotatedDimension
  0
DIMENSION
  5
BA2
330
8F9
100
AcDbEntity
  8
DIM
100
AcDbDimension
280
     0
  2
*D40
 10
-17383.54829174751
 20
49033.18853506652
 30
0.0
 11
-17367.11423561789
 21
49703.77380455945
 31
0.0
 12
-237352.661668502
 22
49412.07875907037
 32
0.0
 70
   128
  1
D=FOR BEAM\Pt=FOR SLAB
 71
     5
 42
1438.371675511822
 73
     0
 74
     0
 75
     0
  3
DIM150
100
AcDbAlignedDimension
 13
-15217.08439132172
 23
50471.56021057834
 33
0.0
 14
-15217.08439132172
 24
49033.18853506652
 34
0.0
 50
90.0
100
AcDbRotatedDimension
1001
ACAD
1000
DSTYLE
1002
{
1070
   279
1070
     2
1002
}
  0
TEXT
  5
BA3
330
8F9
100
AcDbEntity
  8
TG
100
AcDbText
 10
-31171.20646040022
 20
42756.05850977008
 30
0.0
 40
375.0
  1
@ SUPPORT
 41
0.9
  7
FRED
100
AcDbText
  0
LINE
  5
BA4
330
8F9
100
AcDbEntity
  8
6M
100
AcDbLine
 10
-39292.99168842073
 20
49122.96594901031
 30
0.0
 11
-30345.08993546126
 21
49122.96594901031
 31
0.0
  0
LINE
  5
BA5
330
8F9
100
AcDbEntity
  8
2Y
 62
     2
100
AcDbLine
 10
-38591.75420839546
 20
48883.23733642508
 30
0.0
 11
-29507.02928593682
 21
48883.23733642508
 31
0.0
  0
LWPOLYLINE
  5
BA6
330
8F9
100
AcDbEntity
  8
6M
100
AcDbPolyline
 90
        4
 70
     0
 43
0.0
 10
-39701.45178654158
 20
48068.16005363498
 10
-39701.45178654158
 20
49170.91167152763
 42
-0.4142135623731002
 10
-39605.56034150787
 20
49266.80311656158
 10
-29377.09878486089
 20
49266.80311656158
  0
LWPOLYLINE
  5
BA7
330
8F9
100
AcDbEntity
  8
6M
100
AcDbPolyline
 90
        4
 70
     0
 43
0.0
 10
-39578.7701379575
 20
48643.50872383985
 10
-39578.7701379575
 20
47540.75710594744
 42
0.4142135623731004
 10
-39482.87869292332
 20
47444.86566091326
 10
-33701.29051165536
 20
47444.86566091326
  0
LINE
  5
BA8
330
8F9
100
AcDbEntity
  8
6M
100
AcDbLine
 10
-39838.34299383938
 20
54301.10398085296
 30
0.0
 11
-39838.34299383938
 21
52259.61092868758
 31
0.0
  0
LINE
  5
BA9
330
8F9
100
AcDbEntity
  8
6M
100
AcDbLine
 10
-38304.07987329338
 20
54301.10398085296
 30
0.0
 11
-38304.07987329338
 21
52739.95123330987
 31
0.0
  0
LINE
  5
BAA
330
8F9
100
AcDbEntity
  8
6M
100
AcDbLine
 10
-39436.82885597201
 20
48068.16005363498
 30
0.0
 11
-39436.82885597201
 21
48979.12878145926
 31
0.0
  0
LINE
  5
BAB
330
8F9
100
AcDbEntity
  8
2Y
 62
     2
100
AcDbLine
 10
-38591.75420839546
 20
48883.23733642508
 30
0.0
 11
-38591.75420839546
 21
47157.19132581094
 31
0.0
  0
LINE
  5
BAC
330
8F9
100
AcDbEntity
  8
4C
 62
     4
100
AcDbLine
 10
-37824.62264812293
 20
49314.74883907867
 30
0.0
 11
-37824.62264812293
 21
47396.91993839617
 31
0.0
  0
LINE
  5
BAD
330
8F9
100
AcDbEntity
  8
4C
 62
     4
100
AcDbLine
 10
-39886.28871635647
 20
45814.7110953333
 30
0.0
 11
-38256.13415077628
 21
45814.7110953333
 31
0.0
  0
LINE
  5
BAE
330
8F9
100
AcDbEntity
  8
4C
 62
     4
100
AcDbLine
 10
-39886.28871635647
 20
46198.27687546981
 30
0.0
 11
-38256.13415077628
 21
46198.27687546981
 31
0.0
  0
LINE
  5
BAF
330
8F9
100
AcDbEntity
  8
4C
 62
     4
100
AcDbLine
 10
-39886.28871635647
 20
45431.1453151968
 30
0.0
 11
-38256.13415077628
 21
45431.1453151968
 31
0.0
  0
LINE
  5
BB0
330
8F9
100
AcDbEntity
  8
4C
  6
HIDDEN
 62
     4
100
AcDbLine
 10
-39886.28871635647
 20
48068.16005363498
 30
0.0
 11
-38256.13415077628
 21
48068.16005363498
 31
0.0
  0
LINE
  5
BB1
330
8F9
100
AcDbEntity
  8
4C
 62
     4
100
AcDbLine
 10
-39886.28871635647
 20
46581.8426556063
 30
0.0
 11
-38256.13415077628
 21
46581.8426556063
 31
0.0
  0
LINE
  5
BB2
330
8F9
100
AcDbEntity
  8
4C
 62
     4
100
AcDbLine
 10
-39886.28871635647
 20
46965.40843574257
 30
0.0
 11
-38256.13415077628
 21
46965.40843574257
 31
0.0
  0
LINE
  5
BB3
330
8F9
100
AcDbEntity
  8
4C
  6
HIDDEN
 62
     4
100
AcDbLine
 10
-39886.28871635647
 20
47588.70282846453
 30
0.0
 11
-38256.13415077628
 21
47588.70282846453
 31
0.0
  0
LINE
  5
BB4
330
8F9
100
AcDbEntity
  8
2Y
 62
     2
100
AcDbLine
 10
-40126.01732894147
 20
47157.19132581094
 30
0.0
 11
-38591.75420839546
 21
47157.19132581094
 31
0.0
  0
LINE
  5
BB5
330
8F9
100
AcDbEntity
  8
4C
 62
     4
100
AcDbLine
 10
-39790.39727132229
 20
48068.16005363498
 30
0.0
 11
-39694.50582628811
 21
48068.16005363498
 31
0.0
  0
LINE
  5
BB6
330
8F9
100
AcDbEntity
  8
4C
 62
     4
100
AcDbLine
 10
-39886.28871635647
 20
49699.72104765798
 30
0.0
 11
-38256.13415077628
 21
49699.72104765798
 31
0.0
  0
LINE
  5
BB7
330
8F9
100
AcDbEntity
  8
4C
  6
HIDDEN
 62
     4
100
AcDbLine
 10
-39886.28871635647
 20
49027.07450397636
 30
0.0
 11
-38256.13415077628
 21
49027.07450397636
 31
0.0
  0
LINE
  5
BB8
330
8F9
100
AcDbEntity
  8
4C
  6
HIDDEN
 62
     4
100
AcDbLine
 10
-39886.28871635647
 20
48547.61727880567
 30
0.0
 11
-38256.13415077628
 21
48547.61727880567
 31
0.0
  0
ARC
  5
BB9
330
8F9
100
AcDbEntity
  8
6M
100
AcDbCircle
 10
-39292.99168842073
 20
48979.12878145926
 30
0.0
 40
143.2761914936497
100
AcDbArc
 50
90.0
 51
180.0
  0
LINE
  5
BBA
330
8F9
100
AcDbEntity
  8
4C
 62
     4
100
AcDbLine
 10
-39886.28871635647
 20
50131.23255031157
 30
0.0
 11
-38256.13415077628
 21
50131.23255031157
 31
0.0
  0
LINE
  5
BBB
330
8F9
100
AcDbEntity
  8
4C
 62
     4
100
AcDbLine
 10
-39886.28871635647
 20
50562.74405296516
 30
0.0
 11
-38256.13415077628
 21
50562.74405296516
 31
0.0
  0
LINE
  5
BBC
330
8F9
100
AcDbEntity
  8
4C
 62
     4
100
AcDbLine
 10
-39886.28871635647
 20
50994.25555561852
 30
0.0
 11
-38256.13415077628
 21
50994.25555561852
 31
0.0
  0
LINE
  5
BBD
330
8F9
100
AcDbEntity
  8
4C
 62
     4
100
AcDbLine
 10
-39886.28871635647
 20
51425.76705827211
 30
0.0
 11
-38256.13415077628
 21
51425.76705827211
 31
0.0
  0
LINE
  5
BBE
330
8F9
100
AcDbEntity
  8
4C
 62
     4
100
AcDbLine
 10
-39886.28871635647
 20
51857.27856092571
 30
0.0
 11
-38256.13415077628
 21
51857.27856092571
 31
0.0
  0
LINE
  5
BBF
330
8F9
100
AcDbEntity
  8
6M
100
AcDbLine
 10
-39838.34299383938
 20
56054.78781238172
 30
0.0
 11
-39838.34299383938
 21
54464.80091692853
 31
0.0
  0
LINE
  5
BC0
330
8F9
100
AcDbEntity
  8
6M
100
AcDbLine
 10
-38304.07987329338
 20
56054.78781238172
 30
0.0
 11
-38304.07987329338
 21
54464.80091692853
 31
0.0
  0
LINE
  5
BC1
330
8F9
100
AcDbEntity
  8
6M
100
AcDbLine
 10
-39694.50582628811
 20
54320.96374937726
 30
0.0
 11
-39694.50582628811
 21
52862.73230534114
 31
0.0
  0
LINE
  5
BC2
330
8F9
100
AcDbEntity
  8
6M
100
AcDbLine
 10
-38447.91704084465
 20
54320.96374937726
 30
0.0
 11
-38447.91704084465
 21
52862.73230534114
 31
0.0
  0
LINE
  5
BC3
330
8F9
100
AcDbEntity
  8
2Y
 62
     1
100
AcDbLine
 10
-39452.8940224142
 20
52234.76115378129
 30
0.0
 11
-38016.40553819083
 21
52684.49060817409
 31
0.0
  0
LINE
  5
BC4
330
8F9
100
AcDbEntity
  8
2Y
 62
     1
100
AcDbLine
 10
-40126.01732894147
 20
52169.54712157088
 30
0.0
 11
-38765.55202535886
 21
52595.47557517184
 31
0.0
  0
LINE
  5
BC5
330
8F9
100
AcDbEntity
  8
4C
 62
     4
100
AcDbLine
 10
-39886.28871635647
 20
53581.40674263911
 30
0.0
 11
-38256.13415077628
 21
53581.40674263911
 31
0.0
  0
LINE
  5
BC6
330
8F9
100
AcDbEntity
  8
4C
 62
     4
100
AcDbLine
 10
-39886.28871635647
 20
52719.34265178253
 30
0.0
 11
-38369.90609337084
 21
52719.34265178253
 31
0.0
  0
LINE
  5
BC7
330
8F9
100
AcDbEntity
  8
4C
 62
     4
100
AcDbLine
 10
-39884.86937594388
 20
54443.47083349593
 30
0.0
 11
-38257.55349118889
 21
54443.47083349593
 31
0.0
  0
LINE
  5
BC8
330
8F9
100
AcDbEntity
  8
6M
100
AcDbLine
 10
-39838.34299383938
 20
54464.80091692853
 30
0.0
 11
-39694.50582628811
 21
54320.96374937726
 31
0.0
  0
LINE
  5
BC9
330
8F9
100
AcDbEntity
  8
6M
100
AcDbLine
 10
-38304.07987329338
 20
54464.80091692853
 30
0.0
 11
-38447.91704084465
 21
54320.96374937726
 31
0.0
  0
TEXT
  5
BCA
330
8F9
100
AcDbEntity
  8
TG
100
AcDbText
 10
-36035.01831817927
 20
50735.53838528018
 30
0.0
 40
375.0
  1
TOP BARS @ SUPPORT (CONT.)
 41
0.9
  7
FRED
100
AcDbText
  0
TEXT
  5
BCB
330
8F9
100
AcDbEntity
  8
TG
100
AcDbText
 10
-36042.5967306087
 20
50058.73731786373
 30
0.0
 40
375.0
  1
REQ'D. BOT. BARS @ SUPPORT
 41
0.9
  7
FRED
100
AcDbText
  0
LWPOLYLINE
  5
BCC
330
8F9
100
AcDbEntity
  8
6M
100
AcDbPolyline
 90
        2
 70
     0
 43
0.0
 10
-36098.57663750855
 20
47732.53999601581
 10
-29377.09878486089
 20
47732.53999601581
  0
LINE
  5
BCD
330
8F9
100
AcDbEntity
  8
6M
100
AcDbLine
 10
-33481.42166759467
 20
47444.86566091326
 30
0.0
 11
-29377.09878486089
 21
47444.86566091326
 31
0.0
  0
LWPOLYLINE
  5
BCE
330
8F9
100
AcDbEntity
  8
8G
100
AcDbPolyline
 90
        2
 70
     0
 43
0.0
 10
-36808.01638597503
 20
47469.51106326325
 10
-36808.01638597503
 20
47510.07328389908
  0
LINE
  5
BCF
330
8F9
100
AcDbEntity
  8
4C
 62
     4
100
AcDbLine
 10
-37393.1111454691
 20
49314.74883907867
 30
0.0
 11
-37393.1111454691
 21
47396.91993839617
 31
0.0
  0
LINE
  5
BD0
330
8F9
100
AcDbEntity
  8
4C
 62
     4
100
AcDbLine
 10
-36961.59964281574
 20
49314.74883907867
 30
0.0
 11
-36961.59964281574
 21
47396.91993839617
 31
0.0
  0
LINE
  5
BD1
330
8F9
100
AcDbEntity
  8
4C
 62
     4
100
AcDbLine
 10
-36530.08814016238
 20
49314.74883907867
 30
0.0
 11
-36530.08814016238
 21
47396.91993839617
 31
0.0
  0
LINE
  5
BD2
330
8F9
100
AcDbEntity
  8
4C
 62
     4
100
AcDbLine
 10
-35667.06513485473
 20
49314.74883907867
 30
0.0
 11
-35667.06513485473
 21
47396.91993839617
 31
0.0
  0
LINE
  5
BD3
330
8F9
100
AcDbEntity
  8
4C
 62
     4
100
AcDbLine
 10
-36098.57663750855
 20
49314.74883907867
 30
0.0
 11
-36098.57663750855
 21
47396.91993839617
 31
0.0
  0
LINE
  5
BD4
330
8F9
100
AcDbEntity
  8
4C
 62
     4
100
AcDbLine
 10
-34372.53062689464
 20
49314.74883907867
 30
0.0
 11
-34372.53062689464
 21
47396.91993839617
 31
0.0
  0
LINE
  5
BD5
330
8F9
100
AcDbEntity
  8
4C
 62
     4
100
AcDbLine
 10
-34804.042129548
 20
49314.74883907867
 30
0.0
 11
-34804.042129548
 21
47396.91993839617
 31
0.0
  0
LINE
  5
BD6
330
8F9
100
AcDbEntity
  8
4C
 62
     4
100
AcDbLine
 10
-35235.55363220137
 20
49314.74883907867
 30
0.0
 11
-35235.55363220137
 21
47396.91993839617
 31
0.0
  0
LINE
  5
BD7
330
8F9
100
AcDbEntity
  8
4C
 62
     4
100
AcDbLine
 10
-33413.61617655328
 20
49314.74883907867
 30
0.0
 11
-33413.61617655328
 21
47396.91993839617
 31
0.0
  0
LINE
  5
BD8
330
8F9
100
AcDbEntity
  8
6M
100
AcDbLine
 10
-35139.66218716765
 20
47588.70282846453
 30
0.0
 11
-33625.25883514548
 21
47588.70282846453
 31
0.0
  0
LINE
  5
BD9
330
8F9
100
AcDbEntity
  8
6M
100
AcDbLine
 10
-33625.25883514548
 20
47588.70282846453
 30
0.0
 11
-33481.42166759467
 21
47444.86566091326
 31
0.0
  0
LINE
  5
BDA
330
8F9
100
AcDbEntity
  8
4C
 62
     4
100
AcDbLine
 10
-32454.70172621191
 20
49314.74883907867
 30
0.0
 11
-32454.70172621191
 21
47396.91993839617
 31
0.0
  0
LINE
  5
BDB
330
8F9
100
AcDbEntity
  8
4C
 62
     4
100
AcDbLine
 10
-30536.87282552963
 20
49314.74883907867
 30
0.0
 11
-30536.87282552963
 21
47396.91993839617
 31
0.0
  0
LINE
  5
BDC
330
8F9
100
AcDbEntity
  8
4C
 62
     4
100
AcDbLine
 10
-31495.78727587054
 20
49314.74883907867
 30
0.0
 11
-31495.78727587054
 21
47396.91993839617
 31
0.0
  0
TEXT
  5
BDD
330
8F9
100
AcDbEntity
  8
TG
100
AcDbText
 10
-31171.20646040022
 20
43338.25656890578
 30
0.0
 40
375.0
  1
EXTRA TOP BARS
 41
0.9
  7
FRED
100
AcDbText
  0
TEXT
  5
BDE
330
8F9
100
AcDbEntity
  8
TG
100
AcDbText
 10
-31135.49109716082
 20
46083.44207065774
 30
0.0
 40
375.0
  1
EXTRA BOT. BARS
 41
0.9
  7
FRED
100
AcDbText
  0
TEXT
  5
BDF
330
8F9
100
AcDbEntity
  8
TG
100
AcDbText
 10
-31135.49109716082
 20
45530.19810806901
 30
0.0
 40
375.0
  1
@ MIDSPAN
 41
0.9
  7
FRED
100
AcDbText
  0
TEXT
  5
BE0
330
8F9
100
AcDbEntity
  8
TG
100
AcDbText
 10
-31135.49109716082
 20
44168.23214070231
 30
0.0
 40
375.0
  1
@ MIDSPAN
 41
0.9
  7
FRED
100
AcDbText
  0
TEXT
  5
BE1
330
8F9
100
AcDbEntity
  8
TG
100
AcDbText
 10
-31135.49109716082
 20
44721.47610329103
 30
0.0
 40
375.0
  1
BOT. BARS
 41
0.9
  7
FRED
100
AcDbText
  0
TEXT
  5
BE2
330
8F9
100
AcDbEntity
  8
TG
100
AcDbText
 10
-35747.41578840717
 20
56678.15488895331
 30
0.0
 40
375.0
  1
1.
 41
0.9
  7
FRED
100
AcDbText
  0
LWPOLYLINE
  5
BE3
330
8F9
100
AcDbEntity
  8
8G
 62
     2
100
AcDbPolyline
 90
        8
 70
     0
 43
0.0
 10
-31769.33305344425
 20
47201.35479506125
 10
-31769.33305344425
 20
47996.9106181054
 10
-31673.36951958735
 20
47996.9106181054
 10
-31673.36951958735
 20
47517.09294881971
 10
-31865.29658730162
 20
47469.11118189125
 10
-31673.36951958735
 20
47421.12941496257
 10
-31865.29658730162
 20
47373.14764803389
 10
-31673.36951958735
 20
47325.16588110543
  0
LWPOLYLINE
  5
BE4
330
8F9
100
AcDbEntity
  8
8G
 62
     2
100
AcDbPolyline
 90
        8
 70
     0
 43
0.0
 10
-32946.80287018439
 20
48416.33972966598
 10
-32946.80287018439
 20
49210.80583254711
 10
-32850.83933632702
 20
49210.80583254711
 10
-32850.83933632702
 20
48730.98816326118
 10
-33042.76640404176
 20
48683.00639633273
 10
-32850.83933632702
 20
48635.02462940404
 10
-33042.76640404176
 20
48587.04286247559
 10
-32850.83933632702
 20
48539.0610955469
  0
LWPOLYLINE
  5
BE5
330
8F9
100
AcDbEntity
  8
8G
 62
     2
100
AcDbPolyline
 90
        8
 70
     0
 43
0.0
 10
-32208.53300117675
 20
46817.15278565974
 10
-32208.53300117675
 20
47611.61888854063
 10
-32112.56946731938
 20
47611.61888854063
 10
-32112.56946731938
 20
47131.80121925494
 10
-32304.49653503366
 20
47083.81945232648
 10
-32112.56946731938
 20
47035.8376853978
 10
-32304.49653503366
 20
46987.85591846911
 10
-32112.56946731938
 20
46939.87415154065
  0
LWPOLYLINE
  5
BE6
330
8F9
100
AcDbEntity
  8
8G
 62
     2
100
AcDbPolyline
 90
        8
 70
     0
 43
0.0
 10
-37232.40748201983
 20
49785.3180949534
 10
-37232.40748201983
 20
48990.85199207251
 10
-37136.44394816246
 20
48990.85199207251
 10
-37136.44394816246
 20
49470.6696613582
 10
-37328.37101587674
 20
49518.65142828689
 10
-37136.44394816246
 20
49566.63319521534
 10
-37328.37101587674
 20
49614.61496214402
 10
-37136.44394816246
 20
49662.59672907248
  0
LWPOLYLINE
  5
BE7
330
8F9
100
AcDbEntity
  8
8G
 62
     2
100
AcDbPolyline
 90
        8
 70
     0
 43
0.0
 10
-36808.01638597503
 20
48083.6045289463
 10
-36808.01638597503
 20
47289.13842606542
 10
-36712.05285211766
 20
47289.13842606542
 10
-36712.05285211766
 20
47768.9560953511
 10
-36903.97991983194
 20
47816.93786227956
 10
-36712.05285211766
 20
47864.91962920824
 10
-36903.97991983194
 20
47912.9013961367
 10
-36712.05285211766
 20
47960.88316306539
  0
TEXT
  5
BE8
330
8F9
100
AcDbEntity
  8
TG
100
AcDbText
 10
-34977.02828456994
 20
56678.15488895331
 30
0.0
 40
375.0
  1
AT ANY LEVEL NO MORE THAN 
 41
0.9
  7
FRED
100
AcDbText
  0
TEXT
  5
BE9
330
8F9
100
AcDbEntity
  8
TG
100
AcDbText
 10
-34977.02828456994
 20
56078.15488895331
 30
0.0
 40
375.0
  1
ALTERNATE BARS SHOULD BE
 41
0.9
  7
FRED
100
AcDbText
  0
TEXT
  5
BEA
330
8F9
100
AcDbEntity
  8
TG
100
AcDbText
 10
-34977.02828456994
 20
55478.15488895332
 30
0.0
 40
375.0
  1
SPLICED.
 41
0.9
  7
FRED
100
AcDbText
  0
TEXT
  5
BEB
330
8F9
100
AcDbEntity
  8
TG
100
AcDbText
 10
-35747.41578840717
 20
54817.81855524284
 30
0.0
 40
375.0
  1
2.
 41
0.9
  7
FRED
100
AcDbText
  0
TEXT
  5
BEC
330
8F9
100
AcDbEntity
  8
TG
100
AcDbText
 10
-34977.02828456994
 20
54817.81855524284
 30
0.0
 40
375.0
  1
MIN. DISTANCE BETWEEN TWO
 41
0.9
  7
FRED
100
AcDbText
  0
TEXT
  5
BED
330
8F9
100
AcDbEntity
  8
TG
100
AcDbText
 10
-34977.02828456994
 20
54217.81855524285
 30
0.0
 40
375.0
  1
ADJACENT BAR SPLICES SHALL
 41
0.9
  7
FRED
100
AcDbText
  0
TEXT
  5
BEE
330
8F9
100
AcDbEntity
  8
TG
100
AcDbText
 10
-34428.27314990407
 20
53628.96286517824
 30
0.0
 40
375.0
  1
BE 600mm.
 41
0.9
  7
FRED
100
AcDbText
  0
TEXT
  5
BEF
330
8F9
100
AcDbEntity
  8
TB
100
AcDbText
 10
-35747.41578840717
 20
57478.15488895319
 30
0.0
 40
375.0
  1
LAP SPLICE LENGTH:
 41
0.9
  7
A
100
AcDbText
  0
LWPOLYLINE
  5
BF0
330
8F9
100
AcDbEntity
  8
8G
 62
     2
100
AcDbPolyline
 90
        7
 70
     1
 43
0.0
 10
-42753.98689494395
 20
56011.13776205803
 10
-42562.05982722968
 20
56011.13776205803
 10
-42562.05982722968
 20
56155.08306284362
 10
-42466.09629337277
 20
56155.08306284362
 10
-42657.99437791129
 20
56346.98114738237
 10
-42849.89246244982
 20
56155.08306284362
 10
-42753.92892859291
 20
56155.08306284362
  0
DIMENSION
  5
BF1
330
8F9
100
AcDbEntity
  8
DIM
100
AcDbDimension
280
     0
  2
*D41
 10
-36098.57663750855
 20
46059.32820363736
 30
0.0
 11
-37057.49108784992
 21
46059.32820363736
 31
0.0
 12
-237352.661668502
 22
49412.07875907037
 32
0.0
 70
   128
  1
0.165L
 71
     5
 42
1917.828900682274
 73
     0
 74
     0
 75
     0
  3
DIM150
100
AcDbAlignedDimension
 13
-38016.40553819083
 23
47157.19132581094
 33
0.0
 14
-36098.57663750855
 24
47732.53999601581
 34
0.0
100
AcDbRotatedDimension
  0
DIMENSION
  5
BF2
330
8F9
100
AcDbEntity
  8
DIM
100
AcDbDimension
280
     0
  2
*D42
 10
-33701.29051165536
 20
44952.01335701727
 30
0.0
 11
-34420.4763494115
 21
44952.01335701727
 31
0.0
 12
-237352.661668502
 22
49412.07875907037
 32
0.0
 70
   128
  1
%%c12@100\PSPLICE\PHOOPS
 71
     5
 42
1438.371675512288
 73
     0
 74
     0
 75
     0
  3
DIM150
100
AcDbAlignedDimension
 13
-35139.66218716765
 23
47588.70282846453
 33
0.0
 14
-33701.29051165536
 24
47444.86566091326
 34
0.0
100
AcDbRotatedDimension
  0
DIMENSION
  5
BF3
330
8F9
100
AcDbEntity
  8
DIM
100
AcDbDimension
280
     0
  2
*D43
 10
-35139.66218716765
 20
43935.72988742016
 30
0.0
 11
-36578.03386267924
 21
44273.22988742016
 31
0.0
 12
-237352.661668502
 22
49412.07875907037
 32
0.0
  1
2d
 71
     5
 42
2876.743351023179
 73
     0
 74
     0
 75
     0
  3
DIM150
100
AcDbAlignedDimension
 13
-38016.40553819083
 23
45146.648766353
 33
0.0
 14
-35139.66218716765
 24
47588.70282846453
 34
0.0
100
AcDbRotatedDimension
  0
DIMENSION
  5
BF4
330
8F9
100
AcDbEntity
  8
DIM
100
AcDbDimension
280
     0
  2
*D44
 10
-36169.61599887823
 20
54301.10398085296
 30
0.0
 11
-36169.61599887829
 21
53581.91814309699
 31
0.0
 12
-237352.661668502
 22
49412.07875907037
 32
0.0
  1
 
 71
     5
 42
1438.371675511821
 73
     0
 74
     0
 75
     0
  3
Dim100
100
AcDbAlignedDimension
 13
-38447.91704084465
 23
52862.73230534114
 33
0.0
 14
-38304.07987329338
 24
54301.10398085296
 34
0.0
 50
90.0
100
AcDbRotatedDimension
  0
DIMENSION
  5
BF5
330
8F9
100
AcDbEntity
  8
DIM
100
AcDbDimension
280
     0
  2
*D45
 10
-30345.08993546126
 20
51578.89723095225
 30
0.0
 11
-34180.74773682604
 21
52014.61151666653
 31
0.0
 12
-237352.661668502
 22
49412.07875907037
 32
0.0
  1
L/4
 71
     5
 42
7671.315602729563
 73
     0
 74
     0
 75
     0
  3
DIM150
100
AcDbAlignedDimension
 13
-38016.40553819083
 23
49554.4774516639
 33
0.0
 14
-30345.08993546126
 24
49122.96594901031
 34
0.0
100
AcDbRotatedDimension
  0
DIMENSION
  5
BF6
330
8F9
100
AcDbEntity
  8
DIM
100
AcDbDimension
280
     0
  2
*D46
 10
-29494.14725441646
 20
52533.86693467185
 30
0.0
 11
-33755.27639630364
 21
52871.36693467185
 31
0.0
 12
-237352.661668502
 22
49412.07875907037
 32
0.0
  1
L
 71
     5
 42
8522.258283774368
 73
     0
 74
     0
 75
     0
  3
DIM150
100
AcDbAlignedDimension
 13
-38016.40553819083
 23
49554.4774516639
 33
0.0
 14
-29494.14725441646
 24
52288.85046818454
 34
0.0
100
AcDbRotatedDimension
  0
LINE
  5
BF7
330
8F9
100
AcDbEntity
  8
2Y
 62
     2
100
AcDbLine
 10
-38016.40553819083
 20
56054.78781238172
 30
0.0
 11
-38016.40553819083
 21
52830.01504042654
 31
0.0
  0
LINE
  5
BF8
330
8F9
100
AcDbEntity
  8
2Y
 62
     2
100
AcDbLine
 10
-40126.01732894147
 20
45156.67591267448
 30
0.0
 11
-40126.01732894147
 21
52024.02268931849
 31
0.0
  0
LINE
  5
BF9
330
8F9
100
AcDbEntity
  8
2Y
 62
     1
100
AcDbLine
 10
-40126.01732894147
 20
56054.78781238172
 30
0.0
 11
-39751.32010803439
 21
56054.78781238172
 31
0.0
  0
LINE
  5
BFA
330
8F9
100
AcDbEntity
  8
2Y
 62
     1
100
AcDbLine
 10
-39751.32010803439
 20
56054.78781238172
 30
0.0
 11
-39751.32010803439
 21
55964.54349548762
 31
0.0
  0
LINE
  5
BFB
330
8F9
100
AcDbEntity
  8
2Y
 62
     1
100
AcDbLine
 10
-39751.32010803439
 20
55964.54349548762
 30
0.0
 11
-39280.78525198877
 21
55964.54349548762
 31
0.0
  0
LINE
  5
BFC
330
8F9
100
AcDbEntity
  8
2Y
 62
     1
100
AcDbLine
 10
-39280.78525198877
 20
55964.54349548762
 30
0.0
 11
-39280.78525198877
 21
55934.46205652292
 31
0.0
  0
LINE
  5
BFD
330
8F9
100
AcDbEntity
  8
2Y
 62
     1
100
AcDbLine
 10
-39280.78525198877
 20
55934.46205652292
 30
0.0
 11
-38780.21625619635
 21
55934.46205652292
 31
0.0
  0
LINE
  5
BFE
330
8F9
100
AcDbEntity
  8
2Y
 62
     1
100
AcDbLine
 10
-38780.21625619635
 20
55934.46205652292
 30
0.0
 11
-38780.21625619635
 21
56004.65208077381
 31
0.0
  0
LINE
  5
BFF
330
8F9
100
AcDbEntity
  8
2Y
 62
     1
100
AcDbLine
 10
-38780.21625619635
 20
56004.65208077381
 30
0.0
 11
-38409.79519930968
 21
56004.65208077381
 31
0.0
  0
LINE
  5
C00
330
8F9
100
AcDbEntity
  8
2Y
 62
     1
100
AcDbLine
 10
-38409.79519930968
 20
56004.65208077381
 30
0.0
 11
-38409.79519930968
 21
56064.81495870321
 31
0.0
  0
LINE
  5
C01
330
8F9
100
AcDbEntity
  8
2Y
 62
     1
100
AcDbLine
 10
-38409.79519930968
 20
56064.81495870321
 30
0.0
 11
-38016.40553819083
 21
56064.81495870321
 31
0.0
  0
LINE
  5
C02
330
8F9
100
AcDbEntity
  8
2Y
 62
     1
100
AcDbLine
 10
-38016.40553819083
 20
56064.81495870321
 30
0.0
 11
-38016.40553819083
 21
56054.78781238172
 31
0.0
  0
LINE
  5
C03
330
8F9
100
AcDbEntity
  8
2Y
 62
     1
100
AcDbLine
 10
-29498.74797995968
 20
49314.74883907867
 30
0.0
 11
-29494.14725441646
 21
49554.4774516639
 31
0.0
  0
LINE
  5
C04
330
8F9
100
AcDbEntity
  8
2Y
 62
     2
100
AcDbLine
 10
-29494.14725441646
 20
49554.4774516639
 30
0.0
 11
-40126.01732894147
 21
49554.4774516639
 31
0.0
  0
LINE
  5
C05
330
8F9
100
AcDbEntity
  8
2Y
 62
     1
100
AcDbLine
 10
-40126.01732894147
 20
45156.67591267448
 30
0.0
 11
-39751.32010803439
 21
45156.67591267448
 31
0.0
  0
LINE
  5
C06
330
8F9
100
AcDbEntity
  8
2Y
 62
     1
100
AcDbLine
 10
-39751.32010803439
 20
45156.67591267448
 30
0.0
 11
-39751.32010803439
 21
45246.92022956858
 31
0.0
  0
LINE
  5
C07
330
8F9
100
AcDbEntity
  8
2Y
 62
     1
100
AcDbLine
 10
-39751.32010803439
 20
45246.92022956858
 30
0.0
 11
-39280.78525198877
 21
45246.92022956858
 31
0.0
  0
LINE
  5
C08
330
8F9
100
AcDbEntity
  8
2Y
 62
     1
100
AcDbLine
 10
-39280.78525198877
 20
45246.92022956858
 30
0.0
 11
-39280.78525198877
 21
45277.00166853328
 31
0.0
  0
LINE
  5
C09
330
8F9
100
AcDbEntity
  8
2Y
 62
     1
100
AcDbLine
 10
-39280.78525198877
 20
45277.00166853328
 30
0.0
 11
-38780.21625619635
 21
45277.00166853328
 31
0.0
  0
LINE
  5
C0A
330
8F9
100
AcDbEntity
  8
2Y
 62
     1
100
AcDbLine
 10
-38780.21625619635
 20
45277.00166853328
 30
0.0
 11
-38780.21625619635
 21
45206.81164428239
 31
0.0
  0
LINE
  5
C0B
330
8F9
100
AcDbEntity
  8
2Y
 62
     1
100
AcDbLine
 10
-38780.21625619635
 20
45206.81164428239
 30
0.0
 11
-38409.79519930968
 21
45206.81164428239
 31
0.0
  0
LINE
  5
C0C
330
8F9
100
AcDbEntity
  8
2Y
 62
     1
100
AcDbLine
 10
-38409.79519930968
 20
45206.81164428239
 30
0.0
 11
-38409.79519930968
 21
45146.648766353
 31
0.0
  0
LINE
  5
C0D
330
8F9
100
AcDbEntity
  8
2Y
 62
     1
100
AcDbLine
 10
-38409.79519930968
 20
45146.648766353
 30
0.0
 11
-38016.40553819083
 21
45146.648766353
 31
0.0
  0
LINE
  5
C0E
330
8F9
100
AcDbEntity
  8
2Y
 62
     2
100
AcDbLine
 10
-38016.40553819083
 20
45146.648766353
 30
0.0
 11
-38016.40553819083
 21
47157.19132581094
 31
0.0
  0
LINE
  5
C0F
330
8F9
100
AcDbEntity
  8
2Y
 62
     2
100
AcDbLine
 10
-38016.40553819083
 20
47157.19132581094
 30
0.0
 11
-29562.44025566123
 21
47157.19132581094
 31
0.0
  0
LINE
  5
C10
330
8F9
100
AcDbEntity
  8
2Y
 62
     1
100
AcDbLine
 10
-29562.44025566123
 20
47157.19132581094
 30
0.0
 11
-29534.4809154493
 21
48114.09567726773
 31
0.0
  0
LINE
  5
C11
330
8F9
100
AcDbEntity
  8
2Y
 62
     1
100
AcDbLine
 10
-29534.4809154493
 20
48114.09567726773
 30
0.0
 11
-29655.48189854736
 21
48114.09567726773
 31
0.0
  0
LINE
  5
C12
330
8F9
100
AcDbEntity
  8
2Y
 62
     1
100
AcDbLine
 10
-29655.48189854736
 20
48114.09567726773
 30
0.0
 11
-29668.92645222481
 21
48853.92616473787
 31
0.0
  0
LINE
  5
C13
330
8F9
100
AcDbEntity
  8
2Y
 62
     1
100
AcDbLine
 10
-29668.92645222481
 20
48853.92616473787
 30
0.0
 11
-29507.59180809392
 21
48853.92616473787
 31
0.0
  0
LINE
  5
C14
330
8F9
100
AcDbEntity
  8
2Y
 62
     1
100
AcDbLine
 10
-29507.59180809392
 20
48853.92616473787
 30
0.0
 11
-29498.74797995968
 21
49314.74883907867
 31
0.0
  0
DIMENSION
  5
C15
330
8F9
100
AcDbEntity
  8
DIM
100
AcDbDimension
280
     0
  2
*D16
 10
-42657.99437790611
 20
47157.19132581094
 30
0.0
 11
-42657.99437791082
 21
48355.83438873742
 31
0.0
 12
-237352.661668502
 22
49412.07875907037
 32
0.0
 70
   128
  1
LAT. TIES\XJT. REINF.
 71
     5
 42
2397.28612585296
 73
     0
 74
     0
 75
     0
  3
DIM150
100
AcDbAlignedDimension
 13
-40126.01732894147
 23
49554.4774516639
 33
0.0
 14
-40126.01732894147
 24
47157.19132581094
 34
0.0
 50
90.0
100
AcDbRotatedDimension
1001
ACAD
1000
DSTYLE
1002
{
1070
   279
1070
     2
1002
}
  0
DIMENSION
  5
C16
330
8F9
100
AcDbEntity
  8
DIM
100
AcDbDimension
280
     0
  2
*D17
 10
-41370.64824394945
 20
42892.75618957608
 30
0.0
 11
-41370.64824394949
 21
45024.97375769346
 31
0.0
 12
-237352.661668502
 22
49412.07875907037
 32
0.0
 70
   128
  1
CONF. REINF. TIES
 71
     5
 42
4264.435136234855
 73
     0
 74
     0
 75
     0
  3
DIM150
100
AcDbAlignedDimension
 13
-40126.01732894147
 23
47157.19132581094
 33
0.0
 14
-41370.64824394949
 24
42892.75618957608
 34
0.0
 50
90.0
100
AcDbRotatedDimension
  0
LWPOLYLINE
  5
C17
330
8F9
100
AcDbEntity
  8
8G
 62
     2
100
AcDbPolyline
 90
        7
 70
     1
 43
0.0
 10
-29494.14725441646
 20
52629.85945170474
 10
-29494.14725441646
 20
52437.93238399047
 10
-29350.20195363063
 20
52437.93238399047
 10
-29350.20195363063
 20
52341.96885013333
 10
-29158.30386909211
 20
52533.86693467185
 10
-29350.20195363063
 20
52725.76501921061
 10
-29350.20195363063
 20
52629.80148535347
  0
DIMENSION
  5
C18
330
8F9
100
AcDbEntity
  8
DIM
100
AcDbDimension
280
     0
  2
*D18
 10
-41370.6482439443
 20
53581.40674263911
 30
0.0
 11
-41374.45427298426
 21
51909.27380355107
 31
0.0
 12
-237352.661668502
 22
49412.07875907037
 32
0.0
 70
   128
  1
WITHIN CENTER\XHALF OF "H"
 71
     5
 42
4026.929290975212
 73
     0
 74
     0
 75
     0
  3
DIM150
100
AcDbAlignedDimension
 13
-40126.01732894147
 23
49554.4774516639
 33
0.0
 14
-39886.28871635601
 24
53581.40674263911
 34
0.0
 50
90.0
100
AcDbRotatedDimension
1001
ACAD
1000
DSTYLE
1002
{
1070
   279
1070
     2
1002
}
  0
DIMENSION
  5
C19
330
8F9
100
AcDbEntity
  8
DIM
100
AcDbDimension
280
     0
  2
*D19
 10
-42657.9943779108
 20
56011.13776205803
 30
0.0
 11
-42657.99437791082
 21
53672.32114740656
 31
0.0
 12
-237352.661668502
 22
49412.07875907037
 32
0.0
 70
   128
  1
H (CLEAR HEIGHT OF COL.)
 71
     5
 42
6456.660310394133
 73
     0
 74
     0
 75
     0
  3
DIM150
100
AcDbAlignedDimension
 13
-40126.01732894147
 23
49554.4774516639
 33
0.0
 14
-42222.28009219674
 24
56011.13776205803
 34
0.0
 50
90.0
100
AcDbRotatedDimension
  0
LWPOLYLINE
  5
C1A
330
8F9
100
AcDbEntity
  8
8G
 62
     2
100
AcDbPolyline
 90
        7
 70
     1
 43
0.0
 10
-36505.45938420596
 20
53677.91066012971
 10
-36505.45938420596
 20
53485.98359241543
 10
-36361.51408342013
 20
53485.98359241543
 10
-36361.51408342013
 20
53390.02005855829
 10
-36169.61599888161
 20
53581.91814309705
 10
-36361.51408342013
 20
53773.81622763557
 10
-36361.51408342013
 20
53677.85269377844
  0
LWPOLYLINE
  5
C1B
330
8F9
100
AcDbEntity
  8
8G
 62
     2
100
AcDbPolyline
 90
        7
 70
     1
 43
0.0
 10
-41274.65572691682
 20
42892.75618957608
 10
-41466.58279463063
 20
42892.75618957608
 10
-41466.58279463063
 20
42748.81088879026
 10
-41562.54632848801
 20
42748.81088879026
 10
-41370.64824394949
 20
42556.91280425174
 10
-41178.75015941049
 20
42748.81088879026
 10
-41274.71369326786
 20
42748.81088879026
  0
LWPOLYLINE
  5
C1C
330
8F9
100
AcDbEntity
  8
8G
 62
     2
100
AcDbPolyline
 90
        2
 70
     0
 10
5819.066867142247
 20
49488.50469950097
 40
107.9589755893022
 41
0.0
 10
5819.066867142247
 20
49896.21154037351
 40
0.0
 41
0.0
  0
LINE
  5
C1D
330
8F9
100
AcDbEntity
  8
8G
100
AcDbLine
 10
-31769.33305344425
 20
47201.35479506125
 30
0.0
 11
-31769.33305344425
 21
46378.02277814291
 31
0.0
  0
LINE
  5
C1E
330
8F9
100
AcDbEntity
  8
8G
100
AcDbLine
 10
-31769.33305344425
 20
46378.02277814291
 30
0.0
 11
-31212.67759924449
 21
46378.02277814291
 31
0.0
  0
LINE
  5
C1F
330
8F9
100
AcDbEntity
  8
8G
100
AcDbLine
 10
-32208.53300117675
 20
46817.15278565974
 30
0.0
 11
-32208.53300117675
 21
45016.0568107762
 31
0.0
  0
LINE
  5
C20
330
8F9
100
AcDbEntity
  8
8G
100
AcDbLine
 10
-32208.53300117675
 20
45016.0568107762
 30
0.0
 11
-31212.67759924449
 21
45016.0568107762
 31
0.0
  0
LINE
  5
C21
330
8F9
100
AcDbEntity
  8
8G
100
AcDbLine
 10
-32946.80287018439
 20
48416.33972966598
 30
0.0
 11
-32946.80287018439
 21
43599.77919203925
 31
0.0
  0
LINE
  5
C22
330
8F9
100
AcDbEntity
  8
8G
100
AcDbLine
 10
-32946.80287018439
 20
43599.77919203925
 30
0.0
 11
-31229.84666596607
 21
43599.77919203925
 31
0.0
  0
LINE
  5
C23
330
8F9
100
AcDbEntity
  8
8G
100
AcDbLine
 10
-36505.45938420596
 20
53581.91814309705
 30
0.0
 11
-37347.48295049343
 21
53581.91814309705
 31
0.0
  0
LINE
  5
C24
330
8F9
100
AcDbEntity
  8
8G
100
AcDbLine
 10
-37347.48295049343
 20
53581.91814309705
 30
0.0
 11
-37347.48295049343
 21
56862.95410736508
 31
0.0
  0
LINE
  5
C25
330
8F9
100
AcDbEntity
  8
8G
100
AcDbLine
 10
-37347.48295049343
 20
56862.95410736508
 30
0.0
 11
-36004.73965863904
 21
56862.95410736508
 31
0.0
  0
TEXT
  5
C26
330
8F9
100
AcDbEntity
  8
TG
100
AcDbText
 10
-10180.76204929987
 20
26959.61215144998
 30
0.0
 40
375.0
  1
SEEK STRUCT'L ENGINEER'S
 41
0.9
  7
100CL
100
AcDbText
  0
TEXT
  5
C27
330
8F9
100
AcDbEntity
  8
TG
100
AcDbText
 10
-10180.76204929987
 20
26359.61215144998
 30
0.0
 40
375.0
  1
APPROVAL FOR PIPE SLEEVES
 41
0.9
  7
100CL
100
AcDbText
  0
TEXT
  5
C28
330
8F9
100
AcDbEntity
  8
TG
100
AcDbText
 10
-10180.76204929987
 20
25759.61215144998
 30
0.0
 40
375.0
  1
W/ DIAMETERS BIGGER THAN
 41
0.9
  7
100CL
100
AcDbText
  0
TEXT
  5
C29
330
8F9
100
AcDbEntity
  8
TG
100
AcDbText
 10
-10180.76204929987
 20
25159.61215144999
 30
0.0
 40
375.0
  1
THE MAXIMUM STIPULATED.
 41
0.9
  7
100CL
100
AcDbText
  0
TEXT
  5
C2A
330
8F9
100
AcDbEntity
  8
TG
100
AcDbText
 10
-10180.76204929987
 20
24398.9986871767
 30
0.0
 40
375.0
  1
PIPE SLEEVES SHALL BE
 41
0.9
  7
100CL
100
AcDbText
  0
TEXT
  5
C2B
330
8F9
100
AcDbEntity
  8
TG
100
AcDbText
 10
-10180.76204929987
 20
23798.9986871767
 30
0.0
 40
375.0
  1
LOCATED WITHIN TENSION
 41
0.9
  7
100CL
100
AcDbText
  0
TEXT
  5
C2C
330
8F9
100
AcDbEntity
  8
TG
100
AcDbText
 10
-10180.76204929987
 20
23198.99868717671
 30
0.0
 40
375.0
  1
ZONES OF BEAM.
 41
0.9
  7
100CL
100
AcDbText
  0
TEXT
  5
C2D
330
8F9
100
AcDbEntity
  8
TG
100
AcDbText
 10
-10180.76204929987
 20
22403.23430004504
 30
0.0
 40
375.0
  1
NO PIPE SLEEVE SHALL BE
 41
0.9
  7
100CL
100
AcDbText
  0
TEXT
  5
C2E
330
8F9
100
AcDbEntity
  8
TG
100
AcDbText
 10
-10180.76204929987
 20
21803.23430004504
 30
0.0
 40
375.0
  1
ALLOWED AT TWICE THE
 41
0.9
  7
100CL
100
AcDbText
  0
TEXT
  5
C2F
330
8F9
100
AcDbEntity
  8
TG
100
AcDbText
 10
-10180.76204929987
 20
21203.23430004503
 30
0.0
 40
375.0
  1
BEAM DEPTH (2D) FROM
 41
0.9
  7
100CL
100
AcDbText
  0
TEXT
  5
C30
330
8F9
100
AcDbEntity
  8
TG
100
AcDbText
 10
-10180.76204929987
 20
20603.23430004503
 30
0.0
 40
375.0
  1
THE SUPPORT.
 41
0.9
  7
100CL
100
AcDbText
  0
TEXT
  5
C31
330
8F9
100
AcDbEntity
  8
TG
100
AcDbText
 10
-10988.66365784008
 20
26959.61215144998
 30
0.0
 40
375.0
  1
1.
 41
0.9
  7
100CL
100
AcDbText
  0
TEXT
  5
C32
330
8F9
100
AcDbEntity
  8
TG
100
AcDbText
 10
-10988.66365784008
 20
24398.9986871767
 30
0.0
 40
375.0
  1
2.
 41
0.9
  7
100CL
100
AcDbText
  0
TEXT
  5
C33
330
8F9
100
AcDbEntity
  8
TG
100
AcDbText
 10
-10988.66365784008
 20
22403.23430004504
 30
0.0
 40
375.0
  1
3.
 41
0.9
  7
100CL
100
AcDbText
  0
TEXT
  5
C34
330
8F9
100
AcDbEntity
  8
TB
100
AcDbText
 10
-10988.66365784008
 20
27759.61215145004
 30
0.0
 40
500.0
  1
NOTES:
 41
0.9
  7
A
100
AcDbText
  0
TEXT
  5
C35
330
8F9
100
AcDbEntity
  8
TG
100
AcDbText
 10
-8719.438832279033
 20
30259.11383754228
 30
0.0
 40
375.0
  1
WELDED TO SLEEVE
 41
0.9
  7
100CL
100
AcDbText
  0
TEXT
  5
C36
330
8F9
100
AcDbEntity
  8
TG
100
AcDbText
 10
-8719.438832279033
 20
34794.64426736746
 30
0.0
 40
375.0
  1
EACH SIDE OF SLEEVE
 41
0.9
  7
100CL
100
AcDbText
  0
TEXT
  5
C37
330
8F9
100
AcDbEntity
  8
TG
100
AcDbText
 10
-8719.438832279033
 20
32564.61327394666
 30
0.0
 40
375.0
  1
E.F. (DIAGONALS)
 41
0.9
  7
100CL
100
AcDbText
  0
DIMENSION
  5
C38
330
8F9
100
AcDbEntity
  8
DIM
100
AcDbDimension
280
     0
  2
*D20
 10
-11745.12931506263
 20
34117.38092687866
 30
0.0
 11
-12328.54916540204
 21
34454.88092687866
 31
0.0
 12
-237352.661668502
 22
49412.07875907037
 32
0.0
  1
B
 71
     5
 42
1166.839700678829
 73
     0
 74
     0
 75
     0
  3
DIM150
100
AcDbAlignedDimension
 13
-12911.96901574146
 23
32942.57220115827
 33
0.0
 14
-11745.12931506263
 24
32942.57220115827
 34
0.0
100
AcDbRotatedDimension
  0
DIMENSION
  5
C39
330
8F9
100
AcDbEntity
  8
DIM
100
AcDbDimension
280
     0
  2
*D21
 10
-25106.78722822268
 20
25734.11735813887
 30
0.0
 11
-32107.82543229379
 21
26071.61735813887
 31
0.0
 12
-237352.661668502
 22
49412.07875907037
 32
0.0
  1
L
 71
     5
 42
14002.07640814222
 73
     0
 74
     0
 75
     0
  3
DIM150
100
AcDbAlignedDimension
 13
-39108.8636363649
 23
30025.47294946189
 33
0.0
 14
-25106.78722822268
 24
30025.47294946189
 34
0.0
100
AcDbRotatedDimension
  0
DIMENSION
  5
C3A
330
8F9
100
AcDbEntity
  8
DIM
100
AcDbDimension
280
     0
  2
*D22
 10
-35608.34453432935
 20
26937.70368968172
 30
0.0
 11
-37358.60408534712
 21
27373.417975396
 31
0.0
 12
-237352.661668502
 22
49412.07875907037
 32
0.0
  1
L/4
 71
     5
 42
3500.519102035556
 73
     0
 74
     0
 75
     0
  3
DIM150
100
AcDbAlignedDimension
 13
-39108.8636363649
 23
30025.47294946189
 33
0.0
 14
-35608.34453432935
 24
31192.31265014037
 34
0.0
100
AcDbRotatedDimension
  0
DIMENSION
  5
C3B
330
8F9
100
AcDbEntity
  8
DIM
100
AcDbDimension
280
     0
  2
*D23
 10
-28607.30633025776
 20
26937.70368968172
 30
0.0
 11
-32231.25308801487
 21
26934.58991230707
 31
0.0
 12
-237352.661668502
 22
49412.07875907037
 32
0.0
 70
   128
  1
L/2\XLIMIT LOCATION OF PIPE SLEEVE
 71
     5
 42
7001.038204071578
 73
     0
 74
     0
 75
     0
  3
DIM150
100
AcDbAlignedDimension
 13
-35608.34453432935
 23
31192.31265014049
 33
0.0
 14
-28607.30633025776
 24
31192.31265014049
 34
0.0
100
AcDbRotatedDimension
1001
ACAD
1000
DSTYLE
1002
{
1070
   279
1070
     2
1002
}
  0
DIMENSION
  5
C3C
330
8F9
100
AcDbEntity
  8
DIM
100
AcDbDimension
280
     0
  2
*D24
 10
-28607.30633025776
 20
26937.70368968172
 30
0.0
 11
-26857.04677924022
 21
27373.417975396
 31
0.0
 12
-237352.661668502
 22
49412.07875907037
 32
0.0
  1
L/4
 71
     5
 42
3500.519102035091
 73
     0
 74
     0
 75
     0
  3
DIM150
100
AcDbAlignedDimension
 13
-25106.78722822268
 23
30025.47294946189
 33
0.0
 14
-28607.30633025776
 24
31192.31265014037
 34
0.0
 50
180.0
100
AcDbRotatedDimension
  0
DIMENSION
  5
C3D
330
8F9
100
AcDbEntity
  8
DIM
100
AcDbDimension
280
     0
  2
*D25
 10
-30182.53992618035
 20
27833.32142502605
 30
0.0
 11
-32107.82543229751
 21
28269.03571074034
 31
0.0
 12
-237352.661668502
 22
49412.07875907037
 32
0.0
  1
4d (MIN.)
 71
     5
 42
3850.571012234315
 73
     0
 74
     0
 75
     0
  3
DIM150
100
AcDbAlignedDimension
 13
-34033.11093841467
 23
31564.24280473183
 33
0.0
 14
-30182.53992618035
 24
31564.24280473183
 34
0.0
100
AcDbRotatedDimension
  0
DIMENSION
  5
C3E
330
8F9
100
AcDbEntity
  8
DIM
100
AcDbDimension
280
     0
  2
*D26
 10
-36207.85664696034
 20
34626.70056284242
 30
0.0
 11
-37658.36014166262
 21
34964.20056284243
 31
0.0
 12
-237352.661668502
 22
49412.07875907037
 32
0.0
  1
2D
 71
     5
 42
2901.006989404559
 73
     0
 74
     0
 75
     0
  3
DIM150
100
AcDbAlignedDimension
 13
-39108.8636363649
 23
34109.41190183687
 33
0.0
 14
-36207.85664696034
 24
32782.1317423142
 34
0.0
100
AcDbRotatedDimension
  0
DIMENSION
  5
C3F
330
8F9
100
AcDbEntity
  8
DIM
100
AcDbDimension
280
     0
  2
*D27
 10
-28007.79421762677
 20
34626.70056284242
 30
0.0
 11
-26557.29072292472
 21
34964.20056284243
 31
0.0
 12
-237352.661668502
 22
49412.07875907037
 32
0.0
  1
2D
 71
     5
 42
2901.006989404093
 73
     0
 74
     0
 75
     0
  3
DIM150
100
AcDbAlignedDimension
 13
-25106.78722822268
 23
34109.41190183687
 33
0.0
 14
-28007.79421762677
 24
32782.1317423142
 34
0.0
100
AcDbRotatedDimension
  0
LINE
  5
C40
330
8F9
100
AcDbEntity
  8
DIM
 62
     8
100
AcDbLine
 10
-32422.74225356497
 20
32650.86227598868
 30
0.0
 11
-33299.58961263832
 21
33730.02458789642
 31
0.0
  0
DIMENSION
  5
C41
330
8F9
100
AcDbEntity
  8
DIM
100
AcDbDimension
280
     0
  2
*D28
 10
-34419.85527312794
 20
35108.76909526691
 30
0.0
 11
-35036.17523418058
 21
34607.99314689457
 31
0.0
 12
-237352.661668502
 22
49412.07875907037
 32
0.0
 70
   129
  1
500\X(TYP.)
 71
     5
 42
1588.240340578952
 73
     0
 74
     0
 75
     0
  3
DIM150
100
AcDbAlignedDimension
 13
-34469.16906013221
 23
32650.86227598868
 33
0.0
 14
-33236.5291380265
 24
33652.41417273367
 34
0.0
  0
DIMENSION
  5
C42
330
8F9
100
AcDbEntity
  8
DIM
100
AcDbDimension
280
     0
  2
*D29
 10
-36022.08489748943
 20
31564.24280473182
 30
0.0
 11
-36022.08489748949
 21
31739.26875983353
 31
0.0
 12
-237352.661668502
 22
49412.07875907037
 32
0.0
 70
   128
  1
D/5
 71
     5
 42
350.0519102035323
 73
     0
 74
     0
 75
     0
  3
DIM150
100
AcDbAlignedDimension
 13
-34033.11093841467
 23
31914.29471493536
 33
0.0
 14
-34033.11093841467
 24
31564.24280473183
 34
0.0
 50
90.0
100
AcDbRotatedDimension
  0
DIMENSION
  5
C43
330
8F9
100
AcDbEntity
  8
DIM
100
AcDbDimension
280
     0
  2
*D30
 10
-15409.15104288995
 20
31192.31265014049
 30
0.0
 11
-15409.15104289001
 21
32067.44242564931
 31
0.0
 12
-237352.661668502
 22
49412.07875907037
 32
0.0
 70
   128
  1
D\XSEE BEAM\PSCHED.
 71
     5
 42
1750.259551017778
 73
     0
 74
     0
 75
     0
  3
DIM150
100
AcDbAlignedDimension
 13
-13787.09879125023
 23
32942.57220115827
 33
0.0
 14
-12911.96901574146
 24
31192.31265014049
 34
0.0
 50
90.0
100
AcDbRotatedDimension
  0
DIMENSION
  5
C44
330
8F9
100
AcDbEntity
  8
DIM
100
AcDbDimension
280
     0
  2
*D31
 10
-13435.08587495252
 20
31914.29471493524
 30
0.0
 11
-13435.08587495258
 21
31739.26875983381
 31
0.0
 12
-237352.661668502
 22
49412.07875907037
 32
0.0
 70
   128
  1
D/5
 71
     5
 42
350.0519102027174
 73
     0
 74
     0
 75
     0
  3
DIM150
100
AcDbAlignedDimension
 13
-12911.96901574146
 23
31564.24280473252
 33
0.0
 14
-12911.96901574146
 24
31914.29471493524
 34
0.0
 50
90.0
100
AcDbRotatedDimension
  0
LINE
  5
C45
330
8F9
100
AcDbEntity
  8
2Y
 62
     1
100
AcDbLine
 10
-23356.5276772042
 20
31113.32633747312
 30
0.0
 11
-23452.5210722496
 21
30958.0133239663
 31
0.0
  0
LINE
  5
C46
330
8F9
100
AcDbEntity
  8
2Y
 62
     1
100
AcDbLine
 10
-23452.5210722496
 20
30958.0133239663
 30
0.0
 11
-23452.5210722496
 21
30515.96849254612
 31
0.0
  0
LINE
  5
C47
330
8F9
100
AcDbEntity
  8
2Y
 62
     1
100
AcDbLine
 10
-23452.5210722496
 20
30515.96849254612
 30
0.0
 11
-23356.5276772042
 21
30432.33841793879
 31
0.0
  0
LINE
  5
C48
330
8F9
100
AcDbEntity
  8
2Y
 62
     1
100
AcDbLine
 10
-23356.5276772042
 20
30432.33841793879
 30
0.0
 11
-23356.5276772042
 21
30025.47294946189
 31
0.0
  0
LINE
  5
C49
330
8F9
100
AcDbEntity
  8
2Y
100
AcDbLine
 10
-23356.5276772042
 20
30025.47294946189
 30
0.0
 11
-25106.78722822268
 21
30025.47294946189
 31
0.0
  0
LINE
  5
C4A
330
8F9
100
AcDbEntity
  8
2Y
100
AcDbLine
 10
-25106.78722822268
 20
30025.47294946189
 30
0.0
 11
-25106.78722822268
 21
31192.31265014037
 31
0.0
  0
LINE
  5
C4B
330
8F9
100
AcDbEntity
  8
2Y
100
AcDbLine
 10
-25106.78722822268
 20
31192.31265014037
 30
0.0
 11
-39108.8636363649
 21
31192.31265014037
 31
0.0
  0
LINE
  5
C4C
330
8F9
100
AcDbEntity
  8
2Y
100
AcDbLine
 10
-39108.8636363649
 20
31192.31265014037
 30
0.0
 11
-39108.8636363649
 21
30025.47294946189
 31
0.0
  0
LINE
  5
C4D
330
8F9
100
AcDbEntity
  8
2Y
100
AcDbLine
 10
-39108.8636363649
 20
30025.47294946189
 30
0.0
 11
-40859.12318738337
 21
30025.47294946189
 31
0.0
  0
LINE
  5
C4E
330
8F9
100
AcDbEntity
  8
2Y
 62
     1
100
AcDbLine
 10
-40859.12318738337
 20
30025.47294946189
 30
0.0
 11
-40859.12318738337
 21
30792.51004231989
 31
0.0
  0
LINE
  5
C4F
330
8F9
100
AcDbEntity
  8
2Y
 62
     1
100
AcDbLine
 10
-40859.12318738337
 20
30792.51004231989
 30
0.0
 11
-40747.85698965631
 21
30906.35942319478
 31
0.0
  0
LINE
  5
C50
330
8F9
100
AcDbEntity
  8
2Y
 62
     1
100
AcDbLine
 10
-40747.85698965631
 20
30906.35942319478
 30
0.0
 11
-40747.85698965631
 21
31526.2060143234
 31
0.0
  0
LINE
  5
C51
330
8F9
100
AcDbEntity
  8
2Y
 62
     1
100
AcDbLine
 10
-40747.85698965631
 20
31526.2060143234
 30
0.0
 11
-40859.12318738337
 21
31640.05539519829
 31
0.0
  0
LINE
  5
C52
330
8F9
100
AcDbEntity
  8
2Y
 62
     1
100
AcDbLine
 10
-40859.12318738337
 20
31640.05539519829
 30
0.0
 11
-40859.12318738337
 21
32095.45291870262
 31
0.0
  0
LINE
  5
C53
330
8F9
100
AcDbEntity
  8
2Y
 62
     1
100
AcDbLine
 10
-40859.12318738337
 20
32095.45291870262
 30
0.0
 11
-40760.51544450569
 21
32285.20187644288
 31
0.0
  0
LINE
  5
C54
330
8F9
100
AcDbEntity
  8
2Y
 62
     1
100
AcDbLine
 10
-40760.51544450569
 20
32285.20187644288
 30
0.0
 11
-40760.51544450569
 21
33486.94528584846
 31
0.0
  0
LINE
  5
C55
330
8F9
100
AcDbEntity
  8
2Y
 62
     1
100
AcDbLine
 10
-40760.51544450569
 20
33486.94528584846
 30
0.0
 11
-40859.12318738337
 21
33664.04432969098
 31
0.0
  0
LINE
  5
C56
330
8F9
100
AcDbEntity
  8
2Y
 62
     1
100
AcDbLine
 10
-40859.12318738337
 20
33664.04432969098
 30
0.0
 11
-40859.12318738337
 21
34109.41190183687
 31
0.0
  0
LINE
  5
C57
330
8F9
100
AcDbEntity
  8
2Y
100
AcDbLine
 10
-40859.12318738337
 20
34109.41190183687
 30
0.0
 11
-39108.8636363649
 21
34109.41190183687
 31
0.0
  0
LINE
  5
C58
330
8F9
100
AcDbEntity
  8
2Y
100
AcDbLine
 10
-39108.8636363649
 20
34109.41190183687
 30
0.0
 11
-39108.8636363649
 21
32942.57220115827
 31
0.0
  0
LINE
  5
C59
330
8F9
100
AcDbEntity
  8
2Y
100
AcDbLine
 10
-39108.8636363649
 20
32942.57220115827
 30
0.0
 11
-25106.78722822268
 21
32942.57220115827
 31
0.0
  0
LINE
  5
C5A
330
8F9
100
AcDbEntity
  8
2Y
100
AcDbLine
 10
-25106.78722822268
 20
32942.57220115827
 30
0.0
 11
-25106.78722822268
 21
34109.41190183687
 31
0.0
  0
LINE
  5
C5B
330
8F9
100
AcDbEntity
  8
2Y
100
AcDbLine
 10
-25106.78722822268
 20
34109.41190183687
 30
0.0
 11
-23356.5276772042
 21
34109.41190183687
 31
0.0
  0
LINE
  5
C5C
330
8F9
100
AcDbEntity
  8
2Y
 62
     1
100
AcDbLine
 10
-23356.5276772042
 20
34109.41190183687
 30
0.0
 11
-23356.5276772042
 21
33120.44868893968
 31
0.0
  0
LINE
  5
C5D
330
8F9
100
AcDbEntity
  8
2Y
 62
     1
100
AcDbLine
 10
-23356.5276772042
 20
33120.44868893968
 30
0.0
 11
-23464.47629402086
 21
33000.97714488476
 31
0.0
  0
LINE
  5
C5E
330
8F9
100
AcDbEntity
  8
2Y
 62
     1
100
AcDbLine
 10
-23464.47629402086
 20
33000.97714488476
 30
0.0
 11
-23464.47629402086
 21
32343.88349677029
 31
0.0
  0
LINE
  5
C5F
330
8F9
100
AcDbEntity
  8
2Y
 62
     1
100
AcDbLine
 10
-23464.47629402086
 20
32343.88349677029
 30
0.0
 11
-23392.74496338304
 21
32260.25339100103
 31
0.0
  0
LINE
  5
C60
330
8F9
100
AcDbEntity
  8
2Y
 62
     1
100
AcDbLine
 10
-23392.74496338304
 20
32260.25339100103
 30
0.0
 11
-23392.74496338304
 21
31662.89557724039
 31
0.0
  0
LINE
  5
C61
330
8F9
100
AcDbEntity
  8
2Y
 62
     1
100
AcDbLine
 10
-23392.74496338304
 20
31662.89557724039
 30
0.0
 11
-23356.5276772042
 21
31555.37113773124
 31
0.0
  0
LINE
  5
C62
330
8F9
100
AcDbEntity
  8
2Y
 62
     1
100
AcDbLine
 10
-23356.5276772042
 20
31555.37113773124
 30
0.0
 11
-23356.5276772042
 21
31113.32633747312
 31
0.0
  0
LWPOLYLINE
  5
C63
330
8F9
100
AcDbEntity
  8
8G
 62
     2
100
AcDbPolyline
 90
        2
 70
     0
 10
-38378.6785569533
 20
31051.23184205341
 40
143.9453007857315
 41
0.0
 10
-38378.6785569533
 20
31411.09509401768
 40
0.0
 41
0.0
  0
LWPOLYLINE
  5
C64
330
8F9
100
AcDbEntity
  8
8G
 62
     2
100
AcDbPolyline
 90
        2
 70
     0
 10
-32755.3074915751
 20
32067.4424256495
 40
107.9589755892986
 41
0.0
 10
-33025.2049305483
 20
32067.4424256495
 40
0.0
 41
0.0
  0
LWPOLYLINE
  5
C65
330
8F9
100
AcDbEntity
  8
8G
 62
     2
100
AcDbPolyline
 90
        2
 70
     0
 10
-38987.6086070684
 20
30155.04148511044
 40
215.9179511785973
 41
0.0
 10
-39108.8636363649
 20
30681.04122667635
 40
0.0
 41
0.0
  0
LWPOLYLINE
  5
C66
330
8F9
100
AcDbEntity
  8
8G
 62
     2
100
AcDbPolyline
 90
        2
 70
     0
 10
-38745.92573574997
 20
33083.65300924546
 40
143.9453007857315
 41
0.0
 10
-38745.92573574997
 20
32723.78975728119
 40
0.0
 41
0.0
  0
LWPOLYLINE
  5
C67
330
8F9
100
AcDbEntity
  8
8G
 62
     2
100
AcDbPolyline
 90
        2
 70
     0
 10
-32171.88764123546
 20
32067.44242564953
 40
107.9589755892986
 41
0.0
 10
-32441.78508020911
 20
32067.44242564953
 40
0.0
 41
0.0
  0
LWPOLYLINE
  5
C68
330
8F9
100
AcDbEntity
  8
8G
 62
     2
100
AcDbPolyline
 90
        2
 70
     0
 10
-29738.85627242897
 20
32413.05572317378
 40
143.9453007857315
 41
0.0
 10
-29936.2466651506
 20
32112.15940718528
 40
0.0
 41
0.0
  0
LWPOLYLINE
  5
C69
330
8F9
100
AcDbEntity
  8
8G
 62
     2
100
AcDbPolyline
 90
        2
 70
     0
 10
-30182.53992618035
 20
32274.15796689966
 40
143.9453007857315
 41
0.0
 10
-30182.53992618035
 20
31914.29471493539
 40
0.0
 41
0.0
  0
LWPOLYLINE
  5
C6A
330
8F9
100
AcDbEntity
  8
8G
 62
     2
100
AcDbPolyline
 90
        2
 70
     0
 10
-29476.15564442866
 20
31873.8500810031
 40
143.9453007857315
 41
0.0
 10
-29476.15564442866
 20
32233.71333296737
 40
0.0
 41
0.0
  0
LWPOLYLINE
  5
C6B
330
8F9
100
AcDbEntity
  8
8G
 62
     2
100
AcDbPolyline
 90
        2
 70
     0
 10
-29476.15564442866
 20
32290.99902402424
 40
143.9453007857315
 41
0.0
 10
-29476.15564442866
 20
32650.86227598868
 40
0.0
 41
0.0
  0
LWPOLYLINE
  5
C6C
330
8F9
100
AcDbEntity
  8
8G
 62
     2
100
AcDbPolyline
 90
        2
 70
     0
 10
-30982.99557979379
 20
32427.30567761377
 40
143.9453007857315
 41
0.0
 10
-30982.99557979379
 20
32067.4424256495
 40
0.0
 41
0.0
  0
LWPOLYLINE
  5
C6D
330
8F9
100
AcDbEntity
  8
8G
 62
     2
100
AcDbPolyline
 90
        2
 70
     0
 10
-25286.71885420449
 20
33575.31712972664
 40
143.9453007857315
 41
0.0
 10
-25106.78722822268
 20
33263.66641163704
 40
0.0
 41
0.0
  0
LINE
  5
C6E
330
8F9
100
AcDbEntity
  8
2Y
 62
     1
100
AcDbLine
 10
-13787.09879125023
 20
32622.39991775609
 30
0.0
 11
-13750.32894440714
 21
32649.30856632756
 31
0.0
  0
LWPOLYLINE
  5
C6F
330
8F9
100
AcDbEntity
  8
8G
 62
     2
100
AcDbPolyline
 90
        2
 70
     0
 10
-12369.95579955794
 20
31464.42842735097
 40
107.9589755892986
 41
0.0
 10
-12639.85323853112
 20
31464.42842735097
 40
0.0
 41
0.0
  0
LWPOLYLINE
  5
C70
330
8F9
100
AcDbEntity
  8
4C
100
AcDbPolyline
 90
        2
 70
     1
 43
26.66666666666666
 10
-12653.18657186415
 20
32670.45642394782
 42
1.0
 10
-12626.51990519764
 20
32670.45642394782
 42
1.0
  0
LWPOLYLINE
  5
C71
330
8F9
100
AcDbEntity
  8
4C
100
AcDbPolyline
 90
        2
 70
     1
 43
26.66666666666666
 10
-12003.91175893994
 20
32670.45642394782
 42
-1.0
 10
-12030.57842560645
 20
32670.45642394782
 42
-1.0
  0
LWPOLYLINE
  5
C72
330
8F9
100
AcDbEntity
  8
4C
100
AcDbPolyline
 90
        2
 70
     1
 43
26.66666666666666
 10
-12653.18657186415
 20
31464.42842735094
 42
-1.0
 10
-12626.51990519764
 20
31464.42842735094
 42
-1.0
  0
LWPOLYLINE
  5
C73
330
8F9
100
AcDbEntity
  8
4C
100
AcDbPolyline
 90
        2
 70
     1
 43
26.66666666666666
 10
-12003.91175893994
 20
31464.42842735094
 42
1.0
 10
-12030.57842560645
 20
31464.42842735094
 42
1.0
  0
ARC
  5
C74
330
8F9
100
AcDbEntity
  8
3G
  6
LEOJ
 62
     3
 48
0.5
100
AcDbCircle
 10
-12639.85323853112
 20
32670.45642394782
 30
0.0
 40
53.33333333333333
100
AcDbArc
 50
90.0
 51
180.0
  0
ARC
  5
C75
330
8F9
100
AcDbEntity
  8
3G
  6
LEOJ
 62
     3
 48
0.5
100
AcDbCircle
 10
-12017.24509227342
 20
32670.45642394782
 30
0.0
 40
53.33333333333333
100
AcDbArc
 50
0.0
 51
90.0
  0
ARC
  5
C76
330
8F9
100
AcDbEntity
  8
3G
  6
LEOJ
 62
     3
 48
0.5
100
AcDbCircle
 10
-12639.85323853112
 20
31464.42842735106
 30
0.0
 40
53.33333333333333
100
AcDbArc
 50
180.0
 51
270.0
  0
ARC
  5
C77
330
8F9
100
AcDbEntity
  8
3G
  6
LEOJ
 62
     3
 48
0.5
100
AcDbCircle
 10
-12017.24509227342
 20
31464.42842735106
 30
0.0
 40
53.33333333333333
100
AcDbArc
 50
270.0
 51
0.0
  0
LINE
  5
C78
330
8F9
100
AcDbEntity
  8
2Y
 62
     1
100
AcDbLine
 10
3288.858231093065
 20
10786.42266684215
 30
0.0
 11
3241.892209044454
 21
10738.16456162792
 31
0.0
  0
LINE
  5
C79
330
8F9
100
AcDbEntity
  8
2Y
 62
     1
100
AcDbLine
 10
3241.892209044454
 20
10738.16456162792
 30
0.0
 11
3241.892209044454
 21
10548.35134681364
 31
0.0
  0
LINE
  5
C7A
330
8F9
100
AcDbEntity
  8
2Y
 62
     2
100
AcDbLine
 10
3241.892209044454
 20
10548.35134681364
 30
0.0
 11
6313.436516255868
 21
10548.35134681364
 31
0.0
  0
LINE
  5
C7B
330
8F9
100
AcDbEntity
  8
2Y
 62
     2
100
AcDbLine
 10
6263.171525061393
 20
11116.05961767063
 30
0.0
 11
6263.171525061393
 21
11316.05961767063
 31
0.0
  0
LINE
  5
C7C
330
8F9
100
AcDbEntity
  8
2Y
 62
     2
100
AcDbLine
 10
6263.171525061393
 20
11316.05961767063
 30
0.0
 11
3241.892209044454
 21
11316.05961767063
 31
0.0
  0
LINE
  5
C7D
330
8F9
100
AcDbEntity
  8
2Y
 62
     1
100
AcDbLine
 10
3241.892209044454
 20
11316.05961767063
 30
0.0
 11
3241.892209044454
 21
11116.99045408043
 31
0.0
  0
LINE
  5
C7E
330
8F9
100
AcDbEntity
  8
2Y
 62
     1
100
AcDbLine
 10
3241.892209044454
 20
11116.99045408043
 30
0.0
 11
3288.858231093065
 21
11054.25495203424
 31
0.0
  0
LINE
  5
C7F
330
8F9
100
AcDbEntity
  8
2Y
 62
     1
100
AcDbLine
 10
3288.858231093065
 20
11054.25495203424
 30
0.0
 11
3288.858231093065
 21
10786.42266684215
 31
0.0
  0
DIMENSION
  5
C80
330
8F9
100
AcDbEntity
  8
DIM
100
AcDbDimension
280
     0
  2
*D47
 10
2245.846690488368
 20
10548.35134681362
 30
0.0
 11
2245.84669048831
 21
10932.20548224206
 31
0.0
 12
-237352.661668502
 22
49412.07875907037
 32
0.0
 70
   128
  1
"t"\PSLAB
 71
     5
 42
767.7082708569941
 73
     0
 74
     0
 75
     0
  3
DIM150
100
AcDbAlignedDimension
 13
3241.892209044454
 23
11316.05961767063
 33
0.0
 14
3241.892209044454
 24
10548.35134681364
 34
0.0
 50
90.0
100
AcDbRotatedDimension
  0
LWPOLYLINE
  5
C81
330
8F9
100
AcDbEntity
  8
8G
 62
     2
100
AcDbPolyline
 90
        2
 70
     0
 10
6937.811342593544
 20
8726.754525062133
 40
143.9453007857315
 41
0.0
 10
6937.811342593544
 20
9086.617777026404
 40
0.0
 41
0.0
  0
LWPOLYLINE
  5
C82
330
8F9
100
AcDbEntity
  8
8G
 62
     2
100
AcDbPolyline
 90
        2
 70
     0
 10
5386.505053920934
 20
9490.911516025574
 40
143.9453007857315
 41
0.0
 10
5386.505053920934
 20
9850.774767990021
 40
0.0
 41
0.0
  0
LWPOLYLINE
  5
C83
330
8F9
100
AcDbEntity
  8
8G
 62
     2
100
AcDbPolyline
 90
        2
 70
     0
 10
6572.18793196397
 20
10595.72848369545
 40
143.9453007857315
 41
0.0
 10
6317.726186200307
 20
10850.19022945923
 40
0.0
 41
0.0
  0
LWPOLYLINE
  5
C84
330
8F9
100
AcDbEntity
  8
8G
 62
     2
100
AcDbPolyline
 90
        2
 70
     0
 10
5862.604989448824
 20
10142.33532998696
 40
143.9453007857315
 41
0.0
 10
5862.604989448824
 20
10502.19858195123
 40
0.0
 41
0.0
  0
LWPOLYLINE
  5
C85
330
8F9
100
AcDbEntity
  8
8G
 62
     2
100
AcDbPolyline
 90
        2
 70
     0
 10
6449.772681890784
 20
11653.26246009837
 40
143.9453007857315
 41
0.0
 10
6324.091326181573
 20
11316.05961767063
 40
0.0
 41
0.0
  0
LWPOLYLINE
  5
C86
330
8F9
100
AcDbEntity
  8
8G
 62
     2
100
AcDbPolyline
 90
        2
 70
     0
 10
7655.013935203927
 20
11276.71456878973
 40
143.9453007857315
 41
0.0
 10
7655.013935203927
 20
10916.85131682528
 40
0.0
 41
0.0
  0
LWPOLYLINE
  5
C87
330
8F9
100
AcDbEntity
  8
4C
100
AcDbPolyline
 90
        2
 70
     1
 43
26.66666666666666
 10
6922.023544455209
 20
10970.18465015865
 42
1.0
 10
6948.690211121721
 20
10970.18465015865
 42
1.0
  0
LINE
  5
C88
330
8F9
100
AcDbEntity
  8
2Y
 62
     1
100
AcDbLine
 10
9383.558375900408
 20
10548.35134681364
 30
0.0
 11
9383.558375900408
 21
10732.24199896774
 31
0.0
  0
LINE
  5
C89
330
8F9
100
AcDbEntity
  8
2Y
 62
     1
100
AcDbLine
 10
9383.558375900408
 20
10732.24199896774
 30
0.0
 11
9329.609811537695
 21
10804.75444332641
 31
0.0
  0
LINE
  5
C8A
330
8F9
100
AcDbEntity
  8
2Y
 62
     1
100
AcDbLine
 10
9329.609811537695
 20
10804.75444332641
 30
0.0
 11
9329.609811537695
 21
11044.60331555529
 31
0.0
  0
LINE
  5
C8B
330
8F9
100
AcDbEntity
  8
2Y
 62
     1
100
AcDbLine
 10
9329.609811537695
 20
11044.60331555529
 30
0.0
 11
9383.558375900408
 21
11089.22635526888
 31
0.0
  0
LINE
  5
C8C
330
8F9
100
AcDbEntity
  8
2Y
 62
     1
100
AcDbLine
 10
9383.558375900408
 20
11089.22635526888
 30
0.0
 11
9383.558375900408
 21
11316.05961767063
 31
0.0
  0
LINE
  5
C8D
330
8F9
100
AcDbEntity
  8
2Y
 62
     2
100
AcDbLine
 10
9383.558375900408
 20
11316.05961767063
 30
0.0
 11
6355.296517566574
 21
11316.05961767063
 31
0.0
  0
LINE
  5
C8E
330
8F9
100
AcDbEntity
  8
2Y
 62
     2
100
AcDbLine
 10
6355.296517566574
 20
11316.05961767063
 30
0.0
 11
6355.296517566574
 21
11116.05961767063
 31
0.0
  0
LINE
  5
C8F
330
8F9
100
AcDbEntity
  8
2Y
 62
     2
100
AcDbLine
 10
6313.436516255868
 20
10548.35134681364
 30
0.0
 11
9383.558375900408
 21
10548.35134681364
 31
0.0
  0
LWPOLYLINE
  5
C90
330
8F9
100
AcDbEntity
  8
4C
100
AcDbPolyline
 90
        2
 70
     1
 43
26.66666666666666
 10
8255.356877788232
 20
10970.18465015865
 42
1.0
 10
8282.02354445521
 20
10970.18465015865
 42
1.0
  0
LWPOLYLINE
  5
C91
330
8F9
100
AcDbEntity
  8
4C
100
AcDbPolyline
 90
        2
 70
     1
 43
26.66666666666666
 10
5696.444498172757
 20
10970.18465015865
 42
-1.0
 10
5669.777831506246
 20
10970.18465015865
 42
-1.0
  0
LWPOLYLINE
  5
C92
330
8F9
100
AcDbEntity
  8
4C
100
AcDbPolyline
 90
        2
 70
     1
 43
26.66666666666666
 10
4363.111164839734
 20
10970.18465015865
 42
-1.0
 10
4336.444498172757
 20
10970.18465015865
 42
-1.0
  0
TEXT
  5
C93
330
8F9
100
AcDbEntity
  8
TG
100
AcDbText
 10
-12148.63554231424
 20
5600.750039893522
 30
0.0
 40
375.0
  1
MOISTURE CONTENT (MAX.
 41
0.9
  7
100CL
100
AcDbText
  0
TEXT
  5
C94
330
8F9
100
AcDbEntity
  8
TG
100
AcDbText
 10
-12148.63554231424
 20
5018.114298618602
 30
0.0
 40
375.0
  1
DEPTH OF COMPRESSED
 41
0.9
  7
100CL
100
AcDbText
  0
TEXT
  5
C95
330
8F9
100
AcDbEntity
  8
TG
100
AcDbText
 10
-12148.63554231424
 20
7348.657263720729
 30
0.0
 40
375.0
  1
SUBGRADE COMPACTED 
 41
0.9
  7
100CL
100
AcDbText
  0
TEXT
  5
C96
330
8F9
100
AcDbEntity
  8
TG
100
AcDbText
 10
-12148.63554231424
 20
6766.021522444411
 30
0.0
 40
375.0
  1
TO 95% OF MAXIMUM
 41
0.9
  7
100CL
100
AcDbText
  0
TEXT
  5
C97
330
8F9
100
AcDbEntity
  8
TG
100
AcDbText
 10
-12148.63554231424
 20
6183.385781169665
 30
0.0
 40
375.0
  1
DRY DENSITY @ OPTIMUM
 41
0.9
  7
100CL
100
AcDbText
  0
TEXT
  5
C98
330
8F9
100
AcDbEntity
  8
TG
100
AcDbText
 10
-12148.63554231424
 20
4435.478557342459
 30
0.0
 40
375.0
  1
FILL = (200mm PER LAYER).
 41
0.9
  7
100CL
100
AcDbText
  0
CIRCLE
  5
C99
330
8F9
100
AcDbEntity
  8
SHE
 62
     8
100
AcDbCircle
 10
-10946.90748826947
 20
9848.457176840545
 30
0.0
 40
118.6426658793824
  0
CIRCLE
  5
C9A
330
8F9
100
AcDbEntity
  8
SHE
 62
     8
100
AcDbCircle
 10
-13509.6019777625
 20
9950.081158347574
 30
0.0
 40
106.2245117808121
  0
CIRCLE
  5
C9B
330
8F9
100
AcDbEntity
  8
SHE
 62
     8
100
AcDbCircle
 10
-13822.63642446624
 20
9822.092165705662
 30
0.0
 40
131.9141679467713
  0
CIRCLE
  5
C9C
330
8F9
100
AcDbEntity
  8
SHE
 62
     8
100
AcDbCircle
 10
-14273.86669109503
 20
10019.41146655558
 30
0.0
 40
118.6426658793837
  0
CIRCLE
  5
C9D
330
8F9
100
AcDbEntity
  8
SHE
 62
     8
100
AcDbCircle
 10
-14036.42112820848
 20
9947.012236864104
 30
0.0
 40
105.5313557741664
  0
CIRCLE
  5
C9E
330
8F9
100
AcDbEntity
  8
SHE
 62
     8
100
AcDbCircle
 10
-12904.2625087036
 20
9838.971351059997
 30
0.0
 40
171.5960345820622
  0
CIRCLE
  5
C9F
330
8F9
100
AcDbEntity
  8
SHE
 62
     8
100
AcDbCircle
 10
-13114.27823567271
 20
9950.081158347574
 30
0.0
 40
106.2477855481398
  0
CIRCLE
  5
CA0
330
8F9
100
AcDbEntity
  8
SHE
 62
     8
100
AcDbCircle
 10
-13349.00171365749
 20
10061.19096563515
 30
0.0
 40
150.7647186590467
  0
CIRCLE
  5
CA1
330
8F9
100
AcDbEntity
  8
SHE
 62
     8
100
AcDbCircle
 10
-16658.79111563621
 20
9861.639720998967
 30
0.0
 40
118.7227350895321
  0
CIRCLE
  5
CA2
330
8F9
100
AcDbEntity
  8
SHE
 62
     8
100
AcDbCircle
 10
-16935.81088438697
 20
9940.73483158488
 30
0.0
 40
65.95711074432237
  0
CIRCLE
  5
CA3
330
8F9
100
AcDbEntity
  8
SHE
 62
     8
100
AcDbCircle
 10
-16790.70528358288
 20
10019.82994217149
 30
0.0
 40
92.33992291692723
  0
CIRCLE
  5
CA4
330
8F9
100
AcDbEntity
  8
SHE
 62
     8
100
AcDbCircle
 10
-14769.69637875046
 20
9950.081158347574
 30
0.0
 40
149.2550838611115
  0
CIRCLE
  5
CA5
330
8F9
100
AcDbEntity
  8
SHE
 62
     8
100
AcDbCircle
 10
-14955.00439387161
 20
9801.934739221383
 30
0.0
 40
133.5997691260133
  0
CIRCLE
  5
CA6
330
8F9
100
AcDbEntity
  8
SHE
 62
     8
100
AcDbCircle
 10
-14536.01987312382
 20
9842.389054249652
 30
0.0
 40
145.0077156052234
  0
LINE
  5
CA7
330
8F9
100
AcDbEntity
  8
8G
100
AcDbLine
 10
-13295.34453477684
 20
7535.181521805615
 30
0.0
 11
-12202.96079173798
 21
7535.181521805615
 31
0.0
  0
CIRCLE
  5
CA8
330
8F9
100
AcDbEntity
  8
SHE
 62
     8
100
AcDbCircle
 10
-14967.35826937968
 20
9493.296401328086
 30
0.0
 40
78.12746292846765
  0
CIRCLE
  5
CA9
330
8F9
100
AcDbEntity
  8
SHE
 62
     8
100
AcDbCircle
 10
-15090.89690696096
 20
9666.133876193926
 30
0.0
 40
89.06649623823339
  0
CIRCLE
  5
CAA
330
8F9
100
AcDbEntity
  8
SHE
 62
     8
100
AcDbCircle
 10
-16302.62285682579
 20
9479.346635043883
 30
0.0
 40
92.33992291692723
  0
CIRCLE
  5
CAB
330
8F9
100
AcDbEntity
  8
SHE
 62
     8
100
AcDbCircle
 10
-16922.61945152908
 20
9518.894190337071
 30
0.0
 40
105.5313557741664
  0
CIRCLE
  5
CAC
330
8F9
100
AcDbEntity
  8
SHE
 62
     8
100
AcDbCircle
 10
-16935.81088438697
 20
9716.632005393883
 30
0.0
 40
79.14849005968811
  0
CIRCLE
  5
CAD
330
8F9
100
AcDbEntity
  8
SHE
 62
     8
100
AcDbCircle
 10
-16635.1302879655
 20
9567.369596776583
 30
0.0
 40
66.52142058491122
  0
CIRCLE
  5
CAE
330
8F9
100
AcDbEntity
  8
SHE
 62
     8
100
AcDbCircle
 10
-16499.23773571124
 20
9493.296401328086
 30
0.0
 40
101.8685501441306
  0
CIRCLE
  5
CAF
330
8F9
100
AcDbEntity
  8
SHE
 62
     8
100
AcDbCircle
 10
-16771.02280105484
 20
9493.296401328086
 30
0.0
 40
101.8685501441293
  0
CIRCLE
  5
CB0
330
8F9
100
AcDbEntity
  8
SHE
 62
     8
100
AcDbCircle
 10
-16843.47096146989
 20
9822.092165705662
 30
0.0
 40
52.73009945167927
  0
CIRCLE
  5
CB1
330
8F9
100
AcDbEntity
  8
SHE
 62
     8
100
AcDbCircle
 10
-16751.13103855282
 20
9663.901905942156
 30
0.0
 40
65.95711074432237
  0
CIRCLE
  5
CB2
330
8F9
100
AcDbEntity
  8
SHE
 62
     8
100
AcDbCircle
 10
-16949.00231724439
 20
9848.457176840545
 30
0.0
 40
39.57429857171817
  0
CIRCLE
  5
CB3
330
8F9
100
AcDbEntity
  8
SHE
 62
     8
100
AcDbCircle
 10
-16078.36876596205
 20
9505.711684769748
 30
0.0
 40
79.14849005968811
  0
CIRCLE
  5
CB4
330
8F9
100
AcDbEntity
  8
SHE
 62
     8
100
AcDbCircle
 10
-15165.02012084072
 20
9493.296401328086
 30
0.0
 40
87.35383775631978
  0
CIRCLE
  5
CB5
330
8F9
100
AcDbEntity
  8
SHE
 62
     8
100
AcDbCircle
 10
-15478.26398061469
 20
9579.157148380328
 30
0.0
 40
184.6798458338545
  0
CIRCLE
  5
CB6
330
8F9
100
AcDbEntity
  8
SHE
 62
     8
100
AcDbCircle
 10
-15761.77475218169
 20
9492.529140611209
 30
0.0
 40
118.7227350895321
  0
CIRCLE
  5
CB7
330
8F9
100
AcDbEntity
  8
SHE
 62
     8
100
AcDbCircle
 10
-15867.30610795619
 20
9584.806795355545
 30
0.0
 40
79.14854360156292
  0
CIRCLE
  5
CB8
330
8F9
100
AcDbEntity
  8
SHE
 62
     8
100
AcDbCircle
 10
-15946.45459801584
 20
9439.799079750461
 30
0.0
 40
79.14849005968811
  0
LINE
  5
CB9
330
8F9
100
AcDbEntity
  8
8G
100
AcDbLine
 10
-13295.34453477684
 20
9105.524888492917
 30
0.0
 11
-13295.34453477684
 21
7535.181521805615
 31
0.0
  0
CIRCLE
  5
CBA
330
8F9
100
AcDbEntity
  8
SHE
 62
     8
100
AcDbCircle
 10
-13624.76514577513
 20
9729.814510960627
 30
0.0
 40
118.6426658793837
  0
CIRCLE
  5
CBB
330
8F9
100
AcDbEntity
  8
SHE
 62
     8
100
AcDbCircle
 10
-13849.01923663841
 20
9518.894190337071
 30
0.0
 40
145.1055472621357
  0
CIRCLE
  5
CBC
330
8F9
100
AcDbEntity
  8
SHE
 62
     8
100
AcDbCircle
 10
-14218.37892830625
 20
9624.35435064885
 30
0.0
 40
224.2540908636986
  0
CIRCLE
  5
CBD
330
8F9
100
AcDbEntity
  8
SHE
 62
     8
100
AcDbCircle
 10
-14753.78296117365
 20
9629.167019926855
 30
0.0
 40
131.9141679467713
  0
CIRCLE
  5
CBE
330
8F9
100
AcDbEntity
  8
SHE
 62
     8
100
AcDbCircle
 10
-14930.29664285594
 20
9629.097264355543
 30
0.0
 40
61.75432370046273
  0
CIRCLE
  5
CBF
330
8F9
100
AcDbEntity
  8
SHE
 62
     8
100
AcDbCircle
 10
-14521.78150923198
 20
9545.259240062238
 30
0.0
 40
92.27765474480671
  0
CIRCLE
  5
CC0
330
8F9
100
AcDbEntity
  8
SHE
 62
     8
100
AcDbCircle
 10
-12706.60061807438
 20
9542.678541036819
 30
0.0
 40
132.9778730432376
  0
CIRCLE
  5
CC1
330
8F9
100
AcDbEntity
  8
SHE
 62
     8
100
AcDbCircle
 10
-12529.87755717217
 20
9558.441745629796
 30
0.0
 40
92.33992291692723
  0
CIRCLE
  5
CC2
330
8F9
100
AcDbEntity
  8
SHE
 62
     8
100
AcDbCircle
 10
-12669.53903071556
 20
9740.207071642421
 30
0.0
 40
125.9819546042367
  0
CIRCLE
  5
CC3
330
8F9
100
AcDbEntity
  8
SHE
 62
     8
100
AcDbCircle
 10
-13440.08529994098
 20
9597.989300922986
 30
0.0
 40
92.33992291692723
  0
CIRCLE
  5
CC4
330
8F9
100
AcDbEntity
  8
SHE
 62
     8
100
AcDbCircle
 10
-13447.8326393908
 20
9789.589211351151
 30
0.0
 40
89.06652883260802
  0
CIRCLE
  5
CC5
330
8F9
100
AcDbEntity
  8
SHE
 62
     8
100
AcDbCircle
 10
-13598.38233360296
 20
9518.894190337071
 30
0.0
 40
52.73006086041528
  0
CIRCLE
  5
CC6
330
8F9
100
AcDbEntity
  8
SHE
 62
     8
100
AcDbCircle
 10
-13400.51105491139
 20
9452.981585318019
 30
0.0
 40
39.57424502984406
  0
CIRCLE
  5
CC7
330
8F9
100
AcDbEntity
  8
SHE
 62
     8
100
AcDbCircle
 10
-13250.17074876206
 20
9752.552627741854
 30
0.0
 40
127.1706273331716
  0
CIRCLE
  5
CC8
330
8F9
100
AcDbEntity
  8
SHE
 62
     8
100
AcDbCircle
 10
-12966.03180791039
 20
9555.02406890705
 30
0.0
 40
127.1706136309328
  0
CIRCLE
  5
CC9
330
8F9
100
AcDbEntity
  8
SHE
 62
     8
100
AcDbCircle
 10
-13149.87415187593
 20
9452.981585318019
 30
0.0
 40
118.7227886314056
  0
CIRCLE
  5
CCA
330
8F9
100
AcDbEntity
  8
SHE
 62
     8
100
AcDbCircle
 10
-11184.35295844797
 20
9479.346635043883
 30
0.0
 40
92.33992291692723
  0
CIRCLE
  5
CCB
330
8F9
100
AcDbEntity
  8
SHE
 62
     8
100
AcDbCircle
 10
-11144.77871341837
 20
9716.632005393883
 30
0.0
 40
79.09514917751891
  0
CIRCLE
  5
CCC
330
8F9
100
AcDbEntity
  8
SHE
 62
     8
100
AcDbCircle
 10
-11861.30300340868
 20
9831.298990054783
 30
0.0
 40
79.14849005968811
  0
CIRCLE
  5
CCD
330
8F9
100
AcDbEntity
  8
SHE
 62
     8
100
AcDbCircle
 10
-11594.7526056843
 20
9517.987457067736
 30
0.0
 40
101.8685433018911
  0
CIRCLE
  5
CCE
330
8F9
100
AcDbEntity
  8
SHE
 62
     8
100
AcDbCircle
 10
-11698.81825091989
 20
9518.894190337071
 30
0.0
 40
65.91260501896709
  0
CIRCLE
  5
CCF
330
8F9
100
AcDbEntity
  8
SHE
 62
     8
100
AcDbCircle
 10
-11755.98107486471
 20
9671.853276978161
 30
0.0
 40
79.09514917751891
  0
CIRCLE
  5
CD0
330
8F9
100
AcDbEntity
  8
SHE
 62
     8
100
AcDbCircle
 10
-11870.30666389616
 20
9466.164129476325
 30
0.0
 40
79.14849005968811
  0
CIRCLE
  5
CD1
330
8F9
100
AcDbEntity
  8
SHE
 62
     8
100
AcDbCircle
 10
-12345.19771133849
 20
9466.164129476325
 30
0.0
 40
79.14854360156292
  0
CIRCLE
  5
CD2
330
8F9
100
AcDbEntity
  8
SHE
 62
     8
100
AcDbCircle
 10
-12345.19771133849
 20
9663.901905942156
 30
0.0
 40
65.95711074432376
  0
CIRCLE
  5
CD3
330
8F9
100
AcDbEntity
  8
SHE
 62
     8
100
AcDbCircle
 10
-12068.17794258773
 20
9637.536856216293
 30
0.0
 40
171.4884129766153
  0
CIRCLE
  5
CD4
330
8F9
100
AcDbEntity
  8
SHE
 62
     8
100
AcDbCircle
 10
-11397.09075422
 20
9505.641929198318
 30
0.0
 40
105.5427412895876
  0
CIRCLE
  5
CD5
330
8F9
100
AcDbEntity
  8
SHE
 62
     8
100
AcDbCircle
 10
-10894.14181038245
 20
9677.084411509596
 30
0.0
 40
52.73006086041528
  0
CIRCLE
  5
CD6
330
8F9
100
AcDbEntity
  8
SHE
 62
     8
100
AcDbCircle
 10
-11039.24741118701
 20
9611.171845081408
 30
0.0
 40
79.14854360156152
  0
CIRCLE
  5
CD7
330
8F9
100
AcDbEntity
  8
SHE
 62
     8
100
AcDbCircle
 10
-10946.90748826947
 20
9505.711684769748
 30
0.0
 40
52.76567788708323
  0
LINE
  5
CD8
330
8F9
100
AcDbEntity
  8
8G
100
AcDbLine
 10
-16042.61777588559
 20
13093.43318665904
 30
0.0
 11
-15360.5308069789
 21
13093.43318665904
 31
0.0
  0
CIRCLE
  5
CD9
330
8F9
100
AcDbEntity
  8
SHE
 62
     8
100
AcDbCircle
 10
-12529.87755717217
 20
10388.94052255925
 30
0.0
 40
118.6427044706464
  0
LINE
  5
CDA
330
8F9
100
AcDbEntity
  8
6M
 62
     6
100
AcDbLine
 10
-16944.29764627732
 20
10916.85131682528
 30
0.0
 11
-10903.54606583316
 21
10916.85131682528
 31
0.0
  0
LINE
  5
CDB
330
8F9
100
AcDbEntity
  8
3G
  6
HID
 62
     4
 48
2.0
100
AcDbLine
 10
-17083.38866083111
 20
10502.19858195123
 30
0.0
 11
-10849.59750146998
 21
10502.19858195123
 31
0.0
  0
CIRCLE
  5
CDC
330
8F9
100
AcDbEntity
  8
SHE
 62
     8
100
AcDbCircle
 10
-16579.64262557655
 20
10151.65515220913
 30
0.0
 40
92.33992291692723
  0
CIRCLE
  5
CDD
330
8F9
100
AcDbEntity
  8
SHE
 62
     8
100
AcDbCircle
 10
-16540.06838054696
 20
10349.39292867496
 30
0.0
 40
118.7227886314056
  0
CIRCLE
  5
CDE
330
8F9
100
AcDbEntity
  8
SHE
 62
     8
100
AcDbCircle
 10
-16592.83400489131
 20
10006.64743660405
 30
0.0
 40
52.76562434520975
  0
CIRCLE
  5
CDF
330
8F9
100
AcDbEntity
  8
SHE
 62
     8
100
AcDbCircle
 10
-16830.27952861247
 20
10283.48036224747
 30
0.0
 40
171.4884129766153
  0
CIRCLE
  5
CE0
330
8F9
100
AcDbEntity
  8
SHE
 62
     8
100
AcDbCircle
 10
-15188.89035604868
 20
10377.64123037181
 30
0.0
 40
65.91260501896709
  0
CIRCLE
  5
CE1
330
8F9
100
AcDbEntity
  8
SHE
 62
     8
100
AcDbCircle
 10
-15589.65820908334
 20
10263.60193719403
 30
0.0
 40
105.4601603120945
  0
CIRCLE
  5
CE2
330
8F9
100
AcDbEntity
  8
SHE
 62
     8
100
AcDbCircle
 10
-15511.13779560357
 20
10454.85308898732
 30
0.0
 40
65.95705720244757
  0
CIRCLE
  5
CE3
330
8F9
100
AcDbEntity
  8
SHE
 62
     8
100
AcDbCircle
 10
-15829.1975557103
 20
10361.94771453007
 30
0.0
 40
118.7227350895308
  0
CIRCLE
  5
CE4
330
8F9
100
AcDbEntity
  8
SHE
 62
     8
100
AcDbCircle
 10
-15366.03224834214
 20
10323.02791754078
 30
0.0
 40
79.14854360156152
  0
LINE
  5
CE5
330
8F9
100
AcDbEntity
  8
8G
100
AcDbLine
 10
-17018.76327818419
 20
11316.05961767063
 30
0.0
 11
-16042.61777588559
 21
13093.43318665904
 31
0.0
  0
CIRCLE
  5
CE6
330
8F9
100
AcDbEntity
  8
SHE
 62
     8
100
AcDbCircle
 10
-13670.20224186798
 20
10394.52041572603
 30
0.0
 40
113.8645223728319
  0
CIRCLE
  5
CE7
330
8F9
100
AcDbEntity
  8
SHE
 62
     8
100
AcDbCircle
 10
-13694.90995371874
 20
10234.0284687303
 30
0.0
 40
78.12742577036911
  0
CIRCLE
  5
CE8
330
8F9
100
AcDbEntity
  8
SHE
 62
     8
100
AcDbCircle
 10
-13744.32545575054
 20
10061.19096563515
 30
0.0
 40
99.58354638894594
  0
CIRCLE
  5
CE9
330
8F9
100
AcDbEntity
  8
SHE
 62
     8
100
AcDbCircle
 10
-13892.57184434469
 20
10292.6572301508
 30
0.0
 40
106.2477855481398
  0
CIRCLE
  5
CEA
330
8F9
100
AcDbEntity
  8
SHE
 62
     8
100
AcDbCircle
 10
-13892.57184434469
 20
10073.536521734
 30
0.0
 40
61.75434063066195
  0
CIRCLE
  5
CEB
330
8F9
100
AcDbEntity
  8
SHE
 62
     8
100
AcDbCircle
 10
-14003.75664558608
 20
10147.60971718238
 30
0.0
 40
72.02195345581443
  0
CIRCLE
  5
CEC
330
8F9
100
AcDbEntity
  8
SHE
 62
     8
100
AcDbCircle
 10
-14028.46435743451
 20
10382.17485962718
 30
0.0
 40
96.46009524481712
  0
CIRCLE
  5
CED
330
8F9
100
AcDbEntity
  8
SHE
 62
     8
100
AcDbCircle
 10
-14103.21574276007
 20
10147.67949922001
 30
0.0
 40
65.91260501896709
  0
CIRCLE
  5
CEE
330
8F9
100
AcDbEntity
  8
SHE
 62
     8
100
AcDbCircle
 10
-14559.68065178135
 20
10196.99185689111
 30
0.0
 40
72.02195345581374
  0
CIRCLE
  5
CEF
330
8F9
100
AcDbEntity
  8
SHE
 62
     8
100
AcDbCircle
 10
-14633.80386566111
 20
10085.88204960353
 30
0.0
 40
89.93295623267819
  0
CIRCLE
  5
CF0
330
8F9
100
AcDbEntity
  8
SHE
 62
     8
100
AcDbCircle
 10
-14534.97290076568
 20
10382.17485962718
 30
0.0
 40
150.7646865663517
  0
CIRCLE
  5
CF1
330
8F9
100
AcDbEntity
  8
SHE
 62
     8
100
AcDbCircle
 10
-14448.49585054043
 20
10085.88204960353
 30
0.0
 40
87.32557533613546
  0
CIRCLE
  5
CF2
330
8F9
100
AcDbEntity
  8
SHE
 62
     8
100
AcDbCircle
 10
-13472.54035123877
 20
10295.75613630857
 30
0.0
 40
79.0708094996086
  0
CIRCLE
  5
CF3
330
8F9
100
AcDbEntity
  8
SHE
 62
     8
100
AcDbCircle
 10
-13608.43290349349
 20
10110.57310534388
 30
0.0
 40
72.02193893922324
  0
CIRCLE
  5
CF4
330
8F9
100
AcDbEntity
  8
SHE
 62
     8
100
AcDbCircle
 10
-12980.68898903552
 20
10422.62914642624
 30
0.0
 40
52.76567788708323
  0
CIRCLE
  5
CF5
330
8F9
100
AcDbEntity
  8
SHE
 62
     8
100
AcDbCircle
 10
-12674.9831044336
 20
10257.1153125216
 30
0.0
 40
79.09511058625492
  0
CIRCLE
  5
CF6
330
8F9
100
AcDbEntity
  8
SHE
 62
     8
100
AcDbCircle
 10
-12820.08870523769
 20
10388.94052255925
 30
0.0
 40
92.33992291692723
  0
CIRCLE
  5
CF7
330
8F9
100
AcDbEntity
  8
SHE
 62
     8
100
AcDbCircle
 10
-13350.676830298
 20
10406.72644118269
 30
0.0
 40
92.33992291692723
  0
CIRCLE
  5
CF8
330
8F9
100
AcDbEntity
  8
SHE
 62
     8
100
AcDbCircle
 10
-13158.45907030601
 20
10440.83360572267
 30
0.0
 40
65.95711074432237
  0
TEXT
  5
CF9
330
8F9
100
AcDbEntity
  8
TG
100
AcDbText
 10
-12929.10457914715
 20
12155.75300597164
 30
0.0
 40
375.0
  1
SLAB REINF.
 41
0.9
  7
100CL
100
AcDbText
  0
TEXT
  5
CFA
330
8F9
100
AcDbEntity
  8
TG
100
AcDbText
 10
-15116.56191101737
 20
12956.20429964896
 30
0.0
 40
375.0
  1
POLYURETHANE SEALANT
 41
0.9
  7
100CL
100
AcDbText
  0
LINE
  5
CFB
330
8F9
100
AcDbEntity
  8
8G
100
AcDbLine
 10
-13945.91923952821
 20
10916.85131682528
 30
0.0
 11
-13945.91923952821
 21
12292.98189298066
 31
0.0
  0
TEXT
  5
CFC
330
8F9
100
AcDbEntity
  8
TG
100
AcDbText
 10
-12192.24173808258
 20
11424.17129214646
 30
0.0
 40
375.0
  1
FLR. LVL.
 41
0.9
  7
100CL
100
AcDbText
  0
CIRCLE
  5
CFD
330
8F9
100
AcDbEntity
  8
SHE
 62
     8
100
AcDbCircle
 10
-11026.05597832912
 20
10072.56004162322
 30
0.0
 40
118.7227350895308
  0
CIRCLE
  5
CFE
330
8F9
100
AcDbEntity
  8
SHE
 62
     8
100
AcDbCircle
 10
-11078.8216562166
 20
10309.84537338165
 30
0.0
 40
131.9141679467713
  0
CIRCLE
  5
CFF
330
8F9
100
AcDbEntity
  8
SHE
 62
     8
100
AcDbCircle
 10
-11659.2440058903
 20
10428.48807785255
 30
0.0
 40
79.09514917751891
  0
CIRCLE
  5
D00
330
8F9
100
AcDbEntity
  8
SHE
 62
     8
100
AcDbCircle
 10
-11466.18864938404
 20
10385.17408896415
 30
0.0
 40
105.4601603120945
  0
CIRCLE
  5
D01
330
8F9
100
AcDbEntity
  8
SHE
 62
     8
100
AcDbCircle
 10
-10867.75894466761
 20
10296.66286781491
 30
0.0
 40
39.54755529312882
  0
CIRCLE
  5
D02
330
8F9
100
AcDbEntity
  8
SHE
 62
     8
100
AcDbCircle
 10
-10880.9503775255
 20
10178.02020193499
 30
0.0
 40
65.91260501896709
  0
CIRCLE
  5
D03
330
8F9
100
AcDbEntity
  8
SHE
 62
     8
100
AcDbCircle
 10
-10880.9503775255
 20
10428.48807785255
 30
0.0
 40
65.95705720244757
  0
LINE
  5
D04
330
8F9
100
AcDbEntity
  8
8G
100
AcDbLine
 10
-13945.91923952821
 20
12292.98189298066
 30
0.0
 11
-13173.07347510775
 21
12292.98189298066
 31
0.0
  0
LINE
  5
D05
330
8F9
100
AcDbEntity
  8
2Y
 62
     2
100
AcDbLine
 10
-16991.2636683264
 20
10548.35134681364
 30
0.0
 11
-10849.59750146998
 21
10548.35134681364
 31
0.0
  0
LINE
  5
D06
330
8F9
100
AcDbEntity
  8
2Y
 62
     2
100
AcDbLine
 10
-17083.38866083111
 20
8619.615998830907
 30
0.0
 11
-17083.38866083111
 21
15588.4757632724
 31
0.0
  0
LINE
  5
D07
330
8F9
100
AcDbEntity
  8
2Y
 62
     2
100
AcDbLine
 10
-10849.59750146998
 20
11316.05961767063
 30
0.0
 11
-16991.2636683264
 21
11316.05961767063
 31
0.0
  0
LWPOLYLINE
  5
D08
330
8F9
100
AcDbEntity
  8
8G
 62
     2
100
AcDbPolyline
 90
        2
 70
     0
 10
-13295.34453477684
 20
8745.661636528646
 40
143.9453007857315
 41
0.0
 10
-13295.34453477684
 20
9105.524888492917
 40
0.0
 41
0.0
  0
LWPOLYLINE
  5
D09
330
8F9
100
AcDbEntity
  8
8G
 62
     2
100
AcDbPolyline
 90
        2
 70
     0
 10
-16844.73621823892
 20
11631.0455578666
 40
143.9453007857315
 41
0.0
 10
-17018.76327818419
 20
11316.05961767063
 40
0.0
 41
0.0
  0
LWPOLYLINE
  5
D0A
330
8F9
100
AcDbEntity
  8
8G
 62
     2
100
AcDbPolyline
 90
        2
 70
     0
 10
-13945.91923952821
 20
11276.71456878955
 40
143.9453007857315
 41
0.0
 10
-13945.91923952821
 20
10916.85131682528
 40
0.0
 41
0.0
  0
LWPOLYLINE
  5
D0B
330
8F9
100
AcDbEntity
  8
4C
100
AcDbPolyline
 90
        2
 70
     1
 43
26.66666666666666
 10
-13311.13233291564
 20
10970.18465015865
 42
1.0
 10
-13284.46566624913
 20
10970.18465015865
 42
1.0
  0
LINE
  5
D0C
330
8F9
100
AcDbEntity
  8
2Y
 62
     1
100
AcDbLine
 10
-10849.59750146998
 20
10548.35134681364
 30
0.0
 11
-10849.59750146998
 21
10732.24199896763
 31
0.0
  0
LINE
  5
D0D
330
8F9
100
AcDbEntity
  8
2Y
 62
     1
100
AcDbLine
 10
-10849.59750146998
 20
10732.24199896763
 30
0.0
 11
-10903.54606583316
 21
10804.75444332641
 31
0.0
  0
LINE
  5
D0E
330
8F9
100
AcDbEntity
  8
2Y
 62
     1
100
AcDbLine
 10
-10903.54606583316
 20
10804.75444332641
 30
0.0
 11
-10903.54606583316
 21
11044.60331555529
 31
0.0
  0
LINE
  5
D0F
330
8F9
100
AcDbEntity
  8
2Y
 62
     1
100
AcDbLine
 10
-10903.54606583316
 20
11044.60331555529
 30
0.0
 11
-10849.59750146998
 21
11089.22635526888
 31
0.0
  0
LINE
  5
D10
330
8F9
100
AcDbEntity
  8
2Y
 62
     1
100
AcDbLine
 10
-10849.59750146998
 20
11089.22635526888
 30
0.0
 11
-10849.59750146998
 21
11316.05961767063
 31
0.0
  0
LINE
  5
D11
330
8F9
100
AcDbEntity
  8
2Y
 62
     2
100
AcDbLine
 10
-16991.2636683264
 20
11316.05961767063
 30
0.0
 11
-16991.2636683264
 21
10548.35134681364
 31
0.0
  0
LWPOLYLINE
  5
D12
330
8F9
100
AcDbEntity
  8
4C
100
AcDbPolyline
 90
        2
 70
     1
 43
26.66666666666666
 10
-11977.79899958215
 20
10970.18465015865
 42
1.0
 10
-11951.13233291564
 20
10970.18465015865
 42
1.0
  0
LWPOLYLINE
  5
D13
330
8F9
100
AcDbEntity
  8
4C
100
AcDbPolyline
 90
        2
 70
     1
 43
26.66666666666666
 10
-14536.71137919763
 20
10970.18465015865
 42
-1.0
 10
-14563.37804586414
 20
10970.18465015865
 42
-1.0
  0
LWPOLYLINE
  5
D14
330
8F9
100
AcDbEntity
  8
4C
100
AcDbPolyline
 90
        2
 70
     1
 43
26.66666666666666
 10
-15870.04471253112
 20
10970.18465015865
 42
-1.0
 10
-15896.71137919763
 20
10970.18465015865
 42
-1.0
  0
TEXT
  5
D15
330
8F9
100
AcDbEntity
  8
TG
100
AcDbText
 10
-35079.01572499351
 20
7295.209395743237
 30
0.0
 40
375.0
  1
DOTTED LINES), AT SIDES OF OPENING
 41
0.8
  7
FRED
100
AcDbText
  0
TEXT
  5
D16
330
8F9
100
AcDbEntity
  8
TG
100
AcDbText
 10
-35079.01572499351
 20
6695.209395743237
 30
0.0
 40
375.0
  1
EQUAL TO THE NUMBER OF BARS
 41
0.8
  7
FRED
100
AcDbText
  0
TEXT
  5
D17
330
8F9
100
AcDbEntity
  8
TG
100
AcDbText
 10
-35079.01572499351
 20
6095.209395743237
 30
0.0
 40
375.0
  1
TERMINATED BY THE OPENING.
 41
0.8
  7
FRED
100
AcDbText
  0
TEXT
  5
D18
330
8F9
100
AcDbEntity
  8
TG
100
AcDbText
 10
-32754.93822291561
 20
10500.44167489142
 30
0.0
 40
375.0
  1
IN TWO WAY
 41
0.9
  7
FRED
100
AcDbText
  0
TEXT
  5
D19
330
8F9
100
AcDbEntity
  8
TG
100
AcDbText
 10
-32754.93822291561
 20
9900.441674891423
 30
0.0
 40
375.0
  1
SLAB EXTEND
 41
0.9
  7
FRED
100
AcDbText
  0
TEXT
  5
D1A
330
8F9
100
AcDbEntity
  8
TG
100
AcDbText
 10
-32754.93822291561
 20
9300.441674891422
 30
0.0
 40
375.0
  1
BARS UP TO
 41
0.9
  7
FRED
100
AcDbText
  0
TEXT
  5
D1B
330
8F9
100
AcDbEntity
  8
TG
100
AcDbText
 10
-32754.93822291561
 20
8700.441674891422
 30
0.0
 40
375.0
  1
BEAM SUPPORT
 41
0.9
  7
FRED
100
AcDbText
  0
TEXT
  5
D1C
330
8F9
100
AcDbEntity
  8
TG
100
AcDbText
 10
-43023.52474783661
 20
5244.187306892621
 30
0.0
 40
375.0
  1
OPENING IS FRAMED BY BEAMS.
 41
0.8
  7
FRED
100
AcDbText
  0
TEXT
  5
D1D
330
8F9
100
AcDbEntity
  8
TG
100
AcDbText
 10
-42674.90377880327
 20
2739.922165472555
 30
0.0
 40
375.0
  1
PLUS BARS (SHOWN AS DOTTED LINES) PARALLEL TO SIDE OF OPENING
 41
0.8
  7
FRED
100
AcDbText
  0
TEXT
  5
D1E
330
8F9
100
AcDbEntity
  8
TG
100
AcDbText
 10
-42674.90377880327
 20
2139.922165472555
 30
0.0
 40
375.0
  1
EQUAL TO THE NUMBER OF INTERRUPTED BARS BY THE OPENING.
 41
0.8
  7
FRED
100
AcDbText
  0
TEXT
  5
D1F
330
8F9
100
AcDbEntity
  8
TG
100
AcDbText
 10
-42674.90377880327
 20
1290.474269629718
 30
0.0
 40
375.0
  1
SEE ARCHITECTURAL & MECHANICAL PLANS FOR SLAB
 41
0.8
  7
FRED
100
AcDbText
  0
TEXT
  5
D20
330
8F9
100
AcDbEntity
  8
TG
100
AcDbText
 10
-42674.90377880327
 20
690.474269629718
 30
0.0
 40
375.0
  1
OPENING LOCATION.
 41
0.8
  7
FRED
100
AcDbText
  0
TEXT
  5
D21
330
8F9
100
AcDbEntity
  8
TG
100
AcDbText
 10
-43188.24486525564
 20
3339.922165472555
 30
0.0
 40
375.0
  1
1.
 41
0.9
  7
FRED
100
AcDbText
  0
TEXT
  5
D22
330
8F9
100
AcDbEntity
  8
TG
100
AcDbText
 10
-43188.24486525564
 20
1290.474269629718
 30
0.0
 40
375.0
  1
2.
 41
0.9
  7
FRED
100
AcDbText
  0
LWPOLYLINE
  5
D23
330
8F9
100
AcDbEntity
  8
8G
 62
     2
100
AcDbPolyline
 90
        2
 70
     0
 10
-37444.29119583333
 20
14084.98369320368
 40
143.9453007857315
 41
0.0
 10
-37804.15444779742
 20
14084.98369320368
 40
0.0
 41
0.0
  0
LINE
  5
D24
330
8F9
100
AcDbEntity
  8
6M
 62
     6
100
AcDbLine
 10
-38695.94488661477
 20
10322.80060122121
 30
0.0
 11
-33747.94632285435
 21
10322.80060122121
 31
0.0
  0
LWPOLYLINE
  5
D25
330
8F9
100
AcDbEntity
  8
8G
 62
     2
100
AcDbPolyline
 90
        2
 70
     0
 10
-36030.31957588132
 20
9588.883089287584
 40
143.9453007857315
 41
0.0
 10
-35946.9097890204
 20
9938.94646579263
 40
0.0
 41
0.0
  0
LWPOLYLINE
  5
D26
330
8F9
100
AcDbEntity
  8
8G
 62
     2
100
AcDbPolyline
 90
        2
 70
     0
 43
50.0
 10
-34774.03674831122
 20
11770.70945764446
 10
-34505.43677503171
 20
12039.30943092381
  0
LWPOLYLINE
  5
D27
330
8F9
100
AcDbEntity
  8
8G
 62
     2
100
AcDbPolyline
 90
        2
 70
     0
 43
50.0
 10
-34582.10968059694
 20
11770.70945764441
 10
-34313.50970731743
 20
12039.30943092375
  0
LINE
  5
D28
330
8F9
100
AcDbEntity
  8
8G
 62
     2
100
AcDbLine
 10
-37804.15444779742
 20
11950.42558257823
 30
0.0
 11
-38126.12435677854
 21
12016.09515322168
 31
0.0
  0
LINE
  5
D29
330
8F9
100
AcDbEntity
  8
8G
 62
     2
100
AcDbLine
 10
-38126.12435677854
 20
12016.09515322168
 30
0.0
 11
-38126.12435677854
 21
11950.42558257823
 31
0.0
  0
LINE
  5
D2A
330
8F9
100
AcDbEntity
  8
8G
 62
     2
100
AcDbLine
 10
-38126.12435677854
 20
11950.42558257823
 30
0.0
 11
-37327.9317665349
 21
11950.42558257823
 31
0.0
  0
LINE
  5
D2B
330
8F9
100
AcDbEntity
  8
8G
 62
     2
100
AcDbLine
 10
-37327.9317665349
 20
11950.42558257823
 30
0.0
 11
-37327.9317665349
 21
11901.08394367556
 31
0.0
  0
LINE
  5
D2C
330
8F9
100
AcDbEntity
  8
8G
 62
     2
100
AcDbLine
 10
-37327.9317665349
 20
11901.08394367556
 30
0.0
 11
-37660.31728024615
 21
11950.42558257823
 31
0.0
  0
TEXT
  5
D2D
330
8F9
100
AcDbEntity
  8
TG
100
AcDbText
 10
-32772.98298762899
 20
13660.40912519503
 30
0.0
 40
375.0
  1
BOT. BARS
 41
0.9
  7
FRED
100
AcDbText
  0
DIMENSION
  5
D2E
330
8F9
100
AcDbEntity
  8
DIM
100
AcDbDimension
280
     0
  2
*D48
 10
-40996.37562116765
 20
14379.00872616451
 30
0.0
 11
-40996.37562116768
 21
13933.11350675578
 31
0.0
 12
-237352.661668502
 22
49412.07875907037
 32
0.0
 70
   128
  1
400
 71
     5
 42
891.7904388173482
 73
     0
 74
     0
 75
     0
  3
DIM150
100
AcDbAlignedDimension
 13
-39098.68895575844
 23
13487.21828734717
 33
0.0
 14
-39098.68895575844
 24
14379.00872616452
 34
0.0
 50
90.0
100
AcDbRotatedDimension
  0
DIMENSION
  5
D2F
330
8F9
100
AcDbEntity
  8
DIM
100
AcDbDimension
280
     0
  2
*D49
 10
-40996.37562116765
 20
10322.8006012212
 30
0.0
 11
-40996.37562116768
 21
9876.905381812475
 31
0.0
 12
-237352.661668502
 22
49412.07875907037
 32
0.0
 70
   128
  1
400
 71
     5
 42
891.7904388173482
 73
     0
 74
     0
 75
     0
  3
DIM150
100
AcDbAlignedDimension
 13
-39098.68895575844
 23
9431.010162403865
 33
0.0
 14
-39098.68895575844
 24
10322.80060122121
 34
0.0
 50
90.0
100
AcDbRotatedDimension
  0
LWPOLYLINE
  5
D30
330
8F9
100
AcDbEntity
  8
8G
 62
     2
100
AcDbPolyline
 90
        2
 70
     0
 10
-34279.87350970667
 20
9645.410516823554
 40
143.9453007857315
 41
0.0
 10
-34639.73676167123
 20
9645.410516823554
 40
0.0
 41
0.0
  0
HATCH
  5
D31
330
8F9
100
AcDbEntity
  8
8G
 62
     2
100
AcDbHatch
 10
0.0
 20
0.0
 30
0.0
210
0.0
220
0.0
230
1.0
  2
SOLID
 70
     1
 71
     0
 91
        3
 92
        7
 72
     0
 73
     1
 93
        4
 10
-37996.0815155117
 20
11950.42558257823
 10
-37996.0815155117
 20
11989.57137782214
 10
-38126.12435677854
 20
12016.09515322168
 10
-38126.12435677854
 20
11950.42558257823
 97
        0
 92
        7
 72
     0
 73
     1
 93
        3
 10
-37804.15444779742
 20
11950.42558257823
 10
-37996.0815155117
 20
11989.57137782214
 10
-37996.0815155117
 20
11950.42558257823
 97
        0
 92
        7
 72
     0
 73
     1
 93
        3
 10
-37327.9317665349
 20
11901.08394367556
 10
-37327.9317665349
 20
11950.42558257823
 10
-37660.31728024615
 20
11950.42558257823
 97
        0
 75
     0
 76
     1
 47
2.185395930273048
 98
        3
 10
-38089.78409457088
 20
11972.54171307437
 10
-37961.46210654519
 20
11960.88607320638
 10
-37386.92877971867
 20
11925.91960187937
450
        0
451
        0
460
0.0
461
0.0
452
        0
462
0.0
453
        0
470

  0
TEXT
  5
D32
330
8F9
100
AcDbEntity
  8
TG
100
AcDbText
 10
-36539.56598979954
 20
15204.51110395536
 30
0.0
 40
375.0
  1
MID-DEPTH OF SLAB AT EACH CORNER.
 41
0.9
  7
FRED
100
AcDbText
  0
LWPOLYLINE
  5
D33
330
8F9
100
AcDbEntity
  8
8G
 62
     2
100
AcDbPolyline
 90
        2
 70
     0
 10
-38278.47217061997
 20
13372.76381648905
 40
143.9453007857315
 41
0.0
 10
-38278.47217061997
 20
13012.9005645246
 40
0.0
 41
0.0
  0
LINE
  5
D34
330
8F9
100
AcDbEntity
  8
8G
100
AcDbLine
 10
-36390.23392959658
 20
10130.87353350693
 30
0.0
 11
-36390.23392959658
 21
8078.354904820619
 31
0.0
  0
LWPOLYLINE
  5
D35
330
8F9
100
AcDbEntity
  8
8G
 62
     2
100
AcDbPolyline
 90
        2
 70
     0
 10
-36390.23392959658
 20
9771.010281542636
 40
143.9453007857315
 41
0.0
 10
-36390.23392959658
 20
10130.87353350691
 40
0.0
 41
0.0
  0
HATCH
  5
D36
330
8F9
100
AcDbEntity
  8
SHE
100
AcDbHatch
 10
0.0
 20
0.0
 30
0.0
210
0.0
220
0.0
230
1.0
  2
EARTH
 70
     0
 71
     0
 91
        2
 92
        7
 72
     1
 73
     1
 93
       26
 10
-15230.55657248219
 20
9435.541172326805
 42
0.0
 10
-15362.15585480324
 20
9435.541172326805
 42
-0.3536692155986933
 10
-15594.37210642567
 20
9435.541172326805
 42
0.0
 10
-15657.62361537592
 20
9435.541172326805
 42
-0.5927421312759438
 10
-15865.92588898793
 20
9435.541172326805
 42
0.0
 10
-15867.42072108268
 20
9435.541172326805
 42
-0.9475757174275935
 10
-16025.488474949
 20
9435.541172326805
 42
0.0
 10
-16041.75479783231
 20
9435.541172326805
 42
-0.2452063536209549
 10
-16114.98273409225
 20
9435.541172326805
 42
0.0
 10
-16221.33483310483
 20
9435.541172326805
 42
-0.5970677841366516
 10
-16383.91088054675
 20
9435.541172326805
 42
0.0
 10
-16415.32388088686
 20
9435.541172326805
 42
-0.5256977079080061
 10
-16583.15159053562
 20
9435.541172326805
 42
0.0
 10
-16687.10894623046
 20
9435.541172326805
 42
-0.5256977079080178
 10
-16854.93665587922
 20
9435.541172326805
 42
0.0
 10
-16857.89587437149
 20
9435.541172326805
 42
-0.3426624228414209
 10
-16987.34302868714
 20
9435.541172326805
 42
0.0
 10
-16987.34302868714
 20
8761.843607947026
 42
0.0
 10
-14571.80065246552
 20
8761.843607947026
 42
0.0
 10
-13937.64670832569
 20
9403.999494599673
 42
-0.0756045317846921
 10
-13967.79589358272
 20
9435.541172326805
 42
0.0
 10
-14097.38520548932
 20
9435.541172326805
 42
-0.2929152993776722
 10
-14339.37265112318
 20
9435.541172326805
 42
0.0
 10
-14914.74425996534
 20
9435.541172326805
 42
-0.3872017007253957
 10
-15019.97227879401
 20
9435.541172326805
 42
0.0
 10
-15099.48366919925
 20
9435.541172326805
 42
-0.451635815087106
 97
        0
 92
        7
 72
     1
 73
     1
 93
       23
 10
-13937.64670832569
 20
9403.999494599673
 42
0.0
 10
-14571.80065246552
 20
8761.843607947026
 42
0.0
 10
-10829.51992728488
 20
8761.843607947026
 42
0.0
 10
-10829.51992728488
 20
9435.541172326805
 42
0.0
 10
-11103.06493472701
 20
9435.541172326805
 42
-0.5970677841366516
 10
-11265.64098216893
 20
9435.541172326805
 42
0.0
 10
-11318.19110830847
 20
9435.541172326805
 42
-0.4492033393641547
 10
-11475.99040013153
 20
9435.541172326805
 42
0.0
 10
-11534.92109018538
 20
9435.541172326805
 42
-0.3246158550233555
 10
-11654.58412118276
 20
9435.541172326805
 42
0.0
 10
-11797.32229588387
 20
9435.541172326805
 42
-0.6648757019040735
 10
-11943.29103190844
 20
9435.541172326805
 42
0.0
 10
-12272.21328526243
 20
9435.541172326805
 42
-0.6648759065582893
 10
-12418.18213741455
 20
9435.541172326805
 42
0.0
 10
-12627.83070665525
 20
9435.541172326805
 42
-0.3280504429624953
 10
-12785.37052949398
 20
9435.541172326805
 42
0.0
 10
-12922.48640176814
 20
9435.541172326805
 42
-0.1765448466747642
 10
-13009.57721405217
 20
9435.541172326805
 42
0.0
 10
-13032.43935066621
 20
9435.541172326805
 42
-0.8624562276003883
 10
-13267.30895308518
 20
9435.541172326805
 42
0.0
 10
-13364.98707900263
 20
9435.541172326805
 42
-0.6230674205888443
 10
-13436.03503082014
 20
9435.541172326805
 42
0.0
 10
-13730.24257969457
 20
9435.541172326805
 42
-0.4274963971498972
 97
        0
 75
     0
 76
     1
 52
45.0
 41
1333.333333333333
 77
     0
 78
     6
 53
45.0
 43
-108075.7109916962
 44
-4321.926798655622
 45
0.0000000000000379
 46
471.4045207910317
 79
     2
 49
333.3333333333333
 49
-333.3333333333333
 53
45.0
 43
-108164.0993393443
 44
-4233.538451007305
 45
0.0000000000000379
 46
471.4045207910317
 79
     2
 49
333.3333333333333
 49
-333.3333333333333
 53
45.0
 43
-108252.4876869928
 44
-4145.150103358989
 45
0.0000000000000379
 46
471.4045207910317
 79
     2
 49
333.3333333333333
 49
-333.3333333333333
 53
135.0
 43
-108252.4876869928
 44
-4086.22453826011
 45
-471.4045207910316
 46
0.0000000000000379
 79
     2
 49
333.3333333333333
 49
-333.3333333333333
 53
135.0
 43
-108164.0993393443
 44
-3997.836190611793
 45
-471.4045207910316
 46
0.0000000000000379
 79
     2
 49
333.3333333333333
 49
-333.3333333333333
 53
135.0
 43
-108075.7109916962
 44
-3909.447842963476
 45
-471.4045207910316
 46
0.0000000000000379
 79
     2
 49
333.3333333333333
 49
-333.3333333333333
 47
6.387759621111508
 98
        2
 10
-15296.34021113787
 20
9187.694100382882
 10
-13676.69145566804
 20
9094.007195684739
  0
HATCH
  5
D37
330
8F9
100
AcDbEntity
  8
SHE
100
AcDbHatch
 10
0.0
 20
0.0
 30
0.0
210
0.0
220
0.0
230
1.0
  2
EARTH
 70
     0
 71
     0
 91
        2
 92
        7
 72
     1
 73
     1
 93
       26
 10
5002.599304888193
 20
9435.541172326805
 42
0.0
 10
4871.000022567605
 20
9435.541172326805
 42
-0.3536692155986933
 10
4638.783770944719
 20
9435.541172326805
 42
0.0
 10
4575.532261994929
 20
9435.541172326805
 42
-0.5927421312759438
 10
4367.229988382925
 20
9435.541172326805
 42
0.0
 10
4365.735156288166
 20
9435.541172326805
 42
-0.9475757174275935
 10
4207.667402421852
 20
9435.541172326805
 42
0.0
 10
4191.40107953854
 20
9435.541172326805
 42
-0.2452063536209549
 10
4118.173143278603
 20
9435.541172326805
 42
0.0
 10
4011.821044265555
 20
9435.541172326805
 42
-0.5970677841366516
 10
3849.244996824099
 20
9435.541172326805
 42
0.0
 10
3817.83199648399
 20
9435.541172326805
 42
-0.5256977079080061
 10
3650.004286835232
 20
9435.541172326805
 42
0.0
 10
3546.046931139921
 20
9435.541172326805
 42
-0.5256977079080178
 10
3378.219221491629
 20
9435.541172326805
 42
0.0
 10
3375.260002999363
 20
9435.541172326805
 42
-0.3426624228414209
 10
3245.812848683709
 20
9435.541172326805
 42
0.0
 10
3245.812848683709
 20
8761.843607947026
 42
0.0
 10
5661.355224905332
 20
8761.843607947026
 42
0.0
 10
6295.509169045167
 20
9403.999494599673
 42
-0.0756045317846921
 10
6265.359983788133
 20
9435.541172326805
 42
0.0
 10
6135.770671881066
 20
9435.541172326805
 42
-0.2929152993776722
 10
5893.783226247673
 20
9435.541172326805
 42
0.0
 10
5318.411617405509
 20
9435.541172326805
 42
-0.3872017007253957
 10
5213.183598576841
 20
9435.541172326805
 42
0.0
 10
5133.672208171599
 20
9435.541172326805
 42
-0.451635815087106
 97
        0
 92
        7
 72
     1
 73
     1
 93
       23
 10
6295.509169045167
 20
9403.999494599673
 42
0.0
 10
5661.355224905332
 20
8761.843607947026
 42
0.0
 10
9403.635950085968
 20
8761.843607947026
 42
0.0
 10
9403.635950085968
 20
9435.541172326805
 42
0.0
 10
9130.090942643844
 20
9435.541172326805
 42
-0.5970677841366516
 10
8967.514895201922
 20
9435.541172326805
 42
0.0
 10
8914.964769062382
 20
9435.541172326805
 42
-0.4492033393641547
 10
8757.165477239324
 20
9435.541172326805
 42
0.0
 10
8698.234787185006
 20
9435.541172326805
 42
-0.3246158550233555
 10
8578.571756188088
 20
9435.541172326805
 42
0.0
 10
8435.83358148698
 20
9435.541172326805
 42
-0.6648757019040735
 10
8289.864845462405
 20
9435.541172326805
 42
0.0
 10
7960.942592108418
 20
9435.541172326805
 42
-0.6648759065582893
 10
7814.973739955836
 20
9435.541172326805
 42
0.0
 10
7605.325170715602
 20
9435.541172326805
 42
-0.3280504429624953
 10
7447.785347876866
 20
9435.541172326805
 42
0.0
 10
7310.669475602248
 20
9435.541172326805
 42
-0.1765448466747642
 10
7223.578663318214
 20
9435.541172326805
 42
0.0
 10
7200.716526704638
 20
9435.541172326805
 42
-0.8624562276003883
 10
6965.846924285667
 20
9435.541172326805
 42
0.0
 10
6868.168798368221
 20
9435.541172326805
 42
-0.6230674205888443
 10
6797.120846550242
 20
9435.541172326805
 42
0.0
 10
6502.913297676278
 20
9435.541172326805
 42
-0.4274963971498972
 97
        0
 75
     0
 76
     1
 52
45.0
 41
1333.333333333333
 77
     0
 78
     6
 53
45.0
 43
-87842.55511432533
 44
-4321.926798655622
 45
0.0000000000000379
 46
471.4045207910317
 79
     2
 49
333.3333333333333
 49
-333.3333333333333
 53
45.0
 43
-87930.94346197388
 44
-4233.538451007305
 45
0.0000000000000379
 46
471.4045207910317
 79
     2
 49
333.3333333333333
 49
-333.3333333333333
 53
45.0
 43
-88019.33180962198
 44
-4145.150103358989
 45
0.0000000000000379
 46
471.4045207910317
 79
     2
 49
333.3333333333333
 49
-333.3333333333333
 53
135.0
 43
-88019.33180962198
 44
-4086.22453826011
 45
-471.4045207910316
 46
0.0000000000000379
 79
     2
 49
333.3333333333333
 49
-333.3333333333333
 53
135.0
 43
-87930.94346197388
 44
-3997.836190611793
 45
-471.4045207910316
 46
0.0000000000000379
 79
     2
 49
333.3333333333333
 49
-333.3333333333333
 53
135.0
 43
-87842.55511432533
 44
-3909.447842963476
 45
-471.4045207910316
 46
0.0000000000000379
 79
     2
 49
333.3333333333333
 49
-333.3333333333333
 47
6.387759621111508
 98
        2
 10
4936.815666232519
 20
9187.694100383
 10
6556.46442170281
 20
9094.007195684739
  0
LWPOLYLINE
  5
D38
330
8F9
100
AcDbEntity
  8
8G
 62
     2
100
AcDbPolyline
 90
        2
 70
     0
 43
50.0
 10
-34390.18261288266
 20
11770.70945764446
 10
-34121.58263960315
 20
12039.30943092381
  0
TEXT
  5
D39
330
8F9
100
AcDbEntity
  8
TG
100
AcDbText
 10
43192.24454539481
 20
35558.50503363807
 30
0.0
 40
375.0
  1
4-%%C12@1800MM LONG
 41
0.9
  7
100CL
100
AcDbText
  0
TEXT
  5
D3A
330
8F9
100
AcDbEntity
  8
TG
100
AcDbText
 10
43192.24454539481
 20
34958.50503363807
 30
0.0
 40
375.0
  1
TOP BARS BENT DOWN
 41
0.9
  7
100CL
100
AcDbText
  0
TEXT
  5
D3B
330
8F9
100
AcDbEntity
  8
TG
100
AcDbText
 10
43192.24454539481
 20
34358.50503363807
 30
0.0
 40
375.0
  1
INTO EDGE BEAM. EXTEND
 41
0.9
  7
100CL
100
AcDbText
  0
LWPOLYLINE
  5
D3C
330
8F9
100
AcDbEntity
  8
8G
 62
     2
100
AcDbPolyline
 90
        2
 70
     0
 43
35.56589929981185
 10
41854.12467229951
 20
26769.60527680162
 10
42124.32430425778
 20
26769.60527675424
  0
LWPOLYLINE
  5
D3D
330
8F9
100
AcDbEntity
  8
8G
 62
     2
100
AcDbPolyline
 90
        2
 70
     0
 43
35.56589929981185
 10
42092.88857824056
 20
27008.36918265862
 10
42363.08821019836
 20
27008.36918261135
  0
LWPOLYLINE
  5
D3E
330
8F9
100
AcDbEntity
  8
8G
 62
     2
100
AcDbPolyline
 90
        2
 70
     0
 43
35.56589929981185
 10
42331.6524841788
 20
27247.13308851363
 10
42601.85211613707
 20
27247.13308846625
  0
LWPOLYLINE
  5
D3F
330
8F9
100
AcDbEntity
  8
8G
 62
     2
100
AcDbPolyline
 90
        2
 70
     0
 43
35.56589929981185
 10
42570.41638990936
 20
27485.89699416049
 10
42840.61602186763
 20
27485.89699411323
  0
TEXT
  5
D40
330
8F9
100
AcDbEntity
  8
TG
100
AcDbText
 10
8530.401833007507
 20
28933.17182376081
 30
0.0
 40
375.0
  1
DOOR
 41
0.9
  7
100CL
 72
     1
 11
9229.50897586465
 21
29120.67182376082
 31
0.0
100
AcDbText
 73
     2
  0
TEXT
  5
D41
330
8F9
100
AcDbEntity
  8
TG
100
AcDbText
 10
8144.687547293221
 20
28333.17182376081
 30
0.0
 40
375.0
  1
OPENING
 41
0.9
  7
100CL
 72
     1
 11
9229.50897586465
 21
28520.67182376082
 31
0.0
100
AcDbText
 73
     2
  0
DIMENSION
  5
D42
330
8F9
100
AcDbEntity
  8
DIM
100
AcDbDimension
280
     0
  2
*D50
 10
11053.34823410518
 20
34837.88935576968
 30
0.0
 11
9255.383639715409
 21
35175.38935576967
 31
0.0
 12
-237352.661668502
 22
49412.07875907037
 32
0.0
  1
w
 71
     5
 42
3595.929188779555
 73
     0
 74
     0
 75
     0
  3
DIM150
100
AcDbAlignedDimension
 13
7457.419045325631
 23
32263.5060793098
 33
0.0
 14
11053.34823410518
 24
32263.5060793098
 34
0.0
100
AcDbRotatedDimension
  0
LINE
  5
D43
330
8F9
100
AcDbEntity
  8
8G
100
AcDbLine
 10
13331.26764276184
 20
27610.78835282213
 30
0.0
 11
7722.95901373474
 21
27610.78835282213
 31
0.0
  0
LWPOLYLINE
  5
D44
330
8F9
100
AcDbEntity
  8
8G
 62
     2
100
AcDbPolyline
 90
        8
 70
     0
 43
0.0
 10
8498.116677416751
 20
33174.33220109547
 10
7799.42170132164
 20
33174.33220109547
 10
7799.42170132164
 20
33270.29573495261
 10
8157.292870093865
 20
33270.29573495261
 10
8205.274637022784
 20
33078.36866723834
 10
8253.256403951237
 20
33270.29573495261
 10
8301.23817087969
 20
33078.36866723834
 10
8349.219937808141
 20
33270.29573495261
  0
LWPOLYLINE
  5
D45
330
8F9
100
AcDbEntity
  8
8G
 62
     2
100
AcDbPolyline
 90
        8
 70
     0
 43
0.0
 10
11678.48112139225
 20
27610.78835282213
 10
10979.78614529667
 20
27610.78835282213
 10
10979.78614529667
 20
27514.82481896499
 10
11337.65731406936
 20
27514.82481896499
 10
11385.63908099828
 20
27706.75188667927
 10
11433.62084792673
 20
27514.82481896499
 10
11481.60261485519
 20
27706.75188667927
 10
11529.58438178364
 20
27514.82481896499
  0
TEXT
  5
D46
330
8F9
100
AcDbEntity
  8
TG
100
AcDbText
 10
13616.4901087459
 20
26820.42933445957
 30
0.0
 40
375.0
  1
OPENING (TYP.)
 41
0.9
  7
FRED
100
AcDbText
  0
LWPOLYLINE
  5
D47
330
8F9
100
AcDbEntity
  8
8G
 62
     2
100
AcDbPolyline
 90
        8
 70
     0
 43
0.0
 10
7722.95901373474
 20
27610.78835282213
 10
7024.264037639165
 20
27610.78835282213
 10
7024.264037639165
 20
27514.82481896499
 10
7382.135206411854
 20
27514.82481896499
 10
7430.116973340307
 20
27706.75188667927
 10
7478.098740269226
 20
27514.82481896499
 10
7526.080507197679
 20
27706.75188667927
 10
7574.062274126132
 20
27514.82481896499
  0
LWPOLYLINE
  5
D48
330
8F9
100
AcDbEntity
  8
8G
 62
     2
100
AcDbPolyline
 90
        8
 70
     0
 43
0.0
 10
10991.57946038132
 20
33174.33220109547
 10
10292.88448428575
 20
33174.33220109547
 10
10292.88448428575
 20
33270.29573495261
 10
10650.75565305844
 20
33270.29573495261
 10
10698.73741998689
 20
33078.36866723834
 10
10746.71918691534
 20
33270.29573495261
 10
10794.70095384426
 20
33078.36866723834
 10
10842.68272077272
 20
33270.29573495261
  0
DIMENSION
  5
D49
330
8F9
100
AcDbEntity
  8
DIM
100
AcDbDimension
280
     0
  2
*D51
 10
4691.879915237834
 20
32263.50607930979
 30
0.0
 11
4354.379915237776
 21
28770.40226490771
 31
0.0
 12
-237352.661668502
 22
49412.07875907037
 32
0.0
  1
H
 71
     5
 42
6986.207628804026
 73
     0
 74
     0
 75
     0
  3
DIM150
100
AcDbAlignedDimension
 13
7457.419045325631
 23
25277.29845050577
 33
0.0
 14
7457.419045325631
 24
32263.5060793098
 34
0.0
 50
90.0
100
AcDbRotatedDimension
  0
DIMENSION
  5
D4A
330
8F9
100
AcDbEntity
  8
DIM
100
AcDbDimension
280
     0
  2
*D52
 10
4691.879915235419
 20
33558.04058727045
 30
0.0
 11
4691.87991523536
 21
32910.77333329005
 31
0.0
 12
-237352.661668502
 22
49412.07875907037
 32
0.0
 70
   128
  1
SEE TABLE OF\PANCHORAGE LENGTH\P(TYPICAL)
 71
     5
 42
1294.534507960663
 73
     0
 74
     0
 75
     0
  3
DIM150
100
AcDbAlignedDimension
 13
7457.419045325631
 23
32263.5060793098
 33
0.0
 14
7277.622585886885
 24
33558.04058727046
 34
0.0
 50
90.0
100
AcDbRotatedDimension
  0
DIMENSION
  5
D4B
330
8F9
100
AcDbEntity
  8
DIM
100
AcDbDimension
280
     0
  2
*D53
 10
38214.45134453426
 20
55042.35087079132
 30
0.0
 11
37876.9513445342
 21
56240.99393371772
 31
0.0
 12
-237352.661668502
 22
49412.07875907037
 32
0.0
  1
550
 71
     5
 42
2397.286125852959
 73
     0
 74
     0
 75
     0
  3
DIM150
100
AcDbAlignedDimension
 13
44901.43621619351
 23
57439.63699664428
 33
0.0
 14
40539.46949108111
 24
55042.35087079132
 34
0.0
 50
270.0
100
AcDbRotatedDimension
  0
LWPOLYLINE
  5
D4C
330
8F9
100
AcDbEntity
  8
8G
 62
     2
100
AcDbPolyline
 90
        2
 70
     0
 10
46016.35902792428
 20
56914.91026465595
 40
143.9453007857315
 41
0.0
 10
45812.40494401779
 20
56618.42368524265
 40
0.0
 41
0.0
  0
TEXT
  5
D4D
330
8F9
100
AcDbEntity
  8
TG
100
AcDbText
 10
47484.43297785732
 20
56902.05294531257
 30
0.0
 40
375.0
  1
SCHEDULE
 41
0.9
  7
100CL
 11
47484.43297785732
 21
57089.55294531258
 31
0.0
100
AcDbText
 73
     2
  0
DIMENSION
  5
D4E
330
8F9
100
AcDbEntity
  8
DIM
100
AcDbDimension
280
     0
  2
*D54
 10
51709.48107108226
 20
55042.35087079132
 30
0.0
 11
51709.48107108221
 21
54467.00220058649
 31
0.0
 12
-237352.661668502
 22
49412.07875907037
 32
0.0
 70
   128
  1
WALLS LESS THAN\P200 mm THK.
 71
     5
 42
1150.697340409504
 73
     0
 74
     0
 75
     0
  3
DIM150
100
AcDbAlignedDimension
 13
49934.6430565452
 23
53891.65353038182
 33
0.0
 14
49934.6430565452
 24
55042.35087079132
 34
0.0
 50
90.0
100
AcDbRotatedDimension
  0
DIMENSION
  5
D4F
330
8F9
100
AcDbEntity
  8
DIM
100
AcDbDimension
280
     0
  2
*D55
 10
39537.40712250533
 20
48274.35921546115
 30
0.0
 11
39199.90712250528
 21
46941.0258821277
 31
0.0
 12
-237352.661668502
 22
49412.07875907037
 32
0.0
  1
550
 71
     5
 42
2666.666666666744
 73
     0
 74
     0
 75
     0
  3
DIM150
100
AcDbAlignedDimension
 13
40359.52984893721
 23
45607.69254879441
 33
0.0
 14
45344.79096677134
 24
48274.35921546115
 34
0.0
 50
90.0
100
AcDbRotatedDimension
  0
DIMENSION
  5
D50
330
8F9
100
AcDbEntity
  8
DIM
100
AcDbDimension
280
     0
  2
*D56
 10
46971.22344456098
 20
47333.73855940855
 30
0.0
 11
46971.22344456092
 21
46135.09549648199
 31
0.0
 12
-237352.661668502
 22
49412.07875907037
 32
0.0
  1
550\X(TYP.)
 71
     5
 42
2397.28612585296
 73
     0
 74
     0
 75
     0
  3
DIM150
100
AcDbAlignedDimension
 13
45296.84524425425
 23
44936.45243355559
 33
0.0
 14
45440.68241180552
 24
47333.73855940855
 34
0.0
 50
90.0
100
AcDbRotatedDimension
  0
DIMENSION
  5
D51
330
8F9
100
AcDbEntity
  8
DIM
100
AcDbDimension
280
     0
  2
*D57
 10
44721.49657404961
 20
43810.10656845194
 30
0.0
 11
43522.85351112302
 21
43810.10656845194
 31
0.0
 12
-237352.661668502
 22
49412.07875907037
 32
0.0
  1
550\X(TYP.)
 71
     5
 42
2397.286125853192
 73
     0
 74
     0
 75
     0
  3
DIM150
100
AcDbAlignedDimension
 13
42324.21044819641
 23
44888.5067110385
 33
0.0
 14
44721.49657404961
 24
45032.34387858977
 34
0.0
100
AcDbRotatedDimension
  0
TEXT
  5
D52
330
8F9
100
AcDbEntity
  8
TG
100
AcDbText
 10
47371.58607797351
 20
48572.83417680743
 30
0.0
 40
375.0
  1
SEE WALL
 41
0.9
  7
100CL
 11
47371.58607797351
 21
48760.33417680742
 31
0.0
100
AcDbText
 73
     2
  0
LINE
  5
D53
330
8F9
100
AcDbEntity
  8
8G
100
AcDbLine
 10
46369.29860952383
 20
48760.3341768074
 30
0.0
 11
47170.30785119327
 21
48760.3341768074
 31
0.0
  0
LINE
  5
D54
330
8F9
100
AcDbEntity
  8
8G
100
AcDbLine
 10
45632.46530187389
 20
47689.20491673724
 30
0.0
 11
46369.29860952383
 21
48760.3341768074
 31
0.0
  0
LWPOLYLINE
  5
D55
330
8F9
100
AcDbEntity
  8
8G
 62
     2
100
AcDbPolyline
 90
        2
 70
     0
 10
45836.41938578037
 20
47985.69149615056
 40
143.9453007857315
 41
0.0
 10
45632.46530187389
 20
47689.20491673728
 40
0.0
 41
0.0
  0
TEXT
  5
D56
330
8F9
100
AcDbEntity
  8
TG
100
AcDbText
 10
47371.58607797351
 20
47972.83417680743
 30
0.0
 40
375.0
  1
SCHEDULE
 41
0.9
  7
100CL
 11
47371.58607797351
 21
48160.33417680743
 31
0.0
100
AcDbText
 73
     2
  0
LINE
  5
D57
330
8F9
100
AcDbEntity
  8
8G
100
AcDbLine
 10
45408.40432991998
 20
44837.90328100833
 30
0.0
 11
45823.85910499262
 21
43661.08410136702
 31
0.0
  0
CIRCLE
  5
D58
330
8F9
100
AcDbEntity
  8
8G
100
AcDbCircle
 10
45344.51253165983
 20
45018.88349383973
 30
0.0
 40
191.9270677142937
  0
TEXT
  5
D59
330
8F9
100
AcDbEntity
  8
TC
100
AcDbText
 10
59867.00999841027
 20
49666.30373324823
 30
0.0
 40
600.0
  1
AT INTERSECTION
  7
175CL
 72
     1
 11
63667.00999841027
 21
49966.30373324824
 31
0.0
100
AcDbText
 73
     2
  0
TEXT
  5
D5A
330
8F9
100
AcDbEntity
  8
TC
100
AcDbText
 10
60362.94240562352
 20
41847.60717866683
 30
0.0
 40
600.0
  1
AT CORNER
  7
175CL
 72
     1
 11
62920.08526276637
 21
42147.60717866683
 31
0.0
100
AcDbText
 73
     2
  0
ARC
  5
D5B
330
8F9
100
AcDbEntity
  8
6M
 62
     6
100
AcDbCircle
 10
63201.88634539841
 20
56492.22917615759
 30
0.0
 40
86.66666666666666
100
AcDbArc
 50
90.0
 51
180.0
  0
TEXT
  5
D5C
330
8F9
100
AcDbEntity
  8
TG
100
AcDbText
 10
68060.16985461375
 20
56836.83134506418
 30
0.0
 40
375.0
  1
BE ADEQUATELY
 41
0.9
  7
100CL
100
AcDbText
  0
TEXT
  5
D5D
330
8F9
100
AcDbEntity
  8
TG
100
AcDbText
 10
68060.16985461375
 20
56236.83134506419
 30
0.0
 40
375.0
  1
DEVELOPED AND
 41
0.9
  7
100CL
100
AcDbText
  0
TEXT
  5
D5E
330
8F9
100
AcDbEntity
  8
TG
100
AcDbText
 10
68060.16985461375
 20
55636.83134506418
 30
0.0
 40
375.0
  1
BENT WITHIN THE
 41
0.9
  7
100CL
100
AcDbText
  0
TEXT
  5
D5F
330
8F9
100
AcDbEntity
  8
TG
100
AcDbText
 10
68060.16985461375
 20
55036.83134506418
 30
0.0
 40
375.0
  1
WALL BOUNDARY
 41
0.9
  7
100CL
100
AcDbText
  0
TEXT
  5
D60
330
8F9
100
AcDbEntity
  8
TG
100
AcDbText
 10
68060.16985461375
 20
54436.83134506419
 30
0.0
 40
375.0
  1
ELEMENTS
 41
0.9
  7
100CL
100
AcDbText
  0
LWPOLYLINE
  5
D61
330
8F9
100
AcDbEntity
  8
8G
 62
     2
100
AcDbPolyline
 90
        2
 70
     0
 10
62576.38338575072
 20
51876.57716738243
 40
143.9453007857315
 41
0.0
 10
62216.52013378617
 20
51876.57716738243
 40
0.0
 41
0.0
  0
TEXT
  5
D62
330
8F9
100
AcDbEntity
  8
TG
100
AcDbText
 10
54797.87231557796
 20
52743.08843875871
 30
0.0
 40
375.0
  1
SCHEDULE
 41
0.9
  7
100CL
100
AcDbText
  0
LWPOLYLINE
  5
D63
330
8F9
100
AcDbEntity
  8
8G
 62
     2
100
AcDbPolyline
 90
        2
 70
     0
 10
59528.78761789182
 20
52217.6986284471
 40
143.9453007857315
 41
0.0
 10
59528.78761789182
 20
51857.83537648266
 40
0.0
 41
0.0
  0
TEXT
  5
D64
330
8F9
100
AcDbEntity
  8
TG
100
AcDbText
 10
67403.67836035908
 20
45228.68731665178
 30
0.0
 40
375.0
  1
BARS SHALL
 41
0.9
  7
100CL
100
AcDbText
  0
TEXT
  5
D65
330
8F9
100
AcDbEntity
  8
TG
100
AcDbText
 10
67403.67836035908
 20
44628.68731665177
 30
0.0
 40
375.0
  1
BE ADEQUATELY
 41
0.9
  7
100CL
100
AcDbText
  0
TEXT
  5
D66
330
8F9
100
AcDbEntity
  8
TG
100
AcDbText
 10
67403.67836035908
 20
44028.68731665178
 30
0.0
 40
375.0
  1
DEVELOPED AND
 41
0.9
  7
100CL
100
AcDbText
  0
TEXT
  5
D67
330
8F9
100
AcDbEntity
  8
TG
100
AcDbText
 10
67403.67836035908
 20
43428.68731665177
 30
0.0
 40
375.0
  1
BENT WITHIN THE
 41
0.9
  7
100CL
100
AcDbText
  0
TEXT
  5
D68
330
8F9
100
AcDbEntity
  8
TG
100
AcDbText
 10
67403.67836035908
 20
42828.68731665177
 30
0.0
 40
375.0
  1
WALL BOUNDARY
 41
0.9
  7
100CL
100
AcDbText
  0
TEXT
  5
D69
330
8F9
100
AcDbEntity
  8
TG
100
AcDbText
 10
67403.67836035908
 20
42228.68731665177
 30
0.0
 40
375.0
  1
ELEMENTS
 41
0.9
  7
100CL
100
AcDbText
  0
TEXT
  5
D6A
330
8F9
100
AcDbEntity
  8
TG
100
AcDbText
 10
56241.16678664719
 20
45415.89509339569
 30
0.0
 40
375.0
  1
SEE SHEARWALL
  7
100CL
100
AcDbText
  0
LINE
  5
D6B
330
8F9
100
AcDbEntity
  8
8G
100
AcDbLine
 10
61427.52419761454
 20
45624.15277532392
 30
0.0
 11
60895.40208310706
 21
45624.15277532392
 31
0.0
  0
LINE
  5
D6C
330
8F9
100
AcDbEntity
  8
8G
100
AcDbLine
 10
61427.52419761454
 20
43930.64203111964
 30
0.0
 11
61427.52419761454
 21
45624.15277532392
 31
0.0
  0
TEXT
  5
D6D
330
8F9
100
AcDbEntity
  8
TG
100
AcDbText
 10
56241.16678664719
 20
44815.8950933957
 30
0.0
 40
375.0
  1
SCHEDULE
  7
100CL
100
AcDbText
  0
LWPOLYLINE
  5
D6E
330
8F9
100
AcDbEntity
  8
8G
 62
     2
100
AcDbPolyline
 90
        2
 70
     0
 10
61427.52419761454
 20
44290.50528308408
 40
143.9453007857315
 41
0.0
 10
61427.52419761454
 20
43930.64203111964
 40
0.0
 41
0.0
  0
LWPOLYLINE
  5
D6F
330
8F9
100
AcDbEntity
  8
8G
 62
     2
100
AcDbPolyline
 90
        2
 70
     0
 10
-11747.34765330024
 20
31464.42842735097
 40
107.9589755892986
 41
0.0
 10
-12017.24509227342
 20
31464.42842735097
 40
0.0
 41
0.0
  0
LWPOLYLINE
  5
D70
330
8F9
100
AcDbEntity
  8
8G
 62
     2
100
AcDbPolyline
 90
        2
 70
     0
 10
-11475.23187608944
 20
31914.29471493527
 40
107.9589755892986
 41
0.0
 10
-11745.12931506263
 20
31914.29471493527
 40
0.0
 41
0.0
  0
LWPOLYLINE
  5
D71
330
8F9
100
AcDbEntity
  8
8G
 62
     2
100
AcDbPolyline
 90
        2
 70
     0
 10
-12140.2478563578
 20
32917.14757216073
 40
107.9589755892986
 41
0.0
 10
-12328.549165406
 20
32723.78975728122
 40
0.0
 41
0.0
  0
LINE
  5
D72
330
8F9
100
AcDbEntity
  8
8G
100
AcDbLine
 10
-12022.25374397749
 20
31948.32792848582
 30
0.0
 11
-11702.66215722795
 21
32276.5015942991
 31
0.0
  0
LWPOLYLINE
  5
D73
330
8F9
100
AcDbEntity
  8
8G
 62
     2
100
AcDbPolyline
 90
        2
 70
     0
 10
-11833.95243492929
 20
32141.68574336552
 40
107.9589755892986
 41
0.0
 10
-12022.25374397749
 20
31948.32792848584
 40
0.0
 41
0.0
  0
LINE
  5
D74
330
8F9
100
AcDbEntity
  8
8G
100
AcDbLine
 10
-11057.40539289891
 20
31699.98097102228
 30
0.0
 11
-10393.72062491506
 21
31021.40168596749
 31
0.0
  0
LINE
  5
D75
330
8F9
100
AcDbEntity
  8
8G
100
AcDbLine
 10
-11465.35768616825
 20
31464.42842735094
 30
0.0
 11
-9630.42677854348
 21
29588.31771412247
 31
0.0
  0
CIRCLE
  5
D76
330
8F9
100
AcDbEntity
  8
8G
100
AcDbCircle
 10
-12639.85323853112
 20
32670.45642394782
 30
0.0
 40
103.5110204524723
  0
CIRCLE
  5
D77
330
8F9
100
AcDbEntity
  8
8G
100
AcDbCircle
 10
-12017.24509227342
 20
32670.45642394782
 30
0.0
 40
103.5110204524723
  0
LINE
  5
D78
330
8F9
100
AcDbEntity
  8
8G
100
AcDbLine
 10
-11913.77468307569
 20
32667.55715238652
 30
0.0
 11
-11593.70896457389
 21
32667.55715238652
 31
0.0
  0
LWPOLYLINE
  5
D79
330
8F9
100
AcDbEntity
  8
8G
 62
     2
100
AcDbPolyline
 90
        2
 70
     0
 10
-12227.84348303193
 20
31699.98097102231
 40
107.9589755892986
 41
0.0
 10
-12497.74092200512
 20
31699.98097102231
 40
0.0
 41
0.0
  0
LWPOLYLINE
  5
D7A
330
8F9
100
AcDbEntity
  8
8G
 62
     2
100
AcDbPolyline
 90
        2
 70
     0
 10
-11842.78638180598
 20
31699.98097102231
 40
107.9589755892986
 41
0.0
 10
-12112.68382077917
 20
31699.98097102231
 40
0.0
 41
0.0
  0
DIMENSION
  5
D7B
330
8F9
100
AcDbEntity
  8
DIM
100
AcDbDimension
280
     0
  2
*D58
 10
-14563.26842323332
 20
31192.31265014049
 30
0.0
 11
-14563.26842323338
 21
31301.70387207902
 31
0.0
 12
-237352.661668502
 22
49412.07875907037
 32
0.0
 70
   128
  1
40
 71
     5
 42
218.7824438771932
 73
     0
 74
     0
 75
     0
  3
DIM150
100
AcDbAlignedDimension
 13
-12639.85323853112
 23
31411.09509401768
 33
0.0
 14
-12911.96901574146
 24
31192.31265014049
 34
0.0
 50
90.0
100
AcDbRotatedDimension
  0
DIMENSION
  5
D7C
330
8F9
100
AcDbEntity
  8
DIM
100
AcDbDimension
280
     0
  2
*D59
 10
-14563.26842323332
 20
32942.57220115826
 30
0.0
 11
-14563.26842323338
 21
32833.1809792196
 31
0.0
 12
-237352.661668502
 22
49412.07875907037
 32
0.0
 70
   128
  1
40
 71
     5
 42
218.7824438771932
 73
     0
 74
     0
 75
     0
  3
DIM150
100
AcDbAlignedDimension
 13
-12639.85323853112
 23
32723.78975728108
 33
0.0
 14
-13787.09879125023
 24
32942.57220115827
 34
0.0
 50
270.0
100
AcDbRotatedDimension
  0
HATCH
  5
D7D
330
8F9
100
AcDbEntity
  8
title
 62
     2
100
AcDbHatch
 10
0.0
 20
0.0
 30
0.0
210
0.0
220
0.0
230
1.0
  2
SOLID
 70
     1
 71
     0
 91
        1
 92
        7
 72
     0
 73
     1
 93
        3
 10
-33798.8113619636
 20
33859.26696107187
 10
-34552.10650839165
 20
33859.26696107187
 10
-34552.10650839165
 20
33640.48451719486
 97
        0
 75
     0
 76
     1
 47
2.886239580569019
 98
        1
 10
-34472.01011019081
 20
33735.59017820447
450
        0
451
        0
460
0.0
461
0.0
452
        0
462
0.0
453
        0
470

  0
HATCH
  5
D7E
330
8F9
100
AcDbEntity
  8
title
 62
     2
100
AcDbHatch
 10
0.0
 20
0.0
 30
0.0
210
0.0
220
0.0
230
1.0
  2
SOLID
 70
     1
 71
     0
 91
        3
 92
        7
 72
     1
 73
     1
 93
        3
 10
-34552.10650839165
 20
30881.13750256959
 42
0.0
 10
-34552.10650839165
 20
30663.64312945888
 42
-0.1989123673802077
 10
-34180.82038918298
 20
30509.85138335836
 42
0.0
 97
        0
 92
        7
 72
     1
 73
     1
 93
        4
 10
-34180.82038918298
 20
30509.85138335836
 42
-0.1989123673780315
 10
-34027.02864308629
 20
30138.56526415341
 42
-0.1989123673780011
 10
-34180.82038918298
 20
29767.27914494846
 42
0.0
 10
-33809.53426998176
 20
30138.56526415341
 42
0.0
 97
        0
 92
        7
 72
     1
 73
     1
 93
        3
 10
-34180.82038918298
 20
29767.27914494846
 42
-0.198912367380269
 10
-34552.10650839165
 20
29613.48739884811
 42
0.0
 10
-34552.10650839165
 20
29395.99302573706
 42
0.0
 97
        0
 75
     0
 76
     1
 47
2.119350387690809
 98
        3
 10
-34449.84395945744
 20
30720.2920649178
 10
-33940.75449913155
 20
30173.49973418808
 10
-34462.57094782751
 20
29541.93336741923
450
        0
451
        0
460
0.0
461
0.0
452
        0
462
0.0
453
        0
470

  0
LWPOLYLINE
  5
D7F
330
8F9
100
AcDbEntity
  8
8G
 62
     2
100
AcDbPolyline
 90
        2
 70
     0
 10
-31460.34337301247
 20
32067.4424256495
 40
107.9589755892986
 41
0.0
 10
-31190.44593403928
 20
32067.4424256495
 40
0.0
 41
0.0
  0
LWPOLYLINE
  5
D80
330
8F9
100
AcDbEntity
  8
8G
 62
     2
100
AcDbPolyline
 90
        2
 70
     0
 10
-32043.76322334699
 20
32067.44242564953
 40
107.9589755892986
 41
0.0
 10
-31773.8657843738
 20
32067.44242564953
 40
0.0
 41
0.0
  0
LINE
  5
D81
330
8F9
100
AcDbEntity
  8
8G
100
AcDbLine
 10
13331.26764276184
 20
33174.33220109547
 30
0.0
 11
8498.116677416751
 21
33174.33220109547
 31
0.0
  0
TEXT
  5
D82
330
8F9
100
AcDbEntity
  8
3G
100
AcDbText
 10
-30351.12037196543
 20
-6592.988262953674
 30
0.0
 40
375.0
  1
R.C. WALL 
 41
0.9
  7
100CL
100
AcDbText
  0
LINE
  5
D83
330
8F9
100
AcDbEntity
  8
3G
  6
LEOJ
100
AcDbLine
 10
-31354.57064892093
 20
-7666.284185339319
 30
0.0
 11
-30728.97817863219
 21
-7666.284185339319
 31
0.0
  0
LINE
  5
D84
330
8F9
100
AcDbEntity
  8
3G
  6
LEOJ
100
AcDbLine
 10
-31871.00197256982
 20
-7003.39314690695
 30
0.0
 11
-31871.00197256982
 21
-7666.284185339319
 31
0.0
  0
LINE
  5
D85
330
8F9
100
AcDbEntity
  8
3G
  6
LEOJ
100
AcDbLine
 10
-31354.57064892093
 20
-6951.765247216768
 30
0.0
 11
-31354.57064892093
 21
-7666.284185339319
 31
0.0
  0
TEXT
  5
D86
330
8F9
100
AcDbEntity
  8
3G
100
AcDbText
 10
-30297.5489433936
 20
-7217.98826295379
 30
0.0
 40
375.0
  1
TYPICAL
 41
0.9
  7
100CL
100
AcDbText
  0
LINE
  5
D87
330
8F9
100
AcDbEntity
  8
3G
  6
LEOJ
100
AcDbLine
 10
-31354.57064892093
 20
-8182.715508988215
 30
0.0
 11
-30696.01033024743
 21
-8182.715508988215
 31
0.0
  0
LINE
  5
D88
330
8F9
100
AcDbEntity
  8
2Y
 62
     8
100
AcDbLine
 10
-31649.58731398054
 20
-9927.680250402161
 30
0.0
 11
-30368.09842406513
 21
-9927.680250402161
 31
0.0
  0
INSERT
  5
D89
330
8F9
100
AcDbEntity
  8
TG
100
AcDbBlockReference
  2
ARR-DET
 10
-31914.03791620742
 20
-9376.665303751913
 30
0.0
 41
124.9999999999874
 42
124.9999999999874
 43
124.9999999999874
 50
113.1029517308
  0
SOLID
  5
D8A
330
8F9
100
AcDbEntity
  8
title
 62
     2
100
AcDbTrace
 10
-32984.78391090661
 20
-5829.789237256424
 30
0.0
 11
-32823.6492927286
 21
-5929.83778248608
 31
0.0
 12
-32942.39523215007
 22
-5931.830199402786
 32
0.0
 13
-32678.80341782535
 23
-6074.683657389687
 33
0.0
  0
LINE
  5
D8B
330
8F9
100
AcDbEntity
  8
title
 62
     2
100
AcDbLine
 10
-33724.95175657395
 20
-5028.535318642011
 30
0.0
 11
-32556.40106547225
 21
-6197.086009743013
 31
0.0
  0
SOLID
  5
D8C
330
8F9
100
AcDbEntity
  8
title
 62
     2
100
AcDbTrace
 10
-33140.6764110231
 20
-5612.810664192861
 30
0.0
 11
-32911.22850345608
 21
-5842.258571759011
 31
0.0
 12
-32984.78391090661
 22
-5829.789237256424
 32
0.0
 13
-32823.6492927286
 23
-5929.83778248608
 33
0.0
  0
SOLID
  5
D8D
330
8F9
100
AcDbEntity
  8
title
 62
     2
100
AcDbTrace
 10
-32902.17559820527
 20
-6273.209278584895
 30
0.0
 11
-32556.40106547225
 21
-6197.086009743013
 31
0.0
 12
-32898.66163873553
 22
-6197.086009743013
 32
0.0
 13
-32556.40106547225
 23
-6197.086009743013
 33
0.0
  0
SOLID
  5
D8E
330
8F9
100
AcDbEntity
  8
title
 62
     2
100
AcDbTrace
 10
-32912.95173644481
 20
-6350.093611347402
 30
0.0
 11
-32556.40106547225
 21
-6197.086009743013
 31
0.0
 12
-32902.17559820527
 22
-6273.209278584895
 32
0.0
 13
-32556.40106547225
 23
-6197.086009743013
 33
0.0
  0
SOLID
  5
D8F
330
8F9
100
AcDbEntity
  8
title
 62
     2
100
AcDbTrace
 10
-32942.39523215007
 20
-5931.830199402786
 30
0.0
 11
-32678.80341782535
 21
-6074.683657389687
 31
0.0
 12
-32912.95173644481
 22
-6044.078408139496
 32
0.0
 13
-32556.40106547225
 23
-6197.086009743013
 33
0.0
  0
SOLID
  5
D90
330
8F9
100
AcDbEntity
  8
title
 62
     2
100
AcDbTrace
 10
-32912.95173644481
 20
-6044.078408139496
 30
0.0
 11
-32556.40106547225
 21
-6197.086009743013
 31
0.0
 12
-32902.17559820527
 22
-6120.962740901829
 32
0.0
 13
-32556.40106547225
 23
-6197.086009743013
 33
0.0
  0
SOLID
  5
D91
330
8F9
100
AcDbEntity
  8
title
 62
     2
100
AcDbTrace
 10
-32902.17559820527
 20
-6120.962740901829
 30
0.0
 11
-32556.40106547225
 21
-6197.086009743013
 31
0.0
 12
-32898.66163873553
 22
-6197.086009743013
 32
0.0
 13
-32556.40106547225
 23
-6197.086009743013
 33
0.0
  0
SOLID
  5
D92
330
8F9
100
AcDbEntity
  8
title
 62
     2
100
AcDbTrace
 10
-32942.39523215007
 20
-6462.341820084112
 30
0.0
 11
-32678.80341782535
 21
-6319.48836209721
 31
0.0
 12
-32912.95173644481
 22
-6350.093611347402
 32
0.0
 13
-32556.40106547225
 23
-6197.086009743013
 33
0.0
  0
SOLID
  5
D93
330
8F9
100
AcDbEntity
  8
title
 62
     2
100
AcDbTrace
 10
-33140.6764110231
 20
-5612.810664192861
 30
0.0
 11
-33305.88502436105
 21
-5484.949482952216
 31
0.0
 12
-33313.85988528023
 22
-5439.627189934283
 32
0.0
 13
-33367.26619626229
 23
-5452.22602371787
 33
0.0
  0
SOLID
  5
D94
330
8F9
100
AcDbEntity
  8
title
 62
     2
100
AcDbTrace
 10
-33672.6862637263
 20
-5080.800811488734
 30
0.0
 11
-33647.97043586682
 21
-5374.389689647331
 31
0.0
 12
-33724.95175657395
 22
-5028.535318642011
 32
0.0
 13
-33724.95175657395
 23
-5370.795891904825
 33
0.0
  0
LINE
  5
D95
330
8F9
100
AcDbEntity
  8
title
 62
     2
100
AcDbLine
 10
-33724.95175657395
 20
-5370.795891904825
 30
0.0
 11
-33724.95175657395
 21
-5028.535318642011
 31
0.0
  0
SOLID
  5
D96
330
8F9
100
AcDbEntity
  8
title
 62
     2
100
AcDbTrace
 10
-33604.53701324828
 20
-5148.950061966054
 30
0.0
 11
-33561.75758162534
 21
-5387.071799929806
 31
0.0
 12
-33672.6862637263
 22
-5080.800811488734
 32
0.0
 13
-33647.97043586682
 23
-5374.389689647331
 33
0.0
  0
SOLID
  5
D97
330
8F9
100
AcDbEntity
  8
title
 62
     2
100
AcDbTrace
 10
-33444.59521604955
 20
-5308.891859165247
 30
0.0
 11
-33473.39345403409
 21
-5410.019443778292
 31
0.0
 12
-33604.53701324828
 22
-5148.950061966054
 32
0.0
 13
-33561.75758162534
 23
-5387.071799929806
 33
0.0
  0
SOLID
  5
D98
330
8F9
100
AcDbEntity
  8
title
 62
     2
100
AcDbTrace
 10
-33313.85988528023
 20
-5439.627189934283
 30
0.0
 11
-33367.26619626229
 21
-5452.22602371787
 31
0.0
 12
-33444.59521604955
 22
-5308.891859165247
 32
0.0
 13
-33473.39345403409
 23
-5410.019443778292
 33
0.0
  0
LINE
  5
D99
330
8F9
100
AcDbEntity
  8
SHE
100
AcDbLine
 10
-34653.4272228365
 20
-6249.281802221638
 30
0.0
 11
-35094.06141482733
 21
-6249.281802221638
 31
0.0
  0
LINE
  5
D9A
330
8F9
100
AcDbEntity
  8
title
 62
     5
100
AcDbLine
 10
-33724.95175657395
 20
-7137.462985335936
 30
0.0
 11
-33724.95175657395
 21
-7826.038083534426
 31
0.0
  0
SOLID
  5
D9B
330
8F9
100
AcDbEntity
  8
title
 62
     2
100
AcDbTrace
 10
-33672.6862637263
 20
-7313.371207998163
 30
0.0
 11
-33647.97043586682
 21
-7019.782329839568
 31
0.0
 12
-33724.95175657395
 22
-7365.636700845062
 32
0.0
 13
-33724.95175657395
 23
-7023.376127581375
 33
0.0
  0
LINE
  5
D9C
330
8F9
100
AcDbEntity
  8
title
 62
     2
100
AcDbLine
 10
-33724.95175657395
 20
-7023.376127581375
 30
0.0
 11
-33724.95175657395
 21
-7365.636700845062
 31
0.0
  0
SOLID
  5
D9D
330
8F9
100
AcDbEntity
  8
title
 62
     2
100
AcDbTrace
 10
-33604.53701324828
 20
-7245.221957520844
 30
0.0
 11
-33561.75758162534
 21
-7007.100219557266
 31
0.0
 12
-33672.6862637263
 22
-7313.371207998163
 32
0.0
 13
-33647.97043586682
 23
-7019.782329839568
 33
0.0
  0
SOLID
  5
D9E
330
8F9
100
AcDbEntity
  8
title
 62
     2
100
AcDbTrace
 10
-33444.59521604955
 20
-7085.280160321826
 30
0.0
 11
-33473.39345403409
 21
-6984.152575708431
 31
0.0
 12
-33604.53701324828
 22
-7245.221957520844
 32
0.0
 13
-33561.75758162534
 23
-7007.100219557266
 33
0.0
  0
SOLID
  5
D9F
330
8F9
100
AcDbEntity
  8
title
 62
     2
100
AcDbTrace
 10
-33313.85988528023
 20
-6954.544829552616
 30
0.0
 11
-33367.26619626229
 21
-6941.945995769026
 31
0.0
 12
-33444.59521604955
 22
-7085.280160321826
 32
0.0
 13
-33473.39345403409
 23
-6984.152575708431
 33
0.0
  0
SOLID
  5
DA0
330
8F9
100
AcDbEntity
  8
title
 62
     2
100
AcDbTrace
 10
-33140.6764110231
 20
-6781.361355294037
 30
0.0
 11
-33305.88502436105
 21
-6909.222536534682
 31
0.0
 12
-33313.85988528023
 22
-6954.544829552616
 32
0.0
 13
-33367.26619626229
 23
-6941.945995769026
 33
0.0
  0
LWPOLYLINE
  5
DA1
330
8F9
100
AcDbEntity
  8
4C
100
AcDbPolyline
 90
        2
 70
     1
 43
34.42875490992822
 10
-32470.63737712449
 20
-7325.961950848548
 42
1.0
 10
-32436.20862221459
 20
-7325.961950848548
 42
1.0
  0
LINE
  5
DA2
330
8F9
100
AcDbEntity
  8
3G
  6
LEOJ
100
AcDbLine
 10
-35658.16501266204
 20
-7003.39314690695
 30
0.0
 11
-35658.16501266204
 21
-7666.284185339319
 31
0.0
  0
LWPOLYLINE
  5
DA3
330
8F9
100
AcDbEntity
  8
title
 62
     2
100
AcDbPolyline
 90
        5
 70
     1
 43
0.0
 10
-33724.95175657302
 20
-7023.376127581723
 10
-33724.95175657302
 20
-7365.636700845236
 10
-32556.40106547132
 20
-6197.086009743362
 10
-33724.95175657302
 20
-5028.535318641662
 10
-33724.95175657302
 20
-5370.795891905174
 42
-1.000000000000001
  0
INSERT
  5
DA4
330
8F9
100
AcDbEntity
  8
title
100
AcDbBlockReference
 66
     1
  2
TAG
 10
-33724.95175657395
 20
-6197.086009743013
 30
0.0
 41
1032.862647297821
 42
1032.862647297821
 43
1032.862647297821
  0
ATTRIB
  5
DA5
330
DA4
100
AcDbEntity
  8
title
 62
     2
100
AcDbText
 10
-34419.88817413032
 20
-6596.729978382558
 30
0.0
 40
258.2156618244616
  1
S-04
 41
0.59734486723916
  7
S-SHOWN
 72
     5
 11
-33802.9129732039
 21
-6596.729978382558
 31
0.0
100
AcDbAttribute
280
     0
  2
S-1
 70
     0
280
     0
  0
ATTRIB
  5
DA6
330
DA4
100
AcDbEntity
  8
title
 62
     2
100
AcDbText
 10
-33693.6598720967
 20
-6596.729978382558
 30
0.0
 40
258.2156618244616
  1
S-04
 41
0.601886472645913
  7
S-TAKEN
 72
     5
 11
-33071.99381658688
 21
-6596.729978382558
 31
0.0
100
AcDbAttribute
280
     0
  2
S-1
 70
     0
280
     0
  0
ATTRIB
  5
DA7
330
DA4
100
AcDbEntity
  8
title
 62
     5
100
AcDbText
 10
-34206.95432531295
 20
-6004.159016019285
 30
0.0
 40
361.5019265542462
  1
A20
  7
140CL
 72
     4
 11
-33724.95175657395
 21
-5823.408052742161
 31
0.0
100
AcDbAttribute
280
     0
  2
A
 70
     0
280
     0
  0
SEQEND
  5
DA8
330
DA4
100
AcDbEntity
  8
title
  0
SOLID
  5
DA9
330
8F9
100
AcDbEntity
  8
title
 62
     2
100
AcDbTrace
 10
-32984.78391090661
 20
-6564.382782230474
 30
0.0
 11
-32823.6492927286
 21
-6464.334237000818
 31
0.0
 12
-32942.39523215007
 22
-6462.341820084112
 32
0.0
 13
-32678.80341782535
 23
-6319.48836209721
 33
0.0
  0
LINE
  5
DAA
330
8F9
100
AcDbEntity
  8
title
 62
     2
100
AcDbLine
 10
-33724.95175657395
 20
-7365.636700845062
 30
0.0
 11
-32556.40106547225
 21
-6197.086009743013
 31
0.0
  0
SOLID
  5
DAB
330
8F9
100
AcDbEntity
  8
title
 62
     2
100
AcDbTrace
 10
-33140.6764110231
 20
-6781.361355294037
 30
0.0
 11
-32911.22850345608
 21
-6551.913447727885
 31
0.0
 12
-32984.78391090661
 22
-6564.382782230474
 32
0.0
 13
-32823.6492927286
 23
-6464.334237000818
 33
0.0
  0
LINE
  5
DAC
330
8F9
100
AcDbEntity
  8
3G
  6
LEOJ
100
AcDbLine
 10
-36174.59633631094
 20
-6951.765247216768
 30
0.0
 11
-36174.59633631094
 21
-7666.284185339319
 31
0.0
  0
LINE
  5
DAD
330
8F9
100
AcDbEntity
  8
3G
  6
LEOJ
100
AcDbLine
 10
-36977.62171481896
 20
-7666.284185339319
 30
0.0
 11
-36174.59633631094
 21
-7666.284185339319
 31
0.0
  0
LWPOLYLINE
  5
DAE
330
8F9
100
AcDbEntity
  8
4C
100
AcDbPolyline
 90
        3
 70
     1
 43
0.0
 10
-40205.21488769792
 20
-7381.915611505712
 10
-40533.57543300159
 20
-7381.915611505712
 10
-40369.39516034975
 20
-7666.284185339319
  0
LINE
  5
DAF
330
8F9
100
AcDbEntity
  8
1R
100
AcDbLine
 10
-40535.24104652062
 20
-7666.284185339319
 30
0.0
 11
-37022.03571646681
 21
-7666.284185339319
 31
0.0
  0
TEXT
  5
DB0
330
8F9
100
AcDbEntity
  8
3G
100
AcDbText
 10
-40046.18371406497
 20
-7612.951281902002
 30
0.0
 40
375.0
  1
TYP. 
 41
0.9
  7
100CL
100
AcDbText
  0
TEXT
  5
DB1
330
8F9
100
AcDbEntity
  8
3G
100
AcDbText
 10
-40752.74083107031
 20
-6430.341508212586
 30
0.0
 40
375.0
  1
ROD ON BOTH SIDE
 41
0.9
  7
100CL
100
AcDbText
  0
TEXT
  5
DB2
330
8F9
100
AcDbEntity
  8
3G
100
AcDbText
 10
-40734.88368821304
 20
-5805.34150821247
 30
0.0
 40
375.0
  1
SEALANT W/ BACKER 
 41
0.9
  7
100CL
100
AcDbText
  0
LINE
  5
DB3
330
8F9
100
AcDbEntity
  8
5B
100
AcDbLine
 10
-36008.27651060812
 20
-8958.759253273106
 30
0.0
 11
-35131.25647301806
 21
-8958.759253273106
 31
0.0
  0
ARC
  5
DB4
330
8F9
100
AcDbEntity
  8
2Y
 62
     8
100
AcDbCircle
 10
-32469.8436110492
 20
-9970.213175526559
 30
0.0
 40
62.5
100
AcDbArc
 50
26.65355115311693
 51
161.2381574578261
  0
LWPOLYLINE
  5
DB5
330
8F9
100
AcDbEntity
  8
4C
100
AcDbPolyline
 90
        2
 70
     1
 43
34.42875490992822
 10
-32855.28543846563
 20
-9546.975187381233
 42
1.0
 10
-32820.85668355573
 20
-9546.975187381233
 42
1.0
  0
LINE
  5
DB6
330
8F9
100
AcDbEntity
  8
title
 62
     5
100
AcDbLine
 10
-34661.4313681598
 20
-9603.444090102538
 30
0.0
 11
-35350.00646635864
 21
-9603.444090102538
 31
0.0
  0
LINE
  5
DB7
330
8F9
100
AcDbEntity
  8
title
 62
     5
100
AcDbLine
 10
-35487.72148599822
 20
-9603.444090102538
 30
0.0
 11
-35625.4365056378
 21
-9603.444090102538
 31
0.0
  0
SOLID
  5
DB8
330
8F9
100
AcDbEntity
  8
title
 62
     2
100
AcDbTrace
 10
-34888.66115056511
 20
-9603.444090102538
 30
0.0
 11
-34661.4313681598
 21
-9603.444090102538
 31
0.0
 12
-34888.66115056511
 22
-9603.444090102538
 32
0.0
 13
-34661.4313681598
 23
-8600.805105898093
 33
0.0
  0
LINE
  5
DB9
330
8F9
100
AcDbEntity
  8
title
 62
     2
100
AcDbLine
 10
-34661.4313681598
 20
-8673.867707534315
 30
0.0
 11
-34888.66115056511
 21
-9603.444090102538
 31
0.0
  0
INSERT
  5
DBA
330
8F9
100
AcDbEntity
  8
TG
100
AcDbBlockReference
  2
ARR-DET
 10
-35606.96317884067
 20
-9407.253648800745
 30
0.0
 41
124.9999999999765
 42
124.9999999999765
 43
124.9999999999765
 50
252.5866305001301
  0
LINE
  5
DBB
330
8F9
100
AcDbEntity
  8
title
 62
     2
100
AcDbLine
 10
-34661.4313681598
 20
-9603.444090102538
 30
0.0
 11
-34661.4313681598
 21
-8600.805105898093
 31
0.0
  0
LINE
  5
DBC
330
8F9
100
AcDbEntity
  8
3G
  6
LEOJ
100
AcDbLine
 10
-36902.1485901151
 20
-8182.715508988215
 30
0.0
 11
-36174.59633631094
 21
-8182.715508988215
 31
0.0
  0
LINE
  5
DBD
330
8F9
100
AcDbEntity
  8
title
 62
     5
100
AcDbLine
 10
-36710.45932610354
 20
-9603.444090102538
 30
0.0
 11
-36572.74430646396
 21
-9603.444090102538
 31
0.0
  0
SOLID
  5
DBE
330
8F9
100
AcDbEntity
  8
title
 62
     2
100
AcDbTrace
 10
-37719.66759972667
 20
-9192.352218809393
 30
0.0
 11
-37732.26643351067
 21
-9245.758529790647
 31
0.0
 12
-37588.93226895735
 22
-9323.087549579302
 32
0.0
 13
-37690.05985356935
 23
-9351.885787562437
 33
0.0
  0
SOLID
  5
DBF
330
8F9
100
AcDbEntity
  8
title
 62
     2
100
AcDbTrace
 10
-37892.85107398379
 20
-9019.168744551512
 30
0.0
 11
-37764.98989274373
 21
-9184.377357890335
 31
0.0
 12
-37719.66759972667
 22
-9192.352218809393
 32
0.0
 13
-37732.26643351067
 23
-9245.758529790647
 33
0.0
  0
LINE
  5
DC0
330
8F9
100
AcDbEntity
  8
title
 62
     2
100
AcDbLine
 10
-37650.83630169623
 20
-9603.444090102538
 30
0.0
 11
-37308.57572843294
 21
-9603.444090102538
 31
0.0
  0
SOLID
  5
DC1
330
8F9
100
AcDbEntity
  8
title
 62
     2
100
AcDbTrace
 10
-37360.84122128013
 20
-9551.178597254766
 30
0.0
 11
-37654.43009943955
 21
-9526.462769395118
 31
0.0
 12
-37308.57572843294
 22
-9603.444090102538
 32
0.0
 13
-37650.83630169623
 23
-9603.444090102538
 33
0.0
  0
LINE
  5
DC2
330
8F9
100
AcDbEntity
  8
title
 62
     5
100
AcDbLine
 10
-37536.74944394195
 20
-9603.444090102538
 30
0.0
 11
-36848.17434574358
 21
-9603.444090102538
 31
0.0
  0
SOLID
  5
DC3
330
8F9
100
AcDbEntity
  8
title
 62
     2
100
AcDbTrace
 10
-37428.99047175862
 20
-9483.029346777447
 30
0.0
 11
-37667.11220972074
 21
-9440.249915155145
 31
0.0
 12
-37360.84122128013
 22
-9551.178597254766
 32
0.0
 13
-37654.43009943955
 23
-9526.462769395118
 33
0.0
  0
SOLID
  5
DC4
330
8F9
100
AcDbEntity
  8
title
 62
     2
100
AcDbTrace
 10
-37588.93226895735
 20
-9323.087549579302
 30
0.0
 11
-37690.05985356935
 21
-9351.885787562437
 31
0.0
 12
-37428.99047175862
 22
-9483.029346777447
 32
0.0
 13
-37667.11220972074
 23
-9440.249915155145
 33
0.0
  0
SOLID
  5
DC5
330
8F9
100
AcDbEntity
  8
title
 62
     2
100
AcDbTrace
 10
-39061.4017650855
 20
-9019.168744551512
 30
0.0
 11
-39189.26294632556
 21
-9184.377357890335
 31
0.0
 12
-39234.58523934402
 22
-9192.352218809393
 32
0.0
 13
-39221.98640556048
 23
-9245.758529790647
 33
0.0
  0
SOLID
  5
DC6
330
8F9
100
AcDbEntity
  8
title
 62
     2
100
AcDbTrace
 10
-39593.41161778916
 20
-9551.178597254766
 30
0.0
 11
-39299.82273963114
 21
-9526.462769395118
 31
0.0
 12
-39645.67711063681
 22
-9603.444090102538
 32
0.0
 13
-39303.41653737307
 23
-9603.444090102538
 33
0.0
  0
LINE
  5
DC7
330
8F9
100
AcDbEntity
  8
title
 62
     2
100
AcDbLine
 10
-39303.41653737307
 20
-9603.444090102538
 30
0.0
 11
-39645.67711063681
 21
-9603.444090102538
 31
0.0
  0
SOLID
  5
DC8
330
8F9
100
AcDbEntity
  8
title
 62
     2
100
AcDbTrace
 10
-39525.26236731253
 20
-9483.029346777447
 30
0.0
 11
-39287.14062934901
 21
-9440.249915155145
 31
0.0
 12
-39593.41161778916
 22
-9551.178597254766
 32
0.0
 13
-39299.82273963114
 23
-9526.462769395118
 33
0.0
  0
SOLID
  5
DC9
330
8F9
100
AcDbEntity
  8
title
 62
     2
100
AcDbTrace
 10
-39234.58523934402
 20
-9192.352218809393
 30
0.0
 11
-39221.98640556048
 21
-9245.758529790647
 31
0.0
 12
-39365.32057011334
 22
-9323.087549579302
 32
0.0
 13
-39264.19298550042
 23
-9351.885787562437
 33
0.0
  0
SOLID
  5
DCA
330
8F9
100
AcDbEntity
  8
title
 62
     2
100
AcDbTrace
 10
-39365.32057011334
 20
-9323.087549579302
 30
0.0
 11
-39264.19298550042
 21
-9351.885787562437
 31
0.0
 12
-39525.26236731253
 22
-9483.029346777447
 32
0.0
 13
-39287.14062934901
 23
-9440.249915155145
 33
0.0
  0
INSERT
  5
DCB
330
8F9
100
AcDbEntity
  8
title
100
AcDbBlockReference
 66
     1
  2
TAG
 10
-38477.12641953465
 20
-9603.444090102538
 30
0.0
 41
1032.862647297821
 42
1032.862647297821
 43
1032.862647297821
  0
ATTRIB
  5
DCC
330
DCB
100
AcDbEntity
  8
title
 62
     2
100
AcDbText
 10
-39172.06283709241
 20
-10003.08805874208
 30
0.0
 40
258.2156618244616
  1
S-04
 41
0.59734486723916
  7
S-SHOWN
 72
     5
 11
-38555.08763616599
 21
-10003.08805874208
 31
0.0
100
AcDbAttribute
280
     0
  2
S-1
 70
     0
280
     0
  0
ATTRIB
  5
DCD
330
DCB
100
AcDbEntity
  8
title
 62
     2
100
AcDbText
 10
-38445.83453505926
 20
-10003.08805874208
 30
0.0
 40
258.2156618244616
  1
S-04
 41
0.6018864726463641
  7
S-TAKEN
 72
     5
 11
-37824.16847954897
 21
-10003.08805874208
 31
0.0
100
AcDbAttribute
280
     0
  2
S-1
 70
     0
280
     0
  0
ATTRIB
  5
DCE
330
DCB
100
AcDbEntity
  8
title
 62
     5
100
AcDbText
 10
-38959.12898827364
 20
-9410.517096377763
 30
0.0
 40
361.5019265542462
  1
A16
  7
140CL
 72
     4
 11
-38477.12641953465
 21
-9229.766133100637
 31
0.0
100
AcDbAttribute
280
     0
  2
A
 70
     0
280
     0
  0
SEQEND
  5
DCF
330
DCB
100
AcDbEntity
  8
title
  0
LINE
  5
DD0
330
8F9
100
AcDbEntity
  8
title
 62
     2
100
AcDbLine
 10
-39645.67711063681
 20
-9603.444090102538
 30
0.0
 11
-38477.12641953465
 21
-8434.893399000488
 31
0.0
  0
LWPOLYLINE
  5
DD1
330
8F9
100
AcDbEntity
  8
title
 62
     2
100
AcDbPolyline
 90
        5
 70
     1
 43
0.0
 10
-37650.83630169716
 20
-9603.444090102364
 10
-37308.57572843341
 20
-9603.444090102364
 10
-38477.12641953511
 20
-8434.893399000488
 10
-39645.67711063681
 20
-9603.444090102364
 10
-39303.41653737353
 20
-9603.444090102364
 42
-1.000000000000001
  0
SOLID
  5
DD2
330
8F9
100
AcDbEntity
  8
title
 62
     2
100
AcDbTrace
 10
-38742.38222987598
 20
-8820.887565678772
 30
0.0
 11
-38599.5287718882
 21
-8557.295751353812
 31
0.0
 12
-38630.13402113851
 22
-8791.444069974211
 32
0.0
 13
-38477.12641953465
 23
-8434.893399000488
 33
0.0
  0
SOLID
  5
DD3
330
8F9
100
AcDbEntity
  8
title
 62
     2
100
AcDbTrace
 10
-38630.13402113851
 20
-8791.444069974211
 30
0.0
 11
-38477.12641953465
 21
-8434.893399000488
 31
0.0
 12
-38553.24968837594
 22
-8780.667931735136
 32
0.0
 13
-38477.12641953465
 23
-8434.893399000488
 33
0.0
  0
SOLID
  5
DD4
330
8F9
100
AcDbEntity
  8
title
 62
     2
100
AcDbTrace
 10
-38553.24968837594
 20
-8780.667931735136
 30
0.0
 11
-38477.12641953465
 21
-8434.893399000488
 31
0.0
 12
-38477.12641953465
 22
-8777.153972264176
 32
0.0
 13
-38477.12641953465
 23
-8434.893399000488
 33
0.0
  0
SOLID
  5
DD5
330
8F9
100
AcDbEntity
  8
title
 62
     2
100
AcDbTrace
 10
-38401.00315069381
 20
-8780.667931735136
 30
0.0
 11
-38477.12641953465
 21
-8434.893399000488
 31
0.0
 12
-38477.12641953465
 22
-8777.153972264176
 32
0.0
 13
-38477.12641953465
 23
-8434.893399000488
 33
0.0
  0
SOLID
  5
DD6
330
8F9
100
AcDbEntity
  8
title
 62
     2
100
AcDbTrace
 10
-38324.11881793125
 20
-8791.444069974211
 30
0.0
 11
-38477.12641953465
 21
-8434.893399000488
 31
0.0
 12
-38401.00315069381
 22
-8780.667931735136
 32
0.0
 13
-38477.12641953465
 23
-8434.893399000488
 33
0.0
  0
SOLID
  5
DD7
330
8F9
100
AcDbEntity
  8
title
 62
     2
100
AcDbTrace
 10
-38211.87060919378
 20
-8820.887565678772
 30
0.0
 11
-38354.72406718109
 21
-8557.295751353812
 31
0.0
 12
-38324.11881793125
 22
-8791.444069974211
 32
0.0
 13
-38477.12641953465
 23
-8434.893399000488
 33
0.0
  0
LINE
  5
DD8
330
8F9
100
AcDbEntity
  8
title
 62
     2
100
AcDbLine
 10
-37308.57572843294
 20
-9603.444090102538
 30
0.0
 11
-38477.12641953465
 21
-8434.893399000488
 31
0.0
  0
SOLID
  5
DD9
330
8F9
100
AcDbEntity
  8
title
 62
     2
100
AcDbTrace
 10
-39061.4017650855
 20
-9019.168744551512
 30
0.0
 11
-38831.95385752033
 21
-8789.720836985361
 31
0.0
 12
-38844.42319202211
 22
-8863.276244436596
 32
0.0
 13
-38744.37464679239
 23
-8702.14162625742
 33
0.0
  0
SOLID
  5
DDA
330
8F9
100
AcDbEntity
  8
title
 62
     2
100
AcDbTrace
 10
-37892.85107398379
 20
-9019.168744551512
 30
0.0
 11
-38122.29898155082
 21
-8789.720836985361
 31
0.0
 12
-38109.82964704905
 22
-8863.276244436596
 32
0.0
 13
-38209.8781922783
 23
-8702.14162625742
 33
0.0
  0
SOLID
  5
DDB
330
8F9
100
AcDbEntity
  8
title
 62
     2
100
AcDbTrace
 10
-38844.42319202211
 20
-8863.276244436596
 30
0.0
 11
-38744.37464679239
 21
-8702.14162625742
 31
0.0
 12
-38742.38222987598
 22
-8820.887565678772
 32
0.0
 13
-38599.5287718882
 23
-8557.295751353812
 33
0.0
  0
SOLID
  5
DDC
330
8F9
100
AcDbEntity
  8
title
 62
     2
100
AcDbTrace
 10
-38109.82964704905
 20
-8863.276244436596
 30
0.0
 11
-38209.8781922783
 21
-8702.14162625742
 31
0.0
 12
-38211.87060919378
 22
-8820.887565678772
 32
0.0
 13
-38354.72406718109
 23
-8557.295751353812
 33
0.0
  0
LINE
  5
DDD
330
8F9
100
AcDbEntity
  8
SHE
100
AcDbLine
 10
-35606.96317884067
 20
-9407.253648800745
 30
0.0
 11
-34653.4272228365
 21
-6249.281802221638
 31
0.0
  0
TEXT
  5
DDE
330
8F9
100
AcDbEntity
  8
3G
100
AcDbText
 10
-40087.12934043977
 20
-8223.225876065582
 30
0.0
 40
375.0
  1
FLR. LVL
 41
0.9
  7
100CL
100
AcDbText
  0
INSERT
  5
DDF
330
8F9
100
AcDbEntity
  8
TG
100
AcDbBlockReference
  2
ARR-DET
 10
-35247.61479157975
 20
-8217.144263897528
 30
0.0
 41
124.9999999999843
 42
124.9999999999843
 43
124.9999999999843
 50
253.2568380221573
  0
LINE
  5
DE0
330
8F9
100
AcDbEntity
  8
5B
100
AcDbLine
 10
-33571.013013961
 20
-7910.477987894992
 30
0.0
 11
-33571.013013961
 21
-8535.103109213494
 31
0.0
  0
LINE
  5
DE1
330
8F9
100
AcDbEntity
  8
3G
  6
LEOJ
100
AcDbLine
 10
-35658.16501266204
 20
-7666.284185339319
 30
0.0
 11
-31871.00197256982
 21
-7666.284185339319
 31
0.0
  0
LINE
  5
DE2
330
8F9
100
AcDbEntity
  8
3G
  6
LEOJ
100
AcDbLine
 10
-35658.16501266204
 20
-8182.715508988215
 30
0.0
 11
-31877.8877235518
 21
-8182.715508988215
 31
0.0
  0
LINE
  5
DE3
330
8F9
100
AcDbEntity
  8
5B
100
AcDbLine
 10
-35615.12906902444
 20
-8896.728148125548
 30
0.0
 11
-31914.03791620742
 21
-8896.728148125548
 31
0.0
  0
LINE
  5
DE4
330
8F9
100
AcDbEntity
  8
3G
 48
0.1
100
AcDbLine
 10
-35615.12906902444
 20
-8217.144263898111
 30
0.0
 11
-31914.03791620742
 21
-8217.144263898111
 31
0.0
  0
LINE
  5
DE5
330
8F9
100
AcDbEntity
  8
2Y
 62
     8
100
AcDbLine
 10
-32467.2617865612
 20
-8217.144263898111
 30
0.0
 11
-31649.58731398054
 21
-9927.680250402161
 31
0.0
  0
LINE
  5
DE6
330
8F9
100
AcDbEntity
  8
5B
100
AcDbLine
 10
-31520.8904746242
 20
-8958.759253273106
 30
0.0
 11
-32397.9105122138
 21
-8958.759253273106
 31
0.0
  0
INSERT
  5
DE7
330
8F9
100
AcDbEntity
  8
TG
100
AcDbBlockReference
  2
ARR-DET
 10
-32467.2617865612
 20
-8217.144263898111
 30
0.0
 41
125.0000000000346
 42
125.0000000000346
 43
125.0000000000346
 50
116.4068557588214
  0
LINE
  5
DE8
330
8F9
100
AcDbEntity
  8
3G
  6
LEOJ
100
AcDbLine
 10
-31354.57064892093
 20
-10678.80023995807
 30
0.0
 11
-30753.01968256404
 21
-10678.80023995807
 31
0.0
  0
LINE
  5
DE9
330
8F9
100
AcDbEntity
  8
3G
  6
LEOJ
100
AcDbLine
 10
-31354.57064892093
 20
-11195.23156360697
 30
0.0
 11
-30696.01033024743
 21
-11195.23156360697
 31
0.0
  0
TEXT
  5
DEA
330
8F9
100
AcDbEntity
  8
3G
100
AcDbText
 10
-30344.17299598895
 20
-12575.61042193297
 30
0.0
 40
375.0
  1
BENTONITE 
 41
0.9
  7
100CL
100
AcDbText
  0
TEXT
  5
DEB
330
8F9
100
AcDbEntity
  8
3G
100
AcDbText
 10
-30326.31585313168
 20
-13200.61042193308
 30
0.0
 40
375.0
  1
STRIP
 41
0.9
  7
100CL
100
AcDbText
  0
LINE
  5
DEC
330
8F9
100
AcDbEntity
  8
2Y
 62
     8
100
AcDbLine
 10
-31181.80895743446
 20
-12397.0415050736
 30
0.0
 11
-30368.45625832092
 21
-12397.04150507363
 31
0.0
  0
LINE
  5
DED
330
8F9
100
AcDbEntity
  8
3G
  6
LEOJ
100
AcDbLine
 10
-31354.57064892093
 20
-11195.23156360697
 30
0.0
 11
-31354.57064892093
 21
-12050.07088571667
 31
0.0
  0
LINE
  5
DEE
330
8F9
100
AcDbEntity
  8
3G
  6
LEOJ
100
AcDbLine
 10
-31871.00197256982
 20
-11195.23156360697
 30
0.0
 11
-31871.00197256982
 21
-12148.26686867696
 31
0.0
  0
TEXT
  5
DEF
330
8F9
100
AcDbEntity
  8
3G
100
AcDbText
 10
-30324.92585477766
 20
-10897.88037960281
 30
0.0
 40
375.0
  1
BACKER ROD 
 41
0.9
  7
100CL
100
AcDbText
  0
TEXT
  5
DF0
330
8F9
100
AcDbEntity
  8
3G
100
AcDbText
 10
-30307.06871192038
 20
-11522.88037960275
 30
0.0
 40
375.0
  1
ON BOTH SIDE
 41
0.9
  7
100CL
100
AcDbText
  0
LINE
  5
DF1
330
8F9
100
AcDbEntity
  8
5B
100
AcDbLine
 10
-33571.013013961
 20
-10951.03776105129
 30
0.0
 11
-33571.013013961
 21
-10326.41263973244
 31
0.0
  0
INSERT
  5
DF2
330
8F9
100
AcDbEntity
  8
TG
100
AcDbBlockReference
  2
ARR-DET
 10
-32767.9613360462
 20
-10653.52413337139
 30
0.0
 41
124.9999999999971
 42
124.9999999999971
 43
124.9999999999971
 50
253.0961110309768
  0
LINE
  5
DF3
330
8F9
100
AcDbEntity
  8
title
 62
     5
100
AcDbLine
 10
-33724.95175657395
 20
-11576.64272405274
 30
0.0
 11
-33724.95175657395
 21
-11438.92770441304
 31
0.0
  0
LINE
  5
DF4
330
8F9
100
AcDbEntity
  8
title
 62
     5
100
AcDbLine
 10
-33724.95175657395
 20
-12402.93284189104
 30
0.0
 11
-33724.95175657395
 21
-11714.35774369244
 31
0.0
  0
LINE
  5
DF5
330
8F9
100
AcDbEntity
  8
title
 62
     2
100
AcDbLine
 10
-33724.95175657395
 20
-12402.93284189104
 30
0.0
 11
-32722.31277236875
 21
-12402.93284189104
 31
0.0
  0
SOLID
  5
DF6
330
8F9
100
AcDbEntity
  8
title
 62
     2
100
AcDbTrace
 10
-33724.95175657395
 20
-12175.70305948503
 30
0.0
 11
-33724.95175657395
 21
-12402.93284189104
 31
0.0
 12
-33724.95175657395
 22
-12175.70305948503
 32
0.0
 13
-32722.31277236875
 23
-12402.93284189104
 33
0.0
  0
LINE
  5
DF7
330
8F9
100
AcDbEntity
  8
title
 62
     2
100
AcDbLine
 10
-32795.37537400585
 20
-12402.93284189104
 30
0.0
 11
-33724.95175657395
 21
-12175.70305948503
 31
0.0
  0
LWPOLYLINE
  5
DF8
330
8F9
100
AcDbEntity
  8
4C
100
AcDbPolyline
 90
        2
 70
     1
 43
34.42875490992822
 10
-33219.02683098215
 20
-11647.27031076196
 42
1.0
 10
-33184.59807607226
 20
-11647.27031076196
 42
1.0
  0
LINE
  5
DF9
330
8F9
100
AcDbEntity
  8
3G
  6
LEOJ
100
AcDbLine
 10
-35658.16501266204
 20
-11195.23156360697
 30
0.0
 11
-35658.16501266204
 21
-12062.08677880335
 31
0.0
  0
LINE
  5
DFA
330
8F9
100
AcDbEntity
  8
3G
  6
LEOJ
100
AcDbLine
 10
-36977.62171481896
 20
-10678.80023995807
 30
0.0
 11
-36174.59633631094
 21
-10678.80023995807
 31
0.0
  0
LINE
  5
DFB
330
8F9
100
AcDbEntity
  8
3G
  6
LEOJ
100
AcDbLine
 10
-36890.1278381494
 20
-11195.23156360697
 30
0.0
 11
-36174.59633631094
 21
-11195.23156360697
 31
0.0
  0
LWPOLYLINE
  5
DFC
330
8F9
100
AcDbEntity
  8
4C
100
AcDbPolyline
 90
        3
 70
     1
 43
0.0
 10
-40179.01302576039
 20
-10394.43166612446
 10
-40507.37357106406
 20
-10394.43166612446
 10
-40343.19329841222
 20
-10678.80023995807
  0
LINE
  5
DFD
330
8F9
100
AcDbEntity
  8
1R
100
AcDbLine
 10
-40535.24104652062
 20
-10678.80023995807
 30
0.0
 11
-36999.05570535336
 21
-10678.80023995807
 31
0.0
  0
TEXT
  5
DFE
330
8F9
100
AcDbEntity
  8
3G
100
AcDbText
 10
-40100.22988491991
 20
-11180.84136151944
 30
0.0
 40
375.0
  1
FLR. LVL
 41
0.9
  7
100CL
100
AcDbText
  0
TEXT
  5
DFF
330
8F9
100
AcDbEntity
  8
3G
100
AcDbText
 10
-40059.28425854511
 20
-10570.57173925216
 30
0.0
 40
375.0
  1
TYP. 
 41
0.9
  7
100CL
100
AcDbText
  0
LINE
  5
E00
330
8F9
100
AcDbEntity
  8
3G
  6
LEOJ
100
AcDbLine
 10
-36174.59633631094
 20
-11195.23156360697
 30
0.0
 11
-36174.59633631094
 21
-12148.26686867696
 31
0.0
  0
LINE
  5
E01
330
8F9
100
AcDbEntity
  8
3G
  6
LEOJ
100
AcDbLine
 10
-35658.16501266204
 20
-10678.80023995807
 30
0.0
 11
-31871.00197256982
 21
-10678.80023995807
 31
0.0
  0
LINE
  5
E02
330
8F9
100
AcDbEntity
  8
3G
 48
0.1
100
AcDbLine
 10
-35615.12906902444
 20
-10635.76429632058
 30
0.0
 11
-31914.03791620742
 21
-10635.76429632058
 31
0.0
  0
LINE
  5
E03
330
8F9
100
AcDbEntity
  8
3G
  6
LEOJ
100
AcDbLine
 10
-35658.16501266204
 20
-11195.23156360697
 30
0.0
 11
-31871.00197256982
 21
-11195.23156360697
 31
0.0
  0
HATCH
  5
E04
330
8F9
100
AcDbEntity
  8
SHE
100
AcDbHatch
 10
0.0
 20
0.0
 30
0.0
210
0.0
220
0.0
230
1.0
  2
ANSI31
 70
     0
 71
     0
 91
        5
 92
        7
 72
     0
 73
     1
 93
        4
 10
-32512.36199452795
 20
-7666.284185339202
 10
-35220.63909302253
 20
-7666.284185339202
 10
-35319.53736356899
 20
-8182.715508988097
 10
-32601.80059137635
 20
-8182.715508988097
 97
        0
 92
        7
 72
     0
 73
     1
 93
       29
 10
-35220.63909302253
 20
-7666.284185339202
 10
-35658.16501266204
 20
-7666.284185339202
 10
-35658.16501266204
 20
-7003.393146907066
 10
-35876.66440798269
 20
-7003.393146907066
 10
-35972.83032618577
 20
-6951.765247216652
 10
-36174.59633631094
 20
-6951.765247216652
 10
-36174.59633631094
 20
-7666.284185339202
 10
-36974.70610470904
 20
-7666.284185339202
 10
-36974.27305314803
 20
-7772.410700815003
 10
-36902.1485901151
 20
-7904.585590828647
 10
-36902.1485901151
 20
-8182.715508988097
 10
-36174.59633631094
 20
-8182.715508988097
 10
-36174.59633631094
 20
-10678.80023995784
 10
-36974.27305314803
 20
-10678.80023995784
 10
-36974.27305314803
 20
-10812.43323718753
 10
-36890.1278381494
 20
-10932.59223411439
 10
-36890.1278381494
 20
-11195.23156360685
 10
-36174.59633631094
 20
-11195.23156360685
 10
-36174.59633631094
 20
-12146.74127329056
 10
-35888.68515994839
 20
-12146.19809647053
 10
-35804.53994494976
 20
-12062.08677880323
 10
-35658.16501266204
 20
-12062.08677880323
 10
-35658.16501266204
 20
-11195.23156360685
 10
-33123.5257396593
 20
-11195.23156360685
 10
-33034.08714281089
 20
-10678.80023995784
 10
-35658.16501266204
 20
-10678.80023995784
 10
-35658.16501266204
 20
-8182.715508988097
 10
-35319.53736356899
 20
-8182.715508988097
 10
-35293.75284796787
 20
-8048.072795339132
 97
        0
 92
        7
 72
     0
 73
     1
 93
       17
 10
-30728.97817863219
 20
-7666.284185339202
 10
-31354.57064892093
 20
-7666.284185339202
 10
-31354.57064892093
 20
-6954.51646328668
 10
-31549.19769875586
 20
-6955.329541530199
 10
-31645.36361695893
 20
-7003.393146907066
 10
-31871.00197256982
 20
-7003.393146907066
 10
-31871.00197256982
 20
-7666.284185339202
 10
-32512.36199452795
 20
-7666.284185339202
 10
-32601.80059137635
 20
-8182.715508988097
 10
-31871.00197256982
 20
-8182.715508988097
 10
-31871.00197256982
 20
-9464.491348024544
 10
-31575.65362222606
 20
-10082.34600627664
 10
-31354.57064892093
 20
-10082.34600627664
 10
-31354.57064892093
 20
-8182.715508988097
 10
-30692.91597149635
 20
-8182.715508988097
 10
-30692.91597149635
 20
-8036.760480842174
 10
-30728.97817863219
 20
-7976.680982378631
 97
        0
 92
        7
 72
     0
 73
     1
 93
       13
 10
-30753.01968256358
 20
-10836.46505639117
 10
-30753.01968256358
 20
-10678.80023995784
 10
-31354.57064892093
 20
-10678.80023995784
 10
-31354.57064892093
 20
-10082.34600627664
 10
-31575.65362222606
 20
-10082.34600627664
 10
-31871.00197256982
 20
-9464.491348024544
 10
-31871.00197256982
 20
-10678.80023995784
 10
-32044.2496855126
 20
-10678.80023995784
 10
-31355.96470590515
 20
-12050.07088571667
 10
-31354.57064892093
 20
-12050.07088571667
 10
-31354.57064892093
 20
-11195.23156360685
 10
-30693.43155554563
 20
-11195.23156360685
 10
-30692.91597149635
 20
-11004.68765869501
 97
        0
 92
        7
 72
     0
 73
     1
 93
        8
 10
-32044.2496855126
 20
-10678.80023995784
 10
-33034.08714281089
 20
-10678.80023995784
 10
-33123.5257396593
 20
-11195.23156360685
 10
-31871.00197256982
 20
-11195.23156360685
 10
-31871.00197256982
 20
-12146.19809647053
 10
-31645.36361695847
 20
-12146.19809647053
 10
-31561.21845072109
 20
-12050.07088571667
 10
-31355.96470590515
 20
-12050.07088571667
 97
        0
 75
     0
 76
     1
 52
0.0
 41
1721.437745496411
 77
     0
 78
     1
 53
45.0
 43
-53748.13216853581
 44
-5167.289151514967
 45
-152.1550379038742
 46
152.1550379038743
 79
     0
 47
0.4294171952899216
 98
        5
 10
-34002.01719748203
 20
-7837.707725997053
 10
-35792.01267318727
 20
-7867.276367864542
 10
-31827.39460059322
 20
-7941.197865386929
 10
-31605.49426604828
 20
-10971.97926380319
 10
-32123.26163496936
 20
-11001.54783423964
  0
LWPOLYLINE
  5
E05
330
8F9
100
AcDbEntity
  8
SHE
100
AcDbPolyline
 90
       36
 70
     1
 43
0.0
 10
-36977.62171481896
 20
-6951.765247216652
 10
-35972.83032618577
 20
-6951.765247216652
 10
-35876.66440798269
 20
-7003.393146907066
 10
-34927.02588039564
 20
-7003.393146907066
 10
-34794.79770629548
 20
-6955.329541530199
 10
-32715.20956668045
 20
-6955.329541530199
 10
-32643.08510364752
 20
-7003.393146907066
 10
-31645.36361695893
 20
-7003.393146907066
 10
-31549.19769875586
 20
-6955.329541530199
 10
-30696.01033024697
 20
-6951.765247216652
 10
-30696.01033024697
 20
-7508.060920788063
 10
-30728.97817863219
 20
-7604.188098511165
 10
-30728.97817863219
 20
-7976.680982378631
 10
-30692.91597149635
 20
-8036.760480842174
 10
-30692.91597149635
 20
-9178.270918617695
 10
-30753.01968256358
 20
-9370.52530709465
 10
-30753.01968256358
 20
-10836.46505639117
 10
-30692.91597149635
 20
-11004.68765869501
 10
-30696.01033024697
 20
-12148.26686867684
 10
-31032.30585184341
 20
-12148.26686867684
 10
-31116.45101808079
 20
-12050.07088571667
 10
-31561.21845072109
 20
-12050.07088571667
 10
-31645.36361695893
 20
-12146.19809647053
 10
-32871.47919595076
 20
-12146.19809647053
 10
-32967.64511415383
 20
-12062.08677880323
 10
-35804.53994494976
 20
-12062.08677880323
 10
-35888.68515994839
 20
-12146.19809647053
 10
-36977.62171481896
 20
-12148.26686867684
 10
-36977.62171481896
 20
-11569.43493103943
 10
-36890.1278381494
 20
-11449.27593411246
 10
-36890.1278381494
 20
-10932.59223411439
 10
-36974.27305314803
 20
-10812.43323718753
 10
-36974.27305314803
 20
-8553.444147809729
 10
-36902.1485901151
 20
-8409.253364709643
 10
-36902.1485901151
 20
-7904.585590828647
 10
-36974.27305314803
 20
-7772.410700815003
  0
LINE
  5
E06
330
8F9
100
AcDbEntity
  8
3G
  6
LEOJ
100
AcDbLine
 10
-36174.59633631094
 20
-8182.715508988215
 30
0.0
 11
-36174.59633631094
 21
-10678.80023995807
 31
0.0
  0
LINE
  5
E07
330
8F9
100
AcDbEntity
  8
3G
  6
LEOJ
100
AcDbLine
 10
-35658.16501266204
 20
-8182.715508988215
 30
0.0
 11
-35658.16501266204
 21
-10678.80023995807
 31
0.0
  0
LINE
  5
E08
330
8F9
100
AcDbEntity
  8
3G
 48
0.1
100
AcDbLine
 10
-35615.12906902444
 20
-8217.144263898111
 30
0.0
 11
-35615.12906902444
 21
-10635.76429632058
 31
0.0
  0
LINE
  5
E09
330
8F9
100
AcDbEntity
  8
2Y
 62
     8
100
AcDbLine
 10
-32413.98515161101
 20
-9942.176012524491
 30
0.0
 11
-31181.80895743446
 21
-12397.0415050736
 31
0.0
  0
LINE
  5
E0A
330
8F9
100
AcDbEntity
  8
3G
  6
LEOJ
100
AcDbLine
 10
-31871.00197256982
 20
-8189.601259970077
 30
0.0
 11
-31871.00197256982
 21
-10678.80023995807
 31
0.0
  0
LINE
  5
E0B
330
8F9
100
AcDbEntity
  8
3G
  6
LEOJ
100
AcDbLine
 10
-31354.57064892093
 20
-8182.715508988215
 30
0.0
 11
-31354.57064892093
 21
-10678.80023995807
 31
0.0
  0
LINE
  5
E0C
330
8F9
100
AcDbEntity
  8
3G
 48
0.1
100
AcDbLine
 10
-31914.03791620742
 20
-8217.144263898111
 30
0.0
 11
-31914.03791620742
 21
-10635.76429632058
 31
0.0
  0
LINE
  5
E0D
330
8F9
100
AcDbEntity
  8
2Y
 62
     8
100
AcDbLine
 10
-32767.9613360462
 20
-10653.52413337139
 30
0.0
 11
-32529.02259045813
 21
-9950.110976738011
 31
0.0
  0
LINE
  5
E0E
330
8F9
100
AcDbEntity
  8
5B
100
AcDbLine
 10
-33651.2851752748
 20
-8217.144263898111
 30
0.0
 11
-33651.2851752748
 21
-10635.76429632058
 31
0.0
  0
TEXT
  5
E0F
330
8F9
100
AcDbEntity
  8
3G
100
AcDbText
 10
-30307.06871192038
 20
-10272.88037960269
 30
0.0
 40
375.0
  1
SEALANT W/ 
 41
0.9
  7
100CL
100
AcDbText
  0
LWPOLYLINE
  5
E10
330
8F9
100
AcDbEntity
  8
SHE
100
AcDbPolyline
 90
        3
 70
     0
 43
0.0
 10
-33201.81245352721
 20
-11647.27031076196
 10
-32269.9786183268
 20
-6266.727705111232
 10
-30315.70938969005
 20
-6266.727705111232
  0
LINE
  5
E11
330
8F9
100
AcDbEntity
  8
3G
  6
LEOJ
100
AcDbLine
 10
65293.45238589056
 20
12823.234752783
 30
0.0
 11
65293.45238589056
 21
12108.71581466045
 31
0.0
  0
LINE
  5
E12
330
8F9
100
AcDbEntity
  8
3G
  6
LEOJ
100
AcDbLine
 10
65293.45238589056
 20
12108.71581466045
 30
0.0
 11
66288.87870791254
 21
12108.71581466045
 31
0.0
  0
SOLID
  5
E13
330
8F9
100
AcDbEntity
  8
title
 62
     2
100
AcDbTrace
 10
63663.2391239044
 20
13898.60935860235
 30
0.0
 11
63824.37374208242
 21
13798.56081337269
 31
0.0
 12
63705.62780266235
 22
13796.56839645599
 32
0.0
 13
63969.21961698707
 23
13653.71493846908
 33
0.0
  0
SOLID
  5
E14
330
8F9
100
AcDbEntity
  8
title
 62
     2
100
AcDbTrace
 10
63507.34662378932
 20
14115.58793166591
 30
0.0
 11
63736.79453135494
 21
13886.14002409958
 31
0.0
 12
63663.2391239044
 22
13898.60935860235
 32
0.0
 13
63824.37374208242
 23
13798.56081337269
 33
0.0
  0
SOLID
  5
E15
330
8F9
100
AcDbEntity
  8
title
 62
     2
100
AcDbTrace
 10
63745.84743660575
 20
13455.1893172737
 30
0.0
 11
64091.62196934016
 21
13531.31258611558
 31
0.0
 12
63749.36139607688
 22
13531.31258611558
 32
0.0
 13
64091.62196934016
 23
13531.31258611558
 33
0.0
  0
SOLID
  5
E16
330
8F9
100
AcDbEntity
  8
title
 62
     2
100
AcDbTrace
 10
63735.07129836714
 20
13378.3049845112
 30
0.0
 11
64091.62196934016
 21
13531.31258611558
 31
0.0
 12
63745.84743660575
 22
13455.1893172737
 32
0.0
 13
64091.62196934016
 23
13531.31258611558
 33
0.0
  0
SOLID
  5
E17
330
8F9
100
AcDbEntity
  8
title
 62
     2
100
AcDbTrace
 10
63705.62780266235
 20
13266.05677577448
 30
0.0
 11
63969.21961698707
 21
13408.91023376139
 31
0.0
 12
63735.07129836714
 22
13378.3049845112
 32
0.0
 13
64091.62196934016
 23
13531.31258611558
 33
0.0
  0
SOLID
  5
E18
330
8F9
100
AcDbEntity
  8
title
 62
     2
100
AcDbTrace
 10
63705.62780266235
 20
13796.56839645599
 30
0.0
 11
63969.21961698707
 21
13653.71493846908
 31
0.0
 12
63735.07129836714
 22
13684.32018771927
 32
0.0
 13
64091.62196934016
 23
13531.31258611558
 33
0.0
  0
SOLID
  5
E19
330
8F9
100
AcDbEntity
  8
title
 62
     2
100
AcDbTrace
 10
63735.07129836714
 20
13684.32018771927
 30
0.0
 11
64091.62196934016
 21
13531.31258611558
 31
0.0
 12
63745.84743660575
 22
13607.43585495677
 32
0.0
 13
64091.62196934016
 23
13531.31258611558
 33
0.0
  0
SOLID
  5
E1A
330
8F9
100
AcDbEntity
  8
title
 62
     2
100
AcDbTrace
 10
63745.84743660575
 20
13607.43585495677
 30
0.0
 11
64091.62196934016
 21
13531.31258611558
 31
0.0
 12
63749.36139607688
 22
13531.31258611558
 32
0.0
 13
64091.62196934016
 23
13531.31258611558
 33
0.0
  0
SOLID
  5
E1B
330
8F9
100
AcDbEntity
  8
title
 62
     2
100
AcDbTrace
 10
63507.34662378932
 20
14115.58793166591
 30
0.0
 11
63342.13801045136
 21
14243.44911290656
 31
0.0
 12
63334.1631495308
 22
14288.77140592449
 32
0.0
 13
63280.75683855012
 23
14276.17257214073
 33
0.0
  0
LINE
  5
E1C
330
8F9
100
AcDbEntity
  8
SHE
100
AcDbLine
 10
62045.1526299266
 20
13929.3221255884
 30
0.0
 11
61353.4579410998
 21
13929.3221255884
 31
0.0
  0
SOLID
  5
E1D
330
8F9
100
AcDbEntity
  8
title
 62
     2
100
AcDbTrace
 10
62975.33677108612
 20
14647.59778437004
 30
0.0
 11
63000.05259894559
 21
14354.00890621127
 31
0.0
 12
62923.07127823846
 22
14699.86327721676
 32
0.0
 13
62923.07127823846
 23
14357.60270395395
 33
0.0
  0
LINE
  5
E1E
330
8F9
100
AcDbEntity
  8
title
 62
     2
100
AcDbLine
 10
62923.07127823846
 20
14357.60270395395
 30
0.0
 11
62923.07127823846
 21
14699.86327721676
 31
0.0
  0
SOLID
  5
E1F
330
8F9
100
AcDbEntity
  8
title
 62
     2
100
AcDbTrace
 10
63043.48602156274
 20
14579.44853389254
 30
0.0
 11
63086.26545318568
 21
14341.32679592896
 31
0.0
 12
62975.33677108612
 22
14647.59778437004
 32
0.0
 13
63000.05259894559
 23
14354.00890621127
 33
0.0
  0
SOLID
  5
E20
330
8F9
100
AcDbEntity
  8
title
 62
     2
100
AcDbTrace
 10
63203.42781876147
 20
14419.50673669352
 30
0.0
 11
63174.62958077833
 21
14318.3791520803
 31
0.0
 12
63043.48602156274
 22
14579.44853389254
 32
0.0
 13
63086.26545318568
 23
14341.32679592896
 33
0.0
  0
LINE
  5
E21
330
8F9
100
AcDbEntity
  8
title
 62
     2
100
AcDbLine
 10
62923.07127823846
 20
14699.86327721676
 30
0.0
 11
64091.62196934016
 21
13531.31258611558
 31
0.0
  0
SOLID
  5
E22
330
8F9
100
AcDbEntity
  8
title
 62
     2
100
AcDbTrace
 10
63334.1631495308
 20
14288.77140592449
 30
0.0
 11
63280.75683855012
 21
14276.17257214073
 31
0.0
 12
63203.42781876147
 22
14419.50673669352
 32
0.0
 13
63174.62958077833
 23
14318.3791520803
 33
0.0
  0
LINE
  5
E23
330
8F9
100
AcDbEntity
  8
3G
  6
LEOJ
100
AcDbLine
 10
64777.02106224167
 20
12771.60685309282
 30
0.0
 11
64777.02106224167
 21
12108.71581466045
 31
0.0
  0
SOLID
  5
E24
330
8F9
100
AcDbEntity
  8
title
 62
     2
100
AcDbTrace
 10
63507.34662378932
 20
12947.03724056456
 30
0.0
 11
63342.13801045136
 21
12819.17605932391
 31
0.0
 12
63334.1631495308
 22
12773.85376630616
 32
0.0
 13
63280.75683855012
 23
12786.45260008974
 33
0.0
  0
LINE
  5
E25
330
8F9
100
AcDbEntity
  8
title
 62
     5
100
AcDbLine
 10
62923.07127823846
 20
12590.93561052266
 30
0.0
 11
62923.07127823846
 21
11902.36051232417
 31
0.0
  0
SOLID
  5
E26
330
8F9
100
AcDbEntity
  8
title
 62
     2
100
AcDbTrace
 10
62975.33677108612
 20
12415.02738786061
 30
0.0
 11
63000.05259894559
 21
12708.6162660192
 31
0.0
 12
62923.07127823846
 22
12362.76189501371
 32
0.0
 13
62923.07127823846
 23
12705.02246827722
 33
0.0
  0
LINE
  5
E27
330
8F9
100
AcDbEntity
  8
title
 62
     2
100
AcDbLine
 10
62923.07127823846
 20
12705.02246827722
 30
0.0
 11
62923.07127823846
 21
12362.76189501371
 31
0.0
  0
SOLID
  5
E28
330
8F9
100
AcDbEntity
  8
title
 62
     2
100
AcDbTrace
 10
63043.48602156274
 20
12483.17663833793
 30
0.0
 11
63086.26545318568
 21
12721.29837630151
 31
0.0
 12
62975.33677108612
 22
12415.02738786061
 32
0.0
 13
63000.05259894559
 23
12708.6162660192
 33
0.0
  0
SOLID
  5
E29
330
8F9
100
AcDbEntity
  8
title
 62
     2
100
AcDbTrace
 10
63203.42781876147
 20
12643.11843553695
 30
0.0
 11
63174.62958077833
 21
12744.24602015016
 31
0.0
 12
63043.48602156274
 22
12483.17663833793
 32
0.0
 13
63086.26545318568
 23
12721.29837630151
 33
0.0
  0
SOLID
  5
E2A
330
8F9
100
AcDbEntity
  8
title
 62
     2
100
AcDbTrace
 10
63334.1631495308
 20
12773.85376630616
 30
0.0
 11
63280.75683855012
 21
12786.45260008974
 31
0.0
 12
63203.42781876147
 22
12643.11843553695
 32
0.0
 13
63174.62958077833
 23
12744.24602015016
 33
0.0
  0
INSERT
  5
E2B
330
8F9
100
AcDbEntity
  8
title
100
AcDbBlockReference
 66
     1
  2
TAG
 10
62923.07127823846
 20
13531.31258611558
 30
0.0
 41
1032.862647297821
 42
1032.862647297821
 43
1032.862647297821
  0
ATTRIB
  5
E2C
330
E2B
100
AcDbEntity
  8
title
 62
     2
100
AcDbText
 10
62228.1348606821
 20
13131.66861747604
 30
0.0
 40
258.2156618244616
  1
S-04
 41
0.5973448672378075
  7
S-SHOWN
 72
     5
 11
62845.11006160712
 21
13131.66861747604
 31
0.0
100
AcDbAttribute
280
     0
  2
S-1
 70
     0
280
     0
  0
ATTRIB
  5
E2D
330
E2B
100
AcDbEntity
  8
title
 62
     2
100
AcDbText
 10
62954.36316271431
 20
13131.66861747604
 30
0.0
 40
258.2156618244616
  1
S-04
 41
0.6018864726472656
  7
S-TAKEN
 72
     5
 11
63576.02921822554
 21
13131.66861747604
 31
0.0
100
AcDbAttribute
280
     0
  2
S-1
 70
     0
280
     0
  0
ATTRIB
  5
E2E
330
E2B
100
AcDbEntity
  8
title
 62
     5
100
AcDbText
 10
62449.67589822695
 20
13724.23957983949
 30
0.0
 40
361.5019265542462
  1
A19
  7
140CL
 72
     4
 11
62923.07127823846
 21
13904.99054311661
 31
0.0
100
AcDbAttribute
280
     0
  2
A
 70
     0
280
     0
  0
SEQEND
  5
E2F
330
E2B
100
AcDbEntity
  8
title
  0
LWPOLYLINE
  5
E30
330
8F9
100
AcDbEntity
  8
title
 62
     2
100
AcDbPolyline
 90
        5
 70
     1
 43
0.0
 10
62923.07127823846
 20
12705.02246827705
 10
62923.07127823846
 20
12362.76189501353
 10
64091.62196934016
 20
13531.31258611524
 10
62923.07127823846
 20
14699.86327721711
 10
62923.07127823846
 20
14357.6027039536
 42
-1.000000000000001
  0
SOLID
  5
E31
330
8F9
100
AcDbEntity
  8
title
 62
     2
100
AcDbTrace
 10
63663.2391239044
 20
13164.01581362812
 30
0.0
 11
63824.37374208242
 21
13264.06435885778
 31
0.0
 12
63705.62780266235
 22
13266.05677577448
 32
0.0
 13
63969.21961698707
 23
13408.91023376139
 33
0.0
  0
SOLID
  5
E32
330
8F9
100
AcDbEntity
  8
title
 62
     2
100
AcDbTrace
 10
63507.34662378932
 20
12947.03724056456
 30
0.0
 11
63736.79453135494
 21
13176.48514813088
 31
0.0
 12
63663.2391239044
 22
13164.01581362812
 32
0.0
 13
63824.37374208242
 23
13264.06435885778
 33
0.0
  0
LINE
  5
E33
330
8F9
100
AcDbEntity
  8
title
 62
     2
100
AcDbLine
 10
62923.07127823846
 20
12362.76189501371
 30
0.0
 11
64091.62196934016
 21
13531.31258611558
 31
0.0
  0
LINE
  5
E34
330
8F9
100
AcDbEntity
  8
3G
  6
LEOJ
100
AcDbLine
 10
65293.45238589056
 20
11592.28449101155
 30
0.0
 11
66321.84655629776
 21
11592.28449101155
 31
0.0
  0
LINE
  5
E35
330
8F9
100
AcDbEntity
  8
2Y
 62
     8
100
AcDbLine
 10
65070.89517112009
 20
9695.728438287188
 30
0.0
 11
66463.33138280761
 21
9695.728438287188
 31
0.0
  0
LINE
  5
E36
330
8F9
100
AcDbEntity
  8
title
 62
     5
100
AcDbLine
 10
62923.07127823846
 20
11764.64549268447
 30
0.0
 11
62923.07127823846
 21
11626.93047304477
 31
0.0
  0
TEXT
  5
E37
330
8F9
100
AcDbEntity
  8
TG
100
AcDbText
 10
62619.81226277005
 20
10578.95021758481
 30
0.0
 40
375.0
  1
WINDOW
 41
0.8
  7
FRED
100
AcDbText
  0
ARC
  5
E38
330
8F9
100
AcDbEntity
  8
2Y
 62
     8
100
AcDbCircle
 10
63821.82483207926
 20
9703.551747487537
 30
0.0
 40
62.5
100
AcDbArc
 50
26.65355115311693
 51
161.2381574578261
  0
INSERT
  5
E39
330
8F9
100
AcDbEntity
  8
TG
100
AcDbBlockReference
  2
ARR-DET
 10
64777.02106224167
 20
10308.58574666586
 30
0.0
 41
124.9999999999996
 42
124.9999999999996
 43
124.9999999999996
 50
115.9303266386425
  0
LINE
  5
E3A
330
8F9
100
AcDbEntity
  8
title
 62
     5
100
AcDbLine
 10
62468.59423539115
 20
10408.82187541658
 30
0.0
 11
61780.01913719231
 21
10408.82187541658
 31
0.0
  0
LINE
  5
E3B
330
8F9
100
AcDbEntity
  8
title
 62
     5
100
AcDbLine
 10
61642.30411755273
 20
10408.82187541658
 30
0.0
 11
61504.58909791315
 21
10408.82187541658
 31
0.0
  0
LINE
  5
E3C
330
8F9
100
AcDbEntity
  8
1R
 48
0.1
100
AcDbLine
 10
61721.46906398588
 20
11161.92505463739
 30
0.0
 11
64045.41002040569
 21
9870.846745515155
 31
0.0
  0
LINE
  5
E3D
330
8F9
100
AcDbEntity
  8
1R
 48
0.1
100
AcDbLine
 10
61721.46906398588
 20
9870.846745515155
 30
0.0
 11
64045.41002040569
 21
11161.92505463739
 31
0.0
  0
LWPOLYLINE
  5
E3E
330
8F9
100
AcDbEntity
  8
3G
 48
0.1
100
AcDbPolyline
 90
        4
 70
     1
 43
0.0
 10
61721.46906398588
 20
9870.846745515272
 10
64045.41002040615
 20
9870.846745515272
 10
64045.41002040615
 20
11161.92505463751
 10
61721.46906398588
 20
11161.92505463751
  0
SOLID
  5
E3F
330
8F9
100
AcDbEntity
  8
title
 62
     2
100
AcDbTrace
 10
62241.36445298584
 20
10408.82187541658
 30
0.0
 11
62468.59423539115
 21
10408.82187541658
 31
0.0
 12
62241.36445298584
 22
10408.82187541658
 32
0.0
 13
62468.59423539115
 23
11411.46085962085
 33
0.0
  0
LINE
  5
E40
330
8F9
100
AcDbEntity
  8
title
 62
     2
100
AcDbLine
 10
62468.59423539115
 20
11338.39825798481
 30
0.0
 11
62241.36445298584
 21
10408.82187541658
 31
0.0
  0
LINE
  5
E41
330
8F9
100
AcDbEntity
  8
title
 62
     2
100
AcDbLine
 10
62468.59423539115
 20
10408.82187541658
 30
0.0
 11
62468.59423539115
 21
11411.46085962085
 31
0.0
  0
INSERT
  5
E42
330
8F9
100
AcDbEntity
  8
TG
100
AcDbBlockReference
  2
ARR-DET
 10
64386.02025743367
 20
11123.99511268028
 30
0.0
 41
125.0000000000044
 42
125.0000000000044
 43
125.0000000000044
 50
115.2006931588071
  0
LINE
  5
E43
330
8F9
100
AcDbEntity
  8
2Y
 62
     8
100
AcDbLine
 10
64386.02025743367
 20
11123.99511268028
 30
0.0
 11
65070.89517112009
 21
9695.728438287188
 31
0.0
  0
TEXT
  5
E44
330
8F9
100
AcDbEntity
  8
3G
100
AcDbText
 10
55757.56446898941
 20
13749.03225405936
 30
0.0
 40
375.0
  1
SEALANT W/ BACKER 
 41
0.9
  7
100CL
100
AcDbText
  0
LINE
  5
E45
330
8F9
100
AcDbEntity
  8
3G
  6
LEOJ
100
AcDbLine
 10
60989.85802214945
 20
12771.60685309282
 30
0.0
 11
60989.85802214945
 21
12108.71581466045
 31
0.0
  0
LINE
  5
E46
330
8F9
100
AcDbEntity
  8
3G
  6
LEOJ
100
AcDbLine
 10
60473.42669850055
 20
12823.234752783
 30
0.0
 11
60473.42669850055
 21
12108.71581466045
 31
0.0
  0
LINE
  5
E47
330
8F9
100
AcDbEntity
  8
3G
  6
LEOJ
100
AcDbLine
 10
59433.70771599727
 20
12108.71581466045
 30
0.0
 11
60473.42669850055
 21
12108.71581466045
 31
0.0
  0
TEXT
  5
E48
330
8F9
100
AcDbEntity
  8
3G
100
AcDbText
 10
57803.93365858055
 20
12142.92754478266
 30
0.0
 40
375.0
  1
TYP. FLR 
 41
0.9
  7
100CL
100
AcDbText
  0
TEXT
  5
E49
330
8F9
100
AcDbEntity
  8
3G
100
AcDbText
 10
55739.70732613259
 20
13124.03225405942
 30
0.0
 40
375.0
  1
ROD ON BOTH SIDE
 41
0.9
  7
100CL
100
AcDbText
  0
LINE
  5
E4A
330
8F9
100
AcDbEntity
  8
1R
100
AcDbLine
 10
57385.01700307734
 20
12108.71581466045
 30
0.0
 11
59343.99801160747
 21
12108.71581466045
 31
0.0
  0
LWPOLYLINE
  5
E4B
330
8F9
100
AcDbEntity
  8
4C
100
AcDbPolyline
 90
        3
 70
     1
 43
0.0
 10
57640.98961658243
 20
12298.29486388285
 10
57422.08258637998
 20
12298.29486388285
 10
57531.5361014812
 20
12108.71581466056
  0
LINE
  5
E4C
330
8F9
100
AcDbEntity
  8
3G
  6
LEOJ
100
AcDbLine
 10
59509.18084070113
 20
11592.28449101155
 30
0.0
 11
60473.42669850055
 21
11592.28449101155
 31
0.0
  0
LINE
  5
E4D
330
8F9
100
AcDbEntity
  8
title
 62
     5
100
AcDbLine
 10
59697.68002445416
 20
10408.82187541658
 30
0.0
 11
59835.39504409375
 21
10408.82187541658
 31
0.0
  0
INSERT
  5
E4E
330
8F9
100
AcDbEntity
  8
TG
100
AcDbBlockReference
  2
ARR-DET
 10
61039.77971676949
 20
10196.06991857957
 30
0.0
 41
125.0000000000005
 42
125.0000000000005
 43
125.0000000000005
 50
252.6032002081327
  0
SOLID
  5
E4F
330
8F9
100
AcDbEntity
  8
title
 62
     2
100
AcDbTrace
 10
57346.73758547174
 20
10993.09722096761
 30
0.0
 11
57218.87640423214
 21
10827.88860762879
 31
0.0
 12
57173.55411121508
 22
10819.91374670973
 32
0.0
 13
57186.15294499861
 23
10766.50743572847
 33
0.0
  0
SOLID
  5
E50
330
8F9
100
AcDbEntity
  8
title
 62
     2
100
AcDbTrace
 10
56814.72773276854
 20
10461.08736826436
 30
0.0
 11
57108.31661092795
 21
10485.803196124
 31
0.0
 12
56762.46223992088
 22
10408.82187541658
 32
0.0
 13
57104.72281318463
 23
10408.82187541658
 33
0.0
  0
SOLID
  5
E51
330
8F9
100
AcDbEntity
  8
title
 62
     2
100
AcDbTrace
 10
56882.87698324656
 20
10529.23661874167
 30
0.0
 11
57120.99872120869
 21
10572.0160503638
 31
0.0
 12
56814.72773276854
 22
10461.08736826436
 32
0.0
 13
57108.31661092795
 23
10485.803196124
 33
0.0
  0
LINE
  5
E52
330
8F9
100
AcDbEntity
  8
title
 62
     2
100
AcDbLine
 10
57104.72281318463
 20
10408.82187541658
 30
0.0
 11
56762.46223992088
 21
10408.82187541658
 31
0.0
  0
SOLID
  5
E53
330
8F9
100
AcDbEntity
  8
title
 62
     2
100
AcDbTrace
 10
57173.55411121508
 20
10819.91374670973
 30
0.0
 11
57186.15294499861
 21
10766.50743572847
 31
0.0
 12
57042.81878044436
 22
10689.17841593982
 32
0.0
 13
57143.94636505728
 23
10660.38017795668
 33
0.0
  0
SOLID
  5
E54
330
8F9
100
AcDbEntity
  8
title
 62
     2
100
AcDbTrace
 10
57042.81878044436
 20
10689.17841593982
 30
0.0
 11
57143.94636505728
 21
10660.38017795668
 31
0.0
 12
56882.87698324656
 22
10529.23661874167
 32
0.0
 13
57120.99872120869
 23
10572.0160503638
 33
0.0
  0
SOLID
  5
E55
330
8F9
100
AcDbEntity
  8
title
 62
     2
100
AcDbTrace
 10
58515.2882765739
 20
10993.09722096761
 30
0.0
 11
58643.14945781397
 21
10827.88860762879
 31
0.0
 12
58688.47175083242
 22
10819.91374670973
 32
0.0
 13
58675.87291704889
 23
10766.50743572847
 33
0.0
  0
LINE
  5
E56
330
8F9
100
AcDbEntity
  8
title
 62
     2
100
AcDbLine
 10
58757.30304886101
 20
10408.82187541658
 30
0.0
 11
59099.56362212476
 21
10408.82187541658
 31
0.0
  0
SOLID
  5
E57
330
8F9
100
AcDbEntity
  8
title
 62
     2
100
AcDbTrace
 10
59047.2981292771
 20
10461.08736826436
 30
0.0
 11
58753.70925111909
 21
10485.803196124
 31
0.0
 12
59099.56362212476
 22
10408.82187541658
 32
0.0
 13
58757.30304886101
 23
10408.82187541658
 33
0.0
  0
SOLID
  5
E58
330
8F9
100
AcDbEntity
  8
title
 62
     2
100
AcDbTrace
 10
58979.14887880047
 20
10529.23661874167
 30
0.0
 11
58741.02714083695
 21
10572.0160503638
 31
0.0
 12
59047.2981292771
 22
10461.08736826436
 32
0.0
 13
58753.70925111909
 23
10485.803196124
 33
0.0
  0
SOLID
  5
E59
330
8F9
100
AcDbEntity
  8
title
 62
     2
100
AcDbTrace
 10
58819.20708160174
 20
10689.17841593982
 30
0.0
 11
58718.07949698835
 21
10660.38017795668
 31
0.0
 12
58979.14887880047
 22
10529.23661874167
 32
0.0
 13
58741.02714083695
 23
10572.0160503638
 33
0.0
  0
SOLID
  5
E5A
330
8F9
100
AcDbEntity
  8
title
 62
     2
100
AcDbTrace
 10
58688.47175083242
 20
10819.91374670973
 30
0.0
 11
58675.87291704889
 21
10766.50743572847
 31
0.0
 12
58819.20708160174
 22
10689.17841593982
 32
0.0
 13
58718.07949698835
 23
10660.38017795668
 33
0.0
  0
LINE
  5
E5B
330
8F9
100
AcDbEntity
  8
title
 62
     5
100
AcDbLine
 10
58871.38990661575
 20
10408.82187541658
 30
0.0
 11
59559.96500481412
 21
10408.82187541658
 31
0.0
  0
LINE
  5
E5C
330
8F9
100
AcDbEntity
  8
title
 62
     2
100
AcDbLine
 10
56762.46223992088
 20
10408.82187541658
 30
0.0
 11
57931.01293102306
 21
11577.37256651863
 31
0.0
  0
SOLID
  5
E5D
330
8F9
100
AcDbEntity
  8
title
 62
     2
100
AcDbTrace
 10
57665.75712068172
 20
11191.37839984035
 30
0.0
 11
57808.6105786695
 21
11454.97021416531
 31
0.0
 12
57778.00532941919
 22
11220.82189554491
 32
0.0
 13
57931.01293102306
 23
11577.37256651863
 33
0.0
  0
SOLID
  5
E5E
330
8F9
100
AcDbEntity
  8
title
 62
     2
100
AcDbTrace
 10
57778.00532941919
 20
11220.82189554491
 30
0.0
 11
57931.01293102306
 21
11577.37256651863
 31
0.0
 12
57854.88966218175
 22
11231.59803378398
 32
0.0
 13
57931.01293102306
 23
11577.37256651863
 33
0.0
  0
SOLID
  5
E5F
330
8F9
100
AcDbEntity
  8
title
 62
     2
100
AcDbTrace
 10
57854.88966218175
 20
11231.59803378398
 30
0.0
 11
57931.01293102306
 21
11577.37256651863
 31
0.0
 12
57931.01293102306
 22
11235.11199325495
 32
0.0
 13
57931.01293102306
 23
11577.37256651863
 33
0.0
  0
SOLID
  5
E60
330
8F9
100
AcDbEntity
  8
title
 62
     2
100
AcDbTrace
 10
58007.13619986389
 20
11231.59803378398
 30
0.0
 11
57931.01293102306
 21
11577.37256651863
 31
0.0
 12
57931.01293102306
 22
11235.11199325495
 32
0.0
 13
57931.01293102306
 23
11577.37256651863
 33
0.0
  0
SOLID
  5
E61
330
8F9
100
AcDbEntity
  8
title
 62
     2
100
AcDbTrace
 10
58084.02053262645
 20
11220.82189554491
 30
0.0
 11
57931.01293102306
 21
11577.37256651863
 31
0.0
 12
58007.13619986389
 22
11231.59803378398
 32
0.0
 13
57931.01293102306
 23
11577.37256651863
 33
0.0
  0
SOLID
  5
E62
330
8F9
100
AcDbEntity
  8
title
 62
     2
100
AcDbTrace
 10
58196.26874136392
 20
11191.37839984035
 30
0.0
 11
58053.41528337661
 21
11454.97021416531
 31
0.0
 12
58084.02053262645
 22
11220.82189554491
 32
0.0
 13
57931.01293102306
 23
11577.37256651863
 33
0.0
  0
LWPOLYLINE
  5
E63
330
8F9
100
AcDbEntity
  8
title
 62
     2
100
AcDbPolyline
 90
        5
 70
     1
 43
0.0
 10
58757.30304886147
 20
10408.82187541676
 10
59099.56362212476
 20
10408.82187541676
 10
57931.01293102306
 20
11577.37256651846
 10
56762.46223992135
 20
10408.82187541676
 10
57104.7228131851
 20
10408.82187541676
 42
-1.000000000000001
  0
LINE
  5
E64
330
8F9
100
AcDbEntity
  8
title
 62
     2
100
AcDbLine
 10
59099.56362212476
 20
10408.82187541658
 30
0.0
 11
57931.01293102306
 21
11577.37256651863
 31
0.0
  0
SOLID
  5
E65
330
8F9
100
AcDbEntity
  8
title
 62
     2
100
AcDbTrace
 10
57563.71615853699
 20
11148.98972108253
 30
0.0
 11
57663.7647037653
 21
11310.1243392617
 31
0.0
 12
57665.75712068172
 22
11191.37839984035
 32
0.0
 13
57808.6105786695
 23
11454.97021416531
 33
0.0
  0
SOLID
  5
E66
330
8F9
100
AcDbEntity
  8
title
 62
     2
100
AcDbTrace
 10
57346.73758547174
 20
10993.09722096761
 30
0.0
 11
57576.18549303876
 21
11222.54512853376
 31
0.0
 12
57563.71615853699
 22
11148.98972108253
 32
0.0
 13
57663.7647037653
 23
11310.1243392617
 33
0.0
  0
SOLID
  5
E67
330
8F9
100
AcDbEntity
  8
title
 62
     2
100
AcDbTrace
 10
58515.2882765739
 20
10993.09722096761
 30
0.0
 11
58285.84036900828
 21
11222.54512853376
 31
0.0
 12
58298.30970351052
 22
11148.98972108253
 32
0.0
 13
58198.2611582808
 23
11310.1243392617
 33
0.0
  0
SOLID
  5
E68
330
8F9
100
AcDbEntity
  8
title
 62
     2
100
AcDbTrace
 10
58298.30970351052
 20
11148.98972108253
 30
0.0
 11
58198.2611582808
 21
11310.1243392617
 31
0.0
 12
58196.26874136392
 22
11191.37839984035
 32
0.0
 13
58053.41528337661
 23
11454.97021416531
 33
0.0
  0
TEXT
  5
E69
330
8F9
100
AcDbEntity
  8
3G
100
AcDbText
 10
57750.3622300092
 20
11517.92754478255
 30
0.0
 40
375.0
  1
LVL
 41
0.9
  7
100CL
100
AcDbText
  0
LINE
  5
E6A
330
8F9
100
AcDbEntity
  8
3G
  6
LEOJ
100
AcDbLine
 10
60989.85802214945
 20
12108.71581466045
 30
0.0
 11
64777.02106224167
 21
12108.71581466045
 31
0.0
  0
LINE
  5
E6B
330
8F9
100
AcDbEntity
  8
3G
  6
LEOJ
100
AcDbLine
 10
60989.85802214945
 20
11592.28449101155
 30
0.0
 11
64777.02106224167
 21
11592.28449101155
 31
0.0
  0
LINE
  5
E6C
330
8F9
100
AcDbEntity
  8
3G
 48
0.1
100
AcDbLine
 10
61032.89396578705
 20
11535.80696337801
 30
0.0
 11
64733.98511860453
 21
11535.80696337801
 31
0.0
  0
LINE
  5
E6D
330
8F9
100
AcDbEntity
  8
SHE
100
AcDbLine
 10
61039.77971676949
 20
10196.06991857957
 30
0.0
 11
62045.1526299266
 21
13929.3221255884
 31
0.0
  0
LINE
  5
E6E
330
8F9
100
AcDbEntity
  8
3G
  6
LEOJ
100
AcDbLine
 10
65293.45238589056
 20
9096.199760041695
 30
0.0
 11
66264.83720398068
 21
9096.199760041695
 31
0.0
  0
LINE
  5
E6F
330
8F9
100
AcDbEntity
  8
3G
  6
LEOJ
100
AcDbLine
 10
65293.45238589056
 20
8579.768436392798
 30
0.0
 11
66321.84655629776
 21
8579.768436392798
 31
0.0
  0
TEXT
  5
E70
330
8F9
100
AcDbEntity
  8
3G
100
AcDbText
 10
66506.50395209508
 20
8725.528309086717
 30
0.0
 40
375.0
  1
BACKER ROD 
 41
0.9
  7
FRED
100
AcDbText
  0
TEXT
  5
E71
330
8F9
100
AcDbEntity
  8
3G
100
AcDbText
 10
66485.17389574626
 20
6370.919899344299
 30
0.0
 40
375.0
  1
STRIP
 41
0.9
  7
FRED
100
AcDbText
  0
TEXT
  5
E72
330
8F9
100
AcDbEntity
  8
3G
100
AcDbText
 10
66467.31675288899
 20
6995.919899344241
 30
0.0
 40
375.0
  1
BENTONITE 
 41
0.9
  7
FRED
100
AcDbText
  0
LINE
  5
E73
330
8F9
100
AcDbEntity
  8
3G
  6
LEOJ
100
AcDbLine
 10
65293.45238589056
 20
8579.768436392798
 30
0.0
 11
65293.45238589056
 21
7724.929114282975
 31
0.0
  0
INSERT
  5
E74
330
8F9
100
AcDbEntity
  8
TG
100
AcDbBlockReference
  2
ARR-DET
 10
63546.83247584643
 20
9146.121454661274
 30
0.0
 41
124.9999999999957
 42
124.9999999999957
 43
124.9999999999957
 50
250.5308165448809
  0
LINE
  5
E75
330
8F9
100
AcDbEntity
  8
title
 62
     5
100
AcDbLine
 10
62923.07127823846
 20
8198.357275947026
 30
0.0
 11
62923.07127823846
 21
8336.072295586724
 31
0.0
  0
LINE
  5
E76
330
8F9
100
AcDbEntity
  8
title
 62
     5
100
AcDbLine
 10
62923.07127823846
 20
7372.067158108723
 30
0.0
 11
62923.07127823846
 21
8060.642256307328
 31
0.0
  0
LINE
  5
E77
330
8F9
100
AcDbEntity
  8
title
 62
     2
100
AcDbLine
 10
62923.07127823846
 20
7372.067158108723
 30
0.0
 11
63925.7102624418
 21
7372.067158108723
 31
0.0
  0
SOLID
  5
E78
330
8F9
100
AcDbEntity
  8
title
 62
     2
100
AcDbTrace
 10
62923.07127823846
 20
7599.29694051473
 30
0.0
 11
62923.07127823846
 21
7372.067158108723
 31
0.0
 12
62923.07127823846
 22
7599.29694051473
 32
0.0
 13
63925.7102624418
 23
7372.067158108723
 33
0.0
  0
LINE
  5
E79
330
8F9
100
AcDbEntity
  8
title
 62
     2
100
AcDbLine
 10
63852.64766080657
 20
7372.067158108723
 30
0.0
 11
62923.07127823846
 21
7599.29694051473
 31
0.0
  0
LINE
  5
E7A
330
8F9
100
AcDbEntity
  8
3G
  6
LEOJ
100
AcDbLine
 10
64777.02106224167
 20
8579.768436392798
 30
0.0
 11
64777.02106224167
 21
7626.733131322922
 31
0.0
  0
LINE
  5
E7B
330
8F9
100
AcDbEntity
  8
2Y
 62
     8
100
AcDbLine
 10
64680.3904165996
 20
7152.682238812937
 30
0.0
 11
66443.03349055748
 21
7152.682238812937
 31
0.0
  0
LINE
  5
E7C
330
8F9
100
AcDbEntity
  8
3G
  6
LEOJ
100
AcDbLine
 10
59433.70771599727
 20
9096.199760041695
 30
0.0
 11
60473.42669850055
 21
9096.199760041695
 31
0.0
  0
LINE
  5
E7D
330
8F9
100
AcDbEntity
  8
3G
  6
LEOJ
100
AcDbLine
 10
59521.20159266682
 20
8579.768436392798
 30
0.0
 11
60473.42669850055
 21
8579.768436392798
 31
0.0
  0
TEXT
  5
E7E
330
8F9
100
AcDbEntity
  8
3G
100
AcDbText
 10
57816.59550433492
 20
9136.423850028746
 30
0.0
 40
375.0
  1
TYP. 
 41
0.9
  7
100CL
100
AcDbText
  0
TEXT
  5
E7F
330
8F9
100
AcDbEntity
  8
3G
100
AcDbText
 10
57763.02407576309
 20
8511.423850028631
 30
0.0
 40
375.0
  1
FLR LVL
 41
0.9
  7
100CL
100
AcDbText
  0
LWPOLYLINE
  5
E80
330
8F9
100
AcDbEntity
  8
4C
100
AcDbPolyline
 90
        3
 70
     1
 43
0.0
 10
57667.19147852042
 20
9285.778809264215
 10
57448.28444831798
 20
9285.778809264215
 10
57557.7379634192
 20
9096.199760041811
  0
LINE
  5
E81
330
8F9
100
AcDbEntity
  8
3G
  6
LEOJ
100
AcDbLine
 10
60473.42669850055
 20
8579.768436392798
 30
0.0
 11
60473.42669850055
 21
7626.733131322922
 31
0.0
  0
LINE
  5
E82
330
8F9
100
AcDbEntity
  8
3G
  6
LEOJ
100
AcDbLine
 10
60989.85802214945
 20
8579.768436392798
 30
0.0
 11
60989.85802214945
 21
7712.913221196417
 31
0.0
  0
LINE
  5
E83
330
8F9
100
AcDbEntity
  8
1R
100
AcDbLine
 10
57385.01700307734
 20
9096.199760041695
 30
0.0
 11
59343.99801160747
 21
9096.199760041695
 31
0.0
  0
LINE
  5
E84
330
8F9
100
AcDbEntity
  8
3G
  6
LEOJ
100
AcDbLine
 10
60989.85802214945
 20
9096.199760041695
 30
0.0
 11
64777.02106224167
 21
9096.199760041695
 31
0.0
  0
LINE
  5
E85
330
8F9
100
AcDbEntity
  8
3G
 48
0.1
100
AcDbLine
 10
61032.89396578705
 20
9139.235703679181
 30
0.0
 11
64733.98511860453
 21
9139.235703679181
 31
0.0
  0
LINE
  5
E86
330
8F9
100
AcDbEntity
  8
3G
  6
LEOJ
100
AcDbLine
 10
60989.85802214945
 20
8579.768436392798
 30
0.0
 11
64777.02106224167
 21
8579.768436392798
 31
0.0
  0
INSERT
  5
E87
330
8F9
100
AcDbEntity
  8
title
100
AcDbBlockReference
 66
     1
  2
TAG
 10
57931.01293102306
 20
10408.82187541658
 30
0.0
 41
1032.862647297821
 42
1032.862647297821
 43
1032.862647297821
  0
ATTRIB
  5
E88
330
E87
100
AcDbEntity
  8
title
 62
     2
100
AcDbText
 10
57236.07651346669
 20
10009.17790677704
 30
0.0
 40
258.2156618244616
  1
S-04
 41
0.5973448672373566
  7
S-SHOWN
 72
     5
 11
57853.05171439124
 21
10009.17790677704
 31
0.0
100
AcDbAttribute
280
     0
  2
S-1
 70
     0
280
     0
  0
ATTRIB
  5
E89
330
E87
100
AcDbEntity
  8
title
 62
     2
100
AcDbText
 10
57962.30481549891
 20
10009.17790677704
 30
0.0
 40
258.2156618244616
  1
S-04
 41
0.6018864726472656
  7
S-TAKEN
 72
     5
 11
58583.97087101012
 21
10009.17790677704
 31
0.0
100
AcDbAttribute
280
     0
  2
S-1
 70
     0
280
     0
  0
ATTRIB
  5
E8A
330
E87
100
AcDbEntity
  8
title
 62
     5
100
AcDbText
 10
57449.01036228406
 20
10601.74886914118
 30
0.0
 40
361.5019265542462
  1
A16
  7
140CL
 72
     4
 11
57931.01293102306
 21
10782.49983241831
 31
0.0
100
AcDbAttribute
280
     0
  2
A
 70
     0
280
     0
  0
SEQEND
  5
E8B
330
E87
100
AcDbEntity
  8
title
  0
TEXT
  5
E8C
330
8F9
100
AcDbEntity
  8
3G
100
AcDbText
 10
66524.36109495235
 20
9350.528309086659
 30
0.0
 40
375.0
  1
SEALANT W/ 
 41
0.9
  7
FRED
100
AcDbText
  0
LINE
  5
E8D
330
8F9
100
AcDbEntity
  8
2Y
 62
     8
100
AcDbLine
 10
63877.683291517
 20
9731.588910489605
 30
0.0
 11
64680.3904165996
 21
7152.682238812937
 31
0.0
  0
LINE
  5
E8E
330
8F9
100
AcDbEntity
  8
2Y
 62
     8
100
AcDbLine
 10
63629.92712151891
 20
9332.942505176442
 30
0.0
 11
63762.64585267033
 21
9723.653946276085
 31
0.0
  0
LINE
  5
E8F
330
8F9
100
AcDbEntity
  8
3G
 48
0.1
100
AcDbLine
 10
64733.98511860453
 20
11535.80696337801
 30
0.0
 11
64733.98511860453
 21
9139.235703679181
 31
0.0
  0
LINE
  5
E90
330
8F9
100
AcDbEntity
  8
3G
  6
LEOJ
100
AcDbLine
 10
65293.45238589056
 20
11592.28449101155
 30
0.0
 11
65293.45238589056
 21
9096.199760041695
 31
0.0
  0
LINE
  5
E91
330
8F9
100
AcDbEntity
  8
3G
  6
LEOJ
100
AcDbLine
 10
64777.02106224167
 20
11592.28449101155
 30
0.0
 11
64777.02106224167
 21
9096.199760041695
 31
0.0
  0
LINE
  5
E92
330
8F9
100
AcDbEntity
  8
3G
  6
LEOJ
100
AcDbLine
 10
60989.85802214945
 20
11592.28449101155
 30
0.0
 11
60989.85802214945
 21
9096.199760041695
 31
0.0
  0
LINE
  5
E93
330
8F9
100
AcDbEntity
  8
3G
  6
LEOJ
100
AcDbLine
 10
60473.42669850055
 20
11592.28449101155
 30
0.0
 11
60473.42669850055
 21
9096.199760041695
 31
0.0
  0
LINE
  5
E94
330
8F9
100
AcDbEntity
  8
3G
 48
0.1
100
AcDbLine
 10
61032.89396578705
 20
11535.80696337801
 30
0.0
 11
61032.89396578705
 21
9139.235703679181
 31
0.0
  0
LWPOLYLINE
  5
E95
330
8F9
100
AcDbEntity
  8
4C
100
AcDbPolyline
 90
        6
 70
     0
 43
0.0
 10
61721.46906398588
 20
11155.03930365553
 10
61039.77971676949
 20
11155.03930365553
 10
61039.77971676949
 20
9146.121454661274
 10
64727.09936762255
 20
9146.121454661159
 10
64727.09936762255
 20
11155.03930365553
 10
64045.41002040615
 20
11155.03930365553
  0
LWPOLYLINE
  5
E96
330
8F9
100
AcDbEntity
  8
4C
100
AcDbPolyline
 90
        6
 70
     0
 43
0.0
 10
61721.46906398588
 20
11161.92505463751
 10
61032.89396578705
 20
11161.92505463751
 10
61032.89396578705
 20
9139.235703679297
 10
64733.98511860453
 20
9139.235703679181
 10
64733.98511860453
 20
11161.92505463751
 10
64045.41002040615
 20
11161.92505463751
  0
LWPOLYLINE
  5
E97
330
8F9
100
AcDbEntity
  8
SHE
100
AcDbPolyline
 90
       36
 70
     1
 43
0.0
 10
59433.70771599774
 20
12823.23475278311
 10
60675.19270862618
 20
12823.23475278311
 10
60771.35862682926
 20
12771.6068530927
 10
61720.99715441631
 20
12771.6068530927
 10
61853.22532851648
 20
12819.67045846957
 10
63932.81346813149
 20
12819.67045846957
 10
64004.93793116443
 20
12771.6068530927
 10
65002.65941785348
 20
12771.6068530927
 10
65098.82533605655
 20
12819.67045846957
 10
66321.84655629776
 20
12823.23475278311
 10
66321.84655629776
 20
12266.9390792117
 10
66288.87870791254
 20
12170.81190148848
 10
66288.87870791254
 20
11798.31901762113
 10
66324.94091504838
 20
11738.23951915759
 10
66324.94091504838
 20
10596.72908138219
 10
66264.83720398115
 20
10404.47469290512
 10
66264.83720398115
 20
8938.534943608479
 10
66324.94091504838
 20
8770.312341304641
 10
66321.84655629776
 20
7626.733131322922
 10
65615.71718296853
 20
7626.733131322922
 10
65531.57201673116
 20
7724.929114282975
 10
65086.80458409039
 20
7724.929114282975
 10
65002.65941785348
 20
7628.801903529238
 10
63776.54383886119
 20
7628.801903529238
 10
63680.37792065813
 20
7712.913221196417
 10
60843.48308986219
 20
7712.913221196417
 10
60759.33787486356
 20
7628.801903529238
 10
59433.70771599774
 20
7626.733131322922
 10
59433.70771599774
 20
8205.565068960336
 10
59521.20159266682
 20
8325.72406588719
 10
59521.20159266682
 20
8842.407765885262
 10
59437.0563776682
 20
8962.566762812349
 10
59437.0563776682
 20
11221.55585219004
 10
59509.18084070113
 20
11365.74663529024
 10
59509.18084070113
 20
11870.41440917112
 10
59437.0563776682
 20
12002.58929918465
  0
HATCH
  5
E98
330
8F9
100
AcDbEntity
  8
SHE
100
AcDbHatch
 10
0.0
 20
0.0
 30
0.0
210
0.0
220
0.0
230
1.0
  2
ANSI31
 70
     0
 71
     0
 91
        2
 92
        7
 72
     0
 73
     1
 93
       28
 10
60989.85802214992
 20
12108.71581466056
 10
60989.85802214992
 20
12823.23475278311
 10
60473.42669850102
 20
12823.23475278311
 10
60473.42669850102
 20
12108.71581466056
 10
59433.70771599774
 20
12108.71581466056
 10
59433.70771599774
 20
11592.28449101167
 10
60473.42669850102
 20
11592.28449101167
 10
60473.42669850102
 20
9096.199760041811
 10
59433.70771599774
 20
9096.199760041811
 10
59433.70771599774
 20
8579.768436392916
 10
60473.42669850102
 20
8579.768436392916
 10
60473.42669850102
 20
7626.733131322922
 10
60989.85802214992
 20
7626.733131322922
 10
60989.85802214992
 20
8579.768436392916
 10
64777.02106224213
 20
8579.768436392916
 10
64777.02106224213
 20
7626.733131322922
 10
65293.45238589102
 20
7626.733131322922
 10
65293.45238589102
 20
8579.768436392916
 10
66321.84655629776
 20
8579.768436392916
 10
66321.84655629776
 20
9096.199760041811
 10
65293.45238589102
 20
9096.199760041811
 10
65293.45238589102
 20
11592.28449101167
 10
66321.84655629776
 20
11592.28449101167
 10
66321.84655629776
 20
12108.71581466056
 10
65293.45238589102
 20
12108.71581466056
 10
65293.45238589102
 20
12823.23475278311
 10
64777.02106224213
 20
12823.23475278311
 10
64777.02106224213
 20
12108.71581466056
 97
        0
 92
       49
 93
        4
 72
     1
 10
60989.85802214992
 20
11592.28449101167
 11
60989.85802214992
 21
9096.199760041869
 72
     1
 10
64777.02106224213
 20
11585.39874002969
 11
64777.02106224213
 21
9096.199760041869
 72
     1
 10
60989.85802214992
 20
11592.28449101167
 11
64770.13531126015
 21
11592.28449101167
 72
     1
 10
60989.85802214992
 20
9096.199760041811
 11
64777.02106224213
 21
9096.199760041811
 97
        0
 75
     0
 76
     1
 52
0.0
 41
1721.437745496411
 77
     0
 78
     1
 53
45.0
 43
63488.91574714825
 44
14607.7108484848
 45
-152.1550379038742
 46
152.1550379038743
 79
     0
 47
0.3277611227133979
 98
        1
 10
61725.47954391714
 20
11976.77723145313
  0
TEXT
  5
E99
330
8F9
100
AcDbEntity
  8
3G
100
AcDbText
 10
66524.36109495235
 20
8100.5283090866
 30
0.0
 40
375.0
  1
ON BOTH SIDE
 41
0.9
  7
FRED
100
AcDbText
  0
LWPOLYLINE
  5
E9A
330
8F9
100
AcDbEntity
  8
2Y
100
AcDbPolyline
 90
        6
 70
     0
 43
0.0
 10
10004.04200033776
 20
-4040.571712369419
 10
10143.55573354874
 20
-4040.571712369419
 10
10164.51056922952
 20
-4074.484361769602
 10
10250.09848706357
 20
-4074.484361769602
 10
10260.16758933038
 20
-4052.676507230004
 10
10391.36549307478
 20
-4040.571712369419
  0
LWPOLYLINE
  5
E9B
330
8F9
100
AcDbEntity
  8
2Y
100
AcDbPolyline
 90
        2
 70
     1
 43
25.82156618244616
 10
10208.65306438159
 20
-5373.727634188923
 42
1.0
 10
10234.47463056424
 20
-5373.727634188923
 42
1.0
  0
LWPOLYLINE
  5
E9C
330
8F9
100
AcDbEntity
  8
4C
100
AcDbPolyline
 90
        3
 70
     1
 43
0.0
 10
9438.545885597152
 20
-5166.528329605732
 10
9110.18534029348
 20
-5166.528329605732
 10
9274.365612945315
 20
-5450.896903439337
  0
LINE
  5
E9D
330
8F9
100
AcDbEntity
  8
3G
100
AcDbLine
 10
10004.04200033823
 20
-5441.106758501351
 30
0.0
 11
10391.36549307478
 21
-5441.106758501351
 31
0.0
  0
LINE
  5
E9E
330
8F9
100
AcDbEntity
  8
3G
100
AcDbLine
 10
10004.04200033823
 20
-4040.571712369536
 30
0.0
 11
10004.04200033823
 21
-5441.106758501351
 31
0.0
  0
HATCH
  5
E9F
330
8F9
100
AcDbEntity
  8
SHE
100
AcDbHatch
 10
0.0
 20
0.0
 30
0.0
210
0.0
220
0.0
230
1.0
  2
ANSI31
 70
     0
 71
     0
 91
        3
 92
        7
 72
     0
 73
     1
 93
        7
 10
10163.88081605712
 20
-5441.106758501351
 10
10391.36549307478
 20
-5441.106758501351
 10
10391.36549307478
 20
-4040.571712369419
 10
10260.16758933038
 20
-4052.676507230004
 10
10250.09848706357
 20
-4074.484361769602
 10
10164.51056922952
 20
-4074.484361769602
 10
10163.88081605712
 20
-4073.465188970061
 97
        0
 92
       22
 72
     1
 73
     1
 93
        2
 10
10234.47463056424
 20
-5373.727634188923
 42
-1.0
 10
10208.65306438159
 20
-5373.727634188923
 42
-1.0
 97
        0
 92
        7
 72
     0
 73
     1
 93
        5
 10
10163.88081605712
 20
-4073.465188970061
 10
10143.55573354874
 20
-4040.571712369419
 10
10004.04200033823
 20
-4040.571712369419
 10
10004.04200033823
 20
-5441.106758501351
 10
10163.88081605712
 20
-5441.106758501351
 97
        0
 75
     0
 76
     1
 52
0.0
 41
1032.862647297846
 77
     0
 78
     1
 53
45.0
 43
-34835.00445425112
 44
780.6849933443881
 45
-91.29302274232456
 46
91.29302274232458
 79
     0
 47
0.1641218998584551
 98
        3
 10
10189.22992836943
 20
-4747.735583217552
 10
10189.22992836943
 20
-4747.735583217552
 10
10112.9172745182
 20
-4824.017527167772
  0
LINE
  5
EA0
330
8F9
100
AcDbEntity
  8
3G
100
AcDbLine
 10
6170.99449065866
 20
-5441.106758501351
 30
0.0
 11
10004.04200033823
 21
-5441.106758501351
 31
0.0
  0
LINE
  5
EA1
330
8F9
100
AcDbEntity
  8
3G
100
AcDbLine
 10
6152.843541763054
 20
-5828.430251238024
 30
0.0
 11
9358.502845776994
 21
-5828.430251238024
 31
0.0
  0
INSERT
  5
EA2
330
8F9
100
AcDbEntity
  8
2Y
 62
     8
100
AcDbBlockReference
  2
DIMBLK
 10
10391.36549307478
 20
-7044.838460740139
 30
0.0
 41
-77.46469854731119
 42
77.46469854730822
 43
77.46469854733849
 50
67.2234278473228
  0
LINE
  5
EA3
330
8F9
100
AcDbEntity
  8
2Y
 62
     8
100
AcDbLine
 10
10411.35854358578
 20
-6997.222380980122
 30
0.0
 11
11250.80895340003
 21
-4997.960805283714
 31
0.0
  0
ARC
  5
EA4
330
8F9
100
AcDbEntity
  8
4C
100
AcDbCircle
 10
10403.56813347505
 20
-7042.043861812999
 30
0.0
 40
59.71985232828552
100
AcDbArc
 50
120.1450840401454
 51
239.8549159598545
  0
ARC
  5
EA5
330
8F9
100
AcDbEntity
  8
4C
100
AcDbCircle
 10
10399.03479789736
 20
-7042.043861812999
 30
0.0
 40
65.51514322356982
100
AcDbArc
 50
127.9765628690173
 51
232.0234371309827
  0
CIRCLE
  5
EA6
330
8F9
100
AcDbEntity
  8
4C
100
AcDbCircle
 10
10271.54789583504
 20
-7042.043861812999
 30
0.0
 40
51.64313236489232
  0
CIRCLE
  5
EA7
330
8F9
100
AcDbEntity
  8
4C
100
AcDbCircle
 10
10123.85959757751
 20
-7042.043861812999
 30
0.0
 40
51.64313236489232
  0
ARC
  5
EA8
330
8F9
100
AcDbEntity
  8
4C
100
AcDbCircle
 10
10000.66241494453
 20
-7042.043861812999
 30
0.0
 40
71.55405026732785
100
AcDbArc
 50
313.8020074938525
 51
46.19799250614749
  0
ARC
  5
EA9
330
8F9
100
AcDbEntity
  8
4C
100
AcDbCircle
 10
9996.372695515194
 20
-7042.043861812999
 30
0.0
 40
65.51514322356997
100
AcDbArc
 50
307.9765628690173
 51
52.02343713098271
  0
ARC
  5
EAA
330
8F9
100
AcDbEntity
  8
4C
100
AcDbCircle
 10
10394.74507846802
 20
-7042.043861812999
 30
0.0
 40
71.55405026732802
100
AcDbArc
 50
133.8020074938525
 51
226.1979925061475
  0
ARC
  5
EAB
330
8F9
100
AcDbEntity
  8
4C
100
AcDbCircle
 10
10408.62915363887
 20
-7042.043861812999
 30
0.0
 40
54.45224601906594
100
AcDbArc
 50
108.4841444332055
 51
251.5158555667944
  0
LINE
  5
EAC
330
8F9
100
AcDbEntity
  8
2Y
 62
     8
100
AcDbLine
 10
11250.80895340003
 20
-4997.960805283714
 30
0.0
 11
11600.67754388487
 21
-4997.960805283714
 31
0.0
  0
LINE
  5
EAD
330
8F9
100
AcDbEntity
  8
3G
100
AcDbLine
 10
9358.502845776994
 20
-6990.400729448039
 30
0.0
 11
10004.04200033823
 21
-6990.400729448039
 31
0.0
  0
INSERT
  5
EAE
330
8F9
100
AcDbEntity
  8
2Y
 62
     8
100
AcDbBlockReference
  2
DIMBLK
 10
9654.65398928363
 20
-6990.400729448039
 30
0.0
 41
77.46469854736578
 42
77.46469854736578
 43
77.46469854736578
 50
70.64744804780478
  0
LINE
  5
EAF
330
8F9
100
AcDbEntity
  8
TG
100
AcDbLine
 10
10004.04200033823
 20
-7093.686994177843
 30
0.0
 11
10391.36549307478
 21
-7093.686994177843
 31
0.0
  0
LINE
  5
EB0
330
8F9
100
AcDbEntity
  8
TG
100
AcDbLine
 10
10004.04200033823
 20
-6990.400729448039
 30
0.0
 11
10391.36549307478
 21
-6990.400729448039
 31
0.0
  0
ARC
  5
EB1
330
8F9
100
AcDbEntity
  8
4C
100
AcDbCircle
 10
9986.778339774609
 20
-7042.043861812999
 30
0.0
 40
54.45224601906594
100
AcDbArc
 50
288.4841444332056
 51
71.51585556679446
  0
ARC
  5
EB2
330
8F9
100
AcDbEntity
  8
4C
100
AcDbCircle
 10
9991.839359938429
 20
-7042.043861812999
 30
0.0
 40
59.71985232828593
100
AcDbArc
 50
300.1450840401454
 51
59.85491595985454
  0
LINE
  5
EB3
330
8F9
100
AcDbEntity
  8
2Y
 62
     8
100
AcDbLine
 10
10765.37940332133
 20
-7879.896295313695
 30
0.0
 11
11600.67754388487
 21
-7879.896295313695
 31
0.0
  0
LWPOLYLINE
  5
EB4
330
8F9
100
AcDbEntity
  8
2Y
100
AcDbPolyline
 90
        2
 70
     1
 43
25.82156618244616
 10
10121.53928933924
 20
-8403.370432605937
 42
1.0
 10
10147.36085552143
 20
-8403.370432605937
 42
1.0
  0
INSERT
  5
EB5
330
8F9
100
AcDbEntity
  8
2Y
 62
     8
100
AcDbBlockReference
  2
DIMBLK
 10
10218.31417293733
 20
-7494.056671415397
 30
0.0
 41
77.46469854730887
 42
77.46469854730887
 43
77.46469854730887
 50
145.1504045285313
  0
LINE
  5
EB6
330
8F9
100
AcDbEntity
  8
2Y
 62
     8
100
AcDbLine
 10
10218.31417293733
 20
-7494.056671415397
 30
0.0
 11
10765.37940332133
 21
-7879.896295313695
 31
0.0
  0
LINE
  5
EB7
330
8F9
100
AcDbEntity
  8
2Y
 62
     8
100
AcDbLine
 10
9637.540492618718
 20
-7039.125890836672
 30
0.0
 11
9348.184059230407
 21
-7862.974996093282
 31
0.0
  0
LWPOLYLINE
  5
EB8
330
8F9
100
AcDbEntity
  8
2Y
  6
LEOJ
 48
0.1
100
AcDbPolyline
 90
        4
 70
     1
 43
0.0
 10
10153.99518500946
 20
-8337.490122408111
 10
10218.31417293733
 20
-8337.490122408111
 10
10218.31417293733
 20
-7159.91169211056
 10
10153.99518500946
 20
-7159.91169211056
  0
LINE
  5
EB9
330
8F9
100
AcDbEntity
  8
2Y
 62
     8
100
AcDbLine
 10
9348.184059230407
 20
-7862.974996093282
 30
0.0
 11
8466.868336112501
 21
-7862.974996093282
 31
0.0
  0
LINE
  5
EBA
330
8F9
100
AcDbEntity
  8
2Y
100
AcDbLine
 10
9358.502845776994
 20
-6990.400729448039
 30
0.0
 11
6165.918431403377
 21
-6990.400729448039
 31
0.0
  0
LINE
  5
EBB
330
8F9
100
AcDbEntity
  8
3G
100
AcDbLine
 10
9358.502845776994
 20
-5828.430251238024
 30
0.0
 11
9358.502845776994
 21
-6990.400729448039
 31
0.0
  0
LWPOLYLINE
  5
EBC
330
8F9
100
AcDbEntity
  8
2Y
100
AcDbPolyline
 90
        6
 70
     0
 43
0.0
 10
6165.918431403843
 20
-6990.400729448156
 10
6165.918431403843
 20
-6660.968990303314
 10
6213.25341537621
 20
-6622.951219325739
 10
6213.25341537621
 20
-6268.119681118842
 10
6137.187497168575
 20
-6162.514926889532
 10
6170.99449065866
 20
-5441.106758501468
  0
LWPOLYLINE
  5
EBD
330
8F9
100
AcDbEntity
  8
2Y
100
AcDbPolyline
 90
        8
 70
     1
 43
0.0
 10
6078.025075706449
 20
-6187.860107541288
 10
6154.090993913619
 20
-6293.464614041353
 10
6166.768707900105
 20
-6589.15772769993
 10
6116.057851954625
 20
-6644.072120625729
 10
6048.44386497492
 20
-6648.296399977495
 10
6001.959157498816
 20
-6546.915925099951
 10
6001.959157498816
 20
-6251.222811441257
 10
6035.766150988901
 20
-6208.981008841278
  0
LINE
  5
EBE
330
8F9
100
AcDbEntity
  8
3G
100
AcDbLine
 10
10391.36549307478
 20
-4040.571712369536
 30
0.0
 11
10391.36549307478
 21
-6990.400729448039
 31
0.0
  0
LINE
  5
EBF
330
8F9
100
AcDbEntity
  8
5B
100
AcDbLine
 10
10163.88081605712
 20
-6666.197811807011
 30
0.0
 11
10163.88081605712
 21
-4039.365023140999
 31
0.0
  0
LWPOLYLINE
  5
EC0
330
8F9
100
AcDbEntity
  8
5B
100
AcDbPolyline
 90
        4
 70
     0
 43
0.0
 10
10202.07973805748
 20
-8344.650762748177
 10
10202.07973805748
 20
-6166.713694452628
 42
0.4142135623730951
 10
10150.43660569264
 20
-6115.070562087669
 10
9712.887327229401
 20
-6115.070562087669
  0
LINE
  5
EC1
330
8F9
100
AcDbEntity
  8
3G
100
AcDbLine
 10
10391.36549307478
 20
-8539.694700394845
 30
0.0
 11
10391.36549307432
 21
-9137.544097963809
 31
0.0
  0
LINE
  5
EC2
330
8F9
100
AcDbEntity
  8
3G
100
AcDbLine
 10
10004.04200033823
 20
-8539.694700394845
 30
0.0
 11
10004.0420003373
 21
-9218.264577811554
 31
0.0
  0
LWPOLYLINE
  5
EC3
330
8F9
100
AcDbEntity
  8
2Y
100
AcDbPolyline
 90
        4
 70
     0
 43
0.0
 10
10004.04200033776
 20
-9218.264577811787
 10
10113.47961904321
 20
-9218.264577811787
 10
10164.86795161271
 20
-9137.544097963692
 10
10391.36549307478
 20
-9137.544097963809
  0
LWPOLYLINE
  5
EC4
330
8F9
100
AcDbEntity
  8
2Y
100
AcDbPolyline
 90
        4
 70
     0
 43
0.0
 10
10004.04200033776
 20
-9320.9997494657
 10
10113.47961904321
 20
-9320.9997494657
 10
10164.86795161271
 20
-9240.279269617836
 10
10391.36549307478
 20
-9240.279269617836
  0
CIRCLE
  5
EC5
330
8F9
100
AcDbEntity
  8
2Y
100
AcDbCircle
 10
10209.0177358941
 20
-10560.02488989426
 30
0.0
 40
129.4597420211309
  0
INSERT
  5
EC6
330
8F9
100
AcDbEntity
  8
2Y
 62
     8
100
AcDbBlockReference
  2
DIMBLK
 10
10172.28854281714
 20
-10109.88466767032
 30
0.0
 41
77.4646985473547
 42
77.4646985473547
 43
77.4646985473547
 50
211.7520353385822
  0
LWPOLYLINE
  5
EC7
330
8F9
100
AcDbEntity
  8
2Y
100
AcDbPolyline
 90
        2
 70
     1
 43
25.82156618244616
 10
10196.10695280254
 20
-10560.0248898945
 42
1.0
 10
10221.92851898473
 20
-10560.0248898945
 42
0.9999999999999996
  0
LINE
  5
EC8
330
8F9
100
AcDbEntity
  8
3G
100
AcDbLine
 10
10391.36549307432
 20
-9240.279269617836
 30
0.0
 11
10391.36549307432
 21
-10151.53312183774
 31
0.0
  0
LINE
  5
EC9
330
8F9
100
AcDbEntity
  8
3G
100
AcDbLine
 10
10004.0420003373
 20
-9320.999749465583
 30
0.0
 11
10004.0420003373
 21
-10151.53312183774
 31
0.0
  0
LINE
  5
ECA
330
8F9
100
AcDbEntity
  8
2Y
 62
     8
100
AcDbLine
 10
10208.30754767338
 20
-10072.87596045687
 30
0.0
 11
10636.90058988592
 21
-9811.668084526056
 31
0.0
  0
LINE
  5
ECB
330
8F9
100
AcDbEntity
  8
2Y
 62
     8
100
AcDbLine
 10
10443.00862543963
 20
-11011.58885428132
 30
0.0
 11
11600.67754388487
 21
-11011.58885428132
 31
0.0
  0
LINE
  5
ECC
330
8F9
100
AcDbEntity
  8
2Y
 62
     8
100
AcDbLine
 10
10600.19553990083
 20
-11784.85507038745
 30
0.0
 11
11600.67754388487
 21
-11784.85507038745
 31
0.0
  0
INSERT
  5
ECD
330
8F9
100
AcDbEntity
  8
2Y
 62
     8
100
AcDbBlockReference
  2
DIMBLK
 10
10391.36549307478
 20
-11011.58885428132
 30
0.0
 41
77.46469854735187
 42
77.46469854735187
 43
77.46469854735187
 50
180.0
  0
LINE
  5
ECE
330
8F9
100
AcDbEntity
  8
2Y
 62
     8
100
AcDbLine
 10
8910.577989559882
 20
-10114.61691437542
 30
0.0
 11
9056.872047339362
 21
-10114.61691437542
 31
0.0
  0
LINE
  5
ECF
330
8F9
100
AcDbEntity
  8
2Y
 62
     8
100
AcDbLine
 10
10145.09529459316
 20
-11818.72652109302
 30
0.0
 11
9056.872047339362
 21
-10114.61691437542
 31
0.0
  0
INSERT
  5
ED0
330
8F9
100
AcDbEntity
  8
2Y
 62
     8
100
AcDbBlockReference
  2
DIMBLK
 10
10183.60520650705
 20
-12525.82662966693
 30
0.0
 41
77.4646985473379
 42
77.4646985473379
 43
77.4646985473379
 50
240.6543581688313
  0
LWPOLYLINE
  5
ED1
330
8F9
100
AcDbEntity
  8
2Y
100
AcDbPolyline
 90
        2
 70
     1
 43
25.82156618244616
 10
10158.51405436339
 20
-12530.10762602065
 42
1.0
 10
10184.33562054604
 20
-12530.10762602065
 42
0.9999999999999996
  0
LWPOLYLINE
  5
ED2
330
8F9
100
AcDbEntity
  8
4C
100
AcDbPolyline
 90
        3
 70
     1
 43
0.0
 10
9580.856964754202
 20
-12191.10550442445
 10
9252.496419450064
 20
-12191.10550442445
 10
9416.6766921019
 20
-12475.47407825789
  0
LINE
  5
ED3
330
8F9
100
AcDbEntity
  8
3G
100
AcDbLine
 10
10004.04200033823
 20
-12604.58190917011
 30
0.0
 11
10391.36549307478
 21
-12604.58190917011
 31
0.0
  0
LINE
  5
ED4
330
8F9
100
AcDbEntity
  8
2Y
 62
     8
100
AcDbLine
 10
10208.91431721466
 20
-12480.81038775781
 30
0.0
 11
10600.19553990083
 21
-11784.85507038745
 31
0.0
  0
LWPOLYLINE
  5
ED5
330
8F9
100
AcDbEntity
  8
5B
100
AcDbPolyline
 90
        4
 70
     0
 43
0.0
 10
10224.56082921594
 20
-11630.30595755981
 10
10224.56082921594
 20
-12913.56473841178
 42
-0.414213562373095
 10
10172.9176968511
 20
-12965.20787077673
 10
9899.174432794826
 20
-12965.20787077673
  0
INSERT
  5
ED6
330
8F9
100
AcDbEntity
  8
2Y
 62
     8
100
AcDbBlockReference
  2
DIMBLK
 10
10172.89008981388
 20
-11862.25194445785
 30
0.0
 41
77.46469854731603
 42
77.46469854731603
 43
77.46469854731603
 50
302.5617962636936
  0
LINE
  5
ED7
330
8F9
100
AcDbEntity
  8
3G
100
AcDbLine
 10
6132.849075631035
 20
-12475.47407825777
 30
0.0
 11
10004.04200033823
 21
-12475.47407825777
 31
0.0
  0
LINE
  5
ED8
330
8F9
100
AcDbEntity
  8
3G
100
AcDbLine
 10
6132.849075631035
 20
-12862.79757099456
 30
0.0
 11
9358.502845776994
 21
-12862.79757099456
 31
0.0
  0
HATCH
  5
ED9
330
8F9
100
AcDbEntity
  8
SHE
100
AcDbHatch
 10
0.0
 20
0.0
 30
0.0
210
0.0
220
0.0
230
1.0
  2
ANSI31
 70
     0
 71
     0
 91
        5
 92
        7
 72
     1
 73
     1
 93
       11
 10
10172.28854281668
 20
-8666.053616277496
 42
0.0
 10
10164.86795161271
 20
-8666.053616277496
 42
0.0
 10
10113.47961904321
 20
-8746.774096125475
 42
0.0
 10
10004.04200033776
 20
-8746.774096125475
 42
0.0
 10
10004.04200033776
 20
-10151.53312183774
 42
0.0
 10
10004.04200033776
 20
-11875.8070815168
 42
0.0
 10
10131.4906375597
 20
-12075.38602600325
 42
-0.0254986062664155
 10
10172.28854281668
 20
-12068.30207434701
 42
0.0
 10
10172.28854281668
 20
-10684.16509764394
 42
-0.3322591958519653
 10
10079.55799387235
 20
-10560.0248898945
 42
-0.3322591958519716
 10
10172.28854281668
 20
-10435.88468214482
 42
0.0
 97
        0
 92
       22
 72
     1
 73
     1
 93
        2
 10
10121.53928933924
 20
-9089.600004214299
 42
-1.0
 10
10147.36085552143
 20
-9089.600004214299
 42
-1.0
 97
        0
 92
        7
 72
     1
 73
     1
 93
        7
 10
10172.28854281668
 20
-10435.88468214482
 42
-0.5012093789459704
 10
10338.47747791491
 20
-10560.0248898945
 42
-0.0818063242624188
 10
10331.63828252841
 20
-10601.5462861516
 42
0.0
 10
10391.36549307478
 20
-10446.99978461113
 42
0.0
 10
10391.36549307478
 20
-10151.53312183774
 42
0.0
 10
10391.36549307478
 20
-8666.053616277496
 42
0.0
 10
10172.28854281668
 20
-8666.053616277496
 42
0.0
 97
        0
 92
        7
 72
     1
 73
     1
 93
        8
 10
10004.04200033776
 20
-12475.474078258
 42
0.0
 10
10059.69431336576
 20
-12466.76324456857
 42
0.0
 10
10087.35567972975
 20
-12475.40390784395
 42
0.0
 10
10135.76307086626
 20
-12463.30696222602
 42
0.0
 10
10165.15333548726
 20
-12478.8601901865
 42
0.0
 10
10172.28854281668
 20
-12474.89777788936
 42
0.0
 10
10172.28854281668
 20
-12068.30207434701
 42
0.1112857063365023
 10
10004.04200033776
 20
-12128.30863212756
 42
0.0
 97
        0
 92
        7
 72
     1
 73
     1
 93
       14
 10
10224.56082921594
 20
-12472.88961732722
 42
0.0
 10
10230.8490806015
 20
-12475.40390784407
 42
0.0
 10
10289.62948412428
 20
-12456.39439754092
 42
0.0
 10
10322.47729382131
 20
-12471.94762550152
 42
0.0
 10
10350.13866018483
 20
-12458.12249613143
 42
0.0
 10
10365.69824162431
 20
-12473.67580925356
 42
0.0
 10
10391.36549307478
 20
-12473.67580925356
 42
0.0
 10
10391.36549307478
 20
-12225.00571208805
 42
0.0
 10
10287.17207828842
 20
-12410.3301203424
 42
-1.185068565581211
 10
10262.08092614522
 20
-12414.61111669612
 42
-0.8438330313061292
 10
10287.17207828842
 20
-12410.3301203424
 42
0.0
 10
10391.36549307478
 20
-12225.00571208805
 42
0.0
 10
10391.36549307478
 20
-12102.64539014952
 42
0.1063738751372605
 10
10224.56082921594
 20
-12065.3480321973
 42
0.0
 97
        0
 75
     0
 76
     1
 52
0.0
 41
1549.293970946769
 77
     0
 78
     1
 53
45.0
 43
-34835.00445425112
 44
3042.081499268447
 45
-136.9395341134868
 46
136.9395341134868
 79
     0
 47
0.3832256047177729
 98
        5
 10
10117.37265739756
 20
-9593.672021365696
 10
10117.37265739756
 20
-9593.672021365696
 10
10275.76422800615
 20
-9692.626870901063
 10
10077.77470188521
 20
-12344.61694064454
 10
10295.5630800424
 20
-12166.4981944485
  0
LINE
  5
EDA
330
8F9
100
AcDbEntity
  8
3G
100
AcDbLine
 10
10004.04200033823
 20
-12604.58190917011
 30
0.0
 11
10004.04200033823
 21
-10151.53312183774
 31
0.0
  0
HATCH
  5
EDB
330
8F9
100
AcDbEntity
  8
SHE
100
AcDbHatch
 10
0.0
 20
0.0
 30
0.0
210
0.0
220
0.0
230
1.0
  2
ANSI31
 70
     0
 71
     0
 91
        1
 92
        7
 72
     1
 73
     1
 93
        5
 10
10391.36549307478
 20
-10446.99978461113
 42
0.0
 10
10331.63828252841
 20
-10601.5462861516
 42
-0.4028839671901704
 10
10172.28854281668
 20
-10684.16509764394
 42
0.0
 10
10172.28854281668
 20
-12068.30207434701
 42
-0.1391034842940114
 10
10391.36549307478
 20
-12102.64539014952
 42
0.0
 97
        0
 75
     0
 76
     1
 52
0.0
 41
1549.293970946769
 77
     0
 78
     1
 53
45.0
 43
-34835.00445425112
 44
3042.081499268447
 45
-136.9395341134868
 46
136.9395341134868
 79
     0
 47
0.3832256047177729
 98
        1
 10
10295.5630800424
 20
-11632.14204102181
  0
LINE
  5
EDC
330
8F9
100
AcDbEntity
  8
5B
100
AcDbLine
 10
10172.28854281714
 20
-7158.043076928676
 30
0.0
 11
10172.28854281714
 21
-12475.47407825777
 31
0.0
  0
LINE
  5
EDD
330
8F9
100
AcDbEntity
  8
3G
100
AcDbLine
 10
10391.36549307478
 20
-7093.686994177843
 30
0.0
 11
10391.36549307478
 21
-8539.694700394845
 31
0.0
  0
LINE
  5
EDE
330
8F9
100
AcDbEntity
  8
3G
100
AcDbLine
 10
10004.04200033823
 20
-7093.686994177843
 30
0.0
 11
10004.04200033823
 21
-8539.694700394845
 31
0.0
  0
LINE
  5
EDF
330
8F9
100
AcDbEntity
  8
3G
100
AcDbLine
 10
9358.502845776994
 20
-14024.76804920457
 30
0.0
 11
10004.04200033823
 21
-14024.76804920457
 31
0.0
  0
LINE
  5
EE0
330
8F9
100
AcDbEntity
  8
TG
100
AcDbLine
 10
10004.04200033823
 20
-14024.76804920457
 30
0.0
 11
10391.36549307478
 21
-14024.76804920457
 31
0.0
  0
LINE
  5
EE1
330
8F9
100
AcDbEntity
  8
TG
100
AcDbLine
 10
10004.04200033823
 20
-14024.76804920457
 30
0.0
 11
10391.36549307478
 21
-14024.76804920457
 31
0.0
  0
INSERT
  5
EE2
330
8F9
100
AcDbEntity
  8
2Y
 62
     8
100
AcDbBlockReference
  2
DIMBLK
 10
10359.58423783842
 20
-14128.05431393438
 30
0.0
 41
77.46469854730914
 42
77.46469854730914
 43
77.46469854730914
 50
110.4342686526178
  0
LINE
  5
EE3
330
8F9
100
AcDbEntity
  8
2Y
 62
     8
100
AcDbLine
 10
10377.61453757414
 20
-14176.44771650023
 30
0.0
 11
10701.239903793
 21
-15045.05960081515
 31
0.0
  0
LINE
  5
EE4
330
8F9
100
AcDbEntity
  8
2Y
 62
     8
100
AcDbLine
 10
10701.239903793
 20
-15045.05960081515
 30
0.0
 11
11600.67754388487
 21
-15045.05960081515
 31
0.0
  0
LINE
  5
EE5
330
8F9
100
AcDbEntity
  8
TG
100
AcDbLine
 10
10004.04200033823
 20
-14128.05431393438
 30
0.0
 11
10391.36549307478
 21
-14128.05431393438
 31
0.0
  0
LINE
  5
EE6
330
8F9
100
AcDbEntity
  8
TG
100
AcDbLine
 10
10004.04200033823
 20
-14128.05431393438
 30
0.0
 11
10391.36549307478
 21
-14128.05431393438
 31
0.0
  0
LINE
  5
EE7
330
8F9
100
AcDbEntity
  8
2Y
 62
     8
100
AcDbLine
 10
9686.195247478114
 20
-14075.03737498817
 30
0.0
 11
9490.066059337259
 21
-14908.27496913689
 31
0.0
  0
ARC
  5
EE8
330
8F9
100
AcDbEntity
  8
4C
100
AcDbCircle
 10
10403.56813347505
 20
-14076.41118156953
 30
0.0
 40
59.71985232828552
100
AcDbArc
 50
120.1450840401454
 51
239.8549159598545
  0
ARC
  5
EE9
330
8F9
100
AcDbEntity
  8
4C
100
AcDbCircle
 10
10399.03479789736
 20
-14076.41118156953
 30
0.0
 40
65.51514322356982
100
AcDbArc
 50
127.9765628690173
 51
232.0234371309827
  0
INSERT
  5
EEA
330
8F9
100
AcDbEntity
  8
2Y
 62
     8
100
AcDbBlockReference
  2
DIMBLK
 10
9698.027745343541
 20
-14024.76804920457
 30
0.0
 41
77.46469854735448
 42
77.46469854735448
 43
77.46469854735448
 50
76.75470533886351
  0
CIRCLE
  5
EEB
330
8F9
100
AcDbEntity
  8
4C
100
AcDbCircle
 10
10271.54789583597
 20
-14076.41118156953
 30
0.0
 40
51.64313236489232
  0
ARC
  5
EEC
330
8F9
100
AcDbEntity
  8
4C
100
AcDbCircle
 10
9996.372695515194
 20
-14076.41118156953
 30
0.0
 40
65.51514322356997
100
AcDbArc
 50
307.9765628690173
 51
52.02343713098271
  0
ARC
  5
EED
330
8F9
100
AcDbEntity
  8
4C
100
AcDbCircle
 10
9991.839359938429
 20
-14076.41118156953
 30
0.0
 40
59.71985232828593
100
AcDbArc
 50
300.1450840401454
 51
59.85491595985454
  0
ARC
  5
EEE
330
8F9
100
AcDbEntity
  8
4C
100
AcDbCircle
 10
9986.778339774609
 20
-14076.41118156953
 30
0.0
 40
54.45224601906594
100
AcDbArc
 50
288.4841444332056
 51
71.51585556679446
  0
ARC
  5
EEF
330
8F9
100
AcDbEntity
  8
4C
100
AcDbCircle
 10
10000.66241494453
 20
-14076.41118156953
 30
0.0
 40
71.55405026732785
100
AcDbArc
 50
313.8020074938525
 51
46.19799250614749
  0
CIRCLE
  5
EF0
330
8F9
100
AcDbEntity
  8
4C
100
AcDbCircle
 10
10123.85959757751
 20
-14076.41118156953
 30
0.0
 40
51.64313236489232
  0
ARC
  5
EF1
330
8F9
100
AcDbEntity
  8
4C
100
AcDbCircle
 10
10394.74507846802
 20
-14076.41118156953
 30
0.0
 40
71.55405026732802
100
AcDbArc
 50
133.8020074938525
 51
226.1979925061475
  0
ARC
  5
EF2
330
8F9
100
AcDbEntity
  8
4C
100
AcDbCircle
 10
10408.62915363887
 20
-14076.41118156953
 30
0.0
 40
54.45224601906594
100
AcDbArc
 50
108.4841444332055
 51
251.5158555667944
  0
LWPOLYLINE
  5
EF3
330
8F9
100
AcDbEntity
  8
2Y
100
AcDbPolyline
 90
        8
 70
     1
 43
0.0
 10
6039.879660678824
 20
-13222.22742729771
 10
6115.945578886458
 20
-13327.83193379777
 10
6128.623292872479
 20
-13623.52504745635
 10
6077.912436927466
 20
-13678.43944038226
 10
6010.298449947761
 20
-13682.66371973391
 10
5963.813742471655
 20
-13581.28324485637
 10
5963.813742471655
 20
-13285.59013119767
 10
5997.620735961274
 20
-13243.3483285977
  0
LINE
  5
EF4
330
8F9
100
AcDbEntity
  8
2Y
 62
     8
100
AcDbLine
 10
9490.066059337259
 20
-14908.27496913689
 30
0.0
 11
8466.868336112501
 21
-14908.27496913689
 31
0.0
  0
LINE
  5
EF5
330
8F9
100
AcDbEntity
  8
2Y
100
AcDbLine
 10
9358.502845776994
 20
-14024.76804920457
 30
0.0
 11
6165.918431403377
 21
-14024.76804920457
 31
0.0
  0
LWPOLYLINE
  5
EF6
330
8F9
100
AcDbEntity
  8
2Y
100
AcDbPolyline
 90
        7
 70
     1
 43
0.0
 10
10123.14361198459
 20
-15557.76559906892
 10
10102.33908324621
 20
-15588.95941983417
 10
10107.54021543057
 20
-15614.95439433629
 10
10162.15173765903
 20
-15630.55142858354
 10
10224.56495816473
 20
-15627.9520054521
 10
10227.16552425714
 20
-15599.35760781841
 10
10211.56212770313
 20
-15565.56411619248
  0
LWPOLYLINE
  5
EF7
330
8F9
100
AcDbEntity
  8
2Y
100
AcDbPolyline
 90
        6
 70
     0
 43
0.0
 10
10004.04200033776
 20
-15574.06202015138
 10
10091.93681887656
 20
-15574.06202015138
 10
10099.7385171538
 20
-15547.36741108468
 10
10224.56495816473
 20
-15547.36741108468
 10
10242.76855510034
 20
-15578.56147957904
 10
10391.36549307478
 20
-15567.48104521105
  0
LWPOLYLINE
  5
EF8
330
8F9
100
AcDbEntity
  8
5B
100
AcDbPolyline
 90
        4
 70
     0
 43
0.0
 10
9769.459831551445
 20
-13033.3044330602
 10
10142.46562688917
 20
-13033.3044330602
 42
-0.414213562373095
 10
10194.10875925401
 20
-13084.94756542516
 10
10194.10875925401
 20
-15559.46510389607
  0
LINE
  5
EF9
330
8F9
100
AcDbEntity
  8
3G
100
AcDbLine
 10
10391.36549307478
 20
-15567.48104521117
 30
0.0
 11
10391.36549307478
 21
-14128.05431393438
 31
0.0
  0
LINE
  5
EFA
330
8F9
100
AcDbEntity
  8
3G
100
AcDbLine
 10
10004.04200033823
 20
-15574.06202015138
 30
0.0
 11
10004.04200033823
 21
-14128.05431393438
 31
0.0
  0
LINE
  5
EFB
330
8F9
100
AcDbEntity
  8
5B
100
AcDbLine
 10
10163.56222609596
 20
-14172.90437180685
 30
0.0
 11
10163.56222609596
 21
-15975.36076570031
 31
0.0
  0
HATCH
  5
EFC
330
8F9
100
AcDbEntity
  8
SHE
100
AcDbHatch
 10
0.0
 20
0.0
 30
0.0
210
0.0
220
0.0
230
1.0
  2
ANSI31
 70
     0
 71
     0
 91
        2
 92
        7
 72
     0
 73
     1
 93
        6
 10
10194.10875925401
 20
-15547.36741108468
 10
10224.56495816473
 20
-15547.36741108468
 10
10242.76855510034
 20
-15578.56147957904
 10
10391.36549307478
 20
-15567.48104521105
 10
10391.36549307478
 20
-14128.05431393438
 10
10194.10875925401
 20
-14128.05431393438
 97
        0
 92
        7
 72
     0
 73
     1
 93
        6
 10
10194.10875925401
 20
-14128.05431393438
 10
10004.04200033823
 20
-14128.05431393438
 10
10004.04200033823
 20
-15574.06202015138
 10
10091.93681887656
 20
-15574.06202015138
 10
10099.7385171538
 20
-15547.36741108468
 10
10194.10875925401
 20
-15547.36741108468
 97
        0
 75
     0
 76
     1
 52
0.0
 41
1549.293970946769
 77
     0
 78
     1
 53
45.0
 43
-34835.00445425112
 44
3042.081499268447
 45
-136.9395341134868
 46
136.9395341134868
 79
     0
 47
0.1312110900359496
 98
        2
 10
10217.79333407318
 20
-14952.16186798815
 10
10109.33124383937
 20
-14897.95261087359
  0
LINE
  5
EFD
330
8F9
100
AcDbEntity
  8
2Y
 62
     8
100
AcDbLine
 10
43624.68085938858
 20
10473.92872259221
 30
0.0
 11
44331.48506668096
 21
10473.92872259221
 31
0.0
  0
LWPOLYLINE
  5
EFE
330
8F9
100
AcDbEntity
  8
2Y
100
AcDbPolyline
 90
        6
 70
     0
 43
0.0
 10
45978.80674556995
 20
9580.59708812533
 10
45978.80674556995
 20
9464.12500530752
 10
45952.09939562928
 20
9437.428428813843
 10
45952.09939562928
 20
9337.31586114902
 10
46005.51409551015
 20
9297.270906227671
 10
46005.51409551015
 20
9128.719679932489
  0
LWPOLYLINE
  5
EFF
330
8F9
100
AcDbEntity
  8
2Y
100
AcDbPolyline
 90
        8
 70
     1
 43
0.0
 10
46011.77410492559
 20
9469.086932085716
 10
45971.36294976229
 20
9432.058163472014
 10
45971.36294976229
 20
9344.535734251753
 10
46012.61601508574
 20
9311.714981110446
 10
46031.13777234757
 20
9315.081249199138
 10
46047.97597554818
 20
9360.525507672836
 10
46047.13406538803
 20
9442.998534760233
 10
46032.82159266787
 20
9466.562231019285
  0
LWPOLYLINE
  5
F00
330
8F9
100
AcDbEntity
  8
2Y
100
AcDbPolyline
 90
        2
 70
     1
 43
25.82156618244616
 10
43027.42158310886
 20
9362.066657245305
 42
1.0
 10
43053.24314929105
 20
9362.066657245305
 42
1.0
  0
CIRCLE
  5
F01
330
8F9
100
AcDbEntity
  8
2Y
100
AcDbCircle
 10
43040.33236619949
 20
9362.066657245305
 30
0.0
 40
96.29160149310964
  0
INSERT
  5
F02
330
8F9
100
AcDbEntity
  8
2Y
 62
     8
100
AcDbBlockReference
  2
DIMBLK
 10
43357.98616897807
 20
9397.63336348234
 30
0.0
 41
77.46469854733508
 42
77.46469854733508
 43
77.46469854733508
 50
256.0830204988808
  0
LINE
  5
F03
330
8F9
100
AcDbEntity
  8
3G
100
AcDbLine
 10
44422.31506375295
 20
9580.597088125214
 30
0.0
 11
44422.31506375295
 21
9128.719679932371
 31
0.0
  0
LWPOLYLINE
  5
F04
330
8F9
100
AcDbEntity
  8
2Y
100
AcDbPolyline
 90
        2
 70
     1
 43
25.82156618244616
 10
44245.88718484554
 20
9362.066657245305
 42
1.0
 10
44271.70875102819
 20
9362.066657245305
 42
1.0
  0
LINE
  5
F05
330
8F9
100
AcDbEntity
  8
3G
100
AcDbLine
 10
44551.4228946653
 20
9516.043172669045
 30
0.0
 11
44422.31506375295
 21
9516.043172669045
 31
0.0
  0
LINE
  5
F06
330
8F9
100
AcDbEntity
  8
3G
100
AcDbLine
 10
44422.31506375295
 20
9193.273595388543
 30
0.0
 11
44551.4228946653
 21
9193.273595388543
 31
0.0
  0
LINE
  5
F07
330
8F9
100
AcDbEntity
  8
3G
100
AcDbLine
 10
44551.4228946653
 20
9516.043172669045
 30
0.0
 11
44551.4228946653
 21
9193.273595388543
 31
0.0
  0
LINE
  5
F08
330
8F9
100
AcDbEntity
  8
2Y
100
AcDbLine
 10
44422.31506375295
 20
9128.719679932371
 30
0.0
 11
46005.51409550968
 21
9128.719679932371
 31
0.0
  0
LINE
  5
F09
330
8F9
100
AcDbEntity
  8
1R
100
AcDbLine
 10
44422.31506375295
 20
9265.971229695628
 30
0.0
 11
46005.51409550968
 21
9265.971229695628
 31
0.0
  0
LINE
  5
F0A
330
8F9
100
AcDbEntity
  8
1R
100
AcDbLine
 10
44422.31506375295
 20
9291.79279587805
 30
0.0
 11
46005.51409550968
 21
9291.79279587805
 31
0.0
  0
LINE
  5
F0B
330
8F9
100
AcDbEntity
  8
1R
100
AcDbLine
 10
44422.31506375295
 20
9422.325158317603
 30
0.0
 11
45952.09939562928
 21
9422.325158317603
 31
0.0
  0
LINE
  5
F0C
330
8F9
100
AcDbEntity
  8
1R
100
AcDbLine
 10
44422.31506375295
 20
9396.50359213518
 30
0.0
 11
45952.09939562928
 21
9396.50359213518
 31
0.0
  0
LINE
  5
F0D
330
8F9
100
AcDbEntity
  8
2Y
100
AcDbLine
 10
44422.31506375295
 20
9580.597088125214
 30
0.0
 11
45978.80674556948
 21
9580.597088125214
 31
0.0
  0
LINE
  5
F0E
330
8F9
100
AcDbEntity
  8
SHE
100
AcDbLine
 10
43135.87211672428
 20
9350.057136523799
 30
0.0
 11
43624.68085938858
 21
10473.92872259221
 31
0.0
  0
LINE
  5
F0F
330
8F9
100
AcDbEntity
  8
SHE
100
AcDbLine
 10
43370.40715321273
 20
9447.760524494137
 30
0.0
 11
43624.68085938858
 21
10473.92872259221
 31
0.0
  0
LWPOLYLINE
  5
F10
330
8F9
100
AcDbEntity
  8
2Y
100
AcDbPolyline
 90
        6
 70
     0
 43
0.0
 10
6127.773016376217
 20
-14024.76804920469
 10
6127.773016376217
 20
-13695.33631005985
 10
6175.108000348584
 20
-13657.31853908227
 10
6175.108000348584
 20
-13302.48700087526
 10
6099.042082141416
 20
-13196.88224664607
 10
6132.849075631035
 20
-12475.47407825789
  0
LINE
  5
F11
330
8F9
100
AcDbEntity
  8
3G
100
AcDbLine
 10
9358.502845776994
 20
-12862.79757099456
 30
0.0
 11
9358.502845776994
 21
-14024.76804920457
 31
0.0
  0
LINE
  5
F12
330
8F9
100
AcDbEntity
  8
3G
100
AcDbLine
 10
10391.36549307478
 20
-14024.76804920457
 30
0.0
 11
10391.36549307478
 21
-10151.53312183774
 31
0.0
  0
LINE
  5
F13
330
8F9
100
AcDbEntity
  8
2Y
 62
     8
100
AcDbLine
 10
-10830.30508347388
 20
-4685.907742070587
 30
0.0
 11
-11242.41318384066
 21
-3700.736606088903
 31
0.0
  0
LWPOLYLINE
  5
F14
330
8F9
100
AcDbEntity
  8
2Y
100
AcDbPolyline
 90
        7
 70
     1
 43
0.0
 10
-10734.22703200785
 20
-3819.65740211794
 10
-10799.6767453083
 20
-3817.979779565212
 10
-10816.45846051603
 20
-3794.494550202129
 10
-10818.13670517897
 20
-3772.686943391658
 10
-10784.57290905268
 20
-3759.26670615733
 10
-10727.51441906645
 20
-3774.364318215143
 10
-10720.80180612553
 20
-3794.494550202129
  0
LWPOLYLINE
  5
F15
330
8F9
100
AcDbEntity
  8
2Y
100
AcDbPolyline
 90
        6
 70
     0
 43
0.0
 10
-10970.21441646639
 20
-3800.842364775686
 10
-10830.70068325542
 20
-3800.842364775686
 10
-10809.7458475751
 20
-3834.75501417587
 10
-10724.15792974058
 20
-3834.75501417587
 10
-10714.08882747378
 20
-3812.947159636155
 10
-10582.89092372983
 20
-3800.842364775686
  0
LWPOLYLINE
  5
F16
330
8F9
100
AcDbEntity
  8
4C
100
AcDbPolyline
 90
        3
 70
     1
 43
0.0
 10
-11342.27836689559
 20
-4860.135122307431
 10
-11736.31102125972
 20
-4860.135122307431
 10
-11539.29469407789
 20
-5201.377410907618
  0
LWPOLYLINE
  5
F17
330
8F9
100
AcDbEntity
  8
2Y
100
AcDbPolyline
 90
        2
 70
     1
 43
25.82156618244616
 10
-10765.60335242256
 20
-5023.813351068733
 42
1.0
 10
-10739.78178624037
 20
-5023.813351068733
 42
1.0
  0
INSERT
  5
F18
330
8F9
100
AcDbEntity
  8
2Y
 62
     8
100
AcDbBlockReference
  2
DIMBLK
 10
-10739.95270843125
 20
-5057.3784749248
 30
0.0
 41
-77.46469854734406
 42
77.46469854730822
 43
77.46469854733849
 50
288.1899296380319
  0
LINE
  5
F19
330
8F9
100
AcDbEntity
  8
3G
100
AcDbLine
 10
-10970.21441646592
 20
-5072.269579995278
 30
0.0
 11
-10582.89092372937
 21
-5113.334927150019
 31
0.0
  0
LINE
  5
F1A
330
8F9
100
AcDbEntity
  8
3G
100
AcDbLine
 10
-10970.21441646592
 20
-3800.842364775686
 30
0.0
 11
-10970.21441646592
 21
-5201.377410907502
 31
0.0
  0
INSERT
  5
F1B
330
8F9
100
AcDbEntity
  8
2Y
 62
     8
100
AcDbBlockReference
  2
DIMBLK
 10
-10810.3756007475
 20
-4733.550462802377
 30
0.0
 41
77.46469854733861
 42
77.46469854733861
 43
77.46469854733861
 50
292.7001033070536
  0
LINE
  5
F1C
330
8F9
100
AcDbEntity
  8
2Y
 62
     8
100
AcDbLine
 10
-10454.72501987332
 20
-5925.417586436001
 30
0.0
 11
-9852.730503961183
 21
-5925.417586436001
 31
0.0
  0
LINE
  5
F1D
330
8F9
100
AcDbEntity
  8
3G
100
AcDbLine
 10
-11615.75357102716
 20
-6750.671381854306
 30
0.0
 11
-10970.21441646592
 21
-6750.671381854306
 31
0.0
  0
LINE
  5
F1E
330
8F9
100
AcDbEntity
  8
2Y
 62
     8
100
AcDbLine
 10
-10476.81019301407
 20
-7109.021239447611
 30
0.0
 11
-9863.870406048111
 21
-7109.021239447611
 31
0.0
  0
LINE
  5
F1F
330
8F9
100
AcDbEntity
  8
2Y
 62
     8
100
AcDbLine
 10
-10734.22236479466
 20
-7761.204866751767
 30
0.0
 11
-10476.81019301407
 21
-7109.021239447611
 31
0.0
  0
INSERT
  5
F20
330
8F9
100
AcDbEntity
  8
2Y
 62
     8
100
AcDbBlockReference
  2
DIMBLK
 10
-10753.18216365363
 20
-7809.241718726902
 30
0.0
 41
77.46469854734541
 42
77.46469854734541
 43
77.46469854734541
 50
248.4612081295575
  0
LINE
  5
F21
330
8F9
100
AcDbEntity
  8
5B
100
AcDbLine
 10
-10810.3756007475
 20
-6426.468464213161
 30
0.0
 11
-10810.3756007475
 21
-3799.63567554715
 31
0.0
  0
LINE
  5
F22
330
8F9
100
AcDbEntity
  8
3G
100
AcDbLine
 10
-11615.75357102716
 20
-5588.700903644173
 30
0.0
 11
-11615.75357102716
 21
-6750.671381854306
 31
0.0
  0
LINE
  5
F23
330
8F9
100
AcDbEntity
  8
2Y
 62
     8
100
AcDbLine
 10
-10723.83137789296
 20
-5106.440841583273
 30
0.0
 11
-10454.72501987332
 21
-5925.417586436001
 31
0.0
  0
LWPOLYLINE
  5
F24
330
8F9
100
AcDbEntity
  8
2Y
100
AcDbPolyline
 90
        8
 70
     1
 43
0.0
 10
-15719.81343454469
 20
-5948.130759947439
 10
-15643.74751633752
 20
-6053.735266447503
 10
-15631.06980235103
 20
-6349.428380106081
 10
-15681.78065829604
 20
-6404.342773031996
 10
-15749.39464527622
 20
-6408.567052383645
 10
-15795.87935275232
 20
-6307.186577506101
 10
-15795.87935275232
 20
-6011.493463847524
 10
-15762.07235926224
 20
-5969.251661247429
  0
LWPOLYLINE
  5
F25
330
8F9
100
AcDbEntity
  8
2Y
100
AcDbPolyline
 90
        6
 70
     0
 43
0.0
 10
-15631.92007884729
 20
-6750.671381854423
 10
-15631.92007884729
 20
-6421.239642709581
 10
-15584.58509487493
 20
-6383.221871732007
 10
-15584.58509487493
 20
-6028.390333524992
 10
-15660.65101308256
 20
-5922.785579295684
 10
-15626.84401959248
 20
-5201.377410907618
  0
LINE
  5
F26
330
8F9
100
AcDbEntity
  8
3G
100
AcDbLine
 10
-15626.84401959294
 20
-5201.377410907502
 30
0.0
 11
-10970.21441646592
 21
-5201.377410907502
 31
0.0
  0
LINE
  5
F27
330
8F9
100
AcDbEntity
  8
3G
100
AcDbLine
 10
-15644.99496848855
 20
-5588.700903644173
 30
0.0
 11
-11615.75357102716
 21
-5588.700903644173
 31
0.0
  0
LINE
  5
F28
330
8F9
100
AcDbEntity
  8
2Y
100
AcDbLine
 10
-11615.75357102716
 20
-6750.671381854306
 30
0.0
 11
-15631.92007884729
 21
-6750.671381854306
 31
0.0
  0
LINE
  5
F29
330
8F9
100
AcDbEntity
  8
2Y
 62
     8
100
AcDbLine
 10
-11242.41318384066
 20
-3700.736606088903
 30
0.0
 11
-12612.05006976632
 21
-3700.736606088903
 31
0.0
  0
LINE
  5
F2A
330
8F9
100
AcDbEntity
  8
3G
100
AcDbLine
 10
-10582.89092372937
 20
-8299.965352801111
 30
0.0
 11
-10582.89092372983
 21
-9154.837122197932
 31
0.0
  0
LINE
  5
F2B
330
8F9
100
AcDbEntity
  8
3G
100
AcDbLine
 10
-10634.53405609421
 20
-8299.965352801111
 30
0.0
 11
-10634.53405609421
 21
-8429.073183713219
 31
0.0
  0
LINE
  5
F2C
330
8F9
100
AcDbEntity
  8
1R
100
AcDbLine
 10
-10686.17718845905
 20
-8299.965352801111
 30
0.0
 11
-10686.17718845952
 21
-9154.837122197932
 31
0.0
  0
LINE
  5
F2D
330
8F9
100
AcDbEntity
  8
1R
100
AcDbLine
 10
-10711.99875464171
 20
-8299.965352801111
 30
0.0
 11
-10711.99875464171
 21
-9154.837122197932
 31
0.0
  0
LINE
  5
F2E
330
8F9
100
AcDbEntity
  8
1R
100
AcDbLine
 10
-10866.92815173624
 20
-8299.965352801111
 30
0.0
 11
-10866.9281517367
 21
-9154.837122197932
 31
0.0
  0
LINE
  5
F2F
330
8F9
100
AcDbEntity
  8
1R
100
AcDbLine
 10
-10841.10658555358
 20
-8299.965352801111
 30
0.0
 11
-10841.10658555405
 21
-9109.545324011561
 31
0.0
  0
LINE
  5
F30
330
8F9
100
AcDbEntity
  8
3G
100
AcDbLine
 10
-10970.21441646592
 20
-8299.965352801111
 30
0.0
 11
-10970.21441646639
 21
-9154.837122197932
 31
0.0
  0
LWPOLYLINE
  5
F31
330
8F9
100
AcDbEntity
  8
2Y
100
AcDbPolyline
 90
        2
 70
     1
 43
25.82156618244616
 10
-10813.38605688486
 20
-8170.41730602269
 42
1.0
 10
-10787.56449070267
 20
-8170.41730602269
 42
1.0
  0
LINE
  5
F32
330
8F9
100
AcDbEntity
  8
3G
100
AcDbLine
 10
-10918.57128410108
 20
-8299.965352801111
 30
0.0
 11
-10918.57128410108
 21
-8429.073183713219
 31
0.0
  0
LINE
  5
F33
330
8F9
100
AcDbEntity
  8
2Y
100
AcDbLine
 10
-10634.53405609421
 20
-8429.073183713219
 30
0.0
 11
-10918.57128410108
 21
-8429.073183713219
 31
0.0
  0
LINE
  5
F34
330
8F9
100
AcDbEntity
  8
3G
100
AcDbLine
 10
-10582.89092372937
 20
-8299.965352801111
 30
0.0
 11
-10970.21441646592
 21
-8299.965352801111
 31
0.0
  0
LINE
  5
F35
330
8F9
100
AcDbEntity
  8
3G
100
AcDbLine
 10
-10582.89092372983
 20
-9308.790418168618
 30
0.0
 11
-10582.89092372983
 21
-10151.53312183774
 31
0.0
  0
LINE
  5
F36
330
8F9
100
AcDbEntity
  8
2Y
100
AcDbLine
 10
-10634.53405609421
 20
-10151.53312183774
 30
0.0
 11
-10634.53405609421
 21
-10022.4252909254
 31
0.0
  0
LINE
  5
F37
330
8F9
100
AcDbEntity
  8
1R
100
AcDbLine
 10
-10686.17718845952
 20
-9308.790418168618
 30
0.0
 11
-10686.17718845999
 21
-10151.53312183774
 31
0.0
  0
LINE
  5
F38
330
8F9
100
AcDbEntity
  8
1R
100
AcDbLine
 10
-10711.99875464171
 20
-9308.790418168618
 30
0.0
 11
-10711.99875464217
 21
-10151.53312183774
 31
0.0
  0
LINE
  5
F39
330
8F9
100
AcDbEntity
  8
3G
100
AcDbLine
 10
-10970.21441646639
 20
-9308.790418168618
 30
0.0
 11
-10970.21441646685
 21
-10151.53312183774
 31
0.0
  0
LINE
  5
F3A
330
8F9
100
AcDbEntity
  8
1R
100
AcDbLine
 10
-10841.10658555405
 20
-9263.498619982478
 30
0.0
 11
-10841.10658555451
 21
-10134.42642547641
 31
0.0
  0
LINE
  5
F3B
330
8F9
100
AcDbEntity
  8
1R
100
AcDbLine
 10
-10866.9281517367
 20
-9308.790418168618
 30
0.0
 11
-10866.92815173717
 21
-10134.42642547641
 31
0.0
  0
LINE
  5
F3C
330
8F9
100
AcDbEntity
  8
2Y
100
AcDbLine
 10
-10918.57128410108
 20
-10151.53312183774
 30
0.0
 11
-10918.57128410108
 21
-10022.4252909254
 31
0.0
  0
LINE
  5
F3D
330
8F9
100
AcDbEntity
  8
2Y
100
AcDbLine
 10
-10634.53405609421
 20
-10022.4252909254
 30
0.0
 11
-10918.57128410108
 21
-10022.4252909254
 31
0.0
  0
LINE
  5
F3E
330
8F9
100
AcDbEntity
  8
3G
100
AcDbLine
 10
-10582.89092372937
 20
-10151.53312183774
 30
0.0
 11
-10970.21441646592
 21
-10151.53312183774
 31
0.0
  0
LINE
  5
F3F
330
8F9
100
AcDbEntity
  8
3G
100
AcDbLine
 10
-10582.89092372983
 20
-10151.53312183774
 30
0.0
 11
-10970.21441646685
 21
-10151.53312183774
 31
0.0
  0
LWPOLYLINE
  5
F40
330
8F9
100
AcDbEntity
  8
1R
100
AcDbPolyline
 90
        6
 70
     0
 43
0.0
 10
-11078.65663698662
 20
-9308.790418168618
 10
-10852.09421887874
 20
-9308.790418168618
 10
-10815.8441701431
 20
-9159.36516496769
 10
-10784.12531308477
 20
-9449.159585830029
 10
-10761.46909703986
 20
-9308.790418168618
 10
-10471.46922247411
 20
-9308.790418168618
  0
LWPOLYLINE
  5
F41
330
8F9
100
AcDbEntity
  8
1R
100
AcDbPolyline
 90
        6
 70
     0
 43
0.0
 10
-11078.65663698662
 20
-9154.837122197932
 10
-10852.09421887874
 20
-9154.837122197932
 10
-10815.8441701431
 20
-9005.411868996889
 10
-10784.12531308477
 20
-9295.206289859343
 10
-10761.46909703986
 20
-9154.837122197932
 10
-10471.46922247411
 20
-9154.837122197932
  0
LINE
  5
F42
330
8F9
100
AcDbEntity
  8
2Y
 62
     8
100
AcDbLine
 10
-10302.09216031871
 20
-10892.9479655048
 30
0.0
 11
-9875.223370967638
 21
-10892.9479655048
 31
0.0
  0
LINE
  5
F43
330
8F9
100
AcDbEntity
  8
2Y
 62
     8
100
AcDbLine
 10
-11930.62156132722
 20
-9861.329348477623
 30
0.0
 11
-12856.97535045744
 21
-9861.329348477623
 31
0.0
  0
LWPOLYLINE
  5
F44
330
8F9
100
AcDbEntity
  8
2Y
100
AcDbPolyline
 90
        2
 70
     1
 43
25.82156618244616
 10
-10785.20277385573
 20
-10333.95491539498
 42
1.0
 10
-10759.38120767355
 20
-10333.95491539498
 42
0.9999999999999998
  0
LWPOLYLINE
  5
F45
330
8F9
100
AcDbEntity
  8
4C
100
AcDbPolyline
 90
        3
 70
     1
 43
0.0
 10
-11384.85188351126
 20
-12134.23178965764
 10
-11778.88453787539
 20
-12134.23178965764
 10
-11581.86821069356
 20
-12475.474078258
  0
LWPOLYLINE
  5
F46
330
8F9
100
AcDbEntity
  8
2Y
100
AcDbPolyline
 90
        2
 70
     1
 43
25.82156618244616
 10
-10743.77364585662
 20
-12480.65331855972
 42
1.0
 10
-10717.95207967396
 20
-12480.65331855972
 42
0.9999999999999998
  0
LINE
  5
F47
330
8F9
100
AcDbEntity
  8
2Y
 62
     8
100
AcDbLine
 10
-10829.16112221146
 20
-11586.16781379617
 30
0.0
 11
-11930.62156132722
 21
-9861.329348477623
 31
0.0
  0
INSERT
  5
F48
330
8F9
100
AcDbEntity
  8
2Y
 62
     8
100
AcDbBlockReference
  2
DIMBLK
 10
-10787.46892938038
 20
-11651.45594884341
 30
0.0
 41
77.46469854731603
 42
77.46469854731603
 43
77.46469854731603
 50
302.5617962636936
  0
INSERT
  5
F49
330
8F9
100
AcDbEntity
  8
2Y
 62
     8
100
AcDbBlockReference
  2
DIMBLK
 10
-10718.68249371342
 20
-11633.91952478452
 30
0.0
 41
77.4646985473379
 42
77.4646985473379
 43
77.4646985473379
 50
240.6543581688313
  0
LINE
  5
F4A
330
8F9
100
AcDbEntity
  8
2Y
 62
     8
100
AcDbLine
 10
-10693.37338300535
 20
-11588.90328287516
 30
0.0
 11
-10302.09216031871
 21
-10892.9479655048
 31
0.0
  0
LWPOLYLINE
  5
F4B
330
8F9
100
AcDbEntity
  8
5B
100
AcDbPolyline
 90
        4
 70
     0
 43
0.0
 10
-10811.72360899087
 20
-10476.10667198171
 10
-10811.72360899087
 20
-10334.43972155798
 42
-1.0
 10
-10728.86535299217
 20
-10334.43972155798
 10
-10728.86535299217
 20
-12481.13812472272
  0
LINE
  5
F4C
330
8F9
100
AcDbEntity
  8
3G
100
AcDbLine
 10
-15619.25468533739
 20
-12475.47407825777
 30
0.0
 11
-10970.21441646592
 21
-12475.47407825777
 31
0.0
  0
LINE
  5
F4D
330
8F9
100
AcDbEntity
  8
3G
100
AcDbLine
 10
-10582.89092372937
 20
-3800.842364775686
 30
0.0
 11
-10582.89092372937
 21
-8299.965352801111
 31
0.0
  0
DIMENSION
  5
F4E
330
8F9
100
AcDbEntity
  8
DIM
100
AcDbDimension
280
     0
  2
*D60
 10
-8605.95543268384
 20
-10151.53312183777
 30
0.0
 11
-8605.955432683899
 21
-9225.749237319506
 31
0.0
 12
-237352.661668502
 22
49412.07875907037
 32
0.0
 70
   128
  1
WINDOW \XOPENING
 71
     5
 42
1851.567769036628
 73
     0
 74
     0
 75
     0
  3
DIM150
100
AcDbAlignedDimension
 13
-10582.89092372937
 23
-8299.965352801111
 33
0.0
 14
-10582.89092372983
 24
-10151.53312183774
 34
0.0
 50
90.0
100
AcDbRotatedDimension
  0
LWPOLYLINE
  5
F4F
330
8F9
100
AcDbEntity
  8
5B
100
AcDbPolyline
 90
        6
 70
     0
 43
0.0
 10
-10843.77336438812
 20
-8026.01468137416
 10
-10843.77336438812
 20
-8170.902112185693
 42
0.9999999999999998
 10
-10753.18216365316
 20
-8170.902112185693
 10
-10753.18216365316
 20
-5926.984346858895
 42
0.4142135623730951
 10
-10804.82529601801
 20
-5875.341214493936
 10
-11242.37457448125
 20
-5875.341214493936
  0
LINE
  5
F50
330
8F9
100
AcDbEntity
  8
3G
100
AcDbLine
 10
-10970.21441646592
 20
-6750.671381854306
 30
0.0
 11
-10970.21441646592
 21
-8299.965352801111
 31
0.0
  0
LINE
  5
F51
330
8F9
100
AcDbEntity
  8
2Y
 62
     8
100
AcDbLine
 10
-10302.09216031871
 20
-13214.10376598124
 30
0.0
 11
-9875.223370967638
 21
-13214.10376598124
 31
0.0
  0
LINE
  5
F52
330
8F9
100
AcDbEntity
  8
3G
100
AcDbLine
 10
-10970.21441646592
 20
-12604.58190917011
 30
0.0
 11
-10582.89092372937
 21
-12604.58190917011
 31
0.0
  0
ARC
  5
F53
330
8F9
100
AcDbEntity
  8
4C
100
AcDbCircle
 10
-10575.22161890726
 20
-14076.41118156942
 30
0.0
 40
65.51514322356982
100
AcDbArc
 50
127.9765628690173
 51
232.0234371309827
  0
ARC
  5
F54
330
8F9
100
AcDbEntity
  8
4C
100
AcDbCircle
 10
-10570.68828332957
 20
-14076.41118156942
 30
0.0
 40
59.71985232828552
100
AcDbArc
 50
120.1450840401454
 51
239.8549159598545
  0
ARC
  5
F55
330
8F9
100
AcDbEntity
  8
4C
100
AcDbCircle
 10
-10565.62726316575
 20
-14076.41118156942
 30
0.0
 40
54.45224601906594
100
AcDbArc
 50
108.4841444332055
 51
251.5158555667944
  0
LINE
  5
F56
330
8F9
100
AcDbEntity
  8
3G
100
AcDbLine
 10
-11615.75357102716
 20
-14024.76804920457
 30
0.0
 11
-10970.21441646592
 21
-14024.76804920457
 31
0.0
  0
INSERT
  5
F57
330
8F9
100
AcDbEntity
  8
2Y
 62
     2
100
AcDbBlockReference
  2
DIMBLK
 10
-11320.01004824388
 20
-14024.76804920457
 30
0.0
 41
2.582156618224752
 42
2.582156618224752
 43
2.582156618224752
 50
76.91110689792328
  0
CIRCLE
  5
F58
330
8F9
100
AcDbEntity
  8
4C
100
AcDbCircle
 10
-10702.70852096818
 20
-14076.41118156942
 30
0.0
 40
51.64313236489232
  0
ARC
  5
F59
330
8F9
100
AcDbEntity
  8
4C
100
AcDbCircle
 10
-10977.88372128896
 20
-14076.41118156942
 30
0.0
 40
65.51514322356997
100
AcDbArc
 50
307.9765628690173
 51
52.02343713098271
  0
ARC
  5
F5A
330
8F9
100
AcDbEntity
  8
4C
100
AcDbCircle
 10
-10982.41705686619
 20
-14076.41118156942
 30
0.0
 40
59.71985232828593
100
AcDbArc
 50
300.1450840401454
 51
59.85491595985454
  0
ARC
  5
F5B
330
8F9
100
AcDbEntity
  8
4C
100
AcDbCircle
 10
-10987.47807703001
 20
-14076.41118156942
 30
0.0
 40
54.45224601906594
100
AcDbArc
 50
288.4841444332056
 51
71.51585556679446
  0
ARC
  5
F5C
330
8F9
100
AcDbEntity
  8
4C
100
AcDbCircle
 10
-10973.59400185963
 20
-14076.41118156942
 30
0.0
 40
71.55405026732785
100
AcDbArc
 50
313.8020074938525
 51
46.19799250614749
  0
CIRCLE
  5
F5D
330
8F9
100
AcDbEntity
  8
4C
100
AcDbCircle
 10
-10850.39681922711
 20
-14076.41118156942
 30
0.0
 40
51.64313236489232
  0
ARC
  5
F5E
330
8F9
100
AcDbEntity
  8
4C
100
AcDbCircle
 10
-10579.51133833613
 20
-14076.41118156942
 30
0.0
 40
71.55405026732802
100
AcDbArc
 50
133.8020074938525
 51
226.1979925061475
  0
LINE
  5
F5F
330
8F9
100
AcDbEntity
  8
TG
100
AcDbLine
 10
-10970.21441646592
 20
-14128.05431393438
 30
0.0
 11
-10582.89092372937
 21
-14128.05431393438
 31
0.0
  0
LINE
  5
F60
330
8F9
100
AcDbEntity
  8
TG
100
AcDbLine
 10
-10970.21441646592
 20
-14024.76804920457
 30
0.0
 11
-10582.89092372937
 21
-14024.76804920457
 31
0.0
  0
LINE
  5
F61
330
8F9
100
AcDbEntity
  8
TG
100
AcDbLine
 10
-10970.21441646592
 20
-14128.05431393438
 30
0.0
 11
-10582.89092372937
 21
-14128.05431393438
 31
0.0
  0
LINE
  5
F62
330
8F9
100
AcDbEntity
  8
TG
100
AcDbLine
 10
-10970.21441646592
 20
-14024.76804920457
 30
0.0
 11
-10582.89092372937
 21
-14024.76804920457
 31
0.0
  0
LINE
  5
F63
330
8F9
100
AcDbEntity
  8
TG
100
AcDbLine
 10
-10970.21441646592
 20
-14024.76804920457
 30
0.0
 11
-10582.89092372937
 21
-14024.76804920457
 31
0.0
  0
LINE
  5
F64
330
8F9
100
AcDbEntity
  8
3G
100
AcDbLine
 10
-11615.75357102716
 20
-12862.79757099444
 30
0.0
 11
-11615.75357102716
 21
-14024.76804920457
 31
0.0
  0
LWPOLYLINE
  5
F65
330
8F9
100
AcDbEntity
  8
2Y
100
AcDbPolyline
 90
        7
 70
     1
 43
0.0
 10
-10851.11280481957
 20
-15192.03842268904
 10
-10871.9173335584
 20
-15223.23224345428
 10
-10866.71620137358
 20
-15249.22721795642
 10
-10812.10467914512
 20
-15264.82425220366
 10
-10749.69145863989
 20
-15262.22482907222
 10
-10747.09089254748
 20
-15233.63043143853
 10
-10762.69428910102
 20
-15199.83693981261
  0
LWPOLYLINE
  5
F66
330
8F9
100
AcDbEntity
  8
2Y
100
AcDbPolyline
 90
        6
 70
     0
 43
0.0
 10
-10970.21441646639
 20
-15208.3348437715
 10
-10882.31959792759
 20
-15208.3348437715
 10
-10874.51789965082
 20
-15181.6402347048
 10
-10749.69145863989
 20
-15181.6402347048
 10
-10731.48786170382
 20
-15212.83430319917
 10
-10582.89092372983
 20
-15201.75386883117
  0
LWPOLYLINE
  5
F67
330
8F9
100
AcDbEntity
  8
5B
100
AcDbPolyline
 90
        3
 70
     0
 43
0.0
 10
-11184.58612669466
 20
-13316.13759097256
 10
-10759.93719899162
 20
-13316.13759097256
 10
-10759.93719899162
 20
-15476.57108542856
  0
LINE
  5
F68
330
8F9
100
AcDbEntity
  8
3G
100
AcDbLine
 10
-10582.89092372937
 20
-15201.75386883129
 30
0.0
 11
-10582.89092372937
 21
-14128.05431393438
 31
0.0
  0
LINE
  5
F69
330
8F9
100
AcDbEntity
  8
3G
100
AcDbLine
 10
-10970.21441646592
 20
-15208.3348437715
 30
0.0
 11
-10970.21441646592
 21
-14128.05431393438
 31
0.0
  0
LWPOLYLINE
  5
F6A
330
8F9
100
AcDbEntity
  8
2Y
100
AcDbPolyline
 90
        8
 70
     1
 43
0.0
 10
-15712.22410029007
 20
-13222.22742729771
 10
-15636.15818208243
 20
-13327.83193379777
 10
-15623.48046809641
 20
-13623.52504745635
 10
-15674.19132404143
 20
-13678.43944038226
 10
-15741.80531102113
 20
-13682.66371973391
 10
-15788.2900184977
 20
-13581.28324485637
 10
-15788.2900184977
 20
-13285.59013119779
 10
-15754.48302500762
 20
-13243.34832859781
  0
LINE
  5
F6B
330
8F9
100
AcDbEntity
  8
3G
100
AcDbLine
 10
-15619.25468533739
 20
-12862.79757099444
 30
0.0
 11
-11615.75357102716
 21
-12862.79757099444
 31
0.0
  0
LINE
  5
F6C
330
8F9
100
AcDbEntity
  8
2Y
100
AcDbLine
 10
-11615.75357102716
 20
-14024.76804920457
 30
0.0
 11
-15586.18532956505
 21
-14024.76804920457
 31
0.0
  0
LINE
  5
F6D
330
8F9
100
AcDbEntity
  8
2Y
 62
     8
100
AcDbLine
 10
40623.67783744472
 20
11148.08234653368
 30
0.0
 11
39758.12028521233
 21
11148.08234653368
 31
0.0
  0
INSERT
  5
F6E
330
8F9
100
AcDbEntity
  8
2Y
 62
     8
100
AcDbBlockReference
  2
DIMBLK
 10
40773.91266128261
 20
10678.01365087917
 30
0.0
 41
77.46469854735869
 42
77.46469854735869
 43
77.46469854735869
 50
287.7239758135302
  0
LINE
  5
F6F
330
8F9
100
AcDbEntity
  8
2Y
 62
     8
100
AcDbLine
 10
40758.19085563047
 20
10727.20549926374
 30
0.0
 11
40623.67783744472
 21
11148.08234653368
 31
0.0
  0
LINE
  5
F70
330
8F9
100
AcDbEntity
  8
3G
100
AcDbLine
 10
40419.97230547367
 20
10678.01365087917
 30
0.0
 11
41969.26627642035
 21
10678.01365087917
 31
0.0
  0
LWPOLYLINE
  5
F71
330
8F9
100
AcDbEntity
  8
3G
100
AcDbPolyline
 90
        4
 70
     0
 43
0.0
 10
42098.37410733269
 20
9580.59708812533
 10
42098.37410733269
 20
9128.719679932489
 10
41969.26627642035
 20
9128.719679932489
 10
41969.26627642035
 20
9580.59708812533
  0
INSERT
  5
F72
330
8F9
100
AcDbEntity
  8
2Y
 62
     8
100
AcDbBlockReference
  2
DIMBLK
 10
42400.45217940144
 20
9345.990231117612
 30
0.0
 41
77.46469854735477
 42
77.46469854735477
 43
77.46469854735477
 50
35.3267763949085
  0
ARC
  5
F73
330
8F9
100
AcDbEntity
  8
4C
100
AcDbCircle
 10
42033.82019187675
 20
9614.293826683454
 30
0.0
 40
95.27959769146447
100
AcDbArc
 50
227.3497828652624
 51
312.6502171347376
  0
ARC
  5
F74
330
8F9
100
AcDbEntity
  8
4C
100
AcDbCircle
 10
42033.82019187675
 20
9614.293826683454
 30
0.0
 40
84.95097121848599
100
AcDbArc
 50
220.5449569828498
 51
319.4550430171502
  0
ARC
  5
F75
330
8F9
100
AcDbEntity
  8
4C
100
AcDbCircle
 10
42033.82019187675
 20
9614.293826683454
 30
0.0
 40
74.62234474550753
100
AcDbArc
 50
210.1087440470712
 51
329.8912559529288
  0
INSERT
  5
F76
330
8F9
100
AcDbEntity
  8
2Y
 62
     8
100
AcDbBlockReference
  2
DIMBLK
 10
42064.29753831101
 20
9590.917508129527
 30
0.0
 41
77.46469854732025
 42
77.46469854732025
 43
77.46469854732025
 50
249.4107416144917
  0
ARC
  5
F77
330
8F9
100
AcDbEntity
  8
4C
100
AcDbCircle
 10
42033.82019187675
 20
9103.508201734308
 30
0.0
 40
95.27959769146447
100
AcDbArc
 50
47.34978286526239
 51
132.6502171347376
  0
ARC
  5
F78
330
8F9
100
AcDbEntity
  8
4C
100
AcDbCircle
 10
42033.82019187675
 20
9103.508201734308
 30
0.0
 40
84.95097121848599
100
AcDbArc
 50
40.54495698284982
 51
139.4550430171502
  0
ARC
  5
F79
330
8F9
100
AcDbEntity
  8
4C
100
AcDbCircle
 10
42033.82019187675
 20
9103.508201734308
 30
0.0
 40
74.62234474550753
100
AcDbArc
 50
30.10874404707119
 51
149.8912559529288
  0
ARC
  5
F7A
330
8F9
100
AcDbEntity
  8
4C
100
AcDbCircle
 10
42033.82019187675
 20
9103.508201734308
 30
0.0
 40
105.6082241644429
100
AcDbArc
 50
52.31944988319739
 51
127.6805501168026
  0
CIRCLE
  5
F7B
330
8F9
100
AcDbEntity
  8
4C
100
AcDbCircle
 10
42033.82019187675
 20
9273.670341354941
 30
0.0
 40
64.55391545611539
  0
CIRCLE
  5
F7C
330
8F9
100
AcDbEntity
  8
4C
100
AcDbCircle
 10
42033.82019187675
 20
9444.131687062821
 30
0.0
 40
64.55391545611539
  0
ARC
  5
F7D
330
8F9
100
AcDbEntity
  8
4C
100
AcDbCircle
 10
42033.82019187675
 20
9614.293826683454
 30
0.0
 40
105.6082241644429
100
AcDbArc
 50
232.3194498831973
 51
307.6805501168026
  0
INSERT
  5
F7E
330
8F9
100
AcDbEntity
  8
2Y
 62
     8
100
AcDbBlockReference
  2
DIMBLK
 10
39946.51546888871
 20
9345.990231117495
 30
0.0
 41
77.46469854733989
 42
77.46469854733989
 43
77.46469854733989
 50
118.9448395741794
  0
LWPOLYLINE
  5
F7F
330
8F9
100
AcDbEntity
  8
3G
100
AcDbPolyline
 90
        4
 70
     0
 43
0.0
 10
40290.86447456132
 20
9580.59708812533
 10
40290.86447456132
 20
9128.719679932489
 10
40419.97230547367
 20
9128.719679932489
 10
40419.97230547367
 20
9580.59708812533
  0
LWPOLYLINE
  5
F80
330
8F9
100
AcDbEntity
  8
2Y
  6
HIDDEN2
 48
0.1
100
AcDbPolyline
 90
        4
 70
     1
 43
0.0
 10
40238.32800961312
 20
9410.544146573666
 10
39483.8439093747
 20
9410.544146573666
 10
39483.8439093747
 20
9345.990231117612
 10
40238.32800961312
 20
9345.990231117612
  0
ARC
  5
F81
330
8F9
100
AcDbEntity
  8
4C
100
AcDbCircle
 10
40355.41839001773
 20
9614.293826683454
 30
0.0
 40
95.27959769146447
100
AcDbArc
 50
227.3497828652624
 51
312.6502171347376
  0
ARC
  5
F82
330
8F9
100
AcDbEntity
  8
4C
100
AcDbCircle
 10
40355.41839001773
 20
9614.293826683454
 30
0.0
 40
84.95097121848599
100
AcDbArc
 50
220.5449569828498
 51
319.4550430171502
  0
ARC
  5
F83
330
8F9
100
AcDbEntity
  8
4C
100
AcDbCircle
 10
40355.41839001773
 20
9614.293826683454
 30
0.0
 40
74.62234474550753
100
AcDbArc
 50
210.1087440470712
 51
329.8912559529288
  0
CIRCLE
  5
F84
330
8F9
100
AcDbEntity
  8
4C
100
AcDbCircle
 10
40355.41839001773
 20
9444.131687062821
 30
0.0
 40
64.55391545611539
  0
CIRCLE
  5
F85
330
8F9
100
AcDbEntity
  8
4C
100
AcDbCircle
 10
40355.41839001773
 20
9273.670341354941
 30
0.0
 40
64.55391545611539
  0
ARC
  5
F86
330
8F9
100
AcDbEntity
  8
4C
100
AcDbCircle
 10
40355.41839001773
 20
9103.508201734308
 30
0.0
 40
105.6082241644429
100
AcDbArc
 50
52.31944988319739
 51
127.6805501168026
  0
ARC
  5
F87
330
8F9
100
AcDbEntity
  8
4C
100
AcDbCircle
 10
40355.41839001773
 20
9103.508201734308
 30
0.0
 40
74.62234474550753
100
AcDbArc
 50
30.10874404707119
 51
149.8912559529288
  0
ARC
  5
F88
330
8F9
100
AcDbEntity
  8
4C
100
AcDbCircle
 10
40355.41839001773
 20
9103.508201734308
 30
0.0
 40
84.95097121848599
100
AcDbArc
 50
40.54495698284982
 51
139.4550430171502
  0
ARC
  5
F89
330
8F9
100
AcDbEntity
  8
4C
100
AcDbCircle
 10
40355.41839001773
 20
9103.508201734308
 30
0.0
 40
95.27959769146447
100
AcDbArc
 50
47.34978286526239
 51
132.6502171347376
  0
ARC
  5
F8A
330
8F9
100
AcDbEntity
  8
4C
100
AcDbCircle
 10
40355.41839001773
 20
9614.293826683454
 30
0.0
 40
105.6082241644429
100
AcDbArc
 50
232.3194498831973
 51
307.6805501168026
  0
LWPOLYLINE
  5
F8B
330
8F9
100
AcDbEntity
  8
5B
100
AcDbPolyline
 90
        4
 70
     0
 43
0.0
 10
40983.88761992965
 20
9732.654167289991
 10
40983.88761992965
 20
9384.722580391246
 42
-0.4142135623730951
 10
40958.06605374746
 20
9358.901014208823
 10
39483.8439093747
 20
9358.901014208823
  0
LINE
  5
F8C
330
8F9
100
AcDbEntity
  8
3G
100
AcDbLine
 10
40419.97230547367
 20
9128.719679932371
 30
0.0
 11
41969.26627642035
 21
9128.719679932371
 31
0.0
  0
HATCH
  5
F8D
330
8F9
100
AcDbEntity
  8
SHE
100
AcDbHatch
 10
0.0
 20
0.0
 30
0.0
210
0.0
220
0.0
230
1.0
  2
AR-CONC
 70
     0
 71
     0
 91
        1
 92
        7
 72
     0
 73
     1
 93
        5
 10
41969.26627642035
 20
9128.719679932489
 10
41969.26627642035
 20
9580.59708812533
 10
41969.26627642035
 20
10678.01365087917
 10
40419.97230547367
 20
10678.01365087917
 10
40419.97230547367
 20
9128.719679932371
 97
        0
 75
     0
 76
     1
 52
315.0
 41
129.1078309122308
 77
     0
 78
    13
 53
4.999999999999982
 43
38211.44650140617
 44
62635.44096043313
 45
597.5201807623895
 46
-712.0968224842995
 79
     2
 49
96.8308731841731
 49
-1065.139605025904
 53
310.0
 43
38211.44650140617
 44
62635.44096043313
 45
560.0286491341336
 46
813.3692222353227
 79
     2
 49
77.46469854733849
 49
-852.1116840207232
 53
55.45139999999997
 43
38261.23985226665
 44
62576.09956446176
 45
1157.548899342947
 46
101.2714965136215
 79
     2
 49
82.29357672833465
 49
-905.229372415404
 53
1.184200000000004
 43
38394.03254689116
 44
62818.02700591788
 45
823.2093018429704
 46
-1125.423924631495
 79
     2
 49
145.2463097762596
 49
-1597.709407538856
 53
51.63559999999999
 43
38462.63326283384
 44
62724.24163618221
 45
1742.583485758792
 46
36.01981307758385
 79
     2
 49
123.4403689657369
 49
-1357.84384172195
 53
306.1842
 43
38394.03254689116
 44
62818.02700591788
 45
1742.583458014666
 46
36.02117374527457
 79
     2
 49
116.1970478210077
 49
-1278.167526031085
 53
336.0
 43
38439.67905826241
 44
62681.08747180438
 45
177.3715354210435
 46
-912.497446261049
 79
     2
 49
96.83087318417317
 49
-1065.139605025905
 53
281.0
 43
38439.67905826241
 44
62681.08747180438
 45
884.1413168473323
 46
439.881474233868
 79
     2
 49
77.46469854733716
 49
-852.111684020708
 53
26.45139999999999
 43
38454.45997105146
 44
62605.04600842323
 45
1061.512475109406
 46
-472.616795684708
 79
     2
 49
82.29357672833467
 49
-905.2293724154042
 53
352.5
 43
38211.44650140617
 44
62635.44096043313
 45
315.009961166268
 46
292.8077622057719
 79
     6
 49
0.0
 49
-841.7830575477447
 49
0.0
 49
-865.0224671119463
 49
0.0
 49
-855.339379793529
 53
322.5
 43
38211.44650140617
 44
62635.44096043313
 45
600.2345064723435
 46
119.9062411819658
 79
     6
 49
0.0
 49
-493.1919140847214
 49
0.0
 49
-822.41688291091
 49
0.0
 49
-325.9972730533827
 53
282.5
 43
38007.86306069119
 44
62839.02440114857
 45
466.7516138765389
 46
-507.9336622404781
 79
     6
 49
0.0
 49
-322.7695772805771
 49
0.0
 49
-1007.0410811154
 49
0.0
 49
-1336.266049941589
 53
272.5
 43
37916.5700379487
 44
62930.31742389084
 45
623.7971464946787
 46
-441.0194179209935
 79
     6
 49
0.0
 49
-419.6004504647502
 49
0.0
 49
-668.7785641253557
 49
0.0
 49
-948.9425572048967
 47
0.0878599755358349
 98
        1
 10
41314.62385682415
 20
9744.738946956612
  0
LINE
  5
F8E
330
8F9
100
AcDbEntity
  8
3G
100
AcDbLine
 10
40419.97230547367
 20
10678.01365087917
 30
0.0
 11
40419.97230547367
 21
9128.719679932371
 31
0.0
  0
LINE
  5
F8F
330
8F9
100
AcDbEntity
  8
3G
100
AcDbLine
 10
41969.26627642035
 20
10678.01365087917
 30
0.0
 11
41969.26627642035
 21
9128.719679932371
 31
0.0
  0
LWPOLYLINE
  5
F90
330
8F9
100
AcDbEntity
  8
2Y
100
AcDbPolyline
 90
        6
 70
     0
 43
0.0
 10
38766.6995013424
 20
9580.59708812533
 10
38766.6995013424
 20
9464.12500530752
 10
38793.40685128307
 20
9437.428428813843
 10
38793.40685128307
 20
9337.31586114902
 10
38739.9921514022
 20
9297.270906227671
 10
38739.9921514022
 20
9128.719679932489
  0
LWPOLYLINE
  5
F91
330
8F9
100
AcDbEntity
  8
2Y
100
AcDbPolyline
 90
        8
 70
     1
 43
0.0
 10
38733.73214198629
 20
9469.086932085716
 10
38774.14329715006
 20
9432.058163472014
 10
38774.14329715006
 20
9344.535734251753
 10
38732.8902318266
 20
9311.714981110446
 10
38714.36847456478
 20
9315.081249199138
 10
38697.53027136417
 20
9360.525507672836
 10
38698.37218152432
 20
9442.998534760233
 10
38712.68465424448
 20
9466.562231019285
  0
LINE
  5
F92
330
8F9
100
AcDbEntity
  8
3G
100
AcDbLine
 10
40419.97230547367
 20
9128.719679932371
 30
0.0
 11
38739.9921514022
 21
9128.719679932371
 31
0.0
  0
LWPOLYLINE
  5
F93
330
8F9
100
AcDbEntity
  8
5B
100
AcDbPolyline
 90
        2
 70
     0
 43
0.0
 10
40238.32800961312
 20
9397.633363482572
 10
38793.40685128307
 20
9397.633363482572
  0
LINE
  5
F94
330
8F9
100
AcDbEntity
  8
3G
100
AcDbLine
 10
38766.6995013424
 20
9580.597088125214
 30
0.0
 11
40290.86447456179
 21
9580.597088125214
 31
0.0
  0
LINE
  5
F95
330
8F9
100
AcDbEntity
  8
2Y
 62
     8
100
AcDbLine
 10
42082.45867999995
 20
9639.261960272939
 30
0.0
 11
43076.77344930245
 21
12248.30199086727
 31
0.0
  0
LWPOLYLINE
  5
F96
330
8F9
100
AcDbEntity
  8
2Y
100
AcDbPolyline
 90
        6
 70
     0
 43
0.0
 10
-15624.33074459268
 20
-14024.76804920469
 10
-15624.33074459268
 20
-13695.33631005985
 10
-15576.99576062031
 20
-13657.31853908227
 10
-15576.99576062031
 20
-13302.48700087526
 10
-15653.06167882748
 20
-13196.88224664607
 10
-15619.25468533786
 20
-12475.47407825789
  0
LINE
  5
F97
330
8F9
100
AcDbEntity
  8
3G
100
AcDbLine
 10
-10582.89092372937
 20
-14024.76804920457
 30
0.0
 11
-10582.89092372937
 21
-10151.53312183774
 31
0.0
  0
LWPOLYLINE
  5
F98
330
8F9
100
AcDbEntity
  8
5B
100
AcDbPolyline
 90
        2
 70
     0
 43
0.0
 10
-10801.36632699074
 20
-11431.87018910443
 10
-10801.36632699074
 20
-13181.54702687773
  0
LINE
  5
F99
330
8F9
100
AcDbEntity
  8
3G
100
AcDbLine
 10
-10970.21441646592
 20
-12604.58190917011
 30
0.0
 11
-10970.21441646592
 21
-10151.53312183774
 31
0.0
  0
INSERT
  5
F9A
330
8F9
100
AcDbEntity
  8
2Y
 62
     8
100
AcDbBlockReference
  2
DIMBLK
 10
-10719.04770073268
 20
-12469.37165077225
 30
0.0
 41
-77.46469854729511
 42
77.46469854730822
 43
77.46469854733849
 50
299.3456418311124
  0
LINE
  5
F9B
330
8F9
100
AcDbEntity
  8
2Y
 62
     8
100
AcDbLine
 10
-10693.37338300535
 20
-12518.14844861088
 30
0.0
 11
-10302.09216031871
 21
-13214.10376598124
 31
0.0
  0
LINE
  5
F9C
330
8F9
100
AcDbEntity
  8
2Y
 62
     8
100
AcDbLine
 10
39946.51546888871
 20
9345.990231117495
 30
0.0
 11
40718.44161539644
 21
8050.404163283907
 31
0.0
  0
LINE
  5
F9D
330
8F9
100
AcDbEntity
  8
SHE
100
AcDbLine
 10
42400.45217940144
 20
9345.990231117612
 30
0.0
 11
40718.44161539644
 21
8050.404163283907
 31
0.0
  0
LINE
  5
F9E
330
8F9
100
AcDbEntity
  8
3G
100
AcDbLine
 10
41969.26627642035
 20
9128.719679932371
 30
0.0
 11
44422.31506375295
 21
9128.719679932371
 31
0.0
  0
LINE
  5
F9F
330
8F9
100
AcDbEntity
  8
3G
100
AcDbLine
 10
44422.31506375295
 20
9580.597088125214
 30
0.0
 11
42098.37410733269
 21
9580.597088125214
 31
0.0
  0
LWPOLYLINE
  5
FA0
330
8F9
100
AcDbEntity
  8
5B
100
AcDbPolyline
 90
        4
 70
     0
 43
0.0
 10
42150.9105722809
 20
9397.633363482572
 10
44260.79547770999
 20
9397.633363482572
 42
-1.0
 10
44260.79547770999
 20
9325.530338682147
 10
44113.90452052073
 20
9325.530338682147
  0
LINE
  5
FA1
330
8F9
100
AcDbEntity
  8
SHE
100
AcDbLine
 10
43860.85247423805
 20
8050.404163283907
 30
0.0
 11
40718.44161539644
 21
8050.404163283907
 31
0.0
  0
LWPOLYLINE
  5
FA2
330
8F9
100
AcDbEntity
  8
2Y
  6
HIDDEN2
 48
0.1
100
AcDbPolyline
 90
        4
 70
     1
 43
0.0
 10
42150.9105722809
 20
9410.544146573666
 10
42905.39467251979
 20
9410.544146573666
 10
42905.39467251979
 20
9345.990231117612
 10
42150.9105722809
 20
9345.990231117612
  0
LWPOLYLINE
  5
FA3
330
8F9
100
AcDbEntity
  8
5B
100
AcDbPolyline
 90
        4
 70
     0
 43
0.0
 10
41405.35096196437
 20
9732.654167289991
 10
41405.35096196437
 20
9384.722580391246
 42
0.4142135623730951
 10
41431.17252814702
 20
9358.901014208823
 10
42905.39467251979
 20
9358.901014208823
  0
LINE
  5
FA4
330
8F9
100
AcDbEntity
  8
2Y
 62
     8
100
AcDbLine
 10
43076.77344930245
 20
12248.30199086727
 30
0.0
 11
44289.44343934188
 21
12248.30199086727
 31
0.0
  0
LINE
  5
FA5
330
8F9
100
AcDbEntity
  8
5B
100
AcDbLine
 10
-10752.69256933147
 20
-5023.813351068733
 30
0.0
 11
-10752.69256933147
 21
-3426.172696477472
 31
0.0
  0
LWPOLYLINE
  5
FA6
330
8F9
100
AcDbEntity
  8
2Y
100
AcDbPolyline
 90
        7
 70
     1
 43
0.0
 10
10240.02938479677
 20
-4059.38674971179
 10
10174.57967149632
 20
-4057.709127159061
 10
10157.79795628812
 20
-4034.223897795862
 10
10156.11971162518
 20
-4012.416290985508
 10
10189.68350775193
 20
-3998.99605375118
 10
10246.7419977377
 20
-4014.093665808991
 10
10253.45461067909
 20
-4034.223897795862
  0
TEXT
  5
FA7
330
8F9
100
AcDbEntity
  8
TG
100
AcDbText
 10
11796.6785539368
 20
-12045.85480155467
 30
0.0
 40
375.0
  1
BENTONITE STRIP
 41
0.9
  7
100CL
100
AcDbText
  0
TEXT
  5
FA8
330
8F9
100
AcDbEntity
  8
TG
100
AcDbText
 10
28277.15975548812
 20
29601.53413505934
 30
0.0
 40
375.0
  1
WINDOW
 41
0.9
  7
100CL
 72
     1
 11
29249.48118405955
 21
29789.03413505934
 31
0.0
100
AcDbText
 73
     2
  0
LINE
  5
FA9
330
8F9
100
AcDbEntity
  8
8G
100
AcDbLine
 10
30050.87614769375
 20
32197.82485123468
 30
0.0
 11
24580.96652793631
 21
32197.82485123468
 31
0.0
  0
LWPOLYLINE
  5
FAA
330
8F9
100
AcDbEntity
  8
2Y
 62
     2
100
AcDbPolyline
 90
        4
 70
     1
 43
0.0
 10
27451.51658966977
 20
31286.99872944912
 10
31047.44577844933
 20
31286.99872944912
 10
31047.44577844933
 20
27691.06954066956
 10
27451.51658966977
 20
27691.06954066956
  0
LINE
  5
FAB
330
8F9
100
AcDbEntity
  8
1R
100
AcDbLine
 10
31047.44577844933
 20
31286.99872944912
 30
0.0
 11
27451.51658966977
 21
27691.06954066956
 31
0.0
  0
LINE
  5
FAC
330
8F9
100
AcDbEntity
  8
1R
100
AcDbLine
 10
27451.51658966977
 20
31286.99872944912
 30
0.0
 11
31047.44577844933
 21
27691.06954066956
 31
0.0
  0
LINE
  5
FAD
330
8F9
100
AcDbEntity
  8
8G
100
AcDbLine
 10
30781.90581004022
 20
28944.895316993
 30
0.0
 11
24824.23173272683
 21
28944.895316993
 31
0.0
  0
LINE
  5
FAE
330
8F9
100
AcDbEntity
  8
6M
 62
     6
100
AcDbLine
 10
26156.98208170923
 20
27511.27308123058
 30
0.0
 11
32341.98028640987
 21
27511.27308123058
 31
0.0
  0
LINE
  5
FAF
330
8F9
100
AcDbEntity
  8
6M
 62
     6
100
AcDbLine
 10
26156.98208170923
 20
31466.79518888809
 30
0.0
 11
32341.98028640987
 21
31466.79518888809
 31
0.0
  0
LWPOLYLINE
  5
FB0
330
8F9
100
AcDbEntity
  8
2Y
 62
     1
100
AcDbPolyline
 90
       36
 70
     1
 43
0.0
 10
28245.20767553316
 20
33084.96332383889
 10
25653.55199528
 20
33084.96332383889
 10
25653.55199528
 20
30380.07507766143
 10
25833.78851598341
 20
30300.21647546103
 10
25833.78851598341
 20
29661.34765785723
 10
25913.59511520414
 20
29641.38300730707
 10
25933.54676500967
 20
29162.23139410408
 10
25873.69181559401
 20
29102.33744245383
 10
25853.74016578848
 20
28443.50397429988
 10
25653.55199528
 20
28283.78676989896
 10
25653.55199528
 20
25893.10494627978
 10
28245.20767553316
 20
25893.10494627978
 10
28429.45005178291
 20
26026.89203596721
 10
29259.3653825566
 20
26026.89203596721
 10
29340.72963067171
 20
26092.03050876467
 10
30024.1893148383
 20
26108.31512696401
 10
30105.5535629534
 20
26010.60741776775
 10
30463.55625466004
 20
25994.32279956841
 10
30723.921848628
 20
25893.10494627978
 10
32845.41037283911
 20
25893.10494627978
 10
32845.41037283911
 20
28283.78676989896
 10
32645.22220233062
 20
28443.50397429988
 10
32625.2705525251
 20
29102.33744245383
 10
32565.41560310943
 20
29162.23139410408
 10
32585.3672529145
 20
29641.38300730707
 10
32665.17385213569
 20
29661.34765785723
 10
32665.17385213569
 20
30300.21647546103
 10
32845.41037283911
 20
30380.07507766143
 10
32845.41037283911
 20
33084.96332383889
 10
30723.921848628
 20
33084.96332383889
 10
30463.55625466004
 20
32983.74547055014
 10
30105.5535629534
 20
32967.46085235081
 10
30024.1893148383
 20
32869.75314315467
 10
29340.72963067171
 20
32886.03776135412
 10
29259.3653825566
 20
32951.17623415147
 10
28429.45005178291
 20
32951.17623415147
  0
DIMENSION
  5
FB1
330
8F9
100
AcDbEntity
  8
DIM
100
AcDbDimension
280
     0
  2
*D68
 10
31047.44577844933
 20
33861.38200590888
 30
0.0
 11
29249.48118405955
 21
34198.88200590888
 31
0.0
 12
-237352.661668502
 22
49412.07875907037
 32
0.0
  1
w
 71
     5
 42
3595.929188779555
 73
     0
 74
     0
 75
     0
  3
DIM150
100
AcDbAlignedDimension
 13
27451.51658966977
 23
31286.99872944912
 33
0.0
 14
31047.44577844933
 24
31286.99872944912
 34
0.0
100
AcDbRotatedDimension
  0
LINE
  5
FB2
330
8F9
100
AcDbEntity
  8
6M
 62
     6
100
AcDbLine
 10
26156.98208170923
 20
28626.01112975239
 30
0.0
 11
28386.45817875237
 21
26396.53503270901
 31
0.0
  0
LINE
  5
FB3
330
8F9
100
AcDbEntity
  8
6M
 62
     6
100
AcDbLine
 10
27271.72013023056
 20
32581.53323740966
 30
0.0
 11
27271.72013023056
 21
26396.53503270901
 31
0.0
  0
TEXT
  5
FB4
330
8F9
100
AcDbEntity
  8
TG
100
AcDbText
 10
20090.72100806961
 20
31552.32634166494
 30
0.0
 40
359.8632519642535
  1
LONG DIAGONALS
 41
0.9
  7
100CL
100
AcDbText
  0
TEXT
  5
FB5
330
8F9
100
AcDbEntity
  8
TG
100
AcDbText
 10
19969.08840567412
 20
28770.95785866794
 30
0.0
 40
359.5753613626822
  1
1-%%C16 E.F. (TYP.)
 41
0.9
  7
FRED
100
AcDbText
  0
TEXT
  5
FB6
330
8F9
100
AcDbEntity
  8
TG
100
AcDbText
 10
20090.72100806961
 20
29804.41911783844
 30
0.0
 40
359.8632519642535
  1
EACH CORNER
 41
0.9
  7
100CL
100
AcDbText
  0
TEXT
  5
FB7
330
8F9
100
AcDbEntity
  8
TG
100
AcDbText
 10
20090.72100806961
 20
30387.05485911405
 30
0.0
 40
359.8632519642535
  1
OF WALL AT
 41
0.9
  7
100CL
100
AcDbText
  0
TEXT
  5
FB8
330
8F9
100
AcDbEntity
  8
TG
100
AcDbText
 10
20090.72100806961
 20
30969.69060038933
 30
0.0
 40
359.8632519642535
  1
AT MID-DEPTH
 41
0.9
  7
100CL
100
AcDbText
  0
TEXT
  5
FB9
330
8F9
100
AcDbEntity
  8
TG
100
AcDbText
 10
20090.72100806961
 20
32134.96208294039
 30
0.0
 40
359.8632519642535
  1
%%C16x1500mm
 41
0.9
  7
100CL
100
AcDbText
  0
LINE
  5
FBA
330
8F9
100
AcDbEntity
  8
6M
 62
     6
100
AcDbLine
 10
28386.45817875237
 20
32581.53323740966
 30
0.0
 11
26156.98208170923
 21
30352.05714036641
 31
0.0
  0
LINE
  5
FBB
330
8F9
100
AcDbEntity
  8
6M
 62
     6
100
AcDbLine
 10
32341.98028640987
 20
28626.01112975215
 30
0.0
 11
30112.50418936627
 21
26396.53503270901
 31
0.0
  0
LINE
  5
FBC
330
8F9
100
AcDbEntity
  8
8G
100
AcDbLine
 10
29275.8690843622
 20
28944.895316993
 30
0.0
 11
29275.8690843622
 21
27956.60950907867
 31
0.0
  0
LINE
  5
FBD
330
8F9
100
AcDbEntity
  8
6M
 62
     6
100
AcDbLine
 10
31227.24223788854
 20
32581.53323740966
 30
0.0
 11
31227.24223788854
 21
26396.53503270901
 31
0.0
  0
DIMENSION
  5
FBE
330
8F9
100
AcDbEntity
  8
DIM
100
AcDbDimension
280
     0
  2
*D69
 10
32341.98028640987
 20
23935.38100441208
 30
0.0
 11
31784.61126214921
 21
23935.38100441208
 31
0.0
 12
-237352.661668502
 22
49412.07875907037
 32
0.0
 70
   128
  1
1050
 71
     5
 42
1114.738048521336
 73
     0
 74
     0
 75
     0
  3
DIM150
100
AcDbAlignedDimension
 13
31227.24223788854
 23
26396.53503270901
 33
0.0
 14
32341.98028640987
 24
27511.27308123058
 34
0.0
100
AcDbRotatedDimension
  0
LINE
  5
FBF
330
8F9
100
AcDbEntity
  8
6M
 62
     6
100
AcDbLine
 10
30112.50418936627
 20
32581.53323740966
 30
0.0
 11
32341.98028640987
 21
30352.05714036641
 31
0.0
  0
DIMENSION
  5
FC0
330
8F9
100
AcDbEntity
  8
DIM
100
AcDbDimension
280
     0
  2
*D70
 10
34511.08229022843
 20
31286.99872944911
 30
0.0
 11
34173.58229022837
 21
29489.03413505926
 31
0.0
 12
-237352.661668502
 22
49412.07875907037
 32
0.0
  1
H
 71
     5
 42
3595.929188779555
 73
     0
 74
     0
 75
     0
  3
DIM150
100
AcDbAlignedDimension
 13
31047.44577844933
 23
27691.06954066956
 33
0.0
 14
31047.44577844933
 24
31286.99872944912
 34
0.0
 50
90.0
100
AcDbRotatedDimension
  0
DIMENSION
  5
FC1
330
8F9
100
AcDbEntity
  8
DIM
100
AcDbDimension
280
     0
  2
*D71
 10
34511.08229022598
 20
32581.53323740966
 30
0.0
 11
34511.08229022592
 21
31934.26598342939
 31
0.0
 12
-237352.661668502
 22
49412.07875907037
 32
0.0
 70
   128
  1
825
 71
     5
 42
1294.534507960547
 73
     0
 74
     0
 75
     0
  3
DIM150
100
AcDbAlignedDimension
 13
31047.44577844933
 23
31286.99872944912
 33
0.0
 14
31227.24223788854
 24
32581.53323740966
 34
0.0
 50
90.0
100
AcDbRotatedDimension
  0
LWPOLYLINE
  5
FC2
330
8F9
100
AcDbEntity
  8
8G
 62
     2
100
AcDbPolyline
 90
        8
 70
     0
 43
0.0
 10
30050.87614769375
 20
32197.82485123468
 10
30749.57112378886
 20
32197.82485123468
 10
30749.57112378886
 20
32101.86131737754
 10
30391.69995501617
 20
32101.86131737754
 10
30343.71818808772
 20
32293.78838509182
 10
30295.73642115927
 20
32101.86131737754
 10
30247.75465423081
 20
32293.78838509182
 10
30199.77288730189
 20
32101.86131737754
  0
LWPOLYLINE
  5
FC3
330
8F9
100
AcDbEntity
  8
8G
 62
     2
100
AcDbPolyline
 90
        8
 70
     0
 43
0.0
 10
27557.41336472917
 20
32197.82485123468
 10
28256.10834082475
 20
32197.82485123468
 10
28256.10834082475
 20
32101.86131737754
 10
27898.23717205206
 20
32101.86131737754
 10
27850.25540512361
 20
32293.78838509182
 10
27802.27363819469
 20
32101.86131737754
 10
27754.29187126624
 20
32293.78838509182
 10
27706.31010433779
 20
32101.86131737754
  0
LWPOLYLINE
  5
FC4
330
8F9
100
AcDbEntity
  8
8G
 62
     2
100
AcDbPolyline
 90
        8
 70
     0
 43
0.0
 10
29275.8690843622
 20
27956.60950907867
 10
29275.8690843622
 20
27257.91453298321
 10
29179.90555050483
 20
27257.91453298321
 10
29179.90555050483
 20
27615.78570175578
 10
29371.83261821911
 20
27663.76746868447
 10
29179.90555050483
 20
27711.74923561293
 10
29371.83261821911
 20
27759.73100254161
 10
29179.90555050483
 20
27807.71276947006
  0
LWPOLYLINE
  5
FC5
330
8F9
100
AcDbEntity
  8
8G
 62
     2
100
AcDbPolyline
 90
        8
 70
     0
 43
0.0
 10
30781.90581004022
 20
28944.895316993
 10
31480.6007861358
 20
28944.895316993
 10
31480.6007861358
 20
28848.93178313586
 10
31122.7296173631
 20
28848.93178313586
 10
31074.74785043465
 20
29040.85885085014
 10
31026.7660835062
 20
28848.93178313586
 10
30978.78431657728
 20
29040.85885085014
 10
30930.80254964883
 20
28848.93178313586
  0
TEXT
  5
FC6
330
8F9
100
AcDbEntity
  8
TG
100
AcDbText
 10
28164.65975548812
 20
29001.53413505934
 30
0.0
 40
375.0
  1
OPENING
 41
0.9
  7
100CL
 72
     1
 11
29249.48118405955
 21
29189.03413505934
 31
0.0
100
AcDbText
 73
     2
  0
DIMENSION
  5
FC7
330
8F9
100
AcDbEntity
  8
DIM
100
AcDbDimension
280
     0
  2
*D72
 10
615.7897001442907
 20
9396.788940527956
 30
0.0
 11
615.7897001442324
 21
9972.570143670731
 31
0.0
 12
-237352.661668502
 22
49412.07875907037
 32
0.0
 70
   128
  1
VERIFY
 71
     5
 42
1151.562406285666
 73
     0
 74
     0
 75
     0
  3
DIM150
100
AcDbAlignedDimension
 13
3241.892209044454
 23
10548.35134681364
 33
0.0
 14
3241.892209044454
 24
9396.78894052797
 34
0.0
 50
90.0
100
AcDbRotatedDimension
  0
DIMENSION
  5
FC8
330
8F9
100
AcDbEntity
  8
DIM
100
AcDbDimension
280
     0
  2
*D73
 10
11374.98438866515
 20
-7093.686994177871
 30
0.0
 11
11374.98438866509
 21
-7042.043861813029
 31
0.0
 12
-237352.661668502
 22
49412.07875907037
 32
0.0
 70
   128
  1
25MM
 71
     5
 42
103.2862647298025
 73
     0
 74
     0
 75
     0
  3
DIM150
100
AcDbAlignedDimension
 13
10391.36549307478
 23
-6990.400729448039
 33
0.0
 14
10391.36549307478
 24
-7093.686994177843
 34
0.0
 50
90.0
100
AcDbRotatedDimension
  0
DIMENSION
  5
FC9
330
8F9
100
AcDbEntity
  8
TG
100
AcDbDimension
280
     0
  2
*D74
 10
42098.37410733269
 20
6499.829471251548
 30
0.0
 11
40442.48056213491
 21
6499.829471251548
 31
0.0
 12
-237352.661668502
 22
49412.07875907037
 32
0.0
 70
   128
  1
12MM
 71
     5
 42
129.1078309118747
 73
     0
 74
     0
 75
     0
  3
DIM150
100
AcDbAlignedDimension
 13
41969.26627642082
 23
9128.719679932371
 33
0.0
 14
42098.37410733269
 24
9128.719679932371
 34
0.0
100
AcDbRotatedDimension
  0
TEXT
  5
FCA
330
8F9
100
AcDbEntity
  8
TG
100
AcDbText
 10
-35734.81955475241
 20
23648.77582307951
 30
0.0
 40
375.0
  1
D = DEPTH OF BEAM/GIRDER
 41
0.9
  7
100CL
100
AcDbText
  0
TEXT
  5
FCB
330
8F9
100
AcDbEntity
  8
TG
100
AcDbText
 10
-36542.72116329215
 20
23648.77582307951
 30
0.0
 40
375.0
  1
1.
  7
100CL
100
AcDbText
  0
TEXT
  5
FCC
330
8F9
100
AcDbEntity
  8
TB
100
AcDbText
 10
-36542.72116329215
 20
24448.7758230794
 30
0.0
 40
500.0
  1
LEGEND:
 41
0.9
  7
A
100
AcDbText
  0
TEXT
  5
FCD
330
8F9
100
AcDbEntity
  8
TG
100
AcDbText
 10
-35734.81955475241
 20
22848.77582307946
 30
0.0
 40
375.0
  1
d = PIPE SLEEVE DIAMETER
 41
0.9
  7
100CL
100
AcDbText
  0
TEXT
  5
FCE
330
8F9
100
AcDbEntity
  8
TG
100
AcDbText
 10
-36542.72116329215
 20
22848.77582307946
 30
0.0
 40
375.0
  1
2.
  7
100CL
100
AcDbText
  0
TEXT
  5
FCF
330
8F9
100
AcDbEntity
  8
TG
100
AcDbText
 10
7079.938669389377
 20
47407.28665139875
 30
0.0
 40
375.0
  1
(PLACED AT MID-DEPTH OF SLAB
 41
0.9
  7
100CL
100
AcDbText
  0
TEXT
  5
FD0
330
8F9
100
AcDbEntity
  8
TG
100
AcDbText
 10
7079.938669389377
 20
46807.28665139875
 30
0.0
 40
375.0
  1
IF THE LOCATION OF THE CONST.
 41
0.9
  7
100CL
100
AcDbText
  0
TEXT
  5
FD1
330
8F9
100
AcDbEntity
  8
TG
100
AcDbText
 10
7079.938669389377
 20
46207.28665139875
 30
0.0
 40
375.0
  1
JOINT IS NOT WITHIN THE MIDDLE
 41
0.9
  7
100CL
100
AcDbText
  0
TEXT
  5
FD2
330
8F9
100
AcDbEntity
  8
TG
100
AcDbText
 10
7079.938669389377
 20
45607.28665139875
 30
0.0
 40
375.0
  1
THIRD.
 41
0.9
  7
100CL
100
AcDbText
  0
DIMENSION
  5
FD3
330
8F9
100
AcDbEntity
  8
DIM
100
AcDbDimension
280
     0
  2
*D75
 10
30548.88114014061
 20
51524.57150051088
 30
0.0
 11
29326.09121282425
 21
51520.44125140746
 31
0.0
 12
-237352.661668502
 22
49412.07875907037
 32
0.0
 70
   128
  1
30 BAR %%C\X(MIN.)
 71
     5
 42
2397.286125852726
 73
     0
 74
     0
 75
     0
  3
DIM150
100
AcDbAlignedDimension
 13
28151.59501428789
 23
49914.3893474722
 33
0.0
 14
30548.88114014061
 24
49914.3893474722
 34
0.0
100
AcDbRotatedDimension
1001
ACAD
1000
DSTYLE
1002
{
1070
   279
1070
     2
1002
}
  0
DIMENSION
  5
FD4
330
8F9
100
AcDbEntity
  8
DIM
100
AcDbDimension
280
     0
  2
*D76
 10
24029.22179227116
 20
51524.57150051088
 30
0.0
 11
25194.74611912927
 21
51520.44125140746
 31
0.0
 12
-237352.661668502
 22
49412.07875907037
 32
0.0
 70
   128
  1
30 BAR %%C\X(MIN.)
 71
     5
 42
2397.286125852726
 73
     0
 74
     0
 75
     0
  3
DIM150
100
AcDbAlignedDimension
 13
26426.50791812388
 23
49914.3893474722
 33
0.0
 14
24029.22179227116
 24
49914.3893474722
 34
0.0
 50
180.0
100
AcDbRotatedDimension
1001
ACAD
1000
DSTYLE
1002
{
1070
   279
1070
     2
1002
}
  0
LINE
  5
FD5
330
8F9
100
AcDbEntity
  8
8G
100
AcDbLine
 10
25227.38539797233
 20
49914.3893474722
 30
0.0
 11
25227.38539797233
 21
46866.83809431942
 31
0.0
  0
LINE
  5
FD6
330
8F9
100
AcDbEntity
  8
8G
100
AcDbLine
 10
25227.38539797233
 20
46866.83809431942
 30
0.0
 11
26338.28566426903
 21
46866.83809431942
 31
0.0
  0
LWPOLYLINE
  5
FD7
330
8F9
100
AcDbEntity
  8
8G
 62
     2
100
AcDbPolyline
 90
        2
 70
     0
 10
25227.38539797233
 20
49506.68250659969
 40
107.9589755893022
 41
0.0
 10
25227.38539797233
 20
49914.38934747223
 40
0.0
 41
0.0
  0
LWPOLYLINE
  5
FD8
330
8F9
100
AcDbEntity
  8
8G
 62
     2
100
AcDbPolyline
 90
        2
 70
     0
 10
25227.6251265847
 20
47780.63649598521
 40
107.9589755893022
 41
0.0
 10
25227.6251265847
 20
48188.34333685809
 40
0.0
 41
0.0
  0
TEXT
  5
FD9
330
8F9
100
AcDbEntity
  8
TG
100
AcDbText
 10
26650.45553562351
 20
45506.87768882932
 30
0.0
 40
375.0
  1
IS NOT WITHIN THE MIDDLE THIRD
 41
0.9
  7
FRED
100
AcDbText
  0
TEXT
  5
FDA
330
8F9
100
AcDbEntity
  8
TG
100
AcDbText
 10
26650.45553562351
 20
44906.87768882932
 30
0.0
 40
375.0
  1
OF THE SPAN.
 41
0.9
  7
FRED
100
AcDbText
  0
TEXT
  5
FDB
330
8F9
100
AcDbEntity
  8
TG
100
AcDbText
 10
-37775.25563012456
 20
36257.10163703963
 30
0.0
 40
375.0
  1
THIS ZONE (TYP.))
 41
0.9
  7
100CL
100
AcDbText
  0
DIMENSION
  5
FDC
330
8F9
100
AcDbEntity
  8
DIM
100
AcDbDimension
280
     0
  2
*D77
 10
44901.43621619351
 20
53005.0362778634
 30
0.0
 11
43702.79315326714
 21
53005.0362778634
 31
0.0
 12
-237352.661668502
 22
49412.07875907037
 32
0.0
  1
550\X(TYP.)
 71
     5
 42
2397.286125852726
 73
     0
 74
     0
 75
     0
  3
DIM150
100
AcDbAlignedDimension
 13
42504.15009034078
 23
54083.43642044996
 33
0.0
 14
44901.43621619351
 24
54227.27358800123
 34
0.0
100
AcDbRotatedDimension
  0
LINE
  5
FDD
330
8F9
100
AcDbEntity
  8
6M
 62
     6
100
AcDbLine
 10
45390.71787398754
 20
45118.37807989746
 30
0.0
 11
45390.71787398754
 21
48720.46827688088
 31
0.0
  0
TEXT
  5
FDE
330
8F9
100
AcDbEntity
  8
TG
100
AcDbText
 10
62515.45082124209
 20
10021.30488068002
 30
0.0
 40
375.0
  1
OPENING
 41
0.8
  7
FRED
100
AcDbText
  0
TEXT
  5
FDF
330
8F9
100
AcDbEntity
  8
TG
100
AcDbText
 10
43998.33745837936
 20
7238.699641792774
 30
0.0
 40
375.0
  1
DOWEL BAR TO MATCH SIZE AND
 41
0.9
  7
100CL
100
AcDbText
  0
TEXT
  5
FE0
330
8F9
100
AcDbEntity
  8
TG
100
AcDbText
 10
43998.33745837936
 20
6638.699641792773
 30
0.0
 40
375.0
  1
SPACING OF VERTICAL BARS WRAPPED
 41
0.9
  7
100CL
100
AcDbText
  0
TEXT
  5
FE1
330
8F9
100
AcDbEntity
  8
TG
100
AcDbText
 10
43998.33745837936
 20
6038.699641792773
 30
0.0
 40
375.0
  1
IN FELT PAPER OR PVC PIPE
 41
0.9
  7
100CL
100
AcDbText
  0
TEXT
  5
FE2
330
8F9
100
AcDbEntity
  8
TG
100
AcDbText
 10
-19151.19538505163
 20
-10629.23404498774
 30
0.0
 40
375.0
  1
SIZE AND SPACING OF
 41
0.9
  7
100CL
100
AcDbText
  0
TEXT
  5
FE3
330
8F9
100
AcDbEntity
  8
TG
100
AcDbText
 10
-19151.19538505163
 20
-11229.23404498773
 30
0.0
 40
375.0
  1
VERTICAL BARS
 41
0.9
  7
100CL
100
AcDbText
  0
TEXT
  5
FE4
330
8F9
100
AcDbEntity
  8
TG
100
AcDbText
 10
-19151.19538505163
 20
-10029.23404498774
 30
0.0
 40
375.0
  1
DOWEL BARS TO MATCH
 41
0.9
  7
100CL
100
AcDbText
  0
TEXT
  5
FE5
330
8F9
100
AcDbEntity
  8
TG
100
AcDbText
 10
11738.14952554952
 20
-8641.637856611486
 30
0.0
 40
375.0
  1
SIZE AND SPACING OF
 41
0.9
  7
100CL
100
AcDbText
  0
TEXT
  5
FE6
330
8F9
100
AcDbEntity
  8
TG
100
AcDbText
 10
11738.14952554952
 20
-9241.637856611488
 30
0.0
 40
375.0
  1
VERTICAL BARS
 41
0.9
  7
100CL
100
AcDbText
  0
TEXT
  5
FE7
330
8F9
100
AcDbEntity
  8
TG
100
AcDbText
 10
11738.14952554952
 20
-8041.637856611487
 30
0.0
 40
375.0
  1
DOWEL BARS TO MATCH
 41
0.9
  7
100CL
100
AcDbText
  0
TEXT
  5
FE8
330
8F9
100
AcDbEntity
  8
TG
100
AcDbText
 10
2741.943157603761
 20
-10904.35434168254
 30
0.0
 40
375.0
  1
SIZE AND SPACING OF
 41
0.9
  7
100CL
100
AcDbText
  0
TEXT
  5
FE9
330
8F9
100
AcDbEntity
  8
TG
100
AcDbText
 10
2741.943157603761
 20
-11504.35434168254
 30
0.0
 40
375.0
  1
VERTICAL BARS
 41
0.9
  7
100CL
100
AcDbText
  0
TEXT
  5
FEA
330
8F9
100
AcDbEntity
  8
TG
100
AcDbText
 10
2741.943157603761
 20
-10304.35434168254
 30
0.0
 40
375.0
  1
DOWEL BARS TO MATCH
 41
0.9
  7
100CL
100
AcDbText
  0
TEXT
  5
FEB
330
8F9
100
AcDbEntity
  8
TG
100
AcDbText
 10
68060.16985461375
 20
57436.83134506419
 30
0.0
 40
375.0
  1
BARS SHALL
 41
0.9
  7
100CL
100
AcDbText
  0
TEXT
  5
FEC
330
8F9
100
AcDbEntity
  8
TG
100
AcDbText
 10
-15582.28589287094
 20
-3924.33642862094
 30
0.0
 40
375.0
  1
DOWEL BAR
 41
0.9
  7
100CL
100
AcDbText
  0
TEXT
  5
FED
330
8F9
100
AcDbEntity
  8
TG
100
AcDbText
 10
-9777.489933568723
 20
-6125.924136595887
 30
0.0
 40
375.0
  1
BENTONITE STRIP
 41
0.9
  7
100CL
100
AcDbText
  0
TEXT
  5
FEE
330
8F9
100
AcDbEntity
  8
TG
100
AcDbText
 10
-9748.386357208453
 20
-11097.76590938741
 30
0.0
 40
375.0
  1
SEE REINF. 
 41
0.9
  7
100CL
100
AcDbText
  0
TEXT
  5
FEF
330
8F9
100
AcDbEntity
  8
TG
100
AcDbText
 10
-9748.386357208453
 20
-11722.76590938735
 30
0.0
 40
375.0
  1
SCHEDULE
 41
0.9
  7
100CL
100
AcDbText
  0
TEXT
  5
FF0
330
8F9
100
AcDbEntity
  8
TG
100
AcDbText
 10
-9766.243500065728
 20
-13402.0936233497
 30
0.0
 40
375.0
  1
BENTONITE STRIP
 41
0.9
  7
100CL
100
AcDbText
  0
TEXT
  5
FF1
330
8F9
100
AcDbEntity
  8
TG
100
AcDbText
 10
-15458.9133529735
 20
-12361.10757956197
 30
0.0
 40
375.0
  1
TYP.FLR LVL
 41
0.9
  7
100CL
100
AcDbText
  0
TEXT
  5
FF2
330
8F9
100
AcDbEntity
  8
TG
100
AcDbText
 10
11708.96093649816
 20
-5224.717379955429
 30
0.0
 40
375.0
  1
SEALANT W/ BACKER 
 41
0.9
  7
100CL
100
AcDbText
  0
TEXT
  5
FF3
330
8F9
100
AcDbEntity
  8
TG
100
AcDbText
 10
11691.10379364088
 20
-5849.717379955372
 30
0.0
 40
375.0
  1
ROD ON BOTH SIDE
 41
0.9
  7
100CL
100
AcDbText
  0
TEXT
  5
FF4
330
8F9
100
AcDbEntity
  8
TG
100
AcDbText
 10
11763.75910000855
 20
-11194.05062018873
 30
0.0
 40
375.0
  1
R.C EXTERIOR WALL
 41
0.9
  7
100CL
100
AcDbText
  0
TEXT
  5
FF5
330
8F9
100
AcDbEntity
  8
TG
100
AcDbText
 10
11767.13846399801
 20
-10002.79817042351
 30
0.0
 40
375.0
  1
SEE REINF. SCHEDULE
 41
0.9
  7
100CL
100
AcDbText
  0
TEXT
  5
FF6
330
8F9
100
AcDbEntity
  8
TG
100
AcDbText
 10
11672.86647229388
 20
-15278.73780661516
 30
0.0
 40
375.0
  1
SEALANT W/ BACKER 
 41
0.9
  7
100CL
100
AcDbText
  0
TEXT
  5
FF7
330
8F9
100
AcDbEntity
  8
TG
100
AcDbText
 10
11655.00932943661
 20
-15903.73780661527
 30
0.0
 40
375.0
  1
ROD ON BOTH SIDE
 41
0.9
  7
100CL
100
AcDbText
  0
TEXT
  5
FF8
330
8F9
100
AcDbEntity
  8
TG
100
AcDbText
 10
5775.547399202157
 20
-12340.04053338055
 30
0.0
 40
375.0
  1
TYP.FLR LVL
  7
100CL
100
AcDbText
  0
TEXT
  5
FF9
330
8F9
100
AcDbEntity
  8
TG
100
AcDbText
 10
5775.547399202157
 20
-5335.876395294064
 30
0.0
 40
375.0
  1
TYP.FLR LVL
 41
0.9
  7
100CL
100
AcDbText
  0
TEXT
  5
FFA
330
8F9
100
AcDbEntity
  8
TG
100
AcDbText
 10
6808.765883218294
 20
-15043.66352459413
 30
0.0
 40
375.0
  1
BEAM
 41
0.9
  7
100CL
100
AcDbText
  0
TEXT
  5
FFB
330
8F9
100
AcDbEntity
  8
TG
100
AcDbText
 10
-15458.9133529735
 20
-5103.032913185743
 30
0.0
 40
375.0
  1
TYP.FLR LVL
 41
0.9
  7
100CL
100
AcDbText
  0
LINE
  5
FFC
330
8F9
100
AcDbEntity
  8
SHE
100
AcDbLine
 10
10331.63828252841
 20
-10601.5462861516
 30
0.0
 11
10636.90058988592
 21
-9811.668084526056
 31
0.0
  0
LINE
  5
FFD
330
8F9
100
AcDbEntity
  8
SHE
100
AcDbLine
 10
10636.90058988592
 20
-9811.668084526056
 30
0.0
 11
11600.67754388487
 21
-9811.668084526056
 31
0.0
  0
TEXT
  5
FFE
330
8F9
100
AcDbEntity
  8
TG
100
AcDbText
 10
6808.765883218294
 20
-7998.36355155034
 30
0.0
 40
375.0
  1
BEAM
 41
0.9
  7
100CL
100
AcDbText
  0
INSERT
  5
FFF
330
8F9
100
AcDbEntity
  8
2Y
 62
     8
100
AcDbBlockReference
  2
DIMBLK
 10
-11292.98399374654
 20
-6750.671381854306
 30
0.0
 41
77.46469854736578
 42
77.46469854736578
 43
77.46469854736578
 50
70.64744804780478
  0
LINE
  5
1000
330
8F9
100
AcDbEntity
  8
2Y
 62
     8
100
AcDbLine
 10
-11310.09749041145
 20
-6799.396543242939
 30
0.0
 11
-11683.6528730441
 21
-7862.974996093282
 31
0.0
  0
LINE
  5
1001
330
8F9
100
AcDbEntity
  8
2Y
 62
     8
100
AcDbLine
 10
-11683.6528730441
 20
-7862.974996093282
 30
0.0
 11
-12507.38808069165
 21
-7862.974996093282
 31
0.0
  0
LINE
  5
1002
330
8F9
100
AcDbEntity
  8
2Y
 62
     8
100
AcDbLine
 10
-11288.06116932604
 20
-14075.03737498817
 30
0.0
 11
-11484.1903574669
 21
-14908.27496913689
 31
0.0
  0
INSERT
  5
1003
330
8F9
100
AcDbEntity
  8
2Y
 62
     8
100
AcDbBlockReference
  2
DIMBLK
 10
-11276.22867146061
 20
-14024.76804920457
 30
0.0
 41
77.46469854735448
 42
77.46469854735448
 43
77.46469854735448
 50
76.75470533886351
  0
LINE
  5
1004
330
8F9
100
AcDbEntity
  8
2Y
 62
     8
100
AcDbLine
 10
-11484.1903574669
 20
-14908.27496913689
 30
0.0
 11
-12507.38808069165
 21
-14908.27496913701
 31
0.0
  0
TEXT
  5
1005
330
8F9
100
AcDbEntity
  8
TG
100
AcDbText
 10
-14165.49053358586
 20
-15043.66352459407
 30
0.0
 40
375.0
  1
BEAM
 41
0.9
  7
100CL
100
AcDbText
  0
TEXT
  5
1006
330
8F9
100
AcDbEntity
  8
TG
100
AcDbText
 10
-14165.49053358586
 20
-7998.36355155034
 30
0.0
 40
375.0
  1
BEAM
 41
0.9
  7
100CL
100
AcDbText
  0
TEXT
  5
1007
330
8F9
100
AcDbEntity
  8
TG
100
AcDbText
 10
-9737.033392288459
 20
-7313.839183330216
 30
0.0
 40
375.0
  1
SEE REINF. 
 41
0.9
  7
100CL
100
AcDbText
  0
TEXT
  5
1008
330
8F9
100
AcDbEntity
  8
TG
100
AcDbText
 10
-9737.033392288459
 20
-7938.839183330332
 30
0.0
 40
375.0
  1
SCHEDULE
 41
0.9
  7
100CL
100
AcDbText
  0
TEXT
  5
1009
330
8F9
100
AcDbEntity
  8
TG
100
AcDbText
 10
44402.24556935511
 20
11939.89417340638
 30
0.0
 40
375.0
  1
SEALANT W/ BACKER
 41
0.9
  7
100CL
100
AcDbText
  0
TEXT
  5
100A
330
8F9
100
AcDbEntity
  8
TG
100
AcDbText
 10
44384.38842649784
 20
11314.89417340644
 30
0.0
 40
375.0
  1
ROD ON BOTH SIDE
 41
0.9
  7
100CL
100
AcDbText
  0
TEXT
  5
100B
330
8F9
100
AcDbEntity
  8
TG
100
AcDbText
 10
44387.35687472232
 20
10214.87223074733
 30
0.0
 40
375.0
  1
SEE REINF. SCHEDULE
 41
0.9
  7
100CL
100
AcDbText
  0
TEXT
  5
100C
330
8F9
100
AcDbEntity
  8
TG
100
AcDbText
 10
37405.05363224939
 20
10896.39759287235
 30
0.0
 40
375.0
  1
COLUMN
 41
0.9
  7
100CL
100
AcDbText
  0
TEXT
  5
100D
330
8F9
100
AcDbEntity
  8
TG
100
AcDbText
 10
43998.33745837936
 20
7838.699641792773
 30
0.0
 40
375.0
  1
EXTERIOR R.C WALL WITH
 41
0.9
  7
100CL
100
AcDbText
  0
LINE
  5
100E
330
8F9
100
AcDbEntity
  8
title
 62
     2
100
AcDbLine
 10
-12232.05031425386
 20
-22946.98024223291
 30
0.0
 11
21138.96184133392
 21
-22946.98024223291
 31
0.0
  0
TEXT
  5
100F
330
8F9
100
AcDbEntity
  8
title
 62
     6
100
AcDbText
 10
-8730.17198891539
 20
-22685.08057337278
 30
0.0
 40
900.0
  1
TYPICAL R.C. DETAILS & CONSTRUCTION NOTES
 41
0.9
  7
240CL
100
AcDbText
  0
TEXT
  5
1010
330
8F9
100
AcDbEntity
  8
title
 62
     2
100
AcDbText
 10
-8673.694843215605
 20
-23589.77897375845
 30
0.0
 40
375.0
  1
NOT
  7
100CL
100
AcDbText
  0
TEXT
  5
1011
330
8F9
100
AcDbEntity
  8
title
 62
     2
100
AcDbText
 10
18975.35870812979
 20
-23589.77897375845
 30
0.0
 40
375.0
  1
SCALE
  7
100CL
 72
     2
 11
20636.07299384408
 21
-23589.77897375845
 31
0.0
100
AcDbText
  0
TEXT
  5
1012
330
8F9
100
AcDbEntity
  8
title
 62
     2
100
AcDbText
 10
5212.874985425995
 20
-23589.77897375845
 30
0.0
 40
375.0
  1
TO
  7
100CL
100
AcDbText
  0
LINE
  5
1013
330
8F9
100
AcDbEntity
  8
5B
  6
HIDDEN
 48
2.0
100
AcDbLine
 10
41151.91782337313
 20
28096.68633578008
 30
0.0
 11
42683.98251567574
 21
26564.62164294068
 31
0.0
  0
LINE
  5
1014
330
8F9
100
AcDbEntity
  8
5B
  6
HIDDEN
 48
2.0
100
AcDbLine
 10
41151.91782353845
 20
28568.09085665364
 30
0.0
 11
43155.38703654919
 21
26564.62164294068
 31
0.0
  0
LINE
  5
1015
330
8F9
100
AcDbEntity
  8
5B
  6
HIDDEN
 48
2.0
100
AcDbLine
 10
41151.91782337313
 20
29039.49537719693
 30
0.0
 11
43626.79155709248
 21
26564.62164261017
 31
0.0
  0
LWPOLYLINE
  5
1016
330
8F9
100
AcDbEntity
  8
2Y
 62
     1
100
AcDbPolyline
 90
        8
 70
     0
 43
0.0
 10
45580.95024374945
 20
32913.41904040868
 10
45580.95024374945
 20
32495.02111554111
 10
45520.56856455959
 20
32419.59856238728
 10
45505.47314476387
 20
31786.04911588598
 10
45596.04566354517
 20
31710.62656273227
 10
45611.14108334089
 20
31378.76732884929
 10
45704.96741489114
 20
31137.41515875585
 10
45704.96741489114
 20
30958.61514807341
  0
DIMENSION
  5
1017
330
8F9
100
AcDbEntity
  8
DIM
100
AcDbDimension
280
     0
  2
*D78
 10
44974.80389693091
 20
29444.69867381128
 30
0.0
 11
44503.39937622266
 21
29916.10319468478
 31
0.0
 12
-237352.661668502
 22
49412.07875907037
 32
0.0
 70
   129
  1
600
 71
     5
 42
1333.333333333197
 73
     0
 74
     0
 75
     0
  3
DIM150
100
AcDbAlignedDimension
 13
43508.94042790661
 23
29864.45328813431
 33
0.0
 14
44451.74946932334
 24
28921.64424638707
 34
0.0
  0
LINE
  5
1018
330
8F9
100
AcDbEntity
  8
8G
100
AcDbLine
 10
42050.00028652025
 20
29829.32563611539
 30
0.0
 11
42050.00028652025
 21
35725.01084091546
 31
0.0
  0
LINE
  5
1019
330
8F9
100
AcDbEntity
  8
8G
100
AcDbLine
 10
42050.00028652025
 20
35725.01084091546
 30
0.0
 11
42817.56193561832
 21
35725.01084091546
 31
0.0
  0
DIMENSION
  5
101A
330
8F9
100
AcDbEntity
  8
DIM
100
AcDbDimension
280
     0
  2
*D79
 10
39618.9188279621
 20
27625.28181507158
 30
0.0
 11
39281.41882796205
 21
26958.61514821891
 31
0.0
 12
-237352.661668502
 22
49412.07875907037
 32
0.0
  1
600
 71
     5
 42
1333.333333705202
 73
     0
 74
     0
 75
     0
  3
DIM150
100
AcDbAlignedDimension
 13
40879.24466163365
 23
26291.94848136639
 33
0.0
 14
41151.91782337313
 24
27625.28181507159
 34
0.0
 50
90.0
100
AcDbRotatedDimension
  0
DIMENSION
  5
101B
330
8F9
100
AcDbEntity
  8
DIM
100
AcDbDimension
280
     0
  2
*D80
 10
42212.57799496714
 20
25052.24168892609
 30
0.0
 11
41545.9113283004
 21
25389.74168892609
 31
0.0
 12
-237352.661668502
 22
49412.07875907037
 32
0.0
  1
600
 71
     5
 42
1333.333333333488
 73
     0
 74
     0
 75
     0
  3
DIM150
100
AcDbAlignedDimension
 13
40879.24466163365
 23
26291.94848136639
 33
0.0
 14
42212.57799496714
 24
26564.62164310576
 34
0.0
100
AcDbRotatedDimension
  0
LINE
  5
101C
330
8F9
100
AcDbEntity
  8
8G
100
AcDbLine
 10
43713.26118921002
 20
28166.06473284261
 30
0.0
 11
42050.00028652025
 21
29829.32563611539
 31
0.0
  0
LWPOLYLINE
  5
101D
330
8F9
100
AcDbEntity
  8
8G
 62
     2
100
AcDbPolyline
 90
        2
 70
     0
 43
35.56589929981185
 10
43586.86444216433
 20
28157.36166392977
 10
43586.86444221183
 20
28427.56129588792
  0
LWPOLYLINE
  5
101E
330
8F9
100
AcDbEntity
  8
8G
 62
     2
100
AcDbPolyline
 90
        2
 70
     0
 43
35.56589929981185
 10
43348.10053630711
 20
28396.12556987047
 10
43348.10053635461
 20
28666.32520182873
  0
LWPOLYLINE
  5
101F
330
8F9
100
AcDbEntity
  8
8G
 62
     2
100
AcDbPolyline
 90
        2
 70
     0
 43
35.56589929981185
 10
43109.33663045222
 20
28634.88947580918
 10
43109.33663049971
 20
28905.08910776733
  0
LWPOLYLINE
  5
1020
330
8F9
100
AcDbEntity
  8
8G
 62
     2
100
AcDbPolyline
 90
        2
 70
     0
 43
35.56589929981185
 10
42870.57272480547
 20
28873.65338153974
 10
42870.57272485297
 20
29143.85301349789
  0
LINE
  5
1021
330
8F9
100
AcDbEntity
  8
8G
100
AcDbLine
 10
42952.99217788482
 20
27733.37296604621
 30
0.0
 11
45935.31374399948
 21
27733.37296604621
 31
0.0
  0
TEXT
  5
1022
330
8F9
100
AcDbEntity
  8
TG
100
AcDbText
 10
43192.24454539481
 20
33758.50503363807
 30
0.0
 40
375.0
  1
BARS MIN. OF 1200 (4'-0")
 41
0.9
  7
100CL
100
AcDbText
  0
TEXT
  5
1023
330
8F9
100
AcDbEntity
  8
TG
100
AcDbText
 10
46309.99635377552
 20
26420.30859887027
 30
0.0
 40
375.0
  1
1-%%C12x675MM
 41
0.9
  7
100CL
100
AcDbText
  0
TEXT
  5
1024
330
8F9
100
AcDbEntity
  8
TG
100
AcDbText
 10
46309.99635377552
 20
25820.30859887026
 30
0.0
 40
375.0
  1
1-%%C12x975MM
 41
0.9
  7
100CL
100
AcDbText
  0
TEXT
  5
1025
330
8F9
100
AcDbEntity
  8
TG
100
AcDbText
 10
46309.99635377552
 20
25220.30859887027
 30
0.0
 40
375.0
  1
1-%%C12x1275MM
 41
0.9
  7
100CL
100
AcDbText
  0
TEXT
  5
1026
330
8F9
100
AcDbEntity
  8
TG
100
AcDbText
 10
46309.99635377552
 20
24620.30859887027
 30
0.0
 40
375.0
  1
1-%%C12x1575MM
 41
0.9
  7
100CL
100
AcDbText
  0
TEXT
  5
1027
330
8F9
100
AcDbEntity
  8
TG
100
AcDbText
 10
46309.99635377552
 20
27020.30859887027
 30
0.0
 40
375.0
  1
SPACED @150MM O.C.
 41
0.9
  7
100CL
100
AcDbText
  0
TEXT
  5
1028
330
8F9
100
AcDbEntity
  8
TG
100
AcDbText
 10
46309.99635377552
 20
27620.30859887027
 30
0.0
 40
375.0
  1
BOTTOM BARS
 41
0.9
  7
100CL
100
AcDbText
  0
LINE
  5
1029
330
8F9
100
AcDbEntity
  8
8G
100
AcDbLine
 10
60816.956070293
 20
26861.68904592982
 30
0.0
 11
63426.48866370672
 21
29471.22163842863
 31
0.0
  0
LINE
  5
102A
330
8F9
100
AcDbEntity
  8
2Y
 62
     2
100
AcDbLine
 10
59289.4059522257
 20
26291.94848136639
 30
0.0
 11
59289.4059522257
 21
33037.43621154979
 31
0.0
  0
LINE
  5
102B
330
8F9
100
AcDbEntity
  8
2Y
 62
     2
100
AcDbLine
 10
59289.4059522257
 20
26291.94848136639
 30
0.0
 11
64115.12870548272
 21
26291.94848136639
 31
0.0
  0
LINE
  5
102C
330
8F9
100
AcDbEntity
  8
5B
  6
HIDDEN
 48
2.0
100
AcDbLine
 10
59639.49012921544
 20
28291.9484815523
 30
0.0
 11
61289.40595169485
 21
26642.03265849443
 31
0.0
  0
LWPOLYLINE
  5
102D
330
8F9
100
AcDbEntity
  8
2Y
 62
     1
100
AcDbPolyline
 90
       10
 70
     0
 43
0.0
 10
64115.12870548272
 20
30958.61514807341
 10
64115.12870548272
 20
29923.83390832599
 10
63991.1115343415
 20
29753.0459917906
 10
63991.1115343415
 20
28983.73594961385
 10
63930.72985515164
 20
28908.31339646014
 10
63915.63443535592
 20
28274.76394995872
 10
64006.20695413722
 20
28199.34139680502
 10
64021.30237393294
 20
27867.48216292215
 10
64115.12870548272
 20
27626.1299928287
 10
64115.12870548272
 20
26291.94848144357
  0
LWPOLYLINE
  5
102E
330
8F9
100
AcDbEntity
  8
2Y
 62
     1
100
AcDbPolyline
 90
        6
 70
     1
 43
0.0
 10
64018.5161650989
 20
28863.35379448009
 10
63987.10655056711
 20
28334.26891067065
 10
64183.24756827604
 20
28273.60434447846
 10
64201.73870896807
 20
29140.99218301952
 10
64086.57012234188
 20
29167.18465227448
 10
64076.10025083346
 20
28894.78464239114
  0
LWPOLYLINE
  5
102F
330
8F9
100
AcDbEntity
  8
2Y
 62
     1
100
AcDbPolyline
 90
        4
 70
     0
 43
0.0
 10
63387.56433085238
 20
33037.43621154979
 10
63716.32430044401
 20
33037.43621154979
 10
63887.11221697953
 20
32913.41904040868
 10
63991.1115343415
 20
32913.41904040868
  0
LWPOLYLINE
  5
1030
330
8F9
100
AcDbEntity
  8
2Y
 62
     1
100
AcDbPolyline
 90
       10
 70
     0
 43
0.0
 10
59289.40595212605
 20
33037.43621154979
 10
60324.18719187312
 20
33037.43621154979
 10
60494.97510840863
 20
32913.41904040868
 10
61264.28515058549
 20
32913.41904040868
 10
61339.7077037392
 20
32853.0373612186
 10
61973.2571502405
 20
32837.94194142288
 10
62048.67970339468
 20
32928.5144602044
 10
62380.53893727742
 20
32943.60988000012
 10
62621.89110737041
 20
33037.43621154979
 10
63387.56433085238
 20
33037.43621154979
  0
LWPOLYLINE
  5
1031
330
8F9
100
AcDbEntity
  8
2Y
 62
     1
100
AcDbPolyline
 90
        6
 70
     1
 43
0.0
 10
61347.2829868973
 20
32964.65927982214
 10
61876.36787071012
 20
32933.24966529035
 10
61937.03243690243
 20
33129.39068299555
 10
61069.64459836136
 20
33147.88182368747
 10
61043.45212910629
 20
33032.71323706512
 10
61315.85213898986
 20
33022.24336555321
  0
LWPOLYLINE
  5
1032
330
8F9
100
AcDbEntity
  8
2Y
 62
     1
100
AcDbPolyline
 90
        6
 70
     1
 43
0.0
 10
64018.5161650989
 20
32374.63896041084
 10
63987.10655056711
 20
31845.55407659768
 10
64183.24756827604
 20
31784.8895104056
 10
64201.73870896807
 20
32652.27734894666
 10
64086.57012234188
 20
32678.46981820162
 10
64076.10025083346
 20
32406.06980831828
  0
TEXT
  5
1033
330
8F9
100
AcDbEntity
  8
TG
100
AcDbText
 10
61602.4058359864
 20
34542.60739568068
 30
0.0
 40
375.0
  1
6-%%C16@1500MM
 41
0.9
  7
100CL
100
AcDbText
  0
TEXT
  5
1034
330
8F9
100
AcDbEntity
  8
TG
100
AcDbText
 10
61602.4058359864
 20
33942.60739568068
 30
0.0
 40
375.0
  1
LONG TOP BARS
 41
0.9
  7
100CL
100
AcDbText
  0
LWPOLYLINE
  5
1035
330
8F9
100
AcDbEntity
  8
8G
 62
     2
100
AcDbPolyline
 90
        2
 70
     0
 43
53.34884894971777
 10
60742.26515006905
 20
26989.64784966511
 10
61147.56459800646
 20
26989.64784959422
  0
LWPOLYLINE
  5
1036
330
8F9
100
AcDbEntity
  8
8G
 62
     2
100
AcDbPolyline
 90
        2
 70
     0
 43
53.34884894971777
 10
60979.46699933128
 20
27226.84969884408
 10
61384.76644726869
 20
27226.84969877318
  0
LWPOLYLINE
  5
1037
330
8F9
100
AcDbEntity
  8
8G
 62
     2
100
AcDbPolyline
 90
        2
 70
     0
 43
53.34884894971777
 10
61221.29255077269
 20
27468.67525020088
 10
61626.59199871009
 20
27468.67525012981
  0
LWPOLYLINE
  5
1038
330
8F9
100
AcDbEntity
  8
8G
 62
     2
100
AcDbPolyline
 90
        2
 70
     0
 43
53.34884894971777
 10
61456.99481100057
 20
27704.37751034598
 10
61862.29425893796
 20
27704.37751027491
  0
LWPOLYLINE
  5
1039
330
8F9
100
AcDbEntity
  8
2Y
 62
     1
100
AcDbPolyline
 90
        8
 70
     0
 43
0.0
 10
63991.1115343415
 20
32913.41904040868
 10
63991.1115343415
 20
32495.02111554099
 10
63930.72985515164
 20
32419.59856238728
 10
63915.63443535592
 20
31786.04911588586
 10
64006.20695413722
 20
31710.62656273216
 10
64021.30237393294
 20
31378.76732884918
 10
64115.12870548272
 20
31137.41515875585
 10
64115.12870548272
 20
30958.61514807341
  0
LINE
  5
103A
330
8F9
100
AcDbEntity
  8
8G
100
AcDbLine
 10
60460.1615771123
 20
29829.32563611528
 30
0.0
 11
60460.1615771123
 21
34685.10121126089
 31
0.0
  0
LINE
  5
103B
330
8F9
100
AcDbEntity
  8
8G
100
AcDbLine
 10
60460.1615771123
 20
34685.10121126089
 30
0.0
 11
61227.72322621036
 21
34685.10121126089
 31
0.0
  0
LINE
  5
103C
330
8F9
100
AcDbEntity
  8
8G
100
AcDbLine
 10
62359.12474015614
 20
27930.36247240578
 30
0.0
 11
60460.1615771123
 21
29829.32563611528
 31
0.0
  0
LINE
  5
103D
330
8F9
100
AcDbEntity
  8
8G
100
AcDbLine
 10
63426.48866370672
 20
29471.22163842863
 30
0.0
 11
64726.89213110812
 21
29471.22163842863
 31
0.0
  0
TEXT
  5
103E
330
8F9
100
AcDbEntity
  8
TG
100
AcDbText
 10
64934.55658011909
 20
28158.15727125283
 30
0.0
 40
375.0
  1
1-%%C16x1050MM
 41
0.9
  7
100CL
100
AcDbText
  0
TEXT
  5
103F
330
8F9
100
AcDbEntity
  8
TG
100
AcDbText
 10
64934.55658011909
 20
27558.15727125283
 30
0.0
 40
375.0
  1
1-%%C16x1250MM
 41
0.9
  7
100CL
100
AcDbText
  0
TEXT
  5
1040
330
8F9
100
AcDbEntity
  8
TG
100
AcDbText
 10
64934.55658011909
 20
26958.15727125283
 30
0.0
 40
375.0
  1
1-%%C16x1650MM
 41
0.9
  7
100CL
100
AcDbText
  0
TEXT
  5
1041
330
8F9
100
AcDbEntity
  8
TG
100
AcDbText
 10
64934.55658011909
 20
26358.15727125283
 30
0.0
 40
375.0
  1
1-%%C16x1950MM
 41
0.9
  7
100CL
100
AcDbText
  0
TEXT
  5
1042
330
8F9
100
AcDbEntity
  8
TG
100
AcDbText
 10
64934.55658011909
 20
28758.15727125283
 30
0.0
 40
375.0
  1
SPACED @150MM O.C.
 41
0.9
  7
100CL
100
AcDbText
  0
TEXT
  5
1043
330
8F9
100
AcDbEntity
  8
TG
100
AcDbText
 10
64934.55658011909
 20
29358.15727125283
 30
0.0
 40
375.0
  1
BOTTOM BARS
 41
0.9
  7
100CL
100
AcDbText
  0
LWPOLYLINE
  5
1044
330
8F9
100
AcDbEntity
  8
6M
100
AcDbPolyline
 90
        4
 70
     1
 43
0.0
 10
59289.4059522257
 20
27625.28181507148
 10
60622.73928555919
 20
27625.28181507148
 10
60622.73928555919
 20
26291.94848136639
 10
59289.4059522257
 20
26291.94848136639
  0
LINE
  5
1045
330
8F9
100
AcDbEntity
  8
5B
100
AcDbLine
 10
42094.72686472048
 20
26564.62164261017
 30
0.0
 11
44451.74946932334
 21
28921.64424638707
 31
0.0
  0
LINE
  5
1046
330
8F9
100
AcDbEntity
  8
5B
100
AcDbLine
 10
41151.91782337313
 20
27507.43068442703
 30
0.0
 11
43508.94042790661
 21
29864.45328813442
 31
0.0
  0
LINE
  5
1047
330
8F9
100
AcDbEntity
  8
8G
  6
PHANTOM
100
AcDbLine
 10
59956.07261889221
 20
25136.6040931613
 30
0.0
 11
59956.07261889221
 21
34397.27941264247
 31
0.0
  0
LINE
  5
1048
330
8F9
100
AcDbEntity
  8
8G
  6
PHANTOM
100
AcDbLine
 10
57770.74347906539
 20
26958.61514821893
 30
0.0
 11
64509.14071796209
 21
26958.61514821893
 31
0.0
  0
LINE
  5
1049
330
8F9
100
AcDbEntity
  8
5B
  6
HIDDEN
 48
2.0
100
AcDbLine
 10
59639.4901292159
 20
28763.35300242587
 30
0.0
 11
61760.81047185257
 21
26642.03265904554
 31
0.0
  0
LINE
  5
104A
330
8F9
100
AcDbEntity
  8
5B
  6
HIDDEN
 48
2.0
100
AcDbLine
 10
59639.49012938075
 20
29234.75752313435
 30
0.0
 11
62232.21499327689
 21
26642.03265832923
 31
0.0
  0
LINE
  5
104B
330
8F9
100
AcDbEntity
  8
5B
  6
HIDDEN
 48
2.0
100
AcDbLine
 10
59639.49012946364
 20
29706.16204392538
 30
0.0
 11
62703.61951406791
 21
26642.03265824658
 31
0.0
  0
LINE
  5
104C
330
8F9
100
AcDbEntity
  8
5B
100
AcDbLine
 10
59639.49012946364
 20
27820.54396025254
 30
0.0
 11
61801.25058832139
 21
29982.30441835266
 31
0.0
  0
LINE
  5
104D
330
8F9
100
AcDbEntity
  8
5B
100
AcDbLine
 10
60818.00143141279
 20
26642.03265824658
 30
0.0
 11
62979.76189009266
 21
28803.79311616859
 31
0.0
  0
LWPOLYLINE
  5
104E
330
8F9
100
AcDbEntity
  8
8G
 62
     2
100
AcDbPolyline
 90
        2
 70
     0
 43
53.34884894971777
 10
62232.72799309834
 20
27854.10949550342
 10
62232.72799316959
 20
28259.40894344065
  0
LWPOLYLINE
  5
104F
330
8F9
100
AcDbEntity
  8
8G
 62
     2
100
AcDbPolyline
 90
        2
 70
     0
 43
53.34884894971777
 10
61997.02573274428
 20
28089.81175594011
 10
61997.02573281553
 20
28495.11120387752
  0
LWPOLYLINE
  5
1050
330
8F9
100
AcDbEntity
  8
8G
 62
     2
100
AcDbPolyline
 90
        2
 70
     0
 43
53.34884894971777
 10
61761.32347239021
 20
28325.51401637692
 10
61761.32347246099
 20
28730.81346431433
  0
LWPOLYLINE
  5
1051
330
8F9
100
AcDbEntity
  8
8G
 62
     2
100
AcDbPolyline
 90
        2
 70
     0
 43
53.34884894971777
 10
61525.62121203568
 20
28561.2162768138
 10
61525.62121210692
 20
28966.51572475102
  0
LWPOLYLINE
  5
1052
330
8F9
100
AcDbEntity
  8
8G
 62
     2
100
AcDbPolyline
 90
        2
 70
     0
 43
53.34884894971777
 10
61294.24729675453
 20
28801.24688232216
 10
61294.24729682578
 20
29206.54633025939
  0
LWPOLYLINE
  5
1053
330
8F9
100
AcDbEntity
  8
8G
 62
     2
100
AcDbPolyline
 90
        2
 70
     0
 43
53.34884894971777
 10
61054.21669132754
 20
29032.62079768747
 10
61054.21669139833
 20
29437.9202456247
  0
TEXT
  5
1054
330
8F9
100
AcDbEntity
  8
TG
100
AcDbText
 10
40859.0977390425
 20
-12470.82074978688
 30
0.0
 40
375.0
  1
SEE DETAILS
 41
0.8
  7
100CL
 11
40859.0977390425
 21
-12283.32074978688
 31
0.0
100
AcDbText
 73
     2
  0
DIMENSION
  5
1055
330
8F9
100
AcDbEntity
  8
DIM
100
AcDbDimension
280
     0
  2
*D81
 10
26982.27155485793
 20
-9600.913423054153
 30
0.0
 11
26982.27155485729
 21
-11756.2392909239
 31
0.0
 12
-237352.661668502
 22
49412.07875907037
 32
0.0
 70
   128
  1
FOOTING "t"
 71
     5
 42
4955.176936437609
 73
     0
 74
     0
 75
     0
  3
Dim100
100
AcDbAlignedDimension
 13
30567.41229139015
 23
-14556.09035949173
 33
0.0
 14
30567.41229139015
 24
-9600.913423054123
 34
0.0
 50
90.0
100
AcDbRotatedDimension
  0
LINE
  5
1056
330
8F9
100
AcDbEntity
  8
4C
  6
Continuous
 62
     4
100
AcDbLine
 10
34417.9490874077
 20
-2559.810469956574
 30
0.0
 11
34417.9490874077
 21
-12377.34163828633
 31
0.0
  0
LINE
  5
1057
330
8F9
100
AcDbEntity
  8
4C
  6
Continuous
 62
     4
100
AcDbLine
 10
36199.27218463112
 20
-2559.810469956574
 30
0.0
 11
36199.27218463112
 21
-12377.34163828633
 31
0.0
  0
LINE
  5
1058
330
8F9
100
AcDbEntity
  8
4C
  6
Continuous
 62
     4
100
AcDbLine
 10
35011.723453149
 20
-2641.13059035418
 30
0.0
 11
35011.723453149
 21
-12377.34163828633
 31
0.0
  0
LINE
  5
1059
330
8F9
100
AcDbEntity
  8
4C
  6
Continuous
 62
     4
100
AcDbLine
 10
36793.04655037195
 20
-12377.34163828645
 30
0.0
 11
36793.04655037195
 21
-2538.597575624445
 31
0.0
  0
LINE
  5
105A
330
8F9
100
AcDbEntity
  8
4C
  6
Continuous
 62
     4
100
AcDbLine
 10
35605.49781888982
 20
-2708.552666207514
 30
0.0
 11
35605.49781888982
 21
-12473.30517214347
 31
0.0
  0
LINE
  5
105B
330
8F9
100
AcDbEntity
  8
6M
  6
Continuous
 62
     6
100
AcDbLine
 10
30567.41229139015
 20
-9780.845049036173
 30
0.0
 11
40492.99830284414
 21
-9780.845049036173
 31
0.0
  0
LINE
  5
105C
330
8F9
100
AcDbEntity
  8
6M
  6
Continuous
 62
     6
100
AcDbLine
 10
30567.41229139015
 20
-13739.34082064297
 30
0.0
 11
40492.99830284414
 21
-13739.34082064297
 31
0.0
  0
LINE
  5
105D
330
8F9
100
AcDbEntity
  8
4C
100
AcDbLine
 10
33835.62816295054
 20
-12683.50949692094
 30
0.0
 11
33835.62816295054
 21
-13469.02296872923
 31
0.0
  0
LINE
  5
105E
330
8F9
100
AcDbEntity
  8
4C
100
AcDbLine
 10
37375.36747482864
 20
-12683.50949692094
 30
0.0
 11
37375.36747482864
 21
-13469.02296872923
 31
0.0
  0
LINE
  5
105F
330
8F9
100
AcDbEntity
  8
4C
100
AcDbLine
 10
36199.27218463112
 20
-12587.54596306381
 30
0.0
 11
36199.27218463112
 21
-13469.02296872923
 31
0.0
  0
LINE
  5
1060
330
8F9
100
AcDbEntity
  8
4C
100
AcDbLine
 10
35011.723453149
 20
-12587.54596306381
 30
0.0
 11
35011.723453149
 21
-13469.02296872923
 31
0.0
  0
ARC
  5
1061
330
8F9
100
AcDbEntity
  8
4C
100
AcDbCircle
 10
33739.66462909363
 20
-13469.02296872923
 30
0.0
 40
95.96353385713429
100
AcDbArc
 50
270.0
 51
0.0
  0
LINE
  5
1062
330
8F9
100
AcDbEntity
  8
4C
100
AcDbLine
 10
33429.92337134414
 20
-13564.98650258637
 30
0.0
 11
33739.66462909363
 21
-13564.98650258637
 31
0.0
  0
LINE
  5
1063
330
8F9
100
AcDbEntity
  8
4C
100
AcDbLine
 10
34512.14477426818
 20
-13564.98650258637
 30
0.0
 11
34915.75991929162
 21
-13564.98650258637
 31
0.0
  0
ARC
  5
1064
330
8F9
100
AcDbEntity
  8
4C
100
AcDbCircle
 10
34915.75991929162
 20
-13469.02296872923
 30
0.0
 40
95.96353385713429
100
AcDbArc
 50
270.0
 51
0.0
  0
LINE
  5
1065
330
8F9
100
AcDbEntity
  8
4C
100
AcDbLine
 10
36295.23571848802
 20
-13564.98650258637
 30
0.0
 11
36702.77011111405
 21
-13564.98650258637
 31
0.0
  0
ARC
  5
1066
330
8F9
100
AcDbEntity
  8
4C
100
AcDbCircle
 10
36295.23571848802
 20
-13469.02296872923
 30
0.0
 40
95.96353385713429
100
AcDbArc
 50
180.0
 51
270.0
  0
LINE
  5
1067
330
8F9
100
AcDbEntity
  8
4C
100
AcDbLine
 10
37471.33100868602
 20
-13564.98650258637
 30
0.0
 11
37838.65038674957
 21
-13564.98650258637
 31
0.0
  0
ARC
  5
1068
330
8F9
100
AcDbEntity
  8
4C
100
AcDbCircle
 10
37471.33100868602
 20
-13469.02296872923
 30
0.0
 40
95.96353385713429
100
AcDbArc
 50
180.0
 51
270.0
  0
LINE
  5
1069
330
8F9
100
AcDbEntity
  8
4C
  6
Continuous
 62
     4
100
AcDbLine
 10
34345.97643701479
 20
-10169.49736115752
 30
0.0
 11
36865.01920076486
 21
-10169.49736115752
 31
0.0
  0
LINE
  5
106A
330
8F9
100
AcDbEntity
  8
4C
  6
Continuous
 62
     4
100
AcDbLine
 10
34345.97643701479
 20
-10457.38796272894
 30
0.0
 11
36865.01920076486
 21
-10457.38796272894
 31
0.0
  0
LINE
  5
106B
330
8F9
100
AcDbEntity
  8
4C
  6
Continuous
 62
     4
100
AcDbLine
 10
34345.97643701479
 20
-10745.27856430036
 30
0.0
 11
36865.01920076486
 21
-10745.27856430036
 31
0.0
  0
LINE
  5
106C
330
8F9
100
AcDbEntity
  8
4C
  6
Continuous
 62
     4
100
AcDbLine
 10
34345.97643701479
 20
-11465.0050682289
 30
0.0
 11
36865.01920076486
 21
-11465.0050682289
 31
0.0
  0
LINE
  5
106D
330
8F9
100
AcDbEntity
  8
4C
  6
Continuous
 62
     4
100
AcDbLine
 10
34345.97643701479
 20
-12184.73157215744
 30
0.0
 11
36865.01920076486
 21
-12184.73157215744
 31
0.0
  0
LINE
  5
106E
330
8F9
100
AcDbEntity
  8
4C
100
AcDbLine
 10
33931.59169680791
 20
-12587.54596306381
 30
0.0
 11
37279.40394097174
 21
-12587.54596306381
 31
0.0
  0
LINE
  5
106F
330
8F9
100
AcDbEntity
  8
4C
100
AcDbLine
 10
33755.0905506241
 20
-13118.73632097567
 30
0.0
 11
37460.93339845285
 21
-13118.73632097567
 31
0.0
  0
LINE
  5
1070
330
8F9
100
AcDbEntity
  8
4C
  6
Continuous
 62
     4
100
AcDbLine
 10
35470.85118135278
 20
-12473.30517214359
 30
0.0
 11
35107.6869870059
 21
-12473.30517214359
 31
0.0
  0
LINE
  5
1071
330
8F9
100
AcDbEntity
  8
4C
  6
Continuous
 62
     4
100
AcDbLine
 10
34939.75080275609
 20
-10687.70044398619
 30
0.0
 11
36271.24483502357
 21
-10687.70044398619
 31
0.0
  0
LINE
  5
1072
330
8F9
100
AcDbEntity
  8
4C
  6
Continuous
 62
     4
100
AcDbLine
 10
34939.75080275609
 20
-10111.91924084336
 30
0.0
 11
36271.24483502357
 21
-10111.91924084336
 31
0.0
  0
LINE
  5
1073
330
8F9
100
AcDbEntity
  8
4C
  6
Continuous
 62
     4
100
AcDbLine
 10
34939.75080275609
 20
-10399.80984241477
 30
0.0
 11
36271.24483502357
 21
-10399.80984241477
 31
0.0
  0
LINE
  5
1074
330
8F9
100
AcDbEntity
  8
4C
  6
Continuous
 62
     4
100
AcDbLine
 10
33429.92337134414
 20
-12473.30517214359
 30
0.0
 11
34321.9855535508
 21
-12473.30517214347
 31
0.0
  0
ARC
  5
1075
330
8F9
100
AcDbEntity
  8
4C
100
AcDbCircle
 10
33931.59169680791
 20
-12683.50949692094
 30
0.0
 40
95.96353385713429
100
AcDbArc
 50
90.0
 51
180.0
  0
ARC
  5
1076
330
8F9
100
AcDbEntity
  8
4C
  6
Continuous
 62
     4
100
AcDbCircle
 10
34321.9855535508
 20
-12377.34163828633
 30
0.0
 40
95.96353385713429
100
AcDbArc
 50
270.0
 51
0.0
  0
ARC
  5
1077
330
8F9
100
AcDbEntity
  8
4C
  6
Continuous
 62
     4
100
AcDbCircle
 10
35107.6869870059
 20
-12377.34163828633
 30
0.0
 40
95.96353385713429
100
AcDbArc
 50
180.0
 51
270.0
  0
LINE
  5
1078
330
8F9
100
AcDbEntity
  8
4C
  6
Continuous
 62
     4
100
AcDbLine
 10
35740.14445642688
 20
-12473.30517214359
 30
0.0
 11
36103.30865077375
 21
-12473.30517214359
 31
0.0
  0
ARC
  5
1079
330
8F9
100
AcDbEntity
  8
4C
  6
Continuous
 62
     4
100
AcDbCircle
 10
36103.30865077375
 20
-12377.34163828633
 30
0.0
 40
95.96353385713429
100
AcDbArc
 50
270.0
 51
0.0
  0
LINE
  5
107A
330
8F9
100
AcDbEntity
  8
4C
  6
Continuous
 62
     4
100
AcDbLine
 10
37838.65038674957
 20
-12473.30517214359
 30
0.0
 11
36889.01008422885
 21
-12473.30517214359
 31
0.0
  0
LINE
  5
107B
330
8F9
100
AcDbEntity
  8
8G
100
AcDbLine
 10
37375.36747482864
 20
-12782.24429967833
 30
0.0
 11
38552.85462776598
 21
-12782.24429967833
 31
0.0
  0
ARC
  5
107C
330
8F9
100
AcDbEntity
  8
4C
100
AcDbCircle
 10
37279.40394097174
 20
-12683.50949692094
 30
0.0
 40
95.96353385713429
100
AcDbArc
 50
0.0
 51
90.0
  0
ARC
  5
107D
330
8F9
100
AcDbEntity
  8
4C
  6
Continuous
 62
     4
100
AcDbCircle
 10
36889.01008422885
 20
-12377.34163828645
 30
0.0
 40
95.96353385713429
100
AcDbArc
 50
180.0
 51
270.0
  0
LINE
  5
107E
330
8F9
100
AcDbEntity
  8
4C
  6
Continuous
 62
     4
100
AcDbLine
 10
35497.53884330046
 20
-10630.12232367191
 30
0.0
 11
35713.45679447919
 21
-10630.12232367191
 31
0.0
  0
LINE
  5
107F
330
8F9
100
AcDbEntity
  8
4C
  6
Continuous
 62
     4
100
AcDbLine
 10
35497.53884330046
 20
-10054.34112052907
 30
0.0
 11
35713.45679447919
 21
-10054.34112052907
 31
0.0
  0
LINE
  5
1080
330
8F9
100
AcDbEntity
  8
4C
  6
Continuous
 62
     4
100
AcDbLine
 10
35497.53884330046
 20
-10342.23172210037
 30
0.0
 11
35713.45679447919
 21
-10342.23172210037
 31
0.0
  0
LINE
  5
1081
330
8F9
100
AcDbEntity
  8
8G
100
AcDbLine
 10
38552.85462776598
 20
-12782.24429967833
 30
0.0
 11
38552.85462776598
 21
-15038.93748491173
 31
0.0
  0
LINE
  5
1082
330
8F9
100
AcDbEntity
  8
8G
100
AcDbLine
 10
38552.85462776598
 20
-15038.93748491173
 30
0.0
 11
38966.60275017776
 21
-15038.93748491173
 31
0.0
  0
LINE
  5
1083
330
8F9
100
AcDbEntity
  8
8G
100
AcDbLine
 10
39787.97018064399
 20
-12283.32074978688
 30
0.0
 11
40691.53166275544
 21
-12283.32074978688
 31
0.0
  0
ARC
  5
1084
330
8F9
100
AcDbEntity
  8
8G
 62
     4
100
AcDbCircle
 10
39698.51813016998
 20
-12390.16544762868
 30
0.0
 40
139.3465420844631
100
AcDbArc
 50
309.9365961367397
 51
50.06340386326022
  0
LINE
  5
1085
330
8F9
100
AcDbEntity
  8
8G
100
AcDbLine
 10
34685.1704701593
 20
-1626.997349749639
 30
0.0
 11
32409.17855196146
 21
-1626.997349749639
 31
0.0
  0
LINE
  5
1086
330
8F9
100
AcDbEntity
  8
8G
100
AcDbLine
 10
37044.95082674668
 20
-2949.862426932756
 30
0.0
 11
38801.81708581772
 21
-2949.862426932756
 31
0.0
  0
LINE
  5
1087
330
8F9
100
AcDbEntity
  8
4C
  6
Continuous
 62
     4
100
AcDbLine
 10
34345.97643701479
 20
-6002.280903411534
 30
0.0
 11
36865.01920076486
 21
-6002.280903411534
 31
0.0
  0
LINE
  5
1088
330
8F9
100
AcDbEntity
  8
4C
  6
Continuous
 62
     4
100
AcDbLine
 10
34345.97643701479
 20
-6362.144155375863
 30
0.0
 11
36865.01920076486
 21
-6362.144155375863
 31
0.0
  0
LINE
  5
1089
330
8F9
100
AcDbEntity
  8
4C
  6
Continuous
 62
     4
100
AcDbLine
 10
34345.97643701479
 20
-7801.597163232829
 30
0.0
 11
36865.01920076486
 21
-7801.597163232829
 31
0.0
  0
LINE
  5
108A
330
8F9
100
AcDbEntity
  8
4C
  6
Continuous
 62
     4
100
AcDbLine
 10
34345.97643701479
 20
-8161.460415197041
 30
0.0
 11
36865.01920076486
 21
-8161.460415197041
 31
0.0
  0
LINE
  5
108B
330
8F9
100
AcDbEntity
  8
4C
  6
Continuous
 62
     4
100
AcDbLine
 10
34345.97643701479
 20
-8521.32366716137
 30
0.0
 11
36865.01920076486
 21
-8521.32366716137
 31
0.0
  0
LINE
  5
108C
330
8F9
100
AcDbEntity
  8
4C
  6
Continuous
 62
     4
100
AcDbLine
 10
34345.97643701479
 20
-8881.186919125582
 30
0.0
 11
36865.01920076486
 21
-8881.186919125582
 31
0.0
  0
LINE
  5
108D
330
8F9
100
AcDbEntity
  8
4C
  6
Continuous
 62
     4
100
AcDbLine
 10
34345.97643701479
 20
-9241.050171089794
 30
0.0
 11
36865.01920076486
 21
-9241.050171089794
 31
0.0
  0
LINE
  5
108E
330
8F9
100
AcDbEntity
  8
4C
  6
Continuous
 62
     4
100
AcDbLine
 10
34345.97643701479
 20
-9600.913423054123
 30
0.0
 11
36865.01920076486
 21
-9600.913423054123
 31
0.0
  0
LINE
  5
108F
330
8F9
100
AcDbEntity
  8
4C
  6
Continuous
 62
     4
100
AcDbLine
 10
34345.97643701479
 20
-6722.007407340075
 30
0.0
 11
36865.01920076486
 21
-6722.007407340075
 31
0.0
  0
LINE
  5
1090
330
8F9
100
AcDbEntity
  8
4C
  6
Continuous
 62
     4
100
AcDbLine
 10
34345.97643701479
 20
-7081.870659304287
 30
0.0
 11
36865.01920076486
 21
-7081.870659304287
 31
0.0
  0
LINE
  5
1091
330
8F9
100
AcDbEntity
  8
4C
  6
Continuous
 62
     4
100
AcDbLine
 10
34345.97643701479
 20
-7441.733911268617
 30
0.0
 11
36865.01920076486
 21
-7441.733911268617
 31
0.0
  0
LINE
  5
1092
330
8F9
100
AcDbEntity
  8
4C
  6
Continuous
 62
     4
100
AcDbLine
 10
34939.75080275609
 20
-9183.472050775629
 30
0.0
 11
36271.24483502357
 21
-9183.472050775629
 31
0.0
  0
LINE
  5
1093
330
8F9
100
AcDbEntity
  8
4C
  6
Continuous
 62
     4
100
AcDbLine
 10
34939.75080275609
 20
-9543.335302739841
 30
0.0
 11
36271.24483502357
 21
-9543.335302739841
 31
0.0
  0
LINE
  5
1094
330
8F9
100
AcDbEntity
  8
4C
  6
Continuous
 62
     4
100
AcDbLine
 10
34939.75080275609
 20
-7744.019042918663
 30
0.0
 11
36271.24483502357
 21
-7744.019042918663
 31
0.0
  0
LINE
  5
1095
330
8F9
100
AcDbEntity
  8
4C
  6
Continuous
 62
     4
100
AcDbLine
 10
34939.75080275609
 20
-8103.882294882875
 30
0.0
 11
36271.24483502357
 21
-8103.882294882875
 31
0.0
  0
LINE
  5
1096
330
8F9
100
AcDbEntity
  8
4C
  6
Continuous
 62
     4
100
AcDbLine
 10
34939.75080275609
 20
-8463.745546847087
 30
0.0
 11
36271.24483502357
 21
-8463.745546847087
 31
0.0
  0
LINE
  5
1097
330
8F9
100
AcDbEntity
  8
4C
  6
Continuous
 62
     4
100
AcDbLine
 10
34939.75080275609
 20
-8823.608798811417
 30
0.0
 11
36271.24483502357
 21
-8823.608798811417
 31
0.0
  0
LINE
  5
1098
330
8F9
100
AcDbEntity
  8
4C
  6
Continuous
 62
     4
100
AcDbLine
 10
34939.75080275609
 20
-6304.566035061579
 30
0.0
 11
36271.24483502357
 21
-6304.566035061579
 31
0.0
  0
LINE
  5
1099
330
8F9
100
AcDbEntity
  8
4C
  6
Continuous
 62
     4
100
AcDbLine
 10
34939.75080275609
 20
-6664.429287025909
 30
0.0
 11
36271.24483502357
 21
-6664.429287025909
 31
0.0
  0
LINE
  5
109A
330
8F9
100
AcDbEntity
  8
4C
  6
Continuous
 62
     4
100
AcDbLine
 10
34939.75080275609
 20
-7024.292538990121
 30
0.0
 11
36271.24483502357
 21
-7024.292538990121
 31
0.0
  0
LINE
  5
109B
330
8F9
100
AcDbEntity
  8
4C
  6
Continuous
 62
     4
100
AcDbLine
 10
34939.75080275609
 20
-7384.155790954334
 30
0.0
 11
36271.24483502357
 21
-7384.155790954334
 31
0.0
  0
LINE
  5
109C
330
8F9
100
AcDbEntity
  8
4C
  6
Continuous
 62
     4
100
AcDbLine
 10
35497.53884330046
 20
-9125.893930461229
 30
0.0
 11
35713.45679447919
 21
-9125.893930461229
 31
0.0
  0
LINE
  5
109D
330
8F9
100
AcDbEntity
  8
4C
  6
Continuous
 62
     4
100
AcDbLine
 10
35497.53884330046
 20
-9485.757182425556
 30
0.0
 11
35713.45679447919
 21
-9485.757182425556
 31
0.0
  0
LINE
  5
109E
330
8F9
100
AcDbEntity
  8
4C
  6
Continuous
 62
     4
100
AcDbLine
 10
35497.53884330046
 20
-8046.304174568474
 30
0.0
 11
35713.45679447919
 21
-8046.304174568474
 31
0.0
  0
LINE
  5
109F
330
8F9
100
AcDbEntity
  8
4C
  6
Continuous
 62
     4
100
AcDbLine
 10
35497.53884330046
 20
-8766.030678497015
 30
0.0
 11
35713.45679447919
 21
-8766.030678497015
 31
0.0
  0
LINE
  5
10A0
330
8F9
100
AcDbEntity
  8
4C
  6
Continuous
 62
     4
100
AcDbLine
 10
35497.53884330046
 20
-8406.167426532803
 30
0.0
 11
35713.45679447919
 21
-8406.167426532803
 31
0.0
  0
LINE
  5
10A1
330
8F9
100
AcDbEntity
  8
4C
  6
Continuous
 62
     4
100
AcDbLine
 10
35497.53884330046
 20
-7686.440922604262
 30
0.0
 11
35713.45679447919
 21
-7686.440922604262
 31
0.0
  0
LINE
  5
10A2
330
8F9
100
AcDbEntity
  8
4C
  6
Continuous
 62
     4
100
AcDbLine
 10
35497.53884330046
 20
-6246.987914747297
 30
0.0
 11
35713.45679447919
 21
-6246.987914747297
 31
0.0
  0
LINE
  5
10A3
330
8F9
100
AcDbEntity
  8
4C
  6
Continuous
 62
     4
100
AcDbLine
 10
35497.53884330046
 20
-7326.57767064005
 30
0.0
 11
35713.45679447919
 21
-7326.57767064005
 31
0.0
  0
LINE
  5
10A4
330
8F9
100
AcDbEntity
  8
4C
  6
Continuous
 62
     4
100
AcDbLine
 10
35497.53884330046
 20
-6606.851166711509
 30
0.0
 11
35713.45679447919
 21
-6606.851166711509
 31
0.0
  0
LINE
  5
10A5
330
8F9
100
AcDbEntity
  8
4C
  6
Continuous
 62
     4
100
AcDbLine
 10
35497.53884330046
 20
-6966.714418675721
 30
0.0
 11
35713.45679447919
 21
-6966.714418675721
 31
0.0
  0
LINE
  5
10A6
330
8F9
100
AcDbEntity
  8
4C
  6
Continuous
 62
     4
100
AcDbLine
 10
34345.97643701479
 20
-5282.554399483109
 30
0.0
 11
36865.01920076486
 21
-5282.554399483109
 31
0.0
  0
LINE
  5
10A7
330
8F9
100
AcDbEntity
  8
4C
  6
Continuous
 62
     4
100
AcDbLine
 10
34345.97643701479
 20
-5642.417651447322
 30
0.0
 11
36865.01920076486
 21
-5642.417651447322
 31
0.0
  0
LINE
  5
10A8
330
8F9
100
AcDbEntity
  8
4C
  6
Continuous
 62
     4
100
AcDbLine
 10
34939.75080275609
 20
-5224.976279168826
 30
0.0
 11
36271.24483502357
 21
-5224.976279168826
 31
0.0
  0
LINE
  5
10A9
330
8F9
100
AcDbEntity
  8
4C
  6
Continuous
 62
     4
100
AcDbLine
 10
34939.75080275609
 20
-5584.839531133155
 30
0.0
 11
36271.24483502357
 21
-5584.839531133155
 31
0.0
  0
LINE
  5
10AA
330
8F9
100
AcDbEntity
  8
4C
  6
Continuous
 62
     4
100
AcDbLine
 10
34345.97643701479
 20
-3123.374887697603
 30
0.0
 11
36865.01920076486
 21
-3123.374887697603
 31
0.0
  0
LINE
  5
10AB
330
8F9
100
AcDbEntity
  8
4C
  6
Continuous
 62
     4
100
AcDbLine
 10
34345.97643701479
 20
-3843.101391626027
 30
0.0
 11
36865.01920076486
 21
-3843.101391626027
 31
0.0
  0
LINE
  5
10AC
330
8F9
100
AcDbEntity
  8
4C
  6
Continuous
 62
     4
100
AcDbLine
 10
34345.97643701479
 20
-4562.827895554568
 30
0.0
 11
36865.01920076486
 21
-4562.827895554568
 31
0.0
  0
LINE
  5
10AD
330
8F9
100
AcDbEntity
  8
4C
  6
Continuous
 62
     4
100
AcDbLine
 10
34939.75080275609
 20
-3785.523271311744
 30
0.0
 11
36271.24483502357
 21
-3785.523271311744
 31
0.0
  0
LINE
  5
10AE
330
8F9
100
AcDbEntity
  8
4C
  6
Continuous
 62
     4
100
AcDbLine
 10
34939.75080275609
 20
-4505.249775240285
 30
0.0
 11
36271.24483502357
 21
-4505.249775240285
 31
0.0
  0
LINE
  5
10AF
330
8F9
100
AcDbEntity
  8
4C
  6
Continuous
 62
     4
100
AcDbLine
 10
34939.75080275609
 20
-3065.796767383319
 30
0.0
 11
36271.24483502357
 21
-3065.796767383319
 31
0.0
  0
LINE
  5
10B0
330
8F9
100
AcDbEntity
  8
4C
  6
Continuous
 62
     4
100
AcDbLine
 10
34939.75080275609
 20
-5944.702783097367
 30
0.0
 11
36271.24483502357
 21
-5944.702783097367
 31
0.0
  0
LINE
  5
10B1
330
8F9
100
AcDbEntity
  8
8G
100
AcDbLine
 10
34685.1704701593
 20
-4562.827895554568
 30
0.0
 11
34685.1704701593
 21
-1626.997349749639
 31
0.0
  0
LINE
  5
10B2
330
8F9
100
AcDbEntity
  8
4C
  6
Continuous
 62
     4
100
AcDbLine
 10
35497.53884330046
 20
-5167.398158854426
 30
0.0
 11
35713.45679447919
 21
-5167.398158854426
 31
0.0
  0
LINE
  5
10B3
330
8F9
100
AcDbEntity
  8
4C
  6
Continuous
 62
     4
100
AcDbLine
 10
35497.53884330046
 20
-5527.261410818756
 30
0.0
 11
35713.45679447919
 21
-5527.261410818756
 31
0.0
  0
LINE
  5
10B4
330
8F9
100
AcDbEntity
  8
4C
  6
Continuous
 62
     4
100
AcDbLine
 10
35497.53884330046
 20
-5887.124662782968
 30
0.0
 11
35713.45679447919
 21
-5887.124662782968
 31
0.0
  0
LINE
  5
10B5
330
8F9
100
AcDbEntity
  8
4C
  6
Continuous
 62
     4
100
AcDbLine
 10
35497.53884330046
 20
-4447.671654925885
 30
0.0
 11
35713.45679447919
 21
-4447.671654925885
 31
0.0
  0
LINE
  5
10B6
330
8F9
100
AcDbEntity
  8
4C
  6
Continuous
 62
     4
100
AcDbLine
 10
35497.53884330046
 20
-3727.945150997461
 30
0.0
 11
35713.45679447919
 21
-3727.945150997461
 31
0.0
  0
LINE
  5
10B7
330
8F9
100
AcDbEntity
  8
4C
  6
Continuous
 62
     4
100
AcDbLine
 10
35497.53884330046
 20
-3008.21864706892
 30
0.0
 11
35713.45679447919
 21
-3008.21864706892
 31
0.0
  0
TEXT
  5
10B8
330
8F9
100
AcDbEntity
  8
TG
100
AcDbText
 10
37453.39961857934
 20
-9439.090258304233
 30
0.0
 40
360.0
  1
TOP OF FOUNDATION
 41
0.8
  7
100CL
 11
37453.39961857934
 21
-9259.090258304233
 31
0.0
100
AcDbText
 73
     2
  0
LINE
  5
10B9
330
8F9
100
AcDbEntity
  8
8G
100
AcDbLine
 10
58716.00565528058
 20
-8136.519704455247
 30
0.0
 11
58716.00565528058
 21
-5947.344589168526
 31
0.0
  0
LINE
  5
10BA
330
8F9
100
AcDbEntity
  8
8G
100
AcDbLine
 10
61412.21825269403
 20
-9425.693192132312
 30
0.0
 11
60551.36790849202
 21
-5947.344589168526
 31
0.0
  0
LINE
  5
10BB
330
8F9
100
AcDbEntity
  8
6M
  6
Continuous
 62
     6
100
AcDbLine
 10
55626.00949030907
 20
-8302.527516804024
 30
0.0
 11
65702.18054530796
 21
-8302.527516804024
 31
0.0
  0
LINE
  5
10BC
330
8F9
100
AcDbEntity
  8
6M
  6
Continuous
 62
     6
100
AcDbLine
 10
65702.18054530796
 20
-12045.10533723232
 30
0.0
 11
55626.00949030907
 21
-12045.10533723232
 31
0.0
  0
LINE
  5
10BD
330
8F9
100
AcDbEntity
  8
2Y
100
AcDbLine
 10
65702.18054530796
 20
-12332.99593880374
 30
0.0
 11
55626.00949030907
 21
-12332.99593880374
 31
0.0
  0
INSERT
  5
10BE
330
8F9
100
AcDbEntity
  8
SHE
  6
Continuous
 62
     8
100
AcDbBlockReference
  2
*X8
 10
46122.20757877852
 20
-58591.59895475019
 30
0.0
 41
959.63533857133
 42
959.63533857133
 43
959.63533857133
1001
ACAD
1000
HATCH
1002
{
1070
    16
1000
DOTS
1040
1.0
1040
0.0
1002
}
  0
INSERT
  5
10BF
330
8F9
100
AcDbEntity
  8
SHE
  6
Continuous
 62
     8
100
AcDbBlockReference
  2
*X9
 10
46122.20757877852
 20
-58591.59895475019
 30
0.0
 41
959.63533857133
 42
959.63533857133
 43
959.63533857133
1001
ACAD
1000
HATCH
1002
{
1070
    16
1000
EARTH
1040
1.0
1040
0.7853981633974483
1002
}
  0
LINE
  5
10C0
330
8F9
100
AcDbEntity
  8
6M
  6
Continuous
 62
     6
100
AcDbLine
 10
58921.31423408192
 20
-11916.59721074436
 30
0.0
 11
57773.56661098616
 21
-11916.59721074436
 31
0.0
  0
LWPOLYLINE
  5
10C1
330
8F9
100
AcDbEntity
  8
2Y
 62
     1
100
AcDbPolyline
 90
        6
 70
     1
 43
0.0
 10
55530.50958500735
 20
-10568.91605398079
 10
55530.50958500735
 20
-11090.50034128592
 10
55607.64130770301
 20
-11113.17790892752
 10
55711.99598445909
 20
-11022.46760941759
 10
55711.99598445909
 20
-10691.37497134387
 10
55612.17848623896
 20
-10591.59362162251
  0
LINE
  5
10C2
330
8F9
100
AcDbEntity
  8
2Y
 62
     1
100
AcDbLine
 10
55626.00949030907
 20
-12332.99593880374
 30
0.0
 11
55626.00949030907
 21
-12189.05063801803
 31
0.0
  0
LWPOLYLINE
  5
10C3
330
8F9
100
AcDbEntity
  8
4C
  6
Continuous
 62
     4
100
AcDbPolyline
 90
        2
 70
     1
 43
43.18359023571045
 10
56971.89805265542
 20
-11980.85127398834
 42
1.0
 10
57015.08164289108
 20
-11980.85127398834
 42
1.0
  0
LWPOLYLINE
  5
10C4
330
8F9
100
AcDbEntity
  8
4C
  6
Continuous
 62
     4
100
AcDbPolyline
 90
        2
 70
     1
 43
43.18359023571045
 10
57835.56985736944
 20
-11980.85127398834
 42
1.0
 10
57878.75344760509
 20
-11980.85127398834
 42
1.0
  0
LWPOLYLINE
  5
10C5
330
8F9
100
AcDbEntity
  8
4C
  6
Continuous
 62
     4
100
AcDbPolyline
 90
        2
 70
     1
 43
43.18359023571045
 10
57403.73395501243
 20
-11980.85127398834
 42
1.0
 10
57446.91754524808
 20
-11980.85127398834
 42
1.0
  0
LWPOLYLINE
  5
10C6
330
8F9
100
AcDbEntity
  8
4C
  6
Continuous
 62
     4
100
AcDbPolyline
 90
        2
 70
     1
 43
43.18359023571045
 10
58267.40575972644
 20
-11980.85127398834
 42
1.0
 10
58310.5893499621
 20
-11980.85127398834
 42
1.0
  0
LWPOLYLINE
  5
10C7
330
8F9
100
AcDbEntity
  8
4C
  6
Continuous
 62
     4
100
AcDbPolyline
 90
        2
 70
     1
 43
43.18359023571045
 10
56971.89805265542
 20
-8366.781580047886
 42
-1.0
 10
57015.08164289108
 20
-8366.781580047886
 42
-1.0
  0
LWPOLYLINE
  5
10C8
330
8F9
100
AcDbEntity
  8
4C
  6
Continuous
 62
     4
100
AcDbPolyline
 90
        2
 70
     1
 43
43.18359023571045
 10
57835.56985736944
 20
-8366.781580047886
 42
-1.0
 10
57878.75344760509
 20
-8366.781580047886
 42
-1.0
  0
LWPOLYLINE
  5
10C9
330
8F9
100
AcDbEntity
  8
4C
  6
Continuous
 62
     4
100
AcDbPolyline
 90
        2
 70
     1
 43
43.18359023571045
 10
57403.73395501243
 20
-8366.781580047886
 42
-1.0
 10
57446.91754524808
 20
-8366.781580047886
 42
-1.0
  0
LWPOLYLINE
  5
10CA
330
8F9
100
AcDbEntity
  8
4C
  6
Continuous
 62
     4
100
AcDbPolyline
 90
        2
 70
     1
 43
43.18359023571045
 10
58267.40575972644
 20
-8366.781580047886
 42
-1.0
 10
58310.5893499621
 20
-8366.781580047886
 42
-1.0
  0
LINE
  5
10CB
330
8F9
100
AcDbEntity
  8
8G
100
AcDbLine
 10
59561.76928557668
 20
-12268.31843455482
 30
0.0
 11
59561.76928557668
 21
-15351.44582259908
 31
0.0
  0
LINE
  5
10CC
330
8F9
100
AcDbEntity
  8
8G
100
AcDbLine
 10
59561.76928557668
 20
-15351.44582259908
 30
0.0
 11
57959.4433459102
 21
-15351.44582259908
 31
0.0
  0
LINE
  5
10CD
330
8F9
100
AcDbEntity
  8
6M
  6
Continuous
 62
     6
100
AcDbLine
 10
62406.87580153466
 20
-8431.035643291863
 30
0.0
 11
63577.06272715962
 21
-8431.035643291863
 31
0.0
  0
LINE
  5
10CE
330
8F9
100
AcDbEntity
  8
6M
  6
Continuous
 62
     6
100
AcDbLine
 10
58921.31423408192
 20
-11916.59721074436
 30
0.0
 11
62406.87580153466
 21
-8431.035643291863
 31
0.0
  0
LINE
  5
10CF
330
8F9
100
AcDbEntity
  8
2Y
100
AcDbLine
 10
61431.8032886654
 20
-10941.52469787522
 30
0.0
 11
61431.8032886654
 21
-12332.99593880362
 31
0.0
  0
LINE
  5
10D0
330
8F9
100
AcDbEntity
  8
8G
100
AcDbLine
 10
59163.95717464972
 20
-12210.88697611584
 30
0.0
 11
59163.95717464972
 21
-13908.6649907394
 31
0.0
  0
LINE
  5
10D1
330
8F9
100
AcDbEntity
  8
8G
100
AcDbLine
 10
59163.95717464972
 20
-13908.6649907394
 30
0.0
 11
57959.4433459102
 21
-13908.6649907394
 31
0.0
  0
CIRCLE
  5
10D2
330
8F9
100
AcDbEntity
  8
8G
100
AcDbCircle
 10
59152.66935955852
 20
-11980.85127398834
 30
0.0
 40
230.3124812571223
  0
LWPOLYLINE
  5
10D3
330
8F9
100
AcDbEntity
  8
4C
  6
Continuous
 62
     4
100
AcDbPolyline
 90
        2
 70
     1
 43
43.18359023571045
 10
58699.24166208392
 20
-11980.85127398834
 42
1.0
 10
58742.42525231911
 20
-11980.85127398834
 42
1.0
  0
LWPOLYLINE
  5
10D4
330
8F9
100
AcDbEntity
  8
4C
  6
Continuous
 62
     4
100
AcDbPolyline
 90
        2
 70
     1
 43
43.18359023571045
 10
59131.07756444093
 20
-11980.85127398834
 42
1.0
 10
59174.26115467658
 20
-11980.85127398834
 42
1.0
  0
LWPOLYLINE
  5
10D5
330
8F9
100
AcDbEntity
  8
4C
  6
Continuous
 62
     4
100
AcDbPolyline
 90
        2
 70
     1
 43
43.18359023571045
 10
59562.91346679794
 20
-11980.85127398834
 42
1.0
 10
59606.09705703359
 20
-11980.85127398834
 42
1.0
  0
LWPOLYLINE
  5
10D6
330
8F9
100
AcDbEntity
  8
4C
  6
Continuous
 62
     4
100
AcDbPolyline
 90
        2
 70
     1
 43
43.18359023571045
 10
60901.60476410462
 20
-11980.85127398834
 42
-1.0
 10
60858.42117386943
 20
-11980.85127398834
 42
-1.0
  0
LWPOLYLINE
  5
10D7
330
8F9
100
AcDbEntity
  8
4C
  6
Continuous
 62
     4
100
AcDbPolyline
 90
        2
 70
     1
 43
43.18359023571045
 10
59994.74936915494
 20
-11980.85127398834
 42
1.0
 10
60037.9329593906
 20
-11980.85127398834
 42
1.0
  0
LWPOLYLINE
  5
10D8
330
8F9
100
AcDbEntity
  8
4C
  6
Continuous
 62
     4
100
AcDbPolyline
 90
        2
 70
     1
 43
43.18359023571045
 10
60426.58527151195
 20
-11980.85127398834
 42
1.0
 10
60469.76886174761
 20
-11980.85127398834
 42
1.0
  0
LINE
  5
10D9
330
8F9
100
AcDbEntity
  8
8G
100
AcDbLine
 10
61562.11254660858
 20
-12278.35426106301
 30
0.0
 11
61318.18814690344
 21
-13447.2227352607
 31
0.0
  0
LINE
  5
10DA
330
8F9
100
AcDbEntity
  8
8G
100
AcDbLine
 10
61318.18814690344
 20
-13447.2227352607
 30
0.0
 11
61531.84127533462
 21
-13447.2227352607
 31
0.0
  0
LWPOLYLINE
  5
10DB
330
8F9
100
AcDbEntity
  8
4C
  6
Continuous
 62
     4
100
AcDbPolyline
 90
        2
 70
     1
 43
43.18359023571045
 10
61765.27656881909
 20
-11980.85127398834
 42
-1.0
 10
61722.09297858344
 20
-11980.85127398834
 42
-1.0
  0
LINE
  5
10DC
330
8F9
100
AcDbEntity
  8
2Y
  6
Continuous
100
AcDbLine
 10
61712.82590371257
 20
-12278.35426106301
 30
0.0
 11
61773.89672269605
 21
-12217.28344207964
 31
0.0
  0
LINE
  5
10DD
330
8F9
100
AcDbEntity
  8
4C
100
AcDbLine
 10
61482.5134224559
 20
-12278.35426106301
 30
0.0
 11
61889.05296332461
 21
-12278.35426106301
 31
0.0
  0
LINE
  5
10DE
330
8F9
100
AcDbEntity
  8
2Y
  6
Continuous
100
AcDbLine
 10
61396.14624198412
 20
-12278.35426106301
 30
0.0
 11
61335.07542300064
 21
-12217.28344207964
 31
0.0
  0
LINE
  5
10DF
330
8F9
100
AcDbEntity
  8
4C
100
AcDbLine
 10
60989.60670111541
 20
-12278.35426106301
 30
0.0
 11
61482.5134224545
 21
-12278.35426106301
 31
0.0
  0
LWPOLYLINE
  5
10E0
330
8F9
100
AcDbEntity
  8
4C
  6
Continuous
 62
     4
100
AcDbPolyline
 90
        2
 70
     1
 43
43.18359023571045
 10
61333.44066646209
 20
-11980.85127398834
 42
-1.0
 10
61290.25707622643
 20
-11980.85127398834
 42
-1.0
  0
LINE
  5
10E1
330
8F9
100
AcDbEntity
  8
2Y
  6
Continuous
100
AcDbLine
 10
61165.83376072699
 20
-12278.35426106301
 30
0.0
 11
61104.76294174397
 21
-12217.28344207964
 31
0.0
  0
LINE
  5
10E2
330
8F9
100
AcDbEntity
  8
2Y
  6
Continuous
100
AcDbLine
 10
61108.25564041294
 20
-12278.35426106301
 30
0.0
 11
61047.18482142946
 21
-12217.28344207964
 31
0.0
  0
LINE
  5
10E3
330
8F9
100
AcDbEntity
  8
2Y
  6
Continuous
100
AcDbLine
 10
61338.56812167008
 20
-12278.35426106301
 30
0.0
 11
61277.49730268659
 21
-12217.28344207964
 31
0.0
  0
LINE
  5
10E4
330
8F9
100
AcDbEntity
  8
2Y
  6
Continuous
100
AcDbLine
 10
61223.41188104151
 20
-12278.35426106301
 30
0.0
 11
61162.34106205802
 21
-12217.28344207964
 31
0.0
  0
LINE
  5
10E5
330
8F9
100
AcDbEntity
  8
2Y
  6
Continuous
100
AcDbLine
 10
61280.99000135556
 20
-12278.35426106301
 30
0.0
 11
61219.91918237254
 21
-12217.28344207964
 31
0.0
  0
LINE
  5
10E6
330
8F9
100
AcDbEntity
  8
2Y
  6
Continuous
100
AcDbLine
 10
61050.67752009842
 20
-12278.35426106301
 30
0.0
 11
60989.60670111541
 21
-12217.28344207964
 31
0.0
  0
LINE
  5
10E7
330
8F9
100
AcDbEntity
  8
2Y
  6
Continuous
100
AcDbLine
 10
61597.669663084
 20
-12278.35426106301
 30
0.0
 11
61658.74048206748
 21
-12217.28344207964
 31
0.0
  0
LINE
  5
10E8
330
8F9
100
AcDbEntity
  8
2Y
  6
Continuous
100
AcDbLine
 10
61482.5134224559
 20
-12278.35426106301
 30
0.0
 11
61543.58424143891
 21
-12217.28344207964
 31
0.0
  0
LINE
  5
10E9
330
8F9
100
AcDbEntity
  8
2Y
  6
Continuous
100
AcDbLine
 10
61540.09154276995
 20
-12278.35426106301
 30
0.0
 11
61601.16236175297
 21
-12217.28344207964
 31
0.0
  0
LINE
  5
10EA
330
8F9
100
AcDbEntity
  8
2Y
  6
Continuous
100
AcDbLine
 10
61655.24778339851
 20
-12278.35426106301
 30
0.0
 11
61716.318602382
 21
-12217.28344207964
 31
0.0
  0
LWPOLYLINE
  5
10EB
330
8F9
100
AcDbEntity
  8
4C
  6
Continuous
 62
     4
100
AcDbPolyline
 90
        2
 70
     1
 43
43.18359023571045
 10
62197.11247117611
 20
-11980.85127398834
 42
-1.0
 10
62153.92888094045
 20
-11980.85127398834
 42
-1.0
  0
LINE
  5
10EC
330
8F9
100
AcDbEntity
  8
2Y
  6
Continuous
100
AcDbLine
 10
61770.40402402708
 20
-12278.35426106301
 30
0.0
 11
61831.47484301056
 21
-12217.28344207964
 31
0.0
  0
LINE
  5
10ED
330
8F9
100
AcDbEntity
  8
2Y
  6
Continuous
100
AcDbLine
 10
61827.9821443416
 20
-12278.35426106301
 30
0.0
 11
61889.05296332461
 21
-12217.28344207964
 31
0.0
  0
LWPOLYLINE
  5
10EE
330
8F9
100
AcDbEntity
  8
4C
  6
Continuous
 62
     4
100
AcDbPolyline
 90
        2
 70
     1
 43
43.18359023571045
 10
63492.62017824759
 20
-11980.85127398834
 42
-1.0
 10
63449.43658801194
 20
-11980.85127398834
 42
-1.0
  0
LWPOLYLINE
  5
10EF
330
8F9
100
AcDbEntity
  8
4C
  6
Continuous
 62
     4
100
AcDbPolyline
 90
        2
 70
     1
 43
43.18359023571045
 10
62628.94837353312
 20
-11980.85127398834
 42
-1.0
 10
62585.76478329746
 20
-11980.85127398834
 42
-1.0
  0
LWPOLYLINE
  5
10F0
330
8F9
100
AcDbEntity
  8
4C
  6
Continuous
 62
     4
100
AcDbPolyline
 90
        2
 70
     1
 43
43.18359023571045
 10
63060.78427589012
 20
-11980.85127398834
 42
-1.0
 10
63017.60068565493
 20
-11980.85127398834
 42
-1.0
  0
LINE
  5
10F1
330
8F9
100
AcDbEntity
  8
2Y
100
AcDbLine
 10
60040.33204773699
 20
-9550.053456946713
 30
0.0
 11
61431.8032886654
 21
-10941.52469787522
 31
0.0
  0
LINE
  5
10F2
330
8F9
100
AcDbEntity
  8
2Y
100
AcDbLine
 10
60040.33204773699
 20
-9550.053456946713
 30
0.0
 11
60040.33204773699
 21
-8158.582216018315
 31
0.0
  0
CIRCLE
  5
10F3
330
8F9
100
AcDbEntity
  8
8G
100
AcDbCircle
 10
58720.83345720152
 20
-8366.781580047886
 30
0.0
 40
230.3124812571223
  0
LWPOLYLINE
  5
10F4
330
8F9
100
AcDbEntity
  8
4C
  6
Continuous
 62
     4
100
AcDbPolyline
 90
        2
 70
     1
 43
43.18359023571045
 10
58699.24166208392
 20
-8366.781580047886
 42
-1.0
 10
58742.42525231911
 20
-8366.781580047886
 42
-1.0
  0
LWPOLYLINE
  5
10F5
330
8F9
100
AcDbEntity
  8
4C
  6
Continuous
 62
     4
100
AcDbPolyline
 90
        2
 70
     1
 43
43.18359023571045
 10
59131.07756444093
 20
-8366.781580047886
 42
-1.0
 10
59174.26115467658
 20
-8366.781580047886
 42
-1.0
  0
LWPOLYLINE
  5
10F6
330
8F9
100
AcDbEntity
  8
4C
  6
Continuous
 62
     4
100
AcDbPolyline
 90
        2
 70
     1
 43
43.18359023571045
 10
59562.91346679794
 20
-8366.781580047886
 42
-1.0
 10
59606.09705703359
 20
-8366.781580047886
 42
-1.0
  0
LWPOLYLINE
  5
10F7
330
8F9
100
AcDbEntity
  8
4C
  6
Continuous
 62
     4
100
AcDbPolyline
 90
        2
 70
     1
 43
43.18359023571045
 10
60901.60476410462
 20
-8366.781580047886
 42
1.0
 10
60858.42117386943
 20
-8366.781580047886
 42
1.0
  0
LWPOLYLINE
  5
10F8
330
8F9
100
AcDbEntity
  8
4C
  6
Continuous
 62
     4
100
AcDbPolyline
 90
        2
 70
     1
 43
43.18359023571045
 10
59994.74936915494
 20
-8366.781580047886
 42
-1.0
 10
60037.9329593906
 20
-8366.781580047886
 42
-1.0
  0
LWPOLYLINE
  5
10F9
330
8F9
100
AcDbEntity
  8
4C
  6
Continuous
 62
     4
100
AcDbPolyline
 90
        2
 70
     1
 43
43.18359023571045
 10
60426.58527151195
 20
-8366.781580047886
 42
-1.0
 10
60469.76886174761
 20
-8366.781580047886
 42
-1.0
  0
TEXT
  5
10FA
330
8F9
100
AcDbEntity
  8
TG
100
AcDbText
 10
61022.4513469043
 20
-10241.65862705311
 30
0.0
 40
239.9088346428357
  1
1
  7
100CL
100
AcDbText
  0
TEXT
  5
10FB
330
8F9
100
AcDbEntity
  8
TG
100
AcDbText
 10
61267.66875411689
 20
-10561.364250101
 30
0.0
 40
239.9088346428357
  1
1
  7
100CL
100
AcDbText
  0
LWPOLYLINE
  5
10FC
330
8F9
100
AcDbEntity
  8
4C
100
AcDbPolyline
 90
        3
 70
     0
 43
0.0
 10
61258.17982908969
 20
-10557.49584520349
 10
61258.17982908969
 20
-10317.58701056053
 10
61018.27099444697
 20
-10317.58701056053
  0
LWPOLYLINE
  5
10FD
330
8F9
100
AcDbEntity
  8
4C
  6
Continuous
 62
     4
100
AcDbPolyline
 90
        2
 70
     1
 43
43.18359023571045
 10
61765.27656881909
 20
-8366.781580047886
 42
1.0
 10
61722.09297858344
 20
-8366.781580047886
 42
1.0
  0
LWPOLYLINE
  5
10FE
330
8F9
100
AcDbEntity
  8
4C
  6
Continuous
 62
     4
100
AcDbPolyline
 90
        2
 70
     1
 43
43.18359023571045
 10
61333.44066646209
 20
-8366.781580047886
 42
1.0
 10
61290.25707622643
 20
-8366.781580047886
 42
1.0
  0
LWPOLYLINE
  5
10FF
330
8F9
100
AcDbEntity
  8
4C
  6
Continuous
 62
     4
100
AcDbPolyline
 90
        2
 70
     1
 43
43.18359023571045
 10
62197.11247117611
 20
-8366.781580047886
 42
1.0
 10
62153.92888094045
 20
-8366.781580047886
 42
1.0
  0
LWPOLYLINE
  5
1100
330
8F9
100
AcDbEntity
  8
4C
  6
Continuous
 62
     4
100
AcDbPolyline
 90
        2
 70
     1
 43
43.18359023571045
 10
63492.62017824759
 20
-8366.781580047886
 42
1.0
 10
63449.43658801194
 20
-8366.781580047886
 42
1.0
  0
LWPOLYLINE
  5
1101
330
8F9
100
AcDbEntity
  8
4C
  6
Continuous
 62
     4
100
AcDbPolyline
 90
        2
 70
     1
 43
43.18359023571045
 10
62628.94837353312
 20
-8366.781580047886
 42
1.0
 10
62585.76478329746
 20
-8366.781580047886
 42
1.0
  0
LWPOLYLINE
  5
1102
330
8F9
100
AcDbEntity
  8
4C
  6
Continuous
 62
     4
100
AcDbPolyline
 90
        2
 70
     1
 43
43.18359023571045
 10
63060.78427589012
 20
-8366.781580047886
 42
1.0
 10
63017.60068565493
 20
-8366.781580047886
 42
1.0
  0
LWPOLYLINE
  5
1103
330
8F9
100
AcDbEntity
  8
4C
  6
Continuous
 62
     4
100
AcDbPolyline
 90
        2
 70
     1
 43
43.18359023571045
 10
64356.29198296162
 20
-11980.85127398834
 42
-1.0
 10
64313.10839272596
 20
-11980.85127398834
 42
-1.0
  0
LWPOLYLINE
  5
1104
330
8F9
100
AcDbEntity
  8
4C
  6
Continuous
 62
     4
100
AcDbPolyline
 90
        2
 70
     1
 43
43.18359023571045
 10
63924.45608060461
 20
-11980.85127398834
 42
-1.0
 10
63881.27249036895
 20
-11980.85127398834
 42
-1.0
  0
LINE
  5
1105
330
8F9
100
AcDbEntity
  8
2Y
 62
     1
100
AcDbLine
 10
65702.18054530796
 20
-12189.05063801803
 30
0.0
 11
65702.18054530796
 21
-12332.99593880374
 31
0.0
  0
LWPOLYLINE
  5
1106
330
8F9
100
AcDbEntity
  8
2Y
  6
Continuous
 62
     1
100
AcDbPolyline
 90
        7
 70
     1
 43
0.0
 10
65618.75348340094
 20
-9405.129625781061
 10
65618.75348340094
 20
-9909.961763858532
 10
65675.95582950327
 20
-9980.213474098333
 10
65721.71773762561
 20
-10027.59253785814
 10
65788.72622363388
 20
-10014.52245829018
 10
65788.72622363388
 20
-9357.750533077719
 10
65739.69564125992
 20
-9323.441577829509
  0
LWPOLYLINE
  5
1107
330
8F9
100
AcDbEntity
  8
4C
  6
Continuous
 62
     4
100
AcDbPolyline
 90
        2
 70
     1
 43
43.18359023571045
 10
64356.29198296162
 20
-8366.781580047886
 42
1.0
 10
64313.10839272596
 20
-8366.781580047886
 42
1.0
  0
LWPOLYLINE
  5
1108
330
8F9
100
AcDbEntity
  8
4C
  6
Continuous
 62
     4
100
AcDbPolyline
 90
        2
 70
     1
 43
43.18359023571045
 10
63924.45608060461
 20
-8366.781580047886
 42
1.0
 10
63881.27249036895
 20
-8366.781580047886
 42
1.0
  0
LINE
  5
1109
330
8F9
100
AcDbEntity
  8
8G
100
AcDbLine
 10
58716.00565528058
 20
-5947.344589168526
 30
0.0
 11
57687.18253388794
 21
-5947.344589168642
 31
0.0
  0
LINE
  5
110A
330
8F9
100
AcDbEntity
  8
8G
100
AcDbLine
 10
60551.36790849202
 20
-5947.344589168526
 30
0.0
 11
60986.15728762492
 21
-5947.344589168526
 31
0.0
  0
LWPOLYLINE
  5
110B
330
8F9
100
AcDbEntity
  8
8G
 62
     2
100
AcDbPolyline
 90
        2
 70
     0
 10
34685.1704701593
 20
-4202.964643590298
 40
143.9453007857315
 41
0.0
 10
34685.1704701593
 20
-4562.827895554568
 40
0.0
 41
0.0
  0
LWPOLYLINE
  5
110C
330
8F9
100
AcDbEntity
  8
8G
 62
     2
100
AcDbPolyline
 90
        2
 70
     0
 10
37735.23072679321
 20
-12782.24429967833
 40
143.9453007857315
 41
0.0
 10
37375.36747482864
 20
-12782.24429967833
 40
0.0
 41
0.0
  0
LWPOLYLINE
  5
110D
330
8F9
100
AcDbEntity
  8
8G
 62
     2
100
AcDbPolyline
 90
        2
 70
     0
 10
40147.83343260622
 20
-12283.32074978543
 40
143.9453007857315
 41
0.0
 10
39787.97018064166
 20
-12283.32074978543
 40
0.0
 41
0.0
  0
ARC
  5
110E
330
8F9
100
AcDbEntity
  8
8G
 62
     4
100
AcDbCircle
 10
39877.42223111799
 20
-12176.47605194497
 30
0.0
 40
139.3465420844631
100
AcDbArc
 50
129.9365961367398
 51
230.0634038632602
  0
DIMENSION
  5
110F
330
8F9
100
AcDbEntity
  8
DIM
 62
     5
100
AcDbDimension
280
     0
  2
*D61
 10
27574.10301047002
 20
-9600.913423054153
 30
0.0
 11
27574.10301046996
 21
-7441.733911268705
 31
0.0
 12
-237352.661668502
 22
49412.07875907037
 32
0.0
  1
 
 71
     5
 42
4318.359023571014
 73
     0
 74
     0
 75
     0
  3
Dim100
100
AcDbAlignedDimension
 13
34345.97643701479
 23
-5282.554399483109
 33
0.0
 14
30567.41229139015
 24
-9600.913423054123
 34
0.0
 50
90.0
100
AcDbRotatedDimension
  0
DIMENSION
  5
1110
330
8F9
100
AcDbEntity
  8
DIM
 62
     5
100
AcDbDimension
280
     0
  2
*D62
 10
27574.10301047002
 20
-10745.27856430039
 30
0.0
 11
27574.10301046996
 21
-10173.09599367733
 31
0.0
 12
-237352.661668502
 22
49412.07875907037
 32
0.0
  1
 
 71
     5
 42
1144.365141246235
 73
     0
 74
     0
 75
     0
  3
Dim100
100
AcDbAlignedDimension
 13
30567.41229139015
 23
-9600.913423054123
 33
0.0
 14
34345.97643701479
 24
-10745.27856430036
 34
0.0
 50
90.0
100
AcDbRotatedDimension
  0
DIMENSION
  5
1111
330
8F9
100
AcDbEntity
  8
DIM
 62
     5
100
AcDbDimension
280
     0
  2
*D63
 10
27574.10301047002
 20
-14556.09035949176
 30
0.0
 11
27574.10301046996
 21
-12650.68446189613
 31
0.0
 12
-237352.661668502
 22
49412.07875907037
 32
0.0
  1
 
 71
     5
 42
3810.811795191374
 73
     0
 74
     0
 75
     0
  3
Dim100
100
AcDbAlignedDimension
 13
34345.97643701479
 23
-10745.27856430036
 33
0.0
 14
30567.41229139015
 24
-14556.09035949173
 34
0.0
 50
90.0
100
AcDbRotatedDimension
  0
TEXT
  5
1112
330
8F9
100
AcDbEntity
  8
TG
100
AcDbText
 10
40859.0977390425
 20
-13070.82074978688
 30
0.0
 40
375.0
  1
& REINF.
 41
0.8
  7
100CL
 11
40859.0977390425
 21
-12883.32074978688
 31
0.0
100
AcDbText
 73
     2
  0
TEXT
  5
1113
330
8F9
100
AcDbEntity
  8
TG
100
AcDbText
 10
39134.16882646483
 20
-15244.25681258601
 30
0.0
 40
375.0
  1
PROVIDE REBAR 
 41
0.8
  7
100CL
 11
39134.16882646483
 21
-15056.75681258601
 31
0.0
100
AcDbText
 73
     2
  0
TEXT
  5
1114
330
8F9
100
AcDbEntity
  8
TG
100
AcDbText
 10
39134.16882646483
 20
-15844.25681258601
 30
0.0
 40
375.0
  1
CHAIRS AS DEEMED 
 41
0.8
  7
100CL
 11
39134.16882646483
 21
-15656.75681258601
 31
0.0
100
AcDbText
 73
     2
  0
TEXT
  5
1115
330
8F9
100
AcDbEntity
  8
TG
100
AcDbText
 10
39134.16882646483
 20
-16444.25681258601
 30
0.0
 40
375.0
  1
NECESSARY BY 
 41
0.8
  7
100CL
 11
39134.16882646483
 21
-16256.75681258601
 31
0.0
100
AcDbText
 73
     2
  0
TEXT
  5
1116
330
8F9
100
AcDbEntity
  8
TG
100
AcDbText
 10
39134.16882646483
 20
-17044.25681258601
 30
0.0
 40
375.0
  1
THE CONTRACTOR.
 41
0.8
  7
100CL
 11
39134.16882646483
 21
-16856.75681258601
 31
0.0
100
AcDbText
 73
     2
  0
TEXT
  5
1117
330
8F9
100
AcDbEntity
  8
TG
100
AcDbText
 10
38913.52780334259
 20
-3137.362426932756
 30
0.0
 40
375.0
  1
STRUCTURAL R.C.
 41
0.8
  7
100CL
 11
38913.52780334259
 21
-2949.862426932756
 31
0.0
100
AcDbText
 73
     2
  0
TEXT
  5
1118
330
8F9
100
AcDbEntity
  8
TG
100
AcDbText
 10
38913.52780334259
 20
-3737.362426932756
 30
0.0
 40
375.0
  1
COLUMN
 41
0.8
  7
100CL
 11
38913.52780334259
 21
-3549.862426932756
 31
0.0
100
AcDbText
 73
     2
  0
TEXT
  5
1119
330
8F9
100
AcDbEntity
  8
TG
100
AcDbText
 10
40859.0977390425
 20
-11870.82074978688
 30
0.0
 40
375.0
  1
FOUNDATION
 41
0.8
  7
100CL
 11
40859.0977390425
 21
-11683.32074978688
 31
0.0
100
AcDbText
 73
     2
  0
TEXT
  5
111A
330
8F9
100
AcDbEntity
  8
TG
100
AcDbText
 10
27152.27548878992
 20
-1873.867901050049
 30
0.0
 40
375.0
  1
COLUMN TIES AS PER
 41
0.8
  7
100CL
 11
27152.27548878992
 21
-1686.367901050049
 31
0.0
100
AcDbText
 73
     2
  0
TEXT
  5
111B
330
8F9
100
AcDbEntity
  8
TG
100
AcDbText
 10
27152.27548878992
 20
-2473.867901050049
 30
0.0
 40
375.0
  1
SCHEDULE, MAX.
 41
0.8
  7
100CL
 11
27152.27548878992
 21
-2286.367901050049
 31
0.0
100
AcDbText
 73
     2
  0
TEXT
  5
111C
330
8F9
100
AcDbEntity
  8
TG
100
AcDbText
 10
27152.27548878992
 20
-3073.867901050049
 30
0.0
 40
375.0
  1
STIRRUPS SPACING=
 41
0.8
  7
100CL
 11
27152.27548878992
 21
-2886.367901050049
 31
0.0
100
AcDbText
 73
     2
  0
TEXT
  5
111D
330
8F9
100
AcDbEntity
  8
TG
100
AcDbText
 10
27152.27548878992
 20
-3673.867901050049
 30
0.0
 40
375.0
  1
6%%C BARS OR 150mm.
 41
0.8
  7
100CL
 11
27152.27548878992
 21
-3486.367901050049
 31
0.0
100
AcDbText
 73
     2
  0
TEXT
  5
111E
330
8F9
100
AcDbEntity
  8
TG
100
AcDbText
 10
27760.87012839623
 20
-6521.051351732579
 30
0.0
 40
349.9875
  1
CONFINING REINF. ZONE
 41
0.8
  7
100CL
 11
27760.87012839623
 21
-6346.057601732581
 31
0.0
100
AcDbText
 73
     2
  0
TEXT
  5
111F
330
8F9
100
AcDbEntity
  8
TG
100
AcDbText
 10
27760.87012839623
 20
-7081.031351732561
 30
0.0
 40
349.9875
  1
MAXIMUM OF
 41
0.8
  7
100CL
 11
27760.87012839623
 21
-6906.037601732562
 31
0.0
100
AcDbText
 73
     2
  0
TEXT
  5
1120
330
8F9
100
AcDbEntity
  8
TG
100
AcDbText
 10
27760.87012839623
 20
-7641.011351732571
 30
0.0
 40
349.9875
  1
1. CLEAR HEIGHT - 6
 41
0.8
  7
100CL
 11
27760.87012839623
 21
-7466.017601732573
 31
0.0
100
AcDbText
 73
     2
  0
TEXT
  5
1121
330
8F9
100
AcDbEntity
  8
TG
100
AcDbText
 10
27760.87012839623
 20
-8200.991351732582
 30
0.0
 40
349.9875
  1
2. MAX. COL. DIMENSION
 41
0.8
  7
100CL
 11
27760.87012839623
 21
-8025.997601732582
 31
0.0
100
AcDbText
 73
     2
  0
TEXT
  5
1122
330
8F9
100
AcDbEntity
  8
TG
100
AcDbText
 10
27760.87012839623
 20
-8760.971351732562
 30
0.0
 40
349.9875
  1
3. 450mm.
 41
0.8
  7
100CL
 11
27760.87012839623
 21
-8585.977601732563
 31
0.0
100
AcDbText
 73
     2
  0
TEXT
  5
1123
330
8F9
100
AcDbEntity
  8
TG
100
AcDbText
 10
27854.25368736105
 20
-9805.916774619232
 30
0.0
 40
349.9875
  1
300 min. JOINT
 41
0.8
  7
100CL
 11
27854.25368736105
 21
-9630.923024619232
 31
0.0
100
AcDbText
 73
     2
  0
TEXT
  5
1124
330
8F9
100
AcDbEntity
  8
TG
100
AcDbText
 10
27854.25368736105
 20
-10365.89677461921
 30
0.0
 40
349.9875
  1
REINF. ZONE
 41
0.8
  7
100CL
 11
27854.25368736105
 21
-10190.90302461921
 31
0.0
100
AcDbText
 73
     2
  0
TEXT
  5
1125
330
8F9
100
AcDbEntity
  8
TG
100
AcDbText
 10
27854.25368736105
 20
-10925.87677461922
 30
0.0
 40
349.9875
  1
@ FOUNDATION
 41
0.8
  7
100CL
 11
27854.25368736105
 21
-10750.88302461922
 31
0.0
100
AcDbText
 73
     2
  0
TEXT
  5
1126
330
8F9
100
AcDbEntity
  8
TG
100
AcDbText
 10
27760.87012839623
 20
-11739.18014151336
 30
0.0
 40
349.9875
  1
ADD'L 16mm%%C
 41
0.8
  7
100CL
 11
27760.87012839623
 21
-11564.18639151336
 31
0.0
100
AcDbText
 73
     2
  0
TEXT
  5
1127
330
8F9
100
AcDbEntity
  8
TG
100
AcDbText
 10
27760.87012839623
 20
-12299.16014151337
 30
0.0
 40
349.9875
  1
CROSS TIES
 41
0.8
  7
100CL
 11
27760.87012839623
 21
-12124.16639151337
 31
0.0
100
AcDbText
 73
     2
  0
TEXT
  5
1128
330
8F9
100
AcDbEntity
  8
TG
100
AcDbText
 10
27760.87012839623
 20
-12859.14014151335
 30
0.0
 40
349.9875
  1
SPACED @ 400
 41
0.8
  7
100CL
 11
27760.87012839623
 21
-12684.14639151335
 31
0.0
100
AcDbText
 73
     2
  0
TEXT
  5
1129
330
8F9
100
AcDbEntity
  8
TG
100
AcDbText
 10
27760.87012839623
 20
-13419.12014151336
 30
0.0
 40
349.9875
  1
O.C. W/IN
 41
0.8
  7
100CL
 11
27760.87012839623
 21
-13244.12639151336
 31
0.0
100
AcDbText
 73
     2
  0
TEXT
  5
112A
330
8F9
100
AcDbEntity
  8
TG
100
AcDbText
 10
27760.87012839623
 20
-13979.10014151337
 30
0.0
 40
349.9875
  1
FOOTING.
 41
0.8
  7
100CL
 11
27760.87012839623
 21
-13804.10639151337
 31
0.0
100
AcDbText
 73
     2
  0
DIMENSION
  5
112B
330
8F9
100
AcDbEntity
  8
DIM
100
AcDbDimension
280
     0
  2
*D64
 10
52647.62153064038
 20
-12332.99593880377
 30
0.0
 11
52211.90724492606
 21
-10245.78907741112
 31
0.0
 12
-237352.661668502
 22
49412.07875907037
 32
0.0
  1
THICKNESS (H)
 71
     5
 42
4174.413722785422
 73
     0
 74
     0
 75
     0
  3
DIM150
100
AcDbAlignedDimension
 13
55626.00949030907
 23
-8158.582216018315
 33
0.0
 14
55626.00949030907
 24
-12332.99593880374
 34
0.0
 50
90.0
100
AcDbRotatedDimension
  0
DIMENSION
  5
112C
330
8F9
100
AcDbEntity
  8
DIM
100
AcDbDimension
280
     0
  2
*D65
 10
53812.08695570703
 20
-9550.053456946741
 30
0.0
 11
53376.3726699927
 21
-8854.317836482609
 31
0.0
 12
-237352.661668502
 22
49412.07875907037
 32
0.0
  1
H/3
 71
     5
 42
1391.471240928396
 73
     0
 74
     0
 75
     0
  3
DIM150
100
AcDbAlignedDimension
 13
55626.00949030907
 23
-8158.582216018315
 33
0.0
 14
60040.33204773699
 24
-9550.053456946713
 34
0.0
 50
90.0
100
AcDbRotatedDimension
  0
DIMENSION
  5
112D
330
8F9
100
AcDbEntity
  8
DIM
100
AcDbDimension
280
     0
  2
*D66
 10
53812.08695570703
 20
-9550.053456946741
 30
0.0
 11
53376.3726699927
 21
-10245.78907741106
 31
0.0
 12
-237352.661668502
 22
49412.07875907037
 32
0.0
  1
H/3
 71
     5
 42
1391.471240928513
 73
     0
 74
     0
 75
     0
  3
DIM150
100
AcDbAlignedDimension
 13
61431.8032886654
 23
-10941.52469787522
 33
0.0
 14
60040.33204773699
 24
-9550.053456946713
 34
0.0
 50
270.0
100
AcDbRotatedDimension
  0
DIMENSION
  5
112E
330
8F9
100
AcDbEntity
  8
DIM
100
AcDbDimension
280
     0
  2
*D67
 10
53812.08695570703
 20
-12332.99593880377
 30
0.0
 11
53376.3726699927
 21
-11637.26031833957
 31
0.0
 12
-237352.661668502
 22
49412.07875907037
 32
0.0
  1
H/3
 71
     5
 42
1391.471240928513
 73
     0
 74
     0
 75
     0
  3
DIM150
100
AcDbAlignedDimension
 13
61431.8032886654
 23
-10941.52469787522
 33
0.0
 14
55626.00949030907
 24
-12332.99593880374
 34
0.0
 50
90.0
100
AcDbRotatedDimension
  0
TEXT
  5
112F
330
8F9
100
AcDbEntity
  8
TG
100
AcDbText
 10
61040.79938059885
 20
-6734.330648000498
 30
0.0
 40
375.0
  1
%%C25 X 1500 LONG @ 200 O.C.
 41
0.9
  7
100CL
 11
61040.79938059885
 21
-6546.830648000498
 31
0.0
100
AcDbText
 73
     2
  0
TEXT
  5
1130
330
8F9
100
AcDbEntity
  8
TG
100
AcDbText
 10
61040.79938059885
 20
-7334.330648000499
 30
0.0
 40
375.0
  1
(EACH DIAGONAL PAIR PER SET)
 41
0.9
  7
100CL
 11
61040.79938059885
 21
-7146.830648000499
 31
0.0
100
AcDbText
 73
     2
  0
TEXT
  5
1131
330
8F9
100
AcDbEntity
  8
TG
100
AcDbText
 10
61040.79938059885
 20
-6134.330648000497
 30
0.0
 40
375.0
  1
ADDITIONAL SHEAR BARS
 41
0.9
  7
100CL
 11
61040.79938059885
 21
-5946.830648000497
 31
0.0
100
AcDbText
 73
     2
  0
TEXT
  5
1132
330
8F9
100
AcDbEntity
  8
TG
100
AcDbText
 10
61556.40632014841
 20
-13646.48202287065
 30
0.0
 40
375.0
  1
225 mm WIDE x 6mm THK.
 41
0.9
  7
100CL
 11
61556.40632014841
 21
-13458.98202287065
 31
0.0
100
AcDbText
 73
     2
  0
TEXT
  5
1133
330
8F9
100
AcDbEntity
  8
TG
100
AcDbText
 10
61556.40632014841
 20
-14246.48202287065
 30
0.0
 40
375.0
  1
PVC WATERSTOP W/FLAT TYPE
 41
0.9
  7
100CL
 11
61556.40632014841
 21
-14058.98202287065
 31
0.0
100
AcDbText
 73
     2
  0
TEXT
  5
1134
330
8F9
100
AcDbEntity
  8
TG
100
AcDbText
 10
61556.40632014841
 20
-14846.48202287065
 30
0.0
 40
375.0
  1
UNDERSIDE W/ FINS ON THE 
 41
0.9
  7
100CL
 11
61556.40632014841
 21
-14658.98202287065
 31
0.0
100
AcDbText
 73
     2
  0
TEXT
  5
1135
330
8F9
100
AcDbEntity
  8
TG
100
AcDbText
 10
61556.40632014841
 20
-15446.48202287065
 30
0.0
 40
375.0
  1
FOUNDATION SIDE
 41
0.9
  7
100CL
 11
61556.40632014841
 21
-15258.98202287065
 31
0.0
100
AcDbText
 73
     2
  0
TEXT
  5
1136
330
8F9
100
AcDbEntity
  8
TG
100
AcDbText
 10
52551.27788772973
 20
-14058.76507265188
 30
0.0
 40
375.0
  1
FOUNDATION BOTTOM
 41
0.9
  7
100CL
 11
52551.27788772973
 21
-13871.26507265187
 31
0.0
100
AcDbText
 73
     2
  0
TEXT
  5
1137
330
8F9
100
AcDbEntity
  8
TG
100
AcDbText
 10
52551.27788772973
 20
-14928.188049752
 30
0.0
 40
375.0
  1
BARS AS SCHEDULED
 41
0.9
  7
100CL
 11
52551.27788772973
 21
-14740.688049752
 31
0.0
100
AcDbText
 73
     2
  0
TEXT
  5
1138
330
8F9
100
AcDbEntity
  8
TG
100
AcDbText
 10
52551.27788772973
 20
-15501.54590451173
 30
0.0
 40
375.0
  1
BLINDING CONCRETE
 41
0.9
  7
100CL
 11
52551.27788772973
 21
-15314.04590451173
 31
0.0
100
AcDbText
 73
     2
  0
TEXT
  5
1139
330
8F9
100
AcDbEntity
  8
TG
100
AcDbText
 10
52551.27788772973
 20
-16101.54590451173
 30
0.0
 40
375.0
  1
(THICKNESS AS DETAILED)
 41
0.9
  7
100CL
 11
52551.27788772973
 21
-15914.04590451173
 31
0.0
100
AcDbText
 73
     2
  0
TEXT
  5
113A
330
8F9
100
AcDbEntity
  8
TG
100
AcDbText
 10
52687.40829374109
 20
-6080.639218800381
 30
0.0
 40
375.0
  1
FOUNDATION TOP
 41
0.9
  7
100CL
 11
52687.40829374109
 21
-5893.139218800381
 31
0.0
100
AcDbText
 73
     2
  0
TEXT
  5
113B
330
8F9
100
AcDbEntity
  8
TG
100
AcDbText
 10
52687.40829374109
 20
-6680.639218800381
 30
0.0
 40
375.0
  1
BARS AS SCHEDULED
 41
0.9
  7
100CL
 11
52687.40829374109
 21
-6493.139218800381
 31
0.0
100
AcDbText
 73
     2
  0
LWPOLYLINE
  5
113C
330
8F9
100
AcDbEntity
  8
8G
 62
     2
100
AcDbPolyline
 90
        2
 70
     0
 10
61494.61270432526
 20
-12631.83033013419
 40
143.9453007857315
 41
0.0
 10
61562.11254660858
 20
-12278.35426106301
 40
0.0
 41
0.0
  0
LWPOLYLINE
  5
113D
330
8F9
100
AcDbEntity
  8
8G
 62
     2
100
AcDbPolyline
 90
        2
 70
     0
 10
61320.85154131035
 20
-9070.879439902551
 40
143.9453007857315
 41
0.0
 10
61412.21825269403
 20
-9418.950817877457
 40
0.0
 41
0.0
  0
LWPOLYLINE
  5
113E
330
8F9
100
AcDbEntity
  8
8G
 62
     2
100
AcDbPolyline
 90
        2
 70
     0
 10
59561.76928557668
 20
-12632.67660268899
 40
143.9453007857315
 41
0.0
 10
59561.76928557668
 20
-12272.81335072472
 40
0.0
 41
0.0
  0
LWPOLYLINE
  5
113F
330
8F9
100
AcDbEntity
  8
8G
 62
     2
100
AcDbPolyline
 90
        2
 70
     0
 10
34685.1704701593
 20
-2763.511635733157
 40
143.9453007857315
 41
0.0
 10
34685.1704701593
 20
-3123.374887697603
 40
0.0
 41
0.0
  0
LWPOLYLINE
  5
1140
330
8F9
100
AcDbEntity
  8
8G
 62
     2
100
AcDbPolyline
 90
        2
 70
     0
 10
34685.1704701593
 20
-3483.238139661756
 40
143.9453007857315
 41
0.0
 10
34685.1704701593
 20
-3843.101391626027
 40
0.0
 41
0.0
  0
LINE
  5
1141
330
8F9
100
AcDbEntity
  8
2Y
  6
Continuous
 62
     2
100
AcDbLine
 10
34166.04481103298
 20
-2525.311024939263
 30
0.0
 11
34166.04481103298
 21
-9600.913423054123
 31
0.0
  0
LINE
  5
1142
330
8F9
100
AcDbEntity
  8
2Y
  6
Continuous
 62
     2
100
AcDbLine
 10
34166.04481103298
 20
-9600.913423054123
 30
0.0
 11
30567.41229139015
 21
-9600.913423054123
 31
0.0
  0
LINE
  5
1143
330
8F9
100
AcDbEntity
  8
2Y
  6
Continuous
 62
     1
100
AcDbLine
 10
30567.41229139015
 20
-9600.913423054123
 30
0.0
 11
30567.41229139015
 21
-10920.48451509102
 31
0.0
  0
LINE
  5
1144
330
8F9
100
AcDbEntity
  8
2Y
  6
Continuous
 62
     1
100
AcDbLine
 10
30567.41229139015
 20
-10920.48451509102
 30
0.0
 11
30724.12221338487
 21
-11054.75859324852
 31
0.0
  0
LINE
  5
1145
330
8F9
100
AcDbEntity
  8
2Y
  6
Continuous
 62
     1
100
AcDbLine
 10
30724.12221338487
 20
-11054.75859324852
 30
0.0
 11
30724.12221338487
 21
-12643.66859251909
 31
0.0
  0
LINE
  5
1146
330
8F9
100
AcDbEntity
  8
2Y
  6
Continuous
 62
     1
100
AcDbLine
 10
30724.12221338487
 20
-12643.66859251909
 30
0.0
 11
30567.41229139015
 21
-12777.94270787979
 31
0.0
  0
LINE
  5
1147
330
8F9
100
AcDbEntity
  8
2Y
  6
Continuous
 62
     1
100
AcDbLine
 10
30567.41229139015
 20
-12777.94270787979
 30
0.0
 11
30567.41229139015
 21
-14556.09035949173
 31
0.0
  0
LINE
  5
1148
330
8F9
100
AcDbEntity
  8
2Y
  6
Continuous
 62
     2
100
AcDbLine
 10
30567.41229139015
 20
-14556.09035949173
 30
0.0
 11
40492.99830284414
 21
-14556.09035949173
 31
0.0
  0
LINE
  5
1149
330
8F9
100
AcDbEntity
  8
2Y
  6
Continuous
 62
     1
100
AcDbLine
 10
40492.99830284414
 20
-14556.09035949173
 30
0.0
 11
40492.99830284414
 21
-12777.94270787979
 31
0.0
  0
LINE
  5
114A
330
8F9
100
AcDbEntity
  8
2Y
  6
Continuous
 62
     1
100
AcDbLine
 10
40492.99830284414
 20
-12777.94270787979
 30
0.0
 11
40325.29210530154
 21
-12554.1525404141
 31
0.0
  0
LINE
  5
114B
330
8F9
100
AcDbEntity
  8
2Y
  6
Continuous
 62
     1
100
AcDbLine
 10
40325.29210530154
 20
-12554.1525404141
 30
0.0
 11
40325.29210530154
 21
-11054.75859324852
 31
0.0
  0
LINE
  5
114C
330
8F9
100
AcDbEntity
  8
2Y
  6
Continuous
 62
     1
100
AcDbLine
 10
40325.29210530154
 20
-11054.75859324852
 30
0.0
 11
40492.99830284414
 21
-10898.10550206477
 31
0.0
  0
LINE
  5
114D
330
8F9
100
AcDbEntity
  8
2Y
  6
Continuous
 62
     1
100
AcDbLine
 10
40492.99830284414
 20
-10898.10550206477
 30
0.0
 11
40492.99830284414
 21
-9600.913423054123
 31
0.0
  0
LINE
  5
114E
330
8F9
100
AcDbEntity
  8
2Y
  6
Continuous
 62
     2
100
AcDbLine
 10
40492.99830284414
 20
-9600.913423054123
 30
0.0
 11
37044.95082674668
 21
-9600.913423054123
 31
0.0
  0
LINE
  5
114F
330
8F9
100
AcDbEntity
  8
2Y
  6
Continuous
 62
     2
100
AcDbLine
 10
37044.95082674668
 20
-9600.913423054123
 30
0.0
 11
37044.95082674668
 21
-2525.311024939263
 31
0.0
  0
LINE
  5
1150
330
8F9
100
AcDbEntity
  8
2Y
  6
Continuous
 62
     2
100
AcDbLine
 10
37044.95082674668
 20
-2525.311024939263
 30
0.0
 11
35997.69087995941
 21
-2580.54816725335
 31
0.0
  0
LINE
  5
1151
330
8F9
100
AcDbEntity
  8
2Y
  6
Continuous
 62
     2
100
AcDbLine
 10
35997.69087995941
 20
-2580.54816725335
 30
0.0
 11
35958.44943783552
 21
-2678.616099419276
 31
0.0
  0
LINE
  5
1152
330
8F9
100
AcDbEntity
  8
2Y
  6
Continuous
 62
     2
100
AcDbLine
 10
35958.44943783552
 20
-2678.616099419276
 30
0.0
 11
35149.09542186771
 21
-2747.263696579117
 31
0.0
  0
LINE
  5
1153
330
8F9
100
AcDbEntity
  8
2Y
  6
Continuous
 62
     2
100
AcDbLine
 10
35149.09542186771
 20
-2747.263696579117
 30
0.0
 11
35070.61258781541
 21
-2649.195727210114
 31
0.0
  0
LINE
  5
1154
330
8F9
100
AcDbEntity
  8
2Y
  6
Continuous
 62
     2
100
AcDbLine
 10
35070.61258781541
 20
-2649.195727210114
 30
0.0
 11
34166.04481103298
 21
-2525.311024939263
 31
0.0
  0
LINE
  5
1155
330
8F9
100
AcDbEntity
  8
2Y
  6
Continuous
 62
     2
100
AcDbLine
 10
55626.00949030907
 20
-8158.582216018315
 30
0.0
 11
65702.18054530796
 21
-8158.582216018315
 31
0.0
  0
LINE
  5
1156
330
8F9
100
AcDbEntity
  8
2Y
  6
Continuous
 62
     1
100
AcDbLine
 10
65702.18054530796
 20
-8158.582216018315
 30
0.0
 11
65702.18054530796
 21
-9290.26648214992
 31
0.0
  0
LINE
  5
1157
330
8F9
100
AcDbEntity
  8
2Y
  6
Continuous
 62
     1
100
AcDbLine
 10
65702.18054530796
 20
-9290.26648214992
 30
0.0
 11
65592.21349801521
 21
-9390.255066957761
 31
0.0
  0
LINE
  5
1158
330
8F9
100
AcDbEntity
  8
2Y
  6
Continuous
 62
     1
100
AcDbLine
 10
65592.21349801521
 20
-9390.255066957761
 30
0.0
 11
65592.21349801521
 21
-9926.323726465781
 31
0.0
  0
LINE
  5
1159
330
8F9
100
AcDbEntity
  8
2Y
  6
Continuous
 62
     1
100
AcDbLine
 10
65592.21349801521
 20
-9926.323726465781
 30
0.0
 11
65702.18054530796
 21
-10049.17280150563
 31
0.0
  0
LINE
  5
115A
330
8F9
100
AcDbEntity
  8
2Y
  6
Continuous
 62
     1
100
AcDbLine
 10
65702.18054530796
 20
-10049.17280150563
 30
0.0
 11
65702.18054530796
 21
-10412.13596723458
 31
0.0
  0
LINE
  5
115B
330
8F9
100
AcDbEntity
  8
2Y
  6
Continuous
 62
     1
100
AcDbLine
 10
65702.18054530796
 20
-10412.13596723458
 30
0.0
 11
65631.31602223709
 21
-10495.89668442888
 31
0.0
  0
LINE
  5
115C
330
8F9
100
AcDbEntity
  8
2Y
  6
Continuous
 62
     1
100
AcDbLine
 10
65631.31602223709
 20
-10495.89668442888
 30
0.0
 11
65631.31602223709
 21
-10663.41814776099
 31
0.0
  0
LINE
  5
115D
330
8F9
100
AcDbEntity
  8
2Y
  6
Continuous
 62
     1
100
AcDbLine
 10
65631.31602223709
 20
-10663.41814776099
 30
0.0
 11
65702.18054530796
 21
-10763.93101418295
 31
0.0
  0
LINE
  5
115E
330
8F9
100
AcDbEntity
  8
2Y
  6
Continuous
 62
     1
100
AcDbLine
 10
65702.18054530796
 20
-10763.93101418295
 30
0.0
 11
65702.18054530796
 21
-11400.51256905633
 31
0.0
  0
LINE
  5
115F
330
8F9
100
AcDbEntity
  8
2Y
  6
Continuous
 62
     1
100
AcDbLine
 10
65702.18054530796
 20
-11400.51256905633
 30
0.0
 11
65625.72996408472
 21
-11484.27328625062
 31
0.0
  0
LINE
  5
1160
330
8F9
100
AcDbEntity
  8
2Y
  6
Continuous
 62
     1
100
AcDbLine
 10
65625.72996408472
 20
-11484.27328625062
 30
0.0
 11
65625.72996408472
 21
-11584.78615267257
 31
0.0
  0
LINE
  5
1161
330
8F9
100
AcDbEntity
  8
2Y
  6
Continuous
 62
     1
100
AcDbLine
 10
65625.72996408472
 20
-11584.78615267257
 30
0.0
 11
65702.18054530796
 21
-11668.54689881039
 31
0.0
  0
LINE
  5
1162
330
8F9
100
AcDbEntity
  8
2Y
  6
Continuous
 62
     1
100
AcDbLine
 10
65702.18054530796
 20
-11668.54689881039
 30
0.0
 11
65702.18054530796
 21
-12189.05063801803
 31
0.0
  0
LINE
  5
1163
330
8F9
100
AcDbEntity
  8
2Y
  6
Continuous
 62
     2
100
AcDbLine
 10
65702.18054530796
 20
-12189.05063801803
 30
0.0
 11
55626.00949030907
 21
-12189.05063801803
 31
0.0
  0
LINE
  5
1164
330
8F9
100
AcDbEntity
  8
2Y
  6
Continuous
 62
     1
100
AcDbLine
 10
55626.00949030907
 20
-12189.05063801803
 30
0.0
 11
55626.00949030907
 21
-11170.6033881474
 31
0.0
  0
LINE
  5
1165
330
8F9
100
AcDbEntity
  8
2Y
  6
Continuous
 62
     1
100
AcDbLine
 10
55626.00949030907
 20
-11170.6033881474
 30
0.0
 11
55747.92738464827
 21
-11048.72967835606
 31
0.0
  0
LINE
  5
1166
330
8F9
100
AcDbEntity
  8
2Y
  6
Continuous
 62
     1
100
AcDbLine
 10
55747.92738464827
 20
-11048.72967835606
 30
0.0
 11
55747.92738464827
 21
-10665.69810997715
 31
0.0
  0
LINE
  5
1167
330
8F9
100
AcDbEntity
  8
2Y
  6
Continuous
 62
     1
100
AcDbLine
 10
55747.92738464827
 20
-10665.69810997715
 30
0.0
 11
55626.00949030907
 21
-10526.41387435046
 31
0.0
  0
LINE
  5
1168
330
8F9
100
AcDbEntity
  8
2Y
  6
Continuous
 62
     1
100
AcDbLine
 10
55626.00949030907
 20
-10526.41387435046
 30
0.0
 11
55626.00949030907
 21
-10108.56122535732
 31
0.0
  0
LINE
  5
1169
330
8F9
100
AcDbEntity
  8
2Y
  6
Continuous
 62
     1
100
AcDbLine
 10
55626.00949030907
 20
-10108.56122535732
 30
0.0
 11
55747.92738464827
 21
-9986.687544509623
 31
0.0
  0
LINE
  5
116A
330
8F9
100
AcDbEntity
  8
2Y
  6
Continuous
 62
     1
100
AcDbLine
 10
55747.92738464827
 20
-9986.687544509623
 30
0.0
 11
55747.92738464827
 21
-9725.52965697853
 31
0.0
  0
LINE
  5
116B
330
8F9
100
AcDbEntity
  8
2Y
  6
Continuous
 62
     1
100
AcDbLine
 10
55747.92738464827
 20
-9725.52965697853
 30
0.0
 11
55626.00949030907
 21
-9638.47699885801
 31
0.0
  0
LINE
  5
116C
330
8F9
100
AcDbEntity
  8
2Y
  6
Continuous
 62
     1
100
AcDbLine
 10
55626.00949030907
 20
-9638.47699885801
 30
0.0
 11
55626.00949030907
 21
-9150.982246523229
 31
0.0
  0
LINE
  5
116D
330
8F9
100
AcDbEntity
  8
2Y
  6
Continuous
 62
     1
100
AcDbLine
 10
55626.00949030907
 20
-9150.982246523229
 30
0.0
 11
55713.09367823626
 21
-9011.698039840062
 31
0.0
  0
LINE
  5
116E
330
8F9
100
AcDbEntity
  8
2Y
  6
Continuous
 62
     1
100
AcDbLine
 10
55713.09367823626
 20
-9011.698039840062
 30
0.0
 11
55713.09367823626
 21
-8855.00330732143
 31
0.0
  0
LINE
  5
116F
330
8F9
100
AcDbEntity
  8
2Y
  6
Continuous
 62
     1
100
AcDbLine
 10
55713.09367823626
 20
-8855.00330732143
 30
0.0
 11
55626.00949030907
 21
-8767.95067814432
 31
0.0
  0
LINE
  5
1170
330
8F9
100
AcDbEntity
  8
2Y
  6
Continuous
 62
     1
100
AcDbLine
 10
55626.00949030907
 20
-8767.95067814432
 30
0.0
 11
55626.00949030907
 21
-8158.582216018315
 31
0.0
  0
LWPOLYLINE
  5
1171
330
8F9
100
AcDbEntity
  8
8G
 62
     2
100
AcDbPolyline
 90
        2
 70
     0
 10
37404.81407871123
 20
-2949.862426932756
 40
143.9453007857315
 41
0.0
 10
37044.95082674668
 20
-2949.862426932756
 40
0.0
 41
0.0
  0
LINE
  5
1172
330
8F9
100
AcDbEntity
  8
Defpoints
100
AcDbLine
 10
-17083.38866083111
 20
11316.05961767063
 30
0.0
 11
-16991.2636683264
 21
11316.05961767063
 31
0.0
  0
LINE
  5
1173
330
8F9
100
AcDbEntity
  8
Defpoints
100
AcDbLine
 10
-17083.38866083111
 20
10548.35134681364
 30
0.0
 11
-16991.2636683264
 21
10548.35134681364
 31
0.0
  0
HATCH
  5
1174
330
8F9
100
AcDbEntity
  8
SHE
100
AcDbHatch
 10
0.0
 20
0.0
 30
0.0
210
0.0
220
0.0
230
1.0
  2
ANSI31
 70
     0
 71
     0
 91
        2
 92
        7
 72
     0
 73
     1
 93
        4
 10
-17083.38866083111
 20
10916.85131682528
 10
-16991.2636683264
 20
10916.85131682528
 10
-16991.2636683264
 20
11316.05961767063
 10
-17083.38866083111
 20
11316.05961767063
 97
        0
 92
        7
 72
     0
 73
     1
 93
        4
 10
-17083.38866083111
 20
10548.35134681364
 10
-16991.2636683264
 20
10548.35134681364
 10
-16991.2636683264
 20
10916.85131682528
 10
-17083.38866083111
 20
10916.85131682528
 97
        0
 75
     0
 76
     1
 52
315.0
 41
100.0
 77
     0
 78
     1
 53
0.0
 43
-115040.5031178116
 44
-28134.45494652525
 45
0.0000000000000044
 46
12.5
 79
     0
 47
1.184138764346337
 98
        2
 10
-17062.32410383012
 20
11119.72694814278
 10
-17040.99837408934
 20
10758.56391941386
  0
TEXT
  5
1175
330
8F9
100
AcDbEntity
  8
TG
100
AcDbText
 10
-367.7554636879067
 20
7384.985287648247
 30
0.0
 40
375.0
  1
COMPACTED GRAVEL
 41
0.9
  7
100CL
100
AcDbText
  0
TEXT
  5
1176
330
8F9
100
AcDbEntity
  8
TG
100
AcDbText
 10
-367.7554636879067
 20
6784.985287648247
 30
0.0
 40
375.0
  1
BEDDING (TYP.)
 41
0.9
  7
100CL
100
AcDbText
  0
LINE
  5
1177
330
8F9
100
AcDbEntity
  8
2Y
 62
     2
100
AcDbLine
 10
6355.296517566574
 20
11116.05961767063
 30
0.0
 11
6263.171525061393
 21
11116.05961767063
 31
0.0
  0
LINE
  5
1178
330
8F9
100
AcDbEntity
  8
2Y
 62
     3
100
AcDbLine
 10
6309.234021314217
 20
11116.05961767063
 30
0.0
 11
6297.79683958253
 21
10985.81514993185
 31
0.0
  0
LINE
  5
1179
330
8F9
100
AcDbEntity
  8
2Y
 62
     3
100
AcDbLine
 10
6297.79683958253
 20
10985.81514993185
 30
0.0
 11
6323.398590901663
 21
10888.84685819983
 31
0.0
  0
LINE
  5
117A
330
8F9
100
AcDbEntity
  8
2Y
 62
     3
100
AcDbLine
 10
6323.398590901663
 20
10888.84685819983
 30
0.0
 11
6308.576660634746
 21
10787.83751812661
 31
0.0
  0
LINE
  5
117B
330
8F9
100
AcDbEntity
  8
2Y
 62
     3
100
AcDbLine
 10
6308.576660634746
 20
10787.83751812661
 30
0.0
 11
6340.916123790929
 21
10688.17449131506
 31
0.0
  0
LINE
  5
117C
330
8F9
100
AcDbEntity
  8
2Y
 62
     3
100
AcDbLine
 10
6340.916123790929
 20
10688.17449131506
 30
0.0
 11
6313.436516255868
 21
10548.35134681364
 31
0.0
  0
LINE
  5
117D
330
8F9
100
AcDbEntity
  8
Defpoints
100
AcDbLine
 10
6263.171525061393
 20
11316.05961767063
 30
0.0
 11
6355.296517566574
 21
11316.05961767063
 31
0.0
  0
HATCH
  5
117E
330
8F9
100
AcDbEntity
  8
SHE
100
AcDbHatch
 10
0.0
 20
0.0
 30
0.0
210
0.0
220
0.0
230
1.0
  2
ANSI31
 70
     0
 71
     0
 91
        1
 92
        7
 72
     0
 73
     1
 93
        4
 10
6263.171525061393
 20
11316.05961767051
 10
6263.171525061393
 20
11116.05961767063
 10
6355.296517566574
 20
11116.05961767063
 10
6355.296517566574
 20
11316.05961767063
 97
        0
 75
     0
 76
     1
 52
315.0
 41
100.0
 77
     0
 78
     1
 53
0.0
 43
-2111.555969272478
 44
-8642.788279858621
 45
0.0000000000000044
 46
12.5
 79
     0
 47
2.617708916361768
 98
        1
 10
6307.692799896729
 20
11227.96071265186
  0
CIRCLE
  5
117F
330
8F9
100
AcDbEntity
  8
SHE
 62
     8
100
AcDbCircle
 10
28456.67634249924
 20
9848.457176840428
 30
0.0
 40
118.6426658793824
  0
CIRCLE
  5
1180
330
8F9
100
AcDbEntity
  8
SHE
 62
     8
100
AcDbCircle
 10
25893.98185300621
 20
9950.081158347458
 30
0.0
 40
106.2245117808121
  0
CIRCLE
  5
1181
330
8F9
100
AcDbEntity
  8
SHE
 62
     8
100
AcDbCircle
 10
25580.94740630247
 20
9822.092165705544
 30
0.0
 40
131.9141679467713
  0
CIRCLE
  5
1182
330
8F9
100
AcDbEntity
  8
SHE
 62
     8
100
AcDbCircle
 10
25129.71713967415
 20
10019.41146655546
 30
0.0
 40
118.6426658793837
  0
CIRCLE
  5
1183
330
8F9
100
AcDbEntity
  8
SHE
 62
     8
100
AcDbCircle
 10
25367.16270256022
 20
9947.012236863987
 30
0.0
 40
105.5313557741664
  0
CIRCLE
  5
1184
330
8F9
100
AcDbEntity
  8
SHE
 62
     8
100
AcDbCircle
 10
26499.32132206511
 20
9838.971351059882
 30
0.0
 40
171.5960345820622
  0
CIRCLE
  5
1185
330
8F9
100
AcDbEntity
  8
SHE
 62
     8
100
AcDbCircle
 10
26289.30559509647
 20
9950.081158347458
 30
0.0
 40
106.2477855481398
  0
CIRCLE
  5
1186
330
8F9
100
AcDbEntity
  8
SHE
 62
     8
100
AcDbCircle
 10
26054.58211711122
 20
10061.19096563503
 30
0.0
 40
150.7647186590467
  0
CIRCLE
  5
1187
330
8F9
100
AcDbEntity
  8
SHE
 62
     8
100
AcDbCircle
 10
22744.79271513297
 20
9861.639720998851
 30
0.0
 40
118.7227350895321
  0
CIRCLE
  5
1188
330
8F9
100
AcDbEntity
  8
SHE
 62
     8
100
AcDbCircle
 10
22467.7729463822
 20
9940.734831584762
 30
0.0
 40
65.95711074432237
  0
CIRCLE
  5
1189
330
8F9
100
AcDbEntity
  8
SHE
 62
     8
100
AcDbCircle
 10
22612.87854718629
 20
10019.82994217137
 30
0.0
 40
92.33992291692723
  0
CIRCLE
  5
118A
330
8F9
100
AcDbEntity
  8
SHE
 62
     8
100
AcDbCircle
 10
24633.88745201824
 20
9950.081158347458
 30
0.0
 40
149.2550838611115
  0
CIRCLE
  5
118B
330
8F9
100
AcDbEntity
  8
SHE
 62
     8
100
AcDbCircle
 10
24448.5794368971
 20
9801.934739221266
 30
0.0
 40
133.5997691260133
  0
CIRCLE
  5
118C
330
8F9
100
AcDbEntity
  8
SHE
 62
     8
100
AcDbCircle
 10
24867.56395764535
 20
9842.389054249537
 30
0.0
 40
145.0077156052234
  0
CIRCLE
  5
118D
330
8F9
100
AcDbEntity
  8
SHE
 62
     8
100
AcDbCircle
 10
24436.22556138949
 20
9493.296401327972
 30
0.0
 40
78.12746292846765
  0
CIRCLE
  5
118E
330
8F9
100
AcDbEntity
  8
SHE
 62
     8
100
AcDbCircle
 10
24312.68692380775
 20
9666.133876193811
 30
0.0
 40
89.06649623823339
  0
CIRCLE
  5
118F
330
8F9
100
AcDbEntity
  8
SHE
 62
     8
100
AcDbCircle
 10
23100.96097394291
 20
9479.346635043766
 30
0.0
 40
92.33992291692723
  0
CIRCLE
  5
1190
330
8F9
100
AcDbEntity
  8
SHE
 62
     8
100
AcDbCircle
 10
22480.96437923962
 20
9518.894190336956
 30
0.0
 40
105.5313557741664
  0
CIRCLE
  5
1191
330
8F9
100
AcDbEntity
  8
SHE
 62
     8
100
AcDbCircle
 10
22467.7729463822
 20
9716.632005393767
 30
0.0
 40
79.14849005968811
  0
CIRCLE
  5
1192
330
8F9
100
AcDbEntity
  8
SHE
 62
     8
100
AcDbCircle
 10
22768.45354280321
 20
9567.36959677635
 30
0.0
 40
66.52142058491122
  0
CIRCLE
  5
1193
330
8F9
100
AcDbEntity
  8
SHE
 62
     8
100
AcDbCircle
 10
22904.34609505747
 20
9493.296401327972
 30
0.0
 40
101.8685501441306
  0
CIRCLE
  5
1194
330
8F9
100
AcDbEntity
  8
SHE
 62
     8
100
AcDbCircle
 10
22632.56102971386
 20
9493.296401327972
 30
0.0
 40
101.8685501441293
  0
CIRCLE
  5
1195
330
8F9
100
AcDbEntity
  8
SHE
 62
     8
100
AcDbCircle
 10
22560.11286929882
 20
9822.092165705544
 30
0.0
 40
52.73009945167927
  0
CIRCLE
  5
1196
330
8F9
100
AcDbEntity
  8
SHE
 62
     8
100
AcDbCircle
 10
22652.45279221589
 20
9663.90190594204
 30
0.0
 40
65.95711074432237
  0
CIRCLE
  5
1197
330
8F9
100
AcDbEntity
  8
SHE
 62
     8
100
AcDbCircle
 10
22454.58151352432
 20
9848.457176840428
 30
0.0
 40
39.57429857171817
  0
CIRCLE
  5
1198
330
8F9
100
AcDbEntity
  8
SHE
 62
     8
100
AcDbCircle
 10
23325.21506480666
 20
9505.711684769631
 30
0.0
 40
79.14849005968811
  0
CIRCLE
  5
1199
330
8F9
100
AcDbEntity
  8
SHE
 62
     8
100
AcDbCircle
 10
24238.56370992798
 20
9493.296401327972
 30
0.0
 40
87.35383775631978
  0
CIRCLE
  5
119A
330
8F9
100
AcDbEntity
  8
SHE
 62
     8
100
AcDbCircle
 10
23925.31985015448
 20
9579.157148380328
 30
0.0
 40
184.6798458338545
  0
CIRCLE
  5
119B
330
8F9
100
AcDbEntity
  8
SHE
 62
     8
100
AcDbCircle
 10
23641.80907858702
 20
9492.529140611091
 30
0.0
 40
118.7227350895321
  0
CIRCLE
  5
119C
330
8F9
100
AcDbEntity
  8
SHE
 62
     8
100
AcDbCircle
 10
23536.27772281252
 20
9584.806795355428
 30
0.0
 40
79.14854360156292
  0
CIRCLE
  5
119D
330
8F9
100
AcDbEntity
  8
SHE
 62
     8
100
AcDbCircle
 10
23457.12923275333
 20
9439.799079750343
 30
0.0
 40
79.14849005968811
  0
CIRCLE
  5
119E
330
8F9
100
AcDbEntity
  8
SHE
 62
     8
100
AcDbCircle
 10
25778.81868499357
 20
9729.81451096051
 30
0.0
 40
118.6426658793837
  0
CIRCLE
  5
119F
330
8F9
100
AcDbEntity
  8
SHE
 62
     8
100
AcDbCircle
 10
25554.56459413029
 20
9518.894190336956
 30
0.0
 40
145.1055472621357
  0
CIRCLE
  5
11A0
330
8F9
100
AcDbEntity
  8
SHE
 62
     8
100
AcDbCircle
 10
25185.20490246246
 20
9624.354350648733
 30
0.0
 40
224.2540908636986
  0
CIRCLE
  5
11A1
330
8F9
100
AcDbEntity
  8
SHE
 62
     8
100
AcDbCircle
 10
24649.80086959552
 20
9629.16701992674
 30
0.0
 40
131.9141679467713
  0
CIRCLE
  5
11A2
330
8F9
100
AcDbEntity
  8
SHE
 62
     8
100
AcDbCircle
 10
24473.28718791323
 20
9629.097264355428
 30
0.0
 40
61.75432370046273
  0
CIRCLE
  5
11A3
330
8F9
100
AcDbEntity
  8
SHE
 62
     8
100
AcDbCircle
 10
24881.80232153673
 20
9545.259240062121
 30
0.0
 40
92.27765474480671
  0
CIRCLE
  5
11A4
330
8F9
100
AcDbEntity
  8
SHE
 62
     8
100
AcDbCircle
 10
26696.98321269432
 20
9542.678541036819
 30
0.0
 40
132.9778730432376
  0
CIRCLE
  5
11A5
330
8F9
100
AcDbEntity
  8
SHE
 62
     8
100
AcDbCircle
 10
26873.70627359653
 20
9558.441745629563
 30
0.0
 40
92.33992291692723
  0
CIRCLE
  5
11A6
330
8F9
100
AcDbEntity
  8
SHE
 62
     8
100
AcDbCircle
 10
26734.04480005315
 20
9740.207071642421
 30
0.0
 40
125.9819546042367
  0
CIRCLE
  5
11A7
330
8F9
100
AcDbEntity
  8
SHE
 62
     8
100
AcDbCircle
 10
25963.49853082772
 20
9597.989300922868
 30
0.0
 40
92.33992291692723
  0
CIRCLE
  5
11A8
330
8F9
100
AcDbEntity
  8
SHE
 62
     8
100
AcDbCircle
 10
25955.7511913779
 20
9789.589211351035
 30
0.0
 40
89.06652883260802
  0
CIRCLE
  5
11A9
330
8F9
100
AcDbEntity
  8
SHE
 62
     8
100
AcDbCircle
 10
25805.20149716622
 20
9518.894190336956
 30
0.0
 40
52.73006086041528
  0
CIRCLE
  5
11AA
330
8F9
100
AcDbEntity
  8
SHE
 62
     8
100
AcDbCircle
 10
26003.07277585732
 20
9452.981585317903
 30
0.0
 40
39.57424502984406
  0
CIRCLE
  5
11AB
330
8F9
100
AcDbEntity
  8
SHE
 62
     8
100
AcDbCircle
 10
26153.41308200711
 20
9752.552627741854
 30
0.0
 40
127.1706273331716
  0
CIRCLE
  5
11AC
330
8F9
100
AcDbEntity
  8
SHE
 62
     8
100
AcDbCircle
 10
26437.55202285879
 20
9555.024068906933
 30
0.0
 40
127.1706136309328
  0
CIRCLE
  5
11AD
330
8F9
100
AcDbEntity
  8
SHE
 62
     8
100
AcDbCircle
 10
26253.70967889324
 20
9452.981585317903
 30
0.0
 40
118.7227886314056
  0
CIRCLE
  5
11AE
330
8F9
100
AcDbEntity
  8
SHE
 62
     8
100
AcDbCircle
 10
28219.23087232074
 20
9479.346635043766
 30
0.0
 40
92.33992291692723
  0
CIRCLE
  5
11AF
330
8F9
100
AcDbEntity
  8
SHE
 62
     8
100
AcDbCircle
 10
28258.8051173508
 20
9716.632005393767
 30
0.0
 40
79.09514917751891
  0
CIRCLE
  5
11B0
330
8F9
100
AcDbEntity
  8
SHE
 62
     8
100
AcDbCircle
 10
27542.28082736002
 20
9831.298990054667
 30
0.0
 40
79.14849005968811
  0
CIRCLE
  5
11B1
330
8F9
100
AcDbEntity
  8
SHE
 62
     8
100
AcDbCircle
 10
27808.83122508487
 20
9517.987457067736
 30
0.0
 40
101.8685433018911
  0
CIRCLE
  5
11B2
330
8F9
100
AcDbEntity
  8
SHE
 62
     8
100
AcDbCircle
 10
27704.76557984928
 20
9518.894190336956
 30
0.0
 40
65.91260501896709
  0
CIRCLE
  5
11B3
330
8F9
100
AcDbEntity
  8
SHE
 62
     8
100
AcDbCircle
 10
27647.602755904
 20
9671.853276978044
 30
0.0
 40
79.09514917751891
  0
CIRCLE
  5
11B4
330
8F9
100
AcDbEntity
  8
SHE
 62
     8
100
AcDbCircle
 10
27533.27716687255
 20
9466.16412947621
 30
0.0
 40
79.14849005968811
  0
CIRCLE
  5
11B5
330
8F9
100
AcDbEntity
  8
SHE
 62
     8
100
AcDbCircle
 10
27058.38611943021
 20
9466.16412947621
 30
0.0
 40
79.14854360156292
  0
CIRCLE
  5
11B6
330
8F9
100
AcDbEntity
  8
SHE
 62
     8
100
AcDbCircle
 10
27058.38611943021
 20
9663.90190594204
 30
0.0
 40
65.95711074432376
  0
CIRCLE
  5
11B7
330
8F9
100
AcDbEntity
  8
SHE
 62
     8
100
AcDbCircle
 10
27335.40588818144
 20
9637.536856216176
 30
0.0
 40
171.4884129766153
  0
CIRCLE
  5
11B8
330
8F9
100
AcDbEntity
  8
SHE
 62
     8
100
AcDbCircle
 10
28006.49307654918
 20
9505.641929198203
 30
0.0
 40
105.5427412895876
  0
CIRCLE
  5
11B9
330
8F9
100
AcDbEntity
  8
SHE
 62
     8
100
AcDbCircle
 10
28509.44202038625
 20
9677.084411509481
 30
0.0
 40
52.73006086041528
  0
CIRCLE
  5
11BA
330
8F9
100
AcDbEntity
  8
SHE
 62
     8
100
AcDbCircle
 10
28364.33641958216
 20
9611.171845081292
 30
0.0
 40
79.14854360156152
  0
CIRCLE
  5
11BB
330
8F9
100
AcDbEntity
  8
SHE
 62
     8
100
AcDbCircle
 10
28456.67634249924
 20
9505.711684769631
 30
0.0
 40
52.76567788708323
  0
CIRCLE
  5
11BC
330
8F9
100
AcDbEntity
  8
SHE
 62
     8
100
AcDbCircle
 10
26873.70627359653
 20
10388.94052255913
 30
0.0
 40
118.6427044706464
  0
LINE
  5
11BD
330
8F9
100
AcDbEntity
  8
6M
 62
     6
100
AcDbLine
 10
22459.28618449139
 20
10916.85131682516
 30
0.0
 11
28500.03776493602
 21
10916.85131682516
 31
0.0
  0
LINE
  5
11BE
330
8F9
100
AcDbEntity
  8
3G
  6
HID
 62
     4
100
AcDbLine
 10
22412.32016244231
 20
10502.19858195123
 30
0.0
 11
28553.98632929873
 21
10502.19858195123
 31
0.0
  0
CIRCLE
  5
11BF
330
8F9
100
AcDbEntity
  8
SHE
 62
     8
100
AcDbCircle
 10
22823.94120519215
 20
10151.65515220901
 30
0.0
 40
92.33992291692723
  0
CIRCLE
  5
11C0
330
8F9
100
AcDbEntity
  8
SHE
 62
     8
100
AcDbCircle
 10
22863.51545022175
 20
10349.39292867484
 30
0.0
 40
118.7227886314056
  0
CIRCLE
  5
11C1
330
8F9
100
AcDbEntity
  8
SHE
 62
     8
100
AcDbCircle
 10
22810.7498258774
 20
10006.64743660393
 30
0.0
 40
52.76562434520975
  0
CIRCLE
  5
11C2
330
8F9
100
AcDbEntity
  8
SHE
 62
     8
100
AcDbCircle
 10
22573.30430215624
 20
10283.48036224735
 30
0.0
 40
171.4884129766153
  0
CIRCLE
  5
11C3
330
8F9
100
AcDbEntity
  8
SHE
 62
     8
100
AcDbCircle
 10
24214.69347472003
 20
10377.64123037181
 30
0.0
 40
65.91260501896709
  0
CIRCLE
  5
11C4
330
8F9
100
AcDbEntity
  8
SHE
 62
     8
100
AcDbCircle
 10
23813.92562168584
 20
10263.60193719392
 30
0.0
 40
105.4601603120945
  0
CIRCLE
  5
11C5
330
8F9
100
AcDbEntity
  8
SHE
 62
     8
100
AcDbCircle
 10
23892.44603516514
 20
10454.85308898732
 30
0.0
 40
65.95705720244757
  0
CIRCLE
  5
11C6
330
8F9
100
AcDbEntity
  8
SHE
 62
     8
100
AcDbCircle
 10
23574.38627505841
 20
10361.94771452996
 30
0.0
 40
118.7227350895308
  0
CIRCLE
  5
11C7
330
8F9
100
AcDbEntity
  8
SHE
 62
     8
100
AcDbCircle
 10
24037.55158242703
 20
10323.02791754066
 30
0.0
 40
79.14854360156152
  0
CIRCLE
  5
11C8
330
8F9
100
AcDbEntity
  8
SHE
 62
     8
100
AcDbCircle
 10
25733.38158890119
 20
10394.52041572591
 30
0.0
 40
113.8645223728319
  0
CIRCLE
  5
11C9
330
8F9
100
AcDbEntity
  8
SHE
 62
     8
100
AcDbCircle
 10
25708.67387704997
 20
10234.02846873019
 30
0.0
 40
78.12742577036911
  0
CIRCLE
  5
11CA
330
8F9
100
AcDbEntity
  8
SHE
 62
     8
100
AcDbCircle
 10
25659.25837501863
 20
10061.19096563503
 30
0.0
 40
99.58354638894594
  0
CIRCLE
  5
11CB
330
8F9
100
AcDbEntity
  8
SHE
 62
     8
100
AcDbCircle
 10
25511.01198642401
 20
10292.65723015068
 30
0.0
 40
106.2477855481398
  0
CIRCLE
  5
11CC
330
8F9
100
AcDbEntity
  8
SHE
 62
     8
100
AcDbCircle
 10
25511.01198642401
 20
10073.53652173388
 30
0.0
 40
61.75434063066195
  0
CIRCLE
  5
11CD
330
8F9
100
AcDbEntity
  8
SHE
 62
     8
100
AcDbCircle
 10
25399.82718518263
 20
10147.60971718238
 30
0.0
 40
72.02195345581443
  0
CIRCLE
  5
11CE
330
8F9
100
AcDbEntity
  8
SHE
 62
     8
100
AcDbCircle
 10
25375.11947333467
 20
10366.73042559906
 30
0.0
 40
96.46009524481712
  0
CIRCLE
  5
11CF
330
8F9
100
AcDbEntity
  8
SHE
 62
     8
100
AcDbCircle
 10
25300.36808800863
 20
10147.6794992199
 30
0.0
 40
65.91260501896709
  0
CIRCLE
  5
11D0
330
8F9
100
AcDbEntity
  8
SHE
 62
     8
100
AcDbCircle
 10
24843.90317898736
 20
10196.99185689099
 30
0.0
 40
72.02195345581374
  0
CIRCLE
  5
11D1
330
8F9
100
AcDbEntity
  8
SHE
 62
     8
100
AcDbCircle
 10
24769.77996510759
 20
10085.88204960341
 30
0.0
 40
89.93295623267819
  0
CIRCLE
  5
11D2
330
8F9
100
AcDbEntity
  8
SHE
 62
     8
100
AcDbCircle
 10
24868.61093000302
 20
10382.17485962718
 30
0.0
 40
150.7646865663517
  0
CIRCLE
  5
11D3
330
8F9
100
AcDbEntity
  8
SHE
 62
     8
100
AcDbCircle
 10
24955.08798022874
 20
10085.88204960341
 30
0.0
 40
87.32557533613546
  0
CIRCLE
  5
11D4
330
8F9
100
AcDbEntity
  8
SHE
 62
     8
100
AcDbCircle
 10
25931.04347952994
 20
10295.75613630845
 30
0.0
 40
79.0708094996086
  0
CIRCLE
  5
11D5
330
8F9
100
AcDbEntity
  8
SHE
 62
     8
100
AcDbCircle
 10
25795.15092727568
 20
10110.57310534376
 30
0.0
 40
72.02193893922324
  0
CIRCLE
  5
11D6
330
8F9
100
AcDbEntity
  8
SHE
 62
     8
100
AcDbCircle
 10
26422.89484173319
 20
10422.62914642613
 30
0.0
 40
52.76567788708323
  0
CIRCLE
  5
11D7
330
8F9
100
AcDbEntity
  8
SHE
 62
     8
100
AcDbCircle
 10
26728.60072633557
 20
10257.11531252149
 30
0.0
 40
79.09511058625492
  0
CIRCLE
  5
11D8
330
8F9
100
AcDbEntity
  8
SHE
 62
     8
100
AcDbCircle
 10
26583.49512553102
 20
10388.94052255913
 30
0.0
 40
92.33992291692723
  0
CIRCLE
  5
11D9
330
8F9
100
AcDbEntity
  8
SHE
 62
     8
100
AcDbCircle
 10
26052.90700047117
 20
10406.72644118257
 30
0.0
 40
92.33992291692723
  0
CIRCLE
  5
11DA
330
8F9
100
AcDbEntity
  8
SHE
 62
     8
100
AcDbCircle
 10
26245.1247604627
 20
10440.83360572255
 30
0.0
 40
65.95711074432237
  0
TEXT
  5
11DB
330
8F9
100
AcDbEntity
  8
TG
100
AcDbText
 10
27102.88778098885
 20
11424.17129214646
 30
0.0
 40
375.0
  1
FLR. LVL.
  7
100CL
100
AcDbText
  0
CIRCLE
  5
11DC
330
8F9
100
AcDbEntity
  8
SHE
 62
     8
100
AcDbCircle
 10
28377.52785243958
 20
10072.5600416231
 30
0.0
 40
118.7227350895308
  0
CIRCLE
  5
11DD
330
8F9
100
AcDbEntity
  8
SHE
 62
     8
100
AcDbCircle
 10
28324.7621745521
 20
10309.84537338154
 30
0.0
 40
131.9141679467713
  0
CIRCLE
  5
11DE
330
8F9
100
AcDbEntity
  8
SHE
 62
     8
100
AcDbCircle
 10
27744.33982487887
 20
10428.48807785244
 30
0.0
 40
79.09514917751891
  0
CIRCLE
  5
11DF
330
8F9
100
AcDbEntity
  8
SHE
 62
     8
100
AcDbCircle
 10
27937.39518138513
 20
10385.17408896403
 30
0.0
 40
105.4601603120945
  0
CIRCLE
  5
11E0
330
8F9
100
AcDbEntity
  8
SHE
 62
     8
100
AcDbCircle
 10
28535.82488610156
 20
10296.6628678148
 30
0.0
 40
39.54755529312882
  0
CIRCLE
  5
11E1
330
8F9
100
AcDbEntity
  8
SHE
 62
     8
100
AcDbCircle
 10
28522.63345324367
 20
10178.02020193488
 30
0.0
 40
65.91260501896709
  0
CIRCLE
  5
11E2
330
8F9
100
AcDbEntity
  8
SHE
 62
     8
100
AcDbCircle
 10
28522.63345324367
 20
10428.48807785244
 30
0.0
 40
65.95705720244757
  0
LINE
  5
11E3
330
8F9
100
AcDbEntity
  8
2Y
 62
     1
100
AcDbLine
 10
22459.28618449139
 20
10786.42266684191
 30
0.0
 11
22412.32016244231
 21
10738.16456162769
 31
0.0
  0
LINE
  5
11E4
330
8F9
100
AcDbEntity
  8
2Y
 62
     1
100
AcDbLine
 10
22412.32016244231
 20
10738.16456162769
 30
0.0
 11
22412.32016244231
 21
10548.35134681352
 31
0.0
  0
LINE
  5
11E5
330
8F9
100
AcDbEntity
  8
2Y
 62
     2
100
AcDbLine
 10
22412.32016244231
 20
10548.35134681352
 30
0.0
 11
25483.86446965372
 21
10548.35134681352
 31
0.0
  0
LINE
  5
11E6
330
8F9
100
AcDbEntity
  8
2Y
 62
     2
100
AcDbLine
 10
25433.59947845972
 20
11116.05961767051
 30
0.0
 11
25433.59947845972
 21
11316.05961767051
 31
0.0
  0
LINE
  5
11E7
330
8F9
100
AcDbEntity
  8
2Y
 62
     2
100
AcDbLine
 10
25433.59947845972
 20
11316.05961767051
 30
0.0
 11
22412.32016244231
 21
11316.05961767051
 31
0.0
  0
LINE
  5
11E8
330
8F9
100
AcDbEntity
  8
2Y
 62
     1
100
AcDbLine
 10
22412.32016244231
 20
11316.05961767051
 30
0.0
 11
22412.32016244231
 21
11116.99045408031
 31
0.0
  0
LINE
  5
11E9
330
8F9
100
AcDbEntity
  8
2Y
 62
     1
100
AcDbLine
 10
22412.32016244231
 20
11116.99045408031
 30
0.0
 11
22459.28618449139
 21
11054.25495203413
 31
0.0
  0
LINE
  5
11EA
330
8F9
100
AcDbEntity
  8
2Y
 62
     1
100
AcDbLine
 10
22459.28618449139
 20
11054.25495203413
 30
0.0
 11
22459.28618449139
 21
10786.42266684191
 31
0.0
  0
DIMENSION
  5
11EB
330
8F9
100
AcDbEntity
  8
DIM
100
AcDbDimension
280
     0
  2
*D82
 10
21416.27464388622
 20
10548.3513468135
 30
0.0
 11
21416.27464388617
 21
10932.20548224194
 31
0.0
 12
-237352.661668502
 22
49412.07875907037
 32
0.0
 70
   128
  1
"t"\PSLAB
 71
     5
 42
767.7082708569941
 73
     0
 74
     0
 75
     0
  3
DIM150
100
AcDbAlignedDimension
 13
22412.32016244231
 23
11316.05961767051
 33
0.0
 14
22412.32016244231
 24
10548.35134681352
 34
0.0
 50
90.0
100
AcDbRotatedDimension
  0
LWPOLYLINE
  5
11EC
330
8F9
100
AcDbEntity
  8
4C
100
AcDbPolyline
 90
        2
 70
     1
 43
26.66666666666666
 10
26092.45149785306
 20
10970.18465015854
 42
1.0
 10
26119.11816452004
 20
10970.18465015854
 42
1.0
  0
LINE
  5
11ED
330
8F9
100
AcDbEntity
  8
2Y
 62
     1
100
AcDbLine
 10
28553.98632929873
 20
10548.35134681352
 30
0.0
 11
28553.98632929873
 21
10732.24199896751
 31
0.0
  0
LINE
  5
11EE
330
8F9
100
AcDbEntity
  8
2Y
 62
     1
100
AcDbLine
 10
28553.98632929873
 20
10732.24199896751
 30
0.0
 11
28500.03776493602
 21
10804.75444332629
 31
0.0
  0
LINE
  5
11EF
330
8F9
100
AcDbEntity
  8
2Y
 62
     1
100
AcDbLine
 10
28500.03776493602
 20
10804.75444332629
 30
0.0
 11
28500.03776493602
 21
11044.60331555517
 31
0.0
  0
LINE
  5
11F0
330
8F9
100
AcDbEntity
  8
2Y
 62
     1
100
AcDbLine
 10
28500.03776493602
 20
11044.60331555517
 30
0.0
 11
28553.98632929873
 21
11089.22635526876
 31
0.0
  0
LINE
  5
11F1
330
8F9
100
AcDbEntity
  8
2Y
 62
     1
100
AcDbLine
 10
28553.98632929873
 20
11089.22635526876
 30
0.0
 11
28553.98632929873
 21
11316.05961767051
 31
0.0
  0
LINE
  5
11F2
330
8F9
100
AcDbEntity
  8
2Y
 62
     2
100
AcDbLine
 10
28553.98632929873
 20
11316.05961767051
 30
0.0
 11
25525.72447096443
 21
11316.05961767051
 31
0.0
  0
LINE
  5
11F3
330
8F9
100
AcDbEntity
  8
2Y
 62
     2
100
AcDbLine
 10
25525.72447096443
 20
11316.05961767051
 30
0.0
 11
25525.72447096443
 21
11116.05961767051
 31
0.0
  0
LINE
  5
11F4
330
8F9
100
AcDbEntity
  8
2Y
 62
     2
100
AcDbLine
 10
25483.86446965372
 20
10548.35134681352
 30
0.0
 11
28553.98632929873
 21
10548.35134681352
 31
0.0
  0
LWPOLYLINE
  5
11F5
330
8F9
100
AcDbEntity
  8
4C
100
AcDbPolyline
 90
        2
 70
     1
 43
26.66666666666666
 10
27425.78483118655
 20
10970.18465015854
 42
1.0
 10
27452.45149785306
 20
10970.18465015854
 42
1.0
  0
LWPOLYLINE
  5
11F6
330
8F9
100
AcDbEntity
  8
4C
100
AcDbPolyline
 90
        2
 70
     1
 43
26.66666666666666
 10
24866.87245157108
 20
10970.18465015854
 42
-1.0
 10
24840.20578490457
 20
10970.18465015854
 42
-1.0
  0
LWPOLYLINE
  5
11F7
330
8F9
100
AcDbEntity
  8
4C
100
AcDbPolyline
 90
        2
 70
     1
 43
26.66666666666666
 10
23533.53911823759
 20
10970.18465015854
 42
-1.0
 10
23506.87245157108
 20
10970.18465015854
 42
-1.0
  0
HATCH
  5
11F8
330
8F9
100
AcDbEntity
  8
SHE
100
AcDbHatch
 10
0.0
 20
0.0
 30
0.0
210
0.0
220
0.0
230
1.0
  2
EARTH
 70
     0
 71
     0
 91
        2
 92
        7
 72
     1
 73
     1
 93
       26
 10
24173.02725828652
 20
9435.541172326688
 42
0.0
 10
24041.42797596546
 20
9435.541172326688
 42
-0.3536692155986933
 10
23809.21172434304
 20
9435.541172326688
 42
0.0
 10
23745.96021539279
 20
9435.541172326688
 42
-0.5927421312759438
 10
23537.65794178125
 20
9435.541172326688
 42
0.0
 10
23536.16310968649
 20
9435.541172326688
 42
-0.9475757174275935
 10
23378.09535582017
 20
9435.541172326688
 42
0.0
 10
23361.8290329364
 20
9435.541172326688
 42
-0.2452063536209549
 10
23288.60109667646
 20
9435.541172326688
 42
0.0
 10
23182.24899766387
 20
9435.541172326688
 42
-0.5970677841366516
 10
23019.67295022195
 20
9435.541172326688
 42
0.0
 10
22988.25994988185
 20
9435.541172326688
 42
-0.5256977079080061
 10
22820.43224023355
 20
9435.541172326688
 42
0.0
 10
22716.47488453824
 20
9435.541172326688
 42
-0.5256977079080178
 10
22548.64717488949
 20
9435.541172326688
 42
0.0
 10
22545.68795639722
 20
9435.541172326688
 42
-0.3426624228414209
 10
22416.24080208156
 20
9435.541172326688
 42
0.0
 10
22416.24080208156
 20
8761.843607946911
 42
0.0
 10
24831.78317830319
 20
8761.843607946911
 42
0.0
 10
25465.93712244302
 20
9403.999494599558
 42
-0.0756045317846921
 10
25435.78793718599
 20
9435.541172326688
 42
0.0
 10
25306.19862527939
 20
9435.541172326688
 42
-0.2929152993776722
 10
25064.21117964599
 20
9435.541172326688
 42
0.0
 10
24488.83957080383
 20
9435.541172326688
 42
-0.3872017007253957
 10
24383.61155197516
 20
9435.541172326688
 42
0.0
 10
24304.10016156992
 20
9435.541172326688
 42
-0.451635815087106
 97
        0
 92
        7
 72
     1
 73
     1
 93
       23
 10
25465.93712244302
 20
9403.999494599558
 42
0.0
 10
24831.78317830319
 20
8761.843607946911
 42
0.0
 10
28574.06390348429
 20
8761.843607946911
 42
0.0
 10
28574.06390348429
 20
9435.541172326688
 42
0.0
 10
28300.5188960417
 20
9435.541172326688
 42
-0.5970677841366516
 10
28137.94284860025
 20
9435.541172326688
 42
0.0
 10
28085.3927224607
 20
9435.541172326688
 42
-0.4492033393641547
 10
27927.59343063765
 20
9435.541172326688
 42
0.0
 10
27868.66274058333
 20
9435.541172326688
 42
-0.3246158550233555
 10
27748.99970958594
 20
9435.541172326688
 42
0.0
 10
27606.26153488483
 20
9435.541172326688
 42
-0.6648757019040735
 10
27460.29279886026
 20
9435.541172326688
 42
0.0
 10
27131.37054550628
 20
9435.541172326688
 42
-0.6648759065582893
 10
26985.40169335416
 20
9435.541172326688
 42
0.0
 10
26775.75312411346
 20
9435.541172326688
 42
-0.3280504429624953
 10
26618.21330127519
 20
9435.541172326688
 42
0.0
 10
26481.09742900057
 20
9435.541172326688
 42
-0.1765448466747642
 10
26394.00661671654
 20
9435.541172326688
 42
0.0
 10
26371.14448010249
 20
9435.541172326688
 42
-0.8624562276003883
 10
26136.27487768352
 20
9435.541172326688
 42
0.0
 10
26038.59675176654
 20
9435.541172326688
 42
-0.6230674205888443
 10
25967.54879994856
 20
9435.541172326688
 42
0.0
 10
25673.3412510746
 20
9435.541172326688
 42
-0.4274963971498972
 97
        0
 75
     0
 76
     1
 52
45.0
 41
1333.333333333333
 77
     0
 78
     6
 53
45.0
 43
-68672.12716092701
 44
-4321.926798655739
 45
0.0000000000000379
 46
471.4045207910317
 79
     2
 49
333.3333333333333
 49
-333.3333333333333
 53
45.0
 43
-68760.51550857557
 44
-4233.538451007421
 45
0.0000000000000379
 46
471.4045207910317
 79
     2
 49
333.3333333333333
 49
-333.3333333333333
 53
45.0
 43
-68848.90385622412
 44
-4145.150103359105
 45
0.0000000000000379
 46
471.4045207910317
 79
     2
 49
333.3333333333333
 49
-333.3333333333333
 53
135.0
 43
-68848.90385622412
 44
-4086.224538260227
 45
-471.4045207910316
 46
0.0000000000000379
 79
     2
 49
333.3333333333333
 49
-333.3333333333333
 53
135.0
 43
-68760.51550857557
 44
-3997.83619061191
 45
-471.4045207910316
 46
0.0000000000000379
 79
     2
 49
333.3333333333333
 49
-333.3333333333333
 53
135.0
 43
-68672.12716092701
 44
-3909.447842963593
 45
-471.4045207910316
 46
0.0000000000000379
 79
     2
 49
333.3333333333333
 49
-333.3333333333333
 47
6.387759621111508
 98
        2
 10
24107.24361963084
 20
9187.694100382767
 10
25726.89237510113
 20
9094.007195684623
  0
DIMENSION
  5
11F9
330
8F9
100
AcDbEntity
  8
DIM
100
AcDbDimension
280
     0
  2
*D83
 10
20010.93849145933
 20
9396.788940527839
 30
0.0
 11
20010.93849145927
 21
9972.570143670608
 31
0.0
 12
-237352.661668502
 22
49412.07875907037
 32
0.0
 70
   128
  1
VERIFY
 71
     5
 42
1151.562406285666
 73
     0
 74
     0
 75
     0
  3
DIM150
100
AcDbAlignedDimension
 13
22412.32016244231
 23
10548.35134681352
 33
0.0
 14
22412.32016244231
 24
9396.788940527855
 34
0.0
 50
90.0
100
AcDbRotatedDimension
  0
LINE
  5
11FA
330
8F9
100
AcDbEntity
  8
2Y
 62
     2
100
AcDbLine
 10
25525.72447096443
 20
11116.05961767051
 30
0.0
 11
25433.59947845972
 21
11116.05961767051
 31
0.0
  0
LINE
  5
11FB
330
8F9
100
AcDbEntity
  8
Defpoints
100
AcDbLine
 10
25433.59947845972
 20
11316.05961767051
 30
0.0
 11
25525.72447096443
 21
11316.05961767051
 31
0.0
  0
HATCH
  5
11FC
330
8F9
100
AcDbEntity
  8
SHE
100
AcDbHatch
 10
0.0
 20
0.0
 30
0.0
210
0.0
220
0.0
230
1.0
  2
ANSI31
 70
     0
 71
     0
 91
        1
 92
        7
 72
     0
 73
     1
 93
        4
 10
25433.59947845972
 20
11316.05961767051
 10
25433.59947845972
 20
11116.05961767051
 10
25525.72447096443
 20
11116.05961767051
 10
25525.72447096443
 20
11316.05961767051
 97
        0
 75
     0
 76
     1
 52
315.0
 41
100.0
 77
     0
 78
     1
 53
0.0
 43
17058.87198412537
 44
-8642.788279858738
 45
0.0000000000000044
 46
12.5
 79
     0
 47
2.617708916361768
 98
        1
 10
25478.12075329505
 20
11227.96071265175
  0
LINE
  5
11FD
330
8F9
100
AcDbEntity
  8
5B
100
AcDbLine
 10
59639.49012946364
 20
27349.13943954417
 30
0.0
 11
61801.25058832139
 21
29510.8998976443
 31
0.0
  0
LINE
  5
11FE
330
8F9
100
AcDbEntity
  8
5B
100
AcDbLine
 10
59639.49012946364
 20
26877.73491883569
 30
0.0
 11
61801.25058832139
 21
29039.49537693581
 31
0.0
  0
LINE
  5
11FF
330
8F9
100
AcDbEntity
  8
5B
100
AcDbLine
 10
59875.19238966543
 20
26642.03265824658
 30
0.0
 11
62036.95284852319
 21
28803.7931163467
 31
0.0
  0
LINE
  5
1200
330
8F9
100
AcDbEntity
  8
5B
100
AcDbLine
 10
60346.59691053888
 20
26642.03265824658
 30
0.0
 11
62508.35736939709
 21
28803.7931163467
 31
0.0
  0
LINE
  5
1201
330
8F9
100
AcDbEntity
  8
5B
100
AcDbLine
 10
41151.91782337313
 20
26878.8913234825
 30
0.0
 11
43508.94042790661
 21
29235.91392718977
 31
0.0
  0
LINE
  5
1202
330
8F9
100
AcDbEntity
  8
5B
100
AcDbLine
 10
41466.18750355559
 20
26564.62164261017
 30
0.0
 11
43823.21010808905
 21
28921.64424631745
 31
0.0
  0
LINE
  5
1203
330
8F9
100
AcDbEntity
  8
2Y
 62
     2
100
AcDbLine
 10
-18083.38866083111
 20
8619.615998830907
 30
0.0
 11
-18083.38866083111
 21
15588.4757632724
 31
0.0
  0
LWPOLYLINE
  5
1204
330
8F9
100
AcDbEntity
  8
1R
100
AcDbPolyline
 90
        7
 70
     0
 43
0.0
 10
-18083.38866083111
 20
15588.4757632724
 10
-17829.70886000825
 20
15638.65016865104
 10
-17765.74650111396
 20
15537.70700120125
 10
-17348.30699005045
 20
15520.88331653611
 10
-17291.07700908344
 20
15635.28532577216
 10
-17169.88466922261
 20
15655.47438304583
 10
-17083.38866083111
 20
15588.4757632724
  0
LWPOLYLINE
  5
1205
330
8F9
100
AcDbEntity
  8
1R
100
AcDbPolyline
 90
        7
 70
     0
 43
0.0
 10
-17799.06418546449
 20
15641.58910887342
 10
-17759.5395347804
 20
15557.87645847702
 10
-17364.2947619727
 20
15545.64870844959
 10
-17321.94710774321
 20
15641.58910887342
 10
-17382.174362438
 20
15710.25213927755
 10
-17703.0759958082
 20
15723.42015947358
 10
-17799.06418546449
 20
15641.58910887342
  0
LWPOLYLINE
  5
1206
330
8F9
100
AcDbEntity
  8
1R
100
AcDbPolyline
 90
        7
 70
     0
 43
0.0
 10
-18083.38866083111
 20
8619.615998830907
 10
-17829.70886000825
 20
8569.441593452269
 10
-17765.74650111396
 20
8670.384760902059
 10
-17348.30699005045
 20
8687.2084455672
 10
-17291.07700908344
 20
8572.806436331157
 10
-17169.88466922261
 20
8552.617379057483
 10
-17083.38866083111
 20
8619.615998830907
  0
LWPOLYLINE
  5
1207
330
8F9
100
AcDbEntity
  8
1R
100
AcDbPolyline
 90
        7
 70
     0
 43
0.0
 10
-17799.06418546449
 20
8566.502653229894
 10
-17759.5395347804
 20
8650.215303626289
 10
-17364.2947619727
 20
8662.443053653726
 10
-17321.94710774321
 20
8566.502653229894
 10
-17382.174362438
 20
8497.839622825763
 10
-17703.0759958082
 20
8484.671602629736
 10
-17799.06418546449
 20
8566.502653229894
  0
LINE
  5
1208
330
8F9
100
AcDbEntity
  8
8G
100
AcDbLine
 10
-17242.36926202496
 20
14596.90982388638
 30
0.0
 11
-15360.5308069789
 21
14596.90982388638
 31
0.0
  0
LWPOLYLINE
  5
1209
330
8F9
100
AcDbEntity
  8
8G
 62
     2
100
AcDbPolyline
 90
        2
 70
     0
 10
-16882.50601006087
 20
14596.90982388638
 40
143.9453007857315
 41
0.0
 10
-17242.36926202496
 20
14596.90982388638
 40
0.0
 41
0.0
  0
TEXT
  5
120A
330
8F9
100
AcDbEntity
  8
TG
100
AcDbText
 10
-15112.27519968824
 20
14359.55079620078
 30
0.0
 40
375.0
  1
RET. WALL/CHB WALL
 41
0.9
  7
100CL
100
AcDbText
  0
HATCH
  5
120B
330
8F9
100
AcDbEntity
  8
SHE
100
AcDbHatch
 10
0.0
 20
0.0
 30
0.0
210
0.0
220
0.0
230
1.0
  2
AR-CONC
 70
     0
 71
     0
 91
        1
 92
        7
 72
     0
 73
     1
 93
       14
 10
-17083.38866083111
 20
15588.47576327229
 10
-17169.88466922214
 20
15655.47438304583
 10
-17291.07700908344
 20
15635.28532577216
 10
-17348.30699005045
 20
15520.88331653611
 10
-17765.74650111396
 20
15537.70700120125
 10
-17829.70886000825
 20
15638.65016865104
 10
-18083.38866083111
 20
15588.4757632724
 10
-18083.38866083111
 20
8619.615998830907
 10
-17829.70886000825
 20
8569.441593452269
 10
-17765.74650111396
 20
8670.384760902059
 10
-17348.30699005045
 20
8687.2084455672
 10
-17291.07700908344
 20
8572.806436331157
 10
-17169.88466922214
 20
8552.617379057483
 10
-17083.38866083111
 20
8619.615998830907
 97
        0
 75
     0
 76
     1
 52
0.0
 41
100.0
 77
     0
 78
    13
 53
50.0
 43
-112920.8723546851
 44
-28134.45494652525
 45
717.2601826007534
 46
-62.7521349825951
 79
     2
 49
75.0
 49
-825.0
 53
355.0
 43
-112920.8723546851
 44
-28134.45494652525
 45
-138.751333613
 46
752.1921337000118
 79
     2
 49
60.0
 49
-660.0
 53
100.4514
 43
-112861.1006746848
 44
-28139.68428652521
 45
578.5093817140216
 46
689.4395420609535
 79
     2
 49
63.74018999999975
 49
-701.1421119999958
 53
46.1842
 43
-112920.8723546851
 44
-27934.45494652525
 45
1067.241048625644
 46
-165.5190143290182
 79
     2
 49
112.5
 49
-1237.5
 53
96.63559999999996
 43
-112831.935609685
 44
-27948.24825352532
 45
934.6627055487033
 46
974.1178709004417
 79
     2
 49
95.61028799999947
 49
-1051.712999999991
 53
351.1842000000001
 43
-112920.8723546851
 44
-27934.45494652525
 45
934.6619451336271
 46
974.1186009253246
 79
     2
 49
90.0
 49
-990.0
 53
21.0
 43
-112820.872354685
 44
-27984.45494652525
 45
596.9070521184617
 46
-402.6188906653388
 79
     2
 49
75.0
 49
-825.0
 53
326.0
 43
-112820.872354685
 44
-27984.45494652525
 45
243.3153319215817
 46
725.150045046853
 79
     2
 49
60.0
 49
-660.0
 53
71.45140000000001
 43
-112771.1301216848
 44
-28018.0065525253
 45
840.2226285814899
 46
322.5304967099524
 79
     2
 49
63.74019
 49
-701.142112
 53
37.5
 43
-112920.8723546851
 44
-28134.45494652525
 45
12.15985531729067
 46
332.8938538313115
 79
     6
 49
0.0
 49
-652.0
 49
0.0
 49
-670.0
 49
0.0
 49
-662.5
 53
7.499999999999999
 43
-112920.8723546851
 44
-28134.45494652525
 45
263.0695374421486
 46
394.4117118823602
 79
     6
 49
0.0
 49
-382.0
 49
0.0
 49
-637.0
 49
0.0
 49
-252.5
 53
327.5
 43
-113143.8723546851
 44
-28134.45494652525
 45
533.822436172409
 46
-22.5548717343798
 79
     6
 49
0.0
 49
-250.0
 49
0.0
 49
-780.0
 49
0.0
 49
-1035.0
 53
317.5
 43
-113243.872354685
 44
-28134.45494652525
 45
583.1861693423863
 46
100.1049823323177
 79
     6
 49
0.0
 49
-325.0
 49
0.0
 49
-518.0
 49
0.0
 49
-735.0
 47
11.07449321544398
 98
        1
 10
-17478.12960549278
 20
13506.56028056101
  0
LINE
  5
120C
330
8F9
100
AcDbEntity
  8
8G
100
AcDbLine
 10
-14144.51640031833
 20
10502.19858195123
 30
0.0
 11
-14144.51640031833
 21
6008.842877085815
 31
0.0
  0
TEXT
  5
120D
330
8F9
100
AcDbEntity
  8
TG
100
AcDbText
 10
-20859.28063763466
 20
7435.050699034036
 30
0.0
 40
375.0
  1
COMPACTED GRAVEL
 41
0.9
  7
100CL
100
AcDbText
  0
TEXT
  5
120E
330
8F9
100
AcDbEntity
  8
TG
100
AcDbText
 10
-20841.3113515421
 20
5888.393650030048
 30
0.0
 40
375.0
  1
VAPOR BARRIER
 41
0.9
  7
100CL
100
AcDbText
  0
TEXT
  5
120F
330
8F9
100
AcDbEntity
  8
TG
100
AcDbText
 10
-20841.3113515421
 20
5344.6147165109
 30
0.0
 40
375.0
  1
WHEN REQUIRED
 41
0.9
  7
100CL
100
AcDbText
  0
LINE
  5
1210
330
8F9
100
AcDbEntity
  8
8G
100
AcDbLine
 10
-15078.29808552444
 20
7535.181521805615
 30
0.0
 11
-15846.00635638155
 21
7535.181521805615
 31
0.0
  0
LINE
  5
1211
330
8F9
100
AcDbEntity
  8
8G
100
AcDbLine
 10
-16573.50349484777
 20
6008.842877085815
 30
0.0
 11
-14144.51640031833
 21
6008.842877085815
 31
0.0
  0
LINE
  5
1212
330
8F9
100
AcDbEntity
  8
8G
100
AcDbLine
 10
-15078.29808552444
 20
9799.923591700064
 30
0.0
 11
-15078.29808552444
 21
7535.181521805615
 31
0.0
  0
LWPOLYLINE
  5
1213
330
8F9
100
AcDbEntity
  8
8G
 62
     2
100
AcDbPolyline
 90
        2
 70
     0
 10
-15078.29808552444
 20
9440.060339735618
 40
143.9453007857315
 41
0.0
 10
-15078.29808552444
 20
9799.923591700064
 40
0.0
 41
0.0
  0
LWPOLYLINE
  5
1214
330
8F9
100
AcDbEntity
  8
8G
 62
     2
100
AcDbPolyline
 90
        2
 70
     0
 10
-14144.51640031833
 20
10142.33532998696
 40
143.9453007857315
 41
0.0
 10
-14144.51640031833
 20
10502.19858195123
 40
0.0
 41
0.0
  0
TEXT
  5
1215
330
8F9
100
AcDbEntity
  8
TG
100
AcDbText
 10
-20859.28063763466
 20
6835.050699034036
 30
0.0
 40
375.0
  1
BEDDING (TYP.)
 41
0.9
  7
100CL
100
AcDbText
  0
TEXT
  5
1216
330
8F9
100
AcDbEntity
  8
TG
100
AcDbText
 10
27550.49682333719
 20
5600.750039893406
 30
0.0
 40
375.0
  1
MOISTURE CONTENT (MAX.
 41
0.9
  7
100CL
100
AcDbText
  0
TEXT
  5
1217
330
8F9
100
AcDbEntity
  8
TG
100
AcDbText
 10
27550.49682333719
 20
5018.114298618661
 30
0.0
 40
375.0
  1
DEPTH OF COMPRESSED
 41
0.9
  7
100CL
100
AcDbText
  0
TEXT
  5
1218
330
8F9
100
AcDbEntity
  8
TG
100
AcDbText
 10
27550.49682333719
 20
7348.657263720612
 30
0.0
 40
375.0
  1
SUBGRADE COMPACTED 
 41
0.9
  7
100CL
100
AcDbText
  0
TEXT
  5
1219
330
8F9
100
AcDbEntity
  8
TG
100
AcDbText
 10
27550.49682333719
 20
6766.02152244447
 30
0.0
 40
375.0
  1
TO 95% OF MAXIMUM
 41
0.9
  7
100CL
100
AcDbText
  0
TEXT
  5
121A
330
8F9
100
AcDbEntity
  8
TG
100
AcDbText
 10
27550.49682333719
 20
6183.385781169548
 30
0.0
 40
375.0
  1
DRY DENSITY @ OPTIMUM
 41
0.9
  7
100CL
100
AcDbText
  0
TEXT
  5
121B
330
8F9
100
AcDbEntity
  8
TG
100
AcDbText
 10
27550.49682333719
 20
4435.478557342343
 30
0.0
 40
375.0
  1
FILL = (200mm PER LAYER).
 41
0.9
  7
100CL
100
AcDbText
  0
LINE
  5
121C
330
8F9
100
AcDbEntity
  8
8G
100
AcDbLine
 10
25033.03294284668
 20
10502.19858195123
 30
0.0
 11
25033.03294284668
 21
6126.037780945917
 31
0.0
  0
TEXT
  5
121D
330
8F9
100
AcDbEntity
  8
TG
100
AcDbText
 10
19012.69661163332
 20
5945.363940362091
 30
0.0
 40
375.0
  1
VAPOR BARRIER
 41
0.9
  7
100CL
100
AcDbText
  0
TEXT
  5
121E
330
8F9
100
AcDbEntity
  8
TG
100
AcDbText
 10
19012.69661163332
 20
5401.585006843117
 30
0.0
 40
375.0
  1
WHEN REQUIRED
 41
0.9
  7
100CL
100
AcDbText
  0
LINE
  5
121F
330
8F9
100
AcDbEntity
  8
8G
100
AcDbLine
 10
26108.23929599187
 20
7535.181521805498
 30
0.0
 11
27428.99344229585
 21
7535.181521805498
 31
0.0
  0
LINE
  5
1220
330
8F9
100
AcDbEntity
  8
8G
100
AcDbLine
 10
24556.93300731926
 20
7535.181521805498
 30
0.0
 11
24250.58922015855
 21
7535.181521805498
 31
0.0
  0
LINE
  5
1221
330
8F9
100
AcDbEntity
  8
8G
100
AcDbLine
 10
23151.75858349892
 20
6126.037780945917
 30
0.0
 11
25033.03294284668
 21
6126.037780945917
 31
0.0
  0
LINE
  5
1222
330
8F9
100
AcDbEntity
  8
8G
100
AcDbLine
 10
26108.23929599187
 20
9086.617777026289
 30
0.0
 11
26108.23929599187
 21
7535.181521805498
 31
0.0
  0
CIRCLE
  5
1223
330
8F9
100
AcDbEntity
  8
SHE
 62
     8
100
AcDbCircle
 10
24649.80086959552
 20
9629.16701992674
 30
0.0
 40
131.9141679467713
  0
LINE
  5
1224
330
8F9
100
AcDbEntity
  8
8G
100
AcDbLine
 10
24556.93300731926
 20
9850.774767989788
 30
0.0
 11
24556.93300731926
 21
7535.181521805498
 31
0.0
  0
LINE
  5
1225
330
8F9
100
AcDbEntity
  8
8G
100
AcDbLine
 10
27101.77601196038
 20
14900.80643542678
 30
0.0
 11
27707.03851879275
 21
14900.80643542678
 31
0.0
  0
LINE
  5
1226
330
8F9
100
AcDbEntity
  8
8G
100
AcDbLine
 10
25479.66197471207
 20
11316.05961767051
 30
0.0
 11
27101.77601196038
 21
14900.80643542678
 31
0.0
  0
LINE
  5
1227
330
8F9
100
AcDbEntity
  8
8G
100
AcDbLine
 10
26825.44188860225
 20
10916.85131682516
 30
0.0
 11
26825.44188860225
 21
12803.85384784409
 31
0.0
  0
LWPOLYLINE
  5
1228
330
8F9
100
AcDbEntity
  8
8G
 62
     2
100
AcDbPolyline
 90
        2
 70
     0
 10
26108.23929599187
 20
8726.754525062018
 40
143.9453007857315
 41
0.0
 10
26108.23929599187
 20
9086.617777026289
 40
0.0
 41
0.0
  0
LWPOLYLINE
  5
1229
330
8F9
100
AcDbEntity
  8
8G
 62
     2
100
AcDbPolyline
 90
        2
 70
     0
 10
24556.93300731926
 20
9490.911516025517
 40
143.9453007857315
 41
0.0
 10
24556.93300731926
 20
9850.774767989788
 40
0.0
 41
0.0
  0
LWPOLYLINE
  5
122A
330
8F9
100
AcDbEntity
  8
8G
 62
     2
100
AcDbPolyline
 90
        2
 70
     0
 10
25033.03294284668
 20
10142.33532998679
 40
143.9453007857315
 41
0.0
 10
25033.03294284668
 20
10502.19858195123
 40
0.0
 41
0.0
  0
LWPOLYLINE
  5
122B
330
8F9
100
AcDbEntity
  8
8G
 62
     2
100
AcDbPolyline
 90
        2
 70
     0
 10
25653.68903465735
 20
11631.04555786648
 40
143.9453007857315
 41
0.0
 10
25479.66197471207
 20
11316.05961767051
 40
0.0
 41
0.0
  0
LWPOLYLINE
  5
122C
330
8F9
100
AcDbEntity
  8
8G
 62
     2
100
AcDbPolyline
 90
        2
 70
     0
 10
26825.44188860225
 20
11276.71456878944
 40
143.9453007857315
 41
0.0
 10
26825.44188860225
 20
10916.85131682516
 40
0.0
 41
0.0
  0
TEXT
  5
122D
330
8F9
100
AcDbEntity
  8
TG
100
AcDbText
 10
19022.6352527824
 20
7384.985287648131
 30
0.0
 40
375.0
  1
COMPACTED GRAVEL
 41
0.9
  7
100CL
100
AcDbText
  0
TEXT
  5
122E
330
8F9
100
AcDbEntity
  8
TG
100
AcDbText
 10
19022.6352527824
 20
6784.98528764813
 30
0.0
 40
375.0
  1
BEDDING (TYP.)
 41
0.9
  7
100CL
100
AcDbText
  0
TEXT
  5
122F
330
8F9
100
AcDbEntity
  8
TG
100
AcDbText
 10
27951.00741475381
 20
14668.40637766852
 30
0.0
 40
375.0
  1
SAW-CUT GROOVE 8MM WIDE
 41
0.9
  7
100CL
100
AcDbText
  0
TEXT
  5
1230
330
8F9
100
AcDbEntity
  8
TG
100
AcDbText
 10
27940.60785568019
 20
12542.77698546494
 30
0.0
 40
375.0
  1
SLAB REINF.
 41
0.9
  7
100CL
100
AcDbText
  0
LINE
  5
1231
330
8F9
100
AcDbEntity
  8
8G
100
AcDbLine
 10
26825.44188860225
 20
12803.85384784409
 30
0.0
 11
27696.63895971913
 21
12803.85384784397
 31
0.0
  0
TEXT
  5
1232
330
8F9
100
AcDbEntity
  8
TG
100
AcDbText
 10
27951.00741475381
 20
14068.40637766852
 30
0.0
 40
375.0
  1
6.5MM DEEP TO BE FILLED WITH
 41
0.9
  7
100CL
100
AcDbText
  0
TEXT
  5
1233
330
8F9
100
AcDbEntity
  8
TG
100
AcDbText
 10
27951.00741475381
 20
13468.40637766852
 30
0.0
 40
375.0
  1
POLYURETHANE SEALANT
 41
0.9
  7
100CL
100
AcDbText
  0
LINE
  5
1234
330
8F9
100
AcDbEntity
  8
4C
 62
     4
100
AcDbLine
 10
-33941.01912424082
 20
49314.74883907867
 30
0.0
 11
-33941.01912424082
 21
47396.91993839617
 31
0.0
  0
LINE
  5
1235
330
8F9
100
AcDbEntity
  8
8G
100
AcDbLine
 10
7682.784272860065
 20
15190.66091127021
 30
0.0
 11
8526.211006321274
 21
15190.66091127021
 31
0.0
  0
TEXT
  5
1236
330
8F9
100
AcDbEntity
  8
TG
100
AcDbText
 10
8770.17990228234
 20
15003.87395935532
 30
0.0
 40
375.0
  1
SAW-CUT GROOVE 8MM
 41
0.9
  7
100CL
100
AcDbText
  0
TEXT
  5
1237
330
8F9
100
AcDbEntity
  8
TG
100
AcDbText
 10
8770.17990228234
 20
14403.87395935532
 30
0.0
 40
375.0
  1
WIDE TO BE FILLED WITH
 41
0.9
  7
100CL
100
AcDbText
  0
TEXT
  5
1238
330
8F9
100
AcDbEntity
  8
TG
100
AcDbText
 10
8770.17990228234
 20
13803.87395935532
 30
0.0
 40
375.0
  1
POLYURETHANE SEALANT
 41
0.9
  7
100CL
100
AcDbText
  0
DIMENSION
  5
1239
330
8F9
100
AcDbEntity
  8
DIM
100
AcDbDimension
280
     0
  2
*D84
 10
10489.11130671281
 20
10916.85131682527
 30
0.0
 11
10489.11130671276
 21
11116.45546724787
 31
0.0
 12
-237352.661668502
 22
49412.07875907037
 32
0.0
 70
   128
  1
 
 71
     5
 42
399.2083008453483
 73
     0
 74
     0
 75
     0
  3
DIM150
100
AcDbAlignedDimension
 13
9383.558375900408
 23
11316.05961767063
 33
0.0
 14
9329.609811537695
 24
10916.85131682528
 34
0.0
 50
90.0
100
AcDbRotatedDimension
  0
TEXT
  5
123A
330
8F9
100
AcDbEntity
  8
TG
100
AcDbText
 10
10727.18812962787
 20
11253.40099378905
 30
0.0
 40
375.0
  1
20MM MIN.
 41
0.9
  7
100CL
100
AcDbText
  0
TEXT
  5
123B
330
8F9
100
AcDbEntity
  8
TG
100
AcDbText
 10
10727.18812962787
 20
10653.40099378905
 30
0.0
 40
375.0
  1
CONC. COVER
 41
0.9
  7
100CL
100
AcDbText
  0
DIMENSION
  5
123C
330
8F9
100
AcDbEntity
  8
DIM
100
AcDbDimension
280
     0
  2
*D85
 10
29659.53926011114
 20
10916.85131682515
 30
0.0
 11
29659.53926011108
 21
11116.45546724776
 31
0.0
 12
-237352.661668502
 22
49412.07875907037
 32
0.0
 70
   128
  1
 
 71
     5
 42
399.2083008453483
 73
     0
 74
     0
 75
     0
  3
DIM150
100
AcDbAlignedDimension
 13
28553.98632929873
 23
11316.05961767051
 33
0.0
 14
28500.03776493602
 24
10916.85131682516
 34
0.0
 50
90.0
100
AcDbRotatedDimension
  0
TEXT
  5
123D
330
8F9
100
AcDbEntity
  8
TG
100
AcDbText
 10
29897.6160830262
 20
11253.40099378893
 30
0.0
 40
375.0
  1
20MM MIN.
 41
0.9
  7
100CL
100
AcDbText
  0
TEXT
  5
123E
330
8F9
100
AcDbEntity
  8
TG
100
AcDbText
 10
29897.6160830262
 20
10653.40099378893
 30
0.0
 40
375.0
  1
CONC. COVER
 41
0.9
  7
100CL
100
AcDbText
  0
LINE
  5
123F
330
8F9
100
AcDbEntity
  8
8G
100
AcDbLine
 10
-36808.01638597503
 20
48083.6045289463
 30
0.0
 11
-36808.01638597503
 21
50321.20712384066
 31
0.0
  0
LINE
  5
1240
330
8F9
100
AcDbEntity
  8
8G
100
AcDbLine
 10
-36808.01638597503
 20
50321.20712384066
 30
0.0
 11
-36156.27291704921
 21
50321.20712384066
 31
0.0
  0
LINE
  5
1241
330
8F9
100
AcDbEntity
  8
8G
100
AcDbLine
 10
-37232.40748201983
 20
49785.3180949534
 30
0.0
 11
-37232.40748201936
 21
50952.50240305645
 31
0.0
  0
LINE
  5
1242
330
8F9
100
AcDbEntity
  8
8G
100
AcDbLine
 10
-37232.40748201936
 20
50952.50240305645
 30
0.0
 11
-36171.42974190807
 21
50952.50240305645
 31
0.0
  0
LINE
  5
1243
330
8F9
100
AcDbEntity
  8
2Y
 62
     1
100
AcDbLine
 10
-39452.8940224142
 20
52234.76115378129
 30
0.0
 11
-39494.38716266977
 21
52367.29509739897
 31
0.0
  0
LINE
  5
1244
330
8F9
100
AcDbEntity
  8
2Y
 62
     1
100
AcDbLine
 10
-38765.55202535886
 20
52595.47557517184
 30
0.0
 11
-38724.05888510283
 21
52462.94163155416
 31
0.0
  0
LINE
  5
1245
330
8F9
100
AcDbEntity
  8
6M
100
AcDbLine
 10
-39838.34299383938
 20
52114.08649643513
 30
0.0
 11
-39838.34299383938
 21
45156.67591267448
 31
0.0
  0
LINE
  5
1246
330
8F9
100
AcDbEntity
  8
6M
100
AcDbLine
 10
-38304.07987329338
 20
52594.42680105745
 30
0.0
 11
-38304.07987329338
 21
45146.648766353
 31
0.0
  0
LINE
  5
1247
330
8F9
100
AcDbEntity
  8
2Y
 62
     2
100
AcDbLine
 10
-40126.01732894147
 20
52169.54712157088
 30
0.0
 11
-40126.01732894147
 21
56054.78781238172
 31
0.0
  0
LINE
  5
1248
330
8F9
100
AcDbEntity
  8
2Y
 62
     2
100
AcDbLine
 10
-38016.40553819083
 20
52684.49060817409
 30
0.0
 11
-38016.40553819083
 21
49554.4774516639
 31
0.0
  0
TEXT
  5
1249
330
8F9
100
AcDbEntity
  8
TG
100
AcDbText
 10
-70815.92977147197
 20
-18461.27630472819
 30
0.0
 40
375.0
  1
SOIL BEARING CAPACITY.
 41
0.9
  7
100CL
100
AcDbText
  0
TEXT
  5
124A
330
8F9
100
AcDbEntity
  8
TG
100
AcDbText
 10
-70815.92977147197
 20
-17845.06541903173
 30
0.0
 40
375.0
  1
HAVE BEEN COMPLETED AND PRIOR TO CONCRETING TO CONFIRM THE DESIGN
 41
0.9
  7
100CL
100
AcDbText
  0
TEXT
  5
124B
330
8F9
100
AcDbEntity
  8
TG
100
AcDbText
 10
-70815.92977147197
 20
-17228.85453333526
 30
0.0
 40
375.0
  1
THE CONTRACTOR SHALL NOTIFY THE ENGINEER AFTER FOOTING EXCAVATION
 41
0.9
  7
100CL
100
AcDbText
  0
TEXT
  5
124C
330
8F9
100
AcDbEntity
  8
TG
100
AcDbText
 10
-70815.92977147197
 20
-15996.43276194217
 30
0.0
 40
375.0
  1
THE ENGINEER, NO PART OF THE FOUNDATION SHALL REST ON FILL.
 41
0.9
  7
100CL
100
AcDbText
  0
TEXT
  5
124D
330
8F9
100
AcDbEntity
  8
TG
100
AcDbText
 10
-69815.92977147197
 20
1112.418798714963
 30
0.0
 40
375.0
  1
FOUNDATION ................................................................ 24 HRS.
 41
0.9
  7
100CL
100
AcDbText
  0
TEXT
  5
124E
330
8F9
100
AcDbEntity
  8
TG
100
AcDbText
 10
-69815.92977147197
 20
-24.23075366704143
 30
0.0
 40
375.0
  1
SUSPENDED SLAB EXCEPT WHEN
 41
0.9
  7
100CL
100
AcDbText
  0
TEXT
  5
124F
330
8F9
100
AcDbEntity
  8
TG
100
AcDbText
 10
-69815.92977147197
 20
-640.4416393636638
 30
0.0
 40
375.0
  1
ADDITIONAL LOADS ARE IMPOSED ..............................  8 DAYS
 41
0.9
  7
100CL
100
AcDbText
  0
TEXT
  5
1250
330
8F9
100
AcDbEntity
  8
TG
100
AcDbText
 10
-69815.92977147197
 20
-1872.863410756588
 30
0.0
 40
375.0
  1
WALLS ......................................................................... 18 HRS.
 41
0.9
  7
100CL
100
AcDbText
  0
TEXT
  5
1251
330
8F9
100
AcDbEntity
  8
TG
100
AcDbText
 10
-69815.92977147197
 20
-3105.285182149513
 30
0.0
 40
375.0
  1
BEAMS ........................................................................ 14 DAYS
 41
0.9
  7
100CL
100
AcDbText
  0
TEXT
  5
1252
330
8F9
100
AcDbEntity
  8
TG
100
AcDbText
 10
-70815.92977147197
 20
-9213.049940525335
 30
0.0
 40
375.0
  1
UNLESS OTHERWISE NOTED IN PLANS OR SPECIFICATIONS, CAMBER ALL SLABS
 41
0.9
  7
100CL
100
AcDbText
  0
TEXT
  5
1253
330
8F9
100
AcDbEntity
  8
TG
100
AcDbText
 10
-70815.92977147197
 20
-9829.260826221798
 30
0.0
 40
375.0
  1
8mm PER 3000mm. OF SHORTER SPAN AND 14mm. FOR EVERY 2000mm. OF
 41
0.9
  7
100CL
100
AcDbText
  0
TEXT
  5
1254
330
8F9
100
AcDbEntity
  8
TG
100
AcDbText
 10
-70815.92977147197
 20
-6603.941429758052
 30
0.0
 40
375.0
  1
UNLESS OTHERWISE NOTED ON THE PLANS OR SPECIFICATIONS CAMBER ALL RC
 41
0.9
  7
100CL
100
AcDbText
  0
TEXT
  5
1255
330
8F9
100
AcDbEntity
  8
TG
100
AcDbText
 10
-70815.92977147197
 20
-7220.615567726854
 30
0.0
 40
375.0
  1
BEAMS AT LEAST 10mm. FOR EVERY 4000mm. OF CLEAR SPAN EXCEPT
 41
0.9
  7
100CL
100
AcDbText
  0
TEXT
  5
1256
330
8F9
100
AcDbEntity
  8
TG
100
AcDbText
 10
-70815.92977147197
 20
-13360.79495709251
 30
0.0
 40
375.0
  1
SHALLOW FOUNDATION IS DESIGNED BASED ON ASSUMED SOIL BEARING CAPACITY
 41
0.9
  7
100CL
100
AcDbText
  0
TEXT
  5
1257
330
8F9
100
AcDbEntity
  8
TG
100
AcDbText
 10
-70815.92977147197
 20
-15380.2218762457
 30
0.0
 40
375.0
  1
FOUNDATION SHALL REST ON NATURAL SOIL. UNLESS OTHERWISE NOTED BY
 41
0.9
  7
100CL
100
AcDbText
  0
TEXT
  5
1258
330
8F9
100
AcDbEntity
  8
TG
100
AcDbText
 10
-70815.92977147197
 20
-7842.395727356212
 30
0.0
 40
375.0
  1
CANTILEVERS WHICH SHALL BE 50mm. FOR EVERY 3000mm. OF CLEAR SPAN.
 41
0.9
  7
100CL
100
AcDbText
  0
TEXT
  5
1259
330
8F9
100
AcDbEntity
  8
TG
100
AcDbText
 10
-70815.92977147197
 20
-13977.46909414315
 30
0.0
 40
375.0
  1
OF 150kPa AT -1.50m BELOW NGL.
 41
0.9
  7
100CL
100
AcDbText
  0
TEXT
  5
125A
330
8F9
100
AcDbEntity
  8
TM
 62
     6
100
AcDbText
 10
-72815.92977147197
 20
-12120.59387358093
 30
0.0
 40
500.0
  1
D. FOUNDATION
  7
100CL
100
AcDbText
  0
TEXT
  5
125B
330
8F9
100
AcDbEntity
  8
TG
100
AcDbText
 10
-70815.92977147197
 20
-10445.47171191826
 30
0.0
 40
375.0
  1
SLABS CANTILEVER SPAN
 41
0.9
  7
100CL
100
AcDbText
  0
TEXT
  5
125C
330
8F9
100
AcDbEntity
  8
TM
 62
     6
100
AcDbText
 10
-72815.92977147197
 20
-5240.416423170493
 30
0.0
 40
500.0
  1
C. CAMBER REQUIREMENTS
  7
100CL
100
AcDbText
  0
TEXT
  5
125D
330
8F9
100
AcDbEntity
  8
TG
100
AcDbText
 10
-70815.92977147197
 20
39900.22563645381
 30
0.0
 40
375.0
  1
ALL MATERIALS AND WORKMANSHIP SHALL CONFORM WITH THE LATEST BULDING
 41
0.9
  7
100CL
100
AcDbText
  0
TEXT
  5
125E
330
8F9
100
AcDbEntity
  8
TG
100
AcDbText
 10
-69815.92977147197
 20
19993.47193884032
 30
0.0
 40
375.0
  1
SUSPENDED SLABS .....................................................   3/4 IN. ( 19 MM. )
 41
0.9
  7
100CL
100
AcDbText
  0
TEXT
  5
125F
330
8F9
100
AcDbEntity
  8
TG
100
AcDbText
 10
-70815.92977147197
 20
4057.256498644448
 30
0.0
 40
375.0
  1
CONSECUTIVE DAYS IMMEDIATELY AFTER POURING BY THE USE OF WET BURLAP,
 41
0.9
  7
100CL
100
AcDbText
  0
TEXT
  5
1260
330
8F9
100
AcDbEntity
  8
TG
100
AcDbText
 10
-70815.92977147197
 20
3441.045612947986
 30
0.0
 40
375.0
  1
FOG SPRAYING, CURING COMPOUNDS OR OTHER APPROVED METHODS.
 41
0.9
  7
100CL
100
AcDbText
  0
TEXT
  5
1261
330
8F9
100
AcDbEntity
  8
TG
100
AcDbText
 10
-69815.92977147197
 20
15063.78485326844
 30
0.0
 40
375.0
  1
WHERE CONCRETE IS EXPOSED TO EARTH 
 41
0.9
  7
100CL
100
AcDbText
  0
TEXT
  5
1262
330
8F9
100
AcDbEntity
  8
TG
100
AcDbText
 10
-69815.92977147197
 20
18686.79187379169
 30
0.0
 40
375.0
  1
SLAB ON GRADE ......................................................... 1 1/2 IN. ( 38 MM. )
 41
0.9
  7
100CL
100
AcDbText
  0
TEXT
  5
1263
330
8F9
100
AcDbEntity
  8
TG
100
AcDbText
 10
-69815.92977147197
 20
17528.62839605447
 30
0.0
 40
375.0
  1
WALLS ABOVE GRADE .................................................     1 IN. ( 25 MM. )
 41
0.9
  7
100CL
100
AcDbText
  0
TEXT
  5
1264
330
8F9
100
AcDbEntity
  8
TG
100
AcDbText
 10
-69815.92977147197
 20
16296.20662466154
 30
0.0
 40
375.0
  1
BEAM STIRRUPS AND COLUMN TIES .......................... 1 1/2 IN. ( 38 MM. )
 41
0.9
  7
100CL
100
AcDbText
  0
TEXT
  5
1265
330
8F9
100
AcDbEntity
  8
TG
100
AcDbText
 10
-69815.92977147197
 20
14447.57396757198
 30
0.0
 40
375.0
  1
BUT POURED AGAINST FORMS ...................................     2 IN. ( 50 MM. )
 41
0.9
  7
100CL
100
AcDbText
  0
TEXT
  5
1266
330
8F9
100
AcDbEntity
  8
TG
100
AcDbText
 10
-69815.92977147197
 20
12598.94131048242
 30
0.0
 40
375.0
  1
DIRECTLY AGAINST EARTH ...........................................     3 IN. ( 75 MM. )
 41
0.9
  7
100CL
100
AcDbText
  0
TEXT
  5
1267
330
8F9
100
AcDbEntity
  8
TG
100
AcDbText
 10
-70815.92977147197
 20
6979.89984576727
 30
0.0
 40
375.0
  1
CONTRACTOR SHALL NOTE AND PROVIDE ALL MISCELLANEOUS CURBS, SILLS,
 41
0.9
  7
100CL
100
AcDbText
  0
TEXT
  5
1268
330
8F9
100
AcDbEntity
  8
TG
100
AcDbText
 10
-70815.92977147197
 20
6363.68896007081
 30
0.0
 40
375.0
  1
STOOLS, EQUIPMENTS, AND MECHANICAL BASES THAT ARE REQUIRED BY THE
 41
0.9
  7
100CL
100
AcDbText
  0
TEXT
  5
1269
330
8F9
100
AcDbEntity
  8
TG
100
AcDbText
 10
-70815.92977147197
 20
8593.821454872639
 30
0.0
 40
375.0
  1
ALL ANCHOR BOLTS, DOWELS, AND OTHER INSERTS, SHALL BE PROPERLY 
 41
0.9
  7
100CL
100
AcDbText
  0
TEXT
  5
126A
330
8F9
100
AcDbEntity
  8
TG
100
AcDbText
 10
-70815.92977147197
 20
7977.610569176177
 30
0.0
 40
375.0
  1
POSITIONED AND SECURED IN PLACE PRIOR TO PLACING OF CONCRETE.
 41
0.9
  7
100CL
100
AcDbText
  0
TEXT
  5
126B
330
8F9
100
AcDbEntity
  8
TG
100
AcDbText
 10
-70815.92977147197
 20
11363.86486691041
 30
0.0
 40
375.0
  1
SPLICES SHALL BE SECURELY WIRED TOGETHER AND SHALL LAP OR EXTEND IN
 41
0.9
  7
100CL
100
AcDbText
  0
TEXT
  5
126C
330
8F9
100
AcDbEntity
  8
TG
100
AcDbText
 10
-70815.92977147197
 20
10747.65398121395
 30
0.0
 40
375.0
  1
ACCORDANCE WITH TABLE 1 (TABLE OF LAP SPLICE AND ANCHORAGE LENGTH)
 41
0.9
  7
100CL
100
AcDbText
  0
TEXT
  5
126D
330
8F9
100
AcDbEntity
  8
TG
100
AcDbText
 10
-70815.92977147197
 20
10131.44309551749
 30
0.0
 40
375.0
  1
UNLESS OTHERWISE SHOWN ON DRAWINGS, SPLICES SHALL BE STAGGERED 
 41
0.9
  7
100CL
100
AcDbText
  0
TEXT
  5
126E
330
8F9
100
AcDbEntity
  8
TG
100
AcDbText
 10
-70815.92977147197
 20
5747.478074374172
 30
0.0
 40
375.0
  1
ARCHITECTURAL, ELECTRICAL, AND MECHANICAL DRAWINGS.
 41
0.9
  7
100CL
100
AcDbText
  0
TEXT
  5
126F
330
8F9
100
AcDbEntity
  8
TG
100
AcDbText
 10
-70815.92977147197
 20
4673.467384340911
 30
0.0
 40
375.0
  1
ALL CONCRETE SHALL BE KEPT MOIST FOR A MINIMUM OF SEVEN (7) 
 41
0.9
  7
100CL
100
AcDbText
  0
TEXT
  5
1270
330
8F9
100
AcDbEntity
  8
TG
100
AcDbText
 10
-69815.92977147197
 20
13215.15219617905
 30
0.0
 40
375.0
  1
WHERE CONCRETE IS DEPOSITED 
 41
0.9
  7
100CL
100
AcDbText
  0
TEXT
  5
1271
330
8F9
100
AcDbEntity
  8
TG
100
AcDbText
 10
-70815.92977147197
 20
9515.232209820853
 30
0.0
 40
375.0
  1
WHENEVER POSSIBLE.
 41
0.9
  7
100CL
100
AcDbText
  0
TEXT
  5
1272
330
8F9
100
AcDbEntity
  8
TG
100
AcDbText
 10
-70815.92977147197
 20
2017.275154405943
 30
0.0
 40
375.0
  1
STRIPPING OF FORMS AND SHORES:
 41
0.9
  7
100CL
100
AcDbText
  0
TEXT
  5
1273
330
8F9
100
AcDbEntity
  8
TG
100
AcDbText
 10
-70815.92977147197
 20
23162.99936062176
 30
0.0
 40
375.0
  1
DETAILING REINFORCED CONCRETE STRUCTURES SHALL BE ADHERED TO, UNLESS
 41
0.9
  7
100CL
100
AcDbText
  0
TEXT
  5
1274
330
8F9
100
AcDbEntity
  8
TG
100
AcDbText
 10
-70815.92977147197
 20
21541.00230353288
 30
0.0
 40
375.0
  1
MAINTAIN MINIMUM CONCRETE COVER FOR REINFORCING STEEL AS FOLLOWS:
 41
0.9
  7
100CL
100
AcDbText
  0
TEXT
  5
1275
330
8F9
100
AcDbEntity
  8
TG
100
AcDbText
 10
-70815.92977147197
 20
39284.01475075734
 30
0.0
 40
375.0
  1
CODE OF AMERICAN CONCRETE INSTITUTE (ACI-318).
 41
0.9
  7
100CL
100
AcDbText
  0
TEXT
  5
1276
330
8F9
100
AcDbEntity
  8
TG
100
AcDbText
 10
-70815.92977147197
 20
38376.03268471905
 30
0.0
 40
375.0
  1
ALL CONCRETE SHALL DEVELOP A MINIMUM COMPRESSIVE STRENGTH AT THE 
 41
0.9
  7
100CL
100
AcDbText
  0
TEXT
  5
1277
330
8F9
100
AcDbEntity
  8
TG
100
AcDbText
 10
-70815.92977147197
 20
37759.82179902258
 30
0.0
 40
375.0
  1
END OF TWENTY EIGHT (28) DAYS WITH CORRESPONDING MAXIMUM SIZE 
 41
0.9
  7
100CL
100
AcDbText
  0
TEXT
  5
1278
330
8F9
100
AcDbEntity
  8
TG
100
AcDbText
 10
-71391.94267541562
 20
35771.23557544031
 30
0.0
 40
450.0
  1
LOCATION
 41
0.8
  7
100CL
100
AcDbText
  0
TEXT
  5
1279
330
8F9
100
AcDbEntity
  8
TG
100
AcDbText
 10
-70815.92977147197
 20
25556.32362153896
 30
0.0
 40
375.0
  1
ALL REINFORCING BARS SHALL CONFORM TO ASTM A615 GRADE 40 FOR DIA. 12 
 41
0.9
  7
100CL
100
AcDbText
  0
TEXT
  5
127A
330
8F9
100
AcDbEntity
  8
TG
100
AcDbText
 10
-70815.92977147197
 20
24940.11273584233
 30
0.0
 40
375.0
  1
AND LARGER BARS AND GRADE 33 FOR DIA. 10   AND SMALLER BARS.
 41
0.9
  7
100CL
100
AcDbText
  0
TEXT
  5
127B
330
8F9
100
AcDbEntity
  8
TG
100
AcDbText
 10
-70815.92977147197
 20
23779.21024631822
 30
0.0
 40
375.0
  1
IN GENERAL, THE LATEST EDITION OF ACI-315, MANUAL OF STANDARD PRACTICE
 41
0.9
  7
100CL
100
AcDbText
  0
LINE
  5
127C
330
8F9
100
AcDbEntity
  8
2Y
100
AcDbLine
 10
-66696.38020170453
 20
35364.00269055247
 30
0.0
 11
-60561.74053320542
 21
35364.00269055247
 31
0.0
  0
TEXT
  5
127D
330
8F9
100
AcDbEntity
  8
TG
100
AcDbText
 10
-70815.92977147197
 20
37143.61091332612
 30
0.0
 40
375.0
  1
AGGREGATE AND SLUMPS AS FOLLOWS :
 41
0.9
  7
100CL
100
AcDbText
  0
TEXT
  5
127E
330
8F9
100
AcDbEntity
  8
TG
100
AcDbText
 10
-70815.92977147197
 20
22546.7884749253
 30
0.0
 40
375.0
  1
OTHERWISE SHOWN OR NOTED.
 41
0.9
  7
100CL
100
AcDbText
  0
TEXT
  5
127F
330
8F9
100
AcDbEntity
  8
TG
100
AcDbText
 10
-71868.22983817031
 20
34085.49498474944
 30
0.0
 40
375.0
  1
CURBS & SLAB
 41
0.9
  7
ROMANS
100
AcDbText
  0
TEXT
  5
1280
330
8F9
100
AcDbEntity
  8
TG
100
AcDbText
 10
-71868.22983817031
 20
33469.73598715986
 30
0.0
 40
375.0
  1
ON GRADE
 41
0.9
  7
ROMANS
100
AcDbText
  0
LINE
  5
1281
330
8F9
100
AcDbEntity
  8
2Y
100
AcDbLine
 10
-71761.75827336611
 20
35364.00269055247
 30
0.0
 11
-68487.05000452764
 21
35364.00269055247
 31
0.0
  0
LINE
  5
1282
330
8F9
100
AcDbEntity
  8
2Y
100
AcDbLine
 10
-59655.0538634604
 20
35364.00269055247
 30
0.0
 11
-53534.84891554733
 21
35364.00269055247
 31
0.0
  0
LINE
  5
1283
330
8F9
100
AcDbEntity
  8
2Y
100
AcDbLine
 10
-52744.28245135743
 20
35364.00269055247
 30
0.0
 11
-48629.74739246044
 21
35364.00269055247
 31
0.0
  0
TEXT
  5
1284
330
8F9
100
AcDbEntity
  8
TM
 62
     6
100
AcDbText
 10
-72815.92977147197
 20
41013.85609280152
 30
0.0
 40
500.0
  1
B. CONCRETE & REINFORCEMENT
  7
100CL
100
AcDbText
  0
TEXT
  5
1285
330
8F9
100
AcDbEntity
  8
TG
100
AcDbText
 10
-70815.92977147197
 20
44196.10002238556
 30
0.0
 40
375.0
  1
IT SHALL BE THE CONTRACTOR'S RESPONSIBILITY TO PROVIDE ADEQUATE 
 41
0.9
  7
100CL
100
AcDbText
  0
TEXT
  5
1286
330
8F9
100
AcDbEntity
  8
TG
100
AcDbText
 10
-70815.92977147197
 20
43579.8891366891
 30
0.0
 40
375.0
  1
SHORINGS AND BRACINGS OF THE STRUCTURE FOR ALL LOADS THAT MAYBE 
 41
0.9
  7
100CL
100
AcDbText
  0
TEXT
  5
1287
330
8F9
100
AcDbEntity
  8
6M
  6
Continuous
100
AcDbText
 10
-69679.31860985733
 20
54924.50147296043
 30
0.0
 40
900.0
  1
CONSTRUCTION NOTES
 41
1.199999999999999
  7
100CL
 72
     1
 11
-60602.17575271447
 21
54924.50147296043
 31
0.0
100
AcDbText
  0
TEXT
  5
1288
330
8F9
100
AcDbEntity
  8
TG
100
AcDbText
 10
-70815.92977147197
 20
51619.51429618275
 30
0.0
 40
375.0
  1
CONSTRUCTION NOTES AND TYPICAL DETAILS APPLY TO ALL DRAWINGS UNLESS
 41
0.9
  7
100CL
100
AcDbText
  0
TEXT
  5
1289
330
8F9
100
AcDbEntity
  8
TG
100
AcDbText
 10
-70815.92977147197
 20
51003.30341048594
 30
0.0
 40
375.0
  1
OTHERWISE SHOWN OR NOTED. MODIFY TYPICAL DETAILS AS DIRECTED TO MEET 
 41
0.9
  7
100CL
100
AcDbText
  0
TEXT
  5
128A
330
8F9
100
AcDbEntity
  8
TG
100
AcDbText
 10
-70815.92977147197
 20
49154.67075339655
 30
0.0
 40
375.0
  1
SHOP DRAWINGS WITH ERECTION AND PLACING DIAGRAMS OF ALL STRUCTURAL
 41
0.9
  7
100CL
100
AcDbText
  0
TEXT
  5
128B
330
8F9
100
AcDbEntity
  8
TG
100
AcDbText
 10
-70815.92977147197
 20
48538.45986770009
 30
0.0
 40
375.0
  1
STEEL, MISCELLANEOUS IRON, PRE-CAST CONCRETE ETC. SHALL BE SUBMITTED
 41
0.9
  7
100CL
100
AcDbText
  0
TEXT
  5
128C
330
8F9
100
AcDbEntity
  8
TG
100
AcDbText
 10
-70815.92977147197
 20
47922.24898200363
 30
0.0
 40
375.0
  1
FOR ENGINEER'S APPROVAL BEFORE FABRICATION.
 41
0.9
  7
100CL
100
AcDbText
  0
TEXT
  5
128D
330
8F9
100
AcDbEntity
  8
TG
100
AcDbText
 10
-70815.92977147197
 20
46653.65450440053
 30
0.0
 40
375.0
  1
CONTRACTOR  SHALL VERIFY ALL DIMENSIONS BEFORE ALL WORK IS TO BEGIN,
 41
0.9
  7
100CL
100
AcDbText
  0
TEXT
  5
128E
330
8F9
100
AcDbEntity
  8
TG
100
AcDbText
 10
-70815.92977147197
 20
46037.44361870407
 30
0.0
 40
375.0
  1
CHECK WITH MECHANICAL AND ELECTRICAL CONTRACTORS FOR CONDUITS, PIPE
 41
0.9
  7
100CL
100
AcDbText
  0
TEXT
  5
128F
330
8F9
100
AcDbEntity
  8
TG
100
AcDbText
 10
-70815.92977147197
 20
45421.2327330076
 30
0.0
 40
375.0
  1
SLEEVES, ETC. TO BE EMBEDDED IN CONCRETE.
 41
0.9
  7
100CL
100
AcDbText
  0
TEXT
  5
1290
330
8F9
100
AcDbEntity
  8
TG
100
AcDbText
 10
-70815.92977147197
 20
42963.67825099264
 30
0.0
 40
375.0
  1
IMPOSED DURING CONSTRUCTION.
 41
0.9
  7
100CL
100
AcDbText
  0
TEXT
  5
1291
330
8F9
100
AcDbEntity
  8
TG
100
AcDbText
 10
-70815.92977147197
 20
50387.09252478947
 30
0.0
 40
375.0
  1
SPECIAL CONDITIONS.
 41
0.9
  7
100CL
100
AcDbText
  0
TEXT
  5
1292
330
8F9
100
AcDbEntity
  8
TM
 62
     6
100
AcDbText
 10
-72815.92977147197
 20
52802.63919738106
 30
0.0
 40
500.0
  1
A. GENERAL
  7
100CL
100
AcDbText
  0
TEXT
  5
1293
330
8F9
100
AcDbEntity
  8
TG
100
AcDbText
 10
-71868.22983817031
 20
32153.25884170257
 30
0.0
 40
375.0
  1
FOUNDATION
 41
0.9
  7
ROMANS
100
AcDbText
  0
TEXT
  5
1294
330
8F9
100
AcDbEntity
  8
TG
100
AcDbText
 10
-71868.22983817031
 20
27772.19903275007
 30
0.0
 40
375.0
  1
BEAMS & SLABS
 41
0.9
  7
ROMANS
100
AcDbText
  0
TEXT
  5
1295
330
8F9
100
AcDbEntity
  8
TG
100
AcDbText
 10
-71868.22983817031
 20
29658.65410580227
 30
0.0
 40
375.0
  1
COLUMN
 41
0.9
  7
ROMANS
100
AcDbText
  0
TEXT
  5
1296
330
8F9
100
AcDbEntity
  8
TG
100
AcDbText
 10
-71815.92977147198
 20
-17228.85453333526
 30
0.0
 40
375.0
  1
3.
 41
0.9
  7
100CL
100
AcDbText
  0
TEXT
  5
1297
330
8F9
100
AcDbEntity
  8
TG
100
AcDbText
 10
-71815.92977147198
 20
-13360.79495709251
 30
0.0
 40
375.0
  1
1.
 41
0.9
  7
100CL
100
AcDbText
  0
TEXT
  5
1298
330
8F9
100
AcDbEntity
  8
TG
100
AcDbText
 10
-71815.92977147198
 20
-15380.2218762457
 30
0.0
 40
375.0
  1
2.
 41
0.9
  7
100CL
100
AcDbText
  0
TEXT
  5
1299
330
8F9
100
AcDbEntity
  8
TG
100
AcDbText
 10
-71815.92977147198
 20
-9213.049940525335
 30
0.0
 40
375.0
  1
2.
 41
0.9
  7
100CL
100
AcDbText
  0
TEXT
  5
129A
330
8F9
100
AcDbEntity
  8
TG
100
AcDbText
 10
-71815.92977147198
 20
-6603.941429758052
 30
0.0
 40
375.0
  1
1.
 41
0.9
  7
100CL
100
AcDbText
  0
TEXT
  5
129B
330
8F9
100
AcDbEntity
  8
TG
100
AcDbText
 10
-71815.92977147198
 20
44196.10002238556
 30
0.0
 40
375.0
  1
4.
 41
0.9
  7
100CL
100
AcDbText
  0
TEXT
  5
129C
330
8F9
100
AcDbEntity
  8
TG
100
AcDbText
 10
-71815.92977147198
 20
51619.51429618275
 30
0.0
 40
375.0
  1
1.
 41
0.9
  7
100CL
100
AcDbText
  0
TEXT
  5
129D
330
8F9
100
AcDbEntity
  8
TG
100
AcDbText
 10
-71815.92977147198
 20
49154.67075339655
 30
0.0
 40
375.0
  1
2.
 41
0.9
  7
100CL
100
AcDbText
  0
TEXT
  5
129E
330
8F9
100
AcDbEntity
  8
TG
100
AcDbText
 10
-71815.92977147198
 20
46653.65450440053
 30
0.0
 40
375.0
  1
3.
 41
0.9
  7
100CL
100
AcDbText
  0
TEXT
  5
129F
330
8F9
100
AcDbEntity
  8
TG
100
AcDbText
 10
-71815.92977147198
 20
39900.22563645381
 30
0.0
 40
375.0
  1
1.
 41
0.9
  7
100CL
100
AcDbText
  0
TEXT
  5
12A0
330
8F9
100
AcDbEntity
  8
TG
100
AcDbText
 10
-71815.92977147198
 20
38376.03268471905
 30
0.0
 40
375.0
  1
2.
 41
0.9
  7
100CL
100
AcDbText
  0
TEXT
  5
12A1
330
8F9
100
AcDbEntity
  8
TG
100
AcDbText
 10
-71815.92977147198
 20
21541.00230353288
 30
0.0
 40
375.0
  1
5.
 41
0.9
  7
100CL
100
AcDbText
  0
TEXT
  5
12A2
330
8F9
100
AcDbEntity
  8
TG
100
AcDbText
 10
-71815.92977147198
 20
25556.32362153896
 30
0.0
 40
375.0
  1
3.
 41
0.9
  7
100CL
100
AcDbText
  0
TEXT
  5
12A3
330
8F9
100
AcDbEntity
  8
TG
100
AcDbText
 10
-71815.92977147198
 20
23779.21024631822
 30
0.0
 40
375.0
  1
4.
 41
0.9
  7
100CL
100
AcDbText
  0
TEXT
  5
12A4
330
8F9
100
AcDbEntity
  8
TG
100
AcDbText
 10
-71815.92977147198
 20
6979.89984576727
 30
0.0
 40
375.0
  1
8.
 41
0.9
  7
100CL
100
AcDbText
  0
TEXT
  5
12A5
330
8F9
100
AcDbEntity
  8
TG
100
AcDbText
 10
-71815.92977147198
 20
8593.821454872639
 30
0.0
 40
375.0
  1
7.
 41
0.9
  7
100CL
100
AcDbText
  0
TEXT
  5
12A6
330
8F9
100
AcDbEntity
  8
TG
100
AcDbText
 10
-71815.92977147198
 20
11363.86486691041
 30
0.0
 40
375.0
  1
6.
 41
0.9
  7
100CL
100
AcDbText
  0
TEXT
  5
12A7
330
8F9
100
AcDbEntity
  8
TG
100
AcDbText
 10
-71815.92977147198
 20
4673.467384340911
 30
0.0
 40
375.0
  1
9.
 41
0.9
  7
100CL
100
AcDbText
  0
TEXT
  5
12A8
330
8F9
100
AcDbEntity
  8
TG
100
AcDbText
 10
-71815.92977147198
 20
2017.275154405943
 30
0.0
 40
375.0
  1
10.
 41
0.9
  7
100CL
100
AcDbText
  0
TEXT
  5
12A9
330
8F9
100
AcDbEntity
  8
TG
100
AcDbText
 10
-66758.36071326511
 20
33469.73598715986
 30
0.0
 40
375.0
  1
     3,000 PSI
 41
0.9
  7
ROMANS
100
AcDbText
  0
TEXT
  5
12AA
330
8F9
100
AcDbEntity
  8
TG
100
AcDbText
 10
-58839.06772694291
 20
33469.73598715986
 30
0.0
 40
375.0
  1
  1 IN. (25MM.)
 41
0.9
  7
ROMANS
100
AcDbText
  0
TEXT
  5
12AB
330
8F9
100
AcDbEntity
  8
TG
100
AcDbText
 10
-58839.06772694291
 20
27772.19903275007
 30
0.0
 40
375.0
  1
3/4 IN. (19MM.)
 41
0.9
  7
ROMANS
100
AcDbText
  0
TEXT
  5
12AC
330
8F9
100
AcDbEntity
  8
TG
100
AcDbText
 10
-58839.06772694291
 20
31553.25884170257
 30
0.0
 40
375.0
  1
3/4 IN. (19MM.)
 41
0.9
  7
ROMANS
100
AcDbText
  0
TEXT
  5
12AD
330
8F9
100
AcDbEntity
  8
TG
100
AcDbText
 10
-58839.06772694291
 20
29658.65410580227
 30
0.0
 40
375.0
  1
3/4 IN. (19MM.)
 41
0.9
  7
ROMANS
100
AcDbText
  0
TEXT
  5
12AE
330
8F9
100
AcDbEntity
  8
TG
100
AcDbText
 10
-52714.51849272635
 20
33469.73598715986
 30
0.0
 40
375.0
  1
4 IN. (100MM.)
 41
0.9
  7
ROMANS
100
AcDbText
  0
TEXT
  5
12AF
330
8F9
100
AcDbEntity
  8
TG
100
AcDbText
 10
-52714.51849272635
 20
27772.19903275007
 30
0.0
 40
375.0
  1
4 IN. (100MM.)
 41
0.9
  7
ROMANS
100
AcDbText
  0
TEXT
  5
12B0
330
8F9
100
AcDbEntity
  8
TG
100
AcDbText
 10
-52714.51849272635
 20
31553.25884170257
 30
0.0
 40
375.0
  1
4 IN. (100MM.)
 41
0.9
  7
ROMANS
100
AcDbText
  0
TEXT
  5
12B1
330
8F9
100
AcDbEntity
  8
TG
100
AcDbText
 10
-52714.51849272635
 20
29658.65410580227
 30
0.0
 40
375.0
  1
4 IN. (100MM.)
 41
0.9
  7
ROMANS
100
AcDbText
  0
TEXT
  5
12B2
330
8F9
100
AcDbEntity
  8
TG
100
AcDbText
 10
-66325.62630389232
 20
35771.23557544031
 30
0.0
 40
450.0
  1
28 DAYS STRENGTH
 41
0.8
  7
100CL
100
AcDbText
  0
TEXT
  5
12B3
330
8F9
100
AcDbEntity
  8
TG
100
AcDbText
 10
-59675.92130049198
 20
35771.23557544031
 30
0.0
 40
450.0
  1
MAX. SIZE AGGREGATE
 41
0.8
  7
100CL
100
AcDbText
  0
TEXT
  5
12B4
330
8F9
100
AcDbEntity
  8
TG
100
AcDbText
 10
-52408.5404228789
 20
35771.23557544031
 30
0.0
 40
450.0
  1
MAX. SLUMP
 41
0.8
  7
100CL
100
AcDbText
  0
TEXT
  5
12B5
330
8F9
100
AcDbEntity
  8
title
  6
Continuous
 62
     6
100
AcDbText
 10
60622.71329109723
 20
21067.68615609713
 30
0.0
 40
650.0
  1
CORNER SLAB DETAIL
 41
0.9
  7
175CL
100
AcDbText
  0
LINE
  5
12B6
330
8F9
100
AcDbEntity
  8
title
 62
     2
100
AcDbLine
 10
57306.94500874196
 20
20853.01975776677
 30
0.0
 11
70313.42267419843
 21
20853.01975776677
 31
0.0
  0
TEXT
  5
12B7
330
8F9
100
AcDbEntity
  8
title
  6
Continuous
 62
     6
100
AcDbText
 10
42269.08576834508
 20
21067.68615609713
 30
0.0
 40
650.0
  1
CORNER SLAB DETAIL
 41
0.9
  7
175CL
100
AcDbText
  0
LINE
  5
12B8
330
8F9
100
AcDbEntity
  8
title
 62
     2
100
AcDbLine
 10
38953.3174859898
 20
20853.01975776677
 30
0.0
 11
51959.79515144627
 21
20853.01975776677
 31
0.0
  0
LINE
  5
12B9
330
8F9
100
AcDbEntity
  8
title
 62
     2
100
AcDbLine
 10
20792.06840969509
 20
20853.0197577668
 30
0.0
 11
35270.63963595804
 21
20853.0197577668
 31
0.0
  0
TEXT
  5
12BA
330
8F9
100
AcDbEntity
  8
title
  6
Continuous
 62
     6
100
AcDbText
 10
6669.085768344608
 20
21067.68615609716
 30
0.0
 40
650.0
  1
DOOR OPENING DETAIL
 41
0.9
  7
175CL
100
AcDbText
  0
LINE
  5
12BB
330
8F9
100
AcDbEntity
  8
title
 62
     2
100
AcDbLine
 10
3353.317485988867
 20
20853.0197577668
 30
0.0
 11
16863.48215842459
 21
20853.0197577668
 31
0.0
  0
TEXT
  5
12BC
330
8F9
100
AcDbEntity
  8
title
  6
Continuous
 62
     6
100
AcDbText
 10
24107.83669205036
 20
21067.68615609716
 30
0.0
 40
650.0
  1
WINDOW OPENING DETAIL
 41
0.9
  7
175CL
100
AcDbText
  0
TEXT
  5
12BD
330
8F9
100
AcDbEntity
  8
title
  6
Continuous
 62
     6
100
AcDbText
 10
-34473.80012530901
 20
21067.68615609716
 30
0.0
 40
650.0
  1
PIPE SLEEVE THRU BEAM DETAIL
 41
0.9
  7
175CL
100
AcDbText
  0
LINE
  5
12BE
330
8F9
100
AcDbEntity
  8
title
 62
     2
100
AcDbLine
 10
-37789.56840766381
 20
20853.0197577668
 30
0.0
 11
-19741.84064838171
 21
20853.0197577668
 31
0.0
  0
TEXT
  5
12BF
330
8F9
100
AcDbEntity
  8
title
  6
Continuous
 62
     6
100
AcDbText
 10
-13522.36643495897
 20
29010.24888401162
 30
0.0
 40
650.0
  1
SECTION
 41
0.9
  7
175CL
100
AcDbText
  0
LINE
  5
12C0
330
8F9
100
AcDbEntity
  8
title
 62
     2
100
AcDbLine
 10
-16824.7198095794
 20
28795.58248568125
 30
0.0
 11
-9958.732280941418
 21
28795.58248568125
 31
0.0
  0
LINE
  5
12C1
330
8F9
100
AcDbEntity
  8
title
 62
     2
100
AcDbLine
 10
20792.06840969509
 20
40628.01975776674
 30
0.0
 11
33538.5800837118
 21
40628.01975776674
 31
0.0
  0
TEXT
  5
12C2
330
8F9
100
AcDbEntity
  8
title
  6
Continuous
 62
     6
100
AcDbText
 10
24107.83669205036
 20
40842.6861560971
 30
0.0
 40
650.0
  1
BEAM CONSTRUCTION
 41
0.9
  7
175CL
100
AcDbText
  0
TEXT
  5
12C3
330
8F9
100
AcDbEntity
  8
title
  6
Continuous
 62
     6
100
AcDbText
 10
24107.83669205036
 20
39763.35335943638
 30
0.0
 40
650.0
  1
JOINT DETAIL
 41
0.9
  7
175CL
100
AcDbText
  0
LINE
  5
12C4
330
8F9
100
AcDbEntity
  8
title
 62
     2
100
AcDbLine
 10
-125.1844086178753
 20
40628.01975776674
 30
0.0
 11
16909.04732160995
 21
40628.01975776674
 31
0.0
  0
TEXT
  5
12C5
330
8F9
100
AcDbEntity
  8
title
  6
Continuous
 62
     6
100
AcDbText
 10
2741.570340865088
 20
40842.6861560971
 30
0.0
 40
650.0
  1
SUSPENDED SLAB CONSTRUCTION
 41
0.85
  7
175CL
100
AcDbText
  0
TEXT
  5
12C6
330
8F9
100
AcDbEntity
  8
title
  6
Continuous
 62
     6
100
AcDbText
 10
2741.570340865088
 20
39763.35335943638
 30
0.0
 40
650.0
  1
JOINT DETAIL
 41
0.85
  7
175CL
100
AcDbText
  0
LINE
  5
12C7
330
8F9
100
AcDbEntity
  8
title
 62
     2
100
AcDbLine
 10
-20217.94193900676
 20
40628.01975776662
 30
0.0
 11
-4384.244707246049
 21
40628.01975776662
 31
0.0
  0
TEXT
  5
12C8
330
8F9
100
AcDbEntity
  8
title
  6
Continuous
 62
     6
100
AcDbText
 10
-16902.17365665149
 20
40842.68615609699
 30
0.0
 40
650.0
  1
BEAM/SLAB CHANGE SOFFIT
 41
0.9
  7
175CL
100
AcDbText
  0
TEXT
  5
12C9
330
8F9
100
AcDbEntity
  8
title
  6
Continuous
 62
     6
100
AcDbText
 10
-16902.17365665149
 20
39763.35335943627
 30
0.0
 40
650.0
  1
DETAIL
 41
0.9
  7
175CL
100
AcDbText
  0
LINE
  5
12CA
330
8F9
100
AcDbEntity
  8
title
 62
     2
100
AcDbLine
 10
-43774.84366425752
 20
40628.01975776674
 30
0.0
 11
-26587.97938218407
 21
40628.01975776674
 31
0.0
  0
TEXT
  5
12CB
330
8F9
100
AcDbEntity
  8
title
  6
Continuous
 62
     6
100
AcDbText
 10
-41080.6413358736
 20
40842.6861560971
 30
0.0
 40
650.0
  1
COLUMN LAP SPLICE AND EXT.
 41
0.85
  7
175CL
100
AcDbText
  0
TEXT
  5
12CC
330
8F9
100
AcDbEntity
  8
title
  6
Continuous
 62
     6
100
AcDbText
 10
-41080.6413358736
 20
39763.35335943638
 30
0.0
 40
650.0
  1
GIRDER TO COLUMN CONN. DETAIL
 41
0.85
  7
175CL
100
AcDbText
  0
LINE
  5
12CD
330
8F9
100
AcDbEntity
  8
title
 62
     2
100
AcDbLine
 10
55431.4763673947
 20
1078.019757766684
 30
0.0
 11
72390.83767972773
 21
1078.019757766684
 31
0.0
  0
TEXT
  5
12CE
330
8F9
100
AcDbEntity
  8
title
  6
Continuous
 62
     6
100
AcDbText
 10
58747.24464974997
 20
1292.686156097043
 30
0.0
 40
650.0
  1
TYP. EXTERIOR R.C. WALL ELEV.
 41
0.85
  7
175CL
100
AcDbText
  0
TEXT
  5
12CF
330
8F9
100
AcDbEntity
  8
title
  6
Continuous
 62
     6
100
AcDbText
 10
58747.24464974997
 20
213.3533594363253
 30
0.0
 40
650.0
  1
AT WINDOW OPENING
 41
0.85
  7
175CL
100
AcDbText
  0
LINE
  5
12D0
330
8F9
100
AcDbEntity
  8
title
 62
     2
100
AcDbLine
 10
36859.73688903338
 20
1078.019757766684
 30
0.0
 11
54110.6892653697
 21
1078.019757766684
 31
0.0
  0
TEXT
  5
12D1
330
8F9
100
AcDbEntity
  8
title
  6
Continuous
 62
     6
100
AcDbText
 10
39810.42547922887
 20
1292.686156097043
 30
0.0
 40
650.0
  1
SECTION (SHOWING EXTERIOR R.C. WALL)
 41
0.7
  7
175CL
100
AcDbText
  0
TEXT
  5
12D2
330
8F9
100
AcDbEntity
  8
title
  6
Continuous
 62
     6
100
AcDbText
 10
39810.42547922887
 20
213.3533594363253
 30
0.0
 40
650.0
  1
SUPPORT @ COLUMN
 41
0.8
  7
175CL
100
AcDbText
  0
LINE
  5
12D3
330
8F9
100
AcDbEntity
  8
title
 62
     2
100
AcDbLine
 10
19293.53366365962
 20
1078.019757766684
 30
0.0
 11
36215.80851232752
 21
1078.019757766684
 31
0.0
  0
TEXT
  5
12D4
330
8F9
100
AcDbEntity
  8
title
  6
Continuous
 62
     6
100
AcDbText
 10
22244.22225385512
 20
1292.686156097043
 30
0.0
 40
650.0
  1
SLAB-ON-GRADE CONTRACTION
 41
0.9
  7
175CL
100
AcDbText
  0
TEXT
  5
12D5
330
8F9
100
AcDbEntity
  8
title
  6
Continuous
 62
     6
100
AcDbText
 10
22244.22225385512
 20
213.3533594363253
 30
0.0
 40
650.0
  1
JOINT DETAIL
 41
0.9
  7
175CL
100
AcDbText
  0
LINE
  5
12D6
330
8F9
100
AcDbEntity
  8
title
 62
     2
100
AcDbLine
 10
-672.8630141371104
 20
1078.019757766713
 30
0.0
 11
16249.41183453079
 21
1078.019757766713
 31
0.0
  0
TEXT
  5
12D7
330
8F9
100
AcDbEntity
  8
title
  6
Continuous
 62
     6
100
AcDbText
 10
2277.825576058851
 20
1292.686156097072
 30
0.0
 40
650.0
  1
SLAB-ON-GRADE CONSTRUCTION
 41
0.85
  7
175CL
100
AcDbText
  0
TEXT
  5
12D8
330
8F9
100
AcDbEntity
  8
title
  6
Continuous
 62
     6
100
AcDbText
 10
2277.825576058851
 20
213.3533594363544
 30
0.0
 40
650.0
  1
JOINT DETAIL
 41
0.9
  7
175CL
100
AcDbText
  0
LINE
  5
12D9
330
8F9
100
AcDbEntity
  8
title
 62
     2
100
AcDbLine
 10
-20539.19322946641
 20
1078.019757766713
 30
0.0
 11
-4615.437661675009
 21
1078.019757766713
 31
0.0
  0
TEXT
  5
12DA
330
8F9
100
AcDbEntity
  8
title
  6
Continuous
 62
     6
100
AcDbText
 10
-17588.50463927045
 20
1292.686156097072
 30
0.0
 40
650.0
  1
SLAB-ON-GRADE EXPANSION
 41
0.9
  7
175CL
100
AcDbText
  0
TEXT
  5
12DB
330
8F9
100
AcDbEntity
  8
title
  6
Continuous
 62
     6
100
AcDbText
 10
-17588.50463927045
 20
213.3533594363544
 30
0.0
 40
650.0
  1
JOINT DETAIL
 41
0.9
  7
175CL
100
AcDbText
  0
LINE
  5
12DC
330
8F9
100
AcDbEntity
  8
title
 62
     2
100
AcDbLine
 10
38592.06840969555
 20
40628.01975776674
 30
0.0
 11
51338.5800837118
 21
40628.01975776674
 31
0.0
  0
TEXT
  5
12DD
330
8F9
100
AcDbEntity
  8
title
  6
Continuous
 62
     6
100
AcDbText
 10
41907.83669205083
 20
40842.6861560971
 30
0.0
 40
650.0
  1
WALL CONNECTION AT
 41
0.9
  7
175CL
100
AcDbText
  0
TEXT
  5
12DE
330
8F9
100
AcDbEntity
  8
title
  6
Continuous
 62
     6
100
AcDbText
 10
41907.83669205083
 20
39763.35335943638
 30
0.0
 40
650.0
  1
INTERSECTION
 41
0.9
  7
175CL
100
AcDbText
  0
LINE
  5
12DF
330
8F9
100
AcDbEntity
  8
title
 62
     2
100
AcDbLine
 10
54861.44254983242
 20
40628.01975776686
 30
0.0
 11
72616.82136858188
 21
40628.01975776686
 31
0.0
  0
TEXT
  5
12E0
330
8F9
100
AcDbEntity
  8
title
  6
Continuous
 62
     6
100
AcDbText
 10
57695.84412477424
 20
40842.68615609722
 30
0.0
 40
650.0
  1
DEV'T HOOK FOR SHEAR RESISTING HORIZONTAL
 41
0.6
  7
175CL
100
AcDbText
  0
TEXT
  5
12E1
330
8F9
100
AcDbEntity
  8
title
  6
Continuous
 62
     6
100
AcDbText
 10
57695.84412477424
 20
39763.35335943653
 30
0.0
 40
650.0
  1
BAR INTO THE SHEARWALLS CONFINEMENT ZONES
 41
0.6
  7
175CL
100
AcDbText
  0
LINE
  5
12E2
330
8F9
100
AcDbEntity
  8
title
 62
     2
100
AcDbLine
 10
-41112.23228444039
 20
-1092.983375618496
 30
0.0
 11
-28248.77930485291
 21
-1092.983375618496
 31
0.0
  0
TEXT
  5
12E3
330
8F9
100
AcDbEntity
  8
title
  6
Continuous
 62
     6
100
AcDbText
 10
-38161.5436942449
 20
-878.3169772881374
 30
0.0
 40
650.0
  1
SLAB OPENING DETAIL
 41
0.9
  7
175CL
100
AcDbText
  0
LINE
  5
12E4
330
8F9
100
AcDbEntity
  8
title
 62
     2
100
AcDbLine
 10
-39097.97293318968
 20
-18696.98024223314
 30
0.0
 11
-27697.3299166809
 21
-18696.98024223314
 31
0.0
  0
TEXT
  5
12E5
330
8F9
100
AcDbEntity
  8
title
  6
Continuous
 62
     6
100
AcDbText
 10
-36147.28434299419
 20
-18482.31384390278
 30
0.0
 40
650.0
  1
TYP. EXTERIOR R.C
 41
0.9
  7
175CL
100
AcDbText
  0
TEXT
  5
12E6
330
8F9
100
AcDbEntity
  8
title
  6
Continuous
 62
     6
100
AcDbText
 10
-36147.28434299419
 20
-19561.6466405635
 30
0.0
 40
650.0
  1
WALL ELEVATION
 41
0.9
  7
175CL
100
AcDbText
  0
LINE
  5
12E7
330
8F9
100
AcDbEntity
  8
title
 62
     2
100
AcDbLine
 10
-20427.10463232707
 20
-18696.98024223317
 30
0.0
 11
-3165.054400308262
 21
-18696.98024223317
 31
0.0
  0
TEXT
  5
12E8
330
8F9
100
AcDbEntity
  8
title
  6
Continuous
 62
     6
100
AcDbText
 10
-17476.41604213111
 20
-18482.31384390281
 30
0.0
 40
650.0
  1
SECTION (SHOWING EXTERIOR R.C. WALL)
 41
0.7
  7
175CL
100
AcDbText
  0
TEXT
  5
12E9
330
8F9
100
AcDbEntity
  8
title
  6
Continuous
 62
     6
100
AcDbText
 10
-17476.41604213111
 20
-19561.64664056353
 30
0.0
 40
650.0
  1
SUPPORT @ TOP & BOTTOM OF BEAM
 41
0.7
  7
175CL
100
AcDbText
  0
LINE
  5
12EA
330
8F9
100
AcDbEntity
  8
title
 62
     2
100
AcDbLine
 10
1692.45308291752
 20
-18696.98024223317
 30
0.0
 11
18954.50331493586
 21
-18696.98024223317
 31
0.0
  0
TEXT
  5
12EB
330
8F9
100
AcDbEntity
  8
title
  6
Continuous
 62
     6
100
AcDbText
 10
4643.141673113015
 20
-18482.31384390281
 30
0.0
 40
650.0
  1
SECTION (SHOWING EXTERIOR R.C. WALL)
 41
0.7
  7
175CL
100
AcDbText
  0
TEXT
  5
12EC
330
8F9
100
AcDbEntity
  8
title
  6
Continuous
 62
     6
100
AcDbText
 10
4643.141673113015
 20
-19561.64664056353
 30
0.0
 40
650.0
  1
SUPPORT @ TOP & BOTTOM OF BEAM
 41
0.7
  7
175CL
100
AcDbText
  0
LINE
  5
12ED
330
8F9
100
AcDbEntity
  8
title
 62
     2
100
AcDbLine
 10
26717.80881369094
 20
-18696.9802422332
 30
0.0
 11
43979.85904570974
 21
-18696.9802422332
 31
0.0
  0
TEXT
  5
12EE
330
8F9
100
AcDbEntity
  8
title
  6
Continuous
 62
     6
100
AcDbText
 10
29668.49740388643
 20
-18482.31384390284
 30
0.0
 40
650.0
  1
COLUMN/SHEARWALL VERTICAL BARS
 41
0.8
  7
175CL
100
AcDbText
  0
TEXT
  5
12EF
330
8F9
100
AcDbEntity
  8
title
  6
Continuous
 62
     6
100
AcDbText
 10
29668.49740388643
 20
-19561.64664056356
 30
0.0
 40
650.0
  1
EMBEDMENT TO FOOTING DETAIL
 41
0.8
  7
175CL
100
AcDbText
  0
LINE
  5
12F0
330
8F9
100
AcDbEntity
  8
title
 62
     2
100
AcDbLine
 10
54126.87669902786
 20
-18696.9802422332
 30
0.0
 11
67794.01230213491
 21
-18696.9802422332
 31
0.0
  0
TEXT
  5
12F1
330
8F9
100
AcDbEntity
  8
title
  6
Continuous
 62
     6
100
AcDbText
 10
57077.56528922336
 20
-18482.31384390284
 30
0.0
 40
650.0
  1
FOOTING CONSTRUCTION
 41
0.9
  7
175CL
100
AcDbText
  0
TEXT
  5
12F2
330
8F9
100
AcDbEntity
  8
title
  6
Continuous
 62
     6
100
AcDbText
 10
57077.56528922336
 20
-19561.64664056356
 30
0.0
 40
650.0
  1
JOINT DETAIL
 41
0.9
  7
175CL
100
AcDbText
  0
INSERT
  5
12F3
330
8F9
100
AcDbEntity
  8
title
100
AcDbBlockReference
 66
     1
  2
A$C6C0B0B06
 10
-43774.84366425752
 20
40628.01975776674
 30
0.0
 41
150.0
 42
150.0
 43
150.0
  0
ATTRIB
  5
12F4
330
12F3
100
AcDbEntity
  8
title
 62
     5
100
AcDbText
 10
-43056.98652140038
 20
40861.07410489349
 30
0.0
 40
675.0000000000002
  1
A1
  7
ROMANS
 72
     4
 11
-42574.84366425752
 21
41198.57410489348
 31
0.0
100
AcDbAttribute
280
     0
  2
A
 70
     0
280
     0
  0
ATTRIB
  5
12F5
330
12F3
100
AcDbEntity
  8
title
 62
     2
100
AcDbText
 10
-43817.17871146064
 20
40020.93060465512
 30
0.0
 40
375.0000000000001
  1
S-04
 41
0.7724834240839504
  7
ROMANS
 72
     5
 11
-42658.45357533471
 21
40020.93060465512
 31
0.0
100
AcDbAttribute
280
     0
  2
S-1
 70
     0
280
     0
  0
ATTRIB
  5
12F6
330
12F3
100
AcDbEntity
  8
title
 62
     2
100
AcDbText
 10
-42531.64976870242
 20
40020.93060465512
 30
0.0
 40
375.0000000000001
  1
S-04
 41
0.7783818372947473
  7
ROMANS
 72
     5
 11
-41364.0770127603
 21
40020.93060465512
 31
0.0
100
AcDbAttribute
280
     0
  2
S-1
 70
     0
280
     0
  0
SEQEND
  5
12F7
330
12F3
100
AcDbEntity
  8
title
  0
INSERT
  5
12F8
330
8F9
100
AcDbEntity
  8
title
100
AcDbBlockReference
 66
     1
  2
A$C6C0B0B06
 10
-20217.94193900676
 20
40628.01975776662
 30
0.0
 41
150.0
 42
150.0
 43
150.0
  0
ATTRIB
  5
12F9
330
12F8
100
AcDbEntity
  8
title
 62
     5
100
AcDbText
 10
-19596.51336757819
 20
40861.07410489336
 30
0.0
 40
675.0000000000002
  1
A2
  7
ROMANS
 72
     4
 11
-19017.94193900676
 21
41198.57410489337
 31
0.0
100
AcDbAttribute
280
     0
  2
A
 70
     0
280
     0
  0
ATTRIB
  5
12FA
330
12F8
100
AcDbEntity
  8
title
 62
     2
100
AcDbText
 10
-20260.27698620988
 20
40020.930604655
 30
0.0
 40
375.0000000000001
  1
S-04
 41
0.7724834240839504
  7
ROMANS
 72
     5
 11
-19101.55185008395
 21
40020.930604655
 31
0.0
100
AcDbAttribute
280
     0
  2
S-1
 70
     0
280
     0
  0
ATTRIB
  5
12FB
330
12F8
100
AcDbEntity
  8
title
 62
     2
100
AcDbText
 10
-18974.74804345166
 20
40020.930604655
 30
0.0
 40
375.0000000000001
  1
S-04
 41
0.7783818372947473
  7
ROMANS
 72
     5
 11
-17807.17528750954
 21
40020.930604655
 31
0.0
100
AcDbAttribute
280
     0
  2
S-1
 70
     0
280
     0
  0
SEQEND
  5
12FC
330
12F8
100
AcDbEntity
  8
title
  0
INSERT
  5
12FD
330
8F9
100
AcDbEntity
  8
title
100
AcDbBlockReference
 66
     1
  2
A$C6C0B0B06
 10
-125.1844086178753
 20
40628.01975776674
 30
0.0
 41
150.0
 42
150.0
 43
150.0
  0
ATTRIB
  5
12FE
330
12FD
100
AcDbEntity
  8
title
 62
     5
100
AcDbText
 10
496.244162810696
 20
40861.07410489349
 30
0.0
 40
675.0000000000002
  1
A3
  7
ROMANS
 72
     4
 11
1074.815591382124
 21
41198.57410489348
 31
0.0
100
AcDbAttribute
280
     0
  2
A
 70
     0
280
     0
  0
ATTRIB
  5
12FF
330
12FD
100
AcDbEntity
  8
title
 62
     2
100
AcDbText
 10
-167.5194558209914
 20
40020.93060465512
 30
0.0
 40
375.0000000000001
  1
S-04
 41
0.7724834240839504
  7
ROMANS
 72
     5
 11
991.2056803049345
 21
40020.93060465512
 31
0.0
100
AcDbAttribute
280
     0
  2
S-1
 70
     0
280
     0
  0
ATTRIB
  5
1300
330
12FD
100
AcDbEntity
  8
title
 62
     2
100
AcDbText
 10
1118.009486937226
 20
40020.93060465512
 30
0.0
 40
375.0000000000001
  1
S-04
 41
0.7783818372947473
  7
ROMANS
 72
     5
 11
2285.582242879347
 21
40020.93060465512
 31
0.0
100
AcDbAttribute
280
     0
  2
S-1
 70
     0
280
     0
  0
SEQEND
  5
1301
330
12FD
100
AcDbEntity
  8
title
  0
INSERT
  5
1302
330
8F9
100
AcDbEntity
  8
title
100
AcDbBlockReference
 66
     1
  2
A$C6C0B0B06
 10
20792.06840969509
 20
40628.01975776674
 30
0.0
 41
150.0
 42
150.0
 43
150.0
  0
ATTRIB
  5
1303
330
1302
100
AcDbEntity
  8
title
 62
     5
100
AcDbText
 10
21397.42555255223
 20
40861.07410489349
 30
0.0
 40
675.0000000000002
  1
A4
  7
ROMANS
 72
     4
 11
21992.06840969509
 21
41198.57410489348
 31
0.0
100
AcDbAttribute
280
     0
  2
A
 70
     0
280
     0
  0
ATTRIB
  5
1304
330
1302
100
AcDbEntity
  8
title
 62
     2
100
AcDbText
 10
20749.73336249197
 20
40020.93060465512
 30
0.0
 40
375.0000000000001
  1
S-04
 41
0.7724834240839504
  7
ROMANS
 72
     5
 11
21908.4584986179
 21
40020.93060465512
 31
0.0
100
AcDbAttribute
280
     0
  2
S-1
 70
     0
280
     0
  0
ATTRIB
  5
1305
330
1302
100
AcDbEntity
  8
title
 62
     2
100
AcDbText
 10
22035.26230525019
 20
40020.93060465512
 30
0.0
 40
375.0000000000001
  1
S-04
 41
0.7783818372947473
  7
ROMANS
 72
     5
 11
23202.83506119231
 21
40020.93060465512
 31
0.0
100
AcDbAttribute
280
     0
  2
S-1
 70
     0
280
     0
  0
SEQEND
  5
1306
330
1302
100
AcDbEntity
  8
title
  0
INSERT
  5
1307
330
8F9
100
AcDbEntity
  8
title
100
AcDbBlockReference
 66
     1
  2
A$C6C0B0B06
 10
38592.06840969555
 20
40628.01975776674
 30
0.0
 41
150.0
 42
150.0
 43
150.0
  0
ATTRIB
  5
1308
330
1307
100
AcDbEntity
  8
title
 62
     5
100
AcDbText
 10
39213.49698112413
 20
40861.07410489349
 30
0.0
 40
675.0000000000002
  1
A5
  7
ROMANS
 72
     4
 11
39792.06840969555
 21
41198.57410489348
 31
0.0
100
AcDbAttribute
280
     0
  2
A
 70
     0
280
     0
  0
ATTRIB
  5
1309
330
1307
100
AcDbEntity
  8
title
 62
     2
100
AcDbText
 10
38549.73336249244
 20
40020.93060465512
 30
0.0
 40
375.0000000000001
  1
S-04
 41
0.7724834240836401
  7
ROMANS
 72
     5
 11
39708.4584986179
 21
40020.93060465512
 31
0.0
100
AcDbAttribute
280
     0
  2
S-1
 70
     0
280
     0
  0
ATTRIB
  5
130A
330
1307
100
AcDbEntity
  8
title
 62
     2
100
AcDbText
 10
39835.26230525066
 20
40020.93060465512
 30
0.0
 40
375.0000000000001
  1
S-04
 41
0.7783818372947473
  7
ROMANS
 72
     5
 11
41002.83506119277
 21
40020.93060465512
 31
0.0
100
AcDbAttribute
280
     0
  2
S-1
 70
     0
280
     0
  0
SEQEND
  5
130B
330
1307
100
AcDbEntity
  8
title
  0
INSERT
  5
130C
330
8F9
100
AcDbEntity
  8
title
100
AcDbBlockReference
 66
     1
  2
A$C6C0B0B06
 10
54861.44254983242
 20
40628.01975776674
 30
0.0
 41
150.0
 42
150.0
 43
150.0
  0
ATTRIB
  5
130D
330
130C
100
AcDbEntity
  8
title
 62
     5
100
AcDbText
 10
55482.871121261
 20
40861.07410489349
 30
0.0
 40
675.0000000000002
  1
A6
  7
ROMANS
 72
     4
 11
56061.44254983242
 21
41198.57410489348
 31
0.0
100
AcDbAttribute
280
     0
  2
A
 70
     0
280
     0
  0
ATTRIB
  5
130E
330
130C
100
AcDbEntity
  8
title
 62
     2
100
AcDbText
 10
54819.1075026293
 20
40020.93060465512
 30
0.0
 40
375.0000000000001
  1
S-04
 41
0.7724834240839504
  7
ROMANS
 72
     5
 11
55977.83263875523
 21
40020.93060465512
 31
0.0
100
AcDbAttribute
280
     0
  2
S-1
 70
     0
280
     0
  0
ATTRIB
  5
130F
330
130C
100
AcDbEntity
  8
title
 62
     2
100
AcDbText
 10
56104.63644538753
 20
40020.93060465512
 30
0.0
 40
375.0000000000001
  1
S-04
 41
0.7783818372947473
  7
ROMANS
 72
     5
 11
57272.20920132965
 21
40020.93060465512
 31
0.0
100
AcDbAttribute
280
     0
  2
S-1
 70
     0
280
     0
  0
SEQEND
  5
1310
330
130C
100
AcDbEntity
  8
title
  0
INSERT
  5
1311
330
8F9
100
AcDbEntity
  8
title
100
AcDbBlockReference
 66
     1
  2
A$C6C0B0B06
 10
-37789.56840766381
 20
20853.0197577668
 30
0.0
 41
150.0
 42
150.0
 43
150.0
  0
ATTRIB
  5
1312
330
1311
100
AcDbEntity
  8
title
 62
     5
100
AcDbText
 10
-37168.13983623524
 20
21086.07410489355
 30
0.0
 40
675.0000000000002
  1
A7
  7
ROMANS
 72
     4
 11
-36589.56840766382
 21
21423.57410489355
 31
0.0
100
AcDbAttribute
280
     0
  2
A
 70
     0
280
     0
  0
ATTRIB
  5
1313
330
1311
100
AcDbEntity
  8
title
 62
     2
100
AcDbText
 10
-37831.90345486693
 20
20245.93060465515
 30
0.0
 40
375.0000000000001
  1
S-04
 41
0.7724834240836401
  7
ROMANS
 72
     5
 11
-36673.17831874147
 21
20245.93060465515
 31
0.0
100
AcDbAttribute
280
     0
  2
S-1
 70
     0
280
     0
  0
ATTRIB
  5
1314
330
1311
100
AcDbEntity
  8
title
 62
     2
100
AcDbText
 10
-36546.37451210871
 20
20245.93060465515
 30
0.0
 40
375.0000000000001
  1
S-04
 41
0.7783818372947473
  7
ROMANS
 72
     5
 11
-35378.80175616659
 21
20245.93060465515
 31
0.0
100
AcDbAttribute
280
     0
  2
S-1
 70
     0
280
     0
  0
SEQEND
  5
1315
330
1311
100
AcDbEntity
  8
title
  0
INSERT
  5
1316
330
8F9
100
AcDbEntity
  8
title
100
AcDbBlockReference
 66
     1
  2
A$C6C0B0B06
 10
3353.317485988867
 20
20853.0197577668
 30
0.0
 41
150.0
 42
150.0
 43
150.0
  0
ATTRIB
  5
1317
330
1316
100
AcDbEntity
  8
title
 62
     5
100
AcDbText
 10
3974.746057417439
 20
21086.07410489355
 30
0.0
 40
675.0000000000002
  1
A8
  7
ROMANS
 72
     4
 11
4553.317485988867
 21
21423.57410489355
 31
0.0
100
AcDbAttribute
280
     0
  2
A
 70
     0
280
     0
  0
ATTRIB
  5
1318
330
1316
100
AcDbEntity
  8
title
 62
     2
100
AcDbText
 10
3310.982438785752
 20
20245.93060465518
 30
0.0
 40
375.0000000000001
  1
S-04
 41
0.7724834240839504
  7
ROMANS
 72
     5
 11
4469.707574911677
 21
20245.93060465518
 31
0.0
100
AcDbAttribute
280
     0
  2
S-1
 70
     0
280
     0
  0
ATTRIB
  5
1319
330
1316
100
AcDbEntity
  8
title
 62
     2
100
AcDbText
 10
4596.511381544434
 20
20245.93060465518
 30
0.0
 40
375.0000000000001
  1
S-04
 41
0.7783818372944368
  7
ROMANS
 72
     5
 11
5764.08413748609
 21
20245.93060465518
 31
0.0
100
AcDbAttribute
280
     0
  2
S-1
 70
     0
280
     0
  0
SEQEND
  5
131A
330
1316
100
AcDbEntity
  8
title
  0
INSERT
  5
131B
330
8F9
100
AcDbEntity
  8
title
100
AcDbBlockReference
 66
     1
  2
A$C6C0B0B06
 10
20792.06840969509
 20
20853.0197577668
 30
0.0
 41
150.0
 42
150.0
 43
150.0
  0
ATTRIB
  5
131C
330
131B
100
AcDbEntity
  8
title
 62
     5
100
AcDbText
 10
21429.56840969509
 20
21086.07410489355
 30
0.0
 40
675.0000000000002
  1
A9
  7
ROMANS
 72
     4
 11
21992.06840969509
 21
21423.57410489355
 31
0.0
100
AcDbAttribute
280
     0
  2
A
 70
     0
280
     0
  0
ATTRIB
  5
131D
330
131B
100
AcDbEntity
  8
title
 62
     2
100
AcDbText
 10
20749.73336249197
 20
20245.93060465515
 30
0.0
 40
375.0000000000001
  1
S-04
 41
0.7724834240839504
  7
ROMANS
 72
     5
 11
21908.4584986179
 21
20245.93060465515
 31
0.0
100
AcDbAttribute
280
     0
  2
S-1
 70
     0
280
     0
  0
ATTRIB
  5
131E
330
131B
100
AcDbEntity
  8
title
 62
     2
100
AcDbText
 10
22035.26230525019
 20
20245.93060465515
 30
0.0
 40
375.0000000000001
  1
S-04
 41
0.7783818372947473
  7
ROMANS
 72
     5
 11
23202.83506119231
 21
20245.93060465515
 31
0.0
100
AcDbAttribute
280
     0
  2
S-1
 70
     0
280
     0
  0
SEQEND
  5
131F
330
131B
100
AcDbEntity
  8
title
  0
INSERT
  5
1320
330
8F9
100
AcDbEntity
  8
title
100
AcDbBlockReference
 66
     1
  2
A$C6C0B0B06
 10
38953.3174859898
 20
20853.0197577668
 30
0.0
 41
150.0
 42
150.0
 43
150.0
  0
ATTRIB
  5
1321
330
1320
100
AcDbEntity
  8
title
 62
     5
100
AcDbText
 10
39253.3174859898
 20
21086.07410489355
 30
0.0
 40
675.0000000000002
  1
A10
  7
ROMANS
 72
     4
 11
40153.31748598979
 21
21423.57410489355
 31
0.0
100
AcDbAttribute
280
     0
  2
A
 70
     0
280
     0
  0
ATTRIB
  5
1322
330
1320
100
AcDbEntity
  8
title
 62
     2
100
AcDbText
 10
38910.98243878668
 20
20245.93060465515
 30
0.0
 40
375.0000000000001
  1
S-04
 41
0.7724834240839504
  7
ROMANS
 72
     5
 11
40069.7075749126
 21
20245.93060465515
 31
0.0
100
AcDbAttribute
280
     0
  2
S-1
 70
     0
280
     0
  0
ATTRIB
  5
1323
330
1320
100
AcDbEntity
  8
title
 62
     2
100
AcDbText
 10
40196.5113815449
 20
20245.93060465515
 30
0.0
 40
375.0000000000001
  1
S-04
 41
0.7783818372947473
  7
ROMANS
 72
     5
 11
41364.08413748702
 21
20245.93060465515
 31
0.0
100
AcDbAttribute
280
     0
  2
S-1
 70
     0
280
     0
  0
SEQEND
  5
1324
330
1320
100
AcDbEntity
  8
title
  0
INSERT
  5
1325
330
8F9
100
AcDbEntity
  8
title
100
AcDbBlockReference
 66
     1
  2
A$C6C0B0B06
 10
57306.94500874196
 20
20853.01975776677
 30
0.0
 41
150.0
 42
150.0
 43
150.0
  0
ATTRIB
  5
1326
330
1325
100
AcDbEntity
  8
title
 62
     5
100
AcDbText
 10
57703.37358017052
 20
21086.07410489351
 30
0.0
 40
675.0000000000002
  1
A11
  7
ROMANS
 72
     4
 11
58506.94500874195
 21
21423.57410489352
 31
0.0
100
AcDbAttribute
280
     0
  2
A
 70
     0
280
     0
  0
ATTRIB
  5
1327
330
1325
100
AcDbEntity
  8
title
 62
     2
100
AcDbText
 10
57264.60996153884
 20
20245.93060465515
 30
0.0
 40
375.0000000000001
  1
S-04
 41
0.7724834240836401
  7
ROMANS
 72
     5
 11
58423.33509766429
 21
20245.93060465515
 31
0.0
100
AcDbAttribute
280
     0
  2
S-1
 70
     0
280
     0
  0
ATTRIB
  5
1328
330
1325
100
AcDbEntity
  8
title
 62
     2
100
AcDbText
 10
58550.13890429705
 20
20245.93060465515
 30
0.0
 40
375.0000000000001
  1
S-04
 41
0.7783818372947473
  7
ROMANS
 72
     5
 11
59717.71166023917
 21
20245.93060465515
 31
0.0
100
AcDbAttribute
280
     0
  2
S-1
 70
     0
280
     0
  0
SEQEND
  5
1329
330
1325
100
AcDbEntity
  8
title
  0
INSERT
  5
132A
330
8F9
100
AcDbEntity
  8
title
100
AcDbBlockReference
 66
     1
  2
A$C6C0B0B06
 10
-41112.23228444039
 20
-1092.983375618496
 30
0.0
 41
150.0
 42
150.0
 43
150.0
  0
ATTRIB
  5
132B
330
132A
100
AcDbEntity
  8
title
 62
     5
100
AcDbText
 10
-40812.2322844404
 20
-859.9290284917517
 30
0.0
 40
675.0000000000002
  1
A12
  7
ROMANS
 72
     4
 11
-39912.2322844404
 21
-522.4290284917515
 31
0.0
100
AcDbAttribute
280
     0
  2
A
 70
     0
280
     0
  0
ATTRIB
  5
132C
330
132A
100
AcDbEntity
  8
title
 62
     2
100
AcDbText
 10
-41154.56733164351
 20
-1700.072528730117
 30
0.0
 40
375.0000000000001
  1
S-04
 41
0.7724834240836401
  7
ROMANS
 72
     5
 11
-39995.84219551806
 21
-1700.072528730117
 31
0.0
100
AcDbAttribute
280
     0
  2
S-1
 70
     0
280
     0
  0
ATTRIB
  5
132D
330
132A
100
AcDbEntity
  8
title
 62
     2
100
AcDbText
 10
-39869.0383888853
 20
-1700.072528730117
 30
0.0
 40
375.0000000000001
  1
S-04
 41
0.7783818372947473
  7
ROMANS
 72
     5
 11
-38701.46563294317
 21
-1700.072528730117
 31
0.0
100
AcDbAttribute
280
     0
  2
S-1
 70
     0
280
     0
  0
SEQEND
  5
132E
330
132A
100
AcDbEntity
  8
title
  0
INSERT
  5
132F
330
8F9
100
AcDbEntity
  8
title
100
AcDbBlockReference
 66
     1
  2
A$C6C0B0B06
 10
-20539.19322946641
 20
1078.019757766713
 30
0.0
 41
150.0
 42
150.0
 43
150.0
  0
ATTRIB
  5
1330
330
132F
100
AcDbEntity
  8
title
 62
     5
100
AcDbText
 10
-20239.19322946642
 20
1311.074104893458
 30
0.0
 40
675.0000000000002
  1
A13
  7
ROMANS
 72
     4
 11
-19339.19322946641
 21
1648.574104893458
 31
0.0
100
AcDbAttribute
280
     0
  2
A
 70
     0
280
     0
  0
ATTRIB
  5
1331
330
132F
100
AcDbEntity
  8
title
 62
     2
100
AcDbText
 10
-20581.52827666953
 20
470.9306046550628
 30
0.0
 40
375.0000000000001
  1
S-04
 41
0.7724834240839504
  7
ROMANS
 72
     5
 11
-19422.8031405436
 21
470.9306046550628
 31
0.0
100
AcDbAttribute
280
     0
  2
S-1
 70
     0
280
     0
  0
ATTRIB
  5
1332
330
132F
100
AcDbEntity
  8
title
 62
     2
100
AcDbText
 10
-19295.99933391131
 20
470.9306046550628
 30
0.0
 40
375.0000000000001
  1
S-04
 41
0.7783818372947473
  7
ROMANS
 72
     5
 11
-18128.42657796919
 21
470.9306046550628
 31
0.0
100
AcDbAttribute
280
     0
  2
S-1
 70
     0
280
     0
  0
SEQEND
  5
1333
330
132F
100
AcDbEntity
  8
title
  0
INSERT
  5
1334
330
8F9
100
AcDbEntity
  8
title
100
AcDbBlockReference
 66
     1
  2
A$C6C0B0B06
 10
-672.8630141371104
 20
1078.019757766713
 30
0.0
 41
150.0
 42
150.0
 43
150.0
  0
ATTRIB
  5
1335
330
1334
100
AcDbEntity
  8
title
 62
     5
100
AcDbText
 10
-388.9344427085392
 20
1311.074104893458
 30
0.0
 40
675.0000000000002
  1
A14
  7
ROMANS
 72
     4
 11
527.1369858628895
 21
1648.574104893458
 31
0.0
100
AcDbAttribute
280
     0
  2
A
 70
     0
280
     0
  0
ATTRIB
  5
1336
330
1334
100
AcDbEntity
  8
title
 62
     2
100
AcDbText
 10
-715.1980613402265
 20
470.9306046550919
 30
0.0
 40
375.0000000000001
  1
S-04
 41
0.7724834240839504
  7
ROMANS
 72
     5
 11
443.5270747856994
 21
470.9306046550919
 31
0.0
100
AcDbAttribute
280
     0
  2
S-1
 70
     0
280
     0
  0
ATTRIB
  5
1337
330
1334
100
AcDbEntity
  8
title
 62
     2
100
AcDbText
 10
570.3308814179909
 20
470.9306046550919
 30
0.0
 40
375.0000000000001
  1
S-04
 41
0.7783818372947473
  7
ROMANS
 72
     5
 11
1737.903637360112
 21
470.9306046550919
 31
0.0
100
AcDbAttribute
280
     0
  2
S-1
 70
     0
280
     0
  0
SEQEND
  5
1338
330
1334
100
AcDbEntity
  8
title
  0
INSERT
  5
1339
330
8F9
100
AcDbEntity
  8
title
100
AcDbBlockReference
 66
     1
  2
A$C6C0B0B06
 10
19293.53366365962
 20
1078.019757766684
 30
0.0
 41
150.0
 42
150.0
 43
150.0
  0
ATTRIB
  5
133A
330
1339
100
AcDbEntity
  8
title
 62
     5
100
AcDbText
 10
19593.53366365962
 20
1311.074104893428
 30
0.0
 40
675.0000000000002
  1
A15
  7
ROMANS
 72
     4
 11
20493.53366365962
 21
1648.574104893429
 31
0.0
100
AcDbAttribute
280
     0
  2
A
 70
     0
280
     0
  0
ATTRIB
  5
133B
330
1339
100
AcDbEntity
  8
title
 62
     2
100
AcDbText
 10
19251.1986164565
 20
470.9306046550628
 30
0.0
 40
375.0000000000001
  1
S-04
 41
0.7724834240839504
  7
ROMANS
 72
     5
 11
20409.92375258243
 21
470.9306046550628
 31
0.0
100
AcDbAttribute
280
     0
  2
S-1
 70
     0
280
     0
  0
ATTRIB
  5
133C
330
1339
100
AcDbEntity
  8
title
 62
     2
100
AcDbText
 10
20536.72755921472
 20
470.9306046550628
 30
0.0
 40
375.0000000000001
  1
S-04
 41
0.7783818372947473
  7
ROMANS
 72
     5
 11
21704.30031515684
 21
470.9306046550628
 31
0.0
100
AcDbAttribute
280
     0
  2
S-1
 70
     0
280
     0
  0
SEQEND
  5
133D
330
1339
100
AcDbEntity
  8
title
  0
INSERT
  5
133E
330
8F9
100
AcDbEntity
  8
title
100
AcDbBlockReference
 66
     1
  2
A$C6C0B0B06
 10
36859.73688903338
 20
1078.019757766713
 30
0.0
 41
150.0
 42
150.0
 43
150.0
  0
ATTRIB
  5
133F
330
133E
100
AcDbEntity
  8
title
 62
     5
100
AcDbText
 10
37159.73688903337
 20
1311.074104893458
 30
0.0
 40
675.0000000000002
  1
A16
  7
ROMANS
 72
     4
 11
38059.73688903338
 21
1648.574104893458
 31
0.0
100
AcDbAttribute
280
     0
  2
A
 70
     0
280
     0
  0
ATTRIB
  5
1340
330
133E
100
AcDbEntity
  8
title
 62
     2
100
AcDbText
 10
36817.40184183026
 20
470.9306046550919
 30
0.0
 40
375.0000000000001
  1
S-04
 41
0.7724834240839504
  7
ROMANS
 72
     5
 11
37976.12697795619
 21
470.9306046550919
 31
0.0
100
AcDbAttribute
280
     0
  2
S-1
 70
     0
280
     0
  0
ATTRIB
  5
1341
330
133E
100
AcDbEntity
  8
title
 62
     2
100
AcDbText
 10
38102.93078458848
 20
470.9306046550919
 30
0.0
 40
375.0000000000001
  1
S-04
 41
0.7783818372947473
  7
ROMANS
 72
     5
 11
39270.5035405306
 21
470.9306046550919
 31
0.0
100
AcDbAttribute
280
     0
  2
S-1
 70
     0
280
     0
  0
SEQEND
  5
1342
330
133E
100
AcDbEntity
  8
title
  0
INSERT
  5
1343
330
8F9
100
AcDbEntity
  8
title
100
AcDbBlockReference
 66
     1
  2
A$C6C0B0B06
 10
55431.4763673947
 20
1078.019757766684
 30
0.0
 41
150.0
 42
150.0
 43
150.0
  0
ATTRIB
  5
1344
330
1343
100
AcDbEntity
  8
title
 62
     5
100
AcDbText
 10
55731.4763673947
 20
1311.074104893428
 30
0.0
 40
675.0000000000002
  1
A17
  7
ROMANS
 72
     4
 11
56631.4763673947
 21
1648.574104893429
 31
0.0
100
AcDbAttribute
280
     0
  2
A
 70
     0
280
     0
  0
ATTRIB
  5
1345
330
1343
100
AcDbEntity
  8
title
 62
     2
100
AcDbText
 10
55389.14132019159
 20
470.9306046550628
 30
0.0
 40
375.0000000000001
  1
S-04
 41
0.7724834240836401
  7
ROMANS
 72
     5
 11
56547.86645631705
 21
470.9306046550628
 31
0.0
100
AcDbAttribute
280
     0
  2
S-1
 70
     0
280
     0
  0
ATTRIB
  5
1346
330
1343
100
AcDbEntity
  8
title
 62
     2
100
AcDbText
 10
56674.6702629498
 20
470.9306046550628
 30
0.0
 40
375.0000000000001
  1
S-04
 41
0.7783818372947473
  7
ROMANS
 72
     5
 11
57842.24301889192
 21
470.9306046550628
 31
0.0
100
AcDbAttribute
280
     0
  2
S-1
 70
     0
280
     0
  0
SEQEND
  5
1347
330
1343
100
AcDbEntity
  8
title
  0
INSERT
  5
1348
330
8F9
100
AcDbEntity
  8
title
100
AcDbBlockReference
 66
     1
  2
A$C6C0B0B06
 10
-39097.97293318968
 20
-18696.98024223314
 30
0.0
 41
150.0
 42
150.0
 43
150.0
  0
ATTRIB
  5
1349
330
1348
100
AcDbEntity
  8
title
 62
     5
100
AcDbText
 10
-38797.97293318968
 20
-18463.92589510639
 30
0.0
 40
675.0000000000002
  1
A18
  7
ROMANS
 72
     4
 11
-37897.97293318968
 21
-18126.42589510639
 31
0.0
100
AcDbAttribute
280
     0
  2
A
 70
     0
280
     0
  0
ATTRIB
  5
134A
330
1348
100
AcDbEntity
  8
title
 62
     2
100
AcDbText
 10
-39140.3079803928
 20
-19304.06939534479
 30
0.0
 40
375.0000000000001
  1
S-04
 41
0.7724834240836401
  7
ROMANS
 72
     5
 11
-37981.58284426734
 21
-19304.06939534479
 31
0.0
100
AcDbAttribute
280
     0
  2
S-1
 70
     0
280
     0
  0
ATTRIB
  5
134B
330
1348
100
AcDbEntity
  8
title
 62
     2
100
AcDbText
 10
-37854.77903763458
 20
-19304.06939534479
 30
0.0
 40
375.0000000000001
  1
S-04
 41
0.7783818372947473
  7
ROMANS
 72
     5
 11
-36687.20628169246
 21
-19304.06939534479
 31
0.0
100
AcDbAttribute
280
     0
  2
S-1
 70
     0
280
     0
  0
SEQEND
  5
134C
330
1348
100
AcDbEntity
  8
title
  0
INSERT
  5
134D
330
8F9
100
AcDbEntity
  8
title
100
AcDbBlockReference
 66
     1
  2
A$C6C0B0B06
 10
-20427.10463232707
 20
-18696.98024223317
 30
0.0
 41
150.0
 42
150.0
 43
150.0
  0
ATTRIB
  5
134E
330
134D
100
AcDbEntity
  8
title
 62
     5
100
AcDbText
 10
-20111.03320375565
 20
-18463.92589510642
 30
0.0
 40
675.0000000000002
  1
A19
  7
ROMANS
 72
     4
 11
-19227.10463232707
 21
-18126.42589510642
 31
0.0
100
AcDbAttribute
280
     0
  2
A
 70
     0
280
     0
  0
ATTRIB
  5
134F
330
134D
100
AcDbEntity
  8
title
 62
     2
100
AcDbText
 10
-20469.43967953019
 20
-19304.06939534479
 30
0.0
 40
375.0000000000001
  1
S-04
 41
0.7724834240839504
  7
ROMANS
 72
     5
 11
-19310.71454340426
 21
-19304.06939534479
 31
0.0
100
AcDbAttribute
280
     0
  2
S-1
 70
     0
280
     0
  0
ATTRIB
  5
1350
330
134D
100
AcDbEntity
  8
title
 62
     2
100
AcDbText
 10
-19183.91073677197
 20
-19304.06939534479
 30
0.0
 40
375.0000000000001
  1
S-04
 41
0.7783818372947473
  7
ROMANS
 72
     5
 11
-18016.33798082985
 21
-19304.06939534479
 31
0.0
100
AcDbAttribute
280
     0
  2
S-1
 70
     0
280
     0
  0
SEQEND
  5
1351
330
134D
100
AcDbEntity
  8
title
  0
INSERT
  5
1352
330
8F9
100
AcDbEntity
  8
title
100
AcDbBlockReference
 66
     1
  2
A$C6C0B0B06
 10
1692.45308291752
 20
-18696.98024223317
 30
0.0
 41
150.0
 42
150.0
 43
150.0
  0
ATTRIB
  5
1353
330
1352
100
AcDbEntity
  8
title
 62
     5
100
AcDbText
 10
1992.45308291752
 20
-18463.92589510642
 30
0.0
 40
675.0000000000002
  1
A20
  7
ROMANS
 72
     4
 11
2892.45308291752
 21
-18126.42589510642
 31
0.0
100
AcDbAttribute
280
     0
  2
A
 70
     0
280
     0
  0
ATTRIB
  5
1354
330
1352
100
AcDbEntity
  8
title
 62
     2
100
AcDbText
 10
1650.118035714404
 20
-19304.06939534482
 30
0.0
 40
375.0000000000001
  1
S-04
 41
0.7724834240839504
  7
ROMANS
 72
     5
 11
2808.84317184033
 21
-19304.06939534482
 31
0.0
100
AcDbAttribute
280
     0
  2
S-1
 70
     0
280
     0
  0
ATTRIB
  5
1355
330
1352
100
AcDbEntity
  8
title
 62
     2
100
AcDbText
 10
2935.646978472622
 20
-19304.06939534482
 30
0.0
 40
375.0000000000001
  1
S-04
 41
0.7783818372947473
  7
ROMANS
 72
     5
 11
4103.219734414742
 21
-19304.06939534482
 31
0.0
100
AcDbAttribute
280
     0
  2
S-1
 70
     0
280
     0
  0
SEQEND
  5
1356
330
1352
100
AcDbEntity
  8
title
  0
INSERT
  5
1357
330
8F9
100
AcDbEntity
  8
title
100
AcDbBlockReference
 66
     1
  2
A$C6C0B0B06
 10
26717.80881369094
 20
-18696.9802422332
 30
0.0
 41
150.0
 42
150.0
 43
150.0
  0
ATTRIB
  5
1358
330
1357
100
AcDbEntity
  8
title
 62
     5
100
AcDbText
 10
27114.23738511951
 20
-18463.92589510645
 30
0.0
 40
675.0000000000002
  1
A21
  7
ROMANS
 72
     4
 11
27917.80881369094
 21
-18126.42589510645
 31
0.0
100
AcDbAttribute
280
     0
  2
A
 70
     0
280
     0
  0
ATTRIB
  5
1359
330
1357
100
AcDbEntity
  8
title
 62
     2
100
AcDbText
 10
26675.47376648782
 20
-19304.06939534482
 30
0.0
 40
375.0000000000001
  1
S-04
 41
0.7724834240839504
  7
ROMANS
 72
     5
 11
27834.19890261375
 21
-19304.06939534482
 31
0.0
100
AcDbAttribute
280
     0
  2
S-1
 70
     0
280
     0
  0
ATTRIB
  5
135A
330
1357
100
AcDbEntity
  8
title
 62
     2
100
AcDbText
 10
27961.00270924604
 20
-19304.06939534482
 30
0.0
 40
375.0000000000001
  1
S-04
 41
0.7783818372947473
  7
ROMANS
 72
     5
 11
29128.57546518816
 21
-19304.06939534482
 31
0.0
100
AcDbAttribute
280
     0
  2
S-1
 70
     0
280
     0
  0
SEQEND
  5
135B
330
1357
100
AcDbEntity
  8
title
  0
INSERT
  5
135C
330
8F9
100
AcDbEntity
  8
title
100
AcDbBlockReference
 66
     1
  2
A$C6C0B0B06
 10
54126.87669902786
 20
-18696.98024223323
 30
0.0
 41
150.0
 42
150.0
 43
150.0
  0
ATTRIB
  5
135D
330
135C
100
AcDbEntity
  8
title
 62
     5
100
AcDbText
 10
54426.87669902786
 20
-18463.92589510648
 30
0.0
 40
675.0000000000002
  1
A22
  7
ROMANS
 72
     4
 11
55326.87669902786
 21
-18126.42589510648
 31
0.0
100
AcDbAttribute
280
     0
  2
A
 70
     0
280
     0
  0
ATTRIB
  5
135E
330
135C
100
AcDbEntity
  8
title
 62
     2
100
AcDbText
 10
54084.54165182475
 20
-19304.06939534485
 30
0.0
 40
375.0000000000001
  1
S-04
 41
0.7724834240839504
  7
ROMANS
 72
     5
 11
55243.26678795067
 21
-19304.06939534485
 31
0.0
100
AcDbAttribute
280
     0
  2
S-1
 70
     0
280
     0
  0
ATTRIB
  5
135F
330
135C
100
AcDbEntity
  8
title
 62
     2
100
AcDbText
 10
55370.07059458296
 20
-19304.06939534485
 30
0.0
 40
375.0000000000001
  1
S-04
 41
0.7783818372947473
  7
ROMANS
 72
     5
 11
56537.64335052509
 21
-19304.06939534485
 31
0.0
100
AcDbAttribute
280
     0
  2
S-1
 70
     0
280
     0
  0
SEQEND
  5
1360
330
135C
100
AcDbEntity
  8
title
  0
INSERT
  5
1361
330
8F9
100
AcDbEntity
  8
title
100
AcDbBlockReference
 66
     1
  2
A$C6C0B0B06
 10
-16824.7198095794
 20
28795.58248568125
 30
0.0
 41
150.0
 42
150.0
 43
150.0
  0
ATTRIB
  5
1362
330
1361
100
AcDbEntity
  8
title
 62
     5
100
AcDbText
 10
-16492.57695243654
 20
29028.636832808
 30
0.0
 40
675.0000000000002
  1
A7a
  7
ROMANS
 72
     4
 11
-15624.7198095794
 21
29366.136832808
 31
0.0
100
AcDbAttribute
280
     0
  2
A
 70
     0
280
     0
  0
ATTRIB
  5
1363
330
1361
100
AcDbEntity
  8
title
 62
     2
100
AcDbText
 10
-16867.05485678252
 20
28188.49333256963
 30
0.0
 40
375.0000000000001
  1
S-04
 41
0.7724834240839504
  7
ROMANS
 72
     5
 11
-15708.32972065659
 21
28188.49333256963
 31
0.0
100
AcDbAttribute
280
     0
  2
S-1
 70
     0
280
     0
  0
ATTRIB
  5
1364
330
1361
100
AcDbEntity
  8
title
 62
     2
100
AcDbText
 10
-15581.5259140243
 20
28188.49333256963
 30
0.0
 40
375.0000000000001
  1
S-04
 41
0.7783818372947473
  7
ROMANS
 72
     5
 11
-14413.95315808218
 21
28188.49333256963
 31
0.0
100
AcDbAttribute
280
     0
  2
S-1
 70
     0
280
     0
  0
SEQEND
  5
1365
330
1361
100
AcDbEntity
  8
title
  0
INSERT
  5
1366
330
8F9
100
AcDbEntity
  8
title
100
AcDbBlockReference
 66
     1
  2
A$C6C0B0B06
 10
-12232.05031425386
 20
-22946.98024223291
 30
0.0
 41
150.0
 42
150.0
 43
150.0
  0
ATTRIB
  5
1367
330
1366
100
AcDbEntity
  8
title
 62
     5
100
AcDbText
 10
-11321.33602853958
 20
-22713.92589510616
 30
0.0
 40
675.0000000000002
  1
A
  7
ROMANS
 72
     4
 11
-11032.05031425386
 21
-22376.42589510616
 31
0.0
100
AcDbAttribute
280
     0
  2
A
 70
     0
280
     0
  0
ATTRIB
  5
1368
330
1366
100
AcDbEntity
  8
title
 62
     2
100
AcDbText
 10
-12274.38536145698
 20
-23554.06939534453
 30
0.0
 40
375.0000000000001
  1
S-04
 41
0.7724834240836401
  7
ROMANS
 72
     5
 11
-11115.66022533152
 21
-23554.06939534453
 31
0.0
100
AcDbAttribute
280
     0
  2
S-1
 70
     0
280
     0
  0
ATTRIB
  5
1369
330
1366
100
AcDbEntity
  8
title
 62
     2
100
AcDbText
 10
-10988.85641869876
 20
-23554.06939534453
 30
0.0
 40
375.0000000000001
  1
S-04
 41
0.7783818372947473
  7
ROMANS
 72
     5
 11
-9821.283662756643
 21
-23554.06939534453
 31
0.0
100
AcDbAttribute
280
     0
  2
S-1
 70
     0
280
     0
  0
SEQEND
  5
136A
330
1366
100
AcDbEntity
  8
title
  0
TEXT
  5
136B
330
8F9
100
AcDbEntity
  8
TG
100
AcDbText
 10
-66758.36071326511
 20
31848.35587856404
 30
0.0
 40
375.0
  1
     3,000 PSI
 41
0.9
  7
ROMANS
100
AcDbText
  0
TEXT
  5
136C
330
8F9
100
AcDbEntity
  8
TG
100
AcDbText
 10
-66758.36071326511
 20
29610.39477168254
 30
0.0
 40
375.0
  1
     3,000 PSI
 41
0.9
  7
ROMANS
100
AcDbText
  0
TEXT
  5
136D
330
8F9
100
AcDbEntity
  8
TG
100
AcDbText
 10
-66758.36071326511
 20
27806.32355049156
 30
0.0
 40
375.0
  1
     3,000 PSI
 41
0.9
  7
ROMANS
100
AcDbText
  0
ENDBLK
  5
136E
330
8F9
100
AcDbEntity
  8
0
100
AcDbBlockEnd
  0
ENDSEC
  0
SECTION
  2
ENTITIES
  0
INSERT
  5
13B2
330
1F
100
AcDbEntity
  8
ST-DIM_E
100
AcDbBlockReference
  2
A$C9b866f26
 10
3676.55842977608
 20
2090.638278018077
 30
0.0
 41
0.002772
 42
0.002772
 43
0.002772
  0
ENDSEC
  0
SECTION
  2
OBJECTS
  0
DICTIONARY
  5
C
330
0
100
AcDbDictionary
281
     1
  3
ACAD_CIP_PREVIOUS_PRODUCT_INFO
350
216
  3
ACAD_COLOR
350
6B
  3
ACAD_DETAILVIEWSTYLE
350
21B
  3
ACAD_GROUP
350
D
  3
ACAD_LAYOUT
350
1A
  3
ACAD_MATERIAL
350
6A
  3
ACAD_MLEADERSTYLE
350
12D
  3
ACAD_MLINESTYLE
350
17
  3
ACAD_PLOTSETTINGS
350
19
  3
ACAD_PLOTSTYLENAME
350
E
  3
ACAD_SCALELIST
350
10C
  3
ACAD_SECTIONVIEWSTYLE
350
219
  3
ACAD_TABLESTYLE
350
7E
  3
ACAD_VISUALSTYLE
350
EF
  3
ACDB_RECOMPOSE_DATA
350
13D0
  3
AcDbVariableDictionary
350
5E
  3
AEC_PROPERTY_SET_DEFS
350
13AF
  0
DICTIONARY
  5
1FF
330
2
100
AcDbDictionary
280
     1
281
     1
  3
ACAD_LAYERSTATES
360
200
  0
DICTIONARY
  5
13C
330
10
100
AcDbDictionary
280
     1
281
     1
  0
DICTIONARY
  5
1377
330
1376
100
AcDbDictionary
280
     1
281
     1
  0
DICTIONARY
  5
137C
330
137B
100
AcDbDictionary
280
     1
281
     1
  0
DICTIONARY
  5
1381
330
1380
100
AcDbDictionary
280
     1
281
     1
  0
DICTIONARY
  5
1383
330
1382
100
AcDbDictionary
280
     1
281
     1
  0
DICTIONARY
  5
1385
330
1384
100
AcDbDictionary
280
     1
281
     1
  0
DICTIONARY
  5
1387
330
1386
100
AcDbDictionary
280
     1
281
     1
  0
DICTIONARY
  5
1389
330
1388
100
AcDbDictionary
280
     1
281
     1
  0
DICTIONARY
  5
138B
330
138A
100
AcDbDictionary
280
     1
281
     1
  0
DICTIONARY
  5
138D
330
138C
100
AcDbDictionary
280
     1
281
     1
  0
DICTIONARY
  5
1CE
330
1F
100
AcDbDictionary
280
     1
281
     1
  0
DICTIONARY
  5
28D
330
28C
100
AcDbDictionary
280
     1
281
     1
  3
ACAD_SORTENTS
360
28E
  0
DICTIONARY
  5
8FA
330
8F9
100
AcDbDictionary
280
     1
281
     1
  3
ACAD_SORTENTS
360
8FB
  0
XRECORD
  5
216
102
{ACAD_REACTORS
330
C
102
}
330
C
100
AcDbXrecord
280
     1
300
ACD
300
2019
300
ACD_F_S
  0
DICTIONARY
  5
6B
102
{ACAD_REACTORS
330
C
102
}
330
C
100
AcDbDictionary
281
     1
  0
DICTIONARY
  5
21B
102
{ACAD_REACTORS
330
C
102
}
330
C
100
AcDbDictionary
281
     1
  3
Imperial24
350
13A7
  3
Metric50
350
21C
  0
DICTIONARY
  5
D
102
{ACAD_REACTORS
330
C
102
}
330
C
100
AcDbDictionary
281
     1
  0
DICTIONARY
  5
1A
102
{ACAD_REACTORS
330
C
102
}
330
C
100
AcDbDictionary
281
     1
  3
Layout1
350
D3
  3
Layout2
350
D7
  3
Model
350
22
  0
DICTIONARY
  5
6A
102
{ACAD_REACTORS
330
C
102
}
330
C
100
AcDbDictionary
281
     1
  3
ByBlock
350
ED
  3
ByLayer
350
EC
  3
Global
350
EE
  0
DICTIONARY
  5
12D
102
{ACAD_REACTORS
330
C
102
}
330
C
100
AcDbDictionary
281
     1
  3
Annotative
350
13B
  3
Standard
350
12E
  0
DICTIONARY
  5
17
102
{ACAD_REACTORS
330
C
102
}
330
C
100
AcDbDictionary
281
     1
  3
Standard
350
18
  0
DICTIONARY
  5
19
102
{ACAD_REACTORS
330
C
102
}
330
C
100
AcDbDictionary
281
     1
  0
ACDBDICTIONARYWDFLT
  5
E
102
{ACAD_REACTORS
330
C
102
}
330
C
100
AcDbDictionary
281
     1
  3
Normal
350
F
100
AcDbDictionaryWithDefault
340
F
  0
DICTIONARY
  5
10C
102
{ACAD_REACTORS
330
C
102
}
330
C
100
AcDbDictionary
281
     1
  3
A0
350
10D
  3
A1
350
1BE
  3
A2
350
1BF
  3
A3
350
1C0
  3
A4
350
1C1
  3
A5
350
1C2
  3
A6
350
1C3
  3
A7
350
1C4
  3
A8
350
1C5
  3
A9
350
1C6
  3
B0
350
1C7
  3
B1
350
1C8
  3
B2
350
1C9
  3
B3
350
1CA
  3
B4
350
1CB
  3
B5
350
1CC
  3
B6
350
1CD
  0
DICTIONARY
  5
219
102
{ACAD_REACTORS
330
C
102
}
330
C
100
AcDbDictionary
281
     1
  3
Imperial24
350
13A6
  3
Metric50
350
21A
  0
DICTIONARY
  5
7E
102
{ACAD_REACTORS
330
C
102
}
330
C
100
AcDbDictionary
281
     1
  3
Standard
350
7F
  0
DICTIONARY
  5
EF
102
{ACAD_REACTORS
330
C
102
}
330
C
100
AcDbDictionary
281
     1
  3
2dWireframe
350
F5
  3
Basic
350
F4
  3
Brighten
350
FB
  3
ColorChange
350
FF
  3
Conceptual
350
F8
  3
Dim
350
FA
  3
EdgeColorOff
350
1E6
  3
Facepattern
350
FE
  3
Flat
350
F0
  3
FlatWithEdges
350
F1
  3
Gouraud
350
F2
  3
GouraudWithEdges
350
F3
  3
Hidden
350
F7
  3
JitterOff
350
1E4
  3
Linepattern
350
FD
  3
OverhangOff
350
1E5
  3
Realistic
350
F9
  3
Shaded
350
1F3
  3
Shaded with edges
350
1F2
  3
Shades of Gray
350
1EF
  3
Sketchy
350
1F0
  3
Thicken
350
FC
  3
Wireframe
350
F6
  3
X-Ray
350
1F1
  0
XRECORD
  5
13D0
102
{ACAD_REACTORS
330
C
102
}
330
C
100
AcDbXrecord
280
     1
 90
        1
330
7F
330
B9D
330
B9E
330
BA0
330
BA2
330
C15
330
C18
330
C3B
330
FD3
330
FD4
  0
DICTIONARY
  5
5E
102
{ACAD_REACTORS
330
C
102
}
330
C
100
AcDbDictionary
281
     1
  3
CANNOSCALE
350
146
  3
CENTEREXE
350
259
  3
CENTERLTYPEFILE
350
25A
  3
CMLEADERSTYLE
350
145
  3
CTABLESTYLE
350
84
  3
CVIEWDETAILSTYLE
350
227
  3
CVIEWSECTIONSTYLE
350
228
  3
DIMASSOC
350
5F
  3
HIDETEXT
350
63
  3
LAYEREVAL
350
1AE
  3
LAYERNOTIFY
350
1AF
  0
DICTIONARY
  5
13AF
102
{ACAD_REACTORS
330
C
102
}
330
C
100
AcDbDictionary
281
     1
  0
DICTIONARY
  5
200
102
{ACAD_REACTORS
330
1FF
102
}
330
1FF
100
AcDbDictionary
281
     1
  0
SORTENTSTABLE
  5
28E
102
{ACAD_REACTORS
330
28D
102
}
330
28D
100
AcDbSortentsTable
330
28C
  0
SORTENTSTABLE
  5
8FB
102
{ACAD_REACTORS
330
8FA
102
}
330
8FA
100
AcDbSortentsTable
330
8F9
  0
ACDBDETAILVIEWSTYLE
  5
13A7
102
{ACAD_REACTORS
330
21B
102
}
330
21B
100
AcDbModelDocViewStyle
 70
     0
  3
Imperial24
290
     0
300
Imperial24
 90
        0
100
AcDbDetailViewStyle
 70
     0
 71
     0
 90
        3
 71
     1
340
11
 62
   256
 40
0.24
340
0
 62
   256
 40
0.24
300

 40
0.36
280
     3
 71
     2
340
16
 90
       25
 62
   256
 71
     3
340
11
 62
   256
 40
0.24
 90
        1
 40
0.75
 90
        1
300
%<\AcVar ViewType \f "%tc1">% %<\AcVar ViewDetailId>%\PSCALE %<\AcVar ViewScale \f "%sn">%
 71
     4
340
16
 90
       25
 62
   256
340
16
 90
       25
 62
   256
280
     0
  0
ACDBDETAILVIEWSTYLE
  5
21C
102
{ACAD_REACTORS
330
21B
102
}
330
21B
100
AcDbModelDocViewStyle
 70
     0
  3
Metric50
290
     0
300
Metric50
 90
        0
100
AcDbDetailViewStyle
 70
     0
 71
     0
 90
        3
 71
     1
340
11
 62
   256
 40
5.0
340
0
 62
   256
 40
5.0
300

 40
0.0
280
     1
 71
     2
340
16
 90
       25
 62
   256
 71
     3
340
11
 62
   256
 40
5.0
 90
        0
 40
15.0
 90
        1
300
%<\AcVar ViewDetailId>% (%<\AcVar ViewScale \f "%sn">%)
 71
     4
340
16
 90
       25
 62
   256
340
16
 90
       25
 62
   256
280
     0
  0
LAYOUT
  5
D3
102
{ACAD_REACTORS
330
1A
102
}
330
1A
100
AcDbPlotSettings
  1

  2
C:\Documents and Settings\basas\Application Data\Autodesk\AutoCAD 2005\R16.1\enu\plotters\Default Windows System Printer.pc3
  4

  6

 40
0.0
 41
0.0
 42
0.0
 43
0.0
 44
0.0
 45
0.0
 46
0.0
 47
0.0
 48
0.0
 49
0.0
140
0.0
141
0.0
142
1.0
143
1.0
 70
   688
 72
     0
 73
     0
 74
     5
  7

 75
    16
147
1.0
 76
     0
 77
     2
 78
   300
148
0.0
149
0.0
100
AcDbLayout
  1
Layout1
 70
     1
 71
     1
 10
0.0
 20
0.0
 11
12.0
 21
9.0
 12
0.0
 22
0.0
 32
0.0
 14
0.0
 24
0.0
 34
0.0
 15
0.0
 25
0.0
 35
0.0
146
0.0
 13
0.0
 23
0.0
 33
0.0
 16
1.0
 26
0.0
 36
0.0
 17
0.0
 27
1.0
 37
0.0
 76
     0
330
D2
  0
LAYOUT
  5
D7
102
{ACAD_REACTORS
330
1A
102
}
330
1A
100
AcDbPlotSettings
  1

  2
C:\Documents and Settings\basas\Application Data\Autodesk\AutoCAD 2005\R16.1\enu\plotters\Default Windows System Printer.pc3
  4

  6

 40
0.0
 41
0.0
 42
0.0
 43
0.0
 44
0.0
 45
0.0
 46
0.0
 47
0.0
 48
0.0
 49
0.0
140
0.0
141
0.0
142
1.0
143
1.0
 70
   688
 72
     0
 73
     0
 74
     5
  7

 75
    16
147
1.0
 76
     0
 77
     2
 78
   300
148
0.0
149
0.0
100
AcDbLayout
  1
Layout2
 70
     1
 71
     2
 10
0.0
 20
0.0
 11
12.0
 21
9.0
 12
0.0
 22
0.0
 32
0.0
 14
0.0
 24
0.0
 34
0.0
 15
0.0
 25
0.0
 35
0.0
146
0.0
 13
0.0
 23
0.0
 33
0.0
 16
1.0
 26
0.0
 36
0.0
 17
0.0
 27
1.0
 37
0.0
 76
     0
330
D6
  0
LAYOUT
  5
22
102
{ACAD_XDICTIONARY
360
205
102
}
102
{ACAD_REACTORS
330
1A
102
}
330
1A
100
AcDbPlotSettings
  1

  2
none_device
  4
ISO_A4_(210.00_x_297.00_MM)
  6

 40
7.5
 41
20.0
 42
7.5
 43
20.0
 44
210.0
 45
297.0
 46
11.54999923706054
 47
-13.65000009536743
 48
0.0
 49
0.0
140
0.0
141
0.0
142
1.0
143
8.704084754739808
 70
 11952
 72
     1
 73
     0
 74
     0
  7

 75
     0
147
0.1148885871608098
 76
     0
 77
     2
 78
   300
148
0.0
149
0.0
100
AcDbLayout
  1
Model
 70
     1
 71
     0
 10
0.0
 20
0.0
 11
12.0
 21
9.0
 12
0.0
 22
0.0
 32
0.0
 14
0.0
 24
0.0
 34
0.0
 15
0.0
 25
0.0
 35
0.0
146
0.0
 13
0.0
 23
0.0
 33
0.0
 16
1.0
 26
0.0
 36
0.0
 17
0.0
 27
1.0
 37
0.0
 76
     0
330
1F
331
EA
1001
ACAD_PSEXT
1000
None
1000
None
1000
Not applicable
1000
The layout will not be plotted unless a new plotter configuration name is selected.
1070
     0
  0
MATERIAL
  5
ED
102
{ACAD_XDICTIONARY
360
1F9
102
}
102
{ACAD_REACTORS
330
6A
102
}
330
6A
100
AcDbMaterial
  1
ByBlock
 94
       63
  0
MATERIAL
  5
EC
102
{ACAD_XDICTIONARY
360
1F7
102
}
102
{ACAD_REACTORS
330
6A
102
}
330
6A
100
AcDbMaterial
  1
ByLayer
 94
       63
  0
MATERIAL
  5
EE
102
{ACAD_XDICTIONARY
360
173
102
}
102
{ACAD_REACTORS
330
6A
102
}
330
6A
100
AcDbMaterial
  1
Global
 43
0.0007999999797903
 43
0.0
 43
0.0
 43
0.0
 43
0.0
 43
0.0007999999797903
 43
0.0
 43
0.0
 43
0.0
 43
0.0
 43
1.0
 43
0.0
 43
0.0
 43
0.0
 43
0.0
 43
1.0
 49
0.0007999999797903
 49
0.0
 49
0.0
 49
0.0
 49
0.0
 49
0.0007999999797903
 49
0.0
 49
0.0
 49
0.0
 49
0.0
 49
1.0
 49
0.0
 49
0.0
 49
0.0
 49
0.0
 49
1.0
142
0.0007999999797903
142
0.0
142
0.0
142
0.0
142
0.0
142
0.0007999999797903
142
0.0
142
0.0
142
0.0
142
0.0
142
1.0
142
0.0
142
0.0
142
0.0
142
0.0
142
1.0
144
0.0007999999797903
144
0.0
144
0.0
144
0.0
144
0.0
144
0.0007999999797903
144
0.0
144
0.0
144
0.0
144
0.0
144
1.0
144
0.0
144
0.0
144
0.0
144
0.0
144
1.0
 94
       63
1001
ACAD
1070
    -1
1070
     3
1070
     0
1000

1071
        0
1070
     0
  0
MLEADERSTYLE
  5
13B
102
{ACAD_REACTORS
330
12D
102
}
330
12D
100
AcDbMLeaderStyle
179
     2
170
     2
171
     1
172
     0
 90
        2
 40
0.0
 41
0.0
173
     1
 91
-1056964608
340
14
 92
       -2
290
     1
 42
2.0
291
     1
 43
8.0
  3
Standard
 44
4.0
300

342
11
174
     1
178
     1
175
     1
176
     0
 93
-1056964608
 45
4.0
292
     0
297
     0
 46
4.0
 94
-1056964608
 47
1.0
 49
1.0
140
1.0
293
     1
141
0.0
294
     1
177
     0
142
1.0
295
     0
296
     1
143
3.75
271
     0
272
     9
273
     9
298
     0
  0
MLEADERSTYLE
  5
12E
102
{ACAD_REACTORS
330
12D
102
}
330
12D
100
AcDbMLeaderStyle
179
     2
170
     2
171
     1
172
     0
 90
        2
 40
0.0
 41
0.0
173
     1
 91
-1056964608
340
14
 92
       -2
290
     1
 42
2.0
291
     1
 43
8.0
  3
Standard
 44
4.0
300

342
11
174
     1
178
     1
175
     1
176
     0
 93
-1056964608
 45
4.0
292
     0
297
     0
 46
4.0
 94
-1056964608
 47
1.0
 49
1.0
140
1.0
293
     1
141
0.0
294
     1
177
     0
142
1.0
295
     0
296
     0
143
3.75
271
     0
272
     9
273
     9
298
     0
  0
MLINESTYLE
  5
18
102
{ACAD_REACTORS
330
17
102
}
330
17
100
AcDbMlineStyle
  2
STANDARD
 70
     0
  3

 62
   256
 51
90.0
 52
90.0
 71
     2
 49
0.5
 62
   256
  6
BYLAYER
 49
-0.5
 62
   256
  6
BYLAYER
  0
ACDBPLACEHOLDER
  5
F
102
{ACAD_REACTORS
330
E
102
}
330
E
  0
SCALE
  5
10D
102
{ACAD_REACTORS
330
10C
102
}
330
10C
100
AcDbScale
 70
     0
300
1:1
140
1.0
141
1.0
290
     1
  0
SCALE
  5
1BE
102
{ACAD_REACTORS
330
10C
102
}
330
10C
100
AcDbScale
 70
     0
300
1:2
140
1.0
141
2.0
290
     0
  0
SCALE
  5
1BF
102
{ACAD_REACTORS
330
10C
102
}
330
10C
100
AcDbScale
 70
     0
300
1:4
140
1.0
141
4.0
290
     0
  0
SCALE
  5
1C0
102
{ACAD_REACTORS
330
10C
102
}
330
10C
100
AcDbScale
 70
     0
300
1:5
140
1.0
141
5.0
290
     0
  0
SCALE
  5
1C1
102
{ACAD_REACTORS
330
10C
102
}
330
10C
100
AcDbScale
 70
     0
300
1:8
140
1.0
141
8.0
290
     0
  0
SCALE
  5
1C2
102
{ACAD_REACTORS
330
10C
102
}
330
10C
100
AcDbScale
 70
     0
300
1:10
140
1.0
141
10.0
290
     0
  0
SCALE
  5
1C3
102
{ACAD_REACTORS
330
10C
102
}
330
10C
100
AcDbScale
 70
     0
300
1:16
140
1.0
141
16.0
290
     0
  0
SCALE
  5
1C4
102
{ACAD_REACTORS
330
10C
102
}
330
10C
100
AcDbScale
 70
     0
300
1:20
140
1.0
141
20.0
290
     0
  0
SCALE
  5
1C5
102
{ACAD_REACTORS
330
10C
102
}
330
10C
100
AcDbScale
 70
     0
300
1:30
140
1.0
141
30.0
290
     0
  0
SCALE
  5
1C6
102
{ACAD_REACTORS
330
10C
102
}
330
10C
100
AcDbScale
 70
     0
300
1:40
140
1.0
141
40.0
290
     0
  0
SCALE
  5
1C7
102
{ACAD_REACTORS
330
10C
102
}
330
10C
100
AcDbScale
 70
     0
300
1:50
140
1.0
141
50.0
290
     0
  0
SCALE
  5
1C8
102
{ACAD_REACTORS
330
10C
102
}
330
10C
100
AcDbScale
 70
     0
300
1:100
140
1.0
141
100.0
290
     0
  0
SCALE
  5
1C9
102
{ACAD_REACTORS
330
10C
102
}
330
10C
100
AcDbScale
 70
     0
300
2:1
140
2.0
141
1.0
290
     0
  0
SCALE
  5
1CA
102
{ACAD_REACTORS
330
10C
102
}
330
10C
100
AcDbScale
 70
     0
300
4:1
140
4.0
141
1.0
290
     0
  0
SCALE
  5
1CB
102
{ACAD_REACTORS
330
10C
102
}
330
10C
100
AcDbScale
 70
     0
300
8:1
140
8.0
141
1.0
290
     0
  0
SCALE
  5
1CC
102
{ACAD_REACTORS
330
10C
102
}
330
10C
100
AcDbScale
 70
     0
300
10:1
140
10.0
141
1.0
290
     0
  0
SCALE
  5
1CD
102
{ACAD_REACTORS
330
10C
102
}
330
10C
100
AcDbScale
 70
     0
300
100:1
140
100.0
141
1.0
290
     0
  0
ACDBSECTIONVIEWSTYLE
  5
13A6
102
{ACAD_REACTORS
330
219
102
}
330
219
100
AcDbModelDocViewStyle
 70
     0
  3
Imperial24
290
     0
300
Imperial24
 90
        0
100
AcDbSectionViewStyle
 70
     0
 71
     0
 90
       78
 71
     1
340
11
 62
   256
 40
0.24
340
0
340
0
 62
   256
 40
0.24
300
I, O, Q, S, X, Z
 40
0.48
 90
        3
 40
0.18
 90
        1
 71
     2
340
16
 90
       25
 62
   256
340
16
 90
       50
 62
   256
 40
0.24
 40
0.0
 40
0.24
 71
     3
340
11
 62
   256
 40
0.24
 90
        1
 40
0.75
 90
        1
300
%<\AcVar ViewType \f "%tc1">% %<\AcVar ViewSectionStartId>%-%<\AcVar ViewSectionEndId>%\PSCALE %<\AcVar ViewScale \f "%sn">%
 71
     4
 62
   256
 62
   257
300
ANSI31
 40
1.0
 90
        0
290
     0
290
     0
 90
        6
 40
0.0
 40
1.570796326794896
 40
0.2617993877991494
 40
1.308996938995747
 40
-0.2617993877991494
 40
1.832595714594046
  0
ACDBSECTIONVIEWSTYLE
  5
21A
102
{ACAD_REACTORS
330
219
102
}
330
219
100
AcDbModelDocViewStyle
 70
     0
  3
Metric50
290
     0
300
Metric50
 90
        0
100
AcDbSectionViewStyle
 70
     0
 71
     0
 90
      102
 71
     1
340
11
 62
   256
 40
5.0
340
0
340
0
 62
   256
 40
5.0
300
I, O, Q, S, X, Z
 40
10.0
 90
        0
 40
2.5
 90
        0
 71
     2
340
16
 90
       25
 62
   256
340
16
 90
       50
 62
   256
 40
5.0
 40
2.5
 40
5.0
 71
     3
340
11
 62
   256
 40
5.0
 90
        0
 40
15.0
 90
        1
300
%<\AcVar ViewSectionStartId>%-%<\AcVar ViewSectionEndId>% (%<\AcVar ViewScale \f "%sn">%)
 71
     4
 62
   256
 62
   257
300
ANSI31
 40
1.0
 90
        0
290
     0
290
     0
 90
        6
 40
0.0
 40
1.570796326794896
 40
0.2617993877991494
 40
1.308996938995747
 40
-0.2617993877991494
 40
1.832595714594046
  0
TABLESTYLE
  5
7F
102
{ACAD_XDICTIONARY
360
162
102
}
102
{ACAD_REACTORS
330
7E
102
}
330
7E
100
AcDbTableStyle
280
     0
  3
Standard
 70
     0
 71
     0
 40
1.5
 41
1.5
280
     0
281
     0
  7
Standard
140
4.5
170
     2
 62
     0
 63
     7
283
     0
 90
      512
 91
        0
  1

274
    -2
284
     1
 64
     0
275
    -2
285
     1
 65
     0
276
    -2
286
     1
 66
     0
277
    -2
287
     1
 67
     0
278
    -2
288
     1
 68
     0
279
    -2
289
     1
 69
     0
  7
Standard
140
6.0
170
     5
 62
     0
 63
     7
283
     0
 90
      512
 91
        0
  1

274
    -2
284
     1
 64
     0
275
    -2
285
     1
 65
     0
276
    -2
286
     1
 66
     0
277
    -2
287
     1
 67
     0
278
    -2
288
     1
 68
     0
279
    -2
289
     1
 69
     0
  7
Standard
140
4.5
170
     5
 62
     0
 63
     7
283
     0
 90
      512
 91
        0
  1

274
    -2
284
     1
 64
     0
275
    -2
285
     1
 65
     0
276
    -2
286
     1
 66
     0
277
    -2
287
     1
 67
     0
278
    -2
288
     1
 68
     0
279
    -2
289
     1
 69
     0
  0
VISUALSTYLE
  5
F5
102
{ACAD_REACTORS
330
EF
102
}
330
EF
100
AcDbVisualStyle
  2
2dWireframe
 70
     4
177
     3
291
     0
 70
    58
 90
        0
176
     1
 90
        2
176
     1
 90
        1
176
     1
 90
        0
176
     1
 40
0.6
176
     1
 40
30.0
176
     1
 62
     7
420
 16777215
176
     1
 90
        1
176
     1
 90
        4
176
     1
 62
     7
176
     1
 62
   257
176
     1
 90
        1
176
     1
 90
        1
176
     1
 40
1.0
176
     1
 90
        0
176
     1
 62
   257
176
     1
 40
1.0
176
     1
 90
        1
176
     1
 90
        6
176
     1
 90
        2
176
     1
 62
     7
176
     1
 90
        5
176
     1
 90
        0
176
     1
 90
        0
176
     1
290
     0
176
     1
 90
        1
176
     1
 40
0.0
176
     1
 90
        0
176
     1
290
     1
176
     1
290
     1
176
     1
290
     0
176
     1
290
     0
176
     1
290
     0
176
     1
290
     0
176
     1
290
     0
176
     1
290
     0
176
     1
290
     0
176
     1
 90
       50
176
     1
 40
0.0
176
     1
 40
1.0
176
     1
 90
        0
176
     1
 62
    18
420
        0
176
     1
 90
       50
176
     1
 90
        3
176
     1
 62
     5
420
      255
176
     1
290
     0
176
     1
 90
       50
176
     1
 90
       50
176
     1
 90
       50
176
     1
290
     0
176
     1
 90
       50
176
     1
 62
   256
176
     0
 40
1.0
176
     0
 90
        2
176
     1
  1
strokes_ogs.tif
176
     1
290
     0
176
     1
 40
1.0
176
     1
 40
1.0
176
     1
  0
VISUALSTYLE
  5
F4
102
{ACAD_REACTORS
330
EF
102
}
330
EF
100
AcDbVisualStyle
  2
Basic
 70
     7
177
     3
291
     1
 70
    58
 90
        1
176
     1
 90
        0
176
     1
 90
        1
176
     1
 90
        0
176
     1
 40
0.6
176
     1
 40
30.0
176
     1
 62
     7
420
 16777215
176
     1
 90
        0
176
     1
 90
        4
176
     1
 62
     7
176
     1
 62
   257
176
     1
 90
        1
176
     1
 90
        1
176
     1
 40
1.0
176
     1
 90
        8
176
     1
 62
     7
176
     1
 40
1.0
176
     1
 90
        1
176
     1
 90
        6
176
     1
 90
        2
176
     1
 62
     7
176
     1
 90
        5
176
     1
 90
        0
176
     1
 90
        0
176
     1
290
     0
176
     1
 90
        1
176
     1
 40
0.0
176
     1
 90
        0
176
     1
290
     0
176
     1
290
     1
176
     1
290
     1
176
     1
290
     0
176
     1
290
     0
176
     1
290
     0
176
     1
290
     0
176
     1
290
     0
176
     1
290
     0
176
     1
 90
       50
176
     1
 40
0.0
176
     1
 40
1.0
176
     1
 90
        0
176
     1
 62
    18
420
        0
176
     1
 90
       50
176
     1
 90
        3
176
     1
 62
     5
420
      255
176
     1
290
     0
176
     1
 90
       50
176
     1
 90
       50
176
     1
 90
       50
176
     1
290
     0
176
     1
 90
       50
176
     1
 62
   256
176
     0
 40
1.0
176
     0
 90
        2
176
     1
  1
strokes_ogs.tif
176
     1
290
     0
176
     1
 40
1.0
176
     1
 40
1.0
176
     1
  0
VISUALSTYLE
  5
FB
102
{ACAD_REACTORS
330
EF
102
}
330
EF
100
AcDbVisualStyle
  2
Brighten
 70
    12
177
     3
291
     1
 70
    58
 90
        2
176
     1
 90
        2
176
     1
 90
        1
176
     1
 90
        0
176
     1
 40
0.6
176
     1
 40
30.0
176
     1
 62
     7
420
 16777215
176
     1
 90
        1
176
     1
 90
        4
176
     1
 62
     7
176
     1
 62
   257
176
     1
 90
        1
176
     1
 90
        1
176
     1
 40
1.0
176
     1
 90
        8
176
     1
 62
     7
176
     1
 40
1.0
176
     1
 90
        1
176
     1
 90
        6
176
     1
 90
        2
176
     1
 62
     7
176
     1
 90
        5
176
     1
 90
        0
176
     1
 90
        0
176
     1
290
     0
176
     1
 90
        1
176
     1
 40
50.0
176
     1
 90
        0
176
     1
290
     0
176
     1
290
     1
176
     1
290
     1
176
     1
290
     0
176
     1
290
     0
176
     1
290
     0
176
     1
290
     0
176
     1
290
     0
176
     1
290
     0
176
     1
 90
       50
176
     1
 40
0.0
176
     1
 40
1.0
176
     1
 90
        0
176
     1
 62
    18
420
        0
176
     1
 90
       50
176
     1
 90
        3
176
     1
 62
     5
420
      255
176
     1
290
     0
176
     1
 90
       50
176
     1
 90
       50
176
     1
 90
       50
176
     1
290
     0
176
     1
 90
       50
176
     1
 62
   256
176
     0
 40
1.0
176
     0
 90
        2
176
     1
  1
strokes_ogs.tif
176
     1
290
     0
176
     1
 40
1.0
176
     1
 40
1.0
176
     1
  0
VISUALSTYLE
  5
FF
102
{ACAD_REACTORS
330
EF
102
}
330
EF
100
AcDbVisualStyle
  2
ColorChange
 70
    16
177
     3
291
     1
 70
    58
 90
        2
176
     1
 90
        2
176
     1
 90
        3
176
     1
 90
        0
176
     1
 40
0.6
176
     1
 40
30.0
176
     1
 62
     8
420
  8421504
176
     1
 90
        1
176
     1
 90
        4
176
     1
 62
     7
176
     1
 62
   257
176
     1
 90
        1
176
     1
 90
        1
176
     1
 40
1.0
176
     1
 90
        8
176
     1
 62
     8
420
  8421504
176
     1
 40
1.0
176
     1
 90
        1
176
     1
 90
        6
176
     1
 90
        2
176
     1
 62
     7
176
     1
 90
        5
176
     1
 90
        0
176
     1
 90
        0
176
     1
290
     0
176
     1
 90
        1
176
     1
 40
0.0
176
     1
 90
        0
176
     1
290
     0
176
     1
290
     1
176
     1
290
     1
176
     1
290
     0
176
     1
290
     0
176
     1
290
     0
176
     1
290
     0
176
     1
290
     0
176
     1
290
     0
176
     1
 90
       50
176
     1
 40
0.0
176
     1
 40
1.0
176
     1
 90
        0
176
     1
 62
    18
420
        0
176
     1
 90
       50
176
     1
 90
        3
176
     1
 62
     5
420
      255
176
     1
290
     0
176
     1
 90
       50
176
     1
 90
       50
176
     1
 90
       50
176
     1
290
     0
176
     1
 90
       50
176
     1
 62
   256
176
     0
 40
1.0
176
     0
 90
        2
176
     1
  1
strokes_ogs.tif
176
     1
290
     0
176
     1
 40
1.0
176
     1
 40
1.0
176
     1
  0
VISUALSTYLE
  5
F8
102
{ACAD_REACTORS
330
EF
102
}
330
EF
100
AcDbVisualStyle
  2
Conceptual
 70
     9
177
     3
291
     0
 70
    58
 90
        3
176
     1
 90
        2
176
     1
 90
        1
176
     1
 90
        0
176
     1
 40
0.6
176
     1
 40
30.0
176
     1
 62
     7
420
 16777215
176
     1
 90
        2
176
     1
 90
        2
176
     1
 62
     7
176
     1
 62
   257
176
     1
 90
        1
176
     1
 90
        1
176
     1
 40
40.0
176
     1
 90
        8
176
     1
 62
     7
176
     1
 40
1.0
176
     1
 90
        1
176
     1
 90
        6
176
     1
 90
        2
176
     1
 62
     7
176
     1
 90
        3
176
     1
 90
        0
176
     1
 90
        0
176
     1
290
     0
176
     1
 90
        1
176
     1
 40
0.0
176
     1
 90
        0
176
     1
290
     0
176
     1
290
     1
176
     1
290
     1
176
     1
290
     0
176
     1
290
     0
176
     1
290
     0
176
     1
290
     0
176
     1
290
     0
176
     1
290
     0
176
     1
 90
       50
176
     1
 40
0.0
176
     1
 40
1.0
176
     1
 90
        0
176
     1
 62
    18
420
        0
176
     1
 90
       50
176
     1
 90
        3
176
     1
 62
     5
420
      255
176
     1
290
     0
176
     1
 90
       50
176
     1
 90
       50
176
     1
 90
       50
176
     1
290
     0
176
     1
 90
       50
176
     1
 62
   256
176
     0
 40
1.0
176
     0
 90
        2
176
     1
  1
strokes_ogs.tif
176
     1
290
     0
176
     1
 40
1.0
176
     1
 40
1.0
176
     1
  0
VISUALSTYLE
  5
FA
102
{ACAD_REACTORS
330
EF
102
}
330
EF
100
AcDbVisualStyle
  2
Dim
 70
    11
177
     3
291
     1
 70
    58
 90
        2
176
     1
 90
        2
176
     1
 90
        1
176
     1
 90
        0
176
     1
 40
0.6
176
     1
 40
30.0
176
     1
 62
     7
420
 16777215
176
     1
 90
        1
176
     1
 90
        4
176
     1
 62
     7
176
     1
 62
   257
176
     1
 90
        1
176
     1
 90
        1
176
     1
 40
1.0
176
     1
 90
        8
176
     1
 62
     7
176
     1
 40
1.0
176
     1
 90
        1
176
     1
 90
        6
176
     1
 90
        2
176
     1
 62
     7
176
     1
 90
        5
176
     1
 90
        0
176
     1
 90
        0
176
     1
290
     0
176
     1
 90
        1
176
     1
 40
-50.0
176
     1
 90
        0
176
     1
290
     0
176
     1
290
     1
176
     1
290
     1
176
     1
290
     0
176
     1
290
     0
176
     1
290
     0
176
     1
290
     0
176
     1
290
     0
176
     1
290
     0
176
     1
 90
       50
176
     1
 40
0.0
176
     1
 40
1.0
176
     1
 90
        0
176
     1
 62
    18
420
        0
176
     1
 90
       50
176
     1
 90
        3
176
     1
 62
     5
420
      255
176
     1
290
     0
176
     1
 90
       50
176
     1
 90
       50
176
     1
 90
       50
176
     1
290
     0
176
     1
 90
       50
176
     1
 62
   256
176
     0
 40
1.0
176
     0
 90
        2
176
     1
  1
strokes_ogs.tif
176
     1
290
     0
176
     1
 40
1.0
176
     1
 40
1.0
176
     1
  0
VISUALSTYLE
  5
1E6
102
{ACAD_REACTORS
330
EF
102
}
330
EF
100
AcDbVisualStyle
  2
EdgeColorOff
 70
    22
177
     3
291
     1
 70
    58
 90
        2
176
     0
 90
        2
176
     0
 90
        0
176
     0
 90
        0
176
     0
 40
0.6
176
     0
 40
30.0
176
     0
 62
     7
420
 16777215
176
     0
 90
        1
176
     0
 90
        4
176
     0
 62
     7
176
     0
 62
   257
176
     0
 90
        1
176
     0
 90
        1
176
     0
 40
1.0
176
     0
 90
        8
176
     2
 62
     7
176
     0
 40
1.0
176
     0
 90
        1
176
     0
 90
        6
176
     0
 90
        2
176
     0
 62
     7
176
     0
 90
        5
176
     0
 90
        0
176
     0
 90
        0
176
     0
290
     0
176
     0
 90
        1
176
     0
 40
0.0
176
     0
 90
        0
176
     0
290
     0
176
     1
290
     1
176
     1
290
     1
176
     1
290
     0
176
     1
290
     0
176
     1
290
     0
176
     1
290
     0
176
     1
290
     0
176
     1
290
     0
176
     1
 90
       50
176
     1
 40
0.0
176
     1
 40
1.0
176
     1
 90
        0
176
     1
 62
    18
420
        0
176
     1
 90
       50
176
     1
 90
        3
176
     1
 62
     5
420
      255
176
     1
290
     0
176
     1
 90
       50
176
     1
 90
       50
176
     1
 90
       50
176
     1
290
     0
176
     1
 90
       50
176
     1
 62
   256
176
     0
 40
1.0
176
     0
 90
        2
176
     1
  1
strokes_ogs.tif
176
     1
290
     0
176
     1
 40
1.0
176
     1
 40
1.0
176
     1
  0
VISUALSTYLE
  5
FE
102
{ACAD_REACTORS
330
EF
102
}
330
EF
100
AcDbVisualStyle
  2
Facepattern
 70
    15
177
     3
291
     1
 70
    58
 90
        2
176
     1
 90
        2
176
     1
 90
        1
176
     1
 90
        0
176
     1
 40
0.6
176
     1
 40
30.0
176
     1
 62
     7
420
 16777215
176
     1
 90
        1
176
     1
 90
        4
176
     1
 62
     7
176
     1
 62
   257
176
     1
 90
        1
176
     1
 90
        1
176
     1
 40
1.0
176
     1
 90
        8
176
     1
 62
     7
176
     1
 40
1.0
176
     1
 90
        1
176
     1
 90
        6
176
     1
 90
        2
176
     1
 62
     7
176
     1
 90
        5
176
     1
 90
        0
176
     1
 90
        0
176
     1
290
     0
176
     1
 90
        1
176
     1
 40
0.0
176
     1
 90
        0
176
     1
290
     0
176
     1
290
     1
176
     1
290
     1
176
     1
290
     0
176
     1
290
     0
176
     1
290
     0
176
     1
290
     0
176
     1
290
     0
176
     1
290
     0
176
     1
 90
       50
176
     1
 40
0.0
176
     1
 40
1.0
176
     1
 90
        0
176
     1
 62
    18
420
        0
176
     1
 90
       50
176
     1
 90
        3
176
     1
 62
     5
420
      255
176
     1
290
     0
176
     1
 90
       50
176
     1
 90
       50
176
     1
 90
       50
176
     1
290
     0
176
     1
 90
       50
176
     1
 62
   256
176
     0
 40
1.0
176
     0
 90
        2
176
     1
  1
strokes_ogs.tif
176
     1
290
     0
176
     1
 40
1.0
176
     1
 40
1.0
176
     1
  0
VISUALSTYLE
  5
F0
102
{ACAD_REACTORS
330
EF
102
}
330
EF
100
AcDbVisualStyle
  2
Flat
 70
     0
177
     3
291
     1
 70
    58
 90
        2
176
     1
 90
        1
176
     1
 90
        1
176
     1
 90
        2
176
     1
 40
0.6
176
     1
 40
30.0
176
     1
 62
     7
420
 16777215
176
     1
 90
        0
176
     1
 90
        0
176
     1
 62
     7
176
     1
 62
   257
176
     1
 90
        1
176
     1
 90
        1
176
     1
 40
1.0
176
     1
 90
        8
176
     1
 62
     7
176
     1
 40
1.0
176
     1
 90
        1
176
     1
 90
        6
176
     1
 90
        2
176
     1
 62
     7
176
     1
 90
        5
176
     1
 90
        0
176
     1
 90
        0
176
     1
290
     0
176
     1
 90
       13
176
     1
 40
0.0
176
     1
 90
        0
176
     1
290
     0
176
     1
290
     1
176
     1
290
     1
176
     1
290
     0
176
     1
290
     0
176
     1
290
     0
176
     1
290
     0
176
     1
290
     0
176
     1
290
     0
176
     1
 90
       50
176
     1
 40
0.0
176
     1
 40
1.0
176
     1
 90
        0
176
     1
 62
    18
420
        0
176
     1
 90
       50
176
     1
 90
        3
176
     1
 62
     5
420
      255
176
     1
290
     0
176
     1
 90
       50
176
     1
 90
       50
176
     1
 90
       50
176
     1
290
     0
176
     1
 90
       50
176
     1
 62
   256
176
     0
 40
1.0
176
     0
 90
        2
176
     1
  1
strokes_ogs.tif
176
     1
290
     0
176
     1
 40
1.0
176
     1
 40
1.0
176
     1
  0
VISUALSTYLE
  5
F1
102
{ACAD_REACTORS
330
EF
102
}
330
EF
100
AcDbVisualStyle
  2
FlatWithEdges
 70
     1
177
     3
291
     1
 70
    58
 90
        2
176
     1
 90
        1
176
     1
 90
        1
176
     1
 90
        2
176
     1
 40
0.6
176
     1
 40
30.0
176
     1
 62
     7
420
 16777215
176
     1
 90
        1
176
     1
 90
        0
176
     1
 62
     7
176
     1
 62
   257
176
     1
 90
        1
176
     1
 90
        1
176
     1
 40
1.0
176
     1
 90
        0
176
     1
 62
   257
176
     1
 40
1.0
176
     1
 90
        1
176
     1
 90
        6
176
     1
 90
        2
176
     1
 62
     7
176
     1
 90
        5
176
     1
 90
        0
176
     1
 90
        0
176
     1
290
     0
176
     1
 90
       13
176
     1
 40
0.0
176
     1
 90
        0
176
     1
290
     0
176
     1
290
     1
176
     1
290
     1
176
     1
290
     0
176
     1
290
     0
176
     1
290
     0
176
     1
290
     0
176
     1
290
     0
176
     1
290
     0
176
     1
 90
       50
176
     1
 40
0.0
176
     1
 40
1.0
176
     1
 90
        0
176
     1
 62
    18
420
        0
176
     1
 90
       50
176
     1
 90
        3
176
     1
 62
     5
420
      255
176
     1
290
     0
176
     1
 90
       50
176
     1
 90
       50
176
     1
 90
       50
176
     1
290
     0
176
     1
 90
       50
176
     1
 62
   256
176
     0
 40
1.0
176
     0
 90
        2
176
     1
  1
strokes_ogs.tif
176
     1
290
     0
176
     1
 40
1.0
176
     1
 40
1.0
176
     1
  0
VISUALSTYLE
  5
F2
102
{ACAD_REACTORS
330
EF
102
}
330
EF
100
AcDbVisualStyle
  2
Gouraud
 70
     2
177
     3
291
     1
 70
    58
 90
        2
176
     1
 90
        2
176
     1
 90
        1
176
     1
 90
        2
176
     1
 40
0.6
176
     1
 40
30.0
176
     1
 62
     7
420
 16777215
176
     1
 90
        0
176
     1
 90
        0
176
     1
 62
     7
176
     1
 62
   257
176
     1
 90
        1
176
     1
 90
        1
176
     1
 40
1.0
176
     1
 90
        0
176
     1
 62
     7
176
     1
 40
1.0
176
     1
 90
        1
176
     1
 90
        6
176
     1
 90
        2
176
     1
 62
     7
176
     1
 90
        5
176
     1
 90
        0
176
     1
 90
        0
176
     1
290
     0
176
     1
 90
       13
176
     1
 40
0.0
176
     1
 90
        0
176
     1
290
     0
176
     1
290
     1
176
     1
290
     1
176
     1
290
     0
176
     1
290
     0
176
     1
290
     0
176
     1
290
     0
176
     1
290
     0
176
     1
290
     0
176
     1
 90
       50
176
     1
 40
0.0
176
     1
 40
1.0
176
     1
 90
        0
176
     1
 62
    18
420
        0
176
     1
 90
       50
176
     1
 90
        3
176
     1
 62
     5
420
      255
176
     1
290
     0
176
     1
 90
       50
176
     1
 90
       50
176
     1
 90
       50
176
     1
290
     0
176
     1
 90
       50
176
     1
 62
   256
176
     0
 40
1.0
176
     0
 90
        2
176
     1
  1
strokes_ogs.tif
176
     1
290
     0
176
     1
 40
1.0
176
     1
 40
1.0
176
     1
  0
VISUALSTYLE
  5
F3
102
{ACAD_REACTORS
330
EF
102
}
330
EF
100
AcDbVisualStyle
  2
GouraudWithEdges
 70
     3
177
     3
291
     1
 70
    58
 90
        2
176
     1
 90
        2
176
     1
 90
        1
176
     1
 90
        2
176
     1
 40
0.6
176
     1
 40
30.0
176
     1
 62
     7
420
 16777215
176
     1
 90
        1
176
     1
 90
        0
176
     1
 62
     7
176
     1
 62
   257
176
     1
 90
        1
176
     1
 90
        1
176
     1
 40
1.0
176
     1
 90
        0
176
     1
 62
   257
176
     1
 40
1.0
176
     1
 90
        1
176
     1
 90
        6
176
     1
 90
        2
176
     1
 62
     7
176
     1
 90
        5
176
     1
 90
        0
176
     1
 90
        0
176
     1
290
     0
176
     1
 90
       13
176
     1
 40
0.0
176
     1
 90
        0
176
     1
290
     0
176
     1
290
     1
176
     1
290
     1
176
     1
290
     0
176
     1
290
     0
176
     1
290
     0
176
     1
290
     0
176
     1
290
     0
176
     1
290
     0
176
     1
 90
       50
176
     1
 40
0.0
176
     1
 40
1.0
176
     1
 90
        0
176
     1
 62
    18
420
        0
176
     1
 90
       50
176
     1
 90
        3
176
     1
 62
     5
420
      255
176
     1
290
     0
176
     1
 90
       50
176
     1
 90
       50
176
     1
 90
       50
176
     1
290
     0
176
     1
 90
       50
176
     1
 62
   256
176
     0
 40
1.0
176
     0
 90
        2
176
     1
  1
strokes_ogs.tif
176
     1
290
     0
176
     1
 40
1.0
176
     1
 40
1.0
176
     1
  0
VISUALSTYLE
  5
F7
102
{ACAD_REACTORS
330
EF
102
}
330
EF
100
AcDbVisualStyle
  2
Hidden
 70
     6
177
     3
291
     0
 70
    58
 90
        1
176
     1
 90
        2
176
     1
 90
        2
176
     1
 90
        0
176
     1
 40
0.6
176
     1
 40
30.0
176
     1
 62
     7
420
 16777215
176
     1
 90
        2
176
     1
 90
        2
176
     1
 62
     7
176
     1
 62
   257
176
     1
 90
        2
176
     1
 90
        1
176
     1
 40
40.0
176
     1
 90
        0
176
     1
 62
   257
176
     1
 40
1.0
176
     1
 90
        1
176
     1
 90
        6
176
     1
 90
        2
176
     1
 62
     7
176
     1
 90
        3
176
     1
 90
        0
176
     1
 90
        0
176
     1
290
     0
176
     1
 90
        1
176
     1
 40
0.0
176
     1
 90
        0
176
     1
290
     0
176
     1
290
     1
176
     1
290
     1
176
     1
290
     0
176
     1
290
     0
176
     1
290
     0
176
     1
290
     0
176
     1
290
     0
176
     1
290
     0
176
     1
 90
       50
176
     1
 40
0.0
176
     1
 40
1.0
176
     1
 90
        0
176
     1
 62
    18
420
        0
176
     1
 90
       50
176
     1
 90
        3
176
     1
 62
     5
420
      255
176
     1
290
     0
176
     1
 90
       50
176
     1
 90
       50
176
     1
 90
       50
176
     1
290
     0
176
     1
 90
       50
176
     1
 62
   256
176
     0
 40
1.0
176
     0
 90
        2
176
     1
  1
strokes_ogs.tif
176
     1
290
     0
176
     1
 40
1.0
176
     1
 40
1.0
176
     1
  0
VISUALSTYLE
  5
1E4
102
{ACAD_REACTORS
330
EF
102
}
330
EF
100
AcDbVisualStyle
  2
JitterOff
 70
    20
177
     3
291
     1
 70
    58
 90
        2
176
     0
 90
        2
176
     0
 90
        0
176
     0
 90
        0
176
     0
 40
0.6
176
     0
 40
30.0
176
     0
 62
     7
420
 16777215
176
     0
 90
        1
176
     0
 90
        4
176
     0
 62
     7
176
     0
 62
   257
176
     0
 90
        1
176
     0
 90
        1
176
     0
 40
1.0
176
     0
 90
       10
176
     2
 62
     7
176
     0
 40
1.0
176
     0
 90
        1
176
     0
 90
        6
176
     0
 90
        2
176
     0
 62
     7
176
     0
 90
        5
176
     0
 90
        0
176
     0
 90
        0
176
     0
290
     0
176
     0
 90
        1
176
     0
 40
0.0
176
     0
 90
        0
176
     0
290
     0
176
     1
290
     1
176
     1
290
     1
176
     1
290
     0
176
     1
290
     0
176
     1
290
     0
176
     1
290
     0
176
     1
290
     0
176
     1
290
     0
176
     1
 90
       50
176
     1
 40
0.0
176
     1
 40
1.0
176
     1
 90
        0
176
     1
 62
    18
420
        0
176
     1
 90
       50
176
     1
 90
        3
176
     1
 62
     5
420
      255
176
     1
290
     0
176
     1
 90
       50
176
     1
 90
       50
176
     1
 90
       50
176
     1
290
     0
176
     1
 90
       50
176
     1
 62
   256
176
     0
 40
1.0
176
     0
 90
        2
176
     1
  1
strokes_ogs.tif
176
     1
290
     0
176
     1
 40
1.0
176
     1
 40
1.0
176
     1
  0
VISUALSTYLE
  5
FD
102
{ACAD_REACTORS
330
EF
102
}
330
EF
100
AcDbVisualStyle
  2
Linepattern
 70
    14
177
     3
291
     1
 70
    58
 90
        2
176
     1
 90
        2
176
     1
 90
        1
176
     1
 90
        0
176
     1
 40
0.6
176
     1
 40
30.0
176
     1
 62
     7
420
 16777215
176
     1
 90
        1
176
     1
 90
        4
176
     1
 62
     7
176
     1
 62
   257
176
     1
 90
        7
176
     1
 90
        7
176
     1
 40
1.0
176
     1
 90
        8
176
     1
 62
     7
176
     1
 40
1.0
176
     1
 90
        1
176
     1
 90
        6
176
     1
 90
        2
176
     1
 62
     7
176
     1
 90
        5
176
     1
 90
        0
176
     1
 90
        0
176
     1
290
     0
176
     1
 90
        1
176
     1
 40
0.0
176
     1
 90
        0
176
     1
290
     0
176
     1
290
     1
176
     1
290
     1
176
     1
290
     0
176
     1
290
     0
176
     1
290
     0
176
     1
290
     0
176
     1
290
     0
176
     1
290
     0
176
     1
 90
       50
176
     1
 40
0.0
176
     1
 40
1.0
176
     1
 90
        0
176
     1
 62
    18
420
        0
176
     1
 90
       50
176
     1
 90
        3
176
     1
 62
     5
420
      255
176
     1
290
     0
176
     1
 90
       50
176
     1
 90
       50
176
     1
 90
       50
176
     1
290
     0
176
     1
 90
       50
176
     1
 62
   256
176
     0
 40
1.0
176
     0
 90
        2
176
     1
  1
strokes_ogs.tif
176
     1
290
     0
176
     1
 40
1.0
176
     1
 40
1.0
176
     1
  0
VISUALSTYLE
  5
1E5
102
{ACAD_REACTORS
330
EF
102
}
330
EF
100
AcDbVisualStyle
  2
OverhangOff
 70
    21
177
     3
291
     1
 70
    58
 90
        2
176
     0
 90
        2
176
     0
 90
        0
176
     0
 90
        0
176
     0
 40
0.6
176
     0
 40
30.0
176
     0
 62
     7
420
 16777215
176
     0
 90
        1
176
     0
 90
        4
176
     0
 62
     7
176
     0
 62
   257
176
     0
 90
        1
176
     0
 90
        1
176
     0
 40
1.0
176
     0
 90
        9
176
     2
 62
     7
176
     0
 40
1.0
176
     0
 90
        1
176
     0
 90
        6
176
     0
 90
        2
176
     0
 62
     7
176
     0
 90
        5
176
     0
 90
        0
176
     0
 90
        0
176
     0
290
     0
176
     0
 90
        1
176
     0
 40
0.0
176
     0
 90
        0
176
     0
290
     0
176
     1
290
     1
176
     1
290
     1
176
     1
290
     0
176
     1
290
     0
176
     1
290
     0
176
     1
290
     0
176
     1
290
     0
176
     1
290
     0
176
     1
 90
       50
176
     1
 40
0.0
176
     1
 40
1.0
176
     1
 90
        0
176
     1
 62
    18
420
        0
176
     1
 90
       50
176
     1
 90
        3
176
     1
 62
     5
420
      255
176
     1
290
     0
176
     1
 90
       50
176
     1
 90
       50
176
     1
 90
       50
176
     1
290
     0
176
     1
 90
       50
176
     1
 62
   256
176
     0
 40
1.0
176
     0
 90
        2
176
     1
  1
strokes_ogs.tif
176
     1
290
     0
176
     1
 40
1.0
176
     1
 40
1.0
176
     1
  0
VISUALSTYLE
  5
F9
102
{ACAD_REACTORS
330
EF
102
}
330
EF
100
AcDbVisualStyle
  2
Realistic
 70
     8
177
     3
291
     0
 70
    58
 90
        2
176
     1
 90
        3
176
     1
 90
        0
176
     1
 90
        2
176
     1
 40
0.6
176
     1
 40
30.0
176
     1
 62
     7
420
 16777215
176
     1
 90
        0
176
     1
 90
        0
176
     1
 62
     7
176
     1
 62
   257
176
     1
 90
        1
176
     1
 90
        1
176
     1
 40
1.0
176
     1
 90
        8
176
     1
 62
   257
176
     1
 40
1.0
176
     1
 90
        1
176
     1
 90
        6
176
     1
 90
        2
176
     1
 62
     7
176
     1
 90
        3
176
     1
 90
        0
176
     1
 90
        0
176
     1
290
     0
176
     1
 90
       13
176
     1
 40
0.0
176
     1
 90
        0
176
     1
290
     0
176
     1
290
     1
176
     1
290
     1
176
     1
290
     0
176
     1
290
     0
176
     1
290
     0
176
     1
290
     0
176
     1
290
     0
176
     1
290
     0
176
     1
 90
       50
176
     1
 40
0.0
176
     1
 40
1.0
176
     1
 90
        0
176
     1
 62
    18
420
        0
176
     1
 90
       50
176
     1
 90
        3
176
     1
 62
     5
420
      255
176
     1
290
     0
176
     1
 90
       50
176
     1
 90
       50
176
     1
 90
       50
176
     1
290
     0
176
     1
 90
       50
176
     1
 62
   256
176
     0
 40
1.0
176
     0
 90
        2
176
     1
  1
strokes_ogs.tif
176
     1
290
     0
176
     1
 40
1.0
176
     1
 40
1.0
176
     1
  0
VISUALSTYLE
  5
1F3
102
{ACAD_REACTORS
330
EF
102
}
330
EF
100
AcDbVisualStyle
  2
Shaded
 70
    27
177
     3
291
     0
 70
    58
 90
        2
176
     1
 90
        2
176
     1
 90
        1
176
     1
 90
        2
176
     1
 40
0.6
176
     1
 40
30.0
176
     1
 62
     7
420
 16777215
176
     1
 90
        0
176
     1
 90
        4
176
     1
 62
     7
176
     1
 62
   257
176
     1
 90
        1
176
     1
 90
        1
176
     1
 40
1.0
176
     1
 90
        8
176
     1
 62
   257
176
     1
 40
1.0
176
     1
 90
        1
176
     1
 90
        6
176
     1
 90
        2
176
     1
 62
     8
420
  7895160
176
     1
 90
        3
176
     1
 90
        0
176
     1
 90
        0
176
     1
290
     0
176
     1
 90
        5
176
     1
 40
0.0
176
     1
 90
        0
176
     1
290
     0
176
     1
290
     1
176
     1
290
     1
176
     1
290
     0
176
     1
290
     0
176
     1
290
     0
176
     1
290
     0
176
     1
290
     0
176
     1
290
     0
176
     1
 90
       50
176
     1
 40
0.0
176
     1
 40
1.0
176
     1
 90
        0
176
     1
 62
    18
420
        0
176
     1
 90
       50
176
     1
 90
        3
176
     1
 62
     5
420
      255
176
     1
290
     0
176
     1
 90
       50
176
     1
 90
       50
176
     1
 90
       50
176
     1
290
     0
176
     1
 90
       50
176
     1
 62
   256
176
     0
 40
1.0
176
     0
 90
        2
176
     1
  1
strokes_ogs.tif
176
     1
290
     0
176
     1
 40
1.0
176
     1
 40
1.0
176
     1
  0
VISUALSTYLE
  5
1F2
102
{ACAD_REACTORS
330
EF
102
}
330
EF
100
AcDbVisualStyle
  2
Shaded with edges
 70
    26
177
     3
291
     0
 70
    58
 90
        2
176
     1
 90
        2
176
     1
 90
        1
176
     1
 90
        2
176
     1
 40
0.6
176
     1
 40
30.0
176
     1
 62
     7
420
 16777215
176
     1
 90
        1
176
     1
 90
        2
176
     1
 62
     7
176
     1
 62
   257
176
     1
 90
        2
176
     1
 90
        1
176
     1
 40
1.0
176
     1
 90
        8
176
     1
 62
   257
176
     1
 40
1.0
176
     1
 90
        1
176
     1
 90
        6
176
     1
 90
        2
176
     1
 62
     7
176
     1
 90
        3
176
     1
 90
        0
176
     1
 90
        0
176
     1
290
     0
176
     1
 90
        5
176
     1
 40
0.0
176
     1
 90
        0
176
     1
290
     0
176
     1
290
     1
176
     1
290
     1
176
     1
290
     0
176
     1
290
     0
176
     1
290
     0
176
     1
290
     0
176
     1
290
     0
176
     1
290
     0
176
     1
 90
       50
176
     1
 40
0.0
176
     1
 40
1.0
176
     1
 90
        0
176
     1
 62
    18
420
        0
176
     1
 90
       50
176
     1
 90
        3
176
     1
 62
     5
420
      255
176
     1
290
     0
176
     1
 90
       50
176
     1
 90
       50
176
     1
 90
       50
176
     1
290
     0
176
     1
 90
       50
176
     1
 62
   256
176
     0
 40
1.0
176
     0
 90
        2
176
     1
  1
strokes_ogs.tif
176
     1
290
     0
176
     1
 40
1.0
176
     1
 40
1.0
176
     1
  0
VISUALSTYLE
  5
1EF
102
{ACAD_REACTORS
330
EF
102
}
330
EF
100
AcDbVisualStyle
  2
Shades of Gray
 70
    23
177
     3
291
     0
 70
    58
 90
        2
176
     1
 90
        2
176
     1
 90
        3
176
     1
 90
        0
176
     1
 40
0.6
176
     1
 40
30.0
176
     1
 62
     7
420
 16777215
176
     1
 90
        2
176
     1
 90
        2
176
     1
 62
     7
176
     1
 62
     7
176
     1
 90
        1
176
     1
 90
        1
176
     1
 40
40.0
176
     1
 90
        8
176
     1
 62
     7
176
     1
 40
1.0
176
     1
 90
        1
176
     1
 90
        6
176
     1
 90
        2
176
     1
 62
     7
176
     1
 90
        3
176
     1
 90
        0
176
     1
 90
        0
176
     1
290
     0
176
     1
 90
        1
176
     1
 40
0.0
176
     1
 90
        0
176
     1
290
     0
176
     1
290
     1
176
     1
290
     1
176
     1
290
     0
176
     1
290
     0
176
     1
290
     0
176
     1
290
     0
176
     1
290
     0
176
     1
290
     0
176
     1
 90
       50
176
     1
 40
0.0
176
     1
 40
1.0
176
     1
 90
        0
176
     1
 62
    18
420
        0
176
     1
 90
       50
176
     1
 90
        3
176
     1
 62
     5
420
      255
176
     1
290
     0
176
     1
 90
       50
176
     1
 90
       50
176
     1
 90
       50
176
     1
290
     0
176
     1
 90
       50
176
     1
 62
   256
176
     0
 40
1.0
176
     0
 90
        2
176
     1
  1
strokes_ogs.tif
176
     1
290
     0
176
     1
 40
1.0
176
     1
 40
1.0
176
     1
  0
VISUALSTYLE
  5
1F0
102
{ACAD_REACTORS
330
EF
102
}
330
EF
100
AcDbVisualStyle
  2
Sketchy
 70
    24
177
     3
291
     0
 70
    58
 90
        1
176
     1
 90
        2
176
     1
 90
        2
176
     1
 90
        0
176
     1
 40
0.6
176
     1
 40
30.0
176
     1
 62
     7
420
 16777215
176
     1
 90
        2
176
     1
 90
        2
176
     1
 62
     7
176
     1
 62
     7
176
     1
 90
        1
176
     1
 90
        1
176
     1
 40
40.0
176
     1
 90
       11
176
     1
 62
     7
176
     1
 40
1.0
176
     1
 90
        1
176
     1
 90
        6
176
     1
 90
        2
176
     1
 62
     7
176
     1
 90
        6
176
     1
 90
        0
176
     1
 90
        0
176
     1
290
     0
176
     1
 90
        1
176
     1
 40
0.0
176
     1
 90
        0
176
     1
290
     0
176
     1
290
     1
176
     1
290
     1
176
     1
290
     0
176
     1
290
     0
176
     1
290
     0
176
     1
290
     0
176
     1
290
     0
176
     1
290
     0
176
     1
 90
       50
176
     1
 40
0.0
176
     1
 40
1.0
176
     1
 90
        0
176
     1
 62
    18
420
        0
176
     1
 90
       50
176
     1
 90
        3
176
     1
 62
     5
420
      255
176
     1
290
     0
176
     1
 90
       50
176
     1
 90
       50
176
     1
 90
       50
176
     1
290
     0
176
     1
 90
       50
176
     1
 62
   256
176
     0
 40
1.0
176
     0
 90
        2
176
     1
  1
strokes_ogs.tif
176
     1
290
     0
176
     1
 40
1.0
176
     1
 40
1.0
176
     1
  0
VISUALSTYLE
  5
FC
102
{ACAD_REACTORS
330
EF
102
}
330
EF
100
AcDbVisualStyle
  2
Thicken
 70
    13
177
     3
291
     1
 70
    58
 90
        2
176
     1
 90
        2
176
     1
 90
        1
176
     1
 90
        0
176
     1
 40
0.6
176
     1
 40
30.0
176
     1
 62
     7
420
 16777215
176
     1
 90
        1
176
     1
 90
        4
176
     1
 62
     7
176
     1
 62
   257
176
     1
 90
        1
176
     1
 90
        1
176
     1
 40
1.0
176
     1
 90
       12
176
     1
 62
     7
176
     1
 40
1.0
176
     1
 90
        1
176
     1
 90
        6
176
     1
 90
        2
176
     1
 62
     7
176
     1
 90
        5
176
     1
 90
        0
176
     1
 90
        0
176
     1
290
     0
176
     1
 90
        1
176
     1
 40
0.0
176
     1
 90
        0
176
     1
290
     0
176
     1
290
     1
176
     1
290
     1
176
     1
290
     0
176
     1
290
     0
176
     1
290
     0
176
     1
290
     0
176
     1
290
     0
176
     1
290
     0
176
     1
 90
       50
176
     1
 40
0.0
176
     1
 40
1.0
176
     1
 90
        0
176
     1
 62
    18
420
        0
176
     1
 90
       50
176
     1
 90
        3
176
     1
 62
     5
420
      255
176
     1
290
     0
176
     1
 90
       50
176
     1
 90
       50
176
     1
 90
       50
176
     1
290
     0
176
     1
 90
       50
176
     1
 62
   256
176
     0
 40
1.0
176
     0
 90
        2
176
     1
  1
strokes_ogs.tif
176
     1
290
     0
176
     1
 40
1.0
176
     1
 40
1.0
176
     1
  0
VISUALSTYLE
  5
F6
102
{ACAD_REACTORS
330
EF
102
}
330
EF
100
AcDbVisualStyle
  2
Wireframe
 70
     5
177
     3
291
     0
 70
    58
 90
        0
176
     1
 90
        2
176
     1
 90
        0
176
     1
 90
        0
176
     1
 40
0.6
176
     1
 40
30.0
176
     1
 62
     7
420
 16777215
176
     1
 90
        1
176
     1
 90
        4
176
     1
 62
     7
176
     1
 62
   257
176
     1
 90
        1
176
     1
 90
        1
176
     1
 40
1.0
176
     1
 90
        0
176
     1
 62
   257
176
     1
 40
1.0
176
     1
 90
        1
176
     1
 90
        6
176
     1
 90
        2
176
     1
 62
     7
176
     1
 90
        3
176
     1
 90
        0
176
     1
 90
        0
176
     1
290
     0
176
     1
 90
        1
176
     1
 40
0.0
176
     1
 90
        0
176
     1
290
     0
176
     1
290
     1
176
     1
290
     1
176
     1
290
     0
176
     1
290
     0
176
     1
290
     0
176
     1
290
     0
176
     1
290
     0
176
     1
290
     0
176
     1
 90
       50
176
     1
 40
0.0
176
     1
 40
1.0
176
     1
 90
        0
176
     1
 62
    18
420
        0
176
     1
 90
       50
176
     1
 90
        3
176
     1
 62
     5
420
      255
176
     1
290
     0
176
     1
 90
       50
176
     1
 90
       50
176
     1
 90
       50
176
     1
290
     0
176
     1
 90
       50
176
     1
 62
   256
176
     0
 40
1.0
176
     0
 90
        2
176
     1
  1
strokes_ogs.tif
176
     1
290
     0
176
     1
 40
1.0
176
     1
 40
1.0
176
     1
  0
VISUALSTYLE
  5
1F1
102
{ACAD_REACTORS
330
EF
102
}
330
EF
100
AcDbVisualStyle
  2
X-Ray
 70
    25
177
     3
291
     0
 70
    58
 90
        2
176
     1
 90
        2
176
     1
 90
        1
176
     1
 90
        1
176
     1
 40
0.5
176
     1
 40
30.0
176
     1
 62
     7
420
 16777215
176
     1
 90
        1
176
     1
 90
        0
176
     1
 62
     7
176
     1
 62
   257
176
     1
 90
        1
176
     1
 90
        1
176
     1
 40
1.0
176
     1
 90
        8
176
     1
 62
     7
176
     1
 40
1.0
176
     1
 90
        1
176
     1
 90
        6
176
     1
 90
        2
176
     1
 62
     7
176
     1
 90
        3
176
     1
 90
        0
176
     1
 90
        0
176
     1
290
     0
176
     1
 90
       13
176
     1
 40
0.0
176
     1
 90
        0
176
     1
290
     0
176
     1
290
     1
176
     1
290
     1
176
     1
290
     0
176
     1
290
     0
176
     1
290
     0
176
     1
290
     0
176
     1
290
     0
176
     1
290
     0
176
     1
 90
       50
176
     1
 40
0.0
176
     1
 40
1.0
176
     1
 90
        0
176
     1
 62
    18
420
        0
176
     1
 90
       50
176
     1
 90
        3
176
     1
 62
     5
420
      255
176
     1
290
     0
176
     1
 90
       50
176
     1
 90
       50
176
     1
 90
       50
176
     1
290
     0
176
     1
 90
       50
176
     1
 62
   256
176
     0
 40
1.0
176
     0
 90
        2
176
     1
  1
strokes_ogs.tif
176
     1
290
     0
176
     1
 40
1.0
176
     1
 40
1.0
176
     1
  0
DICTIONARYVAR
  5
146
102
{ACAD_REACTORS
330
5E
102
}
330
5E
100
DictionaryVariables
280
     0
  1
1:1
  0
DICTIONARYVAR
  5
259
102
{ACAD_REACTORS
330
5E
102
}
330
5E
100
DictionaryVariables
280
     0
  1
3.500000
  0
DICTIONARYVAR
  5
25A
102
{ACAD_REACTORS
330
5E
102
}
330
5E
100
DictionaryVariables
280
     0
  1
acadiso.lin
  0
DICTIONARYVAR
  5
145
102
{ACAD_REACTORS
330
5E
102
}
330
5E
100
DictionaryVariables
280
     0
  1
STANDARD
  0
DICTIONARYVAR
  5
84
102
{ACAD_REACTORS
330
5E
102
}
330
5E
100
DictionaryVariables
280
     0
  1
STANDARD
  0
DICTIONARYVAR
  5
227
102
{ACAD_REACTORS
330
5E
102
}
330
5E
100
DictionaryVariables
280
     0
  1
Metric50
  0
DICTIONARYVAR
  5
228
102
{ACAD_REACTORS
330
5E
102
}
330
5E
100
DictionaryVariables
280
     0
  1
Metric50
  0
DICTIONARYVAR
  5
5F
102
{ACAD_REACTORS
330
5E
102
}
330
5E
100
DictionaryVariables
280
     0
  1
2
  0
DICTIONARYVAR
  5
63
102
{ACAD_REACTORS
330
5E
102
}
330
5E
100
DictionaryVariables
280
     0
  1
1
  0
DICTIONARYVAR
  5
1AE
102
{ACAD_REACTORS
330
5E
102
}
330
5E
100
DictionaryVariables
280
     0
  1
0
  0
DICTIONARYVAR
  5
1AF
102
{ACAD_REACTORS
330
5E
102
}
330
5E
100
DictionaryVariables
280
     0
  1
0
  0
DICTIONARY
  5
205
330
22
100
AcDbDictionary
280
     1
281
     1
  0
DICTIONARY
  5
1F9
330
ED
100
AcDbDictionary
280
     1
281
     1
  3
FBXASSET
360
1FA
  0
DICTIONARY
  5
1F7
330
EC
100
AcDbDictionary
280
     1
281
     1
  3
FBXASSET
360
1F8
  0
DICTIONARY
  5
173
330
EE
100
AcDbDictionary
280
     1
281
     1
  3
BUMPTILE
360
175
  3
DIFFUSETILE
360
174
  3
FBXASSET
360
1FB
  3
OPACITYTILE
360
176
  3
REFLECTIONTILE
360
177
  0
DICTIONARY
  5
162
330
7F
100
AcDbDictionary
280
     1
281
     1
  3
ACAD_ROUNDTRIP_2008_TABLESTYLE_CELLSTYLEMAP
360
13CF
  0
XRECORD
  5
1FA
102
{ACAD_REACTORS
330
1F9
102
}
330
1F9
100
AcDbXrecord
280
     1
 70
     1
 90
429727718
  1
D62C5603-E3A1-4AEA-B7FB-FE5D8D0755AF
310
504B03040A0000080000CC70623B3DEE336E79000000790000001B0000006175746F6465736B2D64657369676E2D7061636B6167652E786D6C3C3F786D6C2076657273696F6E3D22312E302220656E636F64696E673D227574662D3822203F3E3C666F726D6174733E3C666F726D61743E687474703A2F2F736368656D612E
310
6175746F6465736B2E636F6D2F64657369676E2D7061636B6167652F323030393C2F666F726D61743E3C2F666F726D6174733E504B0304140006080800CC70623BD486FD9CA0000000F4000000130000005B436F6E74656E745F54797065735D2E786D6C7D8EC10E82300C865F65E91D8A1E8C310C0EEA1BF002731658846E
310
D98AC1B77784ABF1D8FE5FBFBF75BBCE937A534CCEB38643598122B6FEE978D0B0485F9C41B54DDD7D022595594E1A469170414C76A4D9A4D207E29CF43ECE46F218070CC6BECC4078ACAA135ACF422C856C0E68EA1BF5669944DDD7BCDE7B1F8E415D77AECB980613C2E4AC91FC167A2B244592486606FC29C8FD7F045B9A
310
EF7053A7E60B504B0304140006080800CC70623B853B8169EB0000007C01000008000000636F72652E786D6C8D90416EC3201045AF62CDB6C206821CC7C244919D9CA01740401C94182C03558F5F9C3852BBEB6A467FFE9B197D7EFC9E1EC5975982F5AE035262288C535E5B377690E21535501C055FBC8FBF6C503839990E
310
5619041F179FE64D52DE45E362569DD7661365082642A11EB9E920A89B99642953CC8E702F67A9EE7234257977194EC9EAE275C4EABCCF5EAD5940D4AC6F0E35A568B8F43562CD7046CD199FD07E60174276A7BE677B5EADB0E0D14EEFFB6A31321A0D82627C4084204C3F096B71DD52F6819B16635EADF63F509AF53FA164
310
5DDCD1EDDD17164090FCC8732078B56691CB33A85CD7DCC40F504B0304140006080800CC70623B55019EA25F0000007C00000007000000636E782E786D6C4DCB3B0E80201045D1AD90E915ED2CF8AC45050C11660C8261F98AB1B07AC9C97D42D718D865D3E909258CFD00CCE24AC6E326A164D74DC0B4128928FF32603847
310
2BA13128B1252AC747C6BAB984FC68F0B87FE8960A5C09FE86CFB69FBA01504B0304140006080800CC70623BDBABAAF470010000D40300000C0000006662782F636F72652E786D6CC553D16E823014FD95A6AF4B694182CC941A83FA05FB810A9511A125A5257EFE2E82712ECEB8A7F100CD39F7F69E734AF9FADC366850B6
310
AF8DCE7018308C942E4C59EB2AC3DE1D498AD15A706B8CFB56869196ADCAF00863C12B6B7C374385D14E6907A836A59A41D9F7CA615434B0C8705F7CAA5606D23BA8E84F41278B93AC54100640439DE0BDB320004D43C63716C7C399D30917DCFBBA9CD9BA8469F5B156168B24CED3F7248AC8769F27244EB73B92EED8862C
310
B7F13E0C179B3C8F979C8ECD82BBBABDAA2BAC924E9558448CBD9330242CFA08E3154B5651FCC6D215639C8EE5774DBE2B5F6CF2B5768B68963BB5F5588420E442FC700B1139D4CB01F450C1E918227C2E09DF070D8140C84E1E9AAB8F1340832A9CB13130A5F1376A908D57309505ECF2A0DF179C4E9D30F5B239B87E3823
310
7A79C6F31DE1A8A5AEC08474B03C7837EAE4938639B44E5932B833D2C6B6B279CDC613877FA26EE21F4A2A4C63EC7F29A2F301D1F9F7A0E37D145F504B0304140006080800CC70623B9C113CC27E0000009D0000000B0000006662782F636E782E786D6C4DCCDF0A83201C86E15B91DFB94BFB330DD428C8FB886521330DA7
310
6397BF1A1DECE883878F57749FCDA1B7892F1BBC047A23808C7F84D9FA55424E0BE6803A256208E9EF06C84F9B91703228B1C690F78B66B34CD9A5439DF5CF0BFBF65E35BCA1B8D6A5C6F540381E886698B5741C695F9503EBA150A2F8958E3DC3EA0B504B0304140006080800CC70623B7DF2F77C2A010000120200003100
310
00006662782F41393633353835312D344632462D344230382D423046372D3739314545314133324237412F636F72652E786D6C8D51DB8EC22014FC15C2939B0D2DB4B45643319AE817EC0F6041255A68B86CFCFC856D4D76DF7CE190393373060EDB3DC707F856CE6B6B7A480A0C81328395DA5C7B18C3057510EC3873D686
310
3F34088C18550F330C39BB3A1BA7051AAC09CA84841A2BD5020AEF55806078A44B0FFD7053A328440C89E1EFC52486BBB8AA8214A99D789CF9E05200300FC927E4FB4D5B375D43103D5527440FB843077C5AA3F5861C8F645F5787F59E95B390B318B55CE45AA638FAA2957BD7248B390B7A7CC51F9C124149C82B8C378810
310
84AB2F42B7B8DD56F413775B8C5999E9FF4471926F8AA236A1AE96B8B3CC434E5839373893369E1FAF30EA395917409EB7F26AF8801C171837A4A6AC9C89E9F9C9B1A58BA30FD6A5EF5DDDCF894B9AD9B6A59C957943A9FCAE2FD5BC4DFE03504B0304140006080800CC70623BAD7543B64E01000033030000300000006662
310
782F41393633353835312D344632462D344230382D423046372D3739314545314133324237412F636E782E786D6CD593CD6EC32010845F0571AD6CE3D48AD20813A9873E410FBD12D82434182C7EAAE6EDBB2424CD25871E7B41D6EC30B3FA84F9E67BB2E40B4234DE8DB46F1925E094D7C6ED479AD3AE5951B2113C789FEE
310
6C943839C1488B4C05DF079FE72A69D8C96C13AAD6B8631503449F83828872B949AC57D26200B826A308D316B4064D6E46FCDA41C05550DC9E483A00797BFD207EFB092A45DE9514C1BBD22178396BD39D891265658C238DEA00936C654E5E433CB65A26D9F6EDB5EBC14EBF49A45CB856E66048291F6939A9A81BB5C89177
310
38143CA680F4AA299D66A042CEB3354A2684DC9D8D178FE0D9B8B41CAAD720F880EE7EF93C0C18769E099ECC04D5A102C8049A8A05632F4DDF376CF1DE0F6BB65C2F8627B65A33C6BB62177CEBBDAD973006829F89F22E814B54F4BC2BE347F8AA8F681390B50FA73F804400B5F542E796F19FF974E7F78DB802FE05E20750
310
4B0304140006080800CC70623BE75B7789680500003C100000340000006662782F41393633353835312D344632462D344230382D423046372D3739314545314133324237412F6F626A656374732E786D6CAD575B8F9B3818FD2B887D06C22499CB8AA1CA655245D5B455A356FB305264C061D8018C6C3393D95FBFC7600890
310
A4CD5EF210B0B1BFEBF98E3F7B1FF6596ABC522E1296DF9BAE3D320D9A872C4AF2F8DE2CE5CEBA358D0FBEC719939D65A691938CDE9B6ADAF4BD98B3B2D05311DD91329583D9D5FC0F438434A7A611A644887B5384CF34233629258BA878B12322891DEFF6B66BD70BFB62634E8AE781D082709A4B588AF91C528CDA28B73F
310
1C998EEF39EABBEFA97FBD6A7C7E9553F9D3D79FE442923C3C523610337627CB87ABE99D359D4CC6D6E4FACAB5E6ABF9D2726FC6A3C5F56271377BB88362213924694B38DD99FE47C48627A1E7D49F5A8BB5E1A74C0A599ED3B0F21F1E56366B89112D681E218F0915D0D6F17AD41FBA2A369DCF6335D62ABBD39779D5DDD1
310
11D4D8DE3CBB96B2E04FB8202E41051754A1AA8E8F76B4C6DFE810B580B1547F4B84911149794252234D024EF8BBE963A95AE27B3D310A9D5C215C7960FAEE415ED75694C6AFB17BCACA5D99A60A9AA65F217B0BFC53292ACB92BF283FAD0D3621576592CB5BED907C2FA8E9DF794E35E97BEA31BED21FEB401ABB94C44839
310
DCACBF0E1C5DA8DA5B2F4DFFD32AD86F543D9E565E7056502E157C00AD2671CD534549AB752FCA9CDA00677A313F04E51B22FF19E57B300579E3C97EB29F682D92935CEC18CF901B7B54FD8C51F362B56FC72FE0B3C1EAE335EDCCBF5AEC39ADB17DC238973F804BA5E6F6BFE7AF1FB32E523BE9F3BD571418E3631DCA4D48
310
5250CF639223210A9446CA30052EDF057BD35F8329C1ECD84552BF0DC8D18BE7BCE23BFE6BD960AB4A7DE79923A103BEBD80F911CBAA2C60DB19B01CF164A5583B772EE6D3FFA56666CBCDA74DC97724A48F9A58967497E489C4D979006FD7A05E227A1EBDD0F737C623387A9C844D3709995625106D157315F8B8392CD4E0
310
A0B9A720C4BE9829CEF37EA1E13111214D53925356365ADA634861B52519DD27A00AEB808EAF0628E6F435519D446F45CF2C9CF5214F0A15B2F6D06B79DA3EE3CBF7F56780D2F4E7EF73A0F5E5B02A38D07DC852C6B7C1FBB6664213E0C39E3EBA7FF4E1AD23EA2829407C85E586727488B751B2DB9502BC7B228A3FD68B6E
310
A65A22397E690AA8D158D7E404EC8CDA235CC3B7D1898680131CEC2CDF2638C65196279577750F15884AEE19F94199155B92B13297978469D4F8D358DF0AEF7631E28DC8F0D9F437D5D39A83B2231A1D52D543813A824EF8D44BCFF2FA6A31BD1E8DAD87F1CCB526B3879935BF59CDADD5C37479BB1CDD4CA7B3556B516589
310
EF352754B706114D9C885EC9131DE6EFEB43D99AFE2391C2F958179413D7CFEF6B1B6DB1E7600F00DE6E5C67454A339A4BA2E0FBA85ED26F045D454F463DBFCE484C2F90F2E5E3666003662ED8F755951A7D1BECD5B30B550B2785C8E7320B7292A4838DDA71BBC863ED7613CAF659337A3354231D4FF4A182A54904C2898C
310
98B28C4AD0CE056CCF332A80986E571EE9DBC305BB5FEB7E509220A58D25CF042D712A806AC0AD0C657FDEF80D2D9CEAA2EE4D1C76F60BFE74219A06527D6F82DF6412526107381E55E353090704D085B52408A8913C4ED159D79BDA71BB4BC506F4831350EB6F975CD22D69BF7AC49B91A2C0A9DDA3D5CA36AD20FC478E37
310
E61844E2352865EBCB61A275A65283CAAA9DD27703B4102F5AF51EF5F573B75CBB5AD38BC845F7A49F82A0966A49C2E3EA5EA0ECD326CD965F1DB402C6FA8B51A4658C5C5E2EC9E214602E55810345408596591009A82E7E7FFACA19EEA299B14A0081A705CB3296EBC14CDF658DCD336EA6D1136881AAEB87B81AB9EE53D5
310
F5EB8BC8362082DA24122F98680A4E7930C01A0079749CEA14382A0783E5EBA5A10F8C098456A03D6A4AEB6BB881E2513747552A5DB22C7EDAF83BD5528081A365F7FF06504B0304140006080000CC70623B000000000000000000000000350000006662782F41393633353835312D344632462D344230382D423046372D37
310
39314545314133324237412F76657274696365732E62696E504B0304140006080800CC70623BF270F1330600000004000000360000006662782F41393633353835312D344632462D344230382D423046372D3739314545314133324237412F747269616E676C65732E62696E636660600000504B0304140006080000CC7062
310
3B000000000000000000000000370000006662782F41393633353835312D344632462D344230382D423046372D3739314545314133324237412F617474726962757465732E62696E504B0304140006080800CC70623B08DA0BD19000000041010000360000006662782F41393633353835312D344632462D344230382D4230
310
46372D3739314545314133324237412F6469726563746F72792E786D6C858F410AC3201045AF22B36F53E9A60B35CBEEBAE80D244E44489C6234F4F835464A48035D0DF398FF9F8AF63D0E6CC63039F212F8F9020C7D47C6792B21C5FE7403D62A1188E2E60C98D7234A5830286103A55745067B9D86B8A3CF9C7F90C11DE6
310
07FB144396D7B6A82D282E9A152AD114D5EF2CB866EEE831B8EEA07A7BB5A8D7D61A2BAAEB7FD5F70921FF497D00504B0304140006080800CC70623BEDD1DC58FD000000A00100003B0000006662782F41393633353835312D344632462D344230382D423046372D3739314545314133324237412F7265736F75726365732F
310
636F72652E786D6C8D504B6E833010BD0A9A6D65B00922041947112427E8052C33A156828DFCA97AFC9A40A576D7CDCCE87D344F8F9FBFE667F689CE6B6B3A6039850C8DB2A336530731DC4903D95970676DF82583CCC8193B5861107C72362E3BA4AC096842428D1D7107A5F7182053CF7474E0D507CE32973124857FE48B
310
540F3961CEF244279DE03EB81420DB9EAC1384436FA353E879B1B182C7A8C75DA3C7F453DF353A1075D537A7BA6464B8F535A99AE14A9A2BBD90E350DD183B5CFABE3AF262350B1EF4FC9351399401471025A527C218A1E53BAB5A5AB765F5469B96525EACF23FA6B88CFF34456DC2A1DCE36E360F82A5202F42F062ED2BAD
310
579969AFDD8A6F504B010214000A0000080000CC70623B3DEE336E79000000790000001B00000000000000000000000000000000006175746F6465736B2D64657369676E2D7061636B6167652E786D6C504B01021400140006080800CC70623BD486FD9CA0000000F40000001300000000000000000000000000B20000005B
310
436F6E74656E745F54797065735D2E786D6C504B01021400140006080800CC70623B853B8169EB0000007C010000080000000000000000000000000083010000636F72652E786D6C504B01021400140006080800CC70623B55019EA25F0000007C000000070000000000000000000000000094020000636E782E786D6C504B
310
01021400140006080800CC70623BDBABAAF470010000D40300000C00000000000000000000000000180300006662782F636F72652E786D6C504B01021400140006080800CC70623B9C113CC27E0000009D0000000B00000000000000000000000000B20400006662782F636E782E786D6C504B01021400140006080800CC70
310
623B7DF2F77C2A010000120200003100000000000000000000000000590500006662782F41393633353835312D344632462D344230382D423046372D3739314545314133324237412F636F72652E786D6C504B01021400140006080800CC70623BAD7543B64E010000330300003000000000000000000000000000D2060000
310
6662782F41393633353835312D344632462D344230382D423046372D3739314545314133324237412F636E782E786D6C504B01021400140006080800CC70623BE75B7789680500003C10000034000000000000000000000000006E0800006662782F41393633353835312D344632462D344230382D423046372D3739314545
310
314133324237412F6F626A656374732E786D6C504B01021400140006080000CC70623B0000000000000000000000003500000000000000000000000000280E00006662782F41393633353835312D344632462D344230382D423046372D3739314545314133324237412F76657274696365732E62696E504B01021400140006
310
080800CC70623BF270F133060000000400000036000000000000000000000000007B0E00006662782F41393633353835312D344632462D344230382D423046372D3739314545314133324237412F747269616E676C65732E62696E504B01021400140006080000CC70623B0000000000000000000000003700000000000000
310
000000000000D50E00006662782F41393633353835312D344632462D344230382D423046372D3739314545314133324237412F617474726962757465732E62696E504B01021400140006080800CC70623B08DA0BD1900000004101000036000000000000000000000000002A0F00006662782F41393633353835312D344632
310
462D344230382D423046372D3739314545314133324237412F6469726563746F72792E786D6C504B01021400140006080800CC70623BEDD1DC58FD000000A00100003B000000000000000000000000000E1000006662782F41393633353835312D344632462D344230382D423046372D3739314545314133324237412F7265
310
736F75726365732F636F72652E786D6C504B0506000000000E000E0080040000641100000000
  0
XRECORD
  5
1F8
102
{ACAD_REACTORS
330
1F7
102
}
330
1F7
100
AcDbXrecord
280
     1
 70
     1
 90
429727718
  1
30362254-06B7-45E0-A893-8CFA70E3D6BC
310
504B03040A0000080000CC70623B3DEE336E79000000790000001B0000006175746F6465736B2D64657369676E2D7061636B6167652E786D6C3C3F786D6C2076657273696F6E3D22312E302220656E636F64696E673D227574662D3822203F3E3C666F726D6174733E3C666F726D61743E687474703A2F2F736368656D612E
310
6175746F6465736B2E636F6D2F64657369676E2D7061636B6167652F323030393C2F666F726D61743E3C2F666F726D6174733E504B0304140006080800CC70623BD486FD9CA0000000F4000000130000005B436F6E74656E745F54797065735D2E786D6C7D8EC10E82300C865F65E91D8A1E8C310C0EEA1BF002731658846E
310
D98AC1B77784ABF1D8FE5FBFBF75BBCE937A534CCEB38643598122B6FEE978D0B0485F9C41B54DDD7D022595594E1A469170414C76A4D9A4D207E29CF43ECE46F218070CC6BECC4078ACAA135ACF422C856C0E68EA1BF5669944DDD7BCDE7B1F8E415D77AECB980613C2E4AC91FC167A2B244592486606FC29C8FD7F045B9A
310
EF7053A7E60B504B0304140006080800CC70623B1EC5D7A3EB0000007C01000008000000636F72652E786D6C8D90416EC3201045AF82665B6103C6756C6122AB4D4ED00B204C5C94182C03558F5F9C3852BBEB6A467FFE9B197D71FC9E6FE8CBACC17AD7032D0820E3B41FAD9B7A48F1820F808E52ACDEC75F36404ECDA687
310
4D0629A6D5A76597B477D1B89855E747B38B2A041301E95B6E7A08FAD3CCAA50296647B8168BD2573599823EBB0CA76447F43862C7BCCF5EAC59410E4DDD9C7973C2755553CCCFA4C603E3040F1565ED3B1FDE4E432BCA0D9622DAF9795FAF464533826484B498524CD807E51D79ED187F21878E10516EF63F505AC67F42C9
310
BA58B1FDDD071640D2FCC87D2045B96591CB3DA85CB7DCE40F504B0304140006080800CC70623B55019EA25F0000007C00000007000000636E782E786D6C4DCB3B0E80201045D1AD90E915ED2CF8AC45050C11660C8261F98AB1B07AC9C97D42D718D865D3E909258CFD00CCE24AC6E326A164D74DC0B4128928FF32603847
310
2BA13128B1252AC747C6BAB984FC68F0B87FE8960A5C09FE86CFB69FBA01504B0304140006080800CC70623B8C9102E971010000D40300000C0000006662782F636F72652E786D6CC5535B6E833010BC8AE5DF0A6C08340F1947A84D4ED00B38C6A128602363A31CBFCB234A53A551FA553EC09AD9F5CE8C31DB9E9B1AF5CA
310
7695D1198E428A91D2D214952E33ECDD315861B4E5CC1AE3BE9561A445A3323CC098B3D21ADFCE9034DA29ED00D5A6503328BA4E398C640D8B0C77F253352214DE4145770A5B214FA2546114020D759C75CE8200340D19DE981F0F6746269C33EFAB6266AB02A655C74A59CCF365BADC27CB5D902ED22848F6340DF238A141
310
BE88E2F57B92BFEDF23523433367AE6A2EEAA455C2A902F398D2751045018D3FA264435F3771F242571B4A1919CA6F9A7C5B3CD9E42BED16F12C776AEB308F40C848FC700B1139D4891EF410CEC810227CC6846F8386402064270EF5C5C709A05E49676C024C61FC95EA45ED154CA5211D1FF4FB8291A913A68E9B83EBBB33
310
E2A7673CDE118E5AE8124C0807CB8377834E366998436B950D7A7746DAD846D4CFD978E0F04FD455FC5D49D2D4C6FE9722321F10997F0F32DC47FE05504B0304140006080800CC70623BFFEA85907E0000009D0000000B0000006662782F636E782E786D6C4DCCD10A83201886E15B91FFDC95D95A811AB6F23E625948A6C3
310
E9D8E5AF46073BFAE0E1E365ED67B3E8ADC3CB78C7815C7240DA3DFC64DCC221C519D7805AC182F7F1EF06C88D9BE6703008B6049F9E274D7A1E938DBB5AE3D6131B2589BA0D3D965551E0B2EA732C9B9A624AAEB41E3A557677029960D9AFB4EF11165F504B0304140006080800CC70623B4FEEA4082C0100001202000031
310
0000006662782F39464131463745442D413632322D343644302D413938332D3331353338454246344243312F636F72652E786D6C8D515B6EC32010BC0AE2AB55850DD871ED0813254D72825EC00192A2C460F1A872FC42ED48ED5F7E00CDCECCCEB26C731F6FE05B39AFADE921293004CA082BB5B9F43086336A21D870E6AC
310
0D7F68109861543DCC30E4ECE26C9C164858139409093556AA051CBC570102714B8F1E7AF1A5C6A11862480C7F2DA6415C878B2A4891CA89C7990F2E050073937C42DE1DB7E4F87ED8A36D4329AA9B3D46DBAEAD504556557BD81DEBDD0761E52CE42C462D17B996298E3E6BE59E35C962CE821E1FF18553435012728A7187
310
0841987E927A8D9B35ADDF70BBC6989599FE4F1427F9A4286A132ABAC49D651EF234CD5CE04CDA78BA3DC2A8FB645D00B9DF8B57E215725C60BCA2A463E54C4CE327C7A65E1C7DB02E7DEFCBF594B864C5CA6CDBD49C957943E9FA5D5FBAF336F90F504B0304140006080800CC70623BAD7543B64E01000033030000300000
310
006662782F39464131463745442D413632322D343644302D413938332D3331353338454246344243312F636E782E786D6CD593CD6EC32010845F0571AD6CE3D48AD20813A9873E410FBD12D82434182C7EAAE6EDBB2424CD25871E7B41D6EC30B3FA84F9E67BB2E40B4234DE8DB46F1925E094D7C6ED479AD3AE5951B2113C
310
789FEE6C943839C1488B4C05DF079FE72A69D8C96C13AAD6B8631503449F83828872B949AC57D26200B826A308D316B4064D6E46FCDA41C05550DC9E483A00797BFD207EFB092A45DE9514C1BBD22178396BD39D891265658C238DEA00936C654E5E433CB65A26D9F6EDB5EBC14EBF49A45CB856E66048291F6939A9A81BB5
310
C8917738143CA680F4AA299D66A042CEB3354A2684DC9D8D178FE0D9B8B41CAAD720F880EE7EF93C0C18769E099ECC04D5A102C8049A8A05632F4DDF376CF1DE0F6BB65C2F8627B65A33C6BB62177CEBBDAD973006829F89F22E814B54F4BC2BE347F8AA8F681390B50FA73F804400B5F542E796F19FF974E7F78DB802FE05
310
E207504B0304140006080800CC70623B16AB87BA640500003C100000340000006662782F39464131463745442D413632322D343644302D413938332D3331353338454246344243312F6F626A656374732E786D6CAD575B6FA33818FD2B887DE6924B3BED8A326A92B68A663B534DD4D13E548A0C38942D60649B369D5FBFC7
310
600890A493BDE42160637FD7F31D7FF63E6FB3D478A55C242CBF3247B66B1A340F5994E4F19559CA8D75611A9F7D8F33263BCB4C232719BD32D5B4E97B316765A1A722BA21652A07B3B7B33F0D11D29C9A46981221AE4C113ED38CD8A4942CA2E2C58E882476BCD9DA23BB5ED8171B73523C0F841684D35CC252CCE79062D4
310
468DFA43D7747CCF51DF7D4FFDEB5593E3AB9CCA9FBEFE241792E4E19EB28198C968BAB8199F5D5A67D3E9C49A9E8F47D6EC76B6B0469F26EEFC7C3EBFBCBEB98462213924694B38DD98FE1D62C393D073EA4FADC5DAF04326852CCF6958F90F0F2B9BB5C48816348F90C7840A68EB78EDF68723159BCEE7891A6B95DDE9D3
310
BCEAEEE8086A6C6F9E5D4B59F0175C10A7A0820BAA5055C7473B5AE3CFDD452D602CD5DF12616444529E90D448938013FE6EFA58AA96F85E4F8C42275708571E98FE6827AF6B2B4AE3D7D83D64E5A64C53054DD3AF90BD06FEA9149565C94FCA0F6B834DC85599E4F2423B24DF0B6AFA979E534DFA9E7A4CC6FA631D486393
310
921829879BF5D781A373557BCB85E97FB90DB62B558F8795179C15944B051F40AB495CF35451D26A4727654E6D8033BD98EF82F21D91FF8AF2DD9982BCF1643BDD4EB516C9492E368C67C88DED563FC36D5EACF66DFF057C3658BDBFA69DF9578B3DA735B64F18C7F20770A9D45CFCF7FCF563D6456A277DBEF78A02637CA2
310
43B90A490AEAB94F72244481D24819A6C0E59B606BFA4B3025981DBB48EAB701D97BF19C577CC77F2D1B6C55A9EF3C732474C0B727303F625995056C3B02963D9EAC146BE78EC5FCEC7FA999EBC5EACBAAE41B12D27B4D2C0BBA49F244E2ECDC81B76B502F113D8F5EE8FB1BE3111CDD4FC2AA9B844CAB1288B68AB90A7CDC
310
1C166AB0D3DC5310625FCC14E779BFD0709F8890A629C9292B1B2DED31A4B0DA928CEE135085754027E3018A397D4D5427D15BD1330B677DC8934285AC3DF45A9EB68FF8F2B8FC0A509AFEECFD0FF2DE25CC6047F7214B195F07EFEB9A094D800F7BFAE8FED187B78EA8A3A400F115961BCAD1215E47C966530AF0EE8128FE
310
58CEBB996A8964FFA529A046635D9353B0336A8F700DDF46271A024E70B0B37C9DE01847591E54DED53D54202AB947E4076556AC49C6CA5C9E1226B7F1A7B1BE15DEED62C41B91E1B3E9AFAAA735036547343A925075041DF0A9979E893B391F8FCFA6967B3EFB644DCF6E5CEBFAE272625DCC6FAF3FB93793C5F90CE1EF57
310
407342756B10D1C489E8953CD1617E5CEECAD6F4EF8914CE5D5D504E5C3F1F9736DA62CFC11E00BCDDB8CC8A9466349744C1F75EBDA4DF09BA8A9E8C7A7E9991989E20E5DBDD6A6003664ED8F7A04A8DBE0DF6EAD9B9AA858342E47399053949D2C146EDB85DE4B176BB0965FBAC19BD19AA918E27FA50C1D22402E144464C
310
59462568E704B6E71915404CB72B8FF4EDE184DDAF753F284990D2C6926782963815403548A70C657FDEF80D2D9CEAA2AE4C1C76F60BFE74219A06527D6582DF6412526107381E55E353090704D085B52408D0933C4ED159D79BDA71BB4BC506F4831350EB6F979CD22D69BF7AC49B91A2C0A9DDA3D5CA36AD20FC478E37E6
310
1844E2352865EBCB6EA275A652E3836BE04EFB400BF1A2556F515F1FBB35B2AB35BD889C744FFA1004B5544B121E57F70215746DD2F5E2C1412B602CBF19455AC6C8E5E9922C4E01E65215385004546899059180EAFCF7A707CE7017CD8CDB0410789AB32C63B91E5CEBBBACB17AC6CD347A022D5075FD106377347AAABA7E
310
7D11590744509B44E205134DC1290F06580320F78E537D3D73540E06CB970B431F185308AD40BBD794D6D77003C5A36E8EAA54BA64597CD8F83BD552A080A365F7FF06504B0304140006080000CC70623B000000000000000000000000350000006662782F39464131463745442D413632322D343644302D413938332D3331
310
353338454246344243312F76657274696365732E62696E504B0304140006080800CC70623BF270F1330600000004000000360000006662782F39464131463745442D413632322D343644302D413938332D3331353338454246344243312F747269616E676C65732E62696E636660600000504B0304140006080000CC70623B
310
000000000000000000000000370000006662782F39464131463745442D413632322D343644302D413938332D3331353338454246344243312F617474726962757465732E62696E504B0304140006080800CC70623B08DA0BD19000000041010000360000006662782F39464131463745442D413632322D343644302D413938
310
332D3331353338454246344243312F6469726563746F72792E786D6C858F410AC3201045AF22B36F53E9A60B35CBEEBAE80D244E44489C6234F4F835464A48035D0DF398FF9F8AF63D0E6CC63039F212F8F9020C7D47C6792B21C5FE7403D62A1188E2E60C98D7234A5830286103A55745067B9D86B8A3CF9C7F90C11DE607
310
FB144396D7B6A82D282E9A152AD114D5EF2CB866EEE831B8EEA07A7BB5A8D7D61A2BAAEB7FD5F70921FF497D00504B0304140006080800CC70623B0D6EF93BFE000000A00100003B0000006662782F39464131463745442D413632322D343644302D413938332D3331353338454246344243312F7265736F75726365732F63
310
6F72652E786D6C8D50596E833010BD0A9ADFCA60B334011947A8694ED00B586642AC041B79A97AFC9A40A5F6AF3F33A3B7689E1E3F7DCD8FEC139DD7D6F4C0720A191A65476DA61E62B892236427C19DB5E1970C322367EC618541F0C9D9B8EC90B226A009093576C41D94DE63804C3DD2D18357379C652E63480A7FCF17A9
310
EE72C29CE5894E3AC17D702940B63D59270887DE46A7D0F36263058F518FBB468FE9A7BE6A7420864373B8D4873369AA8691FA421B3294352543C5CAF65C0F6FEF43CB8BD52C78D0F34F46E550061C419494B6843142CB0F5677F4B52BEB177AEC28E5C52AFF638ACBF84F53D42654E51E77B379102C05791282176B5F693D
310
CB4C7BED567C03504B010214000A0000080000CC70623B3DEE336E79000000790000001B00000000000000000000000000000000006175746F6465736B2D64657369676E2D7061636B6167652E786D6C504B01021400140006080800CC70623BD486FD9CA0000000F40000001300000000000000000000000000B20000005B
310
436F6E74656E745F54797065735D2E786D6C504B01021400140006080800CC70623B1EC5D7A3EB0000007C010000080000000000000000000000000083010000636F72652E786D6C504B01021400140006080800CC70623B55019EA25F0000007C000000070000000000000000000000000094020000636E782E786D6C504B
310
01021400140006080800CC70623B8C9102E971010000D40300000C00000000000000000000000000180300006662782F636F72652E786D6C504B01021400140006080800CC70623BFFEA85907E0000009D0000000B00000000000000000000000000B30400006662782F636E782E786D6C504B01021400140006080800CC70
310
623B4FEEA4082C0100001202000031000000000000000000000000005A0500006662782F39464131463745442D413632322D343644302D413938332D3331353338454246344243312F636F72652E786D6C504B01021400140006080800CC70623BAD7543B64E010000330300003000000000000000000000000000D5060000
310
6662782F39464131463745442D413632322D343644302D413938332D3331353338454246344243312F636E782E786D6C504B01021400140006080800CC70623B16AB87BA640500003C1000003400000000000000000000000000710800006662782F39464131463745442D413632322D343644302D413938332D3331353338
310
454246344243312F6F626A656374732E786D6C504B01021400140006080000CC70623B0000000000000000000000003500000000000000000000000000270E00006662782F39464131463745442D413632322D343644302D413938332D3331353338454246344243312F76657274696365732E62696E504B01021400140006
310
080800CC70623BF270F133060000000400000036000000000000000000000000007A0E00006662782F39464131463745442D413632322D343644302D413938332D3331353338454246344243312F747269616E676C65732E62696E504B01021400140006080000CC70623B0000000000000000000000003700000000000000
310
000000000000D40E00006662782F39464131463745442D413632322D343644302D413938332D3331353338454246344243312F617474726962757465732E62696E504B01021400140006080800CC70623B08DA0BD190000000410100003600000000000000000000000000290F00006662782F39464131463745442D413632
310
322D343644302D413938332D3331353338454246344243312F6469726563746F72792E786D6C504B01021400140006080800CC70623B0D6EF93BFE000000A00100003B000000000000000000000000000D1000006662782F39464131463745442D413632322D343644302D413938332D3331353338454246344243312F7265
310
736F75726365732F636F72652E786D6C504B0506000000000E000E0080040000641100000000
  0
XRECORD
  5
175
102
{ACAD_REACTORS
330
173
102
}
330
173
100
AcDbXrecord
280
     1
270
     1
271
     1
  0
XRECORD
  5
174
102
{ACAD_REACTORS
330
173
102
}
330
173
100
AcDbXrecord
280
     1
270
     1
271
     1
  0
XRECORD
  5
1FB
102
{ACAD_REACTORS
330
173
102
}
330
173
100
AcDbXrecord
280
     1
 70
     0
 90
1673772943
  1
ECE7A1D2-D628-4531-984C-D00F80459256
310
504B03040A0000080000CC70623B3DEE336E79000000790000001B0000006175746F6465736B2D64657369676E2D7061636B6167652E786D6C3C3F786D6C2076657273696F6E3D22312E302220656E636F64696E673D227574662D3822203F3E3C666F726D6174733E3C666F726D61743E687474703A2F2F736368656D612E
310
6175746F6465736B2E636F6D2F64657369676E2D7061636B6167652F323030393C2F666F726D61743E3C2F666F726D6174733E504B0304140006080800CC70623BD486FD9CA0000000F4000000130000005B436F6E74656E745F54797065735D2E786D6C7D8EC10E82300C865F65E91D8A1E8C310C0EEA1BF002731658846E
310
D98AC1B77784ABF1D8FE5FBFBF75BBCE937A534CCEB38643598122B6FEE978D0B0485F9C41B54DDD7D022595594E1A469170414C76A4D9A4D207E29CF43ECE46F218070CC6BECC4078ACAA135ACF422C856C0E68EA1BF5669944DDD7BCDE7B1F8E415D77AECB980613C2E4AC91FC167A2B244592486606FC29C8FD7F045B9A
310
EF7053A7E60B504B0304140006080800CC70623BD9DDAED0EC0000007C01000008000000636F72652E786D6C8D90416EC3201045AF82665B61836D9CD8C2444DD39CA01740405C94182C03558F5F9C3852BBEB6A467FFE9B197D7EF89E6EE8CB2CC17A37002D0820E394D7D68D03A478C17B4007C117EFE32F1B20272733C0
310
2A83E0E3E2D3BC49CABB685CCCAAF3DA6CA20CC14440EA969B0182FA34932C648AD911AEC52CD5558EA6A0CF2EC329598D1E47ACCEFBECC59A050463A7EA5833865FEBDD0E37353BE3EE8DBDE3F6786A48D375FBF6CC78B9C282473B3DEFABC5C86834888A900E538A49F5419B9EB47DD5BC907D4F082F57FB1F28CDFA9F50
310
B22ED6D5F6EE030B20687EE43E10BC5CB3C8E51E54AE6B6EE207504B0304140006080800CC70623B55019EA25F0000007C00000007000000636E782E786D6C4DCB3B0E80201045D1AD90E915ED2CF8AC45050C11660C8261F98AB1B07AC9C97D42D718D865D3E909258CFD00CCE24AC6E326A164D74DC0B4128928FF326038
310
472BA13128B1252AC747C6BAB984FC68F0B87FE8960A5C09FE86CFB69FBA01504B0304140006080800CC70623BA24EB22D72010000D40300000C0000006662782F636F72652E786D6CC5535B6E833010BC8AE5DF0A6C5E49888CA3A6694ED00B38E05014B091B1518EDFE511A5A9D228FD2A1F60CDEC7A67C6986DCE4D8D7A
310
69BA4AAB0C073EC548AA5C17952A33ECECD15B61B4E1CC686DBF9561A44423333CC098B3D268D7CE50AE9595CA02AA74216750749DB418E5352C32DCE59FB211BE70162ABA93DF8AFC244AE9073ED050C759670D0840D390E18DF9F1706664C23973AE2A66B62A605A75ACA4C13C4976E1364A12EF355A2EBD384AF65EFA96
310
BC7B8BED2EA6719AAE16FB8491A199335B351775B991C2CA02F390D2D40B028F861F41BCA68B7518BFD0D59A524686F29B26D7164F36B94AD9289CE54E6D1DE6010819891F6E21228B3AD1831EC219194284CF98F06DD01008846CC5A1BEF83801D4CBDC6A1303536877A57A513B0953A94FC707FDBE6064EA84A9E3E6E0FA
310
EE8CF0E9198F7784A316AA0413C2C2F2E0ECA0934D1AE6D05A69BCDE9E91D2A611F573361E38FC1375157F5752AE6B6DFE4B11990F88CCBF0719EE23FF02504B0304140006080800CC70623B408A7D3B7C0000009D0000000B0000006662782F636E782E786D6C4DCCD10A83201886E15B91FFDC552A92A0064DBC8F581632
310
D3703A76F9ABD1C18E3E78F878E5F0D9027ABBFCF2292AE86E2D20171F69F6715550CB827B40839639A5F2770314A7CD293819B45C73AAFB45B35BA61ACAA1C1C7E7855C58C15BC331339661262CC762340413D68D77DA5B42298546CBE6573AF60CEB2F504B0304140006080800CC70623B449FB9BD290100001202000031
310
0000006662782F36394639363044362D344446342D343946362D394244322D3234314243333846323333332F636F72652E786D6C8D515B6EC32010BC0AE22B55850D98B871848994463E412FE002495162B07854397EA176A4F62F3F2C9A9D991D587EB84F37F0AD7D30CEF6905418026DA553C65E7A98E219ED203808EE9D
310
8B7F6810D871D23D2C3014FCE25D9A57483A1BB58D19B54EE9151C43D0110279CB971E06F9A5A7B11A53CC8C70ADE6515EC78BAE4895DB992778883E0700CB907242D17643D7E2538BD869608875438BBAE38922CAC8F1BDD90DB4691A5E2F42C153326A951B95E398B3D1FE599322163C9AE9115F7A3D46ADA0A018778810
310
84E907617BDCEE297BC5BB3DC6BC2EF47FA234AB2745C9D8D8D035EE220B50105E2F0DC1954B9FB747187D9F9D8FA0CCDB042D5FA0C015C65B42DF78BD10F3F3B363CB56C7109DCFDFBBB97E662ED92EB62D13BC2E1BCAE5777DB9966D8A1F504B0304140006080800CC70623BAD7543B64E01000033030000300000006662
310
782F36394639363044362D344446342D343946362D394244322D3234314243333846323333332F636E782E786D6CD593CD6EC32010845F0571AD6CE3D48AD20813A9873E410FBD12D82434182C7EAAE6EDBB2424CD25871E7B41D6EC30B3FA84F9E67BB2E40B4234DE8DB46F1925E094D7C6ED479AD3AE5951B2113C789FEE
310
6C943839C1488B4C05DF079FE72A69D8C96C13AAD6B8631503449F83828872B949AC57D26200B826A308D316B4064D6E46FCDA41C05550DC9E483A00797BFD207EFB092A45DE9514C1BBD22178396BD39D891265658C238DEA00936C654E5E433CB65A26D9F6EDB5EBC14EBF49A45CB856E66048291F6939A9A81BB5C89177
310
38143CA680F4AA299D66A042CEB3354A2684DC9D8D178FE0D9B8B41CAAD720F880EE7EF93C0C18769E099ECC04D5A102C8049A8A05632F4DDF376CF1DE0F6BB65C2F8627B65A33C6BB62177CEBBDAD973006829F89F22E814B54F4BC2BE347F8AA8F681390B50FA73F804400B5F542E796F19FF974E7F78DB802FE05E20750
310
4B0304140006080800CC70623B8D05915C650500003B100000340000006662782F36394639363044362D344446342D343946362D394244322D3234314243333846323333332F6F626A656374732E786D6CAD575B6FA33814FE2B887D06429276DA1565D4266D158D3A339A6846FB502932E050B66023DB74D2FDF5FB190C01
310
9276B2973C046C8ECFF53B17071F77456EBD502133CEAE6CDF9DD81665314F32965ED995DA3A17B6F5310C04E7AA47665B8C14F4CAD6DB7618A48257A5D94AE89654B91AEDDEDDFC61C998326A5B714EA4BCB265FC440BE2924AF184CA6737218AB8E976E7FA6E4338649B0A523E8D98964450A6A029F619B8588D52FE7039
310
B1BD30F0F4F730D0FF866AF6369557DB33949F31A9088B0F848DD8CCFCF9F2767A76E99CCDE733677E3EF59D9BBB9BA5E37F984D16E78BC5E5F5ED25044B25C0C96822E8D60EEFE11B91C581D77CEA34368A1F5329E68CD1B8B61F16D63A1B8E092D294B10C78C4A48EB593D192E7DED9BDEE7995E1B91FDEDD3ACEA9FE831
310
6A756F9F7D4D79F4274C90A7A04248AA51D5F8C718DAE06FB2F75AC4796EBE65D22A88A22223B995679120E2D50E41AA49C260C046A35368846B0BECD0DFF3EBEB8AD4F835768F69B9ADF25C43D30E6B646F807FAA64AD59F61715C7A54127C4AACA98BA3006A9D792DAE165E0D59B61A01FB3A9F9D838D2DAE62445C86166
310
F37564E842E7DE6A69879FEEA2DD5AE7E371E1A5E025154AC307D06A03D73EB5978C58FFA4C8E9033066E0F3BD53BEC1F39F91BE7B55103791EDE6BBB991A2046172CB4581D8B893FA674DDA17A77B3B7C413D1B511FD2743BFF8A38F03A658705E3ADF8015C3A3417FF3D7E439FF591DA0B5F18BC20C1B8981957AE6392A3
310
F43C640C01D1A0B4728E2DD4F26DB4B3C3152A252A3B4E913CEC1C72F012782FF88EFF8637AA552DBEF76408E8A8DE9E50F9E1CB3A2DA0DB1B6039A893B56063DC5B3E3FFB5F72E67AB9FEB4AEC496C4F4C1149625DD662C53E89D7BF0F6151A046260D1337DFDC94502430F83B0EE07A130A224BCAD7DAE1D9FB6CD422FF6
310
920702629C4BB9AE79C12F243C6432A6794E18E5552BA56B431AAB5D91317302B2B071E86C3A42B1A02F999E24061403B5D0EB639195DA655DD3EBEAB4FB862DDF579F014AD0E73C22F99E28DA57FB98E75C6CA2D74D53086D600F4786E0FE3144B771A8A7B900F03594DB8A633CBC49B2EDB69228BB479CF863B5E807AAAB
310
23872F6DFEB4129B949CA33823F58830E86D65621E10047D9DB34D862E8EAC3C2ABC2F7B2C40D67CDFE01F5545B92105AF983AC54D93D69E56FB8E797F88913F898A9FEC705D3F9D1B54EC8426FB500D40A03BD0119B06E1B95DDC7EB8F6975367793EBD70E66733DFB9BC982F9CE564727731999F5D4ECFCE3B8D6A4DC2A0
310
6D50FD148437D110834A64C6CDDF57FBACB5C307A2A477DFE4939736CFEF2B175371E0E10CF0DD1D5C15654E0BCA14D1E87DD02FF93782A162C0A3D95F1524A52770F972BF1EE9809D13CE7DD599467F8ECE9ADD85CE85A34CD45355448C64F9E8A031DC2D596ACC6E5DD93D9B82DE2EF5CAF81363A8E47996A0DE24564A79
310
4115AACE09C55E14540231FDA13C319787134EBF34E3A022514E5B4D9E0826E25C02D5805B15ABE1BEF51B26383D445DD9E875EE33FE4C22DA16427D65A3BCA92CA6D28DD01DF5DC53330704308475351050232CCD31583787BA75774AFB06E5070DD0C8EF484E19968C5D83BA5B90B244D31E54D55A372320FE4786B7EA58
310
44E135AA5467CB7EA333A61683CC6A8C3257034C10CF46F40EF9F5BE59BE5BD30C3C72D235E95D10345C1D45445A5F0BB47E46A5EBE5570F9380B5FA629579952296A773720405982B9DE04011506178964401AA8BDF1FBF0A8EAB6861DD6580C0E38217056766716DAEB2D6FA0917D3E4116581EADB879C4E7CFFB11EFACD
310
3D641311495D92C8676CB409A72D18610D803CE8A626049E8EC1887CB5B44CC39883690DDA8399B4B9855B481E7D71D4A9D22F96E5BB73BF5793020C02137BF837504B0304140006080000CC70623B000000000000000000000000350000006662782F36394639363044362D344446342D343946362D394244322D32343142
310
43333846323333332F76657274696365732E62696E504B0304140006080800CC70623BF270F1330600000004000000360000006662782F36394639363044362D344446342D343946362D394244322D3234314243333846323333332F747269616E676C65732E62696E636660600000504B0304140006080000CC70623B0000
310
00000000000000000000370000006662782F36394639363044362D344446342D343946362D394244322D3234314243333846323333332F617474726962757465732E62696E504B0304140006080800CC70623B08DA0BD19000000041010000360000006662782F36394639363044362D344446342D343946362D394244322D
310
3234314243333846323333332F6469726563746F72792E786D6C858F410AC3201045AF22B36F53E9A60B35CBEEBAE80D244E44489C6234F4F835464A48035D0DF398FF9F8AF63D0E6CC63039F212F8F9020C7D47C6792B21C5FE7403D62A1188E2E60C98D7234A5830286103A55745067B9D86B8A3CF9C7F90C11DE607FB14
310
4396D7B6A82D282E9A152AD114D5EF2CB866EEE831B8EEA07A7BB5A8D7D61A2BAAEB7FD5F70921FF497D00504B0304140006080800CC70623BCA768048FE000000A00100003B0000006662782F36394639363044362D344446342D343946362D394244322D3234314243333846323333332F7265736F75726365732F636F72
310
652E786D6C8D50596E833010BD0A9ADFCA60D600328E9AA639412F609909B1126CE4A5EAF16B0295DABFFECC8CDEA2797AECF8353F924FB44E193D409E5248504B332A3D0D10FC95B4901C39B3C6F85F3248B49871801506CE266BC2B243D2688FDA47549B11775038871E12F988C7004EDE7016A9083E2ADC3D5D84BC8B09
310
D33C8D74D471E6BC8D0192EDC93A815B742658898E651BCB59086ADC356A8C3FD555A1055ED7E7E254D615792D0F075295F585746FF53B694EE78A565DD736979A65AB9933AFE69F8CD2A2F038022F28ED489E135A7CE4554F9BBEA85E68DB53CAB255FEC71496F19FA6A0B42F8B3DEE6673C0F318E4497096AD7DC5F52C33
310
EEB55BFE0D504B010214000A0000080000CC70623B3DEE336E79000000790000001B00000000000000000000000000000000006175746F6465736B2D64657369676E2D7061636B6167652E786D6C504B01021400140006080800CC70623BD486FD9CA0000000F40000001300000000000000000000000000B20000005B436F
310
6E74656E745F54797065735D2E786D6C504B01021400140006080800CC70623BD9DDAED0EC0000007C010000080000000000000000000000000083010000636F72652E786D6C504B01021400140006080800CC70623B55019EA25F0000007C000000070000000000000000000000000095020000636E782E786D6C504B0102
310
1400140006080800CC70623BA24EB22D72010000D40300000C00000000000000000000000000190300006662782F636F72652E786D6C504B01021400140006080800CC70623B408A7D3B7C0000009D0000000B00000000000000000000000000B50400006662782F636E782E786D6C504B01021400140006080800CC70623B
310
449FB9BD290100001202000031000000000000000000000000005A0500006662782F36394639363044362D344446342D343946362D394244322D3234314243333846323333332F636F72652E786D6C504B01021400140006080800CC70623BAD7543B64E010000330300003000000000000000000000000000D20600006662
310
782F36394639363044362D344446342D343946362D394244322D3234314243333846323333332F636E782E786D6C504B01021400140006080800CC70623B8D05915C650500003B10000034000000000000000000000000006E0800006662782F36394639363044362D344446342D343946362D394244322D32343142433338
310
46323333332F6F626A656374732E786D6C504B01021400140006080000CC70623B0000000000000000000000003500000000000000000000000000250E00006662782F36394639363044362D344446342D343946362D394244322D3234314243333846323333332F76657274696365732E62696E504B010214001400060808
310
00CC70623BF270F13306000000040000003600000000000000000000000000780E00006662782F36394639363044362D344446342D343946362D394244322D3234314243333846323333332F747269616E676C65732E62696E504B01021400140006080000CC70623B00000000000000000000000037000000000000000000
310
00000000D20E00006662782F36394639363044362D344446342D343946362D394244322D3234314243333846323333332F617474726962757465732E62696E504B01021400140006080800CC70623B08DA0BD190000000410100003600000000000000000000000000270F00006662782F36394639363044362D344446342D
310
343946362D394244322D3234314243333846323333332F6469726563746F72792E786D6C504B01021400140006080800CC70623BCA768048FE000000A00100003B000000000000000000000000000B1000006662782F36394639363044362D344446342D343946362D394244322D3234314243333846323333332F7265736F
310
75726365732F636F72652E786D6C504B0506000000000E000E0080040000621100000000
  0
XRECORD
  5
176
102
{ACAD_REACTORS
330
173
102
}
330
173
100
AcDbXrecord
280
     1
270
     1
271
     1
  0
XRECORD
  5
177
102
{ACAD_REACTORS
330
173
102
}
330
173
100
AcDbXrecord
280
     1
270
     1
271
     1
  0
CELLSTYLEMAP
  5
13CF
102
{ACAD_REACTORS
330
162
102
}
330
162
100
AcDbCellStyleMap
 90
        3
300
CELLSTYLE
  1
TABLEFORMAT_BEGIN
 90
        5
170
     1
 91
        0
 92
    32768
 62
   257
 93
        1
300
CONTENTFORMAT
  1
CONTENTFORMAT_BEGIN
 90
        0
 91
        0
 92
      512
 93
        0
300

 40
0.0
140
1.0
 94
        5
 62
     0
340
11
144
6.0
309
CONTENTFORMAT_END
171
     1
301
MARGIN
  1
CELLMARGIN_BEGIN
 40
1.5
 40
1.5
 40
1.5
 40
1.5
 40
4.5
 40
4.5
309
CELLMARGIN_END
 94
        6
 95
        1
302
GRIDFORMAT
  1
GRIDFORMAT_BEGIN
 90
        0
 91
        1
 62
     0
 92
       -2
340
14
 93
        0
 40
1.125
309
GRIDFORMAT_END
 95
        2
302
GRIDFORMAT
  1
GRIDFORMAT_BEGIN
 90
        0
 91
        1
 62
     0
 92
       -2
340
14
 93
        0
 40
1.125
309
GRIDFORMAT_END
 95
        4
302
GRIDFORMAT
  1
GRIDFORMAT_BEGIN
 90
        0
 91
        1
 62
     0
 92
       -2
340
14
 93
        0
 40
1.125
309
GRIDFORMAT_END
 95
        8
302
GRIDFORMAT
  1
GRIDFORMAT_BEGIN
 90
        0
 91
        1
 62
     0
 92
       -2
340
14
 93
        0
 40
1.125
309
GRIDFORMAT_END
 95
       16
302
GRIDFORMAT
  1
GRIDFORMAT_BEGIN
 90
        0
 91
        1
 62
     0
 92
       -2
340
14
 93
        0
 40
1.125
309
GRIDFORMAT_END
 95
       32
302
GRIDFORMAT
  1
GRIDFORMAT_BEGIN
 90
        0
 91
        1
 62
     0
 92
       -2
340
14
 93
        0
 40
1.125
309
GRIDFORMAT_END
309
TABLEFORMAT_END
  1
CELLSTYLE_BEGIN
 90
        1
 91
        1
300
_TITLE
309
CELLSTYLE_END
300
CELLSTYLE
  1
TABLEFORMAT_BEGIN
 90
        5
170
     1
 91
        0
 92
        0
 62
   257
 93
        1
300
CONTENTFORMAT
  1
CONTENTFORMAT_BEGIN
 90
        0
 91
        0
 92
      512
 93
        0
300

 40
0.0
140
1.0
 94
        5
 62
     0
340
11
144
4.5
309
CONTENTFORMAT_END
171
     1
301
MARGIN
  1
CELLMARGIN_BEGIN
 40
1.5
 40
1.5
 40
1.5
 40
1.5
 40
4.5
 40
4.5
309
CELLMARGIN_END
 94
        6
 95
        1
302
GRIDFORMAT
  1
GRIDFORMAT_BEGIN
 90
        0
 91
        1
 62
     0
 92
       -2
340
14
 93
        0
 40
1.125
309
GRIDFORMAT_END
 95
        2
302
GRIDFORMAT
  1
GRIDFORMAT_BEGIN
 90
        0
 91
        1
 62
     0
 92
       -2
340
14
 93
        0
 40
1.125
309
GRIDFORMAT_END
 95
        4
302
GRIDFORMAT
  1
GRIDFORMAT_BEGIN
 90
        0
 91
        1
 62
     0
 92
       -2
340
14
 93
        0
 40
1.125
309
GRIDFORMAT_END
 95
        8
302
GRIDFORMAT
  1
GRIDFORMAT_BEGIN
 90
        0
 91
        1
 62
     0
 92
       -2
340
14
 93
        0
 40
1.125
309
GRIDFORMAT_END
 95
       16
302
GRIDFORMAT
  1
GRIDFORMAT_BEGIN
 90
        0
 91
        1
 62
     0
 92
       -2
340
14
 93
        0
 40
1.125
309
GRIDFORMAT_END
 95
       32
302
GRIDFORMAT
  1
GRIDFORMAT_BEGIN
 90
        0
 91
        1
 62
     0
 92
       -2
340
14
 93
        0
 40
1.125
309
GRIDFORMAT_END
309
TABLEFORMAT_END
  1
CELLSTYLE_BEGIN
 90
        2
 91
        1
300
_HEADER
309
CELLSTYLE_END
300
CELLSTYLE
  1
TABLEFORMAT_BEGIN
 90
        5
170
     1
 91
        0
 92
        0
 62
   257
 93
        1
300
CONTENTFORMAT
  1
CONTENTFORMAT_BEGIN
 90
        0
 91
        0
 92
      512
 93
        0
300

 40
0.0
140
1.0
 94
        2
 62
     0
340
11
144
4.5
309
CONTENTFORMAT_END
171
     1
301
MARGIN
  1
CELLMARGIN_BEGIN
 40
1.5
 40
1.5
 40
1.5
 40
1.5
 40
4.5
 40
4.5
309
CELLMARGIN_END
 94
        6
 95
        1
302
GRIDFORMAT
  1
GRIDFORMAT_BEGIN
 90
        0
 91
        1
 62
     0
 92
       -2
340
14
 93
        0
 40
1.125
309
GRIDFORMAT_END
 95
        2
302
GRIDFORMAT
  1
GRIDFORMAT_BEGIN
 90
        0
 91
        1
 62
     0
 92
       -2
340
14
 93
        0
 40
1.125
309
GRIDFORMAT_END
 95
        4
302
GRIDFORMAT
  1
GRIDFORMAT_BEGIN
 90
        0
 91
        1
 62
     0
 92
       -2
340
14
 93
        0
 40
1.125
309
GRIDFORMAT_END
 95
        8
302
GRIDFORMAT
  1
GRIDFORMAT_BEGIN
 90
        0
 91
        1
 62
     0
 92
       -2
340
14
 93
        0
 40
1.125
309
GRIDFORMAT_END
 95
       16
302
GRIDFORMAT
  1
GRIDFORMAT_BEGIN
 90
        0
 91
        1
 62
     0
 92
       -2
340
14
 93
        0
 40
1.125
309
GRIDFORMAT_END
 95
       32
302
GRIDFORMAT
  1
GRIDFORMAT_BEGIN
 90
        0
 91
        1
 62
     0
 92
       -2
340
14
 93
        0
 40
1.125
309
GRIDFORMAT_END
309
TABLEFORMAT_END
  1
CELLSTYLE_BEGIN
 90
        3
 91
        2
300
_DATA
309
CELLSTYLE_END
  0
ENDSEC
  0
SECTION
  2
ACDSDATA
 70
     2
 71
     8
  0
ACDSSCHEMA
 90
        0
  1
AcDb_Thumbnail_Schema
  2
AcDbDs::ID
280
    10
 91
        8
  2
Thumbnail_Data
280
    15
 91
        0
101
ACDSRECORD
 95
        0
 90
        1
  2
AcDbDs::TreatedAsObjectData
280
     1
291
     1
101
ACDSRECORD
 95
        0
 90
        2
  2
AcDbDs::Legacy
280
     1
291
     1
101
ACDSRECORD
  1
AcDbDs::ID
 90
        3
  2
AcDs:Indexable
280
     1
291
     1
101
ACDSRECORD
  1
AcDbDs::ID
 90
        4
  2
AcDbDs::HandleAttribute
280
     7
282
     1
  0
ACDSSCHEMA
 90
        1
  1
AcDbDs::TreatedAsObjectDataSchema
  2
AcDbDs::TreatedAsObjectData
280
     1
 91
        0
  0
ACDSSCHEMA
 90
        2
  1
AcDbDs::LegacySchema
  2
AcDbDs::Legacy
280
     1
 91
        0
  0
ACDSSCHEMA
 90
        3
  1
AcDbDs::IndexedPropertySchema
  2
AcDs:Indexable
280
     1
 91
        0
  0
ACDSSCHEMA
 90
        4
  1
AcDbDs::HandleAttributeSchema
  2
AcDbDs::HandleAttribute
280
     7
 91
        1
284
     1
  0
ACDSRECORD
 90
        0
  2
AcDbDs::ID
280
    10
320
22
  2
Thumbnail_Data
280
    15
 94
     2273
310
89504E470D0A1A0A0000000D494844520000010000000063080300000043BB2E1400000300504C5445212830FFFFFF2128300000000000000000000000000000000000000000000000000000330000660000990000CC0000FF0033000033330033660033990033CC0033FF0066000066330066660066990066CC0066FF0099
310
000099330099660099990099CC0099FF00CC0000CC3300CC6600CC9900CCCC00CCFF00FF0000FF3300FF6600FF9900FFCC00FFFF3300003300333300663300993300CC3300FF3333003333333333663333993333CC3333FF3366003366333366663366993366CC3366FF3399003399333399663399993399CC3399FF33CC00
310
33CC3333CC6633CC9933CCCC33CCFF33FF0033FF3333FF6633FF9933FFCC33FFFF6600006600336600666600996600CC6600FF6633006633336633666633996633CC6633FF6666006666336666666666996666CC6666FF6699006699336699666699996699CC6699FF66CC0066CC3366CC6666CC9966CCCC66CCFF66FF0066
310
FF3366FF6666FF9966FFCC66FFFF9900009900339900669900999900CC9900FF9933009933339933669933999933CC9933FF9966009966339966669966999966CC9966FF9999009999339999669999999999CC9999FF99CC0099CC3399CC6699CC9999CCCC99CCFF99FF0099FF3399FF6699FF9999FFCC99FFFFCC0000CC00
310
33CC0066CC0099CC00CCCC00FFCC3300CC3333CC3366CC3399CC33CCCC33FFCC6600CC6633CC6666CC6699CC66CCCC66FFCC9900CC9933CC9966CC9999CC99CCCC99FFCCCC00CCCC33CCCC66CCCC99CCCCCCCCCCFFCCFF00CCFF33CCFF66CCFF99CCFFCCCCFFFFFF0000FF0033FF0066FF0099FF00CCFF00FFFF3300FF3333
310
FF3366FF3399FF33CCFF33FFFF6600FF6633FF6666FF6699FF66CCFF66FFFF9900FF9933FF9966FF9999FF99CCFF99FFFFCC00FFCC33FFCC66FFCC99FFCCCCFFCCFFFFFF00FFFF33FFFF66FFFF99FFFFCCFFFFFF0000000D0D0D1A1A1A2828283535354343435050505D5D5D6B6B6B787878868686939393A1A1A1AEAEAEBB
310
BBBBC9C9C9D6D6D6E4E4E4F1F1F1FFFFFF0000000000000000000000000000000000000000000000000000000000002E4550F10000059C4944415478DAED5C4B92DC200CE506BE8636DC7FC7866BE8083A4424BE12C6DD335D950AA479954C2C8C5DD64308493071EEE0E0E0E0E0E0E0E0E0E0E0E0E0E0E0E0E0E0E0E0E0E0
310
E0DF0071DB4F07F941743100E093179000493F2D97F0D9EBFE266243BAACDFEF3050FADC0F0960300145ED4C67644AF6218010F3E7DEBFF8271AA4E1E777B00D506E7014E38204749D470BAE0418B5441B63D4BA87252C507E098BD91C5CF48ED69BEC10235864024008A062C68A00A09BC6FD6E164B8307F08C32F1D123FA
310
187D5C8F01981310B305747DC5AF4599C8A08D44FE161B17C6AAC50B0119F5612FEAFBE50898EB2FDA310128C316C03876F1649D004499D8C51C50A67DA410DA036AB6183A36B0001097C51F8C3E74BF905C19AB582CBE197D7A06848FC8846402325BDA87F0A2126903FD0B01EC1B58214F187467AAE33F3C9EF9D06E509A
310
3012E8758122D12616509C23E595DB2E6F0F040C326B1B21D63B791980B85E18F0A0BF2160E8FFEE757581657FD84C9E9B3D46F0B00103A519F32C1E2DE0E7F0B286920A0B3824589080A802418DEB76E31A9A8C6C1B86EE93BE6B054205DA04D2FA66BEF8D632362879B83B745D8E81D91C183E3937D94F2F3D94AC1BDA0B
310
266F8B3B38C116D912117C9E14EE90F93FAAF71D04003CDA40BE6E04585E6A81E3456E3CA44A2B139057F77A05FD06622120A8704E111052BE18BA9A49B6C92168714902EA4F43006B85207FD23F251E96F91048674C2D54288B3D6702355B0A96007E3284452D604600048F25DF93242E288D9591E40439B6C703274358F2
310
65641A829E10465CCC023A17DD02300D7D19C55074120BD7532022673CA1BD89E5C0321502B4C9AF4DC0C407A4E98C65C8F3B4C6EBC254E56BF1322BCC91542380659933992DA928ABC4E9C254605E331598130079B4150152E767B5FAC36C26B9EC5768641F8025639692BA4E24E4B9B0D562DACCBD11704B80A94C01ED04
310
3152B208608D31F4AEC9201624E0390C20D91721E87E5EAF8FD01645AC3E201120C804E4E2A032A87D0221356FF3B47543ADA8770A91151E627B6A35422909F7F7AD5A147C4540AF6F8D06F01343F656E50DF5B7597C344FB85BCEFF521A8A053B948492D337B855BDEC4D93F39A9BB7AE9B10E0DE7E2ABE905EDFDC83802F
310
C14B27E8BE8012ADB9CEDEFA2E475BF527E93FCDAA480F94E15616209B833146B3FB3DA9704CAB253706726D69D113334F7B83C4992D9AD1C5B4373E6C14814DF9263525B9F0BE940E7689042105B9C11240A932D0B563993C75CEBC2F872AF25D3D3D02AE4AC06324247B7B384C018F5E6F163301E0AB96993245005CCA1C
310
2433C4BC3FB84B24089CEA1192CD8E508D21D931AD04747E381F6CDA560BD86773F4E6D24A899CB40C0FB2F199351FDE8B00009D06BA46801B08B1F9D2709F2619F6FAF500F790F3E981562183917F952CAE6D02500B78A33263DB3B79AB38F09996591C879F67462B5BC0A4D5D592B0A90D5C46C641B6D2202ECA80B39B04
310
434163D8FD7E27F7E2C04C5CD904DCA8D0EF3EBA2C861BA7C39A804F5F969EDDC715FEA21A221DAE5BE384008FB40B018F9EA9A8F29A80D460884B3B034CC0C661009814DEC46E4D5FD5704D4E4A0E04C06D736187642040DB14D27D8702400F785F1040E990F1A2043C2743A21A5D04F707DC8BD8B012609A64AF3D216C31
310
0772BB977C1ECD718871A7B4B4E842195F8BB25EB4D504A45DC4250F083C2EF42159C08D00773F45A50DC03301215CB20516BA37C904AC7942229D147D3A28389E15863AE51F338920E7A9E4D70CD01B0256DD157A571119D679989E8E1FEC26C82FC678529BE679A6B8DD9CE0BCF710E60E2EC085AB0D76B053E5FF206086
310
6BFED42DB5DCAA1E9235B33BDA93E3F19343F0D383F1BA71510626378674F07E7E7C72A27CDA369C9DDF07E8AC16B75FAE98EA3A2D7CE076CAFF809638C27D0510B53DABF1C68DFFB380DF1230AD757E89FE0707070707070707078BE20F618D7AEB3E464B840000000049454E44AE426082
  0
ENDSEC
  0
EOF
