  0
SECTION
  2
HEADER
  9
$ACADVER
  1
AC1032
  9
$ACADMAINTVER
 90
       55
  9
$DWGCODEPAGE
  3
ANSI_1252
  9
$LASTSAVEDBY
  1
Wilross
  9
$REQUIREDVERSIONS
160
                 0
  9
$INSBASE
 10
0.0
 20
0.0
 30
0.0
  9
$EXTMIN
 10
0.0000115882430443
 20
0.0000309423233205
 30
0.0
  9
$EXTMAX
 10
33692.99689705795
 20
27305.46048437277
 30
0.0
  9
$LIMMIN
 10
0.0
 20
0.0
  9
$LIMMAX
 10
420.0
 20
297.0
  9
$ORTHOMODE
 70
     1
  9
$REGENMODE
 70
     1
  9
$FILLMODE
 70
     1
  9
$QTEXTMODE
 70
     0
  9
$MIRRTEXT
 70
     0
  9
$LTSCALE
 40
1.0
  9
$ATTMODE
 70
     1
  9
$TEXTSIZE
 40
2.5
  9
$TRACEWID
 40
1.0
  9
$TEXTSTYLE
  7
Standard
  9
$CLAYER
  8
0
  9
$CELTYPE
  6
ByLayer
  9
$CECOLOR
 62
   256
  9
$CELTSCALE
 40
1.0
  9
$DISPSILH
 70
     0
  9
$DIMSCALE
 40
1.0
  9
$DIMASZ
 40
2.5
  9
$DIMEXO
 40
0.625
  9
$DIMDLI
 40
3.75
  9
$DIMRND
 40
0.0
  9
$DIMDLE
 40
0.0
  9
$DIMEXE
 40
1.25
  9
$DIMTP
 40
0.0
  9
$DIMTM
 40
0.0
  9
$DIMTXT
 40
2.5
  9
$DIMCEN
 40
2.5
  9
$DIMTSZ
 40
0.0
  9
$DIMTOL
 70
     0
  9
$DIMLIM
 70
     0
  9
$DIMTIH
 70
     0
  9
$DIMTOH
 70
     0
  9
$DIMSE1
 70
     0
  9
$DIMSE2
 70
     0
  9
$DIMTAD
 70
     1
  9
$DIMZIN
 70
     8
  9
$DIMBLK
  1

  9
$DIMASO
 70
     1
  9
$DIMSHO
 70
     1
  9
$DIMPOST
  1

  9
$DIMAPOST
  1

  9
$DIMALT
 70
     0
  9
$DIMALTD
 70
     3
  9
$DIMALTF
 40
0.03937007874016
  9
$DIMLFAC
 40
1.0
  9
$DIMTOFL
 70
     1
  9
$DIMTVP
 40
0.0
  9
$DIMTIX
 70
     0
  9
$DIMSOXD
 70
     0
  9
$DIMSAH
 70
     0
  9
$DIMBLK1
  1

  9
$DIMBLK2
  1

  9
$DIMSTYLE
  2
ISO-25
  9
$DIMCLRD
 70
     0
  9
$DIMCLRE
 70
     0
  9
$DIMCLRT
 70
     0
  9
$DIMTFAC
 40
1.0
  9
$DIMGAP
 40
0.625
  9
$DIMJUST
 70
     0
  9
$DIMSD1
 70
     0
  9
$DIMSD2
 70
     0
  9
$DIMTOLJ
 70
     0
  9
$DIMTZIN
 70
     8
  9
$DIMALTZ
 70
     0
  9
$DIMALTTZ
 70
     0
  9
$DIMUPT
 70
     0
  9
$DIMDEC
 70
     2
  9
$DIMTDEC
 70
     2
  9
$DIMALTU
 70
     2
  9
$DIMALTTD
 70
     3
  9
$DIMTXSTY
  7
Standard
  9
$DIMAUNIT
 70
     0
  9
$DIMADEC
 70
     0
  9
$DIMALTRND
 40
0.0
  9
$DIMAZIN
 70
     0
  9
$DIMDSEP
 70
    44
  9
$DIMATFIT
 70
     3
  9
$DIMFRAC
 70
     0
  9
$DIMLDRBLK
  1

  9
$DIMLUNIT
 70
     2
  9
$DIMLWD
 70
    -2
  9
$DIMLWE
 70
    -2
  9
$DIMTMOVE
 70
     0
  9
$DIMFXL
 40
1.0
  9
$DIMFXLON
 70
     0
  9
$DIMJOGANG
 40
0.7853981633974483
  9
$DIMTFILL
 70
     0
  9
$DIMTFILLCLR
 70
     0
  9
$DIMARCSYM
 70
     0
  9
$DIMLTYPE
  6

  9
$DIMLTEX1
  6

  9
$DIMLTEX2
  6

  9
$DIMTXTDIRECTION
 70
     0
  9
$LUNITS
 70
     2
  9
$LUPREC
 70
     4
  9
$SKETCHINC
 40
1.0
  9
$FILLETRAD
 40
0.0
  9
$AUNITS
 70
     0
  9
$AUPREC
 70
     0
  9
$MENU
  1
.
  9
$ELEVATION
 40
0.0
  9
$PELEVATION
 40
0.0
  9
$THICKNESS
 40
0.0
  9
$LIMCHECK
 70
     0
  9
$CHAMFERA
 40
0.0
  9
$CHAMFERB
 40
0.0
  9
$CHAMFERC
 40
0.0
  9
$CHAMFERD
 40
0.0
  9
$SKPOLY
 70
     0
  9
$TDCREATE
 40
2461273.582638889
  9
$TDUCREATE
 40
2461273.249305556
  9
$TDUPDATE
 40
2461273.583379630
  9
$TDUUPDATE
 40
2461273.250046296
  9
$TDINDWG
 40
0.0007407407
  9
$TDUSRTIMER
 40
0.0007407407
  9
$USRTIMER
 70
     1
  9
$ANGBASE
 50
0.0
  9
$ANGDIR
 70
     0
  9
$PDMODE
 70
     0
  9
$PDSIZE
 40
0.0
  9
$PLINEWID
 40
0.0
  9
$SPLFRAME
 70
     0
  9
$SPLINETYPE
 70
     6
  9
$SPLINESEGS
 70
     8
  9
$HANDSEED
  5
A73
  9
$SURFTAB1
 70
     6
  9
$SURFTAB2
 70
     6
  9
$SURFTYPE
 70
     6
  9
$SURFU
 70
     6
  9
$SURFV
 70
     6
  9
$UCSBASE
  2

  9
$UCSNAME
  2

  9
$UCSORG
 10
0.0
 20
0.0
 30
0.0
  9
$UCSXDIR
 10
1.0
 20
0.0
 30
0.0
  9
$UCSYDIR
 10
0.0
 20
1.0
 30
0.0
  9
$UCSORTHOREF
  2

  9
$UCSORTHOVIEW
 70
     0
  9
$UCSORGTOP
 10
0.0
 20
0.0
 30
0.0
  9
$UCSORGBOTTOM
 10
0.0
 20
0.0
 30
0.0
  9
$UCSORGLEFT
 10
0.0
 20
0.0
 30
0.0
  9
$UCSORGRIGHT
 10
0.0
 20
0.0
 30
0.0
  9
$UCSORGFRONT
 10
0.0
 20
0.0
 30
0.0
  9
$UCSORGBACK
 10
0.0
 20
0.0
 30
0.0
  9
$PUCSBASE
  2

  9
$PUCSNAME
  2

  9
$PUCSORG
 10
0.0
 20
0.0
 30
0.0
  9
$PUCSXDIR
 10
1.0
 20
0.0
 30
0.0
  9
$PUCSYDIR
 10
0.0
 20
1.0
 30
0.0
  9
$PUCSORTHOREF
  2

  9
$PUCSORTHOVIEW
 70
     0
  9
$PUCSORGTOP
 10
0.0
 20
0.0
 30
0.0
  9
$PUCSORGBOTTOM
 10
0.0
 20
0.0
 30
0.0
  9
$PUCSORGLEFT
 10
0.0
 20
0.0
 30
0.0
  9
$PUCSORGRIGHT
 10
0.0
 20
0.0
 30
0.0
  9
$PUCSORGFRONT
 10
0.0
 20
0.0
 30
0.0
  9
$PUCSORGBACK
 10
0.0
 20
0.0
 30
0.0
  9
$USERI1
 70
     0
  9
$USERI2
 70
     0
  9
$USERI3
 70
     0
  9
$USERI4
 70
     0
  9
$USERI5
 70
     0
  9
$USERR1
 40
0.0
  9
$USERR2
 40
0.0
  9
$USERR3
 40
0.0
  9
$USERR4
 40
0.0
  9
$USERR5
 40
0.0
  9
$WORLDVIEW
 70
     1
  9
$SHADEDGE
 70
     3
  9
$SHADEDIF
 70
    70
  9
$TILEMODE
 70
     1
  9
$MAXACTVP
 70
    64
  9
$PINSBASE
 10
0.0
 20
0.0
 30
0.0
  9
$PLIMCHECK
 70
     0
  9
$PEXTMIN
 10
0.0
 20
0.0
 30
0.0
  9
$PEXTMAX
 10
0.0
 20
0.0
 30
0.0
  9
$PLIMMIN
 10
0.0
 20
0.0
  9
$PLIMMAX
 10
12.0
 20
9.0
  9
$UNITMODE
 70
     0
  9
$VISRETAIN
 70
     1
  9
$PLINEGEN
 70
     0
  9
$PSLTSCALE
 70
     1
  9
$TREEDEPTH
 70
  3020
  9
$CMLSTYLE
  2
Standard
  9
$CMLJUST
 70
     0
  9
$CMLSCALE
 40
20.0
  9
$PROXYGRAPHICS
 70
     1
  9
$MEASUREMENT
 70
     1
  9
$CELWEIGHT
370
    -1
  9
$ENDCAPS
280
     0
  9
$JOINSTYLE
280
     0
  9
$LWDISPLAY
290
     0
  9
$INSUNITS
 70
     4
  9
$HYPERLINKBASE
  1

  9
$STYLESHEET
  1

  9
$XEDIT
290
     1
  9
$CEPSNTYPE
380
     0
  9
$PSTYLEMODE
290
     1
  9
$FINGERPRINTGUID
  2
{EE8E5EDA-5831-E24E-B804-F711B7A56D81}
  9
$VERSIONGUID
  2
{545B5CB1-AF20-FF43-BCD2-C55783DC2D5A}
  9
$EXTNAMES
290
     1
  9
$PSVPSCALE
 40
0.0
  9
$OLESTARTUP
290
     0
  9
$SORTENTS
280
   127
  9
$INDEXCTL
280
     0
  9
$HIDETEXT
280
     1
  9
$XCLIPFRAME
280
     2
  9
$HALOGAP
280
     0
  9
$OBSCOLOR
 70
   257
  9
$OBSLTYPE
280
     0
  9
$INTERSECTIONDISPLAY
280
     0
  9
$INTERSECTIONCOLOR
 70
   257
  9
$DIMASSOC
280
     2
  9
$PROJECTNAME
  1

  9
$CAMERADISPLAY
290
     0
  9
$LENSLENGTH
 40
50.0
  9
$CAMERAHEIGHT
 40
0.0
  9
$STEPSPERSEC
 40
2.0
  9
$STEPSIZE
 40
6.0
  9
$3DDWFPREC
 40
2.0
  9
$PSOLWIDTH
 40
5.0
  9
$PSOLHEIGHT
 40
80.0
  9
$LOFTANG1
 40
1.570796326794896
  9
$LOFTANG2
 40
1.570796326794896
  9
$LOFTMAG1
 40
0.0
  9
$LOFTMAG2
 40
0.0
  9
$LOFTPARAM
 70
     7
  9
$LOFTNORMALS
280
     1
  9
$LATITUDE
 40
37.795
  9
$LONGITUDE
 40
-122.394
  9
$NORTHDIRECTION
 40
0.0
  9
$TIMEZONE
 70
 -8000
  9
$LIGHTGLYPHDISPLAY
280
     1
  9
$TILEMODELIGHTSYNCH
280
     1
  9
$CMATERIAL
347
EC
  9
$SOLIDHIST
280
     0
  9
$SHOWHIST
280
     1
  9
$DWFFRAME
280
     2
  9
$DGNFRAME
280
     0
  9
$REALWORLDSCALE
290
     1
  9
$INTERFERECOLOR
 62
     1
  9
$INTERFEREOBJVS
345
F9
  9
$INTERFEREVPVS
346
F6
  9
$CSHADOW
280
     0
  9
$SHADOWPLANELOCATION
 40
0.0
  0
ENDSEC
  0
SECTION
  2
CLASSES
  0
CLASS
  1
ACDBDICTIONARYWDFLT
  2
AcDbDictionaryWithDefault
  3
ObjectDBX Classes
 90
        0
 91
        1
280
     0
281
     0
  0
CLASS
  1
DICTIONARYVAR
  2
AcDbDictionaryVar
  3
ObjectDBX Classes
 90
        0
 91
       11
280
     0
281
     0
  0
CLASS
  1
TABLESTYLE
  2
AcDbTableStyle
  3
ObjectDBX Classes
 90
     4095
 91
        1
280
     0
281
     0
  0
CLASS
  1
MATERIAL
  2
AcDbMaterial
  3
ObjectDBX Classes
 90
     1153
 91
        3
280
     0
281
     0
  0
CLASS
  1
VISUALSTYLE
  2
AcDbVisualStyle
  3
ObjectDBX Classes
 90
     4095
 91
       24
280
     0
281
     0
  0
CLASS
  1
SCALE
  2
AcDbScale
  3
ObjectDBX Classes
 90
     1153
 91
       19
280
     0
281
     0
  0
CLASS
  1
MLEADERSTYLE
  2
AcDbMLeaderStyle
  3
ACDB_MLEADERSTYLE_CLASS
 90
     4095
 91
        2
280
     0
281
     0
  0
CLASS
  1
CELLSTYLEMAP
  2
AcDbCellStyleMap
  3
ObjectDBX Classes
 90
     1152
 91
        2
280
     0
281
     0
  0
CLASS
  1
EXACXREFPANELOBJECT
  2
ExAcXREFPanelObject
  3
EXAC_ESW
 90
     1025
 91
        0
280
     0
281
     0
  0
CLASS
  1
NPOCOLLECTION
  2
AcDbImpNonPersistentObjectsCollection
  3
ObjectDBX Classes
 90
     1153
 91
        0
280
     0
281
     0
  0
CLASS
  1
LAYER_INDEX
  2
AcDbLayerIndex
  3
ObjectDBX Classes
 90
        0
 91
        0
280
     0
281
     0
  0
CLASS
  1
SPATIAL_INDEX
  2
AcDbSpatialIndex
  3
ObjectDBX Classes
 90
        0
 91
        0
280
     0
281
     0
  0
CLASS
  1
IDBUFFER
  2
AcDbIdBuffer
  3
ObjectDBX Classes
 90
        0
 91
        0
280
     0
281
     0
  0
CLASS
  1
ACDBSECTIONVIEWSTYLE
  2
AcDbSectionViewStyle
  3
ObjectDBX Classes
 90
     1025
 91
        2
280
     0
281
     0
  0
CLASS
  1
ACDBDETAILVIEWSTYLE
  2
AcDbDetailViewStyle
  3
ObjectDBX Classes
 90
     1025
 91
        2
280
     0
281
     0
  0
CLASS
  1
DIMASSOC
  2
AcDbDimAssoc
  3
"AcDbDimAssoc|Product Desc:     AcDim ARX App For Dimension|Company:          Autodesk, Inc.|WEB Address:      www.autodesk.com"
 90
        0
 91
       26
280
     0
281
     0
  0
CLASS
  1
SORTENTSTABLE
  2
AcDbSortentsTable
  3
ObjectDBX Classes
 90
        0
 91
        1
280
     0
281
     0
  0
ENDSEC
  0
SECTION
  2
TABLES
  0
TABLE
  2
VPORT
  5
8
330
0
100
AcDbSymbolTable
 70
     1
  0
VPORT
  5
EA
330
8
100
AcDbSymbolTableRecord
100
AcDbViewportTableRecord
  2
*Active
 70
     0
 10
0.0
 20
0.0
 11
1.0
 21
1.0
 12
10547.31054930664
 22
10729.9733464906
 13
0.0
 23
0.0
 14
10.0
 24
10.0
 15
10.0
 25
10.0
 16
0.0
 26
0.0
 36
1.0
 17
0.0
 27
0.0
 37
0.0
 40
47095.8375658996
 41
2.575067024128686
 42
50.0
 43
0.0
 44
0.0
 50
0.0
 51
0.0
 71
     0
 72
  1000
 73
     1
 74
     3
 75
     0
 76
     1
 77
     0
 78
     0
281
     0
 65
     1
110
0.0
120
0.0
130
0.0
111
1.0
121
0.0
131
0.0
112
0.0
122
1.0
132
0.0
 79
     0
146
0.0
348
F5
 60
     3
 61
     5
292
     1
282
     1
141
0.0
142
0.0
 63
   250
421
  3355443
1001
ACAD_NAV_VCDISPLAY
1070
     3
  0
ENDTAB
  0
TABLE
  2
LTYPE
  5
5
330
0
100
AcDbSymbolTable
 70
     2
  0
LTYPE
  5
14
330
5
100
AcDbSymbolTableRecord
100
AcDbLinetypeTableRecord
  2
ByBlock
 70
     0
  3

 72
    65
 73
     0
 40
0.0
  0
LTYPE
  5
15
330
5
100
AcDbSymbolTableRecord
100
AcDbLinetypeTableRecord
  2
ByLayer
 70
     0
  3

 72
    65
 73
     0
 40
0.0
  0
LTYPE
  5
16
330
5
100
AcDbSymbolTableRecord
100
AcDbLinetypeTableRecord
  2
Continuous
 70
     0
  3
Solid line
 72
    65
 73
     0
 40
0.0
  0
LTYPE
  5
34C
330
5
100
AcDbSymbolTableRecord
100
AcDbLinetypeTableRecord
  2
HIDDEN2
 70
     0
  3
Hidden (.5x) _ _ _ _ _ _ _ _ _ _ _ _ _ _ _ _ _
 72
    65
 73
     2
 40
0.1875
 49
0.125
 74
     0
 49
-0.0625
 74
     0
  0
ENDTAB
  0
TABLE
  2
LAYER
  5
2
102
{ACAD_XDICTIONARY
360
1FF
102
}
330
0
100
AcDbSymbolTable
 70
    12
  0
LAYER
  5
10
102
{ACAD_XDICTIONARY
360
13C
102
}
330
2
100
AcDbSymbolTableRecord
100
AcDbLayerTableRecord
  2
0
 70
     0
 62
     7
  6
Continuous
370
    -3
390
F
347
EE
348
0
  0
LAYER
  5
34D
102
{ACAD_XDICTIONARY
360
34E
102
}
330
2
100
AcDbSymbolTableRecord
100
AcDbLayerTableRecord
  2
1R
 70
     0
 62
     1
  6
Continuous
370
    -3
390
F
347
EE
348
0
  0
LAYER
  5
34F
102
{ACAD_XDICTIONARY
360
350
102
}
330
2
100
AcDbSymbolTableRecord
100
AcDbLayerTableRecord
  2
2Y
 70
     0
 62
     2
  6
Continuous
370
    -3
390
F
347
EE
348
0
  0
LAYER
  5
351
102
{ACAD_XDICTIONARY
360
352
102
}
330
2
100
AcDbSymbolTableRecord
100
AcDbLayerTableRecord
  2
3G
 70
     0
 62
     3
  6
Continuous
370
    -3
390
F
347
EE
348
0
  0
LAYER
  5
353
102
{ACAD_XDICTIONARY
360
354
102
}
330
2
100
AcDbSymbolTableRecord
100
AcDbLayerTableRecord
  2
4C
 70
     0
 62
     4
  6
Continuous
370
    -3
390
F
347
EE
348
0
  0
LAYER
  5
355
102
{ACAD_XDICTIONARY
360
356
102
}
330
2
100
AcDbSymbolTableRecord
100
AcDbLayerTableRecord
  2
6M
 70
     0
 62
     6
  6
Continuous
370
    -3
390
F
347
EE
348
0
  0
LAYER
  5
357
102
{ACAD_XDICTIONARY
360
358
102
}
330
2
100
AcDbSymbolTableRecord
100
AcDbLayerTableRecord
  2
TG
 70
     0
 62
     3
  6
Continuous
370
    -3
390
F
347
EE
348
0
  0
LAYER
  5
359
102
{ACAD_XDICTIONARY
360
35A
102
}
330
2
100
AcDbSymbolTableRecord
100
AcDbLayerTableRecord
  2
TC
 70
     0
 62
     4
  6
Continuous
370
    -3
390
F
347
EE
348
0
  0
LAYER
  5
35B
330
2
100
AcDbSymbolTableRecord
100
AcDbLayerTableRecord
  2
DEFPOINTS
 70
     0
 62
     7
  6
Continuous
290
     0
370
    -3
390
F
347
EE
348
0
  0
LAYER
  5
35C
102
{ACAD_XDICTIONARY
360
35D
102
}
330
2
100
AcDbSymbolTableRecord
100
AcDbLayerTableRecord
  2
8G
 70
     0
 62
     8
  6
Continuous
370
    -3
390
F
347
EE
348
0
  0
LAYER
  5
35E
102
{ACAD_XDICTIONARY
360
35F
102
}
330
2
100
AcDbSymbolTableRecord
100
AcDbLayerTableRecord
  2
TITLE
 70
     0
 62
     7
  6
Continuous
370
    -3
390
F
347
EE
348
0
  0
LAYER
  5
360
102
{ACAD_XDICTIONARY
360
361
102
}
330
2
100
AcDbSymbolTableRecord
100
AcDbLayerTableRecord
  2
5B
 70
     0
 62
     5
  6
Continuous
370
    -3
390
F
347
EE
348
0
  0
ENDTAB
  0
TABLE
  2
STYLE
  5
3
330
0
100
AcDbSymbolTable
 70
     5
  0
STYLE
  5
11
330
3
100
AcDbSymbolTableRecord
100
AcDbTextStyleTableRecord
  2
Standard
 70
     0
 40
0.0
 41
1.0
 50
0.0
 71
     0
 42
2.5
  3
arial.ttf
  4

1001
ACAD
1000
Arial
1071
       34
  0
STYLE
  5
132
330
3
100
AcDbSymbolTableRecord
100
AcDbTextStyleTableRecord
  2
Annotative
 70
     0
 40
0.0
 41
1.0
 50
0.0
 71
     0
 42
2.5
  3
arial.ttf
  4

1001
AcadAnnotative
1000
AnnotativeData
1002
{
1070
     1
1070
     1
1002
}
1001
ACAD
1000
Arial
1071
       34
  0
STYLE
  5
362
330
3
100
AcDbSymbolTableRecord
100
AcDbTextStyleTableRecord
  2
ROMANS
 70
     0
 40
0.0
 41
0.9
 50
0.0
 71
     0
 42
0.2
  3
romans.shx
  4

  0
STYLE
  5
363
330
3
100
AcDbSymbolTableRecord
100
AcDbTextStyleTableRecord
  2
100CL
 70
     0
 40
0.25
 41
1.0
 50
0.0
 71
     0
 42
0.25
  3
ROMANS.shx
  4

  0
STYLE
  5
364
330
3
100
AcDbSymbolTableRecord
100
AcDbTextStyleTableRecord
  2
240CL
 70
     0
 40
0.6
 41
1.0
 50
0.0
 71
     0
 42
0.6
  3
ROMANS.shx
  4

  0
ENDTAB
  0
TABLE
  2
VIEW
  5
6
330
0
100
AcDbSymbolTable
 70
     1
  0
ENDTAB
  0
TABLE
  2
UCS
  5
7
330
0
100
AcDbSymbolTable
 70
     0
  0
ENDTAB
  0
TABLE
  2
APPID
  5
9
330
0
100
AcDbSymbolTable
 70
     9
  0
APPID
  5
12
330
9
100
AcDbSymbolTableRecord
100
AcDbRegAppTableRecord
  2
ACAD
 70
     0
  0
APPID
  5
9E
330
9
100
AcDbSymbolTableRecord
100
AcDbRegAppTableRecord
  2
ACAD_PSEXT
 70
     0
  0
APPID
  5
133
330
9
100
AcDbSymbolTableRecord
100
AcDbRegAppTableRecord
  2
AcadAnnoPO
 70
     0
  0
APPID
  5
134
330
9
100
AcDbSymbolTableRecord
100
AcDbRegAppTableRecord
  2
AcadAnnotative
 70
     0
  0
APPID
  5
135
330
9
100
AcDbSymbolTableRecord
100
AcDbRegAppTableRecord
  2
ACAD_DSTYLE_DIMJAG
 70
     0
  0
APPID
  5
136
330
9
100
AcDbSymbolTableRecord
100
AcDbRegAppTableRecord
  2
ACAD_DSTYLE_DIMTALN
 70
     0
  0
APPID
  5
165
330
9
100
AcDbSymbolTableRecord
100
AcDbRegAppTableRecord
  2
ACAD_MLEADERVER
 70
     0
  0
APPID
  5
217
330
9
100
AcDbSymbolTableRecord
100
AcDbRegAppTableRecord
  2
ACAD_NAV_VCDISPLAY
 70
     0
  0
APPID
  5
36A
330
9
100
AcDbSymbolTableRecord
100
AcDbRegAppTableRecord
  2
ACAD_DSTYLE_DIMBREAK
 70
     0
  0
ENDTAB
  0
TABLE
  2
DIMSTYLE
  5
A
330
0
100
AcDbSymbolTable
 70
     8
100
AcDbDimStyleTable
 71
     2
340
27
340
137
  0
DIMSTYLE
105
1B0
330
A
100
AcDbSymbolTableRecord
100
AcDbDimStyleTableRecord
  2
Standard
 70
     0
340
11
  0
DIMSTYLE
105
137
330
A
100
AcDbSymbolTableRecord
100
AcDbDimStyleTableRecord
  2
Annotative
 70
     0
 40
0.0
 41
2.5
 42
0.625
 43
3.75
 44
1.25
 73
     0
 74
     0
 77
     1
 78
     8
140
2.5
141
2.5
143
0.03937007874016
147
0.625
171
     3
172
     1
271
     2
272
     2
274
     3
278
    44
283
     0
284
     8
340
11
1001
AcadAnnotative
1000
AnnotativeData
1002
{
1070
     1
1070
     1
1002
}
1001
ACAD_DSTYLE_DIMJAG
1070
   388
1040
1.5
1001
ACAD_DSTYLE_DIMTALN
1070
   392
1070
     0
  0
DIMSTYLE
105
27
330
A
100
AcDbSymbolTableRecord
100
AcDbDimStyleTableRecord
  2
ISO-25
 70
     0
 41
2.5
 42
0.625
 43
3.75
 44
1.25
 73
     0
 74
     0
 77
     1
 78
     8
140
2.5
141
2.5
143
0.03937007874016
147
0.625
171
     3
172
     1
271
     2
272
     2
274
     3
278
    44
283
     0
284
     8
340
11
  0
DIMSTYLE
105
365
102
{ACAD_REACTORS
330
374
330
377
330
3BD
330
3C0
330
3E0
330
3ED
330
3F0
330
403
330
406
330
40F
330
41D
330
420
330
467
330
468
330
4AF
330
4B2
330
67F
330
682
330
6A2
330
6AF
330
6B2
330
6C5
330
6C8
330
6D1
330
771
330
774
330
6DF
330
6E2
330
729
330
72A
330
636
330
639
102
}
330
A
100
AcDbSymbolTableRecord
100
AcDbDimStyleTableRecord
  2
DIM100
 70
     0
 40
100.0
 41
2.5
 42
1.0
 43
5.0
 44
1.0
 73
     0
 74
     0
 77
     1
140
2.5
141
1.0
147
1.0
176
     8
177
     8
178
     3
271
     0
272
     0
340
362
342
27F
  0
DIMSTYLE
105
366
330
A
100
AcDbSymbolTableRecord
100
AcDbDimStyleTableRecord
  2
DIM60
 70
     0
 40
60.0
 41
2.5
 42
1.0
 43
5.0
 44
1.0
 73
     0
 74
     0
 77
     1
140
2.5
141
1.0
147
1.0
176
     8
177
     8
178
     3
271
     0
272
     0
340
362
342
27F
  0
DIMSTYLE
105
367
330
A
100
AcDbSymbolTableRecord
100
AcDbDimStyleTableRecord
  2
DIM75
 70
     0
 40
75.0
 41
2.5
 42
1.0
 43
5.0
 44
1.0
 73
     0
 74
     0
 77
     1
140
2.5
141
1.0
147
1.0
176
     8
177
     8
178
     3
271
     0
272
     0
340
362
342
27F
  0
DIMSTYLE
105
368
330
A
100
AcDbSymbolTableRecord
100
AcDbDimStyleTableRecord
  2
DIM600
 70
     0
 40
600.0
 41
2.5
 42
1.0
 43
5.0
 44
1.0
 73
     0
 74
     0
 77
     1
140
2.5
141
1.0
147
1.0
176
     8
177
     8
178
     3
271
     0
272
     0
340
362
342
27F
  0
DIMSTYLE
105
369
330
A
100
AcDbSymbolTableRecord
100
AcDbDimStyleTableRecord
  2
DIM750
 70
     0
 40
750.0
 41
2.5
 42
1.0
 43
5.0
 44
1.0
 73
     0
 74
     0
 77
     1
140
2.5
141
1.0
147
1.0
176
     8
177
     8
178
     3
271
     0
272
     0
340
362
342
27F
1001
ACAD_DSTYLE_DIMBREAK
1070
   391
1040
0.125
1001
ACAD_DSTYLE_DIMJAG
1070
   388
1040
1.5
1001
ACAD_DSTYLE_DIMTALN
1070
   392
1070
     0
  0
ENDTAB
  0
TABLE
  2
BLOCK_RECORD
  5
1
330
0
100
AcDbSymbolTable
 70
    35
  0
BLOCK_RECORD
  5
1F
102
{ACAD_XDICTIONARY
360
1CE
102
}
330
1
100
AcDbSymbolTableRecord
100
AcDbBlockTableRecord
  2
*Model_Space
340
22
 70
     0
280
     1
281
     0
  0
BLOCK_RECORD
  5
D2
330
1
100
AcDbSymbolTableRecord
100
AcDbBlockTableRecord
  2
*Paper_Space
340
D3
 70
     0
280
     1
281
     0
  0
BLOCK_RECORD
  5
D6
330
1
100
AcDbSymbolTableRecord
100
AcDbBlockTableRecord
  2
*Paper_Space0
340
D7
 70
     0
280
     1
281
     0
  0
BLOCK_RECORD
  5
27F
330
1
100
AcDbSymbolTableRecord
100
AcDbBlockTableRecord
  2
DIM1
340
0
102
{BLKREFS
331
9D3
331
9D4
331
9DC
331
9DD
331
9E6
331
9E7
331
9F0
331
9F1
331
9F9
331
9FA
331
A03
331
A04
331
A0D
331
A0E
331
A17
331
A18
331
A21
331
A22
331
A2A
331
A2B
331
A34
331
A35
331
A3E
331
A3F
331
A47
331
A48
331
A50
331
A51
331
A59
331
A5A
331
A62
331
A63
331
2BA
331
2BB
331
2C7
331
2C8
331
2D3
331
2D4
331
2E0
331
2E1
331
2ED
331
2EE
331
2FA
331
2FB
331
307
331
308
331
313
331
314
331
320
331
321
331
32D
331
32E
331
339
331
33A
331
345
331
346
331
289
331
28A
331
295
331
296
331
2A1
331
2A2
331
2AD
331
2AE
102
}
 70
     1
280
     1
281
     0
  0
BLOCK_RECORD
  5
284
330
1
100
AcDbSymbolTableRecord
100
AcDbBlockTableRecord
  2
*D2
340
0
 70
     0
280
     1
281
     0
  0
BLOCK_RECORD
  5
290
330
1
100
AcDbSymbolTableRecord
100
AcDbBlockTableRecord
  2
*D3
340
0
 70
     0
280
     1
281
     0
  0
BLOCK_RECORD
  5
29C
330
1
100
AcDbSymbolTableRecord
100
AcDbBlockTableRecord
  2
*D4
340
0
 70
     0
280
     1
281
     0
  0
BLOCK_RECORD
  5
2A8
330
1
100
AcDbSymbolTableRecord
100
AcDbBlockTableRecord
  2
*D5
340
0
 70
     0
280
     1
281
     0
  0
BLOCK_RECORD
  5
2B4
330
1
100
AcDbSymbolTableRecord
100
AcDbBlockTableRecord
  2
*D6
340
0
 70
     0
280
     1
281
     0
  0
BLOCK_RECORD
  5
2C1
330
1
100
AcDbSymbolTableRecord
100
AcDbBlockTableRecord
  2
*D7
340
0
 70
     0
280
     1
281
     0
  0
BLOCK_RECORD
  5
2CE
330
1
100
AcDbSymbolTableRecord
100
AcDbBlockTableRecord
  2
*D8
340
0
 70
     0
280
     1
281
     0
  0
BLOCK_RECORD
  5
2DA
330
1
100
AcDbSymbolTableRecord
100
AcDbBlockTableRecord
  2
*D9
340
0
 70
     0
280
     1
281
     0
  0
BLOCK_RECORD
  5
2E7
330
1
100
AcDbSymbolTableRecord
100
AcDbBlockTableRecord
  2
*D10
340
0
 70
     0
280
     1
281
     0
  0
BLOCK_RECORD
  5
2F4
330
1
100
AcDbSymbolTableRecord
100
AcDbBlockTableRecord
  2
*D11
340
0
 70
     0
280
     1
281
     0
  0
BLOCK_RECORD
  5
301
330
1
100
AcDbSymbolTableRecord
100
AcDbBlockTableRecord
  2
*D12
340
0
 70
     0
280
     1
281
     0
  0
BLOCK_RECORD
  5
30E
330
1
100
AcDbSymbolTableRecord
100
AcDbBlockTableRecord
  2
*D13
340
0
 70
     0
280
     1
281
     0
  0
BLOCK_RECORD
  5
31A
330
1
100
AcDbSymbolTableRecord
100
AcDbBlockTableRecord
  2
*D14
340
0
 70
     0
280
     1
281
     0
  0
BLOCK_RECORD
  5
327
330
1
100
AcDbSymbolTableRecord
100
AcDbBlockTableRecord
  2
*D15
340
0
 70
     0
280
     1
281
     0
  0
BLOCK_RECORD
  5
334
330
1
100
AcDbSymbolTableRecord
100
AcDbBlockTableRecord
  2
*D16
340
0
 70
     0
280
     1
281
     0
  0
BLOCK_RECORD
  5
340
330
1
100
AcDbSymbolTableRecord
100
AcDbBlockTableRecord
  2
*D17
340
0
 70
     0
280
     1
281
     0
  0
BLOCK_RECORD
  5
8ED
330
1
100
AcDbSymbolTableRecord
100
AcDbBlockTableRecord
  2
*D19
340
0
 70
     0
280
     1
281
     0
  0
BLOCK_RECORD
  5
8F9
330
1
100
AcDbSymbolTableRecord
100
AcDbBlockTableRecord
  2
*D20
340
0
 70
     0
280
     1
281
     0
  0
BLOCK_RECORD
  5
905
330
1
100
AcDbSymbolTableRecord
100
AcDbBlockTableRecord
  2
*D21
340
0
 70
     0
280
     1
281
     0
  0
BLOCK_RECORD
  5
911
330
1
100
AcDbSymbolTableRecord
100
AcDbBlockTableRecord
  2
*D22
340
0
 70
     0
280
     1
281
     0
  0
BLOCK_RECORD
  5
91E
330
1
100
AcDbSymbolTableRecord
100
AcDbBlockTableRecord
  2
*D23
340
0
 70
     0
280
     1
281
     0
  0
BLOCK_RECORD
  5
92B
330
1
100
AcDbSymbolTableRecord
100
AcDbBlockTableRecord
  2
*D24
340
0
 70
     0
280
     1
281
     0
  0
BLOCK_RECORD
  5
937
330
1
100
AcDbSymbolTableRecord
100
AcDbBlockTableRecord
  2
*D25
340
0
 70
     0
280
     1
281
     0
  0
BLOCK_RECORD
  5
944
330
1
100
AcDbSymbolTableRecord
100
AcDbBlockTableRecord
  2
*D26
340
0
 70
     0
280
     1
281
     0
  0
BLOCK_RECORD
  5
951
330
1
100
AcDbSymbolTableRecord
100
AcDbBlockTableRecord
  2
*D27
340
0
 70
     0
280
     1
281
     0
  0
BLOCK_RECORD
  5
95E
330
1
100
AcDbSymbolTableRecord
100
AcDbBlockTableRecord
  2
*D28
340
0
 70
     0
280
     1
281
     0
  0
BLOCK_RECORD
  5
96B
330
1
100
AcDbSymbolTableRecord
100
AcDbBlockTableRecord
  2
*D29
340
0
 70
     0
280
     1
281
     0
  0
BLOCK_RECORD
  5
977
330
1
100
AcDbSymbolTableRecord
100
AcDbBlockTableRecord
  2
*D30
340
0
 70
     0
280
     1
281
     0
  0
BLOCK_RECORD
  5
983
330
1
100
AcDbSymbolTableRecord
100
AcDbBlockTableRecord
  2
*D31
340
0
 70
     0
280
     1
281
     0
  0
BLOCK_RECORD
  5
98F
330
1
100
AcDbSymbolTableRecord
100
AcDbBlockTableRecord
  2
*D32
340
0
 70
     0
280
     1
281
     0
  0
BLOCK_RECORD
  5
99C
330
1
100
AcDbSymbolTableRecord
100
AcDbBlockTableRecord
  2
*D33
340
0
 70
     0
280
     1
281
     0
  0
BLOCK_RECORD
  5
9BB
330
1
100
AcDbSymbolTableRecord
100
AcDbBlockTableRecord
  2
*D34
340
0
 70
     0
280
     1
281
     0
  0
ENDTAB
  0
ENDSEC
  0
SECTION
  2
BLOCKS
  0
BLOCK
  5
20
330
1F
100
AcDbEntity
  8
0
100
AcDbBlockBegin
  2
*Model_Space
 70
     0
 10
0.0
 20
0.0
 30
0.0
  3
*Model_Space
  1

  0
ENDBLK
  5
21
330
1F
100
AcDbEntity
  8
0
100
AcDbBlockEnd
  0
BLOCK
  5
D4
330
D2
100
AcDbEntity
 67
     1
  8
0
100
AcDbBlockBegin
  2
*Paper_Space
 70
     0
 10
0.0
 20
0.0
 30
0.0
  3
*Paper_Space
  1

  0
ENDBLK
  5
D5
330
D2
100
AcDbEntity
 67
     1
  8
0
100
AcDbBlockEnd
  0
BLOCK
  5
D8
330
D6
100
AcDbEntity
 67
     1
  8
0
100
AcDbBlockBegin
  2
*Paper_Space0
 70
     0
 10
0.0
 20
0.0
 30
0.0
  3
*Paper_Space0
  1

  0
ENDBLK
  5
D9
330
D6
100
AcDbEntity
 67
     1
  8
0
100
AcDbBlockEnd
  0
BLOCK
  5
280
330
27F
100
AcDbEntity
  8
0
100
AcDbBlockBegin
  2
DIM1
 70
     0
 10
0.0
 20
0.0
 30
0.0
  3
DIM1
  1

  0
CIRCLE
  5
281
330
27F
100
AcDbEntity
  8
0
 62
     3
100
AcDbCircle
 10
0.0
 20
0.0
 30
0.0
 40
0.25
  0
LINE
  5
282
330
27F
100
AcDbEntity
  8
0
 62
     0
100
AcDbLine
 10
-1.0
 20
0.0
 30
0.0
 11
0.5
 21
0.0
 31
0.0
  0
ENDBLK
  5
283
330
27F
100
AcDbEntity
  8
0
100
AcDbBlockEnd
  0
BLOCK
  5
285
330
284
100
AcDbEntity
  8
0
100
AcDbBlockBegin
  2
*D2
 70
     1
 10
0.0
 20
0.0
 30
0.0
  3
*D2
  1

  0
LINE
  5
286
330
284
100
AcDbEntity
  8
0
 62
     8
440
 16777216
370
    -2
100
AcDbLine
 10
4615.966723394921
 20
22448.2614039342
 30
0.0
 11
3785.107259062654
 21
22448.2614039342
 31
0.0
  0
LINE
  5
287
330
284
100
AcDbEntity
  8
0
 62
     8
440
 16777216
370
    -2
100
AcDbLine
 10
7862.915663009705
 20
21024.61157351759
 30
0.0
 11
3785.107259062654
 21
21024.61157351759
 31
0.0
  0
LINE
  5
288
330
284
100
AcDbEntity
  8
0
 62
     8
440
 16777216
370
    -2
100
AcDbLine
 10
3885.107259062653
 20
22198.2614039342
 30
0.0
 11
3885.107259062653
 21
21274.61157351759
 31
0.0
  0
INSERT
  5
289
330
284
100
AcDbEntity
  8
0
 62
     8
440
 16777216
370
    -2
100
AcDbBlockReference
  2
DIM1
 10
3885.107259062653
 20
22448.2614039342
 30
0.0
 41
250.0
 42
250.0
 43
250.0
 50
90.0
  0
INSERT
  5
28A
330
284
100
AcDbEntity
  8
0
 62
     8
440
 16777216
370
    -2
100
AcDbBlockReference
  2
DIM1
 10
3885.107259062653
 20
21024.61157351759
 30
0.0
 41
250.0
 42
250.0
 43
250.0
 50
270.0
  0
MTEXT
  5
28B
330
284
100
AcDbEntity
  8
0
 62
     3
440
 16777216
100
AcDbMText
 10
3710.10725906265
 20
21736.43648872589
 30
0.0
 40
250.0
 41
0.0
 46
0.0
 71
     5
 72
     1
  1
\A1;H2=600MM
  7
ROMANS
 11
0.0000000000000001
 21
1.0
 31
0.0
 73
     1
 44
1.0
  0
POINT
  5
28C
330
284
100
AcDbEntity
  8
DEFPOINTS
 62
     0
440
 16777216
100
AcDbPoint
 10
4715.966723394922
 20
22448.2614039342
 30
0.0
  0
POINT
  5
28D
330
284
100
AcDbEntity
  8
DEFPOINTS
 62
     0
440
 16777216
100
AcDbPoint
 10
7962.915663009706
 20
21024.61157351759
 30
0.0
  0
POINT
  5
28E
330
284
100
AcDbEntity
  8
DEFPOINTS
 62
     0
440
 16777216
100
AcDbPoint
 10
3885.107259062653
 20
21024.61157351759
 30
0.0
  0
ENDBLK
  5
28F
330
284
100
AcDbEntity
  8
0
100
AcDbBlockEnd
  0
BLOCK
  5
291
330
290
100
AcDbEntity
  8
0
100
AcDbBlockBegin
  2
*D3
 70
     1
 10
0.0
 20
0.0
 30
0.0
  3
*D3
  1

  0
LINE
  5
292
330
290
100
AcDbEntity
  8
0
 62
     8
440
 16777216
370
    -2
100
AcDbLine
 10
20289.77501764982
 20
22448.2614039342
 30
0.0
 11
19458.91555331755
 21
22448.2614039342
 31
0.0
  0
LINE
  5
293
330
290
100
AcDbEntity
  8
0
 62
     8
440
 16777216
370
    -2
100
AcDbLine
 10
23386.72395726459
 20
21024.61157351759
 30
0.0
 11
19458.91555331755
 21
21024.61157351759
 31
0.0
  0
LINE
  5
294
330
290
100
AcDbEntity
  8
0
 62
     8
440
 16777216
370
    -2
100
AcDbLine
 10
19558.91555331755
 20
22198.2614039342
 30
0.0
 11
19558.91555331755
 21
21274.61157351759
 31
0.0
  0
INSERT
  5
295
330
290
100
AcDbEntity
  8
0
 62
     8
440
 16777216
370
    -2
100
AcDbBlockReference
  2
DIM1
 10
19558.91555331755
 20
22448.2614039342
 30
0.0
 41
250.0
 42
250.0
 43
250.0
 50
90.0
  0
INSERT
  5
296
330
290
100
AcDbEntity
  8
0
 62
     8
440
 16777216
370
    -2
100
AcDbBlockReference
  2
DIM1
 10
19558.91555331755
 20
21024.61157351759
 30
0.0
 41
250.0
 42
250.0
 43
250.0
 50
270.0
  0
MTEXT
  5
297
330
290
100
AcDbEntity
  8
0
 62
     3
440
 16777216
100
AcDbMText
 10
19383.91555331754
 20
21736.4364887259
 30
0.0
 40
250.0
 41
0.0
 46
0.0
 71
     5
 72
     1
  1
\A1;H2=600MM
  7
ROMANS
 11
0.0000000000000001
 21
1.0
 31
0.0
 73
     1
 44
1.0
  0
POINT
  5
298
330
290
100
AcDbEntity
  8
DEFPOINTS
 62
     0
440
 16777216
100
AcDbPoint
 10
20389.77501764982
 20
22448.2614039342
 30
0.0
  0
POINT
  5
299
330
290
100
AcDbEntity
  8
DEFPOINTS
 62
     0
440
 16777216
100
AcDbPoint
 10
23486.72395726459
 20
21024.61157351759
 30
0.0
  0
POINT
  5
29A
330
290
100
AcDbEntity
  8
DEFPOINTS
 62
     0
440
 16777216
100
AcDbPoint
 10
19558.91555331755
 20
21024.61157351759
 30
0.0
  0
ENDBLK
  5
29B
330
290
100
AcDbEntity
  8
0
100
AcDbBlockEnd
  0
BLOCK
  5
29D
330
29C
100
AcDbEntity
  8
0
100
AcDbBlockBegin
  2
*D4
 70
     1
 10
0.0
 20
0.0
 30
0.0
  3
*D4
  1

  0
LINE
  5
29E
330
29C
100
AcDbEntity
  8
0
 62
     8
440
 16777216
370
    -2
100
AcDbLine
 10
23536.7239572646
 20
26976.35608274464
 30
0.0
 11
19464.34965607891
 21
26976.35608274464
 31
0.0
  0
LINE
  5
29F
330
29C
100
AcDbEntity
  8
0
 62
     8
440
 16777216
370
    -2
100
AcDbLine
 10
23536.7239572646
 20
22448.2614039342
 30
0.0
 11
19464.3496560789
 21
22448.2614039342
 31
0.0
  0
LINE
  5
2A0
330
29C
100
AcDbEntity
  8
0
 62
     8
440
 16777216
370
    -2
100
AcDbLine
 10
19564.34965607891
 20
26726.35608274464
 30
0.0
 11
19564.34965607891
 21
22698.2614039342
 31
0.0
  0
INSERT
  5
2A1
330
29C
100
AcDbEntity
  8
0
 62
     8
440
 16777216
370
    -2
100
AcDbBlockReference
  2
DIM1
 10
19564.34965607891
 20
26976.35608274464
 30
0.0
 41
250.0
 42
250.0
 43
250.0
 50
90.0
  0
INSERT
  5
2A2
330
29C
100
AcDbEntity
  8
0
 62
     8
440
 16777216
370
    -2
100
AcDbBlockReference
  2
DIM1
 10
19564.34965607891
 20
22448.2614039342
 30
0.0
 41
250.0
 42
250.0
 43
250.0
 50
270.0
  0
MTEXT
  5
2A3
330
29C
100
AcDbEntity
  8
0
 62
     3
440
 16777216
100
AcDbMText
 10
19339.3496560789
 20
24712.30874333942
 30
0.0
 40
250.0
 41
0.0
 46
0.0
 71
     5
 72
     1
  1
\A1;H1
  7
ROMANS
 11
0.0000000000000001
 21
1.0
 31
0.0
 73
     1
 44
1.0
  0
POINT
  5
2A4
330
29C
100
AcDbEntity
  8
DEFPOINTS
 62
     0
440
 16777216
100
AcDbPoint
 10
23636.7239572646
 20
26976.35608274464
 30
0.0
  0
POINT
  5
2A5
330
29C
100
AcDbEntity
  8
DEFPOINTS
 62
     0
440
 16777216
100
AcDbPoint
 10
23636.7239572646
 20
22448.2614039342
 30
0.0
  0
POINT
  5
2A6
330
29C
100
AcDbEntity
  8
DEFPOINTS
 62
     0
440
 16777216
100
AcDbPoint
 10
19564.34965607891
 20
22448.2614039342
 30
0.0
  0
ENDBLK
  5
2A7
330
29C
100
AcDbEntity
  8
0
100
AcDbBlockEnd
  0
BLOCK
  5
2A9
330
2A8
100
AcDbEntity
  8
0
100
AcDbBlockBegin
  2
*D5
 70
     1
 10
0.0
 20
0.0
 30
0.0
  3
*D5
  1

  0
LINE
  5
2AA
330
2A8
100
AcDbEntity
  8
0
 62
     8
440
 16777216
370
    -2
100
AcDbLine
 10
7862.915663009705
 20
26976.35608274464
 30
0.0
 11
3790.541361824018
 21
26976.35608274464
 31
0.0
  0
LINE
  5
2AB
330
2A8
100
AcDbEntity
  8
0
 62
     8
440
 16777216
370
    -2
100
AcDbLine
 10
7862.915663009705
 20
22448.2614039342
 30
0.0
 11
3790.541361824017
 21
22448.2614039342
 31
0.0
  0
LINE
  5
2AC
330
2A8
100
AcDbEntity
  8
0
 62
     8
440
 16777216
370
    -2
100
AcDbLine
 10
3890.541361824018
 20
26726.35608274464
 30
0.0
 11
3890.541361824017
 21
22698.2614039342
 31
0.0
  0
INSERT
  5
2AD
330
2A8
100
AcDbEntity
  8
0
 62
     8
440
 16777216
370
    -2
100
AcDbBlockReference
  2
DIM1
 10
3890.541361824018
 20
26976.35608274464
 30
0.0
 41
250.0
 42
250.0
 43
250.0
 50
90.0
  0
INSERT
  5
2AE
330
2A8
100
AcDbEntity
  8
0
 62
     8
440
 16777216
370
    -2
100
AcDbBlockReference
  2
DIM1
 10
3890.541361824017
 20
22448.2614039342
 30
0.0
 41
250.0
 42
250.0
 43
250.0
 50
270.0
  0
MTEXT
  5
2AF
330
2A8
100
AcDbEntity
  8
0
 62
     3
440
 16777216
100
AcDbMText
 10
3665.541361824013
 20
24712.30874333942
 30
0.0
 40
250.0
 41
0.0
 46
0.0
 71
     5
 72
     1
  1
\A1;H1
  7
ROMANS
 11
0.0000000000000001
 21
1.0
 31
0.0
 73
     1
 44
1.0
  0
POINT
  5
2B0
330
2A8
100
AcDbEntity
  8
DEFPOINTS
 62
     0
440
 16777216
100
AcDbPoint
 10
7962.915663009706
 20
26976.35608274464
 30
0.0
  0
POINT
  5
2B1
330
2A8
100
AcDbEntity
  8
DEFPOINTS
 62
     0
440
 16777216
100
AcDbPoint
 10
7962.915663009706
 20
22448.2614039342
 30
0.0
  0
POINT
  5
2B2
330
2A8
100
AcDbEntity
  8
DEFPOINTS
 62
     0
440
 16777216
100
AcDbPoint
 10
3890.541361824017
 20
22448.2614039342
 30
0.0
  0
ENDBLK
  5
2B3
330
2A8
100
AcDbEntity
  8
0
100
AcDbBlockEnd
  0
BLOCK
  5
2B5
330
2B4
100
AcDbEntity
  8
0
100
AcDbBlockBegin
  2
*D6
 70
     1
 10
0.0
 20
0.0
 30
0.0
  3
*D6
  1

  0
LINE
  5
2B6
330
2B4
100
AcDbEntity
  8
0
 62
     8
440
 16777216
370
    -2
100
AcDbLine
 10
7962.915663009706
 20
27076.35608274463
 30
0.0
 11
7962.915663009706
 21
28026.41171558068
 31
0.0
  0
LINE
  5
2B7
330
2B4
100
AcDbEntity
  8
0
 62
     8
440
 16777216
370
    -2
100
AcDbLine
 10
8262.915663009705
 20
27076.35608274463
 30
0.0
 11
8262.915663009705
 21
28026.41171558068
 31
0.0
  0
LINE
  5
2B8
330
2B4
100
AcDbEntity
  8
0
 62
     8
440
 16777216
370
    -2
100
AcDbLine
 10
7712.915663009706
 20
27926.41171558067
 30
0.0
 11
7462.915663009706
 21
27926.41171558067
 31
0.0
  0
LINE
  5
2B9
330
2B4
100
AcDbEntity
  8
0
 62
     8
440
 16777216
370
    -2
100
AcDbLine
 10
8512.915663009705
 20
27926.41171558067
 30
0.0
 11
8762.915663009705
 21
27926.41171558067
 31
0.0
  0
INSERT
  5
2BA
330
2B4
100
AcDbEntity
  8
0
 62
     8
440
 16777216
370
    -2
100
AcDbBlockReference
  2
DIM1
 10
7962.915663009706
 20
27926.41171558067
 30
0.0
 41
250.0
 42
250.0
 43
250.0
  0
INSERT
  5
2BB
330
2B4
100
AcDbEntity
  8
0
 62
     8
440
 16777216
370
    -2
100
AcDbBlockReference
  2
DIM1
 10
8262.915663009705
 20
27926.41171558067
 30
0.0
 41
250.0
 42
250.0
 43
250.0
 50
180.0
  0
MTEXT
  5
2BC
330
2B4
100
AcDbEntity
  8
0
 62
     3
440
 16777216
100
AcDbMText
 10
8112.915663009706
 20
28151.41171558067
 30
0.0
 40
250.0
 41
0.0
 46
0.0
 71
     5
 72
     1
  1
\A1;T1
  7
ROMANS
 73
     1
 44
1.0
  0
POINT
  5
2BD
330
2B4
100
AcDbEntity
  8
DEFPOINTS
 62
     0
440
 16777216
100
AcDbPoint
 10
7962.915663009706
 20
26976.35608274464
 30
0.0
  0
POINT
  5
2BE
330
2B4
100
AcDbEntity
  8
DEFPOINTS
 62
     0
440
 16777216
100
AcDbPoint
 10
8262.915663009705
 20
26976.35608274464
 30
0.0
  0
POINT
  5
2BF
330
2B4
100
AcDbEntity
  8
DEFPOINTS
 62
     0
440
 16777216
100
AcDbPoint
 10
8262.915663009705
 20
27926.41171558067
 30
0.0
  0
ENDBLK
  5
2C0
330
2B4
100
AcDbEntity
  8
0
100
AcDbBlockEnd
  0
BLOCK
  5
2C2
330
2C1
100
AcDbEntity
  8
0
100
AcDbBlockBegin
  2
*D7
 70
     1
 10
0.0
 20
0.0
 30
0.0
  3
*D7
  1

  0
LINE
  5
2C3
330
2C1
100
AcDbEntity
  8
0
 62
     8
440
 16777216
370
    -2
100
AcDbLine
 10
11159.96687301526
 20
21563.56174901831
 30
0.0
 11
13282.12105093926
 21
21563.56174901831
 31
0.0
  0
LINE
  5
2C4
330
2C1
100
AcDbEntity
  8
0
 62
     8
440
 16777216
370
    -2
100
AcDbLine
 10
11159.96687301526
 20
21024.61157351759
 30
0.0
 11
13282.12105093926
 21
21024.61157351759
 31
0.0
  0
LINE
  5
2C5
330
2C1
100
AcDbEntity
  8
0
 62
     8
440
 16777216
370
    -2
100
AcDbLine
 10
13182.12105093926
 20
21813.56174901831
 30
0.0
 11
13182.12105093926
 21
22063.56174901831
 31
0.0
  0
LINE
  5
2C6
330
2C1
100
AcDbEntity
  8
0
 62
     8
440
 16777216
370
    -2
100
AcDbLine
 10
13182.12105093926
 20
20774.61157351759
 30
0.0
 11
13182.12105093926
 21
20524.61157351758
 31
0.0
  0
INSERT
  5
2C7
330
2C1
100
AcDbEntity
  8
0
 62
     8
440
 16777216
370
    -2
100
AcDbBlockReference
  2
DIM1
 10
13182.12105093926
 20
21563.56174901831
 30
0.0
 41
250.0
 42
250.0
 43
250.0
 50
270.0
  0
INSERT
  5
2C8
330
2C1
100
AcDbEntity
  8
0
 62
     8
440
 16777216
370
    -2
100
AcDbBlockReference
  2
DIM1
 10
13182.12105093926
 20
21024.61157351759
 30
0.0
 41
250.0
 42
250.0
 43
250.0
 50
90.0
  0
MTEXT
  5
2C9
330
2C1
100
AcDbEntity
  8
0
 62
     3
440
 16777216
100
AcDbMText
 10
12957.12105093925
 20
21294.08666126795
 30
0.0
 40
250.0
 41
0.0
 46
0.0
 71
     5
 72
     1
  1
\A1;T2
  7
ROMANS
 11
0.0000000000000001
 21
1.0
 31
0.0
 73
     1
 44
1.0
  0
POINT
  5
2CA
330
2C1
100
AcDbEntity
  8
DEFPOINTS
 62
     0
440
 16777216
100
AcDbPoint
 10
11059.96687301526
 20
21563.56174901831
 30
0.0
  0
POINT
  5
2CB
330
2C1
100
AcDbEntity
  8
DEFPOINTS
 62
     0
440
 16777216
100
AcDbPoint
 10
11059.96687301526
 20
21024.61157351759
 30
0.0
  0
POINT
  5
2CC
330
2C1
100
AcDbEntity
  8
DEFPOINTS
 62
     0
440
 16777216
100
AcDbPoint
 10
13182.12105093926
 20
21024.61157351759
 30
0.0
  0
ENDBLK
  5
2CD
330
2C1
100
AcDbEntity
  8
0
100
AcDbBlockEnd
  0
BLOCK
  5
2CF
330
2CE
100
AcDbEntity
  8
0
100
AcDbBlockBegin
  2
*D8
 70
     1
 10
0.0
 20
0.0
 30
0.0
  3
*D8
  1

  0
LINE
  5
2D0
330
2CE
100
AcDbEntity
  8
0
 62
     8
440
 16777216
370
    -2
100
AcDbLine
 10
7962.915663009706
 20
20928.61157351758
 30
0.0
 11
7962.915663009706
 21
19151.86862662333
 31
0.0
  0
LINE
  5
2D1
330
2CE
100
AcDbEntity
  8
0
 62
     8
440
 16777216
370
    -2
100
AcDbLine
 10
11059.96687301526
 20
20928.61157351758
 30
0.0
 11
11059.96687301526
 21
19151.86862662333
 31
0.0
  0
LINE
  5
2D2
330
2CE
100
AcDbEntity
  8
0
 62
     8
440
 16777216
370
    -2
100
AcDbLine
 10
8202.915663009706
 20
19247.86862662333
 30
0.0
 11
10819.96687301526
 21
19247.86862662333
 31
0.0
  0
INSERT
  5
2D3
330
2CE
100
AcDbEntity
  8
0
 62
     8
440
 16777216
370
    -2
100
AcDbBlockReference
  2
DIM1
 10
7962.915663009706
 20
19247.86862662333
 30
0.0
 41
240.0
 42
240.0
 43
240.0
 50
180.0
  0
INSERT
  5
2D4
330
2CE
100
AcDbEntity
  8
0
 62
     8
440
 16777216
370
    -2
100
AcDbBlockReference
  2
DIM1
 10
11059.96687301526
 20
19247.86862662333
 30
0.0
 41
240.0
 42
240.0
 43
240.0
  0
MTEXT
  5
2D5
330
2CE
100
AcDbEntity
  8
0
 62
     3
440
 16777216
100
AcDbMText
 10
9511.441268012484
 20
19486.72576948047
 30
0.0
 40
240.0
 41
0.0
 46
0.0
 71
     5
 72
     1
  1
\A1;"B"
  7
ROMANS
 73
     1
 44
1.0
  0
POINT
  5
2D6
330
2CE
100
AcDbEntity
  8
DEFPOINTS
 62
     0
440
 16777216
100
AcDbPoint
 10
7962.915663009706
 20
21024.61157351759
 30
0.0
  0
POINT
  5
2D7
330
2CE
100
AcDbEntity
  8
DEFPOINTS
 62
     0
440
 16777216
100
AcDbPoint
 10
11059.96687301526
 20
21024.61157351759
 30
0.0
  0
POINT
  5
2D8
330
2CE
100
AcDbEntity
  8
DEFPOINTS
 62
     0
440
 16777216
100
AcDbPoint
 10
11059.96687301526
 20
19247.86862662333
 30
0.0
  0
ENDBLK
  5
2D9
330
2CE
100
AcDbEntity
  8
0
100
AcDbBlockEnd
  0
BLOCK
  5
2DB
330
2DA
100
AcDbEntity
  8
0
100
AcDbBlockBegin
  2
*D9
 70
     1
 10
0.0
 20
0.0
 30
0.0
  3
*D9
  1

  0
LINE
  5
2DC
330
2DA
100
AcDbEntity
  8
0
 62
     8
440
 16777216
370
    -2
100
AcDbLine
 10
8112.915663009706
 20
26902.62875510982
 30
0.0
 11
8112.915663009706
 21
27512.15972342935
 31
0.0
  0
LINE
  5
2DD
330
2DA
100
AcDbEntity
  8
0
 62
     8
440
 16777216
370
    -2
100
AcDbLine
 10
8262.915663009703
 20
26902.62875510982
 30
0.0
 11
8262.915663009703
 21
27512.15972342935
 31
0.0
  0
LINE
  5
2DE
330
2DA
100
AcDbEntity
  8
0
 62
     8
440
 16777216
370
    -2
100
AcDbLine
 10
7872.915663009706
 20
27416.15972342935
 30
0.0
 11
7632.915663009706
 21
27416.15972342935
 31
0.0
  0
LINE
  5
2DF
330
2DA
100
AcDbEntity
  8
0
 62
     8
440
 16777216
370
    -2
100
AcDbLine
 10
8502.915663009702
 20
27416.15972342935
 30
0.0
 11
9768.058520152564
 21
27416.15972342935
 31
0.0
  0
INSERT
  5
2E0
330
2DA
100
AcDbEntity
  8
0
 62
     8
440
 16777216
370
    -2
100
AcDbBlockReference
  2
DIM1
 10
8112.915663009706
 20
27416.15972342935
 30
0.0
 41
240.0
 42
240.0
 43
240.0
  0
INSERT
  5
2E1
330
2DA
100
AcDbEntity
  8
0
 62
     8
440
 16777216
370
    -2
100
AcDbBlockReference
  2
DIM1
 10
8262.915663009703
 20
27416.15972342935
 30
0.0
 41
240.0
 42
240.0
 43
240.0
 50
180.0
  0
MTEXT
  5
2E2
330
2DA
100
AcDbEntity
  8
0
 62
     3
440
 16777216
100
AcDbMText
 10
9255.487091581134
 20
27632.15972342935
 30
0.0
 40
240.0
 41
0.0
 46
0.0
 71
     5
 72
     1
  1
\A1;75MM
  7
ROMANS
 73
     1
 44
1.0
  0
POINT
  5
2E3
330
2DA
100
AcDbEntity
  8
DEFPOINTS
 62
     0
440
 16777216
100
AcDbPoint
 10
8112.915663009706
 20
26806.62875510981
 30
0.0
  0
POINT
  5
2E4
330
2DA
100
AcDbEntity
  8
DEFPOINTS
 62
     0
440
 16777216
100
AcDbPoint
 10
8262.915663009703
 20
26806.62875510981
 30
0.0
  0
POINT
  5
2E5
330
2DA
100
AcDbEntity
  8
DEFPOINTS
 62
     0
440
 16777216
100
AcDbPoint
 10
8262.915663009703
 20
27416.15972342935
 30
0.0
  0
ENDBLK
  5
2E6
330
2DA
100
AcDbEntity
  8
0
100
AcDbBlockEnd
  0
BLOCK
  5
2E8
330
2E7
100
AcDbEntity
  8
0
100
AcDbBlockBegin
  2
*D10
 70
     1
 10
0.0
 20
0.0
 30
0.0
  3
*D10
  1

  0
LINE
  5
2E9
330
2E7
100
AcDbEntity
  8
0
 62
     8
440
 16777216
370
    -2
100
AcDbLine
 10
11035.96687301526
 20
21413.56174901831
 30
0.0
 11
12351.77783601842
 21
21413.56174901831
 31
0.0
  0
LINE
  5
2EA
330
2E7
100
AcDbEntity
  8
0
 62
     8
440
 16777216
370
    -2
100
AcDbLine
 10
11035.96687301526
 20
21563.56174901831
 30
0.0
 11
12351.77783601842
 21
21563.56174901831
 31
0.0
  0
LINE
  5
2EB
330
2E7
100
AcDbEntity
  8
0
 62
     8
440
 16777216
370
    -2
100
AcDbLine
 10
12255.77783601842
 20
21173.56174901831
 30
0.0
 11
12255.77783601842
 21
20933.56174901831
 31
0.0
  0
LINE
  5
2EC
330
2E7
100
AcDbEntity
  8
0
 62
     8
440
 16777216
370
    -2
100
AcDbLine
 10
12255.77783601842
 20
21803.56174901831
 30
0.0
 11
12255.77783601842
 21
22043.56174901831
 31
0.0
  0
INSERT
  5
2ED
330
2E7
100
AcDbEntity
  8
0
 62
     8
440
 16777216
370
    -2
100
AcDbBlockReference
  2
DIM1
 10
12255.77783601842
 20
21413.56174901831
 30
0.0
 41
240.0
 42
240.0
 43
240.0
 50
90.0
  0
INSERT
  5
2EE
330
2E7
100
AcDbEntity
  8
0
 62
     8
440
 16777216
370
    -2
100
AcDbBlockReference
  2
DIM1
 10
12255.77783601842
 20
21563.56174901831
 30
0.0
 41
240.0
 42
240.0
 43
240.0
 50
270.0
  0
MTEXT
  5
2EF
330
2E7
100
AcDbEntity
  8
0
 62
     3
440
 16777216
100
AcDbMText
 10
12039.77783601841
 20
21488.56174901831
 30
0.0
 40
240.0
 41
0.0
 46
0.0
 71
     5
 72
     1
  1
\A1;75MM
  7
ROMANS
 11
0.0000000000000001
 21
1.0
 31
0.0
 73
     1
 44
1.0
  0
POINT
  5
2F0
330
2E7
100
AcDbEntity
  8
DEFPOINTS
 62
     0
440
 16777216
100
AcDbPoint
 10
10939.96687301526
 20
21413.56174901831
 30
0.0
  0
POINT
  5
2F1
330
2E7
100
AcDbEntity
  8
DEFPOINTS
 62
     0
440
 16777216
100
AcDbPoint
 10
10939.96687301526
 20
21563.56174901831
 30
0.0
  0
POINT
  5
2F2
330
2E7
100
AcDbEntity
  8
DEFPOINTS
 62
     0
440
 16777216
100
AcDbPoint
 10
12255.77783601842
 20
21563.56174901831
 30
0.0
  0
ENDBLK
  5
2F3
330
2E7
100
AcDbEntity
  8
0
100
AcDbBlockEnd
  0
BLOCK
  5
2F5
330
2F4
100
AcDbEntity
  8
0
100
AcDbBlockBegin
  2
*D11
 70
     1
 10
0.0
 20
0.0
 30
0.0
  3
*D11
  1

  0
LINE
  5
2F6
330
2F4
100
AcDbEntity
  8
0
 62
     8
440
 16777216
370
    -2
100
AcDbLine
 10
26709.77516727015
 20
21413.56174901831
 30
0.0
 11
28025.58613027331
 21
21413.56174901831
 31
0.0
  0
LINE
  5
2F7
330
2F4
100
AcDbEntity
  8
0
 62
     8
440
 16777216
370
    -2
100
AcDbLine
 10
26709.77516727015
 20
21563.56174901831
 30
0.0
 11
28025.58613027331
 21
21563.56174901831
 31
0.0
  0
LINE
  5
2F8
330
2F4
100
AcDbEntity
  8
0
 62
     8
440
 16777216
370
    -2
100
AcDbLine
 10
27929.58613027332
 20
21173.56174901831
 30
0.0
 11
27929.58613027332
 21
20933.56174901831
 31
0.0
  0
LINE
  5
2F9
330
2F4
100
AcDbEntity
  8
0
 62
     8
440
 16777216
370
    -2
100
AcDbLine
 10
27929.58613027332
 20
21803.56174901831
 30
0.0
 11
27929.58613027332
 21
22043.56174901831
 31
0.0
  0
INSERT
  5
2FA
330
2F4
100
AcDbEntity
  8
0
 62
     8
440
 16777216
370
    -2
100
AcDbBlockReference
  2
DIM1
 10
27929.58613027332
 20
21413.56174901831
 30
0.0
 41
240.0
 42
240.0
 43
240.0
 50
90.0
  0
INSERT
  5
2FB
330
2F4
100
AcDbEntity
  8
0
 62
     8
440
 16777216
370
    -2
100
AcDbBlockReference
  2
DIM1
 10
27929.58613027332
 20
21563.56174901831
 30
0.0
 41
240.0
 42
240.0
 43
240.0
 50
270.0
  0
MTEXT
  5
2FC
330
2F4
100
AcDbEntity
  8
0
 62
     3
440
 16777216
100
AcDbMText
 10
27713.58613027331
 20
21488.56174901832
 30
0.0
 40
240.0
 41
0.0
 46
0.0
 71
     5
 72
     1
  1
\A1;75MM
  7
ROMANS
 11
0.0000000000000001
 21
1.0
 31
0.0
 73
     1
 44
1.0
  0
POINT
  5
2FD
330
2F4
100
AcDbEntity
  8
DEFPOINTS
 62
     0
440
 16777216
100
AcDbPoint
 10
26613.77516727016
 20
21413.56174901831
 30
0.0
  0
POINT
  5
2FE
330
2F4
100
AcDbEntity
  8
DEFPOINTS
 62
     0
440
 16777216
100
AcDbPoint
 10
26613.77516727016
 20
21563.56174901831
 30
0.0
  0
POINT
  5
2FF
330
2F4
100
AcDbEntity
  8
DEFPOINTS
 62
     0
440
 16777216
100
AcDbPoint
 10
27929.58613027332
 20
21563.56174901831
 30
0.0
  0
ENDBLK
  5
300
330
2F4
100
AcDbEntity
  8
0
100
AcDbBlockEnd
  0
BLOCK
  5
302
330
301
100
AcDbEntity
  8
0
100
AcDbBlockBegin
  2
*D12
 70
     1
 10
0.0
 20
0.0
 30
0.0
  3
*D12
  1

  0
LINE
  5
303
330
301
100
AcDbEntity
  8
0
 62
     8
440
 16777216
370
    -2
100
AcDbLine
 10
23786.72395726459
 20
26893.90740648805
 30
0.0
 11
23786.72395726459
 21
27503.43837480758
 31
0.0
  0
LINE
  5
304
330
301
100
AcDbEntity
  8
0
 62
     8
440
 16777216
370
    -2
100
AcDbLine
 10
23936.72395726459
 20
26893.90740648805
 30
0.0
 11
23936.72395726459
 21
27503.43837480758
 31
0.0
  0
LINE
  5
305
330
301
100
AcDbEntity
  8
0
 62
     8
440
 16777216
370
    -2
100
AcDbLine
 10
23546.72395726459
 20
27407.43837480759
 30
0.0
 11
23306.72395726459
 21
27407.43837480759
 31
0.0
  0
LINE
  5
306
330
301
100
AcDbEntity
  8
0
 62
     8
440
 16777216
370
    -2
100
AcDbLine
 10
24176.72395726459
 20
27407.43837480759
 30
0.0
 11
25441.86681440745
 21
27407.43837480759
 31
0.0
  0
INSERT
  5
307
330
301
100
AcDbEntity
  8
0
 62
     8
440
 16777216
370
    -2
100
AcDbBlockReference
  2
DIM1
 10
23786.72395726459
 20
27407.43837480759
 30
0.0
 41
240.0
 42
240.0
 43
240.0
  0
INSERT
  5
308
330
301
100
AcDbEntity
  8
0
 62
     8
440
 16777216
370
    -2
100
AcDbBlockReference
  2
DIM1
 10
23936.72395726459
 20
27407.43837480759
 30
0.0
 41
240.0
 42
240.0
 43
240.0
 50
180.0
  0
MTEXT
  5
309
330
301
100
AcDbEntity
  8
0
 62
     3
440
 16777216
100
AcDbMText
 10
24929.29538583602
 20
27623.43837480758
 30
0.0
 40
240.0
 41
0.0
 46
0.0
 71
     5
 72
     1
  1
\A1;75MM
  7
ROMANS
 73
     1
 44
1.0
  0
POINT
  5
30A
330
301
100
AcDbEntity
  8
DEFPOINTS
 62
     0
440
 16777216
100
AcDbPoint
 10
23786.72395726459
 20
26797.90740648805
 30
0.0
  0
POINT
  5
30B
330
301
100
AcDbEntity
  8
DEFPOINTS
 62
     0
440
 16777216
100
AcDbPoint
 10
23936.72395726459
 20
26797.90740648805
 30
0.0
  0
POINT
  5
30C
330
301
100
AcDbEntity
  8
DEFPOINTS
 62
     0
440
 16777216
100
AcDbPoint
 10
23936.72395726459
 20
27407.43837480759
 30
0.0
  0
ENDBLK
  5
30D
330
301
100
AcDbEntity
  8
0
100
AcDbBlockEnd
  0
BLOCK
  5
30F
330
30E
100
AcDbEntity
  8
0
100
AcDbBlockBegin
  2
*D13
 70
     1
 10
0.0
 20
0.0
 30
0.0
  3
*D13
  1

  0
LINE
  5
310
330
30E
100
AcDbEntity
  8
0
 62
     8
440
 16777216
370
    -2
100
AcDbLine
 10
23486.72395726459
 20
20928.61157351758
 30
0.0
 11
23486.72395726459
 21
19151.86862662333
 31
0.0
  0
LINE
  5
311
330
30E
100
AcDbEntity
  8
0
 62
     8
440
 16777216
370
    -2
100
AcDbLine
 10
26733.77516727016
 20
20928.61157351758
 30
0.0
 11
26733.77516727016
 21
19151.86862662333
 31
0.0
  0
LINE
  5
312
330
30E
100
AcDbEntity
  8
0
 62
     8
440
 16777216
370
    -2
100
AcDbLine
 10
23726.72395726459
 20
19247.86862662333
 30
0.0
 11
26493.77516727016
 21
19247.86862662333
 31
0.0
  0
INSERT
  5
313
330
30E
100
AcDbEntity
  8
0
 62
     8
440
 16777216
370
    -2
100
AcDbBlockReference
  2
DIM1
 10
23486.72395726459
 20
19247.86862662333
 30
0.0
 41
240.0
 42
240.0
 43
240.0
 50
180.0
  0
INSERT
  5
314
330
30E
100
AcDbEntity
  8
0
 62
     8
440
 16777216
370
    -2
100
AcDbBlockReference
  2
DIM1
 10
26733.77516727016
 20
19247.86862662333
 30
0.0
 41
240.0
 42
240.0
 43
240.0
  0
MTEXT
  5
315
330
30E
100
AcDbEntity
  8
0
 62
     3
440
 16777216
100
AcDbMText
 10
25110.24956226738
 20
19486.72576948047
 30
0.0
 40
240.0
 41
0.0
 46
0.0
 71
     5
 72
     1
  1
\A1;"B"
  7
ROMANS
 73
     1
 44
1.0
  0
POINT
  5
316
330
30E
100
AcDbEntity
  8
DEFPOINTS
 62
     0
440
 16777216
100
AcDbPoint
 10
23486.72395726459
 20
21024.61157351759
 30
0.0
  0
POINT
  5
317
330
30E
100
AcDbEntity
  8
DEFPOINTS
 62
     0
440
 16777216
100
AcDbPoint
 10
26733.77516727016
 20
21024.61157351759
 30
0.0
  0
POINT
  5
318
330
30E
100
AcDbEntity
  8
DEFPOINTS
 62
     0
440
 16777216
100
AcDbPoint
 10
26733.77516727016
 20
19247.86862662333
 30
0.0
  0
ENDBLK
  5
319
330
30E
100
AcDbEntity
  8
0
100
AcDbBlockEnd
  0
BLOCK
  5
31B
330
31A
100
AcDbEntity
  8
0
100
AcDbBlockBegin
  2
*D14
 70
     1
 10
0.0
 20
0.0
 30
0.0
  3
*D14
  1

  0
LINE
  5
31C
330
31A
100
AcDbEntity
  8
0
 62
     8
440
 16777216
370
    -2
100
AcDbLine
 10
26833.77516727015
 20
21563.56174901831
 30
0.0
 11
28955.92934519415
 21
21563.56174901831
 31
0.0
  0
LINE
  5
31D
330
31A
100
AcDbEntity
  8
0
 62
     8
440
 16777216
370
    -2
100
AcDbLine
 10
26833.77516727015
 20
21024.61157351759
 30
0.0
 11
28955.92934519415
 21
21024.61157351759
 31
0.0
  0
LINE
  5
31E
330
31A
100
AcDbEntity
  8
0
 62
     8
440
 16777216
370
    -2
100
AcDbLine
 10
28855.92934519415
 20
21813.56174901831
 30
0.0
 11
28855.92934519415
 21
22063.56174901831
 31
0.0
  0
LINE
  5
31F
330
31A
100
AcDbEntity
  8
0
 62
     8
440
 16777216
370
    -2
100
AcDbLine
 10
28855.92934519415
 20
20774.61157351759
 30
0.0
 11
28855.92934519415
 21
20524.61157351758
 31
0.0
  0
INSERT
  5
320
330
31A
100
AcDbEntity
  8
0
 62
     8
440
 16777216
370
    -2
100
AcDbBlockReference
  2
DIM1
 10
28855.92934519415
 20
21563.56174901831
 30
0.0
 41
250.0
 42
250.0
 43
250.0
 50
270.0
  0
INSERT
  5
321
330
31A
100
AcDbEntity
  8
0
 62
     8
440
 16777216
370
    -2
100
AcDbBlockReference
  2
DIM1
 10
28855.92934519415
 20
21024.61157351759
 30
0.0
 41
250.0
 42
250.0
 43
250.0
 50
90.0
  0
MTEXT
  5
322
330
31A
100
AcDbEntity
  8
0
 62
     3
440
 16777216
100
AcDbMText
 10
28630.92934519415
 20
21294.08666126795
 30
0.0
 40
250.0
 41
0.0
 46
0.0
 71
     5
 72
     1
  1
\A1;T2
  7
ROMANS
 11
0.0000000000000001
 21
1.0
 31
0.0
 73
     1
 44
1.0
  0
POINT
  5
323
330
31A
100
AcDbEntity
  8
DEFPOINTS
 62
     0
440
 16777216
100
AcDbPoint
 10
26733.77516727016
 20
21563.56174901831
 30
0.0
  0
POINT
  5
324
330
31A
100
AcDbEntity
  8
DEFPOINTS
 62
     0
440
 16777216
100
AcDbPoint
 10
26733.77516727016
 20
21024.61157351759
 30
0.0
  0
POINT
  5
325
330
31A
100
AcDbEntity
  8
DEFPOINTS
 62
     0
440
 16777216
100
AcDbPoint
 10
28855.92934519415
 20
21024.61157351759
 30
0.0
  0
ENDBLK
  5
326
330
31A
100
AcDbEntity
  8
0
100
AcDbBlockEnd
  0
BLOCK
  5
328
330
327
100
AcDbEntity
  8
0
100
AcDbBlockBegin
  2
*D15
 70
     1
 10
0.0
 20
0.0
 30
0.0
  3
*D15
  1

  0
LINE
  5
329
330
327
100
AcDbEntity
  8
0
 62
     8
440
 16777216
370
    -2
100
AcDbLine
 10
23486.7239572646
 20
27076.35608274463
 30
0.0
 11
23486.7239572646
 21
28026.41171558068
 31
0.0
  0
LINE
  5
32A
330
327
100
AcDbEntity
  8
0
 62
     8
440
 16777216
370
    -2
100
AcDbLine
 10
23936.7239572646
 20
27076.35608274463
 30
0.0
 11
23936.7239572646
 21
28026.41171558068
 31
0.0
  0
LINE
  5
32B
330
327
100
AcDbEntity
  8
0
 62
     8
440
 16777216
370
    -2
100
AcDbLine
 10
23236.7239572646
 20
27926.41171558067
 30
0.0
 11
22986.7239572646
 21
27926.41171558067
 31
0.0
  0
LINE
  5
32C
330
327
100
AcDbEntity
  8
0
 62
     8
440
 16777216
370
    -2
100
AcDbLine
 10
24186.7239572646
 20
27926.41171558067
 30
0.0
 11
24436.7239572646
 21
27926.41171558067
 31
0.0
  0
INSERT
  5
32D
330
327
100
AcDbEntity
  8
0
 62
     8
440
 16777216
370
    -2
100
AcDbBlockReference
  2
DIM1
 10
23486.7239572646
 20
27926.41171558067
 30
0.0
 41
250.0
 42
250.0
 43
250.0
  0
INSERT
  5
32E
330
327
100
AcDbEntity
  8
0
 62
     8
440
 16777216
370
    -2
100
AcDbBlockReference
  2
DIM1
 10
23936.7239572646
 20
27926.41171558067
 30
0.0
 41
250.0
 42
250.0
 43
250.0
 50
180.0
  0
MTEXT
  5
32F
330
327
100
AcDbEntity
  8
0
 62
     3
440
 16777216
100
AcDbMText
 10
23711.7239572646
 20
28151.41171558067
 30
0.0
 40
250.0
 41
0.0
 46
0.0
 71
     5
 72
     1
  1
\A1;T1
  7
ROMANS
 73
     1
 44
1.0
  0
POINT
  5
330
330
327
100
AcDbEntity
  8
DEFPOINTS
 62
     0
440
 16777216
100
AcDbPoint
 10
23486.7239572646
 20
26976.35608274464
 30
0.0
  0
POINT
  5
331
330
327
100
AcDbEntity
  8
DEFPOINTS
 62
     0
440
 16777216
100
AcDbPoint
 10
23936.7239572646
 20
26976.35608274464
 30
0.0
  0
POINT
  5
332
330
327
100
AcDbEntity
  8
DEFPOINTS
 62
     0
440
 16777216
100
AcDbPoint
 10
23936.7239572646
 20
27926.41171558067
 30
0.0
  0
ENDBLK
  5
333
330
327
100
AcDbEntity
  8
0
100
AcDbBlockEnd
  0
BLOCK
  5
335
330
334
100
AcDbEntity
  8
0
100
AcDbBlockBegin
  2
*D16
 70
     1
 10
0.0
 20
0.0
 30
0.0
  3
*D16
  1

  0
LINE
  5
336
330
334
100
AcDbEntity
  8
0
 62
     8
440
 16777216
370
    -2
100
AcDbLine
 10
26829.77516727016
 20
21563.56174901831
 30
0.0
 11
31070.83525620904
 21
21563.56174901831
 31
0.0
  0
LINE
  5
337
330
334
100
AcDbEntity
  8
0
 62
     8
440
 16777216
370
    -2
100
AcDbLine
 10
26829.77516727016
 20
23563.56174901831
 30
0.0
 11
31070.83525620904
 21
23563.56174901831
 31
0.0
  0
LINE
  5
338
330
334
100
AcDbEntity
  8
0
 62
     8
440
 16777216
370
    -2
100
AcDbLine
 10
30974.83525620905
 20
21803.56174901831
 30
0.0
 11
30974.83525620905
 21
23323.56174901831
 31
0.0
  0
INSERT
  5
339
330
334
100
AcDbEntity
  8
0
 62
     8
440
 16777216
370
    -2
100
AcDbBlockReference
  2
DIM1
 10
30974.83525620905
 20
21563.56174901831
 30
0.0
 41
240.0
 42
240.0
 43
240.0
 50
270.0
  0
INSERT
  5
33A
330
334
100
AcDbEntity
  8
0
 62
     8
440
 16777216
370
    -2
100
AcDbBlockReference
  2
DIM1
 10
30974.83525620905
 20
23563.56174901831
 30
0.0
 41
240.0
 42
240.0
 43
240.0
 50
90.0
  0
MTEXT
  5
33B
330
334
100
AcDbEntity
  8
0
 62
     3
440
 16777216
100
AcDbMText
 10
30758.83525620904
 20
22563.56174901831
 30
0.0
 40
240.0
 41
0.0
 46
0.0
 71
     5
 72
     1
  1
\A1;L
  7
ROMANS
 11
0.0000000000000001
 21
1.0
 31
0.0
 73
     1
 44
1.0
  0
POINT
  5
33C
330
334
100
AcDbEntity
  8
DEFPOINTS
 62
     0
440
 16777216
100
AcDbPoint
 10
26733.77516727016
 20
21563.56174901831
 30
0.0
  0
POINT
  5
33D
330
334
100
AcDbEntity
  8
DEFPOINTS
 62
     0
440
 16777216
100
AcDbPoint
 10
26733.77516727016
 20
23563.56174901831
 30
0.0
  0
POINT
  5
33E
330
334
100
AcDbEntity
  8
DEFPOINTS
 62
     0
440
 16777216
100
AcDbPoint
 10
30974.83525620905
 20
23563.56174901831
 30
0.0
  0
ENDBLK
  5
33F
330
334
100
AcDbEntity
  8
0
100
AcDbBlockEnd
  0
BLOCK
  5
341
330
340
100
AcDbEntity
  8
0
100
AcDbBlockBegin
  2
*D17
 70
     1
 10
0.0
 20
0.0
 30
0.0
  3
*D17
  1

  0
LINE
  5
342
330
340
100
AcDbEntity
  8
0
 62
     8
440
 16777216
370
    -2
100
AcDbLine
 10
23840.7239572646
 20
22563.56174901831
 30
0.0
 11
22204.35398606025
 21
22563.56174901831
 31
0.0
  0
LINE
  5
343
330
340
100
AcDbEntity
  8
0
 62
     8
440
 16777216
370
    -2
100
AcDbLine
 10
23391.93374153038
 20
24499.4950942413
 30
0.0
 11
22204.35398606025
 21
24499.4950942413
 31
0.0
  0
LINE
  5
344
330
340
100
AcDbEntity
  8
0
 62
     8
440
 16777216
370
    -2
100
AcDbLine
 10
22300.35398606025
 20
22803.56174901831
 30
0.0
 11
22300.35398606025
 21
24259.4950942413
 31
0.0
  0
INSERT
  5
345
330
340
100
AcDbEntity
  8
0
 62
     8
440
 16777216
370
    -2
100
AcDbBlockReference
  2
DIM1
 10
22300.35398606025
 20
22563.56174901831
 30
0.0
 41
240.0
 42
240.0
 43
240.0
 50
270.0
  0
INSERT
  5
346
330
340
100
AcDbEntity
  8
0
 62
     8
440
 16777216
370
    -2
100
AcDbBlockReference
  2
DIM1
 10
22300.35398606025
 20
24499.4950942413
 30
0.0
 41
240.0
 42
240.0
 43
240.0
 50
90.0
  0
MTEXT
  5
347
330
340
100
AcDbEntity
  8
0
 62
     3
440
 16777216
100
AcDbMText
 10
22084.35398606024
 20
23531.52842162981
 30
0.0
 40
240.0
 41
0.0
 46
0.0
 71
     5
 72
     1
  1
\A1;1000
  7
ROMANS
 11
0.0000000000000001
 21
1.0
 31
0.0
 73
     1
 44
1.0
  0
POINT
  5
348
330
340
100
AcDbEntity
  8
DEFPOINTS
 62
     0
440
 16777216
100
AcDbPoint
 10
23936.7239572646
 20
22563.56174901831
 30
0.0
  0
POINT
  5
349
330
340
100
AcDbEntity
  8
DEFPOINTS
 62
     0
440
 16777216
100
AcDbPoint
 10
23487.93374153038
 20
24499.4950942413
 30
0.0
  0
POINT
  5
34A
330
340
100
AcDbEntity
  8
DEFPOINTS
 62
     0
440
 16777216
100
AcDbPoint
 10
22300.35398606025
 20
24499.4950942413
 30
0.0
  0
ENDBLK
  5
34B
330
340
100
AcDbEntity
  8
0
100
AcDbBlockEnd
  0
BLOCK
  5
8EE
330
8ED
100
AcDbEntity
  8
0
100
AcDbBlockBegin
  2
*D19
 70
     1
 10
0.0
 20
0.0
 30
0.0
  3
*D19
  1

  0
LINE
  5
A44
330
8ED
100
AcDbEntity
  8
0
 62
     8
440
 16777216
370
    -2
100
AcDbLine
 10
19254.80969855956
 20
21477.3101727263
 30
0.0
 11
18423.95023422728
 21
21477.3101727263
 31
0.0
  0
LINE
  5
A45
330
8ED
100
AcDbEntity
  8
0
 62
     8
440
 16777216
370
    -2
100
AcDbLine
 10
22351.75863817434
 20
20053.66034230968
 30
0.0
 11
18423.95023422728
 21
20053.66034230968
 31
0.0
  0
LINE
  5
A46
330
8ED
100
AcDbEntity
  8
0
 62
     8
440
 16777216
370
    -2
100
AcDbLine
 10
18523.95023422728
 20
21227.3101727263
 30
0.0
 11
18523.95023422728
 21
20303.66034230968
 31
0.0
  0
INSERT
  5
A47
330
8ED
100
AcDbEntity
  8
0
 62
     8
440
 16777216
370
    -2
100
AcDbBlockReference
  2
DIM1
 10
18523.95023422728
 20
21477.3101727263
 30
0.0
 41
250.0
 42
250.0
 43
250.0
 50
90.0
  0
INSERT
  5
A48
330
8ED
100
AcDbEntity
  8
0
 62
     8
440
 16777216
370
    -2
100
AcDbBlockReference
  2
DIM1
 10
18523.95023422728
 20
20053.66034230968
 30
0.0
 41
250.0
 42
250.0
 43
250.0
 50
270.0
  0
MTEXT
  5
A49
330
8ED
100
AcDbEntity
  8
0
 62
     3
440
 16777216
100
AcDbMText
 10
18348.95023422728
 20
20765.48525751798
 30
0.0
 40
250.0
 41
0.0
 46
0.0
 71
     5
 72
     1
  1
\A1;H2=600MM
  7
ROMANS
 11
0.0000000000000001
 21
1.0
 31
0.0
 73
     1
 44
1.0
  0
POINT
  5
A4A
330
8ED
100
AcDbEntity
  8
DEFPOINTS
 62
     0
440
 16777216
100
AcDbPoint
 10
19354.80969855956
 20
21477.3101727263
 30
0.0
  0
POINT
  5
A4B
330
8ED
100
AcDbEntity
  8
DEFPOINTS
 62
     0
440
 16777216
100
AcDbPoint
 10
22451.75863817434
 20
20053.66034230968
 30
0.0
  0
POINT
  5
A4C
330
8ED
100
AcDbEntity
  8
DEFPOINTS
 62
     0
440
 16777216
100
AcDbPoint
 10
18523.95023422728
 20
20053.66034230968
 30
0.0
  0
ENDBLK
  5
8EF
330
8ED
100
AcDbEntity
  8
0
100
AcDbBlockEnd
  0
BLOCK
  5
8FA
330
8F9
100
AcDbEntity
  8
0
100
AcDbBlockBegin
  2
*D20
 70
     1
 10
0.0
 20
0.0
 30
0.0
  3
*D20
  1

  0
LINE
  5
A4D
330
8F9
100
AcDbEntity
  8
0
 62
     8
440
 16777216
370
    -2
100
AcDbLine
 10
22501.75863817434
 20
26005.40485153674
 30
0.0
 11
18429.38433698866
 21
26005.40485153674
 31
0.0
  0
LINE
  5
A4E
330
8F9
100
AcDbEntity
  8
0
 62
     8
440
 16777216
370
    -2
100
AcDbLine
 10
22501.75863817434
 20
21477.3101727263
 30
0.0
 11
18429.38433698867
 21
21477.3101727263
 31
0.0
  0
LINE
  5
A4F
330
8F9
100
AcDbEntity
  8
0
 62
     8
440
 16777216
370
    -2
100
AcDbLine
 10
18529.38433698866
 20
25755.40485153674
 30
0.0
 11
18529.38433698867
 21
21727.3101727263
 31
0.0
  0
INSERT
  5
A50
330
8F9
100
AcDbEntity
  8
0
 62
     8
440
 16777216
370
    -2
100
AcDbBlockReference
  2
DIM1
 10
18529.38433698866
 20
26005.40485153674
 30
0.0
 41
250.0
 42
250.0
 43
250.0
 50
90.0
  0
INSERT
  5
A51
330
8F9
100
AcDbEntity
  8
0
 62
     8
440
 16777216
370
    -2
100
AcDbBlockReference
  2
DIM1
 10
18529.38433698867
 20
21477.3101727263
 30
0.0
 41
250.0
 42
250.0
 43
250.0
 50
270.0
  0
MTEXT
  5
A52
330
8F9
100
AcDbEntity
  8
0
 62
     3
440
 16777216
100
AcDbMText
 10
18304.38433698867
 20
23741.35751213151
 30
0.0
 40
250.0
 41
0.0
 46
0.0
 71
     5
 72
     1
  1
\A1;H1
  7
ROMANS
 11
0.0000000000000001
 21
1.0
 31
0.0
 73
     1
 44
1.0
  0
POINT
  5
A53
330
8F9
100
AcDbEntity
  8
DEFPOINTS
 62
     0
440
 16777216
100
AcDbPoint
 10
22601.75863817435
 20
26005.40485153674
 30
0.0
  0
POINT
  5
A54
330
8F9
100
AcDbEntity
  8
DEFPOINTS
 62
     0
440
 16777216
100
AcDbPoint
 10
22601.75863817435
 20
21477.3101727263
 30
0.0
  0
POINT
  5
A55
330
8F9
100
AcDbEntity
  8
DEFPOINTS
 62
     0
440
 16777216
100
AcDbPoint
 10
18529.38433698867
 20
21477.3101727263
 30
0.0
  0
ENDBLK
  5
8FB
330
8F9
100
AcDbEntity
  8
0
100
AcDbBlockEnd
  0
BLOCK
  5
906
330
905
100
AcDbEntity
  8
0
100
AcDbBlockBegin
  2
*D21
 70
     1
 10
0.0
 20
0.0
 30
0.0
  3
*D21
  1

  0
LINE
  5
9D9
330
905
100
AcDbEntity
  8
0
 62
     8
440
 16777216
370
    -2
100
AcDbLine
 10
3581.001404304663
 20
21477.3101727263
 30
0.0
 11
2750.141939972384
 21
21477.3101727263
 31
0.0
  0
LINE
  5
9DA
330
905
100
AcDbEntity
  8
0
 62
     8
440
 16777216
370
    -2
100
AcDbLine
 10
6827.950343919448
 20
20053.66034230968
 30
0.0
 11
2750.141939972384
 21
20053.66034230968
 31
0.0
  0
LINE
  5
9DB
330
905
100
AcDbEntity
  8
0
 62
     8
440
 16777216
370
    -2
100
AcDbLine
 10
2850.141939972384
 20
21227.3101727263
 30
0.0
 11
2850.141939972384
 21
20303.66034230968
 31
0.0
  0
INSERT
  5
9DC
330
905
100
AcDbEntity
  8
0
 62
     8
440
 16777216
370
    -2
100
AcDbBlockReference
  2
DIM1
 10
2850.141939972384
 20
21477.3101727263
 30
0.0
 41
250.0
 42
250.0
 43
250.0
 50
90.0
  0
INSERT
  5
9DD
330
905
100
AcDbEntity
  8
0
 62
     8
440
 16777216
370
    -2
100
AcDbBlockReference
  2
DIM1
 10
2850.141939972384
 20
20053.66034230968
 30
0.0
 41
250.0
 42
250.0
 43
250.0
 50
270.0
  0
MTEXT
  5
9DE
330
905
100
AcDbEntity
  8
0
 62
     3
440
 16777216
100
AcDbMText
 10
2675.141939972389
 20
20765.48525751799
 30
0.0
 40
250.0
 41
0.0
 46
0.0
 71
     5
 72
     1
  1
\A1;H2=600MM
  7
ROMANS
 11
0.0000000000000001
 21
1.0
 31
0.0
 73
     1
 44
1.0
  0
POINT
  5
9DF
330
905
100
AcDbEntity
  8
DEFPOINTS
 62
     0
440
 16777216
100
AcDbPoint
 10
3681.001404304663
 20
21477.3101727263
 30
0.0
  0
POINT
  5
9E0
330
905
100
AcDbEntity
  8
DEFPOINTS
 62
     0
440
 16777216
100
AcDbPoint
 10
6927.950343919448
 20
20053.66034230968
 30
0.0
  0
POINT
  5
9E1
330
905
100
AcDbEntity
  8
DEFPOINTS
 62
     0
440
 16777216
100
AcDbPoint
 10
2850.141939972384
 20
20053.66034230968
 30
0.0
  0
ENDBLK
  5
907
330
905
100
AcDbEntity
  8
0
100
AcDbBlockEnd
  0
BLOCK
  5
912
330
911
100
AcDbEntity
  8
0
100
AcDbBlockBegin
  2
*D22
 70
     1
 10
0.0
 20
0.0
 30
0.0
  3
*D22
  1

  0
LINE
  5
9E2
330
911
100
AcDbEntity
  8
0
 62
     8
440
 16777216
370
    -2
100
AcDbLine
 10
6927.950343919445
 20
26105.40485153673
 30
0.0
 11
6927.950343919445
 21
27055.46048437276
 31
0.0
  0
LINE
  5
9E3
330
911
100
AcDbEntity
  8
0
 62
     8
440
 16777216
370
    -2
100
AcDbLine
 10
7227.950343919445
 20
26105.40485153673
 30
0.0
 11
7227.950343919445
 21
27055.46048437276
 31
0.0
  0
LINE
  5
9E4
330
911
100
AcDbEntity
  8
0
 62
     8
440
 16777216
370
    -2
100
AcDbLine
 10
6677.950343919445
 20
26955.46048437277
 30
0.0
 11
6427.950343919445
 21
26955.46048437277
 31
0.0
  0
LINE
  5
9E5
330
911
100
AcDbEntity
  8
0
 62
     8
440
 16777216
370
    -2
100
AcDbLine
 10
7477.950343919445
 20
26955.46048437277
 30
0.0
 11
7727.950343919445
 21
26955.46048437277
 31
0.0
  0
INSERT
  5
9E6
330
911
100
AcDbEntity
  8
0
 62
     8
440
 16777216
370
    -2
100
AcDbBlockReference
  2
DIM1
 10
6927.950343919445
 20
26955.46048437277
 30
0.0
 41
250.0
 42
250.0
 43
250.0
  0
INSERT
  5
9E7
330
911
100
AcDbEntity
  8
0
 62
     8
440
 16777216
370
    -2
100
AcDbBlockReference
  2
DIM1
 10
7227.950343919445
 20
26955.46048437277
 30
0.0
 41
250.0
 42
250.0
 43
250.0
 50
180.0
  0
MTEXT
  5
9E8
330
911
100
AcDbEntity
  8
0
 62
     3
440
 16777216
100
AcDbMText
 10
7077.950343919446
 20
27180.46048437277
 30
0.0
 40
250.0
 41
0.0
 46
0.0
 71
     5
 72
     1
  1
\A1;T1
  7
ROMANS
 73
     1
 44
1.0
  0
POINT
  5
9E9
330
911
100
AcDbEntity
  8
DEFPOINTS
 62
     0
440
 16777216
100
AcDbPoint
 10
6927.950343919445
 20
26005.40485153672
 30
0.0
  0
POINT
  5
9EA
330
911
100
AcDbEntity
  8
DEFPOINTS
 62
     0
440
 16777216
100
AcDbPoint
 10
7227.950343919445
 20
26005.40485153672
 30
0.0
  0
POINT
  5
9EB
330
911
100
AcDbEntity
  8
DEFPOINTS
 62
     0
440
 16777216
100
AcDbPoint
 10
7227.950343919445
 20
26955.46048437277
 30
0.0
  0
ENDBLK
  5
913
330
911
100
AcDbEntity
  8
0
100
AcDbBlockEnd
  0
BLOCK
  5
91F
330
91E
100
AcDbEntity
  8
0
100
AcDbBlockBegin
  2
*D23
 70
     1
 10
0.0
 20
0.0
 30
0.0
  3
*D23
  1

  0
LINE
  5
9EC
330
91E
100
AcDbEntity
  8
0
 62
     8
440
 16777216
370
    -2
100
AcDbLine
 10
10125.001553925
 20
20592.61051781041
 30
0.0
 11
12247.15573184899
 21
20592.61051781041
 31
0.0
  0
LINE
  5
9ED
330
91E
100
AcDbEntity
  8
0
 62
     8
440
 16777216
370
    -2
100
AcDbLine
 10
10125.001553925
 20
20053.66034230968
 30
0.0
 11
12247.15573184899
 21
20053.66034230968
 31
0.0
  0
LINE
  5
9EE
330
91E
100
AcDbEntity
  8
0
 62
     8
440
 16777216
370
    -2
100
AcDbLine
 10
12147.15573184899
 20
20842.6105178104
 30
0.0
 11
12147.15573184899
 21
21092.6105178104
 31
0.0
  0
LINE
  5
9EF
330
91E
100
AcDbEntity
  8
0
 62
     8
440
 16777216
370
    -2
100
AcDbLine
 10
12147.15573184899
 20
19803.66034230968
 30
0.0
 11
12147.15573184899
 21
19553.66034230968
 31
0.0
  0
INSERT
  5
9F0
330
91E
100
AcDbEntity
  8
0
 62
     8
440
 16777216
370
    -2
100
AcDbBlockReference
  2
DIM1
 10
12147.15573184899
 20
20592.61051781041
 30
0.0
 41
250.0
 42
250.0
 43
250.0
 50
270.0
  0
INSERT
  5
9F1
330
91E
100
AcDbEntity
  8
0
 62
     8
440
 16777216
370
    -2
100
AcDbBlockReference
  2
DIM1
 10
12147.15573184899
 20
20053.66034230968
 30
0.0
 41
250.0
 42
250.0
 43
250.0
 50
90.0
  0
MTEXT
  5
9F2
330
91E
100
AcDbEntity
  8
0
 62
     3
440
 16777216
100
AcDbMText
 10
11922.15573184899
 20
20323.13543006003
 30
0.0
 40
250.0
 41
0.0
 46
0.0
 71
     5
 72
     1
  1
\A1;T2
  7
ROMANS
 11
0.0000000000000001
 21
1.0
 31
0.0
 73
     1
 44
1.0
  0
POINT
  5
9F3
330
91E
100
AcDbEntity
  8
DEFPOINTS
 62
     0
440
 16777216
100
AcDbPoint
 10
10025.001553925
 20
20592.61051781041
 30
0.0
  0
POINT
  5
9F4
330
91E
100
AcDbEntity
  8
DEFPOINTS
 62
     0
440
 16777216
100
AcDbPoint
 10
10025.001553925
 20
20053.66034230968
 30
0.0
  0
POINT
  5
9F5
330
91E
100
AcDbEntity
  8
DEFPOINTS
 62
     0
440
 16777216
100
AcDbPoint
 10
12147.15573184899
 20
20053.66034230968
 30
0.0
  0
ENDBLK
  5
920
330
91E
100
AcDbEntity
  8
0
100
AcDbBlockEnd
  0
BLOCK
  5
92C
330
92B
100
AcDbEntity
  8
0
100
AcDbBlockBegin
  2
*D24
 70
     1
 10
0.0
 20
0.0
 30
0.0
  3
*D24
  1

  0
LINE
  5
9F6
330
92B
100
AcDbEntity
  8
0
 62
     8
440
 16777216
370
    -2
100
AcDbLine
 10
6927.950343919445
 20
19957.66034230967
 30
0.0
 11
6927.950343919445
 21
18180.91739541542
 31
0.0
  0
LINE
  5
9F7
330
92B
100
AcDbEntity
  8
0
 62
     8
440
 16777216
370
    -2
100
AcDbLine
 10
10025.001553925
 20
19957.66034230967
 30
0.0
 11
10025.001553925
 21
18180.91739541542
 31
0.0
  0
LINE
  5
9F8
330
92B
100
AcDbEntity
  8
0
 62
     8
440
 16777216
370
    -2
100
AcDbLine
 10
7167.950343919445
 20
18276.91739541542
 30
0.0
 11
9785.001553925003
 21
18276.91739541542
 31
0.0
  0
INSERT
  5
9F9
330
92B
100
AcDbEntity
  8
0
 62
     8
440
 16777216
370
    -2
100
AcDbBlockReference
  2
DIM1
 10
6927.950343919445
 20
18276.91739541542
 30
0.0
 41
240.0
 42
240.0
 43
240.0
 50
180.0
  0
INSERT
  5
9FA
330
92B
100
AcDbEntity
  8
0
 62
     8
440
 16777216
370
    -2
100
AcDbBlockReference
  2
DIM1
 10
10025.001553925
 20
18276.91739541542
 30
0.0
 41
240.0
 42
240.0
 43
240.0
  0
MTEXT
  5
9FB
330
92B
100
AcDbEntity
  8
0
 62
     3
440
 16777216
100
AcDbMText
 10
8476.475948922223
 20
18515.77453827257
 30
0.0
 40
240.0
 41
0.0
 46
0.0
 71
     5
 72
     1
  1
\A1;"B"
  7
ROMANS
 73
     1
 44
1.0
  0
POINT
  5
9FC
330
92B
100
AcDbEntity
  8
DEFPOINTS
 62
     0
440
 16777216
100
AcDbPoint
 10
6927.950343919445
 20
20053.66034230967
 30
0.0
  0
POINT
  5
9FD
330
92B
100
AcDbEntity
  8
DEFPOINTS
 62
     0
440
 16777216
100
AcDbPoint
 10
10025.001553925
 20
20053.66034230967
 30
0.0
  0
POINT
  5
9FE
330
92B
100
AcDbEntity
  8
DEFPOINTS
 62
     0
440
 16777216
100
AcDbPoint
 10
10025.001553925
 20
18276.91739541542
 30
0.0
  0
ENDBLK
  5
92D
330
92B
100
AcDbEntity
  8
0
100
AcDbBlockEnd
  0
BLOCK
  5
938
330
937
100
AcDbEntity
  8
0
100
AcDbBlockBegin
  2
*D25
 70
     1
 10
0.0
 20
0.0
 30
0.0
  3
*D25
  1

  0
LINE
  5
9FF
330
937
100
AcDbEntity
  8
0
 62
     8
440
 16777216
370
    -2
100
AcDbLine
 10
7077.950343919446
 20
25931.6775239019
 30
0.0
 11
7077.950343919446
 21
26541.20849222144
 31
0.0
  0
LINE
  5
A00
330
937
100
AcDbEntity
  8
0
 62
     8
440
 16777216
370
    -2
100
AcDbLine
 10
7227.950343919442
 20
25931.6775239019
 30
0.0
 11
7227.950343919442
 21
26541.20849222144
 31
0.0
  0
LINE
  5
A01
330
937
100
AcDbEntity
  8
0
 62
     8
440
 16777216
370
    -2
100
AcDbLine
 10
6837.950343919445
 20
26445.20849222144
 30
0.0
 11
6597.950343919444
 21
26445.20849222144
 31
0.0
  0
LINE
  5
A02
330
937
100
AcDbEntity
  8
0
 62
     8
440
 16777216
370
    -2
100
AcDbLine
 10
7467.950343919442
 20
26445.20849222144
 30
0.0
 11
8733.093201062301
 21
26445.20849222144
 31
0.0
  0
INSERT
  5
A03
330
937
100
AcDbEntity
  8
0
 62
     8
440
 16777216
370
    -2
100
AcDbBlockReference
  2
DIM1
 10
7077.950343919446
 20
26445.20849222144
 30
0.0
 41
240.0
 42
240.0
 43
240.0
  0
INSERT
  5
A04
330
937
100
AcDbEntity
  8
0
 62
     8
440
 16777216
370
    -2
100
AcDbBlockReference
  2
DIM1
 10
7227.950343919442
 20
26445.20849222144
 30
0.0
 41
240.0
 42
240.0
 43
240.0
 50
180.0
  0
MTEXT
  5
A05
330
937
100
AcDbEntity
  8
0
 62
     3
440
 16777216
100
AcDbMText
 10
8220.521772490872
 20
26661.20849222144
 30
0.0
 40
240.0
 41
0.0
 46
0.0
 71
     5
 72
     1
  1
\A1;75MM
  7
ROMANS
 73
     1
 44
1.0
  0
POINT
  5
A06
330
937
100
AcDbEntity
  8
DEFPOINTS
 62
     0
440
 16777216
100
AcDbPoint
 10
7077.950343919446
 20
25835.6775239019
 30
0.0
  0
POINT
  5
A07
330
937
100
AcDbEntity
  8
DEFPOINTS
 62
     0
440
 16777216
100
AcDbPoint
 10
7227.950343919442
 20
25835.6775239019
 30
0.0
  0
POINT
  5
A08
330
937
100
AcDbEntity
  8
DEFPOINTS
 62
     0
440
 16777216
100
AcDbPoint
 10
7227.950343919442
 20
26445.20849222144
 30
0.0
  0
ENDBLK
  5
939
330
937
100
AcDbEntity
  8
0
100
AcDbBlockEnd
  0
BLOCK
  5
945
330
944
100
AcDbEntity
  8
0
100
AcDbBlockBegin
  2
*D26
 70
     1
 10
0.0
 20
0.0
 30
0.0
  3
*D26
  1

  0
LINE
  5
A09
330
944
100
AcDbEntity
  8
0
 62
     8
440
 16777216
370
    -2
100
AcDbLine
 10
10001.001553925
 20
20442.6105178104
 30
0.0
 11
11316.81251692815
 21
20442.6105178104
 31
0.0
  0
LINE
  5
A0A
330
944
100
AcDbEntity
  8
0
 62
     8
440
 16777216
370
    -2
100
AcDbLine
 10
10001.001553925
 20
20592.61051781041
 30
0.0
 11
11316.81251692815
 21
20592.61051781041
 31
0.0
  0
LINE
  5
A0B
330
944
100
AcDbEntity
  8
0
 62
     8
440
 16777216
370
    -2
100
AcDbLine
 10
11220.81251692815
 20
20202.6105178104
 30
0.0
 11
11220.81251692815
 21
19962.6105178104
 31
0.0
  0
LINE
  5
A0C
330
944
100
AcDbEntity
  8
0
 62
     8
440
 16777216
370
    -2
100
AcDbLine
 10
11220.81251692815
 20
20832.61051781041
 30
0.0
 11
11220.81251692815
 21
21072.61051781041
 31
0.0
  0
INSERT
  5
A0D
330
944
100
AcDbEntity
  8
0
 62
     8
440
 16777216
370
    -2
100
AcDbBlockReference
  2
DIM1
 10
11220.81251692815
 20
20442.6105178104
 30
0.0
 41
240.0
 42
240.0
 43
240.0
 50
90.0
  0
INSERT
  5
A0E
330
944
100
AcDbEntity
  8
0
 62
     8
440
 16777216
370
    -2
100
AcDbBlockReference
  2
DIM1
 10
11220.81251692815
 20
20592.61051781041
 30
0.0
 41
240.0
 42
240.0
 43
240.0
 50
270.0
  0
MTEXT
  5
A0F
330
944
100
AcDbEntity
  8
0
 62
     3
440
 16777216
100
AcDbMText
 10
11004.81251692815
 20
20517.6105178104
 30
0.0
 40
240.0
 41
0.0
 46
0.0
 71
     5
 72
     1
  1
\A1;75MM
  7
ROMANS
 11
0.0000000000000001
 21
1.0
 31
0.0
 73
     1
 44
1.0
  0
POINT
  5
A10
330
944
100
AcDbEntity
  8
DEFPOINTS
 62
     0
440
 16777216
100
AcDbPoint
 10
9905.001553925005
 20
20442.6105178104
 30
0.0
  0
POINT
  5
A11
330
944
100
AcDbEntity
  8
DEFPOINTS
 62
     0
440
 16777216
100
AcDbPoint
 10
9905.001553925005
 20
20592.61051781041
 30
0.0
  0
POINT
  5
A12
330
944
100
AcDbEntity
  8
DEFPOINTS
 62
     0
440
 16777216
100
AcDbPoint
 10
11220.81251692815
 20
20592.61051781041
 30
0.0
  0
ENDBLK
  5
946
330
944
100
AcDbEntity
  8
0
100
AcDbBlockEnd
  0
BLOCK
  5
952
330
951
100
AcDbEntity
  8
0
100
AcDbBlockBegin
  2
*D27
 70
     1
 10
0.0
 20
0.0
 30
0.0
  3
*D27
  1

  0
LINE
  5
A13
330
951
100
AcDbEntity
  8
0
 62
     8
440
 16777216
370
    -2
100
AcDbLine
 10
25674.80984817991
 20
20442.6105178104
 30
0.0
 11
26990.62081118305
 21
20442.6105178104
 31
0.0
  0
LINE
  5
A14
330
951
100
AcDbEntity
  8
0
 62
     8
440
 16777216
370
    -2
100
AcDbLine
 10
25674.80984817991
 20
20592.61051781041
 30
0.0
 11
26990.62081118305
 21
20592.61051781041
 31
0.0
  0
LINE
  5
A15
330
951
100
AcDbEntity
  8
0
 62
     8
440
 16777216
370
    -2
100
AcDbLine
 10
26894.62081118305
 20
20202.6105178104
 30
0.0
 11
26894.62081118305
 21
19962.6105178104
 31
0.0
  0
LINE
  5
A16
330
951
100
AcDbEntity
  8
0
 62
     8
440
 16777216
370
    -2
100
AcDbLine
 10
26894.62081118305
 20
20832.61051781041
 30
0.0
 11
26894.62081118305
 21
21072.61051781041
 31
0.0
  0
INSERT
  5
A17
330
951
100
AcDbEntity
  8
0
 62
     8
440
 16777216
370
    -2
100
AcDbBlockReference
  2
DIM1
 10
26894.62081118305
 20
20442.6105178104
 30
0.0
 41
240.0
 42
240.0
 43
240.0
 50
90.0
  0
INSERT
  5
A18
330
951
100
AcDbEntity
  8
0
 62
     8
440
 16777216
370
    -2
100
AcDbBlockReference
  2
DIM1
 10
26894.62081118305
 20
20592.61051781041
 30
0.0
 41
240.0
 42
240.0
 43
240.0
 50
270.0
  0
MTEXT
  5
A19
330
951
100
AcDbEntity
  8
0
 62
     3
440
 16777216
100
AcDbMText
 10
26678.62081118305
 20
20517.61051781039
 30
0.0
 40
240.0
 41
0.0
 46
0.0
 71
     5
 72
     1
  1
\A1;75MM
  7
ROMANS
 11
0.0000000000000001
 21
1.0
 31
0.0
 73
     1
 44
1.0
  0
POINT
  5
A1A
330
951
100
AcDbEntity
  8
DEFPOINTS
 62
     0
440
 16777216
100
AcDbPoint
 10
25578.80984817991
 20
20442.6105178104
 30
0.0
  0
POINT
  5
A1B
330
951
100
AcDbEntity
  8
DEFPOINTS
 62
     0
440
 16777216
100
AcDbPoint
 10
25578.80984817991
 20
20592.61051781041
 30
0.0
  0
POINT
  5
A1C
330
951
100
AcDbEntity
  8
DEFPOINTS
 62
     0
440
 16777216
100
AcDbPoint
 10
26894.62081118305
 20
20592.61051781041
 30
0.0
  0
ENDBLK
  5
953
330
951
100
AcDbEntity
  8
0
100
AcDbBlockEnd
  0
BLOCK
  5
95F
330
95E
100
AcDbEntity
  8
0
100
AcDbBlockBegin
  2
*D28
 70
     1
 10
0.0
 20
0.0
 30
0.0
  3
*D28
  1

  0
LINE
  5
A1D
330
95E
100
AcDbEntity
  8
0
 62
     8
440
 16777216
370
    -2
100
AcDbLine
 10
22751.75863817433
 20
25922.95617528014
 30
0.0
 11
22751.75863817433
 21
26532.48714359968
 31
0.0
  0
LINE
  5
A1E
330
95E
100
AcDbEntity
  8
0
 62
     8
440
 16777216
370
    -2
100
AcDbLine
 10
22901.75863817433
 20
25922.95617528014
 30
0.0
 11
22901.75863817433
 21
26532.48714359968
 31
0.0
  0
LINE
  5
A1F
330
95E
100
AcDbEntity
  8
0
 62
     8
440
 16777216
370
    -2
100
AcDbLine
 10
22511.75863817433
 20
26436.48714359968
 30
0.0
 11
22271.75863817433
 21
26436.48714359968
 31
0.0
  0
LINE
  5
A20
330
95E
100
AcDbEntity
  8
0
 62
     8
440
 16777216
370
    -2
100
AcDbLine
 10
23141.75863817433
 20
26436.48714359968
 30
0.0
 11
24406.90149531719
 21
26436.48714359968
 31
0.0
  0
INSERT
  5
A21
330
95E
100
AcDbEntity
  8
0
 62
     8
440
 16777216
370
    -2
100
AcDbBlockReference
  2
DIM1
 10
22751.75863817433
 20
26436.48714359968
 30
0.0
 41
240.0
 42
240.0
 43
240.0
  0
INSERT
  5
A22
330
95E
100
AcDbEntity
  8
0
 62
     8
440
 16777216
370
    -2
100
AcDbBlockReference
  2
DIM1
 10
22901.75863817433
 20
26436.48714359968
 30
0.0
 41
240.0
 42
240.0
 43
240.0
 50
180.0
  0
MTEXT
  5
A23
330
95E
100
AcDbEntity
  8
0
 62
     3
440
 16777216
100
AcDbMText
 10
23894.33006674576
 20
26652.48714359968
 30
0.0
 40
240.0
 41
0.0
 46
0.0
 71
     5
 72
     1
  1
\A1;75MM
  7
ROMANS
 73
     1
 44
1.0
  0
POINT
  5
A24
330
95E
100
AcDbEntity
  8
DEFPOINTS
 62
     0
440
 16777216
100
AcDbPoint
 10
22751.75863817433
 20
25826.95617528014
 30
0.0
  0
POINT
  5
A25
330
95E
100
AcDbEntity
  8
DEFPOINTS
 62
     0
440
 16777216
100
AcDbPoint
 10
22901.75863817433
 20
25826.95617528014
 30
0.0
  0
POINT
  5
A26
330
95E
100
AcDbEntity
  8
DEFPOINTS
 62
     0
440
 16777216
100
AcDbPoint
 10
22901.75863817433
 20
26436.48714359968
 30
0.0
  0
ENDBLK
  5
960
330
95E
100
AcDbEntity
  8
0
100
AcDbBlockEnd
  0
BLOCK
  5
96C
330
96B
100
AcDbEntity
  8
0
100
AcDbBlockBegin
  2
*D29
 70
     1
 10
0.0
 20
0.0
 30
0.0
  3
*D29
  1

  0
LINE
  5
A27
330
96B
100
AcDbEntity
  8
0
 62
     8
440
 16777216
370
    -2
100
AcDbLine
 10
22451.75863817433
 20
19957.66034230967
 30
0.0
 11
22451.75863817433
 21
18180.91739541542
 31
0.0
  0
LINE
  5
A28
330
96B
100
AcDbEntity
  8
0
 62
     8
440
 16777216
370
    -2
100
AcDbLine
 10
25698.8098481799
 20
19957.66034230967
 30
0.0
 11
25698.8098481799
 21
18180.91739541542
 31
0.0
  0
LINE
  5
A29
330
96B
100
AcDbEntity
  8
0
 62
     8
440
 16777216
370
    -2
100
AcDbLine
 10
22691.75863817433
 20
18276.91739541542
 30
0.0
 11
25458.8098481799
 21
18276.91739541542
 31
0.0
  0
INSERT
  5
A2A
330
96B
100
AcDbEntity
  8
0
 62
     8
440
 16777216
370
    -2
100
AcDbBlockReference
  2
DIM1
 10
22451.75863817433
 20
18276.91739541542
 30
0.0
 41
240.0
 42
240.0
 43
240.0
 50
180.0
  0
INSERT
  5
A2B
330
96B
100
AcDbEntity
  8
0
 62
     8
440
 16777216
370
    -2
100
AcDbBlockReference
  2
DIM1
 10
25698.8098481799
 20
18276.91739541542
 30
0.0
 41
240.0
 42
240.0
 43
240.0
  0
MTEXT
  5
A2C
330
96B
100
AcDbEntity
  8
0
 62
     3
440
 16777216
100
AcDbMText
 10
24075.28424317711
 20
18515.77453827257
 30
0.0
 40
240.0
 41
0.0
 46
0.0
 71
     5
 72
     1
  1
\A1;"B"
  7
ROMANS
 73
     1
 44
1.0
  0
POINT
  5
A2D
330
96B
100
AcDbEntity
  8
DEFPOINTS
 62
     0
440
 16777216
100
AcDbPoint
 10
22451.75863817433
 20
20053.66034230967
 30
0.0
  0
POINT
  5
A2E
330
96B
100
AcDbEntity
  8
DEFPOINTS
 62
     0
440
 16777216
100
AcDbPoint
 10
25698.8098481799
 20
20053.66034230967
 30
0.0
  0
POINT
  5
A2F
330
96B
100
AcDbEntity
  8
DEFPOINTS
 62
     0
440
 16777216
100
AcDbPoint
 10
25698.8098481799
 20
18276.91739541542
 30
0.0
  0
ENDBLK
  5
96D
330
96B
100
AcDbEntity
  8
0
100
AcDbBlockEnd
  0
BLOCK
  5
978
330
977
100
AcDbEntity
  8
0
100
AcDbBlockBegin
  2
*D30
 70
     1
 10
0.0
 20
0.0
 30
0.0
  3
*D30
  1

  0
LINE
  5
A56
330
977
100
AcDbEntity
  8
0
 62
     8
440
 16777216
370
    -2
100
AcDbLine
 10
25794.80984817991
 20
20592.61051781041
 30
0.0
 11
30035.86993711881
 21
20592.61051781041
 31
0.0
  0
LINE
  5
A57
330
977
100
AcDbEntity
  8
0
 62
     8
440
 16777216
370
    -2
100
AcDbLine
 10
25794.80984817991
 20
22592.61051781041
 30
0.0
 11
30035.86993711881
 21
22592.61051781041
 31
0.0
  0
LINE
  5
A58
330
977
100
AcDbEntity
  8
0
 62
     8
440
 16777216
370
    -2
100
AcDbLine
 10
29939.86993711881
 20
20832.61051781041
 30
0.0
 11
29939.86993711881
 21
22352.61051781041
 31
0.0
  0
INSERT
  5
A59
330
977
100
AcDbEntity
  8
0
 62
     8
440
 16777216
370
    -2
100
AcDbBlockReference
  2
DIM1
 10
29939.86993711881
 20
20592.61051781041
 30
0.0
 41
240.0
 42
240.0
 43
240.0
 50
270.0
  0
INSERT
  5
A5A
330
977
100
AcDbEntity
  8
0
 62
     8
440
 16777216
370
    -2
100
AcDbBlockReference
  2
DIM1
 10
29939.86993711881
 20
22592.61051781041
 30
0.0
 41
240.0
 42
240.0
 43
240.0
 50
90.0
  0
MTEXT
  5
A5B
330
977
100
AcDbEntity
  8
0
 62
     3
440
 16777216
100
AcDbMText
 10
29723.86993711881
 20
21592.61051781039
 30
0.0
 40
240.0
 41
0.0
 46
0.0
 71
     5
 72
     1
  1
\A1;L
  7
ROMANS
 11
0.0000000000000001
 21
1.0
 31
0.0
 73
     1
 44
1.0
  0
POINT
  5
A5C
330
977
100
AcDbEntity
  8
DEFPOINTS
 62
     0
440
 16777216
100
AcDbPoint
 10
25698.80984817991
 20
20592.61051781041
 30
0.0
  0
POINT
  5
A5D
330
977
100
AcDbEntity
  8
DEFPOINTS
 62
     0
440
 16777216
100
AcDbPoint
 10
25698.80984817991
 20
22592.61051781041
 30
0.0
  0
POINT
  5
A5E
330
977
100
AcDbEntity
  8
DEFPOINTS
 62
     0
440
 16777216
100
AcDbPoint
 10
29939.86993711881
 20
22592.61051781041
 30
0.0
  0
ENDBLK
  5
979
330
977
100
AcDbEntity
  8
0
100
AcDbBlockEnd
  0
BLOCK
  5
984
330
983
100
AcDbEntity
  8
0
100
AcDbBlockBegin
  2
*D31
 70
     1
 10
0.0
 20
0.0
 30
0.0
  3
*D31
  1

  0
LINE
  5
A5F
330
983
100
AcDbEntity
  8
0
 62
     8
440
 16777216
370
    -2
100
AcDbLine
 10
22805.75863817435
 20
21592.61051781041
 30
0.0
 11
21169.38866697
 21
21592.61051781041
 31
0.0
  0
LINE
  5
A60
330
983
100
AcDbEntity
  8
0
 62
     8
440
 16777216
370
    -2
100
AcDbLine
 10
22356.96842244013
 20
23528.5438630334
 30
0.0
 11
21169.38866697
 21
23528.5438630334
 31
0.0
  0
LINE
  5
A61
330
983
100
AcDbEntity
  8
0
 62
     8
440
 16777216
370
    -2
100
AcDbLine
 10
21265.38866697
 20
21832.61051781041
 30
0.0
 11
21265.38866697
 21
23288.5438630334
 31
0.0
  0
INSERT
  5
A62
330
983
100
AcDbEntity
  8
0
 62
     8
440
 16777216
370
    -2
100
AcDbBlockReference
  2
DIM1
 10
21265.38866697
 20
21592.61051781041
 30
0.0
 41
240.0
 42
240.0
 43
240.0
 50
270.0
  0
INSERT
  5
A63
330
983
100
AcDbEntity
  8
0
 62
     8
440
 16777216
370
    -2
100
AcDbBlockReference
  2
DIM1
 10
21265.38866697
 20
23528.5438630334
 30
0.0
 41
240.0
 42
240.0
 43
240.0
 50
90.0
  0
MTEXT
  5
A64
330
983
100
AcDbEntity
  8
0
 62
     3
440
 16777216
100
AcDbMText
 10
21049.38866697
 20
22560.57719042189
 30
0.0
 40
240.0
 41
0.0
 46
0.0
 71
     5
 72
     1
  1
\A1;1000
  7
ROMANS
 11
0.0000000000000001
 21
1.0
 31
0.0
 73
     1
 44
1.0
  0
POINT
  5
A65
330
983
100
AcDbEntity
  8
DEFPOINTS
 62
     0
440
 16777216
100
AcDbPoint
 10
22901.75863817434
 20
21592.61051781041
 30
0.0
  0
POINT
  5
A66
330
983
100
AcDbEntity
  8
DEFPOINTS
 62
     0
440
 16777216
100
AcDbPoint
 10
22452.96842244013
 20
23528.5438630334
 30
0.0
  0
POINT
  5
A67
330
983
100
AcDbEntity
  8
DEFPOINTS
 62
     0
440
 16777216
100
AcDbPoint
 10
21265.38866697
 20
23528.5438630334
 30
0.0
  0
ENDBLK
  5
985
330
983
100
AcDbEntity
  8
0
100
AcDbBlockEnd
  0
BLOCK
  5
990
330
98F
100
AcDbEntity
  8
0
100
AcDbBlockBegin
  2
*D32
 70
     1
 10
0.0
 20
0.0
 30
0.0
  3
*D32
  1

  0
LINE
  5
A30
330
98F
100
AcDbEntity
  8
0
 62
     8
440
 16777216
370
    -2
100
AcDbLine
 10
25798.80984817991
 20
20592.61051781041
 30
0.0
 11
27920.96402610389
 21
20592.61051781041
 31
0.0
  0
LINE
  5
A31
330
98F
100
AcDbEntity
  8
0
 62
     8
440
 16777216
370
    -2
100
AcDbLine
 10
25798.80984817991
 20
20053.66034230968
 30
0.0
 11
27920.96402610389
 21
20053.66034230968
 31
0.0
  0
LINE
  5
A32
330
98F
100
AcDbEntity
  8
0
 62
     8
440
 16777216
370
    -2
100
AcDbLine
 10
27820.96402610389
 20
20842.6105178104
 30
0.0
 11
27820.96402610389
 21
21092.6105178104
 31
0.0
  0
LINE
  5
A33
330
98F
100
AcDbEntity
  8
0
 62
     8
440
 16777216
370
    -2
100
AcDbLine
 10
27820.96402610389
 20
19803.66034230968
 30
0.0
 11
27820.96402610389
 21
19553.66034230968
 31
0.0
  0
INSERT
  5
A34
330
98F
100
AcDbEntity
  8
0
 62
     8
440
 16777216
370
    -2
100
AcDbBlockReference
  2
DIM1
 10
27820.96402610389
 20
20592.61051781041
 30
0.0
 41
250.0
 42
250.0
 43
250.0
 50
270.0
  0
INSERT
  5
A35
330
98F
100
AcDbEntity
  8
0
 62
     8
440
 16777216
370
    -2
100
AcDbBlockReference
  2
DIM1
 10
27820.96402610389
 20
20053.66034230968
 30
0.0
 41
250.0
 42
250.0
 43
250.0
 50
90.0
  0
MTEXT
  5
A36
330
98F
100
AcDbEntity
  8
0
 62
     3
440
 16777216
100
AcDbMText
 10
27595.96402610389
 20
20323.13543006003
 30
0.0
 40
250.0
 41
0.0
 46
0.0
 71
     5
 72
     1
  1
\A1;T2
  7
ROMANS
 11
0.0000000000000001
 21
1.0
 31
0.0
 73
     1
 44
1.0
  0
POINT
  5
A37
330
98F
100
AcDbEntity
  8
DEFPOINTS
 62
     0
440
 16777216
100
AcDbPoint
 10
25698.80984817991
 20
20592.61051781041
 30
0.0
  0
POINT
  5
A38
330
98F
100
AcDbEntity
  8
DEFPOINTS
 62
     0
440
 16777216
100
AcDbPoint
 10
25698.80984817991
 20
20053.66034230968
 30
0.0
  0
POINT
  5
A39
330
98F
100
AcDbEntity
  8
DEFPOINTS
 62
     0
440
 16777216
100
AcDbPoint
 10
27820.96402610389
 20
20053.66034230968
 30
0.0
  0
ENDBLK
  5
991
330
98F
100
AcDbEntity
  8
0
100
AcDbBlockEnd
  0
BLOCK
  5
99D
330
99C
100
AcDbEntity
  8
0
100
AcDbBlockBegin
  2
*D33
 70
     1
 10
0.0
 20
0.0
 30
0.0
  3
*D33
  1

  0
LINE
  5
A3A
330
99C
100
AcDbEntity
  8
0
 62
     8
440
 16777216
370
    -2
100
AcDbLine
 10
22451.75863817434
 20
26105.40485153673
 30
0.0
 11
22451.75863817434
 21
27055.46048437276
 31
0.0
  0
LINE
  5
A3B
330
99C
100
AcDbEntity
  8
0
 62
     8
440
 16777216
370
    -2
100
AcDbLine
 10
22901.75863817434
 20
26105.40485153673
 30
0.0
 11
22901.75863817434
 21
27055.46048437276
 31
0.0
  0
LINE
  5
A3C
330
99C
100
AcDbEntity
  8
0
 62
     8
440
 16777216
370
    -2
100
AcDbLine
 10
22201.75863817434
 20
26955.46048437277
 30
0.0
 11
21951.75863817434
 21
26955.46048437277
 31
0.0
  0
LINE
  5
A3D
330
99C
100
AcDbEntity
  8
0
 62
     8
440
 16777216
370
    -2
100
AcDbLine
 10
23151.75863817434
 20
26955.46048437277
 30
0.0
 11
23401.75863817434
 21
26955.46048437277
 31
0.0
  0
INSERT
  5
A3E
330
99C
100
AcDbEntity
  8
0
 62
     8
440
 16777216
370
    -2
100
AcDbBlockReference
  2
DIM1
 10
22451.75863817434
 20
26955.46048437277
 30
0.0
 41
250.0
 42
250.0
 43
250.0
  0
INSERT
  5
A3F
330
99C
100
AcDbEntity
  8
0
 62
     8
440
 16777216
370
    -2
100
AcDbBlockReference
  2
DIM1
 10
22901.75863817434
 20
26955.46048437277
 30
0.0
 41
250.0
 42
250.0
 43
250.0
 50
180.0
  0
MTEXT
  5
A40
330
99C
100
AcDbEntity
  8
0
 62
     3
440
 16777216
100
AcDbMText
 10
22676.75863817434
 20
27180.46048437277
 30
0.0
 40
250.0
 41
0.0
 46
0.0
 71
     5
 72
     1
  1
\A1;T1
  7
ROMANS
 73
     1
 44
1.0
  0
POINT
  5
A41
330
99C
100
AcDbEntity
  8
DEFPOINTS
 62
     0
440
 16777216
100
AcDbPoint
 10
22451.75863817434
 20
26005.40485153672
 30
0.0
  0
POINT
  5
A42
330
99C
100
AcDbEntity
  8
DEFPOINTS
 62
     0
440
 16777216
100
AcDbPoint
 10
22901.75863817434
 20
26005.40485153672
 30
0.0
  0
POINT
  5
A43
330
99C
100
AcDbEntity
  8
DEFPOINTS
 62
     0
440
 16777216
100
AcDbPoint
 10
22901.75863817434
 20
26955.46048437277
 30
0.0
  0
ENDBLK
  5
99E
330
99C
100
AcDbEntity
  8
0
100
AcDbBlockEnd
  0
BLOCK
  5
9BC
330
9BB
100
AcDbEntity
  8
0
100
AcDbBlockBegin
  2
*D34
 70
     1
 10
0.0
 20
0.0
 30
0.0
  3
*D34
  1

  0
LINE
  5
9D0
330
9BB
100
AcDbEntity
  8
0
 62
     8
440
 16777216
370
    -2
100
AcDbLine
 10
6827.950343919448
 20
26005.40485153674
 30
0.0
 11
2755.576042733756
 21
26005.40485153674
 31
0.0
  0
LINE
  5
9D1
330
9BB
100
AcDbEntity
  8
0
 62
     8
440
 16777216
370
    -2
100
AcDbLine
 10
6827.950343919448
 20
21477.3101727263
 30
0.0
 11
2755.576042733758
 21
21477.3101727263
 31
0.0
  0
LINE
  5
9D2
330
9BB
100
AcDbEntity
  8
0
 62
     8
440
 16777216
370
    -2
100
AcDbLine
 10
2855.576042733756
 20
25755.40485153674
 30
0.0
 11
2855.576042733757
 21
21727.3101727263
 31
0.0
  0
INSERT
  5
9D3
330
9BB
100
AcDbEntity
  8
0
 62
     8
440
 16777216
370
    -2
100
AcDbBlockReference
  2
DIM1
 10
2855.576042733756
 20
26005.40485153674
 30
0.0
 41
250.0
 42
250.0
 43
250.0
 50
90.0
  0
INSERT
  5
9D4
330
9BB
100
AcDbEntity
  8
0
 62
     8
440
 16777216
370
    -2
100
AcDbBlockReference
  2
DIM1
 10
2855.576042733757
 20
21477.3101727263
 30
0.0
 41
250.0
 42
250.0
 43
250.0
 50
270.0
  0
MTEXT
  5
9D5
330
9BB
100
AcDbEntity
  8
0
 62
     3
440
 16777216
100
AcDbMText
 10
2630.576042733763
 20
23741.35751213152
 30
0.0
 40
250.0
 41
0.0
 46
0.0
 71
     5
 72
     1
  1
\A1;H1
  7
ROMANS
 11
0.0000000000000001
 21
1.0
 31
0.0
 73
     1
 44
1.0
  0
POINT
  5
9D6
330
9BB
100
AcDbEntity
  8
DEFPOINTS
 62
     0
440
 16777216
100
AcDbPoint
 10
6927.950343919448
 20
26005.40485153674
 30
0.0
  0
POINT
  5
9D7
330
9BB
100
AcDbEntity
  8
DEFPOINTS
 62
     0
440
 16777216
100
AcDbPoint
 10
6927.950343919448
 20
21477.3101727263
 30
0.0
  0
POINT
  5
9D8
330
9BB
100
AcDbEntity
  8
DEFPOINTS
 62
     0
440
 16777216
100
AcDbPoint
 10
2855.576042733757
 20
21477.3101727263
 30
0.0
  0
ENDBLK
  5
9BD
330
9BB
100
AcDbEntity
  8
0
100
AcDbBlockEnd
  0
ENDSEC
  0
SECTION
  2
ENTITIES
  0
LINE
  5
632
102
{ACAD_REACTORS
330
638
102
}
330
1F
100
AcDbEntity
  8
2Y
100
AcDbLine
 10
6927.950343919445
 20
26005.40485153672
 30
0.0
 11
6927.950343919445
 21
20053.66034230967
 31
0.0
  0
LINE
  5
633
102
{ACAD_REACTORS
330
6A4
102
}
330
1F
100
AcDbEntity
  8
2Y
100
AcDbLine
 10
10025.001553925
 20
20053.66034230967
 30
0.0
 11
6927.950343919445
 21
20053.66034230967
 31
0.0
  0
LINE
  5
634
102
{ACAD_REACTORS
330
6B4
102
}
330
1F
100
AcDbEntity
  8
2Y
100
AcDbLine
 10
10025.001553925
 20
20592.6105178104
 30
0.0
 11
7227.950343919445
 21
20592.6105178104
 31
0.0
  0
LINE
  5
635
102
{ACAD_REACTORS
330
684
102
}
330
1F
100
AcDbEntity
  8
2Y
100
AcDbLine
 10
10025.001553925
 20
20053.66034230967
 30
0.0
 11
10025.001553925
 21
20592.6105178104
 31
0.0
  0
DIMENSION
  5
636
102
{ACAD_XDICTIONARY
360
637
102
}
102
{ACAD_REACTORS
330
638
102
}
330
1F
100
AcDbEntity
  8
0
100
AcDbDimension
280
     0
  2
*D34
 10
2855.576042733757
 20
21477.3101727263
 30
0.0
 11
2630.576042733763
 21
23741.35751213152
 31
0.0
 70
    32
  1
H1
 71
     5
 42
4528.094678810437
 73
     0
 74
     0
 75
     0
  3
DIM100
100
AcDbAlignedDimension
 13
6927.950343919445
 23
26005.40485153672
 33
0.0
 14
6927.950343919445
 24
21477.31017272629
 34
0.0
 50
90.0
100
AcDbRotatedDimension
  0
DIMENSION
  5
639
330
1F
100
AcDbEntity
  8
0
100
AcDbDimension
280
     0
  2
*D21
 10
2850.141939972384
 20
20053.66034230968
 30
0.0
 11
2850.141939972389
 21
20765.48525751799
 31
0.0
 70
   160
  1
H2=600MM
 71
     5
 42
1423.649830416616
 73
     0
 74
     0
 75
     0
  3
DIM100
100
AcDbAlignedDimension
 13
3681.001404304661
 23
21477.31017272629
 33
0.0
 14
6927.950343919445
 24
20053.66034230967
 34
0.0
 50
90.0
100
AcDbRotatedDimension
1001
ACAD
1000
DSTYLE
1002
{
1070
   147
1040
0.5
1002
}
  0
LINE
  5
63A
102
{ACAD_REACTORS
330
681
102
}
330
1F
100
AcDbEntity
  8
2Y
100
AcDbLine
 10
6927.950343919445
 20
26005.40485153672
 30
0.0
 11
7527.950343919439
 21
26005.40485153672
 31
0.0
  0
LWPOLYLINE
  5
63B
330
1F
100
AcDbEntity
  8
1R
100
AcDbPolyline
 90
        8
 70
     1
 43
0.0
 10
9925.655020014282
 20
20019.79887940259
 10
9947.868296017304
 20
20049.37214210638
 10
10033.01868441039
 20
20049.37214210638
 10
10036.72140002822
 20
20034.58551075449
 10
10033.01868441039
 20
20001.31547303384
 10
10007.10369869125
 20
19975.43851662988
 10
9992.294848022766
 20
19979.13529164733
 10
9940.463870682769
 20
19982.83206666449
  0
LWPOLYLINE
  5
63C
330
1F
100
AcDbEntity
  8
1R
100
AcDbPolyline
 90
        6
 70
     1
 43
0.0
 10
8024.431045418154
 20
19950.1967667569
 10
7983.70720903053
 20
19968.68017312581
 10
7939.280657025069
 20
19953.89354177435
 10
7931.876231690534
 20
19916.92672903611
 10
7968.898358362043
 20
19902.14009768436
 10
7991.111634364482
 20
19909.53364771883
  0
LWPOLYLINE
  5
63D
330
1F
100
AcDbEntity
  8
1R
100
AcDbPolyline
 90
        6
 70
     1
 43
0.0
 10
7507.462257442544
 20
20008.7237740629
 10
7466.738421054921
 20
20027.20718043224
 10
7422.31186904946
 20
20012.4205490805
 10
7414.907443714925
 20
19975.45373634225
 10
7451.929570386434
 20
19960.66710499036
 10
7474.142846388874
 20
19968.06065502483
  0
LWPOLYLINE
  5
63E
330
1F
100
AcDbEntity
  8
1R
100
AcDbPolyline
 90
        4
 70
     1
 43
0.0
 10
7529.406971842182
 20
19909.96195111568
 10
7507.193695839742
 20
19935.83843880187
 10
7559.024673179156
 20
19943.23198883692
 10
7577.53523356434
 20
19935.83843880187
  0
LWPOLYLINE
  5
63F
330
1F
100
AcDbEntity
  8
1R
100
AcDbPolyline
 90
        7
 70
     1
 43
0.0
 10
8027.826805537349
 20
19944.23182522813
 10
8042.635656205836
 20
19959.01845657944
 10
8083.359492596953
 20
19970.10831291431
 10
8105.572768599975
 20
19947.92813152752
 10
8098.16834326544
 20
19922.05164384134
 10
8057.444506874324
 20
19903.56823747243
 10
8042.635656205836
 20
19914.65809380672
  0
LWPOLYLINE
  5
640
330
1F
100
AcDbEntity
  8
1R
100
AcDbPolyline
 90
        8
 70
     1
 43
0.0
 10
7929.958583594665
 20
20013.33865336735
 10
7952.171859597104
 20
20042.91191607099
 10
8037.32224799077
 20
20042.91191607099
 10
8041.024963608027
 20
20028.1252847191
 10
8037.32224799077
 20
19994.85524699845
 10
8011.407262271053
 20
19968.97829059449
 10
7996.598411602565
 20
19972.67506561209
 10
7944.767434263152
 20
19976.37184062911
  0
LWPOLYLINE
  5
641
330
1F
100
AcDbEntity
  8
1R
100
AcDbPolyline
 90
        8
 70
     1
 43
0.0
 10
8044.979510492659
 20
20012.97906462565
 10
8067.1927864951
 20
20042.55232732929
 10
8152.343174888768
 20
20042.55232732929
 10
8156.045890506023
 20
20027.76569597754
 10
8152.343174888768
 20
19994.49565825674
 10
8126.428189169049
 20
19968.61870185293
 10
8111.619338500561
 20
19972.31547687039
 10
8059.788361161146
 20
19976.0122518874
1001
ACAD
1000
ASC_BOUNDS
1002
{
1070
    19
1002
}
  0
LWPOLYLINE
  5
642
330
1F
100
AcDbEntity
  8
1R
100
AcDbPolyline
 90
        6
 70
     1
 43
0.0
 10
7919.152616714142
 20
20008.6235831305
 10
7878.428780326519
 20
20027.10698949984
 10
7834.002228321057
 20
20012.32035814795
 10
7826.597802986523
 20
19975.35354540971
 10
7863.619929658032
 20
19960.56691405796
 10
7885.833205660471
 20
19967.96046409286
  0
LWPOLYLINE
  5
643
330
1F
100
AcDbEntity
  8
1R
100
AcDbPolyline
 90
        7
 70
     1
 43
0.0
 10
7446.391456086669
 20
19902.77604466198
 10
7431.582605418181
 20
19924.95575733115
 10
7438.987030752135
 20
19943.43916370006
 10
7490.81800809213
 20
19965.61934508641
 10
7501.924143146273
 20
19947.13593871751
 10
7505.626858760617
 20
19924.95575733115
 10
7468.604732089109
 20
19910.16912597941
  0
LWPOLYLINE
  5
644
330
1F
100
AcDbEntity
  8
1R
100
AcDbPolyline
 90
        6
 70
     1
 43
0.0
 10
7444.78312133452
 20
19953.20346284811
 10
7404.059284946896
 20
19971.68686921745
 10
7359.632732941435
 20
19956.90023786571
 10
7352.2283076069
 20
19919.93342512746
 10
7389.250434278409
 20
19905.14679377557
 10
7411.463710280848
 20
19912.54034381004
  0
LWPOLYLINE
  5
645
330
1F
100
AcDbEntity
  8
1R
100
AcDbPolyline
 90
        7
 70
     1
 43
0.0
 10
7861.098286293112
 20
19902.08185364387
 10
7846.289435624625
 20
19924.26156631303
 10
7853.69386095916
 20
19942.74497268194
 10
7905.524838298574
 20
19964.9251540683
 10
7916.630973349224
 20
19946.44174769939
 10
7920.333688967061
 20
19924.26156631303
 10
7883.311562296134
 20
19909.47493496129
  0
LWPOLYLINE
  5
646
330
1F
100
AcDbEntity
  8
1R
100
AcDbPolyline
 90
        6
 70
     1
 43
0.0
 10
7607.517136171359
 20
20030.23899069349
 10
7566.793299783734
 20
20048.72239706283
 10
7522.366747778272
 20
20033.93576571109
 10
7514.962322443738
 20
19996.96895297284
 10
7551.984449115247
 20
19982.18232162095
 10
7574.197725117686
 20
19989.57587165542
  0
LWPOLYLINE
  5
647
330
1F
100
AcDbEntity
  8
1R
100
AcDbPolyline
 90
        5
 70
     1
 43
0.0
 10
7530.264129721224
 20
19944.43755539593
 10
7500.64642838425
 20
19966.61773678229
 10
7522.859704387272
 20
19981.40436813418
 10
7548.77469010641
 20
19977.70759311658
 10
7545.072980389711
 20
19948.13433041294
  0
LWPOLYLINE
  5
648
330
1F
100
AcDbEntity
  8
1R
100
AcDbPolyline
 90
        6
 70
     1
 43
0.0
 10
8806.587921488928
 20
19968.11413684443
 10
8765.864085101304
 20
19986.59754321377
 10
8721.437533095842
 20
19971.81091186188
 10
8714.03310776189
 20
19934.84409912363
 10
8751.055234432817
 20
19920.05746777189
 10
8773.268510435839
 20
19927.45101780679
  0
LWPOLYLINE
  5
649
330
1F
100
AcDbEntity
  8
1R
100
AcDbPolyline
 90
        6
 70
     1
 43
0.0
 10
7849.724354345366
 20
19956.18157922129
 10
7809.000517957741
 20
19974.66498559063
 10
7764.57396595228
 20
19959.87835423875
 10
7757.169540617745
 20
19922.9115415005
 10
7794.191667289254
 20
19908.12491014875
 10
7816.404943291693
 20
19915.51846018366
  0
LWPOLYLINE
  5
64A
330
1F
100
AcDbEntity
  8
1R
100
AcDbPolyline
 90
        8
 70
     1
 43
0.0
 10
8470.35185804464
 20
19966.08288988502
 10
8492.565134047662
 20
19995.65615258866
 10
8577.715522440746
 20
19995.65615258866
 10
8581.418238058585
 20
19980.86952123691
 10
8577.715522440746
 20
19947.59948351612
 10
8551.800536721611
 20
19921.72252711231
 10
8536.991686053124
 20
19925.41930212976
 10
8485.160708713127
 20
19929.11607714678
1001
ACAD
1000
ASC_BOUNDS
1002
{
1070
    19
1002
}
  0
LWPOLYLINE
  5
64B
330
1F
100
AcDbEntity
  8
1R
100
AcDbPolyline
 90
        6
 70
     1
 43
0.0
 10
8710.807246071068
 20
19950.27888916935
 10
8670.083409683444
 20
19968.76229553826
 10
8625.656857677983
 20
19953.97566418681
 10
8618.252432343448
 20
19917.00885144856
 10
8655.274559014957
 20
19902.22222009682
 10
8677.487835017396
 20
19909.61577013128
  0
LWPOLYLINE
  5
64C
330
1F
100
AcDbEntity
  8
1R
100
AcDbPolyline
 90
        8
 70
     1
 43
0.0
 10
8778.195105799838
 20
20018.12570566206
 10
8800.408381802858
 20
20047.69896836569
 10
8885.558770195945
 20
20047.69896836569
 10
8889.261485813781
 20
20032.9123370138
 10
8885.558770195945
 20
19999.64229929315
 10
8859.643784476807
 20
19973.7653428892
 10
8844.83493380832
 20
19977.4621179068
 10
8793.003956468325
 20
19981.15889292381
  0
LWPOLYLINE
  5
64D
330
1F
100
AcDbEntity
  8
1R
100
AcDbPolyline
 90
        8
 70
     1
 43
0.0
 10
8240.17216911471
 20
19952.13222052942
 10
8262.38544511715
 20
19981.70548323305
 10
8347.535833510818
 20
19981.70548323305
 10
8351.238549128073
 20
19966.91885188116
 10
8347.535833510818
 20
19933.64881416051
 10
8321.620847791098
 20
19907.77185775656
 10
8306.811997122611
 20
19911.46863277416
 10
8254.981019783198
 20
19915.16540779117
  0
LWPOLYLINE
  5
64E
330
1F
100
AcDbEntity
  8
1R
100
AcDbPolyline
 90
        8
 70
     1
 43
0.0
 10
8573.825880337986
 20
20020.51573962825
 10
8596.039156341008
 20
20050.08900233203
 10
8681.189544734094
 20
20050.08900233203
 10
8684.892260351931
 20
20035.30237098014
 10
8681.189544734094
 20
20002.03233325949
 10
8655.274559014957
 20
19976.15537685554
 10
8640.46570834647
 20
19979.85215187299
 10
8588.634731006473
 20
19983.54892689015
  0
LWPOLYLINE
  5
64F
330
1F
100
AcDbEntity
  8
1R
100
AcDbPolyline
 90
        6
 70
     1
 43
0.0
 10
8464.174553202246
 20
19953.845653741
 10
8423.450716814624
 20
19972.32906010991
 10
8379.024164809163
 20
19957.54242875845
 10
8371.619739474628
 20
19920.57561602021
 10
8408.641866146137
 20
19905.78898466846
 10
8430.855142148576
 20
19913.18253470293
  0
LWPOLYLINE
  5
650
330
1F
100
AcDbEntity
  8
1R
100
AcDbPolyline
 90
        7
 70
     1
 43
0.0
 10
8691.628504638226
 20
20022.47010423976
 10
8706.437355306713
 20
20037.25673559106
 10
8747.161191694337
 20
20048.34659192594
 10
8769.374467697359
 20
20026.16641053915
 10
8761.970042362824
 20
20000.28992285296
 10
8721.2462059752
 20
19981.80651648406
 10
8706.437355306713
 20
19992.89637281835
  0
LWPOLYLINE
  5
651
330
1F
100
AcDbEntity
  8
1R
100
AcDbPolyline
 90
        8
 70
     1
 43
0.0
 10
8358.502447277439
 20
20018.86901416946
 10
8380.715723280459
 20
20048.44227687324
 10
8465.866111673546
 20
20048.44227687324
 10
8469.568827291382
 20
20033.65564552135
 10
8465.866111673546
 20
20000.3856078007
 10
8439.951125954408
 20
19974.50865139675
 10
8425.142275285921
 20
19978.2054264142
 10
8373.311297945926
 20
19981.90220143136
  0
LWPOLYLINE
  5
652
330
1F
100
AcDbEntity
  8
1R
100
AcDbPolyline
 90
        4
 70
     1
 43
0.0
 10
7407.406098755906
 20
20015.03415612922
 10
7385.192822753467
 20
20040.9106438154
 10
7437.02380009288
 20
20048.30419385045
 10
7455.534360478065
 20
20040.9106438154
  0
LWPOLYLINE
  5
653
330
1F
100
AcDbEntity
  8
1R
100
AcDbPolyline
 90
        7
 70
     1
 43
0.0
 10
7026.505747102216
 20
19986.32194971479
 10
7011.696896433729
 20
20008.50166238396
 10
7019.101321767681
 20
20026.98506875286
 10
7070.932299107678
 20
20049.16525013922
 10
7082.038434158326
 20
20030.68184377031
 10
7085.741149776165
 20
20008.50166238396
 10
7048.719023104656
 20
19993.71503103221
  0
LWPOLYLINE
  5
654
330
1F
100
AcDbEntity
  8
1R
100
AcDbPolyline
 90
        6
 70
     1
 43
0.0
 10
7021.195188510479
 20
20034.01822472608
 10
6980.47135211878
 20
20052.50163109542
 10
6936.044800113319
 20
20037.71499974367
 10
6928.640374779367
 20
20000.74818700543
 10
6965.662501450293
 20
19985.96155565353
 10
6987.875777453315
 20
19993.355105688
  0
LWPOLYLINE
  5
655
330
1F
100
AcDbEntity
  8
1R
100
AcDbPolyline
 90
        6
 70
     1
 43
0.0
 10
7340.073114554063
 20
19961.97901252025
 10
7299.349278165857
 20
19980.46241888959
 10
7254.922726160396
 20
19965.67578753784
 10
7247.518300826444
 20
19928.7089747996
 10
7284.54042749737
 20
19913.92234344771
 10
7306.753703500392
 20
19921.31589348218
  0
LWPOLYLINE
  5
656
330
1F
100
AcDbEntity
  8
1R
100
AcDbPolyline
 90
        7
 70
     1
 43
0.0
 10
7585.580897998196
 20
19933.58691957708
 10
7570.772047329708
 20
19955.76663224625
 10
7578.176472663661
 20
19974.25003861516
 10
7630.007450003657
 20
19996.43022000151
 10
7641.113585054307
 20
19977.94681363261
 10
7644.816300672144
 20
19955.76663224625
 10
7607.794174000635
 20
19940.98000089451
  0
LWPOLYLINE
  5
657
330
1F
100
AcDbEntity
  8
1R
100
AcDbPolyline
 90
        6
 70
     1
 43
0.0
 10
7115.357845211999
 20
20008.50166238396
 10
7093.145575110117
 20
20041.77170010475
 10
7111.656135495301
 20
20052.86202515681
 10
7152.379971882925
 20
20045.46847512176
 10
7185.700388837736
 20
20045.46847512176
 10
7163.487112835297
 20
20030.68184377031
  0
LWPOLYLINE
  5
658
330
1F
100
AcDbEntity
  8
1R
100
AcDbPolyline
 90
        6
 70
     1
 43
0.0
 10
7340.438654140351
 20
20032.42411252108
 10
7299.714817749235
 20
20050.90751889042
 10
7255.288265747265
 20
20036.12088753853
 10
7247.883840412732
 20
19999.15407480028
 10
7284.905967080748
 20
19984.36744344854
 10
7307.119243083187
 20
19991.76099348344
  0
LWPOLYLINE
  5
659
330
1F
100
AcDbEntity
  8
1R
100
AcDbPolyline
 90
        8
 70
     1
 43
0.0
 10
7642.985134669944
 20
19949.50214801795
 10
7665.198410672966
 20
19979.07541072158
 10
7750.34879906605
 20
19979.07541072158
 10
7754.051514683888
 20
19964.28877936984
 10
7750.34879906605
 20
19931.01874164904
 10
7724.433813346914
 20
19905.14178524523
 10
7709.624962678427
 20
19908.83856026225
 10
7657.793985338431
 20
19912.5353352797
  0
LWPOLYLINE
  5
65A
330
1F
100
AcDbEntity
  8
1R
100
AcDbPolyline
 90
        6
 70
     1
 43
0.0
 10
8196.907446711689
 20
19951.08471534194
 10
8156.183610323482
 20
19969.56812171084
 10
8111.757058318021
 20
19954.78149035939
 10
8104.352632984067
 20
19917.81467762114
 10
8141.374759654995
 20
19903.0280462694
 10
8163.588035658015
 20
19910.42159630386
  0
LWPOLYLINE
  5
65B
330
1F
100
AcDbEntity
  8
1R
100
AcDbPolyline
 90
        7
 70
     1
 43
0.0
 10
7329.968315728605
 20
20000.12810311262
 10
7344.777166397093
 20
20014.91473446393
 10
7385.501002784717
 20
20026.0045907988
 10
7407.714278787157
 20
20003.82440941201
 10
7400.309853453205
 20
19977.94792172582
 10
7359.58601706558
 20
19959.46451535692
 10
7344.777166397093
 20
19970.55437169121
  0
LWPOLYLINE
  5
65C
330
1F
100
AcDbEntity
  8
1R
100
AcDbPolyline
 90
        8
 70
     1
 43
0.0
 10
7720.732103630216
 20
20019.73899847685
 10
7742.945379632657
 20
20049.31226118062
 10
7828.095768026324
 20
20049.31226118062
 10
7831.79848364358
 20
20034.52562982873
 10
7828.095768026324
 20
20001.25559210808
 10
7802.180782306606
 20
19975.37863570413
 10
7787.371931638118
 20
19979.07541072158
 10
7735.540954298703
 20
19982.77218573874
  0
LWPOLYLINE
  5
65D
330
1F
100
AcDbEntity
  8
1R
100
AcDbPolyline
 90
        8
 70
     1
 43
0.0
 10
6927.950343919445
 20
19950.50912437651
 10
6950.163619921885
 20
19980.08238708029
 10
7035.314008319045
 20
19980.08238708029
 10
7039.016723932808
 20
19965.2957557284
 10
7035.314008319045
 20
19932.02571800775
 10
7009.399022595833
 20
19906.1487616038
 10
6994.590171927346
 20
19909.84553662125
 10
6942.759194587933
 20
19913.54231163841
  0
LWPOLYLINE
  5
65E
330
1F
100
AcDbEntity
  8
1R
100
AcDbPolyline
 90
        7
 70
     1
 43
0.0
 10
7170.051847928451
 20
20024.93121028906
 10
7184.860698596938
 20
20039.71784164037
 10
7225.584534984562
 20
20050.80769797524
 10
7247.797810987584
 20
20028.62751658845
 10
7240.39338565305
 20
20002.75102890227
 10
7199.669549265426
 20
19984.26762253336
 10
7184.860698596938
 20
19995.35747886765
  0
LWPOLYLINE
  5
65F
330
1F
100
AcDbEntity
  8
1R
100
AcDbPolyline
 90
        6
 70
     1
 43
0.0
 10
7137.249600696508
 20
19972.58367857834
 10
7096.525764304811
 20
19991.06708494724
 10
7052.099212299349
 20
19976.28045359579
 10
7044.694786965395
 20
19939.31364085754
 10
7081.716913636324
 20
19924.5270095058
 10
7103.930189639344
 20
19931.92055954026
  0
LWPOLYLINE
  5
660
330
1F
100
AcDbEntity
  8
1R
100
AcDbPolyline
 90
        8
 70
     1
 43
0.0
 10
7137.249600696508
 20
19950.40349719198
 10
7159.462876698949
 20
19979.97675989561
 10
7244.613265092616
 20
19979.97675989561
 10
7248.315980709872
 20
19965.19012854387
 10
7244.613265092616
 20
19931.92009082308
 10
7218.698279372897
 20
19906.04313441927
 10
7203.88942870441
 20
19909.73990943672
 10
7152.058451364995
 20
19913.43668445374
  0
LWPOLYLINE
  5
661
330
1F
100
AcDbEntity
  8
1R
100
AcDbPolyline
 90
        8
 70
     1
 43
0.0
 10
8157.064848003924
 20
20012.88368286532
 10
8179.278124006364
 20
20042.45694556896
 10
8264.428512399449
 20
20042.45694556896
 10
8268.131228017287
 20
20027.67031421721
 10
8264.428512399449
 20
19994.40027649642
 10
8238.513526680312
 20
19968.52332009261
 10
8223.704676011825
 20
19972.22009511006
 10
8171.873698672412
 20
19975.91687012707
1001
ACAD
1000
ASC_BOUNDS
1002
{
1070
    19
1002
}
  0
LWPOLYLINE
  5
662
330
1F
100
AcDbEntity
  8
1R
100
AcDbPolyline
 90
        7
 70
     1
 43
0.0
 10
7654.159734795001
 20
19984.8740770606
 10
7639.350884126514
 20
20007.05378972977
 10
7646.755309460466
 20
20025.53719609867
 10
7698.586286800463
 20
20047.71737748503
 10
7709.692421851112
 20
20029.23397111612
 10
7713.39513746895
 20
20007.05378972977
 10
7676.373010797441
 20
19992.26715837802
  0
LWPOLYLINE
  5
663
330
1F
100
AcDbEntity
  8
1R
100
AcDbPolyline
 90
        8
 70
     1
 43
0.0
 10
9829.115877965131
 20
19956.81845522598
 10
9851.32915396757
 20
19986.39171792962
 10
9936.479542361238
 20
19986.39171792962
 10
9940.182257978493
 20
19971.60508657787
 10
9936.479542361238
 20
19938.33504885708
 10
9910.564556641519
 20
19912.45809245327
 10
9895.755705973032
 20
19916.15486747072
 10
9843.924728633618
 20
19919.85164248774
1001
ACAD
1000
ASC_BOUNDS
1002
{
1070
    19
1002
}
  0
LWPOLYLINE
  5
664
330
1F
100
AcDbEntity
  8
1R
100
AcDbPolyline
 90
        7
 70
     1
 43
0.0
 10
8277.811292451238
 20
20022.15016900776
 10
8292.620143119725
 20
20036.93680035907
 10
8333.34397950735
 20
20048.02665669395
 10
8355.557255510372
 20
20025.84647530715
 10
8348.152830175838
 20
19999.96998762097
 10
8307.428993788212
 20
19981.48658125206
 10
8292.620143119725
 20
19992.57643758636
  0
LWPOLYLINE
  5
665
330
1F
100
AcDbEntity
  8
1R
100
AcDbPolyline
 90
        7
 70
     1
 43
0.0
 10
9012.134238540907
 20
20022.32981178507
 10
9026.943089209394
 20
20037.11644313638
 10
9067.66692559702
 20
20048.20629947126
 10
9089.880201600042
 20
20026.02611808446
 10
9082.475776265507
 20
20000.14963039828
 10
9041.751939877881
 20
19981.66622402937
 10
9026.943089209394
 20
19992.75608036366
  0
LWPOLYLINE
  5
666
330
1F
100
AcDbEntity
  8
1R
100
AcDbPolyline
 90
        8
 70
     1
 43
0.0
 10
8894.33161424067
 20
20020.37544717357
 10
8916.54489024369
 20
20049.94870987735
 10
9001.695278636777
 20
20049.94870987735
 10
9005.397994254613
 20
20035.16207852546
 10
9001.695278636777
 20
20001.89204080481
 10
8975.780292917638
 20
19976.01508440085
 10
8960.971442249151
 20
19979.7118594183
 10
8909.140464909157
 20
19983.40863443546
  0
LWPOLYLINE
  5
667
330
1F
100
AcDbEntity
  8
1R
100
AcDbPolyline
 90
        8
 70
     1
 43
0.0
 10
9098.700839702521
 20
20017.98541320737
 10
9120.914115705543
 20
20047.55867591101
 10
9206.064504098627
 20
20047.55867591101
 10
9209.767219716466
 20
20032.77204455912
 10
9206.064504098627
 20
19999.50200683847
 10
9180.149518379492
 20
19973.62505043451
 10
9165.340667711005
 20
19977.32182545211
 10
9113.509690371008
 20
19981.01860046913
  0
LWPOLYLINE
  5
668
330
1F
100
AcDbEntity
  8
1R
100
AcDbPolyline
 90
        6
 70
     1
 43
0.0
 10
9031.312979973751
 20
19950.13859671467
 10
8990.589143586126
 20
19968.62200308357
 10
8946.162591580664
 20
19953.83537173212
 10
8938.758166246131
 20
19916.86855899387
 10
8975.780292917638
 20
19902.08192764213
 10
8997.99356892008
 20
19909.4754776766
  0
LWPOLYLINE
  5
669
330
1F
100
AcDbEntity
  8
1R
100
AcDbPolyline
 90
        6
 70
     1
 43
0.0
 10
9127.093655391611
 20
19967.97384438974
 10
9086.369819003987
 20
19986.45725075908
 10
9041.943266998526
 20
19971.67061940719
 10
9034.538841664573
 20
19934.70380666895
 10
9071.5609683355
 20
19919.9171753172
 10
9093.774244338522
 20
19927.31072535211
  0
LWPOLYLINE
  5
66A
330
1F
100
AcDbEntity
  8
1R
100
AcDbPolyline
 90
        8
 70
     1
 43
0.0
 10
8799.629892667072
 20
19942.13638313416
 10
8821.843168669511
 20
19971.7096458378
 10
8906.993557063179
 20
19971.7096458378
 10
8910.696272680434
 20
19956.92301448591
 10
8906.993557063179
 20
19923.65297676526
 10
8881.07857134346
 20
19897.77602036131
 10
8866.269720674972
 20
19901.4727953789
 10
8814.438743335559
 20
19905.16957039592
  0
LWPOLYLINE
  5
66B
330
1F
100
AcDbEntity
  8
1R
100
AcDbPolyline
 90
        6
 70
     1
 43
0.0
 10
9210.842479667292
 20
19949.92017298985
 10
9170.118643279668
 20
19968.40357935919
 10
9125.692091274206
 20
19953.61694800731
 10
9118.287665940254
 20
19916.65013526906
 10
9155.309792611181
 20
19901.86350391732
 10
9177.523068614203
 20
19909.25705395222
  0
LWPOLYLINE
  5
66C
330
1F
100
AcDbEntity
  8
1R
100
AcDbPolyline
 90
        8
 70
     1
 43
0.0
 10
9451.308727864306
 20
19944.5128004456
 10
9473.522003866746
 20
19974.08606314923
 10
9558.672392260415
 20
19974.08606314923
 10
9562.375107877668
 20
19959.29943179734
 10
9558.672392260415
 20
19926.02939407669
 10
9532.757406540694
 20
19900.15243767274
 10
9517.948555872207
 20
19903.84921269033
 10
9466.117578532793
 20
19907.54598770735
  0
LWPOLYLINE
  5
66D
330
1F
100
AcDbEntity
  8
1R
100
AcDbPolyline
 90
        6
 70
     1
 43
0.0
 10
9778.772490588847
 20
19970.35026170117
 10
9738.048654201222
 20
19988.83366807051
 10
9693.62210219576
 20
19974.04703671863
 10
9686.217676861808
 20
19937.08022398038
 10
9723.239803532734
 20
19922.29359262864
 10
9745.453079535757
 20
19929.68714266354
  0
LWPOLYLINE
  5
66E
330
1F
100
AcDbEntity
  8
1R
100
AcDbPolyline
 90
        6
 70
     1
 43
0.0
 10
9682.991815170986
 20
19952.5150140261
 10
9642.267978783364
 20
19970.99842039501
 10
9597.841426777902
 20
19956.21178904355
 10
9590.437001443367
 20
19919.24497630531
 10
9627.459128114876
 20
19904.45834495356
 10
9649.672404117316
 20
19911.85189498803
  0
LWPOLYLINE
  5
66F
330
1F
100
AcDbEntity
  8
1R
100
AcDbPolyline
 90
        8
 70
     1
 43
0.0
 10
9750.379674899756
 20
20020.36183051881
 10
9772.592950902778
 20
20049.93509322244
 10
9857.743339295863
 20
20049.93509322244
 10
9861.446054913701
 20
20035.14846187055
 10
9857.743339295863
 20
20001.8784241499
 10
9831.828353576726
 20
19976.00146774595
 10
9817.019502908239
 20
19979.69824276354
 10
9765.188525568243
 20
19983.39501778056
  0
LWPOLYLINE
  5
670
330
1F
100
AcDbEntity
  8
1R
100
AcDbPolyline
 90
        8
 70
     1
 43
0.0
 10
9546.010449437906
 20
20022.751864485
 10
9568.223725440928
 20
20052.32512718878
 10
9653.374113834011
 20
20052.32512718878
 10
9657.076829451851
 20
20037.53849583689
 10
9653.374113834011
 20
20004.26845811624
 10
9627.459128114876
 20
19978.39150171228
 10
9612.650277446389
 20
19982.08827672973
 10
9560.819300106393
 20
19985.7850517469
  0
LWPOLYLINE
  5
671
330
1F
100
AcDbEntity
  8
1R
100
AcDbPolyline
 90
        7
 70
     1
 43
0.0
 10
9663.813073738143
 20
20024.70622909651
 10
9678.62192440663
 20
20039.49286044781
 10
9719.345760794254
 20
20050.58271678269
 10
9741.559036797276
 20
20028.40253539589
 10
9734.154611462741
 20
20002.52604770971
 10
9693.430775075118
 20
19984.0426413408
 10
9678.62192440663
 20
19995.1324976751
  0
LWPOLYLINE
  5
672
330
1F
100
AcDbEntity
  8
1R
100
AcDbPolyline
 90
        7
 70
     1
 43
0.0
 10
9343.30733983546
 20
20024.84652155119
 10
9358.116190503947
 20
20039.6331529025
 10
9398.840026891573
 20
20050.72300923737
 10
9421.053302894595
 20
20028.54282785058
 10
9413.64887756006
 20
20002.6663401644
 10
9372.925041172434
 20
19984.18293379549
 10
9358.116190503947
 20
19995.27279012978
  0
LWPOLYLINE
  5
673
330
1F
100
AcDbEntity
  8
1R
100
AcDbPolyline
 90
        8
 70
     1
 43
0.0
 10
9225.504715535222
 20
20022.89215693969
 10
9247.717991538243
 20
20052.46541964346
 10
9332.86837993133
 20
20052.46541964346
 10
9336.571095549166
 20
20037.67878829157
 10
9332.86837993133
 20
20004.40875057093
 10
9306.953394212191
 20
19978.53179416697
 10
9292.144543543704
 20
19982.22856918442
 10
9240.31356620371
 20
19985.92534420158
  0
LWPOLYLINE
  5
674
330
1F
100
AcDbEntity
  8
1R
100
AcDbPolyline
 90
        8
 70
     1
 43
0.0
 10
9429.873940997074
 20
20020.50212297349
 10
9452.087217000096
 20
20050.07538567713
 10
9537.23760539318
 20
20050.07538567713
 10
9540.940321011019
 20
20035.28875432524
 10
9537.23760539318
 20
20002.01871660459
 10
9511.322619674045
 20
19976.14176020063
 10
9496.513769005558
 20
19979.83853521823
 10
9444.682791665561
 20
19983.53531023525
  0
LWPOLYLINE
  5
675
330
1F
100
AcDbEntity
  8
1R
100
AcDbPolyline
 90
        6
 70
     1
 43
0.0
 10
9362.486081268304
 20
19952.65530648079
 10
9321.762244880678
 20
19971.13871284969
 10
9277.335692875217
 20
19956.35208149824
 10
9269.931267540684
 20
19919.38526875999
 10
9306.953394212191
 20
19904.59863740825
 10
9329.166670214632
 20
19911.99218744272
  0
LWPOLYLINE
  5
676
330
1F
100
AcDbEntity
  8
1R
100
AcDbPolyline
 90
        6
 70
     1
 43
0.0
 10
9458.266756686164
 20
19970.49055415586
 10
9417.54292029854
 20
19988.9739605252
 10
9373.116368293079
 20
19974.18732917331
 10
9365.711942959126
 20
19937.22051643507
 10
9402.734069630053
 20
19922.43388508332
 10
9424.947345633075
 20
19929.82743511823
  0
LWPOLYLINE
  5
677
330
1F
100
AcDbEntity
  8
1R
100
AcDbPolyline
 90
        7
 70
     1
 43
0.0
 10
9753.625425004299
 20
19936.29289763315
 10
9768.434275672786
 20
19951.07952898446
 10
9809.15811206041
 20
19962.16938531933
 10
9831.371388063431
 20
19939.98920393254
 10
9823.966962728897
 20
19914.11271624636
 10
9783.243126341274
 20
19895.62930987745
 10
9768.434275672786
 20
19906.71916621175
  0
HATCH
  5
678
330
1F
100
AcDbEntity
  8
1R
100
AcDbHatch
 10
0.0
 20
0.0
 30
0.0
210
0.0
220
0.0
230
1.0
  2
EARTH
 70
     0
 71
     0
 91
        1
 92
        7
 72
     0
 73
     1
 93
        4
 10
9096.433956676534
 20
19748.79893892432
 10
10019.07770543582
 20
19914.98794923084
 10
6933.441254755897
 20
19915.27188314694
 10
6942.51954072997
 20
19783.39469813091
 97
        0
 75
     0
 76
     1
 52
45.0
 41
400.0
 77
     0
 78
     6
 53
45.0
 43
-23151.05383940261
 44
16492.68917149363
 45
0.0000000000000142
 46
141.4213562373095
 79
     2
 49
100.0
 49
-100.0
 53
45.0
 43
-23177.5703436971
 44
16519.20567578812
 45
0.0000000000000142
 46
141.4213562373095
 79
     2
 49
100.0
 49
-100.0
 53
45.0
 43
-23204.0868479916
 44
16545.72218008261
 45
0.0000000000000142
 46
141.4213562373095
 79
     2
 49
100.0
 49
-100.0
 53
135.0
 43
-23204.0868479916
 44
16563.39984961228
 45
-141.4213562373095
 46
0.0000000000000142
 79
     2
 49
100.0
 49
-100.0
 53
135.0
 43
-23177.5703436971
 44
16589.91635390678
 45
-141.4213562373095
 46
0.0000000000000142
 79
     2
 49
100.0
 49
-100.0
 53
135.0
 43
-23151.05383940261
 44
16616.43285820127
 45
-141.4213562373095
 46
0.0000000000000142
 79
     2
 49
100.0
 49
-100.0
 47
1.758902107413685
 98
        1
 10
8574.486113561624
 20
19789.10958462296
  0
HATCH
  5
679
330
1F
100
AcDbEntity
  8
1R
100
AcDbHatch
 10
0.0
 20
0.0
 30
0.0
210
0.0
220
0.0
230
1.0
  2
EARTH
 70
     0
 71
     0
 91
        1
 92
        7
 72
     0
 73
     1
 93
        3
 10
3654.838040165233
 20
21477.31017272629
 10
6927.950343919438
 20
21155.80592466414
 10
6927.950343919438
 20
21477.31017272629
 97
        0
 75
     0
 76
     1
 52
45.0
 41
400.0
 77
     0
 78
     6
 53
45.0
 43
-23151.05383940261
 44
14924.68101939218
 45
0.0000000000000142
 46
141.4213562373095
 79
     2
 49
100.0
 49
-100.0
 53
45.0
 43
-23177.5703436971
 44
14951.19752368667
 45
0.0000000000000142
 46
141.4213562373095
 79
     2
 49
100.0
 49
-100.0
 53
45.0
 43
-23204.0868479916
 44
14977.71402798116
 45
0.0000000000000142
 46
141.4213562373095
 79
     2
 49
100.0
 49
-100.0
 53
135.0
 43
-23204.0868479916
 44
14995.39169751083
 45
-141.4213562373095
 46
0.0000000000000142
 79
     2
 49
100.0
 49
-100.0
 53
135.0
 43
-23177.5703436971
 44
15021.90820180532
 45
-141.4213562373095
 46
0.0000000000000142
 79
     2
 49
100.0
 49
-100.0
 53
135.0
 43
-23151.05383940261
 44
15048.42470609982
 45
-141.4213562373095
 46
0.0000000000000142
 79
     2
 49
100.0
 49
-100.0
 47
2.656547334897582
 98
        1
 10
6528.952946560879
 20
21346.53712006495
  0
HATCH
  5
67A
330
1F
100
AcDbEntity
  8
1R
100
AcDbHatch
 10
0.0
 20
0.0
 30
0.0
210
0.0
220
0.0
230
1.0
  2
EARTH
 70
     0
 71
     0
 91
        1
 92
        7
 72
     0
 73
     1
 93
        4
 10
6927.950343919438
 20
21155.80592466414
 10
6712.057325663183
 20
21177.01220054313
 10
6852.478059773078
 20
20238.90472929435
 10
6927.950343919445
 20
19943.32408492153
 97
        0
 75
     0
 76
     1
 52
45.0
 41
400.0
 77
     0
 78
     6
 53
45.0
 43
-23151.05383940261
 44
14924.68101939218
 45
0.0000000000000142
 46
141.4213562373095
 79
     2
 49
100.0
 49
-100.0
 53
45.0
 43
-23177.5703436971
 44
14951.19752368667
 45
0.0000000000000142
 46
141.4213562373095
 79
     2
 49
100.0
 49
-100.0
 53
45.0
 43
-23204.0868479916
 44
14977.71402798116
 45
0.0000000000000142
 46
141.4213562373095
 79
     2
 49
100.0
 49
-100.0
 53
135.0
 43
-23204.0868479916
 44
14995.39169751083
 45
-141.4213562373095
 46
0.0000000000000142
 79
     2
 49
100.0
 49
-100.0
 53
135.0
 43
-23177.5703436971
 44
15021.90820180532
 45
-141.4213562373095
 46
0.0000000000000142
 79
     2
 49
100.0
 49
-100.0
 53
135.0
 43
-23151.05383940261
 44
15048.42470609982
 45
-141.4213562373095
 46
0.0000000000000142
 79
     2
 49
100.0
 49
-100.0
 47
2.131169487840614
 98
        1
 10
6870.869593796509
 20
20736.01426776011
  0
LINE
  5
67B
330
1F
100
AcDbEntity
  8
8G
100
AcDbLine
 10
6927.950343919438
 20
21477.31017272629
 30
0.0
 11
3474.075079745628
 21
21477.31017272629
 31
0.0
  0
LINE
  5
67C
330
1F
100
AcDbEntity
  8
8G
100
AcDbLine
 10
7527.950343919439
 20
26005.40485153672
 30
0.0
 11
10514.83572725991
 21
26005.40485153672
 31
0.0
  0
HATCH
  5
67D
330
1F
100
AcDbEntity
  8
1R
100
AcDbHatch
 10
0.0
 20
0.0
 30
0.0
210
0.0
220
0.0
230
1.0
  2
EARTH
 70
     0
 71
     0
 91
        1
 92
        7
 72
     0
 73
     1
 93
        3
 10
9197.005128128767
 20
26005.40485153672
 10
7227.950343919445
 20
26005.40485153672
 10
7227.950343919438
 20
25640.99932383794
 97
        0
 75
     0
 76
     1
 52
45.0
 41
400.0
 77
     0
 78
     6
 53
45.0
 43
-23451.05383940261
 44
8294.468174817673
 45
0.0000000000000142
 46
141.4213562373095
 79
     2
 49
100.0
 49
-100.0
 53
45.0
 43
-23477.5703436971
 44
8320.984679112168
 45
0.0000000000000142
 46
141.4213562373095
 79
     2
 49
100.0
 49
-100.0
 53
45.0
 43
-23504.08684799159
 44
8347.501183406661
 45
0.0000000000000142
 46
141.4213562373095
 79
     2
 49
100.0
 49
-100.0
 53
135.0
 43
-23504.08684799159
 44
8365.178852936326
 45
-141.4213562373095
 46
0.0000000000000142
 79
     2
 49
100.0
 49
-100.0
 53
135.0
 43
-23477.5703436971
 44
8391.695357230823
 45
-141.4213562373095
 46
0.0000000000000142
 79
     2
 49
100.0
 49
-100.0
 53
135.0
 43
-23451.05383940261
 44
8418.211861525318
 45
-141.4213562373095
 46
0.0000000000000142
 79
     2
 49
100.0
 49
-100.0
 47
5.536943962507851
 98
        1
 10
8090.905818888845
 20
25878.61949195721
  0
HATCH
  5
67E
330
1F
100
AcDbEntity
  8
1R
100
AcDbHatch
 10
0.0
 20
0.0
 30
0.0
210
0.0
220
0.0
230
1.0
  2
EARTH
 70
     0
 71
     0
 91
        1
 92
        7
 72
     0
 73
     1
 93
        3
 10
7633.547643920647
 20
23730.63196154356
 10
7227.950343919445
 20
23998.24122348396
 10
7227.950343919445
 20
21660.88144612154
 97
        0
 75
     0
 76
     1
 52
45.0
 41
400.0
 77
     0
 78
     6
 53
45.0
 43
-23451.05383940261
 44
7145.67512210946
 45
0.0000000000000142
 46
141.4213562373095
 79
     2
 49
100.0
 49
-100.0
 53
45.0
 43
-23477.5703436971
 44
7172.191626403954
 45
0.0000000000000142
 46
141.4213562373095
 79
     2
 49
100.0
 49
-100.0
 53
45.0
 43
-23504.08684799159
 44
7198.708130698448
 45
0.0000000000000142
 46
141.4213562373095
 79
     2
 49
100.0
 49
-100.0
 53
135.0
 43
-23504.08684799159
 44
7216.385800228112
 45
-141.4213562373095
 46
0.0000000000000142
 79
     2
 49
100.0
 49
-100.0
 53
135.0
 43
-23477.5703436971
 44
7242.90230452261
 45
-141.4213562373095
 46
0.0000000000000142
 79
     2
 49
100.0
 49
-100.0
 53
135.0
 43
-23451.05383940261
 44
7269.418808817103
 45
-141.4213562373095
 46
0.0000000000000142
 79
     2
 49
100.0
 49
-100.0
 47
5.536943962507851
 98
        1
 10
7414.819847730527
 20
23500.62491149089
  0
DIMENSION
  5
67F
102
{ACAD_XDICTIONARY
360
680
102
}
102
{ACAD_REACTORS
330
681
102
}
330
1F
100
AcDbEntity
  8
0
100
AcDbDimension
280
     0
  2
*D22
 10
7227.950343919445
 20
26955.46048437277
 30
0.0
 11
7077.950343919446
 21
26955.46048437277
 31
0.0
 70
   160
  1
T1
 71
     5
 42
300.0
 73
     0
 74
     0
 75
     0
  3
DIM100
100
AcDbAlignedDimension
 13
6927.950343919445
 23
26005.40485153672
 33
0.0
 14
7227.950343919445
 24
26005.40485153672
 34
0.0
100
AcDbRotatedDimension
  0
DIMENSION
  5
682
102
{ACAD_XDICTIONARY
360
683
102
}
102
{ACAD_REACTORS
330
684
102
}
330
1F
100
AcDbEntity
  8
0
100
AcDbDimension
280
     0
  2
*D23
 10
12147.15573184899
 20
20053.66034230968
 30
0.0
 11
12147.15573184899
 21
20323.13543006003
 31
0.0
 70
   160
  1
T2
 71
     5
 42
538.9501755007223
 73
     0
 74
     0
 75
     0
  3
DIM100
100
AcDbAlignedDimension
 13
10025.001553925
 23
20592.6105178104
 33
0.0
 14
10025.001553925
 24
20053.66034230967
 34
0.0
 50
90.0
100
AcDbRotatedDimension
  0
LINE
  5
685
102
{ACAD_REACTORS
330
638
330
6B1
102
}
330
1F
100
AcDbEntity
  8
2Y
100
AcDbLine
 10
7227.950343919445
 20
26005.40485153672
 30
0.0
 11
7227.950343919445
 21
20592.6105178104
 31
0.0
  0
LINE
  5
686
102
{ACAD_REACTORS
330
638
330
6B1
102
}
330
1F
100
AcDbEntity
  8
4C
100
AcDbLine
 10
7077.950343919446
 20
25925.40485153672
 30
0.0
 11
7077.950343919446
 21
20224.35752243925
 31
0.0
  0
LINE
  5
687
330
1F
100
AcDbEntity
  8
4C
100
AcDbLine
 10
7097.950343919444
 20
25945.40485153673
 30
0.0
 11
7158.094491959594
 21
25945.40485153673
 31
0.0
  0
ARC
  5
688
330
1F
100
AcDbEntity
  8
4C
100
AcDbCircle
 10
7097.950343919444
 20
25925.40485153672
 30
0.0
 40
20.0
100
AcDbArc
 50
90.0
 51
180.0
  0
LINE
  5
689
102
{ACAD_REACTORS
330
6B4
102
}
330
1F
100
AcDbEntity
  8
4C
100
AcDbLine
 10
9905.001553925002
 20
20442.6105178104
 30
0.0
 11
7049.040370851421
 21
20442.6105178104
 31
0.0
  0
LINE
  5
68A
330
1F
100
AcDbEntity
  8
4C
100
AcDbLine
 10
6989.040370851419
 20
20382.6105178104
 30
0.0
 11
6989.040370851419
 21
20173.95220709639
 31
0.0
  0
LINE
  5
68B
330
1F
100
AcDbEntity
  8
4C
100
AcDbLine
 10
7137.950343919445
 20
20164.35752243925
 30
0.0
 11
8026.904577438791
 21
20164.35752243925
 31
0.0
  0
LWPOLYLINE
  5
68C
330
1F
100
AcDbEntity
  8
3G
100
AcDbPolyline
 90
        2
 70
     1
 43
30.0
 10
7118.602038827477
 20
20219.031380982
 42
1.0
 10
7148.602038827478
 20
20219.031380982
 42
1.0
  0
LWPOLYLINE
  5
68D
330
1F
100
AcDbEntity
  8
3G
100
AcDbPolyline
 90
        2
 70
     1
 43
30.0
 10
7025.244925136693
 20
20393.62472365837
 42
1.0
 10
7055.244925136692
 20
20393.62472365837
 42
1.0
  0
ARC
  5
68E
330
1F
100
AcDbEntity
  8
4C
100
AcDbCircle
 10
7049.040370851421
 20
20382.6105178104
 30
0.0
 40
60.0
100
AcDbArc
 50
90.0
 51
180.0
  0
ARC
  5
68F
330
1F
100
AcDbEntity
  8
4C
100
AcDbCircle
 10
7137.950343919445
 20
20224.35752243925
 30
0.0
 40
60.0
100
AcDbArc
 50
180.0
 51
270.0
  0
LWPOLYLINE
  5
690
330
1F
100
AcDbEntity
  8
3G
100
AcDbPolyline
 90
        2
 70
     1
 43
30.0
 10
7942.852397749958
 20
20219.031380982
 42
1.0
 10
7972.852397749957
 20
20219.031380982
 42
1.0
  0
LWPOLYLINE
  5
691
330
1F
100
AcDbEntity
  8
3G
100
AcDbPolyline
 90
        2
 70
     1
 43
30.0
 10
7625.244925136692
 20
20393.62472365837
 42
1.0
 10
7655.244925136692
 20
20393.62472365837
 42
1.0
  0
LWPOLYLINE
  5
692
330
1F
100
AcDbEntity
  8
3G
100
AcDbPolyline
 90
        2
 70
     1
 43
30.0
 10
8225.244925136692
 20
20393.62472365837
 42
1.0
 10
8255.244925136691
 20
20393.62472365837
 42
1.0
  0
LWPOLYLINE
  5
693
330
1F
100
AcDbEntity
  8
3G
100
AcDbPolyline
 90
        2
 70
     1
 43
30.0
 10
8825.244925136692
 20
20393.62472365837
 42
1.0
 10
8855.244925136693
 20
20393.62472365837
 42
1.0
  0
LWPOLYLINE
  5
694
330
1F
100
AcDbEntity
  8
3G
100
AcDbPolyline
 90
        2
 70
     1
 43
30.0
 10
9425.244925136693
 20
20393.62472365837
 42
1.0
 10
9455.244925136693
 20
20393.62472365837
 42
1.0
  0
LWPOLYLINE
  5
695
330
1F
100
AcDbEntity
  8
3G
100
AcDbPolyline
 90
        2
 70
     1
 43
30.0
 10
7106.46499606959
 20
20892.6105178104
 42
1.0
 10
7136.46499606959
 20
20892.6105178104
 42
1.0
  0
LWPOLYLINE
  5
696
330
1F
100
AcDbEntity
  8
3G
100
AcDbPolyline
 90
        2
 70
     1
 43
30.0
 10
7106.46499606959
 20
25898.16459898586
 42
1.0
 10
7136.46499606959
 20
25898.16459898586
 42
1.0
  0
LWPOLYLINE
  5
697
330
1F
100
AcDbEntity
  8
3G
100
AcDbPolyline
 90
        2
 70
     1
 43
30.0
 10
7025.244925136693
 20
25398.16459898586
 42
1.0
 10
7055.244925136692
 20
25398.16459898586
 42
1.0
  0
LWPOLYLINE
  5
698
330
1F
100
AcDbEntity
  8
3G
100
AcDbPolyline
 90
        2
 70
     1
 43
30.0
 10
7106.46499606959
 20
24898.16459898586
 42
1.0
 10
7136.46499606959
 20
24898.16459898586
 42
1.0
  0
LWPOLYLINE
  5
699
330
1F
100
AcDbEntity
  8
3G
100
AcDbPolyline
 90
        2
 70
     1
 43
30.0
 10
7025.244925136693
 20
24398.16459898586
 42
1.0
 10
7055.244925136692
 20
24398.16459898586
 42
1.0
  0
LWPOLYLINE
  5
69A
330
1F
100
AcDbEntity
  8
3G
100
AcDbPolyline
 90
        2
 70
     1
 43
30.0
 10
7106.46499606959
 20
23898.16459898586
 42
1.0
 10
7136.46499606959
 20
23898.16459898586
 42
1.0
  0
LWPOLYLINE
  5
69B
330
1F
100
AcDbEntity
  8
3G
100
AcDbPolyline
 90
        2
 70
     1
 43
30.0
 10
7025.244925136693
 20
23398.16459898586
 42
1.0
 10
7055.244925136692
 20
23398.16459898586
 42
1.0
  0
LWPOLYLINE
  5
69C
330
1F
100
AcDbEntity
  8
3G
100
AcDbPolyline
 90
        2
 70
     1
 43
30.0
 10
7106.46499606959
 20
22898.16459898586
 42
1.0
 10
7136.46499606959
 20
22898.16459898586
 42
1.0
  0
LWPOLYLINE
  5
69D
330
1F
100
AcDbEntity
  8
3G
100
AcDbPolyline
 90
        2
 70
     1
 43
30.0
 10
7025.244925136693
 20
22398.16459898586
 42
1.0
 10
7055.244925136692
 20
22398.16459898586
 42
1.0
  0
LWPOLYLINE
  5
69E
330
1F
100
AcDbEntity
  8
3G
100
AcDbPolyline
 90
        2
 70
     1
 43
30.0
 10
7106.46499606959
 20
21898.16459898586
 42
1.0
 10
7136.46499606959
 20
21898.16459898586
 42
1.0
  0
LWPOLYLINE
  5
69F
330
1F
100
AcDbEntity
  8
3G
100
AcDbPolyline
 90
        2
 70
     1
 43
30.0
 10
7025.244925136693
 20
21392.6105178104
 42
1.0
 10
7055.244925136692
 20
21392.6105178104
 42
1.0
  0
LEADER
  5
6A0
330
1F
100
AcDbEntity
  8
0
100
AcDbLeader
  3
DIM100
 76
     3
 10
7203.88942870441
 20
19909.73990943672
 30
0.0
 10
6857.434616963875
 20
18984.42324517294
 30
0.0
 10
6136.093283182709
 20
18984.42324517294
 30
0.0
  0
MTEXT
  5
6A1
330
1F
100
AcDbEntity
  8
TG
100
AcDbMText
 10
1672.446484818938
 20
19102.84677181131
 30
0.0
 40
250.0
 41
4572.570999999999
 46
0.0
 71
     1
 72
     5
  1
100MM THK GRAVEL BED\PON WELL-COMPACTED SUBGRADE (TYP.)
  7
ROMANS
 73
     1
 44
1.0
  0
DIMENSION
  5
6A2
102
{ACAD_XDICTIONARY
360
6A3
102
}
102
{ACAD_REACTORS
330
6A4
102
}
330
1F
100
AcDbEntity
  8
0
100
AcDbDimension
280
     0
  2
*D24
 10
10025.001553925
 20
18276.91739541542
 30
0.0
 11
8476.475948922223
 21
18515.77453827257
 31
0.0
 70
    32
  1
"B"
 71
     5
 42
3097.051210005557
 73
     0
 74
     0
 75
     0
  3
DIM100
100
AcDbAlignedDimension
 13
6927.950343919445
 23
20053.66034230967
 33
0.0
 14
10025.001553925
 24
20053.66034230967
 34
0.0
100
AcDbRotatedDimension
1001
ACAD
1000
DSTYLE
1002
{
1070
    40
1040
96.0
1002
}
  0
CIRCLE
  5
6A5
330
1F
100
AcDbEntity
  8
1R
100
AcDbCircle
 10
7133.602038827477
 20
20219.031380982
 30
0.0
 40
100.0
  0
LINE
  5
6A6
330
1F
100
AcDbEntity
  8
8G
100
AcDbLine
 10
7140.986218338643
 20
20119.30438417097
 30
0.0
 11
7474.3631405872
 21
19444.85109126457
 31
0.0
  0
LINE
  5
6A7
330
1F
100
AcDbEntity
  8
8G
100
AcDbLine
 10
7474.3631405872
 20
19444.85109126457
 30
0.0
 11
7957.681466553083
 21
19444.85109126457
 31
0.0
  0
TEXT
  5
6A8
330
1F
100
AcDbEntity
  8
TG
100
AcDbText
 10
7952.107558201927
 20
19335.91280198149
 30
0.0
 40
250.0
  1
2-ø10
 41
0.9
  7
ROMANS
100
AcDbText
  0
CIRCLE
  5
6A9
330
1F
100
AcDbEntity
  8
1R
100
AcDbCircle
 10
8840.244925136692
 20
20393.62472365837
 30
0.0
 40
100.0
  0
LINE
  5
6AA
330
1F
100
AcDbEntity
  8
8G
100
AcDbLine
 10
8840.244925136692
 20
20493.62472365837
 30
0.0
 11
9285.313569734192
 21
21219.48114210428
 31
0.0
  0
LINE
  5
6AB
330
1F
100
AcDbEntity
  8
8G
100
AcDbLine
 10
9285.313569734192
 20
21219.48114210428
 30
0.0
 11
9705.247870313266
 21
21219.48114210428
 31
0.0
  0
TEXT
  5
6AC
330
1F
100
AcDbEntity
  8
TG
100
AcDbText
 10
9699.673961962108
 20
21110.5428528212
 30
0.0
 40
250.0
  1
"D"
 41
0.9
  7
ROMANS
100
AcDbText
  0
LEADER
  5
6AD
330
1F
100
AcDbEntity
  8
0
100
AcDbLeader
  3
DIM100
 76
     3
 10
8485.39406001511
 20
20442.6105178104
 30
0.0
 10
9254.996608000153
 20
21760.01119995993
 30
0.0
 10
10293.88249228691
 20
21760.01119995993
 30
0.0
1001
ACAD
1000
DSTYLE
1002
{
1070
   147
1040
1.0
1070
    77
1070
     0
1070
    40
1040
96.0
1002
}
  0
TEXT
  5
6AE
330
1F
100
AcDbEntity
  8
TG
100
AcDbText
 10
10288.30858393575
 20
21643.33185622301
 30
0.0
 40
250.0
  1
"C"
 41
0.9
  7
ROMANS
100
AcDbText
  0
DIMENSION
  5
6AF
102
{ACAD_XDICTIONARY
360
6B0
102
}
102
{ACAD_REACTORS
330
6B1
102
}
330
1F
100
AcDbEntity
  8
0
100
AcDbDimension
280
     0
  2
*D25
 10
7227.950343919442
 20
26445.20849222144
 30
0.0
 11
8220.521772490872
 21
26445.20849222144
 31
0.0
 70
   160
  1
75MM
 71
     5
 42
149.9999999999963
 73
     0
 74
     0
 75
     0
  3
DIM100
100
AcDbAlignedDimension
 13
7077.950343919446
 23
25835.6775239019
 33
0.0
 14
7227.950343919442
 24
25835.6775239019
 34
0.0
100
AcDbRotatedDimension
1001
ACAD
1000
DSTYLE
1002
{
1070
    40
1040
96.0
1002
}
  0
DIMENSION
  5
6B2
102
{ACAD_XDICTIONARY
360
6B3
102
}
102
{ACAD_REACTORS
330
6B4
102
}
330
1F
100
AcDbEntity
  8
0
100
AcDbDimension
280
     0
  2
*D26
 10
11220.81251692815
 20
20592.61051781041
 30
0.0
 11
11220.81251692815
 21
20517.6105178104
 31
0.0
 70
   160
  1
75MM
 71
     5
 42
150.0
 73
     0
 74
     0
 75
     0
  3
DIM100
100
AcDbAlignedDimension
 13
9905.001553925002
 23
20442.6105178104
 33
0.0
 14
9905.001553925002
 24
20592.6105178104
 34
0.0
 50
90.0
100
AcDbRotatedDimension
1001
ACAD
1000
DSTYLE
1002
{
1070
    40
1040
96.0
1002
}
  0
CIRCLE
  5
6B5
330
1F
100
AcDbEntity
  8
1R
100
AcDbCircle
 10
7121.464996069589
 20
24898.16459898586
 30
0.0
 40
100.0
  0
LINE
  5
6B6
330
1F
100
AcDbEntity
  8
8G
100
AcDbLine
 10
7221.464996069589
 20
24898.16459898586
 30
0.0
 11
8771.067748321307
 21
24898.16459898586
 31
0.0
  0
TEXT
  5
6B7
330
1F
100
AcDbEntity
  8
TG
100
AcDbText
 10
8765.493839970149
 20
24789.22630970278
 30
0.0
 40
250.0
  1
"E"
 41
0.9
  7
ROMANS
100
AcDbText
  0
LEADER
  5
6B8
330
1F
100
AcDbEntity
  8
0
100
AcDbLeader
  3
DIM100
 76
     2
 10
7077.950343919446
 20
24186.74154184807
 30
0.0
 10
8784.06016032226
 20
24186.74154184807
 30
0.0
1001
ACAD
1000
DSTYLE
1002
{
1070
   147
1040
1.0
1070
    77
1070
     0
1070
    40
1040
96.0
1002
}
  0
TEXT
  5
6B9
330
1F
100
AcDbEntity
  8
TG
100
AcDbText
 10
8765.493839970149
 20
24077.80325256499
 30
0.0
 40
250.0
  1
"A"
 41
0.9
  7
ROMANS
100
AcDbText
  0
LINE
  5
6BA
330
1F
100
AcDbEntity
  8
TITLE
 62
     2
100
AcDbLine
 10
4457.401569903945
 20
15108.07457742322
 30
0.0
 11
11006.47570842143
 21
15108.07457742322
 31
0.0
  0
TEXT
  5
6BB
330
1F
100
AcDbEntity
  8
TITLE
 62
     6
100
AcDbText
 10
6765.896801740869
 20
15282.67435666185
 30
0.0
 40
600.0
  1
TYPE A
  7
240CL
100
AcDbText
  0
CIRCLE
  5
6BC
330
1F
100
AcDbEntity
  8
TITLE
 62
     2
100
AcDbCircle
 10
5457.401569903945
 20
15108.07457742322
 30
0.0
 40
1000.0
  0
CIRCLE
  5
6BD
330
1F
100
AcDbEntity
  8
TITLE
 62
     2
100
AcDbCircle
 10
21131.20986415884
 20
15108.07457742322
 30
0.0
 40
1000.0
  0
TEXT
  5
6BE
330
1F
100
AcDbEntity
  8
TITLE
 62
     6
100
AcDbText
 10
22439.70509599576
 20
15282.67435666185
 30
0.0
 40
600.0
  1
TYPE B
  7
240CL
100
AcDbText
  0
LINE
  5
6BF
330
1F
100
AcDbEntity
  8
TITLE
 62
     2
100
AcDbLine
 10
20131.20986415884
 20
15108.07457742322
 30
0.0
 11
26680.28400267633
 21
15108.07457742322
 31
0.0
  0
TEXT
  5
6C0
330
1F
100
AcDbEntity
  8
TG
100
AcDbText
 10
24439.30213422504
 20
24077.80325256499
 30
0.0
 40
250.0
  1
"A"
 41
0.9
  7
ROMANS
100
AcDbText
  0
LEADER
  5
6C1
330
1F
100
AcDbEntity
  8
0
100
AcDbLeader
  3
DIM100
 76
     2
 10
22751.75863817434
 20
24186.74154184807
 30
0.0
 10
24457.86845457715
 20
24186.74154184807
 30
0.0
1001
ACAD
1000
DSTYLE
1002
{
1070
   147
1040
1.0
1070
    77
1070
     0
1070
    40
1040
96.0
1002
}
  0
TEXT
  5
6C2
330
1F
100
AcDbEntity
  8
TG
100
AcDbText
 10
24439.30213422504
 20
24789.22630970278
 30
0.0
 40
250.0
  1
"E"
 41
0.9
  7
ROMANS
100
AcDbText
  0
LINE
  5
6C3
330
1F
100
AcDbEntity
  8
8G
100
AcDbLine
 10
22776.55321939159
 20
24964.39292934995
 30
0.0
 11
24363.6559716433
 21
24964.39292934995
 31
0.0
  0
CIRCLE
  5
6C4
330
1F
100
AcDbEntity
  8
1R
100
AcDbCircle
 10
22714.05321939159
 20
24964.39292934995
 30
0.0
 40
62.5
  0
DIMENSION
  5
6C5
102
{ACAD_XDICTIONARY
360
6C6
102
}
102
{ACAD_REACTORS
330
6C7
102
}
330
1F
100
AcDbEntity
  8
0
100
AcDbDimension
280
     0
  2
*D27
 10
26894.62081118305
 20
20592.61051781041
 30
0.0
 11
26894.62081118305
 21
20517.61051781039
 31
0.0
 70
   160
  1
75MM
 71
     5
 42
150.0
 73
     0
 74
     0
 75
     0
  3
DIM100
100
AcDbAlignedDimension
 13
25578.8098481799
 23
20442.6105178104
 33
0.0
 14
25578.8098481799
 24
20592.6105178104
 34
0.0
 50
90.0
100
AcDbRotatedDimension
1001
ACAD
1000
DSTYLE
1002
{
1070
    40
1040
96.0
1002
}
  0
DIMENSION
  5
6C8
102
{ACAD_XDICTIONARY
360
6C9
102
}
102
{ACAD_REACTORS
330
6CA
102
}
330
1F
100
AcDbEntity
  8
0
100
AcDbDimension
280
     0
  2
*D28
 10
22901.75863817433
 20
26436.48714359968
 30
0.0
 11
23894.33006674576
 21
26436.48714359968
 31
0.0
 70
   160
  1
75MM
 71
     5
 42
150.0
 73
     0
 74
     0
 75
     0
  3
DIM100
100
AcDbAlignedDimension
 13
22751.75863817433
 23
25826.95617528014
 33
0.0
 14
22901.75863817433
 24
25826.95617528014
 34
0.0
100
AcDbRotatedDimension
1001
ACAD
1000
DSTYLE
1002
{
1070
    40
1040
96.0
1002
}
  0
TEXT
  5
6CB
330
1F
100
AcDbEntity
  8
TG
100
AcDbText
 10
25121.43610435691
 20
21542.63712214588
 30
0.0
 40
250.0
  1
"C"
 41
0.9
  7
ROMANS
100
AcDbText
  0
LEADER
  5
6CC
330
1F
100
AcDbEntity
  8
0
100
AcDbLeader
  3
DIM100
 76
     3
 10
23318.52158043627
 20
20442.6105178104
 30
0.0
 10
24183.03067275166
 20
21648.32307263446
 30
0.0
 10
25127.01001270807
 20
21648.32307263446
 30
0.0
1001
ACAD
1000
DSTYLE
1002
{
1070
   147
1040
1.0
1070
    77
1070
     0
1070
    40
1040
96.0
1002
}
  0
TEXT
  5
6CD
330
1F
100
AcDbEntity
  8
TG
100
AcDbText
 10
25373.482256217
 20
21110.5428528212
 30
0.0
 40
250.0
  1
"F"
 41
0.9
  7
ROMANS
100
AcDbText
  0
LINE
  5
6CE
330
1F
100
AcDbEntity
  8
8G
100
AcDbLine
 10
24959.12186398909
 20
21219.48114210428
 30
0.0
 11
25379.05616456816
 21
21219.48114210428
 31
0.0
  0
LINE
  5
6CF
330
1F
100
AcDbEntity
  8
8G
100
AcDbLine
 10
24365.78180225211
 20
20468.62472365837
 30
0.0
 11
24959.12186398909
 21
21219.48114210428
 31
0.0
  0
CIRCLE
  5
6D0
330
1F
100
AcDbEntity
  8
1R
100
AcDbCircle
 10
24365.78180225211
 20
20393.62472365837
 30
0.0
 40
75.0
  0
DIMENSION
  5
6D1
102
{ACAD_XDICTIONARY
360
6D2
102
}
102
{ACAD_REACTORS
330
6D3
102
}
330
1F
100
AcDbEntity
  8
0
100
AcDbDimension
280
     0
  2
*D29
 10
25698.8098481799
 20
18276.91739541542
 30
0.0
 11
24075.28424317711
 21
18515.77453827257
 31
0.0
 70
    32
  1
"B"
 71
     5
 42
3247.051210005564
 73
     0
 74
     0
 75
     0
  3
DIM100
100
AcDbAlignedDimension
 13
22451.75863817433
 23
20053.66034230967
 33
0.0
 14
25698.8098481799
 24
20053.66034230967
 34
0.0
100
AcDbRotatedDimension
1001
ACAD
1000
DSTYLE
1002
{
1070
    40
1040
96.0
1002
}
  0
MTEXT
  5
6D4
330
1F
100
AcDbEntity
  8
TG
100
AcDbMText
 10
17346.25477907383
 20
19102.84677181131
 30
0.0
 40
250.0
 41
4572.570999999999
 46
0.0
 71
     1
 72
     5
  1
100MM THK GRAVEL BED\PON WELL-COMPACTED SUBGRADE (TYP.)
  7
ROMANS
 73
     1
 44
1.0
  0
LEADER
  5
6D5
330
1F
100
AcDbEntity
  8
0
100
AcDbLeader
  3
DIM100
 76
     3
 10
22877.6977229593
 20
19909.73990943672
 30
0.0
 10
22531.24291121877
 20
18984.42324517294
 30
0.0
 10
21809.9015774376
 20
18984.42324517294
 30
0.0
  0
LWPOLYLINE
  5
6D6
330
1F
100
AcDbEntity
  8
3G
100
AcDbPolyline
 90
        2
 70
     1
 43
30.0
 10
22699.05321939158
 20
20892.6105178104
 42
1.0
 10
22729.05321939159
 20
20892.6105178104
 42
1.0
  0
LWPOLYLINE
  5
6D7
330
1F
100
AcDbEntity
  8
3G
100
AcDbPolyline
 90
        2
 70
     1
 43
30.0
 10
23135.5688899054
 20
20219.031380982
 42
1.0
 10
23165.56888990539
 20
20219.031380982
 42
1.0
  0
LWPOLYLINE
  5
6D8
330
1F
100
AcDbEntity
  8
3G
100
AcDbPolyline
 90
        2
 70
     1
 43
30.0
 10
22780.99554493788
 20
20393.62472365837
 42
1.0
 10
22810.99554493787
 20
20393.62472365837
 42
1.0
  0
LWPOLYLINE
  5
6D9
330
1F
100
AcDbEntity
  8
3G
100
AcDbPolyline
 90
        2
 70
     1
 43
30.0
 10
22527.8896068421
 20
20219.031380982
 42
1.0
 10
22557.8896068421
 20
20219.031380982
 42
1.0
  0
LINE
  5
6DA
330
1F
100
AcDbEntity
  8
4C
100
AcDbLine
 10
22521.75863817433
 20
20164.35752243925
 30
0.0
 11
25611.15142548166
 21
20164.35752243925
 31
0.0
  0
LINE
  5
6DB
330
1F
100
AcDbEntity
  8
4C
100
AcDbLine
 10
22602.76217519894
 20
20412.6105178104
 30
0.0
 11
22602.76217519894
 21
20254.88224748443
 31
0.0
  0
LINE
  5
6DC
102
{ACAD_REACTORS
330
6C7
102
}
330
1F
100
AcDbEntity
  8
4C
100
AcDbLine
 10
25578.8098481799
 20
20442.6105178104
 30
0.0
 11
22632.76217519893
 21
20442.6105178104
 31
0.0
  0
LINE
  5
6DD
102
{ACAD_REACTORS
330
6CA
102
}
330
1F
100
AcDbEntity
  8
4C
100
AcDbLine
 10
22751.75863817433
 20
25915.40485153672
 30
0.0
 11
22751.75863817434
 21
20295.59979518796
 31
0.0
  0
LINE
  5
6DE
102
{ACAD_REACTORS
330
6CA
102
}
330
1F
100
AcDbEntity
  8
2Y
100
AcDbLine
 10
22901.75863817434
 20
26005.40485153672
 30
0.0
 11
22901.75863817433
 21
23617.7916939386
 31
0.0
  0
DIMENSION
  5
6DF
102
{ACAD_XDICTIONARY
360
6E0
102
}
102
{ACAD_REACTORS
330
6E1
102
}
330
1F
100
AcDbEntity
  8
0
100
AcDbDimension
280
     0
  2
*D32
 10
27820.96402610389
 20
20053.66034230968
 30
0.0
 11
27820.96402610389
 21
20323.13543006003
 31
0.0
 70
   160
  1
T2
 71
     5
 42
538.9501755007223
 73
     0
 74
     0
 75
     0
  3
DIM100
100
AcDbAlignedDimension
 13
25698.8098481799
 23
20592.6105178104
 33
0.0
 14
25698.8098481799
 24
20053.66034230967
 34
0.0
 50
90.0
100
AcDbRotatedDimension
  0
DIMENSION
  5
6E2
102
{ACAD_XDICTIONARY
360
6E3
102
}
102
{ACAD_REACTORS
330
6E4
102
}
330
1F
100
AcDbEntity
  8
0
100
AcDbDimension
280
     0
  2
*D33
 10
22901.75863817434
 20
26955.46048437277
 30
0.0
 11
22676.75863817434
 21
26955.46048437277
 31
0.0
 70
   160
  1
T1
 71
     5
 42
450.0
 73
     0
 74
     0
 75
     0
  3
DIM100
100
AcDbAlignedDimension
 13
22451.75863817434
 23
26005.40485153672
 33
0.0
 14
22901.75863817434
 24
26005.40485153672
 34
0.0
100
AcDbRotatedDimension
  0
HATCH
  5
6E5
330
1F
100
AcDbEntity
  8
1R
100
AcDbHatch
 10
0.0
 20
0.0
 30
0.0
210
0.0
220
0.0
230
1.0
  2
EARTH
 70
     0
 71
     0
 91
        1
 92
        7
 72
     0
 73
     1
 93
        3
 10
24870.81342238366
 20
26005.40485153672
 10
22901.75863817434
 20
26005.40485153672
 10
22901.75863817433
 20
25640.99932383794
 97
        0
 75
     0
 76
     1
 52
45.0
 41
400.0
 77
     0
 78
     6
 53
45.0
 43
-7777.245545147713
 44
8294.468174817673
 45
0.0000000000000142
 46
141.4213562373095
 79
     2
 49
100.0
 49
-100.0
 53
45.0
 43
-7803.762049442209
 44
8320.984679112168
 45
0.0000000000000142
 46
141.4213562373095
 79
     2
 49
100.0
 49
-100.0
 53
45.0
 43
-7830.278553736704
 44
8347.501183406661
 45
0.0000000000000142
 46
141.4213562373095
 79
     2
 49
100.0
 49
-100.0
 53
135.0
 43
-7830.278553736704
 44
8365.178852936326
 45
-141.4213562373095
 46
0.0000000000000142
 79
     2
 49
100.0
 49
-100.0
 53
135.0
 43
-7803.762049442209
 44
8391.695357230823
 45
-141.4213562373095
 46
0.0000000000000142
 79
     2
 49
100.0
 49
-100.0
 53
135.0
 43
-7777.245545147713
 44
8418.211861525318
 45
-141.4213562373095
 46
0.0000000000000142
 79
     2
 49
100.0
 49
-100.0
 47
5.536943962507851
 98
        1
 10
23764.71411314374
 20
25878.61949195721
  0
LINE
  5
6E6
330
1F
100
AcDbEntity
  8
8G
100
AcDbLine
 10
23201.75863817433
 20
26005.40485153672
 30
0.0
 11
26188.6440215148
 21
26005.40485153672
 31
0.0
  0
LINE
  5
6E7
330
1F
100
AcDbEntity
  8
8G
100
AcDbLine
 10
22451.75863817434
 20
21477.31017272629
 30
0.0
 11
19147.88337400052
 21
21477.31017272629
 31
0.0
  0
HATCH
  5
6E8
330
1F
100
AcDbEntity
  8
1R
100
AcDbHatch
 10
0.0
 20
0.0
 30
0.0
210
0.0
220
0.0
230
1.0
  2
EARTH
 70
     0
 71
     0
 91
        1
 92
        7
 72
     0
 73
     1
 93
        4
 10
22451.75863817434
 20
21155.80592466414
 10
22235.86561991809
 20
21177.01220054313
 10
22376.28635402798
 20
20238.90472929435
 10
22451.75863817435
 20
19943.32408492153
 97
        0
 75
     0
 76
     1
 52
45.0
 41
400.0
 77
     0
 78
     6
 53
45.0
 43
-7627.245545147708
 44
14924.68101939218
 45
0.0000000000000142
 46
141.4213562373095
 79
     2
 49
100.0
 49
-100.0
 53
45.0
 43
-7653.762049442204
 44
14951.19752368667
 45
0.0000000000000142
 46
141.4213562373095
 79
     2
 49
100.0
 49
-100.0
 53
45.0
 43
-7680.2785537367
 44
14977.71402798116
 45
0.0000000000000142
 46
141.4213562373095
 79
     2
 49
100.0
 49
-100.0
 53
135.0
 43
-7680.2785537367
 44
14995.39169751083
 45
-141.4213562373095
 46
0.0000000000000142
 79
     2
 49
100.0
 49
-100.0
 53
135.0
 43
-7653.762049442204
 44
15021.90820180532
 45
-141.4213562373095
 46
0.0000000000000142
 79
     2
 49
100.0
 49
-100.0
 53
135.0
 43
-7627.245545147708
 44
15048.42470609982
 45
-141.4213562373095
 46
0.0000000000000142
 79
     2
 49
100.0
 49
-100.0
 47
2.131169487840614
 98
        1
 10
22394.67788805141
 20
20736.01426776011
  0
HATCH
  5
6E9
330
1F
100
AcDbEntity
  8
1R
100
AcDbHatch
 10
0.0
 20
0.0
 30
0.0
210
0.0
220
0.0
230
1.0
  2
EARTH
 70
     0
 71
     0
 91
        1
 92
        7
 72
     0
 73
     1
 93
        3
 10
19178.64633442013
 20
21477.31017272629
 10
22451.75863817434
 20
21155.80592466414
 10
22451.75863817434
 20
21477.31017272629
 97
        0
 75
     0
 76
     1
 52
45.0
 41
400.0
 77
     0
 78
     6
 53
45.0
 43
-7627.245545147708
 44
14924.68101939218
 45
0.0000000000000142
 46
141.4213562373095
 79
     2
 49
100.0
 49
-100.0
 53
45.0
 43
-7653.762049442204
 44
14951.19752368667
 45
0.0000000000000142
 46
141.4213562373095
 79
     2
 49
100.0
 49
-100.0
 53
45.0
 43
-7680.2785537367
 44
14977.71402798116
 45
0.0000000000000142
 46
141.4213562373095
 79
     2
 49
100.0
 49
-100.0
 53
135.0
 43
-7680.2785537367
 44
14995.39169751083
 45
-141.4213562373095
 46
0.0000000000000142
 79
     2
 49
100.0
 49
-100.0
 53
135.0
 43
-7653.762049442204
 44
15021.90820180532
 45
-141.4213562373095
 46
0.0000000000000142
 79
     2
 49
100.0
 49
-100.0
 53
135.0
 43
-7627.245545147708
 44
15048.42470609982
 45
-141.4213562373095
 46
0.0000000000000142
 79
     2
 49
100.0
 49
-100.0
 47
2.656547334897582
 98
        1
 10
22052.76124081578
 20
21346.53712006495
  0
HATCH
  5
6EA
330
1F
100
AcDbEntity
  8
1R
100
AcDbHatch
 10
0.0
 20
0.0
 30
0.0
210
0.0
220
0.0
230
1.0
  2
EARTH
 70
     0
 71
     0
 91
        1
 92
        7
 72
     0
 73
     1
 93
        4
 10
24617.62500289943
 20
19746.4747801543
 10
25540.26875165871
 20
19912.66379046082
 10
22454.63230097879
 20
19912.94772437692
 10
22463.71058695286
 20
19781.07053936089
 97
        0
 75
     0
 76
     1
 52
45.0
 41
400.0
 77
     0
 78
     6
 53
45.0
 43
-7629.862793179718
 44
16490.3650127236
 45
0.0000000000000142
 46
141.4213562373095
 79
     2
 49
100.0
 49
-100.0
 53
45.0
 43
-7656.379297474214
 44
16516.8815170181
 45
0.0000000000000142
 46
141.4213562373095
 79
     2
 49
100.0
 49
-100.0
 53
45.0
 43
-7682.89580176871
 44
16543.3980213126
 45
0.0000000000000142
 46
141.4213562373095
 79
     2
 49
100.0
 49
-100.0
 53
135.0
 43
-7682.89580176871
 44
16561.07569084226
 45
-141.4213562373095
 46
0.0000000000000142
 79
     2
 49
100.0
 49
-100.0
 53
135.0
 43
-7656.379297474214
 44
16587.59219513675
 45
-141.4213562373095
 46
0.0000000000000142
 79
     2
 49
100.0
 49
-100.0
 53
135.0
 43
-7629.862793179718
 44
16614.10869943125
 45
-141.4213562373095
 46
0.0000000000000142
 79
     2
 49
100.0
 49
-100.0
 47
1.758902107413685
 98
        1
 10
24095.67715978452
 20
19786.78542585294
  0
LWPOLYLINE
  5
6EB
330
1F
100
AcDbEntity
  8
1R
100
AcDbPolyline
 90
        7
 70
     1
 43
0.0
 10
25274.81647122719
 20
19933.96873886313
 10
25289.62532189568
 20
19948.75537021444
 10
25330.3491582833
 20
19959.84522654931
 10
25352.56243428632
 20
19937.66504516252
 10
25345.15800895179
 20
19911.78855747634
 10
25304.43417256416
 20
19893.30515110743
 10
25289.62532189568
 20
19904.39500744172
  0
LWPOLYLINE
  5
6EC
330
1F
100
AcDbEntity
  8
1R
100
AcDbPolyline
 90
        6
 70
     1
 43
0.0
 10
24979.45780290906
 20
19968.16639538584
 10
24938.73396652143
 20
19986.64980175518
 10
24894.30741451597
 20
19971.86317040329
 10
24886.90298918202
 20
19934.89635766504
 10
24923.92511585295
 20
19920.1097263133
 10
24946.13839185597
 20
19927.5032763482
  0
LWPOLYLINE
  5
6ED
330
1F
100
AcDbEntity
  8
1R
100
AcDbPolyline
 90
        6
 70
     1
 43
0.0
 10
24883.67712749119
 20
19950.33114771077
 10
24842.95329110357
 20
19968.81455407967
 10
24798.52673909811
 20
19954.02792272822
 10
24791.12231376358
 20
19917.06110998997
 10
24828.14444043508
 20
19902.27447863823
 10
24850.35771643752
 20
19909.66802867269
  0
LWPOLYLINE
  5
6EE
330
1F
100
AcDbEntity
  8
1R
100
AcDbPolyline
 90
        8
 70
     1
 43
0.0
 10
24951.06498721996
 20
20018.17796420347
 10
24973.27826322299
 20
20047.7512269071
 10
25058.42865161607
 20
20047.7512269071
 10
25062.13136723391
 20
20032.96459555521
 10
25058.42865161607
 20
19999.69455783456
 10
25032.51366589694
 20
19973.81760143061
 10
25017.70481522845
 20
19977.51437644821
 10
24965.87383788845
 20
19981.21115146522
  0
LWPOLYLINE
  5
6EF
330
1F
100
AcDbEntity
  8
1R
100
AcDbPolyline
 90
        8
 70
     1
 43
0.0
 10
24746.69576175811
 20
20020.56799816966
 10
24768.90903776113
 20
20050.14126087344
 10
24854.05942615422
 20
20050.14126087344
 10
24857.76214177206
 20
20035.35462952156
 10
24854.05942615422
 20
20002.08459180091
 10
24828.14444043508
 20
19976.20763539695
 10
24813.3355897666
 20
19979.9044104144
 10
24761.5046124266
 20
19983.60118543156
  0
LWPOLYLINE
  5
6F0
330
1F
100
AcDbEntity
  8
1R
100
AcDbPolyline
 90
        7
 70
     1
 43
0.0
 10
24864.49838605835
 20
20022.52236278117
 10
24879.30723672684
 20
20037.30899413248
 10
24920.03107311446
 20
20048.39885046735
 10
24942.24434911749
 20
20026.21866908056
 10
24934.83992378295
 20
20000.34218139437
 10
24894.11608739533
 20
19981.85877502547
 10
24879.30723672684
 20
19992.94863135976
  0
LWPOLYLINE
  5
6F1
330
1F
100
AcDbEntity
  8
1R
100
AcDbPolyline
 90
        7
 70
     1
 43
0.0
 10
25185.00411996103
 20
20022.38207032648
 10
25199.81297062952
 20
20037.16870167779
 10
25240.53680701715
 20
20048.25855801267
 10
25262.75008302017
 20
20026.07837662587
 10
25255.34565768563
 20
20000.20188893969
 10
25214.62182129801
 20
19981.71848257078
 10
25199.81297062952
 20
19992.80833890507
  0
LWPOLYLINE
  5
6F2
330
1F
100
AcDbEntity
  8
1R
100
AcDbPolyline
 90
        8
 70
     1
 43
0.0
 10
25067.2014956608
 20
20020.42770571498
 10
25089.41477166382
 20
20050.00096841876
 10
25174.5651600569
 20
20050.00096841876
 10
25178.26787567474
 20
20035.21433706687
 10
25174.5651600569
 20
20001.94429934622
 10
25148.65017433777
 20
19976.06734294226
 10
25133.84132366928
 20
19979.76411795971
 10
25082.01034632929
 20
19983.46089297687
  0
LWPOLYLINE
  5
6F3
330
1F
100
AcDbEntity
  8
1R
100
AcDbPolyline
 90
        8
 70
     1
 43
0.0
 10
25271.57072112265
 20
20018.03767174878
 10
25293.78399712567
 20
20047.61093445242
 10
25378.93438551876
 20
20047.61093445242
 10
25382.63710113659
 20
20032.82430310053
 10
25378.93438551876
 20
19999.55426537988
 10
25353.01939979962
 20
19973.67730897592
 10
25338.21054913113
 20
19977.37408399352
 10
25286.37957179113
 20
19981.07085901054
  0
LWPOLYLINE
  5
6F4
330
1F
100
AcDbEntity
  8
1R
100
AcDbPolyline
 90
        6
 70
     1
 43
0.0
 10
25204.18286139388
 20
19950.19085525608
 10
25163.45902500626
 20
19968.67426162499
 10
25119.03247300079
 20
19953.88763027353
 10
25111.62804766626
 20
19916.92081753529
 10
25148.65017433777
 20
19902.13418618354
 10
25170.86345034021
 20
19909.52773621801
  0
LWPOLYLINE
  5
6F5
330
1F
100
AcDbEntity
  8
1R
100
AcDbPolyline
 90
        6
 70
     1
 43
0.0
 10
25299.96353681174
 20
19968.02610293115
 10
25259.23970042411
 20
19986.5095093005
 10
25214.81314841865
 20
19971.7228779486
 10
25207.4087230847
 20
19934.75606521036
 10
25244.43084975563
 20
19919.96943385862
 10
25266.64412575865
 20
19927.36298389352
  0
LWPOLYLINE
  5
6F6
330
1F
100
AcDbEntity
  8
1R
100
AcDbPolyline
 90
        8
 70
     1
 43
0.0
 10
24972.4997740872
 20
19942.18864167558
 10
24994.71305008964
 20
19971.76190437921
 10
25079.8634384833
 20
19971.76190437921
 10
25083.56615410056
 20
19956.97527302732
 10
25079.8634384833
 20
19923.70523530667
 10
25053.94845276359
 20
19897.82827890272
 10
25039.1396020951
 20
19901.52505392032
 10
24987.30862475569
 20
19905.22182893733
  0
LWPOLYLINE
  5
6F7
330
1F
100
AcDbEntity
  8
1R
100
AcDbPolyline
 90
        6
 70
     1
 43
0.0
 10
24732.03352589018
 20
19947.59601421983
 10
24691.30968950256
 20
19966.07942058918
 10
24646.8831374971
 20
19951.29278923728
 10
24639.47871216315
 20
19914.32597649904
 10
24676.50083883407
 20
19899.53934514729
 10
24698.7141148371
 20
19906.9328951822
  0
LWPOLYLINE
  5
6F8
330
1F
100
AcDbEntity
  8
1R
100
AcDbPolyline
 90
        8
 70
     1
 43
0.0
 10
24320.82093888996
 20
19939.81222436414
 10
24343.0342148924
 20
19969.38548706778
 10
24428.18460328607
 20
19969.38548706778
 10
24431.88731890332
 20
19954.59885571589
 10
24428.18460328607
 20
19921.32881799524
 10
24402.26961756635
 20
19895.45186159128
 10
24387.46076689787
 20
19899.14863660888
 10
24335.62978955845
 20
19902.8454116259
  0
LWPOLYLINE
  5
6F9
330
1F
100
AcDbEntity
  8
1R
100
AcDbPolyline
 90
        6
 70
     1
 43
0.0
 10
24648.2847016145
 20
19965.64968561972
 10
24607.56086522688
 20
19984.13309198906
 10
24563.13431322142
 20
19969.34646063717
 10
24555.72988788746
 20
19932.37964789893
 10
24592.75201455839
 20
19917.59301654718
 10
24614.96529056141
 20
19924.98656658209
  0
LWPOLYLINE
  5
6FA
330
1F
100
AcDbEntity
  8
1R
100
AcDbPolyline
 90
        6
 70
     1
 43
0.0
 10
24552.50402619664
 20
19947.81443794465
 10
24511.78018980902
 20
19966.29784431355
 10
24467.35363780356
 20
19951.5112129621
 10
24459.94921246902
 20
19914.54440022385
 10
24496.97133914053
 20
19899.75776887211
 10
24519.18461514297
 20
19907.15131890658
  0
LWPOLYLINE
  5
6FB
330
1F
100
AcDbEntity
  8
1R
100
AcDbPolyline
 90
        8
 70
     1
 43
0.0
 10
24619.89188592541
 20
20015.66125443735
 10
24642.10516192844
 20
20045.23451714099
 10
24727.25555032152
 20
20045.23451714099
 10
24730.95826593936
 20
20030.4478857891
 10
24727.25555032152
 20
19997.17784806844
 10
24701.34056460238
 20
19971.30089166449
 10
24686.53171393389
 20
19974.99766668209
 10
24634.7007365939
 20
19978.69444169911
  0
LWPOLYLINE
  5
6FC
330
1F
100
AcDbEntity
  8
1R
100
AcDbPolyline
 90
        8
 70
     1
 43
0.0
 10
24415.52266046356
 20
20018.05128840354
 10
24437.73593646658
 20
20047.62455110733
 10
24522.88632485967
 20
20047.62455110733
 10
24526.5890404775
 20
20032.83791975543
 10
24522.88632485967
 20
19999.56788203478
 10
24496.97133914053
 20
19973.69092563083
 10
24482.16248847205
 20
19977.38770064828
 10
24430.33151113205
 20
19981.08447566544
  0
LWPOLYLINE
  5
6FD
330
1F
100
AcDbEntity
  8
1R
100
AcDbPolyline
 90
        7
 70
     1
 43
0.0
 10
24533.3252847638
 20
20020.00565301505
 10
24548.13413543229
 20
20034.79228436636
 10
24588.85797181991
 20
20045.88214070123
 10
24611.07124782293
 20
20023.70195931444
 10
24603.6668224884
 20
19997.82547162826
 10
24562.94298610077
 20
19979.34206525935
 10
24548.13413543229
 20
19990.43192159364
  0
LWPOLYLINE
  5
6FE
330
1F
100
AcDbEntity
  8
1R
100
AcDbPolyline
 90
        7
 70
     1
 43
0.0
 10
23799.00233867413
 20
20019.82601023774
 10
23813.81118934262
 20
20034.61264158905
 10
23854.53502573024
 20
20045.70249792393
 10
23876.74830173327
 20
20023.52231653713
 10
23869.34387639873
 20
19997.64582885095
 10
23828.6200400111
 20
19979.16242248204
 10
23813.81118934262
 20
19990.25227881634
  0
LWPOLYLINE
  5
6FF
330
1F
100
AcDbEntity
  8
1R
100
AcDbPolyline
 90
        8
 70
     1
 43
0.0
 10
25350.30692418802
 20
19954.49429645596
 10
25372.52020019046
 20
19984.06755915959
 10
25457.67058858413
 20
19984.06755915959
 10
25461.37330420139
 20
19969.28092780785
 10
25457.67058858413
 20
19936.01089008706
 10
25431.75560286441
 20
19910.13393368325
 10
25416.94675219592
 20
19913.8307087007
 10
25365.11577485651
 20
19917.52748371771
1001
ACAD
1000
ASC_BOUNDS
1002
{
1070
    19
1002
}
  0
LWPOLYLINE
  5
700
330
1F
100
AcDbEntity
  8
1R
100
AcDbPolyline
 90
        7
 70
     1
 43
0.0
 10
23175.35078101789
 20
19982.54991829058
 10
23160.54193034941
 20
20004.72963095975
 10
23167.94635568336
 20
20023.21303732865
 10
23219.77733302336
 20
20045.39321871501
 10
23230.883468074
 20
20026.90981234611
 10
23234.58618369184
 20
20004.72963095975
 10
23197.56405702033
 20
19989.942999608
  0
LWPOLYLINE
  5
701
330
1F
100
AcDbEntity
  8
1R
100
AcDbPolyline
 90
        8
 70
     1
 43
0.0
 10
23678.25589422682
 20
20010.5595240953
 10
23700.46917022925
 20
20040.13278679893
 10
23785.61955862234
 20
20040.13278679893
 10
23789.32227424018
 20
20025.34615544719
 10
23785.61955862234
 20
19992.07611772639
 10
23759.7045729032
 20
19966.19916132259
 10
23744.89572223472
 20
19969.89593634004
 10
23693.0647448953
 20
19973.59271135705
1001
ACAD
1000
ASC_BOUNDS
1002
{
1070
    19
1002
}
  0
LWPOLYLINE
  5
702
330
1F
100
AcDbEntity
  8
1R
100
AcDbPolyline
 90
        8
 70
     1
 43
0.0
 10
22658.4406469194
 20
19948.07933842196
 10
22680.65392292184
 20
19977.65260112559
 10
22765.80431131551
 20
19977.65260112559
 10
22769.50702693276
 20
19962.86596977385
 10
22765.80431131551
 20
19929.59593205305
 10
22739.88932559579
 20
19903.71897564925
 10
22725.0804749273
 20
19907.4157506667
 10
22673.24949758789
 20
19911.11252568371
  0
LWPOLYLINE
  5
703
330
1F
100
AcDbEntity
  8
1R
100
AcDbPolyline
 90
        6
 70
     1
 43
0.0
 10
22658.4406469194
 20
19970.25951980832
 10
22617.7168105277
 20
19988.74292617722
 10
22573.29025852224
 20
19973.95629482577
 10
22565.88583318829
 20
19936.98948208752
 10
22602.90795985921
 20
19922.20285073578
 10
22625.12123586223
 20
19929.59640077024
  0
LWPOLYLINE
  5
704
330
1F
100
AcDbEntity
  8
1R
100
AcDbPolyline
 90
        7
 70
     1
 43
0.0
 10
22691.24289415134
 20
20022.60705151904
 10
22706.05174481983
 20
20037.39368287035
 10
22746.77558120746
 20
20048.48353920522
 10
22768.98885721048
 20
20026.30335781843
 10
22761.58443187594
 20
20000.42687013225
 10
22720.86059548832
 20
19981.94346376334
 10
22706.05174481983
 20
19993.03332009763
  0
LWPOLYLINE
  5
705
330
1F
100
AcDbEntity
  8
1R
100
AcDbPolyline
 90
        8
 70
     1
 43
0.0
 10
22449.14139014234
 20
19948.18496560649
 10
22471.35466614478
 20
19977.75822831027
 10
22556.50505454194
 20
19977.75822831027
 10
22560.2077701557
 20
19962.97159695838
 10
22556.50505454194
 20
19929.70155923773
 10
22530.59006881873
 20
19903.82460283378
 10
22515.78121815024
 20
19907.52137785123
 10
22463.95024081083
 20
19911.21815286839
  0
LWPOLYLINE
  5
706
330
1F
100
AcDbEntity
  8
1R
100
AcDbPolyline
 90
        8
 70
     1
 43
0.0
 10
23241.92314985311
 20
20017.41483970683
 10
23264.13642585555
 20
20046.9881024106
 10
23349.28681424921
 20
20046.9881024106
 10
23352.98952986647
 20
20032.20147105871
 10
23349.28681424921
 20
19998.93143333806
 10
23323.37182852949
 20
19973.05447693411
 10
23308.56297786101
 20
19976.75125195156
 10
23256.7320005216
 20
19980.44802696872
  0
LWPOLYLINE
  5
707
330
1F
100
AcDbEntity
  8
1R
100
AcDbPolyline
 90
        7
 70
     1
 43
0.0
 10
22851.1593619515
 20
19997.8039443426
 10
22865.96821261999
 20
20012.59057569391
 10
22906.69204900761
 20
20023.68043202878
 10
22928.90532501005
 20
20001.50025064199
 10
22921.5008996761
 20
19975.6237629558
 10
22880.77706328847
 20
19957.1403565869
 10
22865.96821261999
 20
19968.23021292119
  0
LWPOLYLINE
  5
708
330
1F
100
AcDbEntity
  8
1R
100
AcDbPolyline
 90
        6
 70
     1
 43
0.0
 10
23718.09849293458
 20
19948.76055657192
 10
23677.37465654637
 20
19967.24396294082
 10
23632.94810454091
 20
19952.45733158937
 10
23625.54367920696
 20
19915.49051885112
 10
23662.56580587789
 20
19900.70388749938
 10
23684.77908188091
 20
19908.09743753384
  0
LWPOLYLINE
  5
709
330
1F
100
AcDbEntity
  8
1R
100
AcDbPolyline
 90
        8
 70
     1
 43
0.0
 10
23164.17618089284
 20
19947.17798924792
 10
23186.38945689586
 20
19976.75125195156
 10
23271.53984528894
 20
19976.75125195156
 10
23275.24256090678
 20
19961.96462059982
 10
23271.53984528894
 20
19928.69458287902
 10
23245.62485956981
 20
19902.81762647521
 10
23230.81600890132
 20
19906.51440149223
 10
23178.98503156132
 20
19910.21117650968
  0
LWPOLYLINE
  5
70A
330
1F
100
AcDbEntity
  8
1R
100
AcDbPolyline
 90
        6
 70
     1
 43
0.0
 10
22861.62970036324
 20
20030.09995375105
 10
22820.90586397213
 20
20048.58336012039
 10
22776.47931197016
 20
20033.7967287685
 10
22769.07488663562
 20
19996.82991603026
 10
22806.09701330364
 20
19982.04328467851
 10
22828.31028930608
 20
19989.43683471342
  0
LWPOLYLINE
  5
70B
330
1F
100
AcDbEntity
  8
1R
100
AcDbPolyline
 90
        6
 70
     1
 43
0.0
 10
22636.54889143489
 20
20006.17750361393
 10
22614.33662133301
 20
20039.44754133473
 10
22632.84718171819
 20
20050.53786638679
 10
22673.57101810582
 20
20043.14431635175
 10
22706.89143506063
 20
20043.14431635175
 10
22684.67815905819
 20
20028.35768500029
  0
LWPOLYLINE
  5
70C
330
1F
100
AcDbEntity
  8
1R
100
AcDbPolyline
 90
        7
 70
     1
 43
0.0
 10
23106.77194422109
 20
19931.26276080706
 10
23091.9630935526
 20
19953.44247347623
 10
23099.36751888655
 20
19971.92587984514
 10
23151.19849622655
 20
19994.10606123149
 10
23162.3046312772
 20
19975.62265486259
 10
23166.00734689504
 20
19953.44247347623
 10
23128.98522022353
 20
19938.65584212448
  0
LWPOLYLINE
  5
70D
330
1F
100
AcDbEntity
  8
1R
100
AcDbPolyline
 90
        6
 70
     1
 43
0.0
 10
22861.26416077696
 20
19959.65485375023
 10
22820.54032438875
 20
19978.13826011957
 10
22776.11377238329
 20
19963.35162876782
 10
22768.70934704934
 20
19926.38481602958
 10
22805.73147372026
 20
19911.59818467769
 10
22827.94474972329
 20
19918.99173471215
  0
LWPOLYLINE
  5
70E
330
1F
100
AcDbEntity
  8
1R
100
AcDbPolyline
 90
        6
 70
     1
 43
0.0
 10
22542.38623473337
 20
20031.69406595605
 10
22501.66239834167
 20
20050.17747232539
 10
22457.23584633621
 20
20035.39084097365
 10
22449.83142100226
 20
19998.4240282354
 10
22486.85354767319
 20
19983.63739688351
 10
22509.06682367621
 20
19991.03094691798
  0
LWPOLYLINE
  5
70F
330
1F
100
AcDbEntity
  8
1R
100
AcDbPolyline
 90
        7
 70
     1
 43
0.0
 10
22547.69679332511
 20
19983.99779094476
 10
22532.88794265662
 20
20006.17750361393
 10
22540.29236799057
 20
20024.66090998284
 10
22592.12334533057
 20
20046.8410913692
 10
22603.22948038122
 20
20028.35768500029
 10
22606.93219599906
 20
20006.17750361393
 10
22569.91006932755
 20
19991.39087226219
  0
LWPOLYLINE
  5
710
330
1F
100
AcDbEntity
  8
1R
100
AcDbPolyline
 90
        4
 70
     1
 43
0.0
 10
22928.5971449788
 20
20012.7099973592
 10
22906.38386897636
 20
20038.58648504539
 10
22958.21484631577
 20
20045.98003508043
 10
22976.72540670096
 20
20038.58648504539
  0
LWPOLYLINE
  5
711
330
1F
100
AcDbEntity
  8
1R
100
AcDbPolyline
 90
        8
 70
     1
 43
0.0
 10
23879.69349350033
 20
20016.54485539944
 10
23901.90676950335
 20
20046.11811810322
 10
23987.05715789644
 20
20046.11811810322
 10
23990.75987351428
 20
20031.33148675133
 10
23987.05715789644
 20
19998.06144903068
 10
23961.1421721773
 20
19972.18449262673
 10
23946.33332150881
 20
19975.88126764417
 10
23894.50234416882
 20
19979.57804266134
  0
LWPOLYLINE
  5
712
330
1F
100
AcDbEntity
  8
1R
100
AcDbPolyline
 90
        7
 70
     1
 43
0.0
 10
24212.81955086112
 20
20020.14594546974
 10
24227.62840152961
 20
20034.93257682104
 10
24268.35223791723
 20
20046.02243315592
 10
24290.56551392025
 20
20023.84225176912
 10
24283.16108858572
 20
19997.96576408294
 10
24242.43725219809
 20
19979.48235771404
 10
24227.62840152961
 20
19990.57221404833
  0
LWPOLYLINE
  5
713
330
1F
100
AcDbEntity
  8
1R
100
AcDbPolyline
 90
        6
 70
     1
 43
0.0
 10
23985.36559942514
 20
19951.52149497098
 10
23944.64176303752
 20
19970.00490133988
 10
23900.21521103205
 20
19955.21826998843
 10
23892.81078569752
 20
19918.25145725018
 10
23929.83291236903
 20
19903.46482589844
 10
23952.04618837147
 20
19910.85837593291
  0
LWPOLYLINE
  5
714
330
1F
100
AcDbEntity
  8
1R
100
AcDbPolyline
 90
        8
 70
     1
 43
0.0
 10
24095.01692656088
 20
20018.19158085823
 10
24117.2302025639
 20
20047.76484356201
 10
24202.38059095699
 20
20047.76484356201
 10
24206.08330657482
 20
20032.97821221012
 10
24202.38059095699
 20
19999.70817448947
 10
24176.46560523785
 20
19973.83121808551
 10
24161.65675456936
 20
19977.52799310297
 10
24109.82577722937
 20
19981.22476812013
  0
LWPOLYLINE
  5
715
330
1F
100
AcDbEntity
  8
1R
100
AcDbPolyline
 90
        8
 70
     1
 43
0.0
 10
23761.3632153376
 20
19949.8080617594
 10
23783.57649134004
 20
19979.38132446303
 10
23868.72687973371
 20
19979.38132446303
 10
23872.42959535096
 20
19964.59469311114
 10
23868.72687973371
 20
19931.32465539049
 10
23842.81189401399
 20
19905.44769898654
 10
23828.0030433455
 20
19909.14447400414
 10
23776.17206600609
 20
19912.84124902115
  0
LWPOLYLINE
  5
716
330
1F
100
AcDbEntity
  8
1R
100
AcDbPolyline
 90
        8
 70
     1
 43
0.0
 10
24299.38615202273
 20
20015.80154689204
 10
24321.59942802575
 20
20045.37480959567
 10
24406.74981641884
 20
20045.37480959567
 10
24410.45253203667
 20
20030.58817824378
 10
24406.74981641884
 20
19997.31814052313
 10
24380.8348306997
 20
19971.44118411918
 10
24366.02598003121
 20
19975.13795913677
 10
24314.19500269122
 20
19978.83473415379
  0
LWPOLYLINE
  5
717
330
1F
100
AcDbEntity
  8
1R
100
AcDbPolyline
 90
        6
 70
     1
 43
0.0
 10
24231.99829229396
 20
19947.95473039933
 10
24191.27445590634
 20
19966.43813676824
 10
24146.84790390087
 20
19951.65150541678
 10
24139.44347856634
 20
19914.68469267854
 10
24176.46560523785
 20
19899.89806132679
 10
24198.67888124029
 20
19907.29161136126
  0
LWPOLYLINE
  5
718
330
1F
100
AcDbEntity
  8
1R
100
AcDbPolyline
 90
        8
 70
     1
 43
0.0
 10
23991.54290426753
 20
19963.758731115
 10
24013.75618027056
 20
19993.33199381863
 10
24098.90656866364
 20
19993.33199381863
 10
24102.60928428148
 20
19978.54536246689
 10
24098.90656866364
 20
19945.27532474609
 10
24072.9915829445
 20
19919.39836834229
 10
24058.18273227601
 20
19923.09514335974
 10
24006.35175493602
 20
19926.79191837675
1001
ACAD
1000
ASC_BOUNDS
1002
{
1070
    19
1002
}
  0
LWPOLYLINE
  5
719
330
1F
100
AcDbEntity
  8
1R
100
AcDbPolyline
 90
        6
 70
     1
 43
0.0
 10
23370.91540056826
 20
19953.85742045127
 10
23330.19156418064
 20
19972.34082682061
 10
23285.76501217517
 20
19957.55419546872
 10
23278.36058684064
 20
19920.58738273048
 10
23315.38271351215
 20
19905.80075137873
 10
23337.59598951459
 20
19913.19430141364
  0
LWPOLYLINE
  5
71A
330
1F
100
AcDbEntity
  8
1R
100
AcDbPolyline
 90
        6
 70
     1
 43
0.0
 10
24327.77896771182
 20
19965.78997807441
 10
24287.0551313242
 20
19984.27338444375
 10
24242.62857931874
 20
19969.48675309186
 10
24235.22415398478
 20
19932.51994035361
 10
24272.24628065571
 20
19917.73330900187
 10
24294.45955665873
 20
19925.12685903677
  0
LWPOLYLINE
  5
71B
330
1F
100
AcDbEntity
  8
1R
100
AcDbPolyline
 90
        5
 70
     1
 43
0.0
 10
23051.45517594412
 20
19942.11339662591
 10
23021.83747460714
 20
19964.29357801227
 10
23044.05075061016
 20
19979.08020936416
 10
23069.9657363293
 20
19975.38343434656
 10
23066.2640266126
 20
19945.81017164293
  0
LWPOLYLINE
  5
71C
330
1F
100
AcDbEntity
  8
1R
100
AcDbPolyline
 90
        6
 70
     1
 43
0.0
 10
23128.70818239425
 20
20027.91483192347
 10
23087.98434600662
 20
20046.39823829281
 10
23043.55779400117
 20
20031.61160694107
 10
23036.15336866663
 20
19994.64479420282
 10
23073.17549533814
 20
19979.85816285093
 10
23095.38877134058
 20
19987.2517128854
  0
LWPOLYLINE
  5
71D
330
1F
100
AcDbEntity
  8
1R
100
AcDbPolyline
 90
        7
 70
     1
 43
0.0
 10
23382.289332516
 20
19899.75769487385
 10
23367.48048184752
 20
19921.93740754301
 10
23374.88490718205
 20
19940.42081391192
 10
23426.71588452147
 20
19962.60099529827
 10
23437.82201957211
 20
19944.11758892937
 10
23441.52473518995
 20
19921.93740754301
 10
23404.50260851903
 20
19907.15077619127
  0
LWPOLYLINE
  5
71E
330
1F
100
AcDbEntity
  8
1R
100
AcDbPolyline
 90
        6
 70
     1
 43
0.0
 10
22965.97416755741
 20
19950.87930407809
 10
22925.25033116979
 20
19969.36271044743
 10
22880.82377916432
 20
19954.57607909569
 10
22873.41935382979
 20
19917.60926635744
 10
22910.4414805013
 20
19902.82263500555
 10
22932.65475650374
 20
19910.21618504002
  0
LWPOLYLINE
  5
71F
330
1F
100
AcDbEntity
  8
1R
100
AcDbPolyline
 90
        7
 70
     1
 43
0.0
 10
22967.58250230956
 20
19900.45188589196
 10
22952.77365164107
 20
19922.63159856113
 10
22960.17807697503
 20
19941.11500493004
 10
23012.00905431502
 20
19963.29518631639
 10
23023.11518936916
 20
19944.81177994749
 10
23026.81790498351
 20
19922.63159856113
 10
22989.795778312
 20
19907.84496720939
  0
LWPOLYLINE
  5
720
330
1F
100
AcDbEntity
  8
1R
100
AcDbPolyline
 90
        6
 70
     1
 43
0.0
 10
23440.34366293703
 20
20006.29942436048
 10
23399.61982654941
 20
20024.78283072982
 10
23355.19327454395
 20
20009.99619937793
 10
23347.78884920941
 20
19973.02938663968
 10
23384.81097588092
 20
19958.24275528794
 10
23407.02425188336
 20
19965.63630532284
  0
LWPOLYLINE
  5
721
330
1F
100
AcDbEntity
  8
1R
100
AcDbPolyline
 90
        8
 70
     1
 43
0.0
 10
23566.17055671555
 20
20010.65490585563
 10
23588.38383271799
 20
20040.22816855926
 10
23673.53422111166
 20
20040.22816855926
 10
23677.23693672891
 20
20025.44153720752
 10
23673.53422111166
 20
19992.17149948672
 10
23647.61923539194
 20
19966.29454308292
 10
23632.81038472345
 20
19969.99131810037
 10
23580.97940738404
 20
19973.68809311738
1001
ACAD
1000
ASC_BOUNDS
1002
{
1070
    19
1002
}
  0
LWPOLYLINE
  5
722
330
1F
100
AcDbEntity
  8
1R
100
AcDbPolyline
 90
        8
 70
     1
 43
0.0
 10
23451.14962981756
 20
20011.01449459733
 10
23473.36290582
 20
20040.58775730097
 10
23558.51329421366
 20
20040.58775730097
 10
23562.21600983092
 20
20025.80112594908
 10
23558.51329421366
 20
19992.53108822843
 10
23532.59830849395
 20
19966.65413182447
 10
23517.78945782545
 20
19970.35090684207
 10
23465.95848048604
 20
19974.04768185909
  0
LWPOLYLINE
  5
723
330
1F
100
AcDbEntity
  8
1R
100
AcDbPolyline
 90
        7
 70
     1
 43
0.0
 10
23549.01785176024
 20
19941.90766645811
 10
23563.82670242873
 20
19956.69429780942
 10
23604.55053881985
 20
19967.78415414429
 10
23626.76381482287
 20
19945.6039727575
 10
23619.35938948833
 20
19919.72748507132
 10
23578.63555309721
 20
19901.24407870241
 10
23563.82670242873
 20
19912.3339350367
  0
LWPOLYLINE
  5
724
330
1F
100
AcDbEntity
  8
1R
100
AcDbPolyline
 90
        4
 70
     1
 43
0.0
 10
23050.59801806507
 20
19907.63779234566
 10
23028.38474206263
 20
19933.51428003185
 10
23080.21571940205
 20
19940.90783006689
 10
23098.72627978723
 20
19933.51428003185
  0
LWPOLYLINE
  5
725
330
1F
100
AcDbEntity
  8
1R
100
AcDbPolyline
 90
        6
 70
     1
 43
0.0
 10
23028.65330366544
 20
20006.39961529288
 10
22987.92946727781
 20
20024.88302166222
 10
22943.50291527235
 20
20010.09639031047
 10
22936.09848993782
 20
19973.12957757223
 10
22973.12061660933
 20
19958.34294622034
 10
22995.33389261176
 20
19965.7364962548
  0
LWPOLYLINE
  5
726
330
1F
100
AcDbEntity
  8
1R
100
AcDbPolyline
 90
        6
 70
     1
 43
0.0
 10
23545.62209164105
 20
19947.87260798688
 10
23504.89825525342
 20
19966.35601435579
 10
23460.47170324796
 20
19951.56938300433
 10
23453.06727791343
 20
19914.60257026609
 10
23490.08940458494
 20
19899.81593891434
 10
23512.30268058738
 20
19907.20948894881
  0
LWPOLYLINE
  5
727
330
1F
100
AcDbEntity
  8
1R
100
AcDbPolyline
 90
        8
 70
     1
 43
0.0
 10
25446.84606623717
 20
20017.47472063257
 10
25469.0593422402
 20
20047.04798333635
 10
25554.20973063328
 20
20047.04798333635
 10
25557.91244625112
 20
20032.26135198446
 10
25554.20973063328
 20
19998.99131426381
 10
25528.29474491415
 20
19973.11435785986
 10
25513.48589424565
 20
19976.81113287731
 10
25461.65491690566
 20
19980.50790789447
  0
LINE
  5
728
102
{ACAD_REACTORS
330
6E4
102
}
330
1F
100
AcDbEntity
  8
2Y
100
AcDbLine
 10
22451.75863817434
 20
26005.40485153672
 30
0.0
 11
23201.75863817433
 21
26005.40485153672
 31
0.0
  0
DIMENSION
  5
729
330
1F
100
AcDbEntity
  8
0
100
AcDbDimension
280
     0
  2
*D19
 10
18523.95023422728
 20
20053.66034230968
 30
0.0
 11
18523.95023422728
 21
20765.48525751798
 31
0.0
 70
   160
  1
H2=600MM
 71
     5
 42
1423.649830416616
 73
     0
 74
     0
 75
     0
  3
DIM100
100
AcDbAlignedDimension
 13
19354.80969855955
 23
21477.31017272629
 33
0.0
 14
22451.75863817433
 24
20053.66034230967
 34
0.0
 50
90.0
100
AcDbRotatedDimension
1001
ACAD
1000
DSTYLE
1002
{
1070
   147
1040
0.5
1002
}
  0
DIMENSION
  5
72A
330
1F
100
AcDbEntity
  8
0
100
AcDbDimension
280
     0
  2
*D20
 10
18529.38433698867
 20
21477.3101727263
 30
0.0
 11
18304.38433698867
 21
23741.35751213151
 31
0.0
 70
    32
  1
H1
 71
     5
 42
4528.094678810437
 73
     0
 74
     0
 75
     0
  3
DIM100
100
AcDbAlignedDimension
 13
22601.75863817434
 23
26005.40485153672
 33
0.0
 14
22601.75863817434
 24
21477.31017272629
 34
0.0
 50
90.0
100
AcDbRotatedDimension
  0
LINE
  5
72B
102
{ACAD_REACTORS
330
6E1
102
}
330
1F
100
AcDbEntity
  8
2Y
100
AcDbLine
 10
25698.8098481799
 20
20053.66034230967
 30
0.0
 11
25698.8098481799
 21
20592.6105178104
 31
0.0
  0
LINE
  5
72C
102
{ACAD_REACTORS
330
6C7
330
773
102
}
330
1F
100
AcDbEntity
  8
2Y
100
AcDbLine
 10
25698.8098481799
 20
20592.6105178104
 30
0.0
 11
22901.75863817434
 21
20592.6105178104
 31
0.0
  0
LINE
  5
72D
102
{ACAD_REACTORS
330
6D3
102
}
330
1F
100
AcDbEntity
  8
2Y
100
AcDbLine
 10
25698.8098481799
 20
20053.66034230967
 30
0.0
 11
22451.75863817433
 21
20053.66034230967
 31
0.0
  0
LINE
  5
72E
330
1F
100
AcDbEntity
  8
2Y
100
AcDbLine
 10
22451.75863817434
 20
26005.40485153672
 30
0.0
 11
22451.75863817433
 21
20053.66034230967
 31
0.0
  0
LINE
  5
72F
330
1F
100
AcDbEntity
  8
4C
100
AcDbLine
 10
22491.75863817434
 20
25945.40485153673
 30
0.0
 11
22491.75863817433
 21
20194.35752243925
 31
0.0
  0
ARC
  5
730
330
1F
100
AcDbEntity
  8
4C
100
AcDbCircle
 10
22521.75863817433
 20
20194.35752243925
 30
0.0
 40
30.0
100
AcDbArc
 50
180.0
 51
270.0
  0
LINE
  5
731
330
1F
100
AcDbEntity
  8
4C
100
AcDbLine
 10
22781.75863817434
 20
20265.59979518796
 30
0.0
 11
23700.71287169368
 21
20265.59979518796
 31
0.0
  0
ARC
  5
732
330
1F
100
AcDbEntity
  8
4C
100
AcDbCircle
 10
22781.75863817434
 20
20295.59979518796
 30
0.0
 40
30.0
100
AcDbArc
 50
180.0
 51
270.0
  0
ARC
  5
733
330
1F
100
AcDbEntity
  8
4C
100
AcDbCircle
 10
22632.76217519893
 20
20412.6105178104
 30
0.0
 40
30.0
100
AcDbArc
 50
90.0
 51
180.0
  0
LWPOLYLINE
  5
734
330
1F
100
AcDbEntity
  8
3G
100
AcDbPolyline
 90
        2
 70
     1
 43
30.0
 10
25566.28602215857
 20
20219.031380982
 42
1.0
 10
25596.28602215857
 20
20219.031380982
 42
1.0
  0
LWPOLYLINE
  5
735
330
1F
100
AcDbEntity
  8
3G
100
AcDbPolyline
 90
        2
 70
     1
 43
30.0
 10
23743.39382674857
 20
20219.031380982
 42
1.0
 10
23773.39382674857
 20
20219.031380982
 42
1.0
  0
LWPOLYLINE
  5
736
330
1F
100
AcDbEntity
  8
3G
100
AcDbPolyline
 90
        2
 70
     1
 43
30.0
 10
24350.78180225211
 20
20219.031380982
 42
1.0
 10
24380.78180225211
 20
20219.031380982
 42
1.0
  0
LWPOLYLINE
  5
737
330
1F
100
AcDbEntity
  8
3G
100
AcDbPolyline
 90
        2
 70
     1
 43
30.0
 10
24958.60673909528
 20
20219.031380982
 42
1.0
 10
24988.60673909528
 20
20219.031380982
 42
1.0
  0
LWPOLYLINE
  5
738
330
1F
100
AcDbEntity
  8
3G
100
AcDbPolyline
 90
        2
 70
     1
 43
30.0
 10
24958.60673909528
 20
20393.62472365837
 42
1.0
 10
24988.60673909528
 20
20393.62472365837
 42
1.0
  0
LWPOLYLINE
  5
739
330
1F
100
AcDbEntity
  8
3G
100
AcDbPolyline
 90
        2
 70
     1
 43
30.0
 10
25566.28602215857
 20
20393.62472365837
 42
1.0
 10
25596.28602215857
 20
20393.62472365837
 42
1.0
  0
LWPOLYLINE
  5
73A
330
1F
100
AcDbEntity
  8
3G
100
AcDbPolyline
 90
        2
 70
     1
 43
30.0
 10
24350.78180225211
 20
20393.62472365837
 42
1.0
 10
24380.78180225211
 20
20393.62472365837
 42
1.0
  0
LWPOLYLINE
  5
73B
330
1F
100
AcDbEntity
  8
3G
100
AcDbPolyline
 90
        2
 70
     1
 43
30.0
 10
23743.39382674857
 20
20393.62472365837
 42
1.0
 10
23773.39382674857
 20
20393.62472365837
 42
1.0
  0
LWPOLYLINE
  5
73C
330
1F
100
AcDbEntity
  8
3G
100
AcDbPolyline
 90
        2
 70
     1
 43
30.0
 10
23135.5688899054
 20
20393.62472365837
 42
1.0
 10
23165.56888990539
 20
20393.62472365837
 42
1.0
  0
CIRCLE
  5
73D
330
1F
100
AcDbEntity
  8
1R
100
AcDbCircle
 10
24365.78180225211
 20
20219.031380982
 30
0.0
 40
75.0
  0
LEADER
  5
73E
330
1F
100
AcDbEntity
  8
0
100
AcDbLeader
  3
DIM100
 76
     3
 10
24641.21850630906
 20
20164.35752243925
 30
0.0
 10
24641.21850630906
 20
19300.73970178869
 30
0.0
 10
26061.60888400464
 20
19300.73970178869
 30
0.0
1001
ACAD
1000
DSTYLE
1002
{
1070
   147
1040
1.0
1070
    77
1070
     0
1070
    40
1040
96.0
1002
}
  0
TEXT
  5
73F
330
1F
100
AcDbEntity
  8
TG
100
AcDbText
 10
26056.03497565349
 20
19191.8014125056
 30
0.0
 40
250.0
  1
"D"
 41
0.9
  7
ROMANS
100
AcDbText
  0
LWPOLYLINE
  5
740
330
1F
100
AcDbEntity
  8
3G
100
AcDbPolyline
 90
        2
 70
     1
 43
30.0
 10
22527.8896068421
 20
20892.6105178104
 42
1.0
 10
22557.8896068421
 20
20892.6105178104
 42
1.0
  0
LWPOLYLINE
  5
741
330
1F
100
AcDbEntity
  8
3G
100
AcDbPolyline
 90
        2
 70
     1
 43
30.0
 10
22699.7849956083
 20
21207.59265729609
 42
1.0
 10
22729.7849956083
 20
21207.59265729609
 42
1.0
  0
LWPOLYLINE
  5
742
330
1F
100
AcDbEntity
  8
3G
100
AcDbPolyline
 90
        2
 70
     1
 43
30.0
 10
22528.62138305882
 20
21207.59265729609
 42
1.0
 10
22558.62138305882
 20
21207.59265729609
 42
1.0
  0
LWPOLYLINE
  5
743
330
1F
100
AcDbEntity
  8
3G
100
AcDbPolyline
 90
        2
 70
     1
 43
30.0
 10
22699.05321939158
 20
21519.03858112417
 42
1.0
 10
22729.05321939159
 20
21519.03858112417
 42
1.0
  0
LWPOLYLINE
  5
744
330
1F
100
AcDbEntity
  8
3G
100
AcDbPolyline
 90
        2
 70
     1
 43
30.0
 10
22527.8896068421
 20
21519.03858112417
 42
1.0
 10
22557.8896068421
 20
21519.03858112417
 42
1.0
  0
LWPOLYLINE
  5
745
330
1F
100
AcDbEntity
  8
3G
100
AcDbPolyline
 90
        2
 70
     1
 43
30.0
 10
22699.05321939158
 20
21832.25261278106
 42
1.0
 10
22729.05321939159
 20
21832.25261278106
 42
1.0
  0
LWPOLYLINE
  5
746
330
1F
100
AcDbEntity
  8
3G
100
AcDbPolyline
 90
        2
 70
     1
 43
30.0
 10
22527.8896068421
 20
21832.25261278106
 42
1.0
 10
22557.8896068421
 20
21832.25261278106
 42
1.0
  0
LWPOLYLINE
  5
747
330
1F
100
AcDbEntity
  8
3G
100
AcDbPolyline
 90
        2
 70
     1
 43
30.0
 10
22699.05321939158
 20
22145.46664443795
 42
1.0
 10
22729.05321939159
 20
22145.46664443795
 42
1.0
  0
LWPOLYLINE
  5
748
330
1F
100
AcDbEntity
  8
3G
100
AcDbPolyline
 90
        2
 70
     1
 43
30.0
 10
22527.8896068421
 20
22145.46664443795
 42
1.0
 10
22557.8896068421
 20
22145.46664443795
 42
1.0
  0
LWPOLYLINE
  5
749
330
1F
100
AcDbEntity
  8
3G
100
AcDbPolyline
 90
        2
 70
     1
 43
30.0
 10
22699.05321939158
 20
22458.68067609485
 42
1.0
 10
22729.05321939159
 20
22458.68067609485
 42
1.0
  0
LWPOLYLINE
  5
74A
330
1F
100
AcDbEntity
  8
3G
100
AcDbPolyline
 90
        2
 70
     1
 43
30.0
 10
22527.8896068421
 20
22458.68067609485
 42
1.0
 10
22557.8896068421
 20
22458.68067609485
 42
1.0
  0
LWPOLYLINE
  5
74B
330
1F
100
AcDbEntity
  8
3G
100
AcDbPolyline
 90
        2
 70
     1
 43
30.0
 10
22699.05321939158
 20
22771.89470775173
 42
1.0
 10
22729.05321939159
 20
22771.89470775173
 42
1.0
  0
LWPOLYLINE
  5
74C
330
1F
100
AcDbEntity
  8
3G
100
AcDbPolyline
 90
        2
 70
     1
 43
30.0
 10
22527.8896068421
 20
22771.89470775173
 42
1.0
 10
22557.8896068421
 20
22771.89470775173
 42
1.0
  0
LWPOLYLINE
  5
74D
330
1F
100
AcDbEntity
  8
3G
100
AcDbPolyline
 90
        2
 70
     1
 43
30.0
 10
22699.05321939158
 20
23085.10873940862
 42
1.0
 10
22729.05321939159
 20
23085.10873940862
 42
1.0
  0
LWPOLYLINE
  5
74E
330
1F
100
AcDbEntity
  8
3G
100
AcDbPolyline
 90
        2
 70
     1
 43
30.0
 10
22527.8896068421
 20
23085.10873940862
 42
1.0
 10
22557.8896068421
 20
23085.10873940862
 42
1.0
  0
LWPOLYLINE
  5
74F
330
1F
100
AcDbEntity
  8
3G
100
AcDbPolyline
 90
        2
 70
     1
 43
30.0
 10
22699.05321939158
 20
23398.32277106551
 42
1.0
 10
22729.05321939159
 20
23398.32277106551
 42
1.0
  0
LWPOLYLINE
  5
750
330
1F
100
AcDbEntity
  8
3G
100
AcDbPolyline
 90
        2
 70
     1
 43
30.0
 10
22527.8896068421
 20
23398.32277106551
 42
1.0
 10
22557.8896068421
 20
23398.32277106551
 42
1.0
  0
LWPOLYLINE
  5
751
330
1F
100
AcDbEntity
  8
3G
100
AcDbPolyline
 90
        2
 70
     1
 43
30.0
 10
22699.05321939158
 20
23711.5368027224
 42
1.0
 10
22729.05321939159
 20
23711.5368027224
 42
1.0
  0
LWPOLYLINE
  5
752
330
1F
100
AcDbEntity
  8
3G
100
AcDbPolyline
 90
        2
 70
     1
 43
30.0
 10
22527.8896068421
 20
23711.5368027224
 42
1.0
 10
22557.8896068421
 20
23711.5368027224
 42
1.0
  0
LWPOLYLINE
  5
753
330
1F
100
AcDbEntity
  8
3G
100
AcDbPolyline
 90
        2
 70
     1
 43
30.0
 10
22699.05321939158
 20
24024.75083437929
 42
1.0
 10
22729.05321939159
 20
24024.75083437929
 42
1.0
  0
LWPOLYLINE
  5
754
330
1F
100
AcDbEntity
  8
3G
100
AcDbPolyline
 90
        2
 70
     1
 43
30.0
 10
22527.8896068421
 20
24024.75083437929
 42
1.0
 10
22557.8896068421
 20
24024.75083437929
 42
1.0
  0
LWPOLYLINE
  5
755
330
1F
100
AcDbEntity
  8
3G
100
AcDbPolyline
 90
        2
 70
     1
 43
30.0
 10
22699.05321939158
 20
24337.96486603618
 42
1.0
 10
22729.05321939159
 20
24337.96486603618
 42
1.0
  0
LWPOLYLINE
  5
756
330
1F
100
AcDbEntity
  8
3G
100
AcDbPolyline
 90
        2
 70
     1
 43
30.0
 10
22527.8896068421
 20
24337.96486603618
 42
1.0
 10
22557.8896068421
 20
24337.96486603618
 42
1.0
  0
LWPOLYLINE
  5
757
330
1F
100
AcDbEntity
  8
3G
100
AcDbPolyline
 90
        2
 70
     1
 43
30.0
 10
22699.05321939158
 20
24651.17889769307
 42
1.0
 10
22729.05321939159
 20
24651.17889769307
 42
1.0
  0
LWPOLYLINE
  5
758
330
1F
100
AcDbEntity
  8
3G
100
AcDbPolyline
 90
        2
 70
     1
 43
30.0
 10
22527.8896068421
 20
24651.17889769307
 42
1.0
 10
22557.8896068421
 20
24651.17889769307
 42
1.0
  0
LWPOLYLINE
  5
759
330
1F
100
AcDbEntity
  8
3G
100
AcDbPolyline
 90
        2
 70
     1
 43
30.0
 10
22699.05321939158
 20
24964.39292934995
 42
1.0
 10
22729.05321939159
 20
24964.39292934995
 42
1.0
  0
LWPOLYLINE
  5
75A
330
1F
100
AcDbEntity
  8
3G
100
AcDbPolyline
 90
        2
 70
     1
 43
30.0
 10
22527.8896068421
 20
24964.39292934995
 42
1.0
 10
22557.8896068421
 20
24964.39292934995
 42
1.0
  0
LWPOLYLINE
  5
75B
330
1F
100
AcDbEntity
  8
3G
100
AcDbPolyline
 90
        2
 70
     1
 43
30.0
 10
22527.8896068421
 20
25277.60696100684
 42
1.0
 10
22557.8896068421
 20
25277.60696100684
 42
1.0
  0
LWPOLYLINE
  5
75C
330
1F
100
AcDbEntity
  8
3G
100
AcDbPolyline
 90
        2
 70
     1
 43
30.0
 10
22699.05321939158
 20
25277.60696100684
 42
1.0
 10
22729.05321939159
 20
25277.60696100684
 42
1.0
  0
LWPOLYLINE
  5
75D
330
1F
100
AcDbEntity
  8
3G
100
AcDbPolyline
 90
        2
 70
     1
 43
30.0
 10
22699.05321939158
 20
25590.82099266373
 42
1.0
 10
22729.05321939159
 20
25590.82099266373
 42
1.0
  0
LWPOLYLINE
  5
75E
330
1F
100
AcDbEntity
  8
3G
100
AcDbPolyline
 90
        2
 70
     1
 43
30.0
 10
22527.8896068421
 20
25590.82099266373
 42
1.0
 10
22557.8896068421
 20
25590.82099266373
 42
1.0
  0
LWPOLYLINE
  5
75F
330
1F
100
AcDbEntity
  8
3G
100
AcDbPolyline
 90
        2
 70
     1
 43
30.0
 10
22527.8896068421
 20
25904.03502432062
 42
1.0
 10
22557.8896068421
 20
25904.03502432062
 42
1.0
  0
LWPOLYLINE
  5
760
330
1F
100
AcDbEntity
  8
3G
100
AcDbPolyline
 90
        2
 70
     1
 43
30.0
 10
22699.05321939158
 20
25904.03502432062
 42
1.0
 10
22729.05321939159
 20
25904.03502432062
 42
1.0
  0
LINE
  5
761
102
{ACAD_REACTORS
330
6E4
102
}
330
1F
100
AcDbEntity
  8
4C
100
AcDbLine
 10
22521.75863817434
 20
25975.40485153673
 30
0.0
 11
22721.75863817433
 21
25975.40485153673
 31
0.0
  0
LINE
  5
762
102
{ACAD_REACTORS
330
6E4
102
}
330
1F
100
AcDbEntity
  8
4C
100
AcDbLine
 10
22521.75863817434
 20
25945.40485153673
 30
0.0
 11
22721.75863817433
 21
25945.40485153673
 31
0.0
  0
ARC
  5
763
330
1F
100
AcDbEntity
  8
4C
100
AcDbCircle
 10
22521.75863817434
 20
25945.40485153673
 30
0.0
 40
30.0
100
AcDbArc
 50
90.0
 51
180.0
  0
ARC
  5
764
330
1F
100
AcDbEntity
  8
4C
100
AcDbCircle
 10
22721.75863817433
 20
25915.40485153672
 30
0.0
 40
30.0
100
AcDbArc
 50
0.0
 51
90.0
  0
CIRCLE
  5
765
330
1F
100
AcDbEntity
  8
1R
100
AcDbCircle
 10
22542.8896068421
 20
24964.39292934995
 30
0.0
 40
62.5
  0
LINE
  5
766
330
1F
100
AcDbEntity
  8
8G
100
AcDbLine
 10
22542.8896068421
 20
25026.89292934995
 30
0.0
 11
22714.05321939159
 21
24901.89292934995
 31
0.0
  0
LEADER
  5
767
330
1F
100
AcDbEntity
  8
0
100
AcDbLeader
  3
DIM100
 76
     2
 10
22491.75863817434
 20
25403.58442741728
 30
0.0
 10
23521.3575407509
 20
25403.58442741728
 30
0.0
1001
ACAD
1000
DSTYLE
1002
{
1070
   147
1040
1.0
1070
    77
1070
     0
1070
    40
1040
96.0
1002
}
  0
LEADER
  5
768
330
1F
100
AcDbEntity
  8
0
100
AcDbLeader
  3
DIM100
 76
     2
 10
22451.75863817434
 20
25403.58442741728
 30
0.0
 10
21610.52202830219
 20
25403.58442741728
 30
0.0
1001
ACAD
1000
DSTYLE
1002
{
1070
   147
1040
1.0
1070
    77
1070
     0
1070
    40
1040
96.0
1002
}
  0
TEXT
  5
769
330
1F
100
AcDbEntity
  8
TG
100
AcDbText
 10
20402.22794280369
 20
25275.20436985773
 30
0.0
 40
250.0
  1
40MM 
 41
0.9
  7
ROMANS
100
AcDbText
  0
TEXT
  5
76A
330
1F
100
AcDbEntity
  8
TG
100
AcDbText
 10
19797.70913322274
 20
24962.78984549642
 30
0.0
 40
250.0
  1
CLEARANCE
 41
0.9
  7
ROMANS
100
AcDbText
  0
LINE
  5
76B
102
{ACAD_REACTORS
330
6C7
102
}
330
1F
100
AcDbEntity
  8
2Y
100
AcDbLine
 10
22901.75863817434
 20
20792.6105178104
 30
0.0
 11
22451.75863817433
 21
20792.6105178104
 31
0.0
  0
SOLID
  5
76C
330
1F
100
AcDbEntity
  8
1R
100
AcDbTrace
 10
22644.75863817428
 20
20824.61051781046
 30
0.0
 11
22708.7586381744
 21
20824.61051781046
 31
0.0
 12
22644.75863817428
 22
20760.61051781034
 32
0.0
 13
22708.7586381744
 23
20760.61051781034
 33
0.0
  0
LEADER
  5
76D
330
1F
100
AcDbEntity
  8
0
100
AcDbLeader
  3
DIM100
 76
     3
 10
22644.75863817428
 20
20824.61051781046
 30
0.0
 10
23509.26773048967
 20
22304.47161094564
 30
0.0
 10
24453.24707044608
 20
22304.47161094564
 30
0.0
1001
ACAD
1000
DSTYLE
1002
{
1070
   147
1040
1.0
1070
    77
1070
     0
1070
    40
1040
96.0
1002
}
  0
TEXT
  5
76E
330
1F
100
AcDbEntity
  8
TG
100
AcDbText
 10
24447.67316209492
 20
22198.78566045705
 30
0.0
 40
250.0
  1
BENTONITE WATER STOP
 41
0.9
  7
ROMANS
100
AcDbText
  0
LINE
  5
76F
102
{ACAD_REACTORS
330
6C7
330
776
102
}
330
1F
100
AcDbEntity
  8
2Y
100
AcDbLine
 10
25698.8098481799
 20
21592.6105178104
 30
0.0
 11
22901.75863817434
 21
21592.6105178104
 31
0.0
  0
LINE
  5
770
102
{ACAD_REACTORS
330
6C7
102
}
330
1F
100
AcDbEntity
  8
2Y
100
AcDbLine
 10
25698.8098481799
 20
22592.6105178104
 30
0.0
 11
22901.75863817434
 21
22592.6105178104
 31
0.0
  0
DIMENSION
  5
771
102
{ACAD_XDICTIONARY
360
772
102
}
102
{ACAD_REACTORS
330
773
102
}
330
1F
100
AcDbEntity
  8
0
100
AcDbDimension
280
     0
  2
*D30
 10
29939.86993711881
 20
22592.61051781041
 30
0.0
 11
29723.86993711881
 21
21592.61051781039
 31
0.0
 70
    32
  1
L
 71
     5
 42
2000.0
 73
     0
 74
     0
 75
     0
  3
DIM100
100
AcDbAlignedDimension
 13
25698.8098481799
 23
20592.6105178104
 33
0.0
 14
25698.8098481799
 24
22592.6105178104
 34
0.0
 50
90.0
100
AcDbRotatedDimension
1001
ACAD
1000
DSTYLE
1002
{
1070
    40
1040
96.0
1002
}
  0
DIMENSION
  5
774
102
{ACAD_XDICTIONARY
360
775
102
}
102
{ACAD_REACTORS
330
776
102
}
330
1F
100
AcDbEntity
  8
0
100
AcDbDimension
280
     0
  2
*D31
 10
21265.38866697
 20
23528.5438630334
 30
0.0
 11
21049.38866697
 21
22560.57719042189
 31
0.0
 70
    32
  1
1000
 71
     5
 42
1935.933345222995
 73
     0
 74
     0
 75
     0
  3
DIM100
100
AcDbAlignedDimension
 13
22901.75863817434
 23
21592.6105178104
 33
0.0
 14
22452.96842244012
 24
23528.54386303339
 34
0.0
 50
90.0
100
AcDbRotatedDimension
1001
ACAD
1000
DSTYLE
1002
{
1070
    40
1040
96.0
1002
}
  0
LINE
  5
777
330
1F
100
AcDbEntity
  8
0
100
AcDbLine
 10
22451.75863817434
 20
23592.6105178104
 30
0.0
 11
22451.75863817434
 21
23592.6105178104
 31
0.0
  0
LINE
  5
778
330
1F
100
AcDbEntity
  8
5B
100
AcDbLine
 10
22901.75863817433
 20
23749.29739846043
 30
0.0
 11
22902.1961695187
 21
23749.4891416016
 31
0.0
  0
LINE
  5
779
330
1F
100
AcDbEntity
  8
5B
100
AcDbLine
 10
22901.75863817433
 20
23617.7916939386
 30
0.0
 11
22903.80171590145
 21
23618.68704954248
 31
0.0
  0
SPLINE
  5
77A
330
1F
100
AcDbEntity
  8
2Y
100
AcDbSpline
210
0.0
220
0.0
230
1.0
 70
  1064
 71
     3
 72
     9
 73
     5
 74
     3
 42
0.000000001
 43
0.0000000001
 44
0.0000000001
 40
0.0
 40
0.0
 40
0.0
 40
0.0
 40
85.15362537249686
 40
187.0102852436969
 40
187.0102852436969
 40
187.0102852436969
 40
187.0102852436969
 10
22901.75863817433
 20
23756.64220404971
 30
0.0
 10
22929.6692092141
 20
23736.80009170031
 30
0.0
 10
22990.96505925724
 20
23693.22380150637
 30
0.0
 10
22933.21349392793
 20
23640.83025674044
 30
0.0
 10
22901.75863817433
 20
23612.2936900927
 30
0.0
 11
22901.75863817433
 21
23756.64220404971
 31
0.0
 11
22960.80750318196
 21
23695.28773024877
 31
0.0
 11
22901.75863817433
 21
23612.2936900927
 31
0.0
  0
LINE
  5
77B
330
1F
100
AcDbEntity
  8
1R
100
AcDbLine
 10
22911.18875834844
 20
23974.81651434929
 30
0.0
 11
22921.55320170505
 21
23985.18095770589
 31
0.0
  0
LINE
  5
77C
330
1F
100
AcDbEntity
  8
1R
100
AcDbLine
 10
22921.03642037312
 20
23843.24282013665
 30
0.0
 11
22981.89943646709
 21
23904.10583623063
 31
0.0
  0
LINE
  5
77D
330
1F
100
AcDbEntity
  8
1R
100
AcDbLine
 10
23052.61011458576
 20
23833.39515811198
 30
0.0
 11
23091.9618800962
 21
23872.74692362242
 31
0.0
  0
LINE
  5
77E
330
1F
100
AcDbEntity
  8
1R
100
AcDbLine
 10
22911.18875834845
 20
23550.55244563736
 30
0.0
 11
22981.8994364671
 21
23621.26312375601
 31
0.0
  0
LINE
  5
77F
330
1F
100
AcDbEntity
  8
1R
100
AcDbLine
 10
23052.61011458576
 20
23691.97380187467
 30
0.0
 11
23123.3207927044
 21
23762.68447999332
 31
0.0
  0
LINE
  5
780
330
1F
100
AcDbEntity
  8
1R
100
AcDbLine
 10
22911.18875834845
 20
23409.13108940005
 30
0.0
 11
22981.8994364671
 21
23479.84176751871
 31
0.0
  0
LINE
  5
781
330
1F
100
AcDbEntity
  8
1R
100
AcDbLine
 10
23052.61011458576
 20
23550.55244563736
 30
0.0
 11
23123.3207927044
 21
23621.26312375601
 31
0.0
  0
LINE
  5
782
330
1F
100
AcDbEntity
  8
1R
100
AcDbLine
 10
23194.03147082306
 20
23691.97380187467
 30
0.0
 11
23262.37055848735
 21
23760.31288953896
 31
0.0
  0
LINE
  5
783
330
1F
100
AcDbEntity
  8
1R
100
AcDbLine
 10
22911.18875834845
 20
23267.70973316274
 30
0.0
 11
22981.8994364671
 21
23338.4204112814
 31
0.0
  0
LINE
  5
784
330
1F
100
AcDbEntity
  8
1R
100
AcDbLine
 10
23052.61011458576
 20
23409.13108940005
 30
0.0
 11
23123.3207927044
 21
23479.84176751871
 31
0.0
  0
LINE
  5
785
330
1F
100
AcDbEntity
  8
1R
100
AcDbLine
 10
23194.03147082306
 20
23550.55244563736
 30
0.0
 11
23264.74214894171
 21
23621.26312375602
 31
0.0
  0
LINE
  5
786
330
1F
100
AcDbEntity
  8
1R
100
AcDbLine
 10
22911.18875834845
 20
23126.28837692543
 30
0.0
 11
22981.8994364671
 21
23196.99905504409
 31
0.0
  0
LINE
  5
787
330
1F
100
AcDbEntity
  8
1R
100
AcDbLine
 10
23052.61011458576
 20
23267.70973316274
 30
0.0
 11
23123.3207927044
 21
23338.42041128139
 31
0.0
  0
LINE
  5
788
330
1F
100
AcDbEntity
  8
1R
100
AcDbLine
 10
23194.03147082306
 20
23409.13108940005
 30
0.0
 11
23256.61794907405
 21
23471.71756765105
 31
0.0
  0
LINE
  5
789
330
1F
100
AcDbEntity
  8
1R
100
AcDbLine
 10
22911.18875834844
 20
22984.86702068812
 30
0.0
 11
22981.89943646709
 21
23055.57769880677
 31
0.0
  0
LINE
  5
78A
330
1F
100
AcDbEntity
  8
1R
100
AcDbLine
 10
23052.61011458575
 20
23126.28837692543
 30
0.0
 11
23123.3207927044
 21
23196.99905504408
 31
0.0
  0
LINE
  5
78B
330
1F
100
AcDbEntity
  8
1R
100
AcDbLine
 10
23194.03147082305
 20
23267.70973316274
 30
0.0
 11
23222.14989666106
 21
23295.82815900075
 31
0.0
  0
LINE
  5
78C
330
1F
100
AcDbEntity
  8
1R
100
AcDbLine
 10
22911.18875834844
 20
22843.44566445081
 30
0.0
 11
22981.89943646709
 21
22914.15634256946
 31
0.0
  0
LINE
  5
78D
330
1F
100
AcDbEntity
  8
1R
100
AcDbLine
 10
23052.61011458575
 20
22984.86702068812
 30
0.0
 11
23123.3207927044
 21
23055.57769880677
 31
0.0
  0
LINE
  5
78E
330
1F
100
AcDbEntity
  8
1R
100
AcDbLine
 10
22911.18875834845
 20
22702.0243082135
 30
0.0
 11
22981.8994364671
 21
22772.73498633216
 31
0.0
  0
LINE
  5
78F
330
1F
100
AcDbEntity
  8
1R
100
AcDbLine
 10
23052.61011458576
 20
22843.44566445081
 30
0.0
 11
23123.3207927044
 21
22914.15634256947
 31
0.0
  0
LINE
  5
790
330
1F
100
AcDbEntity
  8
1R
100
AcDbLine
 10
22911.18875834845
 20
22560.60295197619
 30
0.0
 11
22981.8994364671
 21
22631.31363009485
 31
0.0
  0
LINE
  5
791
330
1F
100
AcDbEntity
  8
1R
100
AcDbLine
 10
23052.61011458576
 20
22702.0243082135
 30
0.0
 11
23118.74573942212
 21
22768.15993304987
 31
0.0
  0
LINE
  5
792
330
1F
100
AcDbEntity
  8
1R
100
AcDbLine
 10
22911.18875834845
 20
22419.18159573889
 30
0.0
 11
22981.8994364671
 21
22489.89227385754
 31
0.0
  0
LINE
  5
793
330
1F
100
AcDbEntity
  8
1R
100
AcDbLine
 10
23052.61011458576
 20
22560.60295197619
 30
0.0
 11
23084.27768700914
 21
22592.27052439959
 31
0.0
  0
LINE
  5
794
330
1F
100
AcDbEntity
  8
1R
100
AcDbLine
 10
22911.18875834845
 20
22277.76023950157
 30
0.0
 11
22981.8994364671
 21
22348.47091762023
 31
0.0
  0
LINE
  5
795
330
1F
100
AcDbEntity
  8
1R
100
AcDbLine
 10
22911.18875834845
 20
22136.33888326426
 30
0.0
 11
22981.8994364671
 21
22207.04956138292
 31
0.0
  0
LINE
  5
796
330
1F
100
AcDbEntity
  8
1R
100
AcDbLine
 10
22911.18875834844
 20
21994.91752702696
 30
0.0
 11
22980.87352977018
 21
22064.6022984487
 31
0.0
  0
LINE
  5
797
330
1F
100
AcDbEntity
  8
1R
100
AcDbLine
 10
22901.75863817433
 20
23876.99804652685
 30
0.0
 11
22955.38293217261
 21
23930.62234052513
 31
0.0
  0
LINE
  5
798
330
1F
100
AcDbEntity
  8
1R
100
AcDbLine
 10
23026.09361029126
 20
23859.91166240647
 30
0.0
 11
23060.01025289786
 21
23893.82830501307
 31
0.0
  0
LINE
  5
799
330
1F
100
AcDbEntity
  8
1R
100
AcDbLine
 10
23027.30535122762
 20
23719.70204710553
 30
0.0
 11
23096.80428840991
 21
23789.20098428782
 31
0.0
  0
LINE
  5
79A
330
1F
100
AcDbEntity
  8
1R
100
AcDbLine
 10
22901.75863817433
 20
23452.73397781493
 30
0.0
 11
22955.38293217261
 21
23506.3582718132
 31
0.0
  0
LINE
  5
79B
330
1F
100
AcDbEntity
  8
1R
100
AcDbLine
 10
23026.09361029126
 20
23577.06894993186
 30
0.0
 11
23096.80428840991
 21
23647.77962805051
 31
0.0
  0
LINE
  5
79C
330
1F
100
AcDbEntity
  8
1R
100
AcDbLine
 10
23167.51496652857
 20
23718.49030616917
 30
0.0
 11
23230.41893128901
 21
23781.39427092961
 31
0.0
  0
LINE
  5
79D
330
1F
100
AcDbEntity
  8
1R
100
AcDbLine
 10
22901.75863817433
 20
23311.31262157761
 30
0.0
 11
22955.38293217261
 21
23364.93691557589
 31
0.0
  0
LINE
  5
79E
330
1F
100
AcDbEntity
  8
1R
100
AcDbLine
 10
23026.09361029126
 20
23435.64759369454
 30
0.0
 11
23096.80428840991
 21
23506.3582718132
 31
0.0
  0
LINE
  5
79F
330
1F
100
AcDbEntity
  8
1R
100
AcDbLine
 10
23167.51496652857
 20
23577.06894993186
 30
0.0
 11
23238.22564464722
 21
23647.77962805051
 31
0.0
  0
LINE
  5
7A0
330
1F
100
AcDbEntity
  8
1R
100
AcDbLine
 10
22901.75863817433
 20
23169.89126534031
 30
0.0
 11
22955.38293217261
 21
23223.51555933858
 31
0.0
  0
LINE
  5
7A1
330
1F
100
AcDbEntity
  8
1R
100
AcDbLine
 10
23026.09361029126
 20
23294.22623745724
 30
0.0
 11
23096.80428840991
 21
23364.93691557589
 31
0.0
  0
LINE
  5
7A2
330
1F
100
AcDbEntity
  8
1R
100
AcDbLine
 10
23167.51496652857
 20
23435.64759369455
 30
0.0
 11
23238.22564464722
 21
23506.3582718132
 31
0.0
  0
LINE
  5
7A3
330
1F
100
AcDbEntity
  8
1R
100
AcDbLine
 10
22901.75863817433
 20
23028.469909103
 30
0.0
 11
22955.38293217261
 21
23082.09420310128
 31
0.0
  0
LINE
  5
7A4
330
1F
100
AcDbEntity
  8
1R
100
AcDbLine
 10
23026.09361029126
 20
23152.80488121993
 30
0.0
 11
23096.80428840991
 21
23223.51555933858
 31
0.0
  0
LINE
  5
7A5
330
1F
100
AcDbEntity
  8
1R
100
AcDbLine
 10
23167.51496652857
 20
23294.22623745724
 30
0.0
 11
23235.07541631594
 21
23361.78668724461
 31
0.0
  0
LINE
  5
7A6
330
1F
100
AcDbEntity
  8
1R
100
AcDbLine
 10
22901.75863817433
 20
22887.04855286569
 30
0.0
 11
22955.38293217261
 21
22940.67284686396
 31
0.0
  0
LINE
  5
7A7
330
1F
100
AcDbEntity
  8
1R
100
AcDbLine
 10
23026.09361029126
 20
23011.38352498262
 30
0.0
 11
23096.80428840991
 21
23082.09420310127
 31
0.0
  0
LINE
  5
7A8
330
1F
100
AcDbEntity
  8
1R
100
AcDbLine
 10
23167.51496652857
 20
23152.80488121993
 30
0.0
 11
23200.60736390296
 21
23185.89727859432
 31
0.0
  0
LINE
  5
7A9
330
1F
100
AcDbEntity
  8
1R
100
AcDbLine
 10
22901.75863817433
 20
22745.62719662838
 30
0.0
 11
22955.38293217261
 21
22799.25149062666
 31
0.0
  0
LINE
  5
7AA
330
1F
100
AcDbEntity
  8
1R
100
AcDbLine
 10
23026.09361029126
 20
22869.96216874531
 30
0.0
 11
23096.80428840991
 21
22940.67284686396
 31
0.0
  0
LINE
  5
7AB
330
1F
100
AcDbEntity
  8
1R
100
AcDbLine
 10
22901.75863817433
 20
22604.20584039107
 30
0.0
 11
22955.38293217261
 21
22657.83013438935
 31
0.0
  0
LINE
  5
7AC
330
1F
100
AcDbEntity
  8
1R
100
AcDbLine
 10
23026.09361029126
 20
22728.540812508
 30
0.0
 11
23096.80428840991
 21
22799.25149062666
 31
0.0
  0
LINE
  5
7AD
330
1F
100
AcDbEntity
  8
1R
100
AcDbLine
 10
22901.75863817434
 20
22462.78448415376
 30
0.0
 11
22955.38293217261
 21
22516.40877815203
 31
0.0
  0
LINE
  5
7AE
330
1F
100
AcDbEntity
  8
1R
100
AcDbLine
 10
23026.09361029126
 20
22587.11945627069
 30
0.0
 11
23096.80428840991
 21
22657.83013438934
 31
0.0
  0
LINE
  5
7AF
330
1F
100
AcDbEntity
  8
1R
100
AcDbLine
 10
22901.75863817434
 20
22321.36312791645
 30
0.0
 11
22955.38293217262
 21
22374.98742191473
 31
0.0
  0
LINE
  5
7B0
330
1F
100
AcDbEntity
  8
1R
100
AcDbLine
 10
23026.09361029127
 20
22445.69810003338
 30
0.0
 11
23062.73515425103
 21
22482.33964399314
 31
0.0
  0
LINE
  5
7B1
330
1F
100
AcDbEntity
  8
1R
100
AcDbLine
 10
22901.75863817433
 20
22179.94177167915
 30
0.0
 11
22955.3829321726
 21
22233.56606567741
 31
0.0
  0
LINE
  5
7B2
330
1F
100
AcDbEntity
  8
1R
100
AcDbLine
 10
23026.09361029126
 20
22304.27674379607
 30
0.0
 11
23028.26710183804
 21
22306.45023534286
 31
0.0
  0
LINE
  5
7B3
330
1F
100
AcDbEntity
  8
1R
100
AcDbLine
 10
22901.75863817433
 20
22038.52041544183
 30
0.0
 11
22955.38293217261
 21
22092.14470944011
 31
0.0
  0
LINE
  5
7B4
330
1F
100
AcDbEntity
  8
1R
100
AcDbLine
 10
22901.75863817434
 20
21897.09905920453
 30
0.0
 11
22955.38293217262
 21
21950.7233532028
 31
0.0
  0
LINE
  5
7B5
330
1F
100
AcDbEntity
  8
1R
100
AcDbLine
 10
22901.75863817433
 20
23930.03105511585
 30
0.0
 11
22928.86642787812
 21
23957.13884481963
 31
0.0
  0
LINE
  5
7B6
330
1F
100
AcDbEntity
  8
1R
100
AcDbLine
 10
22999.57710599677
 20
23886.42816670097
 30
0.0
 11
23028.05862569953
 21
23914.90968640372
 31
0.0
  0
LINE
  5
7B7
330
1F
100
AcDbEntity
  8
1R
100
AcDbLine
 10
22998.36732173098
 20
23702.90711268132
 30
0.0
 11
23003.72379760587
 21
23708.2635885562
 31
0.0
  0
LINE
  5
7B8
330
1F
100
AcDbEntity
  8
1R
100
AcDbLine
 10
22901.75863817433
 20
23505.76698640391
 30
0.0
 11
22928.86642787812
 21
23532.87477610769
 31
0.0
  0
LINE
  5
7B9
330
1F
100
AcDbEntity
  8
1R
100
AcDbLine
 10
22999.57710599677
 20
23603.58545422635
 30
0.0
 11
23070.28778411542
 21
23674.29613234501
 31
0.0
  0
LINE
  5
7BA
330
1F
100
AcDbEntity
  8
1R
100
AcDbLine
 10
23140.99846223407
 20
23745.00681046366
 30
0.0
 11
23198.46730409067
 21
23802.47565232026
 31
0.0
  0
LINE
  5
7BB
330
1F
100
AcDbEntity
  8
1R
100
AcDbLine
 10
22901.75863817433
 20
23364.34563016661
 30
0.0
 11
22928.86642787812
 21
23391.45341987039
 31
0.0
  0
LINE
  5
7BC
330
1F
100
AcDbEntity
  8
1R
100
AcDbLine
 10
22999.57710599677
 20
23462.16409798905
 30
0.0
 11
23070.28778411542
 21
23532.87477610769
 31
0.0
  0
LINE
  5
7BD
330
1F
100
AcDbEntity
  8
1R
100
AcDbLine
 10
23140.99846223407
 20
23603.58545422635
 30
0.0
 11
23211.70914035272
 21
23674.29613234501
 31
0.0
  0
LINE
  5
7BE
330
1F
100
AcDbEntity
  8
1R
100
AcDbLine
 10
23282.41981847138
 20
23745.00681046366
 30
0.0
 11
23283.67164328625
 21
23746.25863527854
 31
0.0
  0
LINE
  5
7BF
330
1F
100
AcDbEntity
  8
1R
100
AcDbLine
 10
22901.75863817433
 20
23222.9242739293
 30
0.0
 11
22928.86642787812
 21
23250.03206363308
 31
0.0
  0
LINE
  5
7C0
330
1F
100
AcDbEntity
  8
1R
100
AcDbLine
 10
22999.57710599677
 20
23320.74274175173
 30
0.0
 11
23070.28778411542
 21
23391.45341987038
 31
0.0
  0
LINE
  5
7C1
330
1F
100
AcDbEntity
  8
1R
100
AcDbLine
 10
23140.99846223407
 20
23462.16409798904
 30
0.0
 11
23211.70914035272
 21
23532.87477610769
 31
0.0
  0
LINE
  5
7C2
330
1F
100
AcDbEntity
  8
1R
100
AcDbLine
 10
23282.41981847138
 20
23603.58545422635
 30
0.0
 11
23282.46898838379
 21
23603.63462413876
 31
0.0
  0
LINE
  5
7C3
330
1F
100
AcDbEntity
  8
1R
100
AcDbLine
 10
22901.75863817433
 20
23081.50291769199
 30
0.0
 11
22928.86642787812
 21
23108.61070739577
 31
0.0
  0
LINE
  5
7C4
330
1F
100
AcDbEntity
  8
1R
100
AcDbLine
 10
22999.57710599677
 20
23179.32138551443
 30
0.0
 11
23070.28778411542
 21
23250.03206363308
 31
0.0
  0
LINE
  5
7C5
330
1F
100
AcDbEntity
  8
1R
100
AcDbLine
 10
23140.99846223407
 20
23320.74274175173
 30
0.0
 11
23211.70914035272
 21
23391.45341987039
 31
0.0
  0
LINE
  5
7C6
330
1F
100
AcDbEntity
  8
1R
100
AcDbLine
 10
22901.75863817433
 20
22940.08156145468
 30
0.0
 11
22928.86642787812
 21
22967.18935115846
 31
0.0
  0
LINE
  5
7C7
330
1F
100
AcDbEntity
  8
1R
100
AcDbLine
 10
22999.57710599677
 20
23037.90002927712
 30
0.0
 11
23070.28778411542
 21
23108.61070739577
 31
0.0
  0
LINE
  5
7C8
330
1F
100
AcDbEntity
  8
1R
100
AcDbLine
 10
23140.99846223407
 20
23179.32138551443
 30
0.0
 11
23211.70914035272
 21
23250.03206363308
 31
0.0
  0
LINE
  5
7C9
330
1F
100
AcDbEntity
  8
1R
100
AcDbLine
 10
22901.75863817434
 20
22798.66020521737
 30
0.0
 11
22928.86642787811
 21
22825.76799492114
 31
0.0
  0
LINE
  5
7CA
330
1F
100
AcDbEntity
  8
1R
100
AcDbLine
 10
22999.57710599676
 20
22896.4786730398
 30
0.0
 11
23070.28778411541
 21
22967.18935115845
 31
0.0
  0
LINE
  5
7CB
330
1F
100
AcDbEntity
  8
1R
100
AcDbLine
 10
23140.99846223407
 20
23037.90002927711
 30
0.0
 11
23179.06483114483
 21
23075.96639818788
 31
0.0
  0
LINE
  5
7CC
330
1F
100
AcDbEntity
  8
1R
100
AcDbLine
 10
22901.75863817434
 20
22657.23884898006
 30
0.0
 11
22928.86642787812
 21
22684.34663868384
 31
0.0
  0
LINE
  5
7CD
330
1F
100
AcDbEntity
  8
1R
100
AcDbLine
 10
22999.57710599677
 20
22755.0573168025
 30
0.0
 11
23070.28778411543
 21
22825.76799492115
 31
0.0
  0
LINE
  5
7CE
330
1F
100
AcDbEntity
  8
1R
100
AcDbLine
 10
23140.99846223408
 20
22896.47867303981
 30
0.0
 11
23144.59677873187
 21
22900.07698953759
 31
0.0
  0
LINE
  5
7CF
330
1F
100
AcDbEntity
  8
1R
100
AcDbLine
 10
22901.75863817434
 20
22515.81749274275
 30
0.0
 11
22928.86642787812
 21
22542.92528244653
 31
0.0
  0
LINE
  5
7D0
330
1F
100
AcDbEntity
  8
1R
100
AcDbLine
 10
22999.57710599677
 20
22613.63596056519
 30
0.0
 11
23070.28778411543
 21
22684.34663868384
 31
0.0
  0
LINE
  5
7D1
330
1F
100
AcDbEntity
  8
1R
100
AcDbLine
 10
22901.75863817434
 20
22374.39613650545
 30
0.0
 11
22928.86642787811
 21
22401.50392620921
 31
0.0
  0
LINE
  5
7D2
330
1F
100
AcDbEntity
  8
1R
100
AcDbLine
 10
22999.57710599676
 20
22472.21460432787
 30
0.0
 11
23070.28778411541
 21
22542.92528244653
 31
0.0
  0
LINE
  5
7D3
330
1F
100
AcDbEntity
  8
1R
100
AcDbLine
 10
22901.75863817434
 20
22232.97478026813
 30
0.0
 11
22928.86642787812
 21
22260.08256997191
 31
0.0
  0
LINE
  5
7D4
330
1F
100
AcDbEntity
  8
1R
100
AcDbLine
 10
22999.57710599677
 20
22330.79324809057
 30
0.0
 11
23041.19262149292
 21
22372.40876358672
 31
0.0
  0
LINE
  5
7D5
330
1F
100
AcDbEntity
  8
1R
100
AcDbLine
 10
22901.75863817434
 20
22091.55342403082
 30
0.0
 11
22928.86642787812
 21
22118.6612137346
 31
0.0
  0
LINE
  5
7D6
330
1F
100
AcDbEntity
  8
1R
100
AcDbLine
 10
22999.57710599677
 20
22189.37189185326
 30
0.0
 11
23006.72456907994
 21
22196.51935493642
 31
0.0
  0
LINE
  5
7D7
330
1F
100
AcDbEntity
  8
1R
100
AcDbLine
 10
22901.75863817434
 20
21950.13206779352
 30
0.0
 11
22928.86642787811
 21
21977.23985749729
 31
0.0
  0
LINE
  5
7D8
330
1F
100
AcDbEntity
  8
1R
100
AcDbLine
 10
22901.75863817434
 20
21667.2893553189
 30
0.0
 11
22903.32041184098
 21
21668.85112898553
 31
0.0
  0
LINE
  5
7D9
330
1F
100
AcDbEntity
  8
1R
100
AcDbLine
 10
22960.93374799866
 20
21962.8502069064
 30
0.0
 11
22928.86642787811
 21
21994.91752702695
 31
0.0
  0
LINE
  5
7DA
330
1F
100
AcDbEntity
  8
1R
100
AcDbLine
 10
22984.10629768843
 20
22081.09901345394
 30
0.0
 11
22928.86642787811
 21
22136.33888326426
 31
0.0
  0
LINE
  5
7DB
330
1F
100
AcDbEntity
  8
1R
100
AcDbLine
 10
22999.57710599676
 20
22207.04956138291
 30
0.0
 11
22928.86642787811
 21
22277.76023950157
 31
0.0
  0
LINE
  5
7DC
330
1F
100
AcDbEntity
  8
1R
100
AcDbLine
 10
22999.57710599677
 20
22348.47091762022
 30
0.0
 11
22928.86642787812
 21
22419.18159573887
 31
0.0
  0
LINE
  5
7DD
330
1F
100
AcDbEntity
  8
1R
100
AcDbLine
 10
22999.57710599677
 20
22489.89227385753
 30
0.0
 11
22928.86642787812
 21
22560.60295197619
 31
0.0
  0
LINE
  5
7DE
330
1F
100
AcDbEntity
  8
1R
100
AcDbLine
 10
23076.79649644752
 20
22554.09423964409
 30
0.0
 11
23070.28778411542
 21
22560.60295197619
 31
0.0
  0
LINE
  5
7DF
330
1F
100
AcDbEntity
  8
1R
100
AcDbLine
 10
22999.57710599677
 20
22631.31363009484
 30
0.0
 11
22928.86642787812
 21
22702.02430821349
 31
0.0
  0
LINE
  5
7E0
330
1F
100
AcDbEntity
  8
1R
100
AcDbLine
 10
23099.96904613729
 20
22672.34304619162
 30
0.0
 11
23070.28778411541
 21
22702.0243082135
 31
0.0
  0
LINE
  5
7E1
330
1F
100
AcDbEntity
  8
1R
100
AcDbLine
 10
22999.57710599676
 20
22772.73498633216
 30
0.0
 11
22928.86642787811
 21
22843.44566445081
 31
0.0
  0
LINE
  5
7E2
330
1F
100
AcDbEntity
  8
1R
100
AcDbLine
 10
23123.14159582706
 20
22790.59185273916
 30
0.0
 11
23070.28778411542
 21
22843.4456644508
 31
0.0
  0
LINE
  5
7E3
330
1F
100
AcDbEntity
  8
1R
100
AcDbLine
 10
22999.57710599677
 20
22914.15634256946
 30
0.0
 11
22928.86642787812
 21
22984.86702068812
 31
0.0
  0
LINE
  5
7E4
330
1F
100
AcDbEntity
  8
1R
100
AcDbLine
 10
23140.99846223407
 20
22914.15634256946
 30
0.0
 11
23070.28778411542
 21
22984.86702068812
 31
0.0
  0
LINE
  5
7E5
330
1F
100
AcDbEntity
  8
1R
100
AcDbLine
 10
22999.57710599677
 20
23055.57769880677
 30
0.0
 11
22928.86642787812
 21
23126.28837692543
 31
0.0
  0
LINE
  5
7E6
330
1F
100
AcDbEntity
  8
1R
100
AcDbLine
 10
23140.99846223407
 20
23055.57769880677
 30
0.0
 11
23070.28778411542
 21
23126.28837692543
 31
0.0
  0
LINE
  5
7E7
330
1F
100
AcDbEntity
  8
1R
100
AcDbLine
 10
22999.57710599677
 20
23196.99905504408
 30
0.0
 11
22928.86642787812
 21
23267.70973316274
 31
0.0
  0
LINE
  5
7E8
330
1F
100
AcDbEntity
  8
1R
100
AcDbLine
 10
23140.99846223407
 20
23196.99905504408
 30
0.0
 11
23070.28778411542
 21
23267.70973316273
 31
0.0
  0
LINE
  5
7E9
330
1F
100
AcDbEntity
  8
1R
100
AcDbLine
 10
22999.57710599677
 20
23338.42041128139
 30
0.0
 11
22928.86642787812
 21
23409.13108940004
 31
0.0
  0
LINE
  5
7EA
330
1F
100
AcDbEntity
  8
1R
100
AcDbLine
 10
23215.83179458614
 20
23263.58707892932
 30
0.0
 11
23211.70914035273
 21
23267.70973316274
 31
0.0
  0
LINE
  5
7EB
330
1F
100
AcDbEntity
  8
1R
100
AcDbLine
 10
23140.99846223408
 20
23338.42041128139
 30
0.0
 11
23070.28778411543
 21
23409.13108940005
 31
0.0
  0
LINE
  5
7EC
330
1F
100
AcDbEntity
  8
1R
100
AcDbLine
 10
22999.57710599677
 20
23479.8417675187
 30
0.0
 11
22928.86642787812
 21
23550.55244563736
 31
0.0
  0
LINE
  5
7ED
330
1F
100
AcDbEntity
  8
1R
100
AcDbLine
 10
23239.00434427591
 20
23381.83588547686
 30
0.0
 11
23211.70914035272
 21
23409.13108940004
 31
0.0
  0
LINE
  5
7EE
330
1F
100
AcDbEntity
  8
1R
100
AcDbLine
 10
23140.99846223407
 20
23479.8417675187
 30
0.0
 11
23070.28778411542
 21
23550.55244563736
 31
0.0
  0
LINE
  5
7EF
330
1F
100
AcDbEntity
  8
1R
100
AcDbLine
 10
23262.17689396568
 20
23500.08469202439
 30
0.0
 11
23211.70914035272
 21
23550.55244563736
 31
0.0
  0
LINE
  5
7F0
330
1F
100
AcDbEntity
  8
1R
100
AcDbLine
 10
23140.99846223407
 20
23621.26312375601
 30
0.0
 11
23070.28778411542
 21
23691.97380187467
 31
0.0
  0
LINE
  5
7F1
330
1F
100
AcDbEntity
  8
1R
100
AcDbLine
 10
23282.41981847138
 20
23621.263123756
 30
0.0
 11
23211.70914035273
 21
23691.97380187466
 31
0.0
  0
LINE
  5
7F2
330
1F
100
AcDbEntity
  8
1R
100
AcDbLine
 10
23140.99846223408
 20
23762.68447999332
 30
0.0
 11
23070.28778411543
 21
23833.39515811197
 31
0.0
  0
LINE
  5
7F3
330
1F
100
AcDbEntity
  8
1R
100
AcDbLine
 10
22999.57710599677
 20
23904.10583623063
 30
0.0
 11
22928.86642787812
 21
23974.81651434928
 31
0.0
  0
LINE
  5
7F4
330
1F
100
AcDbEntity
  8
1R
100
AcDbLine
 10
22969.62345413233
 20
22007.19350936172
 30
0.0
 11
22955.3829321726
 21
22021.43403132145
 31
0.0
  0
LINE
  5
7F5
330
1F
100
AcDbEntity
  8
1R
100
AcDbLine
 10
22992.7960038221
 20
22125.44231590926
 30
0.0
 11
22955.3829321726
 21
22162.85538755876
 31
0.0
  0
LINE
  5
7F6
330
1F
100
AcDbEntity
  8
1R
100
AcDbLine
 10
23015.96855351187
 20
22243.6911224568
 30
0.0
 11
22955.38293217261
 21
22304.27674379606
 31
0.0
  0
LINE
  5
7F7
330
1F
100
AcDbEntity
  8
1R
100
AcDbLine
 10
23026.09361029126
 20
22374.98742191472
 30
0.0
 11
22955.3829321726
 21
22445.69810003337
 31
0.0
  0
LINE
  5
7F8
330
1F
100
AcDbEntity
  8
1R
100
AcDbLine
 10
23026.09361029126
 20
22516.40877815203
 30
0.0
 11
22955.38293217261
 21
22587.11945627068
 31
0.0
  0
LINE
  5
7F9
330
1F
100
AcDbEntity
  8
1R
100
AcDbLine
 10
23026.09361029126
 20
22657.83013438934
 30
0.0
 11
22955.38293217261
 21
22728.54081250799
 31
0.0
  0
LINE
  5
7FA
330
1F
100
AcDbEntity
  8
1R
100
AcDbLine
 10
23108.65875227095
 20
22716.68634864695
 30
0.0
 11
23096.80428840991
 21
22728.540812508
 31
0.0
  0
LINE
  5
7FB
330
1F
100
AcDbEntity
  8
1R
100
AcDbLine
 10
23026.09361029126
 20
22799.25149062665
 30
0.0
 11
22955.38293217261
 21
22869.96216874531
 31
0.0
  0
LINE
  5
7FC
330
1F
100
AcDbEntity
  8
1R
100
AcDbLine
 10
23131.83130196073
 20
22834.93515519449
 30
0.0
 11
23096.8042884099
 21
22869.96216874531
 31
0.0
  0
LINE
  5
7FD
330
1F
100
AcDbEntity
  8
1R
100
AcDbLine
 10
23026.09361029126
 20
22940.67284686396
 30
0.0
 11
22955.3829321726
 21
23011.38352498262
 31
0.0
  0
LINE
  5
7FE
330
1F
100
AcDbEntity
  8
1R
100
AcDbLine
 10
23155.00385165049
 20
22953.18396174204
 30
0.0
 11
23096.80428840991
 21
23011.38352498261
 31
0.0
  0
LINE
  5
7FF
330
1F
100
AcDbEntity
  8
1R
100
AcDbLine
 10
23026.09361029126
 20
23082.09420310127
 30
0.0
 11
22955.38293217261
 21
23152.80488121993
 31
0.0
  0
LINE
  5
800
330
1F
100
AcDbEntity
  8
1R
100
AcDbLine
 10
23167.51496652857
 20
23082.09420310126
 30
0.0
 11
23096.80428840991
 21
23152.80488121992
 31
0.0
  0
LINE
  5
801
330
1F
100
AcDbEntity
  8
1R
100
AcDbLine
 10
23026.09361029126
 20
23223.51555933857
 30
0.0
 11
22955.38293217261
 21
23294.22623745723
 31
0.0
  0
LINE
  5
802
330
1F
100
AcDbEntity
  8
1R
100
AcDbLine
 10
23167.51496652857
 20
23223.51555933858
 30
0.0
 11
23096.80428840991
 21
23294.22623745724
 31
0.0
  0
LINE
  5
803
330
1F
100
AcDbEntity
  8
1R
100
AcDbLine
 10
23026.09361029126
 20
23364.93691557589
 30
0.0
 11
22955.38293217261
 21
23435.64759369455
 31
0.0
  0
LINE
  5
804
330
1F
100
AcDbEntity
  8
1R
100
AcDbLine
 10
23167.51496652857
 20
23364.93691557588
 30
0.0
 11
23096.80428840991
 21
23435.64759369454
 31
0.0
  0
LINE
  5
805
330
1F
100
AcDbEntity
  8
1R
100
AcDbLine
 10
23026.09361029126
 20
23506.35827181319
 30
0.0
 11
22955.38293217261
 21
23577.06894993185
 31
0.0
  0
LINE
  5
806
330
1F
100
AcDbEntity
  8
1R
100
AcDbLine
 10
23247.69405040958
 20
23426.17918793219
 30
0.0
 11
23238.22564464722
 21
23435.64759369454
 31
0.0
  0
LINE
  5
807
330
1F
100
AcDbEntity
  8
1R
100
AcDbLine
 10
23167.51496652857
 20
23506.35827181319
 30
0.0
 11
23096.80428840992
 21
23577.06894993185
 31
0.0
  0
LINE
  5
808
330
1F
100
AcDbEntity
  8
1R
100
AcDbLine
 10
23270.86660009935
 20
23544.42799447972
 30
0.0
 11
23238.22564464722
 21
23577.06894993186
 31
0.0
  0
LINE
  5
809
330
1F
100
AcDbEntity
  8
1R
100
AcDbLine
 10
23167.51496652857
 20
23647.77962805051
 30
0.0
 11
23096.80428840991
 21
23718.49030616916
 31
0.0
  0
LINE
  5
80A
330
1F
100
AcDbEntity
  8
1R
100
AcDbLine
 10
23026.09361029126
 20
23789.20098428782
 30
0.0
 11
22955.38293217261
 21
23859.91166240648
 31
0.0
  0
LINE
  5
80B
330
1F
100
AcDbEntity
  8
1R
100
AcDbLine
 10
23294.03914978912
 20
23662.67680102726
 30
0.0
 11
23238.22564464722
 21
23718.49030616916
 31
0.0
  0
LINE
  5
80C
330
1F
100
AcDbEntity
  8
1R
100
AcDbLine
 10
23167.51496652857
 20
23789.20098428782
 30
0.0
 11
23096.80428840991
 21
23859.91166240647
 31
0.0
  0
LINE
  5
80D
330
1F
100
AcDbEntity
  8
1R
100
AcDbLine
 10
22911.18875834844
 20
21977.23985749729
 30
0.0
 11
22901.75863817434
 21
21986.66997767139
 31
0.0
  0
LINE
  5
80E
330
1F
100
AcDbEntity
  8
1R
100
AcDbLine
 10
22911.18875834844
 20
22118.6612137346
 30
0.0
 11
22901.75863817434
 21
22128.09133390869
 31
0.0
  0
LINE
  5
80F
330
1F
100
AcDbEntity
  8
1R
100
AcDbLine
 10
23001.48570995576
 20
22169.78561836459
 30
0.0
 11
22981.8994364671
 21
22189.37189185325
 31
0.0
  0
LINE
  5
810
330
1F
100
AcDbEntity
  8
1R
100
AcDbLine
 10
22911.18875834845
 20
22260.08256997191
 30
0.0
 11
22901.75863817434
 21
22269.51269014601
 31
0.0
  0
LINE
  5
811
330
1F
100
AcDbEntity
  8
1R
100
AcDbLine
 10
23024.65825964553
 20
22288.03442491212
 30
0.0
 11
22981.89943646709
 21
22330.79324809056
 31
0.0
  0
LINE
  5
812
330
1F
100
AcDbEntity
  8
1R
100
AcDbLine
 10
22911.18875834844
 20
22401.50392620921
 30
0.0
 11
22901.75863817434
 21
22410.93404638331
 31
0.0
  0
LINE
  5
813
330
1F
100
AcDbEntity
  8
1R
100
AcDbLine
 10
23047.83080933531
 20
22406.28323145966
 30
0.0
 11
22981.89943646709
 21
22472.21460432788
 31
0.0
  0
LINE
  5
814
330
1F
100
AcDbEntity
  8
1R
100
AcDbLine
 10
22911.18875834844
 20
22542.92528244653
 30
0.0
 11
22901.75863817434
 21
22552.35540262062
 31
0.0
  0
LINE
  5
815
330
1F
100
AcDbEntity
  8
1R
100
AcDbLine
 10
23052.61011458575
 20
22542.92528244653
 30
0.0
 11
22981.89943646709
 21
22613.63596056518
 31
0.0
  0
LINE
  5
816
330
1F
100
AcDbEntity
  8
1R
100
AcDbLine
 10
22911.18875834844
 20
22684.34663868384
 30
0.0
 11
22901.75863817434
 21
22693.77675885793
 31
0.0
  0
LINE
  5
817
330
1F
100
AcDbEntity
  8
1R
100
AcDbLine
 10
23052.61011458576
 20
22684.34663868383
 30
0.0
 11
22981.8994364671
 21
22755.05731680249
 31
0.0
  0
LINE
  5
818
330
1F
100
AcDbEntity
  8
1R
100
AcDbLine
 10
22911.18875834845
 20
22825.76799492114
 30
0.0
 11
22901.75863817435
 21
22835.19811509524
 31
0.0
  0
LINE
  5
819
330
1F
100
AcDbEntity
  8
1R
100
AcDbLine
 10
23052.61011458575
 20
22825.76799492114
 30
0.0
 11
22981.89943646709
 21
22896.4786730398
 31
0.0
  0
LINE
  5
81A
330
1F
100
AcDbEntity
  8
1R
100
AcDbLine
 10
22911.18875834844
 20
22967.18935115845
 30
0.0
 11
22901.75863817434
 21
22976.61947133255
 31
0.0
  0
LINE
  5
81B
330
1F
100
AcDbEntity
  8
1R
100
AcDbLine
 10
23140.5210080944
 20
22879.27845764982
 30
0.0
 11
23123.3207927044
 21
22896.47867303981
 31
0.0
  0
LINE
  5
81C
330
1F
100
AcDbEntity
  8
1R
100
AcDbLine
 10
23052.61011458576
 20
22967.18935115846
 30
0.0
 11
22981.8994364671
 21
23037.90002927711
 31
0.0
  0
LINE
  5
81D
330
1F
100
AcDbEntity
  8
1R
100
AcDbLine
 10
22911.18875834845
 20
23108.61070739577
 30
0.0
 11
22901.75863817435
 21
23118.04082756987
 31
0.0
  0
LINE
  5
81E
330
1F
100
AcDbEntity
  8
1R
100
AcDbLine
 10
23163.69355778416
 20
22997.52726419736
 30
0.0
 11
23123.3207927044
 21
23037.90002927711
 31
0.0
  0
LINE
  5
81F
330
1F
100
AcDbEntity
  8
1R
100
AcDbLine
 10
23052.61011458576
 20
23108.61070739577
 30
0.0
 11
22981.8994364671
 21
23179.32138551442
 31
0.0
  0
LINE
  5
820
330
1F
100
AcDbEntity
  8
1R
100
AcDbLine
 10
22911.18875834845
 20
23250.03206363308
 30
0.0
 11
22901.75863817435
 21
23259.46218380718
 31
0.0
  0
LINE
  5
821
330
1F
100
AcDbEntity
  8
1R
100
AcDbLine
 10
23186.86610747394
 20
23115.7760707449
 30
0.0
 11
23123.3207927044
 21
23179.32138551442
 31
0.0
  0
LINE
  5
822
330
1F
100
AcDbEntity
  8
1R
100
AcDbLine
 10
23052.61011458576
 20
23250.03206363307
 30
0.0
 11
22981.8994364671
 21
23320.74274175173
 31
0.0
  0
LINE
  5
823
330
1F
100
AcDbEntity
  8
1R
100
AcDbLine
 10
22911.18875834845
 20
23391.45341987038
 30
0.0
 11
22901.75863817435
 21
23400.88354004448
 31
0.0
  0
LINE
  5
824
330
1F
100
AcDbEntity
  8
1R
100
AcDbLine
 10
23194.03147082306
 20
23250.03206363307
 30
0.0
 11
23123.3207927044
 21
23320.74274175173
 31
0.0
  0
LINE
  5
825
330
1F
100
AcDbEntity
  8
1R
100
AcDbLine
 10
23052.61011458576
 20
23391.45341987038
 30
0.0
 11
22981.8994364671
 21
23462.16409798904
 31
0.0
  0
LINE
  5
826
330
1F
100
AcDbEntity
  8
1R
100
AcDbLine
 10
22911.18875834845
 20
23532.87477610769
 30
0.0
 11
22901.75863817435
 21
23542.30489628179
 31
0.0
  0
LINE
  5
827
330
1F
100
AcDbEntity
  8
1R
100
AcDbLine
 10
23194.03147082306
 20
23391.45341987038
 30
0.0
 11
23123.3207927044
 21
23462.16409798904
 31
0.0
  0
LINE
  5
828
330
1F
100
AcDbEntity
  8
1R
100
AcDbLine
 10
23052.61011458576
 20
23532.87477610769
 30
0.0
 11
22981.8994364671
 21
23603.58545422635
 31
0.0
  0
LINE
  5
829
330
1F
100
AcDbEntity
  8
1R
100
AcDbLine
 10
23194.03147082307
 20
23532.87477610769
 30
0.0
 11
23123.32079270441
 21
23603.58545422634
 31
0.0
  0
LINE
  5
82A
330
1F
100
AcDbEntity
  8
1R
100
AcDbLine
 10
23279.55630623301
 20
23588.77129693505
 30
0.0
 11
23264.74214894171
 21
23603.58545422635
 31
0.0
  0
LINE
  5
82B
330
1F
100
AcDbEntity
  8
1R
100
AcDbLine
 10
23194.03147082306
 20
23674.296132345
 30
0.0
 11
23123.3207927044
 21
23745.00681046366
 31
0.0
  0
LINE
  5
82C
330
1F
100
AcDbEntity
  8
1R
100
AcDbLine
 10
23052.61011458576
 20
23815.71748858231
 30
0.0
 11
22981.8994364671
 21
23886.42816670097
 31
0.0
  0
LINE
  5
82D
330
1F
100
AcDbEntity
  8
1R
100
AcDbLine
 10
22911.18875834845
 20
23957.13884481962
 30
0.0
 11
22901.75863817435
 21
23966.56896499371
 31
0.0
  0
LINE
  5
82E
330
1F
100
AcDbEntity
  8
1R
100
AcDbLine
 10
23302.72885592278
 20
23707.02010348259
 30
0.0
 11
23264.74214894171
 21
23745.00681046366
 31
0.0
  0
LINE
  5
82F
330
1F
100
AcDbEntity
  8
2Y
100
AcDbLine
 10
22901.75863817434
 20
21789.81790566382
 30
0.0
 11
22901.75863817434
 21
20592.6105178104
 31
0.0
  0
LINE
  5
830
330
1F
100
AcDbEntity
  8
2Y
100
AcDbLine
 10
22901.75863817433
 20
23617.7916939386
 30
0.0
 11
22901.75863817433
 21
21789.81790566382
 31
0.0
  0
LWPOLYLINE
  5
831
330
1F
100
AcDbEntity
  8
1R
100
AcDbPolyline
 90
        7
 70
     1
 43
0.0
 10
22962.89140007672
 20
21830.10388506112
 10
22970.29582541096
 20
21837.49720073678
 10
22990.65774360478
 20
21843.04212890422
 10
23001.76438160599
 20
21831.95203821082
 10
22998.06216893902
 20
21819.01379436773
 10
22977.7002507452
 20
21809.77209118328
 10
22970.29582541096
 20
21815.31701935042
  0
LWPOLYLINE
  5
832
330
1F
100
AcDbEntity
  8
1R
100
AcDbPolyline
 90
        7
 70
     1
 43
0.0
 10
22950.49540606939
 20
21855.39074322029
 10
22957.89983140364
 20
21862.78405889595
 10
22978.26174959745
 20
21868.32898706339
 10
22989.36838759867
 20
21857.23889636999
 10
22985.66617493169
 20
21844.3006525269
 10
22965.30425673788
 20
21835.05894934245
 10
22957.89983140364
 20
21840.60387750959
  0
LWPOLYLINE
  5
833
330
1F
100
AcDbEntity
  8
1R
100
AcDbPolyline
 90
        7
 70
     1
 43
0.0
 10
22927.92846299717
 20
21876.74081117728
 10
22935.33288833141
 20
21884.13412685294
 10
22955.69480652522
 20
21889.67905502037
 10
22966.80144452644
 20
21878.58896432698
 10
22963.09923185947
 20
21865.65072048388
 10
22942.73731366565
 20
21856.40901729943
 10
22935.33288833141
 20
21861.95394546658
  0
LWPOLYLINE
  5
834
330
1F
100
AcDbEntity
  8
1R
100
AcDbPolyline
 90
        6
 70
     1
 43
0.0
 10
22933.71496858011
 20
21908.16442621386
 10
22947.50504866066
 20
21893.67636976631
 10
22939.33574128154
 20
21886.62857182449
 10
22918.64155255414
 20
21886.78481194898
 10
22902.22730995938
 20
21883.93258710668
 10
22911.90423880127
 20
21893.11820480829
  0
LWPOLYLINE
  5
835
330
1F
100
AcDbEntity
  8
1R
100
AcDbPolyline
 90
        7
 70
     1
 43
0.0
 10
22994.29304795785
 20
21848.7952506439
 10
22986.88862262361
 20
21859.88510697848
 10
22990.59083529087
 20
21869.12681016293
 10
23016.50632396058
 20
21880.21690085611
 10
23022.05939148591
 20
21870.97519767166
 10
23023.91074929483
 20
21859.88510697848
 10
23005.39968595936
 20
21852.49179130261
  0
LWPOLYLINE
  5
836
330
1F
100
AcDbEntity
  8
1R
100
AcDbPolyline
 90
        7
 70
     1
 43
0.0
 10
22958.91034491768
 20
21890.44004404412
 10
22963.33441734189
 20
21903.01931314998
 10
22972.94804748379
 20
21905.606506973
 10
22997.3751836572
 20
21891.53818500703
 10
22993.31775708105
 20
21881.54904459008
 10
22985.55983547532
 20
21873.41072230114
 10
22968.53429323173
 20
21883.77660353741
  0
LWPOLYLINE
  5
837
330
1F
100
AcDbEntity
  8
1R
100
AcDbPolyline
 90
        7
 70
     1
 43
0.0
 10
22928.29713936912
 20
21912.89258540004
 10
22933.01247301505
 20
21925.36559853479
 10
22942.68365461702
 20
21927.72858452816
 10
22966.77711197844
 20
21913.09615557922
 10
22962.48854331052
 20
21903.2040468318
 10
22954.54350975514
 20
21895.24828922341
 10
22937.76356717275
 20
21906.00719759855
  0
LWPOLYLINE
  5
838
330
1F
100
AcDbEntity
  8
1R
100
AcDbPolyline
 90
        7
 70
     1
 43
0.0
 10
22989.45477143833
 20
21806.72347841785
 10
22996.85919677258
 20
21814.1167940935
 10
23017.22111496639
 20
21819.66172226094
 10
23028.32775296761
 20
21808.57163156754
 10
23024.62554030063
 20
21795.63338772445
 10
23004.26362210682
 20
21786.39168454
 10
22996.85919677258
 20
21791.93661270714
  0
LWPOLYLINE
  5
839
330
1F
100
AcDbEntity
  8
1R
100
AcDbPolyline
 90
        7
 70
     1
 43
0.0
 10
23000.96386375432
 20
21836.01723771695
 10
23005.67919740025
 20
21848.4902508517
 10
23015.35037900222
 20
21850.85323684507
 10
23039.44383636364
 20
21836.22080789613
 10
23035.15526769572
 20
21826.32869914871
 10
23027.21023414034
 20
21818.37294154032
 10
23010.43029155795
 20
21829.13184991546
  0
LWPOLYLINE
  5
83A
330
1F
100
AcDbEntity
  8
1R
100
AcDbPolyline
 90
        7
 70
     1
 43
0.0
 10
23001.47325926131
 20
23702.31045852559
 10
23006.18859290723
 20
23714.78347166034
 10
23015.8597745092
 20
23717.14645765371
 10
23039.95323187063
 20
23702.51402870477
 10
23035.6646632027
 20
23692.62191995735
 10
23027.71962964732
 20
23684.66616234897
 10
23010.93968706493
 20
23695.4250707241
  0
LWPOLYLINE
  5
83B
330
1F
100
AcDbEntity
  8
1R
100
AcDbPolyline
 90
        7
 70
     1
 43
0.0
 10
22970.87752291159
 20
23635.63887296643
 10
22978.28194824583
 20
23643.03218864209
 10
22998.64386643964
 20
23648.57711680953
 10
23009.75050444086
 20
23637.48702611613
 10
23006.04829177388
 20
23624.54878227304
 10
22985.68637358007
 20
23615.30707908858
 10
22978.28194824583
 20
23620.85200725573
  0
LWPOLYLINE
  5
83C
330
1F
100
AcDbEntity
  8
1R
100
AcDbPolyline
 90
        7
 70
     1
 43
0.0
 10
22989.96416694531
 20
23673.01669922649
 10
22997.36859227956
 20
23680.41001490214
 10
23017.73051047337
 20
23685.95494306958
 10
23028.83714847459
 20
23674.86485237618
 10
23025.13493580761
 20
23661.92660853309
 10
23004.7730176138
 20
23652.68490534864
 10
22997.36859227956
 20
23658.22983351578
  0
LWPOLYLINE
  5
83D
330
1F
100
AcDbEntity
  8
1R
100
AcDbPolyline
 90
        7
 70
     1
 43
0.0
 10
22959.41974042466
 20
23756.73326485277
 10
22963.84381284887
 20
23769.31253395862
 10
22973.45744299077
 20
23771.89972778164
 10
22997.88457916419
 20
23757.83140581567
 10
22993.82715258803
 20
23747.84226539872
 10
22986.0692309823
 20
23739.70394310978
 10
22969.04368873871
 20
23750.06982434605
  0
LWPOLYLINE
  5
83E
330
1F
100
AcDbEntity
  8
1R
100
AcDbPolyline
 90
        7
 70
     1
 43
0.0
 10
22994.80244346483
 20
23715.08847145254
 10
22987.39801813059
 20
23726.17832778712
 10
22991.10023079786
 20
23735.42003097158
 10
23017.01571946757
 20
23746.51012166475
 10
23022.56878699289
 20
23737.2684184803
 10
23024.42014480181
 20
23726.17832778712
 10
23005.90908146634
 20
23718.78501211125
  0
LWPOLYLINE
  5
83F
330
1F
100
AcDbEntity
  8
1R
100
AcDbPolyline
 90
        7
 70
     1
 43
0.0
 10
22951.00480157638
 20
23721.68396402893
 10
22958.40922691062
 20
23729.07727970459
 10
22978.77114510443
 20
23734.62220787203
 10
22989.87778310565
 20
23723.53211717863
 10
22986.17557043868
 20
23710.59387333554
 10
22965.81365224486
 20
23701.35217015108
 10
22958.40922691062
 20
23706.89709831823
  0
LWPOLYLINE
  5
840
330
1F
100
AcDbEntity
  8
1R
100
AcDbPolyline
 90
        7
 70
     1
 43
0.0
 10
22963.4007955837
 20
23696.39710586977
 10
22970.80522091794
 20
23703.79042154542
 10
22991.16713911176
 20
23709.33534971285
 10
23002.27377711298
 20
23698.24525901946
 10
22998.571564446
 20
23685.30701517637
 10
22978.20964625219
 20
23676.06531199192
 10
22970.80522091794
 20
23681.61024015906
  0
LWPOLYLINE
  5
841
330
1F
100
AcDbEntity
  8
1R
100
AcDbPolyline
 90
        7
 70
     1
 43
0.0
 10
22952.55435847447
 20
23662.33729744751
 10
22959.95878380872
 20
23669.73061312316
 10
22980.32070200253
 20
23675.2755412906
 10
22991.42734000375
 20
23664.1854505972
 10
22987.72512733677
 20
23651.24720675411
 10
22967.36320914296
 20
23642.00550356966
 10
22959.95878380872
 20
23647.5504317368
  0
LWPOLYLINE
  5
842
330
1F
100
AcDbEntity
  8
1R
100
AcDbPolyline
 90
        7
 70
     1
 43
0.0
 10
22928.80653487611
 20
23779.18580620868
 10
22933.52186852203
 20
23791.65881934343
 10
22943.19305012401
 20
23794.0218053368
 10
22967.28650748543
 20
23779.38937638786
 10
22962.9979388175
 20
23769.49726764044
 10
22955.05290526212
 20
23761.54151003206
 10
22938.27296267973
 20
23772.30041840719
  0
LWPOLYLINE
  5
843
330
1F
100
AcDbEntity
  8
1R
100
AcDbPolyline
 90
        6
 70
     1
 43
0.0
 10
22934.2243640871
 20
23774.45764702251
 10
22948.01444416765
 20
23759.96959057495
 10
22939.84513678852
 20
23752.92179263313
 10
22919.15094806112
 20
23753.07803275762
 10
22902.73670546636
 20
23757.20706566833
 10
22912.41363430825
 20
23759.41142561693
  0
LWPOLYLINE
  5
844
330
1F
100
AcDbEntity
  8
1R
100
AcDbPolyline
 90
        7
 70
     1
 43
0.0
 10
22928.43785850415
 20
23743.03403198592
 10
22935.84228383839
 20
23750.42734766157
 10
22956.20420203221
 20
23755.97227582901
 10
22967.31084003342
 20
23744.88218513561
 10
22963.60862736645
 20
23731.94394129252
 10
22943.24670917263
 20
23722.70223810807
 10
22935.84228383839
 20
23728.24716627521
  0
LWPOLYLINE
  5
845
330
1F
100
AcDbEntity
  8
1R
100
AcDbPolyline
 90
        7
 70
     1
 43
0.0
 10
22939.04940703598
 20
23594.12505628802
 10
22942.33404937609
 20
23581.20137443068
 10
22935.76317682371
 20
23573.72213046598
 10
22907.63316536142
 20
23571.90413164755
 10
22905.47800398437
 20
23582.46826512499
 10
22907.42896527812
 20
23593.54126775977
 10
22927.34578301806
 20
23594.34186354199
  0
LWPOLYLINE
  5
846
330
1F
100
AcDbEntity
  8
1R
100
AcDbPolyline
 90
        7
 70
     1
 43
0.0
 10
22928.27877413144
 20
23636.01828672551
 10
22935.68319946568
 20
23643.41160240117
 10
22956.0451176595
 20
23648.95653056861
 10
22967.15175566072
 20
23637.86643987521
 10
22963.44954299374
 20
23624.92819603212
 10
22943.08762479992
 20
23615.68649284766
 10
22935.68319946568
 20
23621.23142101481
  0
LWPOLYLINE
  5
847
330
1F
100
AcDbEntity
  8
1R
100
AcDbPolyline
 90
        7
 70
     1
 43
0.0
 10
22901.75863817433
 20
23614.77484798063
 10
22909.16306350858
 20
23622.16816365628
 10
22929.52498170239
 20
23627.71309182372
 10
22940.63161970361
 20
23616.62300113033
 10
22936.92940703663
 20
23603.68475728724
 10
22916.56748884282
 20
23594.44305410278
 10
22909.16306350858
 20
23599.98798226993
  0
LINE
  5
848
330
1F
100
AcDbEntity
  8
1R
100
AcDbLine
 10
23025.23200207924
 20
23770.66170654613
 30
0.0
 11
23070.28778411542
 21
23815.71748858231
 31
0.0
  0
LINE
  5
849
330
1F
100
AcDbEntity
  8
1R
100
AcDbLine
 10
23011.55482729023
 20
23716.09461824056
 30
0.0
 11
23019.78876416685
 21
23724.32855511719
 31
0.0
  0
LEADER
  5
84A
330
1F
100
AcDbEntity
  8
0
100
AcDbLeader
  3
DIM100
 76
     3
 10
22901.75863817433
 20
23621.09304694535
 30
0.0
 10
23516.01133886355
 20
23281.42203947854
 30
0.0
 10
24161.6107004066
 20
23281.42203947854
 30
0.0
1001
ACAD
1000
DSTYLE
1002
{
1070
   147
1040
1.0
1070
    77
1070
     0
1070
    40
1040
96.0
1002
}
  0
TEXT
  5
84B
330
1F
100
AcDbEntity
  8
TG
100
AcDbText
 10
24156.03679205544
 20
23243.2081341496
 30
0.0
 40
250.0
  1
ø25MM WEEP HOLES (TYP.) HORIZONTAL 
 41
0.9
  7
ROMANS
100
AcDbText
  0
TEXT
  5
84C
330
1F
100
AcDbEntity
  8
TG
100
AcDbText
 10
24156.03679205544
 20
22896.49672774139
 30
0.0
 40
250.0
  1
SPACING @ 2000 O.C ALTERNATE
 41
0.9
  7
ROMANS
100
AcDbText
  0
LINE
  5
84D
102
{ACAD_REACTORS
330
6B4
102
}
330
1F
100
AcDbEntity
  8
2Y
100
AcDbLine
 10
10025.001553925
 20
20792.6105178104
 30
0.0
 11
7227.950343919445
 21
20792.6105178104
 31
0.0
  0
LINE
  5
84E
330
1F
100
AcDbEntity
  8
2Y
100
AcDbLine
 10
7227.950343919445
 20
20792.6105178104
 30
0.0
 11
6927.950343919445
 21
20792.6105178104
 31
0.0
  0
SOLID
  5
84F
330
1F
100
AcDbEntity
  8
1R
100
AcDbTrace
 10
7045.950343919386
 20
20824.61051781046
 30
0.0
 11
7109.950343919503
 21
20824.61051781046
 31
0.0
 12
7045.950343919386
 22
20760.61051781034
 32
0.0
 13
7109.950343919503
 23
20760.61051781034
 33
0.0
  0
LEADER
  5
850
330
1F
100
AcDbEntity
  8
0
100
AcDbLeader
  3
DIM100
 76
     3
 10
7109.950343919503
 20
20792.6105178104
 30
0.0
 10
7974.459436234894
 20
22272.47161094558
 30
0.0
 10
8918.438776191303
 20
22272.47161094558
 30
0.0
1001
ACAD
1000
DSTYLE
1002
{
1070
   147
1040
1.0
1070
    77
1070
     0
1070
    40
1040
96.0
1002
}
  0
TEXT
  5
851
330
1F
100
AcDbEntity
  8
TG
100
AcDbText
 10
8912.864867840145
 20
22166.785660457
 30
0.0
 40
250.0
  1
BENTONITE WATER STOP
 41
0.9
  7
ROMANS
100
AcDbText
  0
LINE
  5
852
330
1F
100
AcDbEntity
  8
2Y
 62
     2
100
AcDbLine
 10
2192.996897057485
 20
11557.49237774149
 30
0.0
 11
2192.996897057486
 21
4501.248686301503
 31
0.0
  0
LINE
  5
853
330
1F
100
AcDbEntity
  8
6M
 62
     6
100
AcDbLine
 10
33692.99689705795
 20
11557.49237774149
 30
0.0
 11
192.9968970574846
 21
11557.49237774149
 31
0.0
  0
LINE
  5
854
330
1F
100
AcDbEntity
  8
6M
 62
     6
100
AcDbLine
 10
33692.99689705795
 20
9901.306288005777
 30
0.0
 11
192.9968970574846
 21
9901.306288005777
 31
0.0
  0
LINE
  5
855
330
1F
100
AcDbEntity
  8
6M
100
AcDbLine
 10
192.9968970574846
 20
13210.26211879821
 30
0.0
 11
33692.99689705795
 21
13210.26211879821
 31
0.0
  0
LINE
  5
856
330
1F
100
AcDbEntity
  8
2Y
100
AcDbLine
 10
33692.99689705795
 20
9001.248686301515
 30
0.0
 11
192.9968970576883
 21
9001.248686301511
 31
0.0
  0
LINE
  5
857
330
1F
100
AcDbEntity
  8
2Y
100
AcDbLine
 10
33692.99689705795
 20
8101.248686301515
 30
0.0
 11
192.996897057681
 21
8101.248686301511
 31
0.0
  0
LINE
  5
858
330
1F
100
AcDbEntity
  8
2Y
100
AcDbLine
 10
33692.99689705795
 20
7201.248686301515
 30
0.0
 11
192.9968970576665
 21
7201.248686301507
 31
0.0
  0
LINE
  5
859
330
1F
100
AcDbEntity
  8
2Y
100
AcDbLine
 10
33692.99689705795
 20
6301.248686301515
 30
0.0
 11
192.9968970576519
 21
6301.248686301515
 31
0.0
  0
LINE
  5
85A
330
1F
100
AcDbEntity
  8
2Y
100
AcDbLine
 10
33692.99689705795
 20
5401.248686301515
 30
0.0
 11
192.9968970576374
 21
5401.248686301511
 31
0.0
  0
LINE
  5
85B
330
1F
100
AcDbEntity
  8
6M
100
AcDbLine
 10
33692.99689705795
 20
4501.248686301514
 30
0.0
 11
192.9968970576301
 21
4501.248686301511
 31
0.0
  0
LINE
  5
85C
330
1F
100
AcDbEntity
  8
2Y
 62
     2
100
AcDbLine
 10
33692.99689705772
 20
10729.39933287351
 30
0.0
 11
2192.996897057486
 21
10729.39933287351
 31
0.0
  0
TEXT
  5
85D
330
1F
100
AcDbEntity
  8
TC
 62
     4
100
AcDbText
 10
758.4730875337969
 20
10604.39933287363
 30
0.0
 40
250.0
  1
TYPE
  7
100CL
 72
     4
 11
1192.996897057606
 21
10729.39933287363
 31
0.0
100
AcDbText
  0
LWPOLYLINE
  5
85E
330
1F
100
AcDbEntity
  8
6M
100
AcDbPolyline
 90
        2
 70
     0
 43
0.0
 10
33692.99689705775
 20
13210.26211879821
 10
33692.99689705763
 20
4501.248686301514
  0
TEXT
  5
85F
330
1F
100
AcDbEntity
  8
TC
 62
     4
100
AcDbText
 10
2722.758801819389
 20
11018.4458553075
 30
0.0
 40
250.0
  1
H1
  7
100CL
 72
     4
 11
2942.996897057485
 21
11143.4458553075
 31
0.0
100
AcDbText
  0
TEXT
  5
860
330
1F
100
AcDbEntity
  8
TC
 62
     4
100
AcDbText
 10
2764.425468486056
 20
10232.01947710631
 30
0.0
 40
250.0
  1
m
  7
100CL
 72
     4
 11
2942.996897057485
 21
10315.35281043964
 31
0.0
100
AcDbText
  0
LINE
  5
861
330
1F
100
AcDbEntity
  8
2Y
 62
     2
100
AcDbLine
 10
3692.996897057485
 20
11557.49237774149
 30
0.0
 11
3692.996897057485
 21
4501.248686301503
 31
0.0
  0
LINE
  5
862
330
1F
100
AcDbEntity
  8
2Y
 62
     2
100
AcDbLine
 10
5192.996897057485
 20
11557.49237774149
 30
0.0
 11
5192.996897057488
 21
4501.248686301503
 31
0.0
  0
LINE
  5
863
330
1F
100
AcDbEntity
  8
2Y
 62
     2
100
AcDbLine
 10
6692.996897057485
 20
11557.49237774149
 30
0.0
 11
6692.996897057489
 21
4501.248686301503
 31
0.0
  0
LINE
  5
864
330
1F
100
AcDbEntity
  8
2Y
 62
     2
100
AcDbLine
 10
8192.996897057485
 20
11557.49237774149
 30
0.0
 11
8192.996897057485
 21
4501.248686301503
 31
0.0
  0
LINE
  5
865
330
1F
100
AcDbEntity
  8
2Y
 62
     2
100
AcDbLine
 10
9692.996897057485
 20
11557.49237774149
 30
0.0
 11
9692.99689705749
 21
4501.248686301503
 31
0.0
  0
TEXT
  5
866
330
1F
100
AcDbEntity
  8
TC
 62
     4
100
AcDbText
 10
4085.854039914628
 20
10232.01947710631
 30
0.0
 40
250.0
  1
mm
  7
100CL
 72
     4
 11
4442.996897057485
 21
10315.35281043964
 31
0.0
100
AcDbText
  0
TEXT
  5
867
330
1F
100
AcDbEntity
  8
TC
 62
     4
100
AcDbText
 10
4276.330230390818
 20
11018.4458553075
 30
0.0
 40
250.0
  1
T1
  7
100CL
 72
     4
 11
4442.996897057485
 21
11143.4458553075
 31
0.0
100
AcDbText
  0
TEXT
  5
868
330
1F
100
AcDbEntity
  8
TC
 62
     4
100
AcDbText
 10
5764.425468486056
 20
10232.01947710631
 30
0.0
 40
250.0
  1
m
  7
100CL
 72
     4
 11
5942.996897057485
 21
10315.35281043964
 31
0.0
100
AcDbText
  0
TEXT
  5
869
330
1F
100
AcDbEntity
  8
TC
 62
     4
100
AcDbText
 10
5812.044516105103
 20
11018.4458553075
 30
0.0
 40
250.0
  1
B
  7
100CL
 72
     4
 11
5942.996897057485
 21
11143.4458553075
 31
0.0
100
AcDbText
  0
TEXT
  5
86A
330
1F
100
AcDbEntity
  8
TC
 62
     4
100
AcDbText
 10
7085.854039914628
 20
10232.01947710631
 30
0.0
 40
250.0
  1
mm
  7
100CL
 72
     4
 11
7442.996897057485
 21
10315.35281043964
 31
0.0
100
AcDbText
  0
TEXT
  5
86B
330
1F
100
AcDbEntity
  8
TC
 62
     4
100
AcDbText
 10
7240.615944676533
 20
11018.4458553075
 30
0.0
 40
250.0
  1
T2
  7
100CL
 72
     4
 11
7442.996897057485
 21
11143.4458553075
 31
0.0
100
AcDbText
  0
TEXT
  5
86C
330
1F
100
AcDbEntity
  8
TC
 62
     4
100
AcDbText
 10
8764.425468486056
 20
10232.01947710631
 30
0.0
 40
250.0
  1
m
  7
100CL
 72
     4
 11
8942.996897057485
 21
10315.35281043964
 31
0.0
100
AcDbText
  0
TEXT
  5
86D
330
1F
100
AcDbEntity
  8
TC
 62
     4
100
AcDbText
 10
8823.949278009866
 20
11018.4458553075
 30
0.0
 40
250.0
  1
L
  7
100CL
 72
     4
 11
8942.996897057485
 21
11143.4458553075
 31
0.0
100
AcDbText
  0
LINE
  5
86E
330
1F
100
AcDbEntity
  8
2Y
 62
     2
100
AcDbLine
 10
13692.99689705748
 20
11557.49237774149
 30
0.0
 11
13692.99689705749
 21
4501.248686301503
 31
0.0
  0
LINE
  5
86F
330
1F
100
AcDbEntity
  8
2Y
 62
     2
100
AcDbLine
 10
17692.99689705748
 20
11557.49237774149
 30
0.0
 11
17692.99689705748
 21
4501.248686301503
 31
0.0
  0
LINE
  5
870
330
1F
100
AcDbEntity
  8
2Y
 62
     2
100
AcDbLine
 10
21692.99689705749
 20
11557.49237774149
 30
0.0
 11
21692.99689705749
 21
4501.248686301511
 31
0.0
  0
LINE
  5
871
330
1F
100
AcDbEntity
  8
2Y
 62
     2
100
AcDbLine
 10
25692.99689705748
 20
11557.49237774149
 30
0.0
 11
25692.99689705748
 21
4501.248686301511
 31
0.0
  0
LINE
  5
872
330
1F
100
AcDbEntity
  8
2Y
 62
     2
100
AcDbLine
 10
29692.99689705748
 20
11557.49237774149
 30
0.0
 11
29692.99689705749
 21
4501.248686301511
 31
0.0
  0
LINE
  5
873
330
1F
100
AcDbEntity
  8
2Y
 62
     2
100
AcDbLine
 10
33692.99689705749
 20
11557.49237774149
 30
0.0
 11
33692.99689705749
 21
4501.248686301511
 31
0.0
  0
TEXT
  5
874
330
1F
100
AcDbEntity
  8
TC
 62
     4
100
AcDbText
 10
11466.80642086701
 20
10994.63633149798
 30
0.0
 40
250.0
  1
'A'
  7
100CL
 72
     4
 11
11692.99689705748
 21
11143.4458553075
 31
0.0
100
AcDbText
  0
TEXT
  5
875
330
1F
100
AcDbEntity
  8
TC
 62
     4
100
AcDbText
 10
9892.901092590648
 20
10208.20995329679
 30
0.0
 40
250.0
  1
db(mm)  
  7
100CL
 72
     4
 11
10892.90109259064
 21
10315.35281043964
 31
0.0
100
AcDbText
  0
TEXT
  5
876
330
1F
100
AcDbEntity
  8
TC
 62
     4
100
AcDbText
 10
11992.10679716218
 20
10208.20995329679
 30
0.0
 40
250.0
  1
s(mm)  
  7
100CL
 72
     4
 11
12867.10679716218
 21
10315.35281043964
 31
0.0
100
AcDbText
  0
TEXT
  5
877
330
1F
100
AcDbEntity
  8
TC
 62
     4
100
AcDbText
 10
15992.10679716218
 20
10208.20995329679
 30
0.0
 40
250.0
  1
s(mm)  
  7
100CL
 72
     4
 11
16867.10679716218
 21
10315.35281043964
 31
0.0
100
AcDbText
  0
TEXT
  5
878
330
1F
100
AcDbEntity
  8
TC
 62
     4
100
AcDbText
 10
13892.90109259065
 20
10208.20995329679
 30
0.0
 40
250.0
  1
db(mm)  
  7
100CL
 72
     4
 11
14892.90109259065
 21
10315.35281043964
 31
0.0
100
AcDbText
  0
TEXT
  5
879
330
1F
100
AcDbEntity
  8
TC
 62
     4
100
AcDbText
 10
15448.94927800986
 20
10994.63633149798
 30
0.0
 40
250.0
  1
'B'
  7
100CL
 72
     4
 11
15692.99689705748
 21
11143.4458553075
 31
0.0
100
AcDbText
  0
TEXT
  5
87A
330
1F
100
AcDbEntity
  8
TC
 62
     4
100
AcDbText
 10
19448.94927800987
 20
10994.63633149798
 30
0.0
 40
250.0
  1
'C'
  7
100CL
 72
     4
 11
19692.99689705748
 21
11143.4458553075
 31
0.0
100
AcDbText
  0
TEXT
  5
87B
330
1F
100
AcDbEntity
  8
TC
 62
     4
100
AcDbText
 10
17892.90109259065
 20
10208.20995329679
 30
0.0
 40
250.0
  1
db(mm)  
  7
100CL
 72
     4
 11
18892.90109259064
 21
10315.35281043964
 31
0.0
100
AcDbText
  0
TEXT
  5
87C
330
1F
100
AcDbEntity
  8
TC
 62
     4
100
AcDbText
 10
19992.10679716218
 20
10208.20995329679
 30
0.0
 40
250.0
  1
s(mm)  
  7
100CL
 72
     4
 11
20867.10679716218
 21
10315.35281043964
 31
0.0
100
AcDbText
  0
TEXT
  5
87D
330
1F
100
AcDbEntity
  8
TC
 62
     4
100
AcDbText
 10
23992.10679716218
 20
10208.20995329679
 30
0.0
 40
250.0
  1
s(mm)  
  7
100CL
 72
     4
 11
24867.10679716218
 21
10315.35281043964
 31
0.0
100
AcDbText
  0
TEXT
  5
87E
330
1F
100
AcDbEntity
  8
TC
 62
     4
100
AcDbText
 10
21892.90109259065
 20
10208.20995329679
 30
0.0
 40
250.0
  1
db(mm)  
  7
100CL
 72
     4
 11
22892.90109259065
 21
10315.35281043964
 31
0.0
100
AcDbText
  0
TEXT
  5
87F
330
1F
100
AcDbEntity
  8
TC
 62
     4
100
AcDbText
 10
23448.94927800987
 20
10994.63633149798
 30
0.0
 40
250.0
  1
'D'
  7
100CL
 72
     4
 11
23692.99689705749
 21
11143.4458553075
 31
0.0
100
AcDbText
  0
TEXT
  5
880
330
1F
100
AcDbEntity
  8
TC
 62
     4
100
AcDbText
 10
27460.85403991463
 20
10994.63633149798
 30
0.0
 40
250.0
  1
'E'
  7
100CL
 72
     4
 11
27692.99689705749
 21
11143.4458553075
 31
0.0
100
AcDbText
  0
TEXT
  5
881
330
1F
100
AcDbEntity
  8
TC
 62
     4
100
AcDbText
 10
25892.90109259065
 20
10208.20995329679
 30
0.0
 40
250.0
  1
db(mm)  
  7
100CL
 72
     4
 11
26892.90109259065
 21
10315.35281043964
 31
0.0
100
AcDbText
  0
TEXT
  5
882
330
1F
100
AcDbEntity
  8
TC
 62
     4
100
AcDbText
 10
27992.10679716218
 20
10208.20995329679
 30
0.0
 40
250.0
  1
s(mm)  
  7
100CL
 72
     4
 11
28867.10679716218
 21
10315.35281043964
 31
0.0
100
AcDbText
  0
TEXT
  5
883
330
1F
100
AcDbEntity
  8
TC
 62
     4
100
AcDbText
 10
31992.10679716218
 20
10208.20995329679
 30
0.0
 40
250.0
  1
s(mm)  
  7
100CL
 72
     4
 11
32867.10679716218
 21
10315.35281043964
 31
0.0
100
AcDbText
  0
TEXT
  5
884
330
1F
100
AcDbEntity
  8
TC
 62
     4
100
AcDbText
 10
29892.90109259065
 20
10208.20995329679
 30
0.0
 40
250.0
  1
db(mm)  
  7
100CL
 72
     4
 11
30892.90109259065
 21
10315.35281043964
 31
0.0
100
AcDbText
  0
TEXT
  5
885
330
1F
100
AcDbEntity
  8
TC
 62
     4
100
AcDbText
 10
31466.80642086701
 20
10994.63633149798
 30
0.0
 40
250.0
  1
'F'
  7
100CL
 72
     4
 11
31692.99689705749
 21
11143.4458553075
 31
0.0
100
AcDbText
  0
TEXT
  5
886
330
1F
100
AcDbEntity
  8
TG
100
AcDbText
 10
2851.925468486057
 20
9326.277487153646
 30
0.0
 40
250.0
  1
1
 41
0.9
  7
ROMANS
 72
     1
 11
2942.996897057485
 21
9451.277487153646
 31
0.0
100
AcDbText
 73
     2
  0
TEXT
  5
887
330
1F
100
AcDbEntity
  8
TG
100
AcDbText
 10
2659.068325628914
 20
8426.219885449381
 30
0.0
 40
250.0
  1
1.5
 41
0.9
  7
ROMANS
 72
     1
 11
2942.996897057485
 21
8551.219885449381
 31
0.0
100
AcDbText
 73
     2
  0
TEXT
  5
888
330
1F
100
AcDbEntity
  8
TG
100
AcDbText
 10
2835.854039914627
 20
7526.162283745114
 30
0.0
 40
250.0
  1
2
 41
0.9
  7
ROMANS
 72
     1
 11
2942.996897057485
 21
7651.162283745114
 31
0.0
100
AcDbText
 73
     2
  0
TEXT
  5
889
330
1F
100
AcDbEntity
  8
TG
100
AcDbText
 10
2675.139754200342
 20
6626.104682040848
 30
0.0
 40
250.0
  1
2.5
 41
0.9
  7
ROMANS
 72
     1
 11
2942.996897057485
 21
6751.104682040848
 31
0.0
100
AcDbText
 73
     2
  0
TEXT
  5
88A
330
1F
100
AcDbEntity
  8
TG
100
AcDbText
 10
2835.854039914628
 20
5726.047080336583
 30
0.0
 40
250.0
  1
3
 41
0.9
  7
ROMANS
 72
     1
 11
2942.996897057485
 21
5851.047080336583
 31
0.0
100
AcDbText
 73
     2
  0
TEXT
  5
88B
330
1F
100
AcDbEntity
  8
TG
100
AcDbText
 10
2675.139754200342
 20
4825.989478632316
 30
0.0
 40
250.0
  1
3.5
 41
0.9
  7
ROMANS
 72
     1
 11
2942.996897057485
 21
4950.989478632316
 31
0.0
100
AcDbText
 73
     2
  0
TEXT
  5
88C
330
1F
100
AcDbEntity
  8
TG
100
AcDbText
 10
4105.496897057484
 20
9326.277487153646
 30
0.0
 40
250.0
  1
150
 41
0.9
  7
ROMANS
 72
     1
 11
4442.996897057485
 21
9451.277487153646
 31
0.0
100
AcDbText
 73
     2
  0
TEXT
  5
88D
330
1F
100
AcDbEntity
  8
TG
100
AcDbText
 10
4121.568325628913
 20
8426.219885449381
 30
0.0
 40
250.0
  1
200
 41
0.9
  7
ROMANS
 72
     1
 11
4442.996897057485
 21
8551.219885449381
 31
0.0
100
AcDbText
 73
     2
  0
TEXT
  5
88E
330
1F
100
AcDbEntity
  8
TG
100
AcDbText
 10
4121.568325628913
 20
7526.162283745114
 30
0.0
 40
250.0
  1
200
 41
0.9
  7
ROMANS
 72
     1
 11
4442.996897057485
 21
7651.162283745114
 31
0.0
100
AcDbText
 73
     2
  0
TEXT
  5
88F
330
1F
100
AcDbEntity
  8
TG
100
AcDbText
 10
4121.568325628913
 20
6626.104682040848
 30
0.0
 40
250.0
  1
250
 41
0.9
  7
ROMANS
 72
     1
 11
4442.996897057485
 21
6751.104682040848
 31
0.0
100
AcDbText
 73
     2
  0
TEXT
  5
890
330
1F
100
AcDbEntity
  8
TG
100
AcDbText
 10
4121.568325628913
 20
5726.047080336583
 30
0.0
 40
250.0
  1
300
 41
0.9
  7
ROMANS
 72
     1
 11
4442.996897057485
 21
5851.047080336583
 31
0.0
100
AcDbText
 73
     2
  0
TEXT
  5
891
330
1F
100
AcDbEntity
  8
TG
100
AcDbText
 10
4121.568325628913
 20
4825.989478632316
 30
0.0
 40
250.0
  1
300
 41
0.9
  7
ROMANS
 72
     1
 11
4442.996897057485
 21
4950.989478632316
 31
0.0
100
AcDbText
 73
     2
  0
TEXT
  5
892
330
1F
100
AcDbEntity
  8
TG
100
AcDbText
 10
5621.568325628913
 20
9326.277487153646
 30
0.0
 40
250.0
  1
900
 41
0.9
  7
ROMANS
 72
     1
 11
5942.996897057485
 21
9451.277487153646
 31
0.0
100
AcDbText
 73
     2
  0
TEXT
  5
893
330
1F
100
AcDbEntity
  8
TG
100
AcDbText
 10
5621.568325628913
 20
8426.219885449381
 30
0.0
 40
250.0
  1
900
 41
0.9
  7
ROMANS
 72
     1
 11
5942.996897057485
 21
8551.219885449381
 31
0.0
100
AcDbText
 73
     2
  0
TEXT
  5
894
330
1F
100
AcDbEntity
  8
TG
100
AcDbText
 10
5498.354039914628
 20
7526.162283745114
 30
0.0
 40
250.0
  1
1100
 41
0.9
  7
ROMANS
 72
     1
 11
5942.996897057485
 21
7651.162283745114
 31
0.0
100
AcDbText
 73
     2
  0
TEXT
  5
895
330
1F
100
AcDbEntity
  8
TG
100
AcDbText
 10
5498.354039914628
 20
6626.104682040848
 30
0.0
 40
250.0
  1
1200
 41
0.9
  7
ROMANS
 72
     1
 11
5942.996897057485
 21
6751.104682040848
 31
0.0
100
AcDbText
 73
     2
  0
TEXT
  5
896
330
1F
100
AcDbEntity
  8
TG
100
AcDbText
 10
5498.354039914628
 20
5726.047080336583
 30
0.0
 40
250.0
  1
1400
 41
0.9
  7
ROMANS
 72
     1
 11
5942.996897057485
 21
5851.047080336583
 31
0.0
100
AcDbText
 73
     2
  0
TEXT
  5
897
330
1F
100
AcDbEntity
  8
TG
100
AcDbText
 10
5498.354039914628
 20
4825.989478632316
 30
0.0
 40
250.0
  1
1600
 41
0.9
  7
ROMANS
 72
     1
 11
5942.996897057485
 21
4950.989478632316
 31
0.0
100
AcDbText
 73
     2
  0
TEXT
  5
898
330
1F
100
AcDbEntity
  8
TG
100
AcDbText
 10
7121.568325628913
 20
9326.277487153646
 30
0.0
 40
250.0
  1
200
 41
0.9
  7
ROMANS
 72
     1
 11
7442.996897057485
 21
9451.277487153646
 31
0.0
100
AcDbText
 73
     2
  0
TEXT
  5
899
330
1F
100
AcDbEntity
  8
TG
100
AcDbText
 10
7121.568325628913
 20
8426.219885449381
 30
0.0
 40
250.0
  1
250
 41
0.9
  7
ROMANS
 72
     1
 11
7442.996897057485
 21
8551.219885449381
 31
0.0
100
AcDbText
 73
     2
  0
TEXT
  5
89A
330
1F
100
AcDbEntity
  8
TG
100
AcDbText
 10
7121.568325628913
 20
7526.162283745114
 30
0.0
 40
250.0
  1
250
 41
0.9
  7
ROMANS
 72
     1
 11
7442.996897057485
 21
7651.162283745114
 31
0.0
100
AcDbText
 73
     2
  0
TEXT
  5
89B
330
1F
100
AcDbEntity
  8
TG
100
AcDbText
 10
7121.568325628913
 20
6626.104682040848
 30
0.0
 40
250.0
  1
300
 41
0.9
  7
ROMANS
 72
     1
 11
7442.996897057485
 21
6751.104682040848
 31
0.0
100
AcDbText
 73
     2
  0
TEXT
  5
89C
330
1F
100
AcDbEntity
  8
TG
100
AcDbText
 10
7121.568325628913
 20
5726.047080336583
 30
0.0
 40
250.0
  1
300
 41
0.9
  7
ROMANS
 72
     1
 11
7442.996897057485
 21
5851.047080336583
 31
0.0
100
AcDbText
 73
     2
  0
TEXT
  5
89D
330
1F
100
AcDbEntity
  8
TG
100
AcDbText
 10
7121.568325628913
 20
4825.989478632316
 30
0.0
 40
250.0
  1
300
 41
0.9
  7
ROMANS
 72
     1
 11
7442.996897057485
 21
4950.989478632316
 31
0.0
100
AcDbText
 73
     2
  0
TEXT
  5
89E
330
1F
100
AcDbEntity
  8
TG
100
AcDbText
 10
8803.71118277177
 20
9326.277487153646
 30
0.0
 40
250.0
  1
-
 41
0.9
  7
ROMANS
 72
     1
 11
8942.996897057485
 21
9451.277487153646
 31
0.0
100
AcDbText
 73
     2
  0
TEXT
  5
89F
330
1F
100
AcDbEntity
  8
TG
100
AcDbText
 10
8803.71118277177
 20
8426.219885449381
 30
0.0
 40
250.0
  1
-
 41
0.9
  7
ROMANS
 72
     1
 11
8942.996897057485
 21
8551.219885449381
 31
0.0
100
AcDbText
 73
     2
  0
TEXT
  5
8A0
330
1F
100
AcDbEntity
  8
TG
100
AcDbText
 10
8803.71118277177
 20
7526.162283745114
 30
0.0
 40
250.0
  1
-
 41
0.9
  7
ROMANS
 72
     1
 11
8942.996897057485
 21
7651.162283745114
 31
0.0
100
AcDbText
 73
     2
  0
TEXT
  5
8A1
330
1F
100
AcDbEntity
  8
TG
100
AcDbText
 10
8691.211182771771
 20
6626.104682040848
 30
0.0
 40
250.0
  1
1.1
 41
0.9
  7
ROMANS
 72
     1
 11
8942.996897057485
 21
6751.104682040848
 31
0.0
100
AcDbText
 73
     2
  0
TEXT
  5
8A2
330
1F
100
AcDbEntity
  8
TG
100
AcDbText
 10
8659.068325628913
 20
5726.047080336583
 30
0.0
 40
250.0
  1
1.3
 41
0.9
  7
ROMANS
 72
     1
 11
8942.996897057485
 21
5851.047080336583
 31
0.0
100
AcDbText
 73
     2
  0
TEXT
  5
8A3
330
1F
100
AcDbEntity
  8
TG
100
AcDbText
 10
8659.068325628913
 20
4825.989478632316
 30
0.0
 40
250.0
  1
1.8
 41
0.9
  7
ROMANS
 72
     1
 11
8942.996897057485
 21
4950.989478632316
 31
0.0
100
AcDbText
 73
     2
  0
TEXT
  5
8A4
330
1F
100
AcDbEntity
  8
TG
100
AcDbText
 10
10546.56832562891
 20
9326.277487153646
 30
0.0
 40
250.0
  1
10    @200
 41
0.9
  7
ROMANS
 72
     1
 11
11692.99689705748
 21
9451.277487153646
 31
0.0
100
AcDbText
 73
     2
  0
TEXT
  5
8A5
330
1F
100
AcDbEntity
  8
TG
100
AcDbText
 10
10546.56832562891
 20
8426.219885449381
 30
0.0
 40
250.0
  1
12    @300
 41
0.9
  7
ROMANS
 72
     1
 11
11692.99689705748
 21
8551.219885449381
 31
0.0
100
AcDbText
 73
     2
  0
TEXT
  5
8A6
330
1F
100
AcDbEntity
  8
TG
100
AcDbText
 10
10546.56832562891
 20
7526.21988544938
 30
0.0
 40
250.0
  1
12    @200
 41
0.9
  7
ROMANS
 72
     1
 11
11692.99689705748
 21
7651.21988544938
 31
0.0
100
AcDbText
 73
     2
  0
TEXT
  5
8A7
330
1F
100
AcDbEntity
  8
TG
100
AcDbText
 10
10546.56832562891
 20
6626.219885449376
 30
0.0
 40
250.0
  1
10    @300
 41
0.9
  7
ROMANS
 72
     1
 11
11692.99689705748
 21
6751.219885449376
 31
0.0
100
AcDbText
 73
     2
  0
TEXT
  5
8A8
330
1F
100
AcDbEntity
  8
TG
100
AcDbText
 10
10546.56832562891
 20
5726.219885449384
 30
0.0
 40
250.0
  1
10    @250
 41
0.9
  7
ROMANS
 72
     1
 11
11692.99689705748
 21
5851.219885449384
 31
0.0
100
AcDbText
 73
     2
  0
TEXT
  5
8A9
330
1F
100
AcDbEntity
  8
TG
100
AcDbText
 10
10546.56832562891
 20
4826.21988544938
 30
0.0
 40
250.0
  1
10    @250
 41
0.9
  7
ROMANS
 72
     1
 11
11692.99689705748
 21
4951.21988544938
 31
0.0
100
AcDbText
 73
     2
  0
TEXT
  5
8AA
330
1F
100
AcDbEntity
  8
TG
100
AcDbText
 10
14546.56832562891
 20
4826.21988544938
 30
0.0
 40
250.0
  1
16    @125
 41
0.9
  7
ROMANS
 72
     1
 11
15692.99689705748
 21
4951.21988544938
 31
0.0
100
AcDbText
 73
     2
  0
TEXT
  5
8AB
330
1F
100
AcDbEntity
  8
TG
100
AcDbText
 10
14546.56832562891
 20
5726.219885449384
 30
0.0
 40
250.0
  1
12    @125
 41
0.9
  7
ROMANS
 72
     1
 11
15692.99689705748
 21
5851.219885449384
 31
0.0
100
AcDbText
 73
     2
  0
TEXT
  5
8AC
330
1F
100
AcDbEntity
  8
TG
100
AcDbText
 10
14546.56832562891
 20
6626.219885449376
 30
0.0
 40
250.0
  1
12    @150
 41
0.9
  7
ROMANS
 72
     1
 11
15692.99689705748
 21
6751.219885449376
 31
0.0
100
AcDbText
 73
     2
  0
TEXT
  5
8AD
330
1F
100
AcDbEntity
  8
TG
100
AcDbText
 10
14514.42546848606
 20
9326.277487153646
 30
0.0
 40
250.0
  1
-        -
 41
0.9
  7
ROMANS
 72
     1
 11
15692.99689705748
 21
9451.277487153646
 31
0.0
100
AcDbText
 73
     2
  0
TEXT
  5
8AE
330
1F
100
AcDbEntity
  8
TG
100
AcDbText
 10
14514.42546848606
 20
8426.219885449381
 30
0.0
 40
250.0
  1
-        -
 41
0.9
  7
ROMANS
 72
     1
 11
15692.99689705748
 21
8551.219885449381
 31
0.0
100
AcDbText
 73
     2
  0
TEXT
  5
8AF
330
1F
100
AcDbEntity
  8
TG
100
AcDbText
 10
14514.42546848606
 20
7526.21988544938
 30
0.0
 40
250.0
  1
-        -
 41
0.9
  7
ROMANS
 72
     1
 11
15692.99689705748
 21
7651.21988544938
 31
0.0
100
AcDbText
 73
     2
  0
TEXT
  5
8B0
330
1F
100
AcDbEntity
  8
TG
100
AcDbText
 10
18546.56832562891
 20
4826.21988544938
 30
0.0
 40
250.0
  1
16    @125
 41
0.9
  7
ROMANS
 72
     1
 11
19692.99689705748
 21
4951.21988544938
 31
0.0
100
AcDbText
 73
     2
  0
TEXT
  5
8B1
330
1F
100
AcDbEntity
  8
TG
100
AcDbText
 10
18546.56832562891
 20
5726.219885449384
 30
0.0
 40
250.0
  1
12    @125
 41
0.9
  7
ROMANS
 72
     1
 11
19692.99689705748
 21
5851.219885449384
 31
0.0
100
AcDbText
 73
     2
  0
TEXT
  5
8B2
330
1F
100
AcDbEntity
  8
TG
100
AcDbText
 10
18546.56832562891
 20
6626.219885449376
 30
0.0
 40
250.0
  1
12    @200
 41
0.9
  7
ROMANS
 72
     1
 11
19692.99689705748
 21
6751.219885449376
 31
0.0
100
AcDbText
 73
     2
  0
TEXT
  5
8B3
330
1F
100
AcDbEntity
  8
TG
100
AcDbText
 10
18546.56832562891
 20
7526.21988544938
 30
0.0
 40
250.0
  1
12    @250
 41
0.9
  7
ROMANS
 72
     1
 11
19692.99689705748
 21
7651.21988544938
 31
0.0
100
AcDbText
 73
     2
  0
TEXT
  5
8B4
330
1F
100
AcDbEntity
  8
TG
100
AcDbText
 10
18546.56832562891
 20
8426.219885449381
 30
0.0
 40
250.0
  1
12    @300
 41
0.9
  7
ROMANS
 72
     1
 11
19692.99689705748
 21
8551.219885449381
 31
0.0
100
AcDbText
 73
     2
  0
TEXT
  5
8B5
330
1F
100
AcDbEntity
  8
TG
100
AcDbText
 10
18546.56832562891
 20
9326.277487153646
 30
0.0
 40
250.0
  1
12    @300
 41
0.9
  7
ROMANS
 72
     1
 11
19692.99689705748
 21
9451.277487153646
 31
0.0
100
AcDbText
 73
     2
  0
TEXT
  5
8B6
330
1F
100
AcDbEntity
  8
TG
100
AcDbText
 10
22546.56832562891
 20
4826.21988544938
 30
0.0
 40
250.0
  1
10    @250
 41
0.9
  7
ROMANS
 72
     1
 11
23692.99689705749
 21
4951.21988544938
 31
0.0
100
AcDbText
 73
     2
  0
TEXT
  5
8B7
330
1F
100
AcDbEntity
  8
TG
100
AcDbText
 10
22546.56832562891
 20
5726.219885449384
 30
0.0
 40
250.0
  1
10    @250
 41
0.9
  7
ROMANS
 72
     1
 11
23692.99689705749
 21
5851.219885449384
 31
0.0
100
AcDbText
 73
     2
  0
TEXT
  5
8B8
330
1F
100
AcDbEntity
  8
TG
100
AcDbText
 10
22546.56832562891
 20
6626.219885449376
 30
0.0
 40
250.0
  1
10    @250
 41
0.9
  7
ROMANS
 72
     1
 11
23692.99689705749
 21
6751.219885449376
 31
0.0
100
AcDbText
 73
     2
  0
TEXT
  5
8B9
330
1F
100
AcDbEntity
  8
TG
100
AcDbText
 10
22546.56832562891
 20
7526.21988544938
 30
0.0
 40
250.0
  1
10    @200
 41
0.9
  7
ROMANS
 72
     1
 11
23692.99689705749
 21
7651.21988544938
 31
0.0
100
AcDbText
 73
     2
  0
TEXT
  5
8BA
330
1F
100
AcDbEntity
  8
TG
100
AcDbText
 10
22546.56832562891
 20
8426.219885449381
 30
0.0
 40
250.0
  1
10    @200
 41
0.9
  7
ROMANS
 72
     1
 11
23692.99689705749
 21
8551.219885449381
 31
0.0
100
AcDbText
 73
     2
  0
TEXT
  5
8BB
330
1F
100
AcDbEntity
  8
TG
100
AcDbText
 10
22546.56832562891
 20
9326.277487153646
 30
0.0
 40
250.0
  1
10    @200
 41
0.9
  7
ROMANS
 72
     1
 11
23692.99689705749
 21
9451.277487153646
 31
0.0
100
AcDbText
 73
     2
  0
TEXT
  5
8BC
330
1F
100
AcDbEntity
  8
TG
100
AcDbText
 10
26546.56832562891
 20
9326.277487153646
 30
0.0
 40
250.0
  1
10    @250
 41
0.9
  7
ROMANS
 72
     1
 11
27692.99689705749
 21
9451.277487153646
 31
0.0
100
AcDbText
 73
     2
  0
TEXT
  5
8BD
330
1F
100
AcDbEntity
  8
TG
100
AcDbText
 10
26546.56832562891
 20
8426.219885449381
 30
0.0
 40
250.0
  1
10    @200
 41
0.9
  7
ROMANS
 72
     1
 11
27692.99689705749
 21
8551.219885449381
 31
0.0
100
AcDbText
 73
     2
  0
TEXT
  5
8BE
330
1F
100
AcDbEntity
  8
TG
100
AcDbText
 10
26546.56832562891
 20
7526.21988544938
 30
0.0
 40
250.0
  1
10    @200
 41
0.9
  7
ROMANS
 72
     1
 11
27692.99689705749
 21
7651.21988544938
 31
0.0
100
AcDbText
 73
     2
  0
TEXT
  5
8BF
330
1F
100
AcDbEntity
  8
TG
100
AcDbText
 10
26546.56832562891
 20
6626.219885449376
 30
0.0
 40
250.0
  1
10    @300
 41
0.9
  7
ROMANS
 72
     1
 11
27692.99689705749
 21
6751.219885449376
 31
0.0
100
AcDbText
 73
     2
  0
TEXT
  5
8C0
330
1F
100
AcDbEntity
  8
TG
100
AcDbText
 10
26546.56832562891
 20
5726.219885449384
 30
0.0
 40
250.0
  1
10    @300
 41
0.9
  7
ROMANS
 72
     1
 11
27692.99689705749
 21
5851.219885449384
 31
0.0
100
AcDbText
 73
     2
  0
TEXT
  5
8C1
330
1F
100
AcDbEntity
  8
TG
100
AcDbText
 10
26546.56832562891
 20
4826.21988544938
 30
0.0
 40
250.0
  1
10    @300
 41
0.9
  7
ROMANS
 72
     1
 11
27692.99689705749
 21
4951.21988544938
 31
0.0
100
AcDbText
 73
     2
  0
TEXT
  5
8C2
330
1F
100
AcDbEntity
  8
TG
100
AcDbText
 10
30514.42546848606
 20
7526.21988544938
 30
0.0
 40
250.0
  1
-        -
 41
0.9
  7
ROMANS
 72
     1
 11
31692.99689705749
 21
7651.21988544938
 31
0.0
100
AcDbText
 73
     2
  0
TEXT
  5
8C3
330
1F
100
AcDbEntity
  8
TG
100
AcDbText
 10
30514.42546848606
 20
8426.219885449381
 30
0.0
 40
250.0
  1
-        -
 41
0.9
  7
ROMANS
 72
     1
 11
31692.99689705749
 21
8551.219885449381
 31
0.0
100
AcDbText
 73
     2
  0
TEXT
  5
8C4
330
1F
100
AcDbEntity
  8
TG
100
AcDbText
 10
30514.42546848606
 20
9326.277487153646
 30
0.0
 40
250.0
  1
-        -
 41
0.9
  7
ROMANS
 72
     1
 11
31692.99689705749
 21
9451.277487153646
 31
0.0
100
AcDbText
 73
     2
  0
TEXT
  5
8C5
330
1F
100
AcDbEntity
  8
TG
100
AcDbText
 10
30546.56832562891
 20
6626.219885449376
 30
0.0
 40
250.0
  1
10    @250
 41
0.9
  7
ROMANS
 72
     1
 11
31692.99689705749
 21
6751.219885449376
 31
0.0
100
AcDbText
 73
     2
  0
TEXT
  5
8C6
330
1F
100
AcDbEntity
  8
TG
100
AcDbText
 10
30546.56832562891
 20
5726.219885449384
 30
0.0
 40
250.0
  1
10    @250
 41
0.9
  7
ROMANS
 72
     1
 11
31692.99689705749
 21
5851.219885449384
 31
0.0
100
AcDbText
 73
     2
  0
TEXT
  5
8C7
330
1F
100
AcDbEntity
  8
TG
100
AcDbText
 10
30546.56832562891
 20
4826.21988544938
 30
0.0
 40
250.0
  1
10    @250
 41
0.9
  7
ROMANS
 72
     1
 11
31692.99689705749
 21
4951.21988544938
 31
0.0
100
AcDbText
 73
     2
  0
LWPOLYLINE
  5
8C8
330
1F
100
AcDbEntity
  8
6M
100
AcDbPolyline
 90
        2
 70
     0
 43
0.0
 10
192.9968970576265
 20
4501.248686301514
 10
192.996897057752
 20
13210.26211879821
  0
TEXT
  5
8C9
330
1F
100
AcDbEntity
  8
TG
100
AcDbText
 10
1096.568325629017
 20
9326.277487153646
 30
0.0
 40
250.0
  1
A
 41
0.9
  7
ROMANS
 72
     1
 11
1192.996897057588
 21
9451.277487153646
 31
0.0
100
AcDbText
 73
     2
  0
TEXT
  5
8CA
330
1F
100
AcDbEntity
  8
TG
100
AcDbText
 10
1096.568325629017
 20
8426.219885449381
 30
0.0
 40
250.0
  1
A
 41
0.9
  7
ROMANS
 72
     1
 11
1192.996897057588
 21
8551.219885449381
 31
0.0
100
AcDbText
 73
     2
  0
TEXT
  5
8CB
330
1F
100
AcDbEntity
  8
TG
100
AcDbText
 10
1096.568325629017
 20
7526.162283745114
 30
0.0
 40
250.0
  1
A
 41
0.9
  7
ROMANS
 72
     1
 11
1192.996897057588
 21
7651.162283745114
 31
0.0
100
AcDbText
 73
     2
  0
TEXT
  5
8CC
330
1F
100
AcDbEntity
  8
TG
100
AcDbText
 10
1075.139754200445
 20
6626.104682040848
 30
0.0
 40
250.0
  1
B
 41
0.9
  7
ROMANS
 72
     1
 11
1192.996897057588
 21
6751.104682040848
 31
0.0
100
AcDbText
 73
     2
  0
TEXT
  5
8CD
330
1F
100
AcDbEntity
  8
TG
100
AcDbText
 10
1075.139754200445
 20
5726.047080336583
 30
0.0
 40
250.0
  1
B
 41
0.9
  7
ROMANS
 72
     1
 11
1192.996897057588
 21
5851.047080336583
 31
0.0
100
AcDbText
 73
     2
  0
TEXT
  5
8CE
330
1F
100
AcDbEntity
  8
TG
100
AcDbText
 10
1075.139754200445
 20
4825.989478632316
 30
0.0
 40
250.0
  1
B
 41
0.9
  7
ROMANS
 72
     1
 11
1192.996897057588
 21
4950.989478632316
 31
0.0
100
AcDbText
 73
     2
  0
LINE
  5
8D0
330
1F
100
AcDbEntity
  8
8G
100
AcDbLine
 10
24440.78180225211
 20
20219.031380982
 30
0.0
 11
24959.12186398909
 21
21219.48114210428
 31
0.0
  0
LINE
  5
8D1
330
1F
100
AcDbEntity
  8
5B
100
AcDbLine
 10
22904.99894271008
 20
23747.65732414257
 30
0.0
 11
22904.99894271008
 21
23620.51886700151
 31
0.0
  0
ARC
  5
8D2
330
1F
100
AcDbEntity
  8
5B
100
AcDbCircle
 10
22902.99894271008
 20
23747.65732414257
 30
0.0
 40
2.0
100
AcDbArc
 50
0.0
 51
113.6648899286052
  0
ARC
  5
8D3
330
1F
100
AcDbEntity
  8
5B
100
AcDbCircle
 10
22902.99894271008
 20
23620.51886700151
 30
0.0
 40
2.0
100
AcDbArc
 50
293.6648899286052
 51
0.0
  0
LINE
  5
8D4
330
1F
100
AcDbEntity
  8
5B
100
AcDbLine
 10
22332.41027459211
 20
23498.47979969236
 30
0.0
 11
22332.41027459211
 21
23371.34134255129
 31
0.0
  0
ARC
  5
8D5
330
1F
100
AcDbEntity
  8
5B
100
AcDbCircle
 10
22334.41027459211
 20
23498.47979969236
 30
0.0
 40
2.0
100
AcDbArc
 50
113.6648899286052
 51
180.0
  0
ARC
  5
8D6
330
1F
100
AcDbEntity
  8
5B
100
AcDbCircle
 10
22334.41027459211
 20
23371.34134255129
 30
0.0
 40
2.0
100
AcDbArc
 50
180.0
 51
293.6648899286052
  0
LINE
  5
8D7
330
1F
100
AcDbEntity
  8
5B
100
AcDbLine
 10
22335.21304778349
 20
23369.50952509226
 30
0.0
 11
22451.75863817433
 21
23420.58430608518
 31
0.0
  0
LINE
  5
8D8
330
1F
100
AcDbEntity
  8
5B
100
AcDbLine
 10
22333.60750140074
 20
23500.31161715139
 30
0.0
 11
22451.75863817433
 21
23552.09001060702
 31
0.0
  0
LINE
  5
8D9
330
1F
100
AcDbEntity
  8
5B
  6
HIDDEN2
 48
0.5
100
AcDbLine
 10
22451.75863817434
 20
23552.09001060702
 30
0.0
 11
22901.75863817433
 21
23749.29739846043
 31
0.0
  0
LINE
  5
8DA
330
1F
100
AcDbEntity
  8
5B
  6
HIDDEN2
 48
0.5
100
AcDbLine
 10
22451.75863817433
 20
23420.58430608518
 30
0.0
 11
22901.75863817433
 21
23617.7916939386
 31
0.0
  0
ARC
  5
8DB
330
1F
100
AcDbEntity
  8
5B
100
AcDbCircle
 10
22903.46761449513
 20
21874.94770719954
 30
0.0
 40
2.0
100
AcDbArc
 50
0.0
 51
113.6648899286052
  0
LINE
  5
8DC
330
1F
100
AcDbEntity
  8
5B
100
AcDbLine
 10
22905.46761449513
 20
21874.94770719954
 30
0.0
 11
22905.46761449513
 21
21747.80925005848
 31
0.0
  0
LINE
  5
8DD
330
1F
100
AcDbEntity
  8
5B
  6
HIDDEN2
 48
0.5
100
AcDbLine
 10
22452.22730995939
 20
21679.38039366399
 30
0.0
 11
22902.22730995938
 21
21876.5877815174
 31
0.0
  0
LINE
  5
8DE
330
1F
100
AcDbEntity
  8
5B
  6
HIDDEN2
 48
0.5
100
AcDbLine
 10
22452.22730995938
 20
21547.87468914215
 30
0.0
 11
22902.22730995938
 21
21745.08207699557
 31
0.0
  0
SPLINE
  5
8DF
330
1F
100
AcDbEntity
  8
2Y
100
AcDbSpline
210
0.0
220
0.0
230
1.0
 70
  1064
 71
     3
 72
     9
 73
     5
 74
     3
 42
0.000000001
 43
0.0000000001
 44
0.0000000001
 40
0.0
 40
0.0
 40
0.0
 40
0.0
 40
85.15362537249949
 40
187.0102852436965
 40
187.0102852436965
 40
187.0102852436965
 40
187.0102852436965
 10
22902.22730995938
 20
21883.93258710668
 30
0.0
 10
22930.13788099916
 20
21864.09047475728
 30
0.0
 10
22991.4337310423
 20
21820.51418456333
 30
0.0
 10
22933.68216571297
 20
21768.1206397974
 30
0.0
 10
22902.22730995938
 20
21739.58407314966
 30
0.0
 11
22902.22730995938
 21
21883.93258710668
 31
0.0
 11
22961.27617496701
 21
21822.57811330573
 31
0.0
 11
22902.22730995938
 21
21739.58407314966
 31
0.0
  0
LINE
  5
8E0
330
1F
100
AcDbEntity
  8
5B
100
AcDbLine
 10
22334.07617318579
 20
21627.60200020836
 30
0.0
 11
22452.22730995938
 21
21679.38039366399
 31
0.0
  0
LINE
  5
8E1
330
1F
100
AcDbEntity
  8
5B
100
AcDbLine
 10
22335.68171956854
 20
21496.79990814922
 30
0.0
 11
22452.22730995938
 21
21547.87468914215
 31
0.0
  0
LINE
  5
8E2
330
1F
100
AcDbEntity
  8
5B
100
AcDbLine
 10
22332.87894637716
 20
21625.77018274933
 30
0.0
 11
22332.87894637716
 21
21498.63172560825
 31
0.0
  0
ARC
  5
8E3
330
1F
100
AcDbEntity
  8
5B
100
AcDbCircle
 10
22903.46761449513
 20
21747.80925005848
 30
0.0
 40
2.0
100
AcDbArc
 50
293.6648899286052
 51
0.0
  0
LWPOLYLINE
  5
8E4
330
1F
100
AcDbEntity
  8
1R
100
AcDbPolyline
 90
        7
 70
     1
 43
0.0
 10
22902.22730995938
 20
21742.0652310376
 10
22909.63173529362
 20
21749.45854671325
 10
22929.99365348744
 20
21755.00347488069
 10
22941.10029148866
 20
21743.91338418729
 10
22937.39807882168
 20
21730.9751403442
 10
22917.03616062787
 20
21721.73343715975
 10
22909.63173529362
 20
21727.2783653269
  0
LWPOLYLINE
  5
8E5
330
1F
100
AcDbEntity
  8
1R
100
AcDbPolyline
 90
        7
 70
     1
 43
0.0
 10
22928.74744591649
 20
21763.30866978248
 10
22936.15187125073
 20
21770.70198545814
 10
22956.51378944454
 20
21776.24691362557
 10
22967.62042744576
 20
21765.15682293218
 10
22963.91821477879
 20
21752.21857908908
 10
22943.55629658498
 20
21742.97687590463
 10
22936.15187125073
 20
21748.52180407178
  0
LWPOLYLINE
  5
8E6
330
1F
100
AcDbEntity
  8
1R
100
AcDbPolyline
 90
        7
 70
     1
 43
0.0
 10
22939.51807882103
 20
21721.41543934499
 10
22942.80272116114
 20
21708.49175748765
 10
22936.23184860876
 20
21701.01251352295
 10
22908.10183714647
 20
21699.19451470451
 10
22905.94667576942
 20
21709.75864818195
 10
22907.89763706317
 20
21720.83165081673
 10
22927.81445480311
 20
21721.63224659895
  0
LWPOLYLINE
  5
8E7
330
1F
100
AcDbEntity
  8
1R
100
AcDbPolyline
 90
        7
 70
     1
 43
0.0
 10
22953.02303025952
 20
21789.62768050447
 10
22960.42745559377
 20
21797.02099618013
 10
22980.78937378758
 20
21802.56592434756
 10
22991.8960117888
 20
21791.47583365417
 10
22988.19379912182
 20
21778.53758981108
 10
22967.83188092801
 20
21769.29588662662
 10
22960.42745559377
 20
21774.84081479377
  0
LWPOLYLINE
  5
8E8
330
1F
100
AcDbEntity
  8
1R
100
AcDbPolyline
 90
        7
 70
     1
 43
0.0
 10
22971.34619469663
 20
21762.9292560234
 10
22978.75062003088
 20
21770.32257169905
 10
22999.11253822469
 20
21775.86749986649
 10
23010.21917622591
 20
21764.77740917309
 10
23006.51696355894
 20
21751.83916533
 10
22986.15504536512
 20
21742.59746214555
 10
22978.75062003088
 20
21748.1423903127
  0
LINE
  5
8E9
330
1F
100
AcDbEntity
  8
5B
100
AcDbLine
 10
22902.22730995938
 20
21745.08207699556
 30
0.0
 11
22904.27038768651
 21
21745.97743259945
 31
0.0
  0
LINE
  5
8EA
330
1F
100
AcDbEntity
  8
5B
100
AcDbLine
 10
22902.22730995938
 20
21876.5877815174
 30
0.0
 11
22902.66484130376
 21
21876.77952465857
 31
0.0
  0
ENDSEC
  0
SECTION
  2
OBJECTS
  0
DICTIONARY
  5
C
330
0
100
AcDbDictionary
281
     1
  3
ACAD_CIP_PREVIOUS_PRODUCT_INFO
350
216
  3
ACAD_COLOR
350
6B
  3
ACAD_DETAILVIEWSTYLE
350
21B
  3
ACAD_GROUP
350
D
  3
ACAD_LAYOUT
350
1A
  3
ACAD_MATERIAL
350
6A
  3
ACAD_MLEADERSTYLE
350
12D
  3
ACAD_MLINESTYLE
350
17
  3
ACAD_PLOTSETTINGS
350
19
  3
ACAD_PLOTSTYLENAME
350
E
  3
ACAD_SCALELIST
350
10C
  3
ACAD_SECTIONVIEWSTYLE
350
219
  3
ACAD_TABLESTYLE
350
7E
  3
ACAD_VISUALSTYLE
350
EF
  3
ACDB_RECOMPOSE_DATA
350
A72
  3
AcDbVariableDictionary
350
5E
  3
AEC_PROPERTY_SET_DEFS
350
630
  0
DICTIONARY
  5
1FF
330
2
100
AcDbDictionary
280
     1
281
     1
  3
ACAD_LAYERSTATES
360
200
  0
DICTIONARY
  5
13C
330
10
100
AcDbDictionary
280
     1
281
     1
  0
DICTIONARY
  5
34E
330
34D
100
AcDbDictionary
280
     1
281
     1
  0
DICTIONARY
  5
350
330
34F
100
AcDbDictionary
280
     1
281
     1
  0
DICTIONARY
  5
352
330
351
100
AcDbDictionary
280
     1
281
     1
  0
DICTIONARY
  5
354
330
353
100
AcDbDictionary
280
     1
281
     1
  0
DICTIONARY
  5
356
330
355
100
AcDbDictionary
280
     1
281
     1
  0
DICTIONARY
  5
358
330
357
100
AcDbDictionary
280
     1
281
     1
  0
DICTIONARY
  5
35A
330
359
100
AcDbDictionary
280
     1
281
     1
  0
DICTIONARY
  5
35D
330
35C
100
AcDbDictionary
280
     1
281
     1
  0
DICTIONARY
  5
35F
330
35E
100
AcDbDictionary
280
     1
281
     1
  0
DICTIONARY
  5
361
330
360
100
AcDbDictionary
280
     1
281
     1
  0
DICTIONARY
  5
1CE
330
1F
100
AcDbDictionary
280
     1
281
     1
  0
DICTIONARY
  5
637
330
636
100
AcDbDictionary
280
     1
281
     1
  3
ACAD_DIMASSOC
360
638
  0
DICTIONARY
  5
680
330
67F
100
AcDbDictionary
280
     1
281
     1
  3
ACAD_DIMASSOC
360
681
  0
DICTIONARY
  5
683
330
682
100
AcDbDictionary
280
     1
281
     1
  3
ACAD_DIMASSOC
360
684
  0
DICTIONARY
  5
6A3
330
6A2
100
AcDbDictionary
280
     1
281
     1
  3
ACAD_DIMASSOC
360
6A4
  0
DICTIONARY
  5
6B0
330
6AF
100
AcDbDictionary
280
     1
281
     1
  3
ACAD_DIMASSOC
360
6B1
  0
DICTIONARY
  5
6B3
330
6B2
100
AcDbDictionary
280
     1
281
     1
  3
ACAD_DIMASSOC
360
6B4
  0
DICTIONARY
  5
6C6
330
6C5
100
AcDbDictionary
280
     1
281
     1
  3
ACAD_DIMASSOC
360
6C7
  0
DICTIONARY
  5
6C9
330
6C8
100
AcDbDictionary
280
     1
281
     1
  3
ACAD_DIMASSOC
360
6CA
  0
DICTIONARY
  5
6D2
330
6D1
100
AcDbDictionary
280
     1
281
     1
  3
ACAD_DIMASSOC
360
6D3
  0
DICTIONARY
  5
6E0
330
6DF
100
AcDbDictionary
280
     1
281
     1
  3
ACAD_DIMASSOC
360
6E1
  0
DICTIONARY
  5
6E3
330
6E2
100
AcDbDictionary
280
     1
281
     1
  3
ACAD_DIMASSOC
360
6E4
  0
DICTIONARY
  5
772
330
771
100
AcDbDictionary
280
     1
281
     1
  3
ACAD_DIMASSOC
360
773
  0
DICTIONARY
  5
775
330
774
100
AcDbDictionary
280
     1
281
     1
  3
ACAD_DIMASSOC
360
776
  0
XRECORD
  5
216
102
{ACAD_REACTORS
330
C
102
}
330
C
100
AcDbXrecord
280
     1
300
ACD
300
2019
300
ACD_F_S
  0
DICTIONARY
  5
6B
102
{ACAD_REACTORS
330
C
102
}
330
C
100
AcDbDictionary
281
     1
  0
DICTIONARY
  5
21B
102
{ACAD_REACTORS
330
C
102
}
330
C
100
AcDbDictionary
281
     1
  3
Imperial24
350
36E
  3
Metric50
350
21C
  0
DICTIONARY
  5
D
102
{ACAD_REACTORS
330
C
102
}
330
C
100
AcDbDictionary
281
     1
  0
DICTIONARY
  5
1A
102
{ACAD_REACTORS
330
C
102
}
330
C
100
AcDbDictionary
281
     1
  3
Layout1
350
D3
  3
Layout2
350
D7
  3
Model
350
22
  0
DICTIONARY
  5
6A
102
{ACAD_REACTORS
330
C
102
}
330
C
100
AcDbDictionary
281
     1
  3
ByBlock
350
ED
  3
ByLayer
350
EC
  3
Global
350
EE
  0
DICTIONARY
  5
12D
102
{ACAD_REACTORS
330
C
102
}
330
C
100
AcDbDictionary
281
     1
  3
Annotative
350
13B
  3
Standard
350
12E
  0
DICTIONARY
  5
17
102
{ACAD_REACTORS
330
C
102
}
330
C
100
AcDbDictionary
281
     1
  3
Standard
350
18
  0
DICTIONARY
  5
19
102
{ACAD_REACTORS
330
C
102
}
330
C
100
AcDbDictionary
281
     1
  0
ACDBDICTIONARYWDFLT
  5
E
102
{ACAD_REACTORS
330
C
102
}
330
C
100
AcDbDictionary
281
     1
  3
Normal
350
F
100
AcDbDictionaryWithDefault
340
F
  0
DICTIONARY
  5
10C
102
{ACAD_REACTORS
330
C
102
}
330
C
100
AcDbDictionary
281
     1
  3
*A1
350
36B
  3
*A2
350
36C
  3
A0
350
10D
  3
A1
350
1BE
  3
A2
350
1BF
  3
A3
350
1C0
  3
A4
350
1C1
  3
A5
350
1C2
  3
A6
350
1C3
  3
A7
350
1C4
  3
A8
350
1C5
  3
A9
350
1C6
  3
B0
350
1C7
  3
B1
350
1C8
  3
B2
350
1C9
  3
B3
350
1CA
  3
B4
350
1CB
  3
B5
350
1CC
  3
B6
350
1CD
  0
DICTIONARY
  5
219
102
{ACAD_REACTORS
330
C
102
}
330
C
100
AcDbDictionary
281
     1
  3
Imperial24
350
36D
  3
Metric50
350
21A
  0
DICTIONARY
  5
7E
102
{ACAD_REACTORS
330
C
102
}
330
C
100
AcDbDictionary
281
     1
  3
Standard
350
7F
  0
DICTIONARY
  5
EF
102
{ACAD_REACTORS
330
C
102
}
330
C
100
AcDbDictionary
281
     1
  3
2dWireframe
350
F5
  3
Basic
350
F4
  3
Brighten
350
FB
  3
ColorChange
350
FF
  3
Conceptual
350
F8
  3
Dim
350
FA
  3
EdgeColorOff
350
1E6
  3
Facepattern
350
FE
  3
Flat
350
F0
  3
FlatWithEdges
350
F1
  3
Gouraud
350
F2
  3
GouraudWithEdges
350
F3
  3
Hidden
350
F7
  3
JitterOff
350
1E4
  3
Linepattern
350
FD
  3
OverhangOff
350
1E5
  3
Realistic
350
F9
  3
Shaded
350
1F3
  3
Shaded with edges
350
1F2
  3
Shades of Gray
350
1EF
  3
Sketchy
350
1F0
  3
Thicken
350
FC
  3
Wireframe
350
F6
  3
X-Ray
350
1F1
  0
XRECORD
  5
A72
102
{ACAD_REACTORS
330
C
102
}
330
C
100
AcDbXrecord
280
     1
 90
        1
330
7F
  0
DICTIONARY
  5
5E
102
{ACAD_REACTORS
330
C
102
}
330
C
100
AcDbDictionary
281
     1
  3
CANNOSCALE
350
146
  3
CENTEREXE
350
259
  3
CENTERLTYPEFILE
350
25A
  3
CMLEADERSTYLE
350
145
  3
CTABLESTYLE
350
84
  3
CVIEWDETAILSTYLE
350
227
  3
CVIEWSECTIONSTYLE
350
228
  3
DIMASSOC
350
5F
  3
HIDETEXT
350
63
  3
LAYEREVAL
350
1AE
  3
LAYERNOTIFY
350
1AF
  0
DICTIONARY
  5
630
102
{ACAD_REACTORS
330
C
102
}
330
C
100
AcDbDictionary
281
     1
  0
DICTIONARY
  5
200
102
{ACAD_REACTORS
330
1FF
102
}
330
1FF
100
AcDbDictionary
281
     1
  0
DIMASSOC
  5
638
102
{ACAD_REACTORS
330
637
102
}
330
637
100
AcDbDimAssoc
330
636
 90
        1
 70
     0
 71
     0
  1
AcDbOsnapPointRef
 72
    13
331
632
 73
     2
 91
        0
 40
0.0
 10
17529.17846447976
 20
-10050.46612516936
 30
0.0
 75
     0
  0
DIMASSOC
  5
681
102
{ACAD_REACTORS
330
680
102
}
330
680
100
AcDbDimAssoc
330
67F
 90
        1
 70
     0
 71
     0
  1
AcDbOsnapPointRef
 72
    13
331
63A
 73
     2
 91
        0
 40
0.0
 10
17529.17846447976
 20
-10050.46612516936
 30
0.0
 75
     0
  0
DIMASSOC
  5
684
102
{ACAD_REACTORS
330
683
102
}
330
683
100
AcDbDimAssoc
330
682
 90
        3
 70
     0
 71
     0
  1
AcDbOsnapPointRef
 72
     1
331
635
 73
     2
 91
        0
 40
1.0
 10
20626.22967448533
 20
-15463.26045889569
 30
0.0
 75
     0
  1
AcDbOsnapPointRef
 72
    13
331
635
 73
     2
 91
        0
 40
0.0
 10
20626.22967448533
 20
-16002.21063439641
 30
0.0
 75
     0
  0
DIMASSOC
  5
6A4
102
{ACAD_REACTORS
330
6A3
102
}
330
6A3
100
AcDbDimAssoc
330
6A2
 90
        1
 70
     0
 71
     0
  1
AcDbOsnapPointRef
 72
     1
331
633
 73
     2
 91
        0
 40
1.0
 10
17529.17846447976
 20
-16002.21063439641
 30
0.0
 75
     0
  0
DIMASSOC
  5
6B1
102
{ACAD_REACTORS
330
6B0
102
}
330
6B0
100
AcDbDimAssoc
330
6AF
 90
        3
 70
     0
 71
     0
  1
AcDbOsnapPointRef
 72
    10
331
686
 73
     2
 91
        0
 40
0.0157387445595936
 10
17679.17846447977
 20
-10220.19345280418
 30
0.0
 75
     0
  1
AcDbOsnapPointRef
 72
     8
331
685
 73
     2
 91
        0
 40
0.0313566925270507
 10
17829.17846447976
 20
-10220.19345280418
 30
0.0
 75
     1
  1
AcDbOsnapPointRef
 72
    10
331
686
 73
     2
 91
        0
 40
0.0157387445595936
 10
17679.17846447977
 20
-10220.19345280418
 30
0.0
 75
     0
  0
DIMASSOC
  5
6B4
102
{ACAD_REACTORS
330
6B3
102
}
330
6B3
100
AcDbDimAssoc
330
6B2
 90
        3
 70
     0
 71
     0
  1
AcDbOsnapPointRef
 72
    13
331
689
 73
     2
 91
        0
 40
0.0
 10
20506.22967448533
 20
-15613.26045889568
 30
0.0
 75
     0
  1
AcDbOsnapPointRef
 72
     8
331
634
 73
     2
 91
        0
 40
0.0429023249809437
 10
20506.22967448533
 20
-15463.26045889569
 30
0.0
 75
     1
  1
AcDbOsnapPointRef
 72
    13
331
689
 73
     2
 91
        0
 40
0.0
 10
20506.22967448533
 20
-15613.26045889568
 30
0.0
 75
     0
  0
DIMASSOC
  5
6C7
102
{ACAD_REACTORS
330
6C6
102
}
330
6C6
100
AcDbDimAssoc
330
6C5
 90
        3
 70
     0
 71
     0
  1
AcDbOsnapPointRef
 72
    13
331
6DC
 73
     2
 91
        0
 40
0.0
 10
36180.03796874022
 20
-15613.26045889568
 30
0.0
 75
     0
  1
AcDbOsnapPointRef
 72
     8
331
72C
 73
     2
 91
        0
 40
0.0429023249809437
 10
36180.03796874022
 20
-15463.26045889569
 30
0.0
 75
     1
  1
AcDbOsnapPointRef
 72
    13
331
6DC
 73
     2
 91
        0
 40
0.0
 10
36180.03796874022
 20
-15613.26045889568
 30
0.0
 75
     0
  0
DIMASSOC
  5
6CA
102
{ACAD_REACTORS
330
6C9
102
}
330
6C9
100
AcDbDimAssoc
330
6C8
 90
        3
 70
     0
 71
     0
  1
AcDbOsnapPointRef
 72
    10
331
6DD
 73
     2
 91
        0
 40
0.0157387445595936
 10
33352.98675873465
 20
-10228.91480142595
 30
0.0
 75
     0
  1
AcDbOsnapPointRef
 72
     8
331
6DE
 73
     2
 91
        0
 40
0.0313566925270507
 10
33502.98675873466
 20
-10228.91480142595
 30
0.0
 75
     1
  1
AcDbOsnapPointRef
 72
    10
331
6DD
 73
     2
 91
        0
 40
0.0157387445595936
 10
33352.98675873465
 20
-10228.91480142595
 30
0.0
 75
     0
  0
DIMASSOC
  5
6D3
102
{ACAD_REACTORS
330
6D2
102
}
330
6D2
100
AcDbDimAssoc
330
6D1
 90
        1
 70
     0
 71
     0
  1
AcDbOsnapPointRef
 72
     1
331
72D
 73
     2
 91
        0
 40
1.0
 10
33052.98675873465
 20
-16002.21063439641
 30
0.0
 75
     0
  0
DIMASSOC
  5
6E1
102
{ACAD_REACTORS
330
6E0
102
}
330
6E0
100
AcDbDimAssoc
330
6DF
 90
        3
 70
     0
 71
     0
  1
AcDbOsnapPointRef
 72
     1
331
72B
 73
     2
 91
        0
 40
1.0
 10
36300.03796874022
 20
-15463.26045889569
 30
0.0
 75
     0
  1
AcDbOsnapPointRef
 72
    13
331
72B
 73
     2
 91
        0
 40
0.0
 10
36300.03796874022
 20
-16002.21063439641
 30
0.0
 75
     0
  0
DIMASSOC
  5
6E4
102
{ACAD_REACTORS
330
6E3
102
}
330
6E3
100
AcDbDimAssoc
330
6E2
 90
        1
 70
     0
 71
     0
  1
AcDbOsnapPointRef
 72
    13
331
728
 73
     2
 91
        0
 40
0.0
 10
33052.98675873466
 20
-10050.46612516936
 30
0.0
 75
     0
  0
DIMASSOC
  5
773
102
{ACAD_REACTORS
330
772
102
}
330
772
100
AcDbDimAssoc
330
771
 90
        1
 70
     0
 71
     0
  1
AcDbOsnapPointRef
 72
    13
331
72C
 73
     2
 91
        0
 40
0.0
 10
36300.03796874022
 20
-15463.26045889569
 30
0.0
 75
     0
  0
DIMASSOC
  5
776
102
{ACAD_REACTORS
330
775
102
}
330
775
100
AcDbDimAssoc
330
774
 90
        1
 70
     0
 71
     0
  1
AcDbOsnapPointRef
 72
     1
331
76F
 73
     2
 91
        0
 40
1.0
 10
33502.98675873466
 20
-14463.26045889569
 30
0.0
 75
     0
  0
ACDBDETAILVIEWSTYLE
  5
36E
102
{ACAD_REACTORS
330
21B
102
}
330
21B
100
AcDbModelDocViewStyle
 70
     0
  3
Imperial24
290
     0
300
Imperial24
 90
        0
100
AcDbDetailViewStyle
 70
     0
 71
     0
 90
        3
 71
     1
340
11
 62
   256
 40
0.24
340
0
 62
   256
 40
0.24
300

 40
0.36
280
     3
 71
     2
340
16
 90
       25
 62
   256
 71
     3
340
11
 62
   256
 40
0.24
 90
        1
 40
0.75
 90
        1
300
%<\AcVar ViewType \f "%tc1">% %<\AcVar ViewDetailId>%\PSCALE %<\AcVar ViewScale \f "%sn">%
 71
     4
340
16
 90
       25
 62
   256
340
16
 90
       25
 62
   256
280
     0
  0
ACDBDETAILVIEWSTYLE
  5
21C
102
{ACAD_REACTORS
330
21B
102
}
330
21B
100
AcDbModelDocViewStyle
 70
     0
  3
Metric50
290
     0
300
Metric50
 90
        0
100
AcDbDetailViewStyle
 70
     0
 71
     0
 90
        3
 71
     1
340
11
 62
   256
 40
5.0
340
0
 62
   256
 40
5.0
300

 40
0.0
280
     1
 71
     2
340
16
 90
       25
 62
   256
 71
     3
340
11
 62
   256
 40
5.0
 90
        0
 40
15.0
 90
        1
300
%<\AcVar ViewDetailId>% (%<\AcVar ViewScale \f "%sn">%)
 71
     4
340
16
 90
       25
 62
   256
340
16
 90
       25
 62
   256
280
     0
  0
LAYOUT
  5
D3
102
{ACAD_REACTORS
330
1A
102
}
330
1A
100
AcDbPlotSettings
  1

  2
C:\Documents and Settings\basas\Application Data\Autodesk\AutoCAD 2005\R16.1\enu\plotters\Default Windows System Printer.pc3
  4

  6

 40
0.0
 41
0.0
 42
0.0
 43
0.0
 44
0.0
 45
0.0
 46
0.0
 47
0.0
 48
0.0
 49
0.0
140
0.0
141
0.0
142
1.0
143
1.0
 70
   688
 72
     0
 73
     0
 74
     5
  7

 75
    16
147
1.0
 76
     0
 77
     2
 78
   300
148
0.0
149
0.0
100
AcDbLayout
  1
Layout1
 70
     1
 71
     1
 10
0.0
 20
0.0
 11
12.0
 21
9.0
 12
0.0
 22
0.0
 32
0.0
 14
0.0
 24
0.0
 34
0.0
 15
0.0
 25
0.0
 35
0.0
146
0.0
 13
0.0
 23
0.0
 33
0.0
 16
1.0
 26
0.0
 36
0.0
 17
0.0
 27
1.0
 37
0.0
 76
     0
330
D2
  0
LAYOUT
  5
D7
102
{ACAD_REACTORS
330
1A
102
}
330
1A
100
AcDbPlotSettings
  1

  2
C:\Documents and Settings\basas\Application Data\Autodesk\AutoCAD 2005\R16.1\enu\plotters\Default Windows System Printer.pc3
  4

  6

 40
0.0
 41
0.0
 42
0.0
 43
0.0
 44
0.0
 45
0.0
 46
0.0
 47
0.0
 48
0.0
 49
0.0
140
0.0
141
0.0
142
1.0
143
1.0
 70
   688
 72
     0
 73
     0
 74
     5
  7

 75
    16
147
1.0
 76
     0
 77
     2
 78
   300
148
0.0
149
0.0
100
AcDbLayout
  1
Layout2
 70
     1
 71
     2
 10
0.0
 20
0.0
 11
12.0
 21
9.0
 12
0.0
 22
0.0
 32
0.0
 14
0.0
 24
0.0
 34
0.0
 15
0.0
 25
0.0
 35
0.0
146
0.0
 13
0.0
 23
0.0
 33
0.0
 16
1.0
 26
0.0
 36
0.0
 17
0.0
 27
1.0
 37
0.0
 76
     0
330
D6
  0
LAYOUT
  5
22
102
{ACAD_XDICTIONARY
360
205
102
}
102
{ACAD_REACTORS
330
1A
102
}
330
1A
100
AcDbPlotSettings
  1

  2
none_device
  4
ISO_A4_(210.00_x_297.00_MM)
  6

 40
7.5
 41
20.0
 42
7.5
 43
20.0
 44
210.0
 45
297.0
 46
11.54999923706054
 47
-13.65000009536743
 48
0.0
 49
0.0
140
0.0
141
0.0
142
1.0
143
8.704084754739808
 70
 11952
 72
     1
 73
     0
 74
     0
  7

 75
     0
147
0.1148885871608098
 76
     0
 77
     2
 78
   300
148
0.0
149
0.0
100
AcDbLayout
  1
Model
 70
     1
 71
     0
 10
0.0
 20
0.0
 11
12.0
 21
9.0
 12
0.0
 22
0.0
 32
0.0
 14
0.0
 24
0.0
 34
0.0
 15
0.0
 25
0.0
 35
0.0
146
0.0
 13
0.0
 23
0.0
 33
0.0
 16
1.0
 26
0.0
 36
0.0
 17
0.0
 27
1.0
 37
0.0
 76
     0
330
1F
331
EA
1001
ACAD_PSEXT
1000
None
1000
None
1000
Not applicable
1000
The layout will not be plotted unless a new plotter configuration name is selected.
1070
     0
  0
MATERIAL
  5
ED
102
{ACAD_XDICTIONARY
360
1F9
102
}
102
{ACAD_REACTORS
330
6A
102
}
330
6A
100
AcDbMaterial
  1
ByBlock
 94
       63
  0
MATERIAL
  5
EC
102
{ACAD_XDICTIONARY
360
1F7
102
}
102
{ACAD_REACTORS
330
6A
102
}
330
6A
100
AcDbMaterial
  1
ByLayer
 94
       63
  0
MATERIAL
  5
EE
102
{ACAD_XDICTIONARY
360
173
102
}
102
{ACAD_REACTORS
330
6A
102
}
330
6A
100
AcDbMaterial
  1
Global
 43
0.0007999999797903
 43
0.0
 43
0.0
 43
0.0
 43
0.0
 43
0.0007999999797903
 43
0.0
 43
0.0
 43
0.0
 43
0.0
 43
1.0
 43
0.0
 43
0.0
 43
0.0
 43
0.0
 43
1.0
 49
0.0007999999797903
 49
0.0
 49
0.0
 49
0.0
 49
0.0
 49
0.0007999999797903
 49
0.0
 49
0.0
 49
0.0
 49
0.0
 49
1.0
 49
0.0
 49
0.0
 49
0.0
 49
0.0
 49
1.0
142
0.0007999999797903
142
0.0
142
0.0
142
0.0
142
0.0
142
0.0007999999797903
142
0.0
142
0.0
142
0.0
142
0.0
142
1.0
142
0.0
142
0.0
142
0.0
142
0.0
142
1.0
144
0.0007999999797903
144
0.0
144
0.0
144
0.0
144
0.0
144
0.0007999999797903
144
0.0
144
0.0
144
0.0
144
0.0
144
1.0
144
0.0
144
0.0
144
0.0
144
0.0
144
1.0
 94
       63
1001
ACAD
1070
    -1
1070
     3
1070
     0
1000

1071
        0
1070
     0
  0
MLEADERSTYLE
  5
13B
102
{ACAD_REACTORS
330
12D
102
}
330
12D
100
AcDbMLeaderStyle
179
     2
170
     2
171
     1
172
     0
 90
        2
 40
0.0
 41
0.0
173
     1
 91
-1056964608
340
14
 92
       -2
290
     1
 42
2.0
291
     1
 43
8.0
  3
Standard
 44
4.0
300

342
11
174
     1
178
     1
175
     1
176
     0
 93
-1056964608
 45
4.0
292
     0
297
     0
 46
4.0
 94
-1056964608
 47
1.0
 49
1.0
140
1.0
293
     1
141
0.0
294
     1
177
     0
142
1.0
295
     0
296
     1
143
3.75
271
     0
272
     9
273
     9
298
     0
  0
MLEADERSTYLE
  5
12E
102
{ACAD_REACTORS
330
12D
102
}
330
12D
100
AcDbMLeaderStyle
179
     2
170
     2
171
     1
172
     0
 90
        2
 40
0.0
 41
0.0
173
     1
 91
-1056964608
340
14
 92
       -2
290
     1
 42
2.0
291
     1
 43
8.0
  3
Standard
 44
4.0
300

342
11
174
     1
178
     1
175
     1
176
     0
 93
-1056964608
 45
4.0
292
     0
297
     0
 46
4.0
 94
-1056964608
 47
1.0
 49
1.0
140
1.0
293
     1
141
0.0
294
     1
177
     0
142
1.0
295
     0
296
     0
143
3.75
271
     0
272
     9
273
     9
298
     0
  0
MLINESTYLE
  5
18
102
{ACAD_REACTORS
330
17
102
}
330
17
100
AcDbMlineStyle
  2
STANDARD
 70
     0
  3

 62
   256
 51
90.0
 52
90.0
 71
     2
 49
0.5
 62
   256
  6
BYLAYER
 49
-0.5
 62
   256
  6
BYLAYER
  0
ACDBPLACEHOLDER
  5
F
102
{ACAD_REACTORS
330
E
102
}
330
E
  0
SCALE
  5
36B
102
{ACAD_REACTORS
330
10C
102
}
330
10C
100
AcDbScale
 70
     0
300
1/8" = 1'-0"
140
0.125
141
12.0
290
     0
1001
ACAD
1000
AcRTDxfName
1000
SCALE
1000
AcRTDxfName
1000
SCALE
  0
SCALE
  5
36C
102
{ACAD_REACTORS
330
10C
102
}
330
10C
100
AcDbScale
 70
     0
300
1'-0" = 1'-0"
140
12.0
141
12.0
290
     0
1001
ACAD
1000
AcRTDxfName
1000
SCALE
1000
AcRTDxfName
1000
SCALE
  0
SCALE
  5
10D
102
{ACAD_REACTORS
330
10C
102
}
330
10C
100
AcDbScale
 70
     0
300
1:1
140
1.0
141
1.0
290
     1
  0
SCALE
  5
1BE
102
{ACAD_REACTORS
330
10C
102
}
330
10C
100
AcDbScale
 70
     0
300
1:2
140
1.0
141
2.0
290
     0
  0
SCALE
  5
1BF
102
{ACAD_REACTORS
330
10C
102
}
330
10C
100
AcDbScale
 70
     0
300
1:4
140
1.0
141
4.0
290
     0
  0
SCALE
  5
1C0
102
{ACAD_REACTORS
330
10C
102
}
330
10C
100
AcDbScale
 70
     0
300
1:5
140
1.0
141
5.0
290
     0
  0
SCALE
  5
1C1
102
{ACAD_REACTORS
330
10C
102
}
330
10C
100
AcDbScale
 70
     0
300
1:8
140
1.0
141
8.0
290
     0
  0
SCALE
  5
1C2
102
{ACAD_REACTORS
330
10C
102
}
330
10C
100
AcDbScale
 70
     0
300
1:10
140
1.0
141
10.0
290
     0
  0
SCALE
  5
1C3
102
{ACAD_REACTORS
330
10C
102
}
330
10C
100
AcDbScale
 70
     0
300
1:16
140
1.0
141
16.0
290
     0
  0
SCALE
  5
1C4
102
{ACAD_REACTORS
330
10C
102
}
330
10C
100
AcDbScale
 70
     0
300
1:20
140
1.0
141
20.0
290
     0
  0
SCALE
  5
1C5
102
{ACAD_REACTORS
330
10C
102
}
330
10C
100
AcDbScale
 70
     0
300
1:30
140
1.0
141
30.0
290
     0
  0
SCALE
  5
1C6
102
{ACAD_REACTORS
330
10C
102
}
330
10C
100
AcDbScale
 70
     0
300
1:40
140
1.0
141
40.0
290
     0
  0
SCALE
  5
1C7
102
{ACAD_REACTORS
330
10C
102
}
330
10C
100
AcDbScale
 70
     0
300
1:50
140
1.0
141
50.0
290
     0
  0
SCALE
  5
1C8
102
{ACAD_REACTORS
330
10C
102
}
330
10C
100
AcDbScale
 70
     0
300
1:100
140
1.0
141
100.0
290
     0
  0
SCALE
  5
1C9
102
{ACAD_REACTORS
330
10C
102
}
330
10C
100
AcDbScale
 70
     0
300
2:1
140
2.0
141
1.0
290
     0
  0
SCALE
  5
1CA
102
{ACAD_REACTORS
330
10C
102
}
330
10C
100
AcDbScale
 70
     0
300
4:1
140
4.0
141
1.0
290
     0
  0
SCALE
  5
1CB
102
{ACAD_REACTORS
330
10C
102
}
330
10C
100
AcDbScale
 70
     0
300
8:1
140
8.0
141
1.0
290
     0
  0
SCALE
  5
1CC
102
{ACAD_REACTORS
330
10C
102
}
330
10C
100
AcDbScale
 70
     0
300
10:1
140
10.0
141
1.0
290
     0
  0
SCALE
  5
1CD
102
{ACAD_REACTORS
330
10C
102
}
330
10C
100
AcDbScale
 70
     0
300
100:1
140
100.0
141
1.0
290
     0
  0
ACDBSECTIONVIEWSTYLE
  5
36D
102
{ACAD_REACTORS
330
219
102
}
330
219
100
AcDbModelDocViewStyle
 70
     0
  3
Imperial24
290
     0
300
Imperial24
 90
        0
100
AcDbSectionViewStyle
 70
     0
 71
     0
 90
       78
 71
     1
340
11
 62
   256
 40
0.24
340
0
340
0
 62
   256
 40
0.24
300
I, O, Q, S, X, Z
 40
0.48
 90
        3
 40
0.18
 90
        1
 71
     2
340
16
 90
       25
 62
   256
340
16
 90
       50
 62
   256
 40
0.24
 40
0.0
 40
0.24
 71
     3
340
11
 62
   256
 40
0.24
 90
        1
 40
0.75
 90
        1
300
%<\AcVar ViewType \f "%tc1">% %<\AcVar ViewSectionStartId>%-%<\AcVar ViewSectionEndId>%\PSCALE %<\AcVar ViewScale \f "%sn">%
 71
     4
 62
   256
 62
   257
300
ANSI31
 40
1.0
 90
        0
290
     0
290
     0
 90
        6
 40
0.0
 40
1.570796326794896
 40
0.2617993877991494
 40
1.308996938995747
 40
-0.2617993877991494
 40
1.832595714594046
  0
ACDBSECTIONVIEWSTYLE
  5
21A
102
{ACAD_REACTORS
330
219
102
}
330
219
100
AcDbModelDocViewStyle
 70
     0
  3
Metric50
290
     0
300
Metric50
 90
        0
100
AcDbSectionViewStyle
 70
     0
 71
     0
 90
      102
 71
     1
340
11
 62
   256
 40
5.0
340
0
340
0
 62
   256
 40
5.0
300
I, O, Q, S, X, Z
 40
10.0
 90
        0
 40
2.5
 90
        0
 71
     2
340
16
 90
       25
 62
   256
340
16
 90
       50
 62
   256
 40
5.0
 40
2.5
 40
5.0
 71
     3
340
11
 62
   256
 40
5.0
 90
        0
 40
15.0
 90
        1
300
%<\AcVar ViewSectionStartId>%-%<\AcVar ViewSectionEndId>% (%<\AcVar ViewScale \f "%sn">%)
 71
     4
 62
   256
 62
   257
300
ANSI31
 40
1.0
 90
        0
290
     0
290
     0
 90
        6
 40
0.0
 40
1.570796326794896
 40
0.2617993877991494
 40
1.308996938995747
 40
-0.2617993877991494
 40
1.832595714594046
  0
TABLESTYLE
  5
7F
102
{ACAD_XDICTIONARY
360
162
102
}
102
{ACAD_REACTORS
330
7E
102
}
330
7E
100
AcDbTableStyle
280
     0
  3
Standard
 70
     0
 71
     0
 40
1.5
 41
1.5
280
     0
281
     0
  7
Standard
140
4.5
170
     2
 62
     0
 63
     7
283
     0
 90
      512
 91
        0
  1

274
    -2
284
     1
 64
     0
275
    -2
285
     1
 65
     0
276
    -2
286
     1
 66
     0
277
    -2
287
     1
 67
     0
278
    -2
288
     1
 68
     0
279
    -2
289
     1
 69
     0
  7
Standard
140
6.0
170
     5
 62
     0
 63
     7
283
     0
 90
      512
 91
        0
  1

274
    -2
284
     1
 64
     0
275
    -2
285
     1
 65
     0
276
    -2
286
     1
 66
     0
277
    -2
287
     1
 67
     0
278
    -2
288
     1
 68
     0
279
    -2
289
     1
 69
     0
  7
Standard
140
4.5
170
     5
 62
     0
 63
     7
283
     0
 90
      512
 91
        0
  1

274
    -2
284
     1
 64
     0
275
    -2
285
     1
 65
     0
276
    -2
286
     1
 66
     0
277
    -2
287
     1
 67
     0
278
    -2
288
     1
 68
     0
279
    -2
289
     1
 69
     0
  0
VISUALSTYLE
  5
F5
102
{ACAD_REACTORS
330
EF
102
}
330
EF
100
AcDbVisualStyle
  2
2dWireframe
 70
     4
177
     3
291
     0
 70
    58
 90
        0
176
     1
 90
        2
176
     1
 90
        1
176
     1
 90
        0
176
     1
 40
0.6
176
     1
 40
30.0
176
     1
 62
     7
420
 16777215
176
     1
 90
        1
176
     1
 90
        4
176
     1
 62
     7
176
     1
 62
   257
176
     1
 90
        1
176
     1
 90
        1
176
     1
 40
1.0
176
     1
 90
        0
176
     1
 62
   257
176
     1
 40
1.0
176
     1
 90
        1
176
     1
 90
        6
176
     1
 90
        2
176
     1
 62
     7
176
     1
 90
        5
176
     1
 90
        0
176
     1
 90
        0
176
     1
290
     0
176
     1
 90
        1
176
     1
 40
0.0
176
     1
 90
        0
176
     1
290
     1
176
     1
290
     1
176
     1
290
     0
176
     1
290
     0
176
     1
290
     0
176
     1
290
     0
176
     1
290
     0
176
     1
290
     0
176
     1
290
     0
176
     1
 90
       50
176
     1
 40
0.0
176
     1
 40
1.0
176
     1
 90
        0
176
     1
 62
    18
420
        0
176
     1
 90
       50
176
     1
 90
        3
176
     1
 62
     5
420
      255
176
     1
290
     0
176
     1
 90
       50
176
     1
 90
       50
176
     1
 90
       50
176
     1
290
     0
176
     1
 90
       50
176
     1
 62
   256
176
     0
 40
1.0
176
     0
 90
        2
176
     1
  1
strokes_ogs.tif
176
     1
290
     0
176
     1
 40
1.0
176
     1
 40
1.0
176
     1
  0
VISUALSTYLE
  5
F4
102
{ACAD_REACTORS
330
EF
102
}
330
EF
100
AcDbVisualStyle
  2
Basic
 70
     7
177
     3
291
     1
 70
    58
 90
        1
176
     1
 90
        0
176
     1
 90
        1
176
     1
 90
        0
176
     1
 40
0.6
176
     1
 40
30.0
176
     1
 62
     7
420
 16777215
176
     1
 90
        0
176
     1
 90
        4
176
     1
 62
     7
176
     1
 62
   257
176
     1
 90
        1
176
     1
 90
        1
176
     1
 40
1.0
176
     1
 90
        8
176
     1
 62
     7
176
     1
 40
1.0
176
     1
 90
        1
176
     1
 90
        6
176
     1
 90
        2
176
     1
 62
     7
176
     1
 90
        5
176
     1
 90
        0
176
     1
 90
        0
176
     1
290
     0
176
     1
 90
        1
176
     1
 40
0.0
176
     1
 90
        0
176
     1
290
     0
176
     1
290
     1
176
     1
290
     1
176
     1
290
     0
176
     1
290
     0
176
     1
290
     0
176
     1
290
     0
176
     1
290
     0
176
     1
290
     0
176
     1
 90
       50
176
     1
 40
0.0
176
     1
 40
1.0
176
     1
 90
        0
176
     1
 62
    18
420
        0
176
     1
 90
       50
176
     1
 90
        3
176
     1
 62
     5
420
      255
176
     1
290
     0
176
     1
 90
       50
176
     1
 90
       50
176
     1
 90
       50
176
     1
290
     0
176
     1
 90
       50
176
     1
 62
   256
176
     0
 40
1.0
176
     0
 90
        2
176
     1
  1
strokes_ogs.tif
176
     1
290
     0
176
     1
 40
1.0
176
     1
 40
1.0
176
     1
  0
VISUALSTYLE
  5
FB
102
{ACAD_REACTORS
330
EF
102
}
330
EF
100
AcDbVisualStyle
  2
Brighten
 70
    12
177
     3
291
     1
 70
    58
 90
        2
176
     1
 90
        2
176
     1
 90
        1
176
     1
 90
        0
176
     1
 40
0.6
176
     1
 40
30.0
176
     1
 62
     7
420
 16777215
176
     1
 90
        1
176
     1
 90
        4
176
     1
 62
     7
176
     1
 62
   257
176
     1
 90
        1
176
     1
 90
        1
176
     1
 40
1.0
176
     1
 90
        8
176
     1
 62
     7
176
     1
 40
1.0
176
     1
 90
        1
176
     1
 90
        6
176
     1
 90
        2
176
     1
 62
     7
176
     1
 90
        5
176
     1
 90
        0
176
     1
 90
        0
176
     1
290
     0
176
     1
 90
        1
176
     1
 40
50.0
176
     1
 90
        0
176
     1
290
     0
176
     1
290
     1
176
     1
290
     1
176
     1
290
     0
176
     1
290
     0
176
     1
290
     0
176
     1
290
     0
176
     1
290
     0
176
     1
290
     0
176
     1
 90
       50
176
     1
 40
0.0
176
     1
 40
1.0
176
     1
 90
        0
176
     1
 62
    18
420
        0
176
     1
 90
       50
176
     1
 90
        3
176
     1
 62
     5
420
      255
176
     1
290
     0
176
     1
 90
       50
176
     1
 90
       50
176
     1
 90
       50
176
     1
290
     0
176
     1
 90
       50
176
     1
 62
   256
176
     0
 40
1.0
176
     0
 90
        2
176
     1
  1
strokes_ogs.tif
176
     1
290
     0
176
     1
 40
1.0
176
     1
 40
1.0
176
     1
  0
VISUALSTYLE
  5
FF
102
{ACAD_REACTORS
330
EF
102
}
330
EF
100
AcDbVisualStyle
  2
ColorChange
 70
    16
177
     3
291
     1
 70
    58
 90
        2
176
     1
 90
        2
176
     1
 90
        3
176
     1
 90
        0
176
     1
 40
0.6
176
     1
 40
30.0
176
     1
 62
     8
420
  8421504
176
     1
 90
        1
176
     1
 90
        4
176
     1
 62
     7
176
     1
 62
   257
176
     1
 90
        1
176
     1
 90
        1
176
     1
 40
1.0
176
     1
 90
        8
176
     1
 62
     8
420
  8421504
176
     1
 40
1.0
176
     1
 90
        1
176
     1
 90
        6
176
     1
 90
        2
176
     1
 62
     7
176
     1
 90
        5
176
     1
 90
        0
176
     1
 90
        0
176
     1
290
     0
176
     1
 90
        1
176
     1
 40
0.0
176
     1
 90
        0
176
     1
290
     0
176
     1
290
     1
176
     1
290
     1
176
     1
290
     0
176
     1
290
     0
176
     1
290
     0
176
     1
290
     0
176
     1
290
     0
176
     1
290
     0
176
     1
 90
       50
176
     1
 40
0.0
176
     1
 40
1.0
176
     1
 90
        0
176
     1
 62
    18
420
        0
176
     1
 90
       50
176
     1
 90
        3
176
     1
 62
     5
420
      255
176
     1
290
     0
176
     1
 90
       50
176
     1
 90
       50
176
     1
 90
       50
176
     1
290
     0
176
     1
 90
       50
176
     1
 62
   256
176
     0
 40
1.0
176
     0
 90
        2
176
     1
  1
strokes_ogs.tif
176
     1
290
     0
176
     1
 40
1.0
176
     1
 40
1.0
176
     1
  0
VISUALSTYLE
  5
F8
102
{ACAD_REACTORS
330
EF
102
}
330
EF
100
AcDbVisualStyle
  2
Conceptual
 70
     9
177
     3
291
     0
 70
    58
 90
        3
176
     1
 90
        2
176
     1
 90
        1
176
     1
 90
        0
176
     1
 40
0.6
176
     1
 40
30.0
176
     1
 62
     7
420
 16777215
176
     1
 90
        2
176
     1
 90
        2
176
     1
 62
     7
176
     1
 62
   257
176
     1
 90
        1
176
     1
 90
        1
176
     1
 40
40.0
176
     1
 90
        8
176
     1
 62
     7
176
     1
 40
1.0
176
     1
 90
        1
176
     1
 90
        6
176
     1
 90
        2
176
     1
 62
     7
176
     1
 90
        3
176
     1
 90
        0
176
     1
 90
        0
176
     1
290
     0
176
     1
 90
        1
176
     1
 40
0.0
176
     1
 90
        0
176
     1
290
     0
176
     1
290
     1
176
     1
290
     1
176
     1
290
     0
176
     1
290
     0
176
     1
290
     0
176
     1
290
     0
176
     1
290
     0
176
     1
290
     0
176
     1
 90
       50
176
     1
 40
0.0
176
     1
 40
1.0
176
     1
 90
        0
176
     1
 62
    18
420
        0
176
     1
 90
       50
176
     1
 90
        3
176
     1
 62
     5
420
      255
176
     1
290
     0
176
     1
 90
       50
176
     1
 90
       50
176
     1
 90
       50
176
     1
290
     0
176
     1
 90
       50
176
     1
 62
   256
176
     0
 40
1.0
176
     0
 90
        2
176
     1
  1
strokes_ogs.tif
176
     1
290
     0
176
     1
 40
1.0
176
     1
 40
1.0
176
     1
  0
VISUALSTYLE
  5
FA
102
{ACAD_REACTORS
330
EF
102
}
330
EF
100
AcDbVisualStyle
  2
Dim
 70
    11
177
     3
291
     1
 70
    58
 90
        2
176
     1
 90
        2
176
     1
 90
        1
176
     1
 90
        0
176
     1
 40
0.6
176
     1
 40
30.0
176
     1
 62
     7
420
 16777215
176
     1
 90
        1
176
     1
 90
        4
176
     1
 62
     7
176
     1
 62
   257
176
     1
 90
        1
176
     1
 90
        1
176
     1
 40
1.0
176
     1
 90
        8
176
     1
 62
     7
176
     1
 40
1.0
176
     1
 90
        1
176
     1
 90
        6
176
     1
 90
        2
176
     1
 62
     7
176
     1
 90
        5
176
     1
 90
        0
176
     1
 90
        0
176
     1
290
     0
176
     1
 90
        1
176
     1
 40
-50.0
176
     1
 90
        0
176
     1
290
     0
176
     1
290
     1
176
     1
290
     1
176
     1
290
     0
176
     1
290
     0
176
     1
290
     0
176
     1
290
     0
176
     1
290
     0
176
     1
290
     0
176
     1
 90
       50
176
     1
 40
0.0
176
     1
 40
1.0
176
     1
 90
        0
176
     1
 62
    18
420
        0
176
     1
 90
       50
176
     1
 90
        3
176
     1
 62
     5
420
      255
176
     1
290
     0
176
     1
 90
       50
176
     1
 90
       50
176
     1
 90
       50
176
     1
290
     0
176
     1
 90
       50
176
     1
 62
   256
176
     0
 40
1.0
176
     0
 90
        2
176
     1
  1
strokes_ogs.tif
176
     1
290
     0
176
     1
 40
1.0
176
     1
 40
1.0
176
     1
  0
VISUALSTYLE
  5
1E6
102
{ACAD_REACTORS
330
EF
102
}
330
EF
100
AcDbVisualStyle
  2
EdgeColorOff
 70
    22
177
     3
291
     1
 70
    58
 90
        2
176
     0
 90
        2
176
     0
 90
        0
176
     0
 90
        0
176
     0
 40
0.6
176
     0
 40
30.0
176
     0
 62
     7
420
 16777215
176
     0
 90
        1
176
     0
 90
        4
176
     0
 62
     7
176
     0
 62
   257
176
     0
 90
        1
176
     0
 90
        1
176
     0
 40
1.0
176
     0
 90
        8
176
     2
 62
     7
176
     0
 40
1.0
176
     0
 90
        1
176
     0
 90
        6
176
     0
 90
        2
176
     0
 62
     7
176
     0
 90
        5
176
     0
 90
        0
176
     0
 90
        0
176
     0
290
     0
176
     0
 90
        1
176
     0
 40
0.0
176
     0
 90
        0
176
     0
290
     0
176
     1
290
     1
176
     1
290
     1
176
     1
290
     0
176
     1
290
     0
176
     1
290
     0
176
     1
290
     0
176
     1
290
     0
176
     1
290
     0
176
     1
 90
       50
176
     1
 40
0.0
176
     1
 40
1.0
176
     1
 90
        0
176
     1
 62
    18
420
        0
176
     1
 90
       50
176
     1
 90
        3
176
     1
 62
     5
420
      255
176
     1
290
     0
176
     1
 90
       50
176
     1
 90
       50
176
     1
 90
       50
176
     1
290
     0
176
     1
 90
       50
176
     1
 62
   256
176
     0
 40
1.0
176
     0
 90
        2
176
     1
  1
strokes_ogs.tif
176
     1
290
     0
176
     1
 40
1.0
176
     1
 40
1.0
176
     1
  0
VISUALSTYLE
  5
FE
102
{ACAD_REACTORS
330
EF
102
}
330
EF
100
AcDbVisualStyle
  2
Facepattern
 70
    15
177
     3
291
     1
 70
    58
 90
        2
176
     1
 90
        2
176
     1
 90
        1
176
     1
 90
        0
176
     1
 40
0.6
176
     1
 40
30.0
176
     1
 62
     7
420
 16777215
176
     1
 90
        1
176
     1
 90
        4
176
     1
 62
     7
176
     1
 62
   257
176
     1
 90
        1
176
     1
 90
        1
176
     1
 40
1.0
176
     1
 90
        8
176
     1
 62
     7
176
     1
 40
1.0
176
     1
 90
        1
176
     1
 90
        6
176
     1
 90
        2
176
     1
 62
     7
176
     1
 90
        5
176
     1
 90
        0
176
     1
 90
        0
176
     1
290
     0
176
     1
 90
        1
176
     1
 40
0.0
176
     1
 90
        0
176
     1
290
     0
176
     1
290
     1
176
     1
290
     1
176
     1
290
     0
176
     1
290
     0
176
     1
290
     0
176
     1
290
     0
176
     1
290
     0
176
     1
290
     0
176
     1
 90
       50
176
     1
 40
0.0
176
     1
 40
1.0
176
     1
 90
        0
176
     1
 62
    18
420
        0
176
     1
 90
       50
176
     1
 90
        3
176
     1
 62
     5
420
      255
176
     1
290
     0
176
     1
 90
       50
176
     1
 90
       50
176
     1
 90
       50
176
     1
290
     0
176
     1
 90
       50
176
     1
 62
   256
176
     0
 40
1.0
176
     0
 90
        2
176
     1
  1
strokes_ogs.tif
176
     1
290
     0
176
     1
 40
1.0
176
     1
 40
1.0
176
     1
  0
VISUALSTYLE
  5
F0
102
{ACAD_REACTORS
330
EF
102
}
330
EF
100
AcDbVisualStyle
  2
Flat
 70
     0
177
     3
291
     1
 70
    58
 90
        2
176
     1
 90
        1
176
     1
 90
        1
176
     1
 90
        2
176
     1
 40
0.6
176
     1
 40
30.0
176
     1
 62
     7
420
 16777215
176
     1
 90
        0
176
     1
 90
        0
176
     1
 62
     7
176
     1
 62
   257
176
     1
 90
        1
176
     1
 90
        1
176
     1
 40
1.0
176
     1
 90
        8
176
     1
 62
     7
176
     1
 40
1.0
176
     1
 90
        1
176
     1
 90
        6
176
     1
 90
        2
176
     1
 62
     7
176
     1
 90
        5
176
     1
 90
        0
176
     1
 90
        0
176
     1
290
     0
176
     1
 90
       13
176
     1
 40
0.0
176
     1
 90
        0
176
     1
290
     0
176
     1
290
     1
176
     1
290
     1
176
     1
290
     0
176
     1
290
     0
176
     1
290
     0
176
     1
290
     0
176
     1
290
     0
176
     1
290
     0
176
     1
 90
       50
176
     1
 40
0.0
176
     1
 40
1.0
176
     1
 90
        0
176
     1
 62
    18
420
        0
176
     1
 90
       50
176
     1
 90
        3
176
     1
 62
     5
420
      255
176
     1
290
     0
176
     1
 90
       50
176
     1
 90
       50
176
     1
 90
       50
176
     1
290
     0
176
     1
 90
       50
176
     1
 62
   256
176
     0
 40
1.0
176
     0
 90
        2
176
     1
  1
strokes_ogs.tif
176
     1
290
     0
176
     1
 40
1.0
176
     1
 40
1.0
176
     1
  0
VISUALSTYLE
  5
F1
102
{ACAD_REACTORS
330
EF
102
}
330
EF
100
AcDbVisualStyle
  2
FlatWithEdges
 70
     1
177
     3
291
     1
 70
    58
 90
        2
176
     1
 90
        1
176
     1
 90
        1
176
     1
 90
        2
176
     1
 40
0.6
176
     1
 40
30.0
176
     1
 62
     7
420
 16777215
176
     1
 90
        1
176
     1
 90
        0
176
     1
 62
     7
176
     1
 62
   257
176
     1
 90
        1
176
     1
 90
        1
176
     1
 40
1.0
176
     1
 90
        0
176
     1
 62
   257
176
     1
 40
1.0
176
     1
 90
        1
176
     1
 90
        6
176
     1
 90
        2
176
     1
 62
     7
176
     1
 90
        5
176
     1
 90
        0
176
     1
 90
        0
176
     1
290
     0
176
     1
 90
       13
176
     1
 40
0.0
176
     1
 90
        0
176
     1
290
     0
176
     1
290
     1
176
     1
290
     1
176
     1
290
     0
176
     1
290
     0
176
     1
290
     0
176
     1
290
     0
176
     1
290
     0
176
     1
290
     0
176
     1
 90
       50
176
     1
 40
0.0
176
     1
 40
1.0
176
     1
 90
        0
176
     1
 62
    18
420
        0
176
     1
 90
       50
176
     1
 90
        3
176
     1
 62
     5
420
      255
176
     1
290
     0
176
     1
 90
       50
176
     1
 90
       50
176
     1
 90
       50
176
     1
290
     0
176
     1
 90
       50
176
     1
 62
   256
176
     0
 40
1.0
176
     0
 90
        2
176
     1
  1
strokes_ogs.tif
176
     1
290
     0
176
     1
 40
1.0
176
     1
 40
1.0
176
     1
  0
VISUALSTYLE
  5
F2
102
{ACAD_REACTORS
330
EF
102
}
330
EF
100
AcDbVisualStyle
  2
Gouraud
 70
     2
177
     3
291
     1
 70
    58
 90
        2
176
     1
 90
        2
176
     1
 90
        1
176
     1
 90
        2
176
     1
 40
0.6
176
     1
 40
30.0
176
     1
 62
     7
420
 16777215
176
     1
 90
        0
176
     1
 90
        0
176
     1
 62
     7
176
     1
 62
   257
176
     1
 90
        1
176
     1
 90
        1
176
     1
 40
1.0
176
     1
 90
        0
176
     1
 62
     7
176
     1
 40
1.0
176
     1
 90
        1
176
     1
 90
        6
176
     1
 90
        2
176
     1
 62
     7
176
     1
 90
        5
176
     1
 90
        0
176
     1
 90
        0
176
     1
290
     0
176
     1
 90
       13
176
     1
 40
0.0
176
     1
 90
        0
176
     1
290
     0
176
     1
290
     1
176
     1
290
     1
176
     1
290
     0
176
     1
290
     0
176
     1
290
     0
176
     1
290
     0
176
     1
290
     0
176
     1
290
     0
176
     1
 90
       50
176
     1
 40
0.0
176
     1
 40
1.0
176
     1
 90
        0
176
     1
 62
    18
420
        0
176
     1
 90
       50
176
     1
 90
        3
176
     1
 62
     5
420
      255
176
     1
290
     0
176
     1
 90
       50
176
     1
 90
       50
176
     1
 90
       50
176
     1
290
     0
176
     1
 90
       50
176
     1
 62
   256
176
     0
 40
1.0
176
     0
 90
        2
176
     1
  1
strokes_ogs.tif
176
     1
290
     0
176
     1
 40
1.0
176
     1
 40
1.0
176
     1
  0
VISUALSTYLE
  5
F3
102
{ACAD_REACTORS
330
EF
102
}
330
EF
100
AcDbVisualStyle
  2
GouraudWithEdges
 70
     3
177
     3
291
     1
 70
    58
 90
        2
176
     1
 90
        2
176
     1
 90
        1
176
     1
 90
        2
176
     1
 40
0.6
176
     1
 40
30.0
176
     1
 62
     7
420
 16777215
176
     1
 90
        1
176
     1
 90
        0
176
     1
 62
     7
176
     1
 62
   257
176
     1
 90
        1
176
     1
 90
        1
176
     1
 40
1.0
176
     1
 90
        0
176
     1
 62
   257
176
     1
 40
1.0
176
     1
 90
        1
176
     1
 90
        6
176
     1
 90
        2
176
     1
 62
     7
176
     1
 90
        5
176
     1
 90
        0
176
     1
 90
        0
176
     1
290
     0
176
     1
 90
       13
176
     1
 40
0.0
176
     1
 90
        0
176
     1
290
     0
176
     1
290
     1
176
     1
290
     1
176
     1
290
     0
176
     1
290
     0
176
     1
290
     0
176
     1
290
     0
176
     1
290
     0
176
     1
290
     0
176
     1
 90
       50
176
     1
 40
0.0
176
     1
 40
1.0
176
     1
 90
        0
176
     1
 62
    18
420
        0
176
     1
 90
       50
176
     1
 90
        3
176
     1
 62
     5
420
      255
176
     1
290
     0
176
     1
 90
       50
176
     1
 90
       50
176
     1
 90
       50
176
     1
290
     0
176
     1
 90
       50
176
     1
 62
   256
176
     0
 40
1.0
176
     0
 90
        2
176
     1
  1
strokes_ogs.tif
176
     1
290
     0
176
     1
 40
1.0
176
     1
 40
1.0
176
     1
  0
VISUALSTYLE
  5
F7
102
{ACAD_REACTORS
330
EF
102
}
330
EF
100
AcDbVisualStyle
  2
Hidden
 70
     6
177
     3
291
     0
 70
    58
 90
        1
176
     1
 90
        2
176
     1
 90
        2
176
     1
 90
        0
176
     1
 40
0.6
176
     1
 40
30.0
176
     1
 62
     7
420
 16777215
176
     1
 90
        2
176
     1
 90
        2
176
     1
 62
     7
176
     1
 62
   257
176
     1
 90
        2
176
     1
 90
        1
176
     1
 40
40.0
176
     1
 90
        0
176
     1
 62
   257
176
     1
 40
1.0
176
     1
 90
        1
176
     1
 90
        6
176
     1
 90
        2
176
     1
 62
     7
176
     1
 90
        3
176
     1
 90
        0
176
     1
 90
        0
176
     1
290
     0
176
     1
 90
        1
176
     1
 40
0.0
176
     1
 90
        0
176
     1
290
     0
176
     1
290
     1
176
     1
290
     1
176
     1
290
     0
176
     1
290
     0
176
     1
290
     0
176
     1
290
     0
176
     1
290
     0
176
     1
290
     0
176
     1
 90
       50
176
     1
 40
0.0
176
     1
 40
1.0
176
     1
 90
        0
176
     1
 62
    18
420
        0
176
     1
 90
       50
176
     1
 90
        3
176
     1
 62
     5
420
      255
176
     1
290
     0
176
     1
 90
       50
176
     1
 90
       50
176
     1
 90
       50
176
     1
290
     0
176
     1
 90
       50
176
     1
 62
   256
176
     0
 40
1.0
176
     0
 90
        2
176
     1
  1
strokes_ogs.tif
176
     1
290
     0
176
     1
 40
1.0
176
     1
 40
1.0
176
     1
  0
VISUALSTYLE
  5
1E4
102
{ACAD_REACTORS
330
EF
102
}
330
EF
100
AcDbVisualStyle
  2
JitterOff
 70
    20
177
     3
291
     1
 70
    58
 90
        2
176
     0
 90
        2
176
     0
 90
        0
176
     0
 90
        0
176
     0
 40
0.6
176
     0
 40
30.0
176
     0
 62
     7
420
 16777215
176
     0
 90
        1
176
     0
 90
        4
176
     0
 62
     7
176
     0
 62
   257
176
     0
 90
        1
176
     0
 90
        1
176
     0
 40
1.0
176
     0
 90
       10
176
     2
 62
     7
176
     0
 40
1.0
176
     0
 90
        1
176
     0
 90
        6
176
     0
 90
        2
176
     0
 62
     7
176
     0
 90
        5
176
     0
 90
        0
176
     0
 90
        0
176
     0
290
     0
176
     0
 90
        1
176
     0
 40
0.0
176
     0
 90
        0
176
     0
290
     0
176
     1
290
     1
176
     1
290
     1
176
     1
290
     0
176
     1
290
     0
176
     1
290
     0
176
     1
290
     0
176
     1
290
     0
176
     1
290
     0
176
     1
 90
       50
176
     1
 40
0.0
176
     1
 40
1.0
176
     1
 90
        0
176
     1
 62
    18
420
        0
176
     1
 90
       50
176
     1
 90
        3
176
     1
 62
     5
420
      255
176
     1
290
     0
176
     1
 90
       50
176
     1
 90
       50
176
     1
 90
       50
176
     1
290
     0
176
     1
 90
       50
176
     1
 62
   256
176
     0
 40
1.0
176
     0
 90
        2
176
     1
  1
strokes_ogs.tif
176
     1
290
     0
176
     1
 40
1.0
176
     1
 40
1.0
176
     1
  0
VISUALSTYLE
  5
FD
102
{ACAD_REACTORS
330
EF
102
}
330
EF
100
AcDbVisualStyle
  2
Linepattern
 70
    14
177
     3
291
     1
 70
    58
 90
        2
176
     1
 90
        2
176
     1
 90
        1
176
     1
 90
        0
176
     1
 40
0.6
176
     1
 40
30.0
176
     1
 62
     7
420
 16777215
176
     1
 90
        1
176
     1
 90
        4
176
     1
 62
     7
176
     1
 62
   257
176
     1
 90
        7
176
     1
 90
        7
176
     1
 40
1.0
176
     1
 90
        8
176
     1
 62
     7
176
     1
 40
1.0
176
     1
 90
        1
176
     1
 90
        6
176
     1
 90
        2
176
     1
 62
     7
176
     1
 90
        5
176
     1
 90
        0
176
     1
 90
        0
176
     1
290
     0
176
     1
 90
        1
176
     1
 40
0.0
176
     1
 90
        0
176
     1
290
     0
176
     1
290
     1
176
     1
290
     1
176
     1
290
     0
176
     1
290
     0
176
     1
290
     0
176
     1
290
     0
176
     1
290
     0
176
     1
290
     0
176
     1
 90
       50
176
     1
 40
0.0
176
     1
 40
1.0
176
     1
 90
        0
176
     1
 62
    18
420
        0
176
     1
 90
       50
176
     1
 90
        3
176
     1
 62
     5
420
      255
176
     1
290
     0
176
     1
 90
       50
176
     1
 90
       50
176
     1
 90
       50
176
     1
290
     0
176
     1
 90
       50
176
     1
 62
   256
176
     0
 40
1.0
176
     0
 90
        2
176
     1
  1
strokes_ogs.tif
176
     1
290
     0
176
     1
 40
1.0
176
     1
 40
1.0
176
     1
  0
VISUALSTYLE
  5
1E5
102
{ACAD_REACTORS
330
EF
102
}
330
EF
100
AcDbVisualStyle
  2
OverhangOff
 70
    21
177
     3
291
     1
 70
    58
 90
        2
176
     0
 90
        2
176
     0
 90
        0
176
     0
 90
        0
176
     0
 40
0.6
176
     0
 40
30.0
176
     0
 62
     7
420
 16777215
176
     0
 90
        1
176
     0
 90
        4
176
     0
 62
     7
176
     0
 62
   257
176
     0
 90
        1
176
     0
 90
        1
176
     0
 40
1.0
176
     0
 90
        9
176
     2
 62
     7
176
     0
 40
1.0
176
     0
 90
        1
176
     0
 90
        6
176
     0
 90
        2
176
     0
 62
     7
176
     0
 90
        5
176
     0
 90
        0
176
     0
 90
        0
176
     0
290
     0
176
     0
 90
        1
176
     0
 40
0.0
176
     0
 90
        0
176
     0
290
     0
176
     1
290
     1
176
     1
290
     1
176
     1
290
     0
176
     1
290
     0
176
     1
290
     0
176
     1
290
     0
176
     1
290
     0
176
     1
290
     0
176
     1
 90
       50
176
     1
 40
0.0
176
     1
 40
1.0
176
     1
 90
        0
176
     1
 62
    18
420
        0
176
     1
 90
       50
176
     1
 90
        3
176
     1
 62
     5
420
      255
176
     1
290
     0
176
     1
 90
       50
176
     1
 90
       50
176
     1
 90
       50
176
     1
290
     0
176
     1
 90
       50
176
     1
 62
   256
176
     0
 40
1.0
176
     0
 90
        2
176
     1
  1
strokes_ogs.tif
176
     1
290
     0
176
     1
 40
1.0
176
     1
 40
1.0
176
     1
  0
VISUALSTYLE
  5
F9
102
{ACAD_REACTORS
330
EF
102
}
330
EF
100
AcDbVisualStyle
  2
Realistic
 70
     8
177
     3
291
     0
 70
    58
 90
        2
176
     1
 90
        3
176
     1
 90
        0
176
     1
 90
        2
176
     1
 40
0.6
176
     1
 40
30.0
176
     1
 62
     7
420
 16777215
176
     1
 90
        0
176
     1
 90
        0
176
     1
 62
     7
176
     1
 62
   257
176
     1
 90
        1
176
     1
 90
        1
176
     1
 40
1.0
176
     1
 90
        8
176
     1
 62
   257
176
     1
 40
1.0
176
     1
 90
        1
176
     1
 90
        6
176
     1
 90
        2
176
     1
 62
     7
176
     1
 90
        3
176
     1
 90
        0
176
     1
 90
        0
176
     1
290
     0
176
     1
 90
       13
176
     1
 40
0.0
176
     1
 90
        0
176
     1
290
     0
176
     1
290
     1
176
     1
290
     1
176
     1
290
     0
176
     1
290
     0
176
     1
290
     0
176
     1
290
     0
176
     1
290
     0
176
     1
290
     0
176
     1
 90
       50
176
     1
 40
0.0
176
     1
 40
1.0
176
     1
 90
        0
176
     1
 62
    18
420
        0
176
     1
 90
       50
176
     1
 90
        3
176
     1
 62
     5
420
      255
176
     1
290
     0
176
     1
 90
       50
176
     1
 90
       50
176
     1
 90
       50
176
     1
290
     0
176
     1
 90
       50
176
     1
 62
   256
176
     0
 40
1.0
176
     0
 90
        2
176
     1
  1
strokes_ogs.tif
176
     1
290
     0
176
     1
 40
1.0
176
     1
 40
1.0
176
     1
  0
VISUALSTYLE
  5
1F3
102
{ACAD_REACTORS
330
EF
102
}
330
EF
100
AcDbVisualStyle
  2
Shaded
 70
    27
177
     3
291
     0
 70
    58
 90
        2
176
     1
 90
        2
176
     1
 90
        1
176
     1
 90
        2
176
     1
 40
0.6
176
     1
 40
30.0
176
     1
 62
     7
420
 16777215
176
     1
 90
        0
176
     1
 90
        4
176
     1
 62
     7
176
     1
 62
   257
176
     1
 90
        1
176
     1
 90
        1
176
     1
 40
1.0
176
     1
 90
        8
176
     1
 62
   257
176
     1
 40
1.0
176
     1
 90
        1
176
     1
 90
        6
176
     1
 90
        2
176
     1
 62
     8
420
  7895160
176
     1
 90
        3
176
     1
 90
        0
176
     1
 90
        0
176
     1
290
     0
176
     1
 90
        5
176
     1
 40
0.0
176
     1
 90
        0
176
     1
290
     0
176
     1
290
     1
176
     1
290
     1
176
     1
290
     0
176
     1
290
     0
176
     1
290
     0
176
     1
290
     0
176
     1
290
     0
176
     1
290
     0
176
     1
 90
       50
176
     1
 40
0.0
176
     1
 40
1.0
176
     1
 90
        0
176
     1
 62
    18
420
        0
176
     1
 90
       50
176
     1
 90
        3
176
     1
 62
     5
420
      255
176
     1
290
     0
176
     1
 90
       50
176
     1
 90
       50
176
     1
 90
       50
176
     1
290
     0
176
     1
 90
       50
176
     1
 62
   256
176
     0
 40
1.0
176
     0
 90
        2
176
     1
  1
strokes_ogs.tif
176
     1
290
     0
176
     1
 40
1.0
176
     1
 40
1.0
176
     1
  0
VISUALSTYLE
  5
1F2
102
{ACAD_REACTORS
330
EF
102
}
330
EF
100
AcDbVisualStyle
  2
Shaded with edges
 70
    26
177
     3
291
     0
 70
    58
 90
        2
176
     1
 90
        2
176
     1
 90
        1
176
     1
 90
        2
176
     1
 40
0.6
176
     1
 40
30.0
176
     1
 62
     7
420
 16777215
176
     1
 90
        1
176
     1
 90
        2
176
     1
 62
     7
176
     1
 62
   257
176
     1
 90
        2
176
     1
 90
        1
176
     1
 40
1.0
176
     1
 90
        8
176
     1
 62
   257
176
     1
 40
1.0
176
     1
 90
        1
176
     1
 90
        6
176
     1
 90
        2
176
     1
 62
     7
176
     1
 90
        3
176
     1
 90
        0
176
     1
 90
        0
176
     1
290
     0
176
     1
 90
        5
176
     1
 40
0.0
176
     1
 90
        0
176
     1
290
     0
176
     1
290
     1
176
     1
290
     1
176
     1
290
     0
176
     1
290
     0
176
     1
290
     0
176
     1
290
     0
176
     1
290
     0
176
     1
290
     0
176
     1
 90
       50
176
     1
 40
0.0
176
     1
 40
1.0
176
     1
 90
        0
176
     1
 62
    18
420
        0
176
     1
 90
       50
176
     1
 90
        3
176
     1
 62
     5
420
      255
176
     1
290
     0
176
     1
 90
       50
176
     1
 90
       50
176
     1
 90
       50
176
     1
290
     0
176
     1
 90
       50
176
     1
 62
   256
176
     0
 40
1.0
176
     0
 90
        2
176
     1
  1
strokes_ogs.tif
176
     1
290
     0
176
     1
 40
1.0
176
     1
 40
1.0
176
     1
  0
VISUALSTYLE
  5
1EF
102
{ACAD_REACTORS
330
EF
102
}
330
EF
100
AcDbVisualStyle
  2
Shades of Gray
 70
    23
177
     3
291
     0
 70
    58
 90
        2
176
     1
 90
        2
176
     1
 90
        3
176
     1
 90
        0
176
     1
 40
0.6
176
     1
 40
30.0
176
     1
 62
     7
420
 16777215
176
     1
 90
        2
176
     1
 90
        2
176
     1
 62
     7
176
     1
 62
     7
176
     1
 90
        1
176
     1
 90
        1
176
     1
 40
40.0
176
     1
 90
        8
176
     1
 62
     7
176
     1
 40
1.0
176
     1
 90
        1
176
     1
 90
        6
176
     1
 90
        2
176
     1
 62
     7
176
     1
 90
        3
176
     1
 90
        0
176
     1
 90
        0
176
     1
290
     0
176
     1
 90
        1
176
     1
 40
0.0
176
     1
 90
        0
176
     1
290
     0
176
     1
290
     1
176
     1
290
     1
176
     1
290
     0
176
     1
290
     0
176
     1
290
     0
176
     1
290
     0
176
     1
290
     0
176
     1
290
     0
176
     1
 90
       50
176
     1
 40
0.0
176
     1
 40
1.0
176
     1
 90
        0
176
     1
 62
    18
420
        0
176
     1
 90
       50
176
     1
 90
        3
176
     1
 62
     5
420
      255
176
     1
290
     0
176
     1
 90
       50
176
     1
 90
       50
176
     1
 90
       50
176
     1
290
     0
176
     1
 90
       50
176
     1
 62
   256
176
     0
 40
1.0
176
     0
 90
        2
176
     1
  1
strokes_ogs.tif
176
     1
290
     0
176
     1
 40
1.0
176
     1
 40
1.0
176
     1
  0
VISUALSTYLE
  5
1F0
102
{ACAD_REACTORS
330
EF
102
}
330
EF
100
AcDbVisualStyle
  2
Sketchy
 70
    24
177
     3
291
     0
 70
    58
 90
        1
176
     1
 90
        2
176
     1
 90
        2
176
     1
 90
        0
176
     1
 40
0.6
176
     1
 40
30.0
176
     1
 62
     7
420
 16777215
176
     1
 90
        2
176
     1
 90
        2
176
     1
 62
     7
176
     1
 62
     7
176
     1
 90
        1
176
     1
 90
        1
176
     1
 40
40.0
176
     1
 90
       11
176
     1
 62
     7
176
     1
 40
1.0
176
     1
 90
        1
176
     1
 90
        6
176
     1
 90
        2
176
     1
 62
     7
176
     1
 90
        6
176
     1
 90
        0
176
     1
 90
        0
176
     1
290
     0
176
     1
 90
        1
176
     1
 40
0.0
176
     1
 90
        0
176
     1
290
     0
176
     1
290
     1
176
     1
290
     1
176
     1
290
     0
176
     1
290
     0
176
     1
290
     0
176
     1
290
     0
176
     1
290
     0
176
     1
290
     0
176
     1
 90
       50
176
     1
 40
0.0
176
     1
 40
1.0
176
     1
 90
        0
176
     1
 62
    18
420
        0
176
     1
 90
       50
176
     1
 90
        3
176
     1
 62
     5
420
      255
176
     1
290
     0
176
     1
 90
       50
176
     1
 90
       50
176
     1
 90
       50
176
     1
290
     0
176
     1
 90
       50
176
     1
 62
   256
176
     0
 40
1.0
176
     0
 90
        2
176
     1
  1
strokes_ogs.tif
176
     1
290
     0
176
     1
 40
1.0
176
     1
 40
1.0
176
     1
  0
VISUALSTYLE
  5
FC
102
{ACAD_REACTORS
330
EF
102
}
330
EF
100
AcDbVisualStyle
  2
Thicken
 70
    13
177
     3
291
     1
 70
    58
 90
        2
176
     1
 90
        2
176
     1
 90
        1
176
     1
 90
        0
176
     1
 40
0.6
176
     1
 40
30.0
176
     1
 62
     7
420
 16777215
176
     1
 90
        1
176
     1
 90
        4
176
     1
 62
     7
176
     1
 62
   257
176
     1
 90
        1
176
     1
 90
        1
176
     1
 40
1.0
176
     1
 90
       12
176
     1
 62
     7
176
     1
 40
1.0
176
     1
 90
        1
176
     1
 90
        6
176
     1
 90
        2
176
     1
 62
     7
176
     1
 90
        5
176
     1
 90
        0
176
     1
 90
        0
176
     1
290
     0
176
     1
 90
        1
176
     1
 40
0.0
176
     1
 90
        0
176
     1
290
     0
176
     1
290
     1
176
     1
290
     1
176
     1
290
     0
176
     1
290
     0
176
     1
290
     0
176
     1
290
     0
176
     1
290
     0
176
     1
290
     0
176
     1
 90
       50
176
     1
 40
0.0
176
     1
 40
1.0
176
     1
 90
        0
176
     1
 62
    18
420
        0
176
     1
 90
       50
176
     1
 90
        3
176
     1
 62
     5
420
      255
176
     1
290
     0
176
     1
 90
       50
176
     1
 90
       50
176
     1
 90
       50
176
     1
290
     0
176
     1
 90
       50
176
     1
 62
   256
176
     0
 40
1.0
176
     0
 90
        2
176
     1
  1
strokes_ogs.tif
176
     1
290
     0
176
     1
 40
1.0
176
     1
 40
1.0
176
     1
  0
VISUALSTYLE
  5
F6
102
{ACAD_REACTORS
330
EF
102
}
330
EF
100
AcDbVisualStyle
  2
Wireframe
 70
     5
177
     3
291
     0
 70
    58
 90
        0
176
     1
 90
        2
176
     1
 90
        0
176
     1
 90
        0
176
     1
 40
0.6
176
     1
 40
30.0
176
     1
 62
     7
420
 16777215
176
     1
 90
        1
176
     1
 90
        4
176
     1
 62
     7
176
     1
 62
   257
176
     1
 90
        1
176
     1
 90
        1
176
     1
 40
1.0
176
     1
 90
        0
176
     1
 62
   257
176
     1
 40
1.0
176
     1
 90
        1
176
     1
 90
        6
176
     1
 90
        2
176
     1
 62
     7
176
     1
 90
        3
176
     1
 90
        0
176
     1
 90
        0
176
     1
290
     0
176
     1
 90
        1
176
     1
 40
0.0
176
     1
 90
        0
176
     1
290
     0
176
     1
290
     1
176
     1
290
     1
176
     1
290
     0
176
     1
290
     0
176
     1
290
     0
176
     1
290
     0
176
     1
290
     0
176
     1
290
     0
176
     1
 90
       50
176
     1
 40
0.0
176
     1
 40
1.0
176
     1
 90
        0
176
     1
 62
    18
420
        0
176
     1
 90
       50
176
     1
 90
        3
176
     1
 62
     5
420
      255
176
     1
290
     0
176
     1
 90
       50
176
     1
 90
       50
176
     1
 90
       50
176
     1
290
     0
176
     1
 90
       50
176
     1
 62
   256
176
     0
 40
1.0
176
     0
 90
        2
176
     1
  1
strokes_ogs.tif
176
     1
290
     0
176
     1
 40
1.0
176
     1
 40
1.0
176
     1
  0
VISUALSTYLE
  5
1F1
102
{ACAD_REACTORS
330
EF
102
}
330
EF
100
AcDbVisualStyle
  2
X-Ray
 70
    25
177
     3
291
     0
 70
    58
 90
        2
176
     1
 90
        2
176
     1
 90
        1
176
     1
 90
        1
176
     1
 40
0.5
176
     1
 40
30.0
176
     1
 62
     7
420
 16777215
176
     1
 90
        1
176
     1
 90
        0
176
     1
 62
     7
176
     1
 62
   257
176
     1
 90
        1
176
     1
 90
        1
176
     1
 40
1.0
176
     1
 90
        8
176
     1
 62
     7
176
     1
 40
1.0
176
     1
 90
        1
176
     1
 90
        6
176
     1
 90
        2
176
     1
 62
     7
176
     1
 90
        3
176
     1
 90
        0
176
     1
 90
        0
176
     1
290
     0
176
     1
 90
       13
176
     1
 40
0.0
176
     1
 90
        0
176
     1
290
     0
176
     1
290
     1
176
     1
290
     1
176
     1
290
     0
176
     1
290
     0
176
     1
290
     0
176
     1
290
     0
176
     1
290
     0
176
     1
290
     0
176
     1
 90
       50
176
     1
 40
0.0
176
     1
 40
1.0
176
     1
 90
        0
176
     1
 62
    18
420
        0
176
     1
 90
       50
176
     1
 90
        3
176
     1
 62
     5
420
      255
176
     1
290
     0
176
     1
 90
       50
176
     1
 90
       50
176
     1
 90
       50
176
     1
290
     0
176
     1
 90
       50
176
     1
 62
   256
176
     0
 40
1.0
176
     0
 90
        2
176
     1
  1
strokes_ogs.tif
176
     1
290
     0
176
     1
 40
1.0
176
     1
 40
1.0
176
     1
  0
DICTIONARYVAR
  5
146
102
{ACAD_REACTORS
330
5E
102
}
330
5E
100
DictionaryVariables
280
     0
  1
1:1
  0
DICTIONARYVAR
  5
259
102
{ACAD_REACTORS
330
5E
102
}
330
5E
100
DictionaryVariables
280
     0
  1
3.500000
  0
DICTIONARYVAR
  5
25A
102
{ACAD_REACTORS
330
5E
102
}
330
5E
100
DictionaryVariables
280
     0
  1
acadiso.lin
  0
DICTIONARYVAR
  5
145
102
{ACAD_REACTORS
330
5E
102
}
330
5E
100
DictionaryVariables
280
     0
  1
STANDARD
  0
DICTIONARYVAR
  5
84
102
{ACAD_REACTORS
330
5E
102
}
330
5E
100
DictionaryVariables
280
     0
  1
STANDARD
  0
DICTIONARYVAR
  5
227
102
{ACAD_REACTORS
330
5E
102
}
330
5E
100
DictionaryVariables
280
     0
  1
Metric50
  0
DICTIONARYVAR
  5
228
102
{ACAD_REACTORS
330
5E
102
}
330
5E
100
DictionaryVariables
280
     0
  1
Metric50
  0
DICTIONARYVAR
  5
5F
102
{ACAD_REACTORS
330
5E
102
}
330
5E
100
DictionaryVariables
280
     0
  1
2
  0
DICTIONARYVAR
  5
63
102
{ACAD_REACTORS
330
5E
102
}
330
5E
100
DictionaryVariables
280
     0
  1
1
  0
DICTIONARYVAR
  5
1AE
102
{ACAD_REACTORS
330
5E
102
}
330
5E
100
DictionaryVariables
280
     0
  1
0
  0
DICTIONARYVAR
  5
1AF
102
{ACAD_REACTORS
330
5E
102
}
330
5E
100
DictionaryVariables
280
     0
  1
0
  0
DICTIONARY
  5
205
330
22
100
AcDbDictionary
280
     1
281
     1
  0
DICTIONARY
  5
1F9
330
ED
100
AcDbDictionary
280
     1
281
     1
  3
FBXASSET
360
1FA
  0
DICTIONARY
  5
1F7
330
EC
100
AcDbDictionary
280
     1
281
     1
  3
FBXASSET
360
1F8
  0
DICTIONARY
  5
173
330
EE
100
AcDbDictionary
280
     1
281
     1
  3
BUMPTILE
360
175
  3
DIFFUSETILE
360
174
  3
FBXASSET
360
1FB
  3
OPACITYTILE
360
176
  3
REFLECTIONTILE
360
177
  0
DICTIONARY
  5
162
330
7F
100
AcDbDictionary
280
     1
281
     1
  3
ACAD_ROUNDTRIP_2008_TABLESTYLE_CELLSTYLEMAP
360
A71
  0
XRECORD
  5
1FA
102
{ACAD_REACTORS
330
1F9
102
}
330
1F9
100
AcDbXrecord
280
     1
 70
     1
 90
429727718
  1
D62C5603-E3A1-4AEA-B7FB-FE5D8D0755AF
310
504B03040A0000080000CC70623B3DEE336E79000000790000001B0000006175746F6465736B2D64657369676E2D7061636B6167652E786D6C3C3F786D6C2076657273696F6E3D22312E302220656E636F64696E673D227574662D3822203F3E3C666F726D6174733E3C666F726D61743E687474703A2F2F736368656D612E
310
6175746F6465736B2E636F6D2F64657369676E2D7061636B6167652F323030393C2F666F726D61743E3C2F666F726D6174733E504B0304140006080800CC70623BD486FD9CA0000000F4000000130000005B436F6E74656E745F54797065735D2E786D6C7D8EC10E82300C865F65E91D8A1E8C310C0EEA1BF002731658846E
310
D98AC1B77784ABF1D8FE5FBFBF75BBCE937A534CCEB38643598122B6FEE978D0B0485F9C41B54DDD7D022595594E1A469170414C76A4D9A4D207E29CF43ECE46F218070CC6BECC4078ACAA135ACF422C856C0E68EA1BF5669944DDD7BCDE7B1F8E415D77AECB980613C2E4AC91FC167A2B244592486606FC29C8FD7F045B9A
310
EF7053A7E60B504B0304140006080800CC70623B853B8169EB0000007C01000008000000636F72652E786D6C8D90416EC3201045AF62CDB6C206821CC7C244919D9CA01740401C94182C03558F5F9C3852BBEB6A467FFE9B197D7EFC9E1EC5975982F5AE035262288C535E5B377690E21535501C055FBC8FBF6C503839990E
310
5619041F179FE64D52DE45E362569DD7661365082642A11EB9E920A89B99642953CC8E702F67A9EE7234257977194EC9EAE275C4EABCCF5EAD5940D4AC6F0E35A568B8F43562CD7046CD199FD07E60174276A7BE677B5EADB0E0D14EEFFB6A31321A0D82627C4084204C3F096B71DD52F6819B16635EADF63F509AF53FA164
310
5DDCD1EDDD17164090FCC8732078B56691CB33A85CD7DCC40F504B0304140006080800CC70623B55019EA25F0000007C00000007000000636E782E786D6C4DCB3B0E80201045D1AD90E915ED2CF8AC45050C11660C8261F98AB1B07AC9C97D42D718D865D3E909258CFD00CCE24AC6E326A164D74DC0B4128928FF32603847
310
2BA13128B1252AC747C6BAB984FC68F0B87FE8960A5C09FE86CFB69FBA01504B0304140006080800CC70623BDBABAAF470010000D40300000C0000006662782F636F72652E786D6CC553D16E823014FD95A6AF4B694182CC941A83FA05FB810A9511A125A5257EFE2E82712ECEB8A7F100CD39F7F69E734AF9FADC366850B6
310
AF8DCE7018308C942E4C59EB2AC3DE1D498AD15A706B8CFB56869196ADCAF00863C12B6B7C374385D14E6907A836A59A41D9F7CA615434B0C8705F7CAA5606D23BA8E84F41278B93AC54100640439DE0BDB320004D43C63716C7C399D30917DCFBBA9CD9BA8469F5B156168B24CED3F7248AC8769F27244EB73B92EED8862C
310
B7F13E0C179B3C8F979C8ECD82BBBABDAA2BAC924E9558448CBD9330242CFA08E3154B5651FCC6D215639C8EE5774DBE2B5F6CF2B5768B68963BB5F5588420E442FC700B1139D4CB01F450C1E918227C2E09DF070D8140C84E1E9AAB8F1340832A9CB13130A5F1376A908D57309505ECF2A0DF179C4E9D30F5B239B87E3823
310
7A79C6F31DE1A8A5AEC08474B03C7837EAE4938639B44E5932B833D2C6B6B279CDC613877FA26EE21F4A2A4C63EC7F29A2F301D1F9F7A0E37D145F504B0304140006080800CC70623B9C113CC27E0000009D0000000B0000006662782F636E782E786D6C4DCCDF0A83201C86E15B91DFB94BFB330DD428C8FB886521330DA7
310
6397BF1A1DECE883878F57749FCDA1B7892F1BBC047A23808C7F84D9FA55424E0BE6803A256208E9EF06C84F9B91703228B1C690F78B66B34CD9A5439DF5CF0BFBF65E35BCA1B8D6A5C6F540381E886698B5741C695F9503EBA150A2F8958E3DC3EA0B504B0304140006080800CC70623B7DF2F77C2A010000120200003100
310
00006662782F41393633353835312D344632462D344230382D423046372D3739314545314133324237412F636F72652E786D6C8D51DB8EC22014FC15C2939B0D2DB4B45643319AE817EC0F6041255A68B86CFCFC856D4D76DF7CE190393373060EDB3DC707F856CE6B6B7A480A0C81328395DA5C7B18C3057510EC3873D686
310
3F34088C18550F330C39BB3A1BA7051AAC09CA84841A2BD5020AEF55806078A44B0FFD7053A328440C89E1EFC52486BBB8AA8214A99D789CF9E05200300FC927E4FB4D5B375D43103D5527440FB843077C5AA3F5861C8F645F5787F59E95B390B318B55CE45AA638FAA2957BD7248B390B7A7CC51F9C124149C82B8C378810
310
84AB2F42B7B8DD56F413775B8C5999E9FF4471926F8AA236A1AE96B8B3CC434E5839373893369E1FAF30EA395917409EB7F26AF8801C171837A4A6AC9C89E9F9C9B1A58BA30FD6A5EF5DDDCF894B9AD9B6A59C957943A9FCAE2FD5BC4DFE03504B0304140006080800CC70623BAD7543B64E01000033030000300000006662
310
782F41393633353835312D344632462D344230382D423046372D3739314545314133324237412F636E782E786D6CD593CD6EC32010845F0571AD6CE3D48AD20813A9873E410FBD12D82434182C7EAAE6EDBB2424CD25871E7B41D6EC30B3FA84F9E67BB2E40B4234DE8DB46F1925E094D7C6ED479AD3AE5951B2113C789FEE
310
6C943839C1488B4C05DF079FE72A69D8C96C13AAD6B8631503449F83828872B949AC57D26200B826A308D316B4064D6E46FCDA41C05550DC9E483A00797BFD207EFB092A45DE9514C1BBD22178396BD39D891265658C238DEA00936C654E5E433CB65A26D9F6EDB5EBC14EBF49A45CB856E66048291F6939A9A81BB5C89177
310
38143CA680F4AA299D66A042CEB3354A2684DC9D8D178FE0D9B8B41CAAD720F880EE7EF93C0C18769E099ECC04D5A102C8049A8A05632F4DDF376CF1DE0F6BB65C2F8627B65A33C6BB62177CEBBDAD973006829F89F22E814B54F4BC2BE347F8AA8F681390B50FA73F804400B5F542E796F19FF974E7F78DB802FE05E20750
310
4B0304140006080800CC70623BE75B7789680500003C100000340000006662782F41393633353835312D344632462D344230382D423046372D3739314545314133324237412F6F626A656374732E786D6CAD575B8F9B3818FD2B887D06C22499CB8AA1CA655245D5B455A356FB305264C061D8018C6C3393D95FBFC7600890
310
A4CD5EF210B0B1BFEBF98E3F7B1FF6596ABC522E1296DF9BAE3D320D9A872C4AF2F8DE2CE5CEBA358D0FBEC719939D65A691938CDE9B6ADAF4BD98B3B2D05311DD91329583D9D5FC0F438434A7A611A644887B5384CF34233629258BA878B12322891DEFF6B66BD70BFB62634E8AE781D082709A4B588AF91C528CDA28B73F
310
1C998EEF39EABBEFA97FBD6A7C7E9553F9D3D79FE442923C3C523610337627CB87ABE99D359D4CC6D6E4FACAB5E6ABF9D2726FC6A3C5F56271377BB88362213924694B38DD99FE47C48627A1E7D49F5A8BB5E1A74C0A599ED3B0F21F1E56366B89112D681E218F0915D0D6F17AD41FBA2A369DCF6335D62ABBD39779D5DDD1
310
11D4D8DE3CBB96B2E04FB8202E41051754A1AA8E8F76B4C6DFE810B580B1547F4B84911149794252234D024EF8BBE963A95AE27B3D310A9D5C215C7960FAEE415ED75694C6AFB17BCACA5D99A60A9AA65F217B0BFC53292ACB92BF283FAD0D3621576592CB5BED907C2FA8E9DF794E35E97BEA31BED21FEB401ABB94C44839
310
DCACBF0E1C5DA8DA5B2F4DFFD32AD86F543D9E565E7056502E157C00AD2671CD534549AB752FCA9CDA00677A313F04E51B22FF19E57B300579E3C97EB29F682D92935CEC18CF901B7B54FD8C51F362B56FC72FE0B3C1EAE335EDCCBF5AEC39ADB17DC238973F804BA5E6F6BFE7AF1FB32E523BE9F3BD571418E3631DCA4D48
310
5250CF639223210A9446CA30052EDF057BD35F8329C1ECD84552BF0DC8D18BE7BCE23BFE6BD960AB4A7DE79923A103BEBD80F911CBAA2C60DB19B01CF164A5583B772EE6D3FFA56666CBCDA74DC97724A48F9A58967497E489C4D979006FD7A05E227A1EBDD0F737C623387A9C844D3709995625106D157315F8B8392CD4E0
310
A0B9A720C4BE9829CEF37EA1E13111214D53925356365ADA634861B52519DD27A00AEB808EAF0628E6F435519D446F45CF2C9CF5214F0A15B2F6D06B79DA3EE3CBF7F56780D2F4E7EF73A0F5E5B02A38D07DC852C6B7C1FBB6664213E0C39E3EBA7FF4E1AD23EA2829407C85E586727488B751B2DB9502BC7B228A3FD68B6E
310
A65A22397E690AA8D158D7E404EC8CDA235CC3B7D1898680131CEC2CDF2638C65196279577750F15884AEE19F94199155B92B13297978469D4F8D358DF0AEF7631E28DC8F0D9F437D5D39A83B2231A1D52D543813A824EF8D44BCFF2FA6A31BD1E8DAD87F1CCB526B3879935BF59CDADD5C37479BB1CDD4CA7B3556B516589
310
EF352754B706114D9C885EC9131DE6EFEB43D99AFE2391C2F958179413D7CFEF6B1B6DB1E7600F00DE6E5C67454A339A4BA2E0FBA85ED26F045D454F463DBFCE484C2F90F2E5E3666003662ED8F755951A7D1BECD5B30B550B2785C8E7320B7292A4838DDA71BBC863ED7613CAF659337A3354231D4FF4A182A54904C2898C
310
98B28C4AD0CE056CCF332A80986E571EE9DBC305BB5FEB7E509220A58D25CF042D712A806AC0AD0C657FDEF80D2D9CEAA2EE4D1C76F60BFE74219A06527D6F82DF6412526107381E55E353090704D085B52408A8913C4ED159D79BDA71BB4BC506F4831350EB6F975CD22D69BF7AC49B91A2C0A9DDA3D5CA36AD20FC478E37
310
E61844E2352865EBCB61A275A65283CAAA9DD27703B4102F5AF51EF5F573B75CBB5AD38BC845F7A49F82A0966A49C2E3EA5EA0ECD326CD965F1DB402C6FA8B51A4658C5C5E2EC9E214602E55810345408596591009A82E7E7FFACA19EEA299B14A0081A705CB3296EBC14CDF658DCD336EA6D1136881AAEB87B81AB9EE53D5
310
F5EB8BC8362082DA24122F98680A4E7930C01A0079749CEA14382A0783E5EBA5A10F8C098456A03D6A4AEB6BB881E2513747552A5DB22C7EDAF83BD5528081A365F7FF06504B0304140006080000CC70623B000000000000000000000000350000006662782F41393633353835312D344632462D344230382D423046372D37
310
39314545314133324237412F76657274696365732E62696E504B0304140006080800CC70623BF270F1330600000004000000360000006662782F41393633353835312D344632462D344230382D423046372D3739314545314133324237412F747269616E676C65732E62696E636660600000504B0304140006080000CC7062
310
3B000000000000000000000000370000006662782F41393633353835312D344632462D344230382D423046372D3739314545314133324237412F617474726962757465732E62696E504B0304140006080800CC70623B08DA0BD19000000041010000360000006662782F41393633353835312D344632462D344230382D4230
310
46372D3739314545314133324237412F6469726563746F72792E786D6C858F410AC3201045AF22B36F53E9A60B35CBEEBAE80D244E44489C6234F4F835464A48035D0DF398FF9F8AF63D0E6CC63039F212F8F9020C7D47C6792B21C5FE7403D62A1188E2E60C98D7234A5830286103A55745067B9D86B8A3CF9C7F90C11DE6
310
07FB144396D7B6A82D282E9A152AD114D5EF2CB866EEE831B8EEA07A7BB5A8D7D61A2BAAEB7FD5F70921FF497D00504B0304140006080800CC70623BEDD1DC58FD000000A00100003B0000006662782F41393633353835312D344632462D344230382D423046372D3739314545314133324237412F7265736F75726365732F
310
636F72652E786D6C8D504B6E833010BD0A9A6D65B00922041947112427E8052C33A156828DFCA97AFC9A40A576D7CDCCE87D344F8F9FBFE667F689CE6B6B3A6039850C8DB2A336530731DC4903D95970676DF82583CCC8193B5861107C72362E3BA4AC096842428D1D7107A5F7182053CF7474E0D507CE32973124857FE48B
310
540F3961CEF244279DE03EB81420DB9EAC1384436FA353E879B1B182C7A8C75DA3C7F453DF353A1075D537A7BA6464B8F535A99AE14A9A2BBD90E350DD183B5CFABE3AF262350B1EF4FC9351399401471025A527C218A1E53BAB5A5AB765F5469B96525EACF23FA6B88CFF34456DC2A1DCE36E360F82A5202F42F062ED2BAD
310
579969AFDD8A6F504B010214000A0000080000CC70623B3DEE336E79000000790000001B00000000000000000000000000000000006175746F6465736B2D64657369676E2D7061636B6167652E786D6C504B01021400140006080800CC70623BD486FD9CA0000000F40000001300000000000000000000000000B20000005B
310
436F6E74656E745F54797065735D2E786D6C504B01021400140006080800CC70623B853B8169EB0000007C010000080000000000000000000000000083010000636F72652E786D6C504B01021400140006080800CC70623B55019EA25F0000007C000000070000000000000000000000000094020000636E782E786D6C504B
310
01021400140006080800CC70623BDBABAAF470010000D40300000C00000000000000000000000000180300006662782F636F72652E786D6C504B01021400140006080800CC70623B9C113CC27E0000009D0000000B00000000000000000000000000B20400006662782F636E782E786D6C504B01021400140006080800CC70
310
623B7DF2F77C2A010000120200003100000000000000000000000000590500006662782F41393633353835312D344632462D344230382D423046372D3739314545314133324237412F636F72652E786D6C504B01021400140006080800CC70623BAD7543B64E010000330300003000000000000000000000000000D2060000
310
6662782F41393633353835312D344632462D344230382D423046372D3739314545314133324237412F636E782E786D6C504B01021400140006080800CC70623BE75B7789680500003C10000034000000000000000000000000006E0800006662782F41393633353835312D344632462D344230382D423046372D3739314545
310
314133324237412F6F626A656374732E786D6C504B01021400140006080000CC70623B0000000000000000000000003500000000000000000000000000280E00006662782F41393633353835312D344632462D344230382D423046372D3739314545314133324237412F76657274696365732E62696E504B01021400140006
310
080800CC70623BF270F133060000000400000036000000000000000000000000007B0E00006662782F41393633353835312D344632462D344230382D423046372D3739314545314133324237412F747269616E676C65732E62696E504B01021400140006080000CC70623B0000000000000000000000003700000000000000
310
000000000000D50E00006662782F41393633353835312D344632462D344230382D423046372D3739314545314133324237412F617474726962757465732E62696E504B01021400140006080800CC70623B08DA0BD1900000004101000036000000000000000000000000002A0F00006662782F41393633353835312D344632
310
462D344230382D423046372D3739314545314133324237412F6469726563746F72792E786D6C504B01021400140006080800CC70623BEDD1DC58FD000000A00100003B000000000000000000000000000E1000006662782F41393633353835312D344632462D344230382D423046372D3739314545314133324237412F7265
310
736F75726365732F636F72652E786D6C504B0506000000000E000E0080040000641100000000
  0
XRECORD
  5
1F8
102
{ACAD_REACTORS
330
1F7
102
}
330
1F7
100
AcDbXrecord
280
     1
 70
     1
 90
429727718
  1
30362254-06B7-45E0-A893-8CFA70E3D6BC
310
504B03040A0000080000CC70623B3DEE336E79000000790000001B0000006175746F6465736B2D64657369676E2D7061636B6167652E786D6C3C3F786D6C2076657273696F6E3D22312E302220656E636F64696E673D227574662D3822203F3E3C666F726D6174733E3C666F726D61743E687474703A2F2F736368656D612E
310
6175746F6465736B2E636F6D2F64657369676E2D7061636B6167652F323030393C2F666F726D61743E3C2F666F726D6174733E504B0304140006080800CC70623BD486FD9CA0000000F4000000130000005B436F6E74656E745F54797065735D2E786D6C7D8EC10E82300C865F65E91D8A1E8C310C0EEA1BF002731658846E
310
D98AC1B77784ABF1D8FE5FBFBF75BBCE937A534CCEB38643598122B6FEE978D0B0485F9C41B54DDD7D022595594E1A469170414C76A4D9A4D207E29CF43ECE46F218070CC6BECC4078ACAA135ACF422C856C0E68EA1BF5669944DDD7BCDE7B1F8E415D77AECB980613C2E4AC91FC167A2B244592486606FC29C8FD7F045B9A
310
EF7053A7E60B504B0304140006080800CC70623B1EC5D7A3EB0000007C01000008000000636F72652E786D6C8D90416EC3201045AF82665B6103C6756C6122AB4D4ED00B204C5C94182C03558F5F9C3852BBEB6A467FFE9B197D71FC9E6FE8CBACC17AD7032D0820E3B41FAD9B7A48F1820F808E52ACDEC75F36404ECDA687
310
4D0629A6D5A76597B477D1B89855E747B38B2A041301E95B6E7A08FAD3CCAA50296647B8168BD2573599823EBB0CA76447F43862C7BCCF5EAC59410E4DDD9C7973C2755553CCCFA4C603E3040F1565ED3B1FDE4E432BCA0D9622DAF9795FAF464533826484B498524CD807E51D79ED187F21878E10516EF63F505AC67F42C9
310
BA58B1FDDD071640D2FCC87D2045B96591CB3DA85CB7DCE40F504B0304140006080800CC70623B55019EA25F0000007C00000007000000636E782E786D6C4DCB3B0E80201045D1AD90E915ED2CF8AC45050C11660C8261F98AB1B07AC9C97D42D718D865D3E909258CFD00CCE24AC6E326A164D74DC0B4128928FF32603847
310
2BA13128B1252AC747C6BAB984FC68F0B87FE8960A5C09FE86CFB69FBA01504B0304140006080800CC70623B8C9102E971010000D40300000C0000006662782F636F72652E786D6CC5535B6E833010BC8AE5DF0A6C08340F1947A84D4ED00B38C6A128602363A31CBFCB234A53A551FA553EC09AD9F5CE8C31DB9E9B1AF5CA
310
7695D1198E428A91D2D214952E33ECDD315861B4E5CC1AE3BE9561A445A3323CC098B3D21ADFCE9034DA29ED00D5A6503328BA4E398C640D8B0C77F253352214DE4145770A5B214FA2546114020D759C75CE8200340D19DE981F0F6746269C33EFAB6266AB02A655C74A59CCF365BADC27CB5D902ED22848F6340DF238A141
310
BE88E2F57B92BFEDF23523433367AE6A2EEAA455C2A902F398D2751045018D3FA264435F3771F242571B4A1919CA6F9A7C5B3CD9E42BED16F12C776AEB308F40C848FC700B1139D4891EF410CEC810227CC6846F8386402064270EF5C5C709A05E49676C024C61FC95EA45ED154CA5211D1FF4FB8291A913A68E9B83EBBB33
310
E2A7673CDE118E5AE8124C0807CB8377834E366998436B950D7A7746DAD846D4CFD978E0F04FD455FC5D49D2D4C6FE9722321F10997F0F32DC47FE05504B0304140006080800CC70623BFFEA85907E0000009D0000000B0000006662782F636E782E786D6C4DCCD10A83201886E15B91FFDC95D95A811AB6F23E625948A6C3
310
E9D8E5AF46073BFAE0E1E365ED67B3E8ADC3CB78C7815C7240DA3DFC64DCC221C519D7805AC182F7F1EF06C88D9BE6703008B6049F9E274D7A1E938DBB5AE3D6131B2589BA0D3D965551E0B2EA732C9B9A624AAEB41E3A557677029960D9AFB4EF11165F504B0304140006080800CC70623B4FEEA4082C0100001202000031
310
0000006662782F39464131463745442D413632322D343644302D413938332D3331353338454246344243312F636F72652E786D6C8D515B6EC32010BC0AE2AB55850DD871ED0813254D72825EC00192A2C460F1A872FC42ED48ED5F7E00CDCECCCEB26C731F6FE05B39AFADE921293004CA082BB5B9F43086336A21D870E6AC
310
0D7F68109861543DCC30E4ECE26C9C164858139409093556AA051CBC570102714B8F1E7AF1A5C6A11862480C7F2DA6415C878B2A4891CA89C7990F2E050073937C42DE1DB7E4F87ED8A36D4329AA9B3D46DBAEAD504556557BD81DEBDD0761E52CE42C462D17B996298E3E6BE59E35C962CE821E1FF18553435012728A7187
310
0841987E927A8D9B35ADDF70BBC6989599FE4F1427F9A4286A132ABAC49D651EF234CD5CE04CDA78BA3DC2A8FB645D00B9DF8B57E215725C60BCA2A463E54C4CE327C7A65E1C7DB02E7DEFCBF594B864C5CA6CDBD49C957943E9FA5D5FBAF336F90F504B0304140006080800CC70623BAD7543B64E01000033030000300000
310
006662782F39464131463745442D413632322D343644302D413938332D3331353338454246344243312F636E782E786D6CD593CD6EC32010845F0571AD6CE3D48AD20813A9873E410FBD12D82434182C7EAAE6EDBB2424CD25871E7B41D6EC30B3FA84F9E67BB2E40B4234DE8DB46F1925E094D7C6ED479AD3AE5951B2113C
310
789FEE6C943839C1488B4C05DF079FE72A69D8C96C13AAD6B8631503449F83828872B949AC57D26200B826A308D316B4064D6E46FCDA41C05550DC9E483A00797BFD207EFB092A45DE9514C1BBD22178396BD39D891265658C238DEA00936C654E5E433CB65A26D9F6EDB5EBC14EBF49A45CB856E66048291F6939A9A81BB5
310
C8917738143CA680F4AA299D66A042CEB3354A2684DC9D8D178FE0D9B8B41CAAD720F880EE7EF93C0C18769E099ECC04D5A102C8049A8A05632F4DDF376CF1DE0F6BB65C2F8627B65A33C6BB62177CEBBDAD973006829F89F22E814B54F4BC2BE347F8AA8F681390B50FA73F804400B5F542E796F19FF974E7F78DB802FE05
310
E207504B0304140006080800CC70623B16AB87BA640500003C100000340000006662782F39464131463745442D413632322D343644302D413938332D3331353338454246344243312F6F626A656374732E786D6CAD575B6FA33818FD2B887DE6924B3BED8A326A92B68A663B534DD4D13E548A0C38942D60649B369D5FBFC7
310
600890A493BDE42160637FD7F31D7FF63E6FB3D478A55C242CBF3247B66B1A340F5994E4F19559CA8D75611A9F7D8F33263BCB4C232719BD32D5B4E97B316765A1A722BA21652A07B3B7B33F0D11D29C9A46981221AE4C113ED38CD8A4942CA2E2C58E882476BCD9DA23BB5ED8171B73523C0F841684D35CC252CCE79062D4
310
468DFA43D7747CCF51DF7D4FFDEB5593E3AB9CCA9FBEFE241792E4E19EB28198C968BAB8199F5D5A67D3E9C49A9E8F47D6EC76B6B0469F26EEFC7C3EBFBCBEB98462213924694B38DD98FE1D62C393D073EA4FADC5DAF04326852CCF6958F90F0F2B9BB5C48816348F90C7840A68EB78EDF68723159BCEE7891A6B95DDE9D3
310
BCEAEEE8086A6C6F9E5D4B59F0175C10A7A0820BAA5055C7473B5AE3CFDD452D602CD5DF12616444529E90D448938013FE6EFA58AA96F85E4F8C42275708571E98FE6827AF6B2B4AE3D7D83D64E5A64C53054DD3AF90BD06FEA9149565C94FCA0F6B834DC85599E4F2423B24DF0B6AFA979E534DFA9E7A4CC6FA631D486393
310
921829879BF5D781A373557BCB85E97FB90DB62B558F8795179C15944B051F40AB495CF35451D26A4727654E6D8033BD98EF82F21D91FF8AF2DD9982BCF1643BDD4EB516C9492E368C67C88DED563FC36D5EACF66DFF057C3658BDBFA69DF9578B3DA735B64F18C7F20770A9D45CFCF7FCF563D6456A277DBEF78A02637CA2
310
43B90A490AEAB94F72244481D24819A6C0E59B606BFA4B3025981DBB48EAB701D97BF19C577CC77F2D1B6C55A9EF3C732474C0B727303F625995056C3B02963D9EAC146BE78EC5FCEC7FA999EBC5EACBAAE41B12D27B4D2C0BBA49F244E2ECDC81B76B502F113D8F5EE8FB1BE3111CDD4FC2AA9B844CAB1288B68AB90A7CDC
310
1C166AB0D3DC5310625FCC14E779BFD0709F8890A629C9292B1B2DED31A4B0DA928CEE135085754027E3018A397D4D5427D15BD1330B677DC8934285AC3DF45A9EB68FF8F2B8FC0A509AFEECFD0FF2DE25CC6047F7214B195F07EFEB9A094D800F7BFAE8FED187B78EA8A3A400F115961BCAD1215E47C966530AF0EE8128FE
310
58CEBB996A8964FFA529A046635D9353B0336A8F700DDF46271A024E70B0B37C9DE01847591E54DED53D54202AB947E4076556AC49C6CA5C9E1226B7F1A7B1BE15DEED62C41B91E1B3E9AFAAA735036547343A925075041DF0A9979E893B391F8FCFA6967B3EFB644DCF6E5CEBFAE272625DCC6FAF3FB93793C5F90CE1EF57
310
407342756B10D1C489E8953CD1617E5CEECAD6F4EF8914CE5D5D504E5C3F1F9736DA62CFC11E00BCDDB8CC8A9466349744C1F75EBDA4DF09BA8A9E8C7A7E9991989E20E5DBDD6A6003664ED8F7A04A8DBE0DF6EAD9B9AA858342E47399053949D2C146EDB85DE4B176BB0965FBAC19BD19AA918E27FA50C1D22402E144464C
310
59462568E704B6E71915404CB72B8FF4EDE184DDAF753F284990D2C6926782963815403548A70C657FDEF80D2D9CEAA2AE4C1C76F60BFE74219A06527D6582DF6412526107381E55E353090704D085B52408D0933C4ED159D79BDA71BB4BC506F4831350EB6F979CD22D69BF7AC49B91A2C0A9DDA3D5CA36AD20FC478E37E6
310
1844E2352865EBCB6EA275A652E3836BE04EFB400BF1A2556F515F1FBB35B2AB35BD889C744FFA1004B5544B121E57F70215746DD2F5E2C1412B602CBF19455AC6C8E5E9922C4E01E65215385004546899059180EAFCF7A707CE7017CD8CDB0410789AB32C63B91E5CEBBBACB17AC6CD347A022D5075FD106377347AAABA7E
310
7D11590744509B44E205134DC1290F06580320F78E537D3D73540E06CB970B431F185308AD40BBD794D6D77003C5A36E8EAA54BA64597CD8F83BD552A080A365F7FF06504B0304140006080000CC70623B000000000000000000000000350000006662782F39464131463745442D413632322D343644302D413938332D3331
310
353338454246344243312F76657274696365732E62696E504B0304140006080800CC70623BF270F1330600000004000000360000006662782F39464131463745442D413632322D343644302D413938332D3331353338454246344243312F747269616E676C65732E62696E636660600000504B0304140006080000CC70623B
310
000000000000000000000000370000006662782F39464131463745442D413632322D343644302D413938332D3331353338454246344243312F617474726962757465732E62696E504B0304140006080800CC70623B08DA0BD19000000041010000360000006662782F39464131463745442D413632322D343644302D413938
310
332D3331353338454246344243312F6469726563746F72792E786D6C858F410AC3201045AF22B36F53E9A60B35CBEEBAE80D244E44489C6234F4F835464A48035D0DF398FF9F8AF63D0E6CC63039F212F8F9020C7D47C6792B21C5FE7403D62A1188E2E60C98D7234A5830286103A55745067B9D86B8A3CF9C7F90C11DE607
310
FB144396D7B6A82D282E9A152AD114D5EF2CB866EEE831B8EEA07A7BB5A8D7D61A2BAAEB7FD5F70921FF497D00504B0304140006080800CC70623B0D6EF93BFE000000A00100003B0000006662782F39464131463745442D413632322D343644302D413938332D3331353338454246344243312F7265736F75726365732F63
310
6F72652E786D6C8D50596E833010BD0A9ADFCA60B334011947A8694ED00B586642AC041B79A97AFC9A40A5F6AF3F33A3B7689E1E3F7DCD8FEC139DD7D6F4C0720A191A65476DA61E62B892236427C19DB5E1970C322367EC618541F0C9D9B8EC90B226A009093576C41D94DE63804C3DD2D18357379C652E63480A7FCF17A9
310
EE72C29CE5894E3AC17D702940B63D59270887DE46A7D0F36263058F518FBB468FE9A7BE6A7420864373B8D4873369AA8691FA421B3294352543C5CAF65C0F6FEF43CB8BD52C78D0F34F46E550061C419494B6843142CB0F5677F4B52BEB177AEC28E5C52AFF638ACBF84F53D42654E51E77B379102C05791282176B5F693D
310
CB4C7BED567C03504B010214000A0000080000CC70623B3DEE336E79000000790000001B00000000000000000000000000000000006175746F6465736B2D64657369676E2D7061636B6167652E786D6C504B01021400140006080800CC70623BD486FD9CA0000000F40000001300000000000000000000000000B20000005B
310
436F6E74656E745F54797065735D2E786D6C504B01021400140006080800CC70623B1EC5D7A3EB0000007C010000080000000000000000000000000083010000636F72652E786D6C504B01021400140006080800CC70623B55019EA25F0000007C000000070000000000000000000000000094020000636E782E786D6C504B
310
01021400140006080800CC70623B8C9102E971010000D40300000C00000000000000000000000000180300006662782F636F72652E786D6C504B01021400140006080800CC70623BFFEA85907E0000009D0000000B00000000000000000000000000B30400006662782F636E782E786D6C504B01021400140006080800CC70
310
623B4FEEA4082C0100001202000031000000000000000000000000005A0500006662782F39464131463745442D413632322D343644302D413938332D3331353338454246344243312F636F72652E786D6C504B01021400140006080800CC70623BAD7543B64E010000330300003000000000000000000000000000D5060000
310
6662782F39464131463745442D413632322D343644302D413938332D3331353338454246344243312F636E782E786D6C504B01021400140006080800CC70623B16AB87BA640500003C1000003400000000000000000000000000710800006662782F39464131463745442D413632322D343644302D413938332D3331353338
310
454246344243312F6F626A656374732E786D6C504B01021400140006080000CC70623B0000000000000000000000003500000000000000000000000000270E00006662782F39464131463745442D413632322D343644302D413938332D3331353338454246344243312F76657274696365732E62696E504B01021400140006
310
080800CC70623BF270F133060000000400000036000000000000000000000000007A0E00006662782F39464131463745442D413632322D343644302D413938332D3331353338454246344243312F747269616E676C65732E62696E504B01021400140006080000CC70623B0000000000000000000000003700000000000000
310
000000000000D40E00006662782F39464131463745442D413632322D343644302D413938332D3331353338454246344243312F617474726962757465732E62696E504B01021400140006080800CC70623B08DA0BD190000000410100003600000000000000000000000000290F00006662782F39464131463745442D413632
310
322D343644302D413938332D3331353338454246344243312F6469726563746F72792E786D6C504B01021400140006080800CC70623B0D6EF93BFE000000A00100003B000000000000000000000000000D1000006662782F39464131463745442D413632322D343644302D413938332D3331353338454246344243312F7265
310
736F75726365732F636F72652E786D6C504B0506000000000E000E0080040000641100000000
  0
XRECORD
  5
175
102
{ACAD_REACTORS
330
173
102
}
330
173
100
AcDbXrecord
280
     1
270
     1
271
     1
  0
XRECORD
  5
174
102
{ACAD_REACTORS
330
173
102
}
330
173
100
AcDbXrecord
280
     1
270
     1
271
     1
  0
XRECORD
  5
1FB
102
{ACAD_REACTORS
330
173
102
}
330
173
100
AcDbXrecord
280
     1
 70
     0
 90
1673772943
  1
ECE7A1D2-D628-4531-984C-D00F80459256
310
504B03040A0000080000CC70623B3DEE336E79000000790000001B0000006175746F6465736B2D64657369676E2D7061636B6167652E786D6C3C3F786D6C2076657273696F6E3D22312E302220656E636F64696E673D227574662D3822203F3E3C666F726D6174733E3C666F726D61743E687474703A2F2F736368656D612E
310
6175746F6465736B2E636F6D2F64657369676E2D7061636B6167652F323030393C2F666F726D61743E3C2F666F726D6174733E504B0304140006080800CC70623BD486FD9CA0000000F4000000130000005B436F6E74656E745F54797065735D2E786D6C7D8EC10E82300C865F65E91D8A1E8C310C0EEA1BF002731658846E
310
D98AC1B77784ABF1D8FE5FBFBF75BBCE937A534CCEB38643598122B6FEE978D0B0485F9C41B54DDD7D022595594E1A469170414C76A4D9A4D207E29CF43ECE46F218070CC6BECC4078ACAA135ACF422C856C0E68EA1BF5669944DDD7BCDE7B1F8E415D77AECB980613C2E4AC91FC167A2B244592486606FC29C8FD7F045B9A
310
EF7053A7E60B504B0304140006080800CC70623BD9DDAED0EC0000007C01000008000000636F72652E786D6C8D90416EC3201045AF82665B61836D9CD8C2444DD39CA01740405C94182C03558F5F9C3852BBEB6A467FFE9B197D7EF89E6EE8CB2CC17A37002D0820E394D7D68D03A478C17B4007C117EFE32F1B20272733C0
310
2A83E0E3E2D3BC49CABB685CCCAAF3DA6CA20CC14440EA969B0182FA34932C648AD911AEC52CD5558EA6A0CF2EC329598D1E47ACCEFBECC59A050463A7EA5833865FEBDD0E37353BE3EE8DBDE3F6786A48D375FBF6CC78B9C282473B3DEFABC5C86834888A900E538A49F5419B9EB47DD5BC907D4F082F57FB1F28CDFA9F50
310
B22ED6D5F6EE030B20687EE43E10BC5CB3C8E51E54AE6B6EE207504B0304140006080800CC70623B55019EA25F0000007C00000007000000636E782E786D6C4DCB3B0E80201045D1AD90E915ED2CF8AC45050C11660C8261F98AB1B07AC9C97D42D718D865D3E909258CFD00CCE24AC6E326A164D74DC0B4128928FF326038
310
472BA13128B1252AC747C6BAB984FC68F0B87FE8960A5C09FE86CFB69FBA01504B0304140006080800CC70623BA24EB22D72010000D40300000C0000006662782F636F72652E786D6CC5535B6E833010BC8AE5DF0A6C5E49888CA3A6694ED00B38E05014B091B1518EDFE511A5A9D228FD2A1F60CDEC7A67C6986DCE4D8D7A
310
69BA4AAB0C073EC548AA5C17952A33ECECD15B61B4E1CC686DBF9561A44423333CC098B3D268D7CE50AE9595CA02AA74216750749DB418E5352C32DCE59FB211BE70162ABA93DF8AFC244AE9073ED050C759670D0840D390E18DF9F1706664C23973AE2A66B62A605A75ACA4C13C4976E1364A12EF355A2EBD384AF65EFA96
310
BC7B8BED2EA6719AAE16FB8491A199335B351775B991C2CA02F390D2D40B028F861F41BCA68B7518BFD0D59A524686F29B26D7164F36B94AD9289CE54E6D1DE6010819891F6E21228B3AD1831EC219194284CF98F06DD01008846CC5A1BEF83801D4CBDC6A1303536877A57A513B0953A94FC707FDBE6064EA84A9E3E6E0FA
310
EE8CF0E9198F7784A316AA0413C2C2F2E0ECA0934D1AE6D05A69BCDE9E91D2A611F573361E38FC1375157F5752AE6B6DFE4B11990F88CCBF0719EE23FF02504B0304140006080800CC70623B408A7D3B7C0000009D0000000B0000006662782F636E782E786D6C4DCCD10A83201886E15B91FFDC552A92A0064DBC8F581632
310
D3703A76F9ABD1C18E3E78F878E5F0D9027ABBFCF2292AE86E2D20171F69F6715550CB827B40839639A5F2770314A7CD293819B45C73AAFB45B35BA61ACAA1C1C7E7855C58C15BC331339661262CC762340413D68D77DA5B42298546CBE6573AF60CEB2F504B0304140006080800CC70623B449FB9BD290100001202000031
310
0000006662782F36394639363044362D344446342D343946362D394244322D3234314243333846323333332F636F72652E786D6C8D515B6EC32010BC0AE22B55850D98B871848994463E412FE002495162B07854397EA176A4F62F3F2C9A9D991D587EB84F37F0AD7D30CEF6905418026DA553C65E7A98E219ED203808EE9D
310
8B7F6810D871D23D2C3014FCE25D9A57483A1BB58D19B54EE9151C43D0110279CB971E06F9A5A7B11A53CC8C70ADE6515EC78BAE4895DB992778883E0700CB907242D17643D7E2538BD869608875438BBAE38922CAC8F1BDD90DB4691A5E2F42C153326A951B95E398B3D1FE599322163C9AE9115F7A3D46ADA0A018778810
310
84E907617BDCEE297BC5BB3DC6BC2EF47FA234AB2745C9D8D8D035EE220B50105E2F0DC1954B9FB747187D9F9D8FA0CCDB042D5FA0C015C65B42DF78BD10F3F3B363CB56C7109DCFDFBBB97E662ED92EB62D13BC2E1BCAE5777DB9966D8A1F504B0304140006080800CC70623BAD7543B64E01000033030000300000006662
310
782F36394639363044362D344446342D343946362D394244322D3234314243333846323333332F636E782E786D6CD593CD6EC32010845F0571AD6CE3D48AD20813A9873E410FBD12D82434182C7EAAE6EDBB2424CD25871E7B41D6EC30B3FA84F9E67BB2E40B4234DE8DB46F1925E094D7C6ED479AD3AE5951B2113C789FEE
310
6C943839C1488B4C05DF079FE72A69D8C96C13AAD6B8631503449F83828872B949AC57D26200B826A308D316B4064D6E46FCDA41C05550DC9E483A00797BFD207EFB092A45DE9514C1BBD22178396BD39D891265658C238DEA00936C654E5E433CB65A26D9F6EDB5EBC14EBF49A45CB856E66048291F6939A9A81BB5C89177
310
38143CA680F4AA299D66A042CEB3354A2684DC9D8D178FE0D9B8B41CAAD720F880EE7EF93C0C18769E099ECC04D5A102C8049A8A05632F4DDF376CF1DE0F6BB65C2F8627B65A33C6BB62177CEBBDAD973006829F89F22E814B54F4BC2BE347F8AA8F681390B50FA73F804400B5F542E796F19FF974E7F78DB802FE05E20750
310
4B0304140006080800CC70623B8D05915C650500003B100000340000006662782F36394639363044362D344446342D343946362D394244322D3234314243333846323333332F6F626A656374732E786D6CAD575B6FA33814FE2B887D06429276DA1565D4266D158D3A339A6846FB502932E050B66023DB74D2FDF5FB190C01
310
9276B2973C046C8ECFF53B17071F77456EBD502133CEAE6CDF9DD81665314F32965ED995DA3A17B6F5310C04E7AA47665B8C14F4CAD6DB7618A48257A5D94AE89654B91AEDDEDDFC61C998326A5B714EA4BCB265FC440BE2924AF184CA6737218AB8E976E7FA6E4338649B0A523E8D98964450A6A029F619B8588D52FE7039
310
B1BD30F0F4F730D0FF866AF6369557DB33949F31A9088B0F848DD8CCFCF9F2767A76E99CCDE733677E3EF59D9BBB9BA5E37F984D16E78BC5E5F5ED25044B25C0C96822E8D60EEFE11B91C581D77CEA34368A1F5329E68CD1B8B61F16D63A1B8E092D294B10C78C4A48EB593D192E7DED9BDEE7995E1B91FDEDD3ACEA9FE831
310
6A756F9F7D4D79F4274C90A7A04248AA51D5F8C718DAE06FB2F75AC4796EBE65D22A88A22223B995679120E2D50E41AA49C260C046A35368846B0BECD0DFF3EBEB8AD4F835768F69B9ADF25C43D30E6B646F807FAA64AD59F61715C7A54127C4AACA98BA3006A9D792DAE165E0D59B61A01FB3A9F9D838D2DAE62445C86166
310
F37564E842E7DE6A69879FEEA2DD5AE7E371E1A5E025154AC307D06A03D73EB5978C58FFA4C8E9033066E0F3BD53BEC1F39F91BE7B55103791EDE6BBB991A2046172CB4581D8B893FA674DDA17A77B3B7C413D1B511FD2743BFF8A38F03A658705E3ADF8015C3A3417FF3D7E439FF591DA0B5F18BC20C1B8981957AE6392A3
310
F43C640C01D1A0B4728E2DD4F26DB4B3C3152A252A3B4E913CEC1C72F012782FF88EFF8637AA552DBEF76408E8A8DE9E50F9E1CB3A2DA0DB1B6039A893B56063DC5B3E3FFB5F72E67AB9FEB4AEC496C4F4C1149625DD662C53E89D7BF0F6151A046260D1337DFDC94502430F83B0EE07A130A224BCAD7DAE1D9FB6CD422FF6
310
920702629C4BB9AE79C12F243C6432A6794E18E5552BA56B431AAB5D91317302B2B071E86C3A42B1A02F999E24061403B5D0EB639195DA655DD3EBEAB4FB862DDF579F014AD0E73C22F99E28DA57FB98E75C6CA2D74D53086D600F4786E0FE3144B771A8A7B900F03594DB8A633CBC49B2EDB69228BB479CF863B5E807AAAB
310
23872F6DFEB4129B949CA33823F58830E86D65621E10047D9DB34D862E8EAC3C2ABC2F7B2C40D67CDFE01F5545B92105AF983AC54D93D69E56FB8E797F88913F898A9FEC705D3F9D1B54EC8426FB500D40A03BD0119B06E1B95DDC7EB8F6975367793EBD70E66733DFB9BC982F9CE564727731999F5D4ECFCE3B8D6A4DC2A0
310
6D50FD148437D110834A64C6CDDF57FBACB5C307A2A477DFE4939736CFEF2B175371E0E10CF0DD1D5C15654E0BCA14D1E87DD02FF93782A162C0A3D95F1524A52770F972BF1EE9809D13CE7DD599467F8ECE9ADD85CE85A34CD45355448C64F9E8A031DC2D596ACC6E5DD93D9B82DE2EF5CAF81363A8E47996A0DE24564A79
310
4115AACE09C55E14540231FDA13C319787134EBF34E3A022514E5B4D9E0826E25C02D5805B15ABE1BEF51B26383D445DD9E875EE33FE4C22DA16427D65A3BCA92CA6D28DD01DF5DC53330704308475351050232CCD31583787BA75774AFB06E5070DD0C8EF484E19968C5D83BA5B90B244D31E54D55A372320FE4786B7EA58
310
44E135AA5467CB7EA333A61683CC6A8C3257034C10CF46F40EF9F5BE59BE5BD30C3C72D235E95D10345C1D45445A5F0BB47E46A5EBE5570F9380B5FA629579952296A773720405982B9DE04011506178964401AA8BDF1FBF0A8EAB6861DD6580C0E38217056766716DAEB2D6FA0917D3E4116581EADB879C4E7CFFB11EFACD
310
3D641311495D92C8676CB409A72D18610D803CE8A626049E8EC1887CB5B44CC39883690DDA8399B4B9855B481E7D71D4A9D22F96E5BB73BF5793020C02137BF837504B0304140006080000CC70623B000000000000000000000000350000006662782F36394639363044362D344446342D343946362D394244322D32343142
310
43333846323333332F76657274696365732E62696E504B0304140006080800CC70623BF270F1330600000004000000360000006662782F36394639363044362D344446342D343946362D394244322D3234314243333846323333332F747269616E676C65732E62696E636660600000504B0304140006080000CC70623B0000
310
00000000000000000000370000006662782F36394639363044362D344446342D343946362D394244322D3234314243333846323333332F617474726962757465732E62696E504B0304140006080800CC70623B08DA0BD19000000041010000360000006662782F36394639363044362D344446342D343946362D394244322D
310
3234314243333846323333332F6469726563746F72792E786D6C858F410AC3201045AF22B36F53E9A60B35CBEEBAE80D244E44489C6234F4F835464A48035D0DF398FF9F8AF63D0E6CC63039F212F8F9020C7D47C6792B21C5FE7403D62A1188E2E60C98D7234A5830286103A55745067B9D86B8A3CF9C7F90C11DE607FB14
310
4396D7B6A82D282E9A152AD114D5EF2CB866EEE831B8EEA07A7BB5A8D7D61A2BAAEB7FD5F70921FF497D00504B0304140006080800CC70623BCA768048FE000000A00100003B0000006662782F36394639363044362D344446342D343946362D394244322D3234314243333846323333332F7265736F75726365732F636F72
310
652E786D6C8D50596E833010BD0A9ADFCA60D600328E9AA639412F609909B1126CE4A5EAF16B0295DABFFECC8CDEA2797AECF8353F924FB44E193D409E5248504B332A3D0D10FC95B4901C39B3C6F85F3248B49871801506CE266BC2B243D2688FDA47549B11775038871E12F988C7004EDE7016A9083E2ADC3D5D84BC8B09
310
D33C8D74D471E6BC8D0192EDC93A815B742658898E651BCB59086ADC356A8C3FD555A1055ED7E7E254D615792D0F075295F585746FF53B694EE78A565DD736979A65AB9933AFE69F8CD2A2F038022F28ED489E135A7CE4554F9BBEA85E68DB53CAB255FEC71496F19FA6A0B42F8B3DEE6673C0F318E4497096AD7DC5F52C33
310
EEB55BFE0D504B010214000A0000080000CC70623B3DEE336E79000000790000001B00000000000000000000000000000000006175746F6465736B2D64657369676E2D7061636B6167652E786D6C504B01021400140006080800CC70623BD486FD9CA0000000F40000001300000000000000000000000000B20000005B436F
310
6E74656E745F54797065735D2E786D6C504B01021400140006080800CC70623BD9DDAED0EC0000007C010000080000000000000000000000000083010000636F72652E786D6C504B01021400140006080800CC70623B55019EA25F0000007C000000070000000000000000000000000095020000636E782E786D6C504B0102
310
1400140006080800CC70623BA24EB22D72010000D40300000C00000000000000000000000000190300006662782F636F72652E786D6C504B01021400140006080800CC70623B408A7D3B7C0000009D0000000B00000000000000000000000000B50400006662782F636E782E786D6C504B01021400140006080800CC70623B
310
449FB9BD290100001202000031000000000000000000000000005A0500006662782F36394639363044362D344446342D343946362D394244322D3234314243333846323333332F636F72652E786D6C504B01021400140006080800CC70623BAD7543B64E010000330300003000000000000000000000000000D20600006662
310
782F36394639363044362D344446342D343946362D394244322D3234314243333846323333332F636E782E786D6C504B01021400140006080800CC70623B8D05915C650500003B10000034000000000000000000000000006E0800006662782F36394639363044362D344446342D343946362D394244322D32343142433338
310
46323333332F6F626A656374732E786D6C504B01021400140006080000CC70623B0000000000000000000000003500000000000000000000000000250E00006662782F36394639363044362D344446342D343946362D394244322D3234314243333846323333332F76657274696365732E62696E504B010214001400060808
310
00CC70623BF270F13306000000040000003600000000000000000000000000780E00006662782F36394639363044362D344446342D343946362D394244322D3234314243333846323333332F747269616E676C65732E62696E504B01021400140006080000CC70623B00000000000000000000000037000000000000000000
310
00000000D20E00006662782F36394639363044362D344446342D343946362D394244322D3234314243333846323333332F617474726962757465732E62696E504B01021400140006080800CC70623B08DA0BD190000000410100003600000000000000000000000000270F00006662782F36394639363044362D344446342D
310
343946362D394244322D3234314243333846323333332F6469726563746F72792E786D6C504B01021400140006080800CC70623BCA768048FE000000A00100003B000000000000000000000000000B1000006662782F36394639363044362D344446342D343946362D394244322D3234314243333846323333332F7265736F
310
75726365732F636F72652E786D6C504B0506000000000E000E0080040000621100000000
  0
XRECORD
  5
176
102
{ACAD_REACTORS
330
173
102
}
330
173
100
AcDbXrecord
280
     1
270
     1
271
     1
  0
XRECORD
  5
177
102
{ACAD_REACTORS
330
173
102
}
330
173
100
AcDbXrecord
280
     1
270
     1
271
     1
  0
CELLSTYLEMAP
  5
A71
102
{ACAD_REACTORS
330
162
102
}
330
162
100
AcDbCellStyleMap
 90
        3
300
CELLSTYLE
  1
TABLEFORMAT_BEGIN
 90
        5
170
     1
 91
        0
 92
    32768
 62
   257
 93
        1
300
CONTENTFORMAT
  1
CONTENTFORMAT_BEGIN
 90
        0
 91
        0
 92
      512
 93
        0
300

 40
0.0
140
1.0
 94
        5
 62
     0
340
11
144
6.0
309
CONTENTFORMAT_END
171
     1
301
MARGIN
  1
CELLMARGIN_BEGIN
 40
1.5
 40
1.5
 40
1.5
 40
1.5
 40
4.5
 40
4.5
309
CELLMARGIN_END
 94
        6
 95
        1
302
GRIDFORMAT
  1
GRIDFORMAT_BEGIN
 90
        0
 91
        1
 62
     0
 92
       -2
340
14
 93
        0
 40
1.125
309
GRIDFORMAT_END
 95
        2
302
GRIDFORMAT
  1
GRIDFORMAT_BEGIN
 90
        0
 91
        1
 62
     0
 92
       -2
340
14
 93
        0
 40
1.125
309
GRIDFORMAT_END
 95
        4
302
GRIDFORMAT
  1
GRIDFORMAT_BEGIN
 90
        0
 91
        1
 62
     0
 92
       -2
340
14
 93
        0
 40
1.125
309
GRIDFORMAT_END
 95
        8
302
GRIDFORMAT
  1
GRIDFORMAT_BEGIN
 90
        0
 91
        1
 62
     0
 92
       -2
340
14
 93
        0
 40
1.125
309
GRIDFORMAT_END
 95
       16
302
GRIDFORMAT
  1
GRIDFORMAT_BEGIN
 90
        0
 91
        1
 62
     0
 92
       -2
340
14
 93
        0
 40
1.125
309
GRIDFORMAT_END
 95
       32
302
GRIDFORMAT
  1
GRIDFORMAT_BEGIN
 90
        0
 91
        1
 62
     0
 92
       -2
340
14
 93
        0
 40
1.125
309
GRIDFORMAT_END
309
TABLEFORMAT_END
  1
CELLSTYLE_BEGIN
 90
        1
 91
        1
300
_TITLE
309
CELLSTYLE_END
300
CELLSTYLE
  1
TABLEFORMAT_BEGIN
 90
        5
170
     1
 91
        0
 92
        0
 62
   257
 93
        1
300
CONTENTFORMAT
  1
CONTENTFORMAT_BEGIN
 90
        0
 91
        0
 92
      512
 93
        0
300

 40
0.0
140
1.0
 94
        5
 62
     0
340
11
144
4.5
309
CONTENTFORMAT_END
171
     1
301
MARGIN
  1
CELLMARGIN_BEGIN
 40
1.5
 40
1.5
 40
1.5
 40
1.5
 40
4.5
 40
4.5
309
CELLMARGIN_END
 94
        6
 95
        1
302
GRIDFORMAT
  1
GRIDFORMAT_BEGIN
 90
        0
 91
        1
 62
     0
 92
       -2
340
14
 93
        0
 40
1.125
309
GRIDFORMAT_END
 95
        2
302
GRIDFORMAT
  1
GRIDFORMAT_BEGIN
 90
        0
 91
        1
 62
     0
 92
       -2
340
14
 93
        0
 40
1.125
309
GRIDFORMAT_END
 95
        4
302
GRIDFORMAT
  1
GRIDFORMAT_BEGIN
 90
        0
 91
        1
 62
     0
 92
       -2
340
14
 93
        0
 40
1.125
309
GRIDFORMAT_END
 95
        8
302
GRIDFORMAT
  1
GRIDFORMAT_BEGIN
 90
        0
 91
        1
 62
     0
 92
       -2
340
14
 93
        0
 40
1.125
309
GRIDFORMAT_END
 95
       16
302
GRIDFORMAT
  1
GRIDFORMAT_BEGIN
 90
        0
 91
        1
 62
     0
 92
       -2
340
14
 93
        0
 40
1.125
309
GRIDFORMAT_END
 95
       32
302
GRIDFORMAT
  1
GRIDFORMAT_BEGIN
 90
        0
 91
        1
 62
     0
 92
       -2
340
14
 93
        0
 40
1.125
309
GRIDFORMAT_END
309
TABLEFORMAT_END
  1
CELLSTYLE_BEGIN
 90
        2
 91
        1
300
_HEADER
309
CELLSTYLE_END
300
CELLSTYLE
  1
TABLEFORMAT_BEGIN
 90
        5
170
     1
 91
        0
 92
        0
 62
   257
 93
        1
300
CONTENTFORMAT
  1
CONTENTFORMAT_BEGIN
 90
        0
 91
        0
 92
      512
 93
        0
300

 40
0.0
140
1.0
 94
        2
 62
     0
340
11
144
4.5
309
CONTENTFORMAT_END
171
     1
301
MARGIN
  1
CELLMARGIN_BEGIN
 40
1.5
 40
1.5
 40
1.5
 40
1.5
 40
4.5
 40
4.5
309
CELLMARGIN_END
 94
        6
 95
        1
302
GRIDFORMAT
  1
GRIDFORMAT_BEGIN
 90
        0
 91
        1
 62
     0
 92
       -2
340
14
 93
        0
 40
1.125
309
GRIDFORMAT_END
 95
        2
302
GRIDFORMAT
  1
GRIDFORMAT_BEGIN
 90
        0
 91
        1
 62
     0
 92
       -2
340
14
 93
        0
 40
1.125
309
GRIDFORMAT_END
 95
        4
302
GRIDFORMAT
  1
GRIDFORMAT_BEGIN
 90
        0
 91
        1
 62
     0
 92
       -2
340
14
 93
        0
 40
1.125
309
GRIDFORMAT_END
 95
        8
302
GRIDFORMAT
  1
GRIDFORMAT_BEGIN
 90
        0
 91
        1
 62
     0
 92
       -2
340
14
 93
        0
 40
1.125
309
GRIDFORMAT_END
 95
       16
302
GRIDFORMAT
  1
GRIDFORMAT_BEGIN
 90
        0
 91
        1
 62
     0
 92
       -2
340
14
 93
        0
 40
1.125
309
GRIDFORMAT_END
 95
       32
302
GRIDFORMAT
  1
GRIDFORMAT_BEGIN
 90
        0
 91
        1
 62
     0
 92
       -2
340
14
 93
        0
 40
1.125
309
GRIDFORMAT_END
309
TABLEFORMAT_END
  1
CELLSTYLE_BEGIN
 90
        3
 91
        2
300
_DATA
309
CELLSTYLE_END
  0
ENDSEC
  0
SECTION
  2
ACDSDATA
 70
     2
 71
     8
  0
ACDSSCHEMA
 90
        0
  1
AcDb_Thumbnail_Schema
  2
AcDbDs::ID
280
    10
 91
        8
  2
Thumbnail_Data
280
    15
 91
        0
101
ACDSRECORD
 95
        0
 90
        1
  2
AcDbDs::TreatedAsObjectData
280
     1
291
     1
101
ACDSRECORD
 95
        0
 90
        2
  2
AcDbDs::Legacy
280
     1
291
     1
101
ACDSRECORD
  1
AcDbDs::ID
 90
        3
  2
AcDs:Indexable
280
     1
291
     1
101
ACDSRECORD
  1
AcDbDs::ID
 90
        4
  2
AcDbDs::HandleAttribute
280
     7
282
     1
  0
ACDSSCHEMA
 90
        1
  1
AcDbDs::TreatedAsObjectDataSchema
  2
AcDbDs::TreatedAsObjectData
280
     1
 91
        0
  0
ACDSSCHEMA
 90
        2
  1
AcDbDs::LegacySchema
  2
AcDbDs::Legacy
280
     1
 91
        0
  0
ACDSSCHEMA
 90
        3
  1
AcDbDs::IndexedPropertySchema
  2
AcDs:Indexable
280
     1
 91
        0
  0
ACDSSCHEMA
 90
        4
  1
AcDbDs::HandleAttributeSchema
  2
AcDbDs::HandleAttribute
280
     7
 91
        1
284
     1
  0
ACDSRECORD
 90
        0
  2
AcDbDs::ID
280
    10
320
22
  2
Thumbnail_Data
280
    15
 94
     1412
310
89504E470D0A1A0A0000000D494844520000010000000063080300000043BB2E1400000300504C5445212830FFFFFF2128300000000000000000000000000000000000000000000000000000330000660000990000CC0000FF0033000033330033660033990033CC0033FF0066000066330066660066990066CC0066FF0099
310
000099330099660099990099CC0099FF00CC0000CC3300CC6600CC9900CCCC00CCFF00FF0000FF3300FF6600FF9900FFCC00FFFF3300003300333300663300993300CC3300FF3333003333333333663333993333CC3333FF3366003366333366663366993366CC3366FF3399003399333399663399993399CC3399FF33CC00
310
33CC3333CC6633CC9933CCCC33CCFF33FF0033FF3333FF6633FF9933FFCC33FFFF6600006600336600666600996600CC6600FF6633006633336633666633996633CC6633FF6666006666336666666666996666CC6666FF6699006699336699666699996699CC6699FF66CC0066CC3366CC6666CC9966CCCC66CCFF66FF0066
310
FF3366FF6666FF9966FFCC66FFFF9900009900339900669900999900CC9900FF9933009933339933669933999933CC9933FF9966009966339966669966999966CC9966FF9999009999339999669999999999CC9999FF99CC0099CC3399CC6699CC9999CCCC99CCFF99FF0099FF3399FF6699FF9999FFCC99FFFFCC0000CC00
310
33CC0066CC0099CC00CCCC00FFCC3300CC3333CC3366CC3399CC33CCCC33FFCC6600CC6633CC6666CC6699CC66CCCC66FFCC9900CC9933CC9966CC9999CC99CCCC99FFCCCC00CCCC33CCCC66CCCC99CCCCCCCCCCFFCCFF00CCFF33CCFF66CCFF99CCFFCCCCFFFFFF0000FF0033FF0066FF0099FF00CCFF00FFFF3300FF3333
310
FF3366FF3399FF33CCFF33FFFF6600FF6633FF6666FF6699FF66CCFF66FFFF9900FF9933FF9966FF9999FF99CCFF99FFFFCC00FFCC33FFCC66FFCC99FFCCCCFFCCFFFFFF00FFFF33FFFF66FFFF99FFFFCCFFFFFF0000000D0D0D1A1A1A2828283535354343435050505D5D5D6B6B6B787878868686939393A1A1A1AEAEAEBB
310
BBBBC9C9C9D6D6D6E4E4E4F1F1F1FFFFFF0000000000000000000000000000000000000000000000000000000000002E4550F10000023F4944415478DAED984D72E4200C85B941AEA10DF7DF79E36BE808DAB21FC49F65DC76A7AA533383F2BE7637189454E92109E310000000000000000000F097104AF2382F49C4B50092
310
88E4D1409E0D9675BC9164CB5C57F930E0DA7A13A07752DAB65B83BCF69A029BC7D0EF1D66F5F3A5012975F9C9B10037EE89ED50702E003D1868817018016453E0DE201780B4B56438705703EE0D247CE508A05F2B80FABA6D9C496357F4B70B88BC5A5B238031307FE848007DEAB9C4B5F4C7A15422802FC563718E90E6E6
310
BF9C177718904EE83E20AE76C4EE475DDE9CE2341D7A686C822C394A861EE24C80C0FAB097BD9FABFB104027B6C340DCA5809E853402A6026F72240740DD05BCEC00D3A98F4A01B85D5CE967623FAB6F9FECA41C7A2EAE997909BE7C3FFBD75F78CCAF850E833A2F493C0AF0810100C003F9117F57C2FEC660DF9DBA1FF8C9
310
BFB706CB0B9069FEBD7C2DC0279C46C047062E24F8CC002CC8FE332C2CC07FF45F20C03F4C01EE576FDAE0B9733FB17604708C7A05BDF24DD9EC62A89B5E6C9D6807ECC4B05C5580985D9F89EDA3B2D4AF19A8EDF4F11201AA46CC8B1BCB8FDEF6FEC04E1C032BD700CA1771BFA8D400CA4364529DFA40E9F4967CD400CA19
310
6C0528F7FA16A8B4E525A119A070B4C362E91AC0C47C8A00E5E855C65435636BBBF8D9E82A0019019AAF666016A07D174F81E1FD5D0AD02F4901BA4B01769C02D708A0A9E6BD8980DA3A8A005DD8D3824F45E152038810014B47C08F8008C0711800000000000000000000000000000000000000000000BECD1F0FFEA0F95E
310
22C3790000000049454E44AE426082
  0
ENDSEC
  0
EOF
