  0
SECTION
  2
HEADER
  9
$ACADVER
  1
AC1032
  9
$ACADMAINTVER
 90
       55
  9
$DWGCODEPAGE
  3
ANSI_1252
  9
$LASTSAVEDBY
  1
Wilross
  9
$REQUIREDVERSIONS
160
                 0
  9
$INSBASE
 10
0.0
 20
0.0
 30
0.0
  9
$EXTMIN
 10
0.0000145631292079
 20
0.0000109264724415
 30
0.0
  9
$EXTMAX
 10
5622.107485619585
 20
9442.498444114283
 30
0.0
  9
$LIMMIN
 10
0.0
 20
0.0
  9
$LIMMAX
 10
420.0
 20
297.0
  9
$ORTHOMODE
 70
     0
  9
$REGENMODE
 70
     1
  9
$FILLMODE
 70
     1
  9
$QTEXTMODE
 70
     0
  9
$MIRRTEXT
 70
     0
  9
$LTSCALE
 40
1.0
  9
$ATTMODE
 70
     1
  9
$TEXTSIZE
 40
2.5
  9
$TRACEWID
 40
1.0
  9
$TEXTSTYLE
  7
Standard
  9
$CLAYER
  8
0
  9
$CELTYPE
  6
ByLayer
  9
$CECOLOR
 62
   256
  9
$CELTSCALE
 40
1.0
  9
$DISPSILH
 70
     0
  9
$DIMSCALE
 40
1.0
  9
$DIMASZ
 40
2.5
  9
$DIMEXO
 40
0.625
  9
$DIMDLI
 40
3.75
  9
$DIMRND
 40
0.0
  9
$DIMDLE
 40
0.0
  9
$DIMEXE
 40
1.25
  9
$DIMTP
 40
0.0
  9
$DIMTM
 40
0.0
  9
$DIMTXT
 40
2.5
  9
$DIMCEN
 40
2.5
  9
$DIMTSZ
 40
0.0
  9
$DIMTOL
 70
     0
  9
$DIMLIM
 70
     0
  9
$DIMTIH
 70
     0
  9
$DIMTOH
 70
     0
  9
$DIMSE1
 70
     0
  9
$DIMSE2
 70
     0
  9
$DIMTAD
 70
     1
  9
$DIMZIN
 70
     8
  9
$DIMBLK
  1

  9
$DIMASO
 70
     1
  9
$DIMSHO
 70
     1
  9
$DIMPOST
  1

  9
$DIMAPOST
  1

  9
$DIMALT
 70
     0
  9
$DIMALTD
 70
     3
  9
$DIMALTF
 40
0.03937007874016
  9
$DIMLFAC
 40
1.0
  9
$DIMTOFL
 70
     1
  9
$DIMTVP
 40
0.0
  9
$DIMTIX
 70
     0
  9
$DIMSOXD
 70
     0
  9
$DIMSAH
 70
     0
  9
$DIMBLK1
  1

  9
$DIMBLK2
  1

  9
$DIMSTYLE
  2
ISO-25
  9
$DIMCLRD
 70
     0
  9
$DIMCLRE
 70
     0
  9
$DIMCLRT
 70
     0
  9
$DIMTFAC
 40
1.0
  9
$DIMGAP
 40
0.625
  9
$DIMJUST
 70
     0
  9
$DIMSD1
 70
     0
  9
$DIMSD2
 70
     0
  9
$DIMTOLJ
 70
     0
  9
$DIMTZIN
 70
     8
  9
$DIMALTZ
 70
     0
  9
$DIMALTTZ
 70
     0
  9
$DIMUPT
 70
     0
  9
$DIMDEC
 70
     2
  9
$DIMTDEC
 70
     2
  9
$DIMALTU
 70
     2
  9
$DIMALTTD
 70
     3
  9
$DIMTXSTY
  7
Standard
  9
$DIMAUNIT
 70
     0
  9
$DIMADEC
 70
     0
  9
$DIMALTRND
 40
0.0
  9
$DIMAZIN
 70
     0
  9
$DIMDSEP
 70
    44
  9
$DIMATFIT
 70
     3
  9
$DIMFRAC
 70
     0
  9
$DIMLDRBLK
  1

  9
$DIMLUNIT
 70
     2
  9
$DIMLWD
 70
    -2
  9
$DIMLWE
 70
    -2
  9
$DIMTMOVE
 70
     0
  9
$DIMFXL
 40
1.0
  9
$DIMFXLON
 70
     0
  9
$DIMJOGANG
 40
0.7853981633974483
  9
$DIMTFILL
 70
     0
  9
$DIMTFILLCLR
 70
     0
  9
$DIMARCSYM
 70
     0
  9
$DIMLTYPE
  6

  9
$DIMLTEX1
  6

  9
$DIMLTEX2
  6

  9
$DIMTXTDIRECTION
 70
     0
  9
$LUNITS
 70
     2
  9
$LUPREC
 70
     4
  9
$SKETCHINC
 40
1.0
  9
$FILLETRAD
 40
0.0
  9
$AUNITS
 70
     0
  9
$AUPREC
 70
     0
  9
$MENU
  1
.
  9
$ELEVATION
 40
0.0
  9
$PELEVATION
 40
0.0
  9
$THICKNESS
 40
0.0
  9
$LIMCHECK
 70
     0
  9
$CHAMFERA
 40
0.0
  9
$CHAMFERB
 40
0.0
  9
$CHAMFERC
 40
0.0
  9
$CHAMFERD
 40
0.0
  9
$SKPOLY
 70
     0
  9
$TDCREATE
 40
2461273.580312500
  9
$TDUCREATE
 40
2461273.246979167
  9
$TDUPDATE
 40
2461273.580844907
  9
$TDUUPDATE
 40
2461273.247511574
  9
$TDINDWG
 40
0.0005324074
  9
$TDUSRTIMER
 40
0.0005324074
  9
$USRTIMER
 70
     1
  9
$ANGBASE
 50
0.0
  9
$ANGDIR
 70
     0
  9
$PDMODE
 70
     0
  9
$PDSIZE
 40
0.0
  9
$PLINEWID
 40
0.0
  9
$SPLFRAME
 70
     0
  9
$SPLINETYPE
 70
     6
  9
$SPLINESEGS
 70
     8
  9
$HANDSEED
  5
B7B
  9
$SURFTAB1
 70
     6
  9
$SURFTAB2
 70
     6
  9
$SURFTYPE
 70
     6
  9
$SURFU
 70
     6
  9
$SURFV
 70
     6
  9
$UCSBASE
  2

  9
$UCSNAME
  2

  9
$UCSORG
 10
0.0
 20
0.0
 30
0.0
  9
$UCSXDIR
 10
1.0
 20
0.0
 30
0.0
  9
$UCSYDIR
 10
0.0
 20
1.0
 30
0.0
  9
$UCSORTHOREF
  2

  9
$UCSORTHOVIEW
 70
     0
  9
$UCSORGTOP
 10
0.0
 20
0.0
 30
0.0
  9
$UCSORGBOTTOM
 10
0.0
 20
0.0
 30
0.0
  9
$UCSORGLEFT
 10
0.0
 20
0.0
 30
0.0
  9
$UCSORGRIGHT
 10
0.0
 20
0.0
 30
0.0
  9
$UCSORGFRONT
 10
0.0
 20
0.0
 30
0.0
  9
$UCSORGBACK
 10
0.0
 20
0.0
 30
0.0
  9
$PUCSBASE
  2

  9
$PUCSNAME
  2

  9
$PUCSORG
 10
0.0
 20
0.0
 30
0.0
  9
$PUCSXDIR
 10
1.0
 20
0.0
 30
0.0
  9
$PUCSYDIR
 10
0.0
 20
1.0
 30
0.0
  9
$PUCSORTHOREF
  2

  9
$PUCSORTHOVIEW
 70
     0
  9
$PUCSORGTOP
 10
0.0
 20
0.0
 30
0.0
  9
$PUCSORGBOTTOM
 10
0.0
 20
0.0
 30
0.0
  9
$PUCSORGLEFT
 10
0.0
 20
0.0
 30
0.0
  9
$PUCSORGRIGHT
 10
0.0
 20
0.0
 30
0.0
  9
$PUCSORGFRONT
 10
0.0
 20
0.0
 30
0.0
  9
$PUCSORGBACK
 10
0.0
 20
0.0
 30
0.0
  9
$USERI1
 70
     0
  9
$USERI2
 70
     0
  9
$USERI3
 70
     0
  9
$USERI4
 70
     0
  9
$USERI5
 70
     0
  9
$USERR1
 40
0.0
  9
$USERR2
 40
0.0
  9
$USERR3
 40
0.0
  9
$USERR4
 40
0.0
  9
$USERR5
 40
0.0
  9
$WORLDVIEW
 70
     1
  9
$SHADEDGE
 70
     3
  9
$SHADEDIF
 70
    70
  9
$TILEMODE
 70
     1
  9
$MAXACTVP
 70
    64
  9
$PINSBASE
 10
0.0
 20
0.0
 30
0.0
  9
$PLIMCHECK
 70
     0
  9
$PEXTMIN
 10
0.0
 20
0.0
 30
0.0
  9
$PEXTMAX
 10
0.0
 20
0.0
 30
0.0
  9
$PLIMMIN
 10
0.0
 20
0.0
  9
$PLIMMAX
 10
12.0
 20
9.0
  9
$UNITMODE
 70
     0
  9
$VISRETAIN
 70
     1
  9
$PLINEGEN
 70
     0
  9
$PSLTSCALE
 70
     1
  9
$TREEDEPTH
 70
  3020
  9
$CMLSTYLE
  2
Standard
  9
$CMLJUST
 70
     0
  9
$CMLSCALE
 40
20.0
  9
$PROXYGRAPHICS
 70
     1
  9
$MEASUREMENT
 70
     1
  9
$CELWEIGHT
370
    -1
  9
$ENDCAPS
280
     0
  9
$JOINSTYLE
280
     0
  9
$LWDISPLAY
290
     0
  9
$INSUNITS
 70
     4
  9
$HYPERLINKBASE
  1

  9
$STYLESHEET
  1

  9
$XEDIT
290
     1
  9
$CEPSNTYPE
380
     0
  9
$PSTYLEMODE
290
     1
  9
$FINGERPRINTGUID
  2
{ABE55AC5-9099-694C-AE33-A162EE328542}
  9
$VERSIONGUID
  2
{32E1D3B4-2179-BA4B-9152-8D30D6E92FF5}
  9
$EXTNAMES
290
     1
  9
$PSVPSCALE
 40
0.0
  9
$OLESTARTUP
290
     0
  9
$SORTENTS
280
   127
  9
$INDEXCTL
280
     0
  9
$HIDETEXT
280
     1
  9
$XCLIPFRAME
280
     2
  9
$HALOGAP
280
     0
  9
$OBSCOLOR
 70
   257
  9
$OBSLTYPE
280
     0
  9
$INTERSECTIONDISPLAY
280
     0
  9
$INTERSECTIONCOLOR
 70
   257
  9
$DIMASSOC
280
     2
  9
$PROJECTNAME
  1

  9
$CAMERADISPLAY
290
     0
  9
$LENSLENGTH
 40
50.0
  9
$CAMERAHEIGHT
 40
0.0
  9
$STEPSPERSEC
 40
2.0
  9
$STEPSIZE
 40
6.0
  9
$3DDWFPREC
 40
2.0
  9
$PSOLWIDTH
 40
5.0
  9
$PSOLHEIGHT
 40
80.0
  9
$LOFTANG1
 40
1.570796326794896
  9
$LOFTANG2
 40
1.570796326794896
  9
$LOFTMAG1
 40
0.0
  9
$LOFTMAG2
 40
0.0
  9
$LOFTPARAM
 70
     7
  9
$LOFTNORMALS
280
     1
  9
$LATITUDE
 40
37.795
  9
$LONGITUDE
 40
-122.394
  9
$NORTHDIRECTION
 40
0.0
  9
$TIMEZONE
 70
 -8000
  9
$LIGHTGLYPHDISPLAY
280
     1
  9
$TILEMODELIGHTSYNCH
280
     1
  9
$CMATERIAL
347
EC
  9
$SOLIDHIST
280
     0
  9
$SHOWHIST
280
     1
  9
$DWFFRAME
280
     2
  9
$DGNFRAME
280
     0
  9
$REALWORLDSCALE
290
     1
  9
$INTERFERECOLOR
 62
     1
  9
$INTERFEREOBJVS
345
F9
  9
$INTERFEREVPVS
346
F6
  9
$CSHADOW
280
     0
  9
$SHADOWPLANELOCATION
 40
0.0
  0
ENDSEC
  0
SECTION
  2
CLASSES
  0
CLASS
  1
ACDBDICTIONARYWDFLT
  2
AcDbDictionaryWithDefault
  3
ObjectDBX Classes
 90
        0
 91
        1
280
     0
281
     0
  0
CLASS
  1
DICTIONARYVAR
  2
AcDbDictionaryVar
  3
ObjectDBX Classes
 90
        0
 91
       11
280
     0
281
     0
  0
CLASS
  1
TABLESTYLE
  2
AcDbTableStyle
  3
ObjectDBX Classes
 90
     4095
 91
        1
280
     0
281
     0
  0
CLASS
  1
MATERIAL
  2
AcDbMaterial
  3
ObjectDBX Classes
 90
     1153
 91
        3
280
     0
281
     0
  0
CLASS
  1
VISUALSTYLE
  2
AcDbVisualStyle
  3
ObjectDBX Classes
 90
     4095
 91
       24
280
     0
281
     0
  0
CLASS
  1
SCALE
  2
AcDbScale
  3
ObjectDBX Classes
 90
     1153
 91
       18
280
     0
281
     0
  0
CLASS
  1
MLEADERSTYLE
  2
AcDbMLeaderStyle
  3
ACDB_MLEADERSTYLE_CLASS
 90
     4095
 91
        2
280
     0
281
     0
  0
CLASS
  1
CELLSTYLEMAP
  2
AcDbCellStyleMap
  3
ObjectDBX Classes
 90
     1152
 91
        1
280
     0
281
     0
  0
CLASS
  1
EXACXREFPANELOBJECT
  2
ExAcXREFPanelObject
  3
EXAC_ESW
 90
     1025
 91
        0
280
     0
281
     0
  0
CLASS
  1
NPOCOLLECTION
  2
AcDbImpNonPersistentObjectsCollection
  3
ObjectDBX Classes
 90
     1153
 91
        0
280
     0
281
     0
  0
CLASS
  1
LAYER_INDEX
  2
AcDbLayerIndex
  3
ObjectDBX Classes
 90
        0
 91
        0
280
     0
281
     0
  0
CLASS
  1
SPATIAL_INDEX
  2
AcDbSpatialIndex
  3
ObjectDBX Classes
 90
        0
 91
        0
280
     0
281
     0
  0
CLASS
  1
IDBUFFER
  2
AcDbIdBuffer
  3
ObjectDBX Classes
 90
        0
 91
        0
280
     0
281
     0
  0
CLASS
  1
ACDBSECTIONVIEWSTYLE
  2
AcDbSectionViewStyle
  3
ObjectDBX Classes
 90
     1025
 91
        2
280
     0
281
     0
  0
CLASS
  1
ACDBDETAILVIEWSTYLE
  2
AcDbDetailViewStyle
  3
ObjectDBX Classes
 90
     1025
 91
        2
280
     0
281
     0
  0
CLASS
  1
SORTENTSTABLE
  2
AcDbSortentsTable
  3
ObjectDBX Classes
 90
        0
 91
        1
280
     0
281
     0
  0
ENDSEC
  0
SECTION
  2
TABLES
  0
TABLE
  2
VPORT
  5
8
330
0
100
AcDbSymbolTable
 70
     1
  0
VPORT
  5
EA
330
8
100
AcDbSymbolTableRecord
100
AcDbViewportTableRecord
  2
*Active
 70
     0
 10
0.0
 20
0.0
 11
1.0
 21
1.0
 12
2842.553477590962
 22
909.2647305166652
 13
0.0
 23
0.0
 14
10.0
 24
10.0
 15
10.0
 25
10.0
 16
0.0
 26
0.0
 36
1.0
 17
0.0
 27
0.0
 37
0.0
 40
2639.376038504511
 41
2.575067024128686
 42
50.0
 43
0.0
 44
0.0
 50
0.0
 51
0.0
 71
     0
 72
  1000
 73
     1
 74
     3
 75
     0
 76
     1
 77
     0
 78
     0
281
     0
 65
     1
110
0.0
120
0.0
130
0.0
111
1.0
121
0.0
131
0.0
112
0.0
122
1.0
132
0.0
 79
     0
146
0.0
348
F5
 60
     3
 61
     5
292
     1
282
     1
141
0.0
142
0.0
 63
   250
421
  3355443
1001
ACAD_NAV_VCDISPLAY
1070
     3
  0
ENDTAB
  0
TABLE
  2
LTYPE
  5
5
330
0
100
AcDbSymbolTable
 70
     4
  0
LTYPE
  5
14
330
5
100
AcDbSymbolTableRecord
100
AcDbLinetypeTableRecord
  2
ByBlock
 70
     0
  3

 72
    65
 73
     0
 40
0.0
  0
LTYPE
  5
15
330
5
100
AcDbSymbolTableRecord
100
AcDbLinetypeTableRecord
  2
ByLayer
 70
     0
  3

 72
    65
 73
     0
 40
0.0
  0
LTYPE
  5
16
330
5
100
AcDbSymbolTableRecord
100
AcDbLinetypeTableRecord
  2
Continuous
 70
     0
  3
Solid line
 72
    65
 73
     0
 40
0.0
  0
LTYPE
  5
3D4
330
5
100
AcDbSymbolTableRecord
100
AcDbLinetypeTableRecord
  2
HIDDEN
 70
     0
  3
__ __ __ __ __ __ __ __ __ __ __ __ __ __ __ __
 72
    65
 73
     2
 40
0.375
 49
0.25
 74
     0
 49
-0.125
 74
     0
  0
LTYPE
  5
3D5
330
5
100
AcDbSymbolTableRecord
100
AcDbLinetypeTableRecord
  2
PHANTOM
 70
     0
  3
______  __  __  ______  __  __  ______  __  __ 
 72
    65
 73
     6
 40
2.5
 49
1.25
 74
     0
 49
-0.25
 74
     0
 49
0.25
 74
     0
 49
-0.25
 74
     0
 49
0.25
 74
     0
 49
-0.25
 74
     0
  0
LTYPE
  5
3D6
330
5
100
AcDbSymbolTableRecord
100
AcDbLinetypeTableRecord
  2
CENTER2
 70
     0
  3
Center (.5x) ___ _ ___ _ ___ _ ___ _ ___ _ ___
 72
    65
 73
     4
 40
1.125
 49
0.75
 74
     0
 49
-0.125
 74
     0
 49
0.125
 74
     0
 49
-0.125
 74
     0
  0
ENDTAB
  0
TABLE
  2
LAYER
  5
2
102
{ACAD_XDICTIONARY
360
1FF
102
}
330
0
100
AcDbSymbolTable
 70
    24
  0
LAYER
  5
10
102
{ACAD_XDICTIONARY
360
13C
102
}
330
2
100
AcDbSymbolTableRecord
100
AcDbLayerTableRecord
  2
0
 70
     0
 62
     7
  6
Continuous
370
    -3
390
F
347
EE
348
0
  0
LAYER
  5
3D7
330
2
100
AcDbSymbolTableRecord
100
AcDbLayerTableRecord
  2
1R
 70
     0
 62
     1
  6
Continuous
370
    -3
390
F
347
EE
348
0
  0
LAYER
  5
3D8
330
2
100
AcDbSymbolTableRecord
100
AcDbLayerTableRecord
  2
4C
 70
     0
 62
     4
  6
Continuous
370
    -3
390
F
347
EE
348
0
  0
LAYER
  5
3D9
330
2
100
AcDbSymbolTableRecord
100
AcDbLayerTableRecord
  2
TG
 70
     0
 62
     3
  6
Continuous
370
    -3
390
F
347
EE
348
0
  0
LAYER
  5
3DA
330
2
100
AcDbSymbolTableRecord
100
AcDbLayerTableRecord
  2
DEFPOINTS
 70
     0
 62
     7
  6
Continuous
290
     0
370
    -3
390
F
347
EE
348
0
  0
LAYER
  5
3DB
330
2
100
AcDbSymbolTableRecord
100
AcDbLayerTableRecord
  2
8G
 70
     0
 62
     8
  6
Continuous
370
    -3
390
F
347
EE
348
0
  0
LAYER
  5
3DC
330
2
100
AcDbSymbolTableRecord
100
AcDbLayerTableRecord
  2
TITLE
 70
     0
 62
     7
  6
Continuous
370
    -3
390
F
347
EE
348
0
  0
LAYER
  5
3DD
330
2
100
AcDbSymbolTableRecord
100
AcDbLayerTableRecord
  2
HATCH
 70
     0
 62
     1
  6
Continuous
370
    -3
390
F
347
EE
348
0
  0
LAYER
  5
3DE
330
2
100
AcDbSymbolTableRecord
100
AcDbLayerTableRecord
  2
wall
 70
     0
 62
     3
  6
Continuous
370
    -3
390
F
347
EE
348
0
1001
AcAecLayerStandard
1000

1000

  0
LAYER
  5
3DF
102
{ACAD_XDICTIONARY
360
3E0
102
}
330
2
100
AcDbSymbolTableRecord
100
AcDbLayerTableRecord
  2
TEXT
 70
     0
 62
     3
  6
Continuous
370
    -3
390
F
347
EE
348
0
  0
LAYER
  5
3E1
330
2
100
AcDbSymbolTableRecord
100
AcDbLayerTableRecord
  2
CALLOUT
 70
     0
 62
     2
  6
Continuous
370
    -3
390
F
347
EE
348
0
  0
LAYER
  5
3E2
330
2
100
AcDbSymbolTableRecord
100
AcDbLayerTableRecord
  2
S-BOLT
 70
     0
 62
     2
  6
Continuous
370
    -3
390
F
347
EE
348
0
  0
LAYER
  5
3E3
330
2
100
AcDbSymbolTableRecord
100
AcDbLayerTableRecord
  2
S-MCUT
 70
     0
 62
     1
  6
Continuous
370
    -3
390
F
347
EE
348
0
  0
LAYER
  5
3E4
330
2
100
AcDbSymbolTableRecord
100
AcDbLayerTableRecord
  2
S-CNTR
 70
     0
 62
     8
  6
CENTER2
370
    -3
390
F
347
EE
348
0
  0
LAYER
  5
3E5
330
2
100
AcDbSymbolTableRecord
100
AcDbLayerTableRecord
  2
S-PRLN-SECT
 70
     0
 62
     5
  6
Continuous
370
    -3
390
F
347
EE
348
0
  0
LAYER
  5
3E6
330
2
100
AcDbSymbolTableRecord
100
AcDbLayerTableRecord
  2
S-SGRD
 70
     0
 62
     2
  6
Continuous
370
    -3
390
F
347
EE
348
0
  0
LAYER
  5
3E7
330
2
100
AcDbSymbolTableRecord
100
AcDbLayerTableRecord
  2
S-HOLE
 70
     0
 62
     2
  6
Continuous
370
    -3
390
F
347
EE
348
0
  0
LAYER
  5
3E8
330
2
100
AcDbSymbolTableRecord
100
AcDbLayerTableRecord
  2
S-ANNO-DIMS
 70
     0
 62
     1
  6
Continuous
370
    -3
390
F
347
EE
348
0
  0
LAYER
  5
3E9
330
2
100
AcDbSymbolTableRecord
100
AcDbLayerTableRecord
  2
S-ANNO-TEXT
 70
     0
 62
     3
  6
Continuous
370
    -3
390
F
347
EE
348
0
  0
LAYER
  5
3EA
330
2
100
AcDbSymbolTableRecord
100
AcDbLayerTableRecord
  2
S-BEAM-CONC
 70
     0
 62
     3
  6
Continuous
370
    -3
390
F
347
EE
348
0
  0
LAYER
  5
3EB
330
2
100
AcDbSymbolTableRecord
100
AcDbLayerTableRecord
  2
S-PRLN-PATT
 70
     0
 62
     8
  6
Continuous
370
    -3
390
F
347
EE
348
0
  0
LAYER
  5
3EC
330
2
100
AcDbSymbolTableRecord
100
AcDbLayerTableRecord
  2
S-PLTE
 70
     0
 62
     3
  6
Continuous
370
    -3
390
F
347
EE
348
0
  0
LAYER
  5
3ED
330
2
100
AcDbSymbolTableRecord
100
AcDbLayerTableRecord
  2
S-BEAM-CONC-PATT
 70
     0
 62
   181
  6
Continuous
370
    -3
390
F
347
EE
348
0
  0
LAYER
  5
3EE
330
2
100
AcDbSymbolTableRecord
100
AcDbLayerTableRecord
  2
S-TRUS
 70
     0
 62
     5
  6
Continuous
370
    -3
390
F
347
EE
348
0
  0
ENDTAB
  0
TABLE
  2
STYLE
  5
3
330
0
100
AcDbSymbolTable
 70
     5
  0
STYLE
  5
11
330
3
100
AcDbSymbolTableRecord
100
AcDbTextStyleTableRecord
  2
Standard
 70
     0
 40
0.0
 41
1.0
 50
0.0
 71
     0
 42
2.5
  3
arial.ttf
  4

1001
ACAD
1000
Arial
1071
       34
  0
STYLE
  5
132
330
3
100
AcDbSymbolTableRecord
100
AcDbTextStyleTableRecord
  2
Annotative
 70
     0
 40
0.0
 41
1.0
 50
0.0
 71
     0
 42
2.5
  3
arial.ttf
  4

1001
AcadAnnotative
1000
AnnotativeData
1002
{
1070
     1
1070
     1
1002
}
1001
ACAD
1000
Arial
1071
       34
  0
STYLE
  5
3EF
330
3
100
AcDbSymbolTableRecord
100
AcDbTextStyleTableRecord
  2
ROMANS
 70
     0
 40
0.0
 41
0.9
 50
0.0
 71
     0
 42
0.2
  3
romans.shx
  4

  0
STYLE
  5
3F0
330
3
100
AcDbSymbolTableRecord
100
AcDbTextStyleTableRecord
  2
SIMPLEX
 70
     0
 40
0.0
 41
0.7
 50
0.0
 71
     0
 42
1.0
  3
SIMPLEX.SHX
  4

  0
STYLE
  5
3F1
330
3
100
AcDbSymbolTableRecord
100
AcDbTextStyleTableRecord
  2
2T-10
 70
     0
 40
25.0
 41
0.8
 50
0.0
 71
     0
 42
25.0
  3
romans.shx
  4

  0
ENDTAB
  0
TABLE
  2
VIEW
  5
6
330
0
100
AcDbSymbolTable
 70
     0
  0
ENDTAB
  0
TABLE
  2
UCS
  5
7
330
0
100
AcDbSymbolTable
 70
     0
  0
ENDTAB
  0
TABLE
  2
APPID
  5
9
330
0
100
AcDbSymbolTable
 70
     9
  0
APPID
  5
12
330
9
100
AcDbSymbolTableRecord
100
AcDbRegAppTableRecord
  2
ACAD
 70
     0
  0
APPID
  5
9E
330
9
100
AcDbSymbolTableRecord
100
AcDbRegAppTableRecord
  2
ACAD_PSEXT
 70
     0
  0
APPID
  5
133
330
9
100
AcDbSymbolTableRecord
100
AcDbRegAppTableRecord
  2
AcadAnnoPO
 70
     0
  0
APPID
  5
134
330
9
100
AcDbSymbolTableRecord
100
AcDbRegAppTableRecord
  2
AcadAnnotative
 70
     0
  0
APPID
  5
135
330
9
100
AcDbSymbolTableRecord
100
AcDbRegAppTableRecord
  2
ACAD_DSTYLE_DIMJAG
 70
     0
  0
APPID
  5
136
330
9
100
AcDbSymbolTableRecord
100
AcDbRegAppTableRecord
  2
ACAD_DSTYLE_DIMTALN
 70
     0
  0
APPID
  5
165
330
9
100
AcDbSymbolTableRecord
100
AcDbRegAppTableRecord
  2
ACAD_MLEADERVER
 70
     0
  0
APPID
  5
217
330
9
100
AcDbSymbolTableRecord
100
AcDbRegAppTableRecord
  2
ACAD_NAV_VCDISPLAY
 70
     0
  0
APPID
  5
3FB
330
9
100
AcDbSymbolTableRecord
100
AcDbRegAppTableRecord
  2
AcAecLayerStandard
 70
     0
  0
ENDTAB
  0
TABLE
  2
DIMSTYLE
  5
A
330
0
100
AcDbSymbolTable
 70
    12
100
AcDbDimStyleTable
 71
     2
340
27
340
137
  0
DIMSTYLE
105
1B0
330
A
100
AcDbSymbolTableRecord
100
AcDbDimStyleTableRecord
  2
Standard
 70
     0
340
11
  0
DIMSTYLE
105
137
330
A
100
AcDbSymbolTableRecord
100
AcDbDimStyleTableRecord
  2
Annotative
 70
     0
 40
0.0
 41
2.5
 42
0.625
 43
3.75
 44
1.25
 73
     0
 74
     0
 77
     1
 78
     8
140
2.5
141
2.5
143
0.03937007874016
147
0.625
171
     3
172
     1
271
     2
272
     2
274
     3
278
    44
283
     0
284
     8
340
11
1001
AcadAnnotative
1000
AnnotativeData
1002
{
1070
     1
1070
     1
1002
}
1001
ACAD_DSTYLE_DIMJAG
1070
   388
1040
1.5
1001
ACAD_DSTYLE_DIMTALN
1070
   392
1070
     0
  0
DIMSTYLE
105
27
330
A
100
AcDbSymbolTableRecord
100
AcDbDimStyleTableRecord
  2
ISO-25
 70
     0
 41
2.5
 42
0.625
 43
3.75
 44
1.25
 73
     0
 74
     0
 77
     1
 78
     8
140
2.5
141
2.5
143
0.03937007874016
147
0.625
171
     3
172
     1
271
     2
272
     2
274
     3
278
    44
283
     0
284
     8
340
11
  0
DIMSTYLE
105
3F2
330
A
100
AcDbSymbolTableRecord
100
AcDbDimStyleTableRecord
  2
DIM100
 70
     0
 40
100.0
 41
2.5
 42
1.0
 43
5.0
 44
1.0
 73
     0
 74
     0
 77
     1
140
2.5
141
1.0
147
1.0
176
     8
177
     8
178
     3
271
     0
272
     0
340
3EF
342
27F
  0
DIMSTYLE
105
3F3
330
A
100
AcDbSymbolTableRecord
100
AcDbDimStyleTableRecord
  2
DIM10
 70
     0
 40
10.0
 41
2.5
 42
1.0
 43
5.0
 44
1.0
 73
     0
 74
     0
 77
     1
140
2.5
141
1.0
147
1.0
176
     8
177
     8
178
     3
271
     0
272
     0
340
3EF
342
27F
  0
DIMSTYLE
105
3F4
330
A
100
AcDbSymbolTableRecord
100
AcDbDimStyleTableRecord
  2
DIM15
 70
     0
 40
15.0
 41
2.5
 42
1.0
 43
5.0
 44
1.0
 73
     0
 74
     0
 77
     1
140
2.5
141
1.0
147
1.0
176
     8
177
     8
178
     3
271
     0
272
     0
340
3EF
342
27F
  0
DIMSTYLE
105
3F5
102
{ACAD_REACTORS
330
5C0
330
5DF
330
5E0
330
5E1
330
5E3
330
5E5
330
5E7
330
5E9
330
5EB
330
5EE
330
629
330
62B
330
66C
330
66E
330
670
330
672
330
674
330
676
330
678
330
679
330
68E
330
68F
330
6B5
330
6B7
330
8D1
330
8F0
330
8F1
330
8F2
330
8F4
330
8F6
330
8F8
330
8FA
330
8FC
330
8FF
330
93A
330
93C
330
97D
330
97F
330
981
330
983
330
985
330
987
330
989
330
98A
330
99F
330
9A0
330
9C6
330
9C8
102
}
330
A
100
AcDbSymbolTableRecord
100
AcDbDimStyleTableRecord
  2
DIM20
 70
     0
 40
20.0
 41
2.5
 42
1.0
 43
5.0
 44
1.0
 73
     0
 74
     0
 77
     1
140
2.5
141
1.0
147
1.0
176
     8
177
     8
178
     3
271
     0
272
     0
340
3EF
342
27F
  0
DIMSTYLE
105
3F6
330
A
100
AcDbSymbolTableRecord
100
AcDbDimStyleTableRecord
  2
DIM125
 70
     0
 40
125.0
 41
2.5
 42
1.0
 43
5.0
 44
1.0
 73
     0
 74
     0
 77
     1
140
2.5
141
1.0
147
1.0
176
     8
177
     8
178
     3
271
     0
272
     0
340
3EF
342
27F
  0
DIMSTYLE
105
3F7
330
A
100
AcDbSymbolTableRecord
100
AcDbDimStyleTableRecord
  2
DIM150
 70
     0
 40
150.0
 41
2.5
 42
1.0
 43
5.0
 44
1.0
 73
     0
 74
     0
 77
     1
140
2.5
141
1.0
147
1.0
176
     8
177
     8
178
     3
271
     0
272
     0
340
3EF
342
27F
  0
DIMSTYLE
105
3F8
330
A
100
AcDbSymbolTableRecord
100
AcDbDimStyleTableRecord
  2
DIM75
 70
     0
 40
75.0
 41
2.5
 42
1.0
 43
5.0
 44
1.0
 73
     0
 74
     0
 77
     1
140
2.5
141
1.0
147
1.0
176
     8
177
     8
178
     3
271
     0
272
     0
340
3EF
342
27F
  0
DIMSTYLE
105
3F9
330
A
100
AcDbSymbolTableRecord
100
AcDbDimStyleTableRecord
  2
LD
 70
     0
 41
0.4
 42
0.0
 43
0.35
 44
0.15
 73
     0
 74
     0
140
0.25
141
0.1
147
0.1
172
     1
176
     2
177
     2
178
     2
279
     2
340
11
  0
DIMSTYLE
105
3FA
330
A
100
AcDbSymbolTableRecord
100
AcDbDimStyleTableRecord
  2
Copy of LD
 70
     0
 41
0.4
 42
0.0
 43
0.35
 44
0.15
 73
     0
 74
     0
140
0.25
141
0.1
147
0.1
172
     1
176
     2
177
     2
178
     2
279
     2
340
11
341
291
342
291
343
28C
344
291
  0
ENDTAB
  0
TABLE
  2
BLOCK_RECORD
  5
1
330
0
100
AcDbSymbolTable
 70
    57
  0
BLOCK_RECORD
  5
1F
102
{ACAD_XDICTIONARY
360
1CE
102
}
330
1
100
AcDbSymbolTableRecord
100
AcDbBlockTableRecord
  2
*Model_Space
340
22
 70
     0
280
     1
281
     0
  0
BLOCK_RECORD
  5
D2
330
1
100
AcDbSymbolTableRecord
100
AcDbBlockTableRecord
  2
*Paper_Space
340
D3
 70
     0
280
     1
281
     0
  0
BLOCK_RECORD
  5
D6
330
1
100
AcDbSymbolTableRecord
100
AcDbBlockTableRecord
  2
*Paper_Space0
340
D7
 70
     0
280
     1
281
     0
  0
BLOCK_RECORD
  5
27F
330
1
100
AcDbSymbolTableRecord
100
AcDbBlockTableRecord
  2
DIM1
340
0
102
{BLKREFS
331
2A3
331
2A4
331
2AF
331
A5E
331
A5F
331
A67
331
A68
331
A71
331
A72
331
A7E
331
A7F
331
A8A
331
A8B
331
A97
331
A98
331
AA4
331
AA5
331
AB1
331
AB2
331
ABE
331
ABF
331
ACA
331
ACB
331
AD7
331
AD8
331
AE4
331
AE5
331
AF0
331
AF1
331
AFD
331
AFE
331
B09
331
B0A
331
B15
331
B16
331
B22
331
B23
331
B2F
331
B30
331
B38
331
B39
331
B44
331
B45
331
B4E
331
B4F
331
B5A
331
B5B
331
B67
331
B68
331
B73
331
B74
331
2B0
331
2BC
331
2BD
331
2C8
331
2C9
331
2D5
331
2D6
331
2E2
331
2E3
331
2EE
331
2EF
331
2FB
331
2FC
331
308
331
309
331
315
331
316
331
322
331
323
331
32E
331
32F
331
33B
331
33C
331
348
331
349
331
354
331
355
331
361
331
362
331
36D
331
36E
331
379
331
37A
331
386
331
387
331
393
331
394
331
39F
331
3A0
331
3AB
331
3AC
331
3B8
331
3B9
331
3C4
331
3C5
102
}
 70
     1
280
     1
281
     0
  0
BLOCK_RECORD
  5
284
330
1
100
AcDbSymbolTableRecord
100
AcDbBlockTableRecord
  2
S-BOLT
340
0
102
{BLKREFS
331
8DE
331
8DF
331
8E0
331
8E1
331
972
331
973
102
}
 70
     0
280
     1
281
     0
  0
BLOCK_RECORD
  5
28C
330
1
100
AcDbSymbolTableRecord
100
AcDbBlockTableRecord
  2
_Dot
340
0
 70
     0
280
     1
281
     0
  0
BLOCK_RECORD
  5
291
330
1
100
AcDbSymbolTableRecord
100
AcDbBlockTableRecord
  2
_DotSmall
340
0
 70
     0
280
     1
281
     0
  0
BLOCK_RECORD
  5
295
330
1
100
AcDbSymbolTableRecord
100
AcDbBlockTableRecord
  2
S-CIRCUT
340
0
310
2800000020000000200000000100080000000000000400000000000000000000000000000000000000000000000080000080000000808000800000008000800080800000C0C0C000C0DCC000F0CAA6000020400000206000002080000020A0000020C0000020E00000400000004020000040400000406000004080000040A0
310
000040C0000040E00000600000006020000060400000606000006080000060A0000060C0000060E00000800000008020000080400000806000008080000080A0000080C0000080E00000A0000000A0200000A0400000A0600000A0800000A0A00000A0C00000A0E00000C0000000C0200000C0400000C0600000C0800000C0
310
A00000C0C00000C0E00000E0000000E0200000E0400000E0600000E0800000E0A00000E0C00000E0E00040000000400020004000400040006000400080004000A0004000C0004000E00040200000402020004020400040206000402080004020A0004020C0004020E000404000004040200040404000404060004040800040
310
40A0004040C0004040E00040600000406020004060400040606000406080004060A0004060C0004060E00040800000408020004080400040806000408080004080A0004080C0004080E00040A0000040A0200040A0400040A0600040A0800040A0A00040A0C00040A0E00040C0000040C0200040C0400040C0600040C08000
310
40C0A00040C0C00040C0E00040E0000040E0200040E0400040E0600040E0800040E0A00040E0C00040E0E00080000000800020008000400080006000800080008000A0008000C0008000E00080200000802020008020400080206000802080008020A0008020C0008020E00080400000804020008040400080406000804080
310
008040A0008040C0008040E00080600000806020008060400080606000806080008060A0008060C0008060E00080800000808020008080400080806000808080008080A0008080C0008080E00080A0000080A0200080A0400080A0600080A0800080A0A00080A0C00080A0E00080C0000080C0200080C0400080C0600080C0
310
800080C0A00080C0C00080C0E00080E0000080E0200080E0400080E0600080E0800080E0A00080E0C00080E0E000C0000000C0002000C0004000C0006000C0008000C000A000C000C000C000E000C0200000C0202000C0204000C0206000C0208000C020A000C020C000C020E000C0400000C0402000C0404000C0406000C0
310
408000C040A000C040C000C040E000C0600000C0602000C0604000C0606000C0608000C060A000C060C000C060E000C0800000C0802000C0804000C0806000C0808000C080A000C080C000C080E000C0A00000C0A02000C0A04000C0A06000C0A08000C0A0A000C0A0C000C0A0E000C0C00000C0C02000C0C04000C0C06000
310
C0C08000C0C0A000F0FBFF00A4A0A000808080000000FF0000FF000000FFFF00FF000000FF00FF00FFFF0000FFFFFF0000000000000000000000000000000000000000000000000000000000000000000000000000000000000000000000000000000000000000000000000000000000000000000000000000000000000000
310
00000000000000000000000000000000000000000000000000000000000000000000000000000000000000000000000000000000000000000000000000000000000000000000000000000000000000000000000000000000000000000000000000000000000000000000000000000000000000000000000000000000000000
310
00000000000000000000000000000000000000000000000000000000000000000000000000000000000000000000000000000000000000000000000000000000000000000000000000000000000000000000000000000000000000000000000000000000000000000000000000000000000000000000000000000000000000
310
000000000000000000000000000000000000000000000000FFFFFFFFFFFFFFFF0000000000000000000000000000000000000000000000FF0000000000000000FF000000000000000000000000000000000000000000FF00000000000000000000FF00000000000000000000000000000000000000FF000000000000000000
310
0000FF000000000000000000000000000000000000FF00000000000000000000000000FF0000000000000000000000000000FF0000000000000000000000000000000000FF000000000000000000000000FF00000000000000000000000000000000000000FF00000000000000000000FF0000000000000000000000000000
310
000000000000FF00000000000000000000FF000000000000000000000000000000000000000000FF0000000000000000FF0000000000000000000000000000000000000000000000FFFFFFFFFFFFFFFF0000000000000000000000000000000000000000000000000000000000000000000000000000000000000000000000
310
00000000000000000000000000000000000000000000000000000000000000000000000000000000000000000000000000000000000000000000000000000000000000000000000000000000000000000000000000000000000000000000000000000000000000000000000000000000000000000000000000000000000000
310
00000000000000000000000000000000000000000000000000000000000000000000000000000000000000000000000000000000000000000000000000000000000000000000000000000000000000000000000000000000000000000000000000000000000000000000000000000000000000000000000000000000000000
310
0000000000000000000000000000000000000000000000000000000000000000000000000000000000000000000000000000000000000000
102
{BLKREFS
331
7C4
331
7C5
331
7D0
331
7D1
102
}
 70
     1
280
     1
281
     0
  0
BLOCK_RECORD
  5
299
330
1
100
AcDbSymbolTableRecord
100
AcDbBlockTableRecord
  2
S-STLCUT
340
0
310
2800000020000000200000000100080000000000000400000000000000000000000000000000000000000000000080000080000000808000800000008000800080800000C0C0C000C0DCC000F0CAA6000020400000206000002080000020A0000020C0000020E00000400000004020000040400000406000004080000040A0
310
000040C0000040E00000600000006020000060400000606000006080000060A0000060C0000060E00000800000008020000080400000806000008080000080A0000080C0000080E00000A0000000A0200000A0400000A0600000A0800000A0A00000A0C00000A0E00000C0000000C0200000C0400000C0600000C0800000C0
310
A00000C0C00000C0E00000E0000000E0200000E0400000E0600000E0800000E0A00000E0C00000E0E00040000000400020004000400040006000400080004000A0004000C0004000E00040200000402020004020400040206000402080004020A0004020C0004020E000404000004040200040404000404060004040800040
310
40A0004040C0004040E00040600000406020004060400040606000406080004060A0004060C0004060E00040800000408020004080400040806000408080004080A0004080C0004080E00040A0000040A0200040A0400040A0600040A0800040A0A00040A0C00040A0E00040C0000040C0200040C0400040C0600040C08000
310
40C0A00040C0C00040C0E00040E0000040E0200040E0400040E0600040E0800040E0A00040E0C00040E0E00080000000800020008000400080006000800080008000A0008000C0008000E00080200000802020008020400080206000802080008020A0008020C0008020E00080400000804020008040400080406000804080
310
008040A0008040C0008040E00080600000806020008060400080606000806080008060A0008060C0008060E00080800000808020008080400080806000808080008080A0008080C0008080E00080A0000080A0200080A0400080A0600080A0800080A0A00080A0C00080A0E00080C0000080C0200080C0400080C0600080C0
310
800080C0A00080C0C00080C0E00080E0000080E0200080E0400080E0600080E0800080E0A00080E0C00080E0E000C0000000C0002000C0004000C0006000C0008000C000A000C000C000C000E000C0200000C0202000C0204000C0206000C0208000C020A000C020C000C020E000C0400000C0402000C0404000C0406000C0
310
408000C040A000C040C000C040E000C0600000C0602000C0604000C0606000C0608000C060A000C060C000C060E000C0800000C0802000C0804000C0806000C0808000C080A000C080C000C080E000C0A00000C0A02000C0A04000C0A06000C0A08000C0A0A000C0A0C000C0A0E000C0C00000C0C02000C0C04000C0C06000
310
C0C08000C0C0A000F0FBFF00A4A0A000808080000000FF0000FF000000FFFF00FF000000FF00FF00FFFF0000FFFFFF00000000000000000000000000000000000000000000000000000000000000000000000000000000000000000000000000F9000000000000000000000000000000000000000000000000000000000000
310
00F900000000000000000000000000000000000000000000000000000000000000F900000000000000000000000000000000000000000000000000000000000000F900000000000000000000000000000000000000000000000000000000000000F90000000000000000000000000000000000000000000000000000000000
310
0000F900000000000000000000000000000000000000000000000000000000000000F900000000000000000000000000000000000000000000000000000000000000F900000000000000000000000000000000000000000000000000000000000000F900000000000000000000000000000000000000000000000000000000
310
000000F900000000000000000000000000000000000000000000000000000000000000F900000000000000000000000000000000000000000000000000000000000000F900000000000000000000000000000000000000000000000000000000000000F9000000000000000000000000000000000000000000000000000000
310
000000F9F900000000000000000000000000000000000000000000000000000000F9F90000000000000000000000000000000000000000000000000000000000000000F9F90000000000000000000000000000000000000000000000000000000000000000F9F9000000000000000000000000000000000000000000000000
310
0000000000F9F9000000000000000000000000000000000000000000000000000000000000F900000000000000000000000000000000000000000000000000000000000000F900000000000000000000000000000000000000000000000000000000000000F900000000000000000000000000000000000000000000000000
310
000000000000F900000000000000000000000000000000000000000000000000000000000000F900000000000000000000000000000000000000000000000000000000000000F900000000000000000000000000000000000000000000000000000000000000F9000000000000000000000000000000000000000000000000
310
00000000000000F900000000000000000000000000000000000000000000000000000000000000F900000000000000000000000000000000000000000000000000000000000000F900000000000000000000000000000000000000000000000000000000000000F90000000000000000000000000000000000000000000000
310
0000000000000000F90000000000000000000000000000000000000000000000000000000000000000000000000000000000000000000000
102
{BLKREFS
331
8EA
331
902
331
971
331
977
102
}
 70
     1
280
     1
281
     0
  0
BLOCK_RECORD
  5
29D
330
1
100
AcDbSymbolTableRecord
100
AcDbBlockTableRecord
  2
*D7
340
0
 70
     0
280
     1
281
     0
  0
BLOCK_RECORD
  5
2AA
330
1
100
AcDbSymbolTableRecord
100
AcDbBlockTableRecord
  2
*D8
340
0
 70
     0
280
     1
281
     0
  0
BLOCK_RECORD
  5
2B6
330
1
100
AcDbSymbolTableRecord
100
AcDbBlockTableRecord
  2
*D9
340
0
 70
     0
280
     1
281
     0
  0
BLOCK_RECORD
  5
2C3
330
1
100
AcDbSymbolTableRecord
100
AcDbBlockTableRecord
  2
*D10
340
0
 70
     0
280
     1
281
     0
  0
BLOCK_RECORD
  5
2CF
330
1
100
AcDbSymbolTableRecord
100
AcDbBlockTableRecord
  2
*D11
340
0
 70
     0
280
     1
281
     0
  0
BLOCK_RECORD
  5
2DC
330
1
100
AcDbSymbolTableRecord
100
AcDbBlockTableRecord
  2
*D12
340
0
 70
     0
280
     1
281
     0
  0
BLOCK_RECORD
  5
2E9
330
1
100
AcDbSymbolTableRecord
100
AcDbBlockTableRecord
  2
*D13
340
0
 70
     0
280
     1
281
     0
  0
BLOCK_RECORD
  5
2F5
330
1
100
AcDbSymbolTableRecord
100
AcDbBlockTableRecord
  2
*D14
340
0
 70
     0
280
     1
281
     0
  0
BLOCK_RECORD
  5
302
330
1
100
AcDbSymbolTableRecord
100
AcDbBlockTableRecord
  2
*D15
340
0
 70
     0
280
     1
281
     0
  0
BLOCK_RECORD
  5
30F
330
1
100
AcDbSymbolTableRecord
100
AcDbBlockTableRecord
  2
*D16
340
0
 70
     0
280
     1
281
     0
  0
BLOCK_RECORD
  5
31C
330
1
100
AcDbSymbolTableRecord
100
AcDbBlockTableRecord
  2
*D17
340
0
 70
     0
280
     1
281
     0
  0
BLOCK_RECORD
  5
329
330
1
100
AcDbSymbolTableRecord
100
AcDbBlockTableRecord
  2
*D18
340
0
 70
     0
280
     1
281
     0
  0
BLOCK_RECORD
  5
335
330
1
100
AcDbSymbolTableRecord
100
AcDbBlockTableRecord
  2
*D19
340
0
 70
     0
280
     1
281
     0
  0
BLOCK_RECORD
  5
342
330
1
100
AcDbSymbolTableRecord
100
AcDbBlockTableRecord
  2
*D20
340
0
 70
     0
280
     1
281
     0
  0
BLOCK_RECORD
  5
34F
330
1
100
AcDbSymbolTableRecord
100
AcDbBlockTableRecord
  2
*D21
340
0
 70
     0
280
     1
281
     0
  0
BLOCK_RECORD
  5
35B
330
1
100
AcDbSymbolTableRecord
100
AcDbBlockTableRecord
  2
*D22
340
0
 70
     0
280
     1
281
     0
  0
BLOCK_RECORD
  5
368
330
1
100
AcDbSymbolTableRecord
100
AcDbBlockTableRecord
  2
*D23
340
0
 70
     0
280
     1
281
     0
  0
BLOCK_RECORD
  5
374
330
1
100
AcDbSymbolTableRecord
100
AcDbBlockTableRecord
  2
*D24
340
0
 70
     0
280
     1
281
     0
  0
BLOCK_RECORD
  5
380
330
1
100
AcDbSymbolTableRecord
100
AcDbBlockTableRecord
  2
*D25
340
0
 70
     0
280
     1
281
     0
  0
BLOCK_RECORD
  5
38D
330
1
100
AcDbSymbolTableRecord
100
AcDbBlockTableRecord
  2
*D26
340
0
 70
     0
280
     1
281
     0
  0
BLOCK_RECORD
  5
39A
330
1
100
AcDbSymbolTableRecord
100
AcDbBlockTableRecord
  2
*D27
340
0
 70
     0
280
     1
281
     0
  0
BLOCK_RECORD
  5
3A6
330
1
100
AcDbSymbolTableRecord
100
AcDbBlockTableRecord
  2
*D28
340
0
 70
     0
280
     1
281
     0
  0
BLOCK_RECORD
  5
3B2
330
1
100
AcDbSymbolTableRecord
100
AcDbBlockTableRecord
  2
*D29
340
0
 70
     0
280
     1
281
     0
  0
BLOCK_RECORD
  5
3BF
330
1
100
AcDbSymbolTableRecord
100
AcDbBlockTableRecord
  2
*D30
340
0
 70
     0
280
     1
281
     0
  0
BLOCK_RECORD
  5
3CB
330
1
100
AcDbSymbolTableRecord
100
AcDbBlockTableRecord
  2
CIR
340
0
310
2800000020000000200000000100080000000000000400000000000000000000000000000000000000000000000080000080000000808000800000008000800080800000C0C0C000C0DCC000F0CAA6000020400000206000002080000020A0000020C0000020E00000400000004020000040400000406000004080000040A0
310
000040C0000040E00000600000006020000060400000606000006080000060A0000060C0000060E00000800000008020000080400000806000008080000080A0000080C0000080E00000A0000000A0200000A0400000A0600000A0800000A0A00000A0C00000A0E00000C0000000C0200000C0400000C0600000C0800000C0
310
A00000C0C00000C0E00000E0000000E0200000E0400000E0600000E0800000E0A00000E0C00000E0E00040000000400020004000400040006000400080004000A0004000C0004000E00040200000402020004020400040206000402080004020A0004020C0004020E000404000004040200040404000404060004040800040
310
40A0004040C0004040E00040600000406020004060400040606000406080004060A0004060C0004060E00040800000408020004080400040806000408080004080A0004080C0004080E00040A0000040A0200040A0400040A0600040A0800040A0A00040A0C00040A0E00040C0000040C0200040C0400040C0600040C08000
310
40C0A00040C0C00040C0E00040E0000040E0200040E0400040E0600040E0800040E0A00040E0C00040E0E00080000000800020008000400080006000800080008000A0008000C0008000E00080200000802020008020400080206000802080008020A0008020C0008020E00080400000804020008040400080406000804080
310
008040A0008040C0008040E00080600000806020008060400080606000806080008060A0008060C0008060E00080800000808020008080400080806000808080008080A0008080C0008080E00080A0000080A0200080A0400080A0600080A0800080A0A00080A0C00080A0E00080C0000080C0200080C0400080C0600080C0
310
800080C0A00080C0C00080C0E00080E0000080E0200080E0400080E0600080E0800080E0A00080E0C00080E0E000C0000000C0002000C0004000C0006000C0008000C000A000C000C000C000E000C0200000C0202000C0204000C0206000C0208000C020A000C020C000C020E000C0400000C0402000C0404000C0406000C0
310
408000C040A000C040C000C040E000C0600000C0602000C0604000C0606000C0608000C060A000C060C000C060E000C0800000C0802000C0804000C0806000C0808000C080A000C080C000C080E000C0A00000C0A02000C0A04000C0A06000C0A08000C0A0A000C0A0C000C0A0E000C0C00000C0C02000C0C04000C0C06000
310
C0C08000C0C0A000F0FBFF00A4A0A000808080000000FF0000FF000000FFFF00FF000000FF00FF00FFFF0000FFFFFF000000000000000000000000000000000000000000000000000000000000000000000000000000000000000000000000FBFB00000000000000000000000000000000000000000000000000FBFBFBFBFB
310
00FBFBFBFBFB00000000000000000000000000000000000000FBFB000000000000FB00000000FBFB0000000000000000000000000000000000FB00000000000000FB000000000000FBFB0000000000000000000000000000FB0000000000000000FB0000000000000000FB0000000000000000000000FBFB00000000000000
310
0000FB000000000000000000FB00000000000000000000FB00000000000000000000FB00000000000000000000FB0000000000000000FB0000000000000000000000FB0000000000000000000000FB00000000000000FBFBFBFB00000000000000FBFBFBFBFB00000000000000FBFB000000000000FB0000FBFBFBFBFBFBFB
310
0000FBFB0000FB00FBFBFBFB0000FB00FB0000000000FBFBFBFB0000000000000000FBFBFBFBFB00000000000000FB00FB00000000FB00FBFBFBFB000000000000FBFBFBFBFBFB000000000000FBFB00FB00000000FB00000000000000000000000000FB000000000000000000000000FB000000FB00000000000000000000
310
00000000FB000000000000000000000000FB000000FB0000000000000000000000000000FB00000000000000000000000000FB0000FBFBFBFBFBFBFBFBFBFBFBFBFBFBFBFBFBFBFBFBFBFBFBFBFBFBFBFBFBFB0000FB00000000000000000000000000000000000000000000000000000000FB000000FB0000000000000000
310
000000000000000000000000000000000000FB00000000FB00000000000000000000FC00000000FC00000000000000000000FB0000000000FB00000000000000000000FC000000FC00000000000000000000FB0000000000FB00000000000000000000FCFCFCFC0000000000000000000000FB000000000000FB0000000000
310
0000000000FC00FC00000000000000000000FB00000000000000FB00000000000000000000FC00FC00000000000000000000FB0000000000000000FB00000000000000000000FC00000000000000000000FB000000000000000000FB00000000000000000000FC000000000000000000FB0000000000000000000000FBFB00
310
00000000000000000000000000000000FB0000000000000000000000000000FB000000000000000000000000000000FB000000000000000000000000000000FBFB0000000000000000000000FBFBFB000000000000000000000000000000000000FBFBFBFB000000FBFBFBFB00000000000000000000000000000000000000
310
000000000000FBFBFB0000000000000000000000000000000000000000000000000000000000000000000000000000000000000000000000
102
{BLKREFS
331
9CF
331
9D8
331
9DD
331
9E6
331
9EB
331
9F0
331
9F5
331
9FE
331
A03
331
A08
331
A0D
331
A16
102
}
 70
     1
280
     1
281
     0
  0
BLOCK_RECORD
  5
A1B
330
1
100
AcDbSymbolTableRecord
100
AcDbBlockTableRecord
  2
*D33
340
0
 70
     0
280
     1
281
     0
  0
BLOCK_RECORD
  5
A28
330
1
100
AcDbSymbolTableRecord
100
AcDbBlockTableRecord
  2
*D34
340
0
 70
     0
280
     1
281
     0
  0
BLOCK_RECORD
  5
A34
330
1
100
AcDbSymbolTableRecord
100
AcDbBlockTableRecord
  2
*D35
340
0
 70
     0
280
     1
281
     0
  0
BLOCK_RECORD
  5
A41
330
1
100
AcDbSymbolTableRecord
100
AcDbBlockTableRecord
  2
*D36
340
0
 70
     0
280
     1
281
     0
  0
BLOCK_RECORD
  5
A4D
330
1
100
AcDbSymbolTableRecord
100
AcDbBlockTableRecord
  2
*D37
340
0
 70
     0
280
     1
281
     0
  0
BLOCK_RECORD
  5
A77
330
1
100
AcDbSymbolTableRecord
100
AcDbBlockTableRecord
  2
*D38
340
0
 70
     0
280
     1
281
     0
  0
BLOCK_RECORD
  5
A84
330
1
100
AcDbSymbolTableRecord
100
AcDbBlockTableRecord
  2
*D39
340
0
 70
     0
280
     1
281
     0
  0
BLOCK_RECORD
  5
A90
330
1
100
AcDbSymbolTableRecord
100
AcDbBlockTableRecord
  2
*D40
340
0
 70
     0
280
     1
281
     0
  0
BLOCK_RECORD
  5
A9D
330
1
100
AcDbSymbolTableRecord
100
AcDbBlockTableRecord
  2
*D41
340
0
 70
     0
280
     1
281
     0
  0
BLOCK_RECORD
  5
AAA
330
1
100
AcDbSymbolTableRecord
100
AcDbBlockTableRecord
  2
*D42
340
0
 70
     0
280
     1
281
     0
  0
BLOCK_RECORD
  5
AB7
330
1
100
AcDbSymbolTableRecord
100
AcDbBlockTableRecord
  2
*D43
340
0
 70
     0
280
     1
281
     0
  0
BLOCK_RECORD
  5
AC4
330
1
100
AcDbSymbolTableRecord
100
AcDbBlockTableRecord
  2
*D44
340
0
 70
     0
280
     1
281
     0
  0
BLOCK_RECORD
  5
AD0
330
1
100
AcDbSymbolTableRecord
100
AcDbBlockTableRecord
  2
*D45
340
0
 70
     0
280
     1
281
     0
  0
BLOCK_RECORD
  5
ADD
330
1
100
AcDbSymbolTableRecord
100
AcDbBlockTableRecord
  2
*D46
340
0
 70
     0
280
     1
281
     0
  0
BLOCK_RECORD
  5
AEA
330
1
100
AcDbSymbolTableRecord
100
AcDbBlockTableRecord
  2
*D47
340
0
 70
     0
280
     1
281
     0
  0
BLOCK_RECORD
  5
AF6
330
1
100
AcDbSymbolTableRecord
100
AcDbBlockTableRecord
  2
*D48
340
0
 70
     0
280
     1
281
     0
  0
BLOCK_RECORD
  5
B03
330
1
100
AcDbSymbolTableRecord
100
AcDbBlockTableRecord
  2
*D49
340
0
 70
     0
280
     1
281
     0
  0
BLOCK_RECORD
  5
B0F
330
1
100
AcDbSymbolTableRecord
100
AcDbBlockTableRecord
  2
*D50
340
0
 70
     0
280
     1
281
     0
  0
BLOCK_RECORD
  5
B1B
330
1
100
AcDbSymbolTableRecord
100
AcDbBlockTableRecord
  2
*D51
340
0
 70
     0
280
     1
281
     0
  0
BLOCK_RECORD
  5
B28
330
1
100
AcDbSymbolTableRecord
100
AcDbBlockTableRecord
  2
*D52
340
0
 70
     0
280
     1
281
     0
  0
BLOCK_RECORD
  5
B3E
330
1
100
AcDbSymbolTableRecord
100
AcDbBlockTableRecord
  2
*D53
340
0
 70
     0
280
     1
281
     0
  0
BLOCK_RECORD
  5
B54
330
1
100
AcDbSymbolTableRecord
100
AcDbBlockTableRecord
  2
*D54
340
0
 70
     0
280
     1
281
     0
  0
BLOCK_RECORD
  5
B60
330
1
100
AcDbSymbolTableRecord
100
AcDbBlockTableRecord
  2
*D55
340
0
 70
     0
280
     1
281
     0
  0
BLOCK_RECORD
  5
B6D
330
1
100
AcDbSymbolTableRecord
100
AcDbBlockTableRecord
  2
*D56
340
0
 70
     0
280
     1
281
     0
  0
ENDTAB
  0
ENDSEC
  0
SECTION
  2
BLOCKS
  0
BLOCK
  5
20
330
1F
100
AcDbEntity
  8
0
100
AcDbBlockBegin
  2
*Model_Space
 70
     0
 10
0.0
 20
0.0
 30
0.0
  3
*Model_Space
  1

  0
ENDBLK
  5
21
330
1F
100
AcDbEntity
  8
0
100
AcDbBlockEnd
  0
BLOCK
  5
D4
330
D2
100
AcDbEntity
 67
     1
  8
0
100
AcDbBlockBegin
  2
*Paper_Space
 70
     0
 10
0.0
 20
0.0
 30
0.0
  3
*Paper_Space
  1

  0
ENDBLK
  5
D5
330
D2
100
AcDbEntity
 67
     1
  8
0
100
AcDbBlockEnd
  0
BLOCK
  5
D8
330
D6
100
AcDbEntity
 67
     1
  8
0
100
AcDbBlockBegin
  2
*Paper_Space0
 70
     0
 10
0.0
 20
0.0
 30
0.0
  3
*Paper_Space0
  1

  0
ENDBLK
  5
D9
330
D6
100
AcDbEntity
 67
     1
  8
0
100
AcDbBlockEnd
  0
BLOCK
  5
280
330
27F
100
AcDbEntity
  8
0
100
AcDbBlockBegin
  2
DIM1
 70
     0
 10
0.0
 20
0.0
 30
0.0
  3
DIM1
  1

  0
CIRCLE
  5
281
330
27F
100
AcDbEntity
  8
0
 62
     3
100
AcDbCircle
 10
0.0
 20
0.0
 30
0.0
 40
0.25
  0
LINE
  5
282
330
27F
100
AcDbEntity
  8
0
 62
     0
100
AcDbLine
 10
-1.0
 20
0.0
 30
0.0
 11
0.5
 21
0.0
 31
0.0
  0
ENDBLK
  5
283
330
27F
100
AcDbEntity
  8
0
100
AcDbBlockEnd
  0
BLOCK
  5
285
330
284
100
AcDbEntity
  8
0
100
AcDbBlockBegin
  2
S-BOLT
 70
     0
 10
0.0
 20
0.0
 30
0.0
  3
S-BOLT
  1

  0
CIRCLE
  5
286
330
284
100
AcDbEntity
  8
S-BOLT
100
AcDbCircle
 10
0.0
 20
0.0
 30
0.0
 40
0.8
  0
LWPOLYLINE
  5
287
330
284
100
AcDbEntity
  8
S-BOLT
100
AcDbPolyline
 90
        6
 70
     1
 43
0.0
 10
1.375
 20
0.0
 10
0.6874999999999503
 20
1.19078493020379
 10
-0.6874999999999503
 20
1.19078493020379
 10
-1.375
 20
0.0
 10
-0.6874999999999574
 20
-1.19078493020379
 10
0.6874999999999503
 20
-1.19078493020379
  0
LINE
  5
288
330
284
100
AcDbEntity
  8
S-BOLT
  6
CENTER2
 62
     8
 48
0.3
100
AcDbLine
 10
0.0
 20
-2.399999999999863
 30
0.0
 11
0.0
 21
2.399999999999863
 31
0.0
  0
LINE
  5
289
330
284
100
AcDbEntity
  8
S-BOLT
  6
CENTER2
 62
     8
 48
0.3
100
AcDbLine
 10
2.399999999999863
 20
0.0
 30
0.0
 11
-2.399999999999863
 21
0.0
 31
0.0
  0
CIRCLE
  5
28A
330
284
100
AcDbEntity
  8
S-BOLT
 62
     1
100
AcDbCircle
 10
0.0
 20
0.0
 30
0.0
 40
1.6
  0
ENDBLK
  5
28B
330
284
100
AcDbEntity
  8
0
100
AcDbBlockEnd
  0
BLOCK
  5
28D
330
28C
100
AcDbEntity
  8
0
100
AcDbBlockBegin
  2
_Dot
 70
     0
 10
0.0
 20
0.0
 30
0.0
  3
_Dot
  1

  0
LWPOLYLINE
  5
28E
330
28C
100
AcDbEntity
  8
0
  6
ByBlock
 62
     0
100
AcDbPolyline
 90
        2
 70
     1
 43
0.5
 10
-0.25
 20
0.0
 42
1.0
 10
0.25
 20
0.0
 42
1.0
  0
LINE
  5
28F
330
28C
100
AcDbEntity
  8
0
  6
ByBlock
 62
     0
370
    -2
100
AcDbLine
 10
-0.5
 20
0.0
 30
0.0
 11
-1.0
 21
0.0
 31
0.0
  0
ENDBLK
  5
290
330
28C
100
AcDbEntity
  8
0
100
AcDbBlockEnd
  0
BLOCK
  5
292
330
291
100
AcDbEntity
  8
0
100
AcDbBlockBegin
  2
_DotSmall
 70
     0
 10
0.0
 20
0.0
 30
0.0
  3
_DotSmall
  1

  0
LWPOLYLINE
  5
293
330
291
100
AcDbEntity
  8
0
  6
ByBlock
 62
     0
100
AcDbPolyline
 90
        2
 70
     1
 43
0.5
 10
-0.0625
 20
0.0
 42
1.0
 10
0.0625
 20
0.0
 42
1.0
  0
ENDBLK
  5
294
330
291
100
AcDbEntity
  8
0
100
AcDbBlockEnd
  0
BLOCK
  5
296
330
295
100
AcDbEntity
  8
0
100
AcDbBlockBegin
  2
S-CIRCUT
 70
     0
 10
0.0
 20
0.0
 30
0.0
  3
S-CIRCUT
  1

  0
LWPOLYLINE
  5
297
330
295
100
AcDbEntity
  8
0
100
AcDbPolyline
 90
        3
 70
     0
 43
0.0
 10
1.258223266009395
 20
0.0
 42
0.7840075947179867
 10
0.0
 20
0.0
 42
-0.7716577574066778
 10
-1.253316143267511
 20
0.0
  0
ENDBLK
  5
298
330
295
100
AcDbEntity
  8
0
100
AcDbBlockEnd
  0
BLOCK
  5
29A
330
299
100
AcDbEntity
  8
0
100
AcDbBlockBegin
  2
S-STLCUT
 70
     0
 10
0.0
 20
0.0
 30
0.0
  3
S-STLCUT
  1

  0
LWPOLYLINE
  5
29B
330
299
100
AcDbEntity
  8
S-MCUT
100
AcDbPolyline
 90
        6
 70
     0
 43
0.0
 10
0.0
 20
1.0
 10
0.0
 20
0.5776653421114589
 10
0.0948086444123888
 20
0.5422788102243885
 10
-0.0948086444123888
 20
0.4715057464497932
 10
0.0
 20
0.4361192145624955
 10
0.0
 20
0.0
  0
ENDBLK
  5
29C
330
299
100
AcDbEntity
  8
0
100
AcDbBlockEnd
  0
BLOCK
  5
29E
330
29D
100
AcDbEntity
  8
0
100
AcDbBlockBegin
  2
*D7
 70
     1
 10
0.0
 20
0.0
 30
0.0
  3
*D7
  1

  0
LINE
  5
29F
330
29D
100
AcDbEntity
  8
S-ANNO-DIMS
 62
     8
440
 16777216
370
    -2
100
AcDbLine
 10
-2505.571700619924
 20
4712.999437268058
 30
0.0
 11
-2795.846591471955
 21
4538.584686661244
 31
0.0
  0
LINE
  5
2A0
330
29D
100
AcDbEntity
  8
S-ANNO-DIMS
 62
     8
440
 16777216
370
    -2
100
AcDbLine
 10
-2454.067893128768
 20
4627.282707197932
 30
0.0
 11
-2744.342783980664
 21
4452.867956591199
 31
0.0
  0
LINE
  5
2A1
330
29D
100
AcDbEntity
  8
S-ANNO-DIMS
 62
     8
440
 16777216
370
    -2
100
AcDbLine
 10
-2804.455149203592
 20
4591.743813194521
 30
0.0
 11
-2830.207052949236
 21
4634.602178229542
 31
0.0
  0
LINE
  5
2A2
330
29D
100
AcDbEntity
  8
S-ANNO-DIMS
 62
     8
440
 16777216
370
    -2
100
AcDbLine
 10
-2701.447534221012
 20
4420.310353054436
 30
0.0
 11
-2675.695630475368
 21
4377.451988019415
 31
0.0
  0
INSERT
  5
2A3
330
29D
100
AcDbEntity
  8
S-ANNO-DIMS
 62
     8
440
 16777216
370
    -2
100
AcDbBlockReference
  2
DIM1
 10
-2778.703245457947
 20
4548.8854481595
 30
0.0
 41
50.0
 42
50.0
 43
50.0
 50
301.0000000001892
  0
INSERT
  5
2A4
330
29D
100
AcDbEntity
  8
S-ANNO-DIMS
 62
     8
440
 16777216
370
    -2
100
AcDbBlockReference
  2
DIM1
 10
-2727.199437966656
 20
4463.168718089455
 30
0.0
 41
50.0
 42
50.0
 43
50.0
 50
121.0000000001892
  0
MTEXT
  5
2A5
330
29D
100
AcDbEntity
  8
S-ANNO-DIMS
 62
     3
440
 16777216
100
AcDbMText
 10
-2714.378813180783
 20
4529.20379649556
 30
0.0
 40
50.0
 41
0.0
 46
0.0
 71
     5
 72
     1
  1
\A1;30
  7
ROMANS
 11
0.5150380749128857
 21
-0.8571673007004109
 31
0.0
 73
     1
 44
1.0
  0
POINT
  5
2A6
330
29D
100
AcDbEntity
  8
DEFPOINTS
 62
     0
440
 16777216
100
AcDbPoint
 10
-2488.428354605916
 20
4723.300198766315
 30
0.0
  0
POINT
  5
2A7
330
29D
100
AcDbEntity
  8
DEFPOINTS
 62
     0
440
 16777216
100
AcDbPoint
 10
-2436.924547114759
 20
4637.58346869619
 30
0.0
  0
POINT
  5
2A8
330
29D
100
AcDbEntity
  8
DEFPOINTS
 62
     0
440
 16777216
100
AcDbPoint
 10
-2727.199437966656
 20
4463.168718089455
 30
0.0
  0
ENDBLK
  5
2A9
330
29D
100
AcDbEntity
  8
0
100
AcDbBlockEnd
  0
BLOCK
  5
2AB
330
2AA
100
AcDbEntity
  8
0
100
AcDbBlockBegin
  2
*D8
 70
     1
 10
0.0
 20
0.0
 30
0.0
  3
*D8
  1

  0
LINE
  5
2AC
330
2AA
100
AcDbEntity
  8
S-ANNO-DIMS
 62
     8
440
 16777216
370
    -2
100
AcDbLine
 10
1096.74887895221
 20
4454.365859553454
 30
0.0
 11
2287.420972355154
 21
4454.365859553454
 31
0.0
  0
LINE
  5
2AD
330
2AA
100
AcDbEntity
  8
S-ANNO-DIMS
 62
     8
440
 16777216
370
    -2
100
AcDbLine
 10
1701.757000623598
 20
4204.365859553454
 30
0.0
 11
2287.420972355154
 21
4204.365859553454
 31
0.0
  0
LINE
  5
2AE
330
2AA
100
AcDbEntity
  8
S-ANNO-DIMS
 62
     8
440
 16777216
370
    -2
100
AcDbLine
 10
2267.420972355154
 20
4404.365859553453
 30
0.0
 11
2267.420972355154
 21
4254.365859553454
 31
0.0
  0
INSERT
  5
2AF
330
2AA
100
AcDbEntity
  8
S-ANNO-DIMS
 62
     8
440
 16777216
370
    -2
100
AcDbBlockReference
  2
DIM1
 10
2267.420972355154
 20
4454.365859553454
 30
0.0
 41
50.0
 42
50.0
 43
50.0
 50
90.0
  0
INSERT
  5
2B0
330
2AA
100
AcDbEntity
  8
S-ANNO-DIMS
 62
     8
440
 16777216
370
    -2
100
AcDbBlockReference
  2
DIM1
 10
2267.420972355154
 20
4204.365859553454
 30
0.0
 41
50.0
 42
50.0
 43
50.0
 50
270.0
  0
MTEXT
  5
2B1
330
2AA
100
AcDbEntity
  8
S-ANNO-DIMS
 62
     3
440
 16777216
100
AcDbMText
 10
2222.420972355154
 20
4329.365859553454
 30
0.0
 40
50.0
 41
0.0
 46
0.0
 71
     5
 72
     1
  1
\A1;125
  7
ROMANS
 11
0.0000000000000001
 21
1.0
 31
0.0
 73
     1
 44
1.0
  0
POINT
  5
2B2
330
2AA
100
AcDbEntity
  8
DEFPOINTS
 62
     0
440
 16777216
100
AcDbPoint
 10
1076.74887895221
 20
4454.365859553454
 30
0.0
  0
POINT
  5
2B3
330
2AA
100
AcDbEntity
  8
DEFPOINTS
 62
     0
440
 16777216
100
AcDbPoint
 10
1681.757000623598
 20
4204.365859553454
 30
0.0
  0
POINT
  5
2B4
330
2AA
100
AcDbEntity
  8
DEFPOINTS
 62
     0
440
 16777216
100
AcDbPoint
 10
2267.420972355154
 20
4204.365859553454
 30
0.0
  0
ENDBLK
  5
2B5
330
2AA
100
AcDbEntity
  8
0
100
AcDbBlockEnd
  0
BLOCK
  5
2B7
330
2B6
100
AcDbEntity
  8
0
100
AcDbBlockBegin
  2
*D9
 70
     1
 10
0.0
 20
0.0
 30
0.0
  3
*D9
  1

  0
LINE
  5
2B8
330
2B6
100
AcDbEntity
  8
S-ANNO-DIMS
 62
     8
440
 16777216
370
    -2
100
AcDbLine
 10
920.7488789522104
 20
4528.365859553455
 30
0.0
 11
920.7488789522104
 21
4669.460069183613
 31
0.0
  0
LINE
  5
2B9
330
2B6
100
AcDbEntity
  8
S-ANNO-DIMS
 62
     8
440
 16777216
370
    -2
100
AcDbLine
 10
932.7488789522103
 20
4528.365859553455
 30
0.0
 11
932.7488789522103
 21
4669.460069183613
 31
0.0
  0
LINE
  5
2BA
330
2B6
100
AcDbEntity
  8
S-ANNO-DIMS
 62
     8
440
 16777216
370
    -2
100
AcDbLine
 10
982.7488789522103
 20
4649.460069183613
 30
0.0
 11
1032.74887895221
 21
4649.460069183613
 31
0.0
  0
LINE
  5
2BB
330
2B6
100
AcDbEntity
  8
S-ANNO-DIMS
 62
     8
440
 16777216
370
    -2
100
AcDbLine
 10
870.7488789522104
 20
4649.460069183613
 30
0.0
 11
448.6060218093032
 21
4649.460069183613
 31
0.0
  0
INSERT
  5
2BC
330
2B6
100
AcDbEntity
  8
S-ANNO-DIMS
 62
     8
440
 16777216
370
    -2
100
AcDbBlockReference
  2
DIM1
 10
932.7488789522103
 20
4649.460069183613
 30
0.0
 41
50.0
 42
50.0
 43
50.0
 50
180.0
  0
INSERT
  5
2BD
330
2B6
100
AcDbEntity
  8
S-ANNO-DIMS
 62
     8
440
 16777216
370
    -2
100
AcDbBlockReference
  2
DIM1
 10
920.7488789522104
 20
4649.460069183613
 30
0.0
 41
50.0
 42
50.0
 43
50.0
  0
MTEXT
  5
2BE
330
2B6
100
AcDbEntity
  8
S-ANNO-DIMS
 62
     3
440
 16777216
100
AcDbMText
 10
634.6774503807319
 20
4694.460069183612
 30
0.0
 40
50.0
 41
0.0
 46
0.0
 71
     5
 72
     1
  1
\A1;3mm GAP
  7
ROMANS
 73
     1
 44
1.0
  0
POINT
  5
2BF
330
2B6
100
AcDbEntity
  8
DEFPOINTS
 62
     0
440
 16777216
100
AcDbPoint
 10
920.7488789522104
 20
4508.365859553454
 30
0.0
  0
POINT
  5
2C0
330
2B6
100
AcDbEntity
  8
DEFPOINTS
 62
     0
440
 16777216
100
AcDbPoint
 10
932.7488789522103
 20
4508.365859553454
 30
0.0
  0
POINT
  5
2C1
330
2B6
100
AcDbEntity
  8
DEFPOINTS
 62
     0
440
 16777216
100
AcDbPoint
 10
932.7488789522103
 20
4649.460069183613
 30
0.0
  0
ENDBLK
  5
2C2
330
2B6
100
AcDbEntity
  8
0
100
AcDbBlockEnd
  0
BLOCK
  5
2C4
330
2C3
100
AcDbEntity
  8
0
100
AcDbBlockBegin
  2
*D10
 70
     1
 10
0.0
 20
0.0
 30
0.0
  3
*D10
  1

  0
LINE
  5
2C5
330
2C3
100
AcDbEntity
  8
S-ANNO-DIMS
 62
     8
440
 16777216
370
    -2
100
AcDbLine
 10
1861.744313931558
 20
687.6169117859426
 30
0.0
 11
2020.817271513166
 21
687.6169117859426
 31
0.0
  0
LINE
  5
2C6
330
2C3
100
AcDbEntity
  8
S-ANNO-DIMS
 62
     8
440
 16777216
370
    -2
100
AcDbLine
 10
1861.744313931558
 20
991.6169117859427
 30
0.0
 11
2020.817271513166
 21
991.6169117859427
 31
0.0
  0
LINE
  5
2C7
330
2C3
100
AcDbEntity
  8
S-ANNO-DIMS
 62
     8
440
 16777216
370
    -2
100
AcDbLine
 10
2000.817271513166
 20
737.6169117859426
 30
0.0
 11
2000.817271513166
 21
941.6169117859427
 31
0.0
  0
INSERT
  5
2C8
330
2C3
100
AcDbEntity
  8
S-ANNO-DIMS
 62
     8
440
 16777216
370
    -2
100
AcDbBlockReference
  2
DIM1
 10
2000.817271513166
 20
687.6169117859426
 30
0.0
 41
50.0
 42
50.0
 43
50.0
 50
270.0
  0
INSERT
  5
2C9
330
2C3
100
AcDbEntity
  8
S-ANNO-DIMS
 62
     8
440
 16777216
370
    -2
100
AcDbBlockReference
  2
DIM1
 10
2000.817271513166
 20
991.6169117859427
 30
0.0
 41
50.0
 42
50.0
 43
50.0
 50
90.0
  0
MTEXT
  5
2CA
330
2C3
100
AcDbEntity
  8
S-ANNO-DIMS
 62
     3
440
 16777216
100
AcDbMText
 10
1955.817271513166
 20
839.6169117859429
 30
0.0
 40
50.0
 41
0.0
 46
0.0
 71
     5
 72
     1
  1
\A1;152
  7
ROMANS
 11
0.0000000000000001
 21
1.0
 31
0.0
 73
     1
 44
1.0
  0
POINT
  5
2CB
330
2C3
100
AcDbEntity
  8
DEFPOINTS
 62
     0
440
 16777216
100
AcDbPoint
 10
1841.744313931558
 20
687.6169117859426
 30
0.0
  0
POINT
  5
2CC
330
2C3
100
AcDbEntity
  8
DEFPOINTS
 62
     0
440
 16777216
100
AcDbPoint
 10
1841.744313931558
 20
991.6169117859427
 30
0.0
  0
POINT
  5
2CD
330
2C3
100
AcDbEntity
  8
DEFPOINTS
 62
     0
440
 16777216
100
AcDbPoint
 10
2000.817271513166
 20
991.6169117859427
 30
0.0
  0
ENDBLK
  5
2CE
330
2C3
100
AcDbEntity
  8
0
100
AcDbBlockEnd
  0
BLOCK
  5
2D0
330
2CF
100
AcDbEntity
  8
0
100
AcDbBlockBegin
  2
*D11
 70
     1
 10
0.0
 20
0.0
 30
0.0
  3
*D11
  1

  0
LINE
  5
2D1
330
2CF
100
AcDbEntity
  8
S-ANNO-DIMS
 62
     8
440
 16777216
370
    -2
100
AcDbLine
 10
-1849.10744078381
 20
812.2781045662629
 30
0.0
 11
-1777.301664294636
 21
692.7732240359761
 31
0.0
  0
LINE
  5
2D2
330
2CF
100
AcDbEntity
  8
S-ANNO-DIMS
 62
     8
440
 16777216
370
    -2
100
AcDbLine
 10
-1945.026359620788
 20
1127.242315269067
 30
0.0
 11
-1708.728280242701
 21
733.9762700244754
 31
0.0
  0
LINE
  5
2D3
330
2CF
100
AcDbEntity
  8
S-ANNO-DIMS
 62
     8
440
 16777216
370
    -2
100
AcDbLine
 10
-1830.460790828105
 20
684.1646663055186
 30
0.0
 11
-1873.319155863697
 21
658.4127625608244
 31
0.0
  0
LINE
  5
2D4
330
2CF
100
AcDbEntity
  8
S-ANNO-DIMS
 62
     8
440
 16777216
370
    -2
100
AcDbLine
 10
-1676.170676704987
 20
776.8715197834063
 30
0.0
 11
-1633.312311669395
 21
802.6234235281004
 31
0.0
  0
INSERT
  5
2D5
330
2CF
100
AcDbEntity
  8
S-ANNO-DIMS
 62
     8
440
 16777216
370
    -2
100
AcDbBlockReference
  2
DIM1
 10
-1787.602425792514
 20
709.9165700502127
 30
0.0
 41
50.0
 42
50.0
 43
50.0
 50
30.99999999891899
  0
INSERT
  5
2D6
330
2CF
100
AcDbEntity
  8
S-ANNO-DIMS
 62
     8
440
 16777216
370
    -2
100
AcDbBlockReference
  2
DIM1
 10
-1719.029041740579
 20
751.1196160387121
 30
0.0
 41
50.0
 42
50.0
 43
50.0
 50
210.9999999989189
  0
MTEXT
  5
2D7
330
2CF
100
AcDbEntity
  8
S-ANNO-DIMS
 62
     3
440
 16777216
100
AcDbMText
 10
-1776.492447136771
 20
769.0906215764946
 30
0.0
 40
50.0
 41
0.0
 46
0.0
 71
     5
 72
     1
  1
\A1;40
  7
ROMANS
 11
0.8571673007118297
 21
0.5150380748938817
 31
0.0
 73
     1
 44
1.0
  0
POINT
  5
2D8
330
2CF
100
AcDbEntity
  8
DEFPOINTS
 62
     0
440
 16777216
100
AcDbPoint
 10
-1859.408202281687
 20
829.4214505804994
 30
0.0
  0
POINT
  5
2D9
330
2CF
100
AcDbEntity
  8
DEFPOINTS
 62
     0
440
 16777216
100
AcDbPoint
 10
-1955.327121118665
 20
1144.385661283304
 30
0.0
  0
POINT
  5
2DA
330
2CF
100
AcDbEntity
  8
DEFPOINTS
 62
     0
440
 16777216
100
AcDbPoint
 10
-1719.029041740579
 20
751.1196160387121
 30
0.0
  0
ENDBLK
  5
2DB
330
2CF
100
AcDbEntity
  8
0
100
AcDbBlockEnd
  0
BLOCK
  5
2DD
330
2DC
100
AcDbEntity
  8
0
100
AcDbBlockBegin
  2
*D12
 70
     1
 10
0.0
 20
0.0
 30
0.0
  3
*D12
  1

  0
LINE
  5
2DE
330
2DC
100
AcDbEntity
  8
S-ANNO-DIMS
 62
     8
440
 16777216
370
    -2
100
AcDbLine
 10
1006.74887895221
 20
4450.365859553454
 30
0.0
 11
1006.74887895221
 21
4829.460069183642
 31
0.0
  0
LINE
  5
2DF
330
2DC
100
AcDbEntity
  8
S-ANNO-DIMS
 62
     8
440
 16777216
370
    -2
100
AcDbLine
 10
1076.74887895221
 20
4474.365859553454
 30
0.0
 11
1076.74887895221
 21
4829.460069183642
 31
0.0
  0
LINE
  5
2E0
330
2DC
100
AcDbEntity
  8
S-ANNO-DIMS
 62
     8
440
 16777216
370
    -2
100
AcDbLine
 10
956.7488789522103
 20
4809.460069183643
 30
0.0
 11
906.7488789522103
 21
4809.460069183643
 31
0.0
  0
LINE
  5
2E1
330
2DC
100
AcDbEntity
  8
S-ANNO-DIMS
 62
     8
440
 16777216
370
    -2
100
AcDbLine
 10
1126.74887895221
 20
4809.460069183643
 30
0.0
 11
1176.74887895221
 21
4809.460069183643
 31
0.0
  0
INSERT
  5
2E2
330
2DC
100
AcDbEntity
  8
S-ANNO-DIMS
 62
     8
440
 16777216
370
    -2
100
AcDbBlockReference
  2
DIM1
 10
1006.74887895221
 20
4809.460069183643
 30
0.0
 41
50.0
 42
50.0
 43
50.0
  0
INSERT
  5
2E3
330
2DC
100
AcDbEntity
  8
S-ANNO-DIMS
 62
     8
440
 16777216
370
    -2
100
AcDbBlockReference
  2
DIM1
 10
1076.74887895221
 20
4809.460069183643
 30
0.0
 41
50.0
 42
50.0
 43
50.0
 50
180.0
  0
MTEXT
  5
2E4
330
2DC
100
AcDbEntity
  8
S-ANNO-DIMS
 62
     3
440
 16777216
100
AcDbMText
 10
1041.74887895221
 20
4854.460069183642
 30
0.0
 40
50.0
 41
0.0
 46
0.0
 71
     5
 72
     1
  1
\A1;35
  7
ROMANS
 73
     1
 44
1.0
  0
POINT
  5
2E5
330
2DC
100
AcDbEntity
  8
DEFPOINTS
 62
     0
440
 16777216
100
AcDbPoint
 10
1006.74887895221
 20
4430.365859553454
 30
0.0
  0
POINT
  5
2E6
330
2DC
100
AcDbEntity
  8
DEFPOINTS
 62
     0
440
 16777216
100
AcDbPoint
 10
1076.74887895221
 20
4454.365859553454
 30
0.0
  0
POINT
  5
2E7
330
2DC
100
AcDbEntity
  8
DEFPOINTS
 62
     0
440
 16777216
100
AcDbPoint
 10
1076.74887895221
 20
4809.460069183643
 30
0.0
  0
ENDBLK
  5
2E8
330
2DC
100
AcDbEntity
  8
0
100
AcDbBlockEnd
  0
BLOCK
  5
2EA
330
2E9
100
AcDbEntity
  8
0
100
AcDbBlockBegin
  2
*D13
 70
     1
 10
0.0
 20
0.0
 30
0.0
  3
*D13
  1

  0
LINE
  5
2EB
330
2E9
100
AcDbEntity
  8
S-ANNO-DIMS
 62
     8
440
 16777216
370
    -2
100
AcDbLine
 10
776.7488789522103
 20
4474.365859553454
 30
0.0
 11
776.7488789522103
 21
4989.460069183613
 31
0.0
  0
LINE
  5
2EC
330
2E9
100
AcDbEntity
  8
S-ANNO-DIMS
 62
     8
440
 16777216
370
    -2
100
AcDbLine
 10
1076.74887895221
 20
4474.365859553454
 30
0.0
 11
1076.74887895221
 21
4989.460069183613
 31
0.0
  0
LINE
  5
2ED
330
2E9
100
AcDbEntity
  8
S-ANNO-DIMS
 62
     8
440
 16777216
370
    -2
100
AcDbLine
 10
826.7488789522102
 20
4969.460069183613
 30
0.0
 11
1026.74887895221
 21
4969.460069183613
 31
0.0
  0
INSERT
  5
2EE
330
2E9
100
AcDbEntity
  8
S-ANNO-DIMS
 62
     8
440
 16777216
370
    -2
100
AcDbBlockReference
  2
DIM1
 10
776.7488789522103
 20
4969.460069183613
 30
0.0
 41
50.0
 42
50.0
 43
50.0
 50
180.0
  0
INSERT
  5
2EF
330
2E9
100
AcDbEntity
  8
S-ANNO-DIMS
 62
     8
440
 16777216
370
    -2
100
AcDbBlockReference
  2
DIM1
 10
1076.74887895221
 20
4969.460069183613
 30
0.0
 41
50.0
 42
50.0
 43
50.0
  0
MTEXT
  5
2F0
330
2E9
100
AcDbEntity
  8
S-ANNO-DIMS
 62
     3
440
 16777216
100
AcDbMText
 10
926.7488789522102
 20
5014.460069183613
 30
0.0
 40
50.0
 41
0.0
 46
0.0
 71
     5
 72
     1
  1
\A1;150
  7
ROMANS
 73
     1
 44
1.0
  0
POINT
  5
2F1
330
2E9
100
AcDbEntity
  8
DEFPOINTS
 62
     0
440
 16777216
100
AcDbPoint
 10
776.7488789522103
 20
4454.365859553454
 30
0.0
  0
POINT
  5
2F2
330
2E9
100
AcDbEntity
  8
DEFPOINTS
 62
     0
440
 16777216
100
AcDbPoint
 10
1076.74887895221
 20
4454.365859553454
 30
0.0
  0
POINT
  5
2F3
330
2E9
100
AcDbEntity
  8
DEFPOINTS
 62
     0
440
 16777216
100
AcDbPoint
 10
1076.74887895221
 20
4969.460069183613
 30
0.0
  0
ENDBLK
  5
2F4
330
2E9
100
AcDbEntity
  8
0
100
AcDbBlockEnd
  0
BLOCK
  5
2F6
330
2F5
100
AcDbEntity
  8
0
100
AcDbBlockBegin
  2
*D14
 70
     1
 10
0.0
 20
0.0
 30
0.0
  3
*D14
  1

  0
LINE
  5
2F7
330
2F5
100
AcDbEntity
  8
S-ANNO-DIMS
 62
     8
440
 16777216
370
    -2
100
AcDbLine
 10
776.7488789522103
 20
4474.365859553454
 30
0.0
 11
776.7488789522103
 21
4829.460069183584
 31
0.0
  0
LINE
  5
2F8
330
2F5
100
AcDbEntity
  8
S-ANNO-DIMS
 62
     8
440
 16777216
370
    -2
100
AcDbLine
 10
846.7488789522104
 20
4450.365859553454
 30
0.0
 11
846.7488789522104
 21
4829.460069183584
 31
0.0
  0
LINE
  5
2F9
330
2F5
100
AcDbEntity
  8
S-ANNO-DIMS
 62
     8
440
 16777216
370
    -2
100
AcDbLine
 10
726.7488789522103
 20
4809.460069183584
 30
0.0
 11
676.7488789522103
 21
4809.460069183584
 31
0.0
  0
LINE
  5
2FA
330
2F5
100
AcDbEntity
  8
S-ANNO-DIMS
 62
     8
440
 16777216
370
    -2
100
AcDbLine
 10
896.7488789522104
 20
4809.460069183584
 30
0.0
 11
946.7488789522104
 21
4809.460069183584
 31
0.0
  0
INSERT
  5
2FB
330
2F5
100
AcDbEntity
  8
S-ANNO-DIMS
 62
     8
440
 16777216
370
    -2
100
AcDbBlockReference
  2
DIM1
 10
776.7488789522103
 20
4809.460069183584
 30
0.0
 41
50.0
 42
50.0
 43
50.0
  0
INSERT
  5
2FC
330
2F5
100
AcDbEntity
  8
S-ANNO-DIMS
 62
     8
440
 16777216
370
    -2
100
AcDbBlockReference
  2
DIM1
 10
846.7488789522104
 20
4809.460069183584
 30
0.0
 41
50.0
 42
50.0
 43
50.0
 50
180.0
  0
MTEXT
  5
2FD
330
2F5
100
AcDbEntity
  8
S-ANNO-DIMS
 62
     3
440
 16777216
100
AcDbMText
 10
811.7488789522104
 20
4854.460069183584
 30
0.0
 40
50.0
 41
0.0
 46
0.0
 71
     5
 72
     1
  1
\A1;35
  7
ROMANS
 73
     1
 44
1.0
  0
POINT
  5
2FE
330
2F5
100
AcDbEntity
  8
DEFPOINTS
 62
     0
440
 16777216
100
AcDbPoint
 10
776.7488789522103
 20
4454.365859553454
 30
0.0
  0
POINT
  5
2FF
330
2F5
100
AcDbEntity
  8
DEFPOINTS
 62
     0
440
 16777216
100
AcDbPoint
 10
846.7488789522104
 20
4430.365859553454
 30
0.0
  0
POINT
  5
300
330
2F5
100
AcDbEntity
  8
DEFPOINTS
 62
     0
440
 16777216
100
AcDbPoint
 10
846.7488789522104
 20
4809.460069183584
 30
0.0
  0
ENDBLK
  5
301
330
2F5
100
AcDbEntity
  8
0
100
AcDbBlockEnd
  0
BLOCK
  5
303
330
302
100
AcDbEntity
  8
0
100
AcDbBlockBegin
  2
*D15
 70
     1
 10
0.0
 20
0.0
 30
0.0
  3
*D15
  1

  0
LINE
  5
304
330
302
100
AcDbEntity
  8
S-ANNO-DIMS
 62
     8
440
 16777216
370
    -2
100
AcDbLine
 10
790.7488789522103
 20
4394.365859553454
 30
0.0
 11
-16.31239050302899
 21
4394.365859553454
 31
0.0
  0
LINE
  5
305
330
302
100
AcDbEntity
  8
S-ANNO-DIMS
 62
     8
440
 16777216
370
    -2
100
AcDbLine
 10
756.7488789522103
 20
4454.365859553454
 30
0.0
 11
-16.31239050302898
 21
4454.365859553454
 31
0.0
  0
LINE
  5
306
330
302
100
AcDbEntity
  8
S-ANNO-DIMS
 62
     8
440
 16777216
370
    -2
100
AcDbLine
 10
3.687609496970947
 20
4344.365859553454
 30
0.0
 11
3.687609496970936
 21
4294.365859553454
 31
0.0
  0
LINE
  5
307
330
302
100
AcDbEntity
  8
S-ANNO-DIMS
 62
     8
440
 16777216
370
    -2
100
AcDbLine
 10
3.687609496970982
 20
4504.365859553455
 30
0.0
 11
3.687609496970993
 21
4554.365859553454
 31
0.0
  0
INSERT
  5
308
330
302
100
AcDbEntity
  8
S-ANNO-DIMS
 62
     8
440
 16777216
370
    -2
100
AcDbBlockReference
  2
DIM1
 10
3.687609496970958
 20
4394.365859553454
 30
0.0
 41
50.0
 42
50.0
 43
50.0
 50
90.0
  0
INSERT
  5
309
330
302
100
AcDbEntity
  8
S-ANNO-DIMS
 62
     8
440
 16777216
370
    -2
100
AcDbBlockReference
  2
DIM1
 10
3.687609496970971
 20
4454.365859553454
 30
0.0
 41
50.0
 42
50.0
 43
50.0
 50
270.0
  0
MTEXT
  5
30A
330
302
100
AcDbEntity
  8
S-ANNO-DIMS
 62
     3
440
 16777216
100
AcDbMText
 10
-41.31239050302975
 20
4424.365859553454
 30
0.0
 40
50.0
 41
0.0
 46
0.0
 71
     5
 72
     1
  1
\A1;30
  7
ROMANS
 11
0.0000000000000001
 21
1.0
 31
0.0
 73
     1
 44
1.0
  0
POINT
  5
30B
330
302
100
AcDbEntity
  8
DEFPOINTS
 62
     0
440
 16777216
100
AcDbPoint
 10
810.7488789522104
 20
4394.365859553454
 30
0.0
  0
POINT
  5
30C
330
302
100
AcDbEntity
  8
DEFPOINTS
 62
     0
440
 16777216
100
AcDbPoint
 10
776.7488789522103
 20
4454.365859553454
 30
0.0
  0
POINT
  5
30D
330
302
100
AcDbEntity
  8
DEFPOINTS
 62
     0
440
 16777216
100
AcDbPoint
 10
3.687609496970971
 20
4454.365859553454
 30
0.0
  0
ENDBLK
  5
30E
330
302
100
AcDbEntity
  8
0
100
AcDbBlockEnd
  0
BLOCK
  5
310
330
30F
100
AcDbEntity
  8
0
100
AcDbBlockBegin
  2
*D16
 70
     1
 10
0.0
 20
0.0
 30
0.0
  3
*D16
  1

  0
LINE
  5
311
330
30F
100
AcDbEntity
  8
S-ANNO-DIMS
 62
     8
440
 16777216
370
    -2
100
AcDbLine
 10
790.7488789522103
 20
4294.365859553454
 30
0.0
 11
-131.4314832831944
 21
4294.365859553454
 31
0.0
  0
LINE
  5
312
330
30F
100
AcDbEntity
  8
S-ANNO-DIMS
 62
     8
440
 16777216
370
    -2
100
AcDbLine
 10
790.7488789522103
 20
4394.365859553454
 30
0.0
 11
-131.4314832831944
 21
4394.365859553454
 31
0.0
  0
LINE
  5
313
330
30F
100
AcDbEntity
  8
S-ANNO-DIMS
 62
     8
440
 16777216
370
    -2
100
AcDbLine
 10
-111.4314832831944
 20
4244.365859553454
 30
0.0
 11
-111.4314832831944
 21
4194.365859553454
 31
0.0
  0
LINE
  5
314
330
30F
100
AcDbEntity
  8
S-ANNO-DIMS
 62
     8
440
 16777216
370
    -2
100
AcDbLine
 10
-111.4314832831944
 20
4444.365859553454
 30
0.0
 11
-111.4314832831944
 21
4494.365859553454
 31
0.0
  0
INSERT
  5
315
330
30F
100
AcDbEntity
  8
S-ANNO-DIMS
 62
     8
440
 16777216
370
    -2
100
AcDbBlockReference
  2
DIM1
 10
-111.4314832831944
 20
4294.365859553454
 30
0.0
 41
50.0
 42
50.0
 43
50.0
 50
90.0
  0
INSERT
  5
316
330
30F
100
AcDbEntity
  8
S-ANNO-DIMS
 62
     8
440
 16777216
370
    -2
100
AcDbBlockReference
  2
DIM1
 10
-111.4314832831944
 20
4394.365859553454
 30
0.0
 41
50.0
 42
50.0
 43
50.0
 50
270.0
  0
MTEXT
  5
317
330
30F
100
AcDbEntity
  8
S-ANNO-DIMS
 62
     3
440
 16777216
100
AcDbMText
 10
-156.4314832831951
 20
4344.365859553454
 30
0.0
 40
50.0
 41
0.0
 46
0.0
 71
     5
 72
     1
  1
\A1;50
  7
ROMANS
 11
0.0000000000000001
 21
1.0
 31
0.0
 73
     1
 44
1.0
  0
POINT
  5
318
330
30F
100
AcDbEntity
  8
DEFPOINTS
 62
     0
440
 16777216
100
AcDbPoint
 10
810.7488789522104
 20
4294.365859553454
 30
0.0
  0
POINT
  5
319
330
30F
100
AcDbEntity
  8
DEFPOINTS
 62
     0
440
 16777216
100
AcDbPoint
 10
810.7488789522104
 20
4394.365859553454
 30
0.0
  0
POINT
  5
31A
330
30F
100
AcDbEntity
  8
DEFPOINTS
 62
     0
440
 16777216
100
AcDbPoint
 10
-111.4314832831944
 20
4394.365859553454
 30
0.0
  0
ENDBLK
  5
31B
330
30F
100
AcDbEntity
  8
0
100
AcDbBlockEnd
  0
BLOCK
  5
31D
330
31C
100
AcDbEntity
  8
0
100
AcDbBlockBegin
  2
*D17
 70
     1
 10
0.0
 20
0.0
 30
0.0
  3
*D17
  1

  0
LINE
  5
31E
330
31C
100
AcDbEntity
  8
S-ANNO-DIMS
 62
     8
440
 16777216
370
    -2
100
AcDbLine
 10
151.7407572809388
 20
4204.365859553454
 30
0.0
 11
-16.31239050302907
 21
4204.365859553454
 31
0.0
  0
LINE
  5
31F
330
31C
100
AcDbEntity
  8
S-ANNO-DIMS
 62
     8
440
 16777216
370
    -2
100
AcDbLine
 10
790.7488789522103
 20
4294.365859553454
 30
0.0
 11
-16.31239050302902
 21
4294.365859553454
 31
0.0
  0
LINE
  5
320
330
31C
100
AcDbEntity
  8
S-ANNO-DIMS
 62
     8
440
 16777216
370
    -2
100
AcDbLine
 10
3.687609496970915
 20
4154.365859553454
 30
0.0
 11
3.687609496970904
 21
4104.365859553454
 31
0.0
  0
LINE
  5
321
330
31C
100
AcDbEntity
  8
S-ANNO-DIMS
 62
     8
440
 16777216
370
    -2
100
AcDbLine
 10
3.687609496970957
 20
4344.365859553454
 30
0.0
 11
3.687609496970968
 21
4394.365859553454
 31
0.0
  0
INSERT
  5
322
330
31C
100
AcDbEntity
  8
S-ANNO-DIMS
 62
     8
440
 16777216
370
    -2
100
AcDbBlockReference
  2
DIM1
 10
3.687609496970926
 20
4204.365859553454
 30
0.0
 41
50.0
 42
50.0
 43
50.0
 50
90.0
  0
INSERT
  5
323
330
31C
100
AcDbEntity
  8
S-ANNO-DIMS
 62
     8
440
 16777216
370
    -2
100
AcDbBlockReference
  2
DIM1
 10
3.687609496970946
 20
4294.365859553454
 30
0.0
 41
50.0
 42
50.0
 43
50.0
 50
270.0
  0
MTEXT
  5
324
330
31C
100
AcDbEntity
  8
S-ANNO-DIMS
 62
     3
440
 16777216
100
AcDbMText
 10
-41.31239050302975
 20
4249.365859553455
 30
0.0
 40
50.0
 41
0.0
 46
0.0
 71
     5
 72
     1
  1
\A1;45
  7
ROMANS
 11
0.0000000000000001
 21
1.0
 31
0.0
 73
     1
 44
1.0
  0
POINT
  5
325
330
31C
100
AcDbEntity
  8
DEFPOINTS
 62
     0
440
 16777216
100
AcDbPoint
 10
171.7407572809388
 20
4204.365859553454
 30
0.0
  0
POINT
  5
326
330
31C
100
AcDbEntity
  8
DEFPOINTS
 62
     0
440
 16777216
100
AcDbPoint
 10
810.7488789522104
 20
4294.365859553454
 30
0.0
  0
POINT
  5
327
330
31C
100
AcDbEntity
  8
DEFPOINTS
 62
     0
440
 16777216
100
AcDbPoint
 10
3.687609496970946
 20
4294.365859553454
 30
0.0
  0
ENDBLK
  5
328
330
31C
100
AcDbEntity
  8
0
100
AcDbBlockEnd
  0
BLOCK
  5
32A
330
329
100
AcDbEntity
  8
0
100
AcDbBlockBegin
  2
*D18
 70
     1
 10
0.0
 20
0.0
 30
0.0
  3
*D18
  1

  0
LINE
  5
32B
330
329
100
AcDbEntity
  8
S-ANNO-DIMS
 62
     8
440
 16777216
370
    -2
100
AcDbLine
 10
-2513.988457784574
 20
4462.949125932813
 30
0.0
 11
-2227.308754397807
 21
3985.833977559518
 31
0.0
  0
LINE
  5
32C
330
329
100
AcDbEntity
  8
S-ANNO-DIMS
 62
     8
440
 16777216
370
    -2
100
AcDbLine
 10
-2342.554997644088
 20
4565.956740914894
 30
0.0
 11
-2055.875294255367
 21
4088.841592538344
 31
0.0
  0
LINE
  5
32D
330
329
100
AcDbEntity
  8
S-ANNO-DIMS
 62
     8
440
 16777216
370
    -2
100
AcDbLine
 10
-2194.751150860094
 20
4028.729227318449
 30
0.0
 11
-2109.034420788836
 21
4080.233034807885
 31
0.0
  0
INSERT
  5
32E
330
329
100
AcDbEntity
  8
S-ANNO-DIMS
 62
     8
440
 16777216
370
    -2
100
AcDbBlockReference
  2
DIM1
 10
-2237.609515895685
 20
4002.977323573754
 30
0.0
 41
50.0
 42
50.0
 43
50.0
 50
210.9999999989202
  0
INSERT
  5
32F
330
329
100
AcDbEntity
  8
S-ANNO-DIMS
 62
     8
440
 16777216
370
    -2
100
AcDbBlockReference
  2
DIM1
 10
-2066.176055753244
 20
4105.984938552579
 30
0.0
 41
50.0
 42
50.0
 43
50.0
 50
30.99999999892018
  0
MTEXT
  5
330
330
329
100
AcDbEntity
  8
S-ANNO-DIMS
 62
     3
440
 16777216
100
AcDbMText
 10
-2175.069499194691
 20
4093.053659595199
 30
0.0
 40
50.0
 41
0.0
 46
0.0
 71
     5
 72
     1
  1
\A1;200
  7
ROMANS
 11
0.8571673007118189
 21
0.5150380748938998
 31
0.0
 73
     1
 44
1.0
  0
POINT
  5
331
330
329
100
AcDbEntity
  8
DEFPOINTS
 62
     0
440
 16777216
100
AcDbPoint
 10
-2524.289219282452
 20
4480.092471947049
 30
0.0
  0
POINT
  5
332
330
329
100
AcDbEntity
  8
DEFPOINTS
 62
     0
440
 16777216
100
AcDbPoint
 10
-2352.855759141966
 20
4583.100086929131
 30
0.0
  0
POINT
  5
333
330
329
100
AcDbEntity
  8
DEFPOINTS
 62
     0
440
 16777216
100
AcDbPoint
 10
-2066.176055753244
 20
4105.984938552579
 30
0.0
  0
ENDBLK
  5
334
330
329
100
AcDbEntity
  8
0
100
AcDbBlockEnd
  0
BLOCK
  5
336
330
335
100
AcDbEntity
  8
0
100
AcDbBlockBegin
  2
*D19
 70
     1
 10
0.0
 20
0.0
 30
0.0
  3
*D19
  1

  0
LINE
  5
337
330
335
100
AcDbEntity
  8
S-ANNO-DIMS
 62
     8
440
 16777216
370
    -2
100
AcDbLine
 10
-2505.571700619924
 20
4712.999437268058
 30
0.0
 11
-2795.846591474744
 21
4538.584686659567
 31
0.0
  0
LINE
  5
338
330
335
100
AcDbEntity
  8
S-ANNO-DIMS
 62
     8
440
 16777216
370
    -2
100
AcDbLine
 10
-2541.616988918669
 20
4761.33924686087
 30
0.0
 11
-2826.748875969573
 21
4590.014724701686
 31
0.0
  0
LINE
  5
339
330
335
100
AcDbEntity
  8
S-ANNO-DIMS
 62
     8
440
 16777216
370
    -2
100
AcDbLine
 10
-2752.951341715092
 20
4506.027083122805
 30
0.0
 11
-2727.199437969447
 21
4463.168718087785
 31
0.0
  0
LINE
  5
33A
330
335
100
AcDbEntity
  8
S-ANNO-DIMS
 62
     8
440
 16777216
370
    -2
100
AcDbLine
 10
-2835.357433701209
 20
4643.173851234965
 30
0.0
 11
-2919.235063044165
 21
4782.769668777603
 31
0.0
  0
INSERT
  5
33B
330
335
100
AcDbEntity
  8
S-ANNO-DIMS
 62
     8
440
 16777216
370
    -2
100
AcDbBlockReference
  2
DIM1
 10
-2778.703245460736
 20
4548.885448157825
 30
0.0
 41
50.0
 42
50.0
 43
50.0
 50
121.0000000001892
  0
INSERT
  5
33C
330
335
100
AcDbEntity
  8
S-ANNO-DIMS
 62
     8
440
 16777216
370
    -2
100
AcDbBlockReference
  2
DIM1
 10
-2809.605529955565
 20
4600.315486199944
 30
0.0
 41
50.0
 42
50.0
 43
50.0
 50
301.0000000001892
  0
MTEXT
  5
33D
330
335
100
AcDbEntity
  8
S-ANNO-DIMS
 62
     3
440
 16777216
100
AcDbMText
 10
-2851.599671713991
 20
4757.577655894874
 30
0.0
 40
50.0
 41
0.0
 46
0.0
 71
     5
 72
     1
  1
\A1;30
  7
ROMANS
 11
0.5150380749128857
 21
-0.8571673007004109
 31
0.0
 73
     1
 44
1.0
  0
POINT
  5
33E
330
335
100
AcDbEntity
  8
DEFPOINTS
 62
     0
440
 16777216
100
AcDbPoint
 10
-2488.428354605916
 20
4723.300198766315
 30
0.0
  0
POINT
  5
33F
330
335
100
AcDbEntity
  8
DEFPOINTS
 62
     0
440
 16777216
100
AcDbPoint
 10
-2524.473642904661
 20
4771.640008359129
 30
0.0
  0
POINT
  5
340
330
335
100
AcDbEntity
  8
DEFPOINTS
 62
     0
440
 16777216
100
AcDbPoint
 10
-2809.605529955565
 20
4600.315486199944
 30
0.0
  0
ENDBLK
  5
341
330
335
100
AcDbEntity
  8
0
100
AcDbBlockEnd
  0
BLOCK
  5
343
330
342
100
AcDbEntity
  8
0
100
AcDbBlockBegin
  2
*D20
 70
     1
 10
0.0
 20
0.0
 30
0.0
  3
*D20
  1

  0
LINE
  5
344
330
342
100
AcDbEntity
  8
S-ANNO-DIMS
 62
     8
440
 16777216
370
    -2
100
AcDbLine
 10
-2566.582946045482
 20
4454.679837103109
 30
0.0
 11
-2697.989357237708
 21
4375.722899529367
 31
0.0
  0
LINE
  5
345
330
342
100
AcDbEntity
  8
S-ANNO-DIMS
 62
     8
440
 16777216
370
    -2
100
AcDbLine
 10
-2454.067893128768
 20
4627.282707197932
 30
0.0
 11
-2744.342783979547
 21
4452.86795659187
 31
0.0
  0
LINE
  5
346
330
342
100
AcDbEntity
  8
S-ANNO-DIMS
 62
     8
440
 16777216
370
    -2
100
AcDbLine
 10
-2752.951341711183
 20
4506.027083125149
 30
0.0
 11
-2778.703245456827
 21
4548.885448160169
 31
0.0
  0
LINE
  5
347
330
342
100
AcDbEntity
  8
S-ANNO-DIMS
 62
     8
440
 16777216
370
    -2
100
AcDbLine
 10
-2655.094107478055
 20
4343.165295992604
 30
0.0
 11
-2571.216478133957
 21
4203.569478448065
 31
0.0
  0
INSERT
  5
348
330
342
100
AcDbEntity
  8
S-ANNO-DIMS
 62
     8
440
 16777216
370
    -2
100
AcDbBlockReference
  2
DIM1
 10
-2727.199437965538
 20
4463.168718090128
 30
0.0
 41
50.0
 42
50.0
 43
50.0
 50
301.0000000001892
  0
INSERT
  5
349
330
342
100
AcDbEntity
  8
S-ANNO-DIMS
 62
     8
440
 16777216
370
    -2
100
AcDbBlockReference
  2
DIM1
 10
-2680.8460112237
 20
4386.023661027625
 30
0.0
 41
50.0
 42
50.0
 43
50.0
 50
121.0000000001892
  0
MTEXT
  5
34A
330
342
100
AcDbEntity
  8
S-ANNO-DIMS
 62
     3
440
 16777216
100
AcDbMText
 10
-2561.706812401093
 20
4275.114918072954
 30
0.0
 40
50.0
 41
0.0
 46
0.0
 71
     5
 72
     1
  1
\A1;45
  7
ROMANS
 11
0.5150380749128857
 21
-0.8571673007004109
 31
0.0
 73
     1
 44
1.0
  0
POINT
  5
34B
330
342
100
AcDbEntity
  8
DEFPOINTS
 62
     0
440
 16777216
100
AcDbPoint
 10
-2549.439600031474
 20
4464.980598601367
 30
0.0
  0
POINT
  5
34C
330
342
100
AcDbEntity
  8
DEFPOINTS
 62
     0
440
 16777216
100
AcDbPoint
 10
-2436.924547114759
 20
4637.58346869619
 30
0.0
  0
POINT
  5
34D
330
342
100
AcDbEntity
  8
DEFPOINTS
 62
     0
440
 16777216
100
AcDbPoint
 10
-2727.199437965538
 20
4463.168718090128
 30
0.0
  0
ENDBLK
  5
34E
330
342
100
AcDbEntity
  8
0
100
AcDbBlockEnd
  0
BLOCK
  5
350
330
34F
100
AcDbEntity
  8
0
100
AcDbBlockBegin
  2
*D21
 70
     1
 10
0.0
 20
0.0
 30
0.0
  3
*D21
  1

  0
LINE
  5
351
330
34F
100
AcDbEntity
  8
S-ANNO-DIMS
 62
     8
440
 16777216
370
    -2
100
AcDbLine
 10
702.8653463949449
 20
1206.453371485553
 30
0.0
 11
-155.2960819730069
 21
1206.453371485553
 31
0.0
  0
LINE
  5
352
330
34F
100
AcDbEntity
  8
S-ANNO-DIMS
 62
     8
440
 16777216
370
    -2
100
AcDbLine
 10
127.857224723557
 20
956.4533714855533
 30
0.0
 11
-155.2960819730069
 21
956.4533714855533
 31
0.0
  0
LINE
  5
353
330
34F
100
AcDbEntity
  8
S-ANNO-DIMS
 62
     8
440
 16777216
370
    -2
100
AcDbLine
 10
-135.2960819730069
 20
1156.453371485553
 30
0.0
 11
-135.2960819730069
 21
1006.453371485553
 31
0.0
  0
INSERT
  5
354
330
34F
100
AcDbEntity
  8
S-ANNO-DIMS
 62
     8
440
 16777216
370
    -2
100
AcDbBlockReference
  2
DIM1
 10
-135.2960819730069
 20
1206.453371485553
 30
0.0
 41
50.0
 42
50.0
 43
50.0
 50
90.0
  0
INSERT
  5
355
330
34F
100
AcDbEntity
  8
S-ANNO-DIMS
 62
     8
440
 16777216
370
    -2
100
AcDbBlockReference
  2
DIM1
 10
-135.2960819730069
 20
956.4533714855533
 30
0.0
 41
50.0
 42
50.0
 43
50.0
 50
270.0
  0
MTEXT
  5
356
330
34F
100
AcDbEntity
  8
S-ANNO-DIMS
 62
     3
440
 16777216
100
AcDbMText
 10
-180.2960819730071
 20
1081.453371485553
 30
0.0
 40
50.0
 41
0.0
 46
0.0
 71
     5
 72
     1
  1
\A1;125
  7
ROMANS
 11
0.0000000000000001
 21
1.0
 31
0.0
 73
     1
 44
1.0
  0
POINT
  5
357
330
34F
100
AcDbEntity
  8
DEFPOINTS
 62
     0
440
 16777216
100
AcDbPoint
 10
722.8653463949449
 20
1206.453371485553
 30
0.0
  0
POINT
  5
358
330
34F
100
AcDbEntity
  8
DEFPOINTS
 62
     0
440
 16777216
100
AcDbPoint
 10
147.857224723557
 20
956.4533714855533
 30
0.0
  0
POINT
  5
359
330
34F
100
AcDbEntity
  8
DEFPOINTS
 62
     0
440
 16777216
100
AcDbPoint
 10
-135.2960819730069
 20
956.4533714855533
 30
0.0
  0
ENDBLK
  5
35A
330
34F
100
AcDbEntity
  8
0
100
AcDbBlockEnd
  0
BLOCK
  5
35C
330
35B
100
AcDbEntity
  8
0
100
AcDbBlockBegin
  2
*D22
 70
     1
 10
0.0
 20
0.0
 30
0.0
  3
*D22
  1

  0
LINE
  5
35D
330
35B
100
AcDbEntity
  8
S-ANNO-DIMS
 62
     8
440
 16777216
370
    -2
100
AcDbLine
 10
1002.865346394945
 20
1192.453371485553
 30
0.0
 11
1002.865346394945
 21
1595.597243944216
 31
0.0
  0
LINE
  5
35E
330
35B
100
AcDbEntity
  8
S-ANNO-DIMS
 62
     8
440
 16777216
370
    -2
100
AcDbLine
 10
1082.865346394945
 20
1226.453371485553
 30
0.0
 11
1082.865346394945
 21
1595.597243944216
 31
0.0
  0
LINE
  5
35F
330
35B
100
AcDbEntity
  8
S-ANNO-DIMS
 62
     8
440
 16777216
370
    -2
100
AcDbLine
 10
952.8653463949449
 20
1575.597243944216
 30
0.0
 11
902.8653463949449
 21
1575.597243944216
 31
0.0
  0
LINE
  5
360
330
35B
100
AcDbEntity
  8
S-ANNO-DIMS
 62
     8
440
 16777216
370
    -2
100
AcDbLine
 10
1132.865346394945
 20
1575.597243944216
 30
0.0
 11
1182.865346394945
 21
1575.597243944216
 31
0.0
  0
INSERT
  5
361
330
35B
100
AcDbEntity
  8
S-ANNO-DIMS
 62
     8
440
 16777216
370
    -2
100
AcDbBlockReference
  2
DIM1
 10
1002.865346394945
 20
1575.597243944216
 30
0.0
 41
50.0
 42
50.0
 43
50.0
  0
INSERT
  5
362
330
35B
100
AcDbEntity
  8
S-ANNO-DIMS
 62
     8
440
 16777216
370
    -2
100
AcDbBlockReference
  2
DIM1
 10
1082.865346394945
 20
1575.597243944216
 30
0.0
 41
50.0
 42
50.0
 43
50.0
 50
180.0
  0
MTEXT
  5
363
330
35B
100
AcDbEntity
  8
S-ANNO-DIMS
 62
     3
440
 16777216
100
AcDbMText
 10
1042.865346394945
 20
1620.597243944216
 30
0.0
 40
50.0
 41
0.0
 46
0.0
 71
     5
 72
     1
  1
\A1;40
  7
ROMANS
 73
     1
 44
1.0
  0
POINT
  5
364
330
35B
100
AcDbEntity
  8
DEFPOINTS
 62
     0
440
 16777216
100
AcDbPoint
 10
1002.865346394945
 20
1172.453371485553
 30
0.0
  0
POINT
  5
365
330
35B
100
AcDbEntity
  8
DEFPOINTS
 62
     0
440
 16777216
100
AcDbPoint
 10
1082.865346394945
 20
1206.453371485553
 30
0.0
  0
POINT
  5
366
330
35B
100
AcDbEntity
  8
DEFPOINTS
 62
     0
440
 16777216
100
AcDbPoint
 10
1082.865346394945
 20
1575.597243944216
 30
0.0
  0
ENDBLK
  5
367
330
35B
100
AcDbEntity
  8
0
100
AcDbBlockEnd
  0
BLOCK
  5
369
330
368
100
AcDbEntity
  8
0
100
AcDbBlockBegin
  2
*D23
 70
     1
 10
0.0
 20
0.0
 30
0.0
  3
*D23
  1

  0
LINE
  5
36A
330
368
100
AcDbEntity
  8
S-ANNO-DIMS
 62
     8
440
 16777216
370
    -2
100
AcDbLine
 10
802.8653463949449
 20
1192.453371485553
 30
0.0
 11
802.8653463949449
 21
1595.597243944216
 31
0.0
  0
LINE
  5
36B
330
368
100
AcDbEntity
  8
S-ANNO-DIMS
 62
     8
440
 16777216
370
    -2
100
AcDbLine
 10
1002.865346394945
 20
1192.453371485553
 30
0.0
 11
1002.865346394945
 21
1595.597243944216
 31
0.0
  0
LINE
  5
36C
330
368
100
AcDbEntity
  8
S-ANNO-DIMS
 62
     8
440
 16777216
370
    -2
100
AcDbLine
 10
852.8653463949449
 20
1575.597243944216
 30
0.0
 11
952.8653463949449
 21
1575.597243944216
 31
0.0
  0
INSERT
  5
36D
330
368
100
AcDbEntity
  8
S-ANNO-DIMS
 62
     8
440
 16777216
370
    -2
100
AcDbBlockReference
  2
DIM1
 10
802.8653463949449
 20
1575.597243944216
 30
0.0
 41
50.0
 42
50.0
 43
50.0
 50
180.0
  0
INSERT
  5
36E
330
368
100
AcDbEntity
  8
S-ANNO-DIMS
 62
     8
440
 16777216
370
    -2
100
AcDbBlockReference
  2
DIM1
 10
1002.865346394945
 20
1575.597243944216
 30
0.0
 41
50.0
 42
50.0
 43
50.0
  0
MTEXT
  5
36F
330
368
100
AcDbEntity
  8
S-ANNO-DIMS
 62
     3
440
 16777216
100
AcDbMText
 10
902.8653463949449
 20
1620.597243944216
 30
0.0
 40
50.0
 41
0.0
 46
0.0
 71
     5
 72
     1
  1
\A1;100
  7
ROMANS
 73
     1
 44
1.0
  0
POINT
  5
370
330
368
100
AcDbEntity
  8
DEFPOINTS
 62
     0
440
 16777216
100
AcDbPoint
 10
802.8653463949449
 20
1172.453371485553
 30
0.0
  0
POINT
  5
371
330
368
100
AcDbEntity
  8
DEFPOINTS
 62
     0
440
 16777216
100
AcDbPoint
 10
1002.865346394945
 20
1172.453371485553
 30
0.0
  0
POINT
  5
372
330
368
100
AcDbEntity
  8
DEFPOINTS
 62
     0
440
 16777216
100
AcDbPoint
 10
1002.865346394945
 20
1575.597243944216
 30
0.0
  0
ENDBLK
  5
373
330
368
100
AcDbEntity
  8
0
100
AcDbBlockEnd
  0
BLOCK
  5
375
330
374
100
AcDbEntity
  8
0
100
AcDbBlockBegin
  2
*D24
 70
     1
 10
0.0
 20
0.0
 30
0.0
  3
*D24
  1

  0
LINE
  5
376
330
374
100
AcDbEntity
  8
S-ANNO-DIMS
 62
     8
440
 16777216
370
    -2
100
AcDbLine
 10
722.8653463949449
 20
1226.453371485553
 30
0.0
 11
722.8653463949449
 21
1755.597243944215
 31
0.0
  0
LINE
  5
377
330
374
100
AcDbEntity
  8
S-ANNO-DIMS
 62
     8
440
 16777216
370
    -2
100
AcDbLine
 10
1082.865346394945
 20
1226.453371485553
 30
0.0
 11
1082.865346394945
 21
1755.597243944215
 31
0.0
  0
LINE
  5
378
330
374
100
AcDbEntity
  8
S-ANNO-DIMS
 62
     8
440
 16777216
370
    -2
100
AcDbLine
 10
772.8653463949449
 20
1735.597243944216
 30
0.0
 11
1032.865346394945
 21
1735.597243944216
 31
0.0
  0
INSERT
  5
379
330
374
100
AcDbEntity
  8
S-ANNO-DIMS
 62
     8
440
 16777216
370
    -2
100
AcDbBlockReference
  2
DIM1
 10
722.8653463949449
 20
1735.597243944216
 30
0.0
 41
50.0
 42
50.0
 43
50.0
 50
180.0
  0
INSERT
  5
37A
330
374
100
AcDbEntity
  8
S-ANNO-DIMS
 62
     8
440
 16777216
370
    -2
100
AcDbBlockReference
  2
DIM1
 10
1082.865346394945
 20
1735.597243944216
 30
0.0
 41
50.0
 42
50.0
 43
50.0
  0
MTEXT
  5
37B
330
374
100
AcDbEntity
  8
S-ANNO-DIMS
 62
     3
440
 16777216
100
AcDbMText
 10
902.8653463949449
 20
1780.597243944216
 30
0.0
 40
50.0
 41
0.0
 46
0.0
 71
     5
 72
     1
  1
\A1;180
  7
ROMANS
 73
     1
 44
1.0
  0
POINT
  5
37C
330
374
100
AcDbEntity
  8
DEFPOINTS
 62
     0
440
 16777216
100
AcDbPoint
 10
722.8653463949449
 20
1206.453371485553
 30
0.0
  0
POINT
  5
37D
330
374
100
AcDbEntity
  8
DEFPOINTS
 62
     0
440
 16777216
100
AcDbPoint
 10
1082.865346394945
 20
1206.453371485553
 30
0.0
  0
POINT
  5
37E
330
374
100
AcDbEntity
  8
DEFPOINTS
 62
     0
440
 16777216
100
AcDbPoint
 10
1082.865346394945
 20
1735.597243944216
 30
0.0
  0
ENDBLK
  5
37F
330
374
100
AcDbEntity
  8
0
100
AcDbBlockEnd
  0
BLOCK
  5
381
330
380
100
AcDbEntity
  8
0
100
AcDbBlockBegin
  2
*D25
 70
     1
 10
0.0
 20
0.0
 30
0.0
  3
*D25
  1

  0
LINE
  5
382
330
380
100
AcDbEntity
  8
S-ANNO-DIMS
 62
     8
440
 16777216
370
    -2
100
AcDbLine
 10
722.8653463949449
 20
1226.453371485553
 30
0.0
 11
722.8653463949449
 21
1595.597243944216
 31
0.0
  0
LINE
  5
383
330
380
100
AcDbEntity
  8
S-ANNO-DIMS
 62
     8
440
 16777216
370
    -2
100
AcDbLine
 10
802.8653463949449
 20
1192.453371485553
 30
0.0
 11
802.8653463949449
 21
1595.597243944216
 31
0.0
  0
LINE
  5
384
330
380
100
AcDbEntity
  8
S-ANNO-DIMS
 62
     8
440
 16777216
370
    -2
100
AcDbLine
 10
672.8653463949449
 20
1575.597243944216
 30
0.0
 11
622.8653463949449
 21
1575.597243944216
 31
0.0
  0
LINE
  5
385
330
380
100
AcDbEntity
  8
S-ANNO-DIMS
 62
     8
440
 16777216
370
    -2
100
AcDbLine
 10
852.8653463949449
 20
1575.597243944216
 30
0.0
 11
902.8653463949449
 21
1575.597243944216
 31
0.0
  0
INSERT
  5
386
330
380
100
AcDbEntity
  8
S-ANNO-DIMS
 62
     8
440
 16777216
370
    -2
100
AcDbBlockReference
  2
DIM1
 10
722.8653463949449
 20
1575.597243944216
 30
0.0
 41
50.0
 42
50.0
 43
50.0
  0
INSERT
  5
387
330
380
100
AcDbEntity
  8
S-ANNO-DIMS
 62
     8
440
 16777216
370
    -2
100
AcDbBlockReference
  2
DIM1
 10
802.8653463949449
 20
1575.597243944216
 30
0.0
 41
50.0
 42
50.0
 43
50.0
 50
180.0
  0
MTEXT
  5
388
330
380
100
AcDbEntity
  8
S-ANNO-DIMS
 62
     3
440
 16777216
100
AcDbMText
 10
762.8653463949449
 20
1620.597243944216
 30
0.0
 40
50.0
 41
0.0
 46
0.0
 71
     5
 72
     1
  1
\A1;40
  7
ROMANS
 73
     1
 44
1.0
  0
POINT
  5
389
330
380
100
AcDbEntity
  8
DEFPOINTS
 62
     0
440
 16777216
100
AcDbPoint
 10
722.8653463949449
 20
1206.453371485553
 30
0.0
  0
POINT
  5
38A
330
380
100
AcDbEntity
  8
DEFPOINTS
 62
     0
440
 16777216
100
AcDbPoint
 10
802.8653463949449
 20
1172.453371485553
 30
0.0
  0
POINT
  5
38B
330
380
100
AcDbEntity
  8
DEFPOINTS
 62
     0
440
 16777216
100
AcDbPoint
 10
802.8653463949449
 20
1575.597243944216
 30
0.0
  0
ENDBLK
  5
38C
330
380
100
AcDbEntity
  8
0
100
AcDbBlockEnd
  0
BLOCK
  5
38E
330
38D
100
AcDbEntity
  8
0
100
AcDbBlockBegin
  2
*D26
 70
     1
 10
0.0
 20
0.0
 30
0.0
  3
*D26
  1

  0
LINE
  5
38F
330
38D
100
AcDbEntity
  8
S-ANNO-DIMS
 62
     8
440
 16777216
370
    -2
100
AcDbLine
 10
746.8653463949449
 20
1136.453371485553
 30
0.0
 11
4.703918026993189
 21
1136.453371485553
 31
0.0
  0
LINE
  5
390
330
38D
100
AcDbEntity
  8
S-ANNO-DIMS
 62
     8
440
 16777216
370
    -2
100
AcDbLine
 10
702.8653463949449
 20
1206.453371485553
 30
0.0
 11
4.703918026993205
 21
1206.453371485553
 31
0.0
  0
LINE
  5
391
330
38D
100
AcDbEntity
  8
S-ANNO-DIMS
 62
     8
440
 16777216
370
    -2
100
AcDbLine
 10
24.70391802699322
 20
1086.453371485553
 30
0.0
 11
24.70391802699321
 21
1036.453371485553
 31
0.0
  0
LINE
  5
392
330
38D
100
AcDbEntity
  8
S-ANNO-DIMS
 62
     8
440
 16777216
370
    -2
100
AcDbLine
 10
24.70391802699326
 20
1256.453371485553
 30
0.0
 11
24.70391802699327
 21
1306.453371485553
 31
0.0
  0
INSERT
  5
393
330
38D
100
AcDbEntity
  8
S-ANNO-DIMS
 62
     8
440
 16777216
370
    -2
100
AcDbBlockReference
  2
DIM1
 10
24.70391802699323
 20
1136.453371485553
 30
0.0
 41
50.0
 42
50.0
 43
50.0
 50
90.0
  0
INSERT
  5
394
330
38D
100
AcDbEntity
  8
S-ANNO-DIMS
 62
     8
440
 16777216
370
    -2
100
AcDbBlockReference
  2
DIM1
 10
24.70391802699325
 20
1206.453371485553
 30
0.0
 41
50.0
 42
50.0
 43
50.0
 50
270.0
  0
MTEXT
  5
395
330
38D
100
AcDbEntity
  8
S-ANNO-DIMS
 62
     3
440
 16777216
100
AcDbMText
 10
-20.29608197300695
 20
1171.453371485553
 30
0.0
 40
50.0
 41
0.0
 46
0.0
 71
     5
 72
     1
  1
\A1;35
  7
ROMANS
 11
0.0000000000000001
 21
1.0
 31
0.0
 73
     1
 44
1.0
  0
POINT
  5
396
330
38D
100
AcDbEntity
  8
DEFPOINTS
 62
     0
440
 16777216
100
AcDbPoint
 10
766.8653463949449
 20
1136.453371485553
 30
0.0
  0
POINT
  5
397
330
38D
100
AcDbEntity
  8
DEFPOINTS
 62
     0
440
 16777216
100
AcDbPoint
 10
722.8653463949449
 20
1206.453371485553
 30
0.0
  0
POINT
  5
398
330
38D
100
AcDbEntity
  8
DEFPOINTS
 62
     0
440
 16777216
100
AcDbPoint
 10
24.70391802699325
 20
1206.453371485553
 30
0.0
  0
ENDBLK
  5
399
330
38D
100
AcDbEntity
  8
0
100
AcDbBlockEnd
  0
BLOCK
  5
39B
330
39A
100
AcDbEntity
  8
0
100
AcDbBlockBegin
  2
*D27
 70
     1
 10
0.0
 20
0.0
 30
0.0
  3
*D27
  1

  0
LINE
  5
39C
330
39A
100
AcDbEntity
  8
S-ANNO-DIMS
 62
     8
440
 16777216
370
    -2
100
AcDbLine
 10
127.857224723557
 20
956.4533714855533
 30
0.0
 11
4.703918026993007
 21
956.4533714855533
 31
0.0
  0
LINE
  5
39D
330
39A
100
AcDbEntity
  8
S-ANNO-DIMS
 62
     8
440
 16777216
370
    -2
100
AcDbLine
 10
746.8653463949449
 20
1136.453371485553
 30
0.0
 11
4.703918026993076
 21
1136.453371485553
 31
0.0
  0
LINE
  5
39E
330
39A
100
AcDbEntity
  8
S-ANNO-DIMS
 62
     8
440
 16777216
370
    -2
100
AcDbLine
 10
24.70391802699302
 20
1006.453371485553
 30
0.0
 11
24.70391802699304
 21
1086.453371485553
 31
0.0
  0
INSERT
  5
39F
330
39A
100
AcDbEntity
  8
S-ANNO-DIMS
 62
     8
440
 16777216
370
    -2
100
AcDbBlockReference
  2
DIM1
 10
24.70391802699301
 20
956.4533714855533
 30
0.0
 41
50.0
 42
50.0
 43
50.0
 50
270.0
  0
INSERT
  5
3A0
330
39A
100
AcDbEntity
  8
S-ANNO-DIMS
 62
     8
440
 16777216
370
    -2
100
AcDbBlockReference
  2
DIM1
 10
24.70391802699305
 20
1136.453371485553
 30
0.0
 41
50.0
 42
50.0
 43
50.0
 50
90.0
  0
MTEXT
  5
3A1
330
39A
100
AcDbEntity
  8
S-ANNO-DIMS
 62
     3
440
 16777216
100
AcDbMText
 10
-20.29608197300714
 20
1046.453371485553
 30
0.0
 40
50.0
 41
0.0
 46
0.0
 71
     5
 72
     1
  1
\A1;90
  7
ROMANS
 11
0.0000000000000001
 21
1.0
 31
0.0
 73
     1
 44
1.0
  0
POINT
  5
3A2
330
39A
100
AcDbEntity
  8
DEFPOINTS
 62
     0
440
 16777216
100
AcDbPoint
 10
147.857224723557
 20
956.4533714855533
 30
0.0
  0
POINT
  5
3A3
330
39A
100
AcDbEntity
  8
DEFPOINTS
 62
     0
440
 16777216
100
AcDbPoint
 10
766.8653463949449
 20
1136.453371485553
 30
0.0
  0
POINT
  5
3A4
330
39A
100
AcDbEntity
  8
DEFPOINTS
 62
     0
440
 16777216
100
AcDbPoint
 10
24.70391802699305
 20
1136.453371485553
 30
0.0
  0
ENDBLK
  5
3A5
330
39A
100
AcDbEntity
  8
0
100
AcDbBlockEnd
  0
BLOCK
  5
3A7
330
3A6
100
AcDbEntity
  8
0
100
AcDbBlockBegin
  2
*D28
 70
     1
 10
0.0
 20
0.0
 30
0.0
  3
*D28
  1

  0
LINE
  5
3A8
330
3A6
100
AcDbEntity
  8
S-ANNO-DIMS
 62
     8
440
 16777216
370
    -2
100
AcDbLine
 10
-2116.459819761272
 20
1024.234700286986
 30
0.0
 11
-1805.668617939254
 21
506.9912797774371
 31
0.0
  0
LINE
  5
3A9
330
3A6
100
AcDbEntity
  8
S-ANNO-DIMS
 62
     8
440
 16777216
370
    -2
100
AcDbLine
 10
-1945.026359620788
 20
1127.242315269067
 30
0.0
 11
-1634.235157796812
 21
609.9988947562594
 31
0.0
  0
LINE
  5
3AA
330
3A6
100
AcDbEntity
  8
S-ANNO-DIMS
 62
     8
440
 16777216
370
    -2
100
AcDbLine
 10
-1773.11101440154
 20
549.8865295363677
 30
0.0
 11
-1687.394284330281
 21
601.390337025802
 31
0.0
  0
INSERT
  5
3AB
330
3A6
100
AcDbEntity
  8
S-ANNO-DIMS
 62
     8
440
 16777216
370
    -2
100
AcDbBlockReference
  2
DIM1
 10
-1815.969379437132
 20
524.1346257916737
 30
0.0
 41
50.0
 42
50.0
 43
50.0
 50
210.9999999989189
  0
INSERT
  5
3AC
330
3A6
100
AcDbEntity
  8
S-ANNO-DIMS
 62
     8
440
 16777216
370
    -2
100
AcDbBlockReference
  2
DIM1
 10
-1644.535919294689
 20
627.142240770496
 30
0.0
 41
50.0
 42
50.0
 43
50.0
 50
30.99999999891898
  0
MTEXT
  5
3AD
330
3A6
100
AcDbEntity
  8
S-ANNO-DIMS
 62
     3
440
 16777216
100
AcDbMText
 10
-1753.429362736136
 20
614.2109618131171
 30
0.0
 40
50.0
 41
0.0
 46
0.0
 71
     5
 72
     1
  1
\A1;100
  7
ROMANS
 11
0.8571673007118297
 21
0.5150380748938817
 31
0.0
 73
     1
 44
1.0
  0
POINT
  5
3AE
330
3A6
100
AcDbEntity
  8
DEFPOINTS
 62
     0
440
 16777216
100
AcDbPoint
 10
-2126.76058125915
 20
1041.378046301222
 30
0.0
  0
POINT
  5
3AF
330
3A6
100
AcDbEntity
  8
DEFPOINTS
 62
     0
440
 16777216
100
AcDbPoint
 10
-1955.327121118665
 20
1144.385661283304
 30
0.0
  0
POINT
  5
3B0
330
3A6
100
AcDbEntity
  8
DEFPOINTS
 62
     0
440
 16777216
100
AcDbPoint
 10
-1644.535919294689
 20
627.142240770496
 30
0.0
  0
ENDBLK
  5
3B1
330
3A6
100
AcDbEntity
  8
0
100
AcDbBlockEnd
  0
BLOCK
  5
3B3
330
3B2
100
AcDbEntity
  8
0
100
AcDbBlockBegin
  2
*D29
 70
     1
 10
0.0
 20
0.0
 30
0.0
  3
*D29
  1

  0
LINE
  5
3B4
330
3B2
100
AcDbEntity
  8
S-ANNO-DIMS
 62
     8
440
 16777216
370
    -2
100
AcDbLine
 10
-2102.892681847484
 20
1265.713338615248
 30
0.0
 11
-2393.167572700457
 21
1091.298588007876
 31
0.0
  0
LINE
  5
3B5
330
3B2
100
AcDbEntity
  8
S-ANNO-DIMS
 62
     8
440
 16777216
370
    -2
100
AcDbLine
 10
-2144.088350895369
 20
1322.624821215044
 30
0.0
 11
-2429.220237944408
 21
1151.300299056987
 31
0.0
  0
LINE
  5
3B6
330
3B2
100
AcDbEntity
  8
S-ANNO-DIMS
 62
     8
440
 16777216
370
    -2
100
AcDbLine
 10
-2350.272322940805
 20
1058.740984471112
 30
0.0
 11
-2324.520419195161
 21
1015.882619436091
 31
0.0
  0
LINE
  5
3B7
330
3B2
100
AcDbEntity
  8
S-ANNO-DIMS
 62
     8
440
 16777216
370
    -2
100
AcDbLine
 10
-2437.828795676043
 20
1204.459425590266
 30
0.0
 11
-2463.580699421687
 21
1247.317790625287
 31
0.0
  0
INSERT
  5
3B8
330
3B2
100
AcDbEntity
  8
S-ANNO-DIMS
 62
     8
440
 16777216
370
    -2
100
AcDbBlockReference
  2
DIM1
 10
-2376.024226686449
 20
1101.599349506133
 30
0.0
 41
50.0
 42
50.0
 43
50.0
 50
121.0000000001882
  0
INSERT
  5
3B9
330
3B2
100
AcDbEntity
  8
S-ANNO-DIMS
 62
     8
440
 16777216
370
    -2
100
AcDbBlockReference
  2
DIM1
 10
-2412.076891930399
 20
1161.601060555245
 30
0.0
 41
50.0
 42
50.0
 43
50.0
 50
301.0000000001882
  0
MTEXT
  5
3BA
330
3B2
100
AcDbEntity
  8
S-ANNO-DIMS
 62
     3
440
 16777216
100
AcDbMText
 10
-2355.478030776905
 20
1154.776918401768
 30
0.0
 40
50.0
 41
0.0
 46
0.0
 71
     5
 72
     1
  1
\A1;35
  7
ROMANS
 11
0.5150380749128694
 21
-0.8571673007004207
 31
0.0
 73
     1
 44
1.0
  0
POINT
  5
3BB
330
3B2
100
AcDbEntity
  8
DEFPOINTS
 62
     0
440
 16777216
100
AcDbPoint
 10
-2085.749335833476
 20
1276.014100113505
 30
0.0
  0
POINT
  5
3BC
330
3B2
100
AcDbEntity
  8
DEFPOINTS
 62
     0
440
 16777216
100
AcDbPoint
 10
-2126.94500488136
 20
1332.925582713302
 30
0.0
  0
POINT
  5
3BD
330
3B2
100
AcDbEntity
  8
DEFPOINTS
 62
     0
440
 16777216
100
AcDbPoint
 10
-2412.076891930399
 20
1161.601060555245
 30
0.0
  0
ENDBLK
  5
3BE
330
3B2
100
AcDbEntity
  8
0
100
AcDbBlockEnd
  0
BLOCK
  5
3C0
330
3BF
100
AcDbEntity
  8
0
100
AcDbBlockBegin
  2
*D30
 70
     1
 10
0.0
 20
0.0
 30
0.0
  3
*D30
  1

  0
LINE
  5
3C1
330
3BF
100
AcDbEntity
  8
S-ANNO-DIMS
 62
     8
440
 16777216
370
    -2
100
AcDbLine
 10
-2169.054308022298
 20
1015.965411457283
 30
0.0
 11
-2300.460719217174
 21
937.0084738819521
 31
0.0
  0
LINE
  5
3C2
330
3BF
100
AcDbEntity
  8
S-ANNO-DIMS
 62
     8
440
 16777216
370
    -2
100
AcDbLine
 10
-2102.892681847485
 20
1265.713338615306
 30
0.0
 11
-2393.167572701175
 21
1091.298588007503
 31
0.0
  0
LINE
  5
3C3
330
3BF
100
AcDbEntity
  8
S-ANNO-DIMS
 62
     8
440
 16777216
370
    -2
100
AcDbLine
 10
-2309.069276948809
 20
990.1676004152305
 30
0.0
 11
-2350.272322941522
 21
1058.740984470739
 31
0.0
  0
INSERT
  5
3C4
330
3BF
100
AcDbEntity
  8
S-ANNO-DIMS
 62
     8
440
 16777216
370
    -2
100
AcDbBlockReference
  2
DIM1
 10
-2283.317373203165
 20
947.3092353802096
 30
0.0
 41
50.0
 42
50.0
 43
50.0
 50
301.0000000001882
  0
INSERT
  5
3C5
330
3BF
100
AcDbEntity
  8
S-ANNO-DIMS
 62
     8
440
 16777216
370
    -2
100
AcDbBlockReference
  2
DIM1
 10
-2376.024226687166
 20
1101.59934950576
 30
0.0
 41
50.0
 42
50.0
 43
50.0
 50
121.0000000001882
  0
MTEXT
  5
3C6
330
3BF
100
AcDbEntity
  8
S-ANNO-DIMS
 62
     3
440
 16777216
100
AcDbMText
 10
-2291.098271413646
 20
1047.631005814064
 30
0.0
 40
50.0
 41
0.0
 46
0.0
 71
     5
 72
     1
  1
\A1;90
  7
ROMANS
 11
0.5150380749128694
 21
-0.8571673007004207
 31
0.0
 73
     1
 44
1.0
  0
POINT
  5
3C7
330
3BF
100
AcDbEntity
  8
DEFPOINTS
 62
     0
440
 16777216
100
AcDbPoint
 10
-2151.91096200829
 20
1026.26617295554
 30
0.0
  0
POINT
  5
3C8
330
3BF
100
AcDbEntity
  8
DEFPOINTS
 62
     0
440
 16777216
100
AcDbPoint
 10
-2085.749335833476
 20
1276.014100113563
 30
0.0
  0
POINT
  5
3C9
330
3BF
100
AcDbEntity
  8
DEFPOINTS
 62
     0
440
 16777216
100
AcDbPoint
 10
-2376.024226687166
 20
1101.59934950576
 30
0.0
  0
ENDBLK
  5
3CA
330
3BF
100
AcDbEntity
  8
0
100
AcDbBlockEnd
  0
BLOCK
  5
3CC
330
3CB
100
AcDbEntity
  8
0
100
AcDbBlockBegin
  2
CIR
 70
     2
 10
0.0
 20
0.0
 30
0.0
  3
CIR
  1

  0
CIRCLE
  5
3CD
330
3CB
100
AcDbEntity
  8
TITLE
 62
     2
100
AcDbCircle
 10
10.0
 20
0.0
 30
0.0
 40
10.0
  0
LINE
  5
3CE
330
3CB
100
AcDbEntity
  8
TITLE
 62
     2
100
AcDbLine
 10
10.0
 20
0.0
 30
0.0
 11
10.0
 21
-10.0
 31
0.0
  0
LINE
  5
3CF
330
3CB
100
AcDbEntity
  8
TITLE
 62
     2
100
AcDbLine
 10
0.0
 20
0.0
 30
0.0
 11
20.0
 21
0.0
 31
0.0
  0
ATTDEF
  5
3D0
330
3CB
100
AcDbEntity
  8
TITLE
 62
     5
100
AcDbText
 10
10.0
 20
4.754619559389539
 30
0.0
 40
4.5
  1

  7
ROMANS
 72
     4
 11
10.0
 21
4.754619559389539
 31
0.0
100
AcDbAttributeDefinition
280
     0
  3
DRAWING MARK :
  2
A
 70
     0
280
     0
  0
ATTDEF
  5
3D1
330
3CB
100
AcDbEntity
  8
TITLE
 62
     2
100
AcDbText
 10
1.578416500183934
 20
-4.678125824138987
 30
0.0
 40
2.5
  1

 41
1.138396624965697
  7
ROMANS
 72
     5
 11
9.303250741022594
 21
-4.678125824138987
 31
0.0
100
AcDbAttributeDefinition
280
     0
  3
SHEET TAKEN :
  2
S-1
 70
     0
280
     0
  0
ATTDEF
  5
3D2
330
3CB
100
AcDbEntity
  8
TITLE
 62
     2
100
AcDbText
 10
10.35994912962644
 20
-4.678125824138987
 30
0.0
 40
2.5
  1

 41
1.147089023381708
  7
ROMANS
 72
     5
 11
18.14376750257375
 21
-4.678125824138987
 31
0.0
100
AcDbAttributeDefinition
280
     0
  3
SHEET SHOWN :
  2
S-1
 70
     0
280
     0
  0
ENDBLK
  5
3D3
330
3CB
100
AcDbEntity
  8
0
100
AcDbBlockEnd
  0
BLOCK
  5
A1C
330
A1B
100
AcDbEntity
  8
0
100
AcDbBlockBegin
  2
*D33
 70
     1
 10
0.0
 20
0.0
 30
0.0
  3
*D33
  1

  0
LINE
  5
A5A
330
A1B
100
AcDbEntity
  8
S-ANNO-DIMS
 62
     8
440
 16777216
370
    -2
100
AcDbLine
 10
788.9700240242546
 20
5526.679569030631
 30
0.0
 11
498.6951331722134
 21
5352.264818423843
 31
0.0
  0
LINE
  5
A5B
330
A1B
100
AcDbEntity
  8
S-ANNO-DIMS
 62
     8
440
 16777216
370
    -2
100
AcDbLine
 10
840.4738315154117
 20
5440.962838960506
 30
0.0
 11
550.1989406634975
 21
5266.548088353793
 31
0.0
  0
LINE
  5
A5C
330
A1B
100
AcDbEntity
  8
S-ANNO-DIMS
 62
     8
440
 16777216
370
    -2
100
AcDbLine
 10
490.0865754405812
 20
5405.423944957121
 30
0.0
 11
464.3346716949404
 21
5448.282309992144
 31
0.0
  0
LINE
  5
A5D
330
A1B
100
AcDbEntity
  8
S-ANNO-DIMS
 62
     8
440
 16777216
370
    -2
100
AcDbLine
 10
593.0941904231472
 20
5233.990484817027
 30
0.0
 11
618.8460941687877
 21
5191.132119782004
 31
0.0
  0
INSERT
  5
A5E
330
A1B
100
AcDbEntity
  8
S-ANNO-DIMS
 62
     8
440
 16777216
370
    -2
100
AcDbBlockReference
  2
DIM1
 10
515.8384791862222
 20
5362.565579922098
 30
0.0
 41
50.0
 42
50.0
 43
50.0
 50
301.0000000001846
  0
INSERT
  5
A5F
330
A1B
100
AcDbEntity
  8
S-ANNO-DIMS
 62
     8
440
 16777216
370
    -2
100
AcDbBlockReference
  2
DIM1
 10
567.3422866775062
 20
5276.848849852051
 30
0.0
 41
50.0
 42
50.0
 43
50.0
 50
121.0000000001846
  0
MTEXT
  5
A60
330
A1B
100
AcDbEntity
  8
S-ANNO-DIMS
 62
     3
440
 16777216
100
AcDbMText
 10
580.1629114633847
 20
5342.883928258152
 30
0.0
 40
50.0
 41
0.0
 46
0.0
 71
     5
 72
     1
  1
\A1;30
  7
ROMANS
 11
0.5150380749128165
 21
-0.8571673007004525
 31
0.0
 73
     1
 44
1.0
  0
POINT
  5
A61
330
A1B
100
AcDbEntity
  8
DEFPOINTS
 62
     0
440
 16777216
100
AcDbPoint
 10
806.1133700382633
 20
5536.980330528887
 30
0.0
  0
POINT
  5
A62
330
A1B
100
AcDbEntity
  8
DEFPOINTS
 62
     0
440
 16777216
100
AcDbPoint
 10
857.6171775294211
 20
5451.263600458762
 30
0.0
  0
POINT
  5
A63
330
A1B
100
AcDbEntity
  8
DEFPOINTS
 62
     0
440
 16777216
100
AcDbPoint
 10
567.3422866775062
 20
5276.848849852051
 30
0.0
  0
ENDBLK
  5
A1D
330
A1B
100
AcDbEntity
  8
0
100
AcDbBlockEnd
  0
BLOCK
  5
A29
330
A28
100
AcDbEntity
  8
0
100
AcDbBlockBegin
  2
*D34
 70
     1
 10
0.0
 20
0.0
 30
0.0
  3
*D34
  1

  0
LINE
  5
A64
330
A28
100
AcDbEntity
  8
S-ANNO-DIMS
 62
     8
440
 16777216
370
    -2
100
AcDbLine
 10
4391.290603596391
 20
5268.045991316029
 30
0.0
 11
5581.962696999337
 21
5268.045991316029
 31
0.0
  0
LINE
  5
A65
330
A28
100
AcDbEntity
  8
S-ANNO-DIMS
 62
     8
440
 16777216
370
    -2
100
AcDbLine
 10
4996.29872526778
 20
5018.045991316029
 30
0.0
 11
5581.962696999337
 21
5018.045991316029
 31
0.0
  0
LINE
  5
A66
330
A28
100
AcDbEntity
  8
S-ANNO-DIMS
 62
     8
440
 16777216
370
    -2
100
AcDbLine
 10
5561.962696999337
 20
5218.045991316028
 30
0.0
 11
5561.962696999337
 21
5068.045991316028
 31
0.0
  0
INSERT
  5
A67
330
A28
100
AcDbEntity
  8
S-ANNO-DIMS
 62
     8
440
 16777216
370
    -2
100
AcDbBlockReference
  2
DIM1
 10
5561.962696999337
 20
5268.045991316029
 30
0.0
 41
50.0
 42
50.0
 43
50.0
 50
90.0
  0
INSERT
  5
A68
330
A28
100
AcDbEntity
  8
S-ANNO-DIMS
 62
     8
440
 16777216
370
    -2
100
AcDbBlockReference
  2
DIM1
 10
5561.962696999337
 20
5018.045991316029
 30
0.0
 41
50.0
 42
50.0
 43
50.0
 50
270.0
  0
MTEXT
  5
A69
330
A28
100
AcDbEntity
  8
S-ANNO-DIMS
 62
     3
440
 16777216
100
AcDbMText
 10
5516.962696999337
 20
5143.045991316027
 30
0.0
 40
50.0
 41
0.0
 46
0.0
 71
     5
 72
     1
  1
\A1;125
  7
ROMANS
 11
0.0000000000000001
 21
1.0
 31
0.0
 73
     1
 44
1.0
  0
POINT
  5
A6A
330
A28
100
AcDbEntity
  8
DEFPOINTS
 62
     0
440
 16777216
100
AcDbPoint
 10
4371.290603596391
 20
5268.045991316029
 30
0.0
  0
POINT
  5
A6B
330
A28
100
AcDbEntity
  8
DEFPOINTS
 62
     0
440
 16777216
100
AcDbPoint
 10
4976.298725267779
 20
5018.045991316029
 30
0.0
  0
POINT
  5
A6C
330
A28
100
AcDbEntity
  8
DEFPOINTS
 62
     0
440
 16777216
100
AcDbPoint
 10
5561.962696999337
 20
5018.045991316029
 30
0.0
  0
ENDBLK
  5
A2A
330
A28
100
AcDbEntity
  8
0
100
AcDbBlockEnd
  0
BLOCK
  5
A35
330
A34
100
AcDbEntity
  8
0
100
AcDbBlockBegin
  2
*D35
 70
     1
 10
0.0
 20
0.0
 30
0.0
  3
*D35
  1

  0
LINE
  5
A6D
330
A34
100
AcDbEntity
  8
S-ANNO-DIMS
 62
     8
440
 16777216
370
    -2
100
AcDbLine
 10
4215.290603596389
 20
5342.045991316027
 30
0.0
 11
4215.290603596389
 21
5483.140200946185
 31
0.0
  0
LINE
  5
A6E
330
A34
100
AcDbEntity
  8
S-ANNO-DIMS
 62
     8
440
 16777216
370
    -2
100
AcDbLine
 10
4227.290603596389
 20
5342.045991316027
 30
0.0
 11
4227.290603596389
 21
5483.140200946185
 31
0.0
  0
LINE
  5
A6F
330
A34
100
AcDbEntity
  8
S-ANNO-DIMS
 62
     8
440
 16777216
370
    -2
100
AcDbLine
 10
4277.29060359639
 20
5463.140200946185
 30
0.0
 11
4327.29060359639
 21
5463.140200946185
 31
0.0
  0
LINE
  5
A70
330
A34
100
AcDbEntity
  8
S-ANNO-DIMS
 62
     8
440
 16777216
370
    -2
100
AcDbLine
 10
4165.290603596389
 20
5463.140200946185
 30
0.0
 11
3743.147746453483
 21
5463.140200946185
 31
0.0
  0
INSERT
  5
A71
330
A34
100
AcDbEntity
  8
S-ANNO-DIMS
 62
     8
440
 16777216
370
    -2
100
AcDbBlockReference
  2
DIM1
 10
4227.290603596389
 20
5463.140200946185
 30
0.0
 41
50.0
 42
50.0
 43
50.0
 50
180.0
  0
INSERT
  5
A72
330
A34
100
AcDbEntity
  8
S-ANNO-DIMS
 62
     8
440
 16777216
370
    -2
100
AcDbBlockReference
  2
DIM1
 10
4215.290603596389
 20
5463.140200946185
 30
0.0
 41
50.0
 42
50.0
 43
50.0
  0
MTEXT
  5
A73
330
A34
100
AcDbEntity
  8
S-ANNO-DIMS
 62
     3
440
 16777216
100
AcDbMText
 10
3929.219175024911
 20
5508.140200946185
 30
0.0
 40
50.0
 41
0.0
 46
0.0
 71
     5
 72
     1
  1
\A1;3mm GAP
  7
ROMANS
 73
     1
 44
1.0
  0
POINT
  5
A74
330
A34
100
AcDbEntity
  8
DEFPOINTS
 62
     0
440
 16777216
100
AcDbPoint
 10
4215.290603596389
 20
5322.045991316027
 30
0.0
  0
POINT
  5
A75
330
A34
100
AcDbEntity
  8
DEFPOINTS
 62
     0
440
 16777216
100
AcDbPoint
 10
4227.290603596389
 20
5322.045991316027
 30
0.0
  0
POINT
  5
A76
330
A34
100
AcDbEntity
  8
DEFPOINTS
 62
     0
440
 16777216
100
AcDbPoint
 10
4227.290603596389
 20
5463.140200946185
 30
0.0
  0
ENDBLK
  5
A36
330
A34
100
AcDbEntity
  8
0
100
AcDbBlockEnd
  0
BLOCK
  5
A42
330
A41
100
AcDbEntity
  8
0
100
AcDbBlockBegin
  2
*D36
 70
     1
 10
0.0
 20
0.0
 30
0.0
  3
*D36
  1

  0
LINE
  5
B35
330
A41
100
AcDbEntity
  8
S-ANNO-DIMS
 62
     8
440
 16777216
370
    -2
100
AcDbLine
 10
5156.286038575739
 20
1501.297043548515
 30
0.0
 11
5315.358996157349
 21
1501.297043548515
 31
0.0
  0
LINE
  5
B36
330
A41
100
AcDbEntity
  8
S-ANNO-DIMS
 62
     8
440
 16777216
370
    -2
100
AcDbLine
 10
5156.286038575739
 20
1805.297043548516
 30
0.0
 11
5315.358996157349
 21
1805.297043548516
 31
0.0
  0
LINE
  5
B37
330
A41
100
AcDbEntity
  8
S-ANNO-DIMS
 62
     8
440
 16777216
370
    -2
100
AcDbLine
 10
5295.358996157349
 20
1551.297043548516
 30
0.0
 11
5295.358996157349
 21
1755.297043548516
 31
0.0
  0
INSERT
  5
B38
330
A41
100
AcDbEntity
  8
S-ANNO-DIMS
 62
     8
440
 16777216
370
    -2
100
AcDbBlockReference
  2
DIM1
 10
5295.358996157349
 20
1501.297043548515
 30
0.0
 41
50.0
 42
50.0
 43
50.0
 50
270.0
  0
INSERT
  5
B39
330
A41
100
AcDbEntity
  8
S-ANNO-DIMS
 62
     8
440
 16777216
370
    -2
100
AcDbBlockReference
  2
DIM1
 10
5295.358996157349
 20
1805.297043548516
 30
0.0
 41
50.0
 42
50.0
 43
50.0
 50
90.0
  0
MTEXT
  5
B3A
330
A41
100
AcDbEntity
  8
S-ANNO-DIMS
 62
     3
440
 16777216
100
AcDbMText
 10
5250.358996157348
 20
1653.297043548513
 30
0.0
 40
50.0
 41
0.0
 46
0.0
 71
     5
 72
     1
  1
\A1;152
  7
ROMANS
 11
0.0000000000000001
 21
1.0
 31
0.0
 73
     1
 44
1.0
  0
POINT
  5
B3B
330
A41
100
AcDbEntity
  8
DEFPOINTS
 62
     0
440
 16777216
100
AcDbPoint
 10
5136.28603857574
 20
1501.297043548515
 30
0.0
  0
POINT
  5
B3C
330
A41
100
AcDbEntity
  8
DEFPOINTS
 62
     0
440
 16777216
100
AcDbPoint
 10
5136.28603857574
 20
1805.297043548516
 30
0.0
  0
POINT
  5
B3D
330
A41
100
AcDbEntity
  8
DEFPOINTS
 62
     0
440
 16777216
100
AcDbPoint
 10
5295.358996157349
 20
1805.297043548516
 30
0.0
  0
ENDBLK
  5
A43
330
A41
100
AcDbEntity
  8
0
100
AcDbBlockEnd
  0
BLOCK
  5
A4E
330
A4D
100
AcDbEntity
  8
0
100
AcDbBlockBegin
  2
*D37
 70
     1
 10
0.0
 20
0.0
 30
0.0
  3
*D37
  1

  0
LINE
  5
B4A
330
A4D
100
AcDbEntity
  8
S-ANNO-DIMS
 62
     8
440
 16777216
370
    -2
100
AcDbLine
 10
1445.43428386037
 20
1625.958236328835
 30
0.0
 11
1517.240060349552
 21
1506.453355798551
 31
0.0
  0
LINE
  5
B4B
330
A4D
100
AcDbEntity
  8
S-ANNO-DIMS
 62
     8
440
 16777216
370
    -2
100
AcDbLine
 10
1349.515365023393
 20
1940.92244703164
 30
0.0
 11
1585.813444401502
 21
1547.656401787065
 31
0.0
  0
LINE
  5
B4C
330
A4D
100
AcDbEntity
  8
S-ANNO-DIMS
 62
     8
440
 16777216
370
    -2
100
AcDbLine
 10
1464.080933816084
 20
1497.844798068091
 30
0.0
 11
1421.222568780494
 21
1472.092894323394
 31
0.0
  0
LINE
  5
B4D
330
A4D
100
AcDbEntity
  8
S-ANNO-DIMS
 62
     8
440
 16777216
370
    -2
100
AcDbLine
 10
1618.371047939213
 20
1590.551651545997
 30
0.0
 11
1661.229412974803
 21
1616.303555290694
 31
0.0
  0
INSERT
  5
B4E
330
A4D
100
AcDbEntity
  8
S-ANNO-DIMS
 62
     8
440
 16777216
370
    -2
100
AcDbBlockReference
  2
DIM1
 10
1506.939298851674
 20
1523.596701812787
 30
0.0
 41
50.0
 42
50.0
 43
50.0
 50
30.99999999892235
  0
INSERT
  5
B4F
330
A4D
100
AcDbEntity
  8
S-ANNO-DIMS
 62
     8
440
 16777216
370
    -2
100
AcDbBlockReference
  2
DIM1
 10
1575.512682903623
 20
1564.799747801301
 30
0.0
 41
50.0
 42
50.0
 43
50.0
 50
210.9999999989224
  0
MTEXT
  5
B50
330
A4D
100
AcDbEntity
  8
S-ANNO-DIMS
 62
     3
440
 16777216
100
AcDbMText
 10
1518.049277507421
 20
1582.770753339075
 30
0.0
 40
50.0
 41
0.0
 46
0.0
 71
     5
 72
     1
  1
\A1;40
  7
ROMANS
 11
0.8571673007117995
 21
0.5150380748939318
 31
0.0
 73
     1
 44
1.0
  0
POINT
  5
B51
330
A4D
100
AcDbEntity
  8
DEFPOINTS
 62
     0
440
 16777216
100
AcDbPoint
 10
1435.133522362492
 20
1643.101582343071
 30
0.0
  0
POINT
  5
B52
330
A4D
100
AcDbEntity
  8
DEFPOINTS
 62
     0
440
 16777216
100
AcDbPoint
 10
1339.214603525514
 20
1958.065793045877
 30
0.0
  0
POINT
  5
B53
330
A4D
100
AcDbEntity
  8
DEFPOINTS
 62
     0
440
 16777216
100
AcDbPoint
 10
1575.512682903623
 20
1564.799747801301
 30
0.0
  0
ENDBLK
  5
A4F
330
A4D
100
AcDbEntity
  8
0
100
AcDbBlockEnd
  0
BLOCK
  5
A78
330
A77
100
AcDbEntity
  8
0
100
AcDbBlockBegin
  2
*D38
 70
     1
 10
0.0
 20
0.0
 30
0.0
  3
*D38
  1

  0
LINE
  5
A7A
330
A77
100
AcDbEntity
  8
S-ANNO-DIMS
 62
     8
440
 16777216
370
    -2
100
AcDbLine
 10
4301.29060359639
 20
5264.045991316027
 30
0.0
 11
4301.29060359639
 21
5643.140200946215
 31
0.0
  0
LINE
  5
A7B
330
A77
100
AcDbEntity
  8
S-ANNO-DIMS
 62
     8
440
 16777216
370
    -2
100
AcDbLine
 10
4371.290603596389
 20
5288.045991316026
 30
0.0
 11
4371.290603596389
 21
5643.140200946215
 31
0.0
  0
LINE
  5
A7C
330
A77
100
AcDbEntity
  8
S-ANNO-DIMS
 62
     8
440
 16777216
370
    -2
100
AcDbLine
 10
4251.29060359639
 20
5623.140200946214
 30
0.0
 11
4201.290603596389
 21
5623.140200946214
 31
0.0
  0
LINE
  5
A7D
330
A77
100
AcDbEntity
  8
S-ANNO-DIMS
 62
     8
440
 16777216
370
    -2
100
AcDbLine
 10
4421.290603596389
 20
5623.140200946214
 30
0.0
 11
4471.290603596389
 21
5623.140200946214
 31
0.0
  0
INSERT
  5
A7E
330
A77
100
AcDbEntity
  8
S-ANNO-DIMS
 62
     8
440
 16777216
370
    -2
100
AcDbBlockReference
  2
DIM1
 10
4301.29060359639
 20
5623.140200946214
 30
0.0
 41
50.0
 42
50.0
 43
50.0
  0
INSERT
  5
A7F
330
A77
100
AcDbEntity
  8
S-ANNO-DIMS
 62
     8
440
 16777216
370
    -2
100
AcDbBlockReference
  2
DIM1
 10
4371.290603596389
 20
5623.140200946214
 30
0.0
 41
50.0
 42
50.0
 43
50.0
 50
180.0
  0
MTEXT
  5
A80
330
A77
100
AcDbEntity
  8
S-ANNO-DIMS
 62
     3
440
 16777216
100
AcDbMText
 10
4336.290603596389
 20
5668.140200946215
 30
0.0
 40
50.0
 41
0.0
 46
0.0
 71
     5
 72
     1
  1
\A1;35
  7
ROMANS
 73
     1
 44
1.0
  0
POINT
  5
A81
330
A77
100
AcDbEntity
  8
DEFPOINTS
 62
     0
440
 16777216
100
AcDbPoint
 10
4301.29060359639
 20
5244.045991316027
 30
0.0
  0
POINT
  5
A82
330
A77
100
AcDbEntity
  8
DEFPOINTS
 62
     0
440
 16777216
100
AcDbPoint
 10
4371.290603596389
 20
5268.045991316027
 30
0.0
  0
POINT
  5
A83
330
A77
100
AcDbEntity
  8
DEFPOINTS
 62
     0
440
 16777216
100
AcDbPoint
 10
4371.290603596389
 20
5623.140200946214
 30
0.0
  0
ENDBLK
  5
A79
330
A77
100
AcDbEntity
  8
0
100
AcDbBlockEnd
  0
BLOCK
  5
A85
330
A84
100
AcDbEntity
  8
0
100
AcDbBlockBegin
  2
*D39
 70
     1
 10
0.0
 20
0.0
 30
0.0
  3
*D39
  1

  0
LINE
  5
A87
330
A84
100
AcDbEntity
  8
S-ANNO-DIMS
 62
     8
440
 16777216
370
    -2
100
AcDbLine
 10
4071.29060359639
 20
5288.045991316026
 30
0.0
 11
4071.29060359639
 21
5803.140200946185
 31
0.0
  0
LINE
  5
A88
330
A84
100
AcDbEntity
  8
S-ANNO-DIMS
 62
     8
440
 16777216
370
    -2
100
AcDbLine
 10
4371.290603596389
 20
5288.045991316026
 30
0.0
 11
4371.290603596389
 21
5803.140200946185
 31
0.0
  0
LINE
  5
A89
330
A84
100
AcDbEntity
  8
S-ANNO-DIMS
 62
     8
440
 16777216
370
    -2
100
AcDbLine
 10
4121.290603596389
 20
5783.140200946185
 30
0.0
 11
4321.29060359639
 21
5783.140200946185
 31
0.0
  0
INSERT
  5
A8A
330
A84
100
AcDbEntity
  8
S-ANNO-DIMS
 62
     8
440
 16777216
370
    -2
100
AcDbBlockReference
  2
DIM1
 10
4071.29060359639
 20
5783.140200946185
 30
0.0
 41
50.0
 42
50.0
 43
50.0
 50
180.0
  0
INSERT
  5
A8B
330
A84
100
AcDbEntity
  8
S-ANNO-DIMS
 62
     8
440
 16777216
370
    -2
100
AcDbBlockReference
  2
DIM1
 10
4371.290603596389
 20
5783.140200946185
 30
0.0
 41
50.0
 42
50.0
 43
50.0
  0
MTEXT
  5
A8C
330
A84
100
AcDbEntity
  8
S-ANNO-DIMS
 62
     3
440
 16777216
100
AcDbMText
 10
4221.290603596389
 20
5828.140200946186
 30
0.0
 40
50.0
 41
0.0
 46
0.0
 71
     5
 72
     1
  1
\A1;150
  7
ROMANS
 73
     1
 44
1.0
  0
POINT
  5
A8D
330
A84
100
AcDbEntity
  8
DEFPOINTS
 62
     0
440
 16777216
100
AcDbPoint
 10
4071.29060359639
 20
5268.045991316027
 30
0.0
  0
POINT
  5
A8E
330
A84
100
AcDbEntity
  8
DEFPOINTS
 62
     0
440
 16777216
100
AcDbPoint
 10
4371.290603596389
 20
5268.045991316027
 30
0.0
  0
POINT
  5
A8F
330
A84
100
AcDbEntity
  8
DEFPOINTS
 62
     0
440
 16777216
100
AcDbPoint
 10
4371.290603596389
 20
5783.140200946185
 30
0.0
  0
ENDBLK
  5
A86
330
A84
100
AcDbEntity
  8
0
100
AcDbBlockEnd
  0
BLOCK
  5
A91
330
A90
100
AcDbEntity
  8
0
100
AcDbBlockBegin
  2
*D40
 70
     1
 10
0.0
 20
0.0
 30
0.0
  3
*D40
  1

  0
LINE
  5
A93
330
A90
100
AcDbEntity
  8
S-ANNO-DIMS
 62
     8
440
 16777216
370
    -2
100
AcDbLine
 10
4071.29060359639
 20
5288.045991316026
 30
0.0
 11
4071.29060359639
 21
5643.140200946156
 31
0.0
  0
LINE
  5
A94
330
A90
100
AcDbEntity
  8
S-ANNO-DIMS
 62
     8
440
 16777216
370
    -2
100
AcDbLine
 10
4141.29060359639
 20
5264.045991316027
 30
0.0
 11
4141.29060359639
 21
5643.140200946156
 31
0.0
  0
LINE
  5
A95
330
A90
100
AcDbEntity
  8
S-ANNO-DIMS
 62
     8
440
 16777216
370
    -2
100
AcDbLine
 10
4021.29060359639
 20
5623.140200946156
 30
0.0
 11
3971.29060359639
 21
5623.140200946156
 31
0.0
  0
LINE
  5
A96
330
A90
100
AcDbEntity
  8
S-ANNO-DIMS
 62
     8
440
 16777216
370
    -2
100
AcDbLine
 10
4191.29060359639
 20
5623.140200946156
 30
0.0
 11
4241.290603596389
 21
5623.140200946156
 31
0.0
  0
INSERT
  5
A97
330
A90
100
AcDbEntity
  8
S-ANNO-DIMS
 62
     8
440
 16777216
370
    -2
100
AcDbBlockReference
  2
DIM1
 10
4071.29060359639
 20
5623.140200946156
 30
0.0
 41
50.0
 42
50.0
 43
50.0
  0
INSERT
  5
A98
330
A90
100
AcDbEntity
  8
S-ANNO-DIMS
 62
     8
440
 16777216
370
    -2
100
AcDbBlockReference
  2
DIM1
 10
4141.29060359639
 20
5623.140200946156
 30
0.0
 41
50.0
 42
50.0
 43
50.0
 50
180.0
  0
MTEXT
  5
A99
330
A90
100
AcDbEntity
  8
S-ANNO-DIMS
 62
     3
440
 16777216
100
AcDbMText
 10
4106.29060359639
 20
5668.140200946156
 30
0.0
 40
50.0
 41
0.0
 46
0.0
 71
     5
 72
     1
  1
\A1;35
  7
ROMANS
 73
     1
 44
1.0
  0
POINT
  5
A9A
330
A90
100
AcDbEntity
  8
DEFPOINTS
 62
     0
440
 16777216
100
AcDbPoint
 10
4071.29060359639
 20
5268.045991316027
 30
0.0
  0
POINT
  5
A9B
330
A90
100
AcDbEntity
  8
DEFPOINTS
 62
     0
440
 16777216
100
AcDbPoint
 10
4141.29060359639
 20
5244.045991316027
 30
0.0
  0
POINT
  5
A9C
330
A90
100
AcDbEntity
  8
DEFPOINTS
 62
     0
440
 16777216
100
AcDbPoint
 10
4141.29060359639
 20
5623.140200946156
 30
0.0
  0
ENDBLK
  5
A92
330
A90
100
AcDbEntity
  8
0
100
AcDbBlockEnd
  0
BLOCK
  5
A9E
330
A9D
100
AcDbEntity
  8
0
100
AcDbBlockBegin
  2
*D41
 70
     1
 10
0.0
 20
0.0
 30
0.0
  3
*D41
  1

  0
LINE
  5
AA0
330
A9D
100
AcDbEntity
  8
S-ANNO-DIMS
 62
     8
440
 16777216
370
    -2
100
AcDbLine
 10
4085.290603596391
 20
5208.045991316028
 30
0.0
 11
3278.229334141149
 21
5208.045991316028
 31
0.0
  0
LINE
  5
AA1
330
A9D
100
AcDbEntity
  8
S-ANNO-DIMS
 62
     8
440
 16777216
370
    -2
100
AcDbLine
 10
4051.290603596391
 20
5268.045991316029
 30
0.0
 11
3278.229334141149
 21
5268.045991316029
 31
0.0
  0
LINE
  5
AA2
330
A9D
100
AcDbEntity
  8
S-ANNO-DIMS
 62
     8
440
 16777216
370
    -2
100
AcDbLine
 10
3298.229334141149
 20
5158.045991316028
 30
0.0
 11
3298.229334141149
 21
5108.045991316028
 31
0.0
  0
LINE
  5
AA3
330
A9D
100
AcDbEntity
  8
S-ANNO-DIMS
 62
     8
440
 16777216
370
    -2
100
AcDbLine
 10
3298.229334141149
 20
5318.045991316028
 30
0.0
 11
3298.229334141149
 21
5368.045991316028
 31
0.0
  0
INSERT
  5
AA4
330
A9D
100
AcDbEntity
  8
S-ANNO-DIMS
 62
     8
440
 16777216
370
    -2
100
AcDbBlockReference
  2
DIM1
 10
3298.229334141149
 20
5208.045991316028
 30
0.0
 41
50.0
 42
50.0
 43
50.0
 50
90.0
  0
INSERT
  5
AA5
330
A9D
100
AcDbEntity
  8
S-ANNO-DIMS
 62
     8
440
 16777216
370
    -2
100
AcDbBlockReference
  2
DIM1
 10
3298.229334141149
 20
5268.045991316029
 30
0.0
 41
50.0
 42
50.0
 43
50.0
 50
270.0
  0
MTEXT
  5
AA6
330
A9D
100
AcDbEntity
  8
S-ANNO-DIMS
 62
     3
440
 16777216
100
AcDbMText
 10
3253.22933414115
 20
5238.045991316027
 30
0.0
 40
50.0
 41
0.0
 46
0.0
 71
     5
 72
     1
  1
\A1;30
  7
ROMANS
 11
0.0000000000000001
 21
1.0
 31
0.0
 73
     1
 44
1.0
  0
POINT
  5
AA7
330
A9D
100
AcDbEntity
  8
DEFPOINTS
 62
     0
440
 16777216
100
AcDbPoint
 10
4105.290603596391
 20
5208.045991316028
 30
0.0
  0
POINT
  5
AA8
330
A9D
100
AcDbEntity
  8
DEFPOINTS
 62
     0
440
 16777216
100
AcDbPoint
 10
4071.290603596391
 20
5268.045991316029
 30
0.0
  0
POINT
  5
AA9
330
A9D
100
AcDbEntity
  8
DEFPOINTS
 62
     0
440
 16777216
100
AcDbPoint
 10
3298.229334141149
 20
5268.045991316029
 30
0.0
  0
ENDBLK
  5
A9F
330
A9D
100
AcDbEntity
  8
0
100
AcDbBlockEnd
  0
BLOCK
  5
AAB
330
AAA
100
AcDbEntity
  8
0
100
AcDbBlockBegin
  2
*D42
 70
     1
 10
0.0
 20
0.0
 30
0.0
  3
*D42
  1

  0
LINE
  5
AAD
330
AAA
100
AcDbEntity
  8
S-ANNO-DIMS
 62
     8
440
 16777216
370
    -2
100
AcDbLine
 10
4085.290603596392
 20
5108.045991316028
 30
0.0
 11
3163.110241360984
 21
5108.045991316028
 31
0.0
  0
LINE
  5
AAE
330
AAA
100
AcDbEntity
  8
S-ANNO-DIMS
 62
     8
440
 16777216
370
    -2
100
AcDbLine
 10
4085.290603596391
 20
5208.045991316028
 30
0.0
 11
3163.110241360984
 21
5208.045991316028
 31
0.0
  0
LINE
  5
AAF
330
AAA
100
AcDbEntity
  8
S-ANNO-DIMS
 62
     8
440
 16777216
370
    -2
100
AcDbLine
 10
3183.110241360984
 20
5058.045991316028
 30
0.0
 11
3183.110241360984
 21
5008.045991316028
 31
0.0
  0
LINE
  5
AB0
330
AAA
100
AcDbEntity
  8
S-ANNO-DIMS
 62
     8
440
 16777216
370
    -2
100
AcDbLine
 10
3183.110241360984
 20
5258.045991316028
 30
0.0
 11
3183.110241360984
 21
5308.045991316028
 31
0.0
  0
INSERT
  5
AB1
330
AAA
100
AcDbEntity
  8
S-ANNO-DIMS
 62
     8
440
 16777216
370
    -2
100
AcDbBlockReference
  2
DIM1
 10
3183.110241360984
 20
5108.045991316028
 30
0.0
 41
50.0
 42
50.0
 43
50.0
 50
90.0
  0
INSERT
  5
AB2
330
AAA
100
AcDbEntity
  8
S-ANNO-DIMS
 62
     8
440
 16777216
370
    -2
100
AcDbBlockReference
  2
DIM1
 10
3183.110241360984
 20
5208.045991316028
 30
0.0
 41
50.0
 42
50.0
 43
50.0
 50
270.0
  0
MTEXT
  5
AB3
330
AAA
100
AcDbEntity
  8
S-ANNO-DIMS
 62
     3
440
 16777216
100
AcDbMText
 10
3138.110241360984
 20
5158.045991316027
 30
0.0
 40
50.0
 41
0.0
 46
0.0
 71
     5
 72
     1
  1
\A1;50
  7
ROMANS
 11
0.0000000000000001
 21
1.0
 31
0.0
 73
     1
 44
1.0
  0
POINT
  5
AB4
330
AAA
100
AcDbEntity
  8
DEFPOINTS
 62
     0
440
 16777216
100
AcDbPoint
 10
4105.290603596391
 20
5108.045991316028
 30
0.0
  0
POINT
  5
AB5
330
AAA
100
AcDbEntity
  8
DEFPOINTS
 62
     0
440
 16777216
100
AcDbPoint
 10
4105.290603596391
 20
5208.045991316028
 30
0.0
  0
POINT
  5
AB6
330
AAA
100
AcDbEntity
  8
DEFPOINTS
 62
     0
440
 16777216
100
AcDbPoint
 10
3183.110241360984
 20
5208.045991316028
 30
0.0
  0
ENDBLK
  5
AAC
330
AAA
100
AcDbEntity
  8
0
100
AcDbBlockEnd
  0
BLOCK
  5
AB8
330
AB7
100
AcDbEntity
  8
0
100
AcDbBlockBegin
  2
*D43
 70
     1
 10
0.0
 20
0.0
 30
0.0
  3
*D43
  1

  0
LINE
  5
ABA
330
AB7
100
AcDbEntity
  8
S-ANNO-DIMS
 62
     8
440
 16777216
370
    -2
100
AcDbLine
 10
3446.28248192512
 20
5018.045991316029
 30
0.0
 11
3278.229334141149
 21
5018.045991316029
 31
0.0
  0
LINE
  5
ABB
330
AB7
100
AcDbEntity
  8
S-ANNO-DIMS
 62
     8
440
 16777216
370
    -2
100
AcDbLine
 10
4085.290603596392
 20
5108.045991316028
 30
0.0
 11
3278.229334141149
 21
5108.045991316028
 31
0.0
  0
LINE
  5
ABC
330
AB7
100
AcDbEntity
  8
S-ANNO-DIMS
 62
     8
440
 16777216
370
    -2
100
AcDbLine
 10
3298.229334141149
 20
4968.045991316028
 30
0.0
 11
3298.229334141149
 21
4918.045991316028
 31
0.0
  0
LINE
  5
ABD
330
AB7
100
AcDbEntity
  8
S-ANNO-DIMS
 62
     8
440
 16777216
370
    -2
100
AcDbLine
 10
3298.229334141149
 20
5158.045991316028
 30
0.0
 11
3298.229334141149
 21
5208.045991316028
 31
0.0
  0
INSERT
  5
ABE
330
AB7
100
AcDbEntity
  8
S-ANNO-DIMS
 62
     8
440
 16777216
370
    -2
100
AcDbBlockReference
  2
DIM1
 10
3298.229334141149
 20
5018.045991316029
 30
0.0
 41
50.0
 42
50.0
 43
50.0
 50
90.0
  0
INSERT
  5
ABF
330
AB7
100
AcDbEntity
  8
S-ANNO-DIMS
 62
     8
440
 16777216
370
    -2
100
AcDbBlockReference
  2
DIM1
 10
3298.229334141149
 20
5108.045991316028
 30
0.0
 41
50.0
 42
50.0
 43
50.0
 50
270.0
  0
MTEXT
  5
AC0
330
AB7
100
AcDbEntity
  8
S-ANNO-DIMS
 62
     3
440
 16777216
100
AcDbMText
 10
3253.22933414115
 20
5063.045991316027
 30
0.0
 40
50.0
 41
0.0
 46
0.0
 71
     5
 72
     1
  1
\A1;45
  7
ROMANS
 11
0.0000000000000001
 21
1.0
 31
0.0
 73
     1
 44
1.0
  0
POINT
  5
AC1
330
AB7
100
AcDbEntity
  8
DEFPOINTS
 62
     0
440
 16777216
100
AcDbPoint
 10
3466.28248192512
 20
5018.045991316029
 30
0.0
  0
POINT
  5
AC2
330
AB7
100
AcDbEntity
  8
DEFPOINTS
 62
     0
440
 16777216
100
AcDbPoint
 10
4105.290603596391
 20
5108.045991316028
 30
0.0
  0
POINT
  5
AC3
330
AB7
100
AcDbEntity
  8
DEFPOINTS
 62
     0
440
 16777216
100
AcDbPoint
 10
3298.229334141149
 20
5108.045991316028
 30
0.0
  0
ENDBLK
  5
AB9
330
AB7
100
AcDbEntity
  8
0
100
AcDbBlockEnd
  0
BLOCK
  5
AC5
330
AC4
100
AcDbEntity
  8
0
100
AcDbBlockBegin
  2
*D44
 70
     1
 10
0.0
 20
0.0
 30
0.0
  3
*D44
  1

  0
LINE
  5
AC7
330
AC4
100
AcDbEntity
  8
S-ANNO-DIMS
 62
     8
440
 16777216
370
    -2
100
AcDbLine
 10
780.553266859607
 20
5276.629257695386
 30
0.0
 11
1067.232970246394
 21
4799.514109322095
 31
0.0
  0
LINE
  5
AC8
330
AC4
100
AcDbEntity
  8
S-ANNO-DIMS
 62
     8
440
 16777216
370
    -2
100
AcDbLine
 10
951.9867270000913
 20
5379.636872677467
 30
0.0
 11
1238.666430388831
 21
4902.521724300927
 31
0.0
  0
LINE
  5
AC9
330
AC4
100
AcDbEntity
  8
S-ANNO-DIMS
 62
     8
440
 16777216
370
    -2
100
AcDbLine
 10
1099.790573784106
 20
4842.409359081027
 30
0.0
 11
1185.507303855362
 21
4893.913166570467
 31
0.0
  0
INSERT
  5
ACA
330
AC4
100
AcDbEntity
  8
S-ANNO-DIMS
 62
     8
440
 16777216
370
    -2
100
AcDbBlockReference
  2
DIM1
 10
1056.932208748516
 20
4816.657455336332
 30
0.0
 41
50.0
 42
50.0
 43
50.0
 50
210.9999999989224
  0
INSERT
  5
ACB
330
AC4
100
AcDbEntity
  8
S-ANNO-DIMS
 62
     8
440
 16777216
370
    -2
100
AcDbBlockReference
  2
DIM1
 10
1228.365668890952
 20
4919.665070315164
 30
0.0
 41
50.0
 42
50.0
 43
50.0
 50
30.99999999892233
  0
MTEXT
  5
ACC
330
AC4
100
AcDbEntity
  8
S-ANNO-DIMS
 62
     3
440
 16777216
100
AcDbMText
 10
1119.472225449507
 20
4906.733791357779
 30
0.0
 40
50.0
 41
0.0
 46
0.0
 71
     5
 72
     1
  1
\A1;200
  7
ROMANS
 11
0.8571673007117995
 21
0.5150380748939318
 31
0.0
 73
     1
 44
1.0
  0
POINT
  5
ACD
330
AC4
100
AcDbEntity
  8
DEFPOINTS
 62
     0
440
 16777216
100
AcDbPoint
 10
770.2525053617287
 20
5293.772603709621
 30
0.0
  0
POINT
  5
ACE
330
AC4
100
AcDbEntity
  8
DEFPOINTS
 62
     0
440
 16777216
100
AcDbPoint
 10
941.6859655022125
 20
5396.780218691703
 30
0.0
  0
POINT
  5
ACF
330
AC4
100
AcDbEntity
  8
DEFPOINTS
 62
     0
440
 16777216
100
AcDbPoint
 10
1228.365668890952
 20
4919.665070315164
 30
0.0
  0
ENDBLK
  5
AC6
330
AC4
100
AcDbEntity
  8
0
100
AcDbBlockEnd
  0
BLOCK
  5
AD1
330
AD0
100
AcDbEntity
  8
0
100
AcDbBlockBegin
  2
*D45
 70
     1
 10
0.0
 20
0.0
 30
0.0
  3
*D45
  1

  0
LINE
  5
AD3
330
AD0
100
AcDbEntity
  8
S-ANNO-DIMS
 62
     8
440
 16777216
370
    -2
100
AcDbLine
 10
788.9700240242546
 20
5526.679569030631
 30
0.0
 11
498.6951331694062
 21
5352.264818422156
 31
0.0
  0
LINE
  5
AD4
330
AD0
100
AcDbEntity
  8
S-ANNO-DIMS
 62
     8
440
 16777216
370
    -2
100
AcDbLine
 10
752.9247357255094
 20
5575.019378623444
 30
0.0
 11
467.7928486745809
 21
5403.694856464277
 31
0.0
  0
LINE
  5
AD5
330
AD0
100
AcDbEntity
  8
S-ANNO-DIMS
 62
     8
440
 16777216
370
    -2
100
AcDbLine
 10
541.5903829290559
 20
5319.70721488539
 30
0.0
 11
567.3422866746968
 21
5276.848849850367
 31
0.0
  0
LINE
  5
AD6
330
AD0
100
AcDbEntity
  8
S-ANNO-DIMS
 62
     8
440
 16777216
370
    -2
100
AcDbLine
 10
459.1842909429487
 20
5456.853982997555
 30
0.0
 11
375.3066616000046
 21
5596.4498005402
 31
0.0
  0
INSERT
  5
AD7
330
AD0
100
AcDbEntity
  8
S-ANNO-DIMS
 62
     8
440
 16777216
370
    -2
100
AcDbBlockReference
  2
DIM1
 10
515.838479183415
 20
5362.565579920413
 30
0.0
 41
50.0
 42
50.0
 43
50.0
 50
121.0000000001846
  0
INSERT
  5
AD8
330
AD0
100
AcDbEntity
  8
S-ANNO-DIMS
 62
     8
440
 16777216
370
    -2
100
AcDbBlockReference
  2
DIM1
 10
484.9361946885896
 20
5413.995617962534
 30
0.0
 41
50.0
 42
50.0
 43
50.0
 50
301.0000000001846
  0
MTEXT
  5
AD9
330
AD0
100
AcDbEntity
  8
S-ANNO-DIMS
 62
     3
440
 16777216
100
AcDbMText
 10
442.9420529301764
 20
5571.257787657467
 30
0.0
 40
50.0
 41
0.0
 46
0.0
 71
     5
 72
     1
  1
\A1;30
  7
ROMANS
 11
0.5150380749128165
 21
-0.8571673007004525
 31
0.0
 73
     1
 44
1.0
  0
POINT
  5
ADA
330
AD0
100
AcDbEntity
  8
DEFPOINTS
 62
     0
440
 16777216
100
AcDbPoint
 10
806.1133700382633
 20
5536.980330528887
 30
0.0
  0
POINT
  5
ADB
330
AD0
100
AcDbEntity
  8
DEFPOINTS
 62
     0
440
 16777216
100
AcDbPoint
 10
770.0680817395181
 20
5585.320140121702
 30
0.0
  0
POINT
  5
ADC
330
AD0
100
AcDbEntity
  8
DEFPOINTS
 62
     0
440
 16777216
100
AcDbPoint
 10
484.9361946885896
 20
5413.995617962534
 30
0.0
  0
ENDBLK
  5
AD2
330
AD0
100
AcDbEntity
  8
0
100
AcDbBlockEnd
  0
BLOCK
  5
ADE
330
ADD
100
AcDbEntity
  8
0
100
AcDbBlockBegin
  2
*D46
 70
     1
 10
0.0
 20
0.0
 30
0.0
  3
*D46
  1

  0
LINE
  5
AE0
330
ADD
100
AcDbEntity
  8
S-ANNO-DIMS
 62
     8
440
 16777216
370
    -2
100
AcDbLine
 10
727.9587785986969
 20
5268.359968865683
 30
0.0
 11
596.5523674064765
 21
5189.403031291959
 31
0.0
  0
LINE
  5
AE1
330
ADD
100
AcDbEntity
  8
S-ANNO-DIMS
 62
     8
440
 16777216
370
    -2
100
AcDbLine
 10
840.4738315154117
 20
5440.962838960506
 30
0.0
 11
550.1989406646366
 21
5266.548088354478
 31
0.0
  0
LINE
  5
AE2
330
ADD
100
AcDbEntity
  8
S-ANNO-DIMS
 62
     8
440
 16777216
370
    -2
100
AcDbLine
 10
541.5903829330045
 20
5319.707214887756
 30
0.0
 11
515.8384791873636
 21
5362.56557992278
 31
0.0
  0
LINE
  5
AE3
330
ADD
100
AcDbEntity
  8
S-ANNO-DIMS
 62
     8
440
 16777216
370
    -2
100
AcDbLine
 10
639.4476171661263
 20
5156.845427755193
 30
0.0
 11
723.3252465102191
 21
5017.249610210637
 31
0.0
  0
INSERT
  5
AE4
330
ADD
100
AcDbEntity
  8
S-ANNO-DIMS
 62
     8
440
 16777216
370
    -2
100
AcDbBlockReference
  2
DIM1
 10
567.3422866786454
 20
5276.848849852734
 30
0.0
 41
50.0
 42
50.0
 43
50.0
 50
301.0000000001846
  0
INSERT
  5
AE5
330
ADD
100
AcDbEntity
  8
S-ANNO-DIMS
 62
     8
440
 16777216
370
    -2
100
AcDbBlockReference
  2
DIM1
 10
613.6957134204854
 20
5199.703792790215
 30
0.0
 41
50.0
 42
50.0
 43
50.0
 50
121.0000000001846
  0
MTEXT
  5
AE6
330
ADD
100
AcDbEntity
  8
S-ANNO-DIMS
 62
     3
440
 16777216
100
AcDbMText
 10
732.8349122430877
 20
5088.795049835524
 30
0.0
 40
50.0
 41
0.0
 46
0.0
 71
     5
 72
     1
  1
\A1;45
  7
ROMANS
 11
0.5150380749128165
 21
-0.8571673007004525
 31
0.0
 73
     1
 44
1.0
  0
POINT
  5
AE7
330
ADD
100
AcDbEntity
  8
DEFPOINTS
 62
     0
440
 16777216
100
AcDbPoint
 10
745.1021246127061
 20
5278.660730363939
 30
0.0
  0
POINT
  5
AE8
330
ADD
100
AcDbEntity
  8
DEFPOINTS
 62
     0
440
 16777216
100
AcDbPoint
 10
857.6171775294211
 20
5451.263600458762
 30
0.0
  0
POINT
  5
AE9
330
ADD
100
AcDbEntity
  8
DEFPOINTS
 62
     0
440
 16777216
100
AcDbPoint
 10
567.3422866786454
 20
5276.848849852734
 30
0.0
  0
ENDBLK
  5
ADF
330
ADD
100
AcDbEntity
  8
0
100
AcDbBlockEnd
  0
BLOCK
  5
AEB
330
AEA
100
AcDbEntity
  8
0
100
AcDbBlockBegin
  2
*D47
 70
     1
 10
0.0
 20
0.0
 30
0.0
  3
*D47
  1

  0
LINE
  5
AED
330
AEA
100
AcDbEntity
  8
S-ANNO-DIMS
 62
     8
440
 16777216
370
    -2
100
AcDbLine
 10
3997.407071039126
 20
2020.133503248127
 30
0.0
 11
3139.245642671174
 21
2020.133503248127
 31
0.0
  0
LINE
  5
AEE
330
AEA
100
AcDbEntity
  8
S-ANNO-DIMS
 62
     8
440
 16777216
370
    -2
100
AcDbLine
 10
3422.398949367738
 20
1770.133503248126
 30
0.0
 11
3139.245642671174
 21
1770.133503248126
 31
0.0
  0
LINE
  5
AEF
330
AEA
100
AcDbEntity
  8
S-ANNO-DIMS
 62
     8
440
 16777216
370
    -2
100
AcDbLine
 10
3159.245642671174
 20
1970.133503248126
 30
0.0
 11
3159.245642671174
 21
1820.133503248126
 31
0.0
  0
INSERT
  5
AF0
330
AEA
100
AcDbEntity
  8
S-ANNO-DIMS
 62
     8
440
 16777216
370
    -2
100
AcDbBlockReference
  2
DIM1
 10
3159.245642671174
 20
2020.133503248127
 30
0.0
 41
50.0
 42
50.0
 43
50.0
 50
90.0
  0
INSERT
  5
AF1
330
AEA
100
AcDbEntity
  8
S-ANNO-DIMS
 62
     8
440
 16777216
370
    -2
100
AcDbBlockReference
  2
DIM1
 10
3159.245642671174
 20
1770.133503248126
 30
0.0
 41
50.0
 42
50.0
 43
50.0
 50
270.0
  0
MTEXT
  5
AF2
330
AEA
100
AcDbEntity
  8
S-ANNO-DIMS
 62
     3
440
 16777216
100
AcDbMText
 10
3114.245642671174
 20
1895.133503248125
 30
0.0
 40
50.0
 41
0.0
 46
0.0
 71
     5
 72
     1
  1
\A1;125
  7
ROMANS
 11
0.0000000000000001
 21
1.0
 31
0.0
 73
     1
 44
1.0
  0
POINT
  5
AF3
330
AEA
100
AcDbEntity
  8
DEFPOINTS
 62
     0
440
 16777216
100
AcDbPoint
 10
4017.407071039126
 20
2020.133503248127
 30
0.0
  0
POINT
  5
AF4
330
AEA
100
AcDbEntity
  8
DEFPOINTS
 62
     0
440
 16777216
100
AcDbPoint
 10
3442.398949367738
 20
1770.133503248126
 30
0.0
  0
POINT
  5
AF5
330
AEA
100
AcDbEntity
  8
DEFPOINTS
 62
     0
440
 16777216
100
AcDbPoint
 10
3159.245642671174
 20
1770.133503248126
 30
0.0
  0
ENDBLK
  5
AEC
330
AEA
100
AcDbEntity
  8
0
100
AcDbBlockEnd
  0
BLOCK
  5
AF7
330
AF6
100
AcDbEntity
  8
0
100
AcDbBlockBegin
  2
*D48
 70
     1
 10
0.0
 20
0.0
 30
0.0
  3
*D48
  1

  0
LINE
  5
AF9
330
AF6
100
AcDbEntity
  8
S-ANNO-DIMS
 62
     8
440
 16777216
370
    -2
100
AcDbLine
 10
4297.407071039124
 20
2006.133503248126
 30
0.0
 11
4297.407071039124
 21
2409.277375706788
 31
0.0
  0
LINE
  5
AFA
330
AF6
100
AcDbEntity
  8
S-ANNO-DIMS
 62
     8
440
 16777216
370
    -2
100
AcDbLine
 10
4377.407071039124
 20
2040.133503248126
 30
0.0
 11
4377.407071039124
 21
2409.277375706788
 31
0.0
  0
LINE
  5
AFB
330
AF6
100
AcDbEntity
  8
S-ANNO-DIMS
 62
     8
440
 16777216
370
    -2
100
AcDbLine
 10
4247.407071039124
 20
2389.277375706788
 30
0.0
 11
4197.407071039124
 21
2389.277375706788
 31
0.0
  0
LINE
  5
AFC
330
AF6
100
AcDbEntity
  8
S-ANNO-DIMS
 62
     8
440
 16777216
370
    -2
100
AcDbLine
 10
4427.407071039124
 20
2389.277375706788
 30
0.0
 11
4477.407071039124
 21
2389.277375706788
 31
0.0
  0
INSERT
  5
AFD
330
AF6
100
AcDbEntity
  8
S-ANNO-DIMS
 62
     8
440
 16777216
370
    -2
100
AcDbBlockReference
  2
DIM1
 10
4297.407071039124
 20
2389.277375706788
 30
0.0
 41
50.0
 42
50.0
 43
50.0
  0
INSERT
  5
AFE
330
AF6
100
AcDbEntity
  8
S-ANNO-DIMS
 62
     8
440
 16777216
370
    -2
100
AcDbBlockReference
  2
DIM1
 10
4377.407071039124
 20
2389.277375706788
 30
0.0
 41
50.0
 42
50.0
 43
50.0
 50
180.0
  0
MTEXT
  5
AFF
330
AF6
100
AcDbEntity
  8
S-ANNO-DIMS
 62
     3
440
 16777216
100
AcDbMText
 10
4337.407071039124
 20
2434.277375706788
 30
0.0
 40
50.0
 41
0.0
 46
0.0
 71
     5
 72
     1
  1
\A1;40
  7
ROMANS
 73
     1
 44
1.0
  0
POINT
  5
B00
330
AF6
100
AcDbEntity
  8
DEFPOINTS
 62
     0
440
 16777216
100
AcDbPoint
 10
4297.407071039124
 20
1986.133503248126
 30
0.0
  0
POINT
  5
B01
330
AF6
100
AcDbEntity
  8
DEFPOINTS
 62
     0
440
 16777216
100
AcDbPoint
 10
4377.407071039124
 20
2020.133503248126
 30
0.0
  0
POINT
  5
B02
330
AF6
100
AcDbEntity
  8
DEFPOINTS
 62
     0
440
 16777216
100
AcDbPoint
 10
4377.407071039124
 20
2389.277375706788
 30
0.0
  0
ENDBLK
  5
AF8
330
AF6
100
AcDbEntity
  8
0
100
AcDbBlockEnd
  0
BLOCK
  5
B04
330
B03
100
AcDbEntity
  8
0
100
AcDbBlockBegin
  2
*D49
 70
     1
 10
0.0
 20
0.0
 30
0.0
  3
*D49
  1

  0
LINE
  5
B06
330
B03
100
AcDbEntity
  8
S-ANNO-DIMS
 62
     8
440
 16777216
370
    -2
100
AcDbLine
 10
4097.407071039124
 20
2006.133503248126
 30
0.0
 11
4097.407071039124
 21
2409.277375706788
 31
0.0
  0
LINE
  5
B07
330
B03
100
AcDbEntity
  8
S-ANNO-DIMS
 62
     8
440
 16777216
370
    -2
100
AcDbLine
 10
4297.407071039124
 20
2006.133503248126
 30
0.0
 11
4297.407071039124
 21
2409.277375706788
 31
0.0
  0
LINE
  5
B08
330
B03
100
AcDbEntity
  8
S-ANNO-DIMS
 62
     8
440
 16777216
370
    -2
100
AcDbLine
 10
4147.407071039125
 20
2389.277375706788
 30
0.0
 11
4247.407071039124
 21
2389.277375706788
 31
0.0
  0
INSERT
  5
B09
330
B03
100
AcDbEntity
  8
S-ANNO-DIMS
 62
     8
440
 16777216
370
    -2
100
AcDbBlockReference
  2
DIM1
 10
4097.407071039124
 20
2389.277375706788
 30
0.0
 41
50.0
 42
50.0
 43
50.0
 50
180.0
  0
INSERT
  5
B0A
330
B03
100
AcDbEntity
  8
S-ANNO-DIMS
 62
     8
440
 16777216
370
    -2
100
AcDbBlockReference
  2
DIM1
 10
4297.407071039124
 20
2389.277375706788
 30
0.0
 41
50.0
 42
50.0
 43
50.0
  0
MTEXT
  5
B0B
330
B03
100
AcDbEntity
  8
S-ANNO-DIMS
 62
     3
440
 16777216
100
AcDbMText
 10
4197.407071039124
 20
2434.277375706788
 30
0.0
 40
50.0
 41
0.0
 46
0.0
 71
     5
 72
     1
  1
\A1;100
  7
ROMANS
 73
     1
 44
1.0
  0
POINT
  5
B0C
330
B03
100
AcDbEntity
  8
DEFPOINTS
 62
     0
440
 16777216
100
AcDbPoint
 10
4097.407071039124
 20
1986.133503248126
 30
0.0
  0
POINT
  5
B0D
330
B03
100
AcDbEntity
  8
DEFPOINTS
 62
     0
440
 16777216
100
AcDbPoint
 10
4297.407071039124
 20
1986.133503248126
 30
0.0
  0
POINT
  5
B0E
330
B03
100
AcDbEntity
  8
DEFPOINTS
 62
     0
440
 16777216
100
AcDbPoint
 10
4297.407071039124
 20
2389.277375706788
 30
0.0
  0
ENDBLK
  5
B05
330
B03
100
AcDbEntity
  8
0
100
AcDbBlockEnd
  0
BLOCK
  5
B10
330
B0F
100
AcDbEntity
  8
0
100
AcDbBlockBegin
  2
*D50
 70
     1
 10
0.0
 20
0.0
 30
0.0
  3
*D50
  1

  0
LINE
  5
B12
330
B0F
100
AcDbEntity
  8
S-ANNO-DIMS
 62
     8
440
 16777216
370
    -2
100
AcDbLine
 10
4017.407071039124
 20
2040.133503248126
 30
0.0
 11
4017.407071039124
 21
2569.277375706788
 31
0.0
  0
LINE
  5
B13
330
B0F
100
AcDbEntity
  8
S-ANNO-DIMS
 62
     8
440
 16777216
370
    -2
100
AcDbLine
 10
4377.407071039124
 20
2040.133503248126
 30
0.0
 11
4377.407071039124
 21
2569.277375706788
 31
0.0
  0
LINE
  5
B14
330
B0F
100
AcDbEntity
  8
S-ANNO-DIMS
 62
     8
440
 16777216
370
    -2
100
AcDbLine
 10
4067.407071039124
 20
2549.277375706788
 30
0.0
 11
4327.407071039124
 21
2549.277375706788
 31
0.0
  0
INSERT
  5
B15
330
B0F
100
AcDbEntity
  8
S-ANNO-DIMS
 62
     8
440
 16777216
370
    -2
100
AcDbBlockReference
  2
DIM1
 10
4017.407071039124
 20
2549.277375706788
 30
0.0
 41
50.0
 42
50.0
 43
50.0
 50
180.0
  0
INSERT
  5
B16
330
B0F
100
AcDbEntity
  8
S-ANNO-DIMS
 62
     8
440
 16777216
370
    -2
100
AcDbBlockReference
  2
DIM1
 10
4377.407071039124
 20
2549.277375706788
 30
0.0
 41
50.0
 42
50.0
 43
50.0
  0
MTEXT
  5
B17
330
B0F
100
AcDbEntity
  8
S-ANNO-DIMS
 62
     3
440
 16777216
100
AcDbMText
 10
4197.407071039124
 20
2594.277375706788
 30
0.0
 40
50.0
 41
0.0
 46
0.0
 71
     5
 72
     1
  1
\A1;180
  7
ROMANS
 73
     1
 44
1.0
  0
POINT
  5
B18
330
B0F
100
AcDbEntity
  8
DEFPOINTS
 62
     0
440
 16777216
100
AcDbPoint
 10
4017.407071039124
 20
2020.133503248126
 30
0.0
  0
POINT
  5
B19
330
B0F
100
AcDbEntity
  8
DEFPOINTS
 62
     0
440
 16777216
100
AcDbPoint
 10
4377.407071039124
 20
2020.133503248126
 30
0.0
  0
POINT
  5
B1A
330
B0F
100
AcDbEntity
  8
DEFPOINTS
 62
     0
440
 16777216
100
AcDbPoint
 10
4377.407071039124
 20
2549.277375706788
 30
0.0
  0
ENDBLK
  5
B11
330
B0F
100
AcDbEntity
  8
0
100
AcDbBlockEnd
  0
BLOCK
  5
B1C
330
B1B
100
AcDbEntity
  8
0
100
AcDbBlockBegin
  2
*D51
 70
     1
 10
0.0
 20
0.0
 30
0.0
  3
*D51
  1

  0
LINE
  5
B1E
330
B1B
100
AcDbEntity
  8
S-ANNO-DIMS
 62
     8
440
 16777216
370
    -2
100
AcDbLine
 10
4017.407071039124
 20
2040.133503248126
 30
0.0
 11
4017.407071039124
 21
2409.277375706788
 31
0.0
  0
LINE
  5
B1F
330
B1B
100
AcDbEntity
  8
S-ANNO-DIMS
 62
     8
440
 16777216
370
    -2
100
AcDbLine
 10
4097.407071039124
 20
2006.133503248126
 30
0.0
 11
4097.407071039124
 21
2409.277375706788
 31
0.0
  0
LINE
  5
B20
330
B1B
100
AcDbEntity
  8
S-ANNO-DIMS
 62
     8
440
 16777216
370
    -2
100
AcDbLine
 10
3967.407071039124
 20
2389.277375706788
 30
0.0
 11
3917.407071039124
 21
2389.277375706788
 31
0.0
  0
LINE
  5
B21
330
B1B
100
AcDbEntity
  8
S-ANNO-DIMS
 62
     8
440
 16777216
370
    -2
100
AcDbLine
 10
4147.407071039125
 20
2389.277375706788
 30
0.0
 11
4197.407071039124
 21
2389.277375706788
 31
0.0
  0
INSERT
  5
B22
330
B1B
100
AcDbEntity
  8
S-ANNO-DIMS
 62
     8
440
 16777216
370
    -2
100
AcDbBlockReference
  2
DIM1
 10
4017.407071039124
 20
2389.277375706788
 30
0.0
 41
50.0
 42
50.0
 43
50.0
  0
INSERT
  5
B23
330
B1B
100
AcDbEntity
  8
S-ANNO-DIMS
 62
     8
440
 16777216
370
    -2
100
AcDbBlockReference
  2
DIM1
 10
4097.407071039124
 20
2389.277375706788
 30
0.0
 41
50.0
 42
50.0
 43
50.0
 50
180.0
  0
MTEXT
  5
B24
330
B1B
100
AcDbEntity
  8
S-ANNO-DIMS
 62
     3
440
 16777216
100
AcDbMText
 10
4057.407071039125
 20
2434.277375706788
 30
0.0
 40
50.0
 41
0.0
 46
0.0
 71
     5
 72
     1
  1
\A1;40
  7
ROMANS
 73
     1
 44
1.0
  0
POINT
  5
B25
330
B1B
100
AcDbEntity
  8
DEFPOINTS
 62
     0
440
 16777216
100
AcDbPoint
 10
4017.407071039124
 20
2020.133503248126
 30
0.0
  0
POINT
  5
B26
330
B1B
100
AcDbEntity
  8
DEFPOINTS
 62
     0
440
 16777216
100
AcDbPoint
 10
4097.407071039124
 20
1986.133503248126
 30
0.0
  0
POINT
  5
B27
330
B1B
100
AcDbEntity
  8
DEFPOINTS
 62
     0
440
 16777216
100
AcDbPoint
 10
4097.407071039124
 20
2389.277375706788
 30
0.0
  0
ENDBLK
  5
B1D
330
B1B
100
AcDbEntity
  8
0
100
AcDbBlockEnd
  0
BLOCK
  5
B29
330
B28
100
AcDbEntity
  8
0
100
AcDbBlockBegin
  2
*D52
 70
     1
 10
0.0
 20
0.0
 30
0.0
  3
*D52
  1

  0
LINE
  5
B2B
330
B28
100
AcDbEntity
  8
S-ANNO-DIMS
 62
     8
440
 16777216
370
    -2
100
AcDbLine
 10
4041.407071039126
 20
1950.133503248126
 30
0.0
 11
3299.245642671173
 21
1950.133503248126
 31
0.0
  0
LINE
  5
B2C
330
B28
100
AcDbEntity
  8
S-ANNO-DIMS
 62
     8
440
 16777216
370
    -2
100
AcDbLine
 10
3997.407071039126
 20
2020.133503248127
 30
0.0
 11
3299.245642671173
 21
2020.133503248127
 31
0.0
  0
LINE
  5
B2D
330
B28
100
AcDbEntity
  8
S-ANNO-DIMS
 62
     8
440
 16777216
370
    -2
100
AcDbLine
 10
3319.245642671173
 20
1900.133503248126
 30
0.0
 11
3319.245642671173
 21
1850.133503248126
 31
0.0
  0
LINE
  5
B2E
330
B28
100
AcDbEntity
  8
S-ANNO-DIMS
 62
     8
440
 16777216
370
    -2
100
AcDbLine
 10
3319.245642671173
 20
2070.133503248126
 30
0.0
 11
3319.245642671173
 21
2120.133503248126
 31
0.0
  0
INSERT
  5
B2F
330
B28
100
AcDbEntity
  8
S-ANNO-DIMS
 62
     8
440
 16777216
370
    -2
100
AcDbBlockReference
  2
DIM1
 10
3319.245642671173
 20
1950.133503248126
 30
0.0
 41
50.0
 42
50.0
 43
50.0
 50
90.0
  0
INSERT
  5
B30
330
B28
100
AcDbEntity
  8
S-ANNO-DIMS
 62
     8
440
 16777216
370
    -2
100
AcDbBlockReference
  2
DIM1
 10
3319.245642671173
 20
2020.133503248127
 30
0.0
 41
50.0
 42
50.0
 43
50.0
 50
270.0
  0
MTEXT
  5
B31
330
B28
100
AcDbEntity
  8
S-ANNO-DIMS
 62
     3
440
 16777216
100
AcDbMText
 10
3274.245642671173
 20
1985.133503248125
 30
0.0
 40
50.0
 41
0.0
 46
0.0
 71
     5
 72
     1
  1
\A1;35
  7
ROMANS
 11
0.0000000000000001
 21
1.0
 31
0.0
 73
     1
 44
1.0
  0
POINT
  5
B32
330
B28
100
AcDbEntity
  8
DEFPOINTS
 62
     0
440
 16777216
100
AcDbPoint
 10
4061.407071039126
 20
1950.133503248126
 30
0.0
  0
POINT
  5
B33
330
B28
100
AcDbEntity
  8
DEFPOINTS
 62
     0
440
 16777216
100
AcDbPoint
 10
4017.407071039126
 20
2020.133503248127
 30
0.0
  0
POINT
  5
B34
330
B28
100
AcDbEntity
  8
DEFPOINTS
 62
     0
440
 16777216
100
AcDbPoint
 10
3319.245642671173
 20
2020.133503248127
 30
0.0
  0
ENDBLK
  5
B2A
330
B28
100
AcDbEntity
  8
0
100
AcDbBlockEnd
  0
BLOCK
  5
B3F
330
B3E
100
AcDbEntity
  8
0
100
AcDbBlockBegin
  2
*D53
 70
     1
 10
0.0
 20
0.0
 30
0.0
  3
*D53
  1

  0
LINE
  5
B41
330
B3E
100
AcDbEntity
  8
S-ANNO-DIMS
 62
     8
440
 16777216
370
    -2
100
AcDbLine
 10
3422.398949367738
 20
1770.133503248126
 30
0.0
 11
3299.245642671174
 21
1770.133503248126
 31
0.0
  0
LINE
  5
B42
330
B3E
100
AcDbEntity
  8
S-ANNO-DIMS
 62
     8
440
 16777216
370
    -2
100
AcDbLine
 10
4041.407071039126
 20
1950.133503248126
 30
0.0
 11
3299.245642671174
 21
1950.133503248126
 31
0.0
  0
LINE
  5
B43
330
B3E
100
AcDbEntity
  8
S-ANNO-DIMS
 62
     8
440
 16777216
370
    -2
100
AcDbLine
 10
3319.245642671174
 20
1820.133503248126
 30
0.0
 11
3319.245642671174
 21
1900.133503248126
 31
0.0
  0
INSERT
  5
B44
330
B3E
100
AcDbEntity
  8
S-ANNO-DIMS
 62
     8
440
 16777216
370
    -2
100
AcDbBlockReference
  2
DIM1
 10
3319.245642671174
 20
1770.133503248126
 30
0.0
 41
50.0
 42
50.0
 43
50.0
 50
270.0
  0
INSERT
  5
B45
330
B3E
100
AcDbEntity
  8
S-ANNO-DIMS
 62
     8
440
 16777216
370
    -2
100
AcDbBlockReference
  2
DIM1
 10
3319.245642671174
 20
1950.133503248126
 30
0.0
 41
50.0
 42
50.0
 43
50.0
 50
90.0
  0
MTEXT
  5
B46
330
B3E
100
AcDbEntity
  8
S-ANNO-DIMS
 62
     3
440
 16777216
100
AcDbMText
 10
3274.245642671174
 20
1860.133503248125
 30
0.0
 40
50.0
 41
0.0
 46
0.0
 71
     5
 72
     1
  1
\A1;90
  7
ROMANS
 11
0.0000000000000001
 21
1.0
 31
0.0
 73
     1
 44
1.0
  0
POINT
  5
B47
330
B3E
100
AcDbEntity
  8
DEFPOINTS
 62
     0
440
 16777216
100
AcDbPoint
 10
3442.398949367738
 20
1770.133503248126
 30
0.0
  0
POINT
  5
B48
330
B3E
100
AcDbEntity
  8
DEFPOINTS
 62
     0
440
 16777216
100
AcDbPoint
 10
4061.407071039126
 20
1950.133503248126
 30
0.0
  0
POINT
  5
B49
330
B3E
100
AcDbEntity
  8
DEFPOINTS
 62
     0
440
 16777216
100
AcDbPoint
 10
3319.245642671174
 20
1950.133503248126
 30
0.0
  0
ENDBLK
  5
B40
330
B3E
100
AcDbEntity
  8
0
100
AcDbBlockEnd
  0
BLOCK
  5
B55
330
B54
100
AcDbEntity
  8
0
100
AcDbBlockBegin
  2
*D54
 70
     1
 10
0.0
 20
0.0
 30
0.0
  3
*D54
  1

  0
LINE
  5
B57
330
B54
100
AcDbEntity
  8
S-ANNO-DIMS
 62
     8
440
 16777216
370
    -2
100
AcDbLine
 10
1178.081904882908
 20
1837.914832049559
 30
0.0
 11
1488.873106704962
 21
1320.671411540018
 31
0.0
  0
LINE
  5
B58
330
B54
100
AcDbEntity
  8
S-ANNO-DIMS
 62
     8
440
 16777216
370
    -2
100
AcDbLine
 10
1349.515365023393
 20
1940.92244703164
 30
0.0
 11
1660.306566847399
 21
1423.679026518851
 31
0.0
  0
LINE
  5
B59
330
B54
100
AcDbEntity
  8
S-ANNO-DIMS
 62
     8
440
 16777216
370
    -2
100
AcDbLine
 10
1521.430710242673
 20
1363.566661298951
 30
0.0
 11
1607.14744031393
 21
1415.07046878839
 31
0.0
  0
INSERT
  5
B5A
330
B54
100
AcDbEntity
  8
S-ANNO-DIMS
 62
     8
440
 16777216
370
    -2
100
AcDbBlockReference
  2
DIM1
 10
1478.572345207084
 20
1337.814757554254
 30
0.0
 41
50.0
 42
50.0
 43
50.0
 50
210.9999999989224
  0
INSERT
  5
B5B
330
B54
100
AcDbEntity
  8
S-ANNO-DIMS
 62
     8
440
 16777216
370
    -2
100
AcDbBlockReference
  2
DIM1
 10
1650.00580534952
 20
1440.822372533087
 30
0.0
 41
50.0
 42
50.0
 43
50.0
 50
30.99999999892233
  0
MTEXT
  5
B5C
330
B54
100
AcDbEntity
  8
S-ANNO-DIMS
 62
     3
440
 16777216
100
AcDbMText
 10
1541.112361908075
 20
1427.891093575701
 30
0.0
 40
50.0
 41
0.0
 46
0.0
 71
     5
 72
     1
  1
\A1;100
  7
ROMANS
 11
0.8571673007117995
 21
0.5150380748939318
 31
0.0
 73
     1
 44
1.0
  0
POINT
  5
B5D
330
B54
100
AcDbEntity
  8
DEFPOINTS
 62
     0
440
 16777216
100
AcDbPoint
 10
1167.781143385029
 20
1855.058178063795
 30
0.0
  0
POINT
  5
B5E
330
B54
100
AcDbEntity
  8
DEFPOINTS
 62
     0
440
 16777216
100
AcDbPoint
 10
1339.214603525514
 20
1958.065793045877
 30
0.0
  0
POINT
  5
B5F
330
B54
100
AcDbEntity
  8
DEFPOINTS
 62
     0
440
 16777216
100
AcDbPoint
 10
1650.00580534952
 20
1440.822372533087
 30
0.0
  0
ENDBLK
  5
B56
330
B54
100
AcDbEntity
  8
0
100
AcDbBlockEnd
  0
BLOCK
  5
B61
330
B60
100
AcDbEntity
  8
0
100
AcDbBlockBegin
  2
*D55
 70
     1
 10
0.0
 20
0.0
 30
0.0
  3
*D55
  1

  0
LINE
  5
B63
330
B60
100
AcDbEntity
  8
S-ANNO-DIMS
 62
     8
440
 16777216
370
    -2
100
AcDbLine
 10
1191.649042796694
 20
2079.393470377821
 30
0.0
 11
901.374151943709
 21
1904.978719770466
 31
0.0
  0
LINE
  5
B64
330
B60
100
AcDbEntity
  8
S-ANNO-DIMS
 62
     8
440
 16777216
370
    -2
100
AcDbLine
 10
1150.45337374881
 20
2136.304952977618
 30
0.0
 11
865.3214866997624
 21
1964.980430819579
 31
0.0
  0
LINE
  5
B65
330
B60
100
AcDbEntity
  8
S-ANNO-DIMS
 62
     8
440
 16777216
370
    -2
100
AcDbLine
 10
944.2694017033588
 20
1872.421116233699
 30
0.0
 11
970.0213054489996
 21
1829.562751198677
 31
0.0
  0
LINE
  5
B66
330
B60
100
AcDbEntity
  8
S-ANNO-DIMS
 62
     8
440
 16777216
370
    -2
100
AcDbLine
 10
856.7129289681306
 20
2018.139557352859
 30
0.0
 11
830.9610252224898
 21
2060.997922387882
 31
0.0
  0
INSERT
  5
B67
330
B60
100
AcDbEntity
  8
S-ANNO-DIMS
 62
     8
440
 16777216
370
    -2
100
AcDbBlockReference
  2
DIM1
 10
918.5174979577181
 20
1915.279481268722
 30
0.0
 41
50.0
 42
50.0
 43
50.0
 50
121.0000000001846
  0
INSERT
  5
B68
330
B60
100
AcDbEntity
  8
S-ANNO-DIMS
 62
     8
440
 16777216
370
    -2
100
AcDbBlockReference
  2
DIM1
 10
882.4648327137714
 20
1975.281192317836
 30
0.0
 41
50.0
 42
50.0
 43
50.0
 50
301.0000000001846
  0
MTEXT
  5
B69
330
B60
100
AcDbEntity
  8
S-ANNO-DIMS
 62
     3
440
 16777216
100
AcDbMText
 10
939.0636938672653
 20
1968.457050164355
 30
0.0
 40
50.0
 41
0.0
 46
0.0
 71
     5
 72
     1
  1
\A1;35
  7
ROMANS
 11
0.5150380749128165
 21
-0.8571673007004525
 31
0.0
 73
     1
 44
1.0
  0
POINT
  5
B6A
330
B60
100
AcDbEntity
  8
DEFPOINTS
 62
     0
440
 16777216
100
AcDbPoint
 10
1208.792388810703
 20
2089.694231876078
 30
0.0
  0
POINT
  5
B6B
330
B60
100
AcDbEntity
  8
DEFPOINTS
 62
     0
440
 16777216
100
AcDbPoint
 10
1167.596719762819
 20
2146.605714475875
 30
0.0
  0
POINT
  5
B6C
330
B60
100
AcDbEntity
  8
DEFPOINTS
 62
     0
440
 16777216
100
AcDbPoint
 10
882.4648327137714
 20
1975.281192317836
 30
0.0
  0
ENDBLK
  5
B62
330
B60
100
AcDbEntity
  8
0
100
AcDbBlockEnd
  0
BLOCK
  5
B6E
330
B6D
100
AcDbEntity
  8
0
100
AcDbBlockBegin
  2
*D56
 70
     1
 10
0.0
 20
0.0
 30
0.0
  3
*D56
  1

  0
LINE
  5
B70
330
B6D
100
AcDbEntity
  8
S-ANNO-DIMS
 62
     8
440
 16777216
370
    -2
100
AcDbLine
 10
1125.487416621881
 20
1829.645543219856
 30
0.0
 11
994.0810054269904
 21
1750.688605644527
 31
0.0
  0
LINE
  5
B71
330
B6D
100
AcDbEntity
  8
S-ANNO-DIMS
 62
     8
440
 16777216
370
    -2
100
AcDbLine
 10
1191.649042796694
 20
2079.39347037788
 30
0.0
 11
901.3741519429929
 21
1904.978719770094
 31
0.0
  0
LINE
  5
B72
330
B6D
100
AcDbEntity
  8
S-ANNO-DIMS
 62
     8
440
 16777216
370
    -2
100
AcDbLine
 10
985.4724476953586
 20
1803.847732177806
 30
0.0
 11
944.2694017026427
 21
1872.421116233327
 31
0.0
  0
INSERT
  5
B73
330
B6D
100
AcDbEntity
  8
S-ANNO-DIMS
 62
     8
440
 16777216
370
    -2
100
AcDbBlockReference
  2
DIM1
 10
1011.224351440999
 20
1760.989367142784
 30
0.0
 41
50.0
 42
50.0
 43
50.0
 50
301.0000000001846
  0
INSERT
  5
B74
330
B6D
100
AcDbEntity
  8
S-ANNO-DIMS
 62
     8
440
 16777216
370
    -2
100
AcDbBlockReference
  2
DIM1
 10
918.5174979570019
 20
1915.27948126835
 30
0.0
 41
50.0
 42
50.0
 43
50.0
 50
121.0000000001846
  0
MTEXT
  5
B75
330
B6D
100
AcDbEntity
  8
S-ANNO-DIMS
 62
     3
440
 16777216
100
AcDbMText
 10
1003.443453230521
 20
1861.311137576644
 30
0.0
 40
50.0
 41
0.0
 46
0.0
 71
     5
 72
     1
  1
\A1;90
  7
ROMANS
 11
0.5150380749128165
 21
-0.8571673007004525
 31
0.0
 73
     1
 44
1.0
  0
POINT
  5
B76
330
B6D
100
AcDbEntity
  8
DEFPOINTS
 62
     0
440
 16777216
100
AcDbPoint
 10
1142.63076263589
 20
1839.946304718112
 30
0.0
  0
POINT
  5
B77
330
B6D
100
AcDbEntity
  8
DEFPOINTS
 62
     0
440
 16777216
100
AcDbPoint
 10
1208.792388810703
 20
2089.694231876136
 30
0.0
  0
POINT
  5
B78
330
B6D
100
AcDbEntity
  8
DEFPOINTS
 62
     0
440
 16777216
100
AcDbPoint
 10
918.5174979570019
 20
1915.27948126835
 30
0.0
  0
ENDBLK
  5
B6F
330
B6D
100
AcDbEntity
  8
0
100
AcDbBlockEnd
  0
ENDSEC
  0
SECTION
  2
ENTITIES
  0
LINE
  5
711
330
1F
100
AcDbEntity
  8
S-BEAM-CONC
100
AcDbLine
 10
1142.63076263589
 20
1839.946304718112
 30
0.0
 11
1182.643028752805
 21
2218.644652459269
 31
0.0
  0
LINE
  5
712
330
1F
100
AcDbEntity
  8
S-TRUS
 62
     3
100
AcDbLine
 10
745.1021246127056
 20
5278.660730363939
 30
0.0
 11
785.1143907295045
 21
5657.359078105095
 31
0.0
  0
TEXT
  5
713
330
1F
100
AcDbEntity
  8
TITLE
 62
     2
100
AcDbText
 10
2310.622154066786
 20
758.6027702686479
 30
0.0
 40
50.0
  1
1:20 M.
 41
0.9
  7
ROMANS
 72
     2
 11
2569.907868352501
 21
758.6027702686479
 31
0.0
100
AcDbText
  0
LINE
  5
714
330
1F
100
AcDbEntity
  8
TITLE
 62
     2
100
AcDbLine
 10
623.4351910120312
 20
838.8685849062385
 30
0.0
 11
2604.978717372418
 21
839.1478270835577
 31
0.0
  0
TEXT
  5
715
330
1F
100
AcDbEntity
  8
TITLE
 62
     6
100
AcDbText
 10
1088.729671240049
 20
890.0113246325854
 30
0.0
 40
120.0
  1
DETAILED SECTION
 41
0.9
  7
ROMANS
100
AcDbText
  0
TEXT
  5
716
330
1F
100
AcDbEntity
  8
TITLE
 62
     2
100
AcDbText
 10
1097.882587150481
 20
753.1620873694992
 30
0.0
 40
50.0
  1
SCALE :
 41
0.9
  7
ROMANS
100
AcDbText
  0
TEXT
  5
717
330
1F
100
AcDbEntity
  8
TITLE
 62
     2
100
AcDbText
 10
1413.107107320909
 20
114.2935133897335
 30
0.0
 40
50.0
  1
SCALE :
 41
0.9
  7
ROMANS
100
AcDbText
  0
TEXT
  5
718
330
1F
100
AcDbEntity
  8
TITLE
 62
     6
100
AcDbText
 10
1405.576821227667
 20
234.9199667742578
 30
0.0
 40
120.0
  1
PURLIN TO RC BEAM CONNECTION DETAILS
 41
0.9
  7
ROMANS
100
AcDbText
  0
LINE
  5
719
330
1F
100
AcDbEntity
  8
TITLE
 62
     2
100
AcDbLine
 10
938.6597111824594
 20
200.0000109264729
 30
0.0
 11
4984.825128323194
 21
196.9469448754898
 31
0.0
  0
TEXT
  5
71A
330
1F
100
AcDbEntity
  8
TITLE
 62
     2
100
AcDbText
 10
4708.140183324121
 20
103.1149963348507
 30
0.0
 40
50.0
  1
1:20 M.
 41
0.9
  7
ROMANS
 72
     2
 11
4967.425897609835
 21
103.1149963348507
 31
0.0
100
AcDbText
  0
TEXT
  5
71B
330
1F
100
AcDbEntity
  8
TITLE
 62
     2
100
AcDbText
 10
4818.160161483755
 20
3720.476317641551
 30
0.0
 40
50.0
  1
AS SHOWN
 41
0.9
  7
ROMANS
 72
     2
 11
5171.731590055184
 21
3720.476317641551
 31
0.0
100
AcDbText
  0
LINE
  5
71C
330
1F
100
AcDbEntity
  8
TITLE
 62
     2
100
AcDbLine
 10
917.1529313344873
 20
3817.361332233144
 30
0.0
 11
5215.642335252007
 21
3814.308266182161
 31
0.0
  0
TEXT
  5
71D
330
1F
100
AcDbEntity
  8
TITLE
 62
     6
100
AcDbText
 10
1384.070041379695
 20
3852.281288080871
 30
0.0
 40
120.0
  1
PURLIN TO STEEL TRUSS CONNECTION DETAIL
 41
0.9
  7
ROMANS
100
AcDbText
  0
TEXT
  5
71E
330
1F
100
AcDbEntity
  8
TITLE
 62
     2
100
AcDbText
 10
1391.600327472937
 20
3731.654834696434
 30
0.0
 40
50.0
  1
SCALE :
 41
0.9
  7
ROMANS
100
AcDbText
  0
TEXT
  5
71F
330
1F
100
AcDbEntity
  8
TITLE
 62
     2
100
AcDbText
 10
871.4067138471655
 20
4228.449295750026
 30
0.0
 40
50.0
  1
SCALE :
 41
0.9
  7
ROMANS
100
AcDbText
  0
TEXT
  5
720
330
1F
100
AcDbEntity
  8
TITLE
 62
     6
100
AcDbText
 10
855.3171130123883
 20
4365.298533013112
 30
0.0
 40
120.0
  1
DETAILED SECTION
 41
0.9
  7
ROMANS
100
AcDbText
  0
LINE
  5
721
330
1F
100
AcDbEntity
  8
TITLE
 62
     2
100
AcDbLine
 10
396.9593177087154
 20
4314.155793286765
 30
0.0
 11
2363.184041802051
 21
4314.435035464085
 31
0.0
  0
TEXT
  5
722
330
1F
100
AcDbEntity
  8
TITLE
 62
     2
100
AcDbText
 10
2068.82747849642
 20
4233.889978649175
 30
0.0
 40
50.0
  1
1:20 M.
 41
0.9
  7
ROMANS
 72
     2
 11
2328.113192782133
 21
4233.889978649175
 31
0.0
100
AcDbText
  0
TEXT
  5
723
330
1F
100
AcDbEntity
  8
TITLE
 62
     2
100
AcDbText
 10
2130.530450874052
 20
6867.262452301249
 30
0.0
 40
50.0
  1
SCALE :
 41
0.9
  7
ROMANS
100
AcDbText
  0
TEXT
  5
724
330
1F
100
AcDbEntity
  8
TITLE
 62
     6
100
AcDbText
 10
2123.00016478081
 20
6987.888905685714
 30
0.0
 40
120.0
  1
TYPICAL SAGROD DETAIL
 41
0.9
  7
ROMANS
100
AcDbText
  0
LINE
  5
725
330
1F
100
AcDbEntity
  8
TITLE
 62
     2
100
AcDbLine
 10
1656.083054735602
 20
6952.968949837988
 30
0.0
 11
4141.608211246014
 21
6952.968949837988
 31
0.0
  0
TEXT
  5
726
330
1F
100
AcDbEntity
  8
TITLE
 62
     2
100
AcDbText
 10
3726.041258977936
 20
6856.083935246366
 30
0.0
 40
50.0
  1
AS SHOWN
 41
0.9
  7
ROMANS
 72
     2
 11
4079.612687549365
 21
6856.083935246366
 31
0.0
100
AcDbText
  0
TEXT
  5
727
330
1F
100
AcDbEntity
  8
TG
100
AcDbText
 10
135.2391719436709
 20
6095.927202525163
 30
0.0
 40
50.0
  1
END PURLIN
 41
0.8
  7
2T-10
100
AcDbText
  0
TEXT
  5
728
330
1F
100
AcDbEntity
  8
TG
100
AcDbText
 10
-7.619033055918407
 20
6018.36261695742
 30
0.0
 40
50.0
  1
(VERIFY FRAMING PLAN)
 41
0.8
  7
2T-10
100
AcDbText
  0
LWPOLYLINE
  5
729
330
1F
100
AcDbEntity
  8
1R
 48
1000.0
100
AcDbPolyline
 90
        6
 70
     0
 43
0.0
 10
4534.040801175215
 20
7822.176099035366
 10
4543.899410572179
 20
7953.479100914148
 10
4500.794043638088
 20
7974.557574338688
 10
4575.094294935741
 20
8006.625554054451
 10
4553.068718821086
 20
8017.622381802125
 10
4562.216033465039
 20
8145.908943578076
  0
LWPOLYLINE
  5
72A
330
1F
100
AcDbEntity
  8
1R
 48
1000.0
100
AcDbPolyline
 90
        6
 70
     0
 43
0.0
 10
5291.031767054271
 20
7822.176099035366
 10
5300.890376451236
 20
7953.479100914148
 10
5257.785009517146
 20
7974.557574338688
 10
5332.085260814798
 20
8006.625554054451
 10
5310.059684700143
 20
8017.622381802125
 10
5321.482703398491
 20
8137.748336559686
  0
LWPOLYLINE
  5
72B
330
1F
100
AcDbEntity
  8
8G
100
AcDbPolyline
 90
        3
 70
     0
 43
0.0
 10
4381.331138870002
 20
5100.927585590657
 10
4527.379802121802
 20
4767.897006128794
 10
4599.334178974292
 20
4767.897006128794
1001
ACAD
1000
DSTYLE
1002
{
1070
     5
1000

1070
    77
1070
     0
1070
   147
1040
12.5
1070
   341
1005
0
1070
   342
1005
0
1002
}
  0
SOLID
  5
72C
330
1F
100
AcDbEntity
  8
8G
100
AcDbTrace
 10
4377.515281417895
 20
5099.254163045083
 30
0.0
 11
4371.290603596389
 21
5123.822730303448
 31
0.0
 12
4385.146996322109
 22
5102.601008136229
 32
0.0
 13
4385.146996322109
 23
5102.601008136229
 33
0.0
1001
ACAD
1000
DSTYLE
1002
{
1070
     5
1000

1070
    77
1070
     0
1070
   147
1040
12.5
1070
   341
1005
0
1070
   342
1005
0
1002
}
  0
LWPOLYLINE
  5
72D
330
1F
100
AcDbEntity
  8
8G
100
AcDbPolyline
 90
        4
 70
     0
 43
0.0
 10
-4322.585697261173
 20
5249.112204037428
 10
-4565.38016205516
 20
5481.464682966699
 10
-4687.522826158114
 20
5615.561328147651
 10
-4712.522826158114
 20
5615.561328147651
210
0.0
220
0.0
230
-1.0
1001
ACAD
1000
DSTYLE
1002
{
1070
     5
1000

1070
    77
1070
     0
1070
   147
1040
12.5
1070
   341
1005
0
1070
   342
1005
0
1002
}
  0
SOLID
  5
72E
330
1F
100
AcDbEntity
  8
8G
100
AcDbTrace
 10
-4319.704862966922
 20
5252.12250383652
 30
0.0
 11
-4304.523898466745
 21
5231.827198271986
 31
0.0
 12
-4325.466531555423
 22
5246.101904238396
 32
0.0
 13
-4325.466531555423
 23
5246.101904238396
 33
0.0
210
0.0
220
0.0
230
-1.0
1001
ACAD
1000
DSTYLE
1002
{
1070
     5
1000

1070
    77
1070
     0
1070
   147
1040
12.5
1070
   341
1005
0
1070
   342
1005
0
1002
}
  0
LWPOLYLINE
  5
72F
330
1F
100
AcDbEntity
  8
8G
100
AcDbPolyline
 90
        3
 70
     0
 43
0.0
 10
874.4578960214711
 20
5330.552370330487
 10
1278.329874953997
 20
4753.763408638966
 10
1388.476965151654
 20
4753.763408639025
1001
ACAD
1000
DSTYLE
1002
{
1070
     5
1000

1070
    77
1070
     0
1070
   147
1040
12.5
1070
   341
1005
0
1070
   342
1005
0
1002
}
  0
SOLID
  5
730
330
1F
100
AcDbEntity
  8
8G
100
AcDbTrace
 10
871.0447625036321
 20
5328.162468512361
 30
0.0
 11
860.1184851127182
 21
5351.031171437724
 31
0.0
 12
877.8710295393102
 22
5332.942272148612
 32
0.0
 13
877.8710295393102
 23
5332.942272148612
 33
0.0
1001
ACAD
1000
DSTYLE
1002
{
1070
     5
1000

1070
    77
1070
     0
1070
   147
1040
12.5
1070
   341
1005
0
1070
   342
1005
0
1002
}
  0
LWPOLYLINE
  5
731
330
1F
100
AcDbEntity
  8
8G
100
AcDbPolyline
 90
        3
 70
     0
 43
0.0
 10
1354.936107596077
 20
5150.884895790972
 10
1523.094395815788
 20
5010.656568443192
 10
1729.744432268126
 20
5010.656568443249
1001
ACAD
1000
DSTYLE
1002
{
1070
     5
1000

1070
    77
1070
     0
1070
   147
1040
12.5
1070
   341
1005
0
1070
   342
1005
0
1002
}
  0
SOLID
  5
732
330
1F
100
AcDbEntity
  8
8G
100
AcDbTrace
 10
1352.267589879964
 20
5147.684876367588
 30
0.0
 11
1335.735991055772
 21
5166.896002087472
 31
0.0
 12
1357.604625312189
 22
5154.084915214356
 32
0.0
 13
1357.604625312189
 23
5154.084915214356
 33
0.0
1001
ACAD
1000
DSTYLE
1002
{
1070
     5
1000

1070
    77
1070
     0
1070
   147
1040
12.5
1070
   341
1005
0
1070
   342
1005
0
1002
}
  0
LWPOLYLINE
  5
733
330
1F
100
AcDbEntity
  8
8G
100
AcDbPolyline
 90
        3
 70
     0
 43
0.0
 10
826.8202264217398
 20
5705.885493121248
 10
861.0872608742647
 20
6066.529865887911
 10
741.1612127520929
 20
6066.529865887911
1001
ACAD
1000
DSTYLE
1002
{
1070
     5
1000

1070
    77
1070
     0
1070
   147
1040
12.5
1070
   341
1005
0
1070
   342
1005
0
1002
}
  0
SOLID
  5
734
330
1F
100
AcDbEntity
  8
8G
100
AcDbTrace
 10
830.9682110201539
 20
5705.491367656177
 30
0.0
 11
824.4554736313148
 21
5680.997585530647
 31
0.0
 12
822.6722418233258
 22
5706.279618586348
 32
0.0
 13
822.6722418233258
 23
5706.279618586348
 33
0.0
1001
ACAD
1000
DSTYLE
1002
{
1070
     5
1000

1070
    77
1070
     0
1070
   147
1040
12.5
1070
   341
1005
0
1070
   342
1005
0
1002
}
  0
LWPOLYLINE
  5
735
330
1F
100
AcDbEntity
  8
8G
100
AcDbPolyline
 90
        3
 70
     0
 43
0.0
 10
-834.5085510702775
 20
5462.540089708047
 10
-1029.682538975656
 20
5975.000906330613
 10
-1569.555540071495
 20
5975.000906330672
210
0.0
220
0.0
230
-1.0
1001
ACAD
1000
DSTYLE
1002
{
1070
     5
1000

1070
    77
1070
     0
1070
   147
1040
12.5
1070
   341
1005
0
1070
   342
1005
0
1002
}
  0
SOLID
  5
736
330
1F
100
AcDbEntity
  8
8G
100
AcDbTrace
 10
-830.6147278730495
 20
5464.023077239886
 30
0.0
 11
-825.6106258793007
 21
5439.177150524476
 31
0.0
 12
-838.4023742676218
 22
5461.057102176209
 32
0.0
 13
-838.4023742676218
 23
5461.057102176209
 33
0.0
210
0.0
220
0.0
230
-1.0
1001
ACAD
1000
DSTYLE
1002
{
1070
     5
1000

1070
    77
1070
     0
1070
   147
1040
12.5
1070
   341
1005
0
1070
   342
1005
0
1002
}
  0
LWPOLYLINE
  5
737
330
1F
100
AcDbEntity
  8
8G
100
AcDbPolyline
 90
        3
 70
     0
 43
0.0
 10
1224.28898117684
 20
1869.575457862891
 10
1224.28898117684
 20
1371.315516605762
 10
920.4510719116514
 20
1371.315516605762
1001
ACAD
1000
DSTYLE
1002
{
1070
     5
1000

1070
    77
1070
     0
1070
   147
1040
12.5
1070
   341
1005
0
1070
   342
1005
0
1002
}
  0
SOLID
  5
738
330
1F
100
AcDbEntity
  8
8G
100
AcDbTrace
 10
1220.122314510212
 20
1869.575457862891
 30
0.0
 11
1224.28898117684
 21
1894.575457862891
 31
0.0
 12
1228.455647843468
 22
1869.575457862891
 32
0.0
 13
1228.455647843468
 23
1869.575457862891
 33
0.0
1001
ACAD
1000
DSTYLE
1002
{
1070
     5
1000

1070
    77
1070
     0
1070
   147
1040
12.5
1070
   341
1005
0
1070
   342
1005
0
1002
}
  0
LWPOLYLINE
  5
739
330
1F
100
AcDbEntity
  8
8G
100
AcDbPolyline
 90
        2
 70
     0
 43
0.0
 10
1416.779986787747
 20
1702.587222764639
 10
2114.773070291311
 20
1702.587222764639
1001
ACAD
1000
DSTYLE
1002
{
1070
     5
1000

1070
    77
1070
     0
1070
   341
1005
0
1070
   342
1005
0
1002
}
  0
SOLID
  5
73A
330
1F
100
AcDbEntity
  8
8G
100
AcDbTrace
 10
1416.779986787747
 20
1698.420556097953
 30
0.0
 11
1391.779986787747
 21
1702.587222764639
 31
0.0
 12
1416.779986787747
 22
1706.753889431325
 32
0.0
 13
1416.779986787747
 23
1706.753889431325
 33
0.0
1001
ACAD
1000
DSTYLE
1002
{
1070
     5
1000

1070
    77
1070
     0
1070
   341
1005
0
1070
   342
1005
0
1002
}
  0
LWPOLYLINE
  5
73B
330
1F
100
AcDbEntity
  8
8G
100
AcDbPolyline
 90
        2
 70
     0
 43
0.0
 10
4260.407071037028
 20
1510.475448647074
 10
3751.004770361513
 20
1510.475448647074
1001
ACAD
1000
DSTYLE
1002
{
1070
     5
1000

1070
    77
1070
     0
1070
   147
1040
12.5
1070
   341
1005
0
1070
   342
1005
0
1002
}
  0
SOLID
  5
73C
330
1F
100
AcDbEntity
  8
8G
100
AcDbTrace
 10
4260.407071037028
 20
1514.64211531376
 30
0.0
 11
4285.407071037028
 21
1510.475448647074
 31
0.0
 12
4260.407071037028
 22
1506.308781980387
 32
0.0
 13
4260.407071037028
 23
1506.308781980387
 33
0.0
1001
ACAD
1000
DSTYLE
1002
{
1070
     5
1000

1070
    77
1070
     0
1070
   147
1040
12.5
1070
   341
1005
0
1070
   342
1005
0
1002
}
  0
LWPOLYLINE
  5
73D
330
1F
100
AcDbEntity
  8
8G
100
AcDbPolyline
 90
        2
 70
     0
 43
0.0
 10
4060.407071037611
 20
1510.475448648354
 10
3751.004770361513
 20
1510.475448647074
1001
ACAD
1000
DSTYLE
1002
{
1070
     5
1000

1070
    77
1070
     0
1070
   147
1040
12.5
1070
   341
1005
0
1070
   342
1005
0
1002
}
  0
SOLID
  5
73E
330
1F
100
AcDbEntity
  8
8G
100
AcDbTrace
 10
4060.407071037611
 20
1514.64211531504
 30
0.0
 11
4085.40707103761
 21
1510.475448648412
 31
0.0
 12
4060.407071037611
 22
1506.308781981668
 32
0.0
 13
4060.407071037611
 23
1506.308781981668
 33
0.0
1001
ACAD
1000
DSTYLE
1002
{
1070
     5
1000

1070
    77
1070
     0
1070
   147
1040
12.5
1070
   341
1005
0
1070
   342
1005
0
1002
}
  0
LWPOLYLINE
  5
73F
330
1F
100
AcDbEntity
  8
8G
100
AcDbPolyline
 90
        3
 70
     0
 43
0.0
 10
4353.141318350841
 20
1851.576758971405
 10
4421.376158374521
 20
1562.019778339276
 10
4481.366841090653
 20
1562.019778339276
1001
ACAD
1000
DSTYLE
1002
{
1070
     5
1000

1070
    77
1070
     0
1070
   147
1040
12.5
1070
   341
1005
0
1070
   342
1005
0
1002
}
  0
SOLID
  5
740
330
1F
100
AcDbEntity
  8
8G
100
AcDbTrace
 10
4349.085737806788
 20
1850.62105108608
 30
0.0
 11
4347.407071039124
 21
1875.910242235605
 31
0.0
 12
4357.196898894777
 22
1852.532466856613
 32
0.0
 13
4357.196898894777
 23
1852.532466856613
 33
0.0
1001
ACAD
1000
DSTYLE
1002
{
1070
     5
1000

1070
    77
1070
     0
1070
   147
1040
12.5
1070
   341
1005
0
1070
   342
1005
0
1002
}
  0
LWPOLYLINE
  5
741
330
1F
100
AcDbEntity
  8
8G
100
AcDbPolyline
 90
        3
 70
     0
 43
0.0
 10
-4323.948506921341
 20
1990.144336394001
 10
-4474.560636683061
 20
2357.757523318487
 10
-4528.929972306054
 20
2357.757523318487
210
0.0
220
0.0
230
-1.0
1001
ACAD
1000
DSTYLE
1002
{
1070
     5
1000

1070
    77
1070
     0
1070
   147
1040
12.5
1070
   341
1005
0
1070
   342
1005
0
1002
}
  0
SOLID
  5
742
330
1F
100
AcDbEntity
  8
8G
100
AcDbTrace
 10
-4320.092888488361
 20
1991.723993828487
 30
0.0
 11
-4314.470562314425
 21
1967.010625796069
 31
0.0
 12
-4327.80412535432
 22
1988.564678959516
 32
0.0
 13
-4327.80412535432
 23
1988.564678959516
 33
0.0
210
0.0
220
0.0
230
-1.0
1001
ACAD
1000
DSTYLE
1002
{
1070
     5
1000

1070
    77
1070
     0
1070
   147
1040
12.5
1070
   341
1005
0
1070
   342
1005
0
1002
}
  0
LWPOLYLINE
  5
743
330
1F
100
AcDbEntity
  8
8G
100
AcDbPolyline
 90
        3
 70
     0
 43
0.0
 10
4182.659927431537
 20
1880.210547209626
 10
3914.936357398096
 20
2512.541422785693
 10
3736.392439425851
 20
2512.541422785693
1001
ACAD
1000
DSTYLE
1002
{
1070
     5
1000

1070
    77
1070
     0
1070
   147
1040
12.5
1070
   341
1005
0
1070
   342
1005
0
1002
}
  0
SOLID
  5
744
330
1F
100
AcDbEntity
  8
8G
100
AcDbTrace
 10
4186.496857597304
 20
1881.835071144185
 30
0.0
 11
4192.407071039124
 21
1857.188966214973
 31
0.0
 12
4178.822997265771
 22
1878.586023275009
 32
0.0
 13
4178.822997265771
 23
1878.586023275009
 33
0.0
1001
ACAD
1000
DSTYLE
1002
{
1070
     5
1000

1070
    77
1070
     0
1070
   147
1040
12.5
1070
   341
1005
0
1070
   342
1005
0
1002
}
  0
LWPOLYLINE
  5
745
330
1F
100
AcDbEntity
  8
8G
100
AcDbPolyline
 90
        3
 70
     0
 43
0.0
 10
3893.073537280711
 20
2027.186398506074
 10
3827.718970446774
 20
2206.746595140398
 10
3750.129841379283
 20
2206.746595140398
1001
ACAD
1000
DSTYLE
1002
{
1070
     5
1000

1070
    77
1070
     0
1070
   147
1040
12.5
1070
   341
1005
0
1070
   342
1005
0
1002
}
  0
SOLID
  5
746
330
1F
100
AcDbEntity
  8
8G
100
AcDbTrace
 10
3896.988923200683
 20
2028.61148243662
 30
0.0
 11
3901.62404086387
 21
2003.694082986414
 31
0.0
 12
3889.158151360738
 22
2025.761314575527
 32
0.0
 13
3889.158151360738
 23
2025.761314575527
 33
0.0
1001
ACAD
1000
DSTYLE
1002
{
1070
     5
1000

1070
    77
1070
     0
1070
   147
1040
12.5
1070
   341
1005
0
1070
   342
1005
0
1002
}
  0
LWPOLYLINE
  5
747
330
1F
100
AcDbEntity
  8
8G
100
AcDbPolyline
 90
        3
 70
     0
 43
0.0
 10
1230.534615237659
 20
2265.77547540448
 10
1361.940340786168
 20
2626.809739136159
 10
1263.049346502448
 20
2626.809739136159
1001
ACAD
1000
DSTYLE
1002
{
1070
     5
1000

1070
    77
1070
     0
1070
   147
1040
12.5
1070
   341
1005
0
1070
   342
1005
0
1002
}
  0
SOLID
  5
748
330
1F
100
AcDbEntity
  8
8G
100
AcDbTrace
 10
1234.450001157631
 20
2264.350391473934
 30
0.0
 11
1221.984111654499
 21
2242.28315988482
 31
0.0
 12
1226.619229317686
 22
2267.200559335026
 32
0.0
 13
1226.619229317686
 23
2267.200559335026
 33
0.0
1001
ACAD
1000
DSTYLE
1002
{
1070
     5
1000

1070
    77
1070
     0
1070
   147
1040
12.5
1070
   341
1005
0
1070
   342
1005
0
1002
}
  0
LWPOLYLINE
  5
749
330
1F
100
AcDbEntity
  8
8G
100
AcDbPolyline
 90
        3
 70
     0
 43
0.0
 10
-1199.424926410124
 20
2021.320154540903
 10
-1448.314546589783
 20
2705.138765921023
 10
-2114.773070291311
 20
2705.138765921023
210
0.0
220
0.0
230
-1.0
1001
ACAD
1000
DSTYLE
1002
{
1070
     5
1000

1070
    77
1070
     0
1070
   147
1040
12.5
1070
   341
1005
0
1070
   342
1005
0
1002
}
  0
SOLID
  5
74A
330
1F
100
AcDbEntity
  8
8G
100
AcDbTrace
 10
-1195.509540490151
 20
2022.745238471391
 30
0.0
 11
-1190.874422826964
 21
1997.827839021243
 31
0.0
 12
-1203.340312330096
 22
2019.895070610357
 32
0.0
 13
-1203.340312330096
 23
2019.895070610357
 33
0.0
210
0.0
220
0.0
230
-1.0
1001
ACAD
1000
DSTYLE
1002
{
1070
     5
1000

1070
    77
1070
     0
1070
   147
1040
12.5
1070
   341
1005
0
1070
   342
1005
0
1002
}
  0
LWPOLYLINE
  5
74B
330
1F
100
AcDbEntity
  8
8G
100
AcDbPolyline
 90
        3
 70
     0
 43
0.0
 10
-1307.053125900842
 20
2158.044049054348
 10
-1407.685315486669
 20
2434.52871761188
 10
-2114.773070291311
 20
2434.52871761188
210
0.0
220
0.0
230
-1.0
1001
ACAD
1000
DSTYLE
1002
{
1070
     5
1000

1070
    77
1070
     0
1070
   147
1040
12.5
1070
   341
1005
0
1070
   342
1005
0
1002
}
  0
SOLID
  5
74C
330
1F
100
AcDbEntity
  8
8G
100
AcDbTrace
 10
-1303.13773998087
 20
2159.469132984894
 30
0.0
 11
-1298.502622317683
 21
2134.551733534747
 31
0.0
 12
-1310.968511820814
 22
2156.61896512386
 32
0.0
 13
-1310.968511820814
 23
2156.61896512386
 33
0.0
210
0.0
220
0.0
230
-1.0
1001
ACAD
1000
DSTYLE
1002
{
1070
     5
1000

1070
    77
1070
     0
1070
   147
1040
12.5
1070
   341
1005
0
1070
   342
1005
0
1002
}
  0
LWPOLYLINE
  5
74D
330
1F
100
AcDbEntity
  8
8G
100
AcDbPolyline
 90
        3
 70
     0
 43
0.0
 10
-945.8760938910272
 20
5524.609618503157
 10
-1003.367092105836
 20
5691.039850332854
 10
-1459.523622527064
 20
5691.039850332854
210
0.0
220
0.0
230
-1.0
1001
ACAD
1000
DSTYLE
1002
{
1070
     5
1000

1070
    77
1070
     0
1070
   147
1040
12.5
1070
   341
1005
0
1070
   342
1005
0
1002
}
  0
SOLID
  5
74E
330
1F
100
AcDbEntity
  8
8G
100
AcDbTrace
 10
-941.960707971055
 20
5526.034702433702
 30
0.0
 11
-937.325590307868
 21
5501.117302983497
 31
0.0
 12
-949.7914798108832
 22
5523.18453457261
 32
0.0
 13
-949.7914798108832
 23
5523.18453457261
 33
0.0
210
0.0
220
0.0
230
-1.0
1001
ACAD
1000
DSTYLE
1002
{
1070
     5
1000

1070
    77
1070
     0
1070
   147
1040
12.5
1070
   341
1005
0
1070
   342
1005
0
1002
}
  0
LWPOLYLINE
  5
74F
330
1F
100
AcDbEntity
  8
S-MCUT
100
AcDbPolyline
 90
        6
 70
     0
 43
0.0
 10
4976.195334325101
 20
5438.994914142178
 10
4976.298725267778
 20
5241.733974509752
 10
5005.120553169188
 20
5230.976468816106
 10
4947.476897366367
 20
5209.461457428635
 10
4976.298725267778
 20
5198.703951734871
 10
4976.298725267778
 20
4983.375699320805
  0
LINE
  5
750
330
1F
100
AcDbEntity
  8
TITLE
 62
     2
100
AcDbLine
 10
1139.264300685652
 20
4595.719941417301
 30
0.0
 11
1298.294511216503
 21
4684.253880773751
 31
0.0
  0
LINE
  5
751
330
1F
100
AcDbEntity
  8
TITLE
 62
     2
100
AcDbLine
 10
1286.705932372992
 20
4677.802386223535
 30
0.0
 11
1119.19970306642
 21
4631.761229163116
 31
0.0
  0
SOLID
  5
752
330
1F
100
AcDbEntity
  8
TITLE
 62
     2
100
AcDbTrace
 10
1119.19970306642
 20
4631.761229163086
 30
0.0
 11
1139.264300685652
 21
4595.719941417272
 31
0.0
 12
1119.19970306642
 22
4631.761229163086
 32
0.0
 13
1298.294511216503
 23
4684.253880773722
 33
0.0
  0
LINE
  5
753
330
1F
100
AcDbEntity
  8
TITLE
 62
     2
100
AcDbLine
 10
375.6501122991758
 20
5967.371604340929
 30
0.0
 11
664.1799450713879
 21
5885.209961217559
 31
0.0
  0
LINE
  5
754
330
1F
100
AcDbEntity
  8
TITLE
  6
PHANTOM
 62
     5
100
AcDbLine
 10
551.7963802854501
 20
5650.966638226346
 30
0.0
 11
1139.264300685652
 21
4595.719941417301
 31
0.0
  0
LINE
  5
755
330
1F
100
AcDbEntity
  8
TITLE
 62
     2
100
AcDbLine
 10
582.0183019491814
 20
5596.680128444997
 30
0.0
 11
664.1799450713879
 21
5885.209961217559
 31
0.0
  0
LWPOLYLINE
  5
756
330
1F
100
AcDbEntity
  8
TITLE
 62
     2
100
AcDbPolyline
 90
        5
 70
     1
 43
0.0
 10
551.7963802849845
 20
5650.966638227103
 10
582.0183019491814
 20
5596.68012844491
 10
664.1799450710387
 20
5885.209961218229
 10
375.6501122990594
 20
5967.371604341192
 10
405.8720339627907
 20
5913.085094560222
 42
-1.000000000000001
  0
HATCH
  5
757
330
1F
100
AcDbEntity
  8
TITLE
 62
     2
100
AcDbHatch
 10
0.0
 20
0.0
 30
0.0
210
0.0
220
0.0
230
1.0
  2
SOLID
 70
     1
 71
     0
 91
        3
 92
        7
 72
     1
 73
     1
 93
        3
 10
664.1799450710387
 20
5885.209961218229
 42
0.0
 10
519.9150286852819
 20
5926.290782779099
 42
-0.4142135623730946
 10
623.09912351011
 20
5740.945044831598
 42
0.0
 97
        0
 92
        7
 72
     1
 73
     1
 93
        3
 10
519.9150286852819
 20
5926.290782779099
 42
0.0
 10
375.6501122990594
 20
5967.371604341192
 42
0.0
 10
405.8720339627907
 20
5913.085094560222
 42
-0.198912367379658
 97
        0
 92
        7
 72
     1
 73
     1
 93
        3
 10
623.09912351011
 20
5740.945044831598
 42
-0.198912367379658
 10
551.7963802849845
 20
5650.966638227103
 42
0.0
 10
582.0183019491814
 20
5596.68012844491
 42
0.0
 97
        0
 75
     0
 76
     1
 47
0.0703282668411129
 98
        3
 10
619.4549367407307
 20
5881.012189905384
 10
426.1943708807666
 20
5936.09710988649
 10
582.2638261898391
 20
5655.755372970095
450
        0
451
        0
460
0.0
461
0.0
452
        0
462
0.0
453
        0
470

  0
LWPOLYLINE
  5
758
330
1F
100
AcDbEntity
  8
8G
100
AcDbPolyline
 90
        2
 70
     0
 43
0.0
 10
3068.3039687813
 20
8371.943518720854
 10
2885.549426900499
 20
8057.631123021765
1001
ACAD
1000
DSTYLE
1002
{
1070
     5
1000

1070
   342
1005
0
1002
}
  0
SOLID
  5
759
330
1F
100
AcDbEntity
  8
CALLOUT
100
AcDbTrace
 10
3062.540705281354
 20
8375.294524268884
 30
0.0
 11
3088.410002081
 21
8406.523099764944
 31
0.0
 12
3074.067232298476
 22
8368.592513171369
 32
0.0
 13
3074.067232298476
 23
8368.592513171369
 33
0.0
1001
ACAD
1000
DSTYLE
1002
{
1070
     5
1000

1070
   342
1005
0
1002
}
  0
LWPOLYLINE
  5
75A
330
1F
100
AcDbEntity
  8
8G
100
AcDbPolyline
 90
        2
 70
     0
 43
0.0
 10
2664.81253468401
 20
8779.276594575781
 10
2530.607019545787
 20
8548.461772963925
1001
ACAD
1000
DSTYLE
1002
{
1070
     5
1000

1070
   342
1005
0
1002
}
  0
SOLID
  5
75B
330
1F
100
AcDbEntity
  8
8G
100
AcDbTrace
 10
2639.345358555948
 20
8748.739610702029
 30
0.0
 11
2665.214655355594
 21
8779.968186199544
 31
0.0
 12
2650.871885573069
 22
8742.03759960597
 32
0.0
 13
2650.871885573069
 23
8742.03759960597
 33
0.0
1001
ACAD
1000
DSTYLE
1002
{
1070
     5
1000

1070
   342
1005
0
1002
}
  0
SOLID
  5
75C
330
1F
100
AcDbEntity
  8
8G
100
AcDbTrace
 10
-938.2092111980746
 20
8341.060739034025
 30
0.0
 11
-912.3399143984279
 21
8372.289314531542
 31
0.0
 12
-926.6826841809525
 22
8334.358727937967
 32
0.0
 13
-926.6826841809525
 23
8334.358727937967
 33
0.0
210
0.0
220
0.0
230
-1.0
1001
ACAD
1000
DSTYLE
1002
{
1070
     5
1000

1070
   342
1005
0
1002
}
  0
LWPOLYLINE
  5
75D
330
1F
100
AcDbEntity
  8
8G
100
AcDbPolyline
 90
        2
 70
     0
 43
0.0
 10
-1230.557040254512
 20
8779.276594575781
 10
-1364.762555392735
 20
8548.461772963925
210
0.0
220
0.0
230
-1.0
1001
ACAD
1000
DSTYLE
1002
{
1070
     5
1000

1070
   342
1005
0
1002
}
  0
SOLID
  5
75E
330
1F
100
AcDbEntity
  8
8G
100
AcDbTrace
 10
-1256.426337054159
 20
8748.048019078352
 30
0.0
 11
-1230.557040254512
 21
8779.276594575868
 31
0.0
 12
-1244.899810037037
 22
8741.346007982293
 32
0.0
 13
-1244.899810037037
 23
8741.346007982293
 33
0.0
210
0.0
220
0.0
230
-1.0
1001
ACAD
1000
DSTYLE
1002
{
1070
     5
1000

1070
   342
1005
0
1002
}
  0
SOLID
  5
75F
330
1F
100
AcDbEntity
  8
8G
100
AcDbTrace
 10
-4904.239850190279
 20
8028.67077853781
 30
0.0
 11
-4930.044271885926
 21
7997.388574884564
 31
0.0
 12
-4915.780263360866
 22
8035.348850241746
 32
0.0
 13
-4915.780263360866
 23
8035.348850241746
 33
0.0
210
0.0
220
0.0
230
-1.0
1001
ACAD
1000
DSTYLE
1002
{
1070
     5
1000

1070
   342
1005
0
1002
}
  0
LWPOLYLINE
  5
760
330
1F
100
AcDbEntity
  8
8G
100
AcDbPolyline
 90
        2
 70
     0
 43
0.0
 10
-4910.01005677371
 20
8032.009814388759
 10
-4591.74432078439
 20
8582.006617901148
210
0.0
220
0.0
230
-1.0
1001
ACAD
1000
DSTYLE
1002
{
1070
     5
1000

1070
    41
1040
0.3
1070
   341
1005
0
1070
   342
1005
0
1002
}
  0
LWPOLYLINE
  5
761
330
1F
100
AcDbEntity
  8
8G
100
AcDbPolyline
 90
        2
 70
     0
 43
0.0
 10
-4636.304441498519
 20
8051.946379968722
 10
-4464.477646072089
 20
8348.881228917511
210
0.0
220
0.0
230
-1.0
1001
ACAD
1000
DSTYLE
1002
{
1070
     5
1000

1070
   342
1005
0
1002
}
  0
SOLID
  5
762
330
1F
100
AcDbEntity
  8
8G
100
AcDbTrace
 10
-4610.700361955256
 20
8082.882371227256
 30
0.0
 11
-4636.504783650904
 21
8051.600167574012
 31
0.0
 12
-4622.240775125844
 22
8089.560442931192
 32
0.0
 13
-4622.240775125844
 23
8089.560442931192
 33
0.0
210
0.0
220
0.0
230
-1.0
1001
ACAD
1000
DSTYLE
1002
{
1070
     5
1000

1070
   342
1005
0
1002
}
  0
TEXT
  5
763
330
1F
100
AcDbEntity
  8
TG
100
AcDbText
 10
1586.637722132771
 20
5509.864705777603
 30
0.0
 40
50.0
  1
WASHERS)
 41
0.8
  7
2T-10
100
AcDbText
  0
TEXT
  5
764
330
1F
100
AcDbEntity
  8
TG
100
AcDbText
 10
1582.828198323302
 20
5602.721848634733
 30
0.0
 40
50.0
  1
BOLTS W/ STD NUTS &
 41
0.8
  7
2T-10
100
AcDbText
  0
TEXT
  5
765
330
1F
100
AcDbEntity
  8
TG
100
AcDbText
 10
1923.780579275728
 20
5695.578991491893
 30
0.0
 40
50.0
  1
x40mm LONG
 41
0.8
  7
2T-10
100
AcDbText
  0
TEXT
  5
766
330
1F
100
AcDbEntity
  8
TG
100
AcDbText
 10
1887.590103085196
 20
5695.578991491893
 30
0.0
 40
50.0
  1
∅
 41
0.8
  7
2T-10
100
AcDbText
  0
TEXT
  5
767
330
1F
100
AcDbEntity
  8
TG
100
AcDbText
 10
1582.828198323302
 20
5695.578991491893
 30
0.0
 40
50.0
  1
(4-10mm
 41
0.8
  7
2T-10
100
AcDbText
  0
TEXT
  5
768
330
1F
100
AcDbEntity
  8
TG
100
AcDbText
 10
1752.411829299803
 20
4995.805599146486
 30
0.0
 40
50.0
  1
(STEEL RAFTER)
 41
0.8
  7
2T-10
100
AcDbText
  0
TEXT
  5
769
330
1F
100
AcDbEntity
  8
TG
100
AcDbText
 10
1393.357917532601
 20
4644.239599115179
 30
0.0
 40
50.0
  1
PURLIN CONNECTOR)
 41
0.8
  7
2T-10
100
AcDbText
  0
TEXT
  5
76A
330
1F
100
AcDbEntity
  8
TG
100
AcDbText
 10
1393.357917532601
 20
4737.096741972338
 30
0.0
 40
50.0
  1
(4.5mmTHKx125x100x150
 41
0.8
  7
2T-10
100
AcDbText
  0
TEXT
  5
76B
330
1F
100
AcDbEntity
  8
TG
100
AcDbText
 10
4604.215131355238
 20
4658.373196604949
 30
0.0
 40
50.0
  1
PURLIN CONNECTOR)
 41
0.8
  7
2T-10
100
AcDbText
  0
TEXT
  5
76C
330
1F
100
AcDbEntity
  8
TG
100
AcDbText
 10
4604.215131355238
 20
4751.230339462108
 30
0.0
 40
50.0
  1
(4.5mmTHKx125x100x150
 41
0.8
  7
2T-10
100
AcDbText
  0
TEXT
  5
76D
330
1F
100
AcDbEntity
  8
TG
100
AcDbText
 10
3138.40933573807
 20
5511.574693946281
 30
0.0
 40
50.0
  1
END PURLIN
 41
0.8
  7
2T-10
100
AcDbText
  0
TEXT
  5
76E
330
1F
100
AcDbEntity
  8
TG
100
AcDbText
 10
2995.55113073848
 20
5434.010108378537
 30
0.0
 40
50.0
  1
(VERIFY FRAMING PLAN)
 41
0.8
  7
2T-10
100
AcDbText
  0
SOLID
  5
76F
330
1F
100
AcDbEntity
  8
TITLE
 62
     2
100
AcDbTrace
 10
1503.623453598979
 20
1132.685330389613
 30
0.0
 11
1523.68805121821
 21
1096.644042643798
 31
0.0
 12
1503.623453598979
 22
1132.685330389613
 32
0.0
 13
1682.718261749062
 23
1185.177982000248
 33
0.0
  0
LINE
  5
770
330
1F
100
AcDbEntity
  8
TITLE
 62
     2
100
AcDbLine
 10
1671.12968290555
 20
1178.726487450032
 30
0.0
 11
1503.623453598979
 21
1132.685330389613
 31
0.0
  0
LINE
  5
771
330
1F
100
AcDbEntity
  8
TITLE
 62
     2
100
AcDbLine
 10
1523.68805121821
 20
1096.644042643798
 30
0.0
 11
1682.718261749062
 21
1185.177982000248
 31
0.0
  0
HATCH
  5
772
330
1F
100
AcDbEntity
  8
TITLE
 62
     2
100
AcDbHatch
 10
0.0
 20
0.0
 30
0.0
210
0.0
220
0.0
230
1.0
  2
SOLID
 70
     1
 71
     0
 91
        3
 92
        7
 72
     1
 73
     1
 93
        3
 10
1048.603695603597
 20
2386.134062444755
 42
0.0
 10
904.33877921784
 20
2427.214884005567
 42
-0.4142135623730946
 10
1007.522874042668
 20
2241.869146058067
 42
0.0
 97
        0
 92
        7
 72
     1
 73
     1
 93
        3
 10
904.33877921784
 20
2427.214884005567
 42
0.0
 10
760.0738628316175
 20
2468.29570556766
 42
0.0
 10
790.2957844953489
 20
2414.009195786748
 42
-0.198912367379658
 97
        0
 92
        7
 72
     1
 73
     1
 93
        3
 10
1007.522874042668
 20
2241.869146058067
 42
-0.198912367379658
 10
936.2201308175427
 20
2151.890739453571
 42
0.0
 10
966.4420524817396
 20
2097.604229671379
 42
0.0
 97
        0
 75
     0
 76
     1
 47
0.0703282668411129
 98
        3
 10
1003.878687273289
 20
2381.936291131853
 10
810.6181214133249
 20
2437.021211112988
 10
966.6875767223974
 20
2156.679474196593
450
        0
451
        0
460
0.0
461
0.0
452
        0
462
0.0
453
        0
470

  0
LWPOLYLINE
  5
773
330
1F
100
AcDbEntity
  8
TITLE
 62
     2
100
AcDbPolyline
 90
        5
 70
     1
 43
0.0
 10
936.2201308175427
 20
2151.890739453571
 10
966.4420524817396
 20
2097.604229671379
 10
1048.603695603597
 20
2386.134062444755
 10
760.0738628316175
 20
2468.29570556766
 10
790.2957844953489
 20
2414.009195786748
 42
-1.000000000000001
  0
LINE
  5
774
330
1F
100
AcDbEntity
  8
TITLE
 62
     2
100
AcDbLine
 10
760.073862831734
 20
2468.295705567427
 30
0.0
 11
1048.603695603946
 21
2386.134062444057
 31
0.0
  0
LINE
  5
775
330
1F
100
AcDbEntity
  8
TITLE
 62
     2
100
AcDbLine
 10
966.4420524817396
 20
2097.604229671495
 30
0.0
 11
1048.603695603946
 21
2386.134062444057
 31
0.0
  0
LINE
  5
776
330
1F
100
AcDbEntity
  8
TITLE
  6
PHANTOM
 62
     5
100
AcDbLine
 10
936.2201308178919
 20
2151.890739452814
 30
0.0
 11
1523.68805121821
 21
1096.644042643798
 31
0.0
  0
TEXT
  5
777
330
1F
100
AcDbEntity
  8
TG
 62
     3
100
AcDbText
 10
1782.577379684473
 20
8074.781338853991
 30
0.0
 40
50.0
  1
END PURLIN
 41
0.7
  7
SIMPLEX
100
AcDbText
  0
TEXT
  5
778
330
1F
100
AcDbEntity
  8
TG
 62
     3
100
AcDbText
 10
1631.331872016701
 20
7984.401152642615
 30
0.0
 40
50.0
  1
(VERIFY FRAMING PLAN)
 41
0.7
  7
SIMPLEX
100
AcDbText
  0
SOLID
  5
779
330
1F
100
AcDbEntity
  8
TITLE
 62
     2
100
AcDbTrace
 10
2949.56557512148
 20
7862.15631838812
 30
0.0
 11
2929.500977502016
 21
7826.115030642305
 31
0.0
 12
2949.56557512148
 22
7862.15631838812
 32
0.0
 13
2770.470766971164
 23
7914.648969998754
 33
0.0
  0
LINE
  5
77A
330
1F
100
AcDbEntity
  8
TITLE
 62
     2
100
AcDbLine
 10
2782.059345814676
 20
7908.197475448567
 30
0.0
 11
2949.56557512148
 21
7862.156318388148
 31
0.0
  0
LINE
  5
77B
330
1F
100
AcDbEntity
  8
TITLE
 62
     2
100
AcDbLine
 10
2929.500977502016
 20
7826.115030642333
 30
0.0
 11
2770.470766971164
 21
7914.648969998784
 31
0.0
  0
HATCH
  5
77C
330
1F
100
AcDbEntity
  8
TITLE
 62
     2
100
AcDbHatch
 10
0.0
 20
0.0
 30
0.0
210
0.0
220
0.0
230
1.0
  2
SOLID
 70
     1
 71
     0
 91
        3
 92
        7
 72
     1
 73
     1
 93
        3
 10
3345.918539055201
 20
8901.195646785254
 42
0.0
 10
3454.117226344344
 20
8932.006262955921
 42
0.4142135623730946
 10
3376.729155225723
 20
8792.996959495296
 42
0.0
 97
        0
 92
        7
 72
     1
 73
     1
 93
        3
 10
3454.117226344344
 20
8932.006262955921
 42
0.0
 10
3562.315913634185
 20
8962.816879127492
 42
0.0
 10
3539.649472386388
 20
8922.10199679175
 42
0.198912367379658
 97
        0
 92
        7
 72
     1
 73
     1
 93
        3
 10
3376.729155225723
 20
8792.996959495296
 42
0.198912367379658
 10
3430.206212644742
 20
8725.513154541925
 42
0.0
 10
3407.539771396478
 20
8684.798272205281
 42
0.0
 97
        0
 75
     0
 76
     1
 47
0.0703282668411129
 98
        3
 10
3379.462295302932
 20
8898.047318300637
 10
3524.407719697848
 20
8939.361008286445
 10
3407.355628216101
 20
8729.104705599162
450
        0
451
        0
460
0.0
461
0.0
452
        0
462
0.0
453
        0
470

  0
LWPOLYLINE
  5
77D
330
1F
100
AcDbEntity
  8
TITLE
 62
     2
100
AcDbPolyline
 90
        5
 70
     1
 43
0.0
 10
3430.206212644742
 20
8725.513154541925
 10
3407.539771396478
 20
8684.798272205281
 10
3345.918539055201
 20
8901.195646785254
 10
3562.315913634185
 20
8962.816879127492
 10
3539.649472386388
 20
8922.10199679175
 42
1.000000000000001
  0
LINE
  5
77E
330
1F
100
AcDbEntity
  8
TITLE
 62
     2
100
AcDbLine
 10
3562.315913634069
 20
8962.816879127286
 30
0.0
 11
3345.918539054969
 21
8901.19564678476
 31
0.0
  0
LINE
  5
77F
330
1F
100
AcDbEntity
  8
TITLE
 62
     2
100
AcDbLine
 10
3407.539771396478
 20
8684.798272205339
 30
0.0
 11
3345.918539054969
 21
8901.19564678476
 31
0.0
  0
LINE
  5
780
330
1F
100
AcDbEntity
  8
TITLE
  6
PHANTOM
 62
     5
100
AcDbLine
 10
3430.206212644509
 20
8725.513154541488
 30
0.0
 11
2929.500977502016
 21
7826.115030642333
 31
0.0
  0
TEXT
  5
781
330
1F
100
AcDbEntity
  8
TG
 62
     3
100
AcDbText
 10
1641.875578768129
 20
8354.185721997692
 30
0.0
 40
50.0
  1
WASHERS @ EACH END
 41
0.7
  7
SIMPLEX
100
AcDbText
  0
TEXT
  5
782
330
1F
100
AcDbEntity
  8
TG
 62
     3
100
AcDbText
 10
1690.208912101618
 20
8437.519055331007
 30
0.0
 40
50.0
  1
W/ 2-STD NUTS &
 41
0.7
  7
SIMPLEX
100
AcDbText
  0
TEXT
  5
783
330
1F
100
AcDbEntity
  8
TG
 62
     3
100
AcDbText
 10
1895.208912101618
 20
8530.376198188164
 30
0.0
 40
50.0
  1
 SAG RODS
 41
0.7
  7
SIMPLEX
100
AcDbText
  0
TEXT
  5
784
330
1F
100
AcDbEntity
  8
TG
 62
     3
100
AcDbText
 10
1863.542245434874
 20
8530.376198188164
 30
0.0
 40
50.0
  1
∅
 41
0.7
  7
SIMPLEX
100
AcDbText
  0
TEXT
  5
785
330
1F
100
AcDbEntity
  8
TG
 62
     3
100
AcDbText
 10
1703.542245434874
 20
8530.376198188164
 30
0.0
 40
50.0
  1
10mm
 41
0.7
  7
SIMPLEX
100
AcDbText
  0
TEXT
  5
786
330
1F
100
AcDbEntity
  8
TG
100
AcDbText
 10
3004.929892141881
 20
2219.57593121551
 30
0.0
 40
50.0
  1
END PURLIN)
 41
0.8
  7
2T-10
100
AcDbText
  0
TEXT
  5
787
330
1F
100
AcDbEntity
  8
TG
100
AcDbText
 10
3004.929892141881
 20
2139.099304945757
 30
0.0
 40
50.0
  1
(VERIFY FRAMING PLAN)
 41
0.8
  7
2T-10
100
AcDbText
  0
LINE
  5
788
330
1F
100
AcDbEntity
  8
S-CNTR
 48
0.5
100
AcDbLine
 10
1947.684787475315
 20
8613.725406577806
 30
0.0
 11
1947.684787475315
 21
9442.498444114283
 31
0.0
  0
LINE
  5
789
330
1F
100
AcDbEntity
  8
S-SGRD
  6
CENTER2
 62
     8
 48
0.05
100
AcDbLine
 10
3232.039806496628
 20
8429.362417251333
 30
0.0
 11
1947.684787475315
 21
9201.080769015472
 31
0.0
  0
LINE
  5
78A
330
1F
100
AcDbEntity
  8
S-SGRD
100
AcDbLine
 10
2059.120167599336
 20
9145.789971520072
 30
0.0
 11
2730.922602436782
 21
8742.130344658155
 31
0.0
  0
LINE
  5
78B
330
1F
100
AcDbEntity
  8
S-SGRD
100
AcDbLine
 10
2048.819406103154
 20
9128.646625505872
 30
0.0
 11
2720.621840940599
 21
8724.986998643954
 31
0.0
  0
LINE
  5
78C
330
1F
100
AcDbEntity
  8
S-SGRD
  6
CENTER2
 62
     8
 48
0.05
100
AcDbLine
 10
697.3833119133924
 20
8474.732662827879
 30
0.0
 11
1981.738330923064
 21
9246.451014592016
 31
0.0
  0
LINE
  5
78D
330
1F
100
AcDbEntity
  8
S-SGRD
100
AcDbLine
 10
1836.249407362935
 20
9145.789971520072
 30
0.0
 11
1164.446972513847
 21
8742.130344658155
 31
0.0
  0
LINE
  5
78E
330
1F
100
AcDbEntity
  8
S-SGRD
100
AcDbLine
 10
1846.550168859117
 20
9128.646625505872
 30
0.0
 11
1174.74773401003
 21
8724.986998643954
 31
0.0
  0
LINE
  5
78F
330
1F
100
AcDbEntity
  8
S-SGRD
100
AcDbLine
 10
778.1828098053083
 20
8510.039420752084
 30
0.0
 11
1141.548615839143
 21
8728.089081030567
 31
0.0
  0
LINE
  5
790
330
1F
100
AcDbEntity
  8
S-SGRD
100
AcDbLine
 10
788.4835713014909
 20
8492.896074737883
 30
0.0
 11
1151.849377346967
 21
8710.945735016368
 31
0.0
  0
LINE
  5
791
330
1F
100
AcDbEntity
  8
S-PRLN-SECT
 62
     4
100
AcDbLine
 10
867.1375815927021
 20
8322.855414881134
 30
0.0
 11
975.6225203334324
 21
8388.020925095998
 31
0.0
  0
LINE
  5
792
330
1F
100
AcDbEntity
  8
S-PRLN-SECT
 62
     4
100
AcDbLine
 10
977.5506620465748
 20
8384.811030572974
 30
0.0
 11
869.0657076596252
 21
8319.645545783215
 31
0.0
  0
LINE
  5
793
330
1F
100
AcDbEntity
  8
S-SGRD
100
AcDbLine
 10
771.9582965418667
 20
8520.398750473624
 30
0.0
 11
774.4131357346632
 21
8516.313211969329
 31
0.0
  0
LINE
  5
794
330
1F
100
AcDbEntity
  8
S-SGRD
100
AcDbLine
 10
748.9314421250456
 20
8512.123375179591
 30
0.0
 11
766.9319554402464
 21
8522.939174753494
 31
0.0
  0
LINE
  5
795
330
1F
100
AcDbEntity
  8
S-SGRD
100
AcDbLine
 10
771.8416338258394
 20
8514.768097744902
 30
0.0
 11
753.8411205106386
 21
8503.95229817391
 31
0.0
  0
ARC
  5
796
330
1F
100
AcDbEntity
  8
S-SGRD
100
AcDbCircle
 10
767.4270444137946
 20
8517.676099520988
 30
0.0
 40
5.286310056487023
100
AcDbArc
 50
326.6260924451708
 51
95.37390755210786
  0
LINE
  5
797
330
1F
100
AcDbEntity
  8
S-SGRD
100
AcDbLine
 10
735.4096956022986
 20
8511.810462168297
 30
0.0
 11
738.8383648063027
 21
8513.870614467533
 31
0.0
  0
LINE
  5
798
330
1F
100
AcDbEntity
  8
S-SGRD
100
AcDbLine
 10
745.4827494973288
 20
8517.862963563176
 30
0.0
 11
742.0540802933246
 21
8515.80281126394
 31
0.0
  0
LINE
  5
799
330
1F
100
AcDbEntity
  8
S-SGRD
100
AcDbLine
 10
776.5909085569874
 20
8466.090292702075
 30
0.0
 11
794.2001867744111
 21
8476.671014508111
 31
0.0
  0
LINE
  5
79A
330
1F
100
AcDbEntity
  8
S-SGRD
100
AcDbLine
 10
789.6817434865952
 20
8485.077169281659
 30
0.0
 11
771.6812301713944
 21
8474.261369710667
 31
0.0
  0
LINE
  5
79B
330
1F
100
AcDbEntity
  8
S-SGRD
100
AcDbLine
 10
792.2532453837775
 20
8486.622283508998
 30
0.0
 11
794.7868390761287
 21
8482.405675522979
 31
0.0
  0
ARC
  5
79C
330
1F
100
AcDbEntity
  8
S-SGRD
100
AcDbCircle
 10
790.2613826848537
 20
8479.971289340985
 30
0.0
 40
5.138676054739377
100
AcDbArc
 50
320.040778232976
 51
96.47670980225209
  0
LINE
  5
79D
330
1F
100
AcDbEntity
  8
S-SGRD
100
AcDbLine
 10
766.518535191004
 20
8460.036658725814
 30
0.0
 11
748.9092569735803
 21
8449.455936919777
 31
0.0
  0
LINE
  5
79E
330
1F
100
AcDbEntity
  8
S-SGRD
100
AcDbLine
 10
769.9672278187208
 20
8454.297070345139
 30
0.0
 11
773.3958970227249
 21
8456.357222644376
 31
0.0
  0
LINE
  5
79F
330
1F
100
AcDbEntity
  8
S-SGRD
100
AcDbLine
 10
780.0396011847042
 20
8460.350704318491
 30
0.0
 11
776.6109319807001
 21
8458.290552019255
 31
0.0
  0
ARC
  5
7A0
330
1F
100
AcDbEntity
  8
S-SGRD
100
AcDbCircle
 10
776.4333614202187
 20
8497.320370652825
 30
0.0
 40
51.68908669226886
100
AcDbArc
 50
191.4234969947011
 51
230.5765030034151
  0
ARC
  5
7A1
330
1F
100
AcDbEntity
  8
S-SGRD
100
AcDbCircle
 10
725.2731448559061
 20
8492.345939859161
 30
0.0
 40
5.286310056487023
100
AcDbArc
 50
146.6260924451708
 51
275.3739075521079
  0
LINE
  5
7A2
330
1F
100
AcDbEntity
  8
S-SGRD
100
AcDbLine
 10
741.0368415813864
 20
8455.846821936075
 30
0.0
 11
743.5704352737375
 21
8451.630213952968
 31
0.0
  0
LINE
  5
7A3
330
1F
100
AcDbEntity
  8
S-SGRD
100
AcDbLine
 10
723.1967319322721
 20
8485.537750399318
 30
0.0
 11
741.0368415813864
 21
8455.846821936075
 31
0.0
  0
LINE
  5
7A4
330
1F
100
AcDbEntity
  8
S-SGRD
100
AcDbLine
 10
685.8371294623212
 20
8431.218328667684
 30
0.0
 11
675.5363679661386
 21
8448.361674681883
 31
0.0
  0
LINE
  5
7A5
330
1F
100
AcDbEntity
  8
S-SGRD
100
AcDbLine
 10
726.9664060029172
 20
8479.263959176252
 30
0.0
 11
675.5363679661386
 21
8448.361674681883
 31
0.0
  0
LINE
  5
7A6
330
1F
100
AcDbEntity
  8
S-SGRD
100
AcDbLine
 10
737.2671675107413
 20
8462.120613162053
 30
0.0
 11
685.8371294623212
 21
8431.218328667684
 31
0.0
  0
LINE
  5
7A7
330
1F
100
AcDbEntity
  8
S-SGRD
100
AcDbLine
 10
725.7682338294544
 20
8487.082864623745
 30
0.0
 11
743.7687471446552
 21
8497.898664197647
 31
0.0
  0
LINE
  5
7A8
330
1F
100
AcDbEntity
  8
S-SGRD
100
AcDbLine
 10
720.7418927394756
 20
8489.623288903613
 30
0.0
 11
723.1967319322721
 21
8485.537750399318
 31
0.0
  0
ARC
  5
7A9
330
1F
100
AcDbEntity
  8
S-SGRD
100
AcDbCircle
 10
747.8444437666767
 20
8454.483079689318
 30
0.0
 40
5.138676054739377
100
AcDbArc
 50
145.5232901987447
 51
281.9592217654782
  0
LINE
  5
7AA
330
1F
100
AcDbEntity
  8
S-SGRD
100
AcDbLine
 10
743.6083434902102
 20
8457.391936160503
 30
0.0
 11
761.608856805411
 21
8468.207735734406
 31
0.0
  0
LINE
  5
7AB
330
1F
100
AcDbEntity
  8
S-SGRD
100
AcDbLine
 10
774.4131357346632
 20
8516.313211969329
 30
0.0
 11
792.2532453837775
 21
8486.622283508998
 31
0.0
  0
ARC
  5
7AC
330
1F
100
AcDbEntity
  8
S-SGRD
100
AcDbCircle
 10
739.0166158958309
 20
8474.83966325549
 30
0.0
 40
51.68908669226886
100
AcDbArc
 50
11.42349699552381
 51
50.57650300341508
  0
LINE
  5
7AD
330
1F
100
AcDbEntity
  8
S-SGRD
100
AcDbLine
 10
738.8590687590622
 20
8506.069741206239
 30
0.0
 11
720.8585554438614
 21
8495.253941632338
 31
0.0
  0
LINE
  5
7AE
330
1F
100
AcDbEntity
  8
S-SGRD
100
AcDbLine
 10
738.8390453353495
 20
8513.869481886152
 30
0.0
 11
773.3958970227249
 21
8456.357222644376
 31
0.0
  0
LINE
  5
7AF
330
1F
100
AcDbEntity
  8
S-SGRD
100
AcDbLine
 10
735.4103761313454
 20
8511.809329586915
 30
0.0
 11
769.9672278187208
 21
8454.297070345139
 31
0.0
  0
LINE
  5
7B0
330
1F
100
AcDbEntity
  8
S-SGRD
100
AcDbLine
 10
742.0540802933246
 20
8515.80281126394
 30
0.0
 11
776.6109319807001
 21
8458.290552019255
 31
0.0
  0
LINE
  5
7B1
330
1F
100
AcDbEntity
  8
S-SGRD
100
AcDbLine
 10
745.4827494973288
 20
8517.862963563176
 30
0.0
 11
780.0396011847042
 21
8460.350704318491
 31
0.0
  0
LINE
  5
7B2
330
1F
100
AcDbEntity
  8
S-PRLN-SECT
 62
     4
100
AcDbLine
 10
798.9705587907665
 20
8697.291716892733
 30
0.0
 11
802.1803546867303
 21
8699.220023013415
 31
0.0
  0
LINE
  5
7B3
330
1F
100
AcDbEntity
  8
S-PRLN-SECT
 62
     4
100
AcDbLine
 10
802.1803544073335
 20
8699.220023030877
 30
0.0
 11
787.5729488379293
 21
8723.535035073521
 31
0.0
  0
ELLIPSE
  5
7B4
330
1F
100
AcDbEntity
  8
S-PRLN-SECT
 62
     4
100
AcDbEllipse
 10
777.6020944735937
 20
8717.553217474891
 30
0.0
 11
-11.28172692116095
 21
2.814993796161372
 31
0.0
210
0.0
220
0.0
230
1.0
 40
0.9999891101608639
 41
3.926491290508034
 42
5.49848906252902
  0
ELLIPSE
  5
7B5
330
1F
100
AcDbEntity
  8
S-PRLN-SECT
 62
     4
100
AcDbEllipse
 10
777.6020944735937
 20
8717.553217474891
 30
0.0
 11
-7.648717707796188
 21
1.90816367122831
 31
0.0
210
0.0
220
0.0
230
1.0
 40
0.9999815127230979
 41
3.927062048267803
 42
5.497839887331683
  0
LINE
  5
7B6
330
1F
100
AcDbEntity
  8
S-PRLN-SECT
 62
     4
100
AcDbLine
 10
784.3595157547825
 20
8721.612783498359
 30
0.0
 11
798.9705587907665
 21
8697.291716892733
 31
0.0
  0
ELLIPSE
  5
7B7
330
1F
100
AcDbEntity
  8
HATCH
 62
     8
100
AcDbEllipse
 10
669.1204839072161
 20
8652.382166609688
 30
0.0
 11
-6.353572408715547
 21
4.70050682086315
 31
0.0
210
0.0
220
0.0
230
1.0
 40
0.982891817402772
 41
-0.3990061785517853
 42
1.183998238947389
  0
ELLIPSE
  5
7B8
330
1F
100
AcDbEntity
  8
S-PRLN-SECT
 62
     4
100
AcDbEllipse
 10
669.1204839072161
 20
8652.382166609688
 30
0.0
 11
-9.354155515220979
 21
6.920897122435009
 31
0.0
210
0.0
220
0.0
230
1.0
 40
0.9950221714765572
 41
-0.3952066087657986
 42
1.180333495318722
  0
LINE
  5
7B9
330
1F
100
AcDbEntity
  8
S-PRLN-SECT
 62
     4
100
AcDbLine
 10
771.608208323174
 20
8727.516787138531
 30
0.0
 11
663.138655962699
 21
8662.352980248625
 31
0.0
  0
LINE
  5
7BA
330
1F
100
AcDbEntity
  8
S-PRLN-SECT
 62
     4
100
AcDbLine
 10
665.0609177707665
 20
8659.139588149493
 30
0.0
 11
773.5425283371442
 21
8724.310639011902
 31
0.0
  0
ELLIPSE
  5
7BB
330
1F
100
AcDbEntity
  8
S-PRLN-SECT
 62
     4
100
AcDbEllipse
 10
863.0783621839219
 20
8329.613044646157
 30
0.0
 11
2.81248278977529
 21
11.28230953814826
 31
0.0
210
0.0
220
0.0
230
-1.0
 40
0.9999934739163871
 41
2.35636171786374
 42
3.92716457079188
  0
ELLIPSE
  5
7BC
330
1F
100
AcDbEntity
  8
S-PRLN-SECT
 62
     4
100
AcDbEllipse
 10
863.0783621839219
 20
8329.613044646157
 30
0.0
 11
1.90694451003028
 21
7.648980146888737
 31
0.0
210
0.0
220
0.0
230
-1.0
 40
0.9999917547720869
 41
2.35633780362456
 42
3.927142375763406
  0
LINE
  5
7BD
330
1F
100
AcDbEntity
  8
S-PRLN-SECT
 62
     4
100
AcDbLine
 10
890.3740283786756
 20
8370.924512265188
 30
0.0
 11
696.3980708024901
 21
8693.909342171096
 31
0.0
  0
LINE
  5
7BE
330
1F
100
AcDbEntity
  8
S-PRLN-SECT
 62
     4
100
AcDbLine
 10
692.6856364808481
 20
8692.818031352649
 30
0.0
 11
887.1642327621085
 21
8368.996206109583
 31
0.0
  0
LINE
  5
7BF
330
1F
100
AcDbEntity
  8
S-PRLN-SECT
 62
     4
100
AcDbLine
 10
964.0907057731382
 20
8422.527697740816
 30
0.0
 11
967.3004980369441
 21
8424.455777707272
 31
0.0
  0
ELLIPSE
  5
7C0
330
1F
100
AcDbEntity
  8
S-PRLN-SECT
 62
     4
100
AcDbEllipse
 10
971.5633009246522
 20
8394.778554861023
 30
0.0
 11
-11.28114910858269
 21
2.816785841200403
 31
0.0
210
0.0
220
0.0
230
-1.0
 40
0.9999951576084274
 41
2.35597933348841
 42
3.92678050238281
  0
ELLIPSE
  5
7C1
330
1F
100
AcDbEntity
  8
S-PRLN-SECT
 62
     4
100
AcDbEllipse
 10
971.5633009246522
 20
8394.778554861023
 30
0.0
 11
1.907499076668406
 21
7.648861756573989
 31
0.0
210
0.0
220
0.0
230
-1.0
 40
0.9999868594461586
 41
0.7854802779303332
 42
2.35626346371939
  0
LINE
  5
7C2
330
1F
100
AcDbEntity
  8
S-PRLN-SECT
 62
     4
100
AcDbLine
 10
967.3004980369441
 20
8424.455777707272
 30
0.0
 11
981.5307232721679
 21
8400.765854178692
 31
0.0
  0
LINE
  5
7C3
330
1F
100
AcDbEntity
  8
S-PRLN-SECT
 62
     4
100
AcDbLine
 10
978.320931008362
 20
8398.837773932838
 30
0.0
 11
964.0907057731382
 21
8422.527697740816
 31
0.0
  0
INSERT
  5
7C4
330
1F
100
AcDbEntity
  8
S-MCUT
100
AcDbBlockReference
  2
S-CIRCUT
 10
1169.59735326776
 20
8733.558671651055
 30
0.0
 41
7.947715058978016
 42
7.947715058978016
 43
7.947715058978016
 50
120.9999999692018
  0
INSERT
  5
7C5
330
1F
100
AcDbEntity
  8
S-MCUT
100
AcDbBlockReference
  2
S-CIRCUT
 10
1146.698996593055
 20
8719.517408023468
 30
0.0
 41
7.947715058978016
 42
7.947715058978016
 43
7.947715058978016
 50
120.9999999692018
  0
ARC
  5
7C6
330
1F
100
AcDbEntity
  8
S-MCUT
100
AcDbCircle
 10
1140.114277059488
 20
8721.158952397173
 30
0.0
 40
7.077005766636681
100
AcDbArc
 50
347.2712436658479
 51
78.30651556175294
  0
ARC
  5
7C7
330
1F
100
AcDbEntity
  8
S-MCUT
100
AcDbCircle
 10
1177.241025463023
 20
8732.318286271995
 30
0.0
 40
7.743660664853822
100
AcDbArc
 50
170.7826121957486
 51
251.2173878033391
  0
LEADER
  5
7C8
330
1F
100
AcDbEntity
  8
8G
100
AcDbLeader
  3
Copy of LD
 76
     2
 10
1526.498087154978
 20
8548.461772963925
 30
0.0
 10
1364.762555392735
 20
8548.461772963925
 30
0.0
211
-1.0
221
0.0
231
0.0
1001
ACAD
1000
DSTYLE
1002
{
1070
     5
1000
DOTSMALL
1070
   342
1005
291
1002
}
  0
LEADER
  5
7C9
330
1F
100
AcDbEntity
  8
8G
100
AcDbLeader
  3
Copy of LD
 76
     2
 10
1526.498087154978
 20
8057.631123021765
 30
0.0
 10
1095.295516597383
 20
8057.631123021765
 30
0.0
211
-1.0
221
0.0
231
0.0
1001
ACAD
1000
DSTYLE
1002
{
1070
     5
1000
DOTSMALL
1070
   342
1005
291
1002
}
  0
LEADER
  5
7CA
330
1F
100
AcDbEntity
  8
8G
100
AcDbLeader
  3
LD
 76
     2
 10
912.3399143985443
 20
8372.289314531311
 30
0.0
 10
1095.295516597383
 20
8057.631123021765
 30
0.0
211
0.9999876633806819
221
0.0049672010674174
231
0.0
210
0.0
220
0.0
230
-1.0
213
289.6336087680097
223
-1.787095587041066
233
0.0
1001
ACAD
1000
DSTYLE
1002
{
1070
     5
1000

1070
   342
1005
0
1002
}
  0
LEADER
  5
7CB
330
1F
100
AcDbEntity
  8
8G
100
AcDbLeader
  3
Copy of LD
 76
     2
 10
2368.871487798446
 20
8548.461772963925
 30
0.0
 10
2530.607019545787
 20
8548.461772963925
 30
0.0
210
0.0
220
0.0
230
-1.0
1001
ACAD
1000
DSTYLE
1002
{
1070
     5
1000
DOTSMALL
1070
   342
1005
291
1002
}
  0
LEADER
  5
7CC
330
1F
100
AcDbEntity
  8
8G
100
AcDbLeader
  3
Copy of LD
 76
     2
 10
2368.871487798446
 20
8057.631123021765
 30
0.0
 10
2885.549426900499
 20
8057.631123021765
 30
0.0
210
0.0
220
0.0
230
-1.0
1001
ACAD
1000
DSTYLE
1002
{
1070
     5
1000
DOTSMALL
1070
   342
1005
291
1002
}
  0
LINE
  5
7CD
330
1F
100
AcDbEntity
  8
S-SGRD
100
AcDbLine
 10
3117.186765145322
 20
8510.039420752084
 30
0.0
 11
2753.820959111486
 21
8728.089081030567
 31
0.0
  0
LINE
  5
7CE
330
1F
100
AcDbEntity
  8
S-SGRD
100
AcDbLine
 10
3106.886003649139
 20
8492.896074737883
 30
0.0
 11
2743.118079733846
 21
8711.469894685661
 31
0.0
  0
ARC
  5
7CF
330
1F
100
AcDbEntity
  8
S-MCUT
100
AcDbCircle
 10
2755.255297902782
 20
8721.158952397173
 30
0.0
 40
7.077005766636681
100
AcDbArc
 50
101.6934844382471
 51
192.7287563341457
  0
INSERT
  5
7D0
330
1F
100
AcDbEntity
  8
S-MCUT
100
AcDbBlockReference
  2
S-CIRCUT
 10
2748.670578369216
 20
8719.517408023468
 30
0.0
 41
-7.947715058978015
 42
7.947715060436166
 43
7.947715059916152
 50
239.0000000307981
  0
INSERT
  5
7D1
330
1F
100
AcDbEntity
  8
S-MCUT
100
AcDbBlockReference
  2
S-CIRCUT
 10
2725.772221694511
 20
8733.558671651055
 30
0.0
 41
-7.947715058978015
 42
7.947715060436166
 43
7.947715059916152
 50
239.0000000307981
  0
ARC
  5
7D2
330
1F
100
AcDbEntity
  8
S-MCUT
100
AcDbCircle
 10
2718.128549499248
 20
8732.318286271995
 30
0.0
 40
7.743660664853822
100
AcDbArc
 50
288.7826121966609
 51
9.217387804251359
  0
LINE
  5
7D3
330
1F
100
AcDbEntity
  8
S-PRLN-SECT
 62
     4
100
AcDbLine
 10
3123.761366639097
 20
8727.516787138531
 30
0.0
 11
3232.230918999572
 21
8662.352980248625
 31
0.0
  0
LINE
  5
7D4
330
1F
100
AcDbEntity
  8
S-PRLN-SECT
 62
     4
100
AcDbLine
 10
3230.308657191505
 20
8659.139588149493
 30
0.0
 11
3121.827046625127
 21
8724.310639011902
 31
0.0
  0
LINE
  5
7D5
330
1F
100
AcDbEntity
  8
S-SGRD
100
AcDbLine
 10
3168.403168947712
 20
8479.263959176252
 30
0.0
 11
3219.833206996133
 21
8448.361674681883
 31
0.0
  0
LINE
  5
7D6
330
1F
100
AcDbEntity
  8
S-SGRD
100
AcDbLine
 10
3158.10240745153
 20
8462.120613162053
 30
0.0
 11
3209.532445488309
 21
8431.218328667684
 31
0.0
  0
LINE
  5
7D7
330
1F
100
AcDbEntity
  8
S-SGRD
100
AcDbLine
 10
3159.959879348331
 20
8511.810462168297
 30
0.0
 11
3156.531210144327
 21
8513.870614467533
 31
0.0
  0
LINE
  5
7D8
330
1F
100
AcDbEntity
  8
S-SGRD
100
AcDbLine
 10
3149.886825464943
 20
8517.862963563176
 30
0.0
 11
3153.315494657305
 21
8515.80281126394
 31
0.0
  0
ARC
  5
7D9
330
1F
100
AcDbEntity
  8
S-SGRD
100
AcDbCircle
 10
3127.942530536835
 20
8517.676099520988
 30
0.0
 40
5.286310056487023
100
AcDbArc
 50
84.62609244789215
 51
213.3739075548291
  0
LINE
  5
7DA
330
1F
100
AcDbEntity
  8
S-SGRD
100
AcDbLine
 10
3123.52794112479
 20
8514.768097744902
 30
0.0
 11
3141.528454439991
 21
8503.95229817391
 31
0.0
  0
LINE
  5
7DB
330
1F
100
AcDbEntity
  8
S-SGRD
100
AcDbLine
 10
3146.438132837225
 20
8512.123375179591
 30
0.0
 11
3128.437619522025
 21
8522.939174753494
 31
0.0
  0
LINE
  5
7DC
330
1F
100
AcDbEntity
  8
S-SGRD
100
AcDbLine
 10
3123.411278420404
 20
8520.398750473624
 30
0.0
 11
3120.956439227608
 21
8516.313211969329
 31
0.0
  0
ARC
  5
7DD
330
1F
100
AcDbEntity
  8
S-SGRD
100
AcDbCircle
 10
3147.525131183953
 20
8454.483079689318
 30
0.0
 40
5.138676054739377
100
AcDbArc
 50
258.0407782345218
 51
34.47670980125521
  0
ARC
  5
7DE
330
1F
100
AcDbEntity
  8
S-SGRD
100
AcDbCircle
 10
3118.936213542053
 20
8497.320370652825
 30
0.0
 40
51.68908669226886
100
AcDbArc
 50
309.4234969965849
 51
348.5765030052988
  0
LINE
  5
7DF
330
1F
100
AcDbEntity
  8
S-SGRD
100
AcDbLine
 10
3154.332733369243
 20
8455.846821936075
 30
0.0
 11
3151.799139688534
 21
8451.630213952968
 31
0.0
  0
ARC
  5
7E0
330
1F
100
AcDbEntity
  8
S-SGRD
100
AcDbCircle
 10
3170.096430106365
 20
8492.345939859161
 30
0.0
 40
5.286310056487023
100
AcDbArc
 50
264.6260924478921
 51
33.37390755482918
  0
LINE
  5
7E1
330
1F
100
AcDbEntity
  8
S-SGRD
100
AcDbLine
 10
3169.601341121175
 20
8487.082864623745
 30
0.0
 11
3151.600827805975
 21
8497.898664197647
 31
0.0
  0
LINE
  5
7E2
330
1F
100
AcDbEntity
  8
S-SGRD
100
AcDbLine
 10
3174.627682222796
 20
8489.623288903613
 30
0.0
 11
3172.172843029999
 21
8485.537750399318
 31
0.0
  0
LINE
  5
7E3
330
1F
100
AcDbEntity
  8
S-SGRD
100
AcDbLine
 10
3172.172843029999
 20
8485.537750399318
 30
0.0
 11
3154.332733369243
 21
8455.846821936075
 31
0.0
  0
LINE
  5
7E4
330
1F
100
AcDbEntity
  8
S-SGRD
100
AcDbLine
 10
3151.761231472061
 20
8457.391936160503
 30
0.0
 11
3133.76071815686
 21
8468.207735734406
 31
0.0
  0
LINE
  5
7E5
330
1F
100
AcDbEntity
  8
S-SGRD
100
AcDbLine
 10
3128.851039771267
 20
8460.036658725814
 30
0.0
 11
3146.460317977049
 21
8449.455936919777
 31
0.0
  0
LINE
  5
7E6
330
1F
100
AcDbEntity
  8
S-SGRD
100
AcDbLine
 10
3125.402347143551
 20
8454.297070345139
 30
0.0
 11
3121.973677939546
 21
8456.357222644376
 31
0.0
  0
LINE
  5
7E7
330
1F
100
AcDbEntity
  8
S-SGRD
100
AcDbLine
 10
3115.329973765926
 20
8460.350704318491
 30
0.0
 11
3118.758642969929
 21
8458.290552019255
 31
0.0
  0
ARC
  5
7E8
330
1F
100
AcDbEntity
  8
S-SGRD
100
AcDbCircle
 10
3105.108192277417
 20
8479.971289340985
 30
0.0
 40
5.138676054739377
100
AcDbArc
 50
83.52329019774792
 51
219.9592217670239
  0
LINE
  5
7E9
330
1F
100
AcDbEntity
  8
S-SGRD
100
AcDbLine
 10
3103.116329566852
 20
8486.622283508998
 30
0.0
 11
3100.582735886142
 21
8482.405675522979
 31
0.0
  0
LINE
  5
7EA
330
1F
100
AcDbEntity
  8
S-SGRD
100
AcDbLine
 10
3105.687831475676
 20
8485.077169281659
 30
0.0
 11
3123.688344790877
 21
8474.261369710667
 31
0.0
  0
LINE
  5
7EB
330
1F
100
AcDbEntity
  8
S-SGRD
100
AcDbLine
 10
3118.778666393642
 20
8466.090292702075
 30
0.0
 11
3101.16938818786
 21
8476.671014508111
 31
0.0
  0
LINE
  5
7EC
330
1F
100
AcDbEntity
  8
S-SGRD
100
AcDbLine
 10
3156.510506203209
 20
8506.069741206239
 30
0.0
 11
3174.51101951841
 21
8495.253941632338
 31
0.0
  0
LINE
  5
7ED
330
1F
100
AcDbEntity
  8
S-SGRD
100
AcDbLine
 10
3156.530529626922
 20
8513.869481886152
 30
0.0
 11
3121.973677939546
 21
8456.357222644376
 31
0.0
  0
LINE
  5
7EE
330
1F
100
AcDbEntity
  8
S-SGRD
100
AcDbLine
 10
3159.959198830926
 20
8511.809329586915
 30
0.0
 11
3125.402347143551
 21
8454.297070345139
 31
0.0
  0
LINE
  5
7EF
330
1F
100
AcDbEntity
  8
S-SGRD
100
AcDbLine
 10
3149.886825464943
 20
8517.862963563176
 30
0.0
 11
3115.329973765926
 21
8460.350704318491
 31
0.0
  0
LINE
  5
7F0
330
1F
100
AcDbEntity
  8
S-SGRD
100
AcDbLine
 10
3153.315494657305
 20
8515.80281126394
 30
0.0
 11
3118.758642969929
 21
8458.290552019255
 31
0.0
  0
ARC
  5
7F1
330
1F
100
AcDbEntity
  8
S-SGRD
100
AcDbCircle
 10
3156.352959054799
 20
8474.83966325549
 30
0.0
 40
51.68908669226886
100
AcDbArc
 50
129.4234969965849
 51
168.5765030044762
  0
LINE
  5
7F2
330
1F
100
AcDbEntity
  8
S-SGRD
100
AcDbLine
 10
3120.956439227608
 20
8516.313211969329
 30
0.0
 11
3103.116329566852
 21
8486.622283508998
 31
0.0
  0
ELLIPSE
  5
7F3
330
1F
100
AcDbEntity
  8
S-PRLN-SECT
 62
     4
100
AcDbEllipse
 10
3117.767480450027
 20
8717.553217474891
 30
0.0
 11
11.28172692116095
 21
2.814993796161372
 31
0.0
210
0.0
220
0.0
230
-1.0
 40
0.9999891101608639
 41
3.926491290508034
 42
5.49848906252902
  0
ELLIPSE
  5
7F4
330
1F
100
AcDbEntity
  8
S-PRLN-SECT
 62
     4
100
AcDbEllipse
 10
3117.767480450027
 20
8717.553217474891
 30
0.0
 11
7.648717707796188
 21
1.90816367122831
 31
0.0
210
0.0
220
0.0
230
-1.0
 40
0.9999815127230979
 41
3.927062048267803
 42
5.497839887331683
  0
LINE
  5
7F5
330
1F
100
AcDbEntity
  8
S-PRLN-SECT
 62
     4
100
AcDbLine
 10
3096.399016171505
 20
8697.291716892733
 30
0.0
 11
3093.189220275541
 21
8699.220023013415
 31
0.0
  0
LINE
  5
7F6
330
1F
100
AcDbEntity
  8
S-PRLN-SECT
 62
     4
100
AcDbLine
 10
3093.189220554938
 20
8699.220023030877
 30
0.0
 11
3107.796626124342
 21
8723.535035073521
 31
0.0
  0
LINE
  5
7F7
330
1F
100
AcDbEntity
  8
S-PRLN-SECT
 62
     4
100
AcDbLine
 10
3111.010059207489
 20
8721.612783498359
 30
0.0
 11
3096.399016171505
 21
8697.291716892733
 31
0.0
  0
LINE
  5
7F8
330
1F
100
AcDbEntity
  8
S-SGRD
100
AcDbLine
 10
3209.532445488309
 20
8431.218328667684
 30
0.0
 11
3219.833206996133
 21
8448.361674681883
 31
0.0
  0
ELLIPSE
  5
7F9
330
1F
100
AcDbEntity
  8
HATCH
 62
     8
100
AcDbEllipse
 10
3226.249091016406
 20
8652.382166609688
 30
0.0
 11
6.353572408715547
 21
4.70050682086315
 31
0.0
210
0.0
220
0.0
230
-1.0
 40
0.982891817402772
 41
-0.3990061785517853
 42
1.183998238947389
  0
ELLIPSE
  5
7FA
330
1F
100
AcDbEntity
  8
S-PRLN-SECT
 62
     4
100
AcDbEllipse
 10
3226.249091016406
 20
8652.382166609688
 30
0.0
 11
9.354155515220979
 21
6.920897122435009
 31
0.0
210
0.0
220
0.0
230
-1.0
 40
0.9950221714765572
 41
-0.3952066087657986
 42
1.180333495318722
  0
LINE
  5
7FB
330
1F
100
AcDbEntity
  8
S-PRLN-SECT
 62
     4
100
AcDbLine
 10
2931.278869189133
 20
8422.527697740816
 30
0.0
 11
2928.069076925327
 21
8424.455777707272
 31
0.0
  0
ELLIPSE
  5
7FC
330
1F
100
AcDbEntity
  8
S-PRLN-SECT
 62
     4
100
AcDbEllipse
 10
2923.80627401387
 20
8394.778554861023
 30
0.0
 11
11.28114910858269
 21
2.816785841200403
 31
0.0
210
0.0
220
0.0
230
1.0
 40
0.9999951576084274
 41
2.35597933348841
 42
3.92678050238281
  0
ELLIPSE
  5
7FD
330
1F
100
AcDbEntity
  8
S-PRLN-SECT
 62
     4
100
AcDbEllipse
 10
2923.80627401387
 20
8394.778554861023
 30
0.0
 11
-1.907499076668406
 21
7.648861756573989
 31
0.0
210
0.0
220
0.0
230
1.0
 40
0.9999868594461586
 41
0.7854802779303332
 42
2.35626346371939
  0
LINE
  5
7FE
330
1F
100
AcDbEntity
  8
S-PRLN-SECT
 62
     4
100
AcDbLine
 10
2928.069076925327
 20
8424.455777707272
 30
0.0
 11
2913.838851690103
 21
8400.765854178692
 31
0.0
  0
LINE
  5
7FF
330
1F
100
AcDbEntity
  8
S-PRLN-SECT
 62
     4
100
AcDbLine
 10
2917.048643953909
 20
8398.837773932838
 30
0.0
 11
2931.278869189133
 21
8422.527697740816
 31
0.0
  0
ELLIPSE
  5
800
330
1F
100
AcDbEntity
  8
S-PRLN-SECT
 62
     4
100
AcDbEllipse
 10
3032.2912127546
 20
8329.613044646157
 30
0.0
 11
-2.81248278977529
 21
11.28230953814826
 31
0.0
210
0.0
220
0.0
230
1.0
 40
0.9999934739163871
 41
2.35636171786374
 42
3.92716457079188
  0
ELLIPSE
  5
801
330
1F
100
AcDbEntity
  8
S-PRLN-SECT
 62
     4
100
AcDbEllipse
 10
3032.2912127546
 20
8329.613044646157
 30
0.0
 11
-1.90694451003028
 21
7.648980146888737
 31
0.0
210
0.0
220
0.0
230
1.0
 40
0.9999917547720869
 41
2.35633780362456
 42
3.927142375763406
  0
LINE
  5
802
330
1F
100
AcDbEntity
  8
S-PRLN-SECT
 62
     4
100
AcDbLine
 10
3039.049090031345
 20
8325.554266688643
 30
0.0
 11
3233.025047607531
 21
8648.539096594552
 31
0.0
  0
LINE
  5
803
330
1F
100
AcDbEntity
  8
S-PRLN-SECT
 62
     4
100
AcDbLine
 10
3236.737481929173
 20
8647.447785776105
 30
0.0
 11
3042.258885647913
 21
8323.625960533037
 31
0.0
  0
LINE
  5
804
330
1F
100
AcDbEntity
  8
S-PRLN-SECT
 62
     4
100
AcDbLine
 10
3028.231993369569
 20
8322.855414881134
 30
0.0
 11
2919.747054628839
 21
8388.020925095998
 31
0.0
  0
LINE
  5
805
330
1F
100
AcDbEntity
  8
S-PRLN-SECT
 62
     4
100
AcDbLine
 10
2917.818912915696
 20
8384.811030572974
 30
0.0
 11
3026.303867302646
 21
8319.645545783215
 31
0.0
  0
LINE
  5
806
330
1F
100
AcDbEntity
  8
S-PRLN-SECT
  6
HIDDEN
 62
     1
 48
0.5
100
AcDbLine
 10
4535.094525439941
 20
7836.21024457534
 30
0.0
 11
5307.37666807072
 21
7836.21024457534
 31
0.0
  0
LINE
  5
807
330
1F
100
AcDbEntity
  8
S-PRLN-SECT
 62
     2
100
AcDbLine
 10
4534.794193863214
 20
7832.210244577436
 30
0.0
 11
5308.512075400722
 21
7832.210244577436
 31
0.0
  0
LINE
  5
808
330
1F
100
AcDbEntity
  8
S-PRLN-SECT
 62
     2
100
AcDbLine
 10
4561.239264673131
 20
8132.210244577436
 30
0.0
 11
5320.956075090726
 21
8132.210244577436
 31
0.0
  0
LINE
  5
809
330
1F
100
AcDbEntity
  8
S-PRLN-SECT
  6
HIDDEN
 62
     1
 48
0.5
100
AcDbLine
 10
4560.954049619541
 20
8128.210244576621
 30
0.0
 11
5320.575707043797
 21
8128.210244576621
 31
0.0
  0
MTEXT
  5
80A
330
1F
100
AcDbEntity
  8
CALLOUT
 62
     3
100
AcDbMText
 10
4244.13549426633
 20
8602.42559583974
 30
0.0
 40
50.0
 41
0.0
 46
0.0
 71
     3
 72
     5
  1
2-12mm%%C HOLES\PFOR SAG RODS
  7
SIMPLEX
 73
     1
 44
1.0
  0
LEADER
  5
80B
330
1F
100
AcDbEntity
  8
8G
100
AcDbLeader
  3
Copy of LD
 76
     2
 10
4284.446179021776
 20
8582.006617901148
 30
0.0
 10
4591.74432078439
 20
8582.006617901148
 30
0.0
1001
ACAD
1000
DSTYLE
1002
{
1070
     5
1000
DOTSMALL
1070
   342
1005
291
1002
}
  0
LEADER
  5
80C
330
1F
100
AcDbEntity
  8
8G
100
AcDbLeader
  3
Copy of LD
 76
     2
 10
4280.511910562098
 20
8348.881228917511
 30
0.0
 10
4464.477646072089
 20
8348.881228917511
 30
0.0
1001
ACAD
1000
DSTYLE
1002
{
1070
     5
1000
DOTSMALL
1070
   342
1005
291
1002
}
  0
MTEXT
  5
80D
330
1F
100
AcDbEntity
  8
CALLOUT
 62
     3
100
AcDbMText
 10
4000.920226026952
 20
8345.072336812737
 30
0.0
 40
50.0
 41
0.0
 46
0.0
 71
     4
 72
     5
  1
PURLIN
  7
SIMPLEX
 73
     1
 44
1.0
  0
LWPOLYLINE
  5
80E
330
1F
100
AcDbEntity
  8
wall
  6
HIDDEN
 62
     2
 48
0.5
100
AcDbPolyline
 90
        9
 70
     0
 43
0.0
 10
4959.383339677632
 20
7918.403936838032
 10
4859.648594577492
 20
7918.403936838032
 42
-0.414213562373084
 10
4809.648594577492
 20
7968.403936838033
 10
4809.648594577492
 20
7986.341850222321
 42
-0.4142135623730986
 10
4859.648594577492
 20
8036.341850222321
 10
4959.383339677632
 20
8036.341850222321
 42
-0.4142135623731026
 10
5009.383339677632
 20
7986.341850222321
 10
5009.383339677632
 20
7968.403936838033
 42
-0.4142135623730917
 10
4959.383339677632
 20
7918.403936838032
  0
LINE
  5
80F
330
1F
100
AcDbEntity
  8
S-HOLE
  6
CENTER2
 62
     8
 48
0.1
100
AcDbLine
 10
4889.739775615089
 20
7982.210244577436
 30
0.0
 11
4845.739775609036
 21
7982.210244577436
 31
0.0
  0
CIRCLE
  5
810
330
1F
100
AcDbEntity
  8
S-HOLE
 62
     4
100
AcDbCircle
 10
4867.739775606242
 20
7982.210244577436
 30
0.0
 40
12.0
  0
LINE
  5
811
330
1F
100
AcDbEntity
  8
S-HOLE
  6
CENTER2
 62
     8
 48
0.1
100
AcDbLine
 10
4867.739775606242
 20
7960.21024457732
 30
0.0
 11
4867.739775606242
 21
8004.210244577553
 31
0.0
  0
LINE
  5
812
330
1F
100
AcDbEntity
  8
S-HOLE
  6
CENTER2
 62
     8
 48
0.1
100
AcDbLine
 10
4947.739775610898
 20
7960.21024457732
 30
0.0
 11
4947.739775610898
 21
8004.210244577553
 31
0.0
  0
LINE
  5
813
330
1F
100
AcDbEntity
  8
S-HOLE
  6
CENTER2
 62
     8
 48
0.1
100
AcDbLine
 10
4969.739775608104
 20
7982.210244577436
 30
0.0
 11
4925.739775613692
 21
7982.210244577436
 31
0.0
  0
CIRCLE
  5
814
330
1F
100
AcDbEntity
  8
S-HOLE
 62
     4
100
AcDbCircle
 10
4947.739775610898
 20
7982.210244577436
 30
0.0
 40
12.0
  0
LINE
  5
815
330
1F
100
AcDbEntity
  8
S-SGRD
100
AcDbLine
 10
2376.315120450032
 20
8988.049330155128
 30
0.0
 11
1454.054454498269
 21
8988.049330155128
 31
0.0
  0
LINE
  5
816
330
1F
100
AcDbEntity
  8
S-SGRD
100
AcDbLine
 10
1584.054454502926
 20
9008.049330153381
 30
0.0
 11
1454.054454498269
 21
9008.049330153381
 31
0.0
  0
LINE
  5
817
330
1F
100
AcDbEntity
  8
S-SGRD
100
AcDbLine
 10
1454.054454498269
 20
9008.049330153381
 30
0.0
 11
1454.054454498269
 21
8988.049330155128
 31
0.0
  0
TEXT
  5
818
330
1F
100
AcDbEntity
  8
TEXT
 62
     4
100
AcDbText
 10
1913.309030263495
 20
9324.575894061529
 30
0.0
 40
49.9990000199996
  1
C
  7
ROMANS
100
AcDbText
  0
ARC
  5
819
330
1F
100
AcDbEntity
  8
S-SGRD
100
AcDbCircle
 10
1637.6329289454
 20
8975.512840858074
 30
0.0
 40
5.138676054739377
100
AcDbArc
 50
289.0407782325415
 51
65.47670980218684
  0
ARC
  5
81A
330
1F
100
AcDbEntity
  8
S-SGRD
100
AcDbCircle
 10
1591.064607695021
 20
8997.50718481396
 30
0.0
 40
51.68908669226886
100
AcDbArc
 50
340.4234969958355
 51
19.57650300415842
  0
ARC
  5
81B
330
1F
100
AcDbEntity
  8
S-SGRD
100
AcDbCircle
 10
1637.479493690931
 20
9019.592724845507
 30
0.0
 40
5.286310056487023
100
AcDbArc
 50
295.6260924460385
 51
64.37390755396151
  0
LINE
  5
81C
330
1F
100
AcDbEntity
  8
S-SGRD
100
AcDbLine
 10
1642.765803745293
 20
8980.187970443742
 30
0.0
 11
1642.765803745293
 21
8975.268734744396
 31
0.0
  0
LINE
  5
81D
330
1F
100
AcDbEntity
  8
S-SGRD
100
AcDbLine
 10
1642.765803745293
 20
9014.826399181266
 30
0.0
 11
1642.765803745293
 21
8980.187970443742
 31
0.0
  0
LINE
  5
81E
330
1F
100
AcDbEntity
  8
S-SGRD
100
AcDbLine
 10
1642.765803745293
 20
9019.592724845507
 30
0.0
 11
1642.765803745293
 21
9014.826399181266
 31
0.0
  0
LINE
  5
81F
330
1F
100
AcDbEntity
  8
S-SGRD
100
AcDbLine
 10
1636.57513654865
 20
8970.655319115259
 30
0.0
 11
1639.309375808385
 21
8970.655319115259
 31
0.0
  0
LINE
  5
820
330
1F
100
AcDbEntity
  8
S-SGRD
100
AcDbLine
 10
1642.765803745293
 20
8986.641786800694
 30
0.0
 11
1645.108349277449
 21
8988.049330155128
 31
0.0
  0
LWPOLYLINE
  5
821
330
1F
100
AcDbEntity
  8
S-MCUT
100
AcDbPolyline
 90
        3
 70
     0
 43
0.0
 10
1836.249407353156
 20
9145.789971523507
 42
0.7809691327097389
 10
1841.419874804371
 20
9137.184868637993
 42
-0.7716577574066778
 10
1846.550168859117
 20
9128.646625508144
  0
ARC
  5
822
330
1F
100
AcDbEntity
  8
S-MCUT
100
AcDbCircle
 10
1834.784011839234
 20
9138.817367374079
 30
0.0
 40
7.124927554703934
100
AcDbArc
 50
347.432816095876
 51
78.13118106523091
  0
ARC
  5
823
330
1F
100
AcDbEntity
  8
S-MCUT
100
AcDbCircle
 10
1834.784011839234
 20
9138.817367374079
 30
0.0
 40
7.124927554703934
100
AcDbArc
 50
347.432816095876
 51
78.13118106523091
  0
LINE
  5
824
330
1F
100
AcDbEntity
  8
S-PRLN-SECT
100
AcDbLine
 10
1610.736277518604
 20
8998.621678748397
 30
0.0
 11
1613.85666815871
 21
9000.698819381296
 31
0.0
  0
LINE
  5
825
330
1F
100
AcDbEntity
  8
S-PRLN-SECT
100
AcDbLine
 10
1613.901290046793
 20
9000.624520523935
 30
0.0
 11
1610.691655642163
 21
8998.695977605759
 31
0.0
  0
ARC
  5
826
330
1F
100
AcDbEntity
  8
S-SGRD
100
AcDbCircle
 10
1593.585399799791
 20
8988.417502143649
 30
0.0
 40
51.68908669226886
100
AcDbArc
 50
44.05440774193041
 51
50.57650300341508
  0
ARC
  5
827
330
1F
100
AcDbEntity
  8
S-SGRD
100
AcDbCircle
 10
1632.934158033036
 20
9007.681158164862
 30
0.0
 40
51.68908669226886
100
AcDbArc
 50
225.7513436072545
 51
230.5765030034151
  0
LINE
  5
828
330
1F
100
AcDbEntity
  8
S-SGRD
100
AcDbLine
 10
1594.865184620299
 20
8970.655319115259
 30
0.0
 11
1597.537638194204
 21
8966.207609451023
 31
0.0
  0
LINE
  5
829
330
1F
100
AcDbEntity
  8
S-SGRD
100
AcDbLine
 10
1626.595438917444
 20
8964.445804548679
 30
0.0
 11
1630.024108121448
 21
8966.505956847916
 31
0.0
  0
LINE
  5
82A
330
1F
100
AcDbEntity
  8
S-SGRD
100
AcDbLine
 10
1597.991381102052
 20
9034.869471652429
 30
0.0
 11
1594.562711898048
 21
9032.809319353193
 31
0.0
  0
LINE
  5
82B
330
1F
100
AcDbEntity
  8
S-SGRD
100
AcDbLine
 10
1587.917602195681
 20
9028.816534622684
 30
0.0
 11
1591.346271399685
 21
9030.876686924832
 31
0.0
  0
LINE
  5
82C
330
1F
100
AcDbEntity
  8
S-SGRD
100
AcDbLine
 10
1584.054454502926
 20
9019.592724845507
 30
0.0
 11
1584.054454502926
 21
9014.826399181266
 31
0.0
  0
LINE
  5
82D
330
1F
100
AcDbEntity
  8
S-SGRD
100
AcDbLine
 10
1622.864386153684
 20
8970.655319115259
 30
0.0
 11
1587.510882439834
 21
8970.655319115259
 31
0.0
  0
LINE
  5
82E
330
1F
100
AcDbEntity
  8
S-SGRD
100
AcDbLine
 10
1590.595928864364
 20
9024.359050509749
 30
0.0
 11
1587.05445450572
 21
9024.359050509749
 31
0.0
  0
LINE
  5
82F
330
1F
100
AcDbEntity
  8
S-SGRD
100
AcDbLine
 10
1587.05445450572
 20
8980.187970443742
 30
0.0
 11
1617.136591375616
 21
8980.187970443742
 31
0.0
  0
LINE
  5
830
330
1F
100
AcDbEntity
  8
S-SGRD
100
AcDbLine
 10
1587.05445450572
 20
9014.826399181266
 30
0.0
 11
1596.323723642432
 21
9014.826399181266
 31
0.0
  0
LINE
  5
831
330
1F
100
AcDbEntity
  8
S-SGRD
100
AcDbLine
 10
1584.054454502926
 20
9014.826399181266
 30
0.0
 11
1584.054454502926
 21
8980.187970443742
 31
0.0
  0
LINE
  5
832
330
1F
100
AcDbEntity
  8
S-SGRD
100
AcDbLine
 10
1584.054454502926
 20
8980.187970443742
 30
0.0
 11
1584.054454502926
 21
8975.268734744396
 31
0.0
  0
ARC
  5
833
330
1F
100
AcDbEntity
  8
S-SGRD
100
AcDbCircle
 10
1589.340764557288
 20
9019.592724845507
 30
0.0
 40
5.286310056487023
100
AcDbArc
 50
115.6260924460385
 51
244.3739075539614
  0
ARC
  5
834
330
1F
100
AcDbEntity
  8
S-SGRD
100
AcDbCircle
 10
1635.755650553197
 20
8997.507184811048
 30
0.0
 40
51.68908669226886
100
AcDbArc
 50
160.4234969948776
 51
199.5765030034722
  0
ARC
  5
835
330
1F
100
AcDbEntity
  8
S-SGRD
100
AcDbCircle
 10
1589.18732931446
 20
8975.512840858074
 30
0.0
 40
5.138676054739377
100
AcDbArc
 50
114.5232901978131
 51
250.9592217674585
  0
LINE
  5
836
330
1F
100
AcDbEntity
  8
S-SGRD
100
AcDbLine
 10
1626.527080445827
 20
9033.976589361783
 30
0.0
 11
1628.981919638623
 21
9029.891050857488
 31
0.0
  0
LINE
  5
837
330
1F
100
AcDbEntity
  8
S-SGRD
100
AcDbLine
 10
1603.500226029005
 20
9025.701214067749
 30
0.0
 11
1621.500739344206
 21
9036.517013641653
 31
0.0
  0
LINE
  5
838
330
1F
100
AcDbEntity
  8
S-SGRD
100
AcDbLine
 10
1626.410417729799
 20
9028.34593663306
 30
0.0
 11
1619.775124958993
 21
9024.359050509749
 31
0.0
  0
LINE
  5
839
330
1F
100
AcDbEntity
  8
S-SGRD
100
AcDbLine
 10
1628.981919638623
 20
9029.891050857488
 30
0.0
 11
1632.305880792715
 21
9024.359050509749
 31
0.0
  0
ARC
  5
83A
330
1F
100
AcDbEntity
  8
S-SGRD
100
AcDbCircle
 10
1621.995828317755
 20
9031.253938406235
 30
0.0
 40
5.286310056487023
100
AcDbArc
 50
326.6260924451708
 51
95.37390755210786
  0
ARC
  5
83B
330
1F
100
AcDbEntity
  8
S-SGRD
100
AcDbCircle
 10
1604.345240379494
 20
8964.843867204264
 30
0.0
 40
5.138676054739377
100
AcDbArc
 50
145.5232901987447
 51
281.9592217654782
  0
LINE
  5
83C
330
1F
100
AcDbEntity
  8
S-SGRD
100
AcDbLine
 10
1597.537638194204
 20
8966.207609451023
 30
0.0
 11
1600.071231886555
 21
8961.991001465005
 31
0.0
  0
LINE
  5
83D
330
1F
100
AcDbEntity
  8
S-SGRD
100
AcDbLine
 10
1600.109140103028
 20
8967.752723675451
 30
0.0
 11
1604.939870134272
 21
8970.655319115259
 31
0.0
  0
LINE
  5
83E
330
1F
100
AcDbEntity
  8
S-SGRD
100
AcDbLine
 10
1584.054454502926
 20
9009.637552549476
 30
0.0
 11
1581.411208555379
 21
9008.049330153381
 31
0.0
  0
LINE
  5
83F
330
1F
100
AcDbEntity
  8
S-SGRD
100
AcDbLine
 10
1623.019331803822
 20
8970.39744624076
 30
0.0
 11
1605.410053586398
 21
8959.816724434723
 31
0.0
  0
LINE
  5
840
330
1F
100
AcDbEntity
  8
S-SGRD
100
AcDbLine
 10
1591.346951823958
 20
9030.875554497699
 30
0.0
 11
1630.024108121448
 21
8966.505956847916
 31
0.0
  0
LINE
  5
841
330
1F
100
AcDbEntity
  8
S-SGRD
100
AcDbLine
 10
1587.918282631595
 20
9028.815402198462
 30
0.0
 11
1626.595438917444
 21
8964.445804548679
 31
0.0
  0
LINE
  5
842
330
1F
100
AcDbEntity
  8
S-SGRD
100
AcDbLine
 10
1596.622864197285
 20
9029.380650149189
 30
0.0
 11
1631.17971588466
 21
8971.868390907413
 31
0.0
  0
LINE
  5
843
330
1F
100
AcDbEntity
  8
S-SGRD
100
AcDbLine
 10
1636.668537387901
 20
8970.499874005556
 30
0.0
 11
1633.239868183897
 21
8968.439721703409
 31
0.0
  0
LINE
  5
844
330
1F
100
AcDbEntity
  8
S-SGRD
100
AcDbLine
 10
1639.76580375414
 20
9014.826399181266
 30
0.0
 11
1610.034474037398
 21
9014.826399181266
 31
0.0
  0
LINE
  5
845
330
1F
100
AcDbEntity
  8
S-SGRD
100
AcDbLine
 10
1639.76580375414
 20
8980.187970443742
 30
0.0
 11
1630.847341770582
 21
8980.187970443742
 31
0.0
  0
LINE
  5
846
330
1F
100
AcDbEntity
  8
S-SGRD
100
AcDbLine
 10
1604.30667925933
 20
9024.359050509749
 30
0.0
 11
1639.76580375414
 21
9024.359050509749
 31
0.0
  0
LINE
  5
847
330
1F
100
AcDbEntity
  8
S-SGRD
100
AcDbLine
 10
1597.991381102052
 20
9034.869471652429
 30
0.0
 11
1636.668537387901
 21
8970.499874005556
 31
0.0
  0
TEXT
  5
848
330
1F
100
AcDbEntity
  8
TEXT
 62
     4
100
AcDbText
 10
1926.888008770344
 20
9305.191196219352
 30
0.0
 40
49.9990000199996
  1
L
  7
ROMANS
100
AcDbText
  0
ARC
  5
849
330
1F
100
AcDbEntity
  8
S-MCUT
100
AcDbCircle
 10
2060.585563123037
 20
9138.817367374079
 30
0.0
 40
7.124927554703934
100
AcDbArc
 50
101.8688189347691
 51
192.567183904124
  0
ARC
  5
84A
330
1F
100
AcDbEntity
  8
S-MCUT
100
AcDbCircle
 10
2060.585563123037
 20
9138.817367374079
 30
0.0
 40
7.124927554703934
100
AcDbArc
 50
101.8688189347691
 51
192.567183904124
  0
LWPOLYLINE
  5
84B
330
1F
100
AcDbEntity
  8
S-MCUT
100
AcDbPolyline
 90
        3
 70
     0
 43
0.0
 10
2059.120167600267
 20
9145.789971523507
 42
-0.7809691327097389
 10
2053.949700149053
 20
9137.184868637993
 42
0.7716577574066778
 10
2048.819406094306
 20
9128.646625508144
  0
LINE
  5
84C
330
1F
100
AcDbEntity
  8
S-PRLN-SECT
 62
     4
100
AcDbLine
 10
1511.140724637822
 20
9164.454293865357
 30
0.0
 11
1705.619320919082
 21
8840.63246862229
 31
0.0
  0
LINE
  5
84D
330
1F
100
AcDbEntity
  8
S-PRLN-SECT
 62
     4
100
AcDbLine
 10
1708.829116535649
 20
8842.560774777895
 30
0.0
 11
1514.853158959464
 21
9165.545604683805
 31
0.0
  0
LINE
  5
84E
330
1F
100
AcDbEntity
  8
S-PRLN-SECT
 62
     4
100
AcDbLine
 10
1517.009627905951
 20
9177.184545682623
 30
0.0
 11
1625.491238472328
 21
9242.355596545031
 31
0.0
  0
LINE
  5
84F
330
1F
100
AcDbEntity
  8
S-PRLN-SECT
 62
     4
100
AcDbLine
 10
1623.556918458358
 20
9245.561744671659
 30
0.0
 11
1515.087366097883
 21
9180.397937781755
 31
0.0
  0
LINE
  5
850
330
1F
100
AcDbEntity
  8
S-PRLN-SECT
 62
     4
100
AcDbLine
 10
1636.308225889967
 20
9239.657741031489
 30
0.0
 11
1650.919268925951
 21
9215.336674425863
 31
0.0
  0
ELLIPSE
  5
851
330
1F
100
AcDbEntity
  8
S-PRLN-SECT
 62
     4
100
AcDbEllipse
 10
1629.550804587357
 20
9235.598175008369
 30
0.0
 11
-7.648717707796188
 21
1.90816367122831
 31
0.0
210
0.0
220
0.0
230
1.0
 40
0.9999815127230979
 41
3.927062048267803
 42
5.497839887331683
  0
ELLIPSE
  5
852
330
1F
100
AcDbEntity
  8
S-PRLN-SECT
 62
     4
100
AcDbEllipse
 10
1629.550804587357
 20
9235.598175008369
 30
0.0
 11
-11.28172692116095
 21
2.814993796161372
 31
0.0
210
0.0
220
0.0
230
1.0
 40
0.9999891101608639
 41
3.926491290508034
 42
5.49848906252902
  0
LINE
  5
853
330
1F
100
AcDbEntity
  8
S-PRLN-SECT
 62
     4
100
AcDbLine
 10
1654.129064542518
 20
9217.264980564007
 30
0.0
 11
1639.521658973113
 21
9241.57999260665
 31
0.0
  0
LINE
  5
854
330
1F
100
AcDbEntity
  8
S-PRLN-SECT
 62
     4
100
AcDbLine
 10
1650.919268925951
 20
9215.336674425863
 30
0.0
 11
1654.129064821914
 21
9217.264980546543
 31
0.0
  0
LINE
  5
855
330
1F
100
AcDbEntity
  8
S-PRLN-SECT
 62
     4
100
AcDbLine
 10
1830.729097435993
 20
8916.011576654502
 30
0.0
 11
1816.498872200769
 21
8939.701500462481
 31
0.0
  0
LINE
  5
856
330
1F
100
AcDbEntity
  8
S-PRLN-SECT
 62
     4
100
AcDbLine
 10
1819.708664464575
 20
8941.629580428935
 30
0.0
 11
1833.938889699799
 21
8917.939656900355
 31
0.0
  0
ELLIPSE
  5
857
330
1F
100
AcDbEntity
  8
S-PRLN-SECT
 62
     4
100
AcDbEllipse
 10
1823.97146731829
 20
8911.952357583269
 30
0.0
 11
1.907499076668406
 21
7.648861756573989
 31
0.0
210
0.0
220
0.0
230
-1.0
 40
0.9999868594461586
 41
0.7854802779303332
 42
2.35626346371939
  0
ELLIPSE
  5
858
330
1F
100
AcDbEntity
  8
S-PRLN-SECT
 62
     4
100
AcDbEllipse
 10
1823.97146731829
 20
8911.952357583269
 30
0.0
 11
-11.28114910858269
 21
2.816785841200403
 31
0.0
210
0.0
220
0.0
230
-1.0
 40
0.9999951576084274
 41
2.35597933348841
 42
3.92678050238281
  0
LINE
  5
859
330
1F
100
AcDbEntity
  8
S-PRLN-SECT
 62
     4
100
AcDbLine
 10
1816.498872200769
 20
8939.701500462481
 30
0.0
 11
1819.708664464575
 21
8941.629580428935
 31
0.0
  0
LINE
  5
85A
330
1F
100
AcDbEntity
  8
S-PRLN-SECT
 62
     4
100
AcDbLine
 10
1829.958828474206
 20
8901.984833294639
 30
0.0
 11
1721.473874087256
 21
8836.81934850488
 31
0.0
  0
LINE
  5
85B
330
1F
100
AcDbEntity
  8
S-PRLN-SECT
 62
     4
100
AcDbLine
 10
1719.545748020333
 20
8840.029217602797
 30
0.0
 11
1828.030686761063
 21
8905.194727817663
 31
0.0
  0
ELLIPSE
  5
85C
330
1F
100
AcDbEntity
  8
S-PRLN-SECT
 62
     4
100
AcDbEllipse
 10
1715.486528577559
 20
8846.786847368404
 30
0.0
 11
1.90694451003028
 21
7.648980146888737
 31
0.0
210
0.0
220
0.0
230
-1.0
 40
0.9999917547720869
 41
2.35633780362456
 42
3.927142375763406
  0
ELLIPSE
  5
85D
330
1F
100
AcDbEntity
  8
S-PRLN-SECT
 62
     4
100
AcDbEllipse
 10
1715.486528577559
 20
8846.786847368404
 30
0.0
 11
2.81248278977529
 21
11.28230953814826
 31
0.0
210
0.0
220
0.0
230
-1.0
 40
0.9999934739163871
 41
2.35636171786374
 42
3.92716457079188
  0
ELLIPSE
  5
85E
330
1F
100
AcDbEntity
  8
S-PRLN-SECT
 62
     4
100
AcDbEllipse
 10
1521.06919402098
 20
9170.427124143166
 30
0.0
 11
-9.354155515220979
 21
6.920897122435009
 31
0.0
210
0.0
220
0.0
230
1.0
 40
0.9950221714765572
 41
-0.3952066087657986
 42
1.180333495318722
  0
ELLIPSE
  5
85F
330
1F
100
AcDbEntity
  8
HATCH
 62
     8
100
AcDbEllipse
 10
1521.06919402098
 20
9170.427124143166
 30
0.0
 11
-6.353572408715547
 21
4.70050682086315
 31
0.0
210
0.0
220
0.0
230
1.0
 40
0.982891817402772
 41
-0.3990061785517853
 42
1.183998238947389
  0
LINE
  5
860
330
1F
100
AcDbEntity
  8
S-SGRD
100
AcDbLine
 10
2441.31512045236
 20
9008.049330153381
 30
0.0
 11
2441.31512045236
 21
8988.049330155128
 31
0.0
  0
LINE
  5
861
330
1F
100
AcDbEntity
  8
S-PRLN-SECT
 62
     4
100
AcDbLine
 10
2384.228850324449
 20
9164.454293865357
 30
0.0
 11
2189.750254043189
 21
8840.63246862229
 31
0.0
  0
LINE
  5
862
330
1F
100
AcDbEntity
  8
S-PRLN-SECT
 62
     4
100
AcDbLine
 10
2186.540458426621
 20
8842.560774777895
 30
0.0
 11
2380.516416002807
 21
9165.545604683805
 31
0.0
  0
ARC
  5
863
330
1F
100
AcDbEntity
  8
S-SGRD
100
AcDbCircle
 10
2304.304967255608
 20
8997.50718481396
 30
0.0
 40
51.68908669226886
100
AcDbArc
 50
160.4234969958354
 51
199.5765030041584
  0
LINE
  5
864
330
1F
100
AcDbEntity
  8
S-SGRD
100
AcDbLine
 10
2252.603771205337
 20
9014.826399181266
 30
0.0
 11
2252.603771205337
 21
8980.187970443742
 31
0.0
  0
LINE
  5
865
330
1F
100
AcDbEntity
  8
S-SGRD
100
AcDbLine
 10
2311.315120459345
 20
9014.826399181266
 30
0.0
 11
2311.315120459345
 21
8980.187970443742
 31
0.0
  0
ARC
  5
866
330
1F
100
AcDbEntity
  8
S-SGRD
100
AcDbCircle
 10
2259.613924409074
 20
8997.507184811048
 30
0.0
 40
51.68908669226886
100
AcDbArc
 50
340.4234969965278
 51
19.5765030051224
  0
LINE
  5
867
330
1F
100
AcDbEntity
  8
S-SGRD
100
AcDbLine
 10
2304.022623126671
 20
9030.875554497699
 30
0.0
 11
2265.345466840823
 21
8966.505956847916
 31
0.0
  0
LINE
  5
868
330
1F
100
AcDbEntity
  8
S-SGRD
100
AcDbLine
 10
2307.451292330676
 20
9028.815402198462
 30
0.0
 11
2268.774136044827
 21
8964.445804548679
 31
0.0
  0
LINE
  5
869
330
1F
100
AcDbEntity
  8
S-SGRD
100
AcDbLine
 10
2298.746710764986
 20
9029.380650149189
 30
0.0
 11
2264.189859065969
 21
8971.868390907413
 31
0.0
  0
LINE
  5
86A
330
1F
100
AcDbEntity
  8
S-SGRD
100
AcDbLine
 10
2297.378193860219
 20
9034.869471652429
 30
0.0
 11
2258.701037562729
 21
8970.499874005556
 31
0.0
  0
LINE
  5
86B
330
1F
100
AcDbEntity
  8
S-SGRD
100
AcDbLine
 10
2311.315120459345
 20
8988.049330155128
 30
0.0
 11
2441.31512045236
 21
8988.049330155128
 31
0.0
  0
ELLIPSE
  5
86C
330
1F
100
AcDbEntity
  8
S-PRLN-SECT
 62
     4
100
AcDbEllipse
 10
2179.883046301358
 20
8846.786847368404
 30
0.0
 11
-2.81248278977529
 21
11.28230953814826
 31
0.0
210
0.0
220
0.0
230
1.0
 40
0.9999934739163871
 41
2.35636171786374
 42
3.92716457079188
  0
ELLIPSE
  5
86D
330
1F
100
AcDbEntity
  8
S-PRLN-SECT
 62
     4
100
AcDbEllipse
 10
2179.883046301358
 20
8846.786847368404
 30
0.0
 11
-1.90694451003028
 21
7.648980146888737
 31
0.0
210
0.0
220
0.0
230
1.0
 40
0.9999917547720869
 41
2.35633780362456
 42
3.927142375763406
  0
ARC
  5
86E
330
1F
100
AcDbEntity
  8
S-SGRD
100
AcDbCircle
 10
2257.736646016871
 20
8975.512840858074
 30
0.0
 40
5.138676054739377
100
AcDbArc
 50
114.5232901978131
 51
250.9592217674585
  0
LINE
  5
86F
330
1F
100
AcDbEntity
  8
S-SGRD
100
AcDbLine
 10
2252.603771205337
 20
8980.187970443742
 30
0.0
 11
2252.603771205337
 21
8975.268734744396
 31
0.0
  0
LINE
  5
870
330
1F
100
AcDbEntity
  8
S-SGRD
100
AcDbLine
 10
2258.794438413621
 20
8970.655319115259
 30
0.0
 11
2256.060199142245
 21
8970.655319115259
 31
0.0
  0
LINE
  5
871
330
1F
100
AcDbEntity
  8
S-SGRD
100
AcDbLine
 10
2252.603771205337
 20
8986.641786800694
 30
0.0
 11
2250.261225684822
 21
8988.049330155128
 31
0.0
  0
ARC
  5
872
330
1F
100
AcDbEntity
  8
S-SGRD
100
AcDbCircle
 10
2262.435416929235
 20
9007.681158164862
 30
0.0
 40
51.68908669226886
100
AcDbArc
 50
309.4234969965849
 51
314.2486563927455
  0
LINE
  5
873
330
1F
100
AcDbEntity
  8
S-SGRD
100
AcDbLine
 10
2300.504390341972
 20
8970.655319115259
 30
0.0
 11
2297.831936756425
 21
8966.207609451023
 31
0.0
  0
LINE
  5
874
330
1F
100
AcDbEntity
  8
S-SGRD
100
AcDbLine
 10
2268.774136044827
 20
8964.445804548679
 30
0.0
 11
2265.345466840823
 21
8966.505956847916
 31
0.0
  0
LINE
  5
875
330
1F
100
AcDbEntity
  8
S-SGRD
100
AcDbLine
 10
2272.505188808587
 20
8970.655319115259
 30
0.0
 11
2307.858692522437
 21
8970.655319115259
 31
0.0
  0
LINE
  5
876
330
1F
100
AcDbEntity
  8
S-SGRD
100
AcDbLine
 10
2308.315120456551
 20
8980.187970443742
 30
0.0
 11
2278.232983586655
 21
8980.187970443742
 31
0.0
  0
LINE
  5
877
330
1F
100
AcDbEntity
  8
S-SGRD
100
AcDbLine
 10
2311.315120459345
 20
8980.187970443742
 30
0.0
 11
2311.315120459345
 21
8975.268734744396
 31
0.0
  0
ARC
  5
878
330
1F
100
AcDbEntity
  8
S-SGRD
100
AcDbCircle
 10
2306.182245647811
 20
8975.512840858074
 30
0.0
 40
5.138676054739377
100
AcDbArc
 50
289.0407782325415
 51
65.47670980218684
  0
ARC
  5
879
330
1F
100
AcDbEntity
  8
S-SGRD
100
AcDbCircle
 10
2291.024334571135
 20
8964.843867204264
 30
0.0
 40
5.138676054739377
100
AcDbArc
 50
258.0407782345218
 51
34.47670980125521
  0
LINE
  5
87A
330
1F
100
AcDbEntity
  8
S-SGRD
100
AcDbLine
 10
2297.831936756425
 20
8966.207609451023
 30
0.0
 11
2295.298343075716
 21
8961.991001465005
 31
0.0
  0
LINE
  5
87B
330
1F
100
AcDbEntity
  8
S-SGRD
100
AcDbLine
 10
2295.260434859243
 20
8967.752723675451
 30
0.0
 11
2290.429704827999
 21
8970.655319115259
 31
0.0
  0
LINE
  5
87C
330
1F
100
AcDbEntity
  8
S-SGRD
100
AcDbLine
 10
2272.350243158449
 20
8970.39744624076
 30
0.0
 11
2289.959521364231
 21
8959.816724434723
 31
0.0
  0
LINE
  5
87D
330
1F
100
AcDbEntity
  8
S-SGRD
100
AcDbLine
 10
2258.701037562729
 20
8970.499874005556
 30
0.0
 11
2262.129706766733
 21
8968.439721703409
 31
0.0
  0
LINE
  5
87E
330
1F
100
AcDbEntity
  8
S-SGRD
100
AcDbLine
 10
2255.60377120813
 20
8980.187970443742
 30
0.0
 11
2264.522233191688
 21
8980.187970443742
 31
0.0
  0
LINE
  5
87F
330
1F
100
AcDbEntity
  8
S-SGRD
100
AcDbLine
 10
1541.412179189079
 20
9008.049330153381
 30
0.0
 11
2441.31512045236
 21
9008.049330153381
 31
0.0
  0
ELLIPSE
  5
880
330
1F
100
AcDbEntity
  8
HATCH
 62
     8
100
AcDbEllipse
 10
2374.300380917543
 20
9170.427124143166
 30
0.0
 11
6.353572408715547
 21
4.70050682086315
 31
0.0
210
0.0
220
0.0
230
-1.0
 40
0.982891817402772
 41
-0.3990061785517853
 42
1.183998238947389
  0
ELLIPSE
  5
881
330
1F
100
AcDbEntity
  8
S-PRLN-SECT
 62
     4
100
AcDbEllipse
 10
2374.300380917543
 20
9170.427124143166
 30
0.0
 11
9.354155515220979
 21
6.920897122435009
 31
0.0
210
0.0
220
0.0
230
-1.0
 40
0.9950221714765572
 41
-0.3952066087657986
 42
1.180333495318722
  0
LINE
  5
882
330
1F
100
AcDbEntity
  8
S-PRLN-SECT
 62
     4
100
AcDbLine
 10
2244.45030603632
 20
9215.336674425863
 30
0.0
 11
2241.240510140356
 21
9217.264980546543
 31
0.0
  0
LINE
  5
883
330
1F
100
AcDbEntity
  8
S-PRLN-SECT
 62
     4
100
AcDbLine
 10
2241.240510419753
 20
9217.264980564007
 30
0.0
 11
2255.847915989158
 21
9241.57999260665
 31
0.0
  0
ELLIPSE
  5
884
330
1F
100
AcDbEntity
  8
S-PRLN-SECT
 62
     4
100
AcDbEllipse
 10
2265.818770351165
 20
9235.598175008369
 30
0.0
 11
11.28172692116095
 21
2.814993796161372
 31
0.0
210
0.0
220
0.0
230
-1.0
 40
0.9999891101608639
 41
3.926491290508034
 42
5.49848906252902
  0
ELLIPSE
  5
885
330
1F
100
AcDbEntity
  8
S-PRLN-SECT
 62
     4
100
AcDbEllipse
 10
2265.818770351165
 20
9235.598175008369
 30
0.0
 11
7.648717707796188
 21
1.90816367122831
 31
0.0
210
0.0
220
0.0
230
-1.0
 40
0.9999815127230979
 41
3.927062048267803
 42
5.497839887331683
  0
LINE
  5
886
330
1F
100
AcDbEntity
  8
S-PRLN-SECT
 62
     4
100
AcDbLine
 10
2259.061349072304
 20
9239.657741031489
 30
0.0
 11
2244.45030603632
 21
9215.336674425863
 31
0.0
  0
LINE
  5
887
330
1F
100
AcDbEntity
  8
S-PRLN-SECT
 62
     4
100
AcDbLine
 10
2271.812656503913
 20
9245.561744671659
 30
0.0
 11
2380.282208864388
 21
9180.397937781755
 31
0.0
  0
LINE
  5
888
330
1F
100
AcDbEntity
  8
S-PRLN-SECT
 62
     4
100
AcDbLine
 10
2378.359947056321
 20
9177.184545682623
 30
0.0
 11
2269.878336489943
 21
9242.355596545031
 31
0.0
  0
ARC
  5
889
330
1F
100
AcDbEntity
  8
S-SGRD
100
AcDbCircle
 10
2257.890081259699
 20
9019.592724845507
 30
0.0
 40
5.286310056487023
100
AcDbArc
 50
115.6260924460385
 51
244.3739075539614
  0
LINE
  5
88A
330
1F
100
AcDbEntity
  8
S-SGRD
100
AcDbLine
 10
2252.603771205337
 20
9019.592724845507
 30
0.0
 11
2252.603771205337
 21
9014.826399181266
 31
0.0
  0
LINE
  5
88B
330
1F
100
AcDbEntity
  8
S-PRLN-SECT
100
AcDbLine
 10
2284.633297432025
 20
8998.621678748397
 30
0.0
 11
2281.512906791919
 21
9000.698819381296
 31
0.0
  0
LINE
  5
88C
330
1F
100
AcDbEntity
  8
S-PRLN-SECT
100
AcDbLine
 10
2281.468284915478
 20
9000.624520523935
 30
0.0
 11
2284.677919320107
 21
8998.695977605759
 31
0.0
  0
ARC
  5
88D
330
1F
100
AcDbEntity
  8
S-SGRD
100
AcDbCircle
 10
2301.784175150839
 20
8988.417502143649
 30
0.0
 40
51.68908669226886
100
AcDbArc
 50
129.4234969965849
 51
135.9455922580696
  0
LINE
  5
88E
330
1F
100
AcDbEntity
  8
S-SGRD
100
AcDbLine
 10
2297.378193860219
 20
9034.869471652429
 30
0.0
 11
2300.806863064223
 21
9032.809319353193
 31
0.0
  0
LINE
  5
88F
330
1F
100
AcDbEntity
  8
S-SGRD
100
AcDbLine
 10
2307.45197276659
 20
9028.816534622684
 30
0.0
 11
2304.023303562586
 21
9030.876686924832
 31
0.0
  0
LINE
  5
890
330
1F
100
AcDbEntity
  8
S-SGRD
100
AcDbLine
 10
2311.315120459345
 20
9019.592724845507
 30
0.0
 11
2311.315120459345
 21
9014.826399181266
 31
0.0
  0
LINE
  5
891
330
1F
100
AcDbEntity
  8
S-SGRD
100
AcDbLine
 10
2304.773646097907
 20
9024.359050509749
 30
0.0
 11
2308.315120456551
 21
9024.359050509749
 31
0.0
  0
LINE
  5
892
330
1F
100
AcDbEntity
  8
S-SGRD
100
AcDbLine
 10
2308.315120456551
 20
9014.826399181266
 30
0.0
 11
2299.045851319839
 21
9014.826399181266
 31
0.0
  0
ARC
  5
893
330
1F
100
AcDbEntity
  8
S-SGRD
100
AcDbCircle
 10
2306.028810393342
 20
9019.592724845507
 30
0.0
 40
5.286310056487023
100
AcDbArc
 50
295.6260924460385
 51
64.37390755396151
  0
LINE
  5
894
330
1F
100
AcDbEntity
  8
S-SGRD
100
AcDbLine
 10
2268.842494516444
 20
9033.976589361783
 30
0.0
 11
2266.387655323648
 21
9029.891050857488
 31
0.0
  0
LINE
  5
895
330
1F
100
AcDbEntity
  8
S-SGRD
100
AcDbLine
 10
2291.869348933265
 20
9025.701214067749
 30
0.0
 11
2273.868835618065
 21
9036.517013641653
 31
0.0
  0
LINE
  5
896
330
1F
100
AcDbEntity
  8
S-SGRD
100
AcDbLine
 10
2268.95915722083
 20
9028.34593663306
 30
0.0
 11
2275.594449991637
 21
9024.359050509749
 31
0.0
  0
LINE
  5
897
330
1F
100
AcDbEntity
  8
S-SGRD
100
AcDbLine
 10
2266.387655323648
 20
9029.891050857488
 30
0.0
 11
2263.063694169556
 21
9024.359050509749
 31
0.0
  0
ARC
  5
898
330
1F
100
AcDbEntity
  8
S-SGRD
100
AcDbCircle
 10
2273.373746644516
 20
9031.253938406235
 30
0.0
 40
5.286310056487023
100
AcDbArc
 50
84.62609244789215
 51
213.3739075548291
  0
LINE
  5
899
330
1F
100
AcDbEntity
  8
S-SGRD
100
AcDbLine
 10
2311.315120459345
 20
9009.637552549476
 30
0.0
 11
2313.958366395251
 21
9008.049330153381
 31
0.0
  0
LINE
  5
89A
330
1F
100
AcDbEntity
  8
S-SGRD
100
AcDbLine
 10
2255.60377120813
 20
9014.826399181266
 30
0.0
 11
2285.335100924873
 21
9014.826399181266
 31
0.0
  0
LINE
  5
89B
330
1F
100
AcDbEntity
  8
S-SGRD
100
AcDbLine
 10
2291.06289570294
 20
9024.359050509749
 30
0.0
 11
2255.60377120813
 21
9024.359050509749
 31
0.0
  0
LINE
  5
89C
330
1F
100
AcDbEntity
  8
S-PRLN-SECT
 62
     4
100
AcDbLine
 10
2064.640477514636
 20
8916.011576654502
 30
0.0
 11
2078.87070274986
 21
8939.701500462481
 31
0.0
  0
LINE
  5
89D
330
1F
100
AcDbEntity
  8
S-PRLN-SECT
 62
     4
100
AcDbLine
 10
2078.87070274986
 20
8939.701500462481
 30
0.0
 11
2075.660910486055
 21
8941.629580428935
 31
0.0
  0
LINE
  5
89E
330
1F
100
AcDbEntity
  8
S-PRLN-SECT
 62
     4
100
AcDbLine
 10
2075.660910486055
 20
8941.629580428935
 30
0.0
 11
2061.430685250831
 21
8917.939656900355
 31
0.0
  0
LINE
  5
89F
330
1F
100
AcDbEntity
  8
S-PRLN-SECT
 62
     4
100
AcDbLine
 10
2175.823826930296
 20
8840.029217602797
 30
0.0
 11
2067.338888189566
 21
8905.194727817663
 31
0.0
  0
LINE
  5
8A0
330
1F
100
AcDbEntity
  8
S-PRLN-SECT
 62
     4
100
AcDbLine
 10
2065.410746476424
 20
8901.984833294639
 30
0.0
 11
2173.895700863373
 21
8836.81934850488
 31
0.0
  0
ELLIPSE
  5
8A1
330
1F
100
AcDbEntity
  8
S-PRLN-SECT
 62
     4
100
AcDbEllipse
 10
2071.398107560628
 20
8911.952357583269
 30
0.0
 11
11.28114910858269
 21
2.816785841200403
 31
0.0
210
0.0
220
0.0
230
1.0
 40
0.9999951576084274
 41
2.35597933348841
 42
3.92678050238281
  0
ELLIPSE
  5
8A2
330
1F
100
AcDbEntity
  8
S-PRLN-SECT
 62
     4
100
AcDbEllipse
 10
2071.398107560628
 20
8911.952357583269
 30
0.0
 11
-1.907499076668406
 21
7.648861756573989
 31
0.0
210
0.0
220
0.0
230
1.0
 40
0.9999868594461586
 41
0.7854802779303332
 42
2.35626346371939
  0
LINE
  5
8A3
330
1F
100
AcDbEntity
  8
S-TRUS
 62
     8
100
AcDbLine
 10
3943.794940405314
 20
4786.493677141141
 30
0.0
 11
3943.794940405314
 21
4612.045991316143
 31
0.0
  0
LINE
  5
8A4
330
1F
100
AcDbEntity
  8
S-TRUS
 62
     8
100
AcDbLine
 10
3981.718398170335
 20
4800.648289896078
 30
0.0
 11
3943.794940405314
 21
4786.493677141141
 31
0.0
  0
LINE
  5
8A5
330
1F
100
AcDbEntity
  8
S-TRUS
 62
     8
100
AcDbLine
 10
3905.87148264041
 20
4828.957515405895
 30
0.0
 11
3981.718398170335
 21
4800.648289896078
 31
0.0
  0
LINE
  5
8A6
330
1F
100
AcDbEntity
  8
S-TRUS
 62
     8
100
AcDbLine
 10
3943.794940405314
 20
4843.112128160715
 30
0.0
 11
3905.87148264041
 21
4828.957515405895
 31
0.0
  0
LINE
  5
8A7
330
1F
100
AcDbEntity
  8
S-TRUS
 62
     8
100
AcDbLine
 10
3943.794940405314
 20
5012.045991316143
 30
0.0
 11
3943.794940405314
 21
4843.112128160715
 31
0.0
  0
LINE
  5
8A8
330
1F
100
AcDbEntity
  8
S-TRUS
 62
     8
100
AcDbLine
 10
4498.786266787464
 20
4786.493677141141
 30
0.0
 11
4498.786266787464
 21
4612.045991316143
 31
0.0
  0
LINE
  5
8A9
330
1F
100
AcDbEntity
  8
S-TRUS
 62
     8
100
AcDbLine
 10
4460.862809022561
 20
4800.648289896078
 30
0.0
 11
4498.786266787464
 21
4786.493677141141
 31
0.0
  0
LINE
  5
8AA
330
1F
100
AcDbEntity
  8
S-TRUS
 62
     8
100
AcDbLine
 10
4536.709724552485
 20
4828.957515405895
 30
0.0
 11
4460.862809022561
 21
4800.648289896078
 31
0.0
  0
LINE
  5
8AB
330
1F
100
AcDbEntity
  8
S-TRUS
 62
     8
100
AcDbLine
 10
4498.786266787464
 20
4843.112128160715
 30
0.0
 11
4536.709724552485
 21
4828.957515405895
 31
0.0
  0
LINE
  5
8AC
330
1F
100
AcDbEntity
  8
S-TRUS
 62
     8
100
AcDbLine
 10
4498.786266787464
 20
5012.045991316143
 30
0.0
 11
4498.786266787464
 21
4843.112128160715
 31
0.0
  0
LINE
  5
8AD
330
1F
100
AcDbEntity
  8
S-TRUS
 62
     8
100
AcDbLine
 10
4281.392671513626
 20
4892.979488193113
 30
0.0
 11
4161.188535679154
 21
4892.979488193113
 31
0.0
  0
LINE
  5
8AE
330
1F
100
AcDbEntity
  8
S-TRUS
 62
     8
100
AcDbLine
 10
4344.151540052982
 20
4955.589751400632
 30
0.0
 11
4281.392671513626
 21
4892.979488193113
 31
0.0
  0
LINE
  5
8AF
330
1F
100
AcDbEntity
  8
S-TRUS
 62
     8
100
AcDbLine
 10
4344.151540052982
 20
5012.045991316143
 30
0.0
 11
4344.151540052982
 21
4955.589751400632
 31
0.0
  0
LINE
  5
8B0
330
1F
100
AcDbEntity
  8
S-TRUS
 62
     8
100
AcDbLine
 10
4098.429667139913
 20
4955.589751400632
 30
0.0
 11
4161.188535679154
 21
4892.979488193113
 31
0.0
  0
LINE
  5
8B1
330
1F
100
AcDbEntity
  8
S-TRUS
 62
     8
100
AcDbLine
 10
4098.429667139913
 20
5012.045991316143
 30
0.0
 11
4098.429667139913
 21
4955.589751400632
 31
0.0
  0
LINE
  5
8B2
330
1F
100
AcDbEntity
  8
S-TRUS
 62
     8
100
AcDbLine
 10
4259.368270620958
 20
4721.557825367603
 30
0.0
 11
4287.200221157305
 21
4628.045991316143
 31
0.0
  0
LINE
  5
8B3
330
1F
100
AcDbEntity
  8
S-TRUS
 62
     8
100
AcDbLine
 10
4189.695131436944
 20
4972.527139913927
 30
0.0
 11
4181.840874686044
 21
4980.364255788732
 31
0.0
  0
LINE
  5
8B4
330
1F
100
AcDbEntity
  8
S-TRUS
 62
     8
100
AcDbLine
 10
3943.794940404965
 20
4726.089130535544
 30
0.0
 11
4189.695131436944
 21
4972.527139913927
 31
0.0
  0
LINE
  5
8B5
330
1F
100
AcDbEntity
  8
S-TRUS
 62
     8
100
AcDbLine
 10
4181.840874686044
 20
4980.364255788732
 30
0.0
 11
3943.794940404965
 21
4741.797681526801
 31
0.0
  0
LINE
  5
8B6
330
1F
100
AcDbEntity
  8
S-TRUS
 62
     8
100
AcDbLine
 10
4221.290603596389
 20
5012.045991316085
 30
0.0
 11
3943.794940404965
 21
4733.943406031172
 31
0.0
  0
LINE
  5
8B7
330
1F
100
AcDbEntity
  8
DEFPOINTS
 62
     8
100
AcDbLine
 10
4026.193038796213
 20
4612.045991316143
 30
0.0
 11
4398.249963055735
 21
4612.045991316143
 31
0.0
  0
LINE
  5
8B8
330
1F
100
AcDbEntity
  8
S-TRUS
 62
     8
100
AcDbLine
 10
4252.886075755951
 20
4972.527139913869
 30
0.0
 11
4260.740332506851
 21
4980.364255788675
 31
0.0
  0
LINE
  5
8B9
330
1F
100
AcDbEntity
  8
S-TRUS
 62
     8
100
AcDbLine
 10
4498.786266787464
 20
4726.089130535194
 30
0.0
 11
4252.886075755951
 21
4972.527139913869
 31
0.0
  0
LINE
  5
8BA
330
1F
100
AcDbEntity
  8
S-TRUS
 62
     8
100
AcDbLine
 10
4260.740332506851
 20
4980.364255788675
 30
0.0
 11
4498.786266787464
 21
4741.797681526452
 31
0.0
  0
LINE
  5
8BB
330
1F
100
AcDbEntity
  8
S-TRUS
 62
     8
100
AcDbLine
 10
4221.290603596389
 20
5012.045991316085
 30
0.0
 11
4498.786266787464
 21
4733.943406030823
 31
0.0
  0
LINE
  5
8BC
330
1F
100
AcDbEntity
  8
S-TRUS
 62
     8
100
AcDbLine
 10
3943.794940405314
 20
5012.045991316143
 30
0.0
 11
4498.786266787464
 21
5012.045991316143
 31
0.0
  0
LINE
  5
8BD
330
1F
100
AcDbEntity
  8
S-TRUS
 62
     8
100
AcDbLine
 10
3943.794940405314
 20
4996.045991316143
 30
0.0
 11
4498.786266787464
 21
4996.045991316143
 31
0.0
  0
LINE
  5
8BE
330
1F
100
AcDbEntity
  8
S-TRUS
 62
     8
100
AcDbLine
 10
4183.212936571937
 20
4721.557825367603
 30
0.0
 11
4259.368270620958
 21
4721.557825367603
 31
0.0
  0
LINE
  5
8BF
330
1F
100
AcDbEntity
  8
S-TRUS
 62
     8
100
AcDbLine
 10
3943.794940405314
 20
4612.045991316143
 30
0.0
 11
4498.786266787464
 21
4612.045991316143
 31
0.0
  0
LINE
  5
8C0
330
1F
100
AcDbEntity
  8
S-TRUS
 62
     8
100
AcDbLine
 10
4183.212936571937
 20
4721.557825367603
 30
0.0
 11
4155.380986035591
 21
4628.045991316143
 31
0.0
  0
LINE
  5
8C1
330
1F
100
AcDbEntity
  8
S-TRUS
 62
     8
100
AcDbLine
 10
3943.794940405314
 20
4628.045991316143
 30
0.0
 11
4498.786266787464
 21
4628.045991316143
 31
0.0
  0
LWPOLYLINE
  5
8C2
330
1F
100
AcDbEntity
  8
S-TRUS
 62
     8
100
AcDbPolyline
 90
        4
 70
     1
 43
0.0
 10
4215.74286229154
 20
4954.549569156075
 10
4226.838344901356
 20
4954.549569156075
 10
4226.838344901356
 20
4667.658976173664
 10
4215.74286229154
 20
4667.658976173664
  0
LINE
  5
8C3
330
1F
100
AcDbEntity
  8
S-TRUS
 62
     8
100
AcDbLine
 10
4221.290603596389
 20
5012.045991316143
 30
0.0
 11
4221.290603596389
 21
4628.045991316143
 31
0.0
  0
LINE
  5
8C4
330
1F
100
AcDbEntity
  8
S-TRUS
 62
     3
100
AcDbLine
 10
966.6933313721528
 20
5247.887227224499
 30
0.0
 11
745.1021246127056
 21
5247.887227224499
 31
0.0
  0
LINE
  5
8C5
330
1F
100
AcDbEntity
  8
S-TRUS
 62
     3
100
AcDbLine
 10
1040.489168476357
 20
5355.208174637891
 30
0.0
 11
966.6933313721528
 21
5247.887227224499
 31
0.0
  0
LINE
  5
8C6
330
1F
100
AcDbEntity
  8
S-TRUS
 62
     3
100
AcDbLine
 10
1047.367023646642
 20
5391.607640346301
 30
0.0
 11
1040.489168476357
 21
5355.208174637891
 31
0.0
  0
LINE
  5
8C7
330
1F
100
AcDbEntity
  8
S-TRUS
 62
     3
100
AcDbLine
 10
1047.367023646642
 20
5460.279804707818
 30
0.0
 11
1047.367023646642
 21
5391.607640346301
 31
0.0
  0
LINE
  5
8C8
330
1F
100
AcDbEntity
  8
S-TRUS
 62
     3
100
AcDbLine
 10
1326.824845160285
 20
5294.588180384621
 30
0.0
 11
989.1222842365241
 21
5379.178822665264
 31
0.0
  0
LINE
  5
8C9
330
1F
100
AcDbEntity
  8
S-TRUS
 62
     3
100
AcDbLine
 10
991.8182832216116
 20
5389.941783401788
 30
0.0
 11
1318.734343298056
 21
5308.053036635763
 31
0.0
  0
LINE
  5
8CA
330
1F
100
AcDbEntity
  8
S-TRUS
 62
     3
100
AcDbLine
 10
989.1222842365241
 20
5379.178822665264
 30
0.0
 11
991.8182832216116
 21
5389.941783401788
 31
0.0
  0
LINE
  5
8CB
330
1F
100
AcDbEntity
  8
S-BOLT
 62
     1
100
AcDbLine
 10
941.6859655022125
 20
5396.780218691645
 30
0.0
 11
1322.779594229112
 21
5301.320608510192
 31
0.0
  0
LINE
  5
8CC
330
1F
100
AcDbEntity
  8
S-TRUS
 62
     3
100
AcDbLine
 10
903.6082984777603
 20
5096.711228590888
 30
0.0
 11
841.7029685016458
 21
4888.717148690972
 31
0.0
  0
LINE
  5
8CD
330
1F
100
AcDbEntity
  8
S-TRUS
 62
     3
100
AcDbLine
 10
973.8834870410356
 20
5096.711228590888
 30
0.0
 11
973.8834870410356
 21
4968.139216883945
 31
0.0
  0
LINE
  5
8CE
330
1F
100
AcDbEntity
  8
S-TRUS
 62
     3
100
AcDbLine
 10
903.6082984777603
 20
5096.711228590888
 30
0.0
 11
973.8834870410356
 21
5096.711228590888
 31
0.0
  0
LWPOLYLINE
  5
8CF
330
1F
100
AcDbEntity
  8
S-TRUS
 62
     3
100
AcDbPolyline
 90
        4
 70
     1
 43
0.0
 10
936.1382241973624
 20
5329.702972379361
 10
947.2337068071793
 20
5329.702972379361
 10
947.2337068071793
 20
4988.405979018505
 10
936.1382241973624
 20
4988.405979018505
  0
LINE
  5
8D0
330
1F
100
AcDbEntity
  8
S-BOLT
 62
     1
100
AcDbLine
 10
941.6859655022125
 20
5396.780218691645
 30
0.0
 11
941.6859655022125
 21
4948.792994160983
 31
0.0
  0
DIMENSION
  5
8D1
330
1F
100
AcDbEntity
  8
S-ANNO-DIMS
100
AcDbDimension
280
     0
  2
*D33
 10
567.3422866775062
 20
5276.848849852051
 30
0.0
 11
541.590382931864
 21
5319.707214887074
 31
0.0
 70
   160
  1
30
 71
     5
 42
100.0000000000045
 73
     0
 74
     0
 75
     0
  3
DIM20
100
AcDbAlignedDimension
 13
806.1133700382633
 23
5536.980330528888
 33
0.0
 14
857.6171775294206
 24
5451.263600458762
 34
0.0
 50
301.0000000001846
100
AcDbRotatedDimension
  0
LINE
  5
8D2
330
1F
100
AcDbEntity
  8
S-BOLT
 62
     8
100
AcDbLine
 10
936.5682614911785
 20
5512.701798407499
 30
0.0
 11
946.9578463198121
 21
5490.945289245886
 31
0.0
  0
LINE
  5
8D3
330
1F
100
AcDbEntity
  8
S-BOLT
 62
     8
100
AcDbLine
 10
932.8304543507256
 20
5510.455897295229
 30
0.0
 11
943.2200391793594
 21
5488.699388133617
 31
0.0
  0
LINE
  5
8D4
330
1F
100
AcDbEntity
  8
S-BOLT
 62
     1
100
AcDbLine
 10
937.1534507007309
 20
5513.053415558264
 30
0.0
 11
949.5143644985946
 21
5492.481400341399
 31
0.0
  0
LINE
  5
8D5
330
1F
100
AcDbEntity
  8
S-BOLT
 62
     1
100
AcDbLine
 10
918.2957700852275
 20
5501.722577910252
 30
0.0
 11
937.1534507007309
 21
5513.053415558264
 31
0.0
  0
LINE
  5
8D6
330
1F
100
AcDbEntity
  8
S-BOLT
 62
     1
100
AcDbLine
 10
930.6566838830914
 20
5481.150562693271
 30
0.0
 11
949.5143644984782
 21
5492.481400341457
 31
0.0
  0
LINE
  5
8D7
330
1F
100
AcDbEntity
  8
S-BOLT
 62
     8
100
AcDbLine
 10
921.4799179275724
 20
5503.635806953731
 30
0.0
 11
931.8695027562062
 21
5481.879297792119
 31
0.0
  0
LINE
  5
8D8
330
1F
100
AcDbEntity
  8
S-BOLT
 62
     8
100
AcDbLine
 10
925.3548400699365
 20
5505.964095070863
 30
0.0
 11
935.7444248984538
 21
5484.207585909135
 31
0.0
  0
LINE
  5
8D9
330
1F
100
AcDbEntity
  8
S-BOLT
 62
     8
100
AcDbLine
 10
929.0926472102729
 20
5508.209996183017
 30
0.0
 11
939.4822320389065
 21
5486.453487021405
 31
0.0
  0
LINE
  5
8DA
330
1F
100
AcDbEntity
  8
S-BOLT
 62
     8
100
AcDbLine
 10
885.0644540001376
 20
5598.418528477683
 30
0.0
 11
895.4540388287714
 21
5576.662019316071
 31
0.0
  0
LINE
  5
8DB
330
1F
100
AcDbEntity
  8
S-BOLT
 62
     8
100
AcDbLine
 10
881.3266468596848
 20
5596.172627365413
 30
0.0
 11
891.7162316883187
 21
5574.4161182038
 31
0.0
  0
LINE
  5
8DC
330
1F
100
AcDbEntity
  8
S-BOLT
 62
     1
100
AcDbLine
 10
885.6496432096902
 20
5598.770145628448
 30
0.0
 11
898.0105570075538
 21
5578.198130411584
 31
0.0
  0
MTEXT
  5
8DD
330
1F
100
AcDbEntity
  8
S-ANNO-TEXT
100
AcDbMText
 10
4759.797161461515
 20
5635.895003727721
 30
0.0
 40
50.0
 41
0.0
 46
0.0
 71
     4
 72
     1
  1
\P(4-10mm%%Cx40mm\PLONG BOLTS W/ STD\PNUTS & WASHERS)
  7
2T-10
 73
     1
 44
1.0
  0
INSERT
  5
8DE
330
1F
100
AcDbEntity
  8
0
100
AcDbBlockReference
  2
S-BOLT
 10
4301.29060359639
 20
5108.045991316027
 30
0.0
 41
15.0
 42
15.0
 43
15.0
  0
INSERT
  5
8DF
330
1F
100
AcDbEntity
  8
0
100
AcDbBlockReference
  2
S-BOLT
 10
4141.29060359639
 20
5108.045991316027
 30
0.0
 41
15.0
 42
15.0
 43
15.0
  0
INSERT
  5
8E0
330
1F
100
AcDbEntity
  8
0
100
AcDbBlockReference
  2
S-BOLT
 10
4301.29060359639
 20
5208.045991316026
 30
0.0
 41
15.0
 42
15.0
 43
15.0
  0
INSERT
  5
8E1
330
1F
100
AcDbEntity
  8
0
100
AcDbBlockReference
  2
S-BOLT
 10
4141.29060359639
 20
5208.045991316026
 30
0.0
 41
15.0
 42
15.0
 43
15.0
  0
LINE
  5
8E2
330
1F
100
AcDbEntity
  8
S-PRLN-SECT
 62
     3
100
AcDbLine
 10
4227.290603596389
 20
5418.045991316027
 30
0.0
 11
4976.298725267778
 21
5418.045991316027
 31
0.0
  0
LINE
  5
8E3
330
1F
100
AcDbEntity
  8
S-PRLN-SECT
  6
HIDDEN
 62
     2
100
AcDbLine
 10
4227.290603596389
 20
5408.045991316027
 30
0.0
 11
4976.298725267778
 21
5408.045991316027
 31
0.0
  0
LINE
  5
8E4
330
1F
100
AcDbEntity
  8
S-PLTE
100
AcDbLine
 10
4371.290603596389
 20
5028.045991316027
 30
0.0
 11
4371.290603596389
 21
5268.045991316027
 31
0.0
  0
LINE
  5
8E5
330
1F
100
AcDbEntity
  8
S-PLTE
100
AcDbLine
 10
4071.29060359639
 20
5028.045991316027
 30
0.0
 11
4071.29060359639
 21
5268.045991316027
 31
0.0
  0
LINE
  5
8E6
330
1F
100
AcDbEntity
  8
S-PLTE
100
AcDbLine
 10
4071.29060359639
 20
5268.045991316027
 30
0.0
 11
4371.290603596389
 21
5268.045991316027
 31
0.0
  0
LINE
  5
8E7
330
1F
100
AcDbEntity
  8
S-PRLN-SECT
 62
     3
100
AcDbLine
 10
4227.290603596389
 20
5028.045991316027
 30
0.0
 11
4227.290603596389
 21
5322.045991316027
 31
0.0
  0
LINE
  5
8E8
330
1F
100
AcDbEntity
  8
S-PRLN-SECT
 62
     3
100
AcDbLine
 10
4215.290603596389
 20
5028.045991316027
 30
0.0
 11
4215.290603596389
 21
5322.045991316027
 31
0.0
  0
LWPOLYLINE
  5
8E9
102
{ACAD_REACTORS
330
8EF
102
}
330
1F
100
AcDbEntity
  8
S-PLTE
 62
     4
100
AcDbPolyline
 90
        4
 70
     1
 43
0.0
 10
4071.29060359639
 20
5028.045991316027
 10
4371.290603596389
 20
5028.045991316027
 10
4371.290603596389
 20
5018.045991316027
 10
4071.29060359639
 20
5018.045991316027
  0
INSERT
  5
8EA
330
1F
100
AcDbEntity
  8
0
100
AcDbBlockReference
  2
S-STLCUT
 10
3466.282481925119
 20
5018.045991316027
 30
0.0
 41
304.0
 42
304.0
 43
304.0
  0
LINE
  5
8EB
330
1F
100
AcDbEntity
  8
S-PRLN-SECT
  6
HIDDEN
 62
     2
100
AcDbLine
 10
3466.282481925119
 20
5028.045991316027
 30
0.0
 11
4976.298725267778
 21
5028.045991316027
 31
0.0
  0
LINE
  5
8EC
330
1F
100
AcDbEntity
  8
S-PRLN-SECT
  6
HIDDEN
 62
     2
100
AcDbLine
 10
3466.282481925119
 20
5408.045991316027
 30
0.0
 11
4215.290603596389
 21
5408.045991316027
 31
0.0
  0
LINE
  5
8ED
330
1F
100
AcDbEntity
  8
S-PRLN-SECT
 62
     3
100
AcDbLine
 10
3466.282481925119
 20
5018.045991316027
 30
0.0
 11
4976.298725267778
 21
5018.045991316027
 31
0.0
  0
LINE
  5
8EE
330
1F
100
AcDbEntity
  8
S-PRLN-SECT
 62
     3
100
AcDbLine
 10
3466.282481925119
 20
5418.045991316027
 30
0.0
 11
4215.290603596389
 21
5418.045991316027
 31
0.0
  0
HATCH
  5
8EF
330
1F
100
AcDbEntity
  8
S-PRLN-PATT
100
AcDbHatch
 10
0.0
 20
0.0
 30
0.0
210
0.0
220
0.0
230
1.0
  2
ANSI32
 70
     0
 71
     1
 91
        1
 92
        1
 93
        4
 72
     1
 10
4071.29060359639
 20
5028.045991316027
 11
4371.290603596389
 21
5028.045991316027
 72
     1
 10
4371.290603596389
 20
5028.045991316027
 11
4371.290603596389
 21
5018.045991316027
 72
     1
 10
4371.290603596389
 20
5018.045991316027
 11
4071.29060359639
 21
5018.045991316027
 72
     1
 10
4071.29060359639
 20
5018.045991316027
 11
4071.29060359639
 21
5028.045991316027
 97
        1
330
8E9
 75
     0
 76
     1
 52
90.0
 41
80.0
 77
     0
 78
     2
 53
135.0
 43
1853.825340130039
 44
3189.86646225923
 45
-21.21320343559643
 46
-21.21320343559642
 79
     0
 53
135.0
 43
1853.825340130039
 44
3204.008597859207
 45
-21.21320343559643
 46
-21.21320343559642
 79
     0
 98
        1
 10
1853.825340130039
 20
3189.86646225923
  0
DIMENSION
  5
8F0
330
1F
100
AcDbEntity
  8
S-ANNO-DIMS
100
AcDbDimension
280
     0
  2
*D34
 10
5561.962696999337
 20
5018.045991316029
 30
0.0
 11
5516.962696999337
 21
5143.045991316027
 31
0.0
 70
    32
  1
125
 71
     5
 42
250.0
 73
     0
 74
     0
 75
     0
  3
DIM20
100
AcDbAlignedDimension
 13
4371.290603596389
 23
5268.045991316027
 33
0.0
 14
4976.298725267778
 24
5018.045991316027
 34
0.0
 50
90.0
100
AcDbRotatedDimension
  0
DIMENSION
  5
8F1
330
1F
100
AcDbEntity
  8
S-ANNO-DIMS
100
AcDbDimension
280
     0
  2
*D35
 10
4227.290603596389
 20
5463.140200946185
 30
0.0
 11
3929.219175024911
 21
5463.140200946185
 31
0.0
 70
   160
  1
3mm GAP
 71
     5
 42
12.0
 73
     0
 74
     0
 75
     0
  3
DIM20
100
AcDbAlignedDimension
 13
4215.290603596389
 23
5322.045991316027
 33
0.0
 14
4227.290603596389
 24
5322.045991316027
 34
0.0
100
AcDbRotatedDimension
  0
DIMENSION
  5
8F2
102
{ACAD_XDICTIONARY
360
8F3
102
}
330
1F
100
AcDbEntity
  8
S-ANNO-DIMS
100
AcDbDimension
280
     0
  2
*D38
 10
4371.290603596389
 20
5623.140200946214
 30
0.0
 11
4336.290603596389
 21
5623.140200946214
 31
0.0
 70
   160
  1
35
 71
     5
 42
70.0
 73
     0
 74
     0
 75
     0
  3
DIM20
100
AcDbAlignedDimension
 13
4301.29060359639
 23
5244.045991316027
 33
0.0
 14
4371.290603596389
 24
5268.045991316027
 34
0.0
100
AcDbRotatedDimension
  0
DIMENSION
  5
8F4
102
{ACAD_XDICTIONARY
360
8F5
102
}
330
1F
100
AcDbEntity
  8
S-ANNO-DIMS
100
AcDbDimension
280
     0
  2
*D39
 10
4371.290603596389
 20
5783.140200946185
 30
0.0
 11
4221.290603596389
 21
5828.140200946186
 31
0.0
 70
    32
  1
150
 71
     5
 42
300.0
 73
     0
 74
     0
 75
     0
  3
DIM20
100
AcDbAlignedDimension
 13
4071.29060359639
 23
5268.045991316027
 33
0.0
 14
4371.290603596389
 24
5268.045991316027
 34
0.0
100
AcDbRotatedDimension
  0
DIMENSION
  5
8F6
102
{ACAD_XDICTIONARY
360
8F7
102
}
330
1F
100
AcDbEntity
  8
S-ANNO-DIMS
100
AcDbDimension
280
     0
  2
*D40
 10
4141.29060359639
 20
5623.140200946156
 30
0.0
 11
4106.29060359639
 21
5623.140200946156
 31
0.0
 70
   160
  1
35
 71
     5
 42
70.0
 73
     0
 74
     0
 75
     0
  3
DIM20
100
AcDbAlignedDimension
 13
4071.29060359639
 23
5268.045991316027
 33
0.0
 14
4141.29060359639
 24
5244.045991316027
 34
0.0
100
AcDbRotatedDimension
  0
DIMENSION
  5
8F8
102
{ACAD_XDICTIONARY
360
8F9
102
}
330
1F
100
AcDbEntity
  8
S-ANNO-DIMS
100
AcDbDimension
280
     0
  2
*D41
 10
3298.229334141149
 20
5268.045991316029
 30
0.0
 11
3298.22933414115
 21
5238.045991316027
 31
0.0
 70
   160
  1
30
 71
     5
 42
60.0
 73
     0
 74
     0
 75
     0
  3
DIM20
100
AcDbAlignedDimension
 13
4105.290603596389
 23
5208.045991316026
 33
0.0
 14
4071.29060359639
 24
5268.045991316027
 34
0.0
 50
90.0
100
AcDbRotatedDimension
  0
DIMENSION
  5
8FA
102
{ACAD_XDICTIONARY
360
8FB
102
}
330
1F
100
AcDbEntity
  8
S-ANNO-DIMS
100
AcDbDimension
280
     0
  2
*D42
 10
3183.110241360984
 20
5208.045991316028
 30
0.0
 11
3183.110241360985
 21
5158.045991316027
 31
0.0
 70
   160
  1
50
 71
     5
 42
100.0
 73
     0
 74
     0
 75
     0
  3
DIM20
100
AcDbAlignedDimension
 13
4105.290603596389
 23
5108.045991316027
 33
0.0
 14
4105.290603596389
 24
5208.045991316026
 34
0.0
 50
90.0
100
AcDbRotatedDimension
  0
DIMENSION
  5
8FC
102
{ACAD_XDICTIONARY
360
8FD
102
}
330
1F
100
AcDbEntity
  8
S-ANNO-DIMS
100
AcDbDimension
280
     0
  2
*D43
 10
3298.229334141149
 20
5108.045991316028
 30
0.0
 11
3298.22933414115
 21
5063.045991316027
 31
0.0
 70
   160
  1
45
 71
     5
 42
90.0
 73
     0
 74
     0
 75
     0
  3
DIM20
100
AcDbAlignedDimension
 13
3466.282481925119
 23
5018.045991316027
 33
0.0
 14
4105.290603596389
 24
5108.045991316027
 34
0.0
 50
90.0
100
AcDbRotatedDimension
  0
MTEXT
  5
8FE
330
1F
100
AcDbEntity
  8
S-ANNO-TEXT
100
AcDbMText
 10
1582.055540071495
 20
5975.000906330672
 30
0.0
 40
50.0
 41
0.0
 46
0.0
 71
     4
 72
     1
  1
\P(4.5mmTHK STIFFENER\PPLATE (TYP))
  7
2T-10
 73
     1
 44
1.0
  0
DIMENSION
  5
8FF
102
{ACAD_XDICTIONARY
360
900
102
}
330
1F
100
AcDbEntity
  8
S-ANNO-DIMS
100
AcDbDimension
280
     0
  2
*D44
 10
1228.365668890952
 20
4919.665070315164
 30
0.0
 11
1119.472225449507
 21
4906.733791357779
 31
0.0
 70
    32
 71
     5
 42
200.0000000000891
 73
     0
 74
     0
 75
     0
  3
DIM20
100
AcDbAlignedDimension
 13
770.2525053617282
 23
5293.772603709622
 33
0.0
 14
941.6859655022125
 24
5396.780218691703
 34
0.0
 50
30.99999999892234
100
AcDbRotatedDimension
  0
LINE
  5
901
330
1F
100
AcDbEntity
  8
S-TRUS
 62
     3
100
AcDbLine
 10
745.1021246127056
 20
5278.660730363939
 30
0.0
 11
745.1021246127056
 21
4812.007371477804
 31
0.0
  0
INSERT
  5
902
330
1F
100
AcDbEntity
  8
0
100
AcDbBlockReference
  2
S-STLCUT
 10
1385.56140404036
 20
5196.834130576659
 30
0.0
 41
400.0000000000043
 42
400.0000000000043
 43
400.0000000000043
 50
30.99999999999896
  0
LINE
  5
903
330
1F
100
AcDbEntity
  8
S-TRUS
 62
     2
100
AcDbLine
 10
745.1021246127056
 20
5259.994596008525
 30
0.0
 11
1187.786783274889
 21
5525.986374046268
 31
0.0
  0
LINE
  5
904
330
1F
100
AcDbEntity
  8
S-TRUS
 62
     2
100
AcDbLine
 10
745.1021246127056
 20
4830.673505833278
 30
0.0
 11
1377.320794841784
 21
5210.548807387902
 31
0.0
  0
LWPOLYLINE
  5
905
102
{ACAD_REACTORS
330
938
102
}
330
1F
100
AcDbEntity
  8
S-PRLN-SECT
100
AcDbPolyline
 90
       12
 70
     1
 43
0.0
 10
1015.383173305934
 20
5471.394436920782
 10
1028.774163253532
 20
5449.108087102497
 10
941.6859655022125
 20
5396.780218691645
 10
785.1143907295045
 20
5657.359078105095
 10
872.202588480941
 20
5709.686946515947
 10
885.5935784285392
 20
5687.40059669772
 10
877.0219054215559
 20
5682.250215948581
 10
868.78129622298
 20
5695.964892759825
 10
798.8364444856269
 20
5653.937785847193
 10
945.1072577601735
 20
5410.502272447768
 10
1015.05210949741
 20
5452.529379360458
 10
1006.811500298834
 20
5466.244056171642
  0
LINE
  5
906
330
1F
100
AcDbEntity
  8
S-BOLT
 62
     1
100
AcDbLine
 10
866.7919625941868
 20
5587.439307980435
 30
0.0
 11
885.6496432096902
 21
5598.770145628448
 31
0.0
  0
LINE
  5
907
330
1F
100
AcDbEntity
  8
S-BOLT
 62
     1
100
AcDbLine
 10
879.1528763920505
 20
5566.867292763454
 30
0.0
 11
898.0105570074375
 21
5578.198130411641
 31
0.0
  0
LINE
  5
908
330
1F
100
AcDbEntity
  8
S-BOLT
 62
     8
100
AcDbLine
 10
869.9761104365316
 20
5589.352537023915
 30
0.0
 11
880.3656952651653
 21
5567.596027862302
 31
0.0
  0
LINE
  5
909
330
1F
100
AcDbEntity
  8
S-BOLT
 62
     8
100
AcDbLine
 10
873.8510325788956
 20
5591.680825141048
 30
0.0
 11
884.2406174074131
 21
5569.924315979318
 31
0.0
  0
LINE
  5
90A
330
1F
100
AcDbEntity
  8
S-BOLT
 62
     8
100
AcDbLine
 10
877.588839719232
 20
5593.926726253201
 30
0.0
 11
887.9784245478658
 21
5572.170217091588
 31
0.0
  0
LINE
  5
90B
330
1F
100
AcDbEntity
  8
S-BOLT
 62
     1
100
AcDbLine
 10
864.0523646652436
 20
5591.99876460342
 30
0.0
 11
846.9090186511603
 21
5581.698003105201
 31
0.0
  0
LINE
  5
90C
330
1F
100
AcDbEntity
  8
S-BOLT
 62
     1
100
AcDbLine
 10
881.8924743209937
 20
5562.307836140469
 30
0.0
 11
864.7491283070266
 21
5552.007074642191
 31
0.0
  0
LINE
  5
90D
330
1F
100
AcDbEntity
  8
S-BOLT
 62
     1
100
AcDbLine
 10
841.9993402620749
 20
5589.86908011321
 30
0.0
 11
859.1426862761581
 21
5600.169841611372
 31
0.0
  0
LINE
  5
90E
330
1F
100
AcDbEntity
  8
S-BOLT
 62
     1
100
AcDbLine
 10
869.6588066961121
 20
5543.835997634239
 30
0.0
 11
886.8021527101955
 21
5554.13675913246
 31
0.0
  0
LINE
  5
90F
330
1F
100
AcDbEntity
  8
S-BOLT
 62
     1
100
AcDbLine
 10
859.1426862761581
 20
5600.169841611372
 30
0.0
 11
886.8021527101955
 21
5554.13675913246
 31
0.0
  0
LINE
  5
910
330
1F
100
AcDbEntity
  8
S-BOLT
 62
     1
100
AcDbLine
 10
873.1074993242947
 20
5538.096409252284
 30
0.0
 11
869.6788301213382
 21
5536.036256952873
 31
0.0
  0
LINE
  5
911
330
1F
100
AcDbEntity
  8
S-BOLT
 62
     1
100
AcDbLine
 10
835.1219784311687
 20
5593.548516195347
 30
0.0
 11
869.6788301213382
 21
5536.036256952873
 31
0.0
  0
LINE
  5
912
330
1F
100
AcDbEntity
  8
S-BOLT
 62
     1
100
AcDbLine
 10
838.5506476338923
 20
5595.608668495108
 30
0.0
 11
835.1219784311687
 21
5593.548516195347
 31
0.0
  0
LINE
  5
913
330
1F
100
AcDbEntity
  8
S-BOLT
 62
     1
100
AcDbLine
 10
838.5506476338923
 20
5595.608668495108
 30
0.0
 11
873.1074993242947
 21
5538.096409252284
 31
0.0
  0
LINE
  5
914
330
1F
100
AcDbEntity
  8
S-BOLT
 62
     1
100
AcDbLine
 10
814.3366612244134
 20
5562.126556258554
 30
0.0
 11
831.4800072384969
 21
5572.427317756832
 31
0.0
  0
LINE
  5
915
330
1F
100
AcDbEntity
  8
S-BOLT
 62
     1
100
AcDbLine
 10
832.1767708802799
 20
5532.435627795661
 30
0.0
 11
849.3201168942469
 21
5542.736389293764
 31
0.0
  0
LINE
  5
916
330
1F
100
AcDbEntity
  8
S-BOLT
 62
     1
100
AcDbLine
 10
826.5703288494114
 20
5580.598394764784
 30
0.0
 11
809.4269828353281
 21
5570.297633266505
 31
0.0
  0
LINE
  5
917
330
1F
100
AcDbEntity
  8
S-BOLT
 62
     1
100
AcDbLine
 10
854.2297952834488
 20
5534.565312285813
 30
0.0
 11
837.0864492693653
 21
5524.264550787652
 31
0.0
  0
LINE
  5
918
330
1F
100
AcDbEntity
  8
S-BOLT
 62
     1
100
AcDbLine
 10
809.4269828353281
 20
5570.297633266505
 30
0.0
 11
837.0864492693653
 21
5524.264550787652
 31
0.0
  0
LINE
  5
919
330
1F
100
AcDbEntity
  8
S-BOLT
 62
     1
100
AcDbLine
 10
857.6784879116312
 20
5528.825723903916
 30
0.0
 11
861.1071571142383
 21
5530.885876203734
 31
0.0
  0
LINE
  5
91A
330
1F
100
AcDbEntity
  8
S-BOLT
 62
     1
100
AcDbLine
 10
826.5503054240689
 20
5588.398135446208
 30
0.0
 11
861.1071571142383
 21
5530.885876203734
 31
0.0
  0
LINE
  5
91B
330
1F
100
AcDbEntity
  8
S-BOLT
 62
     1
100
AcDbLine
 10
823.121636221229
 20
5586.337983146739
 30
0.0
 11
826.5503054240689
 21
5588.398135446208
 31
0.0
  0
LINE
  5
91C
330
1F
100
AcDbEntity
  8
S-BOLT
 62
     1
100
AcDbLine
 10
823.121636221229
 20
5586.337983146739
 30
0.0
 11
857.6784879116312
 21
5528.825723903916
 31
0.0
  0
LINE
  5
91D
330
1F
100
AcDbEntity
  8
S-BOLT
  6
HIDDEN
 62
     1
 48
0.01
100
AcDbLine
 10
837.6482743702799
 20
5569.928013433258
 30
0.0
 11
846.2199473773798
 21
5575.078394182398
 31
0.0
  0
LINE
  5
91E
330
1F
100
AcDbEntity
  8
S-BOLT
  6
HIDDEN
 62
     1
 48
0.01
100
AcDbLine
 10
850.0091881681438
 20
5549.355998216509
 30
0.0
 11
858.5808611752437
 21
5554.506378965649
 31
0.0
  0
LINE
  5
91F
330
1F
100
AcDbEntity
  8
S-BOLT
 62
     1
100
AcDbLine
 10
915.5561721562845
 20
5506.282034533237
 30
0.0
 11
898.4128261422011
 21
5495.981273035074
 31
0.0
  0
LINE
  5
920
330
1F
100
AcDbEntity
  8
S-BOLT
 62
     1
100
AcDbLine
 10
933.3962818120344
 20
5476.591106070285
 30
0.0
 11
916.2529357980675
 21
5466.290344572008
 31
0.0
  0
LINE
  5
921
330
1F
100
AcDbEntity
  8
S-BOLT
 62
     1
100
AcDbLine
 10
893.5031477531156
 20
5504.152350043026
 30
0.0
 11
910.646493767199
 21
5514.453111541189
 31
0.0
  0
LINE
  5
922
330
1F
100
AcDbEntity
  8
S-BOLT
 62
     1
100
AcDbLine
 10
921.162614187153
 20
5458.119267564056
 30
0.0
 11
938.3059602012362
 21
5468.420029062276
 31
0.0
  0
LINE
  5
923
330
1F
100
AcDbEntity
  8
S-BOLT
 62
     1
100
AcDbLine
 10
910.646493767199
 20
5514.453111541189
 30
0.0
 11
938.3059602012362
 21
5468.420029062276
 31
0.0
  0
LINE
  5
924
330
1F
100
AcDbEntity
  8
S-BOLT
 62
     1
100
AcDbLine
 10
924.6113068153354
 20
5452.379679182159
 30
0.0
 11
921.182637612379
 21
5450.319526882689
 31
0.0
  0
LINE
  5
925
330
1F
100
AcDbEntity
  8
S-BOLT
 62
     1
100
AcDbLine
 10
886.6257859222097
 20
5507.831786125163
 30
0.0
 11
921.182637612379
 21
5450.319526882689
 31
0.0
  0
LINE
  5
926
330
1F
100
AcDbEntity
  8
S-BOLT
 62
     1
100
AcDbLine
 10
890.0544551249332
 20
5509.891938424982
 30
0.0
 11
886.6257859222097
 21
5507.831786125163
 31
0.0
  0
LINE
  5
927
330
1F
100
AcDbEntity
  8
S-BOLT
 62
     1
100
AcDbLine
 10
890.0544551249332
 20
5509.891938424982
 30
0.0
 11
924.6113068153354
 21
5452.379679182159
 31
0.0
  0
LINE
  5
928
330
1F
100
AcDbEntity
  8
S-BOLT
 62
     1
100
AcDbLine
 10
865.8404687154543
 20
5476.40982618837
 30
0.0
 11
882.9838147295376
 21
5486.710587686648
 31
0.0
  0
LINE
  5
929
330
1F
100
AcDbEntity
  8
S-BOLT
 62
     1
100
AcDbLine
 10
883.6805783713208
 20
5446.718897725477
 30
0.0
 11
900.823924385404
 21
5457.019659223581
 31
0.0
  0
LINE
  5
92A
330
1F
100
AcDbEntity
  8
S-BOLT
 62
     1
100
AcDbLine
 10
878.0741363404523
 20
5494.8816646946
 30
0.0
 11
860.9307903263688
 21
5484.580903196322
 31
0.0
  0
LINE
  5
92B
330
1F
100
AcDbEntity
  8
S-BOLT
 62
     1
100
AcDbLine
 10
905.7336027744895
 20
5448.848582215629
 30
0.0
 11
888.5902567605226
 21
5438.547820717468
 31
0.0
  0
LINE
  5
92C
330
1F
100
AcDbEntity
  8
S-BOLT
 62
     1
100
AcDbLine
 10
860.9307903263688
 20
5484.580903196322
 30
0.0
 11
888.5902567605226
 21
5438.547820717468
 31
0.0
  0
LINE
  5
92D
330
1F
100
AcDbEntity
  8
S-BOLT
 62
     1
100
AcDbLine
 10
909.1822954026721
 20
5443.108993833732
 30
0.0
 11
912.6109646053956
 21
5445.169146133551
 31
0.0
  0
LINE
  5
92E
330
1F
100
AcDbEntity
  8
S-BOLT
 62
     1
100
AcDbLine
 10
878.0541129152261
 20
5502.681405376025
 30
0.0
 11
912.6109646053956
 21
5445.169146133551
 31
0.0
  0
LINE
  5
92F
330
1F
100
AcDbEntity
  8
S-BOLT
 62
     1
100
AcDbLine
 10
874.6254437122697
 20
5500.621253076555
 30
0.0
 11
878.0541129152261
 21
5502.681405376025
 31
0.0
  0
LINE
  5
930
330
1F
100
AcDbEntity
  8
S-BOLT
 62
     1
100
AcDbLine
 10
874.6254437122697
 20
5500.621253076555
 30
0.0
 11
909.1822954026721
 21
5443.108993833732
 31
0.0
  0
LINE
  5
931
330
1F
100
AcDbEntity
  8
S-BOLT
  6
HIDDEN
 62
     1
 48
0.01
100
AcDbLine
 10
889.1520818614372
 20
5484.211283363074
 30
0.0
 11
897.7237548684206
 21
5489.361664112213
 31
0.0
  0
LINE
  5
932
330
1F
100
AcDbEntity
  8
S-BOLT
  6
HIDDEN
 62
     1
 48
0.01
100
AcDbLine
 10
901.5129956591845
 20
5463.639268146326
 30
0.0
 11
910.0846686662844
 21
5468.789648895465
 31
0.0
  0
LINE
  5
933
330
1F
100
AcDbEntity
  8
S-BOLT
  6
CENTER2
 62
     8
 48
0.05
100
AcDbLine
 10
955.3342498095444
 20
5509.977940998644
 30
0.0
 11
857.6171775294206
 21
5451.263600458762
 31
0.0
  0
LINE
  5
934
330
1F
100
AcDbEntity
  8
S-BOLT
  6
CENTER2
 62
     8
 48
0.05
100
AcDbLine
 10
903.8304423183872
 20
5595.69467106877
 30
0.0
 11
806.1133700382633
 21
5536.980330528888
 31
0.0
  0
LWPOLYLINE
  5
935
330
1F
100
AcDbEntity
  8
S-PLTE
 62
     4
100
AcDbPolyline
 90
        6
 70
     0
 43
0.0
 10
941.6859655022125
 20
5396.780218691703
 10
770.2525053617282
 20
5293.772603709622
 10
765.1021246127056
 20
5302.344276716663
 10
927.96391174609
 20
5400.201510949548
 10
804.3547737676854
 20
5605.921663118082
 10
812.9264467746688
 20
5611.072043867164
  0
LINE
  5
936
330
1F
100
AcDbEntity
  8
S-TRUS
 62
     3
100
AcDbLine
 10
745.1021246127056
 20
4812.007371477804
 30
0.0
 11
1385.56140404036
 21
5196.834130576659
 31
0.0
  0
LINE
  5
937
330
1F
100
AcDbEntity
  8
S-TRUS
 62
     3
100
AcDbLine
 10
745.1021246127056
 20
5278.660730363939
 30
0.0
 11
1179.546174076313
 21
5539.701050857511
 31
0.0
  0
HATCH
  5
938
330
1F
100
AcDbEntity
  8
S-PRLN-PATT
100
AcDbHatch
 10
0.0
 20
0.0
 30
0.0
210
0.0
220
0.0
230
1.0
  2
ANSI32
 70
     0
 71
     1
 91
        1
 92
        1
 93
       12
 72
     1
 10
1015.383173305934
 20
5471.394436920782
 11
1028.774163253532
 21
5449.108087102497
 72
     1
 10
1028.774163253532
 20
5449.108087102497
 11
941.6859655022125
 21
5396.780218691645
 72
     1
 10
941.6859655022125
 20
5396.780218691645
 11
785.1143907295045
 21
5657.359078105095
 72
     1
 10
785.1143907295045
 20
5657.359078105095
 11
872.202588480941
 21
5709.686946515947
 72
     1
 10
872.202588480941
 20
5709.686946515947
 11
885.5935784285392
 21
5687.40059669772
 72
     1
 10
885.5935784285392
 20
5687.40059669772
 11
877.0219054215559
 21
5682.250215948581
 72
     1
 10
877.0219054215559
 20
5682.250215948581
 11
868.78129622298
 21
5695.964892759825
 72
     1
 10
868.78129622298
 20
5695.964892759825
 11
798.8364444856269
 21
5653.937785847193
 72
     1
 10
798.8364444856269
 20
5653.937785847193
 11
945.1072577601735
 21
5410.502272447768
 72
     1
 10
945.1072577601735
 20
5410.502272447768
 11
1015.05210949741
 21
5452.529379360458
 72
     1
 10
1015.05210949741
 20
5452.529379360458
 11
1006.811500298834
 21
5466.244056171642
 72
     1
 10
1006.811500298834
 20
5466.244056171642
 11
1015.383173305934
 21
5471.394436920782
 97
        1
330
905
 75
     0
 76
     1
 52
31.00000000000279
 41
60.0
 77
     0
 78
     2
 53
76.00000000000278
 43
110941.0882671884
 44
45309.63472127579
 45
-21.83165384121018
 46
5.443242650991463
 79
     0
 53
76.00000000000278
 43
110950.1798993371
 44
45315.09752499669
 45
-21.83165384121018
 46
5.443242650991463
 79
     0
 98
        1
 10
735.1143907295045
 20
5272.659494400279
  0
HATCH
  5
939
330
1F
100
AcDbEntity
  8
S-PRLN-PATT
100
AcDbHatch
 10
0.0
 20
0.0
 30
0.0
210
0.0
220
0.0
230
1.0
  2
ANSI32
 70
     0
 71
     0
 91
        1
 92
        7
 72
     0
 73
     1
 93
        6
 10
812.9264467746688
 20
5611.072043867164
 10
804.3547737676854
 20
5605.921663118082
 10
927.96391174609
 20
5400.201510949548
 10
765.1021246127056
 20
5302.344276716663
 10
770.2525053617282
 20
5293.772603709622
 10
941.6859655022125
 20
5396.780218691703
 97
        0
 75
     0
 76
     1
 52
90.00000000000001
 41
60.0
 77
     0
 78
     2
 53
166.0
 43
735.1143907295045
 44
5272.659494400279
 45
-5.443242650992527
 46
-21.83165384120992
 79
     0
 53
166.0
 43
729.6515870086587
 44
5281.751126549053
 45
-5.443242650992527
 46
-21.83165384120992
 79
     0
 47
0.4772176967200594
 98
        1
 10
870.8186267322599
 20
5359.893768236936
  0
DIMENSION
  5
93A
102
{ACAD_XDICTIONARY
360
93B
102
}
330
1F
100
AcDbEntity
  8
S-ANNO-DIMS
100
AcDbDimension
280
     0
  2
*D45
 10
484.9361946885896
 20
5413.995617962534
 30
0.0
 11
404.3695243986562
 21
5548.08107428639
 31
0.0
 70
   160
  1
30
 71
     5
 42
60.00000000010913
 73
     0
 74
     0
 75
     0
  3
DIM20
100
AcDbAlignedDimension
 13
806.1133700382633
 23
5536.980330528888
 33
0.0
 14
770.0680817395187
 24
5585.320140121702
 34
0.0
 50
301.0000000001846
100
AcDbRotatedDimension
  0
DIMENSION
  5
93C
102
{ACAD_XDICTIONARY
360
93D
102
}
330
1F
100
AcDbEntity
  8
S-ANNO-DIMS
100
AcDbDimension
280
     0
  2
*D46
 10
567.3422866786454
 20
5276.848849852734
 30
0.0
 11
694.2623837115675
 21
5065.618336464447
 31
0.0
 70
   160
  1
45
 71
     5
 42
89.99999999939154
 73
     0
 74
     0
 75
     0
  3
DIM20
100
AcDbAlignedDimension
 13
745.1021246127056
 23
5278.660730363939
 33
0.0
 14
857.6171775294206
 24
5451.263600458762
 34
0.0
 50
301.0000000001846
100
AcDbRotatedDimension
  0
TEXT
  5
93E
330
1F
100
AcDbEntity
  8
S-ANNO-TEXT
100
AcDbText
 10
532.1714104427228
 20
2655.020410793564
 30
0.0
 40
50.0
  1
END PURLIN
 41
0.8
  7
2T-10
100
AcDbText
  0
TEXT
  5
93F
330
1F
100
AcDbEntity
  8
S-ANNO-TEXT
100
AcDbText
 10
532.1714104427228
 20
2576.418007655499
 30
0.0
 40
50.0
  1
(VERIFY FRAMING PLAN)
 41
0.8
  7
2T-10
100
AcDbText
  0
MTEXT
  5
940
330
1F
100
AcDbEntity
  8
S-ANNO-TEXT
 62
     3
100
AcDbMText
 10
3083.969427839315
 20
2512.541422785693
 30
0.0
 40
50.0
 41
0.0
 46
0.0
 71
     4
 72
     1
  1
\P(4.5mTHK STIFFENER\PPLATE)
  7
2T-10
 73
     1
 44
1.0
  0
MTEXT
  5
941
330
1F
100
AcDbEntity
  8
S-ANNO-TEXT
100
AcDbMText
 10
2973.423080326684
 20
1517.238647489834
 30
0.0
 40
50.0
 41
0.0
 46
0.0
 71
     4
 72
     1
  1
\P(2-10mm%%Cx200mm\PLONG ANCHOR BOLTS\PW/ STD NUTS &\PWASHERS)
  7
2T-10
 73
     1
 44
1.0
  0
MTEXT
  5
942
330
1F
100
AcDbEntity
  8
S-ANNO-TEXT
100
AcDbMText
 10
2141.816553231605
 20
2721.633048490003
 30
0.0
 40
50.0
 41
0.0
 46
0.0
 71
     4
 72
     1
  1
\P(4.5mTHK\PSTIFFENER PLATE)
  7
2T-10
 73
     1
 44
1.0
  0
MTEXT
  5
943
330
1F
100
AcDbEntity
  8
S-ANNO-TEXT
100
AcDbMText
 10
2148.020194626457
 20
2374.576934662029
 30
0.0
 40
50.0
 41
0.0
 46
0.0
 71
     4
 72
     1
  1
\P(2-10mm%%Cx40mm\PLONG BOLTS W/\PSTD NUTS &\PWASHERS)
  7
2T-10
 73
     1
 44
1.0
  0
MTEXT
  5
944
330
1F
100
AcDbEntity
  8
S-ANNO-TEXT
 62
     3
100
AcDbMText
 10
536.7743278369744
 20
1281.436261434537
 30
0.0
 40
50.0
 41
0.0
 46
0.0
 71
     4
 72
     1
  1
\P(4.5mmTHKx125x100x180\PPURLIN CONNECTOR)
  7
2T-10
 73
     1
 44
1.0
  0
HATCH
  5
945
330
1F
100
AcDbEntity
  8
1R
100
AcDbHatch
 10
0.0
 20
0.0
 30
0.0
210
0.0
220
0.0
230
1.0
  2
ANSI32
 70
     0
 71
     0
 91
        1
 92
        7
 72
     0
 73
     1
 93
        4
 10
4202.407071039124
 20
2020.133503248126
 10
4192.407071039124
 20
2020.133503248126
 10
4192.407071039124
 20
1780.133503248126
 10
4202.407071039124
 20
1780.133503248126
 97
        0
 75
     0
 76
     1
 52
90.0
 41
80.0
 77
     0
 78
     2
 53
135.0
 43
-814.3451894637692
 44
-325.9226400974767
 45
-21.21320343559643
 46
-21.21320343559642
 79
     0
 53
135.0
 43
-814.3451894637692
 44
-311.7805044974994
 45
-21.21320343559643
 46
-21.21320343559642
 79
     0
 47
0.2779960941321021
 98
        1
 10
4197.646559316591
 20
1919.595926907812
  0
LWPOLYLINE
  5
946
330
1F
100
AcDbEntity
  8
S-PLTE
 62
     4
100
AcDbPolyline
 90
        4
 70
     1
 43
0.0
 10
4202.407071039124
 20
1780.133503248126
 10
4192.407071039124
 20
1780.133503248126
 10
4192.407071039124
 20
2020.133503248126
 10
4202.407071039124
 20
2020.133503248126
  0
MTEXT
  5
947
330
1F
100
AcDbEntity
  8
S-ANNO-TEXT
100
AcDbMText
 10
4677.737686955995
 20
1293.183318639723
 30
0.0
 40
50.0
 41
0.0
 46
0.0
 71
     4
 72
     1
  1
\P(4.5mmTHKx125x100x100\PPURLIN CONNECTOR)
  7
2T-10
 73
     1
 44
1.0
  0
MTEXT
  5
948
330
1F
100
AcDbEntity
  8
S-ANNO-TEXT
100
AcDbMText
 10
4725.300818171396
 20
2088.921063618935
 30
0.0
 40
50.0
 41
0.0
 46
0.0
 71
     4
 72
     1
  1
\P(2-10mm%%Cx40mm\PLONG BOLTS W/ STD\PNUTS & WASHERS)
  7
2T-10
 73
     1
 44
1.0
  0
LWPOLYLINE
  5
949
102
{ACAD_REACTORS
330
97C
102
}
330
1F
100
AcDbEntity
  8
S-PLTE
 62
     4
100
AcDbPolyline
 90
        4
 70
     1
 43
0.0
 10
4017.407071039124
 20
1780.133503248126
 10
4377.407071039124
 20
1780.133503248126
 10
4377.407071039124
 20
1770.133503248126
 10
4017.407071039124
 20
1770.133503248126
  0
LWPOLYLINE
  5
94A
102
{ACAD_REACTORS
330
9CE
102
}
330
1F
100
AcDbEntity
  8
S-BEAM-CONC
100
AcDbPolyline
 90
        4
 70
     1
 43
0.0
 10
4447.407071039124
 20
1270.133503248126
 10
4447.407071039124
 20
1770.133503248126
 10
3947.407071039125
 20
1770.133503248126
 10
3947.407071039125
 20
1270.133503248126
  0
ARC
  5
94B
330
1F
100
AcDbEntity
  8
S-BOLT
  6
HIDDEN
 62
     1
100
AcDbCircle
 10
4297.407071037029
 20
1482.133503248067
 30
0.0
 40
11.99999999995043
100
AcDbArc
 50
180.0
 51
0.0
  0
LINE
  5
94C
330
1F
100
AcDbEntity
  8
S-BOLT
  6
HIDDEN
 62
     1
 48
0.7
100
AcDbLine
 10
4285.407071037028
 20
1482.133503248184
 30
0.0
 11
4285.407071039008
 21
1780.133503248183
 31
0.0
  0
LINE
  5
94D
330
1F
100
AcDbEntity
  8
S-BOLT
 62
     1
100
AcDbLine
 10
4309.407071039357
 20
1820.133503248067
 30
0.0
 11
4285.407071039357
 21
1820.133503248242
 31
0.0
  0
LINE
  5
94E
330
1F
100
AcDbEntity
  8
S-BOLT
 62
     1
100
AcDbLine
 10
4309.407071039241
 20
1804.133503248126
 30
0.0
 11
4309.407071039357
 21
1820.133503248067
 31
0.0
  0
LINE
  5
94F
330
1F
100
AcDbEntity
  8
S-BOLT
 62
     1
100
AcDbLine
 10
4285.40707103924
 20
1804.133503248184
 30
0.0
 11
4285.407071039357
 21
1820.133503248242
 31
0.0
  0
LINE
  5
950
330
1F
100
AcDbEntity
  8
S-BOLT
 62
     8
100
AcDbLine
 10
4309.407071039241
 20
1808.70025243083
 30
0.0
 11
4285.40707103924
 21
1806.400434218547
 31
0.0
  0
LINE
  5
951
330
1F
100
AcDbEntity
  8
S-BOLT
 62
     8
100
AcDbLine
 10
4309.407071039357
 20
1813.220866013635
 30
0.0
 11
4285.40707103924
 21
1810.921047801294
 31
0.0
  0
LINE
  5
952
330
1F
100
AcDbEntity
  8
S-BOLT
 62
     8
100
AcDbLine
 10
4309.407071039357
 20
1817.581516655944
 30
0.0
 11
4285.407071039357
 21
1815.281698443661
 31
0.0
  0
LINE
  5
953
330
1F
100
AcDbEntity
  8
S-BOLT
 62
     1
100
AcDbLine
 10
4314.726285408876
 20
1804.133503248067
 30
0.0
 11
4314.72628540876
 21
1784.133503248009
 31
0.0
  0
LINE
  5
954
330
1F
100
AcDbEntity
  8
S-BOLT
 62
     1
100
AcDbLine
 10
4280.087856669605
 20
1804.1335032483
 30
0.0
 11
4280.087856669488
 21
1784.1335032483
 31
0.0
  0
LINE
  5
955
330
1F
100
AcDbEntity
  8
S-BOLT
 62
     1
100
AcDbLine
 10
4324.258936737474
 20
1784.133503247951
 30
0.0
 11
4324.258936737474
 21
1804.133503248009
 31
0.0
  0
LINE
  5
956
330
1F
100
AcDbEntity
  8
S-BOLT
 62
     1
100
AcDbLine
 10
4270.555205340773
 20
1784.1335032483
 30
0.0
 11
4270.555205340889
 21
1804.1335032483
 31
0.0
  0
LINE
  5
957
330
1F
100
AcDbEntity
  8
S-BOLT
 62
     1
100
AcDbLine
 10
4324.258936737474
 20
1804.133503248009
 30
0.0
 11
4270.555205340889
 21
1804.1335032483
 31
0.0
  0
LINE
  5
958
330
1F
100
AcDbEntity
  8
S-BOLT
 62
     1
100
AcDbLine
 10
4263.859209848146
 20
1784.133503248358
 30
0.0
 11
4263.859209848262
 21
1780.133503248358
 31
0.0
  0
LINE
  5
959
330
1F
100
AcDbEntity
  8
S-BOLT
 62
     1
100
AcDbLine
 10
4330.95493222987
 20
1780.133503247951
 30
0.0
 11
4263.859209848262
 21
1780.133503248358
 31
0.0
  0
LINE
  5
95A
330
1F
100
AcDbEntity
  8
S-BOLT
 62
     1
100
AcDbLine
 10
4330.954932230103
 20
1784.133503247951
 30
0.0
 11
4330.95493222987
 21
1780.133503247951
 31
0.0
  0
LINE
  5
95B
330
1F
100
AcDbEntity
  8
S-BOLT
 62
     1
100
AcDbLine
 10
4330.954932230103
 20
1784.133503247951
 30
0.0
 11
4263.859209848146
 21
1784.133503248358
 31
0.0
  0
LINE
  5
95C
330
1F
100
AcDbEntity
  8
S-BOLT
  6
HIDDEN
 62
     1
100
AcDbLine
 10
4309.407071036912
 20
1482.133503248067
 30
0.0
 11
4309.407071039007
 21
1780.133503248067
 31
0.0
  0
LINE
  5
95D
330
1F
100
AcDbEntity
  8
S-BOLT
  6
CENTER2
 62
     8
 48
0.05
100
AcDbLine
 10
4297.407071039473
 20
1840.1335032483
 30
0.0
 11
4297.407071036912
 21
1431.288823243663
 31
0.0
  0
ARC
  5
95E
330
1F
100
AcDbEntity
  8
S-BOLT
  6
HIDDEN
 62
     1
100
AcDbCircle
 10
4097.407071037029
 20
1482.133503248067
 30
0.0
 40
11.99999999995043
100
AcDbArc
 50
180.0
 51
0.0
  0
LINE
  5
95F
330
1F
100
AcDbEntity
  8
S-BOLT
  6
HIDDEN
 62
     1
 48
0.7
100
AcDbLine
 10
4085.407071037028
 20
1482.133503248184
 30
0.0
 11
4085.407071039008
 21
1780.133503248183
 31
0.0
  0
LINE
  5
960
330
1F
100
AcDbEntity
  8
S-BOLT
 62
     1
100
AcDbLine
 10
4109.407071039357
 20
1820.133503248067
 30
0.0
 11
4085.407071039357
 21
1820.133503248242
 31
0.0
  0
LINE
  5
961
330
1F
100
AcDbEntity
  8
S-BOLT
 62
     1
100
AcDbLine
 10
4109.407071039241
 20
1804.133503248126
 30
0.0
 11
4109.407071039357
 21
1820.133503248067
 31
0.0
  0
LINE
  5
962
330
1F
100
AcDbEntity
  8
S-BOLT
 62
     1
100
AcDbLine
 10
4085.407071039241
 20
1804.133503248184
 30
0.0
 11
4085.407071039357
 21
1820.133503248242
 31
0.0
  0
LINE
  5
963
330
1F
100
AcDbEntity
  8
S-BOLT
 62
     8
100
AcDbLine
 10
4109.407071039241
 20
1808.70025243083
 30
0.0
 11
4085.407071039241
 21
1806.400434218547
 31
0.0
  0
LINE
  5
964
330
1F
100
AcDbEntity
  8
S-BOLT
 62
     8
100
AcDbLine
 10
4109.407071039357
 20
1813.220866013635
 30
0.0
 11
4085.407071039241
 21
1810.921047801294
 31
0.0
  0
LINE
  5
965
330
1F
100
AcDbEntity
  8
S-BOLT
 62
     8
100
AcDbLine
 10
4109.407071039357
 20
1817.581516655944
 30
0.0
 11
4085.407071039357
 21
1815.281698443661
 31
0.0
  0
LINE
  5
966
330
1F
100
AcDbEntity
  8
S-BOLT
 62
     1
100
AcDbLine
 10
4114.726285408877
 20
1804.133503248067
 30
0.0
 11
4114.72628540876
 21
1784.133503248009
 31
0.0
  0
LINE
  5
967
330
1F
100
AcDbEntity
  8
S-BOLT
 62
     1
100
AcDbLine
 10
4080.087856669605
 20
1804.1335032483
 30
0.0
 11
4080.087856669488
 21
1784.1335032483
 31
0.0
  0
LINE
  5
968
330
1F
100
AcDbEntity
  8
S-BOLT
 62
     1
100
AcDbLine
 10
4124.258936737475
 20
1784.133503247951
 30
0.0
 11
4124.258936737475
 21
1804.133503248009
 31
0.0
  0
LINE
  5
969
330
1F
100
AcDbEntity
  8
S-BOLT
 62
     1
100
AcDbLine
 10
4070.555205340773
 20
1784.1335032483
 30
0.0
 11
4070.55520534089
 21
1804.1335032483
 31
0.0
  0
LINE
  5
96A
330
1F
100
AcDbEntity
  8
S-BOLT
 62
     1
100
AcDbLine
 10
4124.258936737475
 20
1804.133503248009
 30
0.0
 11
4070.55520534089
 21
1804.1335032483
 31
0.0
  0
LINE
  5
96B
330
1F
100
AcDbEntity
  8
S-BOLT
 62
     1
100
AcDbLine
 10
4063.859209848145
 20
1784.133503248358
 30
0.0
 11
4063.859209848263
 21
1780.133503248358
 31
0.0
  0
LINE
  5
96C
330
1F
100
AcDbEntity
  8
S-BOLT
 62
     1
100
AcDbLine
 10
4130.95493222987
 20
1780.133503247951
 30
0.0
 11
4063.859209848263
 21
1780.133503248358
 31
0.0
  0
LINE
  5
96D
330
1F
100
AcDbEntity
  8
S-BOLT
 62
     1
100
AcDbLine
 10
4130.954932230102
 20
1784.133503247951
 30
0.0
 11
4130.95493222987
 21
1780.133503247951
 31
0.0
  0
LINE
  5
96E
330
1F
100
AcDbEntity
  8
S-BOLT
 62
     1
100
AcDbLine
 10
4130.954932230102
 20
1784.133503247951
 30
0.0
 11
4063.859209848145
 21
1784.133503248358
 31
0.0
  0
LINE
  5
96F
330
1F
100
AcDbEntity
  8
S-BOLT
  6
HIDDEN
 62
     1
100
AcDbLine
 10
4109.407071036912
 20
1482.133503248067
 30
0.0
 11
4109.407071039007
 21
1780.133503248067
 31
0.0
  0
LINE
  5
970
330
1F
100
AcDbEntity
  8
S-BOLT
  6
CENTER2
 62
     8
 48
0.05
100
AcDbLine
 10
4097.407071039473
 20
1840.1335032483
 30
0.0
 11
4097.407071036912
 21
1431.288823243663
 31
0.0
  0
INSERT
  5
971
330
1F
100
AcDbEntity
  8
0
100
AcDbBlockReference
  2
S-STLCUT
 10
5136.286038575738
 20
1501.297043548515
 30
0.0
 41
304.0
 42
304.0
 43
304.0
  0
INSERT
  5
972
330
1F
100
AcDbEntity
  8
0
100
AcDbBlockReference
  2
S-BOLT
 10
4297.407071039124
 20
1950.133503248126
 30
0.0
 41
15.0
 42
15.0
 43
15.0
  0
INSERT
  5
973
330
1F
100
AcDbEntity
  8
0
100
AcDbBlockReference
  2
S-BOLT
 10
4097.407071039124
 20
1950.133503248126
 30
0.0
 41
15.0
 42
15.0
 43
15.0
  0
LINE
  5
974
330
1F
100
AcDbEntity
  8
S-PLTE
100
AcDbLine
 10
4377.407071039124
 20
1780.133503248126
 30
0.0
 11
4377.407071039124
 21
2020.133503248126
 31
0.0
  0
LINE
  5
975
330
1F
100
AcDbEntity
  8
S-PLTE
100
AcDbLine
 10
4017.407071039124
 20
1780.133503248126
 30
0.0
 11
4017.407071039124
 21
2020.133503248126
 31
0.0
  0
LINE
  5
976
330
1F
100
AcDbEntity
  8
S-PLTE
100
AcDbLine
 10
4017.407071039124
 20
2020.133503248126
 30
0.0
 11
4377.407071039124
 21
2020.133503248126
 31
0.0
  0
INSERT
  5
977
330
1F
100
AcDbEntity
  8
0
100
AcDbBlockReference
  2
S-STLCUT
 10
3442.398949367736
 20
1770.133503248126
 30
0.0
 41
304.0
 42
304.0
 43
304.0
  0
LINE
  5
978
330
1F
100
AcDbEntity
  8
S-PRLN-SECT
  6
HIDDEN
 62
     2
100
AcDbLine
 10
3626.269795233078
 20
1511.297043548515
 30
0.0
 11
5136.286038575738
 21
1511.297043548515
 31
0.0
  0
LINE
  5
979
330
1F
100
AcDbEntity
  8
S-PRLN-SECT
  6
HIDDEN
 62
     2
100
AcDbLine
 10
3626.269795233078
 20
1795.297043548515
 30
0.0
 11
5136.286038575738
 21
1795.297043548515
 31
0.0
  0
LINE
  5
97A
330
1F
100
AcDbEntity
  8
S-PRLN-SECT
 62
     3
100
AcDbLine
 10
3626.269795233078
 20
1501.297043548515
 30
0.0
 11
5136.286038575738
 21
1501.297043548515
 31
0.0
  0
LINE
  5
97B
330
1F
100
AcDbEntity
  8
S-PRLN-SECT
 62
     3
100
AcDbLine
 10
3626.269795233078
 20
1805.297043548515
 30
0.0
 11
5136.286038575738
 21
1805.297043548515
 31
0.0
  0
HATCH
  5
97C
330
1F
100
AcDbEntity
  8
1R
100
AcDbHatch
 10
0.0
 20
0.0
 30
0.0
210
0.0
220
0.0
230
1.0
  2
ANSI32
 70
     0
 71
     1
 91
        1
 92
        1
 93
        4
 72
     1
 10
4017.407071039124
 20
1780.133503248126
 11
4377.407071039124
 21
1780.133503248126
 72
     1
 10
4377.407071039124
 20
1780.133503248126
 11
4377.407071039124
 21
1770.133503248126
 72
     1
 10
4377.407071039124
 20
1770.133503248126
 11
4017.407071039124
 21
1770.133503248126
 72
     1
 10
4017.407071039124
 20
1770.133503248126
 11
4017.407071039124
 21
1780.133503248126
 97
        1
330
949
 75
     0
 76
     1
 52
90.0
 41
80.0
 77
     0
 78
     2
 53
135.0
 43
1829.941807572773
 44
-58.0460258086423
 45
-21.21320343559643
 46
-21.21320343559642
 79
     0
 53
135.0
 43
1829.941807572773
 44
-43.90389020860675
 45
-21.21320343559643
 46
-21.21320343559642
 79
     0
 98
        1
 10
1829.941807572773
 20
-58.0460258086423
  0
DIMENSION
  5
97D
102
{ACAD_XDICTIONARY
360
97E
102
}
330
1F
100
AcDbEntity
  8
S-ANNO-DIMS
100
AcDbDimension
280
     0
  2
*D47
 10
3159.245642671174
 20
1770.133503248126
 30
0.0
 11
3114.245642671174
 21
1895.133503248125
 31
0.0
 70
    32
  1
125
 71
     5
 42
249.9999999999998
 73
     0
 74
     0
 75
     0
  3
DIM20
100
AcDbAlignedDimension
 13
4017.407071039124
 23
2020.133503248126
 33
0.0
 14
3442.398949367736
 24
1770.133503248126
 34
0.0
 50
90.0
100
AcDbRotatedDimension
  0
DIMENSION
  5
97F
102
{ACAD_XDICTIONARY
360
980
102
}
330
1F
100
AcDbEntity
  8
S-ANNO-DIMS
100
AcDbDimension
280
     0
  2
*D48
 10
4377.407071039124
 20
2389.277375706788
 30
0.0
 11
4337.407071039124
 21
2389.277375706788
 31
0.0
 70
   160
  1
40
 71
     5
 42
80.0
 73
     0
 74
     0
 75
     0
  3
DIM20
100
AcDbAlignedDimension
 13
4297.407071039124
 23
1986.133503248126
 33
0.0
 14
4377.407071039124
 24
2020.133503248126
 34
0.0
100
AcDbRotatedDimension
  0
DIMENSION
  5
981
102
{ACAD_XDICTIONARY
360
982
102
}
330
1F
100
AcDbEntity
  8
S-ANNO-DIMS
100
AcDbDimension
280
     0
  2
*D49
 10
4297.407071039124
 20
2389.277375706788
 30
0.0
 11
4197.407071039124
 21
2434.277375706788
 31
0.0
 70
    32
  1
100
 71
     5
 42
200.0
 73
     0
 74
     0
 75
     0
  3
DIM20
100
AcDbAlignedDimension
 13
4097.407071039124
 23
1986.133503248126
 33
0.0
 14
4297.407071039124
 24
1986.133503248126
 34
0.0
100
AcDbRotatedDimension
  0
DIMENSION
  5
983
102
{ACAD_XDICTIONARY
360
984
102
}
330
1F
100
AcDbEntity
  8
S-ANNO-DIMS
100
AcDbDimension
280
     0
  2
*D50
 10
4377.407071039124
 20
2549.277375706788
 30
0.0
 11
4197.407071039124
 21
2594.277375706788
 31
0.0
 70
    32
  1
180
 71
     5
 42
360.0
 73
     0
 74
     0
 75
     0
  3
DIM20
100
AcDbAlignedDimension
 13
4017.407071039124
 23
2020.133503248126
 33
0.0
 14
4377.407071039124
 24
2020.133503248126
 34
0.0
100
AcDbRotatedDimension
  0
DIMENSION
  5
985
102
{ACAD_XDICTIONARY
360
986
102
}
330
1F
100
AcDbEntity
  8
S-ANNO-DIMS
100
AcDbDimension
280
     0
  2
*D51
 10
4097.407071039124
 20
2389.277375706788
 30
0.0
 11
4057.407071039125
 21
2389.277375706788
 31
0.0
 70
   160
  1
40
 71
     5
 42
80.0
 73
     0
 74
     0
 75
     0
  3
DIM20
100
AcDbAlignedDimension
 13
4017.407071039124
 23
2020.133503248126
 33
0.0
 14
4097.407071039124
 24
1986.133503248126
 34
0.0
100
AcDbRotatedDimension
  0
DIMENSION
  5
987
102
{ACAD_XDICTIONARY
360
988
102
}
330
1F
100
AcDbEntity
  8
S-ANNO-DIMS
100
AcDbDimension
280
     0
  2
*D52
 10
3319.245642671173
 20
2020.133503248127
 30
0.0
 11
3319.245642671172
 21
1985.133503248125
 31
0.0
 70
   160
  1
35
 71
     5
 42
70.0
 73
     0
 74
     0
 75
     0
  3
DIM20
100
AcDbAlignedDimension
 13
4061.407071039124
 23
1950.133503248126
 33
0.0
 14
4017.407071039124
 24
2020.133503248126
 34
0.0
 50
90.0
100
AcDbRotatedDimension
  0
DIMENSION
  5
989
330
1F
100
AcDbEntity
  8
S-ANNO-DIMS
100
AcDbDimension
280
     0
  2
*D36
 10
5295.358996157349
 20
1805.297043548516
 30
0.0
 11
5250.358996157348
 21
1653.297043548513
 31
0.0
 70
    32
  1
152
 71
     5
 42
304.0000000000002
 73
     0
 74
     0
 75
     0
  3
DIM20
100
AcDbAlignedDimension
 13
5136.286038575738
 23
1501.297043548515
 33
0.0
 14
5136.286038575738
 24
1805.297043548515
 34
0.0
 50
90.0
100
AcDbRotatedDimension
  0
DIMENSION
  5
98A
102
{ACAD_XDICTIONARY
360
98B
102
}
330
1F
100
AcDbEntity
  8
S-ANNO-DIMS
100
AcDbDimension
280
     0
  2
*D53
 10
3319.245642671174
 20
1950.133503248126
 30
0.0
 11
3274.245642671174
 21
1860.133503248125
 31
0.0
 70
    32
  1
90
 71
     5
 42
179.9999999999998
 73
     0
 74
     0
 75
     0
  3
DIM20
100
AcDbAlignedDimension
 13
3442.398949367736
 23
1770.133503248126
 33
0.0
 14
4061.407071039124
 24
1950.133503248126
 34
0.0
 50
90.0
100
AcDbRotatedDimension
  0
MTEXT
  5
98C
330
1F
100
AcDbEntity
  8
S-ANNO-TEXT
100
AcDbMText
 10
2139.77307029131
 20
1702.587222764639
 30
0.0
 40
50.0
 41
0.0
 46
0.0
 71
     4
 72
     1
  1
\P{\Fic-romans.shx;(2-10mm%%Cx200mm\PLONG ANCHOR\PBOLTS W/ STD\PNUTS &\PWASHERS)}
  7
2T-10
 73
     1
 44
1.0
  0
LINE
  5
98D
330
1F
100
AcDbEntity
  8
S-BOLT
  6
CENTER2
 62
     8
 48
0.05
100
AcDbLine
 10
1234.588554227535
 20
1976.864458103744
 30
0.0
 11
1435.133522362492
 21
1643.101582343071
 31
0.0
  0
LWPOLYLINE
  5
98E
330
1F
100
AcDbEntity
  8
S-BOLT
  6
HIDDEN
 62
     1
 48
0.7
100
AcDbPolyline
 90
        7
 70
     0
 43
0.0
 10
1387.054578286173
 20
1699.819134182027
 42
0.4142135623737002
 10
1436.453971813011
 20
1687.50248205274
 10
1484.455340650558
 20
1716.344614247173
 10
1472.094426850948
 20
1736.916629466832
 10
1424.093058013284
 20
1708.07449727234
 42
-0.4142135623737002
 10
1407.626593505891
 20
1712.180047981754
 10
1275.776846328445
 20
1931.614876959203
  0
LINE
  5
98F
330
1F
100
AcDbEntity
  8
S-BOLT
 62
     1
100
AcDbLine
 10
1234.603308115082
 20
1953.540655189157
 30
0.0
 11
1255.175323331772
 21
1965.901568987195
 31
0.0
  0
LINE
  5
990
330
1F
100
AcDbEntity
  8
S-BOLT
 62
     1
100
AcDbLine
 10
1242.843917313657
 20
1939.82597837803
 30
0.0
 11
1234.603308115082
 21
1953.540655189157
 31
0.0
  0
LINE
  5
991
330
1F
100
AcDbEntity
  8
S-BOLT
 62
     1
100
AcDbLine
 10
1263.415932530464
 20
1952.18689217601
 30
0.0
 11
1255.175323331772
 21
1965.901568987195
 31
0.0
  0
LINE
  5
992
330
1F
100
AcDbEntity
  8
S-BOLT
 62
     8
100
AcDbLine
 10
1240.491867605989
 20
1943.740446447941
 30
0.0
 11
1262.248376767544
 21
1954.13003127669
 31
0.0
  0
LINE
  5
993
330
1F
100
AcDbEntity
  8
S-BOLT
 62
     8
100
AcDbLine
 10
1238.163579488799
 20
1947.615368590304
 30
0.0
 11
1259.920088650469
 21
1958.004953418938
 31
0.0
  0
LINE
  5
994
330
1F
100
AcDbEntity
  8
S-BOLT
 62
     8
100
AcDbLine
 10
1235.917678376703
 20
1951.353175730641
 30
0.0
 11
1257.674187538257
 21
1961.742760559391
 31
0.0
  0
LINE
  5
995
330
1F
100
AcDbEntity
  8
S-BOLT
 62
     1
100
AcDbLine
 10
1238.284460690614
 20
1937.086380449087
 30
0.0
 11
1248.585222189009
 21
1919.943034435004
 31
0.0
  0
LINE
  5
996
330
1F
100
AcDbEntity
  8
S-BOLT
 62
     1
100
AcDbLine
 10
1267.975389153507
 20
1954.926490104953
 30
0.0
 11
1278.276150651902
 21
1937.783144091103
 31
0.0
  0
LINE
  5
997
330
1F
100
AcDbEntity
  8
S-BOLT
 62
     1
100
AcDbLine
 10
1240.414145180999
 20
1915.03335604586
 30
0.0
 11
1230.113383682721
 21
1932.176702059885
 31
0.0
  0
LINE
  5
998
330
1F
100
AcDbEntity
  8
S-BOLT
 62
     1
100
AcDbLine
 10
1286.447227659795
 20
1942.692822480247
 30
0.0
 11
1276.146466161517
 21
1959.836168494155
 31
0.0
  0
LINE
  5
999
330
1F
100
AcDbEntity
  8
S-BOLT
 62
     1
100
AcDbLine
 10
1230.113383682721
 20
1932.176702059885
 30
0.0
 11
1276.146466161517
 21
1959.836168494155
 31
0.0
  0
LINE
  5
99A
330
1F
100
AcDbEntity
  8
S-BOLT
 62
     1
100
AcDbLine
 10
1292.18681604175
 20
1946.141515108371
 30
0.0
 11
1294.24696834122
 21
1942.712845905473
 31
0.0
  0
LINE
  5
99B
330
1F
100
AcDbEntity
  8
S-BOLT
 62
     1
100
AcDbLine
 10
1236.734709098979
 20
1908.155994215012
 30
0.0
 11
1294.24696834122
 21
1942.712845905473
 31
0.0
  0
LINE
  5
99C
330
1F
100
AcDbEntity
  8
S-BOLT
 62
     1
100
AcDbLine
 10
1234.67455679916
 20
1911.584663417736
 30
0.0
 11
1236.734709098979
 21
1908.155994215012
 31
0.0
  0
LINE
  5
99D
330
1F
100
AcDbEntity
  8
S-BOLT
 62
     1
100
AcDbLine
 10
1234.67455679916
 20
1911.584663417736
 30
0.0
 11
1292.18681604175
 21
1946.141515108371
 31
0.0
  0
LINE
  5
99E
330
1F
100
AcDbEntity
  8
S-BOLT
  6
HIDDEN
 62
     1
100
AcDbLine
 10
1387.054833529328
 20
1699.818709392762
 30
0.0
 11
1255.204831111754
 21
1919.25396316134
 31
0.0
  0
DIMENSION
  5
99F
330
1F
100
AcDbEntity
  8
S-ANNO-DIMS
100
AcDbDimension
280
     0
  2
*D37
 10
1575.512682903623
 20
1564.799747801301
 30
0.0
 11
1541.225990877648
 21
1544.198224807044
 31
0.0
 70
   160
  1
40
 71
     5
 42
79.99999999417287
 73
     0
 74
     0
 75
     0
  3
DIM20
100
AcDbAlignedDimension
 13
1435.133522362492
 23
1643.101582343071
 33
0.0
 14
1339.214603525514
 24
1958.065793045877
 34
0.0
 50
30.99999999892234
100
AcDbRotatedDimension
  0
DIMENSION
  5
9A0
102
{ACAD_XDICTIONARY
360
9A1
102
}
330
1F
100
AcDbEntity
  8
S-ANNO-DIMS
100
AcDbDimension
280
     0
  2
*D54
 10
1650.00580534952
 20
1440.822372533087
 30
0.0
 11
1541.112361908075
 21
1427.891093575701
 31
0.0
 70
    32
  1
100
 71
     5
 42
200.0000000000898
 73
     0
 74
     0
 75
     0
  3
DIM20
100
AcDbAlignedDimension
 13
1167.781143385029
 23
1855.058178063795
 33
0.0
 14
1339.214603525514
 24
1958.065793045877
 34
0.0
 50
30.99999999892234
100
AcDbRotatedDimension
  0
LINE
  5
9A2
330
1F
100
AcDbEntity
  8
S-BEAM-CONC
100
AcDbLine
 10
1142.63076263589
 20
1339.946304718112
 30
0.0
 11
2078.93657437076
 21
1339.946304718112
 31
0.0
  0
LINE
  5
9A3
330
1F
100
AcDbEntity
  8
S-BOLT
 62
     8
100
AcDbLine
 10
1287.743472772461
 20
2151.132429824815
 30
0.0
 11
1298.133057601095
 21
2129.375920663202
 31
0.0
  0
LINE
  5
9A4
330
1F
100
AcDbEntity
  8
S-BOLT
 62
     8
100
AcDbLine
 10
1284.005665632008
 20
2148.886528712544
 30
0.0
 11
1294.395250460642
 21
2127.13001955099
 31
0.0
  0
LINE
  5
9A5
330
1F
100
AcDbEntity
  8
S-BOLT
 62
     1
100
AcDbLine
 10
1288.328661982014
 20
2151.48404697558
 30
0.0
 11
1300.689575779877
 21
2130.912031758773
 31
0.0
  0
LINE
  5
9A6
330
1F
100
AcDbEntity
  8
S-BEAM-CONC
100
AcDbLine
 10
1142.63076263589
 20
1839.946304718112
 30
0.0
 11
1142.63076263589
 21
1339.946304718112
 31
0.0
  0
LWPOLYLINE
  5
9A7
102
{ACAD_REACTORS
330
9C4
102
}
330
1F
100
AcDbEntity
  8
4C
100
AcDbPolyline
 90
       12
 70
     1
 43
0.0
 10
1412.911811329118
 20
2032.680011274955
 10
1426.302801276833
 20
2010.393661456729
 10
1339.214603525514
 20
1958.065793045877
 10
1182.643028752805
 20
2218.644652459269
 10
1269.731226504125
 20
2270.97252087012
 10
1283.12221645184
 20
2248.686171051893
 10
1274.550543444857
 20
2243.535790302754
 10
1266.309934246281
 20
2257.250467113998
 10
1196.365082508928
 20
2215.223360201366
 10
1342.635895783358
 20
1971.787846801999
 10
1412.580747520711
 20
2013.814953714631
 10
1404.340138322135
 20
2027.529630525816
  0
LINE
  5
9A8
330
1F
100
AcDbEntity
  8
S-BOLT
 62
     1
100
AcDbLine
 10
1269.470981366627
 20
2140.153209327567
 30
0.0
 11
1288.328661982014
 21
2151.48404697558
 31
0.0
  0
LINE
  5
9A9
330
1F
100
AcDbEntity
  8
S-BOLT
 62
     1
100
AcDbLine
 10
1281.83189516449
 20
2119.581194110644
 30
0.0
 11
1300.689575779877
 21
2130.912031758773
 31
0.0
  0
LINE
  5
9AA
330
1F
100
AcDbEntity
  8
S-BOLT
 62
     8
100
AcDbLine
 10
1272.655129208855
 20
2142.066438371046
 30
0.0
 11
1283.044714037489
 21
2120.309929209434
 31
0.0
  0
LINE
  5
9AB
330
1F
100
AcDbEntity
  8
S-BOLT
 62
     8
100
AcDbLine
 10
1276.530051351219
 20
2144.394726488179
 30
0.0
 11
1286.919636179737
 21
2122.63821732645
 31
0.0
  0
LINE
  5
9AC
330
1F
100
AcDbEntity
  8
S-BOLT
 62
     8
100
AcDbLine
 10
1280.267858491555
 20
2146.640627600333
 30
0.0
 11
1290.657443320189
 21
2124.88411843872
 31
0.0
  0
LINE
  5
9AD
330
1F
100
AcDbEntity
  8
S-BOLT
 62
     1
100
AcDbLine
 10
1266.731383437684
 20
2144.71266595061
 30
0.0
 11
1249.588037423484
 21
2134.41190445239
 31
0.0
  0
LINE
  5
9AE
330
1F
100
AcDbEntity
  8
S-BOLT
 62
     1
100
AcDbLine
 10
1284.571493093434
 20
2115.021737487601
 30
0.0
 11
1267.42814707935
 21
2104.720975989382
 31
0.0
  0
LINE
  5
9AF
330
1F
100
AcDbEntity
  8
S-BOLT
 62
     1
100
AcDbLine
 10
1244.678359034398
 20
2142.582981460342
 30
0.0
 11
1261.821705048482
 21
2152.883742958562
 31
0.0
  0
LINE
  5
9B0
330
1F
100
AcDbEntity
  8
S-BOLT
 62
     1
100
AcDbLine
 10
1272.337825468552
 20
2096.54989898143
 30
0.0
 11
1289.481171482519
 21
2106.850660479649
 31
0.0
  0
LINE
  5
9B1
330
1F
100
AcDbEntity
  8
S-BOLT
 62
     1
100
AcDbLine
 10
1261.821705048482
 20
2152.883742958562
 30
0.0
 11
1289.481171482519
 21
2106.850660479649
 31
0.0
  0
LINE
  5
9B2
330
1F
100
AcDbEntity
  8
S-BOLT
 62
     1
100
AcDbLine
 10
1275.786518096618
 20
2090.810310599474
 30
0.0
 11
1272.357848893778
 21
2088.750158300005
 31
0.0
  0
LINE
  5
9B3
330
1F
100
AcDbEntity
  8
S-BOLT
 62
     1
100
AcDbLine
 10
1237.800997203609
 20
2146.262417542537
 30
0.0
 11
1272.357848893778
 21
2088.750158300005
 31
0.0
  0
LINE
  5
9B4
330
1F
100
AcDbEntity
  8
S-BOLT
 62
     1
100
AcDbLine
 10
1241.229666406332
 20
2148.322569842298
 30
0.0
 11
1237.800997203609
 21
2146.262417542537
 31
0.0
  0
LINE
  5
9B5
330
1F
100
AcDbEntity
  8
S-BOLT
 62
     1
100
AcDbLine
 10
1241.229666406332
 20
2148.322569842298
 30
0.0
 11
1275.786518096618
 21
2090.810310599474
 31
0.0
  0
LINE
  5
9B6
330
1F
100
AcDbEntity
  8
S-BOLT
 62
     1
100
AcDbLine
 10
1217.015679996853
 20
2114.840457605744
 30
0.0
 11
1234.159026010937
 21
2125.141219104022
 31
0.0
  0
LINE
  5
9B7
330
1F
100
AcDbEntity
  8
S-BOLT
 62
     1
100
AcDbLine
 10
1234.855789652603
 20
2085.149529142851
 30
0.0
 11
1251.999135666687
 21
2095.450290640954
 31
0.0
  0
LINE
  5
9B8
330
1F
100
AcDbEntity
  8
S-BOLT
 62
     1
100
AcDbLine
 10
1229.249347621735
 20
2133.312296111974
 30
0.0
 11
1212.106001607768
 21
2123.011534613695
 31
0.0
  0
LINE
  5
9B9
330
1F
100
AcDbEntity
  8
S-BOLT
 62
     1
100
AcDbLine
 10
1256.908814055772
 20
2087.279213633003
 30
0.0
 11
1239.765468041805
 21
2076.978452134841
 31
0.0
  0
LINE
  5
9BA
330
1F
100
AcDbEntity
  8
S-BOLT
 62
     1
100
AcDbLine
 10
1212.106001607768
 20
2123.011534613695
 30
0.0
 11
1239.765468041805
 21
2076.978452134841
 31
0.0
  0
LINE
  5
9BB
330
1F
100
AcDbEntity
  8
S-BOLT
 62
     1
100
AcDbLine
 10
1260.357506683955
 20
2081.539625251105
 30
0.0
 11
1263.786175886678
 21
2083.599777550924
 31
0.0
  0
LINE
  5
9BC
330
1F
100
AcDbEntity
  8
S-BOLT
 62
     1
100
AcDbLine
 10
1229.229324196509
 20
2141.112036793398
 30
0.0
 11
1263.786175886678
 21
2083.599777550924
 31
0.0
  0
LINE
  5
9BD
330
1F
100
AcDbEntity
  8
S-BOLT
 62
     1
100
AcDbLine
 10
1225.800654993669
 20
2139.051884493871
 30
0.0
 11
1229.229324196509
 21
2141.112036793398
 31
0.0
  0
LINE
  5
9BE
330
1F
100
AcDbEntity
  8
S-BOLT
 62
     1
100
AcDbLine
 10
1225.800654993669
 20
2139.051884493871
 30
0.0
 11
1260.357506683955
 21
2081.539625251105
 31
0.0
  0
LINE
  5
9BF
330
1F
100
AcDbEntity
  8
S-BOLT
  6
HIDDEN
 62
     1
 48
0.01
100
AcDbLine
 10
1240.32729314272
 20
2122.641914780448
 30
0.0
 11
1248.89896614982
 21
2127.792295529587
 31
0.0
  0
LINE
  5
9C0
330
1F
100
AcDbEntity
  8
S-BOLT
  6
HIDDEN
 62
     1
 48
0.01
100
AcDbLine
 10
1252.688206940584
 20
2102.0698995637
 30
0.0
 11
1261.259879947567
 21
2107.22028031278
 31
0.0
  0
LINE
  5
9C1
330
1F
100
AcDbEntity
  8
8G
100
AcDbLine
 10
1306.509461090711
 20
2148.408572415901
 30
0.0
 11
1208.792388810703
 21
2089.694231876078
 31
0.0
  0
LWPOLYLINE
  5
9C2
330
1F
100
AcDbEntity
  8
4C
100
AcDbPolyline
 90
        6
 70
     0
 43
0.0
 10
1339.214603525514
 20
1958.065793045877
 10
1167.781143385029
 20
1855.058178063795
 10
1162.63076263589
 20
1863.629851070895
 10
1325.492549769275
 20
1961.487085303721
 10
1201.88341179087
 20
2167.207237472256
 10
1210.45508479797
 20
2172.357618221395
  0
LINE
  5
9C3
330
1F
100
AcDbEntity
  8
S-BEAM-CONC
100
AcDbLine
 10
1142.63076263589
 20
1839.946304718112
 30
0.0
 11
1955.860360913022
 21
2328.583944550446
 31
0.0
  0
HATCH
  5
9C4
330
1F
100
AcDbEntity
  8
1R
100
AcDbHatch
 10
0.0
 20
0.0
 30
0.0
210
0.0
220
0.0
230
1.0
  2
ANSI32
 70
     0
 71
     1
 91
        1
 92
        1
 93
       12
 72
     1
 10
1412.911811329118
 20
2032.680011274955
 11
1426.302801276833
 21
2010.393661456729
 72
     1
 10
1426.302801276833
 20
2010.393661456729
 11
1339.214603525514
 21
1958.065793045877
 72
     1
 10
1339.214603525514
 20
1958.065793045877
 11
1182.643028752805
 21
2218.644652459269
 72
     1
 10
1182.643028752805
 20
2218.644652459269
 11
1269.731226504125
 21
2270.97252087012
 72
     1
 10
1269.731226504125
 20
2270.97252087012
 11
1283.12221645184
 21
2248.686171051893
 72
     1
 10
1283.12221645184
 20
2248.686171051893
 11
1274.550543444857
 21
2243.535790302754
 72
     1
 10
1274.550543444857
 20
2243.535790302754
 11
1266.309934246281
 21
2257.250467113998
 72
     1
 10
1266.309934246281
 20
2257.250467113998
 11
1196.365082508928
 21
2215.223360201366
 72
     1
 10
1196.365082508928
 20
2215.223360201366
 11
1342.635895783358
 21
1971.787846801999
 72
     1
 10
1342.635895783358
 20
1971.787846801999
 11
1412.580747520711
 21
2013.814953714631
 72
     1
 10
1412.580747520711
 20
2013.814953714631
 11
1404.340138322135
 21
2027.529630525816
 72
     1
 10
1404.340138322135
 20
2027.529630525816
 11
1412.911811329118
 21
2032.680011274955
 97
        1
330
9A7
 75
     0
 76
     1
 52
31.00000000000279
 41
60.0
 77
     0
 78
     2
 53
76.00000000000278
 43
111338.6169052116
 44
41870.92029562996
 45
-21.83165384121018
 46
5.443242650991463
 79
     0
 53
76.00000000000278
 43
111347.7085373604
 44
41876.38309935089
 45
-21.83165384121018
 46
5.443242650991463
 79
     0
 98
        1
 10
1132.643028752805
 20
1833.945068754452
  0
HATCH
  5
9C5
330
1F
100
AcDbEntity
  8
1R
100
AcDbHatch
 10
0.0
 20
0.0
 30
0.0
210
0.0
220
0.0
230
1.0
  2
ANSI32
 70
     0
 71
     0
 91
        1
 92
        7
 72
     0
 73
     1
 93
        6
 10
1210.45508479797
 20
2172.357618221395
 10
1201.88341179087
 20
2167.207237472256
 10
1325.492549769275
 20
1961.487085303721
 10
1162.63076263589
 20
1863.629851070895
 10
1167.781143385029
 20
1855.058178063795
 10
1339.214603525514
 20
1958.065793045877
 97
        0
 75
     0
 76
     1
 52
90.00000000000001
 41
60.0
 77
     0
 78
     2
 53
166.0
 43
1132.643028752805
 44
1833.945068754452
 45
-5.443242650992527
 46
-21.83165384120992
 79
     0
 53
166.0
 43
1127.180225031843
 44
1843.036700903285
 45
-5.443242650992527
 46
-21.83165384120992
 79
     0
 47
0.4772176967200594
 98
        1
 10
1268.347264755561
 20
1921.179342591109
  0
DIMENSION
  5
9C6
102
{ACAD_XDICTIONARY
360
9C7
102
}
330
1F
100
AcDbEntity
  8
S-ANNO-DIMS
100
AcDbDimension
280
     0
  2
*D55
 10
882.4648327137714
 20
1975.281192317836
 30
0.0
 11
900.4911653357448
 21
1945.280336793279
 31
0.0
 70
   160
  1
35
 71
     5
 42
70.00000000009595
 73
     0
 74
     0
 75
     0
  3
DIM20
100
AcDbAlignedDimension
 13
1208.792388810703
 23
2089.694231876078
 33
0.0
 14
1167.596719762819
 24
2146.605714475875
 34
0.0
 50
301.0000000001846
100
AcDbRotatedDimension
  0
DIMENSION
  5
9C8
102
{ACAD_XDICTIONARY
360
9C9
102
}
330
1F
100
AcDbEntity
  8
S-ANNO-DIMS
100
AcDbDimension
280
     0
  2
*D56
 10
918.5174979570019
 20
1915.27948126835
 30
0.0
 11
1003.443453230521
 21
1861.311137576644
 31
0.0
 70
    32
  1
90
 71
     5
 42
179.999999999399
 73
     0
 74
     0
 75
     0
  3
DIM20
100
AcDbAlignedDimension
 13
1142.63076263589
 23
1839.946304718112
 33
0.0
 14
1208.792388810703
 24
2089.694231876136
 34
0.0
 50
301.0000000001846
100
AcDbRotatedDimension
  0
LWPOLYLINE
  5
9CA
330
1F
100
AcDbEntity
  8
S-MCUT
100
AcDbPolyline
 90
        9
 70
     0
 43
0.0
 10
1955.860360913022
 20
2328.583944550446
 10
2017.965608940038
 20
2234.779558283066
 10
2016.44437014444
 20
2154.209029834565
 10
2078.93657437076
 20
2114.683935218571
 10
2078.93657437076
 20
2033.09387876567
 10
2058.726543407116
 20
2025.17452675182
 10
2058.726543407116
 20
1777.50780200908
 10
2078.93657437076
 20
1769.588449995346
 10
2078.93657437076
 20
1339.946304718112
  0
LWPOLYLINE
  5
9CB
330
1F
100
AcDbEntity
  8
S-MCUT
100
AcDbPolyline
 90
        4
 70
     1
 43
0.0
 10
2078.93657437076
 20
1791.294704574764
 10
2078.93657437076
 20
2011.387624186195
 10
2099.146605334288
 20
2019.306976199987
 10
2099.146605334288
 20
1783.375352560972
  0
LWPOLYLINE
  5
9CC
330
1F
100
AcDbEntity
  8
S-MCUT
100
AcDbPolyline
 90
        4
 70
     1
 43
0.0
 10
2061.110166170795
 20
2260.508145480264
 10
2032.122579542964
 20
2252.588793466472
 10
2032.122579542964
 20
2163.907926770647
 10
2061.110166170795
 20
2155.988574756855
  0
HATCH
  5
9CD
330
1F
100
AcDbEntity
  8
S-BEAM-CONC-PATT
 62
     8
100
AcDbHatch
 10
0.0
 20
0.0
 30
0.0
210
0.0
220
0.0
230
1.0
  2
AR-CONC
 70
     0
 71
     0
 91
        1
 92
        7
 72
     0
 73
     1
 93
       11
 10
2078.93657437076
 20
1339.946304718112
 10
2078.936574370644
 20
1769.588449995346
 10
2058.726543407233
 20
1777.50780200908
 10
2058.726543407116
 20
2025.17452675182
 10
2078.93657437076
 20
2033.09387876567
 10
2078.93657437076
 20
2114.683935218629
 10
2016.444370144323
 20
2154.209029834565
 10
2017.965608940038
 20
2234.779558283066
 10
1955.860360913022
 20
2328.583944550446
 10
1142.63076263589
 20
1839.946304718112
 10
1142.63076263589
 20
1339.946304718112
 97
        0
 75
     0
 76
     1
 52
0.0
 41
40.0
 77
     0
 78
    13
 53
169.1051874269916
 43
936.2201308177755
 44
2151.890739452931
 45
-117.6229740476169
 46
262.8855948402043
 79
     2
 49
30.0
 49
-330.0
 53
114.1051874269916
 43
936.2201308177755
 44
2151.890739452931
 45
-235.8883243900343
 46
-194.8432410662273
 79
     2
 49
23.99999999999993
 49
-263.9999999999989
 53
219.5565874269916
 43
926.4182150790439
 44
2173.797870806557
 45
-353.5112424905115
 46
68.04262880688753
 79
     2
 49
25.496076
 49
-280.4568448
 53
165.2893874269916
 43
866.3218757956492
 44
2112.977580433675
 45
-149.8011518122922
 46
405.1957735612168
 79
     2
 49
45.0
 49
-495.0
 53
215.7407874269916
 43
853.8384677428258
 44
2146.74390259137
 45
-522.2990892611022
 46
137.1264426914817
 79
     2
 49
38.2441152
 49
-420.6852
 53
110.2893874269915
 43
866.3218757956492
 44
2112.977580433675
 45
-522.2991964476656
 46
137.1260348951753
 79
     2
 49
35.99999999999987
 49
-395.999999999999
 53
140.1051874269916
 43
864.3398600416695
 44
2157.654997699566
 45
24.57409428832042
 46
286.9496713505752
 79
     2
 49
30.0
 49
-330.0
 53
85.1051874269916
 43
864.3398600416695
 44
2157.654997699566
 45
-300.7744549044976
 46
-56.05280947135725
 79
     2
 49
24.0
 49
-264.0
 53
190.5565874269916
 43
866.3877164910518
 44
2181.567469035705
 45
-276.2001783451055
 46
230.8970753047102
 79
     2
 49
25.496076
 49
-280.4568448
 53
156.6051874269916
 43
936.2201308177755
 44
2151.890739452931
 45
-118.7093893701105
 46
-60.51999401334644
 79
     6
 49
0.0
 49
-260.8
 49
0.0
 49
-268.0
 49
0.0
 49
-265.0
 53
126.6051874269916
 43
936.2201308177755
 44
2151.890739452931
 45
-189.0277858224296
 46
15.20147976578893
 79
     6
 49
0.0
 49
-152.8
 49
0.0
 49
-254.8
 49
0.0
 49
-101.0
 53
86.60518742699162
 43
979.6083031243615
 44
2073.954185103204
 45
-95.98085585170144
 46
190.9546904529316
 79
     6
 49
0.0
 49
-99.99999999999971
 49
0.0
 49
-311.9999999999989
 49
0.0
 49
-413.9999999999989
 53
76.60518742699162
 43
999.064882633902
 44
2039.005057592142
 45
-148.4538986475101
 46
184.3414724698563
 79
     6
 49
0.0
 49
-130.0
 49
0.0
 49
-207.2
 49
0.0
 49
-294.0
 47
1.383736195573197
 98
        1
 10
1666.73447378636
 20
1682.959901644055
  0
HATCH
  5
9CE
330
1F
100
AcDbEntity
  8
S-BEAM-CONC-PATT
 62
     8
100
AcDbHatch
 10
0.0
 20
0.0
 30
0.0
210
0.0
220
0.0
230
1.0
  2
AR-CONC
 70
     0
 71
     1
 91
        1
 92
        1
 93
        4
 72
     1
 10
4447.407071039124
 20
1270.133503248126
 11
4447.407071039124
 21
1770.133503248126
 72
     1
 10
4447.407071039124
 20
1770.133503248126
 11
3947.407071039125
 21
1770.133503248126
 72
     1
 10
3947.407071039125
 20
1770.133503248126
 11
3947.407071039125
 21
1270.133503248126
 72
     1
 10
3947.407071039125
 20
1270.133503248126
 11
4447.407071039124
 21
1270.133503248126
 97
        1
330
94A
 75
     0
 76
     1
 52
0.0
 41
30.0
 77
     0
 78
    13
 53
50.0
 43
-814.3451894637692
 44
-213.9023921152439
 45
215.178054780226
 46
-18.82564049477853
 79
     2
 49
22.5
 49
-247.5
 53
355.0
 43
-814.3451894637692
 44
-213.9023921152439
 45
-41.6254000839
 46
225.6576401100035
 79
     2
 49
18.0
 49
-198.0
 53
100.4514
 43
-796.4136854637908
 44
-215.4711941152091
 45
173.5528145142064
 46
206.8318626182861
 79
     2
 49
19.1220569999999
 49
-210.3426335999992
 53
46.1842
 43
-814.3451894637692
 44
-153.9023921152438
 45
320.1723145876933
 46
-49.65570429870542
 79
     2
 49
33.75
 49
-371.25
 53
96.63559999999996
 43
-787.6641659637243
 44
-158.0403842152191
 45
280.398811664611
 46
292.2353612701325
 79
     2
 49
28.6830863999999
 49
-315.5138999999983
 53
351.1842000000001
 43
-814.3451894637692
 44
-153.9023921152438
 45
280.3985835400882
 46
292.2355802775974
 79
     2
 49
27.0
 49
-297.0
 53
21.0
 43
-784.3451894637691
 44
-168.9023921152438
 45
179.0721156355385
 46
-120.7856671996016
 79
     2
 49
22.5
 49
-247.5
 53
326.0
 43
-784.3451894637691
 44
-168.9023921152438
 45
72.99459957647451
 46
217.5450135140559
 79
     2
 49
18.0
 49
-198.0
 53
71.45140000000001
 43
-769.42251956377
 44
-178.9678739152478
 45
252.066788574447
 46
96.75914901298572
 79
     2
 49
19.122057
 49
-210.3426336
 53
37.5
 43
-814.3451894637692
 44
-213.9023921152439
 45
3.6479565951872
 46
99.86815614939345
 79
     6
 49
0.0
 49
-195.6
 49
0.0
 49
-201.0
 49
0.0
 49
-198.75
 53
7.499999999999999
 43
-814.3451894637692
 44
-213.9023921152439
 45
78.92086123264459
 46
118.323513564708
 79
     6
 49
0.0
 49
-114.6
 49
0.0
 49
-191.1
 49
0.0
 49
-75.75
 53
327.5
 43
-881.2451894637925
 44
-213.9023921152439
 45
160.1467308517227
 46
-6.766461520313939
 79
     6
 49
0.0
 49
-75.0
 49
0.0
 49
-234.0
 49
0.0
 49
-310.5
 53
317.5
 43
-911.2451894637924
 44
-213.9023921152439
 45
174.9558508027158
 46
30.03149469969529
 79
     6
 49
0.0
 49
-97.5
 49
0.0
 49
-155.4
 49
0.0
 49
-220.5
 98
        1
 10
-814.3451894637692
 20
-213.9023921152439
  0
INSERT
  5
9CF
330
1F
100
AcDbEntity
  8
TITLE
 62
     2
100
AcDbBlockReference
 66
     1
  2
CIR
 10
1656.083054735602
 20
6952.968949837988
 30
0.0
 41
20.0
 42
20.0
 43
20.0
  0
ATTRIB
  5
9D0
330
9CF
100
AcDbEntity
  8
TITLE
 62
     5
100
AcDbText
 10
1817.511626164173
 20
7003.06134102578
 30
0.0
 40
90.0
  1
A
  7
ROMANS
 72
     4
 11
1856.083054735602
 21
7048.061341025778
 31
0.0
100
AcDbAttribute
280
     0
  2
A
 70
     0
280
     0
  0
ATTRIB
  5
9D1
330
9CF
100
AcDbEntity
  8
TITLE
 62
     2
100
AcDbText
 10
1687.651384739281
 20
6859.406433355208
 30
0.0
 40
50.0
  1
--
 41
1.351845992146766
  7
ROMANS
 72
     5
 11
1842.148069556054
 21
6859.406433355208
 31
0.0
100
AcDbAttribute
280
     0
  2
S-1
 70
     0
280
     0
  0
ATTRIB
  5
9D2
330
9CF
100
AcDbEntity
  8
TITLE
 62
     2
100
AcDbText
 10
1863.28203732813
 20
6859.406433355208
 30
0.0
 40
50.0
  1
--
 41
1.362168215265782
  7
ROMANS
 72
     5
 11
2018.958404787077
 21
6859.406433355208
 31
0.0
100
AcDbAttribute
280
     0
  2
S-1
 70
     0
280
     0
  0
SEQEND
  5
9D3
330
9CF
100
AcDbEntity
  8
0
  0
TEXT
  5
9D4
330
1F
100
AcDbEntity
  8
TITLE
 62
     2
100
AcDbText
 10
1472.977367108884
 20
7460.793256817687
 30
0.0
 40
50.0
  1
SCALE :
 41
0.9
  7
ROMANS
100
AcDbText
  0
TEXT
  5
9D5
330
1F
100
AcDbEntity
  8
TITLE
 62
     6
100
AcDbText
 10
1465.447081015642
 20
7581.419710202154
 30
0.0
 40
120.0
  1
DETAILED SECTION
 41
0.9
  7
ROMANS
100
AcDbText
  0
LINE
  5
9D6
330
1F
100
AcDbEntity
  8
TITLE
 62
     2
100
AcDbLine
 10
998.529970970434
 20
7546.499754354427
 30
0.0
 11
3015.417955667166
 21
7546.499754354427
 31
0.0
  0
TEXT
  5
9D7
330
1F
100
AcDbEntity
  8
TITLE
 62
     2
100
AcDbText
 10
2694.136717684803
 20
7449.614739762805
 30
0.0
 40
50.0
  1
1:20 M.
 41
0.9
  7
ROMANS
 72
     2
 11
2953.422431970518
 21
7449.614739762805
 31
0.0
100
AcDbText
  0
INSERT
  5
9D8
330
1F
100
AcDbEntity
  8
TITLE
 62
     2
100
AcDbBlockReference
 66
     1
  2
CIR
 10
998.529970970434
 20
7546.499754354427
 30
0.0
 41
20.0
 42
20.0
 43
20.0
  0
ATTRIB
  5
9D9
330
9D8
100
AcDbEntity
  8
TITLE
 62
     5
100
AcDbText
 10
1134.24425668472
 20
7596.592145542217
 30
0.0
 40
90.0
  1
A1
  7
ROMANS
 72
     4
 11
1198.529970970434
 21
7641.592145542218
 31
0.0
100
AcDbAttribute
280
     0
  2
A
 70
     0
280
     0
  0
ATTRIB
  5
9DA
330
9D8
100
AcDbEntity
  8
TITLE
 62
     2
100
AcDbText
 10
1030.098300974113
 20
7452.937237871648
 30
0.0
 40
50.0
  1
--
 41
1.351845992146766
  7
ROMANS
 72
     5
 11
1184.594985790886
 21
7452.937237871648
 31
0.0
100
AcDbAttribute
280
     0
  2
S-1
 70
     0
280
     0
  0
ATTRIB
  5
9DB
330
9D8
100
AcDbEntity
  8
TITLE
 62
     2
100
AcDbText
 10
1205.728953562962
 20
7452.937237871648
 30
0.0
 40
50.0
  1
--
 41
1.362168215265782
  7
ROMANS
 72
     5
 11
1361.405321021909
 21
7452.937237871648
 31
0.0
100
AcDbAttribute
280
     0
  2
S-1
 70
     0
280
     0
  0
SEQEND
  5
9DC
330
9D8
100
AcDbEntity
  8
0
  0
INSERT
  5
9DD
330
1F
100
AcDbEntity
  8
TITLE
 62
     2
100
AcDbBlockReference
 66
     1
  2
CIR
 10
3372.42784251556
 20
8823.807575666837
 30
0.0
 41
11.25000000000041
 42
11.25000000000041
 43
11.25000000000041
  0
ATTRIB
  5
9DE
330
9DD
100
AcDbEntity
  8
TITLE
 62
     5
100
AcDbText
 10
3441.534985372706
 20
8851.984545709969
 30
0.0
 40
50.62500000000186
  1
A2
  7
ROMANS
 72
     4
 11
3484.927842515565
 21
8877.297045709971
 31
0.0
100
AcDbAttribute
280
     0
  2
A
 70
     0
280
     0
  0
ATTRIB
  5
9DF
330
9DD
100
AcDbEntity
  8
TITLE
 62
     2
100
AcDbText
 10
3390.18502814263
 20
8771.178660145272
 30
0.0
 40
28.12500000000103
  1
--
 41
1.351845992146767
  7
ROMANS
 72
     5
 11
3477.089413352068
 21
8771.178660145272
 31
0.0
100
AcDbAttribute
280
     0
  2
S-1
 70
     0
280
     0
  0
ATTRIB
  5
9E0
330
9DD
100
AcDbEntity
  8
TITLE
 62
     2
100
AcDbText
 10
3488.977270223862
 20
8771.178660145272
 30
0.0
 40
28.12500000000103
  1
--
 41
1.36216821526578
  7
ROMANS
 72
     5
 11
3576.545226919523
 21
8771.178660145272
 31
0.0
100
AcDbAttribute
280
     0
  2
S-1
 70
     0
280
     0
  0
SEQEND
  5
9E1
330
9DD
100
AcDbEntity
  8
0
  0
TEXT
  5
9E2
330
1F
100
AcDbEntity
  8
TITLE
 62
     2
100
AcDbText
 10
4079.666897061303
 20
7460.793256817687
 30
0.0
 40
50.0
  1
SCALE :
 41
0.9
  7
ROMANS
100
AcDbText
  0
TEXT
  5
9E3
330
1F
100
AcDbEntity
  8
TITLE
 62
     6
100
AcDbText
 10
4072.13661096806
 20
7581.419710202154
 30
0.0
 40
120.0
  1
DETAILED SECTION
 41
0.9
  7
ROMANS
100
AcDbText
  0
LINE
  5
9E4
330
1F
100
AcDbEntity
  8
TITLE
 62
     2
100
AcDbLine
 10
3605.219500922853
 20
7546.499754354427
 30
0.0
 11
5622.107485619585
 21
7546.499754354427
 31
0.0
  0
TEXT
  5
9E5
330
1F
100
AcDbEntity
  8
TITLE
 62
     2
100
AcDbText
 10
5300.826247637221
 20
7449.614739762805
 30
0.0
 40
50.0
  1
1:20 M.
 41
0.9
  7
ROMANS
 72
     2
 11
5560.111961922935
 21
7449.614739762805
 31
0.0
100
AcDbText
  0
INSERT
  5
9E6
330
1F
100
AcDbEntity
  8
TITLE
 62
     2
100
AcDbBlockReference
 66
     1
  2
CIR
 10
3605.219500922853
 20
7546.499754354427
 30
0.0
 41
20.0
 42
20.0
 43
20.0
  0
ATTRIB
  5
9E7
330
9E6
100
AcDbEntity
  8
TITLE
 62
     5
100
AcDbText
 10
3728.076643779996
 20
7596.592145542217
 30
0.0
 40
90.0
  1
A2
  7
ROMANS
 72
     4
 11
3805.219500922853
 21
7641.592145542218
 31
0.0
100
AcDbAttribute
280
     0
  2
A
 70
     0
280
     0
  0
ATTRIB
  5
9E8
330
9E6
100
AcDbEntity
  8
TITLE
 62
     2
100
AcDbText
 10
3636.787830926532
 20
7452.937237871648
 30
0.0
 40
50.0
  1
--
 41
1.351845992146766
  7
ROMANS
 72
     5
 11
3791.284515743305
 21
7452.937237871648
 31
0.0
100
AcDbAttribute
280
     0
  2
S-1
 70
     0
280
     0
  0
ATTRIB
  5
9E9
330
9E6
100
AcDbEntity
  8
TITLE
 62
     2
100
AcDbText
 10
3812.418483515381
 20
7452.937237871648
 30
0.0
 40
50.0
  1
--
 41
1.362168215265782
  7
ROMANS
 72
     5
 11
3968.094850974328
 21
7452.937237871648
 31
0.0
100
AcDbAttribute
280
     0
  2
S-1
 70
     0
280
     0
  0
SEQEND
  5
9EA
330
9E6
100
AcDbEntity
  8
0
  0
INSERT
  5
9EB
330
1F
100
AcDbEntity
  8
TITLE
 62
     2
100
AcDbBlockReference
 66
     1
  2
CIR
 10
328.8342071238749
 20
5782.025866393662
 30
0.0
 41
15.00000000000136
 42
15.00000000000136
 43
15.00000000000136
  0
ATTRIB
  5
9EC
330
9EB
100
AcDbEntity
  8
TITLE
 62
     5
100
AcDbText
 10
411.3342071238818
 20
5819.595159784508
 30
0.0
 40
67.50000000000574
  1
B2
  7
ROMANS
 72
     4
 11
478.8342071238876
 21
5853.345159784511
 31
0.0
100
AcDbAttribute
280
     0
  2
A
 70
     0
280
     0
  0
ATTRIB
  5
9ED
330
9EB
100
AcDbEntity
  8
TITLE
 62
     2
100
AcDbText
 10
352.5104546266357
 20
5711.853979031571
 30
0.0
 40
37.50000000000319
  1
--
 41
1.351845992146762
  7
ROMANS
 72
     5
 11
468.3829682392252
 21
5711.853979031571
 31
0.0
100
AcDbAttribute
280
     0
  2
S-1
 70
     0
280
     0
  0
ATTRIB
  5
9EE
330
9EB
100
AcDbEntity
  8
TITLE
 62
     2
100
AcDbText
 10
484.2334440682834
 20
5711.853979031571
 30
0.0
 40
37.50000000000319
  1
--
 41
1.362168215265785
  7
ROMANS
 72
     5
 11
600.9907196625036
 21
5711.853979031571
 31
0.0
100
AcDbAttribute
280
     0
  2
S-1
 70
     0
280
     0
  0
SEQEND
  5
9EF
330
9EB
100
AcDbEntity
  8
0
  0
INSERT
  5
9F0
330
1F
100
AcDbEntity
  8
TITLE
 62
     2
100
AcDbBlockReference
 66
     1
  2
CIR
 10
396.9593177087154
 20
4314.155793286765
 30
0.0
 41
20.0
 42
20.0
 43
20.0
  0
ATTRIB
  5
9F1
330
9F0
100
AcDbEntity
  8
TITLE
 62
     5
100
AcDbText
 10
519.8164605658583
 20
4364.248184474556
 30
0.0
 40
90.0
  1
B1
  7
ROMANS
 72
     4
 11
596.9593177087154
 21
4409.248184474556
 31
0.0
100
AcDbAttribute
280
     0
  2
A
 70
     0
280
     0
  0
ATTRIB
  5
9F2
330
9F0
100
AcDbEntity
  8
TITLE
 62
     2
100
AcDbText
 10
428.5276477123943
 20
4220.593276803985
 30
0.0
 40
50.0
  1
--
 41
1.351845992146766
  7
ROMANS
 72
     5
 11
583.0243325291676
 21
4220.593276803985
 31
0.0
100
AcDbAttribute
280
     0
  2
S-1
 70
     0
280
     0
  0
ATTRIB
  5
9F3
330
9F0
100
AcDbEntity
  8
TITLE
 62
     2
100
AcDbText
 10
604.1583003012438
 20
4220.593276803985
 30
0.0
 40
50.0
  1
--
 41
1.362168215265782
  7
ROMANS
 72
     5
 11
759.8346677601902
 21
4220.593276803985
 31
0.0
100
AcDbAttribute
280
     0
  2
S-1
 70
     0
280
     0
  0
SEQEND
  5
9F4
330
9F0
100
AcDbEntity
  8
0
  0
INSERT
  5
9F5
330
1F
100
AcDbEntity
  8
TITLE
 62
     2
100
AcDbBlockReference
 66
     1
  2
CIR
 10
917.1529313344873
 20
3817.361332233144
 30
0.0
 41
20.0
 42
20.0
 43
20.0
  0
ATTRIB
  5
9F6
330
9F5
100
AcDbEntity
  8
TITLE
 62
     5
100
AcDbText
 10
1070.01007419163
 20
3867.453723420935
 30
0.0
 40
90.0
  1
B
  7
ROMANS
 72
     4
 11
1117.152931334487
 21
3912.453723420935
 31
0.0
100
AcDbAttribute
280
     0
  2
A
 70
     0
280
     0
  0
ATTRIB
  5
9F7
330
9F5
100
AcDbEntity
  8
TITLE
 62
     2
100
AcDbText
 10
948.7212613381661
 20
3723.798815750364
 30
0.0
 40
50.0
  1
--
 41
1.351845992146766
  7
ROMANS
 72
     5
 11
1103.217946154939
 21
3723.798815750364
 31
0.0
100
AcDbAttribute
280
     0
  2
S-1
 70
     0
280
     0
  0
ATTRIB
  5
9F8
330
9F5
100
AcDbEntity
  8
TITLE
 62
     2
100
AcDbText
 10
1124.351913927015
 20
3723.798815750364
 30
0.0
 40
50.0
  1
--
 41
1.362168215265782
  7
ROMANS
 72
     5
 11
1280.028281385962
 21
3723.798815750364
 31
0.0
100
AcDbAttribute
280
     0
  2
S-1
 70
     0
280
     0
  0
SEQEND
  5
9F9
330
9F5
100
AcDbEntity
  8
0
  0
TEXT
  5
9FA
330
1F
100
AcDbEntity
  8
TITLE
 62
     2
100
AcDbText
 10
3916.383173773708
 20
4228.449295750026
 30
0.0
 40
50.0
  1
SCALE :
 41
0.9
  7
ROMANS
100
AcDbText
  0
TEXT
  5
9FB
330
1F
100
AcDbEntity
  8
TITLE
 62
     6
100
AcDbText
 10
3900.293572938931
 20
4365.298533013112
 30
0.0
 40
120.0
  1
DETAILED SECTION
 41
0.9
  7
ROMANS
100
AcDbText
  0
LINE
  5
9FC
330
1F
100
AcDbEntity
  8
TITLE
 62
     2
100
AcDbLine
 10
3441.935777635258
 20
4314.155793286765
 30
0.0
 11
5408.160501728593
 21
4314.435035464085
 31
0.0
  0
TEXT
  5
9FD
330
1F
100
AcDbEntity
  8
TITLE
 62
     2
100
AcDbText
 10
5113.803938422961
 20
4233.889978649175
 30
0.0
 40
50.0
  1
1:20 M.
 41
0.9
  7
ROMANS
 72
     2
 11
5373.089652708675
 21
4233.889978649175
 31
0.0
100
AcDbText
  0
INSERT
  5
9FE
330
1F
100
AcDbEntity
  8
TITLE
 62
     2
100
AcDbBlockReference
 66
     1
  2
CIR
 10
3441.935777635258
 20
4314.155793286765
 30
0.0
 41
20.0
 42
20.0
 43
20.0
  0
ATTRIB
  5
9FF
330
9FE
100
AcDbEntity
  8
TITLE
 62
     5
100
AcDbText
 10
3551.935777635258
 20
4364.248184474556
 30
0.0
 40
90.0
  1
B2
  7
ROMANS
 72
     4
 11
3641.935777635258
 21
4409.248184474556
 31
0.0
100
AcDbAttribute
280
     0
  2
A
 70
     0
280
     0
  0
ATTRIB
  5
A00
330
9FE
100
AcDbEntity
  8
TITLE
 62
     2
100
AcDbText
 10
3473.504107638937
 20
4220.593276803985
 30
0.0
 40
50.0
  1
--
 41
1.351845992146766
  7
ROMANS
 72
     5
 11
3628.00079245571
 21
4220.593276803985
 31
0.0
100
AcDbAttribute
280
     0
  2
S-1
 70
     0
280
     0
  0
ATTRIB
  5
A01
330
9FE
100
AcDbEntity
  8
TITLE
 62
     2
100
AcDbText
 10
3649.134760227787
 20
4220.593276803985
 30
0.0
 40
50.0
  1
--
 41
1.362168215265782
  7
ROMANS
 72
     5
 11
3804.811127686733
 21
4220.593276803985
 31
0.0
100
AcDbAttribute
280
     0
  2
S-1
 70
     0
280
     0
  0
SEQEND
  5
A02
330
9FE
100
AcDbEntity
  8
0
  0
INSERT
  5
A03
330
1F
100
AcDbEntity
  8
TITLE
 62
     2
100
AcDbBlockReference
 66
     1
  2
CIR
 10
713.2579576564321
 20
2282.94996762016
 30
0.0
 41
15.00000000000136
 42
15.00000000000136
 43
15.00000000000136
  0
ATTRIB
  5
A04
330
A03
100
AcDbEntity
  8
TITLE
 62
     5
100
AcDbText
 10
797.365100513582
 20
2320.519261011006
 30
0.0
 40
67.50000000000574
  1
C2
  7
ROMANS
 72
     4
 11
863.2579576564449
 21
2354.269261011009
 31
0.0
100
AcDbAttribute
280
     0
  2
A
 70
     0
280
     0
  0
ATTRIB
  5
A05
330
A03
100
AcDbEntity
  8
TITLE
 62
     2
100
AcDbText
 10
736.9342051591929
 20
2212.778080258069
 30
0.0
 40
37.50000000000319
  1
--
 41
1.351845992146762
  7
ROMANS
 72
     5
 11
852.8067187717825
 21
2212.778080258069
 31
0.0
100
AcDbAttribute
280
     0
  2
S-1
 70
     0
280
     0
  0
ATTRIB
  5
A06
330
A03
100
AcDbEntity
  8
TITLE
 62
     2
100
AcDbText
 10
868.6571946008408
 20
2212.778080258069
 30
0.0
 40
37.50000000000319
  1
--
 41
1.362168215265785
  7
ROMANS
 72
     5
 11
985.4144701950609
 21
2212.778080258069
 31
0.0
100
AcDbAttribute
280
     0
  2
S-1
 70
     0
280
     0
  0
SEQEND
  5
A07
330
A03
100
AcDbEntity
  8
0
  0
INSERT
  5
A08
330
1F
100
AcDbEntity
  8
TITLE
 62
     2
100
AcDbBlockReference
 66
     1
  2
CIR
 10
938.6597111824594
 20
200.0000109264724
 30
0.0
 41
20.0
 42
20.0
 43
20.0
  0
ATTRIB
  5
A09
330
A08
100
AcDbEntity
  8
TITLE
 62
     5
100
AcDbText
 10
1093.659711182459
 20
250.0924021142632
 30
0.0
 40
90.0
  1
C
  7
ROMANS
 72
     4
 11
1138.659711182459
 21
295.0924021142632
 31
0.0
100
AcDbAttribute
280
     0
  2
A
 70
     0
280
     0
  0
ATTRIB
  5
A0A
330
A08
100
AcDbEntity
  8
TITLE
 62
     2
100
AcDbText
 10
970.2280411861384
 20
106.4374944436927
 30
0.0
 40
50.0
  1
--
 41
1.351845992146766
  7
ROMANS
 72
     5
 11
1124.724726002911
 21
106.4374944436927
 31
0.0
100
AcDbAttribute
280
     0
  2
S-1
 70
     0
280
     0
  0
ATTRIB
  5
A0B
330
A08
100
AcDbEntity
  8
TITLE
 62
     2
100
AcDbText
 10
1145.858693774988
 20
106.4374944436927
 30
0.0
 40
50.0
  1
--
 41
1.362168215265782
  7
ROMANS
 72
     5
 11
1301.535061233934
 21
106.4374944436927
 31
0.0
100
AcDbAttribute
280
     0
  2
S-1
 70
     0
280
     0
  0
SEQEND
  5
A0C
330
A08
100
AcDbEntity
  8
0
  0
INSERT
  5
A0D
330
1F
100
AcDbEntity
  8
TITLE
 62
     2
100
AcDbBlockReference
 66
     1
  2
CIR
 10
623.4351910120312
 20
838.868584906238
 30
0.0
 41
20.0
 42
20.0
 43
20.0
  0
ATTRIB
  5
A0E
330
A0D
100
AcDbEntity
  8
TITLE
 62
     5
100
AcDbText
 10
748.4351910120312
 20
888.9609760940288
 30
0.0
 40
90.0
  1
C1
  7
ROMANS
 72
     4
 11
823.4351910120313
 21
933.9609760940289
 31
0.0
100
AcDbAttribute
280
     0
  2
A
 70
     0
280
     0
  0
ATTRIB
  5
A0F
330
A0D
100
AcDbEntity
  8
TITLE
 62
     2
100
AcDbText
 10
655.0035210157102
 20
745.3060684234583
 30
0.0
 40
50.0
  1
--
 41
1.351845992146766
  7
ROMANS
 72
     5
 11
809.5002058324835
 21
745.3060684234583
 31
0.0
100
AcDbAttribute
280
     0
  2
S-1
 70
     0
280
     0
  0
ATTRIB
  5
A10
330
A0D
100
AcDbEntity
  8
TITLE
 62
     2
100
AcDbText
 10
830.6341736045597
 20
745.3060684234583
 30
0.0
 40
50.0
  1
--
 41
1.362168215265782
  7
ROMANS
 72
     5
 11
986.3105410635062
 21
745.3060684234583
 31
0.0
100
AcDbAttribute
280
     0
  2
S-1
 70
     0
280
     0
  0
SEQEND
  5
A11
330
A0D
100
AcDbEntity
  8
0
  0
TEXT
  5
A12
330
1F
100
AcDbEntity
  8
TITLE
 62
     2
100
AcDbText
 10
4833.192468716103
 20
758.6027702686479
 30
0.0
 40
50.0
  1
1:20 M.
 41
0.9
  7
ROMANS
 72
     2
 11
5092.478183001818
 21
758.6027702686479
 31
0.0
100
AcDbText
  0
LINE
  5
A13
330
1F
100
AcDbEntity
  8
TITLE
 62
     2
100
AcDbLine
 10
3146.005505661349
 20
838.8685849062385
 30
0.0
 11
5127.549032021736
 21
839.1478270835577
 31
0.0
  0
TEXT
  5
A14
330
1F
100
AcDbEntity
  8
TITLE
 62
     6
100
AcDbText
 10
3611.299985889367
 20
890.0113246325854
 30
0.0
 40
120.0
  1
DETAILED SECTION
 41
0.9
  7
ROMANS
100
AcDbText
  0
TEXT
  5
A15
330
1F
100
AcDbEntity
  8
TITLE
 62
     2
100
AcDbText
 10
3620.452901799799
 20
753.1620873694992
 30
0.0
 40
50.0
  1
SCALE :
 41
0.9
  7
ROMANS
100
AcDbText
  0
INSERT
  5
A16
330
1F
100
AcDbEntity
  8
TITLE
 62
     2
100
AcDbBlockReference
 66
     1
  2
CIR
 10
3146.005505661349
 20
838.868584906238
 30
0.0
 41
20.0
 42
20.0
 43
20.0
  0
ATTRIB
  5
A17
330
A16
100
AcDbEntity
  8
TITLE
 62
     5
100
AcDbText
 10
3258.148362804206
 20
888.9609760940288
 30
0.0
 40
90.0
  1
C2
  7
ROMANS
 72
     4
 11
3346.005505661349
 21
933.9609760940289
 31
0.0
100
AcDbAttribute
280
     0
  2
A
 70
     0
280
     0
  0
ATTRIB
  5
A18
330
A16
100
AcDbEntity
  8
TITLE
 62
     2
100
AcDbText
 10
3177.573835665028
 20
745.3060684234583
 30
0.0
 40
50.0
  1
--
 41
1.351845992146766
  7
ROMANS
 72
     5
 11
3332.070520481801
 21
745.3060684234583
 31
0.0
100
AcDbAttribute
280
     0
  2
S-1
 70
     0
280
     0
  0
ATTRIB
  5
A19
330
A16
100
AcDbEntity
  8
TITLE
 62
     2
100
AcDbText
 10
3353.204488253878
 20
745.3060684234583
 30
0.0
 40
50.0
  1
--
 41
1.362168215265782
  7
ROMANS
 72
     5
 11
3508.880855712824
 21
745.3060684234583
 31
0.0
100
AcDbAttribute
280
     0
  2
S-1
 70
     0
280
     0
  0
SEQEND
  5
A1A
330
A16
100
AcDbEntity
  8
0
  0
ENDSEC
  0
SECTION
  2
OBJECTS
  0
DICTIONARY
  5
C
330
0
100
AcDbDictionary
281
     1
  3
ACAD_CIP_PREVIOUS_PRODUCT_INFO
350
216
  3
ACAD_COLOR
350
6B
  3
ACAD_DETAILVIEWSTYLE
350
21B
  3
ACAD_GROUP
350
D
  3
ACAD_LAYOUT
350
1A
  3
ACAD_MATERIAL
350
6A
  3
ACAD_MLEADERSTYLE
350
12D
  3
ACAD_MLINESTYLE
350
17
  3
ACAD_PLOTSETTINGS
350
19
  3
ACAD_PLOTSTYLENAME
350
E
  3
ACAD_SCALELIST
350
10C
  3
ACAD_SECTIONVIEWSTYLE
350
219
  3
ACAD_TABLESTYLE
350
7E
  3
ACAD_VISUALSTYLE
350
EF
  3
ACDB_RECOMPOSE_DATA
350
B7A
  3
AcDbVariableDictionary
350
5E
  3
AEC_PROPERTY_SET_DEFS
350
70F
  0
DICTIONARY
  5
1FF
330
2
100
AcDbDictionary
280
     1
281
     1
  3
ACAD_LAYERSTATES
360
200
  0
DICTIONARY
  5
13C
330
10
100
AcDbDictionary
280
     1
281
     1
  0
DICTIONARY
  5
3E0
330
3DF
100
AcDbDictionary
280
     1
281
     1
  0
DICTIONARY
  5
1CE
330
1F
100
AcDbDictionary
280
     1
281
     1
  0
DICTIONARY
  5
8F3
330
8F2
100
AcDbDictionary
280
     1
281
     1
  0
DICTIONARY
  5
8F5
330
8F4
100
AcDbDictionary
280
     1
281
     1
  0
DICTIONARY
  5
8F7
330
8F6
100
AcDbDictionary
280
     1
281
     1
  0
DICTIONARY
  5
8F9
330
8F8
100
AcDbDictionary
280
     1
281
     1
  0
DICTIONARY
  5
8FB
330
8FA
100
AcDbDictionary
280
     1
281
     1
  0
DICTIONARY
  5
8FD
330
8FC
100
AcDbDictionary
280
     1
281
     1
  0
DICTIONARY
  5
900
330
8FF
100
AcDbDictionary
280
     1
281
     1
  0
DICTIONARY
  5
93B
330
93A
100
AcDbDictionary
280
     1
281
     1
  0
DICTIONARY
  5
93D
330
93C
100
AcDbDictionary
280
     1
281
     1
  0
DICTIONARY
  5
97E
330
97D
100
AcDbDictionary
280
     1
281
     1
  0
DICTIONARY
  5
980
330
97F
100
AcDbDictionary
280
     1
281
     1
  0
DICTIONARY
  5
982
330
981
100
AcDbDictionary
280
     1
281
     1
  0
DICTIONARY
  5
984
330
983
100
AcDbDictionary
280
     1
281
     1
  0
DICTIONARY
  5
986
330
985
100
AcDbDictionary
280
     1
281
     1
  0
DICTIONARY
  5
988
330
987
100
AcDbDictionary
280
     1
281
     1
  0
DICTIONARY
  5
98B
330
98A
100
AcDbDictionary
280
     1
281
     1
  0
DICTIONARY
  5
9A1
330
9A0
100
AcDbDictionary
280
     1
281
     1
  0
DICTIONARY
  5
9C7
330
9C6
100
AcDbDictionary
280
     1
281
     1
  0
DICTIONARY
  5
9C9
330
9C8
100
AcDbDictionary
280
     1
281
     1
  0
XRECORD
  5
216
102
{ACAD_REACTORS
330
C
102
}
330
C
100
AcDbXrecord
280
     1
300
ACD
300
2019
300
ACD_F_S
  0
DICTIONARY
  5
6B
102
{ACAD_REACTORS
330
C
102
}
330
C
100
AcDbDictionary
281
     1
  0
DICTIONARY
  5
21B
102
{ACAD_REACTORS
330
C
102
}
330
C
100
AcDbDictionary
281
     1
  3
Imperial24
350
3FE
  3
Metric50
350
21C
  0
DICTIONARY
  5
D
102
{ACAD_REACTORS
330
C
102
}
330
C
100
AcDbDictionary
281
     1
  0
DICTIONARY
  5
1A
102
{ACAD_REACTORS
330
C
102
}
330
C
100
AcDbDictionary
281
     1
  3
Layout1
350
D3
  3
Layout2
350
D7
  3
Model
350
22
  0
DICTIONARY
  5
6A
102
{ACAD_REACTORS
330
C
102
}
330
C
100
AcDbDictionary
281
     1
  3
ByBlock
350
ED
  3
ByLayer
350
EC
  3
Global
350
EE
  0
DICTIONARY
  5
12D
102
{ACAD_REACTORS
330
C
102
}
330
C
100
AcDbDictionary
281
     1
  3
Annotative
350
13B
  3
Standard
350
12E
  0
DICTIONARY
  5
17
102
{ACAD_REACTORS
330
C
102
}
330
C
100
AcDbDictionary
281
     1
  3
Standard
350
18
  0
DICTIONARY
  5
19
102
{ACAD_REACTORS
330
C
102
}
330
C
100
AcDbDictionary
281
     1
  0
ACDBDICTIONARYWDFLT
  5
E
102
{ACAD_REACTORS
330
C
102
}
330
C
100
AcDbDictionary
281
     1
  3
Normal
350
F
100
AcDbDictionaryWithDefault
340
F
  0
DICTIONARY
  5
10C
102
{ACAD_REACTORS
330
C
102
}
330
C
100
AcDbDictionary
281
     1
  3
*A1
350
3FC
  3
A0
350
10D
  3
A1
350
1BE
  3
A2
350
1BF
  3
A3
350
1C0
  3
A4
350
1C1
  3
A5
350
1C2
  3
A6
350
1C3
  3
A7
350
1C4
  3
A8
350
1C5
  3
A9
350
1C6
  3
B0
350
1C7
  3
B1
350
1C8
  3
B2
350
1C9
  3
B3
350
1CA
  3
B4
350
1CB
  3
B5
350
1CC
  3
B6
350
1CD
  0
DICTIONARY
  5
219
102
{ACAD_REACTORS
330
C
102
}
330
C
100
AcDbDictionary
281
     1
  3
Imperial24
350
3FD
  3
Metric50
350
21A
  0
DICTIONARY
  5
7E
102
{ACAD_REACTORS
330
C
102
}
330
C
100
AcDbDictionary
281
     1
  3
Standard
350
7F
  0
DICTIONARY
  5
EF
102
{ACAD_REACTORS
330
C
102
}
330
C
100
AcDbDictionary
281
     1
  3
2dWireframe
350
F5
  3
Basic
350
F4
  3
Brighten
350
FB
  3
ColorChange
350
FF
  3
Conceptual
350
F8
  3
Dim
350
FA
  3
EdgeColorOff
350
1E6
  3
Facepattern
350
FE
  3
Flat
350
F0
  3
FlatWithEdges
350
F1
  3
Gouraud
350
F2
  3
GouraudWithEdges
350
F3
  3
Hidden
350
F7
  3
JitterOff
350
1E4
  3
Linepattern
350
FD
  3
OverhangOff
350
1E5
  3
Realistic
350
F9
  3
Shaded
350
1F3
  3
Shaded with edges
350
1F2
  3
Shades of Gray
350
1EF
  3
Sketchy
350
1F0
  3
Thicken
350
FC
  3
Wireframe
350
F6
  3
X-Ray
350
1F1
  0
XRECORD
  5
B7A
102
{ACAD_REACTORS
330
C
102
}
330
C
100
AcDbXrecord
280
     1
 90
        1
330
7F
  0
DICTIONARY
  5
5E
102
{ACAD_REACTORS
330
C
102
}
330
C
100
AcDbDictionary
281
     1
  3
CANNOSCALE
350
146
  3
CENTEREXE
350
259
  3
CENTERLTYPEFILE
350
25A
  3
CMLEADERSTYLE
350
145
  3
CTABLESTYLE
350
84
  3
CVIEWDETAILSTYLE
350
227
  3
CVIEWSECTIONSTYLE
350
228
  3
DIMASSOC
350
5F
  3
HIDETEXT
350
63
  3
LAYEREVAL
350
1AE
  3
LAYERNOTIFY
350
1AF
  0
DICTIONARY
  5
70F
102
{ACAD_REACTORS
330
C
102
}
330
C
100
AcDbDictionary
281
     1
  0
DICTIONARY
  5
200
102
{ACAD_REACTORS
330
1FF
102
}
330
1FF
100
AcDbDictionary
281
     1
  0
ACDBDETAILVIEWSTYLE
  5
3FE
102
{ACAD_REACTORS
330
21B
102
}
330
21B
100
AcDbModelDocViewStyle
 70
     0
  3
Imperial24
290
     0
300
Imperial24
 90
        0
100
AcDbDetailViewStyle
 70
     0
 71
     0
 90
        3
 71
     1
340
11
 62
   256
 40
0.24
340
0
 62
   256
 40
0.24
300

 40
0.36
280
     3
 71
     2
340
16
 90
       25
 62
   256
 71
     3
340
11
 62
   256
 40
0.24
 90
        1
 40
0.75
 90
        1
300
%<\AcVar ViewType \f "%tc1">% %<\AcVar ViewDetailId>%\PSCALE %<\AcVar ViewScale \f "%sn">%
 71
     4
340
16
 90
       25
 62
   256
340
16
 90
       25
 62
   256
280
     0
  0
ACDBDETAILVIEWSTYLE
  5
21C
102
{ACAD_REACTORS
330
21B
102
}
330
21B
100
AcDbModelDocViewStyle
 70
     0
  3
Metric50
290
     0
300
Metric50
 90
        0
100
AcDbDetailViewStyle
 70
     0
 71
     0
 90
        3
 71
     1
340
11
 62
   256
 40
5.0
340
0
 62
   256
 40
5.0
300

 40
0.0
280
     1
 71
     2
340
16
 90
       25
 62
   256
 71
     3
340
11
 62
   256
 40
5.0
 90
        0
 40
15.0
 90
        1
300
%<\AcVar ViewDetailId>% (%<\AcVar ViewScale \f "%sn">%)
 71
     4
340
16
 90
       25
 62
   256
340
16
 90
       25
 62
   256
280
     0
  0
LAYOUT
  5
D3
102
{ACAD_REACTORS
330
1A
102
}
330
1A
100
AcDbPlotSettings
  1

  2
C:\Documents and Settings\basas\Application Data\Autodesk\AutoCAD 2005\R16.1\enu\plotters\Default Windows System Printer.pc3
  4

  6

 40
0.0
 41
0.0
 42
0.0
 43
0.0
 44
0.0
 45
0.0
 46
0.0
 47
0.0
 48
0.0
 49
0.0
140
0.0
141
0.0
142
1.0
143
1.0
 70
   688
 72
     0
 73
     0
 74
     5
  7

 75
    16
147
1.0
 76
     0
 77
     2
 78
   300
148
0.0
149
0.0
100
AcDbLayout
  1
Layout1
 70
     1
 71
     1
 10
0.0
 20
0.0
 11
12.0
 21
9.0
 12
0.0
 22
0.0
 32
0.0
 14
0.0
 24
0.0
 34
0.0
 15
0.0
 25
0.0
 35
0.0
146
0.0
 13
0.0
 23
0.0
 33
0.0
 16
1.0
 26
0.0
 36
0.0
 17
0.0
 27
1.0
 37
0.0
 76
     0
330
D2
  0
LAYOUT
  5
D7
102
{ACAD_REACTORS
330
1A
102
}
330
1A
100
AcDbPlotSettings
  1

  2
C:\Documents and Settings\basas\Application Data\Autodesk\AutoCAD 2005\R16.1\enu\plotters\Default Windows System Printer.pc3
  4

  6

 40
0.0
 41
0.0
 42
0.0
 43
0.0
 44
0.0
 45
0.0
 46
0.0
 47
0.0
 48
0.0
 49
0.0
140
0.0
141
0.0
142
1.0
143
1.0
 70
   688
 72
     0
 73
     0
 74
     5
  7

 75
    16
147
1.0
 76
     0
 77
     2
 78
   300
148
0.0
149
0.0
100
AcDbLayout
  1
Layout2
 70
     1
 71
     2
 10
0.0
 20
0.0
 11
12.0
 21
9.0
 12
0.0
 22
0.0
 32
0.0
 14
0.0
 24
0.0
 34
0.0
 15
0.0
 25
0.0
 35
0.0
146
0.0
 13
0.0
 23
0.0
 33
0.0
 16
1.0
 26
0.0
 36
0.0
 17
0.0
 27
1.0
 37
0.0
 76
     0
330
D6
  0
LAYOUT
  5
22
102
{ACAD_XDICTIONARY
360
205
102
}
102
{ACAD_REACTORS
330
1A
102
}
330
1A
100
AcDbPlotSettings
  1

  2
none_device
  4
ISO_A4_(210.00_x_297.00_MM)
  6

 40
7.5
 41
20.0
 42
7.5
 43
20.0
 44
210.0
 45
297.0
 46
11.54999923706054
 47
-13.65000009536743
 48
0.0
 49
0.0
140
0.0
141
0.0
142
1.0
143
8.704084754739808
 70
 11952
 72
     1
 73
     0
 74
     0
  7

 75
     0
147
0.1148885871608098
 76
     0
 77
     2
 78
   300
148
0.0
149
0.0
100
AcDbLayout
  1
Model
 70
     1
 71
     0
 10
0.0
 20
0.0
 11
12.0
 21
9.0
 12
0.0
 22
0.0
 32
0.0
 14
0.0
 24
0.0
 34
0.0
 15
0.0
 25
0.0
 35
0.0
146
0.0
 13
0.0
 23
0.0
 33
0.0
 16
1.0
 26
0.0
 36
0.0
 17
0.0
 27
1.0
 37
0.0
 76
     0
330
1F
331
EA
1001
ACAD_PSEXT
1000
None
1000
None
1000
Not applicable
1000
The layout will not be plotted unless a new plotter configuration name is selected.
1070
     0
  0
MATERIAL
  5
ED
102
{ACAD_XDICTIONARY
360
1F9
102
}
102
{ACAD_REACTORS
330
6A
102
}
330
6A
100
AcDbMaterial
  1
ByBlock
 94
       63
  0
MATERIAL
  5
EC
102
{ACAD_XDICTIONARY
360
1F7
102
}
102
{ACAD_REACTORS
330
6A
102
}
330
6A
100
AcDbMaterial
  1
ByLayer
 94
       63
  0
MATERIAL
  5
EE
102
{ACAD_XDICTIONARY
360
173
102
}
102
{ACAD_REACTORS
330
6A
102
}
330
6A
100
AcDbMaterial
  1
Global
 43
0.0007999999797903
 43
0.0
 43
0.0
 43
0.0
 43
0.0
 43
0.0007999999797903
 43
0.0
 43
0.0
 43
0.0
 43
0.0
 43
1.0
 43
0.0
 43
0.0
 43
0.0
 43
0.0
 43
1.0
 49
0.0007999999797903
 49
0.0
 49
0.0
 49
0.0
 49
0.0
 49
0.0007999999797903
 49
0.0
 49
0.0
 49
0.0
 49
0.0
 49
1.0
 49
0.0
 49
0.0
 49
0.0
 49
0.0
 49
1.0
142
0.0007999999797903
142
0.0
142
0.0
142
0.0
142
0.0
142
0.0007999999797903
142
0.0
142
0.0
142
0.0
142
0.0
142
1.0
142
0.0
142
0.0
142
0.0
142
0.0
142
1.0
144
0.0007999999797903
144
0.0
144
0.0
144
0.0
144
0.0
144
0.0007999999797903
144
0.0
144
0.0
144
0.0
144
0.0
144
1.0
144
0.0
144
0.0
144
0.0
144
0.0
144
1.0
 94
       63
1001
ACAD
1070
    -1
1070
     3
1070
     0
1000

1071
        0
1070
     0
  0
MLEADERSTYLE
  5
13B
102
{ACAD_REACTORS
330
12D
102
}
330
12D
100
AcDbMLeaderStyle
179
     2
170
     2
171
     1
172
     0
 90
        2
 40
0.0
 41
0.0
173
     1
 91
-1056964608
340
14
 92
       -2
290
     1
 42
2.0
291
     1
 43
8.0
  3
Standard
 44
4.0
300

342
11
174
     1
178
     1
175
     1
176
     0
 93
-1056964608
 45
4.0
292
     0
297
     0
 46
4.0
 94
-1056964608
 47
1.0
 49
1.0
140
1.0
293
     1
141
0.0
294
     1
177
     0
142
1.0
295
     0
296
     1
143
3.75
271
     0
272
     9
273
     9
298
     0
  0
MLEADERSTYLE
  5
12E
102
{ACAD_REACTORS
330
12D
102
}
330
12D
100
AcDbMLeaderStyle
179
     2
170
     2
171
     1
172
     0
 90
        2
 40
0.0
 41
0.0
173
     1
 91
-1056964608
340
14
 92
       -2
290
     1
 42
2.0
291
     1
 43
8.0
  3
Standard
 44
4.0
300

342
11
174
     1
178
     1
175
     1
176
     0
 93
-1056964608
 45
4.0
292
     0
297
     0
 46
4.0
 94
-1056964608
 47
1.0
 49
1.0
140
1.0
293
     1
141
0.0
294
     1
177
     0
142
1.0
295
     0
296
     0
143
3.75
271
     0
272
     9
273
     9
298
     0
  0
MLINESTYLE
  5
18
102
{ACAD_REACTORS
330
17
102
}
330
17
100
AcDbMlineStyle
  2
STANDARD
 70
     0
  3

 62
   256
 51
90.0
 52
90.0
 71
     2
 49
0.5
 62
   256
  6
BYLAYER
 49
-0.5
 62
   256
  6
BYLAYER
  0
ACDBPLACEHOLDER
  5
F
102
{ACAD_REACTORS
330
E
102
}
330
E
  0
SCALE
  5
3FC
102
{ACAD_REACTORS
330
10C
102
}
330
10C
100
AcDbScale
 70
     0
300
1/8" = 1'-0"
140
0.125
141
12.0
290
     0
  0
SCALE
  5
10D
102
{ACAD_REACTORS
330
10C
102
}
330
10C
100
AcDbScale
 70
     0
300
1:1
140
1.0
141
1.0
290
     1
  0
SCALE
  5
1BE
102
{ACAD_REACTORS
330
10C
102
}
330
10C
100
AcDbScale
 70
     0
300
1:2
140
1.0
141
2.0
290
     0
  0
SCALE
  5
1BF
102
{ACAD_REACTORS
330
10C
102
}
330
10C
100
AcDbScale
 70
     0
300
1:4
140
1.0
141
4.0
290
     0
  0
SCALE
  5
1C0
102
{ACAD_REACTORS
330
10C
102
}
330
10C
100
AcDbScale
 70
     0
300
1:5
140
1.0
141
5.0
290
     0
  0
SCALE
  5
1C1
102
{ACAD_REACTORS
330
10C
102
}
330
10C
100
AcDbScale
 70
     0
300
1:8
140
1.0
141
8.0
290
     0
  0
SCALE
  5
1C2
102
{ACAD_REACTORS
330
10C
102
}
330
10C
100
AcDbScale
 70
     0
300
1:10
140
1.0
141
10.0
290
     0
  0
SCALE
  5
1C3
102
{ACAD_REACTORS
330
10C
102
}
330
10C
100
AcDbScale
 70
     0
300
1:16
140
1.0
141
16.0
290
     0
  0
SCALE
  5
1C4
102
{ACAD_REACTORS
330
10C
102
}
330
10C
100
AcDbScale
 70
     0
300
1:20
140
1.0
141
20.0
290
     0
  0
SCALE
  5
1C5
102
{ACAD_REACTORS
330
10C
102
}
330
10C
100
AcDbScale
 70
     0
300
1:30
140
1.0
141
30.0
290
     0
  0
SCALE
  5
1C6
102
{ACAD_REACTORS
330
10C
102
}
330
10C
100
AcDbScale
 70
     0
300
1:40
140
1.0
141
40.0
290
     0
  0
SCALE
  5
1C7
102
{ACAD_REACTORS
330
10C
102
}
330
10C
100
AcDbScale
 70
     0
300
1:50
140
1.0
141
50.0
290
     0
  0
SCALE
  5
1C8
102
{ACAD_REACTORS
330
10C
102
}
330
10C
100
AcDbScale
 70
     0
300
1:100
140
1.0
141
100.0
290
     0
  0
SCALE
  5
1C9
102
{ACAD_REACTORS
330
10C
102
}
330
10C
100
AcDbScale
 70
     0
300
2:1
140
2.0
141
1.0
290
     0
  0
SCALE
  5
1CA
102
{ACAD_REACTORS
330
10C
102
}
330
10C
100
AcDbScale
 70
     0
300
4:1
140
4.0
141
1.0
290
     0
  0
SCALE
  5
1CB
102
{ACAD_REACTORS
330
10C
102
}
330
10C
100
AcDbScale
 70
     0
300
8:1
140
8.0
141
1.0
290
     0
  0
SCALE
  5
1CC
102
{ACAD_REACTORS
330
10C
102
}
330
10C
100
AcDbScale
 70
     0
300
10:1
140
10.0
141
1.0
290
     0
  0
SCALE
  5
1CD
102
{ACAD_REACTORS
330
10C
102
}
330
10C
100
AcDbScale
 70
     0
300
100:1
140
100.0
141
1.0
290
     0
  0
ACDBSECTIONVIEWSTYLE
  5
3FD
102
{ACAD_REACTORS
330
219
102
}
330
219
100
AcDbModelDocViewStyle
 70
     0
  3
Imperial24
290
     0
300
Imperial24
 90
        0
100
AcDbSectionViewStyle
 70
     0
 71
     0
 90
       78
 71
     1
340
11
 62
   256
 40
0.24
340
0
340
0
 62
   256
 40
0.24
300
I, O, Q, S, X, Z
 40
0.48
 90
        3
 40
0.18
 90
        1
 71
     2
340
16
 90
       25
 62
   256
340
16
 90
       50
 62
   256
 40
0.24
 40
0.0
 40
0.24
 71
     3
340
11
 62
   256
 40
0.24
 90
        1
 40
0.75
 90
        1
300
%<\AcVar ViewType \f "%tc1">% %<\AcVar ViewSectionStartId>%-%<\AcVar ViewSectionEndId>%\PSCALE %<\AcVar ViewScale \f "%sn">%
 71
     4
 62
   256
 62
   257
300
ANSI31
 40
1.0
 90
        0
290
     0
290
     0
 90
        6
 40
0.0
 40
1.570796326794896
 40
0.2617993877991494
 40
1.308996938995747
 40
-0.2617993877991494
 40
1.832595714594046
  0
ACDBSECTIONVIEWSTYLE
  5
21A
102
{ACAD_REACTORS
330
219
102
}
330
219
100
AcDbModelDocViewStyle
 70
     0
  3
Metric50
290
     0
300
Metric50
 90
        0
100
AcDbSectionViewStyle
 70
     0
 71
     0
 90
      102
 71
     1
340
11
 62
   256
 40
5.0
340
0
340
0
 62
   256
 40
5.0
300
I, O, Q, S, X, Z
 40
10.0
 90
        0
 40
2.5
 90
        0
 71
     2
340
16
 90
       25
 62
   256
340
16
 90
       50
 62
   256
 40
5.0
 40
2.5
 40
5.0
 71
     3
340
11
 62
   256
 40
5.0
 90
        0
 40
15.0
 90
        1
300
%<\AcVar ViewSectionStartId>%-%<\AcVar ViewSectionEndId>% (%<\AcVar ViewScale \f "%sn">%)
 71
     4
 62
   256
 62
   257
300
ANSI31
 40
1.0
 90
        0
290
     0
290
     0
 90
        6
 40
0.0
 40
1.570796326794896
 40
0.2617993877991494
 40
1.308996938995747
 40
-0.2617993877991494
 40
1.832595714594046
  0
TABLESTYLE
  5
7F
102
{ACAD_XDICTIONARY
360
162
102
}
102
{ACAD_REACTORS
330
7E
102
}
330
7E
100
AcDbTableStyle
280
     0
  3
Standard
 70
     0
 71
     0
 40
1.5
 41
1.5
280
     0
281
     0
  7
Standard
140
4.5
170
     2
 62
     0
 63
     7
283
     0
 90
      512
 91
        0
  1

274
    -2
284
     1
 64
     0
275
    -2
285
     1
 65
     0
276
    -2
286
     1
 66
     0
277
    -2
287
     1
 67
     0
278
    -2
288
     1
 68
     0
279
    -2
289
     1
 69
     0
  7
Standard
140
6.0
170
     5
 62
     0
 63
     7
283
     0
 90
      512
 91
        0
  1

274
    -2
284
     1
 64
     0
275
    -2
285
     1
 65
     0
276
    -2
286
     1
 66
     0
277
    -2
287
     1
 67
     0
278
    -2
288
     1
 68
     0
279
    -2
289
     1
 69
     0
  7
Standard
140
4.5
170
     5
 62
     0
 63
     7
283
     0
 90
      512
 91
        0
  1

274
    -2
284
     1
 64
     0
275
    -2
285
     1
 65
     0
276
    -2
286
     1
 66
     0
277
    -2
287
     1
 67
     0
278
    -2
288
     1
 68
     0
279
    -2
289
     1
 69
     0
  0
VISUALSTYLE
  5
F5
102
{ACAD_REACTORS
330
EF
102
}
330
EF
100
AcDbVisualStyle
  2
2dWireframe
 70
     4
177
     3
291
     0
 70
    58
 90
        0
176
     1
 90
        2
176
     1
 90
        1
176
     1
 90
        0
176
     1
 40
0.6
176
     1
 40
30.0
176
     1
 62
     7
420
 16777215
176
     1
 90
        1
176
     1
 90
        4
176
     1
 62
     7
176
     1
 62
   257
176
     1
 90
        1
176
     1
 90
        1
176
     1
 40
1.0
176
     1
 90
        0
176
     1
 62
   257
176
     1
 40
1.0
176
     1
 90
        1
176
     1
 90
        6
176
     1
 90
        2
176
     1
 62
     7
176
     1
 90
        5
176
     1
 90
        0
176
     1
 90
        0
176
     1
290
     0
176
     1
 90
        1
176
     1
 40
0.0
176
     1
 90
        0
176
     1
290
     1
176
     1
290
     1
176
     1
290
     0
176
     1
290
     0
176
     1
290
     0
176
     1
290
     0
176
     1
290
     0
176
     1
290
     0
176
     1
290
     0
176
     1
 90
       50
176
     1
 40
0.0
176
     1
 40
1.0
176
     1
 90
        0
176
     1
 62
    18
420
        0
176
     1
 90
       50
176
     1
 90
        3
176
     1
 62
     5
420
      255
176
     1
290
     0
176
     1
 90
       50
176
     1
 90
       50
176
     1
 90
       50
176
     1
290
     0
176
     1
 90
       50
176
     1
 62
   256
176
     0
 40
1.0
176
     0
 90
        2
176
     1
  1
strokes_ogs.tif
176
     1
290
     0
176
     1
 40
1.0
176
     1
 40
1.0
176
     1
  0
VISUALSTYLE
  5
F4
102
{ACAD_REACTORS
330
EF
102
}
330
EF
100
AcDbVisualStyle
  2
Basic
 70
     7
177
     3
291
     1
 70
    58
 90
        1
176
     1
 90
        0
176
     1
 90
        1
176
     1
 90
        0
176
     1
 40
0.6
176
     1
 40
30.0
176
     1
 62
     7
420
 16777215
176
     1
 90
        0
176
     1
 90
        4
176
     1
 62
     7
176
     1
 62
   257
176
     1
 90
        1
176
     1
 90
        1
176
     1
 40
1.0
176
     1
 90
        8
176
     1
 62
     7
176
     1
 40
1.0
176
     1
 90
        1
176
     1
 90
        6
176
     1
 90
        2
176
     1
 62
     7
176
     1
 90
        5
176
     1
 90
        0
176
     1
 90
        0
176
     1
290
     0
176
     1
 90
        1
176
     1
 40
0.0
176
     1
 90
        0
176
     1
290
     0
176
     1
290
     1
176
     1
290
     1
176
     1
290
     0
176
     1
290
     0
176
     1
290
     0
176
     1
290
     0
176
     1
290
     0
176
     1
290
     0
176
     1
 90
       50
176
     1
 40
0.0
176
     1
 40
1.0
176
     1
 90
        0
176
     1
 62
    18
420
        0
176
     1
 90
       50
176
     1
 90
        3
176
     1
 62
     5
420
      255
176
     1
290
     0
176
     1
 90
       50
176
     1
 90
       50
176
     1
 90
       50
176
     1
290
     0
176
     1
 90
       50
176
     1
 62
   256
176
     0
 40
1.0
176
     0
 90
        2
176
     1
  1
strokes_ogs.tif
176
     1
290
     0
176
     1
 40
1.0
176
     1
 40
1.0
176
     1
  0
VISUALSTYLE
  5
FB
102
{ACAD_REACTORS
330
EF
102
}
330
EF
100
AcDbVisualStyle
  2
Brighten
 70
    12
177
     3
291
     1
 70
    58
 90
        2
176
     1
 90
        2
176
     1
 90
        1
176
     1
 90
        0
176
     1
 40
0.6
176
     1
 40
30.0
176
     1
 62
     7
420
 16777215
176
     1
 90
        1
176
     1
 90
        4
176
     1
 62
     7
176
     1
 62
   257
176
     1
 90
        1
176
     1
 90
        1
176
     1
 40
1.0
176
     1
 90
        8
176
     1
 62
     7
176
     1
 40
1.0
176
     1
 90
        1
176
     1
 90
        6
176
     1
 90
        2
176
     1
 62
     7
176
     1
 90
        5
176
     1
 90
        0
176
     1
 90
        0
176
     1
290
     0
176
     1
 90
        1
176
     1
 40
50.0
176
     1
 90
        0
176
     1
290
     0
176
     1
290
     1
176
     1
290
     1
176
     1
290
     0
176
     1
290
     0
176
     1
290
     0
176
     1
290
     0
176
     1
290
     0
176
     1
290
     0
176
     1
 90
       50
176
     1
 40
0.0
176
     1
 40
1.0
176
     1
 90
        0
176
     1
 62
    18
420
        0
176
     1
 90
       50
176
     1
 90
        3
176
     1
 62
     5
420
      255
176
     1
290
     0
176
     1
 90
       50
176
     1
 90
       50
176
     1
 90
       50
176
     1
290
     0
176
     1
 90
       50
176
     1
 62
   256
176
     0
 40
1.0
176
     0
 90
        2
176
     1
  1
strokes_ogs.tif
176
     1
290
     0
176
     1
 40
1.0
176
     1
 40
1.0
176
     1
  0
VISUALSTYLE
  5
FF
102
{ACAD_REACTORS
330
EF
102
}
330
EF
100
AcDbVisualStyle
  2
ColorChange
 70
    16
177
     3
291
     1
 70
    58
 90
        2
176
     1
 90
        2
176
     1
 90
        3
176
     1
 90
        0
176
     1
 40
0.6
176
     1
 40
30.0
176
     1
 62
     8
420
  8421504
176
     1
 90
        1
176
     1
 90
        4
176
     1
 62
     7
176
     1
 62
   257
176
     1
 90
        1
176
     1
 90
        1
176
     1
 40
1.0
176
     1
 90
        8
176
     1
 62
     8
420
  8421504
176
     1
 40
1.0
176
     1
 90
        1
176
     1
 90
        6
176
     1
 90
        2
176
     1
 62
     7
176
     1
 90
        5
176
     1
 90
        0
176
     1
 90
        0
176
     1
290
     0
176
     1
 90
        1
176
     1
 40
0.0
176
     1
 90
        0
176
     1
290
     0
176
     1
290
     1
176
     1
290
     1
176
     1
290
     0
176
     1
290
     0
176
     1
290
     0
176
     1
290
     0
176
     1
290
     0
176
     1
290
     0
176
     1
 90
       50
176
     1
 40
0.0
176
     1
 40
1.0
176
     1
 90
        0
176
     1
 62
    18
420
        0
176
     1
 90
       50
176
     1
 90
        3
176
     1
 62
     5
420
      255
176
     1
290
     0
176
     1
 90
       50
176
     1
 90
       50
176
     1
 90
       50
176
     1
290
     0
176
     1
 90
       50
176
     1
 62
   256
176
     0
 40
1.0
176
     0
 90
        2
176
     1
  1
strokes_ogs.tif
176
     1
290
     0
176
     1
 40
1.0
176
     1
 40
1.0
176
     1
  0
VISUALSTYLE
  5
F8
102
{ACAD_REACTORS
330
EF
102
}
330
EF
100
AcDbVisualStyle
  2
Conceptual
 70
     9
177
     3
291
     0
 70
    58
 90
        3
176
     1
 90
        2
176
     1
 90
        1
176
     1
 90
        0
176
     1
 40
0.6
176
     1
 40
30.0
176
     1
 62
     7
420
 16777215
176
     1
 90
        2
176
     1
 90
        2
176
     1
 62
     7
176
     1
 62
   257
176
     1
 90
        1
176
     1
 90
        1
176
     1
 40
40.0
176
     1
 90
        8
176
     1
 62
     7
176
     1
 40
1.0
176
     1
 90
        1
176
     1
 90
        6
176
     1
 90
        2
176
     1
 62
     7
176
     1
 90
        3
176
     1
 90
        0
176
     1
 90
        0
176
     1
290
     0
176
     1
 90
        1
176
     1
 40
0.0
176
     1
 90
        0
176
     1
290
     0
176
     1
290
     1
176
     1
290
     1
176
     1
290
     0
176
     1
290
     0
176
     1
290
     0
176
     1
290
     0
176
     1
290
     0
176
     1
290
     0
176
     1
 90
       50
176
     1
 40
0.0
176
     1
 40
1.0
176
     1
 90
        0
176
     1
 62
    18
420
        0
176
     1
 90
       50
176
     1
 90
        3
176
     1
 62
     5
420
      255
176
     1
290
     0
176
     1
 90
       50
176
     1
 90
       50
176
     1
 90
       50
176
     1
290
     0
176
     1
 90
       50
176
     1
 62
   256
176
     0
 40
1.0
176
     0
 90
        2
176
     1
  1
strokes_ogs.tif
176
     1
290
     0
176
     1
 40
1.0
176
     1
 40
1.0
176
     1
  0
VISUALSTYLE
  5
FA
102
{ACAD_REACTORS
330
EF
102
}
330
EF
100
AcDbVisualStyle
  2
Dim
 70
    11
177
     3
291
     1
 70
    58
 90
        2
176
     1
 90
        2
176
     1
 90
        1
176
     1
 90
        0
176
     1
 40
0.6
176
     1
 40
30.0
176
     1
 62
     7
420
 16777215
176
     1
 90
        1
176
     1
 90
        4
176
     1
 62
     7
176
     1
 62
   257
176
     1
 90
        1
176
     1
 90
        1
176
     1
 40
1.0
176
     1
 90
        8
176
     1
 62
     7
176
     1
 40
1.0
176
     1
 90
        1
176
     1
 90
        6
176
     1
 90
        2
176
     1
 62
     7
176
     1
 90
        5
176
     1
 90
        0
176
     1
 90
        0
176
     1
290
     0
176
     1
 90
        1
176
     1
 40
-50.0
176
     1
 90
        0
176
     1
290
     0
176
     1
290
     1
176
     1
290
     1
176
     1
290
     0
176
     1
290
     0
176
     1
290
     0
176
     1
290
     0
176
     1
290
     0
176
     1
290
     0
176
     1
 90
       50
176
     1
 40
0.0
176
     1
 40
1.0
176
     1
 90
        0
176
     1
 62
    18
420
        0
176
     1
 90
       50
176
     1
 90
        3
176
     1
 62
     5
420
      255
176
     1
290
     0
176
     1
 90
       50
176
     1
 90
       50
176
     1
 90
       50
176
     1
290
     0
176
     1
 90
       50
176
     1
 62
   256
176
     0
 40
1.0
176
     0
 90
        2
176
     1
  1
strokes_ogs.tif
176
     1
290
     0
176
     1
 40
1.0
176
     1
 40
1.0
176
     1
  0
VISUALSTYLE
  5
1E6
102
{ACAD_REACTORS
330
EF
102
}
330
EF
100
AcDbVisualStyle
  2
EdgeColorOff
 70
    22
177
     3
291
     1
 70
    58
 90
        2
176
     0
 90
        2
176
     0
 90
        0
176
     0
 90
        0
176
     0
 40
0.6
176
     0
 40
30.0
176
     0
 62
     7
420
 16777215
176
     0
 90
        1
176
     0
 90
        4
176
     0
 62
     7
176
     0
 62
   257
176
     0
 90
        1
176
     0
 90
        1
176
     0
 40
1.0
176
     0
 90
        8
176
     2
 62
     7
176
     0
 40
1.0
176
     0
 90
        1
176
     0
 90
        6
176
     0
 90
        2
176
     0
 62
     7
176
     0
 90
        5
176
     0
 90
        0
176
     0
 90
        0
176
     0
290
     0
176
     0
 90
        1
176
     0
 40
0.0
176
     0
 90
        0
176
     0
290
     0
176
     1
290
     1
176
     1
290
     1
176
     1
290
     0
176
     1
290
     0
176
     1
290
     0
176
     1
290
     0
176
     1
290
     0
176
     1
290
     0
176
     1
 90
       50
176
     1
 40
0.0
176
     1
 40
1.0
176
     1
 90
        0
176
     1
 62
    18
420
        0
176
     1
 90
       50
176
     1
 90
        3
176
     1
 62
     5
420
      255
176
     1
290
     0
176
     1
 90
       50
176
     1
 90
       50
176
     1
 90
       50
176
     1
290
     0
176
     1
 90
       50
176
     1
 62
   256
176
     0
 40
1.0
176
     0
 90
        2
176
     1
  1
strokes_ogs.tif
176
     1
290
     0
176
     1
 40
1.0
176
     1
 40
1.0
176
     1
  0
VISUALSTYLE
  5
FE
102
{ACAD_REACTORS
330
EF
102
}
330
EF
100
AcDbVisualStyle
  2
Facepattern
 70
    15
177
     3
291
     1
 70
    58
 90
        2
176
     1
 90
        2
176
     1
 90
        1
176
     1
 90
        0
176
     1
 40
0.6
176
     1
 40
30.0
176
     1
 62
     7
420
 16777215
176
     1
 90
        1
176
     1
 90
        4
176
     1
 62
     7
176
     1
 62
   257
176
     1
 90
        1
176
     1
 90
        1
176
     1
 40
1.0
176
     1
 90
        8
176
     1
 62
     7
176
     1
 40
1.0
176
     1
 90
        1
176
     1
 90
        6
176
     1
 90
        2
176
     1
 62
     7
176
     1
 90
        5
176
     1
 90
        0
176
     1
 90
        0
176
     1
290
     0
176
     1
 90
        1
176
     1
 40
0.0
176
     1
 90
        0
176
     1
290
     0
176
     1
290
     1
176
     1
290
     1
176
     1
290
     0
176
     1
290
     0
176
     1
290
     0
176
     1
290
     0
176
     1
290
     0
176
     1
290
     0
176
     1
 90
       50
176
     1
 40
0.0
176
     1
 40
1.0
176
     1
 90
        0
176
     1
 62
    18
420
        0
176
     1
 90
       50
176
     1
 90
        3
176
     1
 62
     5
420
      255
176
     1
290
     0
176
     1
 90
       50
176
     1
 90
       50
176
     1
 90
       50
176
     1
290
     0
176
     1
 90
       50
176
     1
 62
   256
176
     0
 40
1.0
176
     0
 90
        2
176
     1
  1
strokes_ogs.tif
176
     1
290
     0
176
     1
 40
1.0
176
     1
 40
1.0
176
     1
  0
VISUALSTYLE
  5
F0
102
{ACAD_REACTORS
330
EF
102
}
330
EF
100
AcDbVisualStyle
  2
Flat
 70
     0
177
     3
291
     1
 70
    58
 90
        2
176
     1
 90
        1
176
     1
 90
        1
176
     1
 90
        2
176
     1
 40
0.6
176
     1
 40
30.0
176
     1
 62
     7
420
 16777215
176
     1
 90
        0
176
     1
 90
        0
176
     1
 62
     7
176
     1
 62
   257
176
     1
 90
        1
176
     1
 90
        1
176
     1
 40
1.0
176
     1
 90
        8
176
     1
 62
     7
176
     1
 40
1.0
176
     1
 90
        1
176
     1
 90
        6
176
     1
 90
        2
176
     1
 62
     7
176
     1
 90
        5
176
     1
 90
        0
176
     1
 90
        0
176
     1
290
     0
176
     1
 90
       13
176
     1
 40
0.0
176
     1
 90
        0
176
     1
290
     0
176
     1
290
     1
176
     1
290
     1
176
     1
290
     0
176
     1
290
     0
176
     1
290
     0
176
     1
290
     0
176
     1
290
     0
176
     1
290
     0
176
     1
 90
       50
176
     1
 40
0.0
176
     1
 40
1.0
176
     1
 90
        0
176
     1
 62
    18
420
        0
176
     1
 90
       50
176
     1
 90
        3
176
     1
 62
     5
420
      255
176
     1
290
     0
176
     1
 90
       50
176
     1
 90
       50
176
     1
 90
       50
176
     1
290
     0
176
     1
 90
       50
176
     1
 62
   256
176
     0
 40
1.0
176
     0
 90
        2
176
     1
  1
strokes_ogs.tif
176
     1
290
     0
176
     1
 40
1.0
176
     1
 40
1.0
176
     1
  0
VISUALSTYLE
  5
F1
102
{ACAD_REACTORS
330
EF
102
}
330
EF
100
AcDbVisualStyle
  2
FlatWithEdges
 70
     1
177
     3
291
     1
 70
    58
 90
        2
176
     1
 90
        1
176
     1
 90
        1
176
     1
 90
        2
176
     1
 40
0.6
176
     1
 40
30.0
176
     1
 62
     7
420
 16777215
176
     1
 90
        1
176
     1
 90
        0
176
     1
 62
     7
176
     1
 62
   257
176
     1
 90
        1
176
     1
 90
        1
176
     1
 40
1.0
176
     1
 90
        0
176
     1
 62
   257
176
     1
 40
1.0
176
     1
 90
        1
176
     1
 90
        6
176
     1
 90
        2
176
     1
 62
     7
176
     1
 90
        5
176
     1
 90
        0
176
     1
 90
        0
176
     1
290
     0
176
     1
 90
       13
176
     1
 40
0.0
176
     1
 90
        0
176
     1
290
     0
176
     1
290
     1
176
     1
290
     1
176
     1
290
     0
176
     1
290
     0
176
     1
290
     0
176
     1
290
     0
176
     1
290
     0
176
     1
290
     0
176
     1
 90
       50
176
     1
 40
0.0
176
     1
 40
1.0
176
     1
 90
        0
176
     1
 62
    18
420
        0
176
     1
 90
       50
176
     1
 90
        3
176
     1
 62
     5
420
      255
176
     1
290
     0
176
     1
 90
       50
176
     1
 90
       50
176
     1
 90
       50
176
     1
290
     0
176
     1
 90
       50
176
     1
 62
   256
176
     0
 40
1.0
176
     0
 90
        2
176
     1
  1
strokes_ogs.tif
176
     1
290
     0
176
     1
 40
1.0
176
     1
 40
1.0
176
     1
  0
VISUALSTYLE
  5
F2
102
{ACAD_REACTORS
330
EF
102
}
330
EF
100
AcDbVisualStyle
  2
Gouraud
 70
     2
177
     3
291
     1
 70
    58
 90
        2
176
     1
 90
        2
176
     1
 90
        1
176
     1
 90
        2
176
     1
 40
0.6
176
     1
 40
30.0
176
     1
 62
     7
420
 16777215
176
     1
 90
        0
176
     1
 90
        0
176
     1
 62
     7
176
     1
 62
   257
176
     1
 90
        1
176
     1
 90
        1
176
     1
 40
1.0
176
     1
 90
        0
176
     1
 62
     7
176
     1
 40
1.0
176
     1
 90
        1
176
     1
 90
        6
176
     1
 90
        2
176
     1
 62
     7
176
     1
 90
        5
176
     1
 90
        0
176
     1
 90
        0
176
     1
290
     0
176
     1
 90
       13
176
     1
 40
0.0
176
     1
 90
        0
176
     1
290
     0
176
     1
290
     1
176
     1
290
     1
176
     1
290
     0
176
     1
290
     0
176
     1
290
     0
176
     1
290
     0
176
     1
290
     0
176
     1
290
     0
176
     1
 90
       50
176
     1
 40
0.0
176
     1
 40
1.0
176
     1
 90
        0
176
     1
 62
    18
420
        0
176
     1
 90
       50
176
     1
 90
        3
176
     1
 62
     5
420
      255
176
     1
290
     0
176
     1
 90
       50
176
     1
 90
       50
176
     1
 90
       50
176
     1
290
     0
176
     1
 90
       50
176
     1
 62
   256
176
     0
 40
1.0
176
     0
 90
        2
176
     1
  1
strokes_ogs.tif
176
     1
290
     0
176
     1
 40
1.0
176
     1
 40
1.0
176
     1
  0
VISUALSTYLE
  5
F3
102
{ACAD_REACTORS
330
EF
102
}
330
EF
100
AcDbVisualStyle
  2
GouraudWithEdges
 70
     3
177
     3
291
     1
 70
    58
 90
        2
176
     1
 90
        2
176
     1
 90
        1
176
     1
 90
        2
176
     1
 40
0.6
176
     1
 40
30.0
176
     1
 62
     7
420
 16777215
176
     1
 90
        1
176
     1
 90
        0
176
     1
 62
     7
176
     1
 62
   257
176
     1
 90
        1
176
     1
 90
        1
176
     1
 40
1.0
176
     1
 90
        0
176
     1
 62
   257
176
     1
 40
1.0
176
     1
 90
        1
176
     1
 90
        6
176
     1
 90
        2
176
     1
 62
     7
176
     1
 90
        5
176
     1
 90
        0
176
     1
 90
        0
176
     1
290
     0
176
     1
 90
       13
176
     1
 40
0.0
176
     1
 90
        0
176
     1
290
     0
176
     1
290
     1
176
     1
290
     1
176
     1
290
     0
176
     1
290
     0
176
     1
290
     0
176
     1
290
     0
176
     1
290
     0
176
     1
290
     0
176
     1
 90
       50
176
     1
 40
0.0
176
     1
 40
1.0
176
     1
 90
        0
176
     1
 62
    18
420
        0
176
     1
 90
       50
176
     1
 90
        3
176
     1
 62
     5
420
      255
176
     1
290
     0
176
     1
 90
       50
176
     1
 90
       50
176
     1
 90
       50
176
     1
290
     0
176
     1
 90
       50
176
     1
 62
   256
176
     0
 40
1.0
176
     0
 90
        2
176
     1
  1
strokes_ogs.tif
176
     1
290
     0
176
     1
 40
1.0
176
     1
 40
1.0
176
     1
  0
VISUALSTYLE
  5
F7
102
{ACAD_REACTORS
330
EF
102
}
330
EF
100
AcDbVisualStyle
  2
Hidden
 70
     6
177
     3
291
     0
 70
    58
 90
        1
176
     1
 90
        2
176
     1
 90
        2
176
     1
 90
        0
176
     1
 40
0.6
176
     1
 40
30.0
176
     1
 62
     7
420
 16777215
176
     1
 90
        2
176
     1
 90
        2
176
     1
 62
     7
176
     1
 62
   257
176
     1
 90
        2
176
     1
 90
        1
176
     1
 40
40.0
176
     1
 90
        0
176
     1
 62
   257
176
     1
 40
1.0
176
     1
 90
        1
176
     1
 90
        6
176
     1
 90
        2
176
     1
 62
     7
176
     1
 90
        3
176
     1
 90
        0
176
     1
 90
        0
176
     1
290
     0
176
     1
 90
        1
176
     1
 40
0.0
176
     1
 90
        0
176
     1
290
     0
176
     1
290
     1
176
     1
290
     1
176
     1
290
     0
176
     1
290
     0
176
     1
290
     0
176
     1
290
     0
176
     1
290
     0
176
     1
290
     0
176
     1
 90
       50
176
     1
 40
0.0
176
     1
 40
1.0
176
     1
 90
        0
176
     1
 62
    18
420
        0
176
     1
 90
       50
176
     1
 90
        3
176
     1
 62
     5
420
      255
176
     1
290
     0
176
     1
 90
       50
176
     1
 90
       50
176
     1
 90
       50
176
     1
290
     0
176
     1
 90
       50
176
     1
 62
   256
176
     0
 40
1.0
176
     0
 90
        2
176
     1
  1
strokes_ogs.tif
176
     1
290
     0
176
     1
 40
1.0
176
     1
 40
1.0
176
     1
  0
VISUALSTYLE
  5
1E4
102
{ACAD_REACTORS
330
EF
102
}
330
EF
100
AcDbVisualStyle
  2
JitterOff
 70
    20
177
     3
291
     1
 70
    58
 90
        2
176
     0
 90
        2
176
     0
 90
        0
176
     0
 90
        0
176
     0
 40
0.6
176
     0
 40
30.0
176
     0
 62
     7
420
 16777215
176
     0
 90
        1
176
     0
 90
        4
176
     0
 62
     7
176
     0
 62
   257
176
     0
 90
        1
176
     0
 90
        1
176
     0
 40
1.0
176
     0
 90
       10
176
     2
 62
     7
176
     0
 40
1.0
176
     0
 90
        1
176
     0
 90
        6
176
     0
 90
        2
176
     0
 62
     7
176
     0
 90
        5
176
     0
 90
        0
176
     0
 90
        0
176
     0
290
     0
176
     0
 90
        1
176
     0
 40
0.0
176
     0
 90
        0
176
     0
290
     0
176
     1
290
     1
176
     1
290
     1
176
     1
290
     0
176
     1
290
     0
176
     1
290
     0
176
     1
290
     0
176
     1
290
     0
176
     1
290
     0
176
     1
 90
       50
176
     1
 40
0.0
176
     1
 40
1.0
176
     1
 90
        0
176
     1
 62
    18
420
        0
176
     1
 90
       50
176
     1
 90
        3
176
     1
 62
     5
420
      255
176
     1
290
     0
176
     1
 90
       50
176
     1
 90
       50
176
     1
 90
       50
176
     1
290
     0
176
     1
 90
       50
176
     1
 62
   256
176
     0
 40
1.0
176
     0
 90
        2
176
     1
  1
strokes_ogs.tif
176
     1
290
     0
176
     1
 40
1.0
176
     1
 40
1.0
176
     1
  0
VISUALSTYLE
  5
FD
102
{ACAD_REACTORS
330
EF
102
}
330
EF
100
AcDbVisualStyle
  2
Linepattern
 70
    14
177
     3
291
     1
 70
    58
 90
        2
176
     1
 90
        2
176
     1
 90
        1
176
     1
 90
        0
176
     1
 40
0.6
176
     1
 40
30.0
176
     1
 62
     7
420
 16777215
176
     1
 90
        1
176
     1
 90
        4
176
     1
 62
     7
176
     1
 62
   257
176
     1
 90
        7
176
     1
 90
        7
176
     1
 40
1.0
176
     1
 90
        8
176
     1
 62
     7
176
     1
 40
1.0
176
     1
 90
        1
176
     1
 90
        6
176
     1
 90
        2
176
     1
 62
     7
176
     1
 90
        5
176
     1
 90
        0
176
     1
 90
        0
176
     1
290
     0
176
     1
 90
        1
176
     1
 40
0.0
176
     1
 90
        0
176
     1
290
     0
176
     1
290
     1
176
     1
290
     1
176
     1
290
     0
176
     1
290
     0
176
     1
290
     0
176
     1
290
     0
176
     1
290
     0
176
     1
290
     0
176
     1
 90
       50
176
     1
 40
0.0
176
     1
 40
1.0
176
     1
 90
        0
176
     1
 62
    18
420
        0
176
     1
 90
       50
176
     1
 90
        3
176
     1
 62
     5
420
      255
176
     1
290
     0
176
     1
 90
       50
176
     1
 90
       50
176
     1
 90
       50
176
     1
290
     0
176
     1
 90
       50
176
     1
 62
   256
176
     0
 40
1.0
176
     0
 90
        2
176
     1
  1
strokes_ogs.tif
176
     1
290
     0
176
     1
 40
1.0
176
     1
 40
1.0
176
     1
  0
VISUALSTYLE
  5
1E5
102
{ACAD_REACTORS
330
EF
102
}
330
EF
100
AcDbVisualStyle
  2
OverhangOff
 70
    21
177
     3
291
     1
 70
    58
 90
        2
176
     0
 90
        2
176
     0
 90
        0
176
     0
 90
        0
176
     0
 40
0.6
176
     0
 40
30.0
176
     0
 62
     7
420
 16777215
176
     0
 90
        1
176
     0
 90
        4
176
     0
 62
     7
176
     0
 62
   257
176
     0
 90
        1
176
     0
 90
        1
176
     0
 40
1.0
176
     0
 90
        9
176
     2
 62
     7
176
     0
 40
1.0
176
     0
 90
        1
176
     0
 90
        6
176
     0
 90
        2
176
     0
 62
     7
176
     0
 90
        5
176
     0
 90
        0
176
     0
 90
        0
176
     0
290
     0
176
     0
 90
        1
176
     0
 40
0.0
176
     0
 90
        0
176
     0
290
     0
176
     1
290
     1
176
     1
290
     1
176
     1
290
     0
176
     1
290
     0
176
     1
290
     0
176
     1
290
     0
176
     1
290
     0
176
     1
290
     0
176
     1
 90
       50
176
     1
 40
0.0
176
     1
 40
1.0
176
     1
 90
        0
176
     1
 62
    18
420
        0
176
     1
 90
       50
176
     1
 90
        3
176
     1
 62
     5
420
      255
176
     1
290
     0
176
     1
 90
       50
176
     1
 90
       50
176
     1
 90
       50
176
     1
290
     0
176
     1
 90
       50
176
     1
 62
   256
176
     0
 40
1.0
176
     0
 90
        2
176
     1
  1
strokes_ogs.tif
176
     1
290
     0
176
     1
 40
1.0
176
     1
 40
1.0
176
     1
  0
VISUALSTYLE
  5
F9
102
{ACAD_REACTORS
330
EF
102
}
330
EF
100
AcDbVisualStyle
  2
Realistic
 70
     8
177
     3
291
     0
 70
    58
 90
        2
176
     1
 90
        3
176
     1
 90
        0
176
     1
 90
        2
176
     1
 40
0.6
176
     1
 40
30.0
176
     1
 62
     7
420
 16777215
176
     1
 90
        0
176
     1
 90
        0
176
     1
 62
     7
176
     1
 62
   257
176
     1
 90
        1
176
     1
 90
        1
176
     1
 40
1.0
176
     1
 90
        8
176
     1
 62
   257
176
     1
 40
1.0
176
     1
 90
        1
176
     1
 90
        6
176
     1
 90
        2
176
     1
 62
     7
176
     1
 90
        3
176
     1
 90
        0
176
     1
 90
        0
176
     1
290
     0
176
     1
 90
       13
176
     1
 40
0.0
176
     1
 90
        0
176
     1
290
     0
176
     1
290
     1
176
     1
290
     1
176
     1
290
     0
176
     1
290
     0
176
     1
290
     0
176
     1
290
     0
176
     1
290
     0
176
     1
290
     0
176
     1
 90
       50
176
     1
 40
0.0
176
     1
 40
1.0
176
     1
 90
        0
176
     1
 62
    18
420
        0
176
     1
 90
       50
176
     1
 90
        3
176
     1
 62
     5
420
      255
176
     1
290
     0
176
     1
 90
       50
176
     1
 90
       50
176
     1
 90
       50
176
     1
290
     0
176
     1
 90
       50
176
     1
 62
   256
176
     0
 40
1.0
176
     0
 90
        2
176
     1
  1
strokes_ogs.tif
176
     1
290
     0
176
     1
 40
1.0
176
     1
 40
1.0
176
     1
  0
VISUALSTYLE
  5
1F3
102
{ACAD_REACTORS
330
EF
102
}
330
EF
100
AcDbVisualStyle
  2
Shaded
 70
    27
177
     3
291
     0
 70
    58
 90
        2
176
     1
 90
        2
176
     1
 90
        1
176
     1
 90
        2
176
     1
 40
0.6
176
     1
 40
30.0
176
     1
 62
     7
420
 16777215
176
     1
 90
        0
176
     1
 90
        4
176
     1
 62
     7
176
     1
 62
   257
176
     1
 90
        1
176
     1
 90
        1
176
     1
 40
1.0
176
     1
 90
        8
176
     1
 62
   257
176
     1
 40
1.0
176
     1
 90
        1
176
     1
 90
        6
176
     1
 90
        2
176
     1
 62
     8
420
  7895160
176
     1
 90
        3
176
     1
 90
        0
176
     1
 90
        0
176
     1
290
     0
176
     1
 90
        5
176
     1
 40
0.0
176
     1
 90
        0
176
     1
290
     0
176
     1
290
     1
176
     1
290
     1
176
     1
290
     0
176
     1
290
     0
176
     1
290
     0
176
     1
290
     0
176
     1
290
     0
176
     1
290
     0
176
     1
 90
       50
176
     1
 40
0.0
176
     1
 40
1.0
176
     1
 90
        0
176
     1
 62
    18
420
        0
176
     1
 90
       50
176
     1
 90
        3
176
     1
 62
     5
420
      255
176
     1
290
     0
176
     1
 90
       50
176
     1
 90
       50
176
     1
 90
       50
176
     1
290
     0
176
     1
 90
       50
176
     1
 62
   256
176
     0
 40
1.0
176
     0
 90
        2
176
     1
  1
strokes_ogs.tif
176
     1
290
     0
176
     1
 40
1.0
176
     1
 40
1.0
176
     1
  0
VISUALSTYLE
  5
1F2
102
{ACAD_REACTORS
330
EF
102
}
330
EF
100
AcDbVisualStyle
  2
Shaded with edges
 70
    26
177
     3
291
     0
 70
    58
 90
        2
176
     1
 90
        2
176
     1
 90
        1
176
     1
 90
        2
176
     1
 40
0.6
176
     1
 40
30.0
176
     1
 62
     7
420
 16777215
176
     1
 90
        1
176
     1
 90
        2
176
     1
 62
     7
176
     1
 62
   257
176
     1
 90
        2
176
     1
 90
        1
176
     1
 40
1.0
176
     1
 90
        8
176
     1
 62
   257
176
     1
 40
1.0
176
     1
 90
        1
176
     1
 90
        6
176
     1
 90
        2
176
     1
 62
     7
176
     1
 90
        3
176
     1
 90
        0
176
     1
 90
        0
176
     1
290
     0
176
     1
 90
        5
176
     1
 40
0.0
176
     1
 90
        0
176
     1
290
     0
176
     1
290
     1
176
     1
290
     1
176
     1
290
     0
176
     1
290
     0
176
     1
290
     0
176
     1
290
     0
176
     1
290
     0
176
     1
290
     0
176
     1
 90
       50
176
     1
 40
0.0
176
     1
 40
1.0
176
     1
 90
        0
176
     1
 62
    18
420
        0
176
     1
 90
       50
176
     1
 90
        3
176
     1
 62
     5
420
      255
176
     1
290
     0
176
     1
 90
       50
176
     1
 90
       50
176
     1
 90
       50
176
     1
290
     0
176
     1
 90
       50
176
     1
 62
   256
176
     0
 40
1.0
176
     0
 90
        2
176
     1
  1
strokes_ogs.tif
176
     1
290
     0
176
     1
 40
1.0
176
     1
 40
1.0
176
     1
  0
VISUALSTYLE
  5
1EF
102
{ACAD_REACTORS
330
EF
102
}
330
EF
100
AcDbVisualStyle
  2
Shades of Gray
 70
    23
177
     3
291
     0
 70
    58
 90
        2
176
     1
 90
        2
176
     1
 90
        3
176
     1
 90
        0
176
     1
 40
0.6
176
     1
 40
30.0
176
     1
 62
     7
420
 16777215
176
     1
 90
        2
176
     1
 90
        2
176
     1
 62
     7
176
     1
 62
     7
176
     1
 90
        1
176
     1
 90
        1
176
     1
 40
40.0
176
     1
 90
        8
176
     1
 62
     7
176
     1
 40
1.0
176
     1
 90
        1
176
     1
 90
        6
176
     1
 90
        2
176
     1
 62
     7
176
     1
 90
        3
176
     1
 90
        0
176
     1
 90
        0
176
     1
290
     0
176
     1
 90
        1
176
     1
 40
0.0
176
     1
 90
        0
176
     1
290
     0
176
     1
290
     1
176
     1
290
     1
176
     1
290
     0
176
     1
290
     0
176
     1
290
     0
176
     1
290
     0
176
     1
290
     0
176
     1
290
     0
176
     1
 90
       50
176
     1
 40
0.0
176
     1
 40
1.0
176
     1
 90
        0
176
     1
 62
    18
420
        0
176
     1
 90
       50
176
     1
 90
        3
176
     1
 62
     5
420
      255
176
     1
290
     0
176
     1
 90
       50
176
     1
 90
       50
176
     1
 90
       50
176
     1
290
     0
176
     1
 90
       50
176
     1
 62
   256
176
     0
 40
1.0
176
     0
 90
        2
176
     1
  1
strokes_ogs.tif
176
     1
290
     0
176
     1
 40
1.0
176
     1
 40
1.0
176
     1
  0
VISUALSTYLE
  5
1F0
102
{ACAD_REACTORS
330
EF
102
}
330
EF
100
AcDbVisualStyle
  2
Sketchy
 70
    24
177
     3
291
     0
 70
    58
 90
        1
176
     1
 90
        2
176
     1
 90
        2
176
     1
 90
        0
176
     1
 40
0.6
176
     1
 40
30.0
176
     1
 62
     7
420
 16777215
176
     1
 90
        2
176
     1
 90
        2
176
     1
 62
     7
176
     1
 62
     7
176
     1
 90
        1
176
     1
 90
        1
176
     1
 40
40.0
176
     1
 90
       11
176
     1
 62
     7
176
     1
 40
1.0
176
     1
 90
        1
176
     1
 90
        6
176
     1
 90
        2
176
     1
 62
     7
176
     1
 90
        6
176
     1
 90
        0
176
     1
 90
        0
176
     1
290
     0
176
     1
 90
        1
176
     1
 40
0.0
176
     1
 90
        0
176
     1
290
     0
176
     1
290
     1
176
     1
290
     1
176
     1
290
     0
176
     1
290
     0
176
     1
290
     0
176
     1
290
     0
176
     1
290
     0
176
     1
290
     0
176
     1
 90
       50
176
     1
 40
0.0
176
     1
 40
1.0
176
     1
 90
        0
176
     1
 62
    18
420
        0
176
     1
 90
       50
176
     1
 90
        3
176
     1
 62
     5
420
      255
176
     1
290
     0
176
     1
 90
       50
176
     1
 90
       50
176
     1
 90
       50
176
     1
290
     0
176
     1
 90
       50
176
     1
 62
   256
176
     0
 40
1.0
176
     0
 90
        2
176
     1
  1
strokes_ogs.tif
176
     1
290
     0
176
     1
 40
1.0
176
     1
 40
1.0
176
     1
  0
VISUALSTYLE
  5
FC
102
{ACAD_REACTORS
330
EF
102
}
330
EF
100
AcDbVisualStyle
  2
Thicken
 70
    13
177
     3
291
     1
 70
    58
 90
        2
176
     1
 90
        2
176
     1
 90
        1
176
     1
 90
        0
176
     1
 40
0.6
176
     1
 40
30.0
176
     1
 62
     7
420
 16777215
176
     1
 90
        1
176
     1
 90
        4
176
     1
 62
     7
176
     1
 62
   257
176
     1
 90
        1
176
     1
 90
        1
176
     1
 40
1.0
176
     1
 90
       12
176
     1
 62
     7
176
     1
 40
1.0
176
     1
 90
        1
176
     1
 90
        6
176
     1
 90
        2
176
     1
 62
     7
176
     1
 90
        5
176
     1
 90
        0
176
     1
 90
        0
176
     1
290
     0
176
     1
 90
        1
176
     1
 40
0.0
176
     1
 90
        0
176
     1
290
     0
176
     1
290
     1
176
     1
290
     1
176
     1
290
     0
176
     1
290
     0
176
     1
290
     0
176
     1
290
     0
176
     1
290
     0
176
     1
290
     0
176
     1
 90
       50
176
     1
 40
0.0
176
     1
 40
1.0
176
     1
 90
        0
176
     1
 62
    18
420
        0
176
     1
 90
       50
176
     1
 90
        3
176
     1
 62
     5
420
      255
176
     1
290
     0
176
     1
 90
       50
176
     1
 90
       50
176
     1
 90
       50
176
     1
290
     0
176
     1
 90
       50
176
     1
 62
   256
176
     0
 40
1.0
176
     0
 90
        2
176
     1
  1
strokes_ogs.tif
176
     1
290
     0
176
     1
 40
1.0
176
     1
 40
1.0
176
     1
  0
VISUALSTYLE
  5
F6
102
{ACAD_REACTORS
330
EF
102
}
330
EF
100
AcDbVisualStyle
  2
Wireframe
 70
     5
177
     3
291
     0
 70
    58
 90
        0
176
     1
 90
        2
176
     1
 90
        0
176
     1
 90
        0
176
     1
 40
0.6
176
     1
 40
30.0
176
     1
 62
     7
420
 16777215
176
     1
 90
        1
176
     1
 90
        4
176
     1
 62
     7
176
     1
 62
   257
176
     1
 90
        1
176
     1
 90
        1
176
     1
 40
1.0
176
     1
 90
        0
176
     1
 62
   257
176
     1
 40
1.0
176
     1
 90
        1
176
     1
 90
        6
176
     1
 90
        2
176
     1
 62
     7
176
     1
 90
        3
176
     1
 90
        0
176
     1
 90
        0
176
     1
290
     0
176
     1
 90
        1
176
     1
 40
0.0
176
     1
 90
        0
176
     1
290
     0
176
     1
290
     1
176
     1
290
     1
176
     1
290
     0
176
     1
290
     0
176
     1
290
     0
176
     1
290
     0
176
     1
290
     0
176
     1
290
     0
176
     1
 90
       50
176
     1
 40
0.0
176
     1
 40
1.0
176
     1
 90
        0
176
     1
 62
    18
420
        0
176
     1
 90
       50
176
     1
 90
        3
176
     1
 62
     5
420
      255
176
     1
290
     0
176
     1
 90
       50
176
     1
 90
       50
176
     1
 90
       50
176
     1
290
     0
176
     1
 90
       50
176
     1
 62
   256
176
     0
 40
1.0
176
     0
 90
        2
176
     1
  1
strokes_ogs.tif
176
     1
290
     0
176
     1
 40
1.0
176
     1
 40
1.0
176
     1
  0
VISUALSTYLE
  5
1F1
102
{ACAD_REACTORS
330
EF
102
}
330
EF
100
AcDbVisualStyle
  2
X-Ray
 70
    25
177
     3
291
     0
 70
    58
 90
        2
176
     1
 90
        2
176
     1
 90
        1
176
     1
 90
        1
176
     1
 40
0.5
176
     1
 40
30.0
176
     1
 62
     7
420
 16777215
176
     1
 90
        1
176
     1
 90
        0
176
     1
 62
     7
176
     1
 62
   257
176
     1
 90
        1
176
     1
 90
        1
176
     1
 40
1.0
176
     1
 90
        8
176
     1
 62
     7
176
     1
 40
1.0
176
     1
 90
        1
176
     1
 90
        6
176
     1
 90
        2
176
     1
 62
     7
176
     1
 90
        3
176
     1
 90
        0
176
     1
 90
        0
176
     1
290
     0
176
     1
 90
       13
176
     1
 40
0.0
176
     1
 90
        0
176
     1
290
     0
176
     1
290
     1
176
     1
290
     1
176
     1
290
     0
176
     1
290
     0
176
     1
290
     0
176
     1
290
     0
176
     1
290
     0
176
     1
290
     0
176
     1
 90
       50
176
     1
 40
0.0
176
     1
 40
1.0
176
     1
 90
        0
176
     1
 62
    18
420
        0
176
     1
 90
       50
176
     1
 90
        3
176
     1
 62
     5
420
      255
176
     1
290
     0
176
     1
 90
       50
176
     1
 90
       50
176
     1
 90
       50
176
     1
290
     0
176
     1
 90
       50
176
     1
 62
   256
176
     0
 40
1.0
176
     0
 90
        2
176
     1
  1
strokes_ogs.tif
176
     1
290
     0
176
     1
 40
1.0
176
     1
 40
1.0
176
     1
  0
DICTIONARYVAR
  5
146
102
{ACAD_REACTORS
330
5E
102
}
330
5E
100
DictionaryVariables
280
     0
  1
1:1
  0
DICTIONARYVAR
  5
259
102
{ACAD_REACTORS
330
5E
102
}
330
5E
100
DictionaryVariables
280
     0
  1
3.500000
  0
DICTIONARYVAR
  5
25A
102
{ACAD_REACTORS
330
5E
102
}
330
5E
100
DictionaryVariables
280
     0
  1
acadiso.lin
  0
DICTIONARYVAR
  5
145
102
{ACAD_REACTORS
330
5E
102
}
330
5E
100
DictionaryVariables
280
     0
  1
STANDARD
  0
DICTIONARYVAR
  5
84
102
{ACAD_REACTORS
330
5E
102
}
330
5E
100
DictionaryVariables
280
     0
  1
STANDARD
  0
DICTIONARYVAR
  5
227
102
{ACAD_REACTORS
330
5E
102
}
330
5E
100
DictionaryVariables
280
     0
  1
Metric50
  0
DICTIONARYVAR
  5
228
102
{ACAD_REACTORS
330
5E
102
}
330
5E
100
DictionaryVariables
280
     0
  1
Metric50
  0
DICTIONARYVAR
  5
5F
102
{ACAD_REACTORS
330
5E
102
}
330
5E
100
DictionaryVariables
280
     0
  1
2
  0
DICTIONARYVAR
  5
63
102
{ACAD_REACTORS
330
5E
102
}
330
5E
100
DictionaryVariables
280
     0
  1
1
  0
DICTIONARYVAR
  5
1AE
102
{ACAD_REACTORS
330
5E
102
}
330
5E
100
DictionaryVariables
280
     0
  1
0
  0
DICTIONARYVAR
  5
1AF
102
{ACAD_REACTORS
330
5E
102
}
330
5E
100
DictionaryVariables
280
     0
  1
0
  0
DICTIONARY
  5
205
330
22
100
AcDbDictionary
280
     1
281
     1
  0
DICTIONARY
  5
1F9
330
ED
100
AcDbDictionary
280
     1
281
     1
  3
FBXASSET
360
1FA
  0
DICTIONARY
  5
1F7
330
EC
100
AcDbDictionary
280
     1
281
     1
  3
FBXASSET
360
1F8
  0
DICTIONARY
  5
173
330
EE
100
AcDbDictionary
280
     1
281
     1
  3
BUMPTILE
360
175
  3
DIFFUSETILE
360
174
  3
FBXASSET
360
1FB
  3
OPACITYTILE
360
176
  3
REFLECTIONTILE
360
177
  0
DICTIONARY
  5
162
330
7F
100
AcDbDictionary
280
     1
281
     1
  3
ACAD_ROUNDTRIP_2008_TABLESTYLE_CELLSTYLEMAP
360
B79
  0
XRECORD
  5
1FA
102
{ACAD_REACTORS
330
1F9
102
}
330
1F9
100
AcDbXrecord
280
     1
 70
     1
 90
429727718
  1
D62C5603-E3A1-4AEA-B7FB-FE5D8D0755AF
310
504B03040A0000080000CC70623B3DEE336E79000000790000001B0000006175746F6465736B2D64657369676E2D7061636B6167652E786D6C3C3F786D6C2076657273696F6E3D22312E302220656E636F64696E673D227574662D3822203F3E3C666F726D6174733E3C666F726D61743E687474703A2F2F736368656D612E
310
6175746F6465736B2E636F6D2F64657369676E2D7061636B6167652F323030393C2F666F726D61743E3C2F666F726D6174733E504B0304140006080800CC70623BD486FD9CA0000000F4000000130000005B436F6E74656E745F54797065735D2E786D6C7D8EC10E82300C865F65E91D8A1E8C310C0EEA1BF002731658846E
310
D98AC1B77784ABF1D8FE5FBFBF75BBCE937A534CCEB38643598122B6FEE978D0B0485F9C41B54DDD7D022595594E1A469170414C76A4D9A4D207E29CF43ECE46F218070CC6BECC4078ACAA135ACF422C856C0E68EA1BF5669944DDD7BCDE7B1F8E415D77AECB980613C2E4AC91FC167A2B244592486606FC29C8FD7F045B9A
310
EF7053A7E60B504B0304140006080800CC70623B853B8169EB0000007C01000008000000636F72652E786D6C8D90416EC3201045AF62CDB6C206821CC7C244919D9CA01740401C94182C03558F5F9C3852BBEB6A467FFE9B197D7EFC9E1EC5975982F5AE035262288C535E5B377690E21535501C055FBC8FBF6C503839990E
310
5619041F179FE64D52DE45E362569DD7661365082642A11EB9E920A89B99642953CC8E702F67A9EE7234257977194EC9EAE275C4EABCCF5EAD5940D4AC6F0E35A568B8F43562CD7046CD199FD07E60174276A7BE677B5EADB0E0D14EEFFB6A31321A0D82627C4084204C3F096B71DD52F6819B16635EADF63F509AF53FA164
310
5DDCD1EDDD17164090FCC8732078B56691CB33A85CD7DCC40F504B0304140006080800CC70623B55019EA25F0000007C00000007000000636E782E786D6C4DCB3B0E80201045D1AD90E915ED2CF8AC45050C11660C8261F98AB1B07AC9C97D42D718D865D3E909258CFD00CCE24AC6E326A164D74DC0B4128928FF32603847
310
2BA13128B1252AC747C6BAB984FC68F0B87FE8960A5C09FE86CFB69FBA01504B0304140006080800CC70623BDBABAAF470010000D40300000C0000006662782F636F72652E786D6CC553D16E823014FD95A6AF4B694182CC941A83FA05FB810A9511A125A5257EFE2E82712ECEB8A7F100CD39F7F69E734AF9FADC366850B6
310
AF8DCE7018308C942E4C59EB2AC3DE1D498AD15A706B8CFB56869196ADCAF00863C12B6B7C374385D14E6907A836A59A41D9F7CA615434B0C8705F7CAA5606D23BA8E84F41278B93AC54100640439DE0BDB320004D43C63716C7C399D30917DCFBBA9CD9BA8469F5B156168B24CED3F7248AC8769F27244EB73B92EED8862C
310
B7F13E0C179B3C8F979C8ECD82BBBABDAA2BAC924E9558448CBD9330242CFA08E3154B5651FCC6D215639C8EE5774DBE2B5F6CF2B5768B68963BB5F5588420E442FC700B1139D4CB01F450C1E918227C2E09DF070D8140C84E1E9AAB8F1340832A9CB13130A5F1376A908D57309505ECF2A0DF179C4E9D30F5B239B87E3823
310
7A79C6F31DE1A8A5AEC08474B03C7837EAE4938639B44E5932B833D2C6B6B279CDC613877FA26EE21F4A2A4C63EC7F29A2F301D1F9F7A0E37D145F504B0304140006080800CC70623B9C113CC27E0000009D0000000B0000006662782F636E782E786D6C4DCCDF0A83201C86E15B91DFB94BFB330DD428C8FB886521330DA7
310
6397BF1A1DECE883878F57749FCDA1B7892F1BBC047A23808C7F84D9FA55424E0BE6803A256208E9EF06C84F9B91703228B1C690F78B66B34CD9A5439DF5CF0BFBF65E35BCA1B8D6A5C6F540381E886698B5741C695F9503EBA150A2F8958E3DC3EA0B504B0304140006080800CC70623B7DF2F77C2A010000120200003100
310
00006662782F41393633353835312D344632462D344230382D423046372D3739314545314133324237412F636F72652E786D6C8D51DB8EC22014FC15C2939B0D2DB4B45643319AE817EC0F6041255A68B86CFCFC856D4D76DF7CE190393373060EDB3DC707F856CE6B6B7A480A0C81328395DA5C7B18C3057510EC3873D686
310
3F34088C18550F330C39BB3A1BA7051AAC09CA84841A2BD5020AEF55806078A44B0FFD7053A328440C89E1EFC52486BBB8AA8214A99D789CF9E05200300FC927E4FB4D5B375D43103D5527440FB843077C5AA3F5861C8F645F5787F59E95B390B318B55CE45AA638FAA2957BD7248B390B7A7CC51F9C124149C82B8C378810
310
84AB2F42B7B8DD56F413775B8C5999E9FF4471926F8AA236A1AE96B8B3CC434E5839373893369E1FAF30EA395917409EB7F26AF8801C171837A4A6AC9C89E9F9C9B1A58BA30FD6A5EF5DDDCF894B9AD9B6A59C957943A9FCAE2FD5BC4DFE03504B0304140006080800CC70623BAD7543B64E01000033030000300000006662
310
782F41393633353835312D344632462D344230382D423046372D3739314545314133324237412F636E782E786D6CD593CD6EC32010845F0571AD6CE3D48AD20813A9873E410FBD12D82434182C7EAAE6EDBB2424CD25871E7B41D6EC30B3FA84F9E67BB2E40B4234DE8DB46F1925E094D7C6ED479AD3AE5951B2113C789FEE
310
6C943839C1488B4C05DF079FE72A69D8C96C13AAD6B8631503449F83828872B949AC57D26200B826A308D316B4064D6E46FCDA41C05550DC9E483A00797BFD207EFB092A45DE9514C1BBD22178396BD39D891265658C238DEA00936C654E5E433CB65A26D9F6EDB5EBC14EBF49A45CB856E66048291F6939A9A81BB5C89177
310
38143CA680F4AA299D66A042CEB3354A2684DC9D8D178FE0D9B8B41CAAD720F880EE7EF93C0C18769E099ECC04D5A102C8049A8A05632F4DDF376CF1DE0F6BB65C2F8627B65A33C6BB62177CEBBDAD973006829F89F22E814B54F4BC2BE347F8AA8F681390B50FA73F804400B5F542E796F19FF974E7F78DB802FE05E20750
310
4B0304140006080800CC70623BE75B7789680500003C100000340000006662782F41393633353835312D344632462D344230382D423046372D3739314545314133324237412F6F626A656374732E786D6CAD575B8F9B3818FD2B887D06C22499CB8AA1CA655245D5B455A356FB305264C061D8018C6C3393D95FBFC7600890
310
A4CD5EF210B0B1BFEBF98E3F7B1FF6596ABC522E1296DF9BAE3D320D9A872C4AF2F8DE2CE5CEBA358D0FBEC719939D65A691938CDE9B6ADAF4BD98B3B2D05311DD91329583D9D5FC0F438434A7A611A644887B5384CF34233629258BA878B12322891DEFF6B66BD70BFB62634E8AE781D082709A4B588AF91C528CDA28B73F
310
1C998EEF39EABBEFA97FBD6A7C7E9553F9D3D79FE442923C3C523610337627CB87ABE99D359D4CC6D6E4FACAB5E6ABF9D2726FC6A3C5F56271377BB88362213924694B38DD99FE47C48627A1E7D49F5A8BB5E1A74C0A599ED3B0F21F1E56366B89112D681E218F0915D0D6F17AD41FBA2A369DCF6335D62ABBD39779D5DDD1
310
11D4D8DE3CBB96B2E04FB8202E41051754A1AA8E8F76B4C6DFE810B580B1547F4B84911149794252234D024EF8BBE963A95AE27B3D310A9D5C215C7960FAEE415ED75694C6AFB17BCACA5D99A60A9AA65F217B0BFC53292ACB92BF283FAD0D3621576592CB5BED907C2FA8E9DF794E35E97BEA31BED21FEB401ABB94C44839
310
DCACBF0E1C5DA8DA5B2F4DFFD32AD86F543D9E565E7056502E157C00AD2671CD534549AB752FCA9CDA00677A313F04E51B22FF19E57B300579E3C97EB29F682D92935CEC18CF901B7B54FD8C51F362B56FC72FE0B3C1EAE335EDCCBF5AEC39ADB17DC238973F804BA5E6F6BFE7AF1FB32E523BE9F3BD571418E3631DCA4D48
310
5250CF639223210A9446CA30052EDF057BD35F8329C1ECD84552BF0DC8D18BE7BCE23BFE6BD960AB4A7DE79923A103BEBD80F911CBAA2C60DB19B01CF164A5583B772EE6D3FFA56666CBCDA74DC97724A48F9A58967497E489C4D979006FD7A05E227A1EBDD0F737C623387A9C844D3709995625106D157315F8B8392CD4E0
310
A0B9A720C4BE9829CEF37EA1E13111214D53925356365ADA634861B52519DD27A00AEB808EAF0628E6F435519D446F45CF2C9CF5214F0A15B2F6D06B79DA3EE3CBF7F56780D2F4E7EF73A0F5E5B02A38D07DC852C6B7C1FBB6664213E0C39E3EBA7FF4E1AD23EA2829407C85E586727488B751B2DB9502BC7B228A3FD68B6E
310
A65A22397E690AA8D158D7E404EC8CDA235CC3B7D1898680131CEC2CDF2638C65196279577750F15884AEE19F94199155B92B13297978469D4F8D358DF0AEF7631E28DC8F0D9F437D5D39A83B2231A1D52D543813A824EF8D44BCFF2FA6A31BD1E8DAD87F1CCB526B3879935BF59CDADD5C37479BB1CDD4CA7B3556B516589
310
EF352754B706114D9C885EC9131DE6EFEB43D99AFE2391C2F958179413D7CFEF6B1B6DB1E7600F00DE6E5C67454A339A4BA2E0FBA85ED26F045D454F463DBFCE484C2F90F2E5E3666003662ED8F755951A7D1BECD5B30B550B2785C8E7320B7292A4838DDA71BBC863ED7613CAF659337A3354231D4FF4A182A54904C2898C
310
98B28C4AD0CE056CCF332A80986E571EE9DBC305BB5FEB7E509220A58D25CF042D712A806AC0AD0C657FDEF80D2D9CEAA2EE4D1C76F60BFE74219A06527D6F82DF6412526107381E55E353090704D085B52408A8913C4ED159D79BDA71BB4BC506F4831350EB6F975CD22D69BF7AC49B91A2C0A9DDA3D5CA36AD20FC478E37
310
E61844E2352865EBCB61A275A65283CAAA9DD27703B4102F5AF51EF5F573B75CBB5AD38BC845F7A49F82A0966A49C2E3EA5EA0ECD326CD965F1DB402C6FA8B51A4658C5C5E2EC9E214602E55810345408596591009A82E7E7FFACA19EEA299B14A0081A705CB3296EBC14CDF658DCD336EA6D1136881AAEB87B81AB9EE53D5
310
F5EB8BC8362082DA24122F98680A4E7930C01A0079749CEA14382A0783E5EBA5A10F8C098456A03D6A4AEB6BB881E2513747552A5DB22C7EDAF83BD5528081A365F7FF06504B0304140006080000CC70623B000000000000000000000000350000006662782F41393633353835312D344632462D344230382D423046372D37
310
39314545314133324237412F76657274696365732E62696E504B0304140006080800CC70623BF270F1330600000004000000360000006662782F41393633353835312D344632462D344230382D423046372D3739314545314133324237412F747269616E676C65732E62696E636660600000504B0304140006080000CC7062
310
3B000000000000000000000000370000006662782F41393633353835312D344632462D344230382D423046372D3739314545314133324237412F617474726962757465732E62696E504B0304140006080800CC70623B08DA0BD19000000041010000360000006662782F41393633353835312D344632462D344230382D4230
310
46372D3739314545314133324237412F6469726563746F72792E786D6C858F410AC3201045AF22B36F53E9A60B35CBEEBAE80D244E44489C6234F4F835464A48035D0DF398FF9F8AF63D0E6CC63039F212F8F9020C7D47C6792B21C5FE7403D62A1188E2E60C98D7234A5830286103A55745067B9D86B8A3CF9C7F90C11DE6
310
07FB144396D7B6A82D282E9A152AD114D5EF2CB866EEE831B8EEA07A7BB5A8D7D61A2BAAEB7FD5F70921FF497D00504B0304140006080800CC70623BEDD1DC58FD000000A00100003B0000006662782F41393633353835312D344632462D344230382D423046372D3739314545314133324237412F7265736F75726365732F
310
636F72652E786D6C8D504B6E833010BD0A9A6D65B00922041947112427E8052C33A156828DFCA97AFC9A40A576D7CDCCE87D344F8F9FBFE667F689CE6B6B3A6039850C8DB2A336530731DC4903D95970676DF82583CCC8193B5861107C72362E3BA4AC096842428D1D7107A5F7182053CF7474E0D507CE32973124857FE48B
310
540F3961CEF244279DE03EB81420DB9EAC1384436FA353E879B1B182C7A8C75DA3C7F453DF353A1075D537A7BA6464B8F535A99AE14A9A2BBD90E350DD183B5CFABE3AF262350B1EF4FC9351399401471025A527C218A1E53BAB5A5AB765F5469B96525EACF23FA6B88CFF34456DC2A1DCE36E360F82A5202F42F062ED2BAD
310
579969AFDD8A6F504B010214000A0000080000CC70623B3DEE336E79000000790000001B00000000000000000000000000000000006175746F6465736B2D64657369676E2D7061636B6167652E786D6C504B01021400140006080800CC70623BD486FD9CA0000000F40000001300000000000000000000000000B20000005B
310
436F6E74656E745F54797065735D2E786D6C504B01021400140006080800CC70623B853B8169EB0000007C010000080000000000000000000000000083010000636F72652E786D6C504B01021400140006080800CC70623B55019EA25F0000007C000000070000000000000000000000000094020000636E782E786D6C504B
310
01021400140006080800CC70623BDBABAAF470010000D40300000C00000000000000000000000000180300006662782F636F72652E786D6C504B01021400140006080800CC70623B9C113CC27E0000009D0000000B00000000000000000000000000B20400006662782F636E782E786D6C504B01021400140006080800CC70
310
623B7DF2F77C2A010000120200003100000000000000000000000000590500006662782F41393633353835312D344632462D344230382D423046372D3739314545314133324237412F636F72652E786D6C504B01021400140006080800CC70623BAD7543B64E010000330300003000000000000000000000000000D2060000
310
6662782F41393633353835312D344632462D344230382D423046372D3739314545314133324237412F636E782E786D6C504B01021400140006080800CC70623BE75B7789680500003C10000034000000000000000000000000006E0800006662782F41393633353835312D344632462D344230382D423046372D3739314545
310
314133324237412F6F626A656374732E786D6C504B01021400140006080000CC70623B0000000000000000000000003500000000000000000000000000280E00006662782F41393633353835312D344632462D344230382D423046372D3739314545314133324237412F76657274696365732E62696E504B01021400140006
310
080800CC70623BF270F133060000000400000036000000000000000000000000007B0E00006662782F41393633353835312D344632462D344230382D423046372D3739314545314133324237412F747269616E676C65732E62696E504B01021400140006080000CC70623B0000000000000000000000003700000000000000
310
000000000000D50E00006662782F41393633353835312D344632462D344230382D423046372D3739314545314133324237412F617474726962757465732E62696E504B01021400140006080800CC70623B08DA0BD1900000004101000036000000000000000000000000002A0F00006662782F41393633353835312D344632
310
462D344230382D423046372D3739314545314133324237412F6469726563746F72792E786D6C504B01021400140006080800CC70623BEDD1DC58FD000000A00100003B000000000000000000000000000E1000006662782F41393633353835312D344632462D344230382D423046372D3739314545314133324237412F7265
310
736F75726365732F636F72652E786D6C504B0506000000000E000E0080040000641100000000
  0
XRECORD
  5
1F8
102
{ACAD_REACTORS
330
1F7
102
}
330
1F7
100
AcDbXrecord
280
     1
 70
     1
 90
429727718
  1
30362254-06B7-45E0-A893-8CFA70E3D6BC
310
504B03040A0000080000CC70623B3DEE336E79000000790000001B0000006175746F6465736B2D64657369676E2D7061636B6167652E786D6C3C3F786D6C2076657273696F6E3D22312E302220656E636F64696E673D227574662D3822203F3E3C666F726D6174733E3C666F726D61743E687474703A2F2F736368656D612E
310
6175746F6465736B2E636F6D2F64657369676E2D7061636B6167652F323030393C2F666F726D61743E3C2F666F726D6174733E504B0304140006080800CC70623BD486FD9CA0000000F4000000130000005B436F6E74656E745F54797065735D2E786D6C7D8EC10E82300C865F65E91D8A1E8C310C0EEA1BF002731658846E
310
D98AC1B77784ABF1D8FE5FBFBF75BBCE937A534CCEB38643598122B6FEE978D0B0485F9C41B54DDD7D022595594E1A469170414C76A4D9A4D207E29CF43ECE46F218070CC6BECC4078ACAA135ACF422C856C0E68EA1BF5669944DDD7BCDE7B1F8E415D77AECB980613C2E4AC91FC167A2B244592486606FC29C8FD7F045B9A
310
EF7053A7E60B504B0304140006080800CC70623B1EC5D7A3EB0000007C01000008000000636F72652E786D6C8D90416EC3201045AF82665B6103C6756C6122AB4D4ED00B204C5C94182C03558F5F9C3852BBEB6A467FFE9B197D71FC9E6FE8CBACC17AD7032D0820E3B41FAD9B7A48F1820F808E52ACDEC75F36404ECDA687
310
4D0629A6D5A76597B477D1B89855E747B38B2A041301E95B6E7A08FAD3CCAA50296647B8168BD2573599823EBB0CA76447F43862C7BCCF5EAC59410E4DDD9C7973C2755553CCCFA4C603E3040F1565ED3B1FDE4E432BCA0D9622DAF9795FAF464533826484B498524CD807E51D79ED187F21878E10516EF63F505AC67F42C9
310
BA58B1FDDD071640D2FCC87D2045B96591CB3DA85CB7DCE40F504B0304140006080800CC70623B55019EA25F0000007C00000007000000636E782E786D6C4DCB3B0E80201045D1AD90E915ED2CF8AC45050C11660C8261F98AB1B07AC9C97D42D718D865D3E909258CFD00CCE24AC6E326A164D74DC0B4128928FF32603847
310
2BA13128B1252AC747C6BAB984FC68F0B87FE8960A5C09FE86CFB69FBA01504B0304140006080800CC70623B8C9102E971010000D40300000C0000006662782F636F72652E786D6CC5535B6E833010BC8AE5DF0A6C08340F1947A84D4ED00B38C6A128602363A31CBFCB234A53A551FA553EC09AD9F5CE8C31DB9E9B1AF5CA
310
7695D1198E428A91D2D214952E33ECDD315861B4E5CC1AE3BE9561A445A3323CC098B3D21ADFCE9034DA29ED00D5A6503328BA4E398C640D8B0C77F253352214DE4145770A5B214FA2546114020D759C75CE8200340D19DE981F0F6746269C33EFAB6266AB02A655C74A59CCF365BADC27CB5D902ED22848F6340DF238A141
310
BE88E2F57B92BFEDF23523433367AE6A2EEAA455C2A902F398D2751045018D3FA264435F3771F242571B4A1919CA6F9A7C5B3CD9E42BED16F12C776AEB308F40C848FC700B1139D4891EF410CEC810227CC6846F8386402064270EF5C5C709A05E49676C024C61FC95EA45ED154CA5211D1FF4FB8291A913A68E9B83EBBB33
310
E2A7673CDE118E5AE8124C0807CB8377834E366998436B950D7A7746DAD846D4CFD978E0F04FD455FC5D49D2D4C6FE9722321F10997F0F32DC47FE05504B0304140006080800CC70623BFFEA85907E0000009D0000000B0000006662782F636E782E786D6C4DCCD10A83201886E15B91FFDC95D95A811AB6F23E625948A6C3
310
E9D8E5AF46073BFAE0E1E365ED67B3E8ADC3CB78C7815C7240DA3DFC64DCC221C519D7805AC182F7F1EF06C88D9BE6703008B6049F9E274D7A1E938DBB5AE3D6131B2589BA0D3D965551E0B2EA732C9B9A624AAEB41E3A557677029960D9AFB4EF11165F504B0304140006080800CC70623B4FEEA4082C0100001202000031
310
0000006662782F39464131463745442D413632322D343644302D413938332D3331353338454246344243312F636F72652E786D6C8D515B6EC32010BC0AE2AB55850DD871ED0813254D72825EC00192A2C460F1A872FC42ED48ED5F7E00CDCECCCEB26C731F6FE05B39AFADE921293004CA082BB5B9F43086336A21D870E6AC
310
0D7F68109861543DCC30E4ECE26C9C164858139409093556AA051CBC570102714B8F1E7AF1A5C6A11862480C7F2DA6415C878B2A4891CA89C7990F2E050073937C42DE1DB7E4F87ED8A36D4329AA9B3D46DBAEAD504556557BD81DEBDD0761E52CE42C462D17B996298E3E6BE59E35C962CE821E1FF18553435012728A7187
310
0841987E927A8D9B35ADDF70BBC6989599FE4F1427F9A4286A132ABAC49D651EF234CD5CE04CDA78BA3DC2A8FB645D00B9DF8B57E215725C60BCA2A463E54C4CE327C7A65E1C7DB02E7DEFCBF594B864C5CA6CDBD49C957943E9FA5D5FBAF336F90F504B0304140006080800CC70623BAD7543B64E01000033030000300000
310
006662782F39464131463745442D413632322D343644302D413938332D3331353338454246344243312F636E782E786D6CD593CD6EC32010845F0571AD6CE3D48AD20813A9873E410FBD12D82434182C7EAAE6EDBB2424CD25871E7B41D6EC30B3FA84F9E67BB2E40B4234DE8DB46F1925E094D7C6ED479AD3AE5951B2113C
310
789FEE6C943839C1488B4C05DF079FE72A69D8C96C13AAD6B8631503449F83828872B949AC57D26200B826A308D316B4064D6E46FCDA41C05550DC9E483A00797BFD207EFB092A45DE9514C1BBD22178396BD39D891265658C238DEA00936C654E5E433CB65A26D9F6EDB5EBC14EBF49A45CB856E66048291F6939A9A81BB5
310
C8917738143CA680F4AA299D66A042CEB3354A2684DC9D8D178FE0D9B8B41CAAD720F880EE7EF93C0C18769E099ECC04D5A102C8049A8A05632F4DDF376CF1DE0F6BB65C2F8627B65A33C6BB62177CEBBDAD973006829F89F22E814B54F4BC2BE347F8AA8F681390B50FA73F804400B5F542E796F19FF974E7F78DB802FE05
310
E207504B0304140006080800CC70623B16AB87BA640500003C100000340000006662782F39464131463745442D413632322D343644302D413938332D3331353338454246344243312F6F626A656374732E786D6CAD575B6FA33818FD2B887DE6924B3BED8A326A92B68A663B534DD4D13E548A0C38942D60649B369D5FBFC7
310
600890A493BDE42160637FD7F31D7FF63E6FB3D478A55C242CBF3247B66B1A340F5994E4F19559CA8D75611A9F7D8F33263BCB4C232719BD32D5B4E97B316765A1A722BA21652A07B3B7B33F0D11D29C9A46981221AE4C113ED38CD8A4942CA2E2C58E882476BCD9DA23BB5ED8171B73523C0F841684D35CC252CCE79062D4
310
468DFA43D7747CCF51DF7D4FFDEB5593E3AB9CCA9FBEFE241792E4E19EB28198C968BAB8199F5D5A67D3E9C49A9E8F47D6EC76B6B0469F26EEFC7C3EBFBCBEB98462213924694B38DD98FE1D62C393D073EA4FADC5DAF04326852CCF6958F90F0F2B9BB5C48816348F90C7840A68EB78EDF68723159BCEE7891A6B95DDE9D3
310
BCEAEEE8086A6C6F9E5D4B59F0175C10A7A0820BAA5055C7473B5AE3CFDD452D602CD5DF12616444529E90D448938013FE6EFA58AA96F85E4F8C42275708571E98FE6827AF6B2B4AE3D7D83D64E5A64C53054DD3AF90BD06FEA9149565C94FCA0F6B834DC85599E4F2423B24DF0B6AFA979E534DFA9E7A4CC6FA631D486393
310
921829879BF5D781A373557BCB85E97FB90DB62B558F8795179C15944B051F40AB495CF35451D26A4727654E6D8033BD98EF82F21D91FF8AF2DD9982BCF1643BDD4EB516C9492E368C67C88DED563FC36D5EACF66DFF057C3658BDBFA69DF9578B3DA735B64F18C7F20770A9D45CFCF7FCF563D6456A277DBEF78A02637CA2
310
43B90A490AEAB94F72244481D24819A6C0E59B606BFA4B3025981DBB48EAB701D97BF19C577CC77F2D1B6C55A9EF3C732474C0B727303F625995056C3B02963D9EAC146BE78EC5FCEC7FA999EBC5EACBAAE41B12D27B4D2C0BBA49F244E2ECDC81B76B502F113D8F5EE8FB1BE3111CDD4FC2AA9B844CAB1288B68AB90A7CDC
310
1C166AB0D3DC5310625FCC14E779BFD0709F8890A629C9292B1B2DED31A4B0DA928CEE135085754027E3018A397D4D5427D15BD1330B677DC8934285AC3DF45A9EB68FF8F2B8FC0A509AFEECFD0FF2DE25CC6047F7214B195F07EFEB9A094D800F7BFAE8FED187B78EA8A3A400F115961BCAD1215E47C966530AF0EE8128FE
310
58CEBB996A8964FFA529A046635D9353B0336A8F700DDF46271A024E70B0B37C9DE01847591E54DED53D54202AB947E4076556AC49C6CA5C9E1226B7F1A7B1BE15DEED62C41B91E1B3E9AFAAA735036547343A925075041DF0A9979E893B391F8FCFA6967B3EFB644DCF6E5CEBFAE272625DCC6FAF3FB93793C5F90CE1EF57
310
407342756B10D1C489E8953CD1617E5CEECAD6F4EF8914CE5D5D504E5C3F1F9736DA62CFC11E00BCDDB8CC8A9466349744C1F75EBDA4DF09BA8A9E8C7A7E9991989E20E5DBDD6A6003664ED8F7A04A8DBE0DF6EAD9B9AA858342E47399053949D2C146EDB85DE4B176BB0965FBAC19BD19AA918E27FA50C1D22402E144464C
310
59462568E704B6E71915404CB72B8FF4EDE184DDAF753F284990D2C6926782963815403548A70C657FDEF80D2D9CEAA2AE4C1C76F60BFE74219A06527D6582DF6412526107381E55E353090704D085B52408D0933C4ED159D79BDA71BB4BC506F4831350EB6F979CD22D69BF7AC49B91A2C0A9DDA3D5CA36AD20FC478E37E6
310
1844E2352865EBCB6EA275A652E3836BE04EFB400BF1A2556F515F1FBB35B2AB35BD889C744FFA1004B5544B121E57F70215746DD2F5E2C1412B602CBF19455AC6C8E5E9922C4E01E65215385004546899059180EAFCF7A707CE7017CD8CDB0410789AB32C63B91E5CEBBBACB17AC6CD347A022D5075FD106377347AAABA7E
310
7D11590744509B44E205134DC1290F06580320F78E537D3D73540E06CB970B431F185308AD40BBD794D6D77003C5A36E8EAA54BA64597CD8F83BD552A080A365F7FF06504B0304140006080000CC70623B000000000000000000000000350000006662782F39464131463745442D413632322D343644302D413938332D3331
310
353338454246344243312F76657274696365732E62696E504B0304140006080800CC70623BF270F1330600000004000000360000006662782F39464131463745442D413632322D343644302D413938332D3331353338454246344243312F747269616E676C65732E62696E636660600000504B0304140006080000CC70623B
310
000000000000000000000000370000006662782F39464131463745442D413632322D343644302D413938332D3331353338454246344243312F617474726962757465732E62696E504B0304140006080800CC70623B08DA0BD19000000041010000360000006662782F39464131463745442D413632322D343644302D413938
310
332D3331353338454246344243312F6469726563746F72792E786D6C858F410AC3201045AF22B36F53E9A60B35CBEEBAE80D244E44489C6234F4F835464A48035D0DF398FF9F8AF63D0E6CC63039F212F8F9020C7D47C6792B21C5FE7403D62A1188E2E60C98D7234A5830286103A55745067B9D86B8A3CF9C7F90C11DE607
310
FB144396D7B6A82D282E9A152AD114D5EF2CB866EEE831B8EEA07A7BB5A8D7D61A2BAAEB7FD5F70921FF497D00504B0304140006080800CC70623B0D6EF93BFE000000A00100003B0000006662782F39464131463745442D413632322D343644302D413938332D3331353338454246344243312F7265736F75726365732F63
310
6F72652E786D6C8D50596E833010BD0A9ADFCA60B334011947A8694ED00B586642AC041B79A97AFC9A40A5F6AF3F33A3B7689E1E3F7DCD8FEC139DD7D6F4C0720A191A65476DA61E62B892236427C19DB5E1970C322367EC618541F0C9D9B8EC90B226A009093576C41D94DE63804C3DD2D18357379C652E63480A7FCF17A9
310
EE72C29CE5894E3AC17D702940B63D59270887DE46A7D0F36263058F518FBB468FE9A7BE6A7420864373B8D4873369AA8691FA421B3294352543C5CAF65C0F6FEF43CB8BD52C78D0F34F46E550061C419494B6843142CB0F5677F4B52BEB177AEC28E5C52AFF638ACBF84F53D42654E51E77B379102C05791282176B5F693D
310
CB4C7BED567C03504B010214000A0000080000CC70623B3DEE336E79000000790000001B00000000000000000000000000000000006175746F6465736B2D64657369676E2D7061636B6167652E786D6C504B01021400140006080800CC70623BD486FD9CA0000000F40000001300000000000000000000000000B20000005B
310
436F6E74656E745F54797065735D2E786D6C504B01021400140006080800CC70623B1EC5D7A3EB0000007C010000080000000000000000000000000083010000636F72652E786D6C504B01021400140006080800CC70623B55019EA25F0000007C000000070000000000000000000000000094020000636E782E786D6C504B
310
01021400140006080800CC70623B8C9102E971010000D40300000C00000000000000000000000000180300006662782F636F72652E786D6C504B01021400140006080800CC70623BFFEA85907E0000009D0000000B00000000000000000000000000B30400006662782F636E782E786D6C504B01021400140006080800CC70
310
623B4FEEA4082C0100001202000031000000000000000000000000005A0500006662782F39464131463745442D413632322D343644302D413938332D3331353338454246344243312F636F72652E786D6C504B01021400140006080800CC70623BAD7543B64E010000330300003000000000000000000000000000D5060000
310
6662782F39464131463745442D413632322D343644302D413938332D3331353338454246344243312F636E782E786D6C504B01021400140006080800CC70623B16AB87BA640500003C1000003400000000000000000000000000710800006662782F39464131463745442D413632322D343644302D413938332D3331353338
310
454246344243312F6F626A656374732E786D6C504B01021400140006080000CC70623B0000000000000000000000003500000000000000000000000000270E00006662782F39464131463745442D413632322D343644302D413938332D3331353338454246344243312F76657274696365732E62696E504B01021400140006
310
080800CC70623BF270F133060000000400000036000000000000000000000000007A0E00006662782F39464131463745442D413632322D343644302D413938332D3331353338454246344243312F747269616E676C65732E62696E504B01021400140006080000CC70623B0000000000000000000000003700000000000000
310
000000000000D40E00006662782F39464131463745442D413632322D343644302D413938332D3331353338454246344243312F617474726962757465732E62696E504B01021400140006080800CC70623B08DA0BD190000000410100003600000000000000000000000000290F00006662782F39464131463745442D413632
310
322D343644302D413938332D3331353338454246344243312F6469726563746F72792E786D6C504B01021400140006080800CC70623B0D6EF93BFE000000A00100003B000000000000000000000000000D1000006662782F39464131463745442D413632322D343644302D413938332D3331353338454246344243312F7265
310
736F75726365732F636F72652E786D6C504B0506000000000E000E0080040000641100000000
  0
XRECORD
  5
175
102
{ACAD_REACTORS
330
173
102
}
330
173
100
AcDbXrecord
280
     1
270
     1
271
     1
  0
XRECORD
  5
174
102
{ACAD_REACTORS
330
173
102
}
330
173
100
AcDbXrecord
280
     1
270
     1
271
     1
  0
XRECORD
  5
1FB
102
{ACAD_REACTORS
330
173
102
}
330
173
100
AcDbXrecord
280
     1
 70
     0
 90
1673772943
  1
ECE7A1D2-D628-4531-984C-D00F80459256
310
504B03040A0000080000CC70623B3DEE336E79000000790000001B0000006175746F6465736B2D64657369676E2D7061636B6167652E786D6C3C3F786D6C2076657273696F6E3D22312E302220656E636F64696E673D227574662D3822203F3E3C666F726D6174733E3C666F726D61743E687474703A2F2F736368656D612E
310
6175746F6465736B2E636F6D2F64657369676E2D7061636B6167652F323030393C2F666F726D61743E3C2F666F726D6174733E504B0304140006080800CC70623BD486FD9CA0000000F4000000130000005B436F6E74656E745F54797065735D2E786D6C7D8EC10E82300C865F65E91D8A1E8C310C0EEA1BF002731658846E
310
D98AC1B77784ABF1D8FE5FBFBF75BBCE937A534CCEB38643598122B6FEE978D0B0485F9C41B54DDD7D022595594E1A469170414C76A4D9A4D207E29CF43ECE46F218070CC6BECC4078ACAA135ACF422C856C0E68EA1BF5669944DDD7BCDE7B1F8E415D77AECB980613C2E4AC91FC167A2B244592486606FC29C8FD7F045B9A
310
EF7053A7E60B504B0304140006080800CC70623BD9DDAED0EC0000007C01000008000000636F72652E786D6C8D90416EC3201045AF82665B61836D9CD8C2444DD39CA01740405C94182C03558F5F9C3852BBEB6A467FFE9B197D7EF89E6EE8CB2CC17A37002D0820E394D7D68D03A478C17B4007C117EFE32F1B20272733C0
310
2A83E0E3E2D3BC49CABB685CCCAAF3DA6CA20CC14440EA969B0182FA34932C648AD911AEC52CD5558EA6A0CF2EC329598D1E47ACCEFBECC59A050463A7EA5833865FEBDD0E37353BE3EE8DBDE3F6786A48D375FBF6CC78B9C282473B3DEFABC5C86834888A900E538A49F5419B9EB47DD5BC907D4F082F57FB1F28CDFA9F50
310
B22ED6D5F6EE030B20687EE43E10BC5CB3C8E51E54AE6B6EE207504B0304140006080800CC70623B55019EA25F0000007C00000007000000636E782E786D6C4DCB3B0E80201045D1AD90E915ED2CF8AC45050C11660C8261F98AB1B07AC9C97D42D718D865D3E909258CFD00CCE24AC6E326A164D74DC0B4128928FF326038
310
472BA13128B1252AC747C6BAB984FC68F0B87FE8960A5C09FE86CFB69FBA01504B0304140006080800CC70623BA24EB22D72010000D40300000C0000006662782F636F72652E786D6CC5535B6E833010BC8AE5DF0A6C5E49888CA3A6694ED00B38E05014B091B1518EDFE511A5A9D228FD2A1F60CDEC7A67C6986DCE4D8D7A
310
69BA4AAB0C073EC548AA5C17952A33ECECD15B61B4E1CC686DBF9561A44423333CC098B3D268D7CE50AE9595CA02AA74216750749DB418E5352C32DCE59FB211BE70162ABA93DF8AFC244AE9073ED050C759670D0840D390E18DF9F1706664C23973AE2A66B62A605A75ACA4C13C4976E1364A12EF355A2EBD384AF65EFA96
310
BC7B8BED2EA6719AAE16FB8491A199335B351775B991C2CA02F390D2D40B028F861F41BCA68B7518BFD0D59A524686F29B26D7164F36B94AD9289CE54E6D1DE6010819891F6E21228B3AD1831EC219194284CF98F06DD01008846CC5A1BEF83801D4CBDC6A1303536877A57A513B0953A94FC707FDBE6064EA84A9E3E6E0FA
310
EE8CF0E9198F7784A316AA0413C2C2F2E0ECA0934D1AE6D05A69BCDE9E91D2A611F573361E38FC1375157F5752AE6B6DFE4B11990F88CCBF0719EE23FF02504B0304140006080800CC70623B408A7D3B7C0000009D0000000B0000006662782F636E782E786D6C4DCCD10A83201886E15B91FFDC552A92A0064DBC8F581632
310
D3703A76F9ABD1C18E3E78F878E5F0D9027ABBFCF2292AE86E2D20171F69F6715550CB827B40839639A5F2770314A7CD293819B45C73AAFB45B35BA61ACAA1C1C7E7855C58C15BC331339661262CC762340413D68D77DA5B42298546CBE6573AF60CEB2F504B0304140006080800CC70623B449FB9BD290100001202000031
310
0000006662782F36394639363044362D344446342D343946362D394244322D3234314243333846323333332F636F72652E786D6C8D515B6EC32010BC0AE22B55850D98B871848994463E412FE002495162B07854397EA176A4F62F3F2C9A9D991D587EB84F37F0AD7D30CEF6905418026DA553C65E7A98E219ED203808EE9D
310
8B7F6810D871D23D2C3014FCE25D9A57483A1BB58D19B54EE9151C43D0110279CB971E06F9A5A7B11A53CC8C70ADE6515EC78BAE4895DB992778883E0700CB907242D17643D7E2538BD869608875438BBAE38922CAC8F1BDD90DB4691A5E2F42C153326A951B95E398B3D1FE599322163C9AE9115F7A3D46ADA0A018778810
310
84E907617BDCEE297BC5BB3DC6BC2EF47FA234AB2745C9D8D8D035EE220B50105E2F0DC1954B9FB747187D9F9D8FA0CCDB042D5FA0C015C65B42DF78BD10F3F3B363CB56C7109DCFDFBBB97E662ED92EB62D13BC2E1BCAE5777DB9966D8A1F504B0304140006080800CC70623BAD7543B64E01000033030000300000006662
310
782F36394639363044362D344446342D343946362D394244322D3234314243333846323333332F636E782E786D6CD593CD6EC32010845F0571AD6CE3D48AD20813A9873E410FBD12D82434182C7EAAE6EDBB2424CD25871E7B41D6EC30B3FA84F9E67BB2E40B4234DE8DB46F1925E094D7C6ED479AD3AE5951B2113C789FEE
310
6C943839C1488B4C05DF079FE72A69D8C96C13AAD6B8631503449F83828872B949AC57D26200B826A308D316B4064D6E46FCDA41C05550DC9E483A00797BFD207EFB092A45DE9514C1BBD22178396BD39D891265658C238DEA00936C654E5E433CB65A26D9F6EDB5EBC14EBF49A45CB856E66048291F6939A9A81BB5C89177
310
38143CA680F4AA299D66A042CEB3354A2684DC9D8D178FE0D9B8B41CAAD720F880EE7EF93C0C18769E099ECC04D5A102C8049A8A05632F4DDF376CF1DE0F6BB65C2F8627B65A33C6BB62177CEBBDAD973006829F89F22E814B54F4BC2BE347F8AA8F681390B50FA73F804400B5F542E796F19FF974E7F78DB802FE05E20750
310
4B0304140006080800CC70623B8D05915C650500003B100000340000006662782F36394639363044362D344446342D343946362D394244322D3234314243333846323333332F6F626A656374732E786D6CAD575B6FA33814FE2B887D06429276DA1565D4266D158D3A339A6846FB502932E050B66023DB74D2FDF5FB190C01
310
9276B2973C046C8ECFF53B17071F77456EBD502133CEAE6CDF9DD81665314F32965ED995DA3A17B6F5310C04E7AA47665B8C14F4CAD6DB7618A48257A5D94AE89654B91AEDDEDDFC61C998326A5B714EA4BCB265FC440BE2924AF184CA6737218AB8E976E7FA6E4338649B0A523E8D98964450A6A029F619B8588D52FE7039
310
B1BD30F0F4F730D0FF866AF6369557DB33949F31A9088B0F848DD8CCFCF9F2767A76E99CCDE733677E3EF59D9BBB9BA5E37F984D16E78BC5E5F5ED25044B25C0C96822E8D60EEFE11B91C581D77CEA34368A1F5329E68CD1B8B61F16D63A1B8E092D294B10C78C4A48EB593D192E7DED9BDEE7995E1B91FDEDD3ACEA9FE831
310
6A756F9F7D4D79F4274C90A7A04248AA51D5F8C718DAE06FB2F75AC4796EBE65D22A88A22223B995679120E2D50E41AA49C260C046A35368846B0BECD0DFF3EBEB8AD4F835768F69B9ADF25C43D30E6B646F807FAA64AD59F61715C7A54127C4AACA98BA3006A9D792DAE165E0D59B61A01FB3A9F9D838D2DAE62445C86166
310
F37564E842E7DE6A69879FEEA2DD5AE7E371E1A5E025154AC307D06A03D73EB5978C58FFA4C8E9033066E0F3BD53BEC1F39F91BE7B55103791EDE6BBB991A2046172CB4581D8B893FA674DDA17A77B3B7C413D1B511FD2743BFF8A38F03A658705E3ADF8015C3A3417FF3D7E439FF591DA0B5F18BC20C1B8981957AE6392A3
310
F43C640C01D1A0B4728E2DD4F26DB4B3C3152A252A3B4E913CEC1C72F012782FF88EFF8637AA552DBEF76408E8A8DE9E50F9E1CB3A2DA0DB1B6039A893B56063DC5B3E3FFB5F72E67AB9FEB4AEC496C4F4C1149625DD662C53E89D7BF0F6151A046260D1337DFDC94502430F83B0EE07A130A224BCAD7DAE1D9FB6CD422FF6
310
920702629C4BB9AE79C12F243C6432A6794E18E5552BA56B431AAB5D91317302B2B071E86C3A42B1A02F999E24061403B5D0EB639195DA655DD3EBEAB4FB862DDF579F014AD0E73C22F99E28DA57FB98E75C6CA2D74D53086D600F4786E0FE3144B771A8A7B900F03594DB8A633CBC49B2EDB69228BB479CF863B5E807AAAB
310
23872F6DFEB4129B949CA33823F58830E86D65621E10047D9DB34D862E8EAC3C2ABC2F7B2C40D67CDFE01F5545B92105AF983AC54D93D69E56FB8E797F88913F898A9FEC705D3F9D1B54EC8426FB500D40A03BD0119B06E1B95DDC7EB8F6975367793EBD70E66733DFB9BC982F9CE564727731999F5D4ECFCE3B8D6A4DC2A0
310
6D50FD148437D110834A64C6CDDF57FBACB5C307A2A477DFE4939736CFEF2B175371E0E10CF0DD1D5C15654E0BCA14D1E87DD02FF93782A162C0A3D95F1524A52770F972BF1EE9809D13CE7DD599467F8ECE9ADD85CE85A34CD45355448C64F9E8A031DC2D596ACC6E5DD93D9B82DE2EF5CAF81363A8E47996A0DE24564A79
310
4115AACE09C55E14540231FDA13C319787134EBF34E3A022514E5B4D9E0826E25C02D5805B15ABE1BEF51B26383D445DD9E875EE33FE4C22DA16427D65A3BCA92CA6D28DD01DF5DC53330704308475351050232CCD31583787BA75774AFB06E5070DD0C8EF484E19968C5D83BA5B90B244D31E54D55A372320FE4786B7EA58
310
44E135AA5467CB7EA333A61683CC6A8C3257034C10CF46F40EF9F5BE59BE5BD30C3C72D235E95D10345C1D45445A5F0BB47E46A5EBE5570F9380B5FA629579952296A773720405982B9DE04011506178964401AA8BDF1FBF0A8EAB6861DD6580C0E38217056766716DAEB2D6FA0917D3E4116581EADB879C4E7CFFB11EFACD
310
3D641311495D92C8676CB409A72D18610D803CE8A626049E8EC1887CB5B44CC39883690DDA8399B4B9855B481E7D71D4A9D22F96E5BB73BF5793020C02137BF837504B0304140006080000CC70623B000000000000000000000000350000006662782F36394639363044362D344446342D343946362D394244322D32343142
310
43333846323333332F76657274696365732E62696E504B0304140006080800CC70623BF270F1330600000004000000360000006662782F36394639363044362D344446342D343946362D394244322D3234314243333846323333332F747269616E676C65732E62696E636660600000504B0304140006080000CC70623B0000
310
00000000000000000000370000006662782F36394639363044362D344446342D343946362D394244322D3234314243333846323333332F617474726962757465732E62696E504B0304140006080800CC70623B08DA0BD19000000041010000360000006662782F36394639363044362D344446342D343946362D394244322D
310
3234314243333846323333332F6469726563746F72792E786D6C858F410AC3201045AF22B36F53E9A60B35CBEEBAE80D244E44489C6234F4F835464A48035D0DF398FF9F8AF63D0E6CC63039F212F8F9020C7D47C6792B21C5FE7403D62A1188E2E60C98D7234A5830286103A55745067B9D86B8A3CF9C7F90C11DE607FB14
310
4396D7B6A82D282E9A152AD114D5EF2CB866EEE831B8EEA07A7BB5A8D7D61A2BAAEB7FD5F70921FF497D00504B0304140006080800CC70623BCA768048FE000000A00100003B0000006662782F36394639363044362D344446342D343946362D394244322D3234314243333846323333332F7265736F75726365732F636F72
310
652E786D6C8D50596E833010BD0A9ADFCA60D600328E9AA639412F609909B1126CE4A5EAF16B0295DABFFECC8CDEA2797AECF8353F924FB44E193D409E5248504B332A3D0D10FC95B4901C39B3C6F85F3248B49871801506CE266BC2B243D2688FDA47549B11775038871E12F988C7004EDE7016A9083E2ADC3D5D84BC8B09
310
D33C8D74D471E6BC8D0192EDC93A815B742658898E651BCB59086ADC356A8C3FD555A1055ED7E7E254D615792D0F075295F585746FF53B694EE78A565DD736979A65AB9933AFE69F8CD2A2F038022F28ED489E135A7CE4554F9BBEA85E68DB53CAB255FEC71496F19FA6A0B42F8B3DEE6673C0F318E4497096AD7DC5F52C33
310
EEB55BFE0D504B010214000A0000080000CC70623B3DEE336E79000000790000001B00000000000000000000000000000000006175746F6465736B2D64657369676E2D7061636B6167652E786D6C504B01021400140006080800CC70623BD486FD9CA0000000F40000001300000000000000000000000000B20000005B436F
310
6E74656E745F54797065735D2E786D6C504B01021400140006080800CC70623BD9DDAED0EC0000007C010000080000000000000000000000000083010000636F72652E786D6C504B01021400140006080800CC70623B55019EA25F0000007C000000070000000000000000000000000095020000636E782E786D6C504B0102
310
1400140006080800CC70623BA24EB22D72010000D40300000C00000000000000000000000000190300006662782F636F72652E786D6C504B01021400140006080800CC70623B408A7D3B7C0000009D0000000B00000000000000000000000000B50400006662782F636E782E786D6C504B01021400140006080800CC70623B
310
449FB9BD290100001202000031000000000000000000000000005A0500006662782F36394639363044362D344446342D343946362D394244322D3234314243333846323333332F636F72652E786D6C504B01021400140006080800CC70623BAD7543B64E010000330300003000000000000000000000000000D20600006662
310
782F36394639363044362D344446342D343946362D394244322D3234314243333846323333332F636E782E786D6C504B01021400140006080800CC70623B8D05915C650500003B10000034000000000000000000000000006E0800006662782F36394639363044362D344446342D343946362D394244322D32343142433338
310
46323333332F6F626A656374732E786D6C504B01021400140006080000CC70623B0000000000000000000000003500000000000000000000000000250E00006662782F36394639363044362D344446342D343946362D394244322D3234314243333846323333332F76657274696365732E62696E504B010214001400060808
310
00CC70623BF270F13306000000040000003600000000000000000000000000780E00006662782F36394639363044362D344446342D343946362D394244322D3234314243333846323333332F747269616E676C65732E62696E504B01021400140006080000CC70623B00000000000000000000000037000000000000000000
310
00000000D20E00006662782F36394639363044362D344446342D343946362D394244322D3234314243333846323333332F617474726962757465732E62696E504B01021400140006080800CC70623B08DA0BD190000000410100003600000000000000000000000000270F00006662782F36394639363044362D344446342D
310
343946362D394244322D3234314243333846323333332F6469726563746F72792E786D6C504B01021400140006080800CC70623BCA768048FE000000A00100003B000000000000000000000000000B1000006662782F36394639363044362D344446342D343946362D394244322D3234314243333846323333332F7265736F
310
75726365732F636F72652E786D6C504B0506000000000E000E0080040000621100000000
  0
XRECORD
  5
176
102
{ACAD_REACTORS
330
173
102
}
330
173
100
AcDbXrecord
280
     1
270
     1
271
     1
  0
XRECORD
  5
177
102
{ACAD_REACTORS
330
173
102
}
330
173
100
AcDbXrecord
280
     1
270
     1
271
     1
  0
CELLSTYLEMAP
  5
B79
102
{ACAD_REACTORS
330
162
102
}
330
162
100
AcDbCellStyleMap
 90
        3
300
CELLSTYLE
  1
TABLEFORMAT_BEGIN
 90
        5
170
     1
 91
        0
 92
    32768
 62
   257
 93
        1
300
CONTENTFORMAT
  1
CONTENTFORMAT_BEGIN
 90
        0
 91
        0
 92
      512
 93
        0
300

 40
0.0
140
1.0
 94
        5
 62
     0
340
11
144
6.0
309
CONTENTFORMAT_END
171
     1
301
MARGIN
  1
CELLMARGIN_BEGIN
 40
1.5
 40
1.5
 40
1.5
 40
1.5
 40
4.5
 40
4.5
309
CELLMARGIN_END
 94
        6
 95
        1
302
GRIDFORMAT
  1
GRIDFORMAT_BEGIN
 90
        0
 91
        1
 62
     0
 92
       -2
340
14
 93
        0
 40
1.125
309
GRIDFORMAT_END
 95
        2
302
GRIDFORMAT
  1
GRIDFORMAT_BEGIN
 90
        0
 91
        1
 62
     0
 92
       -2
340
14
 93
        0
 40
1.125
309
GRIDFORMAT_END
 95
        4
302
GRIDFORMAT
  1
GRIDFORMAT_BEGIN
 90
        0
 91
        1
 62
     0
 92
       -2
340
14
 93
        0
 40
1.125
309
GRIDFORMAT_END
 95
        8
302
GRIDFORMAT
  1
GRIDFORMAT_BEGIN
 90
        0
 91
        1
 62
     0
 92
       -2
340
14
 93
        0
 40
1.125
309
GRIDFORMAT_END
 95
       16
302
GRIDFORMAT
  1
GRIDFORMAT_BEGIN
 90
        0
 91
        1
 62
     0
 92
       -2
340
14
 93
        0
 40
1.125
309
GRIDFORMAT_END
 95
       32
302
GRIDFORMAT
  1
GRIDFORMAT_BEGIN
 90
        0
 91
        1
 62
     0
 92
       -2
340
14
 93
        0
 40
1.125
309
GRIDFORMAT_END
309
TABLEFORMAT_END
  1
CELLSTYLE_BEGIN
 90
        1
 91
        1
300
_TITLE
309
CELLSTYLE_END
300
CELLSTYLE
  1
TABLEFORMAT_BEGIN
 90
        5
170
     1
 91
        0
 92
        0
 62
   257
 93
        1
300
CONTENTFORMAT
  1
CONTENTFORMAT_BEGIN
 90
        0
 91
        0
 92
      512
 93
        0
300

 40
0.0
140
1.0
 94
        5
 62
     0
340
11
144
4.5
309
CONTENTFORMAT_END
171
     1
301
MARGIN
  1
CELLMARGIN_BEGIN
 40
1.5
 40
1.5
 40
1.5
 40
1.5
 40
4.5
 40
4.5
309
CELLMARGIN_END
 94
        6
 95
        1
302
GRIDFORMAT
  1
GRIDFORMAT_BEGIN
 90
        0
 91
        1
 62
     0
 92
       -2
340
14
 93
        0
 40
1.125
309
GRIDFORMAT_END
 95
        2
302
GRIDFORMAT
  1
GRIDFORMAT_BEGIN
 90
        0
 91
        1
 62
     0
 92
       -2
340
14
 93
        0
 40
1.125
309
GRIDFORMAT_END
 95
        4
302
GRIDFORMAT
  1
GRIDFORMAT_BEGIN
 90
        0
 91
        1
 62
     0
 92
       -2
340
14
 93
        0
 40
1.125
309
GRIDFORMAT_END
 95
        8
302
GRIDFORMAT
  1
GRIDFORMAT_BEGIN
 90
        0
 91
        1
 62
     0
 92
       -2
340
14
 93
        0
 40
1.125
309
GRIDFORMAT_END
 95
       16
302
GRIDFORMAT
  1
GRIDFORMAT_BEGIN
 90
        0
 91
        1
 62
     0
 92
       -2
340
14
 93
        0
 40
1.125
309
GRIDFORMAT_END
 95
       32
302
GRIDFORMAT
  1
GRIDFORMAT_BEGIN
 90
        0
 91
        1
 62
     0
 92
       -2
340
14
 93
        0
 40
1.125
309
GRIDFORMAT_END
309
TABLEFORMAT_END
  1
CELLSTYLE_BEGIN
 90
        2
 91
        1
300
_HEADER
309
CELLSTYLE_END
300
CELLSTYLE
  1
TABLEFORMAT_BEGIN
 90
        5
170
     1
 91
        0
 92
        0
 62
   257
 93
        1
300
CONTENTFORMAT
  1
CONTENTFORMAT_BEGIN
 90
        0
 91
        0
 92
      512
 93
        0
300

 40
0.0
140
1.0
 94
        2
 62
     0
340
11
144
4.5
309
CONTENTFORMAT_END
171
     1
301
MARGIN
  1
CELLMARGIN_BEGIN
 40
1.5
 40
1.5
 40
1.5
 40
1.5
 40
4.5
 40
4.5
309
CELLMARGIN_END
 94
        6
 95
        1
302
GRIDFORMAT
  1
GRIDFORMAT_BEGIN
 90
        0
 91
        1
 62
     0
 92
       -2
340
14
 93
        0
 40
1.125
309
GRIDFORMAT_END
 95
        2
302
GRIDFORMAT
  1
GRIDFORMAT_BEGIN
 90
        0
 91
        1
 62
     0
 92
       -2
340
14
 93
        0
 40
1.125
309
GRIDFORMAT_END
 95
        4
302
GRIDFORMAT
  1
GRIDFORMAT_BEGIN
 90
        0
 91
        1
 62
     0
 92
       -2
340
14
 93
        0
 40
1.125
309
GRIDFORMAT_END
 95
        8
302
GRIDFORMAT
  1
GRIDFORMAT_BEGIN
 90
        0
 91
        1
 62
     0
 92
       -2
340
14
 93
        0
 40
1.125
309
GRIDFORMAT_END
 95
       16
302
GRIDFORMAT
  1
GRIDFORMAT_BEGIN
 90
        0
 91
        1
 62
     0
 92
       -2
340
14
 93
        0
 40
1.125
309
GRIDFORMAT_END
 95
       32
302
GRIDFORMAT
  1
GRIDFORMAT_BEGIN
 90
        0
 91
        1
 62
     0
 92
       -2
340
14
 93
        0
 40
1.125
309
GRIDFORMAT_END
309
TABLEFORMAT_END
  1
CELLSTYLE_BEGIN
 90
        3
 91
        2
300
_DATA
309
CELLSTYLE_END
  0
ENDSEC
  0
SECTION
  2
ACDSDATA
 70
     2
 71
     8
  0
ACDSSCHEMA
 90
        0
  1
AcDb_Thumbnail_Schema
  2
AcDbDs::ID
280
    10
 91
        8
  2
Thumbnail_Data
280
    15
 91
        0
101
ACDSRECORD
 95
        0
 90
        1
  2
AcDbDs::TreatedAsObjectData
280
     1
291
     1
101
ACDSRECORD
 95
        0
 90
        2
  2
AcDbDs::Legacy
280
     1
291
     1
101
ACDSRECORD
  1
AcDbDs::ID
 90
        3
  2
AcDs:Indexable
280
     1
291
     1
101
ACDSRECORD
  1
AcDbDs::ID
 90
        4
  2
AcDbDs::HandleAttribute
280
     7
282
     1
  0
ACDSSCHEMA
 90
        1
  1
AcDbDs::TreatedAsObjectDataSchema
  2
AcDbDs::TreatedAsObjectData
280
     1
 91
        0
  0
ACDSSCHEMA
 90
        2
  1
AcDbDs::LegacySchema
  2
AcDbDs::Legacy
280
     1
 91
        0
  0
ACDSSCHEMA
 90
        3
  1
AcDbDs::IndexedPropertySchema
  2
AcDs:Indexable
280
     1
 91
        0
  0
ACDSSCHEMA
 90
        4
  1
AcDbDs::HandleAttributeSchema
  2
AcDbDs::HandleAttribute
280
     7
 91
        1
284
     1
  0
ACDSRECORD
 90
        0
  2
AcDbDs::ID
280
    10
320
22
  2
Thumbnail_Data
280
    15
 94
      896
310
89504E470D0A1A0A0000000D49484452000001000000009108030000001BE1960600000300504C5445212830FFFFFF2128300000000000000000000000000000000000000000000000000000330000660000990000CC0000FF0033000033330033660033990033CC0033FF0066000066330066660066990066CC0066FF0099
310
000099330099660099990099CC0099FF00CC0000CC3300CC6600CC9900CCCC00CCFF00FF0000FF3300FF6600FF9900FFCC00FFFF3300003300333300663300993300CC3300FF3333003333333333663333993333CC3333FF3366003366333366663366993366CC3366FF3399003399333399663399993399CC3399FF33CC00
310
33CC3333CC6633CC9933CCCC33CCFF33FF0033FF3333FF6633FF9933FFCC33FFFF6600006600336600666600996600CC6600FF6633006633336633666633996633CC6633FF6666006666336666666666996666CC6666FF6699006699336699666699996699CC6699FF66CC0066CC3366CC6666CC9966CCCC66CCFF66FF0066
310
FF3366FF6666FF9966FFCC66FFFF9900009900339900669900999900CC9900FF9933009933339933669933999933CC9933FF9966009966339966669966999966CC9966FF9999009999339999669999999999CC9999FF99CC0099CC3399CC6699CC9999CCCC99CCFF99FF0099FF3399FF6699FF9999FFCC99FFFFCC0000CC00
310
33CC0066CC0099CC00CCCC00FFCC3300CC3333CC3366CC3399CC33CCCC33FFCC6600CC6633CC6666CC6699CC66CCCC66FFCC9900CC9933CC9966CC9999CC99CCCC99FFCCCC00CCCC33CCCC66CCCC99CCCCCCCCCCFFCCFF00CCFF33CCFF66CCFF99CCFFCCCCFFFFFF0000FF0033FF0066FF0099FF00CCFF00FFFF3300FF3333
310
FF3366FF3399FF33CCFF33FFFF6600FF6633FF6666FF6699FF66CCFF66FFFF9900FF9933FF9966FF9999FF99CCFF99FFFFCC00FFCC33FFCC66FFCC99FFCCCCFFCCFFFFFF00FFFF33FFFF66FFFF99FFFFCCFFFFFF0000000D0D0D1A1A1A2828283535354343435050505D5D5D6B6B6B787878868686939393A1A1A1AEAEAEBB
310
BBBBC9C9C9D6D6D6E4E4E4F1F1F1FFFFFF0000000000000000000000000000000000000000000000000000000000002E4550F10000003B4944415478DAEDC13101000000C2A0F54F6D0B2FA0000000000000000000000000000000000000000000000000000000000000000000000000CE06919100016C9A5B1B0000000049
310
454E44AE426082
  0
ENDSEC
  0
EOF
