  0
SECTION
  2
HEADER
  9
$ACADVER
  1
AC1032
  9
$ACADMAINTVER
 90
       55
  9
$DWGCODEPAGE
  3
ANSI_1252
  9
$LASTSAVEDBY
  1
Wilross
  9
$REQUIREDVERSIONS
160
                 0
  9
$INSBASE
 10
0.0
 20
0.0
 30
0.0
  9
$EXTMIN
 10
5502.554121029097
 20
0.0002604217152111
 30
0.0
  9
$EXTMAX
 10
97205.67810858227
 20
52860.00026042684
 30
0.0
  9
$LIMMIN
 10
0.0
 20
0.0
  9
$LIMMAX
 10
420.0
 20
297.0
  9
$ORTHOMODE
 70
     1
  9
$REGENMODE
 70
     1
  9
$FILLMODE
 70
     1
  9
$QTEXTMODE
 70
     0
  9
$MIRRTEXT
 70
     0
  9
$LTSCALE
 40
1.0
  9
$ATTMODE
 70
     1
  9
$TEXTSIZE
 40
2.5
  9
$TRACEWID
 40
1.0
  9
$TEXTSTYLE
  7
Standard
  9
$CLAYER
  8
0
  9
$CELTYPE
  6
ByLayer
  9
$CECOLOR
 62
   256
  9
$CELTSCALE
 40
1.0
  9
$DISPSILH
 70
     0
  9
$DIMSCALE
 40
1.0
  9
$DIMASZ
 40
2.5
  9
$DIMEXO
 40
0.625
  9
$DIMDLI
 40
3.75
  9
$DIMRND
 40
0.0
  9
$DIMDLE
 40
0.0
  9
$DIMEXE
 40
1.25
  9
$DIMTP
 40
0.0
  9
$DIMTM
 40
0.0
  9
$DIMTXT
 40
2.5
  9
$DIMCEN
 40
2.5
  9
$DIMTSZ
 40
0.0
  9
$DIMTOL
 70
     0
  9
$DIMLIM
 70
     0
  9
$DIMTIH
 70
     0
  9
$DIMTOH
 70
     0
  9
$DIMSE1
 70
     0
  9
$DIMSE2
 70
     0
  9
$DIMTAD
 70
     1
  9
$DIMZIN
 70
     8
  9
$DIMBLK
  1

  9
$DIMASO
 70
     1
  9
$DIMSHO
 70
     1
  9
$DIMPOST
  1

  9
$DIMAPOST
  1

  9
$DIMALT
 70
     0
  9
$DIMALTD
 70
     3
  9
$DIMALTF
 40
0.03937007874016
  9
$DIMLFAC
 40
1.0
  9
$DIMTOFL
 70
     1
  9
$DIMTVP
 40
0.0
  9
$DIMTIX
 70
     0
  9
$DIMSOXD
 70
     0
  9
$DIMSAH
 70
     0
  9
$DIMBLK1
  1

  9
$DIMBLK2
  1

  9
$DIMSTYLE
  2
ISO-25
  9
$DIMCLRD
 70
     0
  9
$DIMCLRE
 70
     0
  9
$DIMCLRT
 70
     0
  9
$DIMTFAC
 40
1.0
  9
$DIMGAP
 40
0.625
  9
$DIMJUST
 70
     0
  9
$DIMSD1
 70
     0
  9
$DIMSD2
 70
     0
  9
$DIMTOLJ
 70
     0
  9
$DIMTZIN
 70
     8
  9
$DIMALTZ
 70
     0
  9
$DIMALTTZ
 70
     0
  9
$DIMUPT
 70
     0
  9
$DIMDEC
 70
     2
  9
$DIMTDEC
 70
     2
  9
$DIMALTU
 70
     2
  9
$DIMALTTD
 70
     3
  9
$DIMTXSTY
  7
Standard
  9
$DIMAUNIT
 70
     0
  9
$DIMADEC
 70
     0
  9
$DIMALTRND
 40
0.0
  9
$DIMAZIN
 70
     0
  9
$DIMDSEP
 70
    44
  9
$DIMATFIT
 70
     3
  9
$DIMFRAC
 70
     0
  9
$DIMLDRBLK
  1

  9
$DIMLUNIT
 70
     2
  9
$DIMLWD
 70
    -2
  9
$DIMLWE
 70
    -2
  9
$DIMTMOVE
 70
     0
  9
$DIMFXL
 40
1.0
  9
$DIMFXLON
 70
     0
  9
$DIMJOGANG
 40
0.7853981633974483
  9
$DIMTFILL
 70
     0
  9
$DIMTFILLCLR
 70
     0
  9
$DIMARCSYM
 70
     0
  9
$DIMLTYPE
  6

  9
$DIMLTEX1
  6

  9
$DIMLTEX2
  6

  9
$DIMTXTDIRECTION
 70
     0
  9
$LUNITS
 70
     2
  9
$LUPREC
 70
     4
  9
$SKETCHINC
 40
1.0
  9
$FILLETRAD
 40
0.0
  9
$AUNITS
 70
     0
  9
$AUPREC
 70
     0
  9
$MENU
  1
.
  9
$ELEVATION
 40
0.0
  9
$PELEVATION
 40
0.0
  9
$THICKNESS
 40
0.0
  9
$LIMCHECK
 70
     0
  9
$CHAMFERA
 40
0.0
  9
$CHAMFERB
 40
0.0
  9
$CHAMFERC
 40
0.0
  9
$CHAMFERD
 40
0.0
  9
$SKPOLY
 70
     0
  9
$TDCREATE
 40
2461272.975821759
  9
$TDUCREATE
 40
2461272.642488426
  9
$TDUPDATE
 40
2461272.977685185
  9
$TDUUPDATE
 40
2461272.644351852
  9
$TDINDWG
 40
0.0018634259
  9
$TDUSRTIMER
 40
0.0018634259
  9
$USRTIMER
 70
     1
  9
$ANGBASE
 50
0.0
  9
$ANGDIR
 70
     0
  9
$PDMODE
 70
     0
  9
$PDSIZE
 40
0.0
  9
$PLINEWID
 40
0.0
  9
$SPLFRAME
 70
     0
  9
$SPLINETYPE
 70
     6
  9
$SPLINESEGS
 70
     8
  9
$HANDSEED
  5
1B60
  9
$SURFTAB1
 70
     6
  9
$SURFTAB2
 70
     6
  9
$SURFTYPE
 70
     6
  9
$SURFU
 70
     6
  9
$SURFV
 70
     6
  9
$UCSBASE
  2

  9
$UCSNAME
  2

  9
$UCSORG
 10
0.0
 20
0.0
 30
0.0
  9
$UCSXDIR
 10
1.0
 20
0.0
 30
0.0
  9
$UCSYDIR
 10
0.0
 20
1.0
 30
0.0
  9
$UCSORTHOREF
  2

  9
$UCSORTHOVIEW
 70
     0
  9
$UCSORGTOP
 10
0.0
 20
0.0
 30
0.0
  9
$UCSORGBOTTOM
 10
0.0
 20
0.0
 30
0.0
  9
$UCSORGLEFT
 10
0.0
 20
0.0
 30
0.0
  9
$UCSORGRIGHT
 10
0.0
 20
0.0
 30
0.0
  9
$UCSORGFRONT
 10
0.0
 20
0.0
 30
0.0
  9
$UCSORGBACK
 10
0.0
 20
0.0
 30
0.0
  9
$PUCSBASE
  2

  9
$PUCSNAME
  2

  9
$PUCSORG
 10
0.0
 20
0.0
 30
0.0
  9
$PUCSXDIR
 10
1.0
 20
0.0
 30
0.0
  9
$PUCSYDIR
 10
0.0
 20
1.0
 30
0.0
  9
$PUCSORTHOREF
  2

  9
$PUCSORTHOVIEW
 70
     0
  9
$PUCSORGTOP
 10
0.0
 20
0.0
 30
0.0
  9
$PUCSORGBOTTOM
 10
0.0
 20
0.0
 30
0.0
  9
$PUCSORGLEFT
 10
0.0
 20
0.0
 30
0.0
  9
$PUCSORGRIGHT
 10
0.0
 20
0.0
 30
0.0
  9
$PUCSORGFRONT
 10
0.0
 20
0.0
 30
0.0
  9
$PUCSORGBACK
 10
0.0
 20
0.0
 30
0.0
  9
$USERI1
 70
     0
  9
$USERI2
 70
     0
  9
$USERI3
 70
     0
  9
$USERI4
 70
     0
  9
$USERI5
 70
     0
  9
$USERR1
 40
0.0
  9
$USERR2
 40
0.0
  9
$USERR3
 40
0.0
  9
$USERR4
 40
0.0
  9
$USERR5
 40
0.0
  9
$WORLDVIEW
 70
     1
  9
$SHADEDGE
 70
     3
  9
$SHADEDIF
 70
    70
  9
$TILEMODE
 70
     1
  9
$MAXACTVP
 70
    64
  9
$PINSBASE
 10
0.0
 20
0.0
 30
0.0
  9
$PLIMCHECK
 70
     0
  9
$PEXTMIN
 10
0.0
 20
0.0
 30
0.0
  9
$PEXTMAX
 10
0.0
 20
0.0
 30
0.0
  9
$PLIMMIN
 10
0.0
 20
0.0
  9
$PLIMMAX
 10
12.0
 20
9.0
  9
$UNITMODE
 70
     0
  9
$VISRETAIN
 70
     1
  9
$PLINEGEN
 70
     0
  9
$PSLTSCALE
 70
     1
  9
$TREEDEPTH
 70
  3020
  9
$CMLSTYLE
  2
Standard
  9
$CMLJUST
 70
     0
  9
$CMLSCALE
 40
20.0
  9
$PROXYGRAPHICS
 70
     1
  9
$MEASUREMENT
 70
     1
  9
$CELWEIGHT
370
    -1
  9
$ENDCAPS
280
     0
  9
$JOINSTYLE
280
     0
  9
$LWDISPLAY
290
     0
  9
$INSUNITS
 70
     4
  9
$HYPERLINKBASE
  1

  9
$STYLESHEET
  1

  9
$XEDIT
290
     1
  9
$CEPSNTYPE
380
     0
  9
$PSTYLEMODE
290
     1
  9
$FINGERPRINTGUID
  2
{00B1A408-6F18-E448-96A3-13744072B6BD}
  9
$VERSIONGUID
  2
{D495AB05-C890-CE46-BA78-569D9ADC9797}
  9
$EXTNAMES
290
     1
  9
$PSVPSCALE
 40
0.0
  9
$OLESTARTUP
290
     0
  9
$SORTENTS
280
   127
  9
$INDEXCTL
280
     0
  9
$HIDETEXT
280
     1
  9
$XCLIPFRAME
280
     2
  9
$HALOGAP
280
     0
  9
$OBSCOLOR
 70
   257
  9
$OBSLTYPE
280
     0
  9
$INTERSECTIONDISPLAY
280
     0
  9
$INTERSECTIONCOLOR
 70
   257
  9
$DIMASSOC
280
     2
  9
$PROJECTNAME
  1

  9
$CAMERADISPLAY
290
     0
  9
$LENSLENGTH
 40
50.0
  9
$CAMERAHEIGHT
 40
0.0
  9
$STEPSPERSEC
 40
2.0
  9
$STEPSIZE
 40
6.0
  9
$3DDWFPREC
 40
2.0
  9
$PSOLWIDTH
 40
5.0
  9
$PSOLHEIGHT
 40
80.0
  9
$LOFTANG1
 40
1.570796326794896
  9
$LOFTANG2
 40
1.570796326794896
  9
$LOFTMAG1
 40
0.0
  9
$LOFTMAG2
 40
0.0
  9
$LOFTPARAM
 70
     7
  9
$LOFTNORMALS
280
     1
  9
$LATITUDE
 40
37.795
  9
$LONGITUDE
 40
-122.394
  9
$NORTHDIRECTION
 40
0.0
  9
$TIMEZONE
 70
 -8000
  9
$LIGHTGLYPHDISPLAY
280
     1
  9
$TILEMODELIGHTSYNCH
280
     1
  9
$CMATERIAL
347
EC
  9
$SOLIDHIST
280
     0
  9
$SHOWHIST
280
     1
  9
$DWFFRAME
280
     2
  9
$DGNFRAME
280
     0
  9
$REALWORLDSCALE
290
     1
  9
$INTERFERECOLOR
 62
     1
  9
$INTERFEREOBJVS
345
F9
  9
$INTERFEREVPVS
346
F6
  9
$CSHADOW
280
     0
  9
$SHADOWPLANELOCATION
 40
0.0
  0
ENDSEC
  0
SECTION
  2
CLASSES
  0
CLASS
  1
ACDBDICTIONARYWDFLT
  2
AcDbDictionaryWithDefault
  3
ObjectDBX Classes
 90
        0
 91
        1
280
     0
281
     0
  0
CLASS
  1
DICTIONARYVAR
  2
AcDbDictionaryVar
  3
ObjectDBX Classes
 90
        0
 91
       11
280
     0
281
     0
  0
CLASS
  1
TABLESTYLE
  2
AcDbTableStyle
  3
ObjectDBX Classes
 90
     4095
 91
        1
280
     0
281
     0
  0
CLASS
  1
MATERIAL
  2
AcDbMaterial
  3
ObjectDBX Classes
 90
     1153
 91
        3
280
     0
281
     0
  0
CLASS
  1
VISUALSTYLE
  2
AcDbVisualStyle
  3
ObjectDBX Classes
 90
     4095
 91
       24
280
     0
281
     0
  0
CLASS
  1
SCALE
  2
AcDbScale
  3
ObjectDBX Classes
 90
     1153
 91
       17
280
     0
281
     0
  0
CLASS
  1
MLEADERSTYLE
  2
AcDbMLeaderStyle
  3
ACDB_MLEADERSTYLE_CLASS
 90
     4095
 91
        2
280
     0
281
     0
  0
CLASS
  1
CELLSTYLEMAP
  2
AcDbCellStyleMap
  3
ObjectDBX Classes
 90
     1152
 91
        4
280
     0
281
     0
  0
CLASS
  1
EXACXREFPANELOBJECT
  2
ExAcXREFPanelObject
  3
EXAC_ESW
 90
     1025
 91
        0
280
     0
281
     0
  0
CLASS
  1
NPOCOLLECTION
  2
AcDbImpNonPersistentObjectsCollection
  3
ObjectDBX Classes
 90
     1153
 91
        0
280
     0
281
     0
  0
CLASS
  1
LAYER_INDEX
  2
AcDbLayerIndex
  3
ObjectDBX Classes
 90
        0
 91
        0
280
     0
281
     0
  0
CLASS
  1
SPATIAL_INDEX
  2
AcDbSpatialIndex
  3
ObjectDBX Classes
 90
        0
 91
        0
280
     0
281
     0
  0
CLASS
  1
IDBUFFER
  2
AcDbIdBuffer
  3
ObjectDBX Classes
 90
        0
 91
        0
280
     0
281
     0
  0
CLASS
  1
ACDBSECTIONVIEWSTYLE
  2
AcDbSectionViewStyle
  3
ObjectDBX Classes
 90
     1025
 91
        2
280
     0
281
     0
  0
CLASS
  1
ACDBDETAILVIEWSTYLE
  2
AcDbDetailViewStyle
  3
ObjectDBX Classes
 90
     1025
 91
        2
280
     0
281
     0
  0
CLASS
  1
SORTENTSTABLE
  2
AcDbSortentsTable
  3
ObjectDBX Classes
 90
        0
 91
        4
280
     0
281
     0
  0
CLASS
  1
DIMASSOC
  2
AcDbDimAssoc
  3
"AcDbDimAssoc|Product Desc:     AcDim ARX App For Dimension|Company:          Autodesk, Inc.|WEB Address:      www.autodesk.com"
 90
        0
 91
        4
280
     0
281
     0
  0
ENDSEC
  0
SECTION
  2
TABLES
  0
TABLE
  2
VPORT
  5
8
330
0
100
AcDbSymbolTable
 70
     1
  0
VPORT
  5
EA
330
8
100
AcDbSymbolTableRecord
100
AcDbViewportTableRecord
  2
*Active
 70
     0
 10
0.0
 20
0.0
 11
1.0
 21
1.0
 12
19719.50203593104
 22
25480.93695692998
 13
0.0
 23
0.0
 14
10.0
 24
10.0
 15
10.0
 25
10.0
 16
0.0
 26
0.0
 36
1.0
 17
0.0
 27
0.0
 37
0.0
 40
49535.06843373298
 41
2.575067024128686
 42
50.0
 43
0.0
 44
0.0
 50
0.0
 51
0.0
 71
     0
 72
  1000
 73
     1
 74
     3
 75
     0
 76
     1
 77
     0
 78
     0
281
     0
 65
     1
110
0.0
120
0.0
130
0.0
111
1.0
121
0.0
131
0.0
112
0.0
122
1.0
132
0.0
 79
     0
146
0.0
348
F5
 60
     3
 61
     5
292
     1
282
     1
141
0.0
142
0.0
 63
   250
421
  3355443
1001
ACAD_NAV_VCDISPLAY
1070
     3
  0
ENDTAB
  0
TABLE
  2
LTYPE
  5
5
330
0
100
AcDbSymbolTable
 70
     5
  0
LTYPE
  5
14
330
5
100
AcDbSymbolTableRecord
100
AcDbLinetypeTableRecord
  2
ByBlock
 70
     0
  3

 72
    65
 73
     0
 40
0.0
  0
LTYPE
  5
15
330
5
100
AcDbSymbolTableRecord
100
AcDbLinetypeTableRecord
  2
ByLayer
 70
     0
  3

 72
    65
 73
     0
 40
0.0
  0
LTYPE
  5
16
330
5
100
AcDbSymbolTableRecord
100
AcDbLinetypeTableRecord
  2
Continuous
 70
     0
  3
Solid line
 72
    65
 73
     0
 40
0.0
  0
LTYPE
  5
586
330
5
100
AcDbSymbolTableRecord
100
AcDbLinetypeTableRecord
  2
CENTER
 70
     0
  3
Center ____ _ ____ _ ____ _ ____ _ ____ _ ____
 72
    65
 73
     4
 40
2.0
 49
1.25
 74
     0
 49
-0.25
 74
     0
 49
0.25
 74
     0
 49
-0.25
 74
     0
  0
LTYPE
  5
587
330
5
100
AcDbSymbolTableRecord
100
AcDbLinetypeTableRecord
  2
PHANTOM
 70
     0
  3
______  __  __  ______  __  __  ______  __  __ 
 72
    65
 73
     6
 40
2.5
 49
1.25
 74
     0
 49
-0.25
 74
     0
 49
0.25
 74
     0
 49
-0.25
 74
     0
 49
0.25
 74
     0
 49
-0.25
 74
     0
  0
LTYPE
  5
588
330
5
100
AcDbSymbolTableRecord
100
AcDbLinetypeTableRecord
  2
BOTTOM
 70
     0
  3
Bottom _____ ______ ______ ______ ______
 72
    65
 73
     6
 40
4.2
 49
1.199999999999999
 74
     0
 49
-0.2
 74
     0
 49
1.199999999999999
 74
     0
 49
-0.2
 74
     0
 49
1.199999999999999
 74
     0
 49
-0.2
 74
     0
  0
LTYPE
  5
589
330
5
100
AcDbSymbolTableRecord
100
AcDbLinetypeTableRecord
  2
LEOJ
 70
     0
  3
_______________________________________________
 72
    65
 73
     2
 40
0.3
 49
0.2
 74
     0
 49
-0.1
 74
     0
  0
ENDTAB
  0
TABLE
  2
LAYER
  5
2
102
{ACAD_XDICTIONARY
360
1FF
102
}
330
0
100
AcDbSymbolTable
 70
    28
  0
LAYER
  5
10
102
{ACAD_XDICTIONARY
360
13C
102
}
330
2
100
AcDbSymbolTableRecord
100
AcDbLayerTableRecord
  2
0
 70
     0
 62
     7
  6
Continuous
370
    -3
390
F
347
EE
348
0
  0
LAYER
  5
58A
330
2
100
AcDbSymbolTableRecord
100
AcDbLayerTableRecord
  2
6
 70
     0
 62
     6
  6
Continuous
370
    -3
390
F
347
EE
348
0
1001
AcAecLayerStandard
1000

1000

1001
AcCmTransparency
1071
        0
  0
LAYER
  5
58B
330
2
100
AcDbSymbolTableRecord
100
AcDbLayerTableRecord
  2
DEFPOINTS
 70
     0
 62
    11
  6
Continuous
290
     0
370
    -3
390
F
347
EE
348
0
  0
LAYER
  5
58C
102
{ACAD_XDICTIONARY
360
58D
102
}
330
2
100
AcDbSymbolTableRecord
100
AcDbLayerTableRecord
  2
DIM
 70
     0
 62
     8
  6
Continuous
370
    -3
390
F
347
EE
348
0
  0
LAYER
  5
58E
102
{ACAD_XDICTIONARY
360
58F
102
}
330
2
100
AcDbSymbolTableRecord
100
AcDbLayerTableRecord
  2
GRID
 70
     0
 62
     8
  6
PHANTOM
370
    -3
390
F
347
EE
348
0
  0
LAYER
  5
590
102
{ACAD_XDICTIONARY
360
591
102
}
330
2
100
AcDbSymbolTableRecord
100
AcDbLayerTableRecord
  2
2Y
 70
     0
 62
     2
  6
Continuous
370
    -3
390
F
347
EE
348
0
  0
LAYER
  5
592
102
{ACAD_XDICTIONARY
360
593
102
}
330
2
100
AcDbSymbolTableRecord
100
AcDbLayerTableRecord
  2
1R
 70
     0
 62
     1
  6
Continuous
370
    -3
390
F
347
EE
348
0
  0
LAYER
  5
594
330
2
100
AcDbSymbolTableRecord
100
AcDbLayerTableRecord
  2
0.00
 70
     0
 62
     8
  6
Continuous
370
     0
390
F
347
EE
348
0
1001
AcAecLayerStandard
1000

1000

1001
AcCmTransparency
1071
        0
  0
LAYER
  5
595
330
2
100
AcDbSymbolTableRecord
100
AcDbLayerTableRecord
  2
title
 70
     0
 62
     3
  6
Continuous
370
    -3
390
F
347
EE
348
0
1001
AcAecLayerStandard
1000

1000

  0
LAYER
  5
596
102
{ACAD_XDICTIONARY
360
597
102
}
330
2
100
AcDbSymbolTableRecord
100
AcDbLayerTableRecord
  2
TC
 70
     0
 62
     4
  6
Continuous
370
    -3
390
F
347
EE
348
0
  0
LAYER
  5
598
102
{ACAD_XDICTIONARY
360
599
102
}
330
2
100
AcDbSymbolTableRecord
100
AcDbLayerTableRecord
  2
3G
 70
     0
 62
     3
  6
Continuous
370
    -3
390
F
347
EE
348
0
  0
LAYER
  5
59A
102
{ACAD_XDICTIONARY
360
59B
102
}
330
2
100
AcDbSymbolTableRecord
100
AcDbLayerTableRecord
  2
TG
 70
     0
 62
     3
  6
Continuous
370
    -3
390
F
347
EE
348
0
  0
LAYER
  5
59C
102
{ACAD_XDICTIONARY
360
59D
102
}
330
2
100
AcDbSymbolTableRecord
100
AcDbLayerTableRecord
  2
SHE
 70
     0
 62
     8
  6
Continuous
370
    -3
390
F
347
EE
348
0
  0
LAYER
  5
59E
102
{ACAD_XDICTIONARY
360
59F
102
}
330
2
100
AcDbSymbolTableRecord
100
AcDbLayerTableRecord
  2
4C
 70
     0
 62
     4
  6
Continuous
370
    -3
390
F
347
EE
348
0
  0
LAYER
  5
5A0
102
{ACAD_XDICTIONARY
360
5A1
102
}
330
2
100
AcDbSymbolTableRecord
100
AcDbLayerTableRecord
  2
6M
 70
     0
 62
     6
  6
Continuous
370
    -3
390
F
347
EE
348
0
  0
LAYER
  5
5A2
102
{ACAD_XDICTIONARY
360
5A3
102
}
330
2
100
AcDbSymbolTableRecord
100
AcDbLayerTableRecord
  2
LEOJ
 70
     0
 62
     3
  6
LEOJ
370
    -3
390
F
347
EE
348
0
  0
LAYER
  5
5A4
102
{ACAD_XDICTIONARY
360
5A5
102
}
330
2
100
AcDbSymbolTableRecord
100
AcDbLayerTableRecord
  2
TM
 70
     0
 62
     6
  6
Continuous
370
    -3
390
F
347
EE
348
0
  0
LAYER
  5
5A6
102
{ACAD_XDICTIONARY
360
5A7
102
}
330
2
100
AcDbSymbolTableRecord
100
AcDbLayerTableRecord
  2
5B
 70
     0
 62
     5
  6
Continuous
370
    -3
390
F
347
EE
348
0
  0
LAYER
  5
5A8
102
{ACAD_XDICTIONARY
360
5A9
102
}
330
2
100
AcDbSymbolTableRecord
100
AcDbLayerTableRecord
  2
DIMENSION
 70
     0
 62
   161
  6
Continuous
370
     0
390
F
347
EE
348
0
1001
AcAecLayerStandard
1000

1000

  0
LAYER
  5
5AA
330
2
100
AcDbSymbolTableRecord
100
AcDbLayerTableRecord
  2
NORMAL
 70
     0
 62
   141
  6
Continuous
370
    18
390
F
347
EE
348
0
1001
AcAecLayerStandard
1000

1000

1001
AcCmTransparency
1071
        0
  0
LAYER
  5
5AB
330
2
100
AcDbSymbolTableRecord
100
AcDbLayerTableRecord
  2
.25
 70
     0
 62
   211
  6
Continuous
370
    25
390
F
347
EE
348
0
1001
AcAecLayerStandard
1000

1000

1001
AcCmTransparency
1071
        0
  0
LAYER
  5
5AC
330
2
100
AcDbSymbolTableRecord
100
AcDbLayerTableRecord
  2
7W
 70
     0
 62
     7
  6
Continuous
370
    -3
390
F
347
EE
348
0
  0
LAYER
  5
5AD
330
2
100
AcDbSymbolTableRecord
100
AcDbLayerTableRecord
  2
TR
 70
     0
 62
     1
  6
Continuous
370
    -3
390
F
347
EE
348
0
  0
LAYER
  5
5AE
102
{ACAD_XDICTIONARY
360
5AF
102
}
330
2
100
AcDbSymbolTableRecord
100
AcDbLayerTableRecord
  2
TOP BARS(PLAN)
 70
     0
 62
     5
  6
Continuous
370
    -3
390
F
347
EE
348
0
  0
LAYER
  5
5B0
102
{ACAD_XDICTIONARY
360
5B1
102
}
330
2
100
AcDbSymbolTableRecord
100
AcDbLayerTableRecord
  2
BOTT BAR(PLAN)
 70
     0
 62
     5
  6
BOTTOM
370
    -3
390
F
347
EE
348
0
  0
LAYER
  5
5B2
102
{ACAD_XDICTIONARY
360
5B3
102
}
330
2
100
AcDbSymbolTableRecord
100
AcDbLayerTableRecord
  2
S-TSP3-701$0$2Y
 70
     0
 62
     2
  6
Continuous
370
    -3
390
F
347
EE
348
0
  0
LAYER
  5
5B4
102
{ACAD_XDICTIONARY
360
5B5
102
}
330
2
100
AcDbSymbolTableRecord
100
AcDbLayerTableRecord
  2
S-TSP3-701$0$6M
 70
     0
 62
     6
  6
Continuous
370
    -3
390
F
347
EE
348
0
  0
LAYER
  5
5B6
330
2
100
AcDbSymbolTableRecord
100
AcDbLayerTableRecord
  2
AECS-BLUE
 70
     0
 62
     5
  6
Continuous
370
    20
390
F
347
EE
348
0
1001
AcAecLayerStandard
1000

1000

1001
AcCmTransparency
1071
        0
  0
ENDTAB
  0
TABLE
  2
STYLE
  5
3
330
0
100
AcDbSymbolTable
 70
    15
  0
STYLE
  5
11
330
3
100
AcDbSymbolTableRecord
100
AcDbTextStyleTableRecord
  2
Standard
 70
     0
 40
0.0
 41
1.0
 50
0.0
 71
     0
 42
2.5
  3
arial.ttf
  4

1001
ACAD
1000
Arial
1071
       34
  0
STYLE
  5
132
330
3
100
AcDbSymbolTableRecord
100
AcDbTextStyleTableRecord
  2
Annotative
 70
     0
 40
0.0
 41
1.0
 50
0.0
 71
     0
 42
2.5
  3
arial.ttf
  4

1001
AcadAnnotative
1000
AnnotativeData
1002
{
1070
     1
1070
     1
1002
}
1001
ACAD
1000
Arial
1071
       34
  0
STYLE
  5
5B7
330
3
100
AcDbSymbolTableRecord
100
AcDbTextStyleTableRecord
  2
ROMANS
 70
     0
 40
0.0
 41
0.8
 50
0.0
 71
     0
 42
441.0
  3
romans.shx
  4

  0
STYLE
  5
5B8
330
3
100
AcDbSymbolTableRecord
100
AcDbTextStyleTableRecord
  2
Sub Title
 70
     0
 40
0.0
 41
1.0
 50
0.0
 71
     0
 42
704.4999999999999
  3
arialbd.ttf
  4

1001
ACAD
1000
Arial
1071
 33554466
  0
STYLE
  5
5B9
330
3
100
AcDbSymbolTableRecord
100
AcDbTextStyleTableRecord
  2
140CL
 70
     0
 40
0.35
 41
1.0
 50
0.0
 71
     0
 42
0.2
  3
romans.shx
  4

  0
STYLE
  5
5BA
330
3
100
AcDbSymbolTableRecord
100
AcDbTextStyleTableRecord
  2
100cl
 70
     0
 40
500.0
 41
1.0
 50
0.0
 71
     0
 42
0.2
  3
romans.shx
  4

  0
STYLE
  5
5BB
330
3
100
AcDbSymbolTableRecord
100
AcDbTextStyleTableRecord
  2
240CL
 70
     0
 40
0.6
 41
1.0
 50
0.0
 71
     0
 42
12.0
  3
ROMANS.shx
  4

  0
STYLE
  5
5BC
330
3
100
AcDbSymbolTableRecord
100
AcDbTextStyleTableRecord
  2
S-TAKEN
 70
     0
 40
0.25
 41
1.0
 50
0.0
 71
     0
 42
0.25
  3
ROMANS.shx
  4

  0
STYLE
  5
5BD
330
3
100
AcDbSymbolTableRecord
100
AcDbTextStyleTableRecord
  2
S-SHOWN
 70
     0
 40
0.25
 41
1.0
 50
0.0
 71
     0
 42
0.25
  3
ROMANS.shx
  4

  0
STYLE
  5
5BE
330
3
100
AcDbSymbolTableRecord
100
AcDbTextStyleTableRecord
  2
ROMANSIM
 70
     0
 40
0.0
 41
1.0
 50
0.0
 71
     0
 42
1.0
  3
romans.shx
  4

  0
STYLE
  5
5BF
330
3
100
AcDbSymbolTableRecord
100
AcDbTextStyleTableRecord
  2
AECS 100
 70
     0
 40
100.0
 41
1.0
 50
0.0
 71
     0
 42
100.0
  3
romans.shx
  4

  0
STYLE
  5
5C0
330
3
100
AcDbSymbolTableRecord
100
AcDbTextStyleTableRecord
  2
AECS 75
 70
     0
 40
75.0
 41
1.0
 50
0.0
 71
     0
 42
25.0
  3
romans.shx
  4

  0
STYLE
  5
5C1
330
3
100
AcDbSymbolTableRecord
100
AcDbTextStyleTableRecord
  2
AECS 50
 70
     0
 40
50.0
 41
1.0
 50
0.0
 71
     0
 42
50.0
  3
romans.shx
  4

  0
STYLE
  5
5C2
330
3
100
AcDbSymbolTableRecord
100
AcDbTextStyleTableRecord
  2
AECS 20
 70
     0
 40
20.0
 41
1.0
 50
0.0
 71
     0
 42
20.0
  3
romans.shx
  4

  0
STYLE
  5
5C3
330
3
100
AcDbSymbolTableRecord
100
AcDbTextStyleTableRecord
  2
AECS 30
 70
     0
 40
30.0
 41
1.0
 50
0.0
 71
     0
 42
25.0
  3
romans.shx
  4

  0
ENDTAB
  0
TABLE
  2
VIEW
  5
6
330
0
100
AcDbSymbolTable
 70
     3
  0
ENDTAB
  0
TABLE
  2
UCS
  5
7
330
0
100
AcDbSymbolTable
 70
     0
  0
ENDTAB
  0
TABLE
  2
APPID
  5
9
330
0
100
AcDbSymbolTable
 70
    15
  0
APPID
  5
12
330
9
100
AcDbSymbolTableRecord
100
AcDbRegAppTableRecord
  2
ACAD
 70
     0
  0
APPID
  5
9E
330
9
100
AcDbSymbolTableRecord
100
AcDbRegAppTableRecord
  2
ACAD_PSEXT
 70
     0
  0
APPID
  5
133
330
9
100
AcDbSymbolTableRecord
100
AcDbRegAppTableRecord
  2
AcadAnnoPO
 70
     0
  0
APPID
  5
134
330
9
100
AcDbSymbolTableRecord
100
AcDbRegAppTableRecord
  2
AcadAnnotative
 70
     0
  0
APPID
  5
135
330
9
100
AcDbSymbolTableRecord
100
AcDbRegAppTableRecord
  2
ACAD_DSTYLE_DIMJAG
 70
     0
  0
APPID
  5
136
330
9
100
AcDbSymbolTableRecord
100
AcDbRegAppTableRecord
  2
ACAD_DSTYLE_DIMTALN
 70
     0
  0
APPID
  5
165
330
9
100
AcDbSymbolTableRecord
100
AcDbRegAppTableRecord
  2
ACAD_MLEADERVER
 70
     0
  0
APPID
  5
217
330
9
100
AcDbSymbolTableRecord
100
AcDbRegAppTableRecord
  2
ACAD_NAV_VCDISPLAY
 70
     0
  0
APPID
  5
5CC
330
9
100
AcDbSymbolTableRecord
100
AcDbRegAppTableRecord
  2
AcAecLayerStandard
 70
     0
  0
APPID
  5
5CD
330
9
100
AcDbSymbolTableRecord
100
AcDbRegAppTableRecord
  2
AcCmTransparency
 70
     0
  0
APPID
  5
5CE
330
9
100
AcDbSymbolTableRecord
100
AcDbRegAppTableRecord
  2
AcDbDynamicBlockGUID
 70
     0
  0
APPID
  5
5CF
330
9
100
AcDbSymbolTableRecord
100
AcDbRegAppTableRecord
  2
ACAD_DSTYLE_DIMBREAK
 70
     0
  0
APPID
  5
5D0
330
9
100
AcDbSymbolTableRecord
100
AcDbRegAppTableRecord
  2
GradientColor1ACI
 70
     0
  0
APPID
  5
5D1
330
9
100
AcDbSymbolTableRecord
100
AcDbRegAppTableRecord
  2
GradientColor2ACI
 70
     0
  0
APPID
  5
5D2
330
9
100
AcDbSymbolTableRecord
100
AcDbRegAppTableRecord
  2
AEC_XDATA_BOUND_SPACE
 70
     0
  0
ENDTAB
  0
TABLE
  2
DIMSTYLE
  5
A
330
0
100
AcDbSymbolTable
 70
    11
100
AcDbDimStyleTable
 71
     2
340
27
340
137
  0
DIMSTYLE
105
1B0
330
A
100
AcDbSymbolTableRecord
100
AcDbDimStyleTableRecord
  2
Standard
 70
     0
340
11
  0
DIMSTYLE
105
137
330
A
100
AcDbSymbolTableRecord
100
AcDbDimStyleTableRecord
  2
Annotative
 70
     0
 40
0.0
 41
2.5
 42
0.625
 43
3.75
 44
1.25
 73
     0
 74
     0
 77
     1
 78
     8
140
2.5
141
2.5
143
0.03937007874016
147
0.625
171
     3
172
     1
271
     2
272
     2
274
     3
278
    44
283
     0
284
     8
340
11
1001
AcadAnnotative
1000
AnnotativeData
1002
{
1070
     1
1070
     1
1002
}
1001
ACAD_DSTYLE_DIMJAG
1070
   388
1040
1.5
1001
ACAD_DSTYLE_DIMTALN
1070
   392
1070
     0
  0
DIMSTYLE
105
27
330
A
100
AcDbSymbolTableRecord
100
AcDbDimStyleTableRecord
  2
ISO-25
 70
     0
 41
2.5
 42
0.625
 43
3.75
 44
1.25
 73
     0
 74
     0
 77
     1
 78
     8
140
2.5
141
2.5
143
0.03937007874016
147
0.625
171
     3
172
     1
271
     2
272
     2
274
     3
278
    44
283
     0
284
     8
340
11
  0
DIMSTYLE
105
5C4
102
{ACAD_REACTORS
330
A2E
330
A2F
330
A39
330
A3A
330
A3B
330
A3C
330
A3D
330
A3E
330
A42
330
A43
330
A57
330
A7E
330
A8C
330
A9B
330
A9C
330
AC3
330
B6D
330
B6E
330
B6F
330
B70
330
B71
330
B78
330
BAF
330
BB0
330
AC5
330
ADD
330
AF9
330
B04
330
B27
330
BB9
330
BC0
330
11D5
330
11D7
330
11EF
330
120B
330
1216
330
12C1
330
12C2
330
12CB
330
12D2
330
1239
330
127F
330
1280
330
1281
330
1282
330
1283
330
128A
330
1140
330
1141
330
114B
330
114C
330
114D
330
114E
330
114F
330
1150
330
1154
330
1155
330
1169
330
1190
330
119E
330
11AD
330
11AE
102
}
330
A
100
AcDbSymbolTableRecord
100
AcDbDimStyleTableRecord
  2
DIM75
 70
     0
 40
75.0
 41
2.5
 42
1.0
 43
5.0
 44
1.0
 73
     0
 74
     0
 77
     1
140
2.5
141
1.0
147
1.0
176
     8
177
     8
178
     3
271
     0
272
     0
340
5B7
342
27F
  0
DIMSTYLE
105
5C5
102
{ACAD_REACTORS
330
97C
330
97D
330
97E
330
97F
330
980
330
981
330
982
330
983
330
984
330
985
330
986
330
987
330
988
330
989
330
98A
330
98B
330
98C
330
9CA
330
A05
330
A06
330
8D3
330
8D4
330
8D5
330
8D6
102
}
330
A
100
AcDbSymbolTableRecord
100
AcDbDimStyleTableRecord
  2
DIM100
 70
     0
 40
100.0
 41
2.5
 42
1.0
 43
5.0
 44
1.0
 73
     0
 74
     0
 77
     1
140
2.5
141
1.0
147
1.0
176
     8
177
     8
178
     3
271
     0
272
     0
340
5B7
342
27F
  0
DIMSTYLE
105
5C6
102
{ACAD_REACTORS
330
A41
330
A9F
330
1153
330
11B1
102
}
330
A
100
AcDbSymbolTableRecord
100
AcDbDimStyleTableRecord
  2
DIMBLK3
 70
     0
 40
100.0
 41
2.0
 42
1.0
 43
10.0
 44
1.0
 73
     0
 77
     1
140
2.5
141
1.0
145
360.0
146
0.1
147
1.0
176
     8
177
     8
178
     3
271
     0
272
     0
340
5BA
341
2AF
342
2AF
343
2AF
344
2B4
  0
DIMSTYLE
105
5C7
330
A
100
AcDbSymbolTableRecord
100
AcDbDimStyleTableRecord
  2
AECS 100
 70
     0
 40
50.0
 41
2.0
 42
1.0
 43
5.0
 44
2.0
 73
     0
 74
     0
 77
     1
140
100.0
141
1.0
147
1.0
176
     8
177
     8
178
     3
271
     0
272
     0
340
5BF
342
27F
1001
ACAD_DSTYLE_DIMBREAK
1070
   391
1040
3.75
1001
ACAD_DSTYLE_DIMJAG
1070
   388
1040
1.5
1001
ACAD_DSTYLE_DIMTALN
1070
   392
1070
     0
  0
DIMSTYLE
105
5C8
330
A
100
AcDbSymbolTableRecord
100
AcDbDimStyleTableRecord
  2
AECS 75
 70
     0
 40
50.0
 41
1.5
 42
1.0
 43
5.0
 44
1.0
 73
     0
 74
     0
 77
     1
140
75.0
141
1.0
147
1.0
176
     8
177
     8
178
     3
271
     0
272
     0
340
5C0
342
27F
1001
ACAD_DSTYLE_DIMBREAK
1070
   391
1040
3.75
1001
ACAD_DSTYLE_DIMJAG
1070
   388
1040
1.5
1001
ACAD_DSTYLE_DIMTALN
1070
   392
1070
     0
  0
DIMSTYLE
105
5C9
330
A
100
AcDbSymbolTableRecord
100
AcDbDimStyleTableRecord
  2
AECS 50
 70
     0
 40
50.0
 41
1.0
 42
1.0
 43
5.0
 44
1.0
 73
     0
 74
     0
 77
     1
140
50.0
141
1.0
147
1.0
176
     8
177
     8
178
     3
271
     0
272
     0
340
5C1
342
27F
1001
ACAD_DSTYLE_DIMBREAK
1070
   391
1040
3.75
1001
ACAD_DSTYLE_DIMJAG
1070
   388
1040
1.5
1001
ACAD_DSTYLE_DIMTALN
1070
   392
1070
     0
  0
DIMSTYLE
105
5CA
330
A
100
AcDbSymbolTableRecord
100
AcDbDimStyleTableRecord
  2
AECS 20
 70
     0
 40
50.0
 41
0.5
 42
0.2
 43
5.0
 44
0.5
 73
     0
 74
     0
 77
     1
140
20.0
141
1.0
147
0.2
176
     8
177
     8
178
     3
271
     0
272
     0
340
5C2
342
27F
1001
ACAD_DSTYLE_DIMBREAK
1070
   391
1040
3.75
1001
ACAD_DSTYLE_DIMJAG
1070
   388
1040
1.5
1001
ACAD_DSTYLE_DIMTALN
1070
   392
1070
     0
  0
DIMSTYLE
105
5CB
330
A
100
AcDbSymbolTableRecord
100
AcDbDimStyleTableRecord
  2
AECS 30
 70
     0
 40
50.0
 41
0.5
 42
0.2
 43
5.0
 44
0.5
 73
     0
 74
     0
 77
     1
140
30.0
141
1.0
147
0.2
176
     8
177
     8
178
     3
271
     0
272
     0
340
5C3
342
27F
1001
ACAD_DSTYLE_DIMBREAK
1070
   391
1040
3.75
1001
ACAD_DSTYLE_DIMJAG
1070
   388
1040
1.5
1001
ACAD_DSTYLE_DIMTALN
1070
   392
1070
     0
  0
ENDTAB
  0
TABLE
  2
BLOCK_RECORD
  5
1
330
0
100
AcDbSymbolTable
 70
   124
  0
BLOCK_RECORD
  5
1F
102
{ACAD_XDICTIONARY
360
1CE
102
}
330
1
100
AcDbSymbolTableRecord
100
AcDbBlockTableRecord
  2
*Model_Space
340
22
 70
     0
280
     1
281
     0
  0
BLOCK_RECORD
  5
D2
330
1
100
AcDbSymbolTableRecord
100
AcDbBlockTableRecord
  2
*Paper_Space
340
D3
 70
     0
280
     1
281
     0
  0
BLOCK_RECORD
  5
D6
330
1
100
AcDbSymbolTableRecord
100
AcDbBlockTableRecord
  2
*Paper_Space0
340
D7
 70
     0
280
     1
281
     0
  0
BLOCK_RECORD
  5
27F
330
1
100
AcDbSymbolTableRecord
100
AcDbBlockTableRecord
  2
DIM1
340
0
102
{BLKREFS
331
1B16
331
1B17
331
1B1F
331
1B20
331
1B29
331
1B2A
331
1B32
331
1B33
331
1B3C
331
1B3D
331
1A9A
331
1A9B
331
1AAC
331
1AAD
331
1AB6
331
1AB7
331
1ABF
331
1AC0
331
1AC8
331
1AC9
331
1AD1
331
1AD2
331
1ADB
331
1ADC
331
1AE5
331
1AE6
331
1AEF
331
1AF0
331
1AF9
331
1AFA
331
1B03
331
1B04
331
1B0C
331
1B0D
331
18BD
331
18BE
331
18C6
331
18C7
331
18CF
331
18D0
331
1A0F
331
1A10
331
1A19
331
1A1A
331
1A22
331
1A23
331
1A2C
331
1A2D
331
1A36
331
1A37
331
1A40
331
1A41
331
1A49
331
1A4A
331
1A52
331
1A53
331
1A64
331
1A65
331
1A6E
331
1A6F
331
1A77
331
1A78
331
1A80
331
1A81
331
1A89
331
1A8A
331
1A91
331
1A92
331
1754
331
1755
331
175E
331
175F
331
1768
331
1769
331
1847
331
1848
331
1850
331
1851
331
1859
331
185A
331
1863
331
1864
331
186D
331
186E
331
1877
331
1878
331
1881
331
1882
331
188B
331
188C
331
1895
331
1896
331
189F
331
18A0
331
18AA
331
18AB
331
18B3
331
18B4
331
180F
331
1810
331
1818
331
1819
331
1821
331
1822
331
182A
331
182B
331
1833
331
1834
331
183D
331
183E
331
580
331
490
331
491
331
49D
331
49E
331
4AA
331
4AB
331
4B7
331
4B8
331
4C4
331
4C5
331
4D0
331
4D1
331
4DD
331
4DE
331
4E9
331
4EA
331
4F6
331
4F7
331
502
331
503
331
418
331
419
331
430
331
431
331
43D
331
43E
331
449
331
44A
331
455
331
456
331
461
331
462
331
46C
331
46D
331
478
331
479
331
50E
331
50F
331
51A
331
51B
331
526
331
527
331
533
331
534
331
540
331
541
331
54D
331
54E
331
55A
331
55B
331
567
331
568
331
573
331
574
331
57F
331
2C2
331
2C3
331
2CE
331
2CF
331
2DA
331
2DB
331
2E6
331
2E7
331
2F2
331
2F3
331
2FF
331
300
331
30C
331
30D
331
318
331
319
331
324
331
325
331
3A6
331
3A7
331
3B3
331
3B4
331
3C0
331
3C1
331
3CD
331
3CE
331
3D9
331
3DA
331
3E6
331
3E7
331
3F3
331
3F4
331
400
331
401
331
40C
331
40D
331
331
331
332
331
33E
331
33F
331
34B
331
34C
331
358
331
359
331
365
331
366
331
372
331
373
331
37F
331
380
331
38D
331
38E
331
399
331
39A
102
}
 70
     1
280
     1
281
     0
  0
BLOCK_RECORD
  5
284
330
1
100
AcDbSymbolTableRecord
100
AcDbBlockTableRecord
  2
CIR
340
0
310
2800000020000000200000000100080000000000000400000000000000000000000000000000000000000000000080000080000000808000800000008000800080800000C0C0C000C0DCC000F0CAA6000020400000206000002080000020A0000020C0000020E00000400000004020000040400000406000004080000040A0
310
000040C0000040E00000600000006020000060400000606000006080000060A0000060C0000060E00000800000008020000080400000806000008080000080A0000080C0000080E00000A0000000A0200000A0400000A0600000A0800000A0A00000A0C00000A0E00000C0000000C0200000C0400000C0600000C0800000C0
310
A00000C0C00000C0E00000E0000000E0200000E0400000E0600000E0800000E0A00000E0C00000E0E00040000000400020004000400040006000400080004000A0004000C0004000E00040200000402020004020400040206000402080004020A0004020C0004020E000404000004040200040404000404060004040800040
310
40A0004040C0004040E00040600000406020004060400040606000406080004060A0004060C0004060E00040800000408020004080400040806000408080004080A0004080C0004080E00040A0000040A0200040A0400040A0600040A0800040A0A00040A0C00040A0E00040C0000040C0200040C0400040C0600040C08000
310
40C0A00040C0C00040C0E00040E0000040E0200040E0400040E0600040E0800040E0A00040E0C00040E0E00080000000800020008000400080006000800080008000A0008000C0008000E00080200000802020008020400080206000802080008020A0008020C0008020E00080400000804020008040400080406000804080
310
008040A0008040C0008040E00080600000806020008060400080606000806080008060A0008060C0008060E00080800000808020008080400080806000808080008080A0008080C0008080E00080A0000080A0200080A0400080A0600080A0800080A0A00080A0C00080A0E00080C0000080C0200080C0400080C0600080C0
310
800080C0A00080C0C00080C0E00080E0000080E0200080E0400080E0600080E0800080E0A00080E0C00080E0E000C0000000C0002000C0004000C0006000C0008000C000A000C000C000C000E000C0200000C0202000C0204000C0206000C0208000C020A000C020C000C020E000C0400000C0402000C0404000C0406000C0
310
408000C040A000C040C000C040E000C0600000C0602000C0604000C0606000C0608000C060A000C060C000C060E000C0800000C0802000C0804000C0806000C0808000C080A000C080C000C080E000C0A00000C0A02000C0A04000C0A06000C0A08000C0A0A000C0A0C000C0A0E000C0C00000C0C02000C0C04000C0C06000
310
C0C08000C0C0A000F0FBFF00A4A0A000808080000000FF0000FF000000FFFF00FF000000FF00FF00FFFF0000FFFFFF000000000000000000000000000000000000000000000000000000000000000000000000000000000000000000000000FBFB00000000000000000000000000000000000000000000000000FBFBFBFBFB
310
00FBFBFBFBFB00000000000000000000000000000000000000FBFB000000000000FB00000000FBFB0000000000000000000000000000000000FB00000000000000FB000000000000FBFB0000000000000000000000000000FB0000000000000000FB0000000000000000FB0000000000000000000000FBFB00000000000000
310
0000FB000000000000000000FB00000000000000000000FB00000000000000000000FB00000000000000000000FB0000000000000000FB0000000000000000000000FB0000000000000000000000FB00000000000000FBFBFBFB00000000000000FBFBFBFBFB00000000000000FBFB000000000000FB0000FBFBFBFBFBFBFB
310
0000FBFB0000FB00FBFBFBFB0000FB00FB0000000000FBFBFBFB0000000000000000FBFBFBFBFB00000000000000FB00FB00000000FB00FBFBFBFB000000000000FBFBFBFBFBFB000000000000FBFB00FB00000000FB00000000000000000000000000FB000000000000000000000000FB000000FB00000000000000000000
310
00000000FB000000000000000000000000FB000000FB0000000000000000000000000000FB00000000000000000000000000FB0000FBFBFBFBFBFBFBFBFBFBFBFBFBFBFBFBFBFBFBFBFBFBFBFBFBFBFBFBFBFB0000FB00000000000000000000000000000000000000000000000000000000FB000000FB0000000000000000
310
000000000000000000000000000000000000FB00000000FB00000000000000000000FC00000000FC00000000000000000000FB0000000000FB00000000000000000000FC000000FC00000000000000000000FB0000000000FB00000000000000000000FCFCFCFC0000000000000000000000FB000000000000FB0000000000
310
0000000000FC00FC00000000000000000000FB00000000000000FB00000000000000000000FC00FC00000000000000000000FB0000000000000000FB00000000000000000000FC00000000000000000000FB000000000000000000FB00000000000000000000FC000000000000000000FB0000000000000000000000FBFB00
310
00000000000000000000000000000000FB0000000000000000000000000000FB000000000000000000000000000000FB000000000000000000000000000000FBFB0000000000000000000000FBFBFB000000000000000000000000000000000000FBFBFBFB000000FBFBFBFB00000000000000000000000000000000000000
310
000000000000FBFBFB0000000000000000000000000000000000000000000000000000000000000000000000000000000000000000000000
102
{BLKREFS
331
1335
331
1130
102
}
 70
     1
280
     1
281
     0
  0
BLOCK_RECORD
  5
28D
102
{ACAD_XDICTIONARY
360
28E
102
}
330
1
100
AcDbSymbolTableRecord
100
AcDbBlockTableRecord
  2
A$C39B41007
340
0
102
{BLKREFS
331
1317
331
134C
331
1359
102
}
 70
     1
280
     1
281
     0
  0
BLOCK_RECORD
  5
298
102
{ACAD_XDICTIONARY
360
299
102
}
330
1
100
AcDbSymbolTableRecord
100
AcDbBlockTableRecord
  2
ARROW
340
0
310
28000000280000002800000001002000000000000019000001000000010000000000000000000000302821FF302821FF302821FF302821FF302821FF302821FF302821FF302821FF302821FF302821FF302821FF302821FF302821FF302821FF302821FF302821FF302821FF302821FF302821FF302821FF302821FF302821
310
FF302821FF302821FF302821FF302821FF302821FF302821FF302821FF302821FF302821FF302821FF302821FF302821FF302821FF302821FF302821FF302821FF302821FF302821FF302821FF302821FF302821FF302821FF302821FF302821FF302821FF302821FF302821FF302821FF302821FF302821FF302821FF3028
310
21FF302821FF302821FF302821FF302821FF302821FF302821FF302821FF302821FF302821FF302821FF302821FF302821FF302821FF302821FF302821FF302821FF302821FF302821FF302821FF302821FF302821FF302821FF302821FF302821FF302821FF302821FF302821FF302821FF302821FF302821FF302821FF30
310
2821FF302821FF302821FF302821FF302821FF302821FF302821FF302821FF302821FF302821FF302821FF302821FF302821FF302821FF302821FF302821FF302821FF302821FF302821FF302821FF302821FF302821FF302821FF302821FF302821FF302821FF302821FF302821FF302821FF302821FF302821FF302821FF
310
302821FF302821FF302821FF302821FF302821FF302821FF302821FF302821FF302821FF302821FF302821FF302821FF302821FF302821FF302821FF302821FF302821FF302821FF302821FF302821FF302821FF302821FF302821FF302821FF302821FF302821FF302821FF302821FF302821FF302821FF302821FF302821
310
FF302821FF302821FF302821FF302821FF302821FF302821FF302821FF302821FF302821FF302821FF302821FF302821FF302821FF302821FF302821FF302821FF302821FF302821FF302821FF302821FF302821FF302821FF302821FF302821FF302821FF302821FF302821FF302821FF302821FF302821FF302821FF3028
310
21FF302821FF302821FF302821FF302821FF302821FF302821FF302821FF302821FF302821FF302821FF302821FF302821FF302821FF302821FF302821FF302821FF302821FF302821FF302821FF302821FF302821FF302821FF302821FF302821FF302821FF302821FF302821FF302821FF302821FF302821FF302821FF30
310
2821FF302821FF302821FF302821FF302821FF302821FF302821FF302821FF302821FF302821FF302821FF302821FF302821FF302821FF302821FF302821FF302821FF302821FF302821FF302821FF302821FF302821FF302821FF302821FF302821FF302821FF302821FF302821FF302821FF302821FF302821FF302821FF
310
302821FF302821FF302821FF302821FF302821FF302821FF302821FF302821FF302821FF302821FF302821FF302821FF302821FF302821FF302821FF302821FF302821FF302821FF302821FF302821FF302821FF302821FF302821FF302821FF302821FF302821FF302821FF302821FF302821FF302821FF302821FF302821
310
FF302821FF302821FF302821FF302821FF302821FF302821FF302821FF302821FF302821FF302821FF302821FF302821FF302821FF302821FF302821FF302821FF302821FF302821FF302821FF302821FF302821FF302821FF302821FF302821FF302821FF302821FF302821FF302821FF302821FF302821FF302821FF3028
310
21FF302821FF302821FF302821FF302821FF302821FF302821FF302821FF302821FF302821FF302821FF302821FF302821FF302821FF302821FF302821FF302821FF302821FF302821FF302821FF302821FF302821FF302821FF302821FF302821FF302821FF302821FF302821FF302821FF302821FF302821FF302821FF30
310
2821FF302821FF302821FF302821FF302821FF302821FF302821FF302821FF302821FF302821FF302821FF302821FF302821FF302821FF302821FF302821FF302821FF302821FF302821FF302821FF302821FF302821FF302821FF302821FF302821FF302821FF302821FF302821FF302821FF302821FF302821FF302821FF
310
302821FF302821FF302821FF302821FF302821FF302821FF302821FF302821FF302821FF302821FF302821FF302821FF302821FF302821FF302821FF302821FF302821FF302821FF302821FF302821FF302821FF302821FF302821FF302821FF302821FF302821FF302821FF302821FF302821FF302821FF302821FF302821
310
FF302821FF302821FF302821FF302821FF302821FF302821FF302821FF302821FF302821FF302821FF302821FF302821FF302821FF302821FF302821FF302821FF302821FF302821FF302821FF302821FF302821FF302821FF302821FF302821FF302821FF302821FF302821FF302821FF302821FF302821FF302821FF3028
310
21FF302821FF302821FF302821FF302821FF302821FF302821FF302821FF302821FF302821FF302821FF302821FF302821FF302821FF302821FF302821FF302821FF302821FF302821FF302821FF302821FF302821FF302821FF302821FF302821FF302821FF302821FF302821FF302821FF302821FF302821FF302821FF30
310
2821FF302821FF302821FF302821FF302821FF302821FF302821FF302821FF302821FF302821FF302821FF302821FF302821FF302821FF302821FF302821FF302821FF302821FF302821FF302821FF302821FF302821FF302821FF302821FF302821FF302821FF302821FF302821FF302821FF302821FF302821FF302821FF
310
302821FF302821FF302821FF302821FF302821FF302821FF302821FF302821FF302821FF302821FF302821FF302821FF302821FF302821FF302821FF302821FF302821FF302821FF302821FF302821FF302821FF302821FF302821FF302821FF302821FF302821FF302821FF302821FF302821FF302821FF302821FF302821
310
FF302821FF302821FF302821FF302821FF302821FF302821FF302821FF302821FF302821FF302821FF302821FF302821FF302821FF302821FF302821FF302821FF302821FF302821FF302821FF302821FF302821FF302821FF302821FF302821FF302821FF302821FF302821FF302821FF302821FF302821FF302821FF3028
310
21FF302821FF302821FF302821FF302821FF302821FF302821FF302821FF302821FF302821FF302821FF302821FF302821FF302821FF302821FF302821FF302821FF302821FF302821FF302821FF302821FF302821FF302821FF302821FF302821FF302821FF302821FF302821FF302821FF302821FF302821FF302821FF30
310
2821FF302821FF302821FF302821FF302821FF302821FF302821FF302821FF302821FF302821FF302821FF302821FF302821FF302821FF302821FF302821FF302821FF302821FF302821FF302821FF302821FF302821FF302821FF302821FF302821FF302821FF302821FF302821FF302821FF302821FF302821FF302821FF
310
302821FF302821FF302821FF302821FF302821FF302821FF302821FF302821FF302821FF302821FF302821FF302821FF302821FF302821FF302821FF302821FF302821FF302821FF302821FF302821FF302821FF302821FF302821FF302821FF302821FF302821FF302821FF302821FF302821FF302821FF302821FF302821
310
FF302821FF302821FF302821FF302821FF302821FF302821FF302821FF302821FF302821FF302821FF302821FF302821FF302821FF302821FF302821FF302821FF302821FF302821FF302821FF302821FF302821FF302821FF302821FF302821FF302821FF302821FFFF7FFFFFFF7FFFFFFF7FFFFFFF7FFFFF302821FF3028
310
21FF302821FF302821FF302821FF302821FF302821FF302821FF302821FF302821FF302821FF302821FF302821FF302821FF302821FF302821FF302821FF302821FF302821FF302821FF302821FF302821FF302821FF302821FF302821FF302821FFFF9F7FFFFF9F7FFF302821FF302821FF302821FF302821FF302821FF30
310
2821FF302821FFFF7FFFFF302821FF302821FF302821FF302821FFFF7FFFFF302821FF302821FF302821FF302821FF302821FF302821FF302821FF302821FF302821FF302821FF302821FF302821FF302821FF302821FF302821FF302821FF302821FF302821FF302821FF302821FF302821FF302821FF302821FF302821FF
310
302821FFFF9F7FFFFF7FFFFFFF9F7FFFFF9F7FFF302821FF302821FF302821FF302821FF302821FFFF7FFFFF302821FF302821FF302821FF302821FFFF7FFFFFFFDF7FFFFFDF7FFFFFDF7FFFFFDF7FFFFFDF7FFFFFDF7FFFFFDF7FFFFFDF7FFFFFDF7FFFFFDF7FFFFFDF7FFFFFDF7FFFFFDF7FFFFFDF7FFFFFDF7FFFFFDF7F
310
FFFFDF7FFFFFDF7FFFFFDF7FFFFFDF7FFFFFDF7FFFFFDF7FFFFFDF7FFFFFDF7FFFFFDF7FFFFF9F7FFFFF7FFFFFFF7FFFFFFF7FFFFFFF9F7FFF302821FF302821FF302821FF302821FFFF7FFFFF302821FF302821FF302821FF302821FFFF7FFFFF302821FF302821FF302821FF302821FF302821FF302821FF302821FF3028
310
21FF302821FF302821FF302821FF302821FF302821FF302821FF302821FF302821FF302821FF302821FF302821FF302821FF302821FF302821FF302821FF302821FF302821FFFF9F7FFFFF7FFFFFFF7FFFFFFF9F7FFF302821FF302821FF302821FF302821FF302821FFFF7FFFFF302821FF302821FF302821FF302821FFFF
310
7FFFFF302821FF302821FF302821FF302821FF302821FF302821FF302821FF302821FF302821FF302821FF302821FF302821FF302821FF302821FF302821FF302821FF302821FF302821FF302821FF302821FF302821FF302821FF302821FF302821FF302821FFFF9F7FFFFF9F7FFFFF9F7FFF302821FF302821FF302821FF
310
302821FF302821FF302821FF302821FFFF7FFFFFFF7FFFFFFF7FFFFFFF7FFFFF302821FF302821FF302821FF302821FF302821FF302821FF302821FF302821FF302821FF302821FF302821FF302821FF302821FF302821FF302821FF302821FF302821FF302821FF302821FF302821FF302821FF302821FF302821FF302821
310
FF302821FF302821FFFF9F7FFF302821FF302821FF302821FF302821FF302821FF302821FF302821FF302821FF302821FF302821FF302821FF302821FF302821FF302821FF302821FF302821FF302821FF302821FF302821FF302821FF302821FF302821FF302821FF302821FF302821FF302821FF302821FF302821FF3028
310
21FF302821FF302821FF302821FF302821FF302821FF302821FF302821FF302821FF302821FF302821FF302821FF302821FF302821FF302821FF302821FF302821FF302821FF302821FF302821FF302821FF302821FF302821FF302821FF302821FF302821FF302821FF302821FF302821FF302821FF302821FF302821FF30
310
2821FF302821FF302821FF302821FF302821FF302821FF302821FF302821FF302821FF302821FF302821FF302821FF302821FF302821FF302821FF302821FF302821FF302821FF302821FF302821FF302821FF302821FF302821FF302821FF302821FF302821FF302821FF302821FF302821FF302821FF302821FF302821FF
310
302821FF302821FF302821FF302821FF302821FF302821FF302821FF302821FF302821FF302821FF302821FF302821FF302821FF302821FF302821FF302821FF302821FF302821FF302821FF302821FF302821FF302821FF302821FF302821FF302821FF302821FF302821FF302821FF302821FF302821FF302821FF302821
310
FF302821FF302821FF302821FF302821FF302821FF302821FF302821FF302821FF302821FF302821FF302821FF302821FF302821FF302821FF302821FF302821FF302821FF302821FF302821FF302821FF302821FF302821FF302821FF302821FF302821FF302821FF302821FF302821FF302821FF302821FF302821FF3028
310
21FF302821FF302821FF302821FF302821FF302821FF302821FF302821FF302821FF302821FF302821FF302821FF302821FF302821FF302821FF302821FF302821FF302821FF302821FF302821FF302821FF302821FF302821FF302821FF302821FF302821FF302821FF302821FF302821FF302821FF302821FF302821FF30
310
2821FF302821FF302821FF302821FF302821FF302821FF302821FF302821FF302821FF302821FF302821FF302821FF302821FF302821FF302821FF302821FF302821FF302821FF302821FF302821FF302821FF302821FF302821FF302821FF302821FF302821FF302821FF302821FF302821FF302821FF302821FF302821FF
310
302821FF302821FF302821FF302821FF302821FF302821FF302821FF302821FF302821FF302821FF302821FF302821FF302821FF302821FF302821FF302821FF302821FF302821FF302821FF302821FF302821FF302821FF302821FF302821FF302821FF302821FF302821FF302821FF302821FF302821FF302821FF302821
310
FF302821FF302821FF302821FF302821FF302821FF302821FF302821FF302821FF302821FF302821FF302821FF302821FF302821FF302821FF302821FF302821FF302821FF302821FF302821FF302821FF302821FF302821FF302821FF302821FF302821FF302821FF302821FF302821FF302821FF302821FF302821FF3028
310
21FF302821FF302821FF302821FF302821FF302821FF302821FF302821FF302821FF302821FF302821FF302821FF302821FF302821FF302821FF302821FF302821FF302821FF302821FF302821FF302821FF302821FF302821FF302821FF302821FF302821FF302821FF302821FF302821FF302821FF302821FF302821FF30
310
2821FF302821FF302821FF302821FF302821FF302821FF302821FF302821FF302821FF302821FF302821FF302821FF302821FF302821FF302821FF302821FF302821FF302821FF302821FF302821FF302821FF302821FF302821FF302821FF302821FF302821FF302821FF302821FF302821FF302821FF302821FF302821FF
310
302821FF302821FF302821FF302821FF302821FF302821FF302821FF302821FF302821FF302821FF302821FF302821FF302821FF302821FF302821FF302821FF302821FF302821FF302821FF302821FF302821FF302821FF302821FF302821FF302821FF302821FF302821FF302821FF302821FF302821FF302821FF302821
310
FF302821FF302821FF302821FF302821FF302821FF302821FF302821FF302821FF302821FF302821FF302821FF302821FF302821FF302821FF302821FF302821FF302821FF302821FF302821FF302821FF302821FF302821FF302821FF302821FF302821FF302821FF302821FF302821FF302821FF302821FF302821FF3028
310
21FF302821FF302821FF302821FF302821FF302821FF302821FF302821FF302821FF302821FF302821FF302821FF302821FF302821FF302821FF302821FF302821FF302821FF302821FF302821FF302821FF302821FF302821FF302821FF302821FF302821FF302821FF302821FF302821FF302821FF302821FF302821FF30
310
2821FF302821FF302821FF302821FF302821FF302821FF302821FF302821FF302821FF302821FF302821FF302821FF302821FF302821FF302821FF302821FF302821FF302821FF302821FF302821FF302821FF302821FF302821FF302821FF302821FF302821FF302821FF302821FF302821FF302821FF302821FF302821FF
310
302821FF302821FF302821FF302821FF302821FF302821FF302821FF302821FF302821FF302821FF302821FF302821FF302821FF302821FF302821FF302821FF302821FF302821FF302821FF302821FF302821FF302821FF302821FF302821FF302821FF302821FF302821FF302821FF302821FF302821FF302821FF302821
310
FF302821FF302821FF302821FF302821FF302821FF302821FF302821FF302821FF302821FF302821FF302821FF302821FF302821FF302821FF302821FF302821FF302821FF302821FF302821FF302821FF302821FF302821FF302821FF302821FF302821FF302821FF302821FF302821FF302821FF302821FF302821FF3028
310
21FF302821FF302821FF302821FF302821FF302821FF302821FF302821FF302821FF302821FF302821FF302821FF302821FF302821FF302821FF302821FF302821FF302821FF302821FF302821FF302821FF302821FF302821FF302821FF302821FF302821FF302821FF302821FF302821FF302821FF302821FF302821FF30
310
2821FF302821FF302821FF302821FF302821FF302821FF302821FF302821FF302821FF302821FF302821FF302821FF302821FF302821FF302821FF302821FF302821FF302821FF302821FF302821FF302821FF302821FF302821FF302821FF302821FF302821FF302821FF302821FF302821FF302821FF302821FF302821FF
310
302821FF302821FF302821FF302821FF302821FF302821FF302821FF302821FF302821FF302821FF302821FF302821FF302821FF302821FF302821FF302821FF302821FF302821FF302821FF302821FF302821FF302821FF302821FF302821FF302821FF302821FF302821FF302821FF302821FF302821FF302821FF302821
310
FF302821FF302821FF302821FF302821FF302821FF302821FF302821FF302821FF302821FF302821FF302821FF302821FF302821FF302821FF302821FF302821FF302821FF302821FF302821FF302821FF302821FF302821FF302821FF302821FF302821FF302821FF302821FF302821FF302821FF302821FF302821FF3028
310
21FF302821FF302821FF302821FF302821FF302821FF302821FF302821FF302821FF302821FF302821FF302821FF302821FF302821FF302821FF302821FF302821FF302821FF302821FF302821FF302821FF302821FF302821FF
102
{BLKREFS
102
}
 70
     4
280
     1
281
     0
1001
AcDbDynamicBlockGUID
1000
{17D0AE6F-BB6E-5E4E-BF1A-E2C1C76CB83F}
  0
BLOCK_RECORD
  5
2A4
102
{ACAD_XDICTIONARY
360
2A5
102
}
330
1
100
AcDbSymbolTableRecord
100
AcDbBlockTableRecord
  2
A$C6C0B0B06
340
0
102
{BLKREFS
331
131E
331
1325
331
132C
331
1360
331
1368
102
}
 70
     1
280
     1
281
     0
  0
BLOCK_RECORD
  5
2AF
330
1
100
AcDbSymbolTableRecord
100
AcDbBlockTableRecord
  2
AR01
340
0
102
{BLKREFS
331
1AA3
331
1AA4
331
1A5B
331
1A5C
331
424
331
425
331
484
331
485
102
}
 70
     0
280
     1
281
     0
  0
BLOCK_RECORD
  5
2B4
330
1
100
AcDbSymbolTableRecord
100
AcDbBlockTableRecord
  2
DIMBLK10
340
0
 70
     0
280
     1
281
     0
  0
BLOCK_RECORD
  5
2B9
330
1
100
AcDbSymbolTableRecord
100
AcDbBlockTableRecord
  2
arrow1
340
0
102
{BLKREFS
331
128E
331
11DC
102
}
 70
     0
280
     1
281
     0
  0
BLOCK_RECORD
  5
2BD
330
1
100
AcDbSymbolTableRecord
100
AcDbBlockTableRecord
  2
*D9
340
0
 70
     0
280
     1
281
     0
  0
BLOCK_RECORD
  5
2C9
330
1
100
AcDbSymbolTableRecord
100
AcDbBlockTableRecord
  2
*D10
340
0
 70
     0
280
     1
281
     0
  0
BLOCK_RECORD
  5
2D5
330
1
100
AcDbSymbolTableRecord
100
AcDbBlockTableRecord
  2
*D11
340
0
 70
     0
280
     1
281
     0
  0
BLOCK_RECORD
  5
2E1
330
1
100
AcDbSymbolTableRecord
100
AcDbBlockTableRecord
  2
*D12
340
0
 70
     0
280
     1
281
     0
  0
BLOCK_RECORD
  5
2ED
330
1
100
AcDbSymbolTableRecord
100
AcDbBlockTableRecord
  2
*D13
340
0
 70
     0
280
     1
281
     0
  0
BLOCK_RECORD
  5
2FA
330
1
100
AcDbSymbolTableRecord
100
AcDbBlockTableRecord
  2
*D14
340
0
 70
     0
280
     1
281
     0
  0
BLOCK_RECORD
  5
307
330
1
100
AcDbSymbolTableRecord
100
AcDbBlockTableRecord
  2
*D15
340
0
 70
     0
280
     1
281
     0
  0
BLOCK_RECORD
  5
313
330
1
100
AcDbSymbolTableRecord
100
AcDbBlockTableRecord
  2
*D16
340
0
 70
     0
280
     1
281
     0
  0
BLOCK_RECORD
  5
31F
330
1
100
AcDbSymbolTableRecord
100
AcDbBlockTableRecord
  2
*D17
340
0
 70
     0
280
     1
281
     0
  0
BLOCK_RECORD
  5
32C
330
1
100
AcDbSymbolTableRecord
100
AcDbBlockTableRecord
  2
*D18
340
0
 70
     0
280
     1
281
     0
  0
BLOCK_RECORD
  5
339
330
1
100
AcDbSymbolTableRecord
100
AcDbBlockTableRecord
  2
*D19
340
0
 70
     0
280
     1
281
     0
  0
BLOCK_RECORD
  5
346
330
1
100
AcDbSymbolTableRecord
100
AcDbBlockTableRecord
  2
*D20
340
0
 70
     0
280
     1
281
     0
  0
BLOCK_RECORD
  5
353
330
1
100
AcDbSymbolTableRecord
100
AcDbBlockTableRecord
  2
*D21
340
0
 70
     0
280
     1
281
     0
  0
BLOCK_RECORD
  5
360
330
1
100
AcDbSymbolTableRecord
100
AcDbBlockTableRecord
  2
*D22
340
0
 70
     0
280
     1
281
     0
  0
BLOCK_RECORD
  5
36D
330
1
100
AcDbSymbolTableRecord
100
AcDbBlockTableRecord
  2
*D23
340
0
 70
     0
280
     1
281
     0
  0
BLOCK_RECORD
  5
37A
330
1
100
AcDbSymbolTableRecord
100
AcDbBlockTableRecord
  2
*D24
340
0
 70
     0
280
     1
281
     0
  0
BLOCK_RECORD
  5
387
330
1
100
AcDbSymbolTableRecord
100
AcDbBlockTableRecord
  2
*D25
340
0
 70
     0
280
     1
281
     0
  0
BLOCK_RECORD
  5
394
330
1
100
AcDbSymbolTableRecord
100
AcDbBlockTableRecord
  2
*D26
340
0
 70
     0
280
     1
281
     0
  0
BLOCK_RECORD
  5
3A1
330
1
100
AcDbSymbolTableRecord
100
AcDbBlockTableRecord
  2
*D27
340
0
 70
     0
280
     1
281
     0
  0
BLOCK_RECORD
  5
3AE
330
1
100
AcDbSymbolTableRecord
100
AcDbBlockTableRecord
  2
*D28
340
0
 70
     0
280
     1
281
     0
  0
BLOCK_RECORD
  5
3BB
330
1
100
AcDbSymbolTableRecord
100
AcDbBlockTableRecord
  2
*D29
340
0
 70
     0
280
     1
281
     0
  0
BLOCK_RECORD
  5
3C8
330
1
100
AcDbSymbolTableRecord
100
AcDbBlockTableRecord
  2
*D30
340
0
 70
     0
280
     1
281
     0
  0
BLOCK_RECORD
  5
3D4
330
1
100
AcDbSymbolTableRecord
100
AcDbBlockTableRecord
  2
*D31
340
0
 70
     0
280
     1
281
     0
  0
BLOCK_RECORD
  5
3E1
330
1
100
AcDbSymbolTableRecord
100
AcDbBlockTableRecord
  2
*D32
340
0
 70
     0
280
     1
281
     0
  0
BLOCK_RECORD
  5
3EE
330
1
100
AcDbSymbolTableRecord
100
AcDbBlockTableRecord
  2
*D33
340
0
 70
     0
280
     1
281
     0
  0
BLOCK_RECORD
  5
3FB
330
1
100
AcDbSymbolTableRecord
100
AcDbBlockTableRecord
  2
*D34
340
0
 70
     0
280
     1
281
     0
  0
BLOCK_RECORD
  5
407
330
1
100
AcDbSymbolTableRecord
100
AcDbBlockTableRecord
  2
*D35
340
0
 70
     0
280
     1
281
     0
  0
BLOCK_RECORD
  5
413
330
1
100
AcDbSymbolTableRecord
100
AcDbBlockTableRecord
  2
*D36
340
0
 70
     0
280
     1
281
     0
  0
BLOCK_RECORD
  5
41F
330
1
100
AcDbSymbolTableRecord
100
AcDbBlockTableRecord
  2
*D37
340
0
 70
     0
280
     1
281
     0
  0
BLOCK_RECORD
  5
42B
330
1
100
AcDbSymbolTableRecord
100
AcDbBlockTableRecord
  2
*D38
340
0
 70
     0
280
     1
281
     0
  0
BLOCK_RECORD
  5
438
330
1
100
AcDbSymbolTableRecord
100
AcDbBlockTableRecord
  2
*D39
340
0
 70
     0
280
     1
281
     0
  0
BLOCK_RECORD
  5
444
330
1
100
AcDbSymbolTableRecord
100
AcDbBlockTableRecord
  2
*D40
340
0
 70
     0
280
     1
281
     0
  0
BLOCK_RECORD
  5
450
330
1
100
AcDbSymbolTableRecord
100
AcDbBlockTableRecord
  2
*D41
340
0
 70
     0
280
     1
281
     0
  0
BLOCK_RECORD
  5
45C
330
1
100
AcDbSymbolTableRecord
100
AcDbBlockTableRecord
  2
*D42
340
0
 70
     0
280
     1
281
     0
  0
BLOCK_RECORD
  5
468
330
1
100
AcDbSymbolTableRecord
100
AcDbBlockTableRecord
  2
*D43
340
0
 70
     0
280
     1
281
     0
  0
BLOCK_RECORD
  5
473
330
1
100
AcDbSymbolTableRecord
100
AcDbBlockTableRecord
  2
*D44
340
0
 70
     0
280
     1
281
     0
  0
BLOCK_RECORD
  5
480
330
1
100
AcDbSymbolTableRecord
100
AcDbBlockTableRecord
  2
*D45
340
0
 70
     0
280
     1
281
     0
  0
BLOCK_RECORD
  5
48B
330
1
100
AcDbSymbolTableRecord
100
AcDbBlockTableRecord
  2
*D46
340
0
 70
     0
280
     1
281
     0
  0
BLOCK_RECORD
  5
498
330
1
100
AcDbSymbolTableRecord
100
AcDbBlockTableRecord
  2
*D47
340
0
 70
     0
280
     1
281
     0
  0
BLOCK_RECORD
  5
4A5
330
1
100
AcDbSymbolTableRecord
100
AcDbBlockTableRecord
  2
*D48
340
0
 70
     0
280
     1
281
     0
  0
BLOCK_RECORD
  5
4B2
330
1
100
AcDbSymbolTableRecord
100
AcDbBlockTableRecord
  2
*D49
340
0
 70
     0
280
     1
281
     0
  0
BLOCK_RECORD
  5
4BF
330
1
100
AcDbSymbolTableRecord
100
AcDbBlockTableRecord
  2
*D50
340
0
 70
     0
280
     1
281
     0
  0
BLOCK_RECORD
  5
4CB
330
1
100
AcDbSymbolTableRecord
100
AcDbBlockTableRecord
  2
*D51
340
0
 70
     0
280
     1
281
     0
  0
BLOCK_RECORD
  5
4D8
330
1
100
AcDbSymbolTableRecord
100
AcDbBlockTableRecord
  2
*D52
340
0
 70
     0
280
     1
281
     0
  0
BLOCK_RECORD
  5
4E4
330
1
100
AcDbSymbolTableRecord
100
AcDbBlockTableRecord
  2
*D53
340
0
 70
     0
280
     1
281
     0
  0
BLOCK_RECORD
  5
4F1
330
1
100
AcDbSymbolTableRecord
100
AcDbBlockTableRecord
  2
*D54
340
0
 70
     0
280
     1
281
     0
  0
BLOCK_RECORD
  5
4FD
330
1
100
AcDbSymbolTableRecord
100
AcDbBlockTableRecord
  2
*D55
340
0
 70
     0
280
     1
281
     0
  0
BLOCK_RECORD
  5
509
330
1
100
AcDbSymbolTableRecord
100
AcDbBlockTableRecord
  2
*D56
340
0
 70
     0
280
     1
281
     0
  0
BLOCK_RECORD
  5
515
330
1
100
AcDbSymbolTableRecord
100
AcDbBlockTableRecord
  2
*D57
340
0
 70
     0
280
     1
281
     0
  0
BLOCK_RECORD
  5
521
330
1
100
AcDbSymbolTableRecord
100
AcDbBlockTableRecord
  2
*D58
340
0
 70
     0
280
     1
281
     0
  0
BLOCK_RECORD
  5
52E
330
1
100
AcDbSymbolTableRecord
100
AcDbBlockTableRecord
  2
*D59
340
0
 70
     0
280
     1
281
     0
  0
BLOCK_RECORD
  5
53B
330
1
100
AcDbSymbolTableRecord
100
AcDbBlockTableRecord
  2
*D60
340
0
 70
     0
280
     1
281
     0
  0
BLOCK_RECORD
  5
548
330
1
100
AcDbSymbolTableRecord
100
AcDbBlockTableRecord
  2
*D61
340
0
 70
     0
280
     1
281
     0
  0
BLOCK_RECORD
  5
555
330
1
100
AcDbSymbolTableRecord
100
AcDbBlockTableRecord
  2
*D62
340
0
 70
     0
280
     1
281
     0
  0
BLOCK_RECORD
  5
562
330
1
100
AcDbSymbolTableRecord
100
AcDbBlockTableRecord
  2
*D63
340
0
 70
     0
280
     1
281
     0
  0
BLOCK_RECORD
  5
56E
330
1
100
AcDbSymbolTableRecord
100
AcDbBlockTableRecord
  2
*D64
340
0
 70
     0
280
     1
281
     0
  0
BLOCK_RECORD
  5
57A
330
1
100
AcDbSymbolTableRecord
100
AcDbBlockTableRecord
  2
*D65
340
0
 70
     0
280
     1
281
     0
  0
BLOCK_RECORD
  5
13EE
330
1
100
AcDbSymbolTableRecord
100
AcDbBlockTableRecord
  2
*D67
340
0
 70
     0
280
     1
281
     0
  0
BLOCK_RECORD
  5
13FB
330
1
100
AcDbSymbolTableRecord
100
AcDbBlockTableRecord
  2
*D68
340
0
 70
     0
280
     1
281
     0
  0
BLOCK_RECORD
  5
1407
330
1
100
AcDbSymbolTableRecord
100
AcDbBlockTableRecord
  2
*D69
340
0
 70
     0
280
     1
281
     0
  0
BLOCK_RECORD
  5
1413
330
1
100
AcDbSymbolTableRecord
100
AcDbBlockTableRecord
  2
*D70
340
0
 70
     0
280
     1
281
     0
  0
BLOCK_RECORD
  5
141F
330
1
100
AcDbSymbolTableRecord
100
AcDbBlockTableRecord
  2
*D71
340
0
 70
     0
280
     1
281
     0
  0
BLOCK_RECORD
  5
142C
330
1
100
AcDbSymbolTableRecord
100
AcDbBlockTableRecord
  2
*D72
340
0
 70
     0
280
     1
281
     0
  0
BLOCK_RECORD
  5
1439
330
1
100
AcDbSymbolTableRecord
100
AcDbBlockTableRecord
  2
*D73
340
0
 70
     0
280
     1
281
     0
  0
BLOCK_RECORD
  5
1445
330
1
100
AcDbSymbolTableRecord
100
AcDbBlockTableRecord
  2
*D74
340
0
 70
     0
280
     1
281
     0
  0
BLOCK_RECORD
  5
1452
330
1
100
AcDbSymbolTableRecord
100
AcDbBlockTableRecord
  2
*D75
340
0
 70
     0
280
     1
281
     0
  0
BLOCK_RECORD
  5
145F
330
1
100
AcDbSymbolTableRecord
100
AcDbBlockTableRecord
  2
*D76
340
0
 70
     0
280
     1
281
     0
  0
BLOCK_RECORD
  5
146C
330
1
100
AcDbSymbolTableRecord
100
AcDbBlockTableRecord
  2
*D77
340
0
 70
     0
280
     1
281
     0
  0
BLOCK_RECORD
  5
1479
330
1
100
AcDbSymbolTableRecord
100
AcDbBlockTableRecord
  2
*D78
340
0
 70
     0
280
     1
281
     0
  0
BLOCK_RECORD
  5
1486
330
1
100
AcDbSymbolTableRecord
100
AcDbBlockTableRecord
  2
*D79
340
0
 70
     0
280
     1
281
     0
  0
BLOCK_RECORD
  5
1493
330
1
100
AcDbSymbolTableRecord
100
AcDbBlockTableRecord
  2
*D80
340
0
 70
     0
280
     1
281
     0
  0
BLOCK_RECORD
  5
149F
330
1
100
AcDbSymbolTableRecord
100
AcDbBlockTableRecord
  2
*D81
340
0
 70
     0
280
     1
281
     0
  0
BLOCK_RECORD
  5
14AC
330
1
100
AcDbSymbolTableRecord
100
AcDbBlockTableRecord
  2
*D82
340
0
 70
     0
280
     1
281
     0
  0
BLOCK_RECORD
  5
14B8
330
1
100
AcDbSymbolTableRecord
100
AcDbBlockTableRecord
  2
*D83
340
0
 70
     0
280
     1
281
     0
  0
BLOCK_RECORD
  5
14C5
330
1
100
AcDbSymbolTableRecord
100
AcDbBlockTableRecord
  2
*D84
340
0
 70
     0
280
     1
281
     0
  0
BLOCK_RECORD
  5
14D2
330
1
100
AcDbSymbolTableRecord
100
AcDbBlockTableRecord
  2
*D85
340
0
 70
     0
280
     1
281
     0
  0
BLOCK_RECORD
  5
14DF
330
1
100
AcDbSymbolTableRecord
100
AcDbBlockTableRecord
  2
*D86
340
0
 70
     0
280
     1
281
     0
  0
BLOCK_RECORD
  5
14EC
330
1
100
AcDbSymbolTableRecord
100
AcDbBlockTableRecord
  2
*D87
340
0
 70
     0
280
     1
281
     0
  0
BLOCK_RECORD
  5
14F8
330
1
100
AcDbSymbolTableRecord
100
AcDbBlockTableRecord
  2
*D88
340
0
 70
     0
280
     1
281
     0
  0
BLOCK_RECORD
  5
1505
330
1
100
AcDbSymbolTableRecord
100
AcDbBlockTableRecord
  2
*D89
340
0
 70
     0
280
     1
281
     0
  0
BLOCK_RECORD
  5
1512
330
1
100
AcDbSymbolTableRecord
100
AcDbBlockTableRecord
  2
*D90
340
0
 70
     0
280
     1
281
     0
  0
BLOCK_RECORD
  5
151F
330
1
100
AcDbSymbolTableRecord
100
AcDbBlockTableRecord
  2
*D91
340
0
 70
     0
280
     1
281
     0
  0
BLOCK_RECORD
  5
152B
330
1
100
AcDbSymbolTableRecord
100
AcDbBlockTableRecord
  2
*D92
340
0
 70
     0
280
     1
281
     0
  0
BLOCK_RECORD
  5
1537
330
1
100
AcDbSymbolTableRecord
100
AcDbBlockTableRecord
  2
*D93
340
0
 70
     0
280
     1
281
     0
  0
BLOCK_RECORD
  5
1543
330
1
100
AcDbSymbolTableRecord
100
AcDbBlockTableRecord
  2
*D94
340
0
 70
     0
280
     1
281
     0
  0
BLOCK_RECORD
  5
154F
330
1
100
AcDbSymbolTableRecord
100
AcDbBlockTableRecord
  2
*D95
340
0
 70
     0
280
     1
281
     0
  0
BLOCK_RECORD
  5
155C
330
1
100
AcDbSymbolTableRecord
100
AcDbBlockTableRecord
  2
*D96
340
0
 70
     0
280
     1
281
     0
  0
BLOCK_RECORD
  5
1568
330
1
100
AcDbSymbolTableRecord
100
AcDbBlockTableRecord
  2
*D97
340
0
 70
     0
280
     1
281
     0
  0
BLOCK_RECORD
  5
1574
330
1
100
AcDbSymbolTableRecord
100
AcDbBlockTableRecord
  2
*D98
340
0
 70
     0
280
     1
281
     0
  0
BLOCK_RECORD
  5
1580
330
1
100
AcDbSymbolTableRecord
100
AcDbBlockTableRecord
  2
*D99
340
0
 70
     0
280
     1
281
     0
  0
BLOCK_RECORD
  5
158C
330
1
100
AcDbSymbolTableRecord
100
AcDbBlockTableRecord
  2
*D100
340
0
 70
     0
280
     1
281
     0
  0
BLOCK_RECORD
  5
1597
330
1
100
AcDbSymbolTableRecord
100
AcDbBlockTableRecord
  2
*D101
340
0
 70
     0
280
     1
281
     0
  0
BLOCK_RECORD
  5
15A4
330
1
100
AcDbSymbolTableRecord
100
AcDbBlockTableRecord
  2
*D102
340
0
 70
     0
280
     1
281
     0
  0
BLOCK_RECORD
  5
15AF
330
1
100
AcDbSymbolTableRecord
100
AcDbBlockTableRecord
  2
*D103
340
0
 70
     0
280
     1
281
     0
  0
BLOCK_RECORD
  5
15BB
330
1
100
AcDbSymbolTableRecord
100
AcDbBlockTableRecord
  2
*D104
340
0
 70
     0
280
     1
281
     0
  0
BLOCK_RECORD
  5
15C7
330
1
100
AcDbSymbolTableRecord
100
AcDbBlockTableRecord
  2
*D105
340
0
 70
     0
280
     1
281
     0
  0
BLOCK_RECORD
  5
15D3
330
1
100
AcDbSymbolTableRecord
100
AcDbBlockTableRecord
  2
*D106
340
0
 70
     0
280
     1
281
     0
  0
BLOCK_RECORD
  5
15DF
330
1
100
AcDbSymbolTableRecord
100
AcDbBlockTableRecord
  2
*D107
340
0
 70
     0
280
     1
281
     0
  0
BLOCK_RECORD
  5
15EC
330
1
100
AcDbSymbolTableRecord
100
AcDbBlockTableRecord
  2
*D108
340
0
 70
     0
280
     1
281
     0
  0
BLOCK_RECORD
  5
15F9
330
1
100
AcDbSymbolTableRecord
100
AcDbBlockTableRecord
  2
*D109
340
0
 70
     0
280
     1
281
     0
  0
BLOCK_RECORD
  5
1605
330
1
100
AcDbSymbolTableRecord
100
AcDbBlockTableRecord
  2
*D110
340
0
 70
     0
280
     1
281
     0
  0
BLOCK_RECORD
  5
1611
330
1
100
AcDbSymbolTableRecord
100
AcDbBlockTableRecord
  2
*D111
340
0
 70
     0
280
     1
281
     0
  0
BLOCK_RECORD
  5
161E
330
1
100
AcDbSymbolTableRecord
100
AcDbBlockTableRecord
  2
*D112
340
0
 70
     0
280
     1
281
     0
  0
BLOCK_RECORD
  5
162B
330
1
100
AcDbSymbolTableRecord
100
AcDbBlockTableRecord
  2
*D113
340
0
 70
     0
280
     1
281
     0
  0
BLOCK_RECORD
  5
1638
330
1
100
AcDbSymbolTableRecord
100
AcDbBlockTableRecord
  2
*D114
340
0
 70
     0
280
     1
281
     0
  0
BLOCK_RECORD
  5
1645
330
1
100
AcDbSymbolTableRecord
100
AcDbBlockTableRecord
  2
*D115
340
0
 70
     0
280
     1
281
     0
  0
BLOCK_RECORD
  5
1652
330
1
100
AcDbSymbolTableRecord
100
AcDbBlockTableRecord
  2
*D116
340
0
 70
     0
280
     1
281
     0
  0
BLOCK_RECORD
  5
165F
330
1
100
AcDbSymbolTableRecord
100
AcDbBlockTableRecord
  2
*D117
340
0
 70
     0
280
     1
281
     0
  0
BLOCK_RECORD
  5
166C
330
1
100
AcDbSymbolTableRecord
100
AcDbBlockTableRecord
  2
*D118
340
0
 70
     0
280
     1
281
     0
  0
BLOCK_RECORD
  5
1679
330
1
100
AcDbSymbolTableRecord
100
AcDbBlockTableRecord
  2
*D119
340
0
 70
     0
280
     1
281
     0
  0
BLOCK_RECORD
  5
1686
330
1
100
AcDbSymbolTableRecord
100
AcDbBlockTableRecord
  2
*D120
340
0
 70
     0
280
     1
281
     0
  0
BLOCK_RECORD
  5
1693
330
1
100
AcDbSymbolTableRecord
100
AcDbBlockTableRecord
  2
*D121
340
0
 70
     0
280
     1
281
     0
  0
BLOCK_RECORD
  5
169F
330
1
100
AcDbSymbolTableRecord
100
AcDbBlockTableRecord
  2
*D122
340
0
 70
     0
280
     1
281
     0
  0
BLOCK_RECORD
  5
16AB
330
1
100
AcDbSymbolTableRecord
100
AcDbBlockTableRecord
  2
*D123
340
0
 70
     0
280
     1
281
     0
  0
ENDTAB
  0
ENDSEC
  0
SECTION
  2
BLOCKS
  0
BLOCK
  5
20
330
1F
100
AcDbEntity
  8
0
100
AcDbBlockBegin
  2
*Model_Space
 70
     0
 10
0.0
 20
0.0
 30
0.0
  3
*Model_Space
  1

  0
ENDBLK
  5
21
330
1F
100
AcDbEntity
  8
0
100
AcDbBlockEnd
  0
BLOCK
  5
D4
330
D2
100
AcDbEntity
 67
     1
  8
0
100
AcDbBlockBegin
  2
*Paper_Space
 70
     0
 10
0.0
 20
0.0
 30
0.0
  3
*Paper_Space
  1

  0
ENDBLK
  5
D5
330
D2
100
AcDbEntity
 67
     1
  8
0
100
AcDbBlockEnd
  0
BLOCK
  5
D8
330
D6
100
AcDbEntity
 67
     1
  8
0
100
AcDbBlockBegin
  2
*Paper_Space0
 70
     0
 10
0.0
 20
0.0
 30
0.0
  3
*Paper_Space0
  1

  0
ENDBLK
  5
D9
330
D6
100
AcDbEntity
 67
     1
  8
0
100
AcDbBlockEnd
  0
BLOCK
  5
280
330
27F
100
AcDbEntity
  8
0
100
AcDbBlockBegin
  2
DIM1
 70
     0
 10
0.0
 20
0.0
 30
0.0
  3
DIM1
  1

  0
CIRCLE
  5
281
330
27F
100
AcDbEntity
  8
0
 62
     3
100
AcDbCircle
 10
0.0
 20
0.0
 30
0.0
 40
0.25
  0
LINE
  5
282
330
27F
100
AcDbEntity
  8
0
 62
     0
100
AcDbLine
 10
-1.0
 20
0.0
 30
0.0
 11
0.5
 21
0.0
 31
0.0
  0
ENDBLK
  5
283
330
27F
100
AcDbEntity
  8
0
100
AcDbBlockEnd
  0
BLOCK
  5
285
330
284
100
AcDbEntity
  8
0
100
AcDbBlockBegin
  2
CIR
 70
     2
 10
0.0
 20
0.0
 30
0.0
  3
CIR
  1

  0
CIRCLE
  5
286
330
284
100
AcDbEntity
  8
title
 62
     2
100
AcDbCircle
 10
10.0
 20
0.0
 30
0.0
 40
10.0
  0
LINE
  5
287
330
284
100
AcDbEntity
  8
title
 62
     2
100
AcDbLine
 10
10.0
 20
0.0
 30
0.0
 11
10.0
 21
-10.0
 31
0.0
  0
LINE
  5
288
330
284
100
AcDbEntity
  8
title
 62
     2
100
AcDbLine
 10
0.0
 20
0.0
 30
0.0
 11
20.0
 21
0.0
 31
0.0
  0
ATTDEF
  5
289
330
284
100
AcDbEntity
  8
title
 62
     5
100
AcDbText
 10
10.0
 20
4.754619559389539
 30
0.0
 40
4.5
  1

  7
ROMANS
 72
     4
 11
10.0
 21
4.754619559389539
 31
0.0
100
AcDbAttributeDefinition
280
     0
  3
DRAWING MARK :
  2
A
 70
     0
280
     0
  0
ATTDEF
  5
28A
330
284
100
AcDbEntity
  8
title
 62
     2
100
AcDbText
 10
1.578416500183934
 20
-4.678125824138987
 30
0.0
 40
2.5
  1

 41
1.138396624965697
  7
ROMANS
 72
     5
 11
9.303250741022594
 21
-4.678125824138987
 31
0.0
100
AcDbAttributeDefinition
280
     0
  3
SHEET TAKEN :
  2
S-1
 70
     0
280
     0
  0
ATTDEF
  5
28B
330
284
100
AcDbEntity
  8
title
 62
     2
100
AcDbText
 10
10.35994912962644
 20
-4.678125824138987
 30
0.0
 40
2.5
  1

 41
1.147089023381708
  7
ROMANS
 72
     5
 11
18.14376750257375
 21
-4.678125824138987
 31
0.0
100
AcDbAttributeDefinition
280
     0
  3
SHEET SHOWN :
  2
S-1
 70
     0
280
     0
  0
ENDBLK
  5
28C
330
284
100
AcDbEntity
  8
0
100
AcDbBlockEnd
  0
BLOCK
  5
290
330
28D
100
AcDbEntity
  8
0
100
AcDbBlockBegin
  2
A$C39B41007
 70
     2
 10
0.0
 20
0.0
 30
0.0
  3
A$C39B41007
  1

  0
CIRCLE
  5
291
330
28D
100
AcDbEntity
  8
title
 62
     2
100
AcDbCircle
 10
0.0
 20
0.0
 30
0.0
 40
7.5
  0
LINE
  5
292
330
28D
100
AcDbEntity
  8
title
 62
     2
100
AcDbLine
 10
-7.5
 20
0.0
 30
0.0
 11
7.5
 21
0.0
 31
0.0
  0
LINE
  5
293
330
28D
100
AcDbEntity
  8
title
 62
     2
100
AcDbLine
 10
0.0
 20
0.0
 30
0.0
 11
0.0
 21
-7.499999999999998
 31
0.0
  0
ATTDEF
  5
294
330
28D
100
AcDbEntity
  8
title
 62
     5
100
AcDbText
 10
0.0
 20
3.391768359571667
 30
0.0
 40
3.28125
  1

  7
140CL
 72
     4
 11
0.0
 21
3.391768359571667
 31
0.0
100
AcDbAttributeDefinition
280
     0
  3
TARGET MARK :
  2
A
 70
     0
280
     0
  0
ATTDEF
  5
295
330
28D
100
AcDbEntity
  8
title
 62
     2
100
AcDbText
 10
-6.264595877162889
 20
-3.627454449820688
 30
0.0
 40
2.34375
  1

 41
0.8869905912683144
  7
S-TAKEN
 72
     5
 11
-0.6219101961033005
 21
-3.627454449820688
 31
0.0
100
AcDbAttributeDefinition
280
     0
  3
SHEET TAKEN :
  2
S-1
 70
     0
280
     0
  0
ATTDEF
  5
296
330
28D
100
AcDbEntity
  8
title
 62
     2
100
AcDbText
 10
0.3697490778222487
 20
-3.627454449820688
 30
0.0
 40
2.34375
  1

 41
0.8802976990880086
  7
S-SHOWN
 72
     5
 11
5.969857208181231
 21
-3.627454449820688
 31
0.0
100
AcDbAttributeDefinition
280
     0
  3
SHEET SHOWN :
  2
S-1
 70
     0
280
     0
  0
ENDBLK
  5
297
330
28D
100
AcDbEntity
  8
0
100
AcDbBlockEnd
  0
BLOCK
  5
29B
330
298
100
AcDbEntity
  8
0
 48
0.6
100
AcDbBlockBegin
  2
ARROW
 70
     0
 10
0.0
 20
0.0
 30
0.0
  3
ARROW
  1

  0
LINE
  5
29C
330
298
100
AcDbEntity
  8
NORMAL
 48
0.6
100
AcDbLine
 10
275.9406811931827
 20
207.2191470365071
 30
0.0
 11
276.6154569868072
 21
207.2191470365071
 31
0.0
  0
HATCH
  5
29D
330
298
100
AcDbEntity
  8
.25
 48
0.6
100
AcDbHatch
 10
0.0
 20
0.0
 30
0.0
210
0.0
220
0.0
230
1.0
  2
ANGLE
 70
     0
 71
     1
 91
        1
 92
        7
 72
     0
 73
     1
 93
        3
 10
276.6154569868072
 20
207.1493677410748
 10
276.7125696854602
 20
207.2191470365071
 10
276.6154569868072
 20
207.2889263319395
 97
        3
330
2A0
330
29F
330
29E
 75
     1
 76
     1
 52
0.0
 41
1.0
 77
     0
 78
     2
 53
0.0
 43
0.0
 44
0.0
 45
0.0
 46
6.985
 79
     2
 49
5.08
 49
-1.905
 53
90.0
 43
0.0
 44
0.0
 45
-6.985
 46
0.0000000000000004
 79
     2
 49
5.08
 49
-1.905
 47
0.0011608029216652
 98
        1
 10
276.6351250167962
 20
207.2389557629249
1001
GradientColor1ACI
1070
     5
1001
GradientColor2ACI
1070
     2
1001
ACAD
1010
0.0
1020
0.0
1030
0.0
  0
LINE
  5
29E
102
{ACAD_REACTORS
330
29D
330
2A2
102
}
330
298
100
AcDbEntity
  8
DIMENSION
 48
0.6
100
AcDbLine
 10
276.7125696854602
 20
207.2191470365071
 30
0.0
 11
276.6154569868072
 21
207.2889263319395
 31
0.0
  0
LINE
  5
29F
102
{ACAD_REACTORS
330
29D
330
2A2
102
}
330
298
100
AcDbEntity
  8
DIMENSION
 48
0.6
100
AcDbLine
 10
276.7125696854602
 20
207.2191470365071
 30
0.0
 11
276.6154569868072
 21
207.1493677410748
 31
0.0
  0
LINE
  5
2A0
102
{ACAD_REACTORS
330
29D
330
2A2
102
}
330
298
100
AcDbEntity
  8
DIMENSION
 48
0.6
100
AcDbLine
 10
276.6154569868072
 20
207.2889263319395
 30
0.0
 11
276.6154569868072
 21
207.1493677410748
 31
0.0
  0
CIRCLE
  5
2A1
330
298
100
AcDbEntity
  8
.25
 48
0.6
100
AcDbCircle
 10
275.8669343159038
 20
207.2191470365071
 30
0.0
 40
0.0737468772789035
  0
HATCH
  5
2A2
330
298
100
AcDbEntity
  8
0.00
 48
0.6
100
AcDbHatch
 10
0.0
 20
0.0
 30
0.0
210
0.0
220
0.0
230
1.0
  2
ANSI31
 70
     0
 71
     1
 91
        1
 92
        7
 72
     0
 73
     1
 93
        3
 10
276.6154569868072
 20
207.2889263319395
 10
276.6154569868072
 20
207.1493677410748
 10
276.7125696854602
 20
207.2191470365071
 97
        3
330
2A0
330
29F
330
29E
 75
     1
 76
     1
 52
0.0
 41
0.001
 77
     0
 78
     1
 53
45.0
 43
0.0
 44
0.0
 45
-0.0022450640302673
 46
0.0022450640302673
 79
     0
 47
0.0006026608105927
 98
        1
 10
276.6645369857769
 20
207.2210282657594
1001
GradientColor1ACI
1070
     5
1001
GradientColor2ACI
1070
     2
1001
ACAD
1010
0.0
1020
0.0
1030
0.0
  0
ENDBLK
  5
2A3
330
298
100
AcDbEntity
  8
0
 48
0.6
100
AcDbBlockEnd
  0
BLOCK
  5
2A7
330
2A4
100
AcDbEntity
  8
0
100
AcDbBlockBegin
  2
A$C6C0B0B06
 70
     2
 10
0.0
 20
0.0
 30
0.0
  3
A$C6C0B0B06
  1

  0
CIRCLE
  5
2A8
330
2A4
100
AcDbEntity
  8
title
 62
     2
100
AcDbCircle
 10
8.000000000000001
 20
-0.000000000000001
 30
0.0
 40
8.000000000000001
  0
LINE
  5
2A9
330
2A4
100
AcDbEntity
  8
title
 62
     2
100
AcDbLine
 10
8.000000000000001
 20
-0.000000000000001
 30
0.0
 11
8.000000000000001
 21
-8.000000000000003
 31
0.0
  0
LINE
  5
2AA
330
2A4
100
AcDbEntity
  8
title
 62
     2
100
AcDbLine
 10
0.0
 20
-0.000000000000001
 30
0.0
 11
16.0
 21
-0.000000000000001
 31
0.0
  0
ATTDEF
  5
2AB
330
2A4
100
AcDbEntity
  8
title
 62
     5
100
AcDbText
 10
8.000000000000001
 20
3.803695647511631
 30
0.0
 40
4.5
  1

  7
ROMANS
 72
     4
 11
8.000000000000001
 21
3.803695647511631
 31
0.0
100
AcDbAttributeDefinition
280
     0
  3
DRAWING MARK :
  2
A
 70
     0
280
     0
  0
ATTDEF
  5
2AC
330
2A4
100
AcDbEntity
  8
title
 62
     2
100
AcDbText
 10
-0.2822336480205845
 20
-4.047261020744175
 30
0.0
 40
2.5
  1

 41
1.138396624965697
  7
ROMANS
 72
     5
 11
7.442600592818076
 21
-4.047261020744175
 31
0.0
100
AcDbAttributeDefinition
280
     0
  3
SHEET TAKEN :
  2
S-1
 70
     0
280
     0
  0
ATTDEF
  5
2AD
330
2A4
100
AcDbEntity
  8
title
 62
     2
100
AcDbText
 10
8.287959303701155
 20
-4.047261020744175
 30
0.0
 40
2.5
  1

 41
1.147089023381709
  7
ROMANS
 72
     5
 11
16.07177767664846
 21
-4.047261020744175
 31
0.0
100
AcDbAttributeDefinition
280
     0
  3
SHEET SHOWN :
  2
S-1
 70
     0
280
     0
  0
ENDBLK
  5
2AE
330
2A4
100
AcDbEntity
  8
0
100
AcDbBlockEnd
  0
BLOCK
  5
2B0
330
2AF
100
AcDbEntity
  8
0
100
AcDbBlockBegin
  2
AR01
 70
     0
 10
0.0
 20
0.0
 30
0.0
  3
AR01
  1

  0
LWPOLYLINE
  5
2B1
330
2AF
100
AcDbEntity
  8
0
 62
     3
100
AcDbPolyline
 90
        6
 70
     1
 43
0.0
 10
0.0
 20
0.0
 10
-0.5
 20
-0.5
 10
-0.6060660171788186
 20
-0.3939339828220909
 10
-0.2121320343558182
 20
0.0
 10
-0.6060660171788186
 20
0.3939339828220909
 10
-0.5
 20
0.5
  0
LINE
  5
2B2
330
2AF
100
AcDbEntity
  8
0
 62
     0
100
AcDbLine
 10
-0.2121320343558182
 20
0.0
 30
0.0
 11
-1.0
 21
0.0
 31
0.0
  0
ENDBLK
  5
2B3
330
2AF
100
AcDbEntity
  8
0
100
AcDbBlockEnd
  0
BLOCK
  5
2B5
330
2B4
100
AcDbEntity
  8
0
100
AcDbBlockBegin
  2
DIMBLK10
 70
     0
 10
0.0
 20
0.0
 30
0.0
  3
DIMBLK10
  1

  0
LWPOLYLINE
  5
2B6
330
2B4
100
AcDbEntity
  8
3G
100
AcDbPolyline
 90
        4
 70
     1
 43
0.0
 10
0.1969669914087717
 20
0.3030330086048707
 10
-0.3030330085766764
 20
-0.1969669914096812
 10
-0.1969669913978578
 20
-0.3030330085884998
 10
0.3030330086094182
 20
0.1969669914042242
  0
LINE
  5
2B7
330
2B4
100
AcDbEntity
  8
0
 62
     0
100
AcDbLine
 10
-0.1060660171733616
 20
0.0000000000009095
 30
0.0
 11
-0.999999999987267
 21
0.0000000000081855
 31
0.0
  0
ENDBLK
  5
2B8
330
2B4
100
AcDbEntity
  8
0
100
AcDbBlockEnd
  0
BLOCK
  5
2BA
330
2B9
100
AcDbEntity
  8
0
100
AcDbBlockBegin
  2
arrow1
 70
     0
 10
0.0
 20
0.0
 30
0.0
  3
arrow1
  1

  0
LWPOLYLINE
  5
2BB
330
2B9
100
AcDbEntity
  8
0
 62
     3
100
AcDbPolyline
 90
        6
 70
     1
 43
0.0
 10
0.7878679656423629
 20
0.7878679656423629
 10
0.5757359312556219
 20
1.000000000029103
 10
-0.4242640687152744
 20
0.0
 10
0.5757359312556219
 20
-1.000000000029103
 10
0.7878679656423629
 20
-0.787867965613259
 10
0.0
 20
0.0
  0
ENDBLK
  5
2BC
330
2B9
100
AcDbEntity
  8
0
100
AcDbBlockEnd
  0
BLOCK
  5
2BE
330
2BD
100
AcDbEntity
  8
0
 62
     1
100
AcDbBlockBegin
  2
*D9
 70
     1
 10
0.0
 20
0.0
 30
0.0
  3
*D9
  1

  0
LINE
  5
2BF
330
2BD
100
AcDbEntity
  8
TR
 62
     8
440
 16777216
370
    -2
100
AcDbLine
 10
3054207.677371331
 20
182367.0814135782
 30
0.0
 11
3054207.677371331
 21
184785.0206015243
 31
0.0
  0
LINE
  5
2C0
330
2BD
100
AcDbEntity
  8
TR
 62
     8
440
 16777216
370
    -2
100
AcDbLine
 10
3056588.949323022
 20
182367.0814135782
 30
0.0
 11
3056588.949323022
 21
184785.0206015243
 31
0.0
  0
LINE
  5
2C1
330
2BD
100
AcDbEntity
  8
TR
 62
     8
440
 16777216
370
    -2
100
AcDbLine
 10
3054457.677371331
 20
184685.0206015243
 30
0.0
 11
3056338.949323022
 21
184685.0206015243
 31
0.0
  0
INSERT
  5
2C2
330
2BD
100
AcDbEntity
  8
TR
 62
     8
440
 16777216
370
    -2
100
AcDbBlockReference
  2
DIM1
 10
3054207.677371331
 20
184685.0206015243
 30
0.0
 41
250.0
 42
250.0
 43
250.0
 50
180.0
  0
INSERT
  5
2C3
330
2BD
100
AcDbEntity
  8
TR
 62
     8
440
 16777216
370
    -2
100
AcDbBlockReference
  2
DIM1
 10
3056588.949323022
 20
184685.0206015243
 30
0.0
 41
250.0
 42
250.0
 43
250.0
  0
MTEXT
  5
2C4
330
2BD
100
AcDbEntity
  8
TR
 62
     3
440
 16777216
100
AcDbMText
 10
3055398.313347176
 20
184910.0206015243
 30
0.0
 40
250.0
 41
0.0
 46
0.0
 71
     5
 72
     1
  1
\A1;O.25 LC1 
  7
ROMANS
 73
     1
 44
1.0
  0
POINT
  5
2C5
330
2BD
100
AcDbEntity
  8
DEFPOINTS
 62
     0
440
 16777216
100
AcDbPoint
 10
3054207.677371331
 20
182267.0814135782
 30
0.0
  0
POINT
  5
2C6
330
2BD
100
AcDbEntity
  8
DEFPOINTS
 62
     0
440
 16777216
100
AcDbPoint
 10
3056588.949323022
 20
182267.0814135782
 30
0.0
  0
POINT
  5
2C7
330
2BD
100
AcDbEntity
  8
DEFPOINTS
 62
     0
440
 16777216
100
AcDbPoint
 10
3056588.949323022
 20
184685.0206015243
 30
0.0
  0
ENDBLK
  5
2C8
330
2BD
100
AcDbEntity
  8
0
 62
     1
100
AcDbBlockEnd
  0
BLOCK
  5
2CA
330
2C9
100
AcDbEntity
  8
0
 62
     1
100
AcDbBlockBegin
  2
*D10
 70
     1
 10
0.0
 20
0.0
 30
0.0
  3
*D10
  1

  0
LINE
  5
2CB
330
2C9
100
AcDbEntity
  8
TR
 62
     8
440
 16777216
370
    -2
100
AcDbLine
 10
3063732.765161427
 20
182367.0814135782
 30
0.0
 11
3063732.765161427
 21
184785.0206015243
 31
0.0
  0
LINE
  5
2CC
330
2C9
100
AcDbEntity
  8
TR
 62
     8
440
 16777216
370
    -2
100
AcDbLine
 10
3060557.735898061
 20
182367.0814135782
 30
0.0
 11
3060557.735898061
 21
184785.0206015243
 31
0.0
  0
LINE
  5
2CD
330
2C9
100
AcDbEntity
  8
TR
 62
     8
440
 16777216
370
    -2
100
AcDbLine
 10
3063482.765161426
 20
184685.0206015243
 30
0.0
 11
3060807.735898062
 21
184685.0206015243
 31
0.0
  0
INSERT
  5
2CE
330
2C9
100
AcDbEntity
  8
TR
 62
     8
440
 16777216
370
    -2
100
AcDbBlockReference
  2
DIM1
 10
3063732.765161427
 20
184685.0206015243
 30
0.0
 41
250.0
 42
250.0
 43
250.0
  0
INSERT
  5
2CF
330
2C9
100
AcDbEntity
  8
TR
 62
     8
440
 16777216
370
    -2
100
AcDbBlockReference
  2
DIM1
 10
3060557.735898061
 20
184685.0206015243
 30
0.0
 41
250.0
 42
250.0
 43
250.0
 50
180.0
  0
MTEXT
  5
2D0
330
2C9
100
AcDbEntity
  8
TR
 62
     3
440
 16777216
100
AcDbMText
 10
3062145.250529744
 20
184910.0206015243
 30
0.0
 40
250.0
 41
0.0
 46
0.0
 71
     5
 72
     1
  1
\A1;O.25 L 
  7
ROMANS
 73
     1
 44
1.0
  0
POINT
  5
2D1
330
2C9
100
AcDbEntity
  8
DEFPOINTS
 62
     0
440
 16777216
100
AcDbPoint
 10
3063732.765161427
 20
182267.0814135782
 30
0.0
  0
POINT
  5
2D2
330
2C9
100
AcDbEntity
  8
DEFPOINTS
 62
     0
440
 16777216
100
AcDbPoint
 10
3060557.735898061
 20
182267.0814135782
 30
0.0
  0
POINT
  5
2D3
330
2C9
100
AcDbEntity
  8
DEFPOINTS
 62
     0
440
 16777216
100
AcDbPoint
 10
3060557.735898061
 20
184685.0206015243
 30
0.0
  0
ENDBLK
  5
2D4
330
2C9
100
AcDbEntity
  8
0
 62
     1
100
AcDbBlockEnd
  0
BLOCK
  5
2D6
330
2D5
100
AcDbEntity
  8
0
 62
     1
100
AcDbBlockBegin
  2
*D11
 70
     1
 10
0.0
 20
0.0
 30
0.0
  3
*D11
  1

  0
LINE
  5
2D7
330
2D5
100
AcDbEntity
  8
TR
 62
     8
440
 16777216
370
    -2
100
AcDbLine
 10
3065849.451337003
 20
182367.0814135782
 30
0.0
 11
3065849.451337003
 21
184785.0206015243
 31
0.0
  0
LINE
  5
2D8
330
2D5
100
AcDbEntity
  8
TR
 62
     8
440
 16777216
370
    -2
100
AcDbLine
 10
3069024.480600368
 20
182367.0814135782
 30
0.0
 11
3069024.480600368
 21
184785.0206015243
 31
0.0
  0
LINE
  5
2D9
330
2D5
100
AcDbEntity
  8
TR
 62
     8
440
 16777216
370
    -2
100
AcDbLine
 10
3066099.451337003
 20
184685.0206015243
 30
0.0
 11
3068774.480600368
 21
184685.0206015243
 31
0.0
  0
INSERT
  5
2DA
330
2D5
100
AcDbEntity
  8
TR
 62
     8
440
 16777216
370
    -2
100
AcDbBlockReference
  2
DIM1
 10
3065849.451337003
 20
184685.0206015243
 30
0.0
 41
250.0
 42
250.0
 43
250.0
 50
180.0
  0
INSERT
  5
2DB
330
2D5
100
AcDbEntity
  8
TR
 62
     8
440
 16777216
370
    -2
100
AcDbBlockReference
  2
DIM1
 10
3069024.480600368
 20
184685.0206015243
 30
0.0
 41
250.0
 42
250.0
 43
250.0
  0
MTEXT
  5
2DC
330
2D5
100
AcDbEntity
  8
TR
 62
     3
440
 16777216
100
AcDbMText
 10
3067436.965968685
 20
184910.0206015243
 30
0.0
 40
250.0
 41
0.0
 46
0.0
 71
     5
 72
     1
  1
\A1;O.25 L 
  7
ROMANS
 73
     1
 44
1.0
  0
POINT
  5
2DD
330
2D5
100
AcDbEntity
  8
DEFPOINTS
 62
     0
440
 16777216
100
AcDbPoint
 10
3065849.451337003
 20
182267.0814135782
 30
0.0
  0
POINT
  5
2DE
330
2D5
100
AcDbEntity
  8
DEFPOINTS
 62
     0
440
 16777216
100
AcDbPoint
 10
3069024.480600368
 20
182267.0814135782
 30
0.0
  0
POINT
  5
2DF
330
2D5
100
AcDbEntity
  8
DEFPOINTS
 62
     0
440
 16777216
100
AcDbPoint
 10
3069024.480600368
 20
184685.0206015243
 30
0.0
  0
ENDBLK
  5
2E0
330
2D5
100
AcDbEntity
  8
0
 62
     1
100
AcDbBlockEnd
  0
BLOCK
  5
2E2
330
2E1
100
AcDbEntity
  8
0
 62
     1
100
AcDbBlockBegin
  2
*D12
 70
     1
 10
0.0
 20
0.0
 30
0.0
  3
*D12
  1

  0
LINE
  5
2E3
330
2E1
100
AcDbEntity
  8
TR
 62
     8
440
 16777216
370
    -2
100
AcDbLine
 10
3054207.677371331
 20
177145.5669653551
 30
0.0
 11
3054207.677371331
 21
174559.3691837439
 31
0.0
  0
LINE
  5
2E4
330
2E1
100
AcDbEntity
  8
TR
 62
     8
440
 16777216
370
    -2
100
AcDbLine
 10
3063732.765161427
 20
177145.5669653556
 30
0.0
 11
3063732.765161427
 21
174559.3691837439
 31
0.0
  0
LINE
  5
2E5
330
2E1
100
AcDbEntity
  8
TR
 62
     8
440
 16777216
370
    -2
100
AcDbLine
 10
3054457.677371331
 20
174659.3691837439
 30
0.0
 11
3063482.765161426
 21
174659.3691837439
 31
0.0
  0
INSERT
  5
2E6
330
2E1
100
AcDbEntity
  8
TR
 62
     8
440
 16777216
370
    -2
100
AcDbBlockReference
  2
DIM1
 10
3054207.677371331
 20
174659.3691837439
 30
0.0
 41
250.0
 42
250.0
 43
250.0
 50
180.0
  0
INSERT
  5
2E7
330
2E1
100
AcDbEntity
  8
TR
 62
     8
440
 16777216
370
    -2
100
AcDbBlockReference
  2
DIM1
 10
3063732.765161427
 20
174659.3691837439
 30
0.0
 41
250.0
 42
250.0
 43
250.0
  0
MTEXT
  5
2E8
330
2E1
100
AcDbEntity
  8
TR
 62
     3
440
 16777216
100
AcDbMText
 10
3058970.221266378
 20
174884.3691837439
 30
0.0
 40
250.0
 41
0.0
 46
0.0
 71
     5
 72
     1
  1
\A1;LC1 
  7
ROMANS
 73
     1
 44
1.0
  0
POINT
  5
2E9
330
2E1
100
AcDbEntity
  8
DEFPOINTS
 62
     0
440
 16777216
100
AcDbPoint
 10
3054207.677371331
 20
177245.5669653551
 30
0.0
  0
POINT
  5
2EA
330
2E1
100
AcDbEntity
  8
DEFPOINTS
 62
     0
440
 16777216
100
AcDbPoint
 10
3063732.765161427
 20
177245.5669653556
 30
0.0
  0
POINT
  5
2EB
330
2E1
100
AcDbEntity
  8
DEFPOINTS
 62
     0
440
 16777216
100
AcDbPoint
 10
3063732.765161427
 20
174659.3691837439
 30
0.0
  0
ENDBLK
  5
2EC
330
2E1
100
AcDbEntity
  8
0
 62
     1
100
AcDbBlockEnd
  0
BLOCK
  5
2EE
330
2ED
100
AcDbEntity
  8
0
 62
     1
100
AcDbBlockBegin
  2
*D13
 70
     1
 10
0.0
 20
0.0
 30
0.0
  3
*D13
  1

  0
LINE
  5
2EF
330
2ED
100
AcDbEntity
  8
TR
 62
     8
440
 16777216
370
    -2
100
AcDbLine
 10
3065849.451337003
 20
177145.5669653556
 30
0.0
 11
3065849.451337003
 21
174559.3691837439
 31
0.0
  0
LINE
  5
2F0
330
2ED
100
AcDbEntity
  8
TR
 62
     8
440
 16777216
370
    -2
100
AcDbLine
 10
3075374.539127098
 20
177145.5669653556
 30
0.0
 11
3075374.539127098
 21
174559.3691837439
 31
0.0
  0
LINE
  5
2F1
330
2ED
100
AcDbEntity
  8
TR
 62
     8
440
 16777216
370
    -2
100
AcDbLine
 10
3066099.451337003
 20
174659.3691837439
 30
0.0
 11
3075124.539127098
 21
174659.3691837439
 31
0.0
  0
INSERT
  5
2F2
330
2ED
100
AcDbEntity
  8
TR
 62
     8
440
 16777216
370
    -2
100
AcDbBlockReference
  2
DIM1
 10
3065849.451337003
 20
174659.3691837439
 30
0.0
 41
250.0
 42
250.0
 43
250.0
 50
180.0
  0
INSERT
  5
2F3
330
2ED
100
AcDbEntity
  8
TR
 62
     8
440
 16777216
370
    -2
100
AcDbBlockReference
  2
DIM1
 10
3075374.539127098
 20
174659.3691837439
 30
0.0
 41
250.0
 42
250.0
 43
250.0
  0
MTEXT
  5
2F4
330
2ED
100
AcDbEntity
  8
TR
 62
     3
440
 16777216
100
AcDbMText
 10
3070611.99523205
 20
174884.3691837439
 30
0.0
 40
250.0
 41
0.0
 46
0.0
 71
     5
 72
     1
  1
\A1;LC2
  7
ROMANS
 73
     1
 44
1.0
  0
MTEXT
  5
2F5
330
2ED
100
AcDbEntity
  8
TR
 62
     3
440
 16777216
100
AcDbMText
 10
3070611.99523205
 20
174368.8929932677
 30
0.0
 40
250.0
 41
0.0
 46
0.0
 71
     5
 72
     1
  1
\A1;(CLEAR SPAN)
  7
ROMANS
 73
     1
 44
1.0
  0
POINT
  5
2F6
330
2ED
100
AcDbEntity
  8
DEFPOINTS
 62
     0
440
 16777216
100
AcDbPoint
 10
3065849.451337003
 20
177245.5669653556
 30
0.0
  0
POINT
  5
2F7
330
2ED
100
AcDbEntity
  8
DEFPOINTS
 62
     0
440
 16777216
100
AcDbPoint
 10
3075374.539127098
 20
177245.5669653556
 30
0.0
  0
POINT
  5
2F8
330
2ED
100
AcDbEntity
  8
DEFPOINTS
 62
     0
440
 16777216
100
AcDbPoint
 10
3075374.539127098
 20
174659.3691837439
 30
0.0
  0
ENDBLK
  5
2F9
330
2ED
100
AcDbEntity
  8
0
 62
     1
100
AcDbBlockEnd
  0
BLOCK
  5
2FB
330
2FA
100
AcDbEntity
  8
0
 62
     1
100
AcDbBlockBegin
  2
*D14
 70
     1
 10
0.0
 20
0.0
 30
0.0
  3
*D14
  1

  0
LINE
  5
2FC
330
2FA
100
AcDbEntity
  8
TR
 62
     8
440
 16777216
370
    -2
100
AcDbLine
 10
3077491.225302675
 20
179918.1023499447
 30
0.0
 11
3077491.225302675
 21
174559.3691837439
 31
0.0
  0
LINE
  5
2FD
330
2FA
100
AcDbEntity
  8
TR
 62
     8
440
 16777216
370
    -2
100
AcDbLine
 10
3083483.465572123
 20
179918.1023499446
 30
0.0
 11
3083483.465572123
 21
174559.3691837439
 31
0.0
  0
LINE
  5
2FE
330
2FA
100
AcDbEntity
  8
TR
 62
     8
440
 16777216
370
    -2
100
AcDbLine
 10
3077741.225302675
 20
174659.3691837439
 30
0.0
 11
3083233.465572123
 21
174659.3691837439
 31
0.0
  0
INSERT
  5
2FF
330
2FA
100
AcDbEntity
  8
TR
 62
     8
440
 16777216
370
    -2
100
AcDbBlockReference
  2
DIM1
 10
3077491.225302675
 20
174659.3691837439
 30
0.0
 41
250.0
 42
250.0
 43
250.0
 50
180.0
  0
INSERT
  5
300
330
2FA
100
AcDbEntity
  8
TR
 62
     8
440
 16777216
370
    -2
100
AcDbBlockReference
  2
DIM1
 10
3083483.465572123
 20
174659.3691837439
 30
0.0
 41
250.0
 42
250.0
 43
250.0
  0
MTEXT
  5
301
330
2FA
100
AcDbEntity
  8
TR
 62
     3
440
 16777216
100
AcDbMText
 10
3080487.3454374
 20
174884.3691837439
 30
0.0
 40
250.0
 41
0.0
 46
0.0
 71
     5
 72
     1
  1
\A1;LC1 OR LC2
  7
ROMANS
 73
     1
 44
1.0
  0
MTEXT
  5
302
330
2FA
100
AcDbEntity
  8
TR
 62
     3
440
 16777216
100
AcDbMText
 10
3080487.3454374
 20
174368.8929932677
 30
0.0
 40
250.0
 41
0.0
 46
0.0
 71
     5
 72
     1
  1
\A1;(CLEAR SPAN) 
  7
ROMANS
 73
     1
 44
1.0
  0
POINT
  5
303
330
2FA
100
AcDbEntity
  8
DEFPOINTS
 62
     0
440
 16777216
100
AcDbPoint
 10
3077491.225302675
 20
180018.1023499447
 30
0.0
  0
POINT
  5
304
330
2FA
100
AcDbEntity
  8
DEFPOINTS
 62
     0
440
 16777216
100
AcDbPoint
 10
3083483.465572123
 20
180018.1023499446
 30
0.0
  0
POINT
  5
305
330
2FA
100
AcDbEntity
  8
DEFPOINTS
 62
     0
440
 16777216
100
AcDbPoint
 10
3083483.465572123
 20
174659.3691837439
 30
0.0
  0
ENDBLK
  5
306
330
2FA
100
AcDbEntity
  8
0
 62
     1
100
AcDbBlockEnd
  0
BLOCK
  5
308
330
307
100
AcDbEntity
  8
0
 62
     1
100
AcDbBlockBegin
  2
*D15
 70
     1
 10
0.0
 20
0.0
 30
0.0
  3
*D15
  1

  0
LINE
  5
309
330
307
100
AcDbEntity
  8
TR
 62
     8
440
 16777216
370
    -2
100
AcDbLine
 10
3075374.539127098
 20
182367.0814135782
 30
0.0
 11
3075374.539127098
 21
184785.0206015243
 31
0.0
  0
LINE
  5
30A
330
307
100
AcDbEntity
  8
TR
 62
     8
440
 16777216
370
    -2
100
AcDbLine
 10
3072199.509863733
 20
182367.0814135782
 30
0.0
 11
3072199.509863733
 21
184785.0206015243
 31
0.0
  0
LINE
  5
30B
330
307
100
AcDbEntity
  8
TR
 62
     8
440
 16777216
370
    -2
100
AcDbLine
 10
3075124.539127098
 20
184685.0206015243
 30
0.0
 11
3072449.509863733
 21
184685.0206015243
 31
0.0
  0
INSERT
  5
30C
330
307
100
AcDbEntity
  8
TR
 62
     8
440
 16777216
370
    -2
100
AcDbBlockReference
  2
DIM1
 10
3075374.539127098
 20
184685.0206015243
 30
0.0
 41
250.0
 42
250.0
 43
250.0
  0
INSERT
  5
30D
330
307
100
AcDbEntity
  8
TR
 62
     8
440
 16777216
370
    -2
100
AcDbBlockReference
  2
DIM1
 10
3072199.509863733
 20
184685.0206015243
 30
0.0
 41
250.0
 42
250.0
 43
250.0
 50
180.0
  0
MTEXT
  5
30E
330
307
100
AcDbEntity
  8
TR
 62
     3
440
 16777216
100
AcDbMText
 10
3073787.024495416
 20
184910.0206015243
 30
0.0
 40
250.0
 41
0.0
 46
0.0
 71
     5
 72
     1
  1
\A1;O.25 L 
  7
ROMANS
 73
     1
 44
1.0
  0
POINT
  5
30F
330
307
100
AcDbEntity
  8
DEFPOINTS
 62
     0
440
 16777216
100
AcDbPoint
 10
3075374.539127098
 20
182267.0814135782
 30
0.0
  0
POINT
  5
310
330
307
100
AcDbEntity
  8
DEFPOINTS
 62
     0
440
 16777216
100
AcDbPoint
 10
3072199.509863733
 20
182267.0814135782
 30
0.0
  0
POINT
  5
311
330
307
100
AcDbEntity
  8
DEFPOINTS
 62
     0
440
 16777216
100
AcDbPoint
 10
3072199.509863733
 20
184685.0206015243
 30
0.0
  0
ENDBLK
  5
312
330
307
100
AcDbEntity
  8
0
 62
     1
100
AcDbBlockEnd
  0
BLOCK
  5
314
330
313
100
AcDbEntity
  8
0
 62
     1
100
AcDbBlockBegin
  2
*D16
 70
     1
 10
0.0
 20
0.0
 30
0.0
  3
*D16
  1

  0
LINE
  5
315
330
313
100
AcDbEntity
  8
TR
 62
     8
440
 16777216
370
    -2
100
AcDbLine
 10
3077491.225302675
 20
182367.0814135782
 30
0.0
 11
3077491.225302675
 21
184785.0206015243
 31
0.0
  0
LINE
  5
316
330
313
100
AcDbEntity
  8
TR
 62
     8
440
 16777216
370
    -2
100
AcDbLine
 10
3080666.25456604
 20
182367.0814135782
 30
0.0
 11
3080666.25456604
 21
184785.0206015243
 31
0.0
  0
LINE
  5
317
330
313
100
AcDbEntity
  8
TR
 62
     8
440
 16777216
370
    -2
100
AcDbLine
 10
3077741.225302675
 20
184685.0206015243
 30
0.0
 11
3080416.25456604
 21
184685.0206015243
 31
0.0
  0
INSERT
  5
318
330
313
100
AcDbEntity
  8
TR
 62
     8
440
 16777216
370
    -2
100
AcDbBlockReference
  2
DIM1
 10
3077491.225302675
 20
184685.0206015243
 30
0.0
 41
250.0
 42
250.0
 43
250.0
 50
180.0
  0
INSERT
  5
319
330
313
100
AcDbEntity
  8
TR
 62
     8
440
 16777216
370
    -2
100
AcDbBlockReference
  2
DIM1
 10
3080666.25456604
 20
184685.0206015243
 30
0.0
 41
250.0
 42
250.0
 43
250.0
  0
MTEXT
  5
31A
330
313
100
AcDbEntity
  8
TR
 62
     3
440
 16777216
100
AcDbMText
 10
3079078.739934358
 20
184910.0206015243
 30
0.0
 40
250.0
 41
0.0
 46
0.0
 71
     5
 72
     1
  1
\A1;O.25 L 
  7
ROMANS
 73
     1
 44
1.0
  0
POINT
  5
31B
330
313
100
AcDbEntity
  8
DEFPOINTS
 62
     0
440
 16777216
100
AcDbPoint
 10
3077491.225302675
 20
182267.0814135782
 30
0.0
  0
POINT
  5
31C
330
313
100
AcDbEntity
  8
DEFPOINTS
 62
     0
440
 16777216
100
AcDbPoint
 10
3080666.25456604
 20
182267.0814135782
 30
0.0
  0
POINT
  5
31D
330
313
100
AcDbEntity
  8
DEFPOINTS
 62
     0
440
 16777216
100
AcDbPoint
 10
3080666.25456604
 20
184685.0206015243
 30
0.0
  0
ENDBLK
  5
31E
330
313
100
AcDbEntity
  8
0
 62
     1
100
AcDbBlockEnd
  0
BLOCK
  5
320
330
31F
100
AcDbEntity
  8
0
 62
     1
100
AcDbBlockBegin
  2
*D17
 70
     1
 10
0.0
 20
0.0
 30
0.0
  3
*D17
  1

  0
LINE
  5
321
330
31F
100
AcDbEntity
  8
TR
 62
     8
440
 16777216
370
    -2
100
AcDbLine
 10
3054207.677371331
 20
179918.1023499447
 30
0.0
 11
3054207.677371331
 21
179020.0345521547
 31
0.0
  0
LINE
  5
322
330
31F
100
AcDbEntity
  8
TR
 62
     8
440
 16777216
370
    -2
100
AcDbLine
 10
3055442.410977917
 20
180282.6816226859
 30
0.0
 11
3055442.410977917
 21
179020.0345521547
 31
0.0
  0
LINE
  5
323
330
31F
100
AcDbEntity
  8
TR
 62
     8
440
 16777216
370
    -2
100
AcDbLine
 10
3054457.677371331
 20
179120.0345521546
 30
0.0
 11
3055192.410977917
 21
179120.0345521546
 31
0.0
  0
INSERT
  5
324
330
31F
100
AcDbEntity
  8
TR
 62
     8
440
 16777216
370
    -2
100
AcDbBlockReference
  2
DIM1
 10
3054207.677371331
 20
179120.0345521546
 30
0.0
 41
250.0
 42
250.0
 43
250.0
 50
180.0
  0
INSERT
  5
325
330
31F
100
AcDbEntity
  8
TR
 62
     8
440
 16777216
370
    -2
100
AcDbBlockReference
  2
DIM1
 10
3055442.410977917
 20
179120.0345521546
 30
0.0
 41
250.0
 42
250.0
 43
250.0
  0
MTEXT
  5
326
330
31F
100
AcDbEntity
  8
TR
 62
     3
440
 16777216
100
AcDbMText
 10
3054825.044174624
 20
179345.0345521546
 30
0.0
 40
250.0
 41
0.0
 46
0.0
 71
     5
 72
     1
  1
\A1;0.165
  7
ROMANS
 73
     1
 44
1.0
  0
MTEXT
  5
327
330
31F
100
AcDbEntity
  8
TR
 62
     3
440
 16777216
100
AcDbMText
 10
3054825.044174624
 20
178895.0345521546
 30
0.0
 40
250.0
 41
0.0
 46
0.0
 71
     5
 72
     1
  1
\A1;LC1
  7
ROMANS
 73
     1
 44
1.0
  0
POINT
  5
328
330
31F
100
AcDbEntity
  8
DEFPOINTS
 62
     0
440
 16777216
100
AcDbPoint
 10
3054207.677371331
 20
180018.1023499447
 30
0.0
  0
POINT
  5
329
330
31F
100
AcDbEntity
  8
DEFPOINTS
 62
     0
440
 16777216
100
AcDbPoint
 10
3055442.410977917
 20
180382.6816226859
 30
0.0
  0
POINT
  5
32A
330
31F
100
AcDbEntity
  8
DEFPOINTS
 62
     0
440
 16777216
100
AcDbPoint
 10
3055442.410977917
 20
179120.0345521546
 30
0.0
  0
ENDBLK
  5
32B
330
31F
100
AcDbEntity
  8
0
 62
     1
100
AcDbBlockEnd
  0
BLOCK
  5
32D
330
32C
100
AcDbEntity
  8
0
 62
     1
100
AcDbBlockBegin
  2
*D18
 70
     1
 10
0.0
 20
0.0
 30
0.0
  3
*D18
  1

  0
LINE
  5
32E
330
32C
100
AcDbEntity
  8
TR
 62
     8
440
 16777216
370
    -2
100
AcDbLine
 10
3063732.765161427
 20
179918.1023499447
 30
0.0
 11
3063732.765161427
 21
179020.0345521547
 31
0.0
  0
LINE
  5
32F
330
32C
100
AcDbEntity
  8
TR
 62
     8
440
 16777216
370
    -2
100
AcDbLine
 10
3062498.03155484
 20
180426.7727458874
 30
0.0
 11
3062498.03155484
 21
179020.0345521547
 31
0.0
  0
LINE
  5
330
330
32C
100
AcDbEntity
  8
TR
 62
     8
440
 16777216
370
    -2
100
AcDbLine
 10
3063482.765161426
 20
179120.0345521546
 30
0.0
 11
3062748.03155484
 21
179120.0345521546
 31
0.0
  0
INSERT
  5
331
330
32C
100
AcDbEntity
  8
TR
 62
     8
440
 16777216
370
    -2
100
AcDbBlockReference
  2
DIM1
 10
3063732.765161427
 20
179120.0345521546
 30
0.0
 41
250.0
 42
250.0
 43
250.0
  0
INSERT
  5
332
330
32C
100
AcDbEntity
  8
TR
 62
     8
440
 16777216
370
    -2
100
AcDbBlockReference
  2
DIM1
 10
3062498.03155484
 20
179120.0345521546
 30
0.0
 41
250.0
 42
250.0
 43
250.0
 50
180.0
  0
MTEXT
  5
333
330
32C
100
AcDbEntity
  8
TR
 62
     3
440
 16777216
100
AcDbMText
 10
3063115.398358133
 20
179345.0345521546
 30
0.0
 40
250.0
 41
0.0
 46
0.0
 71
     5
 72
     1
  1
\A1;0.165
  7
ROMANS
 73
     1
 44
1.0
  0
MTEXT
  5
334
330
32C
100
AcDbEntity
  8
TR
 62
     3
440
 16777216
100
AcDbMText
 10
3063115.398358133
 20
178895.0345521546
 30
0.0
 40
250.0
 41
0.0
 46
0.0
 71
     5
 72
     1
  1
\A1;LC1
  7
ROMANS
 73
     1
 44
1.0
  0
POINT
  5
335
330
32C
100
AcDbEntity
  8
DEFPOINTS
 62
     0
440
 16777216
100
AcDbPoint
 10
3063732.765161427
 20
180018.1023499447
 30
0.0
  0
POINT
  5
336
330
32C
100
AcDbEntity
  8
DEFPOINTS
 62
     0
440
 16777216
100
AcDbPoint
 10
3062498.03155484
 20
180526.7727458874
 30
0.0
  0
POINT
  5
337
330
32C
100
AcDbEntity
  8
DEFPOINTS
 62
     0
440
 16777216
100
AcDbPoint
 10
3062498.03155484
 20
179120.0345521546
 30
0.0
  0
ENDBLK
  5
338
330
32C
100
AcDbEntity
  8
0
 62
     1
100
AcDbBlockEnd
  0
BLOCK
  5
33A
330
339
100
AcDbEntity
  8
0
 62
     1
100
AcDbBlockBegin
  2
*D19
 70
     1
 10
0.0
 20
0.0
 30
0.0
  3
*D19
  1

  0
LINE
  5
33B
330
339
100
AcDbEntity
  8
TR
 62
     8
440
 16777216
370
    -2
100
AcDbLine
 10
3065849.451337003
 20
179918.1023499447
 30
0.0
 11
3065849.451337003
 21
179020.0345521547
 31
0.0
  0
LINE
  5
33C
330
339
100
AcDbEntity
  8
TR
 62
     8
440
 16777216
370
    -2
100
AcDbLine
 10
3067084.18494359
 20
180426.7727458874
 30
0.0
 11
3067084.18494359
 21
179020.0345521547
 31
0.0
  0
LINE
  5
33D
330
339
100
AcDbEntity
  8
TR
 62
     8
440
 16777216
370
    -2
100
AcDbLine
 10
3066099.451337003
 20
179120.0345521546
 30
0.0
 11
3066834.184943589
 21
179120.0345521546
 31
0.0
  0
INSERT
  5
33E
330
339
100
AcDbEntity
  8
TR
 62
     8
440
 16777216
370
    -2
100
AcDbBlockReference
  2
DIM1
 10
3065849.451337003
 20
179120.0345521546
 30
0.0
 41
250.0
 42
250.0
 43
250.0
 50
180.0
  0
INSERT
  5
33F
330
339
100
AcDbEntity
  8
TR
 62
     8
440
 16777216
370
    -2
100
AcDbBlockReference
  2
DIM1
 10
3067084.18494359
 20
179120.0345521546
 30
0.0
 41
250.0
 42
250.0
 43
250.0
  0
MTEXT
  5
340
330
339
100
AcDbEntity
  8
TR
 62
     3
440
 16777216
100
AcDbMText
 10
3066466.818140296
 20
179345.0345521546
 30
0.0
 40
250.0
 41
0.0
 46
0.0
 71
     5
 72
     1
  1
\A1;0.165
  7
ROMANS
 73
     1
 44
1.0
  0
MTEXT
  5
341
330
339
100
AcDbEntity
  8
TR
 62
     3
440
 16777216
100
AcDbMText
 10
3066466.818140296
 20
178895.0345521546
 30
0.0
 40
250.0
 41
0.0
 46
0.0
 71
     5
 72
     1
  1
\A1;LC2
  7
ROMANS
 73
     1
 44
1.0
  0
POINT
  5
342
330
339
100
AcDbEntity
  8
DEFPOINTS
 62
     0
440
 16777216
100
AcDbPoint
 10
3065849.451337003
 20
180018.1023499447
 30
0.0
  0
POINT
  5
343
330
339
100
AcDbEntity
  8
DEFPOINTS
 62
     0
440
 16777216
100
AcDbPoint
 10
3067084.18494359
 20
180526.7727458874
 30
0.0
  0
POINT
  5
344
330
339
100
AcDbEntity
  8
DEFPOINTS
 62
     0
440
 16777216
100
AcDbPoint
 10
3067084.18494359
 20
179120.0345521546
 30
0.0
  0
ENDBLK
  5
345
330
339
100
AcDbEntity
  8
0
 62
     1
100
AcDbBlockEnd
  0
BLOCK
  5
347
330
346
100
AcDbEntity
  8
0
 62
     1
100
AcDbBlockBegin
  2
*D20
 70
     1
 10
0.0
 20
0.0
 30
0.0
  3
*D20
  1

  0
LINE
  5
348
330
346
100
AcDbEntity
  8
TR
 62
     8
440
 16777216
370
    -2
100
AcDbLine
 10
3075374.539127098
 20
179918.1023499447
 30
0.0
 11
3075374.539127098
 21
179020.0345521547
 31
0.0
  0
LINE
  5
349
330
346
100
AcDbEntity
  8
TR
 62
     8
440
 16777216
370
    -2
100
AcDbLine
 10
3074139.805520512
 20
180426.7727458874
 30
0.0
 11
3074139.805520512
 21
179020.0345521547
 31
0.0
  0
LINE
  5
34A
330
346
100
AcDbEntity
  8
TR
 62
     8
440
 16777216
370
    -2
100
AcDbLine
 10
3075124.539127098
 20
179120.0345521546
 30
0.0
 11
3074389.805520512
 21
179120.0345521546
 31
0.0
  0
INSERT
  5
34B
330
346
100
AcDbEntity
  8
TR
 62
     8
440
 16777216
370
    -2
100
AcDbBlockReference
  2
DIM1
 10
3075374.539127098
 20
179120.0345521546
 30
0.0
 41
250.0
 42
250.0
 43
250.0
  0
INSERT
  5
34C
330
346
100
AcDbEntity
  8
TR
 62
     8
440
 16777216
370
    -2
100
AcDbBlockReference
  2
DIM1
 10
3074139.805520512
 20
179120.0345521546
 30
0.0
 41
250.0
 42
250.0
 43
250.0
 50
180.0
  0
MTEXT
  5
34D
330
346
100
AcDbEntity
  8
TR
 62
     3
440
 16777216
100
AcDbMText
 10
3074757.172323805
 20
179345.0345521546
 30
0.0
 40
250.0
 41
0.0
 46
0.0
 71
     5
 72
     1
  1
\A1;0.165
  7
ROMANS
 73
     1
 44
1.0
  0
MTEXT
  5
34E
330
346
100
AcDbEntity
  8
TR
 62
     3
440
 16777216
100
AcDbMText
 10
3074757.172323805
 20
178895.0345521546
 30
0.0
 40
250.0
 41
0.0
 46
0.0
 71
     5
 72
     1
  1
\A1;LC2
  7
ROMANS
 73
     1
 44
1.0
  0
POINT
  5
34F
330
346
100
AcDbEntity
  8
DEFPOINTS
 62
     0
440
 16777216
100
AcDbPoint
 10
3075374.539127098
 20
180018.1023499447
 30
0.0
  0
POINT
  5
350
330
346
100
AcDbEntity
  8
DEFPOINTS
 62
     0
440
 16777216
100
AcDbPoint
 10
3074139.805520512
 20
180526.7727458874
 30
0.0
  0
POINT
  5
351
330
346
100
AcDbEntity
  8
DEFPOINTS
 62
     0
440
 16777216
100
AcDbPoint
 10
3074139.805520512
 20
179120.0345521546
 30
0.0
  0
ENDBLK
  5
352
330
346
100
AcDbEntity
  8
0
 62
     1
100
AcDbBlockEnd
  0
BLOCK
  5
354
330
353
100
AcDbEntity
  8
0
 62
     1
100
AcDbBlockBegin
  2
*D21
 70
     1
 10
0.0
 20
0.0
 30
0.0
  3
*D21
  1

  0
LINE
  5
355
330
353
100
AcDbEntity
  8
TG
 62
     8
440
 16777216
370
    -2
100
AcDbLine
 10
3062498.03155484
 20
180426.7727458874
 30
0.0
 11
3062498.03155484
 21
178241.1301519961
 31
0.0
  0
LINE
  5
356
330
353
100
AcDbEntity
  8
TG
 62
     8
440
 16777216
370
    -2
100
AcDbLine
 10
3067084.18494359
 20
180426.7727458874
 30
0.0
 11
3067084.18494359
 21
178241.1301519961
 31
0.0
  0
LINE
  5
357
330
353
100
AcDbEntity
  8
TG
 62
     8
440
 16777216
370
    -2
100
AcDbLine
 10
3062748.03155484
 20
178341.1301519961
 30
0.0
 11
3066834.184943589
 21
178341.1301519961
 31
0.0
  0
INSERT
  5
358
330
353
100
AcDbEntity
  8
TG
 62
     8
440
 16777216
370
    -2
100
AcDbBlockReference
  2
DIM1
 10
3062498.03155484
 20
178341.1301519961
 30
0.0
 41
250.0
 42
250.0
 43
250.0
 50
180.0
  0
INSERT
  5
359
330
353
100
AcDbEntity
  8
TG
 62
     8
440
 16777216
370
    -2
100
AcDbBlockReference
  2
DIM1
 10
3067084.18494359
 20
178341.1301519961
 30
0.0
 41
250.0
 42
250.0
 43
250.0
  0
MTEXT
  5
35A
330
353
100
AcDbEntity
  8
TG
 62
     3
440
 16777216
100
AcDbMText
 10
3064791.108249214
 20
178566.1301519961
 30
0.0
 40
250.0
 41
0.0
 46
0.0
 71
     5
 72
     1
  1
\A1;BOTTOM BAR
  7
ROMANS
 73
     1
 44
1.0
  0
MTEXT
  5
35B
330
353
100
AcDbEntity
  8
TG
 62
     3
440
 16777216
100
AcDbMText
 10
3064791.108249214
 20
178050.6539615199
 30
0.0
 40
250.0
 41
0.0
 46
0.0
 71
     5
 72
     1
  1
\A1;SPLICE ZONE (TYP.)
  7
ROMANS
 73
     1
 44
1.0
  0
POINT
  5
35C
330
353
100
AcDbEntity
  8
DEFPOINTS
 62
     0
440
 16777216
100
AcDbPoint
 10
3062498.03155484
 20
180526.7727458874
 30
0.0
  0
POINT
  5
35D
330
353
100
AcDbEntity
  8
DEFPOINTS
 62
     0
440
 16777216
100
AcDbPoint
 10
3067084.18494359
 20
180526.7727458874
 30
0.0
  0
POINT
  5
35E
330
353
100
AcDbEntity
  8
DEFPOINTS
 62
     0
440
 16777216
100
AcDbPoint
 10
3067084.18494359
 20
178341.1301519961
 30
0.0
  0
ENDBLK
  5
35F
330
353
100
AcDbEntity
  8
0
 62
     1
100
AcDbBlockEnd
  0
BLOCK
  5
361
330
360
100
AcDbEntity
  8
0
 62
     1
100
AcDbBlockBegin
  2
*D22
 70
     1
 10
0.0
 20
0.0
 30
0.0
  3
*D22
  1

  0
LINE
  5
362
330
360
100
AcDbEntity
  8
TG
 62
     8
440
 16777216
370
    -2
100
AcDbLine
 10
3074139.805520512
 20
180426.7727458874
 30
0.0
 11
3074139.805520512
 21
178241.1301519961
 31
0.0
  0
LINE
  5
363
330
360
100
AcDbEntity
  8
TG
 62
     8
440
 16777216
370
    -2
100
AcDbLine
 10
3078725.958909262
 20
180426.7727458874
 30
0.0
 11
3078725.958909262
 21
178241.1301519961
 31
0.0
  0
LINE
  5
364
330
360
100
AcDbEntity
  8
TG
 62
     8
440
 16777216
370
    -2
100
AcDbLine
 10
3074389.805520512
 20
178341.1301519961
 30
0.0
 11
3078475.958909262
 21
178341.1301519961
 31
0.0
  0
INSERT
  5
365
330
360
100
AcDbEntity
  8
TG
 62
     8
440
 16777216
370
    -2
100
AcDbBlockReference
  2
DIM1
 10
3074139.805520512
 20
178341.1301519961
 30
0.0
 41
250.0
 42
250.0
 43
250.0
 50
180.0
  0
INSERT
  5
366
330
360
100
AcDbEntity
  8
TG
 62
     8
440
 16777216
370
    -2
100
AcDbBlockReference
  2
DIM1
 10
3078725.958909262
 20
178341.1301519961
 30
0.0
 41
250.0
 42
250.0
 43
250.0
  0
MTEXT
  5
367
330
360
100
AcDbEntity
  8
TG
 62
     3
440
 16777216
100
AcDbMText
 10
3076432.882214886
 20
178566.1301519961
 30
0.0
 40
250.0
 41
0.0
 46
0.0
 71
     5
 72
     1
  1
\A1;BOTTOM BAR
  7
ROMANS
 73
     1
 44
1.0
  0
MTEXT
  5
368
330
360
100
AcDbEntity
  8
TG
 62
     3
440
 16777216
100
AcDbMText
 10
3076432.882214886
 20
178050.6539615199
 30
0.0
 40
250.0
 41
0.0
 46
0.0
 71
     5
 72
     1
  1
\A1;SPLICE ZONE (TYP.)
  7
ROMANS
 73
     1
 44
1.0
  0
POINT
  5
369
330
360
100
AcDbEntity
  8
DEFPOINTS
 62
     0
440
 16777216
100
AcDbPoint
 10
3074139.805520512
 20
180526.7727458874
 30
0.0
  0
POINT
  5
36A
330
360
100
AcDbEntity
  8
DEFPOINTS
 62
     0
440
 16777216
100
AcDbPoint
 10
3078725.958909262
 20
180526.7727458874
 30
0.0
  0
POINT
  5
36B
330
360
100
AcDbEntity
  8
DEFPOINTS
 62
     0
440
 16777216
100
AcDbPoint
 10
3078725.958909262
 20
178341.1301519961
 30
0.0
  0
ENDBLK
  5
36C
330
360
100
AcDbEntity
  8
0
 62
     1
100
AcDbBlockEnd
  0
BLOCK
  5
36E
330
36D
100
AcDbEntity
  8
0
 62
     1
100
AcDbBlockBegin
  2
*D23
 70
     1
 10
0.0
 20
0.0
 30
0.0
  3
*D23
  1

  0
LINE
  5
36F
330
36D
100
AcDbEntity
  8
TG
 62
     8
440
 16777216
370
    -2
100
AcDbLine
 10
3056588.949323022
 20
182367.0814135782
 30
0.0
 11
3056588.949323022
 21
184785.0206015243
 31
0.0
  0
LINE
  5
370
330
36D
100
AcDbEntity
  8
TG
 62
     8
440
 16777216
370
    -2
100
AcDbLine
 10
3060557.735898061
 20
182367.0814135782
 30
0.0
 11
3060557.735898061
 21
184785.0206015243
 31
0.0
  0
LINE
  5
371
330
36D
100
AcDbEntity
  8
TG
 62
     8
440
 16777216
370
    -2
100
AcDbLine
 10
3056838.949323022
 20
184685.0206015243
 30
0.0
 11
3060307.735898061
 21
184685.0206015243
 31
0.0
  0
INSERT
  5
372
330
36D
100
AcDbEntity
  8
TG
 62
     8
440
 16777216
370
    -2
100
AcDbBlockReference
  2
DIM1
 10
3056588.949323022
 20
184685.0206015243
 30
0.0
 41
250.0
 42
250.0
 43
250.0
 50
180.0
  0
INSERT
  5
373
330
36D
100
AcDbEntity
  8
TG
 62
     8
440
 16777216
370
    -2
100
AcDbBlockReference
  2
DIM1
 10
3060557.735898061
 20
184685.0206015243
 30
0.0
 41
250.0
 42
250.0
 43
250.0
  0
MTEXT
  5
374
330
36D
100
AcDbEntity
  8
TG
 62
     3
440
 16777216
100
AcDbMText
 10
3058573.342610541
 20
184910.0206015243
 30
0.0
 40
250.0
 41
0.0
 46
0.0
 71
     5
 72
     1
  1
\A1;TOP BAR
  7
ROMANS
 73
     1
 44
1.0
  0
MTEXT
  5
375
330
36D
100
AcDbEntity
  8
TG
 62
     3
440
 16777216
100
AcDbMText
 10
3058573.342610541
 20
184394.5444110481
 30
0.0
 40
250.0
 41
0.0
 46
0.0
 71
     5
 72
     1
  1
\A1;SPLICE ZONE (TYP.) 
  7
ROMANS
 73
     1
 44
1.0
  0
POINT
  5
376
330
36D
100
AcDbEntity
  8
DEFPOINTS
 62
     0
440
 16777216
100
AcDbPoint
 10
3056588.949323022
 20
182267.0814135782
 30
0.0
  0
POINT
  5
377
330
36D
100
AcDbEntity
  8
DEFPOINTS
 62
     0
440
 16777216
100
AcDbPoint
 10
3060557.735898061
 20
182267.0814135782
 30
0.0
  0
POINT
  5
378
330
36D
100
AcDbEntity
  8
DEFPOINTS
 62
     0
440
 16777216
100
AcDbPoint
 10
3060557.735898061
 20
184685.0206015243
 30
0.0
  0
ENDBLK
  5
379
330
36D
100
AcDbEntity
  8
0
 62
     1
100
AcDbBlockEnd
  0
BLOCK
  5
37B
330
37A
100
AcDbEntity
  8
0
 62
     1
100
AcDbBlockBegin
  2
*D24
 70
     1
 10
0.0
 20
0.0
 30
0.0
  3
*D24
  1

  0
LINE
  5
37C
330
37A
100
AcDbEntity
  8
TG
 62
     8
440
 16777216
370
    -2
100
AcDbLine
 10
3069024.480600368
 20
182367.0814135782
 30
0.0
 11
3069024.480600368
 21
184785.0206015243
 31
0.0
  0
LINE
  5
37D
330
37A
100
AcDbEntity
  8
TG
 62
     8
440
 16777216
370
    -2
100
AcDbLine
 10
3072199.509863733
 20
182367.0814135782
 30
0.0
 11
3072199.509863733
 21
184785.0206015243
 31
0.0
  0
LINE
  5
37E
330
37A
100
AcDbEntity
  8
TG
 62
     8
440
 16777216
370
    -2
100
AcDbLine
 10
3069274.480600368
 20
184685.0206015243
 30
0.0
 11
3071949.509863733
 21
184685.0206015243
 31
0.0
  0
INSERT
  5
37F
330
37A
100
AcDbEntity
  8
TG
 62
     8
440
 16777216
370
    -2
100
AcDbBlockReference
  2
DIM1
 10
3069024.480600368
 20
184685.0206015243
 30
0.0
 41
250.0
 42
250.0
 43
250.0
 50
180.0
  0
INSERT
  5
380
330
37A
100
AcDbEntity
  8
TG
 62
     8
440
 16777216
370
    -2
100
AcDbBlockReference
  2
DIM1
 10
3072199.509863733
 20
184685.0206015243
 30
0.0
 41
250.0
 42
250.0
 43
250.0
  0
MTEXT
  5
381
330
37A
100
AcDbEntity
  8
TG
 62
     3
440
 16777216
100
AcDbMText
 10
3070611.99523205
 20
184910.0206015243
 30
0.0
 40
250.0
 41
0.0
 46
0.0
 71
     5
 72
     1
  1
\A1;TOP BAR
  7
ROMANS
 73
     1
 44
1.0
  0
MTEXT
  5
382
330
37A
100
AcDbEntity
  8
TG
 62
     3
440
 16777216
100
AcDbMText
 10
3070611.99523205
 20
184186.2110777148
 30
0.0
 40
250.0
 41
0.0
 46
0.0
 71
     5
 72
     1
  1
\A1;SPLICE ZONE\P(TYP.) 
  7
ROMANS
 73
     1
 44
1.0
  0
POINT
  5
383
330
37A
100
AcDbEntity
  8
DEFPOINTS
 62
     0
440
 16777216
100
AcDbPoint
 10
3069024.480600368
 20
182267.0814135782
 30
0.0
  0
POINT
  5
384
330
37A
100
AcDbEntity
  8
DEFPOINTS
 62
     0
440
 16777216
100
AcDbPoint
 10
3072199.509863733
 20
182267.0814135782
 30
0.0
  0
POINT
  5
385
330
37A
100
AcDbEntity
  8
DEFPOINTS
 62
     0
440
 16777216
100
AcDbPoint
 10
3072199.509863733
 20
184685.0206015243
 30
0.0
  0
ENDBLK
  5
386
330
37A
100
AcDbEntity
  8
0
 62
     1
100
AcDbBlockEnd
  0
BLOCK
  5
388
330
387
100
AcDbEntity
  8
0
 62
     1
100
AcDbBlockBegin
  2
*D25
 70
     1
 10
0.0
 20
0.0
 30
0.0
  3
*D25
  1

  0
LINE
  5
389
330
387
100
AcDbEntity
  8
TR
 62
     8
440
 16777216
370
    -2
100
AcDbLine
 10
3052090.991195754
 20
177161.3757624706
 30
0.0
 11
3052090.991195754
 21
175579.0739360732
 31
0.0
  0
LINE
  5
38A
330
387
100
AcDbEntity
  8
TR
 62
     8
440
 16777216
370
    -2
100
AcDbLine
 10
3052443.772225017
 20
180564.3659055282
 30
0.0
 11
3052443.772225017
 21
175579.0739360732
 31
0.0
  0
LINE
  5
38B
330
387
100
AcDbEntity
  8
TR
 62
     8
440
 16777216
370
    -2
100
AcDbLine
 10
3052693.772225018
 20
175679.0739360732
 30
0.0
 11
3052943.772225017
 21
175679.0739360732
 31
0.0
  0
LINE
  5
38C
330
387
100
AcDbEntity
  8
TR
 62
     8
440
 16777216
370
    -2
100
AcDbLine
 10
3051840.991195755
 20
175679.0739360732
 30
0.0
 11
3048294.125360125
 21
175679.0739360732
 31
0.0
  0
INSERT
  5
38D
330
387
100
AcDbEntity
  8
TR
 62
     8
440
 16777216
370
    -2
100
AcDbBlockReference
  2
DIM1
 10
3052443.772225017
 20
175679.0739360732
 30
0.0
 41
250.0
 42
250.0
 43
250.0
 50
180.0
  0
INSERT
  5
38E
330
387
100
AcDbEntity
  8
TR
 62
     8
440
 16777216
370
    -2
100
AcDbBlockReference
  2
DIM1
 10
3052090.991195754
 20
175679.0739360732
 30
0.0
 41
250.0
 42
250.0
 43
250.0
  0
MTEXT
  5
38F
330
387
100
AcDbEntity
  8
TR
 62
     3
440
 16777216
100
AcDbMText
 10
3049779.839645839
 20
176112.4072694065
 30
0.0
 40
250.0
 41
0.0
 46
0.0
 71
     5
 72
     1
  1
\A1;40MM CLEAR MIN.\P75MM CLEAR MAX.
  7
ROMANS
 73
     1
 44
1.0
  0
POINT
  5
390
330
387
100
AcDbEntity
  8
DEFPOINTS
 62
     0
440
 16777216
100
AcDbPoint
 10
3052090.991195754
 20
177261.3757624706
 30
0.0
  0
POINT
  5
391
330
387
100
AcDbEntity
  8
DEFPOINTS
 62
     0
440
 16777216
100
AcDbPoint
 10
3052443.772225017
 20
180664.3659055282
 30
0.0
  0
POINT
  5
392
330
387
100
AcDbEntity
  8
DEFPOINTS
 62
     0
440
 16777216
100
AcDbPoint
 10
3052443.772225017
 20
175679.0739360732
 30
0.0
  0
ENDBLK
  5
393
330
387
100
AcDbEntity
  8
0
 62
     1
100
AcDbBlockEnd
  0
BLOCK
  5
395
330
394
100
AcDbEntity
  8
0
 62
     1
100
AcDbBlockBegin
  2
*D26
 70
     1
 10
0.0
 20
0.0
 30
0.0
  3
*D26
  1

  0
LINE
  5
396
330
394
100
AcDbEntity
  8
TR
 62
     8
440
 16777216
370
    -2
100
AcDbLine
 10
3058303.92420655
 20
163488.0503883691
 30
0.0
 11
3061432.37865047
 21
163488.0503883691
 31
0.0
  0
LINE
  5
397
330
394
100
AcDbEntity
  8
TR
 62
     8
440
 16777216
370
    -2
100
AcDbLine
 10
3060550.377443622
 20
169838.1089150997
 30
0.0
 11
3061432.37865047
 21
169838.1089150997
 31
0.0
  0
LINE
  5
398
330
394
100
AcDbEntity
  8
TR
 62
     8
440
 16777216
370
    -2
100
AcDbLine
 10
3061332.37865047
 20
163738.0503883691
 30
0.0
 11
3061332.37865047
 21
169588.1089150997
 31
0.0
  0
INSERT
  5
399
330
394
100
AcDbEntity
  8
TR
 62
     8
440
 16777216
370
    -2
100
AcDbBlockReference
  2
DIM1
 10
3061332.37865047
 20
163488.0503883691
 30
0.0
 41
250.0
 42
250.0
 43
250.0
 50
270.0
  0
INSERT
  5
39A
330
394
100
AcDbEntity
  8
TR
 62
     8
440
 16777216
370
    -2
100
AcDbBlockReference
  2
DIM1
 10
3061332.37865047
 20
169838.1089150997
 30
0.0
 41
250.0
 42
250.0
 43
250.0
 50
90.0
  0
MTEXT
  5
39B
330
394
100
AcDbEntity
  8
TR
 62
     3
440
 16777216
100
AcDbMText
 10
3061107.37865047
 20
166663.0796517335
 30
0.0
 40
250.0
 41
0.0
 46
0.0
 71
     5
 72
     1
  1
\A1;D
  7
ROMANS
 11
0.0000000000000001
 21
1.0
 31
0.0
 73
     1
 44
1.0
  0
MTEXT
  5
39C
330
394
100
AcDbEntity
  8
TR
 62
     3
440
 16777216
100
AcDbMText
 10
3061622.854840946
 20
166663.0796517335
 30
0.0
 40
250.0
 41
0.0
 46
0.0
 71
     5
 72
     1
  1
\A1;(SEE SCHEDULE)
  7
ROMANS
 11
0.0000000000000001
 21
1.0
 31
0.0
 73
     1
 44
1.0
  0
POINT
  5
39D
330
394
100
AcDbEntity
  8
DEFPOINTS
 62
     0
440
 16777216
100
AcDbPoint
 10
3058203.92420655
 20
163488.0503883691
 30
0.0
  0
POINT
  5
39E
330
394
100
AcDbEntity
  8
DEFPOINTS
 62
     0
440
 16777216
100
AcDbPoint
 10
3060450.377443622
 20
169838.1089150997
 30
0.0
  0
POINT
  5
39F
330
394
100
AcDbEntity
  8
DEFPOINTS
 62
     0
440
 16777216
100
AcDbPoint
 10
3061332.37865047
 20
169838.1089150997
 30
0.0
  0
ENDBLK
  5
3A0
330
394
100
AcDbEntity
  8
0
 62
     1
100
AcDbBlockEnd
  0
BLOCK
  5
3A2
330
3A1
100
AcDbEntity
  8
0
 62
     1
100
AcDbBlockBegin
  2
*D27
 70
     1
 10
0.0
 20
0.0
 30
0.0
  3
*D27
  1

  0
LINE
  5
3A3
330
3A1
100
AcDbEntity
  8
TR
 62
     8
440
 16777216
370
    -2
100
AcDbLine
 10
3073017.944658243
 20
163388.050388369
 30
0.0
 11
3073017.944658243
 21
162085.5982722422
 31
0.0
  0
LINE
  5
3A4
330
3A1
100
AcDbEntity
  8
TR
 62
     8
440
 16777216
370
    -2
100
AcDbLine
 10
3077399.869339793
 20
163388.050388369
 30
0.0
 11
3077399.869339793
 21
162085.5982722422
 31
0.0
  0
LINE
  5
3A5
330
3A1
100
AcDbEntity
  8
TR
 62
     8
440
 16777216
370
    -2
100
AcDbLine
 10
3073267.944658243
 20
162185.5982722422
 30
0.0
 11
3077149.869339793
 21
162185.5982722422
 31
0.0
  0
INSERT
  5
3A6
330
3A1
100
AcDbEntity
  8
TR
 62
     8
440
 16777216
370
    -2
100
AcDbBlockReference
  2
DIM1
 10
3073017.944658243
 20
162185.5982722422
 30
0.0
 41
250.0
 42
250.0
 43
250.0
 50
180.0
  0
INSERT
  5
3A7
330
3A1
100
AcDbEntity
  8
TR
 62
     8
440
 16777216
370
    -2
100
AcDbBlockReference
  2
DIM1
 10
3077399.869339793
 20
162185.5982722422
 30
0.0
 41
250.0
 42
250.0
 43
250.0
  0
MTEXT
  5
3A8
330
3A1
100
AcDbEntity
  8
TR
 62
     3
440
 16777216
100
AcDbMText
 10
3075208.906999018
 20
162410.5982722422
 30
0.0
 40
250.0
 41
0.0
 46
0.0
 71
     5
 72
     1
  1
\A1;W
  7
ROMANS
 73
     1
 44
1.0
  0
MTEXT
  5
3A9
330
3A1
100
AcDbEntity
  8
TR
 62
     3
440
 16777216
100
AcDbMText
 10
3075208.906999018
 20
161895.122081766
 30
0.0
 40
250.0
 41
0.0
 46
0.0
 71
     5
 72
     1
  1
\A1;(SEE SCHEDULE)
  7
ROMANS
 73
     1
 44
1.0
  0
POINT
  5
3AA
330
3A1
100
AcDbEntity
  8
DEFPOINTS
 62
     0
440
 16777216
100
AcDbPoint
 10
3073017.944658243
 20
163488.0503883691
 30
0.0
  0
POINT
  5
3AB
330
3A1
100
AcDbEntity
  8
DEFPOINTS
 62
     0
440
 16777216
100
AcDbPoint
 10
3077399.869339793
 20
163488.0503883691
 30
0.0
  0
POINT
  5
3AC
330
3A1
100
AcDbEntity
  8
DEFPOINTS
 62
     0
440
 16777216
100
AcDbPoint
 10
3077399.869339793
 20
162185.5982722422
 30
0.0
  0
ENDBLK
  5
3AD
330
3A1
100
AcDbEntity
  8
0
 62
     1
100
AcDbBlockEnd
  0
BLOCK
  5
3AF
330
3AE
100
AcDbEntity
  8
0
 62
     1
100
AcDbBlockBegin
  2
*D28
 70
     1
 10
0.0
 20
0.0
 30
0.0
  3
*D28
  1

  0
LINE
  5
3B0
330
3AE
100
AcDbEntity
  8
TR
 62
     8
440
 16777216
370
    -2
100
AcDbLine
 10
3077499.869339794
 20
163488.0503883691
 30
0.0
 11
3080628.323783715
 21
163488.0503883692
 31
0.0
  0
LINE
  5
3B1
330
3AE
100
AcDbEntity
  8
TR
 62
     8
440
 16777216
370
    -2
100
AcDbLine
 10
3079746.322576866
 20
169838.1089150997
 30
0.0
 11
3080628.323783715
 21
169838.1089150998
 31
0.0
  0
LINE
  5
3B2
330
3AE
100
AcDbEntity
  8
TR
 62
     8
440
 16777216
370
    -2
100
AcDbLine
 10
3080528.323783714
 20
163738.0503883691
 30
0.0
 11
3080528.323783714
 21
169588.1089150998
 31
0.0
  0
INSERT
  5
3B3
330
3AE
100
AcDbEntity
  8
TR
 62
     8
440
 16777216
370
    -2
100
AcDbBlockReference
  2
DIM1
 10
3080528.323783714
 20
163488.0503883692
 30
0.0
 41
250.0
 42
250.0
 43
250.0
 50
270.0
  0
INSERT
  5
3B4
330
3AE
100
AcDbEntity
  8
TR
 62
     8
440
 16777216
370
    -2
100
AcDbBlockReference
  2
DIM1
 10
3080528.323783714
 20
169838.1089150998
 30
0.0
 41
250.0
 42
250.0
 43
250.0
 50
90.0
  0
MTEXT
  5
3B5
330
3AE
100
AcDbEntity
  8
TR
 62
     3
440
 16777216
100
AcDbMText
 10
3080303.323783714
 20
166663.0796517335
 30
0.0
 40
250.0
 41
0.0
 46
0.0
 71
     5
 72
     1
  1
\A1;D
  7
ROMANS
 11
0.0000000000000001
 21
1.0
 31
0.0
 73
     1
 44
1.0
  0
MTEXT
  5
3B6
330
3AE
100
AcDbEntity
  8
TR
 62
     3
440
 16777216
100
AcDbMText
 10
3080818.79997419
 20
166663.0796517335
 30
0.0
 40
250.0
 41
0.0
 46
0.0
 71
     5
 72
     1
  1
\A1;(SEE SCHEDULE)
  7
ROMANS
 11
0.0000000000000001
 21
1.0
 31
0.0
 73
     1
 44
1.0
  0
POINT
  5
3B7
330
3AE
100
AcDbEntity
  8
DEFPOINTS
 62
     0
440
 16777216
100
AcDbPoint
 10
3077399.869339794
 20
163488.0503883691
 30
0.0
  0
POINT
  5
3B8
330
3AE
100
AcDbEntity
  8
DEFPOINTS
 62
     0
440
 16777216
100
AcDbPoint
 10
3079646.322576865
 20
169838.1089150997
 30
0.0
  0
POINT
  5
3B9
330
3AE
100
AcDbEntity
  8
DEFPOINTS
 62
     0
440
 16777216
100
AcDbPoint
 10
3080528.323783714
 20
169838.1089150998
 30
0.0
  0
ENDBLK
  5
3BA
330
3AE
100
AcDbEntity
  8
0
 62
     1
100
AcDbBlockEnd
  0
BLOCK
  5
3BC
330
3BB
100
AcDbEntity
  8
0
 62
     1
100
AcDbBlockBegin
  2
*D29
 70
     1
 10
0.0
 20
0.0
 30
0.0
  3
*D29
  1

  0
LINE
  5
3BD
330
3BB
100
AcDbEntity
  8
TG
  6
Continuous
 62
     8
440
 16777216
370
    -2
100
AcDbLine
 10
3106640.312172313
 20
157108.5723072548
 30
0.0
 11
3106640.312172313
 21
159250.5281956947
 31
0.0
  0
LINE
  5
3BE
330
3BB
100
AcDbEntity
  8
TG
  6
Continuous
 62
     8
440
 16777216
370
    -2
100
AcDbLine
 10
3109822.901966329
 20
157108.5723072548
 30
0.0
 11
3109822.901966329
 21
159250.5281956947
 31
0.0
  0
LINE
  5
3BF
330
3BB
100
AcDbEntity
  8
TG
  6
Continuous
 62
     8
440
 16777216
370
    -2
100
AcDbLine
 10
3106827.812172313
 20
159175.5281956947
 30
0.0
 11
3109635.401966329
 21
159175.5281956947
 31
0.0
  0
INSERT
  5
3C0
330
3BB
100
AcDbEntity
  8
TG
  6
Continuous
 62
     8
440
 16777216
370
    -2
100
AcDbBlockReference
  2
DIM1
 10
3106640.312172313
 20
159175.5281956947
 30
0.0
 41
187.5
 42
187.5
 43
187.5
 50
180.0
  0
INSERT
  5
3C1
330
3BB
100
AcDbEntity
  8
TG
  6
Continuous
 62
     8
440
 16777216
370
    -2
100
AcDbBlockReference
  2
DIM1
 10
3109822.901966329
 20
159175.5281956947
 30
0.0
 41
187.5
 42
187.5
 43
187.5
  0
MTEXT
  5
3C2
330
3BB
100
AcDbEntity
  8
TG
  6
Continuous
 62
     3
440
 16777216
100
AcDbMText
 10
3108231.607069321
 20
159500.5281956947
 30
0.0
 40
187.5
 41
0.0
 46
0.0
 71
     5
 72
     1
  1
\A1;MIDDLE\PSTRIP
  7
ROMANS
 73
     1
 44
1.0
  0
MTEXT
  5
3C3
330
3BB
100
AcDbEntity
  8
TG
  6
Continuous
 62
     3
440
 16777216
100
AcDbMText
 10
3108231.607069321
 20
158957.6710528376
 30
0.0
 40
187.5
 41
0.0
 46
0.0
 71
     5
 72
     1
  1
\A1;S/2
  7
ROMANS
 73
     1
 44
1.0
  0
POINT
  5
3C4
330
3BB
100
AcDbEntity
  8
DEFPOINTS
  6
Continuous
 62
     0
440
 16777216
100
AcDbPoint
 10
3106640.312172313
 20
157033.5723072548
 30
0.0
  0
POINT
  5
3C5
330
3BB
100
AcDbEntity
  8
DEFPOINTS
  6
Continuous
 62
     0
440
 16777216
100
AcDbPoint
 10
3109822.901966329
 20
157033.5723072548
 30
0.0
  0
POINT
  5
3C6
330
3BB
100
AcDbEntity
  8
DEFPOINTS
  6
Continuous
 62
     0
440
 16777216
100
AcDbPoint
 10
3109822.901966329
 20
159175.5281956947
 30
0.0
  0
ENDBLK
  5
3C7
330
3BB
100
AcDbEntity
  8
0
 62
     1
100
AcDbBlockEnd
  0
BLOCK
  5
3C9
330
3C8
100
AcDbEntity
  8
0
 62
     1
100
AcDbBlockBegin
  2
*D30
 70
     1
 10
0.0
 20
0.0
 30
0.0
  3
*D30
  1

  0
LINE
  5
3CA
330
3C8
100
AcDbEntity
  8
TG
  6
Continuous
 62
     8
440
 16777216
370
    -2
100
AcDbLine
 10
3105096.298093062
 20
156608.1145681228
 30
0.0
 11
3105096.298093062
 21
160223.8771852117
 31
0.0
  0
LINE
  5
3CB
330
3C8
100
AcDbEntity
  8
TG
  6
Continuous
 62
     8
440
 16777216
370
    -2
100
AcDbLine
 10
3111366.91604558
 20
156608.1145681228
 30
0.0
 11
3111366.91604558
 21
160223.8771852117
 31
0.0
  0
LINE
  5
3CC
330
3C8
100
AcDbEntity
  8
TG
  6
Continuous
 62
     8
440
 16777216
370
    -2
100
AcDbLine
 10
3105283.798093062
 20
160148.8771852117
 30
0.0
 11
3111179.41604558
 21
160148.8771852117
 31
0.0
  0
INSERT
  5
3CD
330
3C8
100
AcDbEntity
  8
TG
  6
Continuous
 62
     8
440
 16777216
370
    -2
100
AcDbBlockReference
  2
DIM1
 10
3105096.298093062
 20
160148.8771852117
 30
0.0
 41
187.5
 42
187.5
 43
187.5
 50
180.0
  0
INSERT
  5
3CE
330
3C8
100
AcDbEntity
  8
TG
  6
Continuous
 62
     8
440
 16777216
370
    -2
100
AcDbBlockReference
  2
DIM1
 10
3111366.91604558
 20
160148.8771852117
 30
0.0
 41
187.5
 42
187.5
 43
187.5
  0
MTEXT
  5
3CF
330
3C8
100
AcDbEntity
  8
TG
  6
Continuous
 62
     3
440
 16777216
100
AcDbMText
 10
3108231.607069321
 20
160335.4843280688
 30
0.0
 40
187.5
 41
0.0
 46
0.0
 71
     5
 72
     1
  1
\A1;SHORT SPAN "S"
  7
ROMANS
 73
     1
 44
1.0
  0
POINT
  5
3D0
330
3C8
100
AcDbEntity
  8
DEFPOINTS
  6
Continuous
 62
     0
440
 16777216
100
AcDbPoint
 10
3105096.298093062
 20
156533.1145681228
 30
0.0
  0
POINT
  5
3D1
330
3C8
100
AcDbEntity
  8
DEFPOINTS
  6
Continuous
 62
     0
440
 16777216
100
AcDbPoint
 10
3111366.91604558
 20
156533.1145681228
 30
0.0
  0
POINT
  5
3D2
330
3C8
100
AcDbEntity
  8
DEFPOINTS
  6
Continuous
 62
     0
440
 16777216
100
AcDbPoint
 10
3111366.91604558
 20
160148.8771852117
 30
0.0
  0
ENDBLK
  5
3D3
330
3C8
100
AcDbEntity
  8
0
 62
     1
100
AcDbBlockEnd
  0
BLOCK
  5
3D5
330
3D4
100
AcDbEntity
  8
0
 62
     1
100
AcDbBlockBegin
  2
*D31
 70
     1
 10
0.0
 20
0.0
 30
0.0
  3
*D31
  1

  0
LINE
  5
3D6
330
3D4
100
AcDbEntity
  8
TG
  6
Continuous
 62
     8
440
 16777216
370
    -2
100
AcDbLine
 10
3121081.54530657
 20
171025.0156599655
 30
0.0
 11
3121081.54530657
 21
171761.2857726381
 31
0.0
  0
LINE
  5
3D7
330
3D4
100
AcDbEntity
  8
TG
  6
Continuous
 62
     8
440
 16777216
370
    -2
100
AcDbLine
 10
3120071.121559766
 20
168576.2259939161
 30
0.0
 11
3120071.121559766
 21
171761.2857726381
 31
0.0
  0
LINE
  5
3D8
330
3D4
100
AcDbEntity
  8
TG
  6
Continuous
 62
     8
440
 16777216
370
    -2
100
AcDbLine
 10
3120894.045306571
 20
171686.2857726381
 30
0.0
 11
3120258.621559766
 21
171686.2857726381
 31
0.0
  0
INSERT
  5
3D9
330
3D4
100
AcDbEntity
  8
TG
  6
Continuous
 62
     8
440
 16777216
370
    -2
100
AcDbBlockReference
  2
DIM1
 10
3121081.54530657
 20
171686.2857726381
 30
0.0
 41
187.5
 42
187.5
 43
187.5
  0
INSERT
  5
3DA
330
3D4
100
AcDbEntity
  8
TG
  6
Continuous
 62
     8
440
 16777216
370
    -2
100
AcDbBlockReference
  2
DIM1
 10
3120071.121559766
 20
171686.2857726381
 30
0.0
 41
187.5
 42
187.5
 43
187.5
 50
180.0
  0
MTEXT
  5
3DB
330
3D4
100
AcDbEntity
  8
TG
  6
Continuous
 62
     3
440
 16777216
100
AcDbMText
 10
3120576.333433168
 20
172011.2857726381
 30
0.0
 40
187.5
 41
0.0
 46
0.0
 71
     5
 72
     1
  1
\A1;COL\PSTRIP
  7
ROMANS
 73
     1
 44
1.0
  0
MTEXT
  5
3DC
330
3D4
100
AcDbEntity
  8
TG
  6
Continuous
 62
     3
440
 16777216
100
AcDbMText
 10
3120576.333433168
 20
171468.428629781
 30
0.0
 40
187.5
 41
0.0
 46
0.0
 71
     5
 72
     1
  1
\A1;S/4
  7
ROMANS
 73
     1
 44
1.0
  0
POINT
  5
3DD
330
3D4
100
AcDbEntity
  8
DEFPOINTS
  6
Continuous
 62
     0
440
 16777216
100
AcDbPoint
 10
3121081.54530657
 20
170950.0156599655
 30
0.0
  0
POINT
  5
3DE
330
3D4
100
AcDbEntity
  8
DEFPOINTS
  6
Continuous
 62
     0
440
 16777216
100
AcDbPoint
 10
3120071.121559766
 20
168501.2259939161
 30
0.0
  0
POINT
  5
3DF
330
3D4
100
AcDbEntity
  8
DEFPOINTS
  6
Continuous
 62
     0
440
 16777216
100
AcDbPoint
 10
3120071.121559766
 20
171686.2857726381
 30
0.0
  0
ENDBLK
  5
3E0
330
3D4
100
AcDbEntity
  8
0
 62
     1
100
AcDbBlockEnd
  0
BLOCK
  5
3E2
330
3E1
100
AcDbEntity
  8
0
 62
     1
100
AcDbBlockBegin
  2
*D32
 70
     1
 10
0.0
 20
0.0
 30
0.0
  3
*D32
  1

  0
LINE
  5
3E3
330
3E1
100
AcDbEntity
  8
TG
  6
Continuous
 62
     8
440
 16777216
370
    -2
100
AcDbLine
 10
3118050.274066175
 20
168576.2259939161
 30
0.0
 11
3118050.274066175
 21
171761.2857726381
 31
0.0
  0
LINE
  5
3E4
330
3E1
100
AcDbEntity
  8
TG
  6
Continuous
 62
     8
440
 16777216
370
    -2
100
AcDbLine
 10
3120071.121559766
 20
168576.2259939161
 30
0.0
 11
3120071.121559766
 21
171761.2857726381
 31
0.0
  0
LINE
  5
3E5
330
3E1
100
AcDbEntity
  8
TG
  6
Continuous
 62
     8
440
 16777216
370
    -2
100
AcDbLine
 10
3118237.774066175
 20
171686.2857726381
 30
0.0
 11
3119883.621559766
 21
171686.2857726381
 31
0.0
  0
INSERT
  5
3E6
330
3E1
100
AcDbEntity
  8
TG
  6
Continuous
 62
     8
440
 16777216
370
    -2
100
AcDbBlockReference
  2
DIM1
 10
3118050.274066175
 20
171686.2857726381
 30
0.0
 41
187.5
 42
187.5
 43
187.5
 50
180.0
  0
INSERT
  5
3E7
330
3E1
100
AcDbEntity
  8
TG
  6
Continuous
 62
     8
440
 16777216
370
    -2
100
AcDbBlockReference
  2
DIM1
 10
3120071.121559766
 20
171686.2857726381
 30
0.0
 41
187.5
 42
187.5
 43
187.5
  0
MTEXT
  5
3E8
330
3E1
100
AcDbEntity
  8
TG
  6
Continuous
 62
     3
440
 16777216
100
AcDbMText
 10
3119060.697812971
 20
172011.2857726381
 30
0.0
 40
187.5
 41
0.0
 46
0.0
 71
     5
 72
     1
  1
\A1;MIDDLE\PSTRIP
  7
ROMANS
 73
     1
 44
1.0
  0
MTEXT
  5
3E9
330
3E1
100
AcDbEntity
  8
TG
  6
Continuous
 62
     3
440
 16777216
100
AcDbMText
 10
3119060.697812971
 20
171468.428629781
 30
0.0
 40
187.5
 41
0.0
 46
0.0
 71
     5
 72
     1
  1
\A1;S/2
  7
ROMANS
 73
     1
 44
1.0
  0
POINT
  5
3EA
330
3E1
100
AcDbEntity
  8
DEFPOINTS
  6
Continuous
 62
     0
440
 16777216
100
AcDbPoint
 10
3118050.274066175
 20
168501.2259939161
 30
0.0
  0
POINT
  5
3EB
330
3E1
100
AcDbEntity
  8
DEFPOINTS
  6
Continuous
 62
     0
440
 16777216
100
AcDbPoint
 10
3120071.121559766
 20
168501.2259939161
 30
0.0
  0
POINT
  5
3EC
330
3E1
100
AcDbEntity
  8
DEFPOINTS
  6
Continuous
 62
     0
440
 16777216
100
AcDbPoint
 10
3120071.121559766
 20
171686.2857726381
 30
0.0
  0
ENDBLK
  5
3ED
330
3E1
100
AcDbEntity
  8
0
 62
     1
100
AcDbBlockEnd
  0
BLOCK
  5
3EF
330
3EE
100
AcDbEntity
  8
0
 62
     1
100
AcDbBlockBegin
  2
*D33
 70
     1
 10
0.0
 20
0.0
 30
0.0
  3
*D33
  1

  0
LINE
  5
3F0
330
3EE
100
AcDbEntity
  8
TG
  6
Continuous
 62
     8
440
 16777216
370
    -2
100
AcDbLine
 10
3117039.850319371
 20
171052.8182493103
 30
0.0
 11
3117039.850319371
 21
171761.2857726381
 31
0.0
  0
LINE
  5
3F1
330
3EE
100
AcDbEntity
  8
TG
  6
Continuous
 62
     8
440
 16777216
370
    -2
100
AcDbLine
 10
3118050.274066175
 20
168576.2259939161
 30
0.0
 11
3118050.274066175
 21
171761.2857726381
 31
0.0
  0
LINE
  5
3F2
330
3EE
100
AcDbEntity
  8
TG
  6
Continuous
 62
     8
440
 16777216
370
    -2
100
AcDbLine
 10
3117227.350319371
 20
171686.2857726381
 30
0.0
 11
3117862.774066175
 21
171686.2857726381
 31
0.0
  0
INSERT
  5
3F3
330
3EE
100
AcDbEntity
  8
TG
  6
Continuous
 62
     8
440
 16777216
370
    -2
100
AcDbBlockReference
  2
DIM1
 10
3117039.850319371
 20
171686.2857726381
 30
0.0
 41
187.5
 42
187.5
 43
187.5
 50
180.0
  0
INSERT
  5
3F4
330
3EE
100
AcDbEntity
  8
TG
  6
Continuous
 62
     8
440
 16777216
370
    -2
100
AcDbBlockReference
  2
DIM1
 10
3118050.274066175
 20
171686.2857726381
 30
0.0
 41
187.5
 42
187.5
 43
187.5
  0
MTEXT
  5
3F5
330
3EE
100
AcDbEntity
  8
TG
  6
Continuous
 62
     3
440
 16777216
100
AcDbMText
 10
3117545.062192773
 20
172011.2857726381
 30
0.0
 40
187.5
 41
0.0
 46
0.0
 71
     5
 72
     1
  1
\A1;COL\PSTRIP
  7
ROMANS
 73
     1
 44
1.0
  0
MTEXT
  5
3F6
330
3EE
100
AcDbEntity
  8
TG
  6
Continuous
 62
     3
440
 16777216
100
AcDbMText
 10
3117545.062192773
 20
171468.428629781
 30
0.0
 40
187.5
 41
0.0
 46
0.0
 71
     5
 72
     1
  1
\A1;S/4
  7
ROMANS
 73
     1
 44
1.0
  0
POINT
  5
3F7
330
3EE
100
AcDbEntity
  8
DEFPOINTS
  6
Continuous
 62
     0
440
 16777216
100
AcDbPoint
 10
3117039.850319371
 20
170977.8182493103
 30
0.0
  0
POINT
  5
3F8
330
3EE
100
AcDbEntity
  8
DEFPOINTS
  6
Continuous
 62
     0
440
 16777216
100
AcDbPoint
 10
3118050.274066175
 20
168501.2259939161
 30
0.0
  0
POINT
  5
3F9
330
3EE
100
AcDbEntity
  8
DEFPOINTS
  6
Continuous
 62
     0
440
 16777216
100
AcDbPoint
 10
3118050.274066175
 20
171686.2857726381
 30
0.0
  0
ENDBLK
  5
3FA
330
3EE
100
AcDbEntity
  8
0
 62
     1
100
AcDbBlockEnd
  0
BLOCK
  5
3FC
330
3FB
100
AcDbEntity
  8
0
 62
     1
100
AcDbBlockBegin
  2
*D34
 70
     1
 10
0.0
 20
0.0
 30
0.0
  3
*D34
  1

  0
LINE
  5
3FD
330
3FB
100
AcDbEntity
  8
TG
  6
Continuous
 62
     8
440
 16777216
370
    -2
100
AcDbLine
 10
3117039.850319371
 20
171052.8182493103
 30
0.0
 11
3117039.850319371
 21
172529.9335916938
 31
0.0
  0
LINE
  5
3FE
330
3FB
100
AcDbEntity
  8
TG
  6
Continuous
 62
     8
440
 16777216
370
    -2
100
AcDbLine
 10
3121081.54530657
 20
171025.0156599655
 30
0.0
 11
3121081.54530657
 21
172529.9335916938
 31
0.0
  0
LINE
  5
3FF
330
3FB
100
AcDbEntity
  8
TG
  6
Continuous
 62
     8
440
 16777216
370
    -2
100
AcDbLine
 10
3117227.350319371
 20
172454.9335916938
 30
0.0
 11
3120894.045306571
 21
172454.9335916938
 31
0.0
  0
INSERT
  5
400
330
3FB
100
AcDbEntity
  8
TG
  6
Continuous
 62
     8
440
 16777216
370
    -2
100
AcDbBlockReference
  2
DIM1
 10
3117039.850319371
 20
172454.9335916938
 30
0.0
 41
187.5
 42
187.5
 43
187.5
 50
180.0
  0
INSERT
  5
401
330
3FB
100
AcDbEntity
  8
TG
  6
Continuous
 62
     8
440
 16777216
370
    -2
100
AcDbBlockReference
  2
DIM1
 10
3121081.54530657
 20
172454.9335916938
 30
0.0
 41
187.5
 42
187.5
 43
187.5
  0
MTEXT
  5
402
330
3FB
100
AcDbEntity
  8
TG
  6
Continuous
 62
     3
440
 16777216
100
AcDbMText
 10
3119060.697812971
 20
172641.5407345509
 30
0.0
 40
187.5
 41
0.0
 46
0.0
 71
     5
 72
     1
  1
\A1;SHORT CLEAR SPAN "S"
  7
ROMANS
 73
     1
 44
1.0
  0
POINT
  5
403
330
3FB
100
AcDbEntity
  8
DEFPOINTS
  6
Continuous
 62
     0
440
 16777216
100
AcDbPoint
 10
3117039.850319371
 20
170977.8182493103
 30
0.0
  0
POINT
  5
404
330
3FB
100
AcDbEntity
  8
DEFPOINTS
  6
Continuous
 62
     0
440
 16777216
100
AcDbPoint
 10
3121081.54530657
 20
170950.0156599655
 30
0.0
  0
POINT
  5
405
330
3FB
100
AcDbEntity
  8
DEFPOINTS
  6
Continuous
 62
     0
440
 16777216
100
AcDbPoint
 10
3121081.54530657
 20
172454.9335916938
 30
0.0
  0
ENDBLK
  5
406
330
3FB
100
AcDbEntity
  8
0
 62
     1
100
AcDbBlockEnd
  0
BLOCK
  5
408
330
407
100
AcDbEntity
  8
0
 62
     1
100
AcDbBlockBegin
  2
*D35
 70
     1
 10
0.0
 20
0.0
 30
0.0
  3
*D35
  1

  0
LINE
  5
409
330
407
100
AcDbEntity
  8
TG
  6
Continuous
 62
     8
440
 16777216
370
    -2
100
AcDbLine
 10
3101400.001840414
 20
184702.9368133533
 30
0.0
 11
3101400.001840414
 21
186950.7456005343
 31
0.0
  0
LINE
  5
40A
330
407
100
AcDbEntity
  8
TG
  6
Continuous
 62
     8
440
 16777216
370
    -2
100
AcDbLine
 10
3105504.878919877
 20
184702.9368133533
 30
0.0
 11
3105504.878919877
 21
186950.7456005343
 31
0.0
  0
LINE
  5
40B
330
407
100
AcDbEntity
  8
TG
  6
Continuous
 62
     8
440
 16777216
370
    -2
100
AcDbLine
 10
3101587.501840414
 20
186875.7456005343
 30
0.0
 11
3105317.378919877
 21
186875.7456005343
 31
0.0
  0
INSERT
  5
40C
330
407
100
AcDbEntity
  8
TG
  6
Continuous
 62
     8
440
 16777216
370
    -2
100
AcDbBlockReference
  2
DIM1
 10
3101400.001840414
 20
186875.7456005343
 30
0.0
 41
187.5
 42
187.5
 43
187.5
 50
180.0
  0
INSERT
  5
40D
330
407
100
AcDbEntity
  8
TG
  6
Continuous
 62
     8
440
 16777216
370
    -2
100
AcDbBlockReference
  2
DIM1
 10
3105504.878919877
 20
186875.7456005343
 30
0.0
 41
187.5
 42
187.5
 43
187.5
  0
MTEXT
  5
40E
330
407
100
AcDbEntity
  8
TG
  6
Continuous
 62
     3
440
 16777216
100
AcDbMText
 10
3103452.440380146
 20
187062.3527433915
 30
0.0
 40
187.5
 41
0.0
 46
0.0
 71
     5
 72
     1
  1
\A1;SHORT SPAN "SB"
  7
ROMANS
 73
     1
 44
1.0
  0
POINT
  5
40F
330
407
100
AcDbEntity
  8
DEFPOINTS
  6
Continuous
 62
     0
440
 16777216
100
AcDbPoint
 10
3101400.001840414
 20
184627.9368133533
 30
0.0
  0
POINT
  5
410
330
407
100
AcDbEntity
  8
DEFPOINTS
  6
Continuous
 62
     0
440
 16777216
100
AcDbPoint
 10
3105504.878919877
 20
184627.9368133533
 30
0.0
  0
POINT
  5
411
330
407
100
AcDbEntity
  8
DEFPOINTS
  6
Continuous
 62
     0
440
 16777216
100
AcDbPoint
 10
3105504.878919877
 20
186875.7456005343
 30
0.0
  0
ENDBLK
  5
412
330
407
100
AcDbEntity
  8
0
 62
     1
100
AcDbBlockEnd
  0
BLOCK
  5
414
330
413
100
AcDbEntity
  8
0
 62
     1
100
AcDbBlockBegin
  2
*D36
 70
     1
 10
0.0
 20
0.0
 30
0.0
  3
*D36
  1

  0
LINE
  5
415
330
413
100
AcDbEntity
  8
TG
  6
Continuous
 62
     8
440
 16777216
370
    -2
100
AcDbLine
 10
3096830.189580402
 20
184702.9368133533
 30
0.0
 11
3096830.189580402
 21
186950.7456005343
 31
0.0
  0
LINE
  5
416
330
413
100
AcDbEntity
  8
TG
  6
Continuous
 62
     8
440
 16777216
370
    -2
100
AcDbLine
 10
3100836.986883891
 20
184702.9368133533
 30
0.0
 11
3100836.986883891
 21
186950.7456005343
 31
0.0
  0
LINE
  5
417
330
413
100
AcDbEntity
  8
TG
  6
Continuous
 62
     8
440
 16777216
370
    -2
100
AcDbLine
 10
3097017.689580401
 20
186875.7456005343
 30
0.0
 11
3100649.486883891
 21
186875.7456005343
 31
0.0
  0
INSERT
  5
418
330
413
100
AcDbEntity
  8
TG
  6
Continuous
 62
     8
440
 16777216
370
    -2
100
AcDbBlockReference
  2
DIM1
 10
3096830.189580402
 20
186875.7456005343
 30
0.0
 41
187.5
 42
187.5
 43
187.5
 50
180.0
  0
INSERT
  5
419
330
413
100
AcDbEntity
  8
TG
  6
Continuous
 62
     8
440
 16777216
370
    -2
100
AcDbBlockReference
  2
DIM1
 10
3100836.986883891
 20
186875.7456005343
 30
0.0
 41
187.5
 42
187.5
 43
187.5
  0
MTEXT
  5
41A
330
413
100
AcDbEntity
  8
TG
  6
Continuous
 62
     3
440
 16777216
100
AcDbMText
 10
3098833.588232146
 20
187062.3527433915
 30
0.0
 40
187.5
 41
0.0
 46
0.0
 71
     5
 72
     1
  1
\A1;SHORT SPAN "SA"
  7
ROMANS
 73
     1
 44
1.0
  0
POINT
  5
41B
330
413
100
AcDbEntity
  8
DEFPOINTS
  6
Continuous
 62
     0
440
 16777216
100
AcDbPoint
 10
3096830.189580402
 20
184627.9368133533
 30
0.0
  0
POINT
  5
41C
330
413
100
AcDbEntity
  8
DEFPOINTS
  6
Continuous
 62
     0
440
 16777216
100
AcDbPoint
 10
3100836.986883891
 20
184627.9368133533
 30
0.0
  0
POINT
  5
41D
330
413
100
AcDbEntity
  8
DEFPOINTS
  6
Continuous
 62
     0
440
 16777216
100
AcDbPoint
 10
3100836.986883891
 20
186875.7456005343
 30
0.0
  0
ENDBLK
  5
41E
330
413
100
AcDbEntity
  8
0
 62
     1
100
AcDbBlockEnd
  0
BLOCK
  5
420
330
41F
100
AcDbEntity
  8
0
 62
     1
100
AcDbBlockBegin
  2
*D37
 70
     1
 10
0.0
 20
0.0
 30
0.0
  3
*D37
  1

  0
LINE
  5
421
330
41F
100
AcDbEntity
  8
TG
  6
Continuous
 62
     8
440
 16777216
370
    -2
100
AcDbLine
 10
3109306.897243045
 20
181018.7336329996
 30
0.0
 11
3109306.897243045
 21
178968.7439358189
 31
0.0
  0
LINE
  5
422
330
41F
100
AcDbEntity
  8
TG
  6
Continuous
 62
     8
440
 16777216
370
    -2
100
AcDbLine
 10
3121231.126808066
 20
181018.7336329996
 30
0.0
 11
3121231.126808066
 21
178968.7439358189
 31
0.0
  0
LINE
  5
423
330
41F
100
AcDbEntity
  8
TG
  6
Continuous
 62
     8
440
 16777216
370
    -2
100
AcDbLine
 10
3109466.897243045
 20
179048.7439358189
 30
0.0
 11
3121071.126808066
 21
179048.7439358189
 31
0.0
  0
INSERT
  5
424
330
41F
100
AcDbEntity
  8
TG
  6
Continuous
 62
     8
440
 16777216
370
    -2
100
AcDbBlockReference
  2
AR01
 10
3109306.897243045
 20
179048.7439358189
 30
0.0
 41
160.0
 42
160.0
 43
160.0
 50
180.0
  0
INSERT
  5
425
330
41F
100
AcDbEntity
  8
TG
  6
Continuous
 62
     8
440
 16777216
370
    -2
100
AcDbBlockReference
  2
AR01
 10
3121231.126808066
 20
179048.7439358189
 30
0.0
 41
160.0
 42
160.0
 43
160.0
  0
MTEXT
  5
426
330
41F
100
AcDbEntity
  8
TG
  6
Continuous
 62
     3
440
 16777216
100
AcDbMText
 10
3115269.012025556
 20
179426.362983438
 30
0.0
 40
500.0
 41
0.0
 46
0.0
 71
     5
 72
     1
  1
\A1;SPAN "A"
  7
100cl
 73
     1
 44
1.0
  0
POINT
  5
427
330
41F
100
AcDbEntity
  8
DEFPOINTS
  6
Continuous
 62
     0
440
 16777216
100
AcDbPoint
 10
3109306.897243045
 20
181098.7336329996
 30
0.0
  0
POINT
  5
428
330
41F
100
AcDbEntity
  8
DEFPOINTS
  6
Continuous
 62
     0
440
 16777216
100
AcDbPoint
 10
3121231.126808066
 20
181098.7336329996
 30
0.0
  0
POINT
  5
429
330
41F
100
AcDbEntity
  8
DEFPOINTS
  6
Continuous
 62
     0
440
 16777216
100
AcDbPoint
 10
3121231.126808066
 20
179048.7439358189
 30
0.0
  0
ENDBLK
  5
42A
330
41F
100
AcDbEntity
  8
0
 62
     1
100
AcDbBlockEnd
  0
BLOCK
  5
42C
330
42B
100
AcDbEntity
  8
0
 62
     1
100
AcDbBlockBegin
  2
*D38
 70
     1
 10
0.0
 20
0.0
 30
0.0
  3
*D38
  1

  0
LINE
  5
42D
330
42B
100
AcDbEntity
  8
TG
  6
Continuous
 62
     8
440
 16777216
370
    -2
100
AcDbLine
 10
3121231.126808066
 20
182070.4295790088
 30
0.0
 11
3121231.126808066
 21
185716.4457564211
 31
0.0
  0
LINE
  5
42E
330
42B
100
AcDbEntity
  8
TG
  6
Continuous
 62
     8
440
 16777216
370
    -2
100
AcDbLine
 10
3118025.069416807
 20
182570.8873181259
 30
0.0
 11
3118025.069416807
 21
185716.4457564211
 31
0.0
  0
LINE
  5
42F
330
42B
100
AcDbEntity
  8
TG
  6
Continuous
 62
     8
440
 16777216
370
    -2
100
AcDbLine
 10
3121043.626808066
 20
185641.4457564211
 30
0.0
 11
3118212.569416807
 21
185641.4457564211
 31
0.0
  0
INSERT
  5
430
330
42B
100
AcDbEntity
  8
TG
  6
Continuous
 62
     8
440
 16777216
370
    -2
100
AcDbBlockReference
  2
DIM1
 10
3121231.126808066
 20
185641.4457564211
 30
0.0
 41
187.5
 42
187.5
 43
187.5
  0
INSERT
  5
431
330
42B
100
AcDbEntity
  8
TG
  6
Continuous
 62
     8
440
 16777216
370
    -2
100
AcDbBlockReference
  2
DIM1
 10
3118025.069416807
 20
185641.4457564211
 30
0.0
 41
187.5
 42
187.5
 43
187.5
 50
180.0
  0
MTEXT
  5
432
330
42B
100
AcDbEntity
  8
TG
  6
Continuous
 62
     3
440
 16777216
100
AcDbMText
 10
3119628.098112437
 20
185859.3028992783
 30
0.0
 40
187.5
 41
0.0
 46
0.0
 71
     5
 72
     1
  1
\A1;* L/4 SPAN "A"
  7
ROMANS
 73
     1
 44
1.0
  0
MTEXT
  5
433
330
42B
100
AcDbEntity
  8
TG
  6
Continuous
 62
     3
440
 16777216
100
AcDbMText
 10
3119628.098112437
 20
185423.588613564
 30
0.0
 40
187.5
 41
0.0
 46
0.0
 71
     5
 72
     1
  1
\A1;OR L/4 SPAN "B"
  7
ROMANS
 73
     1
 44
1.0
  0
POINT
  5
434
330
42B
100
AcDbEntity
  8
DEFPOINTS
  6
Continuous
 62
     0
440
 16777216
100
AcDbPoint
 10
3121231.126808066
 20
181995.4295790088
 30
0.0
  0
POINT
  5
435
330
42B
100
AcDbEntity
  8
DEFPOINTS
  6
Continuous
 62
     0
440
 16777216
100
AcDbPoint
 10
3118025.069416807
 20
182495.8873181259
 30
0.0
  0
POINT
  5
436
330
42B
100
AcDbEntity
  8
DEFPOINTS
  6
Continuous
 62
     0
440
 16777216
100
AcDbPoint
 10
3118025.069416807
 20
185641.4457564211
 30
0.0
  0
ENDBLK
  5
437
330
42B
100
AcDbEntity
  8
0
 62
     1
100
AcDbBlockEnd
  0
BLOCK
  5
439
330
438
100
AcDbEntity
  8
0
 62
     1
100
AcDbBlockBegin
  2
*D39
 70
     1
 10
0.0
 20
0.0
 30
0.0
  3
*D39
  1

  0
LINE
  5
43A
330
438
100
AcDbEntity
  8
TG
  6
Continuous
 62
     8
440
 16777216
370
    -2
100
AcDbLine
 10
3109306.897243045
 20
182070.4295790088
 30
0.0
 11
3109306.897243045
 21
186950.7456005343
 31
0.0
  0
LINE
  5
43B
330
438
100
AcDbEntity
  8
TG
  6
Continuous
 62
     8
440
 16777216
370
    -2
100
AcDbLine
 10
3121231.126808066
 20
182070.4295790088
 30
0.0
 11
3121231.126808066
 21
186950.7456005343
 31
0.0
  0
LINE
  5
43C
330
438
100
AcDbEntity
  8
TG
  6
Continuous
 62
     8
440
 16777216
370
    -2
100
AcDbLine
 10
3109494.397243045
 20
186875.7456005343
 30
0.0
 11
3121043.626808066
 21
186875.7456005343
 31
0.0
  0
INSERT
  5
43D
330
438
100
AcDbEntity
  8
TG
  6
Continuous
 62
     8
440
 16777216
370
    -2
100
AcDbBlockReference
  2
DIM1
 10
3109306.897243045
 20
186875.7456005343
 30
0.0
 41
187.5
 42
187.5
 43
187.5
 50
180.0
  0
INSERT
  5
43E
330
438
100
AcDbEntity
  8
TG
  6
Continuous
 62
     8
440
 16777216
370
    -2
100
AcDbBlockReference
  2
DIM1
 10
3121231.126808066
 20
186875.7456005343
 30
0.0
 41
187.5
 42
187.5
 43
187.5
  0
MTEXT
  5
43F
330
438
100
AcDbEntity
  8
TG
  6
Continuous
 62
     3
440
 16777216
100
AcDbMText
 10
3115269.012025556
 20
187062.3527433915
 30
0.0
 40
187.5
 41
0.0
 46
0.0
 71
     5
 72
     1
  1
\A1;SHORT SPAN "A" = SA
  7
ROMANS
 73
     1
 44
1.0
  0
POINT
  5
440
330
438
100
AcDbEntity
  8
DEFPOINTS
  6
Continuous
 62
     0
440
 16777216
100
AcDbPoint
 10
3109306.897243045
 20
181995.4295790088
 30
0.0
  0
POINT
  5
441
330
438
100
AcDbEntity
  8
DEFPOINTS
  6
Continuous
 62
     0
440
 16777216
100
AcDbPoint
 10
3121231.126808066
 20
181995.4295790088
 30
0.0
  0
POINT
  5
442
330
438
100
AcDbEntity
  8
DEFPOINTS
  6
Continuous
 62
     0
440
 16777216
100
AcDbPoint
 10
3121231.126808066
 20
186875.7456005343
 30
0.0
  0
ENDBLK
  5
443
330
438
100
AcDbEntity
  8
0
 62
     1
100
AcDbBlockEnd
  0
BLOCK
  5
445
330
444
100
AcDbEntity
  8
0
 62
     1
100
AcDbBlockBegin
  2
*D40
 70
     1
 10
0.0
 20
0.0
 30
0.0
  3
*D40
  1

  0
LINE
  5
446
330
444
100
AcDbEntity
  8
TG
  6
Continuous
 62
     8
440
 16777216
370
    -2
100
AcDbLine
 10
3109306.897243045
 20
182070.4295790088
 30
0.0
 11
3109306.897243045
 21
185716.4457564211
 31
0.0
  0
LINE
  5
447
330
444
100
AcDbEntity
  8
TG
  6
Continuous
 62
     8
440
 16777216
370
    -2
100
AcDbLine
 10
3112512.954634305
 20
182570.8873181259
 30
0.0
 11
3112512.954634305
 21
185716.4457564211
 31
0.0
  0
LINE
  5
448
330
444
100
AcDbEntity
  8
TG
  6
Continuous
 62
     8
440
 16777216
370
    -2
100
AcDbLine
 10
3109494.397243045
 20
185641.4457564211
 30
0.0
 11
3112325.454634304
 21
185641.4457564211
 31
0.0
  0
INSERT
  5
449
330
444
100
AcDbEntity
  8
TG
  6
Continuous
 62
     8
440
 16777216
370
    -2
100
AcDbBlockReference
  2
DIM1
 10
3109306.897243045
 20
185641.4457564211
 30
0.0
 41
187.5
 42
187.5
 43
187.5
 50
180.0
  0
INSERT
  5
44A
330
444
100
AcDbEntity
  8
TG
  6
Continuous
 62
     8
440
 16777216
370
    -2
100
AcDbBlockReference
  2
DIM1
 10
3112512.954634305
 20
185641.4457564211
 30
0.0
 41
187.5
 42
187.5
 43
187.5
  0
MTEXT
  5
44B
330
444
100
AcDbEntity
  8
TG
  6
Continuous
 62
     3
440
 16777216
100
AcDbMText
 10
3110909.925938674
 20
185859.3028992783
 30
0.0
 40
187.5
 41
0.0
 46
0.0
 71
     5
 72
     1
  1
\A1;L/4 SPAN "A"
  7
ROMANS
 73
     1
 44
1.0
  0
POINT
  5
44C
330
444
100
AcDbEntity
  8
DEFPOINTS
  6
Continuous
 62
     0
440
 16777216
100
AcDbPoint
 10
3109306.897243045
 20
181995.4295790088
 30
0.0
  0
POINT
  5
44D
330
444
100
AcDbEntity
  8
DEFPOINTS
  6
Continuous
 62
     0
440
 16777216
100
AcDbPoint
 10
3112512.954634305
 20
182495.8873181259
 30
0.0
  0
POINT
  5
44E
330
444
100
AcDbEntity
  8
DEFPOINTS
  6
Continuous
 62
     0
440
 16777216
100
AcDbPoint
 10
3112512.954634305
 20
185641.4457564211
 30
0.0
  0
ENDBLK
  5
44F
330
444
100
AcDbEntity
  8
0
 62
     1
100
AcDbBlockEnd
  0
BLOCK
  5
451
330
450
100
AcDbEntity
  8
0
 62
     1
100
AcDbBlockBegin
  2
*D41
 70
     1
 10
0.0
 20
0.0
 30
0.0
  3
*D41
  1

  0
LINE
  5
452
330
450
100
AcDbEntity
  8
TG
  6
Continuous
 62
     8
440
 16777216
370
    -2
100
AcDbLine
 10
3096755.189580402
 20
184627.9368133533
 30
0.0
 11
3093498.678831173
 21
184627.9368133533
 31
0.0
  0
LINE
  5
453
330
450
100
AcDbEntity
  8
TG
  6
Continuous
 62
     8
440
 16777216
370
    -2
100
AcDbLine
 10
3096755.189580402
 20
178348.8228509666
 30
0.0
 11
3093498.678831173
 21
178348.8228509666
 31
0.0
  0
LINE
  5
454
330
450
100
AcDbEntity
  8
TG
  6
Continuous
 62
     8
440
 16777216
370
    -2
100
AcDbLine
 10
3093573.678831173
 20
184440.4368133533
 30
0.0
 11
3093573.678831173
 21
178536.3228509666
 31
0.0
  0
INSERT
  5
455
330
450
100
AcDbEntity
  8
TG
  6
Continuous
 62
     8
440
 16777216
370
    -2
100
AcDbBlockReference
  2
DIM1
 10
3093573.678831173
 20
184627.9368133533
 30
0.0
 41
187.5
 42
187.5
 43
187.5
 50
90.0
  0
INSERT
  5
456
330
450
100
AcDbEntity
  8
TG
  6
Continuous
 62
     8
440
 16777216
370
    -2
100
AcDbBlockReference
  2
DIM1
 10
3093573.678831173
 20
178348.8228509666
 30
0.0
 41
187.5
 42
187.5
 43
187.5
 50
270.0
  0
MTEXT
  5
457
330
450
100
AcDbEntity
  8
TG
  6
Continuous
 62
     3
440
 16777216
100
AcDbMText
 10
3093387.071688316
 20
181488.379832159
 30
0.0
 40
187.5
 41
0.0
 46
0.0
 71
     5
 72
     1
  1
\A1;LONG SPAN "L"
  7
ROMANS
 11
0.0000000000000001
 21
1.0
 31
0.0
 73
     1
 44
1.0
  0
POINT
  5
458
330
450
100
AcDbEntity
  8
DEFPOINTS
  6
Continuous
 62
     0
440
 16777216
100
AcDbPoint
 10
3096830.189580402
 20
184627.9368133533
 30
0.0
  0
POINT
  5
459
330
450
100
AcDbEntity
  8
DEFPOINTS
  6
Continuous
 62
     0
440
 16777216
100
AcDbPoint
 10
3096830.189580402
 20
178348.8228509666
 30
0.0
  0
POINT
  5
45A
330
450
100
AcDbEntity
  8
DEFPOINTS
  6
Continuous
 62
     0
440
 16777216
100
AcDbPoint
 10
3093573.678831173
 20
178348.8228509666
 30
0.0
  0
ENDBLK
  5
45B
330
450
100
AcDbEntity
  8
0
 62
     1
100
AcDbBlockEnd
  0
BLOCK
  5
45D
330
45C
100
AcDbEntity
  8
0
 62
     1
100
AcDbBlockBegin
  2
*D42
 70
     1
 10
0.0
 20
0.0
 30
0.0
  3
*D42
  1

  0
LINE
  5
45E
330
45C
100
AcDbEntity
  8
TG
  6
Continuous
 62
     8
440
 16777216
370
    -2
100
AcDbLine
 10
3096755.189580402
 20
184627.9368133533
 30
0.0
 11
3095472.106951269
 21
184627.9368133533
 31
0.0
  0
LINE
  5
45F
330
45C
100
AcDbEntity
  8
TG
  6
Continuous
 62
     8
440
 16777216
370
    -2
100
AcDbLine
 10
3098113.095809053
 20
182704.3023785979
 30
0.0
 11
3095472.106951269
 21
182704.3023785979
 31
0.0
  0
LINE
  5
460
330
45C
100
AcDbEntity
  8
TG
  6
Continuous
 62
     8
440
 16777216
370
    -2
100
AcDbLine
 10
3095547.106951269
 20
184440.4368133533
 30
0.0
 11
3095547.106951269
 21
182891.8023785979
 31
0.0
  0
INSERT
  5
461
330
45C
100
AcDbEntity
  8
TG
  6
Continuous
 62
     8
440
 16777216
370
    -2
100
AcDbBlockReference
  2
DIM1
 10
3095547.106951269
 20
184627.9368133533
 30
0.0
 41
187.5
 42
187.5
 43
187.5
 50
90.0
  0
INSERT
  5
462
330
45C
100
AcDbEntity
  8
TG
  6
Continuous
 62
     8
440
 16777216
370
    -2
100
AcDbBlockReference
  2
DIM1
 10
3095547.106951269
 20
182704.3023785979
 30
0.0
 41
187.5
 42
187.5
 43
187.5
 50
270.0
  0
MTEXT
  5
463
330
45C
100
AcDbEntity
  8
TG
  6
Continuous
 62
     3
440
 16777216
100
AcDbMText
 10
3095329.249808411
 20
183666.1195959747
 30
0.0
 40
187.5
 41
0.0
 46
0.0
 71
     5
 72
     1
  1
\A1;S/4
  7
ROMANS
 11
0.0000000000000001
 21
1.0
 31
0.0
 73
     1
 44
1.0
  0
POINT
  5
464
330
45C
100
AcDbEntity
  8
DEFPOINTS
  6
Continuous
 62
     0
440
 16777216
100
AcDbPoint
 10
3096830.189580402
 20
184627.9368133533
 30
0.0
  0
POINT
  5
465
330
45C
100
AcDbEntity
  8
DEFPOINTS
  6
Continuous
 62
     0
440
 16777216
100
AcDbPoint
 10
3098188.095809053
 20
182704.3023785979
 30
0.0
  0
POINT
  5
466
330
45C
100
AcDbEntity
  8
DEFPOINTS
  6
Continuous
 62
     0
440
 16777216
100
AcDbPoint
 10
3095547.106951269
 20
182704.3023785979
 30
0.0
  0
ENDBLK
  5
467
330
45C
100
AcDbEntity
  8
0
 62
     1
100
AcDbBlockEnd
  0
BLOCK
  5
469
330
468
100
AcDbEntity
  8
0
 62
     1
100
AcDbBlockBegin
  2
*D43
 70
     1
 10
0.0
 20
0.0
 30
0.0
  3
*D43
  1

  0
LINE
  5
46A
330
468
100
AcDbEntity
  8
TG
  6
Continuous
 62
     8
440
 16777216
370
    -2
100
AcDbLine
 10
3122169.485068923
 20
182070.4295790088
 30
0.0
 11
3122169.485068923
 21
186950.7456005343
 31
0.0
  0
LINE
  5
46B
330
468
100
AcDbEntity
  8
TG
  6
Continuous
 62
     8
440
 16777216
370
    -2
100
AcDbLine
 10
3122356.985068923
 20
186875.7456005343
 30
0.0
 11
3127299.413582942
 21
186875.7456005343
 31
0.0
  0
INSERT
  5
46C
330
468
100
AcDbEntity
  8
TG
  6
Continuous
 62
     8
440
 16777216
370
    -2
100
AcDbBlockReference
  2
DIM1
 10
3122169.485068923
 20
186875.7456005343
 30
0.0
 41
187.5
 42
187.5
 43
187.5
 50
180.0
  0
INSERT
  5
46D
330
468
100
AcDbEntity
  8
TG
  6
Continuous
 62
     8
440
 16777216
370
    -2
100
AcDbBlockReference
  2
DIM1
 10
3127486.913582941
 20
186875.7456005343
 30
0.0
 41
187.5
 42
187.5
 43
187.5
  0
MTEXT
  5
46E
330
468
100
AcDbEntity
  8
TG
  6
Continuous
 62
     3
440
 16777216
100
AcDbMText
 10
3124828.199325933
 20
187062.3527433915
 30
0.0
 40
187.5
 41
0.0
 46
0.0
 71
     5
 72
     1
  1
\A1;SHORT SPAN "B" = SB
  7
ROMANS
 73
     1
 44
1.0
  0
POINT
  5
46F
330
468
100
AcDbEntity
  8
DEFPOINTS
  6
Continuous
 62
     0
440
 16777216
100
AcDbPoint
 10
3122169.485068923
 20
181995.4295790088
 30
0.0
  0
POINT
  5
470
330
468
100
AcDbEntity
  8
DEFPOINTS
  6
Continuous
 62
     0
440
 16777216
100
AcDbPoint
 10
3127486.913582941
 20
186875.7456005343
 30
0.0
  0
POINT
  5
471
330
468
100
AcDbEntity
  8
DEFPOINTS
  6
Continuous
 62
     0
440
 16777216
100
AcDbPoint
 10
3127486.913582941
 20
186875.7456005343
 30
0.0
  0
ENDBLK
  5
472
330
468
100
AcDbEntity
  8
0
 62
     1
100
AcDbBlockEnd
  0
BLOCK
  5
474
330
473
100
AcDbEntity
  8
0
 62
     1
100
AcDbBlockBegin
  2
*D44
 70
     1
 10
0.0
 20
0.0
 30
0.0
  3
*D44
  1

  0
LINE
  5
475
330
473
100
AcDbEntity
  8
TG
  6
Continuous
 62
     8
440
 16777216
370
    -2
100
AcDbLine
 10
3125375.542460184
 20
182570.8873181259
 30
0.0
 11
3125375.542460184
 21
185716.4457564211
 31
0.0
  0
LINE
  5
476
330
473
100
AcDbEntity
  8
TG
  6
Continuous
 62
     8
440
 16777216
370
    -2
100
AcDbLine
 10
3122169.485068923
 20
182070.4295790088
 30
0.0
 11
3122169.485068923
 21
185716.4457564211
 31
0.0
  0
LINE
  5
477
330
473
100
AcDbEntity
  8
TG
  6
Continuous
 62
     8
440
 16777216
370
    -2
100
AcDbLine
 10
3125188.042460184
 20
185641.4457564211
 30
0.0
 11
3122356.985068923
 21
185641.4457564211
 31
0.0
  0
INSERT
  5
478
330
473
100
AcDbEntity
  8
TG
  6
Continuous
 62
     8
440
 16777216
370
    -2
100
AcDbBlockReference
  2
DIM1
 10
3125375.542460184
 20
185641.4457564211
 30
0.0
 41
187.5
 42
187.5
 43
187.5
  0
INSERT
  5
479
330
473
100
AcDbEntity
  8
TG
  6
Continuous
 62
     8
440
 16777216
370
    -2
100
AcDbBlockReference
  2
DIM1
 10
3122169.485068923
 20
185641.4457564211
 30
0.0
 41
187.5
 42
187.5
 43
187.5
 50
180.0
  0
MTEXT
  5
47A
330
473
100
AcDbEntity
  8
TG
  6
Continuous
 62
     3
440
 16777216
100
AcDbMText
 10
3123772.513764554
 20
185859.3028992783
 30
0.0
 40
187.5
 41
0.0
 46
0.0
 71
     5
 72
     1
  1
\A1;* L/4 SPAN "A"
  7
ROMANS
 73
     1
 44
1.0
  0
MTEXT
  5
47B
330
473
100
AcDbEntity
  8
TG
  6
Continuous
 62
     3
440
 16777216
100
AcDbMText
 10
3123772.513764554
 20
185423.588613564
 30
0.0
 40
187.5
 41
0.0
 46
0.0
 71
     5
 72
     1
  1
\A1;OR L/4 SPAN "B"
  7
ROMANS
 73
     1
 44
1.0
  0
POINT
  5
47C
330
473
100
AcDbEntity
  8
DEFPOINTS
  6
Continuous
 62
     0
440
 16777216
100
AcDbPoint
 10
3125375.542460184
 20
182495.8873181259
 30
0.0
  0
POINT
  5
47D
330
473
100
AcDbEntity
  8
DEFPOINTS
  6
Continuous
 62
     0
440
 16777216
100
AcDbPoint
 10
3122169.485068923
 20
181995.4295790088
 30
0.0
  0
POINT
  5
47E
330
473
100
AcDbEntity
  8
DEFPOINTS
  6
Continuous
 62
     0
440
 16777216
100
AcDbPoint
 10
3122169.485068923
 20
185641.4457564211
 30
0.0
  0
ENDBLK
  5
47F
330
473
100
AcDbEntity
  8
0
 62
     1
100
AcDbBlockEnd
  0
BLOCK
  5
481
330
480
100
AcDbEntity
  8
0
 62
     1
100
AcDbBlockBegin
  2
*D45
 70
     1
 10
0.0
 20
0.0
 30
0.0
  3
*D45
  1

  0
LINE
  5
482
330
480
100
AcDbEntity
  8
TG
  6
Continuous
 62
     8
440
 16777216
370
    -2
100
AcDbLine
 10
3122169.485068924
 20
181018.7336329996
 30
0.0
 11
3122169.485068924
 21
178968.7439358189
 31
0.0
  0
LINE
  5
483
330
480
100
AcDbEntity
  8
TG
  6
Continuous
 62
     8
440
 16777216
370
    -2
100
AcDbLine
 10
3122329.485068924
 20
179048.7439358189
 30
0.0
 11
3127326.913582942
 21
179048.7439358189
 31
0.0
  0
INSERT
  5
484
330
480
100
AcDbEntity
  8
TG
  6
Continuous
 62
     8
440
 16777216
370
    -2
100
AcDbBlockReference
  2
AR01
 10
3122169.485068924
 20
179048.7439358189
 30
0.0
 41
160.0
 42
160.0
 43
160.0
 50
180.0
  0
INSERT
  5
485
330
480
100
AcDbEntity
  8
TG
  6
Continuous
 62
     8
440
 16777216
370
    -2
100
AcDbBlockReference
  2
AR01
 10
3127486.913582941
 20
179048.7439358189
 30
0.0
 41
160.0
 42
160.0
 43
160.0
  0
MTEXT
  5
486
330
480
100
AcDbEntity
  8
TG
  6
Continuous
 62
     3
440
 16777216
100
AcDbMText
 10
3124828.199325933
 20
179426.362983438
 30
0.0
 40
500.0
 41
0.0
 46
0.0
 71
     5
 72
     1
  1
\A1;SPAN "B"
  7
100cl
 73
     1
 44
1.0
  0
POINT
  5
487
330
480
100
AcDbEntity
  8
DEFPOINTS
  6
Continuous
 62
     0
440
 16777216
100
AcDbPoint
 10
3122169.485068924
 20
181098.7336329996
 30
0.0
  0
POINT
  5
488
330
480
100
AcDbEntity
  8
DEFPOINTS
  6
Continuous
 62
     0
440
 16777216
100
AcDbPoint
 10
3127486.913582941
 20
179048.7439358189
 30
0.0
  0
POINT
  5
489
330
480
100
AcDbEntity
  8
DEFPOINTS
  6
Continuous
 62
     0
440
 16777216
100
AcDbPoint
 10
3127486.913582941
 20
179048.7439358189
 30
0.0
  0
ENDBLK
  5
48A
330
480
100
AcDbEntity
  8
0
 62
     1
100
AcDbBlockEnd
  0
BLOCK
  5
48C
330
48B
100
AcDbEntity
  8
0
 62
     1
100
AcDbBlockBegin
  2
*D46
 70
     1
 10
0.0
 20
0.0
 30
0.0
  3
*D46
  1

  0
LINE
  5
48D
330
48B
100
AcDbEntity
  8
TG
  6
Continuous
 62
     8
440
 16777216
370
    -2
100
AcDbLine
 10
3105096.298093062
 20
156608.1145681228
 30
0.0
 11
3105096.298093062
 21
159250.5281956947
 31
0.0
  0
LINE
  5
48E
330
48B
100
AcDbEntity
  8
TG
  6
Continuous
 62
     8
440
 16777216
370
    -2
100
AcDbLine
 10
3106640.312172313
 20
157108.5723072548
 30
0.0
 11
3106640.312172313
 21
159250.5281956947
 31
0.0
  0
LINE
  5
48F
330
48B
100
AcDbEntity
  8
TG
  6
Continuous
 62
     8
440
 16777216
370
    -2
100
AcDbLine
 10
3105283.798093062
 20
159175.5281956947
 30
0.0
 11
3106452.812172313
 21
159175.5281956947
 31
0.0
  0
INSERT
  5
490
330
48B
100
AcDbEntity
  8
TG
  6
Continuous
 62
     8
440
 16777216
370
    -2
100
AcDbBlockReference
  2
DIM1
 10
3105096.298093062
 20
159175.5281956947
 30
0.0
 41
187.5
 42
187.5
 43
187.5
 50
180.0
  0
INSERT
  5
491
330
48B
100
AcDbEntity
  8
TG
  6
Continuous
 62
     8
440
 16777216
370
    -2
100
AcDbBlockReference
  2
DIM1
 10
3106640.312172313
 20
159175.5281956947
 30
0.0
 41
187.5
 42
187.5
 43
187.5
  0
MTEXT
  5
492
330
48B
100
AcDbEntity
  8
TG
  6
Continuous
 62
     3
440
 16777216
100
AcDbMText
 10
3105868.305132688
 20
159500.5281956947
 30
0.0
 40
187.5
 41
0.0
 46
0.0
 71
     5
 72
     1
  1
\A1;COL\PSTRIP
  7
ROMANS
 73
     1
 44
1.0
  0
MTEXT
  5
493
330
48B
100
AcDbEntity
  8
TG
  6
Continuous
 62
     3
440
 16777216
100
AcDbMText
 10
3105868.305132688
 20
158957.6710528376
 30
0.0
 40
187.5
 41
0.0
 46
0.0
 71
     5
 72
     1
  1
\A1;S/4
  7
ROMANS
 73
     1
 44
1.0
  0
POINT
  5
494
330
48B
100
AcDbEntity
  8
DEFPOINTS
  6
Continuous
 62
     0
440
 16777216
100
AcDbPoint
 10
3105096.298093062
 20
156533.1145681228
 30
0.0
  0
POINT
  5
495
330
48B
100
AcDbEntity
  8
DEFPOINTS
  6
Continuous
 62
     0
440
 16777216
100
AcDbPoint
 10
3106640.312172313
 20
157033.5723072548
 30
0.0
  0
POINT
  5
496
330
48B
100
AcDbEntity
  8
DEFPOINTS
  6
Continuous
 62
     0
440
 16777216
100
AcDbPoint
 10
3106640.312172313
 20
159175.5281956947
 30
0.0
  0
ENDBLK
  5
497
330
48B
100
AcDbEntity
  8
0
 62
     1
100
AcDbBlockEnd
  0
BLOCK
  5
499
330
498
100
AcDbEntity
  8
0
 62
     1
100
AcDbBlockBegin
  2
*D47
 70
     1
 10
0.0
 20
0.0
 30
0.0
  3
*D47
  1

  0
LINE
  5
49A
330
498
100
AcDbEntity
  8
TG
  6
Continuous
 62
     8
440
 16777216
370
    -2
100
AcDbLine
 10
3105070.240523034
 20
171224.0632790131
 30
0.0
 11
3105070.240523034
 21
171761.2857726381
 31
0.0
  0
LINE
  5
49B
330
498
100
AcDbEntity
  8
TG
  6
Continuous
 62
     8
440
 16777216
370
    -2
100
AcDbLine
 10
3104059.816776238
 20
168135.2736129637
 30
0.0
 11
3104059.816776238
 21
171761.2857726381
 31
0.0
  0
LINE
  5
49C
330
498
100
AcDbEntity
  8
TG
  6
Continuous
 62
     8
440
 16777216
370
    -2
100
AcDbLine
 10
3104882.740523034
 20
171686.2857726381
 30
0.0
 11
3104247.316776238
 21
171686.2857726381
 31
0.0
  0
INSERT
  5
49D
330
498
100
AcDbEntity
  8
TG
  6
Continuous
 62
     8
440
 16777216
370
    -2
100
AcDbBlockReference
  2
DIM1
 10
3105070.240523034
 20
171686.2857726381
 30
0.0
 41
187.5
 42
187.5
 43
187.5
  0
INSERT
  5
49E
330
498
100
AcDbEntity
  8
TG
  6
Continuous
 62
     8
440
 16777216
370
    -2
100
AcDbBlockReference
  2
DIM1
 10
3104059.816776238
 20
171686.2857726381
 30
0.0
 41
187.5
 42
187.5
 43
187.5
 50
180.0
  0
MTEXT
  5
49F
330
498
100
AcDbEntity
  8
TG
  6
Continuous
 62
     3
440
 16777216
100
AcDbMText
 10
3104565.028649636
 20
172011.2857726381
 30
0.0
 40
187.5
 41
0.0
 46
0.0
 71
     5
 72
     1
  1
\A1;COL\PSTRIP
  7
ROMANS
 73
     1
 44
1.0
  0
MTEXT
  5
4A0
330
498
100
AcDbEntity
  8
TG
  6
Continuous
 62
     3
440
 16777216
100
AcDbMText
 10
3104565.028649636
 20
171468.428629781
 30
0.0
 40
187.5
 41
0.0
 46
0.0
 71
     5
 72
     1
  1
\A1;S/4
  7
ROMANS
 73
     1
 44
1.0
  0
POINT
  5
4A1
330
498
100
AcDbEntity
  8
DEFPOINTS
  6
Continuous
 62
     0
440
 16777216
100
AcDbPoint
 10
3105070.240523034
 20
171149.0632790131
 30
0.0
  0
POINT
  5
4A2
330
498
100
AcDbEntity
  8
DEFPOINTS
  6
Continuous
 62
     0
440
 16777216
100
AcDbPoint
 10
3104059.816776238
 20
168060.2736129637
 30
0.0
  0
POINT
  5
4A3
330
498
100
AcDbEntity
  8
DEFPOINTS
  6
Continuous
 62
     0
440
 16777216
100
AcDbPoint
 10
3104059.816776238
 20
171686.2857726381
 30
0.0
  0
ENDBLK
  5
4A4
330
498
100
AcDbEntity
  8
0
 62
     1
100
AcDbBlockEnd
  0
BLOCK
  5
4A6
330
4A5
100
AcDbEntity
  8
0
 62
     1
100
AcDbBlockBegin
  2
*D48
 70
     1
 10
0.0
 20
0.0
 30
0.0
  3
*D48
  1

  0
LINE
  5
4A7
330
4A5
100
AcDbEntity
  8
TG
  6
Continuous
 62
     8
440
 16777216
370
    -2
100
AcDbLine
 10
3102038.96928263
 20
168135.2736129637
 30
0.0
 11
3102038.96928263
 21
171761.2857726381
 31
0.0
  0
LINE
  5
4A8
330
4A5
100
AcDbEntity
  8
TG
  6
Continuous
 62
     8
440
 16777216
370
    -2
100
AcDbLine
 10
3104059.816776238
 20
168135.2736129637
 30
0.0
 11
3104059.816776238
 21
171761.2857726381
 31
0.0
  0
LINE
  5
4A9
330
4A5
100
AcDbEntity
  8
TG
  6
Continuous
 62
     8
440
 16777216
370
    -2
100
AcDbLine
 10
3102226.46928263
 20
171686.2857726381
 30
0.0
 11
3103872.316776238
 21
171686.2857726381
 31
0.0
  0
INSERT
  5
4AA
330
4A5
100
AcDbEntity
  8
TG
  6
Continuous
 62
     8
440
 16777216
370
    -2
100
AcDbBlockReference
  2
DIM1
 10
3102038.96928263
 20
171686.2857726381
 30
0.0
 41
187.5
 42
187.5
 43
187.5
 50
180.0
  0
INSERT
  5
4AB
330
4A5
100
AcDbEntity
  8
TG
  6
Continuous
 62
     8
440
 16777216
370
    -2
100
AcDbBlockReference
  2
DIM1
 10
3104059.816776238
 20
171686.2857726381
 30
0.0
 41
187.5
 42
187.5
 43
187.5
  0
MTEXT
  5
4AC
330
4A5
100
AcDbEntity
  8
TG
  6
Continuous
 62
     3
440
 16777216
100
AcDbMText
 10
3103049.393029434
 20
172011.2857726381
 30
0.0
 40
187.5
 41
0.0
 46
0.0
 71
     5
 72
     1
  1
\A1;MIDDLE\PSTRIP
  7
ROMANS
 73
     1
 44
1.0
  0
MTEXT
  5
4AD
330
4A5
100
AcDbEntity
  8
TG
  6
Continuous
 62
     3
440
 16777216
100
AcDbMText
 10
3103049.393029434
 20
171468.428629781
 30
0.0
 40
187.5
 41
0.0
 46
0.0
 71
     5
 72
     1
  1
\A1;S/2
  7
ROMANS
 73
     1
 44
1.0
  0
POINT
  5
4AE
330
4A5
100
AcDbEntity
  8
DEFPOINTS
  6
Continuous
 62
     0
440
 16777216
100
AcDbPoint
 10
3102038.96928263
 20
168060.2736129637
 30
0.0
  0
POINT
  5
4AF
330
4A5
100
AcDbEntity
  8
DEFPOINTS
  6
Continuous
 62
     0
440
 16777216
100
AcDbPoint
 10
3104059.816776238
 20
168060.2736129637
 30
0.0
  0
POINT
  5
4B0
330
4A5
100
AcDbEntity
  8
DEFPOINTS
  6
Continuous
 62
     0
440
 16777216
100
AcDbPoint
 10
3104059.816776238
 20
171686.2857726381
 30
0.0
  0
ENDBLK
  5
4B1
330
4A5
100
AcDbEntity
  8
0
 62
     1
100
AcDbBlockEnd
  0
BLOCK
  5
4B3
330
4B2
100
AcDbEntity
  8
0
 62
     1
100
AcDbBlockBegin
  2
*D49
 70
     1
 10
0.0
 20
0.0
 30
0.0
  3
*D49
  1

  0
LINE
  5
4B4
330
4B2
100
AcDbEntity
  8
TG
  6
Continuous
 62
     8
440
 16777216
370
    -2
100
AcDbLine
 10
3101028.545535834
 20
171251.8658683579
 30
0.0
 11
3101028.545535834
 21
171761.2857726381
 31
0.0
  0
LINE
  5
4B5
330
4B2
100
AcDbEntity
  8
TG
  6
Continuous
 62
     8
440
 16777216
370
    -2
100
AcDbLine
 10
3102038.96928263
 20
168135.2736129637
 30
0.0
 11
3102038.96928263
 21
171761.2857726381
 31
0.0
  0
LINE
  5
4B6
330
4B2
100
AcDbEntity
  8
TG
  6
Continuous
 62
     8
440
 16777216
370
    -2
100
AcDbLine
 10
3101216.045535835
 20
171686.2857726381
 30
0.0
 11
3101851.46928263
 21
171686.2857726381
 31
0.0
  0
INSERT
  5
4B7
330
4B2
100
AcDbEntity
  8
TG
  6
Continuous
 62
     8
440
 16777216
370
    -2
100
AcDbBlockReference
  2
DIM1
 10
3101028.545535834
 20
171686.2857726381
 30
0.0
 41
187.5
 42
187.5
 43
187.5
 50
180.0
  0
INSERT
  5
4B8
330
4B2
100
AcDbEntity
  8
TG
  6
Continuous
 62
     8
440
 16777216
370
    -2
100
AcDbBlockReference
  2
DIM1
 10
3102038.96928263
 20
171686.2857726381
 30
0.0
 41
187.5
 42
187.5
 43
187.5
  0
MTEXT
  5
4B9
330
4B2
100
AcDbEntity
  8
TG
  6
Continuous
 62
     3
440
 16777216
100
AcDbMText
 10
3101533.757409232
 20
172011.2857726381
 30
0.0
 40
187.5
 41
0.0
 46
0.0
 71
     5
 72
     1
  1
\A1;COL\PSTRIP
  7
ROMANS
 73
     1
 44
1.0
  0
MTEXT
  5
4BA
330
4B2
100
AcDbEntity
  8
TG
  6
Continuous
 62
     3
440
 16777216
100
AcDbMText
 10
3101533.757409232
 20
171468.428629781
 30
0.0
 40
187.5
 41
0.0
 46
0.0
 71
     5
 72
     1
  1
\A1;S/4
  7
ROMANS
 73
     1
 44
1.0
  0
POINT
  5
4BB
330
4B2
100
AcDbEntity
  8
DEFPOINTS
  6
Continuous
 62
     0
440
 16777216
100
AcDbPoint
 10
3101028.545535834
 20
171176.8658683579
 30
0.0
  0
POINT
  5
4BC
330
4B2
100
AcDbEntity
  8
DEFPOINTS
  6
Continuous
 62
     0
440
 16777216
100
AcDbPoint
 10
3102038.96928263
 20
168060.2736129637
 30
0.0
  0
POINT
  5
4BD
330
4B2
100
AcDbEntity
  8
DEFPOINTS
  6
Continuous
 62
     0
440
 16777216
100
AcDbPoint
 10
3102038.96928263
 20
171686.2857726381
 30
0.0
  0
ENDBLK
  5
4BE
330
4B2
100
AcDbEntity
  8
0
 62
     1
100
AcDbBlockEnd
  0
BLOCK
  5
4C0
330
4BF
100
AcDbEntity
  8
0
 62
     1
100
AcDbBlockBegin
  2
*D50
 70
     1
 10
0.0
 20
0.0
 30
0.0
  3
*D50
  1

  0
LINE
  5
4C1
330
4BF
100
AcDbEntity
  8
TG
  6
Continuous
 62
     8
440
 16777216
370
    -2
100
AcDbLine
 10
3101028.545535834
 20
171251.8658683579
 30
0.0
 11
3101028.545535834
 21
172529.9335916938
 31
0.0
  0
LINE
  5
4C2
330
4BF
100
AcDbEntity
  8
TG
  6
Continuous
 62
     8
440
 16777216
370
    -2
100
AcDbLine
 10
3105070.240523034
 20
171224.0632790131
 30
0.0
 11
3105070.240523034
 21
172529.9335916938
 31
0.0
  0
LINE
  5
4C3
330
4BF
100
AcDbEntity
  8
TG
  6
Continuous
 62
     8
440
 16777216
370
    -2
100
AcDbLine
 10
3101216.045535835
 20
172454.9335916938
 30
0.0
 11
3104882.740523034
 21
172454.9335916938
 31
0.0
  0
INSERT
  5
4C4
330
4BF
100
AcDbEntity
  8
TG
  6
Continuous
 62
     8
440
 16777216
370
    -2
100
AcDbBlockReference
  2
DIM1
 10
3101028.545535834
 20
172454.9335916938
 30
0.0
 41
187.5
 42
187.5
 43
187.5
 50
180.0
  0
INSERT
  5
4C5
330
4BF
100
AcDbEntity
  8
TG
  6
Continuous
 62
     8
440
 16777216
370
    -2
100
AcDbBlockReference
  2
DIM1
 10
3105070.240523034
 20
172454.9335916938
 30
0.0
 41
187.5
 42
187.5
 43
187.5
  0
MTEXT
  5
4C6
330
4BF
100
AcDbEntity
  8
TG
  6
Continuous
 62
     3
440
 16777216
100
AcDbMText
 10
3103049.393029434
 20
172641.5407345509
 30
0.0
 40
187.5
 41
0.0
 46
0.0
 71
     5
 72
     1
  1
\A1;SHORT CLEAR SPAN "S"
  7
ROMANS
 73
     1
 44
1.0
  0
POINT
  5
4C7
330
4BF
100
AcDbEntity
  8
DEFPOINTS
  6
Continuous
 62
     0
440
 16777216
100
AcDbPoint
 10
3101028.545535834
 20
171176.8658683579
 30
0.0
  0
POINT
  5
4C8
330
4BF
100
AcDbEntity
  8
DEFPOINTS
  6
Continuous
 62
     0
440
 16777216
100
AcDbPoint
 10
3105070.240523034
 20
171149.0632790131
 30
0.0
  0
POINT
  5
4C9
330
4BF
100
AcDbEntity
  8
DEFPOINTS
  6
Continuous
 62
     0
440
 16777216
100
AcDbPoint
 10
3105070.240523034
 20
172454.9335916938
 30
0.0
  0
ENDBLK
  5
4CA
330
4BF
100
AcDbEntity
  8
0
 62
     1
100
AcDbBlockEnd
  0
BLOCK
  5
4CC
330
4CB
100
AcDbEntity
  8
0
 62
     1
100
AcDbBlockBegin
  2
*D51
 70
     1
 10
0.0
 20
0.0
 30
0.0
  3
*D51
  1

  0
LINE
  5
4CD
330
4CB
100
AcDbEntity
  8
TG
  6
Continuous
 62
     8
440
 16777216
370
    -2
100
AcDbLine
 10
3111366.91604558
 20
156608.1145681228
 30
0.0
 11
3111366.91604558
 21
159250.5281956947
 31
0.0
  0
LINE
  5
4CE
330
4CB
100
AcDbEntity
  8
TG
  6
Continuous
 62
     8
440
 16777216
370
    -2
100
AcDbLine
 10
3109822.901966329
 20
157108.5723072548
 30
0.0
 11
3109822.901966329
 21
159250.5281956947
 31
0.0
  0
LINE
  5
4CF
330
4CB
100
AcDbEntity
  8
TG
  6
Continuous
 62
     8
440
 16777216
370
    -2
100
AcDbLine
 10
3111179.41604558
 20
159175.5281956947
 30
0.0
 11
3110010.401966329
 21
159175.5281956947
 31
0.0
  0
INSERT
  5
4D0
330
4CB
100
AcDbEntity
  8
TG
  6
Continuous
 62
     8
440
 16777216
370
    -2
100
AcDbBlockReference
  2
DIM1
 10
3111366.91604558
 20
159175.5281956947
 30
0.0
 41
187.5
 42
187.5
 43
187.5
  0
INSERT
  5
4D1
330
4CB
100
AcDbEntity
  8
TG
  6
Continuous
 62
     8
440
 16777216
370
    -2
100
AcDbBlockReference
  2
DIM1
 10
3109822.901966329
 20
159175.5281956947
 30
0.0
 41
187.5
 42
187.5
 43
187.5
 50
180.0
  0
MTEXT
  5
4D2
330
4CB
100
AcDbEntity
  8
TG
  6
Continuous
 62
     3
440
 16777216
100
AcDbMText
 10
3110594.909005954
 20
159500.5281956947
 30
0.0
 40
187.5
 41
0.0
 46
0.0
 71
     5
 72
     1
  1
\A1;COL\PSTRIP
  7
ROMANS
 73
     1
 44
1.0
  0
MTEXT
  5
4D3
330
4CB
100
AcDbEntity
  8
TG
  6
Continuous
 62
     3
440
 16777216
100
AcDbMText
 10
3110594.909005954
 20
158957.6710528376
 30
0.0
 40
187.5
 41
0.0
 46
0.0
 71
     5
 72
     1
  1
\A1;S/4
  7
ROMANS
 73
     1
 44
1.0
  0
POINT
  5
4D4
330
4CB
100
AcDbEntity
  8
DEFPOINTS
  6
Continuous
 62
     0
440
 16777216
100
AcDbPoint
 10
3111366.91604558
 20
156533.1145681228
 30
0.0
  0
POINT
  5
4D5
330
4CB
100
AcDbEntity
  8
DEFPOINTS
  6
Continuous
 62
     0
440
 16777216
100
AcDbPoint
 10
3109822.901966329
 20
157033.5723072548
 30
0.0
  0
POINT
  5
4D6
330
4CB
100
AcDbEntity
  8
DEFPOINTS
  6
Continuous
 62
     0
440
 16777216
100
AcDbPoint
 10
3109822.901966329
 20
159175.5281956947
 30
0.0
  0
ENDBLK
  5
4D7
330
4CB
100
AcDbEntity
  8
0
 62
     1
100
AcDbBlockEnd
  0
BLOCK
  5
4D9
330
4D8
100
AcDbEntity
  8
0
 62
     1
100
AcDbBlockBegin
  2
*D52
 70
     1
 10
0.0
 20
0.0
 30
0.0
  3
*D52
  1

  0
LINE
  5
4DA
330
4D8
100
AcDbEntity
  8
TG
  6
Continuous
 62
     8
440
 16777216
370
    -2
100
AcDbLine
 10
3111366.91604558
 20
155816.5046639514
 30
0.0
 11
3111366.91604558
 21
154563.4615145011
 31
0.0
  0
LINE
  5
4DB
330
4D8
100
AcDbEntity
  8
TG
  6
Continuous
 62
     8
440
 16777216
370
    -2
100
AcDbLine
 10
3110112.79397421
 20
156583.2290029057
 30
0.0
 11
3110112.79397421
 21
154563.4615145011
 31
0.0
  0
LINE
  5
4DC
330
4D8
100
AcDbEntity
  8
TG
  6
Continuous
 62
     8
440
 16777216
370
    -2
100
AcDbLine
 10
3111179.41604558
 20
154638.4615145011
 30
0.0
 11
3110300.293974211
 21
154638.4615145011
 31
0.0
  0
INSERT
  5
4DD
330
4D8
100
AcDbEntity
  8
TG
  6
Continuous
 62
     8
440
 16777216
370
    -2
100
AcDbBlockReference
  2
DIM1
 10
3111366.91604558
 20
154638.4615145011
 30
0.0
 41
187.5
 42
187.5
 43
187.5
  0
INSERT
  5
4DE
330
4D8
100
AcDbEntity
  8
TG
  6
Continuous
 62
     8
440
 16777216
370
    -2
100
AcDbBlockReference
  2
DIM1
 10
3110112.79397421
 20
154638.4615145011
 30
0.0
 41
187.5
 42
187.5
 43
187.5
 50
180.0
  0
MTEXT
  5
4DF
330
4D8
100
AcDbEntity
  8
TG
  6
Continuous
 62
     3
440
 16777216
100
AcDbMText
 10
3110739.855009895
 20
154856.3186573582
 30
0.0
 40
187.5
 41
0.0
 46
0.0
 71
     5
 72
     1
  1
\A1;S/5
  7
ROMANS
 73
     1
 44
1.0
  0
POINT
  5
4E0
330
4D8
100
AcDbEntity
  8
DEFPOINTS
  6
Continuous
 62
     0
440
 16777216
100
AcDbPoint
 10
3111366.91604558
 20
155891.5046639514
 30
0.0
  0
POINT
  5
4E1
330
4D8
100
AcDbEntity
  8
DEFPOINTS
  6
Continuous
 62
     0
440
 16777216
100
AcDbPoint
 10
3110112.79397421
 20
156658.2290029057
 30
0.0
  0
POINT
  5
4E2
330
4D8
100
AcDbEntity
  8
DEFPOINTS
  6
Continuous
 62
     0
440
 16777216
100
AcDbPoint
 10
3110112.79397421
 20
154638.4615145011
 30
0.0
  0
ENDBLK
  5
4E3
330
4D8
100
AcDbEntity
  8
0
 62
     1
100
AcDbBlockEnd
  0
BLOCK
  5
4E5
330
4E4
100
AcDbEntity
  8
0
 62
     1
100
AcDbBlockBegin
  2
*D53
 70
     1
 10
0.0
 20
0.0
 30
0.0
  3
*D53
  1

  0
LINE
  5
4E6
330
4E4
100
AcDbEntity
  8
TG
  6
Continuous
 62
     8
440
 16777216
370
    -2
100
AcDbLine
 10
3097903.585770041
 20
166089.8498661597
 30
0.0
 11
3095310.519268382
 21
166089.8498661597
 31
0.0
  0
LINE
  5
4E7
330
4E4
100
AcDbEntity
  8
TG
  6
Continuous
 62
     8
440
 16777216
370
    -2
100
AcDbLine
 10
3097903.585770041
 20
168110.6973597677
 30
0.0
 11
3095310.519268382
 21
168110.6973597677
 31
0.0
  0
LINE
  5
4E8
330
4E4
100
AcDbEntity
  8
TG
  6
Continuous
 62
     8
440
 16777216
370
    -2
100
AcDbLine
 10
3095385.519268382
 20
166277.3498661597
 30
0.0
 11
3095385.519268382
 21
167923.1973597677
 31
0.0
  0
INSERT
  5
4E9
330
4E4
100
AcDbEntity
  8
TG
  6
Continuous
 62
     8
440
 16777216
370
    -2
100
AcDbBlockReference
  2
DIM1
 10
3095385.519268382
 20
166089.8498661597
 30
0.0
 41
187.5
 42
187.5
 43
187.5
 50
270.0
  0
INSERT
  5
4EA
330
4E4
100
AcDbEntity
  8
TG
  6
Continuous
 62
     8
440
 16777216
370
    -2
100
AcDbBlockReference
  2
DIM1
 10
3095385.519268382
 20
168110.6973597677
 30
0.0
 41
187.5
 42
187.5
 43
187.5
 50
90.0
  0
MTEXT
  5
4EB
330
4E4
100
AcDbEntity
  8
TG
  6
Continuous
 62
     3
440
 16777216
100
AcDbMText
 10
3095060.519268382
 20
167100.2736129628
 30
0.0
 40
187.5
 41
0.0
 46
0.0
 71
     5
 72
     1
  1
\A1;MIDDLE\PSTRIP
  7
ROMANS
 11
0.0000000000000001
 21
1.0
 31
0.0
 73
     1
 44
1.0
  0
MTEXT
  5
4EC
330
4E4
100
AcDbEntity
  8
TG
  6
Continuous
 62
     3
440
 16777216
100
AcDbMText
 10
3095603.376411239
 20
167100.2736129628
 30
0.0
 40
187.5
 41
0.0
 46
0.0
 71
     5
 72
     1
  1
\A1;L/2
  7
ROMANS
 11
0.0000000000000001
 21
1.0
 31
0.0
 73
     1
 44
1.0
  0
POINT
  5
4ED
330
4E4
100
AcDbEntity
  8
DEFPOINTS
  6
Continuous
 62
     0
440
 16777216
100
AcDbPoint
 10
3097978.585770042
 20
166089.8498661597
 30
0.0
  0
POINT
  5
4EE
330
4E4
100
AcDbEntity
  8
DEFPOINTS
  6
Continuous
 62
     0
440
 16777216
100
AcDbPoint
 10
3097978.585770042
 20
168110.6973597677
 30
0.0
  0
POINT
  5
4EF
330
4E4
100
AcDbEntity
  8
DEFPOINTS
  6
Continuous
 62
     0
440
 16777216
100
AcDbPoint
 10
3095385.519268382
 20
168110.6973597677
 30
0.0
  0
ENDBLK
  5
4F0
330
4E4
100
AcDbEntity
  8
0
 62
     1
100
AcDbBlockEnd
  0
BLOCK
  5
4F2
330
4F1
100
AcDbEntity
  8
0
 62
     1
100
AcDbBlockBegin
  2
*D54
 70
     1
 10
0.0
 20
0.0
 30
0.0
  3
*D54
  1

  0
LINE
  5
4F3
330
4F1
100
AcDbEntity
  8
TG
  6
Continuous
 62
     8
440
 16777216
370
    -2
100
AcDbLine
 10
3096462.062721988
 20
165079.4261193557
 30
0.0
 11
3094323.275875728
 21
165079.4261193557
 31
0.0
  0
LINE
  5
4F4
330
4F1
100
AcDbEntity
  8
TG
  6
Continuous
 62
     8
440
 16777216
370
    -2
100
AcDbLine
 10
3096462.062721988
 20
169121.1211065717
 30
0.0
 11
3094323.275875728
 21
169121.1211065717
 31
0.0
  0
LINE
  5
4F5
330
4F1
100
AcDbEntity
  8
TG
  6
Continuous
 62
     8
440
 16777216
370
    -2
100
AcDbLine
 10
3094398.275875728
 20
165266.9261193557
 30
0.0
 11
3094398.275875728
 21
168933.6211065717
 31
0.0
  0
INSERT
  5
4F6
330
4F1
100
AcDbEntity
  8
TG
  6
Continuous
 62
     8
440
 16777216
370
    -2
100
AcDbBlockReference
  2
DIM1
 10
3094398.275875728
 20
165079.4261193557
 30
0.0
 41
187.5
 42
187.5
 43
187.5
 50
270.0
  0
INSERT
  5
4F7
330
4F1
100
AcDbEntity
  8
TG
  6
Continuous
 62
     8
440
 16777216
370
    -2
100
AcDbBlockReference
  2
DIM1
 10
3094398.275875728
 20
169121.1211065717
 30
0.0
 41
187.5
 42
187.5
 43
187.5
 50
90.0
  0
MTEXT
  5
4F8
330
4F1
100
AcDbEntity
  8
TG
  6
Continuous
 62
     3
440
 16777216
100
AcDbMText
 10
3094211.66873287
 20
167100.2736129628
 30
0.0
 40
187.5
 41
0.0
 46
0.0
 71
     5
 72
     1
  1
\A1;LONG CLEAR SPAN "L"
  7
ROMANS
 11
0.0000000000000001
 21
1.0
 31
0.0
 73
     1
 44
1.0
  0
POINT
  5
4F9
330
4F1
100
AcDbEntity
  8
DEFPOINTS
  6
Continuous
 62
     0
440
 16777216
100
AcDbPoint
 10
3096537.062721989
 20
165079.4261193557
 30
0.0
  0
POINT
  5
4FA
330
4F1
100
AcDbEntity
  8
DEFPOINTS
  6
Continuous
 62
     0
440
 16777216
100
AcDbPoint
 10
3096537.062721989
 20
169121.1211065717
 30
0.0
  0
POINT
  5
4FB
330
4F1
100
AcDbEntity
  8
DEFPOINTS
  6
Continuous
 62
     0
440
 16777216
100
AcDbPoint
 10
3094398.275875728
 20
169121.1211065717
 30
0.0
  0
ENDBLK
  5
4FC
330
4F1
100
AcDbEntity
  8
0
 62
     1
100
AcDbBlockEnd
  0
BLOCK
  5
4FE
330
4FD
100
AcDbEntity
  8
0
 62
     1
100
AcDbBlockBegin
  2
*D55
 70
     1
 10
0.0
 20
0.0
 30
0.0
  3
*D55
  1

  0
LINE
  5
4FF
330
4FD
100
AcDbEntity
  8
TG
  6
Continuous
 62
     8
440
 16777216
370
    -2
100
AcDbLine
 10
3105096.298093062
 20
155816.5046639514
 30
0.0
 11
3105096.298093062
 21
154563.4615145011
 31
0.0
  0
LINE
  5
500
330
4FD
100
AcDbEntity
  8
TG
  6
Continuous
 62
     8
440
 16777216
370
    -2
100
AcDbLine
 10
3106350.420164431
 20
156583.2290029057
 30
0.0
 11
3106350.420164431
 21
154563.4615145011
 31
0.0
  0
LINE
  5
501
330
4FD
100
AcDbEntity
  8
TG
  6
Continuous
 62
     8
440
 16777216
370
    -2
100
AcDbLine
 10
3105283.798093062
 20
154638.4615145011
 30
0.0
 11
3106162.920164432
 21
154638.4615145011
 31
0.0
  0
INSERT
  5
502
330
4FD
100
AcDbEntity
  8
TG
  6
Continuous
 62
     8
440
 16777216
370
    -2
100
AcDbBlockReference
  2
DIM1
 10
3105096.298093062
 20
154638.4615145011
 30
0.0
 41
187.5
 42
187.5
 43
187.5
 50
180.0
  0
INSERT
  5
503
330
4FD
100
AcDbEntity
  8
TG
  6
Continuous
 62
     8
440
 16777216
370
    -2
100
AcDbBlockReference
  2
DIM1
 10
3106350.420164431
 20
154638.4615145011
 30
0.0
 41
187.5
 42
187.5
 43
187.5
  0
MTEXT
  5
504
330
4FD
100
AcDbEntity
  8
TG
  6
Continuous
 62
     3
440
 16777216
100
AcDbMText
 10
3105723.359128746
 20
154856.3186573582
 30
0.0
 40
187.5
 41
0.0
 46
0.0
 71
     5
 72
     1
  1
\A1;S/5
  7
ROMANS
 73
     1
 44
1.0
  0
POINT
  5
505
330
4FD
100
AcDbEntity
  8
DEFPOINTS
  6
Continuous
 62
     0
440
 16777216
100
AcDbPoint
 10
3105096.298093062
 20
155891.5046639514
 30
0.0
  0
POINT
  5
506
330
4FD
100
AcDbEntity
  8
DEFPOINTS
  6
Continuous
 62
     0
440
 16777216
100
AcDbPoint
 10
3106350.420164431
 20
156658.2290029057
 30
0.0
  0
POINT
  5
507
330
4FD
100
AcDbEntity
  8
DEFPOINTS
  6
Continuous
 62
     0
440
 16777216
100
AcDbPoint
 10
3106350.420164431
 20
154638.4615145011
 30
0.0
  0
ENDBLK
  5
508
330
4FD
100
AcDbEntity
  8
0
 62
     1
100
AcDbBlockEnd
  0
BLOCK
  5
50A
330
509
100
AcDbEntity
  8
0
 62
     1
100
AcDbBlockBegin
  2
*D56
 70
     1
 10
0.0
 20
0.0
 30
0.0
  3
*D56
  1

  0
LINE
  5
50B
330
509
100
AcDbEntity
  8
TG
  6
Continuous
 62
     8
440
 16777216
370
    -2
100
AcDbLine
 10
3112473.367505525
 20
164880.3785003081
 30
0.0
 11
3110334.580659264
 21
164880.3785003081
 31
0.0
  0
LINE
  5
50C
330
509
100
AcDbEntity
  8
TG
  6
Continuous
 62
     8
440
 16777216
370
    -2
100
AcDbLine
 10
3112473.367505525
 20
168922.0734875242
 30
0.0
 11
3110334.580659264
 21
168922.0734875242
 31
0.0
  0
LINE
  5
50D
330
509
100
AcDbEntity
  8
TG
  6
Continuous
 62
     8
440
 16777216
370
    -2
100
AcDbLine
 10
3110409.580659264
 20
165067.8785003081
 30
0.0
 11
3110409.580659264
 21
168734.5734875242
 31
0.0
  0
INSERT
  5
50E
330
509
100
AcDbEntity
  8
TG
  6
Continuous
 62
     8
440
 16777216
370
    -2
100
AcDbBlockReference
  2
DIM1
 10
3110409.580659264
 20
164880.3785003081
 30
0.0
 41
187.5
 42
187.5
 43
187.5
 50
270.0
  0
INSERT
  5
50F
330
509
100
AcDbEntity
  8
TG
  6
Continuous
 62
     8
440
 16777216
370
    -2
100
AcDbBlockReference
  2
DIM1
 10
3110409.580659264
 20
168922.0734875242
 30
0.0
 41
187.5
 42
187.5
 43
187.5
 50
90.0
  0
MTEXT
  5
510
330
509
100
AcDbEntity
  8
TG
  6
Continuous
 62
     3
440
 16777216
100
AcDbMText
 10
3110222.973516406
 20
166901.2259939152
 30
0.0
 40
187.5
 41
0.0
 46
0.0
 71
     5
 72
     1
  1
\A1;LONG CLEAR SPAN "L"
  7
ROMANS
 11
0.0000000000000001
 21
1.0
 31
0.0
 73
     1
 44
1.0
  0
POINT
  5
511
330
509
100
AcDbEntity
  8
DEFPOINTS
  6
Continuous
 62
     0
440
 16777216
100
AcDbPoint
 10
3112548.367505525
 20
164880.3785003081
 30
0.0
  0
POINT
  5
512
330
509
100
AcDbEntity
  8
DEFPOINTS
  6
Continuous
 62
     0
440
 16777216
100
AcDbPoint
 10
3112548.367505525
 20
168922.0734875242
 30
0.0
  0
POINT
  5
513
330
509
100
AcDbEntity
  8
DEFPOINTS
  6
Continuous
 62
     0
440
 16777216
100
AcDbPoint
 10
3110409.580659264
 20
168922.0734875242
 30
0.0
  0
ENDBLK
  5
514
330
509
100
AcDbEntity
  8
0
 62
     1
100
AcDbBlockEnd
  0
BLOCK
  5
516
330
515
100
AcDbEntity
  8
0
 62
     1
100
AcDbBlockBegin
  2
*D57
 70
     1
 10
0.0
 20
0.0
 30
0.0
  3
*D57
  1

  0
LINE
  5
517
330
515
100
AcDbEntity
  8
TG
  6
Continuous
 62
     8
440
 16777216
370
    -2
100
AcDbLine
 10
3117385.697812972
 20
165890.8022471119
 30
0.0
 11
3111321.824051919
 21
165890.8022471119
 31
0.0
  0
LINE
  5
518
330
515
100
AcDbEntity
  8
TG
  6
Continuous
 62
     8
440
 16777216
370
    -2
100
AcDbLine
 10
3117385.697812972
 20
167911.6497407199
 30
0.0
 11
3111321.824051919
 21
167911.6497407199
 31
0.0
  0
LINE
  5
519
330
515
100
AcDbEntity
  8
TG
  6
Continuous
 62
     8
440
 16777216
370
    -2
100
AcDbLine
 10
3111396.824051919
 20
166078.3022471119
 30
0.0
 11
3111396.824051919
 21
167724.1497407199
 31
0.0
  0
INSERT
  5
51A
330
515
100
AcDbEntity
  8
TG
  6
Continuous
 62
     8
440
 16777216
370
    -2
100
AcDbBlockReference
  2
DIM1
 10
3111396.824051919
 20
165890.8022471119
 30
0.0
 41
187.5
 42
187.5
 43
187.5
 50
270.0
  0
INSERT
  5
51B
330
515
100
AcDbEntity
  8
TG
  6
Continuous
 62
     8
440
 16777216
370
    -2
100
AcDbBlockReference
  2
DIM1
 10
3111396.824051919
 20
167911.6497407199
 30
0.0
 41
187.5
 42
187.5
 43
187.5
 50
90.0
  0
MTEXT
  5
51C
330
515
100
AcDbEntity
  8
TG
  6
Continuous
 62
     3
440
 16777216
100
AcDbMText
 10
3111071.824051918
 20
166901.225993915
 30
0.0
 40
187.5
 41
0.0
 46
0.0
 71
     5
 72
     1
  1
\A1;MIDDLE\PSTRIP
  7
ROMANS
 11
0.0000000000000001
 21
1.0
 31
0.0
 73
     1
 44
1.0
  0
POINT
  5
51D
330
515
100
AcDbEntity
  8
DEFPOINTS
  6
Continuous
 62
     0
440
 16777216
100
AcDbPoint
 10
3117460.697812972
 20
165890.8022471119
 30
0.0
  0
POINT
  5
51E
330
515
100
AcDbEntity
  8
DEFPOINTS
  6
Continuous
 62
     0
440
 16777216
100
AcDbPoint
 10
3117460.697812972
 20
167911.6497407199
 30
0.0
  0
POINT
  5
51F
330
515
100
AcDbEntity
  8
DEFPOINTS
  6
Continuous
 62
     0
440
 16777216
100
AcDbPoint
 10
3111396.824051919
 20
167911.6497407199
 30
0.0
  0
ENDBLK
  5
520
330
515
100
AcDbEntity
  8
0
 62
     1
100
AcDbBlockEnd
  0
BLOCK
  5
522
330
521
100
AcDbEntity
  8
0
 62
     1
100
AcDbBlockBegin
  2
*D58
 70
     1
 10
0.0
 20
0.0
 30
0.0
  3
*D58
  1

  0
LINE
  5
523
330
521
100
AcDbEntity
  8
TG
  6
Continuous
 62
     8
440
 16777216
370
    -2
100
AcDbLine
 10
3112473.367505525
 20
164880.3785003081
 30
0.0
 11
3111321.824051919
 21
164880.3785003081
 31
0.0
  0
LINE
  5
524
330
521
100
AcDbEntity
  8
TG
  6
Continuous
 62
     8
440
 16777216
370
    -2
100
AcDbLine
 10
3117385.697812972
 20
165890.8022471119
 30
0.0
 11
3111321.824051919
 21
165890.8022471119
 31
0.0
  0
LINE
  5
525
330
521
100
AcDbEntity
  8
TG
  6
Continuous
 62
     8
440
 16777216
370
    -2
100
AcDbLine
 10
3111396.824051919
 20
165067.8785003081
 30
0.0
 11
3111396.824051919
 21
165703.3022471119
 31
0.0
  0
INSERT
  5
526
330
521
100
AcDbEntity
  8
TG
  6
Continuous
 62
     8
440
 16777216
370
    -2
100
AcDbBlockReference
  2
DIM1
 10
3111396.824051919
 20
164880.3785003081
 30
0.0
 41
187.5
 42
187.5
 43
187.5
 50
270.0
  0
INSERT
  5
527
330
521
100
AcDbEntity
  8
TG
  6
Continuous
 62
     8
440
 16777216
370
    -2
100
AcDbBlockReference
  2
DIM1
 10
3111396.824051919
 20
165890.8022471119
 30
0.0
 41
187.5
 42
187.5
 43
187.5
 50
90.0
  0
MTEXT
  5
528
330
521
100
AcDbEntity
  8
TG
  6
Continuous
 62
     3
440
 16777216
100
AcDbMText
 10
3111071.824051918
 20
165385.5903737091
 30
0.0
 40
187.5
 41
0.0
 46
0.0
 71
     5
 72
     1
  1
\A1;COL\PSTRIP
  7
ROMANS
 11
0.0000000000000001
 21
1.0
 31
0.0
 73
     1
 44
1.0
  0
MTEXT
  5
529
330
521
100
AcDbEntity
  8
TG
  6
Continuous
 62
     3
440
 16777216
100
AcDbMText
 10
3111614.681194776
 20
165385.5903737091
 30
0.0
 40
187.5
 41
0.0
 46
0.0
 71
     5
 72
     1
  1
\A1;S/4
  7
ROMANS
 11
0.0000000000000001
 21
1.0
 31
0.0
 73
     1
 44
1.0
  0
POINT
  5
52A
330
521
100
AcDbEntity
  8
DEFPOINTS
  6
Continuous
 62
     0
440
 16777216
100
AcDbPoint
 10
3112548.367505525
 20
164880.3785003081
 30
0.0
  0
POINT
  5
52B
330
521
100
AcDbEntity
  8
DEFPOINTS
  6
Continuous
 62
     0
440
 16777216
100
AcDbPoint
 10
3117460.697812972
 20
165890.8022471119
 30
0.0
  0
POINT
  5
52C
330
521
100
AcDbEntity
  8
DEFPOINTS
  6
Continuous
 62
     0
440
 16777216
100
AcDbPoint
 10
3111396.824051919
 20
165890.8022471119
 30
0.0
  0
ENDBLK
  5
52D
330
521
100
AcDbEntity
  8
0
 62
     1
100
AcDbBlockEnd
  0
BLOCK
  5
52F
330
52E
100
AcDbEntity
  8
0
 62
     1
100
AcDbBlockBegin
  2
*D59
 70
     1
 10
0.0
 20
0.0
 30
0.0
  3
*D59
  1

  0
LINE
  5
530
330
52E
100
AcDbEntity
  8
TG
  6
Continuous
 62
     8
440
 16777216
370
    -2
100
AcDbLine
 10
3112473.367505525
 20
168922.0734875242
 30
0.0
 11
3111321.824051919
 21
168922.0734875242
 31
0.0
  0
LINE
  5
531
330
52E
100
AcDbEntity
  8
TG
  6
Continuous
 62
     8
440
 16777216
370
    -2
100
AcDbLine
 10
3117385.697812972
 20
167911.6497407199
 30
0.0
 11
3111321.824051919
 21
167911.6497407199
 31
0.0
  0
LINE
  5
532
330
52E
100
AcDbEntity
  8
TG
  6
Continuous
 62
     8
440
 16777216
370
    -2
100
AcDbLine
 10
3111396.824051919
 20
168734.5734875242
 30
0.0
 11
3111396.824051919
 21
168099.1497407199
 31
0.0
  0
INSERT
  5
533
330
52E
100
AcDbEntity
  8
TG
  6
Continuous
 62
     8
440
 16777216
370
    -2
100
AcDbBlockReference
  2
DIM1
 10
3111396.824051919
 20
168922.0734875242
 30
0.0
 41
187.5
 42
187.5
 43
187.5
 50
90.0
  0
INSERT
  5
534
330
52E
100
AcDbEntity
  8
TG
  6
Continuous
 62
     8
440
 16777216
370
    -2
100
AcDbBlockReference
  2
DIM1
 10
3111396.824051919
 20
167911.6497407199
 30
0.0
 41
187.5
 42
187.5
 43
187.5
 50
270.0
  0
MTEXT
  5
535
330
52E
100
AcDbEntity
  8
TG
  6
Continuous
 62
     3
440
 16777216
100
AcDbMText
 10
3111071.824051918
 20
168416.8616141211
 30
0.0
 40
187.5
 41
0.0
 46
0.0
 71
     5
 72
     1
  1
\A1;COL\PSTRIP
  7
ROMANS
 11
0.0000000000000001
 21
1.0
 31
0.0
 73
     1
 44
1.0
  0
MTEXT
  5
536
330
52E
100
AcDbEntity
  8
TG
  6
Continuous
 62
     3
440
 16777216
100
AcDbMText
 10
3111614.681194776
 20
168416.8616141211
 30
0.0
 40
187.5
 41
0.0
 46
0.0
 71
     5
 72
     1
  1
\A1;S/4
  7
ROMANS
 11
0.0000000000000001
 21
1.0
 31
0.0
 73
     1
 44
1.0
  0
POINT
  5
537
330
52E
100
AcDbEntity
  8
DEFPOINTS
  6
Continuous
 62
     0
440
 16777216
100
AcDbPoint
 10
3112548.367505525
 20
168922.0734875242
 30
0.0
  0
POINT
  5
538
330
52E
100
AcDbEntity
  8
DEFPOINTS
  6
Continuous
 62
     0
440
 16777216
100
AcDbPoint
 10
3117460.697812972
 20
167911.6497407199
 30
0.0
  0
POINT
  5
539
330
52E
100
AcDbEntity
  8
DEFPOINTS
  6
Continuous
 62
     0
440
 16777216
100
AcDbPoint
 10
3111396.824051919
 20
167911.6497407199
 30
0.0
  0
ENDBLK
  5
53A
330
52E
100
AcDbEntity
  8
0
 62
     1
100
AcDbBlockEnd
  0
BLOCK
  5
53C
330
53B
100
AcDbEntity
  8
0
 62
     1
100
AcDbBlockBegin
  2
*D60
 70
     1
 10
0.0
 20
0.0
 30
0.0
  3
*D60
  1

  0
LINE
  5
53D
330
53B
100
AcDbEntity
  8
TG
  6
Continuous
 62
     8
440
 16777216
370
    -2
100
AcDbLine
 10
3096462.062721988
 20
165079.4261193557
 30
0.0
 11
3095310.519268382
 21
165079.4261193557
 31
0.0
  0
LINE
  5
53E
330
53B
100
AcDbEntity
  8
TG
  6
Continuous
 62
     8
440
 16777216
370
    -2
100
AcDbLine
 10
3097903.585770041
 20
166089.8498661597
 30
0.0
 11
3095310.519268382
 21
166089.8498661597
 31
0.0
  0
LINE
  5
53F
330
53B
100
AcDbEntity
  8
TG
  6
Continuous
 62
     8
440
 16777216
370
    -2
100
AcDbLine
 10
3095385.519268382
 20
165266.9261193557
 30
0.0
 11
3095385.519268382
 21
165902.3498661597
 31
0.0
  0
INSERT
  5
540
330
53B
100
AcDbEntity
  8
TG
  6
Continuous
 62
     8
440
 16777216
370
    -2
100
AcDbBlockReference
  2
DIM1
 10
3095385.519268382
 20
165079.4261193557
 30
0.0
 41
187.5
 42
187.5
 43
187.5
 50
270.0
  0
INSERT
  5
541
330
53B
100
AcDbEntity
  8
TG
  6
Continuous
 62
     8
440
 16777216
370
    -2
100
AcDbBlockReference
  2
DIM1
 10
3095385.519268382
 20
166089.8498661597
 30
0.0
 41
187.5
 42
187.5
 43
187.5
 50
90.0
  0
MTEXT
  5
542
330
53B
100
AcDbEntity
  8
TG
  6
Continuous
 62
     3
440
 16777216
100
AcDbMText
 10
3095060.519268382
 20
165584.6379927568
 30
0.0
 40
187.5
 41
0.0
 46
0.0
 71
     5
 72
     1
  1
\A1;COL\PSTRIP
  7
ROMANS
 11
0.0000000000000001
 21
1.0
 31
0.0
 73
     1
 44
1.0
  0
MTEXT
  5
543
330
53B
100
AcDbEntity
  8
TG
  6
Continuous
 62
     3
440
 16777216
100
AcDbMText
 10
3095603.376411239
 20
165584.6379927568
 30
0.0
 40
187.5
 41
0.0
 46
0.0
 71
     5
 72
     1
  1
\A1;L/4
  7
ROMANS
 11
0.0000000000000001
 21
1.0
 31
0.0
 73
     1
 44
1.0
  0
POINT
  5
544
330
53B
100
AcDbEntity
  8
DEFPOINTS
  6
Continuous
 62
     0
440
 16777216
100
AcDbPoint
 10
3096537.062721989
 20
165079.4261193557
 30
0.0
  0
POINT
  5
545
330
53B
100
AcDbEntity
  8
DEFPOINTS
  6
Continuous
 62
     0
440
 16777216
100
AcDbPoint
 10
3097978.585770042
 20
166089.8498661597
 30
0.0
  0
POINT
  5
546
330
53B
100
AcDbEntity
  8
DEFPOINTS
  6
Continuous
 62
     0
440
 16777216
100
AcDbPoint
 10
3095385.519268382
 20
166089.8498661597
 30
0.0
  0
ENDBLK
  5
547
330
53B
100
AcDbEntity
  8
0
 62
     1
100
AcDbBlockEnd
  0
BLOCK
  5
549
330
548
100
AcDbEntity
  8
0
 62
     1
100
AcDbBlockBegin
  2
*D61
 70
     1
 10
0.0
 20
0.0
 30
0.0
  3
*D61
  1

  0
LINE
  5
54A
330
548
100
AcDbEntity
  8
TG
  6
Continuous
 62
     8
440
 16777216
370
    -2
100
AcDbLine
 10
3096462.062721988
 20
169121.1211065717
 30
0.0
 11
3095310.519268382
 21
169121.1211065717
 31
0.0
  0
LINE
  5
54B
330
548
100
AcDbEntity
  8
TG
  6
Continuous
 62
     8
440
 16777216
370
    -2
100
AcDbLine
 10
3097903.585770041
 20
168110.6973597677
 30
0.0
 11
3095310.519268382
 21
168110.6973597677
 31
0.0
  0
LINE
  5
54C
330
548
100
AcDbEntity
  8
TG
  6
Continuous
 62
     8
440
 16777216
370
    -2
100
AcDbLine
 10
3095385.519268382
 20
168933.6211065717
 30
0.0
 11
3095385.519268382
 21
168298.1973597677
 31
0.0
  0
INSERT
  5
54D
330
548
100
AcDbEntity
  8
TG
  6
Continuous
 62
     8
440
 16777216
370
    -2
100
AcDbBlockReference
  2
DIM1
 10
3095385.519268382
 20
169121.1211065717
 30
0.0
 41
187.5
 42
187.5
 43
187.5
 50
90.0
  0
INSERT
  5
54E
330
548
100
AcDbEntity
  8
TG
  6
Continuous
 62
     8
440
 16777216
370
    -2
100
AcDbBlockReference
  2
DIM1
 10
3095385.519268382
 20
168110.6973597677
 30
0.0
 41
187.5
 42
187.5
 43
187.5
 50
270.0
  0
MTEXT
  5
54F
330
548
100
AcDbEntity
  8
TG
  6
Continuous
 62
     3
440
 16777216
100
AcDbMText
 10
3095060.519268382
 20
168615.9092331688
 30
0.0
 40
187.5
 41
0.0
 46
0.0
 71
     5
 72
     1
  1
\A1;COL\PSTRIP
  7
ROMANS
 11
0.0000000000000001
 21
1.0
 31
0.0
 73
     1
 44
1.0
  0
MTEXT
  5
550
330
548
100
AcDbEntity
  8
TG
  6
Continuous
 62
     3
440
 16777216
100
AcDbMText
 10
3095603.376411239
 20
168615.9092331688
 30
0.0
 40
187.5
 41
0.0
 46
0.0
 71
     5
 72
     1
  1
\A1;L/4
  7
ROMANS
 11
0.0000000000000001
 21
1.0
 31
0.0
 73
     1
 44
1.0
  0
POINT
  5
551
330
548
100
AcDbEntity
  8
DEFPOINTS
  6
Continuous
 62
     0
440
 16777216
100
AcDbPoint
 10
3096537.062721989
 20
169121.1211065717
 30
0.0
  0
POINT
  5
552
330
548
100
AcDbEntity
  8
DEFPOINTS
  6
Continuous
 62
     0
440
 16777216
100
AcDbPoint
 10
3097978.585770042
 20
168110.6973597677
 30
0.0
  0
POINT
  5
553
330
548
100
AcDbEntity
  8
DEFPOINTS
  6
Continuous
 62
     0
440
 16777216
100
AcDbPoint
 10
3095385.519268382
 20
168110.6973597677
 30
0.0
  0
ENDBLK
  5
554
330
548
100
AcDbEntity
  8
0
 62
     1
100
AcDbBlockEnd
  0
BLOCK
  5
556
330
555
100
AcDbEntity
  8
0
 62
     1
100
AcDbBlockBegin
  2
*D62
 70
     1
 10
0.0
 20
0.0
 30
0.0
  3
*D62
  1

  0
LINE
  5
557
330
555
100
AcDbEntity
  8
TR
 62
     8
440
 16777216
370
    -2
100
AcDbLine
 10
3053821.999524999
 20
163388.050388369
 30
0.0
 11
3053821.999524999
 21
162085.5982722422
 31
0.0
  0
LINE
  5
558
330
555
100
AcDbEntity
  8
TR
 62
     8
440
 16777216
370
    -2
100
AcDbLine
 10
3058203.92420655
 20
163388.050388369
 30
0.0
 11
3058203.92420655
 21
162085.5982722422
 31
0.0
  0
LINE
  5
559
330
555
100
AcDbEntity
  8
TR
 62
     8
440
 16777216
370
    -2
100
AcDbLine
 10
3054071.999524999
 20
162185.5982722422
 30
0.0
 11
3057953.924206549
 21
162185.5982722422
 31
0.0
  0
INSERT
  5
55A
330
555
100
AcDbEntity
  8
TR
 62
     8
440
 16777216
370
    -2
100
AcDbBlockReference
  2
DIM1
 10
3053821.999524999
 20
162185.5982722422
 30
0.0
 41
250.0
 42
250.0
 43
250.0
 50
180.0
  0
INSERT
  5
55B
330
555
100
AcDbEntity
  8
TR
 62
     8
440
 16777216
370
    -2
100
AcDbBlockReference
  2
DIM1
 10
3058203.92420655
 20
162185.5982722422
 30
0.0
 41
250.0
 42
250.0
 43
250.0
  0
MTEXT
  5
55C
330
555
100
AcDbEntity
  8
TR
 62
     3
440
 16777216
100
AcDbMText
 10
3056012.961865774
 20
162410.5982722422
 30
0.0
 40
250.0
 41
0.0
 46
0.0
 71
     5
 72
     1
  1
\A1;W
  7
ROMANS
 73
     1
 44
1.0
  0
MTEXT
  5
55D
330
555
100
AcDbEntity
  8
TR
 62
     3
440
 16777216
100
AcDbMText
 10
3056012.961865774
 20
161895.122081766
 30
0.0
 40
250.0
 41
0.0
 46
0.0
 71
     5
 72
     1
  1
\A1;(SEE SCHEDULE)
  7
ROMANS
 73
     1
 44
1.0
  0
POINT
  5
55E
330
555
100
AcDbEntity
  8
DEFPOINTS
 62
     0
440
 16777216
100
AcDbPoint
 10
3053821.999524999
 20
163488.0503883691
 30
0.0
  0
POINT
  5
55F
330
555
100
AcDbEntity
  8
DEFPOINTS
 62
     0
440
 16777216
100
AcDbPoint
 10
3058203.92420655
 20
163488.0503883691
 30
0.0
  0
POINT
  5
560
330
555
100
AcDbEntity
  8
DEFPOINTS
 62
     0
440
 16777216
100
AcDbPoint
 10
3058203.92420655
 20
162185.5982722422
 30
0.0
  0
ENDBLK
  5
561
330
555
100
AcDbEntity
  8
0
 62
     1
100
AcDbBlockEnd
  0
BLOCK
  5
563
330
562
100
AcDbEntity
  8
0
 62
     1
100
AcDbBlockBegin
  2
*D63
 70
     1
 10
0.0
 20
0.0
 30
0.0
  3
*D63
  1

  0
LINE
  5
564
330
562
100
AcDbEntity
  8
TR
 62
     8
440
 16777216
370
    -2
100
AcDbLine
 10
3057983.374459892
 20
168949.4492685391
 30
0.0
 11
3059902.61751058
 21
168949.4492685391
 31
0.0
  0
LINE
  5
565
330
562
100
AcDbEntity
  8
TR
 62
     8
440
 16777216
370
    -2
100
AcDbLine
 10
3057983.374459892
 20
167424.4370879211
 30
0.0
 11
3059902.61751058
 21
167424.4370879211
 31
0.0
  0
LINE
  5
566
330
562
100
AcDbEntity
  8
TR
 62
     8
440
 16777216
370
    -2
100
AcDbLine
 10
3059802.61751058
 20
168699.4492685391
 30
0.0
 11
3059802.61751058
 21
167674.4370879211
 31
0.0
  0
INSERT
  5
567
330
562
100
AcDbEntity
  8
TR
 62
     8
440
 16777216
370
    -2
100
AcDbBlockReference
  2
DIM1
 10
3059802.61751058
 20
168949.4492685391
 30
0.0
 41
250.0
 42
250.0
 43
250.0
 50
90.0
  0
INSERT
  5
568
330
562
100
AcDbEntity
  8
TR
 62
     8
440
 16777216
370
    -2
100
AcDbBlockReference
  2
DIM1
 10
3059802.61751058
 20
167424.4370879211
 30
0.0
 41
250.0
 42
250.0
 43
250.0
 50
270.0
  0
MTEXT
  5
569
330
562
100
AcDbEntity
  8
TR
 62
     3
440
 16777216
100
AcDbMText
 10
3059565.712748674
 20
168186.9431782292
 30
0.0
 40
250.0
 41
0.0
 46
0.0
 71
     5
 72
     1
  1
\A1;EQUAL 
  7
ROMANS
 11
0.0000000000000001
 21
1.0
 31
0.0
 73
     1
 44
1.0
  0
POINT
  5
56A
330
562
100
AcDbEntity
  8
DEFPOINTS
 62
     0
440
 16777216
100
AcDbPoint
 10
3057883.374459892
 20
168949.4492685391
 30
0.0
  0
POINT
  5
56B
330
562
100
AcDbEntity
  8
DEFPOINTS
 62
     0
440
 16777216
100
AcDbPoint
 10
3057883.374459892
 20
167424.4370879211
 30
0.0
  0
POINT
  5
56C
330
562
100
AcDbEntity
  8
DEFPOINTS
 62
     0
440
 16777216
100
AcDbPoint
 10
3059802.61751058
 20
167424.4370879211
 30
0.0
  0
ENDBLK
  5
56D
330
562
100
AcDbEntity
  8
0
 62
     1
100
AcDbBlockEnd
  0
BLOCK
  5
56F
330
56E
100
AcDbEntity
  8
0
 62
     1
100
AcDbBlockBegin
  2
*D64
 70
     1
 10
0.0
 20
0.0
 30
0.0
  3
*D64
  1

  0
LINE
  5
570
330
56E
100
AcDbEntity
  8
TR
 62
     8
440
 16777216
370
    -2
100
AcDbLine
 10
3057983.374459892
 20
165899.4249073031
 30
0.0
 11
3059902.61751058
 21
165899.4249073031
 31
0.0
  0
LINE
  5
571
330
56E
100
AcDbEntity
  8
TR
 62
     8
440
 16777216
370
    -2
100
AcDbLine
 10
3057983.374459892
 20
167424.4370879211
 30
0.0
 11
3059902.61751058
 21
167424.4370879211
 31
0.0
  0
LINE
  5
572
330
56E
100
AcDbEntity
  8
TR
 62
     8
440
 16777216
370
    -2
100
AcDbLine
 10
3059802.61751058
 20
166149.4249073031
 30
0.0
 11
3059802.61751058
 21
167174.4370879211
 31
0.0
  0
INSERT
  5
573
330
56E
100
AcDbEntity
  8
TR
 62
     8
440
 16777216
370
    -2
100
AcDbBlockReference
  2
DIM1
 10
3059802.61751058
 20
165899.4249073031
 30
0.0
 41
250.0
 42
250.0
 43
250.0
 50
270.0
  0
INSERT
  5
574
330
56E
100
AcDbEntity
  8
TR
 62
     8
440
 16777216
370
    -2
100
AcDbBlockReference
  2
DIM1
 10
3059802.61751058
 20
167424.4370879211
 30
0.0
 41
250.0
 42
250.0
 43
250.0
 50
90.0
  0
MTEXT
  5
575
330
56E
100
AcDbEntity
  8
TR
 62
     3
440
 16777216
100
AcDbMText
 10
3059565.712748674
 20
166661.9309976112
 30
0.0
 40
250.0
 41
0.0
 46
0.0
 71
     5
 72
     1
  1
\A1;EQUAL 
  7
ROMANS
 11
0.0000000000000001
 21
1.0
 31
0.0
 73
     1
 44
1.0
  0
POINT
  5
576
330
56E
100
AcDbEntity
  8
DEFPOINTS
 62
     0
440
 16777216
100
AcDbPoint
 10
3057883.374459892
 20
165899.4249073031
 30
0.0
  0
POINT
  5
577
330
56E
100
AcDbEntity
  8
DEFPOINTS
 62
     0
440
 16777216
100
AcDbPoint
 10
3057883.374459892
 20
167424.4370879211
 30
0.0
  0
POINT
  5
578
330
56E
100
AcDbEntity
  8
DEFPOINTS
 62
     0
440
 16777216
100
AcDbPoint
 10
3059802.61751058
 20
167424.4370879211
 30
0.0
  0
ENDBLK
  5
579
330
56E
100
AcDbEntity
  8
0
 62
     1
100
AcDbBlockEnd
  0
BLOCK
  5
57B
330
57A
100
AcDbEntity
  8
0
 62
     1
100
AcDbBlockBegin
  2
*D65
 70
     1
 10
0.0
 20
0.0
 30
0.0
  3
*D65
  1

  0
LINE
  5
57C
330
57A
100
AcDbEntity
  8
TR
 62
     8
440
 16777216
370
    -2
100
AcDbLine
 10
3057983.374459892
 20
165899.4249073017
 30
0.0
 11
3059902.61751058
 21
165899.4249073017
 31
0.0
  0
LINE
  5
57D
330
57A
100
AcDbEntity
  8
TR
 62
     8
440
 16777216
370
    -2
100
AcDbLine
 10
3057983.374459892
 20
164374.4127266836
 30
0.0
 11
3059902.61751058
 21
164374.4127266836
 31
0.0
  0
LINE
  5
57E
330
57A
100
AcDbEntity
  8
TR
 62
     8
440
 16777216
370
    -2
100
AcDbLine
 10
3059802.61751058
 20
165649.4249073016
 30
0.0
 11
3059802.61751058
 21
164624.4127266837
 31
0.0
  0
INSERT
  5
57F
330
57A
100
AcDbEntity
  8
TR
 62
     8
440
 16777216
370
    -2
100
AcDbBlockReference
  2
DIM1
 10
3059802.61751058
 20
165899.4249073017
 30
0.0
 41
250.0
 42
250.0
 43
250.0
 50
90.0
  0
INSERT
  5
580
330
57A
100
AcDbEntity
  8
TR
 62
     8
440
 16777216
370
    -2
100
AcDbBlockReference
  2
DIM1
 10
3059802.61751058
 20
164374.4127266836
 30
0.0
 41
250.0
 42
250.0
 43
250.0
 50
270.0
  0
MTEXT
  5
581
330
57A
100
AcDbEntity
  8
TR
 62
     3
440
 16777216
100
AcDbMText
 10
3059565.712748674
 20
165136.9188169918
 30
0.0
 40
250.0
 41
0.0
 46
0.0
 71
     5
 72
     1
  1
\A1;EQUAL 
  7
ROMANS
 11
0.0000000000000001
 21
1.0
 31
0.0
 73
     1
 44
1.0
  0
POINT
  5
582
330
57A
100
AcDbEntity
  8
DEFPOINTS
 62
     0
440
 16777216
100
AcDbPoint
 10
3057883.374459892
 20
165899.4249073017
 30
0.0
  0
POINT
  5
583
330
57A
100
AcDbEntity
  8
DEFPOINTS
 62
     0
440
 16777216
100
AcDbPoint
 10
3057883.374459892
 20
164374.4127266836
 30
0.0
  0
POINT
  5
584
330
57A
100
AcDbEntity
  8
DEFPOINTS
 62
     0
440
 16777216
100
AcDbPoint
 10
3059802.61751058
 20
164374.4127266836
 30
0.0
  0
ENDBLK
  5
585
330
57A
100
AcDbEntity
  8
0
 62
     1
100
AcDbBlockEnd
  0
BLOCK
  5
13EF
330
13EE
100
AcDbEntity
  8
0
100
AcDbBlockBegin
  2
*D67
 70
     1
 10
0.0
 20
0.0
 30
0.0
  3
*D67
  1

  0
LINE
  5
1AA9
330
13EE
100
AcDbEntity
  8
TG
  6
Continuous
 62
     8
440
 16777216
370
    -2
100
AcDbLine
 10
22279.29220680241
 20
22049.08424121857
 30
0.0
 11
22279.29220680241
 21
24691.49786879047
 31
0.0
  0
LINE
  5
1AAA
330
13EE
100
AcDbEntity
  8
TG
  6
Continuous
 62
     8
440
 16777216
370
    -2
100
AcDbLine
 10
23823.30628605373
 20
22549.54198035056
 30
0.0
 11
23823.30628605373
 21
24691.49786879047
 31
0.0
  0
LINE
  5
1AAB
330
13EE
100
AcDbEntity
  8
TG
  6
Continuous
 62
     8
440
 16777216
370
    -2
100
AcDbLine
 10
22466.79220680241
 20
24616.49786879047
 30
0.0
 11
23635.80628605373
 21
24616.49786879047
 31
0.0
  0
INSERT
  5
1AAC
330
13EE
100
AcDbEntity
  8
TG
  6
Continuous
 62
     8
440
 16777216
370
    -2
100
AcDbBlockReference
  2
DIM1
 10
22279.29220680241
 20
24616.49786879047
 30
0.0
 41
187.5
 42
187.5
 43
187.5
 50
180.0
  0
INSERT
  5
1AAD
330
13EE
100
AcDbEntity
  8
TG
  6
Continuous
 62
     8
440
 16777216
370
    -2
100
AcDbBlockReference
  2
DIM1
 10
23823.30628605373
 20
24616.49786879047
 30
0.0
 41
187.5
 42
187.5
 43
187.5
  0
MTEXT
  5
1AAE
330
13EE
100
AcDbEntity
  8
TG
  6
Continuous
 62
     3
440
 16777216
100
AcDbMText
 10
23051.29924642807
 20
24941.49786879046
 30
0.0
 40
187.5
 41
0.0
 46
0.0
 71
     5
 72
     1
  1
\A1;COL\PSTRIP
  7
ROMANS
 73
     1
 44
1.0
  0
MTEXT
  5
1AAF
330
13EE
100
AcDbEntity
  8
TG
  6
Continuous
 62
     3
440
 16777216
100
AcDbMText
 10
23051.29924642807
 20
24398.64072593333
 30
0.0
 40
187.5
 41
0.0
 46
0.0
 71
     5
 72
     1
  1
\A1;S/4
  7
ROMANS
 73
     1
 44
1.0
  0
POINT
  5
1AB0
330
13EE
100
AcDbEntity
  8
DEFPOINTS
  6
Continuous
 62
     0
440
 16777216
100
AcDbPoint
 10
22279.29220680241
 20
21974.08424121857
 30
0.0
  0
POINT
  5
1AB1
330
13EE
100
AcDbEntity
  8
DEFPOINTS
  6
Continuous
 62
     0
440
 16777216
100
AcDbPoint
 10
23823.30628605373
 20
22474.54198035057
 30
0.0
  0
POINT
  5
1AB2
330
13EE
100
AcDbEntity
  8
DEFPOINTS
  6
Continuous
 62
     0
440
 16777216
100
AcDbPoint
 10
23823.30628605373
 20
24616.49786879047
 30
0.0
  0
ENDBLK
  5
13F0
330
13EE
100
AcDbEntity
  8
0
100
AcDbBlockEnd
  0
BLOCK
  5
13FC
330
13FB
100
AcDbEntity
  8
0
100
AcDbBlockBegin
  2
*D68
 70
     1
 10
0.0
 20
0.0
 30
0.0
  3
*D68
  1

  0
LINE
  5
1AB3
330
13FB
100
AcDbEntity
  8
TG
  6
Continuous
 62
     8
440
 16777216
370
    -2
100
AcDbLine
 10
22279.29220680241
 20
21257.47433704714
 30
0.0
 11
22279.29220680241
 21
20004.43118759681
 31
0.0
  0
LINE
  5
1AB4
330
13FB
100
AcDbEntity
  8
TG
  6
Continuous
 62
     8
440
 16777216
370
    -2
100
AcDbLine
 10
23533.41427817149
 20
22024.19867600145
 30
0.0
 11
23533.41427817149
 21
20004.43118759681
 31
0.0
  0
LINE
  5
1AB5
330
13FB
100
AcDbEntity
  8
TG
  6
Continuous
 62
     8
440
 16777216
370
    -2
100
AcDbLine
 10
22466.79220680241
 20
20079.43118759681
 30
0.0
 11
23345.91427817149
 21
20079.43118759681
 31
0.0
  0
INSERT
  5
1AB6
330
13FB
100
AcDbEntity
  8
TG
  6
Continuous
 62
     8
440
 16777216
370
    -2
100
AcDbBlockReference
  2
DIM1
 10
22279.29220680241
 20
20079.43118759681
 30
0.0
 41
187.5
 42
187.5
 43
187.5
 50
180.0
  0
INSERT
  5
1AB7
330
13FB
100
AcDbEntity
  8
TG
  6
Continuous
 62
     8
440
 16777216
370
    -2
100
AcDbBlockReference
  2
DIM1
 10
23533.41427817149
 20
20079.43118759681
 30
0.0
 41
187.5
 42
187.5
 43
187.5
  0
MTEXT
  5
1AB8
330
13FB
100
AcDbEntity
  8
TG
  6
Continuous
 62
     3
440
 16777216
100
AcDbMText
 10
22906.35324248695
 20
20297.28833045395
 30
0.0
 40
187.5
 41
0.0
 46
0.0
 71
     5
 72
     1
  1
\A1;S/5
  7
ROMANS
 73
     1
 44
1.0
  0
POINT
  5
1AB9
330
13FB
100
AcDbEntity
  8
DEFPOINTS
  6
Continuous
 62
     0
440
 16777216
100
AcDbPoint
 10
22279.29220680241
 20
21332.47433704714
 30
0.0
  0
POINT
  5
1ABA
330
13FB
100
AcDbEntity
  8
DEFPOINTS
  6
Continuous
 62
     0
440
 16777216
100
AcDbPoint
 10
23533.41427817149
 20
22099.19867600146
 30
0.0
  0
POINT
  5
1ABB
330
13FB
100
AcDbEntity
  8
DEFPOINTS
  6
Continuous
 62
     0
440
 16777216
100
AcDbPoint
 10
23533.41427817149
 20
20079.43118759681
 30
0.0
  0
ENDBLK
  5
13FD
330
13FB
100
AcDbEntity
  8
0
100
AcDbBlockEnd
  0
BLOCK
  5
1408
330
1407
100
AcDbEntity
  8
0
100
AcDbBlockBegin
  2
*D69
 70
     1
 10
0.0
 20
0.0
 30
0.0
  3
*D69
  1

  0
LINE
  5
1ABC
330
1407
100
AcDbEntity
  8
TG
  6
Continuous
 62
     8
440
 16777216
370
    -2
100
AcDbLine
 10
29656.36161926437
 20
30321.34817340384
 30
0.0
 11
27517.57477300485
 21
30321.34817340384
 31
0.0
  0
LINE
  5
1ABD
330
1407
100
AcDbEntity
  8
TG
  6
Continuous
 62
     8
440
 16777216
370
    -2
100
AcDbLine
 10
29656.36161926437
 20
34363.04316061987
 30
0.0
 11
27517.57477300485
 21
34363.04316061987
 31
0.0
  0
LINE
  5
1ABE
330
1407
100
AcDbEntity
  8
TG
  6
Continuous
 62
     8
440
 16777216
370
    -2
100
AcDbLine
 10
27592.57477300485
 20
30508.84817340384
 30
0.0
 11
27592.57477300485
 21
34175.54316061987
 31
0.0
  0
INSERT
  5
1ABF
330
1407
100
AcDbEntity
  8
TG
  6
Continuous
 62
     8
440
 16777216
370
    -2
100
AcDbBlockReference
  2
DIM1
 10
27592.57477300485
 20
30321.34817340384
 30
0.0
 41
187.5
 42
187.5
 43
187.5
 50
270.0
  0
INSERT
  5
1AC0
330
1407
100
AcDbEntity
  8
TG
  6
Continuous
 62
     8
440
 16777216
370
    -2
100
AcDbBlockReference
  2
DIM1
 10
27592.57477300485
 20
34363.04316061987
 30
0.0
 41
187.5
 42
187.5
 43
187.5
 50
90.0
  0
MTEXT
  5
1AC1
330
1407
100
AcDbEntity
  8
TG
  6
Continuous
 62
     3
440
 16777216
100
AcDbMText
 10
27405.96763014771
 20
32342.19566701184
 30
0.0
 40
187.5
 41
0.0
 46
0.0
 71
     5
 72
     1
  1
\A1;LONG CLEAR SPAN "L"
  7
ROMANS
 11
0.0000000000000001
 21
1.0
 31
0.0
 73
     1
 44
1.0
  0
POINT
  5
1AC2
330
1407
100
AcDbEntity
  8
DEFPOINTS
  6
Continuous
 62
     0
440
 16777216
100
AcDbPoint
 10
29731.36161926437
 20
30321.34817340384
 30
0.0
  0
POINT
  5
1AC3
330
1407
100
AcDbEntity
  8
DEFPOINTS
  6
Continuous
 62
     0
440
 16777216
100
AcDbPoint
 10
29731.36161926437
 20
34363.04316061987
 30
0.0
  0
POINT
  5
1AC4
330
1407
100
AcDbEntity
  8
DEFPOINTS
  6
Continuous
 62
     0
440
 16777216
100
AcDbPoint
 10
27592.57477300485
 20
34363.04316061987
 30
0.0
  0
ENDBLK
  5
1409
330
1407
100
AcDbEntity
  8
0
100
AcDbBlockEnd
  0
BLOCK
  5
1414
330
1413
100
AcDbEntity
  8
0
100
AcDbBlockBegin
  2
*D70
 70
     1
 10
0.0
 20
0.0
 30
0.0
  3
*D70
  1

  0
LINE
  5
1AC5
330
1413
100
AcDbEntity
  8
TG
  6
Continuous
 62
     8
440
 16777216
370
    -2
100
AcDbLine
 10
34568.69192671125
 20
31331.77192020761
 30
0.0
 11
28504.81816565908
 21
31331.77192020761
 31
0.0
  0
LINE
  5
1AC6
330
1413
100
AcDbEntity
  8
TG
  6
Continuous
 62
     8
440
 16777216
370
    -2
100
AcDbLine
 10
34568.69192671125
 20
33352.61941381563
 30
0.0
 11
28504.81816565908
 21
33352.61941381563
 31
0.0
  0
LINE
  5
1AC7
330
1413
100
AcDbEntity
  8
TG
  6
Continuous
 62
     8
440
 16777216
370
    -2
100
AcDbLine
 10
28579.81816565907
 20
31519.27192020761
 30
0.0
 11
28579.81816565907
 21
33165.11941381563
 31
0.0
  0
INSERT
  5
1AC8
330
1413
100
AcDbEntity
  8
TG
  6
Continuous
 62
     8
440
 16777216
370
    -2
100
AcDbBlockReference
  2
DIM1
 10
28579.81816565907
 20
31331.77192020761
 30
0.0
 41
187.5
 42
187.5
 43
187.5
 50
270.0
  0
INSERT
  5
1AC9
330
1413
100
AcDbEntity
  8
TG
  6
Continuous
 62
     8
440
 16777216
370
    -2
100
AcDbBlockReference
  2
DIM1
 10
28579.81816565907
 20
33352.61941381563
 30
0.0
 41
187.5
 42
187.5
 43
187.5
 50
90.0
  0
MTEXT
  5
1ACA
330
1413
100
AcDbEntity
  8
TG
  6
Continuous
 62
     3
440
 16777216
100
AcDbMText
 10
28254.81816565908
 20
32342.19566701161
 30
0.0
 40
187.5
 41
0.0
 46
0.0
 71
     5
 72
     1
  1
\A1;MIDDLE\PSTRIP
  7
ROMANS
 11
0.0000000000000001
 21
1.0
 31
0.0
 73
     1
 44
1.0
  0
POINT
  5
1ACB
330
1413
100
AcDbEntity
  8
DEFPOINTS
  6
Continuous
 62
     0
440
 16777216
100
AcDbPoint
 10
34643.69192671125
 20
31331.77192020761
 30
0.0
  0
POINT
  5
1ACC
330
1413
100
AcDbEntity
  8
DEFPOINTS
  6
Continuous
 62
     0
440
 16777216
100
AcDbPoint
 10
34643.69192671125
 20
33352.61941381563
 30
0.0
  0
POINT
  5
1ACD
330
1413
100
AcDbEntity
  8
DEFPOINTS
  6
Continuous
 62
     0
440
 16777216
100
AcDbPoint
 10
28579.81816565907
 20
33352.61941381563
 30
0.0
  0
ENDBLK
  5
1415
330
1413
100
AcDbEntity
  8
0
100
AcDbBlockEnd
  0
BLOCK
  5
1420
330
141F
100
AcDbEntity
  8
0
100
AcDbBlockBegin
  2
*D71
 70
     1
 10
0.0
 20
0.0
 30
0.0
  3
*D71
  1

  0
LINE
  5
1ACE
330
141F
100
AcDbEntity
  8
TG
  6
Continuous
 62
     8
440
 16777216
370
    -2
100
AcDbLine
 10
29656.36161926437
 20
30321.34817340384
 30
0.0
 11
28504.81816565908
 21
30321.34817340384
 31
0.0
  0
LINE
  5
1ACF
330
141F
100
AcDbEntity
  8
TG
  6
Continuous
 62
     8
440
 16777216
370
    -2
100
AcDbLine
 10
34568.69192671125
 20
31331.77192020761
 30
0.0
 11
28504.81816565908
 21
31331.77192020761
 31
0.0
  0
LINE
  5
1AD0
330
141F
100
AcDbEntity
  8
TG
  6
Continuous
 62
     8
440
 16777216
370
    -2
100
AcDbLine
 10
28579.81816565907
 20
30508.84817340384
 30
0.0
 11
28579.81816565907
 21
31144.27192020761
 31
0.0
  0
INSERT
  5
1AD1
330
141F
100
AcDbEntity
  8
TG
  6
Continuous
 62
     8
440
 16777216
370
    -2
100
AcDbBlockReference
  2
DIM1
 10
28579.81816565907
 20
30321.34817340384
 30
0.0
 41
187.5
 42
187.5
 43
187.5
 50
270.0
  0
INSERT
  5
1AD2
330
141F
100
AcDbEntity
  8
TG
  6
Continuous
 62
     8
440
 16777216
370
    -2
100
AcDbBlockReference
  2
DIM1
 10
28579.81816565907
 20
31331.77192020761
 30
0.0
 41
187.5
 42
187.5
 43
187.5
 50
90.0
  0
MTEXT
  5
1AD3
330
141F
100
AcDbEntity
  8
TG
  6
Continuous
 62
     3
440
 16777216
100
AcDbMText
 10
28254.81816565908
 20
30826.56004680571
 30
0.0
 40
187.5
 41
0.0
 46
0.0
 71
     5
 72
     1
  1
\A1;COL\PSTRIP
  7
ROMANS
 11
0.0000000000000001
 21
1.0
 31
0.0
 73
     1
 44
1.0
  0
MTEXT
  5
1AD4
330
141F
100
AcDbEntity
  8
TG
  6
Continuous
 62
     3
440
 16777216
100
AcDbMText
 10
28797.67530851622
 20
30826.56004680571
 30
0.0
 40
187.5
 41
0.0
 46
0.0
 71
     5
 72
     1
  1
\A1;S/4
  7
ROMANS
 11
0.0000000000000001
 21
1.0
 31
0.0
 73
     1
 44
1.0
  0
POINT
  5
1AD5
330
141F
100
AcDbEntity
  8
DEFPOINTS
  6
Continuous
 62
     0
440
 16777216
100
AcDbPoint
 10
29731.36161926437
 20
30321.34817340384
 30
0.0
  0
POINT
  5
1AD6
330
141F
100
AcDbEntity
  8
DEFPOINTS
  6
Continuous
 62
     0
440
 16777216
100
AcDbPoint
 10
34643.69192671125
 20
31331.77192020761
 30
0.0
  0
POINT
  5
1AD7
330
141F
100
AcDbEntity
  8
DEFPOINTS
  6
Continuous
 62
     0
440
 16777216
100
AcDbPoint
 10
28579.81816565907
 20
31331.77192020761
 30
0.0
  0
ENDBLK
  5
1421
330
141F
100
AcDbEntity
  8
0
100
AcDbBlockEnd
  0
BLOCK
  5
142D
330
142C
100
AcDbEntity
  8
0
100
AcDbBlockBegin
  2
*D72
 70
     1
 10
0.0
 20
0.0
 30
0.0
  3
*D72
  1

  0
LINE
  5
1B1C
330
142C
100
AcDbEntity
  8
TG
  6
Continuous
 62
     8
440
 16777216
370
    -2
100
AcDbLine
 10
15086.5798837808
 20
31530.81953925542
 30
0.0
 11
12493.51338212248
 21
31530.81953925542
 31
0.0
  0
LINE
  5
1B1D
330
142C
100
AcDbEntity
  8
TG
  6
Continuous
 62
     8
440
 16777216
370
    -2
100
AcDbLine
 10
15086.5798837808
 20
33551.66703286344
 30
0.0
 11
12493.51338212248
 21
33551.66703286344
 31
0.0
  0
LINE
  5
1B1E
330
142C
100
AcDbEntity
  8
TG
  6
Continuous
 62
     8
440
 16777216
370
    -2
100
AcDbLine
 10
12568.51338212248
 20
31718.31953925542
 30
0.0
 11
12568.51338212248
 21
33364.16703286344
 31
0.0
  0
INSERT
  5
1B1F
330
142C
100
AcDbEntity
  8
TG
  6
Continuous
 62
     8
440
 16777216
370
    -2
100
AcDbBlockReference
  2
DIM1
 10
12568.51338212248
 20
31530.81953925542
 30
0.0
 41
187.5
 42
187.5
 43
187.5
 50
270.0
  0
INSERT
  5
1B20
330
142C
100
AcDbEntity
  8
TG
  6
Continuous
 62
     8
440
 16777216
370
    -2
100
AcDbBlockReference
  2
DIM1
 10
12568.51338212248
 20
33551.66703286344
 30
0.0
 41
187.5
 42
187.5
 43
187.5
 50
90.0
  0
MTEXT
  5
1B21
330
142C
100
AcDbEntity
  8
TG
  6
Continuous
 62
     3
440
 16777216
100
AcDbMText
 10
12243.51338212248
 20
32541.24328605942
 30
0.0
 40
187.5
 41
0.0
 46
0.0
 71
     5
 72
     1
  1
\A1;MIDDLE\PSTRIP
  7
ROMANS
 11
0.0000000000000001
 21
1.0
 31
0.0
 73
     1
 44
1.0
  0
MTEXT
  5
1B22
330
142C
100
AcDbEntity
  8
TG
  6
Continuous
 62
     3
440
 16777216
100
AcDbMText
 10
12786.37052497963
 20
32541.24328605942
 30
0.0
 40
187.5
 41
0.0
 46
0.0
 71
     5
 72
     1
  1
\A1;L/2
  7
ROMANS
 11
0.0000000000000001
 21
1.0
 31
0.0
 73
     1
 44
1.0
  0
POINT
  5
1B23
330
142C
100
AcDbEntity
  8
DEFPOINTS
  6
Continuous
 62
     0
440
 16777216
100
AcDbPoint
 10
15161.5798837808
 20
31530.81953925542
 30
0.0
  0
POINT
  5
1B24
330
142C
100
AcDbEntity
  8
DEFPOINTS
  6
Continuous
 62
     0
440
 16777216
100
AcDbPoint
 10
15161.5798837808
 20
33551.66703286344
 30
0.0
  0
POINT
  5
1B25
330
142C
100
AcDbEntity
  8
DEFPOINTS
  6
Continuous
 62
     0
440
 16777216
100
AcDbPoint
 10
12568.51338212248
 20
33551.66703286344
 30
0.0
  0
ENDBLK
  5
142E
330
142C
100
AcDbEntity
  8
0
100
AcDbBlockEnd
  0
BLOCK
  5
143A
330
1439
100
AcDbEntity
  8
0
100
AcDbBlockBegin
  2
*D73
 70
     1
 10
0.0
 20
0.0
 30
0.0
  3
*D73
  1

  0
LINE
  5
1B26
330
1439
100
AcDbEntity
  8
TG
  6
Continuous
 62
     8
440
 16777216
370
    -2
100
AcDbLine
 10
13645.05683572777
 20
30520.39579245141
 30
0.0
 11
11506.26998946825
 21
30520.39579245141
 31
0.0
  0
LINE
  5
1B27
330
1439
100
AcDbEntity
  8
TG
  6
Continuous
 62
     8
440
 16777216
370
    -2
100
AcDbLine
 10
13645.05683572777
 20
34562.09077966744
 30
0.0
 11
11506.26998946825
 21
34562.09077966744
 31
0.0
  0
LINE
  5
1B28
330
1439
100
AcDbEntity
  8
TG
  6
Continuous
 62
     8
440
 16777216
370
    -2
100
AcDbLine
 10
11581.26998946825
 20
30707.89579245141
 30
0.0
 11
11581.26998946825
 21
34374.59077966745
 31
0.0
  0
INSERT
  5
1B29
330
1439
100
AcDbEntity
  8
TG
  6
Continuous
 62
     8
440
 16777216
370
    -2
100
AcDbBlockReference
  2
DIM1
 10
11581.26998946825
 20
30520.39579245141
 30
0.0
 41
187.5
 42
187.5
 43
187.5
 50
270.0
  0
INSERT
  5
1B2A
330
1439
100
AcDbEntity
  8
TG
  6
Continuous
 62
     8
440
 16777216
370
    -2
100
AcDbBlockReference
  2
DIM1
 10
11581.26998946825
 20
34562.09077966744
 30
0.0
 41
187.5
 42
187.5
 43
187.5
 50
90.0
  0
MTEXT
  5
1B2B
330
1439
100
AcDbEntity
  8
TG
  6
Continuous
 62
     3
440
 16777216
100
AcDbMText
 10
11394.66284661111
 20
32541.24328605942
 30
0.0
 40
187.5
 41
0.0
 46
0.0
 71
     5
 72
     1
  1
\A1;LONG CLEAR SPAN "L"
  7
ROMANS
 11
0.0000000000000001
 21
1.0
 31
0.0
 73
     1
 44
1.0
  0
POINT
  5
1B2C
330
1439
100
AcDbEntity
  8
DEFPOINTS
  6
Continuous
 62
     0
440
 16777216
100
AcDbPoint
 10
13720.05683572777
 20
30520.39579245141
 30
0.0
  0
POINT
  5
1B2D
330
1439
100
AcDbEntity
  8
DEFPOINTS
  6
Continuous
 62
     0
440
 16777216
100
AcDbPoint
 10
13720.05683572777
 20
34562.09077966744
 30
0.0
  0
POINT
  5
1B2E
330
1439
100
AcDbEntity
  8
DEFPOINTS
  6
Continuous
 62
     0
440
 16777216
100
AcDbPoint
 10
11581.26998946825
 20
34562.09077966744
 30
0.0
  0
ENDBLK
  5
143B
330
1439
100
AcDbEntity
  8
0
100
AcDbBlockEnd
  0
BLOCK
  5
1446
330
1445
100
AcDbEntity
  8
0
100
AcDbBlockBegin
  2
*D74
 70
     1
 10
0.0
 20
0.0
 30
0.0
  3
*D74
  1

  0
LINE
  5
1B2F
330
1445
100
AcDbEntity
  8
TG
  6
Continuous
 62
     8
440
 16777216
370
    -2
100
AcDbLine
 10
13645.05683572777
 20
30520.39579245141
 30
0.0
 11
12493.51338212248
 21
30520.39579245141
 31
0.0
  0
LINE
  5
1B30
330
1445
100
AcDbEntity
  8
TG
  6
Continuous
 62
     8
440
 16777216
370
    -2
100
AcDbLine
 10
15086.5798837808
 20
31530.81953925542
 30
0.0
 11
12493.51338212248
 21
31530.81953925542
 31
0.0
  0
LINE
  5
1B31
330
1445
100
AcDbEntity
  8
TG
  6
Continuous
 62
     8
440
 16777216
370
    -2
100
AcDbLine
 10
12568.51338212248
 20
30707.89579245141
 30
0.0
 11
12568.51338212248
 21
31343.31953925542
 31
0.0
  0
INSERT
  5
1B32
330
1445
100
AcDbEntity
  8
TG
  6
Continuous
 62
     8
440
 16777216
370
    -2
100
AcDbBlockReference
  2
DIM1
 10
12568.51338212248
 20
30520.39579245141
 30
0.0
 41
187.5
 42
187.5
 43
187.5
 50
270.0
  0
INSERT
  5
1B33
330
1445
100
AcDbEntity
  8
TG
  6
Continuous
 62
     8
440
 16777216
370
    -2
100
AcDbBlockReference
  2
DIM1
 10
12568.51338212248
 20
31530.81953925542
 30
0.0
 41
187.5
 42
187.5
 43
187.5
 50
90.0
  0
MTEXT
  5
1B34
330
1445
100
AcDbEntity
  8
TG
  6
Continuous
 62
     3
440
 16777216
100
AcDbMText
 10
12243.51338212248
 20
31025.6076658534
 30
0.0
 40
187.5
 41
0.0
 46
0.0
 71
     5
 72
     1
  1
\A1;COL\PSTRIP
  7
ROMANS
 11
0.0000000000000001
 21
1.0
 31
0.0
 73
     1
 44
1.0
  0
MTEXT
  5
1B35
330
1445
100
AcDbEntity
  8
TG
  6
Continuous
 62
     3
440
 16777216
100
AcDbMText
 10
12786.37052497963
 20
31025.6076658534
 30
0.0
 40
187.5
 41
0.0
 46
0.0
 71
     5
 72
     1
  1
\A1;L/4
  7
ROMANS
 11
0.0000000000000001
 21
1.0
 31
0.0
 73
     1
 44
1.0
  0
POINT
  5
1B36
330
1445
100
AcDbEntity
  8
DEFPOINTS
  6
Continuous
 62
     0
440
 16777216
100
AcDbPoint
 10
13720.05683572777
 20
30520.39579245141
 30
0.0
  0
POINT
  5
1B37
330
1445
100
AcDbEntity
  8
DEFPOINTS
  6
Continuous
 62
     0
440
 16777216
100
AcDbPoint
 10
15161.5798837808
 20
31530.81953925542
 30
0.0
  0
POINT
  5
1B38
330
1445
100
AcDbEntity
  8
DEFPOINTS
  6
Continuous
 62
     0
440
 16777216
100
AcDbPoint
 10
12568.51338212248
 20
31530.81953925542
 30
0.0
  0
ENDBLK
  5
1447
330
1445
100
AcDbEntity
  8
0
100
AcDbBlockEnd
  0
BLOCK
  5
1453
330
1452
100
AcDbEntity
  8
0
100
AcDbBlockBegin
  2
*D75
 70
     1
 10
0.0
 20
0.0
 30
0.0
  3
*D75
  1

  0
LINE
  5
1B39
330
1452
100
AcDbEntity
  8
TG
  6
Continuous
 62
     8
440
 16777216
370
    -2
100
AcDbLine
 10
13645.05683572777
 20
34562.09077966744
 30
0.0
 11
12493.51338212248
 21
34562.09077966744
 31
0.0
  0
LINE
  5
1B3A
330
1452
100
AcDbEntity
  8
TG
  6
Continuous
 62
     8
440
 16777216
370
    -2
100
AcDbLine
 10
15086.5798837808
 20
33551.66703286344
 30
0.0
 11
12493.51338212248
 21
33551.66703286344
 31
0.0
  0
LINE
  5
1B3B
330
1452
100
AcDbEntity
  8
TG
  6
Continuous
 62
     8
440
 16777216
370
    -2
100
AcDbLine
 10
12568.51338212248
 20
34374.59077966745
 30
0.0
 11
12568.51338212248
 21
33739.16703286344
 31
0.0
  0
INSERT
  5
1B3C
330
1452
100
AcDbEntity
  8
TG
  6
Continuous
 62
     8
440
 16777216
370
    -2
100
AcDbBlockReference
  2
DIM1
 10
12568.51338212248
 20
34562.09077966744
 30
0.0
 41
187.5
 42
187.5
 43
187.5
 50
90.0
  0
INSERT
  5
1B3D
330
1452
100
AcDbEntity
  8
TG
  6
Continuous
 62
     8
440
 16777216
370
    -2
100
AcDbBlockReference
  2
DIM1
 10
12568.51338212248
 20
33551.66703286344
 30
0.0
 41
187.5
 42
187.5
 43
187.5
 50
270.0
  0
MTEXT
  5
1B3E
330
1452
100
AcDbEntity
  8
TG
  6
Continuous
 62
     3
440
 16777216
100
AcDbMText
 10
12243.51338212248
 20
34056.87890626543
 30
0.0
 40
187.5
 41
0.0
 46
0.0
 71
     5
 72
     1
  1
\A1;COL\PSTRIP
  7
ROMANS
 11
0.0000000000000001
 21
1.0
 31
0.0
 73
     1
 44
1.0
  0
MTEXT
  5
1B3F
330
1452
100
AcDbEntity
  8
TG
  6
Continuous
 62
     3
440
 16777216
100
AcDbMText
 10
12786.37052497963
 20
34056.87890626543
 30
0.0
 40
187.5
 41
0.0
 46
0.0
 71
     5
 72
     1
  1
\A1;L/4
  7
ROMANS
 11
0.0000000000000001
 21
1.0
 31
0.0
 73
     1
 44
1.0
  0
POINT
  5
1B40
330
1452
100
AcDbEntity
  8
DEFPOINTS
  6
Continuous
 62
     0
440
 16777216
100
AcDbPoint
 10
13720.05683572777
 20
34562.09077966744
 30
0.0
  0
POINT
  5
1B41
330
1452
100
AcDbEntity
  8
DEFPOINTS
  6
Continuous
 62
     0
440
 16777216
100
AcDbPoint
 10
15161.5798837808
 20
33551.66703286344
 30
0.0
  0
POINT
  5
1B42
330
1452
100
AcDbEntity
  8
DEFPOINTS
  6
Continuous
 62
     0
440
 16777216
100
AcDbPoint
 10
12568.51338212248
 20
33551.66703286344
 30
0.0
  0
ENDBLK
  5
1454
330
1452
100
AcDbEntity
  8
0
100
AcDbBlockEnd
  0
BLOCK
  5
1460
330
145F
100
AcDbEntity
  8
0
100
AcDbBlockBegin
  2
*D76
 70
     1
 10
0.0
 20
0.0
 30
0.0
  3
*D76
  1

  0
LINE
  5
1AD8
330
145F
100
AcDbEntity
  8
TG
  6
Continuous
 62
     8
440
 16777216
370
    -2
100
AcDbLine
 10
29656.36161926437
 20
34363.04316061987
 30
0.0
 11
28504.81816565908
 21
34363.04316061987
 31
0.0
  0
LINE
  5
1AD9
330
145F
100
AcDbEntity
  8
TG
  6
Continuous
 62
     8
440
 16777216
370
    -2
100
AcDbLine
 10
34568.69192671125
 20
33352.61941381563
 30
0.0
 11
28504.81816565908
 21
33352.61941381563
 31
0.0
  0
LINE
  5
1ADA
330
145F
100
AcDbEntity
  8
TG
  6
Continuous
 62
     8
440
 16777216
370
    -2
100
AcDbLine
 10
28579.81816565907
 20
34175.54316061987
 30
0.0
 11
28579.81816565907
 21
33540.11941381563
 31
0.0
  0
INSERT
  5
1ADB
330
145F
100
AcDbEntity
  8
TG
  6
Continuous
 62
     8
440
 16777216
370
    -2
100
AcDbBlockReference
  2
DIM1
 10
28579.81816565907
 20
34363.04316061987
 30
0.0
 41
187.5
 42
187.5
 43
187.5
 50
90.0
  0
INSERT
  5
1ADC
330
145F
100
AcDbEntity
  8
TG
  6
Continuous
 62
     8
440
 16777216
370
    -2
100
AcDbBlockReference
  2
DIM1
 10
28579.81816565907
 20
33352.61941381563
 30
0.0
 41
187.5
 42
187.5
 43
187.5
 50
270.0
  0
MTEXT
  5
1ADD
330
145F
100
AcDbEntity
  8
TG
  6
Continuous
 62
     3
440
 16777216
100
AcDbMText
 10
28254.81816565908
 20
33857.83128721774
 30
0.0
 40
187.5
 41
0.0
 46
0.0
 71
     5
 72
     1
  1
\A1;COL\PSTRIP
  7
ROMANS
 11
0.0000000000000001
 21
1.0
 31
0.0
 73
     1
 44
1.0
  0
MTEXT
  5
1ADE
330
145F
100
AcDbEntity
  8
TG
  6
Continuous
 62
     3
440
 16777216
100
AcDbMText
 10
28797.67530851622
 20
33857.83128721774
 30
0.0
 40
187.5
 41
0.0
 46
0.0
 71
     5
 72
     1
  1
\A1;S/4
  7
ROMANS
 11
0.0000000000000001
 21
1.0
 31
0.0
 73
     1
 44
1.0
  0
POINT
  5
1ADF
330
145F
100
AcDbEntity
  8
DEFPOINTS
  6
Continuous
 62
     0
440
 16777216
100
AcDbPoint
 10
29731.36161926437
 20
34363.04316061987
 30
0.0
  0
POINT
  5
1AE0
330
145F
100
AcDbEntity
  8
DEFPOINTS
  6
Continuous
 62
     0
440
 16777216
100
AcDbPoint
 10
34643.69192671125
 20
33352.61941381563
 30
0.0
  0
POINT
  5
1AE1
330
145F
100
AcDbEntity
  8
DEFPOINTS
  6
Continuous
 62
     0
440
 16777216
100
AcDbPoint
 10
28579.81816565907
 20
33352.61941381563
 30
0.0
  0
ENDBLK
  5
1461
330
145F
100
AcDbEntity
  8
0
100
AcDbBlockEnd
  0
BLOCK
  5
146D
330
146C
100
AcDbEntity
  8
0
100
AcDbBlockBegin
  2
*D77
 70
     1
 10
0.0
 20
0.0
 30
0.0
  3
*D77
  1

  0
LINE
  5
1AE2
330
146C
100
AcDbEntity
  8
TG
  6
Continuous
 62
     8
440
 16777216
370
    -2
100
AcDbLine
 10
22253.23463677429
 20
36665.03295210883
 30
0.0
 11
22253.23463677429
 21
37202.25544573384
 31
0.0
  0
LINE
  5
1AE3
330
146C
100
AcDbEntity
  8
TG
  6
Continuous
 62
     8
440
 16777216
370
    -2
100
AcDbLine
 10
21242.81088997843
 20
33576.24328605941
 30
0.0
 11
21242.81088997843
 21
37202.25544573384
 31
0.0
  0
LINE
  5
1AE4
330
146C
100
AcDbEntity
  8
TG
  6
Continuous
 62
     8
440
 16777216
370
    -2
100
AcDbLine
 10
22065.73463677429
 20
37127.25544573384
 30
0.0
 11
21430.31088997843
 21
37127.25544573384
 31
0.0
  0
INSERT
  5
1AE5
330
146C
100
AcDbEntity
  8
TG
  6
Continuous
 62
     8
440
 16777216
370
    -2
100
AcDbBlockReference
  2
DIM1
 10
22253.23463677429
 20
37127.25544573384
 30
0.0
 41
187.5
 42
187.5
 43
187.5
  0
INSERT
  5
1AE6
330
146C
100
AcDbEntity
  8
TG
  6
Continuous
 62
     8
440
 16777216
370
    -2
100
AcDbBlockReference
  2
DIM1
 10
21242.81088997843
 20
37127.25544573384
 30
0.0
 41
187.5
 42
187.5
 43
187.5
 50
180.0
  0
MTEXT
  5
1AE7
330
146C
100
AcDbEntity
  8
TG
  6
Continuous
 62
     3
440
 16777216
100
AcDbMText
 10
21748.02276337636
 20
37452.25544573384
 30
0.0
 40
187.5
 41
0.0
 46
0.0
 71
     5
 72
     1
  1
\A1;COL\PSTRIP
  7
ROMANS
 73
     1
 44
1.0
  0
MTEXT
  5
1AE8
330
146C
100
AcDbEntity
  8
TG
  6
Continuous
 62
     3
440
 16777216
100
AcDbMText
 10
21748.02276337636
 20
36909.3983028767
 30
0.0
 40
187.5
 41
0.0
 46
0.0
 71
     5
 72
     1
  1
\A1;S/4
  7
ROMANS
 73
     1
 44
1.0
  0
POINT
  5
1AE9
330
146C
100
AcDbEntity
  8
DEFPOINTS
  6
Continuous
 62
     0
440
 16777216
100
AcDbPoint
 10
22253.23463677429
 20
36590.03295210883
 30
0.0
  0
POINT
  5
1AEA
330
146C
100
AcDbEntity
  8
DEFPOINTS
  6
Continuous
 62
     0
440
 16777216
100
AcDbPoint
 10
21242.81088997843
 20
33501.24328605941
 30
0.0
  0
POINT
  5
1AEB
330
146C
100
AcDbEntity
  8
DEFPOINTS
  6
Continuous
 62
     0
440
 16777216
100
AcDbPoint
 10
21242.81088997843
 20
37127.25544573384
 30
0.0
  0
ENDBLK
  5
146E
330
146C
100
AcDbEntity
  8
0
100
AcDbBlockEnd
  0
BLOCK
  5
147A
330
1479
100
AcDbEntity
  8
0
100
AcDbBlockBegin
  2
*D78
 70
     1
 10
0.0
 20
0.0
 30
0.0
  3
*D78
  1

  0
LINE
  5
1AEC
330
1479
100
AcDbEntity
  8
TG
  6
Continuous
 62
     8
440
 16777216
370
    -2
100
AcDbLine
 10
19221.96339637041
 20
33576.24328605941
 30
0.0
 11
19221.96339637041
 21
37202.25544573384
 31
0.0
  0
LINE
  5
1AED
330
1479
100
AcDbEntity
  8
TG
  6
Continuous
 62
     8
440
 16777216
370
    -2
100
AcDbLine
 10
21242.81088997843
 20
33576.24328605941
 30
0.0
 11
21242.81088997843
 21
37202.25544573384
 31
0.0
  0
LINE
  5
1AEE
330
1479
100
AcDbEntity
  8
TG
  6
Continuous
 62
     8
440
 16777216
370
    -2
100
AcDbLine
 10
19409.46339637041
 20
37127.25544573384
 30
0.0
 11
21055.31088997843
 21
37127.25544573384
 31
0.0
  0
INSERT
  5
1AEF
330
1479
100
AcDbEntity
  8
TG
  6
Continuous
 62
     8
440
 16777216
370
    -2
100
AcDbBlockReference
  2
DIM1
 10
19221.96339637041
 20
37127.25544573384
 30
0.0
 41
187.5
 42
187.5
 43
187.5
 50
180.0
  0
INSERT
  5
1AF0
330
1479
100
AcDbEntity
  8
TG
  6
Continuous
 62
     8
440
 16777216
370
    -2
100
AcDbBlockReference
  2
DIM1
 10
21242.81088997843
 20
37127.25544573384
 30
0.0
 41
187.5
 42
187.5
 43
187.5
  0
MTEXT
  5
1AF1
330
1479
100
AcDbEntity
  8
TG
  6
Continuous
 62
     3
440
 16777216
100
AcDbMText
 10
20232.38714317442
 20
37452.25544573384
 30
0.0
 40
187.5
 41
0.0
 46
0.0
 71
     5
 72
     1
  1
\A1;MIDDLE\PSTRIP
  7
ROMANS
 73
     1
 44
1.0
  0
MTEXT
  5
1AF2
330
1479
100
AcDbEntity
  8
TG
  6
Continuous
 62
     3
440
 16777216
100
AcDbMText
 10
20232.38714317442
 20
36909.3983028767
 30
0.0
 40
187.5
 41
0.0
 46
0.0
 71
     5
 72
     1
  1
\A1;S/2
  7
ROMANS
 73
     1
 44
1.0
  0
POINT
  5
1AF3
330
1479
100
AcDbEntity
  8
DEFPOINTS
  6
Continuous
 62
     0
440
 16777216
100
AcDbPoint
 10
19221.96339637041
 20
33501.24328605941
 30
0.0
  0
POINT
  5
1AF4
330
1479
100
AcDbEntity
  8
DEFPOINTS
  6
Continuous
 62
     0
440
 16777216
100
AcDbPoint
 10
21242.81088997843
 20
33501.24328605941
 30
0.0
  0
POINT
  5
1AF5
330
1479
100
AcDbEntity
  8
DEFPOINTS
  6
Continuous
 62
     0
440
 16777216
100
AcDbPoint
 10
21242.81088997843
 20
37127.25544573384
 30
0.0
  0
ENDBLK
  5
147B
330
1479
100
AcDbEntity
  8
0
100
AcDbBlockEnd
  0
BLOCK
  5
1487
330
1486
100
AcDbEntity
  8
0
100
AcDbBlockBegin
  2
*D79
 70
     1
 10
0.0
 20
0.0
 30
0.0
  3
*D79
  1

  0
LINE
  5
1AF6
330
1486
100
AcDbEntity
  8
TG
  6
Continuous
 62
     8
440
 16777216
370
    -2
100
AcDbLine
 10
18211.53964957455
 20
36692.83554145362
 30
0.0
 11
18211.53964957455
 21
37202.25544573384
 31
0.0
  0
LINE
  5
1AF7
330
1486
100
AcDbEntity
  8
TG
  6
Continuous
 62
     8
440
 16777216
370
    -2
100
AcDbLine
 10
19221.96339637041
 20
33576.24328605941
 30
0.0
 11
19221.96339637041
 21
37202.25544573384
 31
0.0
  0
LINE
  5
1AF8
330
1486
100
AcDbEntity
  8
TG
  6
Continuous
 62
     8
440
 16777216
370
    -2
100
AcDbLine
 10
18399.03964957455
 20
37127.25544573384
 30
0.0
 11
19034.46339637041
 21
37127.25544573384
 31
0.0
  0
INSERT
  5
1AF9
330
1486
100
AcDbEntity
  8
TG
  6
Continuous
 62
     8
440
 16777216
370
    -2
100
AcDbBlockReference
  2
DIM1
 10
18211.53964957455
 20
37127.25544573384
 30
0.0
 41
187.5
 42
187.5
 43
187.5
 50
180.0
  0
INSERT
  5
1AFA
330
1486
100
AcDbEntity
  8
TG
  6
Continuous
 62
     8
440
 16777216
370
    -2
100
AcDbBlockReference
  2
DIM1
 10
19221.96339637041
 20
37127.25544573384
 30
0.0
 41
187.5
 42
187.5
 43
187.5
  0
MTEXT
  5
1AFB
330
1486
100
AcDbEntity
  8
TG
  6
Continuous
 62
     3
440
 16777216
100
AcDbMText
 10
18716.75152297248
 20
37452.25544573384
 30
0.0
 40
187.5
 41
0.0
 46
0.0
 71
     5
 72
     1
  1
\A1;COL\PSTRIP
  7
ROMANS
 73
     1
 44
1.0
  0
MTEXT
  5
1AFC
330
1486
100
AcDbEntity
  8
TG
  6
Continuous
 62
     3
440
 16777216
100
AcDbMText
 10
18716.75152297248
 20
36909.3983028767
 30
0.0
 40
187.5
 41
0.0
 46
0.0
 71
     5
 72
     1
  1
\A1;S/4
  7
ROMANS
 73
     1
 44
1.0
  0
POINT
  5
1AFD
330
1486
100
AcDbEntity
  8
DEFPOINTS
  6
Continuous
 62
     0
440
 16777216
100
AcDbPoint
 10
18211.53964957455
 20
36617.83554145362
 30
0.0
  0
POINT
  5
1AFE
330
1486
100
AcDbEntity
  8
DEFPOINTS
  6
Continuous
 62
     0
440
 16777216
100
AcDbPoint
 10
19221.96339637041
 20
33501.24328605941
 30
0.0
  0
POINT
  5
1AFF
330
1486
100
AcDbEntity
  8
DEFPOINTS
  6
Continuous
 62
     0
440
 16777216
100
AcDbPoint
 10
19221.96339637041
 20
37127.25544573384
 30
0.0
  0
ENDBLK
  5
1488
330
1486
100
AcDbEntity
  8
0
100
AcDbBlockEnd
  0
BLOCK
  5
1494
330
1493
100
AcDbEntity
  8
0
100
AcDbBlockBegin
  2
*D80
 70
     1
 10
0.0
 20
0.0
 30
0.0
  3
*D80
  1

  0
LINE
  5
1B00
330
1493
100
AcDbEntity
  8
TG
  6
Continuous
 62
     8
440
 16777216
370
    -2
100
AcDbLine
 10
18211.53964957455
 20
36692.83554145362
 30
0.0
 11
18211.53964957455
 21
37970.90326478955
 31
0.0
  0
LINE
  5
1B01
330
1493
100
AcDbEntity
  8
TG
  6
Continuous
 62
     8
440
 16777216
370
    -2
100
AcDbLine
 10
22253.23463677429
 20
36665.03295210883
 30
0.0
 11
22253.23463677429
 21
37970.90326478955
 31
0.0
  0
LINE
  5
1B02
330
1493
100
AcDbEntity
  8
TG
  6
Continuous
 62
     8
440
 16777216
370
    -2
100
AcDbLine
 10
18399.03964957455
 20
37895.90326478955
 30
0.0
 11
22065.73463677429
 21
37895.90326478955
 31
0.0
  0
INSERT
  5
1B03
330
1493
100
AcDbEntity
  8
TG
  6
Continuous
 62
     8
440
 16777216
370
    -2
100
AcDbBlockReference
  2
DIM1
 10
18211.53964957455
 20
37895.90326478955
 30
0.0
 41
187.5
 42
187.5
 43
187.5
 50
180.0
  0
INSERT
  5
1B04
330
1493
100
AcDbEntity
  8
TG
  6
Continuous
 62
     8
440
 16777216
370
    -2
100
AcDbBlockReference
  2
DIM1
 10
22253.23463677429
 20
37895.90326478955
 30
0.0
 41
187.5
 42
187.5
 43
187.5
  0
MTEXT
  5
1B05
330
1493
100
AcDbEntity
  8
TG
  6
Continuous
 62
     3
440
 16777216
100
AcDbMText
 10
20232.38714317442
 20
38082.5104076467
 30
0.0
 40
187.5
 41
0.0
 46
0.0
 71
     5
 72
     1
  1
\A1;SHORT CLEAR SPAN "S"
  7
ROMANS
 73
     1
 44
1.0
  0
POINT
  5
1B06
330
1493
100
AcDbEntity
  8
DEFPOINTS
  6
Continuous
 62
     0
440
 16777216
100
AcDbPoint
 10
18211.53964957455
 20
36617.83554145362
 30
0.0
  0
POINT
  5
1B07
330
1493
100
AcDbEntity
  8
DEFPOINTS
  6
Continuous
 62
     0
440
 16777216
100
AcDbPoint
 10
22253.23463677429
 20
36590.03295210883
 30
0.0
  0
POINT
  5
1B08
330
1493
100
AcDbEntity
  8
DEFPOINTS
  6
Continuous
 62
     0
440
 16777216
100
AcDbPoint
 10
22253.23463677429
 20
37895.90326478955
 30
0.0
  0
ENDBLK
  5
1495
330
1493
100
AcDbEntity
  8
0
100
AcDbBlockEnd
  0
BLOCK
  5
14A0
330
149F
100
AcDbEntity
  8
0
100
AcDbBlockBegin
  2
*D81
 70
     1
 10
0.0
 20
0.0
 30
0.0
  3
*D81
  1

  0
LINE
  5
1B09
330
149F
100
AcDbEntity
  8
TG
  6
Continuous
 62
     8
440
 16777216
370
    -2
100
AcDbLine
 10
28549.9101593201
 20
22049.08424121857
 30
0.0
 11
28549.9101593201
 21
24691.49786879047
 31
0.0
  0
LINE
  5
1B0A
330
149F
100
AcDbEntity
  8
TG
  6
Continuous
 62
     8
440
 16777216
370
    -2
100
AcDbLine
 10
27005.89608006878
 20
22549.54198035056
 30
0.0
 11
27005.89608006878
 21
24691.49786879047
 31
0.0
  0
LINE
  5
1B0B
330
149F
100
AcDbEntity
  8
TG
  6
Continuous
 62
     8
440
 16777216
370
    -2
100
AcDbLine
 10
28362.4101593201
 20
24616.49786879047
 30
0.0
 11
27193.39608006878
 21
24616.49786879047
 31
0.0
  0
INSERT
  5
1B0C
330
149F
100
AcDbEntity
  8
TG
  6
Continuous
 62
     8
440
 16777216
370
    -2
100
AcDbBlockReference
  2
DIM1
 10
28549.9101593201
 20
24616.49786879047
 30
0.0
 41
187.5
 42
187.5
 43
187.5
  0
INSERT
  5
1B0D
330
149F
100
AcDbEntity
  8
TG
  6
Continuous
 62
     8
440
 16777216
370
    -2
100
AcDbBlockReference
  2
DIM1
 10
27005.89608006878
 20
24616.49786879047
 30
0.0
 41
187.5
 42
187.5
 43
187.5
 50
180.0
  0
MTEXT
  5
1B0E
330
149F
100
AcDbEntity
  8
TG
  6
Continuous
 62
     3
440
 16777216
100
AcDbMText
 10
27777.90311969444
 20
24941.49786879046
 30
0.0
 40
187.5
 41
0.0
 46
0.0
 71
     5
 72
     1
  1
\A1;COL\PSTRIP
  7
ROMANS
 73
     1
 44
1.0
  0
MTEXT
  5
1B0F
330
149F
100
AcDbEntity
  8
TG
  6
Continuous
 62
     3
440
 16777216
100
AcDbMText
 10
27777.90311969444
 20
24398.64072593333
 30
0.0
 40
187.5
 41
0.0
 46
0.0
 71
     5
 72
     1
  1
\A1;S/4
  7
ROMANS
 73
     1
 44
1.0
  0
POINT
  5
1B10
330
149F
100
AcDbEntity
  8
DEFPOINTS
  6
Continuous
 62
     0
440
 16777216
100
AcDbPoint
 10
28549.9101593201
 20
21974.08424121857
 30
0.0
  0
POINT
  5
1B11
330
149F
100
AcDbEntity
  8
DEFPOINTS
  6
Continuous
 62
     0
440
 16777216
100
AcDbPoint
 10
27005.89608006878
 20
22474.54198035057
 30
0.0
  0
POINT
  5
1B12
330
149F
100
AcDbEntity
  8
DEFPOINTS
  6
Continuous
 62
     0
440
 16777216
100
AcDbPoint
 10
27005.89608006878
 20
24616.49786879047
 30
0.0
  0
ENDBLK
  5
14A1
330
149F
100
AcDbEntity
  8
0
100
AcDbBlockEnd
  0
BLOCK
  5
14AD
330
14AC
100
AcDbEntity
  8
0
100
AcDbBlockBegin
  2
*D82
 70
     1
 10
0.0
 20
0.0
 30
0.0
  3
*D82
  1

  0
LINE
  5
1B13
330
14AC
100
AcDbEntity
  8
TG
  6
Continuous
 62
     8
440
 16777216
370
    -2
100
AcDbLine
 10
28549.9101593201
 20
21257.47433704714
 30
0.0
 11
28549.9101593201
 21
20004.43118759681
 31
0.0
  0
LINE
  5
1B14
330
14AC
100
AcDbEntity
  8
TG
  6
Continuous
 62
     8
440
 16777216
370
    -2
100
AcDbLine
 10
27295.78808795102
 20
22024.19867600145
 30
0.0
 11
27295.78808795102
 21
20004.43118759681
 31
0.0
  0
LINE
  5
1B15
330
14AC
100
AcDbEntity
  8
TG
  6
Continuous
 62
     8
440
 16777216
370
    -2
100
AcDbLine
 10
28362.4101593201
 20
20079.43118759681
 30
0.0
 11
27483.28808795102
 21
20079.43118759681
 31
0.0
  0
INSERT
  5
1B16
330
14AC
100
AcDbEntity
  8
TG
  6
Continuous
 62
     8
440
 16777216
370
    -2
100
AcDbBlockReference
  2
DIM1
 10
28549.9101593201
 20
20079.43118759681
 30
0.0
 41
187.5
 42
187.5
 43
187.5
  0
INSERT
  5
1B17
330
14AC
100
AcDbEntity
  8
TG
  6
Continuous
 62
     8
440
 16777216
370
    -2
100
AcDbBlockReference
  2
DIM1
 10
27295.78808795102
 20
20079.43118759681
 30
0.0
 41
187.5
 42
187.5
 43
187.5
 50
180.0
  0
MTEXT
  5
1B18
330
14AC
100
AcDbEntity
  8
TG
  6
Continuous
 62
     3
440
 16777216
100
AcDbMText
 10
27922.84912363556
 20
20297.28833045395
 30
0.0
 40
187.5
 41
0.0
 46
0.0
 71
     5
 72
     1
  1
\A1;S/5
  7
ROMANS
 73
     1
 44
1.0
  0
POINT
  5
1B19
330
14AC
100
AcDbEntity
  8
DEFPOINTS
  6
Continuous
 62
     0
440
 16777216
100
AcDbPoint
 10
28549.9101593201
 20
21332.47433704714
 30
0.0
  0
POINT
  5
1B1A
330
14AC
100
AcDbEntity
  8
DEFPOINTS
  6
Continuous
 62
     0
440
 16777216
100
AcDbPoint
 10
27295.78808795102
 20
22099.19867600146
 30
0.0
  0
POINT
  5
1B1B
330
14AC
100
AcDbEntity
  8
DEFPOINTS
  6
Continuous
 62
     0
440
 16777216
100
AcDbPoint
 10
27295.78808795102
 20
20079.43118759681
 30
0.0
  0
ENDBLK
  5
14AE
330
14AC
100
AcDbEntity
  8
0
100
AcDbBlockEnd
  0
BLOCK
  5
14B9
330
14B8
100
AcDbEntity
  8
0
100
AcDbBlockBegin
  2
*D83
 70
     1
 10
0.0
 20
0.0
 30
0.0
  3
*D83
  1

  0
LINE
  5
1751
330
14B8
100
AcDbEntity
  8
TR
 62
     8
440
 16777216
370
    -2
100
AcDbLine
 10
23620.042307809
 20
28929.02006146482
 30
0.0
 11
26748.49675172989
 21
28929.02006146483
 31
0.0
  0
LINE
  5
1752
330
14B8
100
AcDbEntity
  8
TR
 62
     8
440
 16777216
370
    -2
100
AcDbLine
 10
25866.49554488064
 20
35279.07858819545
 30
0.0
 11
26748.49675172989
 21
35279.07858819545
 31
0.0
  0
LINE
  5
1753
330
14B8
100
AcDbEntity
  8
TR
 62
     8
440
 16777216
370
    -2
100
AcDbLine
 10
26648.49675172989
 20
29179.02006146483
 30
0.0
 11
26648.49675172989
 21
35029.07858819545
 31
0.0
  0
INSERT
  5
1754
330
14B8
100
AcDbEntity
  8
TR
 62
     8
440
 16777216
370
    -2
100
AcDbBlockReference
  2
DIM1
 10
26648.49675172989
 20
28929.02006146483
 30
0.0
 41
250.0
 42
250.0
 43
250.0
 50
270.0
  0
INSERT
  5
1755
330
14B8
100
AcDbEntity
  8
TR
 62
     8
440
 16777216
370
    -2
100
AcDbBlockReference
  2
DIM1
 10
26648.49675172989
 20
35279.07858819545
 30
0.0
 41
250.0
 42
250.0
 43
250.0
 50
90.0
  0
MTEXT
  5
1756
330
14B8
100
AcDbEntity
  8
TR
 62
     3
440
 16777216
100
AcDbMText
 10
26423.4967517299
 20
32104.04932483012
 30
0.0
 40
250.0
 41
0.0
 46
0.0
 71
     5
 72
     1
  1
\A1;D
  7
ROMANS
 11
0.0000000000000001
 21
1.0
 31
0.0
 73
     1
 44
1.0
  0
MTEXT
  5
1757
330
14B8
100
AcDbEntity
  8
TR
 62
     3
440
 16777216
100
AcDbMText
 10
26938.97294220609
 20
32104.04932483012
 30
0.0
 40
250.0
 41
0.0
 46
0.0
 71
     5
 72
     1
  1
\A1;(SEE SCHEDULE)
  7
ROMANS
 11
0.0000000000000001
 21
1.0
 31
0.0
 73
     1
 44
1.0
  0
POINT
  5
1758
330
14B8
100
AcDbEntity
  8
DEFPOINTS
 62
     0
440
 16777216
100
AcDbPoint
 10
23520.042307809
 20
28929.02006146482
 30
0.0
  0
POINT
  5
1759
330
14B8
100
AcDbEntity
  8
DEFPOINTS
 62
     0
440
 16777216
100
AcDbPoint
 10
25766.49554488064
 20
35279.07858819545
 30
0.0
  0
POINT
  5
175A
330
14B8
100
AcDbEntity
  8
DEFPOINTS
 62
     0
440
 16777216
100
AcDbPoint
 10
26648.49675172989
 20
35279.07858819545
 30
0.0
  0
ENDBLK
  5
14BA
330
14B8
100
AcDbEntity
  8
0
100
AcDbBlockEnd
  0
BLOCK
  5
14C6
330
14C5
100
AcDbEntity
  8
0
100
AcDbBlockBegin
  2
*D84
 70
     1
 10
0.0
 20
0.0
 30
0.0
  3
*D84
  1

  0
LINE
  5
175B
330
14C5
100
AcDbEntity
  8
TR
 62
     8
440
 16777216
370
    -2
100
AcDbLine
 10
38334.06275950233
 20
28829.02006146481
 30
0.0
 11
38334.06275950233
 21
27526.56794533791
 31
0.0
  0
LINE
  5
175C
330
14C5
100
AcDbEntity
  8
TR
 62
     8
440
 16777216
370
    -2
100
AcDbLine
 10
42715.98744105268
 20
28829.02006146481
 30
0.0
 11
42715.98744105268
 21
27526.56794533791
 31
0.0
  0
LINE
  5
175D
330
14C5
100
AcDbEntity
  8
TR
 62
     8
440
 16777216
370
    -2
100
AcDbLine
 10
38584.06275950233
 20
27626.56794533791
 30
0.0
 11
42465.98744105268
 21
27626.56794533791
 31
0.0
  0
INSERT
  5
175E
330
14C5
100
AcDbEntity
  8
TR
 62
     8
440
 16777216
370
    -2
100
AcDbBlockReference
  2
DIM1
 10
38334.06275950233
 20
27626.56794533791
 30
0.0
 41
250.0
 42
250.0
 43
250.0
 50
180.0
  0
INSERT
  5
175F
330
14C5
100
AcDbEntity
  8
TR
 62
     8
440
 16777216
370
    -2
100
AcDbBlockReference
  2
DIM1
 10
42715.98744105268
 20
27626.56794533791
 30
0.0
 41
250.0
 42
250.0
 43
250.0
  0
MTEXT
  5
1760
330
14C5
100
AcDbEntity
  8
TR
 62
     3
440
 16777216
100
AcDbMText
 10
40525.0251002775
 20
27851.56794533791
 30
0.0
 40
250.0
 41
0.0
 46
0.0
 71
     5
 72
     1
  1
\A1;W
  7
ROMANS
 73
     1
 44
1.0
  0
MTEXT
  5
1761
330
14C5
100
AcDbEntity
  8
TR
 62
     3
440
 16777216
100
AcDbMText
 10
40525.0251002775
 20
27336.09175486172
 30
0.0
 40
250.0
 41
0.0
 46
0.0
 71
     5
 72
     1
  1
\A1;(SEE SCHEDULE)
  7
ROMANS
 73
     1
 44
1.0
  0
POINT
  5
1762
330
14C5
100
AcDbEntity
  8
DEFPOINTS
 62
     0
440
 16777216
100
AcDbPoint
 10
38334.06275950233
 20
28929.0200614648
 30
0.0
  0
POINT
  5
1763
330
14C5
100
AcDbEntity
  8
DEFPOINTS
 62
     0
440
 16777216
100
AcDbPoint
 10
42715.98744105268
 20
28929.0200614648
 30
0.0
  0
POINT
  5
1764
330
14C5
100
AcDbEntity
  8
DEFPOINTS
 62
     0
440
 16777216
100
AcDbPoint
 10
42715.98744105268
 20
27626.56794533791
 30
0.0
  0
ENDBLK
  5
14C7
330
14C5
100
AcDbEntity
  8
0
100
AcDbBlockEnd
  0
BLOCK
  5
14D3
330
14D2
100
AcDbEntity
  8
0
100
AcDbBlockBegin
  2
*D85
 70
     1
 10
0.0
 20
0.0
 30
0.0
  3
*D85
  1

  0
LINE
  5
1765
330
14D2
100
AcDbEntity
  8
TR
 62
     8
440
 16777216
370
    -2
100
AcDbLine
 10
42815.98744105269
 20
28929.02006146482
 30
0.0
 11
45944.44188497404
 21
28929.02006146482
 31
0.0
  0
LINE
  5
1766
330
14D2
100
AcDbEntity
  8
TR
 62
     8
440
 16777216
370
    -2
100
AcDbLine
 10
45062.44067812433
 20
35279.07858819545
 30
0.0
 11
45944.44188497404
 21
35279.07858819545
 31
0.0
  0
LINE
  5
1767
330
14D2
100
AcDbEntity
  8
TR
 62
     8
440
 16777216
370
    -2
100
AcDbLine
 10
45844.44188497404
 20
29179.02006146482
 30
0.0
 11
45844.44188497404
 21
35029.07858819545
 31
0.0
  0
INSERT
  5
1768
330
14D2
100
AcDbEntity
  8
TR
 62
     8
440
 16777216
370
    -2
100
AcDbBlockReference
  2
DIM1
 10
45844.44188497404
 20
28929.02006146482
 30
0.0
 41
250.0
 42
250.0
 43
250.0
 50
270.0
  0
INSERT
  5
1769
330
14D2
100
AcDbEntity
  8
TR
 62
     8
440
 16777216
370
    -2
100
AcDbBlockReference
  2
DIM1
 10
45844.44188497404
 20
35279.07858819545
 30
0.0
 41
250.0
 42
250.0
 43
250.0
 50
90.0
  0
MTEXT
  5
176A
330
14D2
100
AcDbEntity
  8
TR
 62
     3
440
 16777216
100
AcDbMText
 10
45619.44188497404
 20
32104.04932483012
 30
0.0
 40
250.0
 41
0.0
 46
0.0
 71
     5
 72
     1
  1
\A1;D
  7
ROMANS
 11
0.0000000000000001
 21
1.0
 31
0.0
 73
     1
 44
1.0
  0
MTEXT
  5
176B
330
14D2
100
AcDbEntity
  8
TR
 62
     3
440
 16777216
100
AcDbMText
 10
46134.91807545024
 20
32104.04932483012
 30
0.0
 40
250.0
 41
0.0
 46
0.0
 71
     5
 72
     1
  1
\A1;(SEE SCHEDULE)
  7
ROMANS
 11
0.0000000000000001
 21
1.0
 31
0.0
 73
     1
 44
1.0
  0
POINT
  5
176C
330
14D2
100
AcDbEntity
  8
DEFPOINTS
 62
     0
440
 16777216
100
AcDbPoint
 10
42715.98744105269
 20
28929.02006146482
 30
0.0
  0
POINT
  5
176D
330
14D2
100
AcDbEntity
  8
DEFPOINTS
 62
     0
440
 16777216
100
AcDbPoint
 10
44962.44067812432
 20
35279.07858819545
 30
0.0
  0
POINT
  5
176E
330
14D2
100
AcDbEntity
  8
DEFPOINTS
 62
     0
440
 16777216
100
AcDbPoint
 10
45844.44188497404
 20
35279.07858819545
 30
0.0
  0
ENDBLK
  5
14D4
330
14D2
100
AcDbEntity
  8
0
100
AcDbBlockEnd
  0
BLOCK
  5
14E0
330
14DF
100
AcDbEntity
  8
0
100
AcDbBlockBegin
  2
*D86
 70
     1
 10
0.0
 20
0.0
 30
0.0
  3
*D86
  1

  0
LINE
  5
1A0C
330
14DF
100
AcDbEntity
  8
TG
  6
Continuous
 62
     8
440
 16777216
370
    -2
100
AcDbLine
 10
23823.30628605373
 20
22549.54198035056
 30
0.0
 11
23823.30628605373
 21
24691.49786879047
 31
0.0
  0
LINE
  5
1A0D
330
14DF
100
AcDbEntity
  8
TG
  6
Continuous
 62
     8
440
 16777216
370
    -2
100
AcDbLine
 10
27005.89608006878
 20
22549.54198035056
 30
0.0
 11
27005.89608006878
 21
24691.49786879047
 31
0.0
  0
LINE
  5
1A0E
330
14DF
100
AcDbEntity
  8
TG
  6
Continuous
 62
     8
440
 16777216
370
    -2
100
AcDbLine
 10
24010.80628605373
 20
24616.49786879047
 30
0.0
 11
26818.39608006878
 21
24616.49786879047
 31
0.0
  0
INSERT
  5
1A0F
330
14DF
100
AcDbEntity
  8
TG
  6
Continuous
 62
     8
440
 16777216
370
    -2
100
AcDbBlockReference
  2
DIM1
 10
23823.30628605373
 20
24616.49786879047
 30
0.0
 41
187.5
 42
187.5
 43
187.5
 50
180.0
  0
INSERT
  5
1A10
330
14DF
100
AcDbEntity
  8
TG
  6
Continuous
 62
     8
440
 16777216
370
    -2
100
AcDbBlockReference
  2
DIM1
 10
27005.89608006878
 20
24616.49786879047
 30
0.0
 41
187.5
 42
187.5
 43
187.5
  0
MTEXT
  5
1A11
330
14DF
100
AcDbEntity
  8
TG
  6
Continuous
 62
     3
440
 16777216
100
AcDbMText
 10
25414.60118306126
 20
24941.49786879046
 30
0.0
 40
187.5
 41
0.0
 46
0.0
 71
     5
 72
     1
  1
\A1;MIDDLE\PSTRIP
  7
ROMANS
 73
     1
 44
1.0
  0
MTEXT
  5
1A12
330
14DF
100
AcDbEntity
  8
TG
  6
Continuous
 62
     3
440
 16777216
100
AcDbMText
 10
25414.60118306126
 20
24398.64072593333
 30
0.0
 40
187.5
 41
0.0
 46
0.0
 71
     5
 72
     1
  1
\A1;S/2
  7
ROMANS
 73
     1
 44
1.0
  0
POINT
  5
1A13
330
14DF
100
AcDbEntity
  8
DEFPOINTS
  6
Continuous
 62
     0
440
 16777216
100
AcDbPoint
 10
23823.30628605373
 20
22474.54198035057
 30
0.0
  0
POINT
  5
1A14
330
14DF
100
AcDbEntity
  8
DEFPOINTS
  6
Continuous
 62
     0
440
 16777216
100
AcDbPoint
 10
27005.89608006878
 20
22474.54198035057
 30
0.0
  0
POINT
  5
1A15
330
14DF
100
AcDbEntity
  8
DEFPOINTS
  6
Continuous
 62
     0
440
 16777216
100
AcDbPoint
 10
27005.89608006878
 20
24616.49786879047
 30
0.0
  0
ENDBLK
  5
14E1
330
14DF
100
AcDbEntity
  8
0
100
AcDbBlockEnd
  0
BLOCK
  5
14ED
330
14EC
100
AcDbEntity
  8
0
100
AcDbBlockBegin
  2
*D87
 70
     1
 10
0.0
 20
0.0
 30
0.0
  3
*D87
  1

  0
LINE
  5
1A16
330
14EC
100
AcDbEntity
  8
TG
  6
Continuous
 62
     8
440
 16777216
370
    -2
100
AcDbLine
 10
22279.29220680241
 20
22049.08424121857
 30
0.0
 11
22279.29220680241
 21
25664.84685830743
 31
0.0
  0
LINE
  5
1A17
330
14EC
100
AcDbEntity
  8
TG
  6
Continuous
 62
     8
440
 16777216
370
    -2
100
AcDbLine
 10
28549.9101593201
 20
22049.08424121857
 30
0.0
 11
28549.9101593201
 21
25664.84685830743
 31
0.0
  0
LINE
  5
1A18
330
14EC
100
AcDbEntity
  8
TG
  6
Continuous
 62
     8
440
 16777216
370
    -2
100
AcDbLine
 10
22466.79220680241
 20
25589.84685830743
 30
0.0
 11
28362.4101593201
 21
25589.84685830743
 31
0.0
  0
INSERT
  5
1A19
330
14EC
100
AcDbEntity
  8
TG
  6
Continuous
 62
     8
440
 16777216
370
    -2
100
AcDbBlockReference
  2
DIM1
 10
22279.29220680241
 20
25589.84685830743
 30
0.0
 41
187.5
 42
187.5
 43
187.5
 50
180.0
  0
INSERT
  5
1A1A
330
14EC
100
AcDbEntity
  8
TG
  6
Continuous
 62
     8
440
 16777216
370
    -2
100
AcDbBlockReference
  2
DIM1
 10
28549.9101593201
 20
25589.84685830743
 30
0.0
 41
187.5
 42
187.5
 43
187.5
  0
MTEXT
  5
1A1B
330
14EC
100
AcDbEntity
  8
TG
  6
Continuous
 62
     3
440
 16777216
100
AcDbMText
 10
25414.60118306126
 20
25776.45400116457
 30
0.0
 40
187.5
 41
0.0
 46
0.0
 71
     5
 72
     1
  1
\A1;SHORT SPAN "S"
  7
ROMANS
 73
     1
 44
1.0
  0
POINT
  5
1A1C
330
14EC
100
AcDbEntity
  8
DEFPOINTS
  6
Continuous
 62
     0
440
 16777216
100
AcDbPoint
 10
22279.29220680241
 20
21974.08424121857
 30
0.0
  0
POINT
  5
1A1D
330
14EC
100
AcDbEntity
  8
DEFPOINTS
  6
Continuous
 62
     0
440
 16777216
100
AcDbPoint
 10
28549.9101593201
 20
21974.08424121857
 30
0.0
  0
POINT
  5
1A1E
330
14EC
100
AcDbEntity
  8
DEFPOINTS
  6
Continuous
 62
     0
440
 16777216
100
AcDbPoint
 10
28549.9101593201
 20
25589.84685830743
 30
0.0
  0
ENDBLK
  5
14EE
330
14EC
100
AcDbEntity
  8
0
100
AcDbBlockEnd
  0
BLOCK
  5
14F9
330
14F8
100
AcDbEntity
  8
0
100
AcDbBlockBegin
  2
*D88
 70
     1
 10
0.0
 20
0.0
 30
0.0
  3
*D88
  1

  0
LINE
  5
1A1F
330
14F8
100
AcDbEntity
  8
TG
  6
Continuous
 62
     8
440
 16777216
370
    -2
100
AcDbLine
 10
38264.53942031088
 20
36465.98533306125
 30
0.0
 11
38264.53942031088
 21
37202.25544573384
 31
0.0
  0
LINE
  5
1A20
330
14F8
100
AcDbEntity
  8
TG
  6
Continuous
 62
     8
440
 16777216
370
    -2
100
AcDbLine
 10
37254.11567350664
 20
34017.19566701184
 30
0.0
 11
37254.11567350664
 21
37202.25544573384
 31
0.0
  0
LINE
  5
1A21
330
14F8
100
AcDbEntity
  8
TG
  6
Continuous
 62
     8
440
 16777216
370
    -2
100
AcDbLine
 10
38077.03942031087
 20
37127.25544573384
 30
0.0
 11
37441.61567350663
 21
37127.25544573384
 31
0.0
  0
INSERT
  5
1A22
330
14F8
100
AcDbEntity
  8
TG
  6
Continuous
 62
     8
440
 16777216
370
    -2
100
AcDbBlockReference
  2
DIM1
 10
38264.53942031088
 20
37127.25544573384
 30
0.0
 41
187.5
 42
187.5
 43
187.5
  0
INSERT
  5
1A23
330
14F8
100
AcDbEntity
  8
TG
  6
Continuous
 62
     8
440
 16777216
370
    -2
100
AcDbBlockReference
  2
DIM1
 10
37254.11567350664
 20
37127.25544573384
 30
0.0
 41
187.5
 42
187.5
 43
187.5
 50
180.0
  0
MTEXT
  5
1A24
330
14F8
100
AcDbEntity
  8
TG
  6
Continuous
 62
     3
440
 16777216
100
AcDbMText
 10
37759.32754690876
 20
37452.25544573384
 30
0.0
 40
187.5
 41
0.0
 46
0.0
 71
     5
 72
     1
  1
\A1;COL\PSTRIP
  7
ROMANS
 73
     1
 44
1.0
  0
MTEXT
  5
1A25
330
14F8
100
AcDbEntity
  8
TG
  6
Continuous
 62
     3
440
 16777216
100
AcDbMText
 10
37759.32754690876
 20
36909.3983028767
 30
0.0
 40
187.5
 41
0.0
 46
0.0
 71
     5
 72
     1
  1
\A1;S/4
  7
ROMANS
 73
     1
 44
1.0
  0
POINT
  5
1A26
330
14F8
100
AcDbEntity
  8
DEFPOINTS
  6
Continuous
 62
     0
440
 16777216
100
AcDbPoint
 10
38264.53942031088
 20
36390.98533306126
 30
0.0
  0
POINT
  5
1A27
330
14F8
100
AcDbEntity
  8
DEFPOINTS
  6
Continuous
 62
     0
440
 16777216
100
AcDbPoint
 10
37254.11567350664
 20
33942.19566701184
 30
0.0
  0
POINT
  5
1A28
330
14F8
100
AcDbEntity
  8
DEFPOINTS
  6
Continuous
 62
     0
440
 16777216
100
AcDbPoint
 10
37254.11567350664
 20
37127.25544573384
 30
0.0
  0
ENDBLK
  5
14FA
330
14F8
100
AcDbEntity
  8
0
100
AcDbBlockEnd
  0
BLOCK
  5
1506
330
1505
100
AcDbEntity
  8
0
100
AcDbBlockBegin
  2
*D89
 70
     1
 10
0.0
 20
0.0
 30
0.0
  3
*D89
  1

  0
LINE
  5
1A29
330
1505
100
AcDbEntity
  8
TG
  6
Continuous
 62
     8
440
 16777216
370
    -2
100
AcDbLine
 10
35233.26817991538
 20
34017.19566701184
 30
0.0
 11
35233.26817991538
 21
37202.25544573384
 31
0.0
  0
LINE
  5
1A2A
330
1505
100
AcDbEntity
  8
TG
  6
Continuous
 62
     8
440
 16777216
370
    -2
100
AcDbLine
 10
37254.11567350664
 20
34017.19566701184
 30
0.0
 11
37254.11567350664
 21
37202.25544573384
 31
0.0
  0
LINE
  5
1A2B
330
1505
100
AcDbEntity
  8
TG
  6
Continuous
 62
     8
440
 16777216
370
    -2
100
AcDbLine
 10
35420.76817991538
 20
37127.25544573384
 30
0.0
 11
37066.61567350663
 21
37127.25544573384
 31
0.0
  0
INSERT
  5
1A2C
330
1505
100
AcDbEntity
  8
TG
  6
Continuous
 62
     8
440
 16777216
370
    -2
100
AcDbBlockReference
  2
DIM1
 10
35233.26817991538
 20
37127.25544573384
 30
0.0
 41
187.5
 42
187.5
 43
187.5
 50
180.0
  0
INSERT
  5
1A2D
330
1505
100
AcDbEntity
  8
TG
  6
Continuous
 62
     8
440
 16777216
370
    -2
100
AcDbBlockReference
  2
DIM1
 10
37254.11567350664
 20
37127.25544573384
 30
0.0
 41
187.5
 42
187.5
 43
187.5
  0
MTEXT
  5
1A2E
330
1505
100
AcDbEntity
  8
TG
  6
Continuous
 62
     3
440
 16777216
100
AcDbMText
 10
36243.69192671101
 20
37452.25544573384
 30
0.0
 40
187.5
 41
0.0
 46
0.0
 71
     5
 72
     1
  1
\A1;MIDDLE\PSTRIP
  7
ROMANS
 73
     1
 44
1.0
  0
MTEXT
  5
1A2F
330
1505
100
AcDbEntity
  8
TG
  6
Continuous
 62
     3
440
 16777216
100
AcDbMText
 10
36243.69192671101
 20
36909.3983028767
 30
0.0
 40
187.5
 41
0.0
 46
0.0
 71
     5
 72
     1
  1
\A1;S/2
  7
ROMANS
 73
     1
 44
1.0
  0
POINT
  5
1A30
330
1505
100
AcDbEntity
  8
DEFPOINTS
  6
Continuous
 62
     0
440
 16777216
100
AcDbPoint
 10
35233.26817991538
 20
33942.19566701184
 30
0.0
  0
POINT
  5
1A31
330
1505
100
AcDbEntity
  8
DEFPOINTS
  6
Continuous
 62
     0
440
 16777216
100
AcDbPoint
 10
37254.11567350664
 20
33942.19566701184
 30
0.0
  0
POINT
  5
1A32
330
1505
100
AcDbEntity
  8
DEFPOINTS
  6
Continuous
 62
     0
440
 16777216
100
AcDbPoint
 10
37254.11567350664
 20
37127.25544573384
 30
0.0
  0
ENDBLK
  5
1507
330
1505
100
AcDbEntity
  8
0
100
AcDbBlockEnd
  0
BLOCK
  5
1513
330
1512
100
AcDbEntity
  8
0
100
AcDbBlockBegin
  2
*D90
 70
     1
 10
0.0
 20
0.0
 30
0.0
  3
*D90
  1

  0
LINE
  5
1A33
330
1512
100
AcDbEntity
  8
TG
  6
Continuous
 62
     8
440
 16777216
370
    -2
100
AcDbLine
 10
34222.84443311114
 20
36493.78792240605
 30
0.0
 11
34222.84443311114
 21
37202.25544573384
 31
0.0
  0
LINE
  5
1A34
330
1512
100
AcDbEntity
  8
TG
  6
Continuous
 62
     8
440
 16777216
370
    -2
100
AcDbLine
 10
35233.26817991538
 20
34017.19566701184
 30
0.0
 11
35233.26817991538
 21
37202.25544573384
 31
0.0
  0
LINE
  5
1A35
330
1512
100
AcDbEntity
  8
TG
  6
Continuous
 62
     8
440
 16777216
370
    -2
100
AcDbLine
 10
34410.34443311114
 20
37127.25544573384
 30
0.0
 11
35045.76817991538
 21
37127.25544573384
 31
0.0
  0
INSERT
  5
1A36
330
1512
100
AcDbEntity
  8
TG
  6
Continuous
 62
     8
440
 16777216
370
    -2
100
AcDbBlockReference
  2
DIM1
 10
34222.84443311114
 20
37127.25544573384
 30
0.0
 41
187.5
 42
187.5
 43
187.5
 50
180.0
  0
INSERT
  5
1A37
330
1512
100
AcDbEntity
  8
TG
  6
Continuous
 62
     8
440
 16777216
370
    -2
100
AcDbBlockReference
  2
DIM1
 10
35233.26817991538
 20
37127.25544573384
 30
0.0
 41
187.5
 42
187.5
 43
187.5
  0
MTEXT
  5
1A38
330
1512
100
AcDbEntity
  8
TG
  6
Continuous
 62
     3
440
 16777216
100
AcDbMText
 10
34728.05630651326
 20
37452.25544573384
 30
0.0
 40
187.5
 41
0.0
 46
0.0
 71
     5
 72
     1
  1
\A1;COL\PSTRIP
  7
ROMANS
 73
     1
 44
1.0
  0
MTEXT
  5
1A39
330
1512
100
AcDbEntity
  8
TG
  6
Continuous
 62
     3
440
 16777216
100
AcDbMText
 10
34728.05630651326
 20
36909.3983028767
 30
0.0
 40
187.5
 41
0.0
 46
0.0
 71
     5
 72
     1
  1
\A1;S/4
  7
ROMANS
 73
     1
 44
1.0
  0
POINT
  5
1A3A
330
1512
100
AcDbEntity
  8
DEFPOINTS
  6
Continuous
 62
     0
440
 16777216
100
AcDbPoint
 10
34222.84443311114
 20
36418.78792240605
 30
0.0
  0
POINT
  5
1A3B
330
1512
100
AcDbEntity
  8
DEFPOINTS
  6
Continuous
 62
     0
440
 16777216
100
AcDbPoint
 10
35233.26817991538
 20
33942.19566701184
 30
0.0
  0
POINT
  5
1A3C
330
1512
100
AcDbEntity
  8
DEFPOINTS
  6
Continuous
 62
     0
440
 16777216
100
AcDbPoint
 10
35233.26817991538
 20
37127.25544573384
 30
0.0
  0
ENDBLK
  5
1514
330
1512
100
AcDbEntity
  8
0
100
AcDbBlockEnd
  0
BLOCK
  5
1520
330
151F
100
AcDbEntity
  8
0
100
AcDbBlockBegin
  2
*D91
 70
     1
 10
0.0
 20
0.0
 30
0.0
  3
*D91
  1

  0
LINE
  5
1A3D
330
151F
100
AcDbEntity
  8
TG
  6
Continuous
 62
     8
440
 16777216
370
    -2
100
AcDbLine
 10
34222.84443311114
 20
36493.78792240605
 30
0.0
 11
34222.84443311114
 21
37970.90326478955
 31
0.0
  0
LINE
  5
1A3E
330
151F
100
AcDbEntity
  8
TG
  6
Continuous
 62
     8
440
 16777216
370
    -2
100
AcDbLine
 10
38264.53942031088
 20
36465.98533306125
 30
0.0
 11
38264.53942031088
 21
37970.90326478955
 31
0.0
  0
LINE
  5
1A3F
330
151F
100
AcDbEntity
  8
TG
  6
Continuous
 62
     8
440
 16777216
370
    -2
100
AcDbLine
 10
34410.34443311114
 20
37895.90326478955
 30
0.0
 11
38077.03942031087
 21
37895.90326478955
 31
0.0
  0
INSERT
  5
1A40
330
151F
100
AcDbEntity
  8
TG
  6
Continuous
 62
     8
440
 16777216
370
    -2
100
AcDbBlockReference
  2
DIM1
 10
34222.84443311114
 20
37895.90326478955
 30
0.0
 41
187.5
 42
187.5
 43
187.5
 50
180.0
  0
INSERT
  5
1A41
330
151F
100
AcDbEntity
  8
TG
  6
Continuous
 62
     8
440
 16777216
370
    -2
100
AcDbBlockReference
  2
DIM1
 10
38264.53942031088
 20
37895.90326478955
 30
0.0
 41
187.5
 42
187.5
 43
187.5
  0
MTEXT
  5
1A42
330
151F
100
AcDbEntity
  8
TG
  6
Continuous
 62
     3
440
 16777216
100
AcDbMText
 10
36243.69192671101
 20
38082.5104076467
 30
0.0
 40
187.5
 41
0.0
 46
0.0
 71
     5
 72
     1
  1
\A1;SHORT CLEAR SPAN "S"
  7
ROMANS
 73
     1
 44
1.0
  0
POINT
  5
1A43
330
151F
100
AcDbEntity
  8
DEFPOINTS
  6
Continuous
 62
     0
440
 16777216
100
AcDbPoint
 10
34222.84443311114
 20
36418.78792240605
 30
0.0
  0
POINT
  5
1A44
330
151F
100
AcDbEntity
  8
DEFPOINTS
  6
Continuous
 62
     0
440
 16777216
100
AcDbPoint
 10
38264.53942031088
 20
36390.98533306126
 30
0.0
  0
POINT
  5
1A45
330
151F
100
AcDbEntity
  8
DEFPOINTS
  6
Continuous
 62
     0
440
 16777216
100
AcDbPoint
 10
38264.53942031088
 20
37895.90326478955
 30
0.0
  0
ENDBLK
  5
1521
330
151F
100
AcDbEntity
  8
0
100
AcDbBlockEnd
  0
BLOCK
  5
152C
330
152B
100
AcDbEntity
  8
0
100
AcDbBlockBegin
  2
*D92
 70
     1
 10
0.0
 20
0.0
 30
0.0
  3
*D92
  1

  0
LINE
  5
1A46
330
152B
100
AcDbEntity
  8
TG
  6
Continuous
 62
     8
440
 16777216
370
    -2
100
AcDbLine
 10
18582.99595415452
 20
50143.90648644901
 30
0.0
 11
18582.99595415452
 21
52391.71527363005
 31
0.0
  0
LINE
  5
1A47
330
152B
100
AcDbEntity
  8
TG
  6
Continuous
 62
     8
440
 16777216
370
    -2
100
AcDbLine
 10
22687.87303361716
 20
50143.90648644901
 30
0.0
 11
22687.87303361716
 21
52391.71527363005
 31
0.0
  0
LINE
  5
1A48
330
152B
100
AcDbEntity
  8
TG
  6
Continuous
 62
     8
440
 16777216
370
    -2
100
AcDbLine
 10
18770.49595415452
 20
52316.71527363005
 30
0.0
 11
22500.37303361716
 21
52316.71527363005
 31
0.0
  0
INSERT
  5
1A49
330
152B
100
AcDbEntity
  8
TG
  6
Continuous
 62
     8
440
 16777216
370
    -2
100
AcDbBlockReference
  2
DIM1
 10
18582.99595415452
 20
52316.71527363005
 30
0.0
 41
187.5
 42
187.5
 43
187.5
 50
180.0
  0
INSERT
  5
1A4A
330
152B
100
AcDbEntity
  8
TG
  6
Continuous
 62
     8
440
 16777216
370
    -2
100
AcDbBlockReference
  2
DIM1
 10
22687.87303361716
 20
52316.71527363005
 30
0.0
 41
187.5
 42
187.5
 43
187.5
  0
MTEXT
  5
1A4B
330
152B
100
AcDbEntity
  8
TG
  6
Continuous
 62
     3
440
 16777216
100
AcDbMText
 10
20635.43449388584
 20
52503.32241648719
 30
0.0
 40
187.5
 41
0.0
 46
0.0
 71
     5
 72
     1
  1
\A1;SHORT SPAN "SB"
  7
ROMANS
 73
     1
 44
1.0
  0
POINT
  5
1A4C
330
152B
100
AcDbEntity
  8
DEFPOINTS
  6
Continuous
 62
     0
440
 16777216
100
AcDbPoint
 10
18582.99595415452
 20
50068.906486449
 30
0.0
  0
POINT
  5
1A4D
330
152B
100
AcDbEntity
  8
DEFPOINTS
  6
Continuous
 62
     0
440
 16777216
100
AcDbPoint
 10
22687.87303361716
 20
50068.906486449
 30
0.0
  0
POINT
  5
1A4E
330
152B
100
AcDbEntity
  8
DEFPOINTS
  6
Continuous
 62
     0
440
 16777216
100
AcDbPoint
 10
22687.87303361716
 20
52316.71527363005
 30
0.0
  0
ENDBLK
  5
152D
330
152B
100
AcDbEntity
  8
0
100
AcDbBlockEnd
  0
BLOCK
  5
1538
330
1537
100
AcDbEntity
  8
0
100
AcDbBlockBegin
  2
*D93
 70
     1
 10
0.0
 20
0.0
 30
0.0
  3
*D93
  1

  0
LINE
  5
1A4F
330
1537
100
AcDbEntity
  8
TG
  6
Continuous
 62
     8
440
 16777216
370
    -2
100
AcDbLine
 10
14013.18369414191
 20
50143.90648644901
 30
0.0
 11
14013.18369414191
 21
52391.71527363005
 31
0.0
  0
LINE
  5
1A50
330
1537
100
AcDbEntity
  8
TG
  6
Continuous
 62
     8
440
 16777216
370
    -2
100
AcDbLine
 10
18019.98099763132
 20
50143.90648644901
 30
0.0
 11
18019.98099763132
 21
52391.71527363005
 31
0.0
  0
LINE
  5
1A51
330
1537
100
AcDbEntity
  8
TG
  6
Continuous
 62
     8
440
 16777216
370
    -2
100
AcDbLine
 10
14200.68369414192
 20
52316.71527363005
 30
0.0
 11
17832.48099763133
 21
52316.71527363005
 31
0.0
  0
INSERT
  5
1A52
330
1537
100
AcDbEntity
  8
TG
  6
Continuous
 62
     8
440
 16777216
370
    -2
100
AcDbBlockReference
  2
DIM1
 10
14013.18369414191
 20
52316.71527363005
 30
0.0
 41
187.5
 42
187.5
 43
187.5
 50
180.0
  0
INSERT
  5
1A53
330
1537
100
AcDbEntity
  8
TG
  6
Continuous
 62
     8
440
 16777216
370
    -2
100
AcDbBlockReference
  2
DIM1
 10
18019.98099763132
 20
52316.71527363005
 30
0.0
 41
187.5
 42
187.5
 43
187.5
  0
MTEXT
  5
1A54
330
1537
100
AcDbEntity
  8
TG
  6
Continuous
 62
     3
440
 16777216
100
AcDbMText
 10
16016.58234588662
 20
52503.32241648719
 30
0.0
 40
187.5
 41
0.0
 46
0.0
 71
     5
 72
     1
  1
\A1;SHORT SPAN "SA"
  7
ROMANS
 73
     1
 44
1.0
  0
POINT
  5
1A55
330
1537
100
AcDbEntity
  8
DEFPOINTS
  6
Continuous
 62
     0
440
 16777216
100
AcDbPoint
 10
14013.18369414191
 20
50068.906486449
 30
0.0
  0
POINT
  5
1A56
330
1537
100
AcDbEntity
  8
DEFPOINTS
  6
Continuous
 62
     0
440
 16777216
100
AcDbPoint
 10
18019.98099763132
 20
50068.906486449
 30
0.0
  0
POINT
  5
1A57
330
1537
100
AcDbEntity
  8
DEFPOINTS
  6
Continuous
 62
     0
440
 16777216
100
AcDbPoint
 10
18019.98099763132
 20
52316.71527363005
 30
0.0
  0
ENDBLK
  5
1539
330
1537
100
AcDbEntity
  8
0
100
AcDbBlockEnd
  0
BLOCK
  5
1544
330
1543
100
AcDbEntity
  8
0
100
AcDbBlockBegin
  2
*D94
 70
     1
 10
0.0
 20
0.0
 30
0.0
  3
*D94
  1

  0
LINE
  5
1A58
330
1543
100
AcDbEntity
  8
TG
  6
Continuous
 62
     8
440
 16777216
370
    -2
100
AcDbLine
 10
26489.89135678532
 20
46459.70330609539
 30
0.0
 11
26489.89135678532
 21
44409.71360891469
 31
0.0
  0
LINE
  5
1A59
330
1543
100
AcDbEntity
  8
TG
  6
Continuous
 62
     8
440
 16777216
370
    -2
100
AcDbLine
 10
38414.12092180643
 20
46459.70330609539
 30
0.0
 11
38414.12092180643
 21
44409.71360891469
 31
0.0
  0
LINE
  5
1A5A
330
1543
100
AcDbEntity
  8
TG
  6
Continuous
 62
     8
440
 16777216
370
    -2
100
AcDbLine
 10
26649.89135678532
 20
44489.71360891469
 30
0.0
 11
38254.12092180643
 21
44489.71360891469
 31
0.0
  0
INSERT
  5
1A5B
330
1543
100
AcDbEntity
  8
TG
  6
Continuous
 62
     8
440
 16777216
370
    -2
100
AcDbBlockReference
  2
AR01
 10
26489.89135678532
 20
44489.71360891469
 30
0.0
 41
160.0
 42
160.0
 43
160.0
 50
180.0
  0
INSERT
  5
1A5C
330
1543
100
AcDbEntity
  8
TG
  6
Continuous
 62
     8
440
 16777216
370
    -2
100
AcDbBlockReference
  2
AR01
 10
38414.12092180643
 20
44489.71360891469
 30
0.0
 41
160.0
 42
160.0
 43
160.0
  0
MTEXT
  5
1A5D
330
1543
100
AcDbEntity
  8
TG
  6
Continuous
 62
     3
440
 16777216
100
AcDbMText
 10
32452.00613929588
 20
44867.33265653374
 30
0.0
 40
500.0
 41
0.0
 46
0.0
 71
     5
 72
     1
  1
\A1;SPAN "A"
  7
100cl
 73
     1
 44
1.0
  0
POINT
  5
1A5E
330
1543
100
AcDbEntity
  8
DEFPOINTS
  6
Continuous
 62
     0
440
 16777216
100
AcDbPoint
 10
26489.89135678532
 20
46539.70330609539
 30
0.0
  0
POINT
  5
1A5F
330
1543
100
AcDbEntity
  8
DEFPOINTS
  6
Continuous
 62
     0
440
 16777216
100
AcDbPoint
 10
38414.12092180643
 20
46539.70330609539
 30
0.0
  0
POINT
  5
1A60
330
1543
100
AcDbEntity
  8
DEFPOINTS
  6
Continuous
 62
     0
440
 16777216
100
AcDbPoint
 10
38414.12092180643
 20
44489.71360891469
 30
0.0
  0
ENDBLK
  5
1545
330
1543
100
AcDbEntity
  8
0
100
AcDbBlockEnd
  0
BLOCK
  5
1550
330
154F
100
AcDbEntity
  8
0
100
AcDbBlockBegin
  2
*D95
 70
     1
 10
0.0
 20
0.0
 30
0.0
  3
*D95
  1

  0
LINE
  5
1A61
330
154F
100
AcDbEntity
  8
TG
  6
Continuous
 62
     8
440
 16777216
370
    -2
100
AcDbLine
 10
38414.12092180643
 20
47511.39925210451
 30
0.0
 11
38414.12092180643
 21
51157.41542951687
 31
0.0
  0
LINE
  5
1A62
330
154F
100
AcDbEntity
  8
TG
  6
Continuous
 62
     8
440
 16777216
370
    -2
100
AcDbLine
 10
35208.06353054755
 20
48011.8569912216
 30
0.0
 11
35208.06353054755
 21
51157.41542951687
 31
0.0
  0
LINE
  5
1A63
330
154F
100
AcDbEntity
  8
TG
  6
Continuous
 62
     8
440
 16777216
370
    -2
100
AcDbLine
 10
38226.62092180643
 20
51082.41542951687
 30
0.0
 11
35395.56353054754
 21
51082.41542951687
 31
0.0
  0
INSERT
  5
1A64
330
154F
100
AcDbEntity
  8
TG
  6
Continuous
 62
     8
440
 16777216
370
    -2
100
AcDbBlockReference
  2
DIM1
 10
38414.12092180643
 20
51082.41542951687
 30
0.0
 41
187.5
 42
187.5
 43
187.5
  0
INSERT
  5
1A65
330
154F
100
AcDbEntity
  8
TG
  6
Continuous
 62
     8
440
 16777216
370
    -2
100
AcDbBlockReference
  2
DIM1
 10
35208.06353054755
 20
51082.41542951687
 30
0.0
 41
187.5
 42
187.5
 43
187.5
 50
180.0
  0
MTEXT
  5
1A66
330
154F
100
AcDbEntity
  8
TG
  6
Continuous
 62
     3
440
 16777216
100
AcDbMText
 10
36811.09222617699
 20
51300.27257237402
 30
0.0
 40
187.5
 41
0.0
 46
0.0
 71
     5
 72
     1
  1
\A1;* L/4 SPAN "A"
  7
ROMANS
 73
     1
 44
1.0
  0
MTEXT
  5
1A67
330
154F
100
AcDbEntity
  8
TG
  6
Continuous
 62
     3
440
 16777216
100
AcDbMText
 10
36811.09222617699
 20
50864.55828665973
 30
0.0
 40
187.5
 41
0.0
 46
0.0
 71
     5
 72
     1
  1
\A1;OR L/4 SPAN "B"
  7
ROMANS
 73
     1
 44
1.0
  0
POINT
  5
1A68
330
154F
100
AcDbEntity
  8
DEFPOINTS
  6
Continuous
 62
     0
440
 16777216
100
AcDbPoint
 10
38414.12092180643
 20
47436.39925210451
 30
0.0
  0
POINT
  5
1A69
330
154F
100
AcDbEntity
  8
DEFPOINTS
  6
Continuous
 62
     0
440
 16777216
100
AcDbPoint
 10
35208.06353054755
 20
47936.85699122161
 30
0.0
  0
POINT
  5
1A6A
330
154F
100
AcDbEntity
  8
DEFPOINTS
  6
Continuous
 62
     0
440
 16777216
100
AcDbPoint
 10
35208.06353054755
 20
51082.41542951687
 30
0.0
  0
ENDBLK
  5
1551
330
154F
100
AcDbEntity
  8
0
100
AcDbBlockEnd
  0
BLOCK
  5
155D
330
155C
100
AcDbEntity
  8
0
100
AcDbBlockBegin
  2
*D96
 70
     1
 10
0.0
 20
0.0
 30
0.0
  3
*D96
  1

  0
LINE
  5
1A6B
330
155C
100
AcDbEntity
  8
TG
  6
Continuous
 62
     8
440
 16777216
370
    -2
100
AcDbLine
 10
26489.89135678532
 20
47511.39925210451
 30
0.0
 11
26489.89135678532
 21
52391.71527363005
 31
0.0
  0
LINE
  5
1A6C
330
155C
100
AcDbEntity
  8
TG
  6
Continuous
 62
     8
440
 16777216
370
    -2
100
AcDbLine
 10
38414.12092180643
 20
47511.39925210451
 30
0.0
 11
38414.12092180643
 21
52391.71527363005
 31
0.0
  0
LINE
  5
1A6D
330
155C
100
AcDbEntity
  8
TG
  6
Continuous
 62
     8
440
 16777216
370
    -2
100
AcDbLine
 10
26677.39135678532
 20
52316.71527363005
 30
0.0
 11
38226.62092180643
 21
52316.71527363005
 31
0.0
  0
INSERT
  5
1A6E
330
155C
100
AcDbEntity
  8
TG
  6
Continuous
 62
     8
440
 16777216
370
    -2
100
AcDbBlockReference
  2
DIM1
 10
26489.89135678532
 20
52316.71527363005
 30
0.0
 41
187.5
 42
187.5
 43
187.5
 50
180.0
  0
INSERT
  5
1A6F
330
155C
100
AcDbEntity
  8
TG
  6
Continuous
 62
     8
440
 16777216
370
    -2
100
AcDbBlockReference
  2
DIM1
 10
38414.12092180643
 20
52316.71527363005
 30
0.0
 41
187.5
 42
187.5
 43
187.5
  0
MTEXT
  5
1A70
330
155C
100
AcDbEntity
  8
TG
  6
Continuous
 62
     3
440
 16777216
100
AcDbMText
 10
32452.00613929588
 20
52503.32241648719
 30
0.0
 40
187.5
 41
0.0
 46
0.0
 71
     5
 72
     1
  1
\A1;SHORT SPAN "A" = SA
  7
ROMANS
 73
     1
 44
1.0
  0
POINT
  5
1A71
330
155C
100
AcDbEntity
  8
DEFPOINTS
  6
Continuous
 62
     0
440
 16777216
100
AcDbPoint
 10
26489.89135678532
 20
47436.39925210451
 30
0.0
  0
POINT
  5
1A72
330
155C
100
AcDbEntity
  8
DEFPOINTS
  6
Continuous
 62
     0
440
 16777216
100
AcDbPoint
 10
38414.12092180643
 20
47436.39925210451
 30
0.0
  0
POINT
  5
1A73
330
155C
100
AcDbEntity
  8
DEFPOINTS
  6
Continuous
 62
     0
440
 16777216
100
AcDbPoint
 10
38414.12092180643
 20
52316.71527363005
 30
0.0
  0
ENDBLK
  5
155E
330
155C
100
AcDbEntity
  8
0
100
AcDbBlockEnd
  0
BLOCK
  5
1569
330
1568
100
AcDbEntity
  8
0
100
AcDbBlockBegin
  2
*D97
 70
     1
 10
0.0
 20
0.0
 30
0.0
  3
*D97
  1

  0
LINE
  5
1A74
330
1568
100
AcDbEntity
  8
TG
  6
Continuous
 62
     8
440
 16777216
370
    -2
100
AcDbLine
 10
26489.89135678532
 20
47511.39925210451
 30
0.0
 11
26489.89135678532
 21
51157.41542951687
 31
0.0
  0
LINE
  5
1A75
330
1568
100
AcDbEntity
  8
TG
  6
Continuous
 62
     8
440
 16777216
370
    -2
100
AcDbLine
 10
29695.94874804467
 20
48011.8569912216
 30
0.0
 11
29695.94874804467
 21
51157.41542951687
 31
0.0
  0
LINE
  5
1A76
330
1568
100
AcDbEntity
  8
TG
  6
Continuous
 62
     8
440
 16777216
370
    -2
100
AcDbLine
 10
26677.39135678532
 20
51082.41542951687
 30
0.0
 11
29508.44874804467
 21
51082.41542951687
 31
0.0
  0
INSERT
  5
1A77
330
1568
100
AcDbEntity
  8
TG
  6
Continuous
 62
     8
440
 16777216
370
    -2
100
AcDbBlockReference
  2
DIM1
 10
26489.89135678532
 20
51082.41542951687
 30
0.0
 41
187.5
 42
187.5
 43
187.5
 50
180.0
  0
INSERT
  5
1A78
330
1568
100
AcDbEntity
  8
TG
  6
Continuous
 62
     8
440
 16777216
370
    -2
100
AcDbBlockReference
  2
DIM1
 10
29695.94874804467
 20
51082.41542951687
 30
0.0
 41
187.5
 42
187.5
 43
187.5
  0
MTEXT
  5
1A79
330
1568
100
AcDbEntity
  8
TG
  6
Continuous
 62
     3
440
 16777216
100
AcDbMText
 10
28092.92005241499
 20
51300.27257237402
 30
0.0
 40
187.5
 41
0.0
 46
0.0
 71
     5
 72
     1
  1
\A1;L/4 SPAN "A"
  7
ROMANS
 73
     1
 44
1.0
  0
POINT
  5
1A7A
330
1568
100
AcDbEntity
  8
DEFPOINTS
  6
Continuous
 62
     0
440
 16777216
100
AcDbPoint
 10
26489.89135678532
 20
47436.39925210451
 30
0.0
  0
POINT
  5
1A7B
330
1568
100
AcDbEntity
  8
DEFPOINTS
  6
Continuous
 62
     0
440
 16777216
100
AcDbPoint
 10
29695.94874804467
 20
47936.85699122161
 30
0.0
  0
POINT
  5
1A7C
330
1568
100
AcDbEntity
  8
DEFPOINTS
  6
Continuous
 62
     0
440
 16777216
100
AcDbPoint
 10
29695.94874804467
 20
51082.41542951687
 30
0.0
  0
ENDBLK
  5
156A
330
1568
100
AcDbEntity
  8
0
100
AcDbBlockEnd
  0
BLOCK
  5
1575
330
1574
100
AcDbEntity
  8
0
100
AcDbBlockBegin
  2
*D98
 70
     1
 10
0.0
 20
0.0
 30
0.0
  3
*D98
  1

  0
LINE
  5
1A7D
330
1574
100
AcDbEntity
  8
TG
  6
Continuous
 62
     8
440
 16777216
370
    -2
100
AcDbLine
 10
13938.18369414192
 20
50068.90648644903
 30
0.0
 11
10681.6729449137
 21
50068.90648644903
 31
0.0
  0
LINE
  5
1A7E
330
1574
100
AcDbEntity
  8
TG
  6
Continuous
 62
     8
440
 16777216
370
    -2
100
AcDbLine
 10
13938.18369414192
 20
43789.79252406228
 30
0.0
 11
10681.67294491371
 21
43789.79252406228
 31
0.0
  0
LINE
  5
1A7F
330
1574
100
AcDbEntity
  8
TG
  6
Continuous
 62
     8
440
 16777216
370
    -2
100
AcDbLine
 10
10756.6729449137
 20
49881.40648644903
 30
0.0
 11
10756.67294491371
 21
43977.29252406229
 31
0.0
  0
INSERT
  5
1A80
330
1574
100
AcDbEntity
  8
TG
  6
Continuous
 62
     8
440
 16777216
370
    -2
100
AcDbBlockReference
  2
DIM1
 10
10756.6729449137
 20
50068.90648644903
 30
0.0
 41
187.5
 42
187.5
 43
187.5
 50
90.0
  0
INSERT
  5
1A81
330
1574
100
AcDbEntity
  8
TG
  6
Continuous
 62
     8
440
 16777216
370
    -2
100
AcDbBlockReference
  2
DIM1
 10
10756.67294491371
 20
43789.79252406228
 30
0.0
 41
187.5
 42
187.5
 43
187.5
 50
270.0
  0
MTEXT
  5
1A82
330
1574
100
AcDbEntity
  8
TG
  6
Continuous
 62
     3
440
 16777216
100
AcDbMText
 10
10570.06580205658
 20
46929.34950525565
 30
0.0
 40
187.5
 41
0.0
 46
0.0
 71
     5
 72
     1
  1
\A1;LONG SPAN "L"
  7
ROMANS
 11
0.0000000000000001
 21
1.0
 31
0.0
 73
     1
 44
1.0
  0
POINT
  5
1A83
330
1574
100
AcDbEntity
  8
DEFPOINTS
  6
Continuous
 62
     0
440
 16777216
100
AcDbPoint
 10
14013.18369414192
 20
50068.90648644903
 30
0.0
  0
POINT
  5
1A84
330
1574
100
AcDbEntity
  8
DEFPOINTS
  6
Continuous
 62
     0
440
 16777216
100
AcDbPoint
 10
14013.18369414192
 20
43789.79252406228
 30
0.0
  0
POINT
  5
1A85
330
1574
100
AcDbEntity
  8
DEFPOINTS
  6
Continuous
 62
     0
440
 16777216
100
AcDbPoint
 10
10756.67294491371
 20
43789.79252406228
 30
0.0
  0
ENDBLK
  5
1576
330
1574
100
AcDbEntity
  8
0
100
AcDbBlockEnd
  0
BLOCK
  5
1581
330
1580
100
AcDbEntity
  8
0
100
AcDbBlockBegin
  2
*D99
 70
     1
 10
0.0
 20
0.0
 30
0.0
  3
*D99
  1

  0
LINE
  5
1A86
330
1580
100
AcDbEntity
  8
TG
  6
Continuous
 62
     8
440
 16777216
370
    -2
100
AcDbLine
 10
13938.18369414192
 20
50068.90648644903
 30
0.0
 11
12655.10106500946
 21
50068.90648644903
 31
0.0
  0
LINE
  5
1A87
330
1580
100
AcDbEntity
  8
TG
  6
Continuous
 62
     8
440
 16777216
370
    -2
100
AcDbLine
 10
15296.08992279228
 20
48145.27205169359
 30
0.0
 11
12655.10106500946
 21
48145.27205169359
 31
0.0
  0
LINE
  5
1A88
330
1580
100
AcDbEntity
  8
TG
  6
Continuous
 62
     8
440
 16777216
370
    -2
100
AcDbLine
 10
12730.10106500946
 20
49881.40648644903
 30
0.0
 11
12730.10106500946
 21
48332.77205169359
 31
0.0
  0
INSERT
  5
1A89
330
1580
100
AcDbEntity
  8
TG
  6
Continuous
 62
     8
440
 16777216
370
    -2
100
AcDbBlockReference
  2
DIM1
 10
12730.10106500946
 20
50068.90648644903
 30
0.0
 41
187.5
 42
187.5
 43
187.5
 50
90.0
  0
INSERT
  5
1A8A
330
1580
100
AcDbEntity
  8
TG
  6
Continuous
 62
     8
440
 16777216
370
    -2
100
AcDbBlockReference
  2
DIM1
 10
12730.10106500946
 20
48145.27205169359
 30
0.0
 41
187.5
 42
187.5
 43
187.5
 50
270.0
  0
MTEXT
  5
1A8B
330
1580
100
AcDbEntity
  8
TG
  6
Continuous
 62
     3
440
 16777216
100
AcDbMText
 10
12512.24392215233
 20
49107.08926907131
 30
0.0
 40
187.5
 41
0.0
 46
0.0
 71
     5
 72
     1
  1
\A1;S/4
  7
ROMANS
 11
0.0000000000000001
 21
1.0
 31
0.0
 73
     1
 44
1.0
  0
POINT
  5
1A8C
330
1580
100
AcDbEntity
  8
DEFPOINTS
  6
Continuous
 62
     0
440
 16777216
100
AcDbPoint
 10
14013.18369414192
 20
50068.90648644903
 30
0.0
  0
POINT
  5
1A8D
330
1580
100
AcDbEntity
  8
DEFPOINTS
  6
Continuous
 62
     0
440
 16777216
100
AcDbPoint
 10
15371.08992279228
 20
48145.27205169359
 30
0.0
  0
POINT
  5
1A8E
330
1580
100
AcDbEntity
  8
DEFPOINTS
  6
Continuous
 62
     0
440
 16777216
100
AcDbPoint
 10
12730.10106500946
 20
48145.27205169359
 30
0.0
  0
ENDBLK
  5
1582
330
1580
100
AcDbEntity
  8
0
100
AcDbBlockEnd
  0
BLOCK
  5
158D
330
158C
100
AcDbEntity
  8
0
100
AcDbBlockBegin
  2
*D100
 70
     1
 10
0.0
 20
0.0
 30
0.0
  3
*D100
  1

  0
LINE
  5
1A8F
330
158C
100
AcDbEntity
  8
TG
  6
Continuous
 62
     8
440
 16777216
370
    -2
100
AcDbLine
 10
39352.47918266384
 20
47511.39925210451
 30
0.0
 11
39352.47918266384
 21
52391.71527363005
 31
0.0
  0
LINE
  5
1A90
330
158C
100
AcDbEntity
  8
TG
  6
Continuous
 62
     8
440
 16777216
370
    -2
100
AcDbLine
 10
39539.97918266384
 20
52316.71527363005
 30
0.0
 11
44482.40769668203
 21
52316.71527363005
 31
0.0
  0
INSERT
  5
1A91
330
158C
100
AcDbEntity
  8
TG
  6
Continuous
 62
     8
440
 16777216
370
    -2
100
AcDbBlockReference
  2
DIM1
 10
39352.47918266384
 20
52316.71527363005
 30
0.0
 41
187.5
 42
187.5
 43
187.5
 50
180.0
  0
INSERT
  5
1A92
330
158C
100
AcDbEntity
  8
TG
  6
Continuous
 62
     8
440
 16777216
370
    -2
100
AcDbBlockReference
  2
DIM1
 10
44669.90769668202
 20
52316.71527363005
 30
0.0
 41
187.5
 42
187.5
 43
187.5
  0
MTEXT
  5
1A93
330
158C
100
AcDbEntity
  8
TG
  6
Continuous
 62
     3
440
 16777216
100
AcDbMText
 10
42011.19343967294
 20
52503.32241648719
 30
0.0
 40
187.5
 41
0.0
 46
0.0
 71
     5
 72
     1
  1
\A1;SHORT SPAN "B" = SB
  7
ROMANS
 73
     1
 44
1.0
  0
POINT
  5
1A94
330
158C
100
AcDbEntity
  8
DEFPOINTS
  6
Continuous
 62
     0
440
 16777216
100
AcDbPoint
 10
39352.47918266384
 20
47436.39925210451
 30
0.0
  0
POINT
  5
1A95
330
158C
100
AcDbEntity
  8
DEFPOINTS
  6
Continuous
 62
     0
440
 16777216
100
AcDbPoint
 10
44669.90769668202
 20
52316.71527363005
 30
0.0
  0
POINT
  5
1A96
330
158C
100
AcDbEntity
  8
DEFPOINTS
  6
Continuous
 62
     0
440
 16777216
100
AcDbPoint
 10
44669.90769668202
 20
52316.71527363005
 30
0.0
  0
ENDBLK
  5
158E
330
158C
100
AcDbEntity
  8
0
100
AcDbBlockEnd
  0
BLOCK
  5
1598
330
1597
100
AcDbEntity
  8
0
100
AcDbBlockBegin
  2
*D101
 70
     1
 10
0.0
 20
0.0
 30
0.0
  3
*D101
  1

  0
LINE
  5
1A97
330
1597
100
AcDbEntity
  8
TG
  6
Continuous
 62
     8
440
 16777216
370
    -2
100
AcDbLine
 10
42558.53657392412
 20
48011.8569912216
 30
0.0
 11
42558.53657392412
 21
51157.41542951687
 31
0.0
  0
LINE
  5
1A98
330
1597
100
AcDbEntity
  8
TG
  6
Continuous
 62
     8
440
 16777216
370
    -2
100
AcDbLine
 10
39352.47918266384
 20
47511.39925210451
 30
0.0
 11
39352.47918266384
 21
51157.41542951687
 31
0.0
  0
LINE
  5
1A99
330
1597
100
AcDbEntity
  8
TG
  6
Continuous
 62
     8
440
 16777216
370
    -2
100
AcDbLine
 10
42371.03657392412
 20
51082.41542951687
 30
0.0
 11
39539.97918266384
 21
51082.41542951687
 31
0.0
  0
INSERT
  5
1A9A
330
1597
100
AcDbEntity
  8
TG
  6
Continuous
 62
     8
440
 16777216
370
    -2
100
AcDbBlockReference
  2
DIM1
 10
42558.53657392412
 20
51082.41542951687
 30
0.0
 41
187.5
 42
187.5
 43
187.5
  0
INSERT
  5
1A9B
330
1597
100
AcDbEntity
  8
TG
  6
Continuous
 62
     8
440
 16777216
370
    -2
100
AcDbBlockReference
  2
DIM1
 10
39352.47918266384
 20
51082.41542951687
 30
0.0
 41
187.5
 42
187.5
 43
187.5
 50
180.0
  0
MTEXT
  5
1A9C
330
1597
100
AcDbEntity
  8
TG
  6
Continuous
 62
     3
440
 16777216
100
AcDbMText
 10
40955.50787829398
 20
51300.27257237402
 30
0.0
 40
187.5
 41
0.0
 46
0.0
 71
     5
 72
     1
  1
\A1;* L/4 SPAN "A"
  7
ROMANS
 73
     1
 44
1.0
  0
MTEXT
  5
1A9D
330
1597
100
AcDbEntity
  8
TG
  6
Continuous
 62
     3
440
 16777216
100
AcDbMText
 10
40955.50787829398
 20
50864.55828665973
 30
0.0
 40
187.5
 41
0.0
 46
0.0
 71
     5
 72
     1
  1
\A1;OR L/4 SPAN "B"
  7
ROMANS
 73
     1
 44
1.0
  0
POINT
  5
1A9E
330
1597
100
AcDbEntity
  8
DEFPOINTS
  6
Continuous
 62
     0
440
 16777216
100
AcDbPoint
 10
42558.53657392412
 20
47936.85699122161
 30
0.0
  0
POINT
  5
1A9F
330
1597
100
AcDbEntity
  8
DEFPOINTS
  6
Continuous
 62
     0
440
 16777216
100
AcDbPoint
 10
39352.47918266384
 20
47436.39925210451
 30
0.0
  0
POINT
  5
1AA0
330
1597
100
AcDbEntity
  8
DEFPOINTS
  6
Continuous
 62
     0
440
 16777216
100
AcDbPoint
 10
39352.47918266384
 20
51082.41542951687
 30
0.0
  0
ENDBLK
  5
1599
330
1597
100
AcDbEntity
  8
0
100
AcDbBlockEnd
  0
BLOCK
  5
15A5
330
15A4
100
AcDbEntity
  8
0
100
AcDbBlockBegin
  2
*D102
 70
     1
 10
0.0
 20
0.0
 30
0.0
  3
*D102
  1

  0
LINE
  5
1AA1
330
15A4
100
AcDbEntity
  8
TG
  6
Continuous
 62
     8
440
 16777216
370
    -2
100
AcDbLine
 10
39352.47918266431
 20
46459.70330609539
 30
0.0
 11
39352.47918266431
 21
44409.71360891469
 31
0.0
  0
LINE
  5
1AA2
330
15A4
100
AcDbEntity
  8
TG
  6
Continuous
 62
     8
440
 16777216
370
    -2
100
AcDbLine
 10
39512.47918266431
 20
44489.71360891469
 30
0.0
 11
44509.90769668202
 21
44489.71360891469
 31
0.0
  0
INSERT
  5
1AA3
330
15A4
100
AcDbEntity
  8
TG
  6
Continuous
 62
     8
440
 16777216
370
    -2
100
AcDbBlockReference
  2
AR01
 10
39352.47918266431
 20
44489.71360891469
 30
0.0
 41
160.0
 42
160.0
 43
160.0
 50
180.0
  0
INSERT
  5
1AA4
330
15A4
100
AcDbEntity
  8
TG
  6
Continuous
 62
     8
440
 16777216
370
    -2
100
AcDbBlockReference
  2
AR01
 10
44669.90769668202
 20
44489.71360891469
 30
0.0
 41
160.0
 42
160.0
 43
160.0
  0
MTEXT
  5
1AA5
330
15A4
100
AcDbEntity
  8
TG
  6
Continuous
 62
     3
440
 16777216
100
AcDbMText
 10
42011.19343967317
 20
44867.33265653374
 30
0.0
 40
500.0
 41
0.0
 46
0.0
 71
     5
 72
     1
  1
\A1;SPAN "B"
  7
100cl
 73
     1
 44
1.0
  0
POINT
  5
1AA6
330
15A4
100
AcDbEntity
  8
DEFPOINTS
  6
Continuous
 62
     0
440
 16777216
100
AcDbPoint
 10
39352.47918266431
 20
46539.70330609539
 30
0.0
  0
POINT
  5
1AA7
330
15A4
100
AcDbEntity
  8
DEFPOINTS
  6
Continuous
 62
     0
440
 16777216
100
AcDbPoint
 10
44669.90769668202
 20
44489.71360891469
 30
0.0
  0
POINT
  5
1AA8
330
15A4
100
AcDbEntity
  8
DEFPOINTS
  6
Continuous
 62
     0
440
 16777216
100
AcDbPoint
 10
44669.90769668202
 20
44489.71360891469
 30
0.0
  0
ENDBLK
  5
15A6
330
15A4
100
AcDbEntity
  8
0
100
AcDbBlockEnd
  0
BLOCK
  5
15B0
330
15AF
100
AcDbEntity
  8
0
100
AcDbBlockBegin
  2
*D103
 70
     1
 10
0.0
 20
0.0
 30
0.0
  3
*D103
  1

  0
LINE
  5
180C
330
15AF
100
AcDbEntity
  8
TR
 62
     8
440
 16777216
370
    -2
100
AcDbLine
 10
19523.79547259072
 20
47808.05108667392
 30
0.0
 11
19523.79547259072
 21
50225.99027462007
 31
0.0
  0
LINE
  5
180D
330
15AF
100
AcDbEntity
  8
TR
 62
     8
440
 16777216
370
    -2
100
AcDbLine
 10
21905.06742428103
 20
47808.05108667392
 30
0.0
 11
21905.06742428103
 21
50225.99027462007
 31
0.0
  0
LINE
  5
180E
330
15AF
100
AcDbEntity
  8
TR
 62
     8
440
 16777216
370
    -2
100
AcDbLine
 10
19773.79547259072
 20
50125.99027462006
 30
0.0
 11
21655.06742428104
 21
50125.99027462006
 31
0.0
  0
INSERT
  5
180F
330
15AF
100
AcDbEntity
  8
TR
 62
     8
440
 16777216
370
    -2
100
AcDbBlockReference
  2
DIM1
 10
19523.79547259072
 20
50125.99027462006
 30
0.0
 41
250.0
 42
250.0
 43
250.0
 50
180.0
  0
INSERT
  5
1810
330
15AF
100
AcDbEntity
  8
TR
 62
     8
440
 16777216
370
    -2
100
AcDbBlockReference
  2
DIM1
 10
21905.06742428103
 20
50125.99027462006
 30
0.0
 41
250.0
 42
250.0
 43
250.0
  0
MTEXT
  5
1811
330
15AF
100
AcDbEntity
  8
TR
 62
     3
440
 16777216
100
AcDbMText
 10
20714.43144843588
 20
50350.99027462006
 30
0.0
 40
250.0
 41
0.0
 46
0.0
 71
     5
 72
     1
  1
\A1;O.25 LC1 
  7
ROMANS
 73
     1
 44
1.0
  0
POINT
  5
1812
330
15AF
100
AcDbEntity
  8
DEFPOINTS
 62
     0
440
 16777216
100
AcDbPoint
 10
19523.79547259072
 20
47708.05108667392
 30
0.0
  0
POINT
  5
1813
330
15AF
100
AcDbEntity
  8
DEFPOINTS
 62
     0
440
 16777216
100
AcDbPoint
 10
21905.06742428103
 20
47708.05108667392
 30
0.0
  0
POINT
  5
1814
330
15AF
100
AcDbEntity
  8
DEFPOINTS
 62
     0
440
 16777216
100
AcDbPoint
 10
21905.06742428103
 20
50125.99027462006
 30
0.0
  0
ENDBLK
  5
15B1
330
15AF
100
AcDbEntity
  8
0
100
AcDbBlockEnd
  0
BLOCK
  5
15BC
330
15BB
100
AcDbEntity
  8
0
100
AcDbBlockBegin
  2
*D104
 70
     1
 10
0.0
 20
0.0
 30
0.0
  3
*D104
  1

  0
LINE
  5
1815
330
15BB
100
AcDbEntity
  8
TR
 62
     8
440
 16777216
370
    -2
100
AcDbLine
 10
29048.88326268597
 20
47808.05108667392
 30
0.0
 11
29048.88326268597
 21
50225.99027462007
 31
0.0
  0
LINE
  5
1816
330
15BB
100
AcDbEntity
  8
TR
 62
     8
440
 16777216
370
    -2
100
AcDbLine
 10
25873.85399932089
 20
47808.05108667392
 30
0.0
 11
25873.85399932089
 21
50225.99027462007
 31
0.0
  0
LINE
  5
1817
330
15BB
100
AcDbEntity
  8
TR
 62
     8
440
 16777216
370
    -2
100
AcDbLine
 10
28798.88326268597
 20
50125.99027462006
 30
0.0
 11
26123.85399932088
 21
50125.99027462006
 31
0.0
  0
INSERT
  5
1818
330
15BB
100
AcDbEntity
  8
TR
 62
     8
440
 16777216
370
    -2
100
AcDbBlockReference
  2
DIM1
 10
29048.88326268597
 20
50125.99027462006
 30
0.0
 41
250.0
 42
250.0
 43
250.0
  0
INSERT
  5
1819
330
15BB
100
AcDbEntity
  8
TR
 62
     8
440
 16777216
370
    -2
100
AcDbBlockReference
  2
DIM1
 10
25873.85399932089
 20
50125.99027462006
 30
0.0
 41
250.0
 42
250.0
 43
250.0
 50
180.0
  0
MTEXT
  5
181A
330
15BB
100
AcDbEntity
  8
TR
 62
     3
440
 16777216
100
AcDbMText
 10
27461.36863100343
 20
50350.99027462006
 30
0.0
 40
250.0
 41
0.0
 46
0.0
 71
     5
 72
     1
  1
\A1;O.25 L 
  7
ROMANS
 73
     1
 44
1.0
  0
POINT
  5
181B
330
15BB
100
AcDbEntity
  8
DEFPOINTS
 62
     0
440
 16777216
100
AcDbPoint
 10
29048.88326268597
 20
47708.05108667392
 30
0.0
  0
POINT
  5
181C
330
15BB
100
AcDbEntity
  8
DEFPOINTS
 62
     0
440
 16777216
100
AcDbPoint
 10
25873.85399932089
 20
47708.05108667392
 30
0.0
  0
POINT
  5
181D
330
15BB
100
AcDbEntity
  8
DEFPOINTS
 62
     0
440
 16777216
100
AcDbPoint
 10
25873.85399932089
 20
50125.99027462006
 30
0.0
  0
ENDBLK
  5
15BD
330
15BB
100
AcDbEntity
  8
0
100
AcDbBlockEnd
  0
BLOCK
  5
15C8
330
15C7
100
AcDbEntity
  8
0
100
AcDbBlockBegin
  2
*D105
 70
     1
 10
0.0
 20
0.0
 30
0.0
  3
*D105
  1

  0
LINE
  5
181E
330
15C7
100
AcDbEntity
  8
TR
 62
     8
440
 16777216
370
    -2
100
AcDbLine
 10
31165.56943826238
 20
47808.05108667392
 30
0.0
 11
31165.56943826238
 21
50225.99027462007
 31
0.0
  0
LINE
  5
181F
330
15C7
100
AcDbEntity
  8
TR
 62
     8
440
 16777216
370
    -2
100
AcDbLine
 10
34340.59870162746
 20
47808.05108667392
 30
0.0
 11
34340.59870162746
 21
50225.99027462007
 31
0.0
  0
LINE
  5
1820
330
15C7
100
AcDbEntity
  8
TR
 62
     8
440
 16777216
370
    -2
100
AcDbLine
 10
31415.56943826238
 20
50125.99027462006
 30
0.0
 11
34090.59870162746
 21
50125.99027462006
 31
0.0
  0
INSERT
  5
1821
330
15C7
100
AcDbEntity
  8
TR
 62
     8
440
 16777216
370
    -2
100
AcDbBlockReference
  2
DIM1
 10
31165.56943826238
 20
50125.99027462006
 30
0.0
 41
250.0
 42
250.0
 43
250.0
 50
180.0
  0
INSERT
  5
1822
330
15C7
100
AcDbEntity
  8
TR
 62
     8
440
 16777216
370
    -2
100
AcDbBlockReference
  2
DIM1
 10
34340.59870162746
 20
50125.99027462006
 30
0.0
 41
250.0
 42
250.0
 43
250.0
  0
MTEXT
  5
1823
330
15C7
100
AcDbEntity
  8
TR
 62
     3
440
 16777216
100
AcDbMText
 10
32753.08406994492
 20
50350.99027462006
 30
0.0
 40
250.0
 41
0.0
 46
0.0
 71
     5
 72
     1
  1
\A1;O.25 L 
  7
ROMANS
 73
     1
 44
1.0
  0
POINT
  5
1824
330
15C7
100
AcDbEntity
  8
DEFPOINTS
 62
     0
440
 16777216
100
AcDbPoint
 10
31165.56943826238
 20
47708.05108667392
 30
0.0
  0
POINT
  5
1825
330
15C7
100
AcDbEntity
  8
DEFPOINTS
 62
     0
440
 16777216
100
AcDbPoint
 10
34340.59870162746
 20
47708.05108667392
 30
0.0
  0
POINT
  5
1826
330
15C7
100
AcDbEntity
  8
DEFPOINTS
 62
     0
440
 16777216
100
AcDbPoint
 10
34340.59870162746
 20
50125.99027462006
 30
0.0
  0
ENDBLK
  5
15C9
330
15C7
100
AcDbEntity
  8
0
100
AcDbBlockEnd
  0
BLOCK
  5
15D4
330
15D3
100
AcDbEntity
  8
0
100
AcDbBlockBegin
  2
*D106
 70
     1
 10
0.0
 20
0.0
 30
0.0
  3
*D106
  1

  0
LINE
  5
1827
330
15D3
100
AcDbEntity
  8
TR
 62
     8
440
 16777216
370
    -2
100
AcDbLine
 10
19523.79547259072
 20
42586.53663845087
 30
0.0
 11
19523.79547259072
 21
40000.33885683963
 31
0.0
  0
LINE
  5
1828
330
15D3
100
AcDbEntity
  8
TR
 62
     8
440
 16777216
370
    -2
100
AcDbLine
 10
29048.88326268597
 20
42586.53663845133
 30
0.0
 11
29048.88326268597
 21
40000.33885683963
 31
0.0
  0
LINE
  5
1829
330
15D3
100
AcDbEntity
  8
TR
 62
     8
440
 16777216
370
    -2
100
AcDbLine
 10
19773.79547259072
 20
40100.33885683963
 30
0.0
 11
28798.88326268597
 21
40100.33885683963
 31
0.0
  0
INSERT
  5
182A
330
15D3
100
AcDbEntity
  8
TR
 62
     8
440
 16777216
370
    -2
100
AcDbBlockReference
  2
DIM1
 10
19523.79547259072
 20
40100.33885683963
 30
0.0
 41
250.0
 42
250.0
 43
250.0
 50
180.0
  0
INSERT
  5
182B
330
15D3
100
AcDbEntity
  8
TR
 62
     8
440
 16777216
370
    -2
100
AcDbBlockReference
  2
DIM1
 10
29048.88326268597
 20
40100.33885683963
 30
0.0
 41
250.0
 42
250.0
 43
250.0
  0
MTEXT
  5
182C
330
15D3
100
AcDbEntity
  8
TR
 62
     3
440
 16777216
100
AcDbMText
 10
24286.33936763834
 20
40325.33885683963
 30
0.0
 40
250.0
 41
0.0
 46
0.0
 71
     5
 72
     1
  1
\A1;LC1 
  7
ROMANS
 73
     1
 44
1.0
  0
POINT
  5
182D
330
15D3
100
AcDbEntity
  8
DEFPOINTS
 62
     0
440
 16777216
100
AcDbPoint
 10
19523.79547259072
 20
42686.53663845086
 30
0.0
  0
POINT
  5
182E
330
15D3
100
AcDbEntity
  8
DEFPOINTS
 62
     0
440
 16777216
100
AcDbPoint
 10
29048.88326268597
 20
42686.53663845133
 30
0.0
  0
POINT
  5
182F
330
15D3
100
AcDbEntity
  8
DEFPOINTS
 62
     0
440
 16777216
100
AcDbPoint
 10
29048.88326268597
 20
40100.33885683963
 30
0.0
  0
ENDBLK
  5
15D5
330
15D3
100
AcDbEntity
  8
0
100
AcDbBlockEnd
  0
BLOCK
  5
15E0
330
15DF
100
AcDbEntity
  8
0
100
AcDbBlockBegin
  2
*D107
 70
     1
 10
0.0
 20
0.0
 30
0.0
  3
*D107
  1

  0
LINE
  5
1830
330
15DF
100
AcDbEntity
  8
TR
 62
     8
440
 16777216
370
    -2
100
AcDbLine
 10
31165.56943826238
 20
42586.53663845133
 30
0.0
 11
31165.56943826238
 21
40000.33885683963
 31
0.0
  0
LINE
  5
1831
330
15DF
100
AcDbEntity
  8
TR
 62
     8
440
 16777216
370
    -2
100
AcDbLine
 10
40690.65722835762
 20
42586.53663845133
 30
0.0
 11
40690.65722835762
 21
40000.33885683963
 31
0.0
  0
LINE
  5
1832
330
15DF
100
AcDbEntity
  8
TR
 62
     8
440
 16777216
370
    -2
100
AcDbLine
 10
31415.56943826238
 20
40100.33885683963
 30
0.0
 11
40440.65722835762
 21
40100.33885683963
 31
0.0
  0
INSERT
  5
1833
330
15DF
100
AcDbEntity
  8
TR
 62
     8
440
 16777216
370
    -2
100
AcDbBlockReference
  2
DIM1
 10
31165.56943826238
 20
40100.33885683963
 30
0.0
 41
250.0
 42
250.0
 43
250.0
 50
180.0
  0
INSERT
  5
1834
330
15DF
100
AcDbEntity
  8
TR
 62
     8
440
 16777216
370
    -2
100
AcDbBlockReference
  2
DIM1
 10
40690.65722835762
 20
40100.33885683963
 30
0.0
 41
250.0
 42
250.0
 43
250.0
  0
MTEXT
  5
1835
330
15DF
100
AcDbEntity
  8
TR
 62
     3
440
 16777216
100
AcDbMText
 10
35928.11333331
 20
40325.33885683963
 30
0.0
 40
250.0
 41
0.0
 46
0.0
 71
     5
 72
     1
  1
\A1;LC2
  7
ROMANS
 73
     1
 44
1.0
  0
MTEXT
  5
1836
330
15DF
100
AcDbEntity
  8
TR
 62
     3
440
 16777216
100
AcDbMText
 10
35928.11333331
 20
39809.86266636344
 30
0.0
 40
250.0
 41
0.0
 46
0.0
 71
     5
 72
     1
  1
\A1;(CLEAR SPAN)
  7
ROMANS
 73
     1
 44
1.0
  0
POINT
  5
1837
330
15DF
100
AcDbEntity
  8
DEFPOINTS
 62
     0
440
 16777216
100
AcDbPoint
 10
31165.56943826238
 20
42686.53663845133
 30
0.0
  0
POINT
  5
1838
330
15DF
100
AcDbEntity
  8
DEFPOINTS
 62
     0
440
 16777216
100
AcDbPoint
 10
40690.65722835762
 20
42686.53663845133
 30
0.0
  0
POINT
  5
1839
330
15DF
100
AcDbEntity
  8
DEFPOINTS
 62
     0
440
 16777216
100
AcDbPoint
 10
40690.65722835762
 20
40100.33885683963
 30
0.0
  0
ENDBLK
  5
15E1
330
15DF
100
AcDbEntity
  8
0
100
AcDbBlockEnd
  0
BLOCK
  5
15ED
330
15EC
100
AcDbEntity
  8
0
100
AcDbBlockBegin
  2
*D108
 70
     1
 10
0.0
 20
0.0
 30
0.0
  3
*D108
  1

  0
LINE
  5
183A
330
15EC
100
AcDbEntity
  8
TR
 62
     8
440
 16777216
370
    -2
100
AcDbLine
 10
42807.3434039345
 20
45359.07202304044
 30
0.0
 11
42807.3434039345
 21
40000.33885683963
 31
0.0
  0
LINE
  5
183B
330
15EC
100
AcDbEntity
  8
TR
 62
     8
440
 16777216
370
    -2
100
AcDbLine
 10
48799.58367338264
 20
45359.07202304032
 30
0.0
 11
48799.58367338264
 21
40000.33885683963
 31
0.0
  0
LINE
  5
183C
330
15EC
100
AcDbEntity
  8
TR
 62
     8
440
 16777216
370
    -2
100
AcDbLine
 10
43057.3434039345
 20
40100.33885683963
 30
0.0
 11
48549.58367338264
 21
40100.33885683963
 31
0.0
  0
INSERT
  5
183D
330
15EC
100
AcDbEntity
  8
TR
 62
     8
440
 16777216
370
    -2
100
AcDbBlockReference
  2
DIM1
 10
42807.3434039345
 20
40100.33885683963
 30
0.0
 41
250.0
 42
250.0
 43
250.0
 50
180.0
  0
INSERT
  5
183E
330
15EC
100
AcDbEntity
  8
TR
 62
     8
440
 16777216
370
    -2
100
AcDbBlockReference
  2
DIM1
 10
48799.58367338264
 20
40100.33885683963
 30
0.0
 41
250.0
 42
250.0
 43
250.0
  0
MTEXT
  5
183F
330
15EC
100
AcDbEntity
  8
TR
 62
     3
440
 16777216
100
AcDbMText
 10
45803.46353865857
 20
40325.33885683963
 30
0.0
 40
250.0
 41
0.0
 46
0.0
 71
     5
 72
     1
  1
\A1;LC1 OR LC2
  7
ROMANS
 73
     1
 44
1.0
  0
MTEXT
  5
1840
330
15EC
100
AcDbEntity
  8
TR
 62
     3
440
 16777216
100
AcDbMText
 10
45803.46353865857
 20
39809.86266636344
 30
0.0
 40
250.0
 41
0.0
 46
0.0
 71
     5
 72
     1
  1
\A1;(CLEAR SPAN) 
  7
ROMANS
 73
     1
 44
1.0
  0
POINT
  5
1841
330
15EC
100
AcDbEntity
  8
DEFPOINTS
 62
     0
440
 16777216
100
AcDbPoint
 10
42807.3434039345
 20
45459.07202304044
 30
0.0
  0
POINT
  5
1842
330
15EC
100
AcDbEntity
  8
DEFPOINTS
 62
     0
440
 16777216
100
AcDbPoint
 10
48799.58367338264
 20
45459.07202304032
 30
0.0
  0
POINT
  5
1843
330
15EC
100
AcDbEntity
  8
DEFPOINTS
 62
     0
440
 16777216
100
AcDbPoint
 10
48799.58367338264
 20
40100.33885683963
 30
0.0
  0
ENDBLK
  5
15EE
330
15EC
100
AcDbEntity
  8
0
100
AcDbBlockEnd
  0
BLOCK
  5
15FA
330
15F9
100
AcDbEntity
  8
0
100
AcDbBlockBegin
  2
*D109
 70
     1
 10
0.0
 20
0.0
 30
0.0
  3
*D109
  1

  0
LINE
  5
1844
330
15F9
100
AcDbEntity
  8
TR
 62
     8
440
 16777216
370
    -2
100
AcDbLine
 10
40690.65722835762
 20
47808.05108667392
 30
0.0
 11
40690.65722835762
 21
50225.99027462007
 31
0.0
  0
LINE
  5
1845
330
15F9
100
AcDbEntity
  8
TR
 62
     8
440
 16777216
370
    -2
100
AcDbLine
 10
37515.62796499254
 20
47808.05108667392
 30
0.0
 11
37515.62796499254
 21
50225.99027462007
 31
0.0
  0
LINE
  5
1846
330
15F9
100
AcDbEntity
  8
TR
 62
     8
440
 16777216
370
    -2
100
AcDbLine
 10
40440.65722835762
 20
50125.99027462006
 30
0.0
 11
37765.62796499254
 21
50125.99027462006
 31
0.0
  0
INSERT
  5
1847
330
15F9
100
AcDbEntity
  8
TR
 62
     8
440
 16777216
370
    -2
100
AcDbBlockReference
  2
DIM1
 10
40690.65722835762
 20
50125.99027462006
 30
0.0
 41
250.0
 42
250.0
 43
250.0
  0
INSERT
  5
1848
330
15F9
100
AcDbEntity
  8
TR
 62
     8
440
 16777216
370
    -2
100
AcDbBlockReference
  2
DIM1
 10
37515.62796499254
 20
50125.99027462006
 30
0.0
 41
250.0
 42
250.0
 43
250.0
 50
180.0
  0
MTEXT
  5
1849
330
15F9
100
AcDbEntity
  8
TR
 62
     3
440
 16777216
100
AcDbMText
 10
39103.14259667508
 20
50350.99027462006
 30
0.0
 40
250.0
 41
0.0
 46
0.0
 71
     5
 72
     1
  1
\A1;O.25 L 
  7
ROMANS
 73
     1
 44
1.0
  0
POINT
  5
184A
330
15F9
100
AcDbEntity
  8
DEFPOINTS
 62
     0
440
 16777216
100
AcDbPoint
 10
40690.65722835762
 20
47708.05108667392
 30
0.0
  0
POINT
  5
184B
330
15F9
100
AcDbEntity
  8
DEFPOINTS
 62
     0
440
 16777216
100
AcDbPoint
 10
37515.62796499254
 20
47708.05108667392
 30
0.0
  0
POINT
  5
184C
330
15F9
100
AcDbEntity
  8
DEFPOINTS
 62
     0
440
 16777216
100
AcDbPoint
 10
37515.62796499254
 20
50125.99027462006
 30
0.0
  0
ENDBLK
  5
15FB
330
15F9
100
AcDbEntity
  8
0
100
AcDbBlockEnd
  0
BLOCK
  5
1606
330
1605
100
AcDbEntity
  8
0
100
AcDbBlockBegin
  2
*D110
 70
     1
 10
0.0
 20
0.0
 30
0.0
  3
*D110
  1

  0
LINE
  5
184D
330
1605
100
AcDbEntity
  8
TR
 62
     8
440
 16777216
370
    -2
100
AcDbLine
 10
42807.3434039345
 20
47808.05108667392
 30
0.0
 11
42807.3434039345
 21
50225.99027462007
 31
0.0
  0
LINE
  5
184E
330
1605
100
AcDbEntity
  8
TR
 62
     8
440
 16777216
370
    -2
100
AcDbLine
 10
45982.37266729958
 20
47808.05108667392
 30
0.0
 11
45982.37266729958
 21
50225.99027462007
 31
0.0
  0
LINE
  5
184F
330
1605
100
AcDbEntity
  8
TR
 62
     8
440
 16777216
370
    -2
100
AcDbLine
 10
43057.3434039345
 20
50125.99027462006
 30
0.0
 11
45732.37266729958
 21
50125.99027462006
 31
0.0
  0
INSERT
  5
1850
330
1605
100
AcDbEntity
  8
TR
 62
     8
440
 16777216
370
    -2
100
AcDbBlockReference
  2
DIM1
 10
42807.3434039345
 20
50125.99027462006
 30
0.0
 41
250.0
 42
250.0
 43
250.0
 50
180.0
  0
INSERT
  5
1851
330
1605
100
AcDbEntity
  8
TR
 62
     8
440
 16777216
370
    -2
100
AcDbBlockReference
  2
DIM1
 10
45982.37266729958
 20
50125.99027462006
 30
0.0
 41
250.0
 42
250.0
 43
250.0
  0
MTEXT
  5
1852
330
1605
100
AcDbEntity
  8
TR
 62
     3
440
 16777216
100
AcDbMText
 10
44394.85803561704
 20
50350.99027462006
 30
0.0
 40
250.0
 41
0.0
 46
0.0
 71
     5
 72
     1
  1
\A1;O.25 L 
  7
ROMANS
 73
     1
 44
1.0
  0
POINT
  5
1853
330
1605
100
AcDbEntity
  8
DEFPOINTS
 62
     0
440
 16777216
100
AcDbPoint
 10
42807.3434039345
 20
47708.05108667392
 30
0.0
  0
POINT
  5
1854
330
1605
100
AcDbEntity
  8
DEFPOINTS
 62
     0
440
 16777216
100
AcDbPoint
 10
45982.37266729958
 20
47708.05108667392
 30
0.0
  0
POINT
  5
1855
330
1605
100
AcDbEntity
  8
DEFPOINTS
 62
     0
440
 16777216
100
AcDbPoint
 10
45982.37266729958
 20
50125.99027462006
 30
0.0
  0
ENDBLK
  5
1607
330
1605
100
AcDbEntity
  8
0
100
AcDbBlockEnd
  0
BLOCK
  5
1612
330
1611
100
AcDbEntity
  8
0
100
AcDbBlockBegin
  2
*D111
 70
     1
 10
0.0
 20
0.0
 30
0.0
  3
*D111
  1

  0
LINE
  5
1856
330
1611
100
AcDbEntity
  8
TR
 62
     8
440
 16777216
370
    -2
100
AcDbLine
 10
19523.79547259072
 20
45359.07202304044
 30
0.0
 11
19523.79547259072
 21
44461.00422525039
 31
0.0
  0
LINE
  5
1857
330
1611
100
AcDbEntity
  8
TR
 62
     8
440
 16777216
370
    -2
100
AcDbLine
 10
20758.52907917695
 20
45723.65129578166
 30
0.0
 11
20758.52907917695
 21
44461.00422525039
 31
0.0
  0
LINE
  5
1858
330
1611
100
AcDbEntity
  8
TR
 62
     8
440
 16777216
370
    -2
100
AcDbLine
 10
19773.79547259072
 20
44561.00422525039
 30
0.0
 11
20508.52907917695
 21
44561.00422525039
 31
0.0
  0
INSERT
  5
1859
330
1611
100
AcDbEntity
  8
TR
 62
     8
440
 16777216
370
    -2
100
AcDbBlockReference
  2
DIM1
 10
19523.79547259072
 20
44561.00422525039
 30
0.0
 41
250.0
 42
250.0
 43
250.0
 50
180.0
  0
INSERT
  5
185A
330
1611
100
AcDbEntity
  8
TR
 62
     8
440
 16777216
370
    -2
100
AcDbBlockReference
  2
DIM1
 10
20758.52907917695
 20
44561.00422525039
 30
0.0
 41
250.0
 42
250.0
 43
250.0
  0
MTEXT
  5
185B
330
1611
100
AcDbEntity
  8
TR
 62
     3
440
 16777216
100
AcDbMText
 10
20141.16227588384
 20
44786.00422525039
 30
0.0
 40
250.0
 41
0.0
 46
0.0
 71
     5
 72
     1
  1
\A1;0.165
  7
ROMANS
 73
     1
 44
1.0
  0
MTEXT
  5
185C
330
1611
100
AcDbEntity
  8
TR
 62
     3
440
 16777216
100
AcDbMText
 10
20141.16227588384
 20
44336.00422525039
 30
0.0
 40
250.0
 41
0.0
 46
0.0
 71
     5
 72
     1
  1
\A1;LC1
  7
ROMANS
 73
     1
 44
1.0
  0
POINT
  5
185D
330
1611
100
AcDbEntity
  8
DEFPOINTS
 62
     0
440
 16777216
100
AcDbPoint
 10
19523.79547259072
 20
45459.07202304044
 30
0.0
  0
POINT
  5
185E
330
1611
100
AcDbEntity
  8
DEFPOINTS
 62
     0
440
 16777216
100
AcDbPoint
 10
20758.52907917695
 20
45823.65129578166
 30
0.0
  0
POINT
  5
185F
330
1611
100
AcDbEntity
  8
DEFPOINTS
 62
     0
440
 16777216
100
AcDbPoint
 10
20758.52907917695
 20
44561.00422525039
 30
0.0
  0
ENDBLK
  5
1613
330
1611
100
AcDbEntity
  8
0
100
AcDbBlockEnd
  0
BLOCK
  5
161F
330
161E
100
AcDbEntity
  8
0
100
AcDbBlockBegin
  2
*D112
 70
     1
 10
0.0
 20
0.0
 30
0.0
  3
*D112
  1

  0
LINE
  5
1860
330
161E
100
AcDbEntity
  8
TR
 62
     8
440
 16777216
370
    -2
100
AcDbLine
 10
29048.88326268597
 20
45359.07202304044
 30
0.0
 11
29048.88326268597
 21
44461.00422525039
 31
0.0
  0
LINE
  5
1861
330
161E
100
AcDbEntity
  8
TR
 62
     8
440
 16777216
370
    -2
100
AcDbLine
 10
27814.14965609974
 20
45867.74241898319
 30
0.0
 11
27814.14965609974
 21
44461.00422525039
 31
0.0
  0
LINE
  5
1862
330
161E
100
AcDbEntity
  8
TR
 62
     8
440
 16777216
370
    -2
100
AcDbLine
 10
28798.88326268597
 20
44561.00422525039
 30
0.0
 11
28064.14965609974
 21
44561.00422525039
 31
0.0
  0
INSERT
  5
1863
330
161E
100
AcDbEntity
  8
TR
 62
     8
440
 16777216
370
    -2
100
AcDbBlockReference
  2
DIM1
 10
29048.88326268597
 20
44561.00422525039
 30
0.0
 41
250.0
 42
250.0
 43
250.0
  0
INSERT
  5
1864
330
161E
100
AcDbEntity
  8
TR
 62
     8
440
 16777216
370
    -2
100
AcDbBlockReference
  2
DIM1
 10
27814.14965609974
 20
44561.00422525039
 30
0.0
 41
250.0
 42
250.0
 43
250.0
 50
180.0
  0
MTEXT
  5
1865
330
161E
100
AcDbEntity
  8
TR
 62
     3
440
 16777216
100
AcDbMText
 10
28431.51645939285
 20
44786.00422525039
 30
0.0
 40
250.0
 41
0.0
 46
0.0
 71
     5
 72
     1
  1
\A1;0.165
  7
ROMANS
 73
     1
 44
1.0
  0
MTEXT
  5
1866
330
161E
100
AcDbEntity
  8
TR
 62
     3
440
 16777216
100
AcDbMText
 10
28431.51645939285
 20
44336.00422525039
 30
0.0
 40
250.0
 41
0.0
 46
0.0
 71
     5
 72
     1
  1
\A1;LC1
  7
ROMANS
 73
     1
 44
1.0
  0
POINT
  5
1867
330
161E
100
AcDbEntity
  8
DEFPOINTS
 62
     0
440
 16777216
100
AcDbPoint
 10
29048.88326268597
 20
45459.07202304044
 30
0.0
  0
POINT
  5
1868
330
161E
100
AcDbEntity
  8
DEFPOINTS
 62
     0
440
 16777216
100
AcDbPoint
 10
27814.14965609974
 20
45967.74241898319
 30
0.0
  0
POINT
  5
1869
330
161E
100
AcDbEntity
  8
DEFPOINTS
 62
     0
440
 16777216
100
AcDbPoint
 10
27814.14965609974
 20
44561.00422525039
 30
0.0
  0
ENDBLK
  5
1620
330
161E
100
AcDbEntity
  8
0
100
AcDbBlockEnd
  0
BLOCK
  5
162C
330
162B
100
AcDbEntity
  8
0
100
AcDbBlockBegin
  2
*D113
 70
     1
 10
0.0
 20
0.0
 30
0.0
  3
*D113
  1

  0
LINE
  5
186A
330
162B
100
AcDbEntity
  8
TR
 62
     8
440
 16777216
370
    -2
100
AcDbLine
 10
31165.56943826238
 20
45359.07202304044
 30
0.0
 11
31165.56943826238
 21
44461.00422525039
 31
0.0
  0
LINE
  5
186B
330
162B
100
AcDbEntity
  8
TR
 62
     8
440
 16777216
370
    -2
100
AcDbLine
 10
32400.30304484907
 20
45867.74241898319
 30
0.0
 11
32400.30304484907
 21
44461.00422525039
 31
0.0
  0
LINE
  5
186C
330
162B
100
AcDbEntity
  8
TR
 62
     8
440
 16777216
370
    -2
100
AcDbLine
 10
31415.56943826238
 20
44561.00422525039
 30
0.0
 11
32150.30304484908
 21
44561.00422525039
 31
0.0
  0
INSERT
  5
186D
330
162B
100
AcDbEntity
  8
TR
 62
     8
440
 16777216
370
    -2
100
AcDbBlockReference
  2
DIM1
 10
31165.56943826238
 20
44561.00422525039
 30
0.0
 41
250.0
 42
250.0
 43
250.0
 50
180.0
  0
INSERT
  5
186E
330
162B
100
AcDbEntity
  8
TR
 62
     8
440
 16777216
370
    -2
100
AcDbBlockReference
  2
DIM1
 10
32400.30304484907
 20
44561.00422525039
 30
0.0
 41
250.0
 42
250.0
 43
250.0
  0
MTEXT
  5
186F
330
162B
100
AcDbEntity
  8
TR
 62
     3
440
 16777216
100
AcDbMText
 10
31782.93624155573
 20
44786.00422525039
 30
0.0
 40
250.0
 41
0.0
 46
0.0
 71
     5
 72
     1
  1
\A1;0.165
  7
ROMANS
 73
     1
 44
1.0
  0
MTEXT
  5
1870
330
162B
100
AcDbEntity
  8
TR
 62
     3
440
 16777216
100
AcDbMText
 10
31782.93624155573
 20
44336.00422525039
 30
0.0
 40
250.0
 41
0.0
 46
0.0
 71
     5
 72
     1
  1
\A1;LC2
  7
ROMANS
 73
     1
 44
1.0
  0
POINT
  5
1871
330
162B
100
AcDbEntity
  8
DEFPOINTS
 62
     0
440
 16777216
100
AcDbPoint
 10
31165.56943826238
 20
45459.07202304044
 30
0.0
  0
POINT
  5
1872
330
162B
100
AcDbEntity
  8
DEFPOINTS
 62
     0
440
 16777216
100
AcDbPoint
 10
32400.30304484907
 20
45967.74241898319
 30
0.0
  0
POINT
  5
1873
330
162B
100
AcDbEntity
  8
DEFPOINTS
 62
     0
440
 16777216
100
AcDbPoint
 10
32400.30304484907
 20
44561.00422525039
 30
0.0
  0
ENDBLK
  5
162D
330
162B
100
AcDbEntity
  8
0
100
AcDbBlockEnd
  0
BLOCK
  5
1639
330
1638
100
AcDbEntity
  8
0
100
AcDbBlockBegin
  2
*D114
 70
     1
 10
0.0
 20
0.0
 30
0.0
  3
*D114
  1

  0
LINE
  5
1874
330
1638
100
AcDbEntity
  8
TR
 62
     8
440
 16777216
370
    -2
100
AcDbLine
 10
40690.65722835762
 20
45359.07202304044
 30
0.0
 11
40690.65722835762
 21
44461.00422525039
 31
0.0
  0
LINE
  5
1875
330
1638
100
AcDbEntity
  8
TR
 62
     8
440
 16777216
370
    -2
100
AcDbLine
 10
39455.92362177139
 20
45867.74241898319
 30
0.0
 11
39455.92362177139
 21
44461.00422525039
 31
0.0
  0
LINE
  5
1876
330
1638
100
AcDbEntity
  8
TR
 62
     8
440
 16777216
370
    -2
100
AcDbLine
 10
40440.65722835762
 20
44561.00422525039
 30
0.0
 11
39705.92362177139
 21
44561.00422525039
 31
0.0
  0
INSERT
  5
1877
330
1638
100
AcDbEntity
  8
TR
 62
     8
440
 16777216
370
    -2
100
AcDbBlockReference
  2
DIM1
 10
40690.65722835762
 20
44561.00422525039
 30
0.0
 41
250.0
 42
250.0
 43
250.0
  0
INSERT
  5
1878
330
1638
100
AcDbEntity
  8
TR
 62
     8
440
 16777216
370
    -2
100
AcDbBlockReference
  2
DIM1
 10
39455.92362177139
 20
44561.00422525039
 30
0.0
 41
250.0
 42
250.0
 43
250.0
 50
180.0
  0
MTEXT
  5
1879
330
1638
100
AcDbEntity
  8
TR
 62
     3
440
 16777216
100
AcDbMText
 10
40073.29042506451
 20
44786.00422525039
 30
0.0
 40
250.0
 41
0.0
 46
0.0
 71
     5
 72
     1
  1
\A1;0.165
  7
ROMANS
 73
     1
 44
1.0
  0
MTEXT
  5
187A
330
1638
100
AcDbEntity
  8
TR
 62
     3
440
 16777216
100
AcDbMText
 10
40073.29042506451
 20
44336.00422525039
 30
0.0
 40
250.0
 41
0.0
 46
0.0
 71
     5
 72
     1
  1
\A1;LC2
  7
ROMANS
 73
     1
 44
1.0
  0
POINT
  5
187B
330
1638
100
AcDbEntity
  8
DEFPOINTS
 62
     0
440
 16777216
100
AcDbPoint
 10
40690.65722835762
 20
45459.07202304044
 30
0.0
  0
POINT
  5
187C
330
1638
100
AcDbEntity
  8
DEFPOINTS
 62
     0
440
 16777216
100
AcDbPoint
 10
39455.92362177139
 20
45967.74241898319
 30
0.0
  0
POINT
  5
187D
330
1638
100
AcDbEntity
  8
DEFPOINTS
 62
     0
440
 16777216
100
AcDbPoint
 10
39455.92362177139
 20
44561.00422525039
 30
0.0
  0
ENDBLK
  5
163A
330
1638
100
AcDbEntity
  8
0
100
AcDbBlockEnd
  0
BLOCK
  5
1646
330
1645
100
AcDbEntity
  8
0
100
AcDbBlockBegin
  2
*D115
 70
     1
 10
0.0
 20
0.0
 30
0.0
  3
*D115
  1

  0
LINE
  5
187E
330
1645
100
AcDbEntity
  8
TG
 62
     8
440
 16777216
370
    -2
100
AcDbLine
 10
27814.14965609974
 20
45867.74241898319
 30
0.0
 11
27814.14965609974
 21
43682.09982509183
 31
0.0
  0
LINE
  5
187F
330
1645
100
AcDbEntity
  8
TG
 62
     8
440
 16777216
370
    -2
100
AcDbLine
 10
32400.30304484907
 20
45867.74241898319
 30
0.0
 11
32400.30304484907
 21
43682.09982509183
 31
0.0
  0
LINE
  5
1880
330
1645
100
AcDbEntity
  8
TG
 62
     8
440
 16777216
370
    -2
100
AcDbLine
 10
28064.14965609974
 20
43782.09982509183
 30
0.0
 11
32150.30304484908
 21
43782.09982509183
 31
0.0
  0
INSERT
  5
1881
330
1645
100
AcDbEntity
  8
TG
 62
     8
440
 16777216
370
    -2
100
AcDbBlockReference
  2
DIM1
 10
27814.14965609974
 20
43782.09982509183
 30
0.0
 41
250.0
 42
250.0
 43
250.0
 50
180.0
  0
INSERT
  5
1882
330
1645
100
AcDbEntity
  8
TG
 62
     8
440
 16777216
370
    -2
100
AcDbBlockReference
  2
DIM1
 10
32400.30304484907
 20
43782.09982509183
 30
0.0
 41
250.0
 42
250.0
 43
250.0
  0
MTEXT
  5
1883
330
1645
100
AcDbEntity
  8
TG
 62
     3
440
 16777216
100
AcDbMText
 10
30107.22635047441
 20
44007.09982509183
 30
0.0
 40
250.0
 41
0.0
 46
0.0
 71
     5
 72
     1
  1
\A1;BOTTOM BAR
  7
ROMANS
 73
     1
 44
1.0
  0
MTEXT
  5
1884
330
1645
100
AcDbEntity
  8
TG
 62
     3
440
 16777216
100
AcDbMText
 10
30107.22635047441
 20
43491.62363461564
 30
0.0
 40
250.0
 41
0.0
 46
0.0
 71
     5
 72
     1
  1
\A1;SPLICE ZONE (TYP.)
  7
ROMANS
 73
     1
 44
1.0
  0
POINT
  5
1885
330
1645
100
AcDbEntity
  8
DEFPOINTS
 62
     0
440
 16777216
100
AcDbPoint
 10
27814.14965609974
 20
45967.74241898319
 30
0.0
  0
POINT
  5
1886
330
1645
100
AcDbEntity
  8
DEFPOINTS
 62
     0
440
 16777216
100
AcDbPoint
 10
32400.30304484907
 20
45967.74241898319
 30
0.0
  0
POINT
  5
1887
330
1645
100
AcDbEntity
  8
DEFPOINTS
 62
     0
440
 16777216
100
AcDbPoint
 10
32400.30304484907
 20
43782.09982509183
 30
0.0
  0
ENDBLK
  5
1647
330
1645
100
AcDbEntity
  8
0
100
AcDbBlockEnd
  0
BLOCK
  5
1653
330
1652
100
AcDbEntity
  8
0
100
AcDbBlockBegin
  2
*D116
 70
     1
 10
0.0
 20
0.0
 30
0.0
  3
*D116
  1

  0
LINE
  5
1888
330
1652
100
AcDbEntity
  8
TG
 62
     8
440
 16777216
370
    -2
100
AcDbLine
 10
39455.92362177139
 20
45867.74241898319
 30
0.0
 11
39455.92362177139
 21
43682.09982509183
 31
0.0
  0
LINE
  5
1889
330
1652
100
AcDbEntity
  8
TG
 62
     8
440
 16777216
370
    -2
100
AcDbLine
 10
44042.07701052119
 20
45867.74241898319
 30
0.0
 11
44042.07701052119
 21
43682.09982509183
 31
0.0
  0
LINE
  5
188A
330
1652
100
AcDbEntity
  8
TG
 62
     8
440
 16777216
370
    -2
100
AcDbLine
 10
39705.92362177139
 20
43782.09982509183
 30
0.0
 11
43792.0770105212
 21
43782.09982509183
 31
0.0
  0
INSERT
  5
188B
330
1652
100
AcDbEntity
  8
TG
 62
     8
440
 16777216
370
    -2
100
AcDbBlockReference
  2
DIM1
 10
39455.92362177139
 20
43782.09982509183
 30
0.0
 41
250.0
 42
250.0
 43
250.0
 50
180.0
  0
INSERT
  5
188C
330
1652
100
AcDbEntity
  8
TG
 62
     8
440
 16777216
370
    -2
100
AcDbBlockReference
  2
DIM1
 10
44042.07701052119
 20
43782.09982509183
 30
0.0
 41
250.0
 42
250.0
 43
250.0
  0
MTEXT
  5
188D
330
1652
100
AcDbEntity
  8
TG
 62
     3
440
 16777216
100
AcDbMText
 10
41749.0003161463
 20
44007.09982509183
 30
0.0
 40
250.0
 41
0.0
 46
0.0
 71
     5
 72
     1
  1
\A1;BOTTOM BAR
  7
ROMANS
 73
     1
 44
1.0
  0
MTEXT
  5
188E
330
1652
100
AcDbEntity
  8
TG
 62
     3
440
 16777216
100
AcDbMText
 10
41749.0003161463
 20
43491.62363461564
 30
0.0
 40
250.0
 41
0.0
 46
0.0
 71
     5
 72
     1
  1
\A1;SPLICE ZONE (TYP.)
  7
ROMANS
 73
     1
 44
1.0
  0
POINT
  5
188F
330
1652
100
AcDbEntity
  8
DEFPOINTS
 62
     0
440
 16777216
100
AcDbPoint
 10
39455.92362177139
 20
45967.74241898319
 30
0.0
  0
POINT
  5
1890
330
1652
100
AcDbEntity
  8
DEFPOINTS
 62
     0
440
 16777216
100
AcDbPoint
 10
44042.07701052119
 20
45967.74241898319
 30
0.0
  0
POINT
  5
1891
330
1652
100
AcDbEntity
  8
DEFPOINTS
 62
     0
440
 16777216
100
AcDbPoint
 10
44042.07701052119
 20
43782.09982509183
 30
0.0
  0
ENDBLK
  5
1654
330
1652
100
AcDbEntity
  8
0
100
AcDbBlockEnd
  0
BLOCK
  5
1660
330
165F
100
AcDbEntity
  8
0
100
AcDbBlockBegin
  2
*D117
 70
     1
 10
0.0
 20
0.0
 30
0.0
  3
*D117
  1

  0
LINE
  5
1892
330
165F
100
AcDbEntity
  8
TG
 62
     8
440
 16777216
370
    -2
100
AcDbLine
 10
21905.06742428103
 20
47808.05108667392
 30
0.0
 11
21905.06742428103
 21
50225.99027462007
 31
0.0
  0
LINE
  5
1893
330
165F
100
AcDbEntity
  8
TG
 62
     8
440
 16777216
370
    -2
100
AcDbLine
 10
25873.85399932089
 20
47808.05108667392
 30
0.0
 11
25873.85399932089
 21
50225.99027462007
 31
0.0
  0
LINE
  5
1894
330
165F
100
AcDbEntity
  8
TG
 62
     8
440
 16777216
370
    -2
100
AcDbLine
 10
22155.06742428103
 20
50125.99027462006
 30
0.0
 11
25623.85399932088
 21
50125.99027462006
 31
0.0
  0
INSERT
  5
1895
330
165F
100
AcDbEntity
  8
TG
 62
     8
440
 16777216
370
    -2
100
AcDbBlockReference
  2
DIM1
 10
21905.06742428103
 20
50125.99027462006
 30
0.0
 41
250.0
 42
250.0
 43
250.0
 50
180.0
  0
INSERT
  5
1896
330
165F
100
AcDbEntity
  8
TG
 62
     8
440
 16777216
370
    -2
100
AcDbBlockReference
  2
DIM1
 10
25873.85399932089
 20
50125.99027462006
 30
0.0
 41
250.0
 42
250.0
 43
250.0
  0
MTEXT
  5
1897
330
165F
100
AcDbEntity
  8
TG
 62
     3
440
 16777216
100
AcDbMText
 10
23889.46071180096
 20
50350.99027462006
 30
0.0
 40
250.0
 41
0.0
 46
0.0
 71
     5
 72
     1
  1
\A1;TOP BAR
  7
ROMANS
 73
     1
 44
1.0
  0
MTEXT
  5
1898
330
165F
100
AcDbEntity
  8
TG
 62
     3
440
 16777216
100
AcDbMText
 10
23889.46071180096
 20
49835.51408414387
 30
0.0
 40
250.0
 41
0.0
 46
0.0
 71
     5
 72
     1
  1
\A1;SPLICE ZONE (TYP.) 
  7
ROMANS
 73
     1
 44
1.0
  0
POINT
  5
1899
330
165F
100
AcDbEntity
  8
DEFPOINTS
 62
     0
440
 16777216
100
AcDbPoint
 10
21905.06742428103
 20
47708.05108667392
 30
0.0
  0
POINT
  5
189A
330
165F
100
AcDbEntity
  8
DEFPOINTS
 62
     0
440
 16777216
100
AcDbPoint
 10
25873.85399932089
 20
47708.05108667392
 30
0.0
  0
POINT
  5
189B
330
165F
100
AcDbEntity
  8
DEFPOINTS
 62
     0
440
 16777216
100
AcDbPoint
 10
25873.85399932089
 20
50125.99027462006
 30
0.0
  0
ENDBLK
  5
1661
330
165F
100
AcDbEntity
  8
0
100
AcDbBlockEnd
  0
BLOCK
  5
166D
330
166C
100
AcDbEntity
  8
0
100
AcDbBlockBegin
  2
*D118
 70
     1
 10
0.0
 20
0.0
 30
0.0
  3
*D118
  1

  0
LINE
  5
189C
330
166C
100
AcDbEntity
  8
TG
 62
     8
440
 16777216
370
    -2
100
AcDbLine
 10
34340.59870162746
 20
47808.05108667392
 30
0.0
 11
34340.59870162746
 21
50225.99027462007
 31
0.0
  0
LINE
  5
189D
330
166C
100
AcDbEntity
  8
TG
 62
     8
440
 16777216
370
    -2
100
AcDbLine
 10
37515.62796499254
 20
47808.05108667392
 30
0.0
 11
37515.62796499254
 21
50225.99027462007
 31
0.0
  0
LINE
  5
189E
330
166C
100
AcDbEntity
  8
TG
 62
     8
440
 16777216
370
    -2
100
AcDbLine
 10
34590.59870162746
 20
50125.99027462006
 30
0.0
 11
37265.62796499254
 21
50125.99027462006
 31
0.0
  0
INSERT
  5
189F
330
166C
100
AcDbEntity
  8
TG
 62
     8
440
 16777216
370
    -2
100
AcDbBlockReference
  2
DIM1
 10
34340.59870162746
 20
50125.99027462006
 30
0.0
 41
250.0
 42
250.0
 43
250.0
 50
180.0
  0
INSERT
  5
18A0
330
166C
100
AcDbEntity
  8
TG
 62
     8
440
 16777216
370
    -2
100
AcDbBlockReference
  2
DIM1
 10
37515.62796499254
 20
50125.99027462006
 30
0.0
 41
250.0
 42
250.0
 43
250.0
  0
MTEXT
  5
18A1
330
166C
100
AcDbEntity
  8
TG
 62
     3
440
 16777216
100
AcDbMText
 10
35928.11333331
 20
50350.99027462006
 30
0.0
 40
250.0
 41
0.0
 46
0.0
 71
     5
 72
     1
  1
\A1;TOP BAR
  7
ROMANS
 73
     1
 44
1.0
  0
MTEXT
  5
18A2
330
166C
100
AcDbEntity
  8
TG
 62
     3
440
 16777216
100
AcDbMText
 10
35928.11333331
 20
49627.18075081054
 30
0.0
 40
250.0
 41
0.0
 46
0.0
 71
     5
 72
     1
  1
\A1;SPLICE ZONE\P(TYP.) 
  7
ROMANS
 73
     1
 44
1.0
  0
POINT
  5
18A3
330
166C
100
AcDbEntity
  8
DEFPOINTS
 62
     0
440
 16777216
100
AcDbPoint
 10
34340.59870162746
 20
47708.05108667392
 30
0.0
  0
POINT
  5
18A4
330
166C
100
AcDbEntity
  8
DEFPOINTS
 62
     0
440
 16777216
100
AcDbPoint
 10
37515.62796499254
 20
47708.05108667392
 30
0.0
  0
POINT
  5
18A5
330
166C
100
AcDbEntity
  8
DEFPOINTS
 62
     0
440
 16777216
100
AcDbPoint
 10
37515.62796499254
 20
50125.99027462006
 30
0.0
  0
ENDBLK
  5
166E
330
166C
100
AcDbEntity
  8
0
100
AcDbBlockEnd
  0
BLOCK
  5
167A
330
1679
100
AcDbEntity
  8
0
100
AcDbBlockBegin
  2
*D119
 70
     1
 10
0.0
 20
0.0
 30
0.0
  3
*D119
  1

  0
LINE
  5
18A6
330
1679
100
AcDbEntity
  8
TR
 62
     8
440
 16777216
370
    -2
100
AcDbLine
 10
17407.1092970143
 20
42602.34543556633
 30
0.0
 11
17407.1092970143
 21
41020.04360916891
 31
0.0
  0
LINE
  5
18A7
330
1679
100
AcDbEntity
  8
TR
 62
     8
440
 16777216
370
    -2
100
AcDbLine
 10
17759.89032627689
 20
46005.33557862398
 30
0.0
 11
17759.89032627689
 21
41020.04360916891
 31
0.0
  0
LINE
  5
18A8
330
1679
100
AcDbEntity
  8
TR
 62
     8
440
 16777216
370
    -2
100
AcDbLine
 10
18009.89032627688
 20
41120.0436091689
 30
0.0
 11
18259.89032627689
 21
41120.0436091689
 31
0.0
  0
LINE
  5
18A9
330
1679
100
AcDbEntity
  8
TR
 62
     8
440
 16777216
370
    -2
100
AcDbLine
 10
17157.10929701431
 20
41120.0436091689
 30
0.0
 11
13610.24346138424
 21
41120.0436091689
 31
0.0
  0
INSERT
  5
18AA
330
1679
100
AcDbEntity
  8
TR
 62
     8
440
 16777216
370
    -2
100
AcDbBlockReference
  2
DIM1
 10
17759.89032627689
 20
41120.0436091689
 30
0.0
 41
250.0
 42
250.0
 43
250.0
 50
180.0
  0
INSERT
  5
18AB
330
1679
100
AcDbEntity
  8
TR
 62
     8
440
 16777216
370
    -2
100
AcDbBlockReference
  2
DIM1
 10
17407.1092970143
 20
41120.0436091689
 30
0.0
 41
250.0
 42
250.0
 43
250.0
  0
MTEXT
  5
18AC
330
1679
100
AcDbEntity
  8
TR
 62
     3
440
 16777216
100
AcDbMText
 10
15095.95774709852
 20
41553.37694250223
 30
0.0
 40
250.0
 41
0.0
 46
0.0
 71
     5
 72
     1
  1
\A1;40MM CLEAR MIN.\P75MM CLEAR MAX.
  7
ROMANS
 73
     1
 44
1.0
  0
POINT
  5
18AD
330
1679
100
AcDbEntity
  8
DEFPOINTS
 62
     0
440
 16777216
100
AcDbPoint
 10
17407.1092970143
 20
42702.34543556632
 30
0.0
  0
POINT
  5
18AE
330
1679
100
AcDbEntity
  8
DEFPOINTS
 62
     0
440
 16777216
100
AcDbPoint
 10
17759.89032627689
 20
46105.33557862398
 30
0.0
  0
POINT
  5
18AF
330
1679
100
AcDbEntity
  8
DEFPOINTS
 62
     0
440
 16777216
100
AcDbPoint
 10
17759.89032627689
 20
41120.0436091689
 30
0.0
  0
ENDBLK
  5
167B
330
1679
100
AcDbEntity
  8
0
100
AcDbBlockEnd
  0
BLOCK
  5
1687
330
1686
100
AcDbEntity
  8
0
100
AcDbBlockBegin
  2
*D120
 70
     1
 10
0.0
 20
0.0
 30
0.0
  3
*D120
  1

  0
LINE
  5
18B0
330
1686
100
AcDbEntity
  8
TR
 62
     8
440
 16777216
370
    -2
100
AcDbLine
 10
19138.11762625817
 20
28829.02006146481
 30
0.0
 11
19138.11762625817
 21
27526.56794533791
 31
0.0
  0
LINE
  5
18B1
330
1686
100
AcDbEntity
  8
TR
 62
     8
440
 16777216
370
    -2
100
AcDbLine
 10
23520.042307809
 20
28829.02006146481
 30
0.0
 11
23520.042307809
 21
27526.56794533791
 31
0.0
  0
LINE
  5
18B2
330
1686
100
AcDbEntity
  8
TR
 62
     8
440
 16777216
370
    -2
100
AcDbLine
 10
19388.11762625817
 20
27626.56794533791
 30
0.0
 11
23270.042307809
 21
27626.56794533791
 31
0.0
  0
INSERT
  5
18B3
330
1686
100
AcDbEntity
  8
TR
 62
     8
440
 16777216
370
    -2
100
AcDbBlockReference
  2
DIM1
 10
19138.11762625817
 20
27626.56794533791
 30
0.0
 41
250.0
 42
250.0
 43
250.0
 50
180.0
  0
INSERT
  5
18B4
330
1686
100
AcDbEntity
  8
TR
 62
     8
440
 16777216
370
    -2
100
AcDbBlockReference
  2
DIM1
 10
23520.042307809
 20
27626.56794533791
 30
0.0
 41
250.0
 42
250.0
 43
250.0
  0
MTEXT
  5
18B5
330
1686
100
AcDbEntity
  8
TR
 62
     3
440
 16777216
100
AcDbMText
 10
21329.07996703358
 20
27851.56794533791
 30
0.0
 40
250.0
 41
0.0
 46
0.0
 71
     5
 72
     1
  1
\A1;W
  7
ROMANS
 73
     1
 44
1.0
  0
MTEXT
  5
18B6
330
1686
100
AcDbEntity
  8
TR
 62
     3
440
 16777216
100
AcDbMText
 10
21329.07996703358
 20
27336.09175486172
 30
0.0
 40
250.0
 41
0.0
 46
0.0
 71
     5
 72
     1
  1
\A1;(SEE SCHEDULE)
  7
ROMANS
 73
     1
 44
1.0
  0
POINT
  5
18B7
330
1686
100
AcDbEntity
  8
DEFPOINTS
 62
     0
440
 16777216
100
AcDbPoint
 10
19138.11762625817
 20
28929.0200614648
 30
0.0
  0
POINT
  5
18B8
330
1686
100
AcDbEntity
  8
DEFPOINTS
 62
     0
440
 16777216
100
AcDbPoint
 10
23520.042307809
 20
28929.0200614648
 30
0.0
  0
POINT
  5
18B9
330
1686
100
AcDbEntity
  8
DEFPOINTS
 62
     0
440
 16777216
100
AcDbPoint
 10
23520.042307809
 20
27626.56794533791
 30
0.0
  0
ENDBLK
  5
1688
330
1686
100
AcDbEntity
  8
0
100
AcDbBlockEnd
  0
BLOCK
  5
1694
330
1693
100
AcDbEntity
  8
0
100
AcDbBlockBegin
  2
*D121
 70
     1
 10
0.0
 20
0.0
 30
0.0
  3
*D121
  1

  0
LINE
  5
18BA
330
1693
100
AcDbEntity
  8
TR
 62
     8
440
 16777216
370
    -2
100
AcDbLine
 10
23299.49256115082
 20
34390.41894163478
 30
0.0
 11
25218.73561183925
 21
34390.41894163478
 31
0.0
  0
LINE
  5
18BB
330
1693
100
AcDbEntity
  8
TR
 62
     8
440
 16777216
370
    -2
100
AcDbLine
 10
23299.49256115082
 20
32865.40676101677
 30
0.0
 11
25218.73561183925
 21
32865.40676101677
 31
0.0
  0
LINE
  5
18BC
330
1693
100
AcDbEntity
  8
TR
 62
     8
440
 16777216
370
    -2
100
AcDbLine
 10
25118.73561183925
 20
34140.41894163478
 30
0.0
 11
25118.73561183925
 21
33115.40676101677
 31
0.0
  0
INSERT
  5
18BD
330
1693
100
AcDbEntity
  8
TR
 62
     8
440
 16777216
370
    -2
100
AcDbBlockReference
  2
DIM1
 10
25118.73561183925
 20
34390.41894163478
 30
0.0
 41
250.0
 42
250.0
 43
250.0
 50
90.0
  0
INSERT
  5
18BE
330
1693
100
AcDbEntity
  8
TR
 62
     8
440
 16777216
370
    -2
100
AcDbBlockReference
  2
DIM1
 10
25118.73561183925
 20
32865.40676101677
 30
0.0
 41
250.0
 42
250.0
 43
250.0
 50
270.0
  0
MTEXT
  5
18BF
330
1693
100
AcDbEntity
  8
TR
 62
     3
440
 16777216
100
AcDbMText
 10
24881.83084993449
 20
33627.91285132576
 30
0.0
 40
250.0
 41
0.0
 46
0.0
 71
     5
 72
     1
  1
\A1;EQUAL 
  7
ROMANS
 11
0.0000000000000001
 21
1.0
 31
0.0
 73
     1
 44
1.0
  0
POINT
  5
18C0
330
1693
100
AcDbEntity
  8
DEFPOINTS
 62
     0
440
 16777216
100
AcDbPoint
 10
23199.49256115082
 20
34390.41894163478
 30
0.0
  0
POINT
  5
18C1
330
1693
100
AcDbEntity
  8
DEFPOINTS
 62
     0
440
 16777216
100
AcDbPoint
 10
23199.49256115082
 20
32865.40676101677
 30
0.0
  0
POINT
  5
18C2
330
1693
100
AcDbEntity
  8
DEFPOINTS
 62
     0
440
 16777216
100
AcDbPoint
 10
25118.73561183925
 20
32865.40676101677
 30
0.0
  0
ENDBLK
  5
1695
330
1693
100
AcDbEntity
  8
0
100
AcDbBlockEnd
  0
BLOCK
  5
16A0
330
169F
100
AcDbEntity
  8
0
100
AcDbBlockBegin
  2
*D122
 70
     1
 10
0.0
 20
0.0
 30
0.0
  3
*D122
  1

  0
LINE
  5
18C3
330
169F
100
AcDbEntity
  8
TR
 62
     8
440
 16777216
370
    -2
100
AcDbLine
 10
23299.49256115082
 20
31340.39458039876
 30
0.0
 11
25218.73561183925
 21
31340.39458039876
 31
0.0
  0
LINE
  5
18C4
330
169F
100
AcDbEntity
  8
TR
 62
     8
440
 16777216
370
    -2
100
AcDbLine
 10
23299.49256115082
 20
32865.40676101677
 30
0.0
 11
25218.73561183925
 21
32865.40676101677
 31
0.0
  0
LINE
  5
18C5
330
169F
100
AcDbEntity
  8
TR
 62
     8
440
 16777216
370
    -2
100
AcDbLine
 10
25118.73561183925
 20
31590.39458039877
 30
0.0
 11
25118.73561183925
 21
32615.40676101677
 31
0.0
  0
INSERT
  5
18C6
330
169F
100
AcDbEntity
  8
TR
 62
     8
440
 16777216
370
    -2
100
AcDbBlockReference
  2
DIM1
 10
25118.73561183925
 20
31340.39458039876
 30
0.0
 41
250.0
 42
250.0
 43
250.0
 50
270.0
  0
INSERT
  5
18C7
330
169F
100
AcDbEntity
  8
TR
 62
     8
440
 16777216
370
    -2
100
AcDbBlockReference
  2
DIM1
 10
25118.73561183925
 20
32865.40676101677
 30
0.0
 41
250.0
 42
250.0
 43
250.0
 50
90.0
  0
MTEXT
  5
18C8
330
169F
100
AcDbEntity
  8
TR
 62
     3
440
 16777216
100
AcDbMText
 10
24881.83084993449
 20
32102.90067070775
 30
0.0
 40
250.0
 41
0.0
 46
0.0
 71
     5
 72
     1
  1
\A1;EQUAL 
  7
ROMANS
 11
0.0000000000000001
 21
1.0
 31
0.0
 73
     1
 44
1.0
  0
POINT
  5
18C9
330
169F
100
AcDbEntity
  8
DEFPOINTS
 62
     0
440
 16777216
100
AcDbPoint
 10
23199.49256115082
 20
31340.39458039876
 30
0.0
  0
POINT
  5
18CA
330
169F
100
AcDbEntity
  8
DEFPOINTS
 62
     0
440
 16777216
100
AcDbPoint
 10
23199.49256115082
 20
32865.40676101677
 30
0.0
  0
POINT
  5
18CB
330
169F
100
AcDbEntity
  8
DEFPOINTS
 62
     0
440
 16777216
100
AcDbPoint
 10
25118.73561183925
 20
32865.40676101677
 30
0.0
  0
ENDBLK
  5
16A1
330
169F
100
AcDbEntity
  8
0
100
AcDbBlockEnd
  0
BLOCK
  5
16AC
330
16AB
100
AcDbEntity
  8
0
100
AcDbBlockBegin
  2
*D123
 70
     1
 10
0.0
 20
0.0
 30
0.0
  3
*D123
  1

  0
LINE
  5
18CC
330
16AB
100
AcDbEntity
  8
TR
 62
     8
440
 16777216
370
    -2
100
AcDbLine
 10
23299.49256115082
 20
31340.39458039736
 30
0.0
 11
25218.73561183925
 21
31340.39458039737
 31
0.0
  0
LINE
  5
18CD
330
16AB
100
AcDbEntity
  8
TR
 62
     8
440
 16777216
370
    -2
100
AcDbLine
 10
23299.49256115082
 20
29815.38239977935
 30
0.0
 11
25218.73561183925
 21
29815.38239977936
 31
0.0
  0
LINE
  5
18CE
330
16AB
100
AcDbEntity
  8
TR
 62
     8
440
 16777216
370
    -2
100
AcDbLine
 10
25118.73561183925
 20
31090.39458039737
 30
0.0
 11
25118.73561183925
 21
30065.38239977936
 31
0.0
  0
INSERT
  5
18CF
330
16AB
100
AcDbEntity
  8
TR
 62
     8
440
 16777216
370
    -2
100
AcDbBlockReference
  2
DIM1
 10
25118.73561183925
 20
31340.39458039737
 30
0.0
 41
250.0
 42
250.0
 43
250.0
 50
90.0
  0
INSERT
  5
18D0
330
16AB
100
AcDbEntity
  8
TR
 62
     8
440
 16777216
370
    -2
100
AcDbBlockReference
  2
DIM1
 10
25118.73561183925
 20
29815.38239977936
 30
0.0
 41
250.0
 42
250.0
 43
250.0
 50
270.0
  0
MTEXT
  5
18D1
330
16AB
100
AcDbEntity
  8
TR
 62
     3
440
 16777216
100
AcDbMText
 10
24881.83084993449
 20
30577.88849008835
 30
0.0
 40
250.0
 41
0.0
 46
0.0
 71
     5
 72
     1
  1
\A1;EQUAL 
  7
ROMANS
 11
0.0000000000000001
 21
1.0
 31
0.0
 73
     1
 44
1.0
  0
POINT
  5
18D2
330
16AB
100
AcDbEntity
  8
DEFPOINTS
 62
     0
440
 16777216
100
AcDbPoint
 10
23199.49256115082
 20
31340.39458039736
 30
0.0
  0
POINT
  5
18D3
330
16AB
100
AcDbEntity
  8
DEFPOINTS
 62
     0
440
 16777216
100
AcDbPoint
 10
23199.49256115082
 20
29815.38239977935
 30
0.0
  0
POINT
  5
18D4
330
16AB
100
AcDbEntity
  8
DEFPOINTS
 62
     0
440
 16777216
100
AcDbPoint
 10
25118.73561183925
 20
29815.38239977936
 30
0.0
  0
ENDBLK
  5
16AD
330
16AB
100
AcDbEntity
  8
0
100
AcDbBlockEnd
  0
ENDSEC
  0
SECTION
  2
ENTITIES
  0
LWPOLYLINE
  5
112B
330
1F
100
AcDbEntity
  8
DEFPOINTS
100
AcDbPolyline
 90
        4
 70
     1
 43
0.0
 10
5502.554121029097
 20
0.0002604268374853
 10
49072.55412106309
 20
0.0002604217152111
 10
49072.55412106309
 20
52860.00026042171
 10
5502.554121029097
 20
52860.00026042684
  0
TEXT
  5
112C
330
1F
100
AcDbEntity
  8
title
 62
     2
100
AcDbText
 10
17498.30303885927
 20
38683.00297489221
 30
0.0
 40
250.0
  1
SCALE :
 41
0.9
  7
ROMANS
100
AcDbText
  0
TEXT
  5
112D
330
1F
100
AcDbEntity
  8
title
 62
     6
100
AcDbText
 10
17460.65160839306
 20
39286.1352418146
 30
0.0
 40
600.0
  1
TYPICAL ONE-WAY REINFORCED CONCRETE SLAB DETAIL
 41
0.9
  7
ROMANS
100
AcDbText
  0
LINE
  5
112E
330
1F
100
AcDbEntity
  8
title
 62
     2
100
AcDbLine
 10
15126.06605816726
 20
39111.53546257614
 30
0.0
 11
40636.30064626969
 21
39111.53546257614
 31
0.0
  0
TEXT
  5
112F
330
1F
100
AcDbEntity
  8
title
 62
     2
100
AcDbText
 10
38102.30955830176
 20
38683.00297489221
 30
0.0
 40
250.0
  1
NOT TO SCALE
 41
0.9
  7
ROMANS
 72
     2
 11
40598.73812973033
 21
38683.00297489221
 31
0.0
100
AcDbText
  0
INSERT
  5
1130
330
1F
100
AcDbEntity
  8
title
 62
     2
100
AcDbBlockReference
 66
     1
  2
CIR
 10
15126.06605816726
 20
39111.53546257614
 30
0.0
 41
100.0
 42
100.0
 43
100.0
1001
AEC_XDATA_BOUND_SPACE
1070
   100
1070
     1
  0
ATTRIB
  5
1131
330
1130
100
AcDbEntity
  8
title
 62
     5
100
AcDbText
 10
15933.20891531011
 20
39361.99741851509
 30
0.0
 40
450.0
  1
A
  7
ROMANS
 72
     4
 11
16126.06605816725
 21
39586.99741851509
 31
0.0
100
AcDbAttribute
280
     0
  2
A
 70
     0
280
     0
  0
ATTRIB
  5
1132
330
1130
100
AcDbEntity
  8
title
 62
     2
100
AcDbText
 10
15283.90770818526
 20
38643.72288016201
 30
0.0
 40
250.0
  1
S-07
 41
0.7817904532900954
  7
ROMANS
 72
     5
 11
16056.39113226952
 21
38643.72288016201
 31
0.0
100
AcDbAttribute
280
     0
  2
S-1
 70
     0
280
     0
  0
ATTRIB
  5
1133
330
1130
100
AcDbEntity
  8
title
 62
     2
100
AcDbText
 10
16162.06097112968
 20
38643.72288016201
 30
0.0
 40
250.0
  1
S-07
 41
0.7877599317201424
  7
ROMANS
 72
     5
 11
16940.44280842459
 21
38643.72288016201
 31
0.0
100
AcDbAttribute
280
     0
  2
S-1
 70
     0
280
     0
  0
SEQEND
  5
1134
330
1130
100
AcDbEntity
  8
0
  0
LINE
  5
1135
330
1F
100
AcDbEntity
  8
4C
100
AcDbLine
 10
39845.01581056882
 20
30742.19566701184
 30
0.0
 11
37254.11567350664
 21
30742.19566701184
 31
0.0
  0
LINE
  5
1136
330
1F
100
AcDbEntity
  8
4C
100
AcDbLine
 10
39845.01581056882
 20
31062.19566701184
 30
0.0
 11
37254.11567350664
 21
31062.19566701184
 31
0.0
  0
LINE
  5
1137
330
1F
100
AcDbEntity
  8
4C
100
AcDbLine
 10
39845.01581056882
 20
33942.19566701184
 30
0.0
 11
37254.11567350664
 21
33942.19566701184
 31
0.0
  0
LINE
  5
1138
330
1F
100
AcDbEntity
  8
4C
100
AcDbLine
 10
39845.01581056882
 20
33622.19566701184
 30
0.0
 11
37254.11567350664
 21
33622.19566701184
 31
0.0
  0
LINE
  5
1139
330
1F
100
AcDbEntity
  8
4C
100
AcDbLine
 10
39845.01581056882
 20
32022.19566701184
 30
0.0
 11
37254.11567350664
 21
32022.19566701184
 31
0.0
  0
LINE
  5
113A
330
1F
100
AcDbEntity
  8
4C
100
AcDbLine
 10
39845.01581056882
 20
31702.19566701184
 30
0.0
 11
37254.11567350664
 21
31702.19566701184
 31
0.0
  0
LINE
  5
113B
330
1F
100
AcDbEntity
  8
4C
100
AcDbLine
 10
39845.01581056882
 20
31382.19566701184
 30
0.0
 11
37254.11567350664
 21
31382.19566701184
 31
0.0
  0
LINE
  5
113C
330
1F
100
AcDbEntity
  8
4C
100
AcDbLine
 10
39845.01581056882
 20
32342.19566701184
 30
0.0
 11
37254.11567350664
 21
32342.19566701184
 31
0.0
  0
LINE
  5
113D
330
1F
100
AcDbEntity
  8
4C
100
AcDbLine
 10
39845.01581056882
 20
32662.19566701184
 30
0.0
 11
37254.11567350664
 21
32662.19566701184
 31
0.0
  0
LINE
  5
113E
330
1F
100
AcDbEntity
  8
4C
100
AcDbLine
 10
39845.01581056882
 20
32982.19566701184
 30
0.0
 11
37254.11567350664
 21
32982.19566701184
 31
0.0
  0
LINE
  5
113F
330
1F
100
AcDbEntity
  8
4C
100
AcDbLine
 10
39845.01581056882
 20
33302.19566701184
 30
0.0
 11
37254.11567350664
 21
33302.19566701184
 31
0.0
  0
DIMENSION
  5
1140
330
1F
100
AcDbEntity
  8
TG
  6
Continuous
100
AcDbDimension
280
     0
  2
*D86
 10
27005.89608006878
 20
24616.49786879047
 30
0.0
 11
25414.60118306126
 21
24616.49786879047
 31
0.0
 70
    32
  1
MIDDLE\PSTRIP\XS/2
 71
     5
 42
3182.589794015046
 73
     0
 74
     0
 75
     0
  3
DIM75
100
AcDbAlignedDimension
 13
23823.30628605373
 23
22474.54198035057
 33
0.0
 14
27005.89608006878
 24
22474.54198035057
 34
0.0
100
AcDbRotatedDimension
  0
DIMENSION
  5
1141
330
1F
100
AcDbEntity
  8
TG
  6
Continuous
100
AcDbDimension
280
     0
  2
*D87
 10
28549.9101593201
 20
25589.84685830743
 30
0.0
 11
25414.60118306126
 21
25776.45400116457
 31
0.0
 70
    32
  1
SHORT SPAN "S"
 71
     5
 42
6270.617952517699
 73
     0
 74
     0
 75
     0
  3
DIM75
100
AcDbAlignedDimension
 13
22279.29220680241
 23
21974.08424121857
 33
0.0
 14
28549.9101593201
 24
21974.08424121857
 34
0.0
100
AcDbRotatedDimension
  0
LINE
  5
1142
330
1F
100
AcDbEntity
  8
LEOJ
100
AcDbLine
 10
38834.59206373478
 20
29751.2955299287
 30
0.0
 11
39954.50045068795
 21
29751.2955299287
 31
0.0
  0
LINE
  5
1143
330
1F
100
AcDbEntity
  8
LEOJ
100
AcDbLine
 10
39962.01836758526
 20
30321.34817340382
 30
0.0
 11
38834.59206373478
 21
30321.34817340382
 31
0.0
  0
ARC
  5
1144
330
1F
100
AcDbEntity
  8
3G
 62
     1
100
AcDbCircle
 10
41443.66069787787
 20
109887.7378560991
 30
0.0
 40
73565.47725346564
100
AcDbArc
 50
265.828928132479
 51
268.9961898912799
  0
LINE
  5
1145
330
1F
100
AcDbEntity
  8
LEOJ
100
AcDbLine
 10
40160.00446153991
 20
34933.09580409498
 30
0.0
 11
38834.59206373478
 21
34933.09580409498
 31
0.0
  0
LINE
  5
1146
330
1F
100
AcDbEntity
  8
LEOJ
100
AcDbLine
 10
38834.59206373478
 20
34363.04316061986
 30
0.0
 11
40003.75067844242
 21
34363.04316061986
 31
0.0
  0
ARC
  5
1147
330
1F
100
AcDbEntity
  8
3G
 62
     1
100
AcDbCircle
 10
41443.66069787787
 20
101902.1332382035
 30
0.0
 40
73565.47725346564
100
AcDbArc
 50
265.828928132479
 51
268.5984281083006
  0
LINE
  5
1148
330
1F
100
AcDbEntity
  8
4C
100
AcDbLine
 10
32818.91708787391
 20
22099.19867600146
 30
0.0
 11
21602.12729600631
 21
22099.19867600146
 31
0.0
  0
LINE
  5
1149
330
1F
100
AcDbEntity
  8
3G
100
AcDbLine
 10
22279.29220680241
 20
21974.08424121857
 30
0.0
 11
28549.9101593201
 21
21974.08424121857
 31
0.0
  0
LINE
  5
114A
330
1F
100
AcDbEntity
  8
3G
100
AcDbLine
 10
21340.933945945
 20
22599.65641513391
 30
0.0
 11
32821.64197919471
 21
22599.65641513391
 31
0.0
  0
DIMENSION
  5
114B
330
1F
100
AcDbEntity
  8
TG
  6
Continuous
100
AcDbDimension
280
     0
  2
*D88
 10
37254.11567350664
 20
37127.25544573384
 30
0.0
 11
37759.32754690876
 21
37127.25544573384
 31
0.0
 70
    32
  1
COL\PSTRIP\XS/4
 71
     5
 42
1010.423746804241
 73
     0
 74
     0
 75
     0
  3
DIM75
100
AcDbAlignedDimension
 13
38264.53942031088
 23
36390.98533306126
 33
0.0
 14
37254.11567350664
 24
33942.19566701184
 34
0.0
 50
180.0
100
AcDbRotatedDimension
  0
DIMENSION
  5
114C
330
1F
100
AcDbEntity
  8
TG
  6
Continuous
100
AcDbDimension
280
     0
  2
*D89
 10
37254.11567350664
 20
37127.25544573384
 30
0.0
 11
36243.69192671101
 21
37127.25544573384
 31
0.0
 70
    32
  1
MIDDLE\PSTRIP\XS/2
 71
     5
 42
2020.847493591253
 73
     0
 74
     0
 75
     0
  3
DIM75
100
AcDbAlignedDimension
 13
35233.26817991538
 23
33942.19566701184
 33
0.0
 14
37254.11567350664
 24
33942.19566701184
 34
0.0
100
AcDbRotatedDimension
  0
DIMENSION
  5
114D
330
1F
100
AcDbEntity
  8
TG
  6
Continuous
100
AcDbDimension
280
     0
  2
*D90
 10
35233.26817991538
 20
37127.25544573384
 30
0.0
 11
34728.05630651326
 21
37127.25544573384
 31
0.0
 70
    32
  1
COL\PSTRIP\XS/4
 71
     5
 42
1010.423746804241
 73
     0
 74
     0
 75
     0
  3
DIM75
100
AcDbAlignedDimension
 13
34222.84443311114
 23
36418.78792240605
 33
0.0
 14
35233.26817991538
 24
33942.19566701184
 34
0.0
100
AcDbRotatedDimension
  0
DIMENSION
  5
114E
330
1F
100
AcDbEntity
  8
TG
  6
Continuous
100
AcDbDimension
280
     0
  2
*D91
 10
38264.53942031088
 20
37895.90326478955
 30
0.0
 11
36243.69192671101
 21
38082.5104076467
 31
0.0
 70
    32
  1
SHORT CLEAR SPAN "S"
 71
     5
 42
4041.694987199735
 73
     0
 74
     0
 75
     0
  3
DIM75
100
AcDbAlignedDimension
 13
34222.84443311114
 23
36418.78792240605
 33
0.0
 14
38264.53942031088
 24
36390.98533306126
 34
0.0
100
AcDbRotatedDimension
  0
DIMENSION
  5
114F
330
1F
100
AcDbEntity
  8
TG
  6
Continuous
100
AcDbDimension
280
     0
  2
*D92
 10
22687.87303361716
 20
52316.71527363005
 30
0.0
 11
20635.43449388584
 21
52503.32241648719
 31
0.0
 70
    32
  1
SHORT SPAN "SB"
 71
     5
 42
4104.877079462633
 73
     0
 74
     0
 75
     0
  3
DIM75
100
AcDbAlignedDimension
 13
18582.99595415452
 23
50068.906486449
 33
0.0
 14
22687.87303361716
 24
50068.906486449
 34
0.0
100
AcDbRotatedDimension
  0
DIMENSION
  5
1150
330
1F
100
AcDbEntity
  8
TG
  6
Continuous
100
AcDbDimension
280
     0
  2
*D93
 10
18019.98099763132
 20
52316.71527363005
 30
0.0
 11
16016.58234588662
 21
52503.32241648719
 31
0.0
 70
    32
  1
SHORT SPAN "SA"
 71
     5
 42
4006.797303489409
 73
     0
 74
     0
 75
     0
  3
DIM75
100
AcDbAlignedDimension
 13
14013.18369414191
 23
50068.906486449
 33
0.0
 14
18019.98099763132
 24
50068.906486449
 34
0.0
100
AcDbRotatedDimension
  0
TEXT
  5
1151
330
1F
100
AcDbEntity
  8
TG
100
AcDbText
 10
31845.99866610067
 20
45553.59843741793
 30
0.0
 40
250.0
  1
BOTTOM BARS ALONG LONG SPAN
 41
0.8
  7
100cl
100
AcDbText
  0
LINE
  5
1152
330
1F
100
AcDbEntity
  8
SHE
100
AcDbLine
 10
35612.46466236096
 20
49606.12075849081
 30
0.0
 11
33289.73004528042
 21
49606.12075849081
 31
0.0
  0
DIMENSION
  5
1153
330
1F
100
AcDbEntity
  8
TG
  6
Continuous
100
AcDbDimension
280
     0
  2
*D94
 10
38414.12092180643
 20
44489.71360891469
 30
0.0
 11
32452.00613929588
 21
44867.33265653374
 31
0.0
 70
    32
  1
SPAN "A"
 71
     5
 42
11924.22956502111
 73
     0
 74
     0
 75
     0
  3
DIMBLK3
100
AcDbAlignedDimension
 13
26489.89135678532
 23
46539.70330609539
 33
0.0
 14
38414.12092180643
 24
46539.70330609539
 34
0.0
100
AcDbRotatedDimension
1001
ACAD
1000
DSTYLE
1002
{
1070
    40
1040
80.0
1070
   343
1005
0
1070
   344
1005
0
1002
}
  0
DIMENSION
  5
1154
330
1F
100
AcDbEntity
  8
TG
  6
Continuous
100
AcDbDimension
280
     0
  2
*D95
 10
35208.06353054755
 20
51082.41542951687
 30
0.0
 11
36811.09222617699
 21
51082.41542951687
 31
0.0
 70
    32
  1
* L/4 SPAN "A"\X OR L/4 SPAN "B"
 71
     5
 42
3206.057391258888
 73
     0
 74
     0
 75
     0
  3
DIM75
100
AcDbAlignedDimension
 13
38414.12092180643
 23
47436.39925210451
 33
0.0
 14
35208.06353054755
 24
47936.85699122161
 34
0.0
 50
180.0
100
AcDbRotatedDimension
  0
DIMENSION
  5
1155
330
1F
100
AcDbEntity
  8
TG
  6
Continuous
100
AcDbDimension
280
     0
  2
*D96
 10
38414.12092180643
 20
52316.71527363005
 30
0.0
 11
32452.00613929588
 21
52503.32241648719
 31
0.0
 70
    32
  1
SHORT SPAN "A" = SA
 71
     5
 42
11924.22956502111
 73
     0
 74
     0
 75
     0
  3
DIM75
100
AcDbAlignedDimension
 13
26489.89135678532
 23
47436.39925210451
 33
0.0
 14
38414.12092180643
 24
47436.39925210451
 34
0.0
100
AcDbRotatedDimension
  0
TEXT
  5
1156
330
1F
100
AcDbEntity
  8
TG
100
AcDbText
 10
19142.26031541405
 20
44034.35915565182
 30
0.0
 40
250.0
  1
(SEE SCHEDULE)
 41
0.8
  7
100cl
100
AcDbText
  0
TEXT
  5
1157
330
1F
100
AcDbEntity
  8
TG
100
AcDbText
 10
18989.87936303345
 20
44354.35915565182
 30
0.0
 40
250.0
  1
THE SHORT SPAN
 41
0.8
  7
100cl
100
AcDbText
  0
TEXT
  5
1158
330
1F
100
AcDbEntity
  8
TG
100
AcDbText
 10
18418.45079160481
 20
44674.35915565182
 30
0.0
 40
250.0
  1
BOTTOM BARS ALONG
 41
0.8
  7
100cl
100
AcDbText
  0
LWPOLYLINE
  5
1159
330
1F
100
AcDbEntity
  8
TOP BARS(PLAN)
100
AcDbPolyline
 90
        2
 70
     0
 43
0.0
 10
17018.28167176666
 20
46658.06948550715
 10
19733.06956091383
 20
46658.06948550715
  0
LINE
  5
115A
330
1F
100
AcDbEntity
  8
LEOJ
100
AcDbLine
 10
22687.87303361716
 20
50068.906486449
 30
0.0
 11
18582.99595415452
 21
50068.906486449
 31
0.0
  0
LWPOLYLINE
  5
115B
330
1F
100
AcDbEntity
  8
BOTT BAR(PLAN)
100
AcDbPolyline
 90
        4
 70
     0
 43
0.0
 10
13596.2537249485
 20
46265.66847573191
 10
13596.2537249485
 20
45957.21650271694
 42
0.4142135623730951
 10
13671.32238579402
 20
45882.14784184115
 10
24416.22507874435
 20
45882.14784184115
  0
LINE
  5
115C
330
1F
100
AcDbEntity
  8
3G
100
AcDbLine
 10
24186.11136641586
 20
50631.92144297267
 30
0.0
 11
13450.16873761825
 21
50631.92144297267
 31
0.0
  0
LWPOLYLINE
  5
115D
330
1F
100
AcDbEntity
  8
3G
100
AcDbPolyline
 90
        2
 70
     1
 43
46.91791304283746
 10
35588.94314867165
 20
47616.36634563719
 42
1.0
 10
35635.86106168106
 20
47616.36634563719
 42
1.0
  0
CIRCLE
  5
115E
330
1F
100
AcDbEntity
  8
SHE
100
AcDbCircle
 10
35612.46466236096
 20
47883.03544681047
 30
0.0
 40
192.6632920285982
  0
LWPOLYLINE
  5
115F
330
1F
100
AcDbEntity
  8
3G
100
AcDbPolyline
 90
        2
 70
     1
 43
46.91791304283746
 10
35635.92361893459
 20
47883.03544681047
 42
-1.0
 10
35589.00570584927
 20
47883.03544681047
 42
-1.0
  0
LINE
  5
1160
330
1F
100
AcDbEntity
  8
LEOJ
100
AcDbLine
 10
22687.87303361716
 20
43226.77756755351
 30
0.0
 11
18582.99595415452
 21
43226.77756755351
 31
0.0
  0
LINE
  5
1161
330
1F
100
AcDbEntity
  8
LEOJ
100
AcDbLine
 10
22687.87303361716
 20
43789.79252406227
 30
0.0
 11
18582.99595415452
 21
43789.79252406227
 31
0.0
  0
LINE
  5
1162
330
1F
100
AcDbEntity
  8
4C
100
AcDbLine
 10
35208.06353054708
 20
47936.85699122137
 30
0.0
 11
42558.53657392319
 21
47936.85699122137
 31
0.0
  0
LWPOLYLINE
  5
1163
330
1F
100
AcDbEntity
  8
3G
 62
     1
100
AcDbPolyline
 90
        9
 70
     0
 43
0.0
 10
13450.16873761825
 20
42514.31813891319
 42
0.0505149488049964
 10
16738.16060837777
 20
42689.60531522118
 42
-0.4948315576515238
 10
17369.67262784624
 20
42723.74689229944
 42
0.0901100907989587
 10
19453.71095125843
 20
42860.31294718798
 42
-0.538707434472932
 10
20067.81788226124
 20
42689.60531522118
 42
0.4808135599118791
 10
20429.96567403292
 20
42860.31294718798
 42
0.0150444995067937
 10
23245.6301708417
 20
42689.60531522118
 42
0.3741423678489314
 10
24278.85202166019
 20
43040.72470609256
 42
-0.0686699797068401
 10
24293.72098684497
 20
43195.01996702299
 42
0.9378593252740788
  0
LINE
  5
1164
330
1F
100
AcDbEntity
  8
3G
100
AcDbLine
 10
26489.89135678532
 20
47436.39925210451
 30
0.0
 11
38414.12092180643
 21
47436.39925210451
 31
0.0
  0
TEXT
  5
1165
330
1F
100
AcDbEntity
  8
TG
100
AcDbText
 10
31845.99866610067
 20
46151.15604210732
 30
0.0
 40
250.0
  1
BOTTOM BARS ALONG SHORT SPAN
 41
0.8
  7
100cl
100
AcDbText
  0
LINE
  5
1166
330
1F
100
AcDbEntity
  8
4C
100
AcDbLine
 10
43372.43648019851
 20
47561.51368688763
 30
0.0
 11
25812.72644592775
 21
47561.51368688763
 31
0.0
  0
LINE
  5
1167
330
1F
100
AcDbEntity
  8
3G
100
AcDbLine
 10
25551.53309592791
 20
48061.97142601962
 30
0.0
 11
43375.16137156542
 21
48061.97142601962
 31
0.0
  0
LINE
  5
1168
330
1F
100
AcDbEntity
  8
SHE
100
AcDbLine
 10
29291.54761616932
 20
48075.69473222497
 30
0.0
 11
29291.54761616932
 21
49606.12075849081
 31
0.0
  0
DIMENSION
  5
1169
330
1F
100
AcDbEntity
  8
TG
  6
Continuous
100
AcDbDimension
280
     0
  2
*D97
 10
29695.94874804467
 20
51082.41542951687
 30
0.0
 11
28092.92005241499
 21
51300.27257237402
 31
0.0
 70
    32
  1
L/4 SPAN "A"
 71
     5
 42
3206.057391259354
 73
     0
 74
     0
 75
     0
  3
DIM75
100
AcDbAlignedDimension
 13
26489.89135678532
 23
47436.39925210451
 33
0.0
 14
29695.94874804467
 24
47936.85699122161
 34
0.0
100
AcDbRotatedDimension
  0
LINE
  5
116A
330
1F
100
AcDbEntity
  8
SHE
100
AcDbLine
 10
30194.15442731138
 20
45659.38915526278
 30
0.0
 11
31660.36049879203
 21
45659.38915526278
 31
0.0
  0
LINE
  5
116B
330
1F
100
AcDbEntity
  8
SHE
100
AcDbLine
 10
30194.15442731138
 20
47423.70305360847
 30
0.0
 11
30194.15442731138
 21
45659.38915526278
 31
0.0
  0
LINE
  5
116C
330
1F
100
AcDbEntity
  8
3G
100
AcDbLine
 10
26489.89135678532
 20
46539.70330609539
 30
0.0
 11
26489.89135678532
 21
47436.39925210428
 31
0.0
  0
LINE
  5
116D
330
1F
100
AcDbEntity
  8
3G
 62
     1
100
AcDbLine
 10
26099.89810057729
 20
46608.10439619369
 30
0.0
 11
26106.72334155673
 21
46534.49712708819
 31
0.0
  0
LINE
  5
116E
330
1F
100
AcDbEntity
  8
3G
 62
     1
100
AcDbLine
 10
25772.28653373383
 20
46542.67571254091
 30
0.0
 11
25782.52439516504
 21
46599.9258107561
 31
0.0
  0
LINE
  5
116F
330
1F
100
AcDbEntity
  8
3G
100
AcDbLine
 10
25551.53309592791
 20
48061.97142601962
 30
0.0
 11
25551.53309592791
 21
46539.70330609539
 31
0.0
  0
LINE
  5
1170
330
1F
100
AcDbEntity
  8
3G
 62
     1
100
AcDbLine
 10
26106.72334155673
 20
46534.49712708819
 30
0.0
 11
26489.89135678532
 21
46539.70330609539
 31
0.0
  0
LINE
  5
1171
330
1F
100
AcDbEntity
  8
3G
 62
     1
100
AcDbLine
 10
25551.53309592791
 20
46539.70330609539
 30
0.0
 11
25772.28653373383
 21
46542.67571254091
 31
0.0
  0
LINE
  5
1172
330
1F
100
AcDbEntity
  8
4C
100
AcDbLine
 10
29695.94874804467
 20
47936.85699122137
 30
0.0
 11
25770.48335674498
 21
47936.85699122137
 31
0.0
  0
TEXT
  5
1173
330
1F
100
AcDbEntity
  8
TG
100
AcDbText
 10
27658.498695625
 20
46632.24252621754
 30
0.0
 40
250.0
  1
WALL
 41
0.8
  7
100cl
100
AcDbText
  0
TEXT
  5
1174
330
1F
100
AcDbEntity
  8
TG
100
AcDbText
 10
27658.498695625
 20
46936.09186783357
 30
0.0
 40
250.0
  1
BEAM OR
 41
0.8
  7
100cl
100
AcDbText
  0
LINE
  5
1175
330
1F
100
AcDbEntity
  8
3G
 62
     1
100
AcDbLine
 10
25782.52439516504
 20
46599.9258107561
 30
0.0
 11
26099.89810057729
 21
46608.10439619369
 31
0.0
  0
LWPOLYLINE
  5
1176
330
1F
100
AcDbEntity
  8
3G
100
AcDbPolyline
 90
        2
 70
     1
 43
46.91791304283746
 10
27462.87503744941
 20
47616.36634563719
 42
1.0
 10
27509.79295047373
 20
47616.36634563719
 42
1.0
  0
LWPOLYLINE
  5
1177
330
1F
100
AcDbEntity
  8
3G
100
AcDbPolyline
 90
        2
 70
     1
 43
46.91791304283746
 10
27458.56002381165
 20
47883.03544681047
 42
1.0
 10
27505.47793683596
 20
47883.03544681047
 42
1.0
  0
LINE
  5
1178
330
1F
100
AcDbEntity
  8
4C
100
AcDbLine
 10
25718.89061987912
 20
47655.34951296722
 30
0.0
 11
25718.89061987912
 21
47811.74255645362
 31
0.0
  0
ARC
  5
1179
330
1F
100
AcDbEntity
  8
4C
100
AcDbCircle
 10
25812.72644592775
 20
47655.34951296722
 30
0.0
 40
93.83582608567493
100
AcDbArc
 50
180.0
 51
270.0
  0
LINE
  5
117A
330
1F
100
AcDbEntity
  8
4C
100
AcDbLine
 10
25676.64753071079
 20
47843.02116513595
 30
0.0
 11
25676.64753071079
 21
47686.62812166446
 31
0.0
  0
ARC
  5
117B
330
1F
100
AcDbEntity
  8
4C
100
AcDbCircle
 10
25770.48335674498
 20
47843.02116513595
 30
0.0
 40
93.83582608568026
100
AcDbArc
 50
90.0
 51
180.0
  0
LWPOLYLINE
  5
117C
330
1F
100
AcDbEntity
  8
3G
100
AcDbPolyline
 90
        2
 70
     1
 43
46.91791304283746
 10
26560.26822632272
 20
47616.36634563719
 42
1.0
 10
26607.18613939267
 20
47616.36634563719
 42
1.0
  0
LWPOLYLINE
  5
117D
330
1F
100
AcDbEntity
  8
SHE
100
AcDbPolyline
 90
        4
 70
     1
 43
0.0
 10
26489.89135678532
 20
46873.0498176433
 10
26567.30006053671
 20
46888.88309342106
 10
26567.30006053671
 20
46873.0498176433
 10
26567.30006053671
 20
46857.21654188068
  0
LINE
  5
117E
330
1F
100
AcDbEntity
  8
SHE
100
AcDbLine
 10
26489.89135678532
 20
46873.0498176433
 30
0.0
 11
27514.01109683933
 21
46873.0498176433
 31
0.0
  0
CIRCLE
  5
117F
330
1F
100
AcDbEntity
  8
SHE
100
AcDbCircle
 10
30194.15442731138
 20
47616.36634563719
 30
0.0
 40
192.6632920285982
  0
LWPOLYLINE
  5
1180
330
1F
100
AcDbEntity
  8
3G
100
AcDbPolyline
 90
        2
 70
     1
 43
46.91791304283746
 10
30170.69547079923
 20
47616.36634563719
 42
1.0
 10
30217.61338386964
 20
47616.36634563719
 42
1.0
  0
LWPOLYLINE
  5
1181
330
1F
100
AcDbEntity
  8
3G
100
AcDbPolyline
 90
        2
 70
     1
 43
46.91791304283746
 10
28365.4818485761
 20
47616.36634563719
 42
1.0
 10
28412.39976160089
 20
47616.36634563719
 42
1.0
  0
LWPOLYLINE
  5
1182
330
1F
100
AcDbEntity
  8
3G
100
AcDbPolyline
 90
        2
 70
     1
 43
46.91791304283746
 10
29268.08865965717
 20
47616.36634563719
 42
1.0
 10
29315.00657274295
 20
47616.36634563719
 42
1.0
  0
CIRCLE
  5
1183
330
1F
100
AcDbEntity
  8
SHE
100
AcDbCircle
 10
29291.54761616932
 20
47883.03544681047
 30
0.0
 40
192.6632920285982
  0
LWPOLYLINE
  5
1184
330
1F
100
AcDbEntity
  8
3G
100
AcDbPolyline
 90
        2
 70
     1
 43
46.91791304283746
 10
29268.08865965717
 20
47883.03544681047
 42
1.0
 10
29315.00657274295
 20
47883.03544681047
 42
1.0
  0
TEXT
  5
1185
330
1F
100
AcDbEntity
  8
TG
100
AcDbText
 10
31845.99866610067
 20
45233.59843741793
 30
0.0
 40
250.0
  1
(SEE SCHEDULE)
 41
0.8
  7
100cl
100
AcDbText
  0
LINE
  5
1186
330
1F
100
AcDbEntity
  8
SHE
100
AcDbLine
 10
30729.16032027313
 20
46256.94675995241
 30
0.0
 11
31660.36049879203
 21
46256.94675995241
 31
0.0
  0
LWPOLYLINE
  5
1187
330
1F
100
AcDbEntity
  8
3G
100
AcDbPolyline
 90
        2
 70
     1
 43
46.91791304283746
 10
31975.90909305308
 20
47616.36634563719
 42
1.0
 10
32022.8270060774
 20
47616.36634563719
 42
1.0
  0
LWPOLYLINE
  5
1188
330
1F
100
AcDbEntity
  8
3G
100
AcDbPolyline
 90
        2
 70
     1
 43
46.91791304283746
 10
31073.30228192639
 20
47616.36634563719
 42
1.0
 10
31120.22019499633
 20
47616.36634563719
 42
1.0
  0
LWPOLYLINE
  5
1189
330
1F
100
AcDbEntity
  8
3G
100
AcDbPolyline
 90
        2
 70
     1
 43
46.91791304283746
 10
34686.33633752959
 20
47616.36634563719
 42
1.0
 10
34733.25425055437
 20
47616.36634563719
 42
1.0
  0
LWPOLYLINE
  5
118A
330
1F
100
AcDbEntity
  8
3G
100
AcDbPolyline
 90
        2
 70
     1
 43
46.91791304283746
 10
33783.72952640289
 20
47616.36634563719
 42
1.0
 10
33830.64743942767
 20
47616.36634563719
 42
1.0
  0
LWPOLYLINE
  5
118B
330
1F
100
AcDbEntity
  8
3G
100
AcDbPolyline
 90
        2
 70
     1
 43
46.91791304283746
 10
32881.1227152762
 20
47616.36634563719
 42
1.0
 10
32928.04062834662
 20
47616.36634563719
 42
1.0
  0
LINE
  5
118C
330
1F
100
AcDbEntity
  8
SHE
100
AcDbLine
 10
29291.54761616932
 20
49606.12075849081
 30
0.0
 11
30644.61165203666
 21
49606.12075849081
 31
0.0
  0
LINE
  5
118D
330
1F
100
AcDbEntity
  8
SHE
100
AcDbLine
 10
28552.49435061962
 20
50231.69293237588
 30
0.0
 11
30618.96805941966
 21
50231.69293237588
 31
0.0
  0
TEXT
  5
118E
330
1F
100
AcDbEntity
  8
TG
100
AcDbText
 10
30768.36847011242
 20
49491.711765696
 30
0.0
 40
250.0
  1
2%%C10 TIE BARS
 41
0.8
  7
100cl
 72
     1
 11
31930.27323201718
 21
49491.711765696
 31
0.0
100
AcDbText
  0
TEXT
  5
118F
330
1F
100
AcDbEntity
  8
TG
100
AcDbText
 10
30765.49578875629
 20
50142.68018901063
 30
0.0
 40
250.0
  1
TOP BARS DISCONT. (TBD)
  7
100cl
100
AcDbText
  0
DIMENSION
  5
1190
330
1F
100
AcDbEntity
  8
TG
  6
Continuous
100
AcDbDimension
280
     0
  2
*D98
 10
10756.67294491371
 20
43789.79252406228
 30
0.0
 11
10570.06580205658
 21
46929.34950525565
 31
0.0
 70
    32
  1
LONG SPAN "L"
 71
     5
 42
6279.113962386742
 73
     0
 74
     0
 75
     0
  3
DIM75
100
AcDbAlignedDimension
 13
14013.18369414191
 23
50068.906486449
 33
0.0
 14
14013.18369414191
 24
43789.79252406227
 34
0.0
 50
90.0
100
AcDbRotatedDimension
  0
LINE
  5
1191
330
1F
100
AcDbEntity
  8
3G
100
AcDbLine
 10
13450.16873761825
 20
50631.92144297267
 30
0.0
 11
13450.16873761825
 21
42514.31813891319
 31
0.0
  0
LINE
  5
1192
330
1F
100
AcDbEntity
  8
BOTT BAR(PLAN)
100
AcDbLine
 10
16785.08299237722
 20
50426.98111812834
 30
0.0
 11
16785.08299237722
 21
42753.85777289996
 31
0.0
  0
LINE
  5
1193
330
1F
100
AcDbEntity
  8
LEOJ
100
AcDbLine
 10
14013.18369414191
 20
43789.79252406227
 30
0.0
 11
14013.18369414191
 21
50068.906486449
 31
0.0
  0
LINE
  5
1194
330
1F
100
AcDbEntity
  8
LEOJ
100
AcDbLine
 10
18019.98099763132
 20
50068.906486449
 30
0.0
 11
18019.98099763132
 21
43789.79252406227
 31
0.0
  0
LINE
  5
1195
330
1F
100
AcDbEntity
  8
LEOJ
100
AcDbLine
 10
18582.99595415452
 20
43789.79252406227
 30
0.0
 11
18582.99595415452
 21
50068.906486449
 31
0.0
  0
LINE
  5
1196
330
1F
100
AcDbEntity
  8
3G
100
AcDbLine
 10
18582.99595415452
 20
42766.14073794235
 30
0.0
 11
18582.99595415452
 21
43226.77756755351
 31
0.0
  0
LINE
  5
1197
330
1F
100
AcDbEntity
  8
LEOJ
100
AcDbLine
 10
18019.98099763132
 20
43226.77756755351
 30
0.0
 11
18019.98099763132
 21
42685.65359197713
 31
0.0
  0
LINE
  5
1198
330
1F
100
AcDbEntity
  8
LEOJ
100
AcDbLine
 10
14013.18369414191
 20
42497.17290168948
 30
0.0
 11
14013.18369414191
 21
43226.77756755351
 31
0.0
  0
TEXT
  5
1199
330
1F
100
AcDbEntity
  8
TG
100
AcDbText
 10
20072.17341247294
 20
41462.52179186622
 30
0.0
 40
250.0
  1
(SEE SCHEDULE)
 41
0.8
  7
100cl
100
AcDbText
  0
TEXT
  5
119A
330
1F
100
AcDbEntity
  8
TG
100
AcDbText
 10
20100.7448410443
 20
41782.52179186622
 30
0.0
 40
250.0
  1
THE LONG SPAN
 41
0.8
  7
100cl
100
AcDbText
  0
TEXT
  5
119B
330
1F
100
AcDbEntity
  8
TG
100
AcDbText
 10
19348.36388866324
 20
42102.52179186622
 30
0.0
 40
250.0
  1
BOTTOM BARS ALONG
 41
0.8
  7
100cl
100
AcDbText
  0
LINE
  5
119C
330
1F
100
AcDbEntity
  8
LEOJ
100
AcDbLine
 10
18019.98099763132
 20
43226.77756755351
 30
0.0
 11
14013.18369414191
 21
43226.77756755351
 31
0.0
  0
LINE
  5
119D
330
1F
100
AcDbEntity
  8
LEOJ
100
AcDbLine
 10
18019.98099763132
 20
43789.79252406227
 30
0.0
 11
14013.18369414191
 21
43789.79252406227
 31
0.0
  0
DIMENSION
  5
119E
330
1F
100
AcDbEntity
  8
TG
  6
Continuous
100
AcDbDimension
280
     0
  2
*D99
 10
12730.10106500946
 20
48145.27205169359
 30
0.0
 11
12512.24392215233
 21
49107.08926907131
 31
0.0
 70
    32
  1
S/4
 71
     5
 42
1923.634434755433
 73
     0
 74
     0
 75
     0
  3
DIM75
100
AcDbAlignedDimension
 13
14013.18369414191
 23
50068.906486449
 33
0.0
 14
15371.08992279228
 24
48145.27205169357
 34
0.0
 50
90.0
100
AcDbRotatedDimension
  0
LWPOLYLINE
  5
119F
330
1F
100
AcDbEntity
  8
TOP BARS(PLAN)
100
AcDbPolyline
 90
        4
 70
     0
 43
0.0
 10
13596.2537249485
 20
46465.3432394943
 10
13596.2537249485
 20
46793.89142506726
 42
-0.4142135623730951
 10
13671.32238579402
 20
46868.96008594305
 10
15014.88302000658
 20
46868.96008594305
  0
TEXT
  5
11A0
330
1F
100
AcDbEntity
  8
TG
100
AcDbText
 10
11712.91691144136
 20
47707.22058244719
 30
0.0
 40
250.0
  1
TOP BARS
 41
0.8
  7
100cl
100
AcDbText
  0
TEXT
  5
11A1
330
1F
100
AcDbEntity
  8
TG
100
AcDbText
 10
10920.5359590603
 20
46427.22058244719
 30
0.0
 40
250.0
  1
(SEE SCHEDULE)
 41
0.8
  7
100cl
100
AcDbText
  0
TEXT
  5
11A2
330
1F
100
AcDbEntity
  8
TG
100
AcDbText
 10
11408.15500667924
 20
46747.22058244719
 30
0.0
 40
250.0
  1
SHORT SPAN
 41
0.8
  7
100cl
100
AcDbText
  0
TEXT
  5
11A3
330
1F
100
AcDbEntity
  8
TG
100
AcDbText
 10
11568.15500667924
 20
47067.22058244719
 30
0.0
 40
250.0
  1
ALONG THE
 41
0.8
  7
100cl
100
AcDbText
  0
TEXT
  5
11A4
330
1F
100
AcDbEntity
  8
TG
100
AcDbText
 10
11080.5359590603
 20
47387.22058244719
 30
0.0
 40
250.0
  1
DISCONTINUOUS
 41
0.8
  7
100cl
100
AcDbText
  0
LINE
  5
11A5
330
1F
100
AcDbEntity
  8
SHE
100
AcDbLine
 10
15614.22064203396
 20
47343.46511895995
 30
0.0
 11
16426.0079531325
 21
47343.46511895995
 31
0.0
  0
SOLID
  5
11A6
330
1F
100
AcDbEntity
  8
SHE
100
AcDbTrace
 10
15614.22064203396
 20
47343.46511895995
 30
0.0
 11
15809.09058934729
 21
47407.78106813174
 31
0.0
 12
15808.96631004428
 22
47344.83945718751
 32
0.0
 13
15808.96631004428
 23
47344.83945718751
 33
0.0
  0
SOLID
  5
11A7
330
1F
100
AcDbEntity
  8
SHE
100
AcDbTrace
 10
16426.0079531325
 20
47343.46511895995
 30
0.0
 11
16231.13800581917
 21
47279.1491697884
 31
0.0
 12
16231.26228512218
 22
47342.0907807324
 32
0.0
 13
16231.26228512218
 23
47342.0907807324
 33
0.0
  0
LINE
  5
11A8
330
1F
100
AcDbEntity
  8
LEOJ
100
AcDbLine
 10
18019.98099763132
 20
50068.906486449
 30
0.0
 11
14013.18369414191
 21
50068.906486449
 31
0.0
  0
LWPOLYLINE
  5
11A9
330
1F
100
AcDbEntity
  8
TOP BARS(PLAN)
100
AcDbPolyline
 90
        4
 70
     0
 43
0.0
 10
15510.87074714526
 20
50426.98111812834
 10
15113.31183036417
 20
50426.98111812834
 42
0.4142135623730951
 10
15038.24316947302
 20
50351.91245725256
 10
15038.24316947302
 20
48145.27205169357
  0
LINE
  5
11AA
330
1F
100
AcDbEntity
  8
SHE
100
AcDbLine
 10
40372.12577329436
 20
48075.69873883918
 30
0.0
 11
40372.12577329436
 21
49606.12075849057
 31
0.0
  0
LINE
  5
11AB
330
1F
100
AcDbEntity
  8
SHE
100
AcDbLine
 10
35612.46466236096
 20
48075.69873883918
 30
0.0
 11
35612.46466236096
 21
49606.12075849081
 31
0.0
  0
LINE
  5
11AC
330
1F
100
AcDbEntity
  8
SHE
100
AcDbLine
 10
39768.47044169344
 20
47855.80006126425
 30
0.0
 11
39768.47044169344
 21
50231.69293237611
 31
0.0
  0
DIMENSION
  5
11AD
330
1F
100
AcDbEntity
  8
TG
  6
Continuous
100
AcDbDimension
280
     0
  2
*D100
 10
44669.90769668202
 20
52316.71527363005
 30
0.0
 11
42011.19343967294
 21
52503.32241648719
 31
0.0
 70
    32
  1
SHORT SPAN "B" = SB
 71
     5
 42
5317.428514018189
 73
     0
 74
     0
 75
     0
  3
DIM75
100
AcDbAlignedDimension
 13
39352.47918266384
 23
47436.39925210451
 33
0.0
 14
44669.90769668202
 24
52316.71527363005
 34
0.0
100
AcDbRotatedDimension
  0
DIMENSION
  5
11AE
330
1F
100
AcDbEntity
  8
TG
  6
Continuous
100
AcDbDimension
280
     0
  2
*D101
 10
39352.47918266384
 20
51082.41542951687
 30
0.0
 11
40955.50787829398
 21
51082.41542951687
 31
0.0
 70
    32
  1
* L/4 SPAN "A"\X OR L/4 SPAN "B"
 71
     5
 42
3206.057391260285
 73
     0
 74
     0
 75
     0
  3
DIM75
100
AcDbAlignedDimension
 13
42558.53657392412
 23
47936.85699122161
 33
0.0
 14
39352.47918266384
 24
47436.39925210451
 34
0.0
 50
180.0
100
AcDbRotatedDimension
  0
LINE
  5
11AF
330
1F
100
AcDbEntity
  8
TG
  6
Continuous
100
AcDbLine
 10
38414.12092180643
 20
48124.52864339616
 30
0.0
 11
38414.12092180643
 21
51561.42927497247
 31
0.0
  0
LINE
  5
11B0
330
1F
100
AcDbEntity
  8
TG
  6
Continuous
100
AcDbLine
 10
38414.12092180643
 20
47553.69403471163
 30
0.0
 11
38414.12092180643
 21
51854.66623148292
 31
0.0
  0
DIMENSION
  5
11B1
330
1F
100
AcDbEntity
  8
TG
  6
Continuous
100
AcDbDimension
280
     0
  2
*D102
 10
44669.90769668202
 20
44489.71360891469
 30
0.0
 11
42011.19343967317
 21
44867.33265653374
 31
0.0
 70
    32
  1
SPAN "B"
 71
     5
 42
5317.428514017723
 73
     0
 74
     0
 75
     0
  3
DIMBLK3
100
AcDbAlignedDimension
 13
39352.47918266431
 23
46539.70330609539
 33
0.0
 14
44669.90769668202
 24
44489.71360891469
 34
0.0
100
AcDbRotatedDimension
1001
ACAD
1000
DSTYLE
1002
{
1070
    40
1040
80.0
1070
   343
1005
0
1070
   344
1005
0
1002
}
  0
LINE
  5
11B2
330
1F
100
AcDbEntity
  8
3G
100
AcDbLine
 10
39352.47918266384
 20
47436.39925210451
 30
0.0
 11
43375.16137156542
 21
47436.39925210451
 31
0.0
  0
TEXT
  5
11B3
330
1F
100
AcDbEntity
  8
TG
100
AcDbText
 10
40481.79968704749
 20
46158.98506395024
 30
0.0
 40
250.0
  1
BOTTOM BARS (BB)
 41
0.8
  7
100cl
100
AcDbText
  0
LINE
  5
11B4
330
1F
100
AcDbEntity
  8
3G
100
AcDbLine
 10
39352.47918266431
 20
46539.70330609539
 30
0.0
 11
39352.47918266431
 21
47436.39925210428
 31
0.0
  0
LINE
  5
11B5
330
1F
100
AcDbEntity
  8
3G
 62
     1
100
AcDbLine
 10
39021.22635086067
 20
46560.3135160603
 30
0.0
 11
39352.47918266431
 21
46539.70330609539
 31
0.0
  0
LINE
  5
11B6
330
1F
100
AcDbEntity
  8
3G
 62
     1
100
AcDbLine
 10
38414.12092180643
 20
46539.70330609539
 30
0.0
 11
38679.4631726318
 21
46550.33040283568
 31
0.0
  0
LINE
  5
11B7
330
1F
100
AcDbEntity
  8
3G
100
AcDbLine
 10
38414.12092180643
 20
47436.39925210428
 30
0.0
 11
38414.12092180643
 21
46539.70330609539
 31
0.0
  0
LINE
  5
11B8
330
1F
100
AcDbEntity
  8
SHE
100
AcDbLine
 10
38867.3956600693
 20
46256.94675995194
 30
0.0
 11
40349.94256102387
 21
46256.94675995194
 31
0.0
  0
LWPOLYLINE
  5
11B9
330
1F
100
AcDbEntity
  8
3G
100
AcDbPolyline
 90
        2
 70
     1
 43
46.91791304283746
 10
37394.15677087987
 20
47616.36634563719
 42
1.0
 10
37441.07468390465
 20
47616.36634563719
 42
1.0
  0
LWPOLYLINE
  5
11BA
330
1F
100
AcDbEntity
  8
3G
100
AcDbPolyline
 90
        2
 70
     1
 43
46.91791304283746
 10
38343.7440522695
 20
47616.36634563719
 42
-1.0
 10
38296.82613919955
 20
47616.36634563719
 42
-1.0
  0
LWPOLYLINE
  5
11BB
330
1F
100
AcDbEntity
  8
3G
100
AcDbPolyline
 90
        2
 70
     1
 43
46.91791304283746
 10
37436.0325152874
 20
47883.03544681047
 42
-1.0
 10
37389.11460226262
 20
47883.03544681047
 42
-1.0
  0
LWPOLYLINE
  5
11BC
330
1F
100
AcDbEntity
  8
3G
100
AcDbPolyline
 90
        2
 70
     1
 43
46.91791304283746
 10
36491.54995975318
 20
47616.36634563719
 42
1.0
 10
36538.46787276259
 20
47616.36634563719
 42
1.0
  0
LINE
  5
11BD
330
1F
100
AcDbEntity
  8
SHE
100
AcDbLine
 10
39822.58798302338
 20
48212.24998766527
 30
0.0
 11
39723.5944844666
 21
48212.24998766527
 31
0.0
  0
LINE
  5
11BE
330
1F
100
AcDbEntity
  8
SHE
100
AcDbLine
 10
39723.5944844666
 20
48212.24998766527
 30
0.0
 11
39723.5944844666
 21
48133.03433002456
 31
0.0
  0
LINE
  5
11BF
330
1F
100
AcDbEntity
  8
SHE
100
AcDbLine
 10
39723.5944844666
 20
48133.03433002456
 30
0.0
 11
39844.41264878633
 21
48133.03433002456
 31
0.0
  0
LINE
  5
11C0
330
1F
100
AcDbEntity
  8
SHE
100
AcDbLine
 10
39844.41264878633
 20
48133.03433002456
 30
0.0
 11
39844.41264878633
 21
47855.80006126425
 31
0.0
  0
LINE
  5
11C1
330
1F
100
AcDbEntity
  8
SHE
100
AcDbLine
 10
39844.41264878633
 20
47855.80006126425
 30
0.0
 11
39768.47044169344
 21
47855.80006126425
 31
0.0
  0
LINE
  5
11C2
330
1F
100
AcDbEntity
  8
3G
 62
     1
100
AcDbLine
 10
39008.72281993134
 20
46660.14464817004
 30
0.0
 11
39021.22635086067
 21
46560.3135160603
 31
0.0
  0
LINE
  5
11C3
330
1F
100
AcDbEntity
  8
3G
 62
     1
100
AcDbLine
 10
38679.4631726318
 20
46650.16153494542
 30
0.0
 11
39008.72281993134
 21
46660.14464817004
 31
0.0
  0
LINE
  5
11C4
330
1F
100
AcDbEntity
  8
3G
 62
     1
100
AcDbLine
 10
38679.4631726318
 20
46550.33040283568
 30
0.0
 11
38679.4631726318
 21
46650.16153494542
 31
0.0
  0
LWPOLYLINE
  5
11C5
330
1F
100
AcDbEntity
  8
3G
100
AcDbPolyline
 90
        2
 70
     1
 43
46.91791304283746
 10
40372.44333359133
 20
47616.36634563719
 42
-1.0
 10
40325.52542056655
 20
47616.36634563719
 42
-1.0
  0
LWPOLYLINE
  5
11C6
330
1F
100
AcDbEntity
  8
3G
100
AcDbPolyline
 90
        2
 70
     1
 43
46.91791304283746
 10
41275.05014473292
 20
47616.36634563719
 42
-1.0
 10
41228.13223164762
 20
47616.36634563719
 42
-1.0
  0
LWPOLYLINE
  5
11C7
330
1F
100
AcDbEntity
  8
3G
100
AcDbPolyline
 90
        2
 70
     1
 43
46.91791304283746
 10
40326.52355287317
 20
47883.03544681047
 42
1.0
 10
40373.44146589795
 20
47883.03544681047
 42
1.0
  0
LWPOLYLINE
  5
11C8
330
1F
100
AcDbEntity
  8
3G
100
AcDbPolyline
 90
        2
 70
     1
 43
46.91791304283746
 10
39422.85605224688
 20
47616.36634563719
 42
1.0
 10
39469.77396527166
 20
47616.36634563719
 42
1.0
  0
CIRCLE
  5
11C9
330
1F
100
AcDbEntity
  8
SHE
100
AcDbCircle
 10
40372.12577329436
 20
47883.03544681047
 30
0.0
 40
192.6632920285982
  0
LWPOLYLINE
  5
11CA
330
1F
100
AcDbEntity
  8
SHE
 62
     3
100
AcDbPolyline
 90
        5
 70
     0
 43
0.0
 10
44669.90769668202
 20
44489.71360891469
 10
44448.73453355022
 20
44710.88677204604
 10
44537.20379876345
 20
44710.88677204604
 10
44758.37696194044
 20
44489.71360891469
 10
44537.20379876345
 20
44268.54044576844
  0
LWPOLYLINE
  5
11CB
330
1F
100
AcDbEntity
  8
3G
100
AcDbPolyline
 90
        6
 70
     0
 43
0.0
 10
43375.16137156495
 20
48061.97142601962
 10
43377.95677719358
 20
47884.39608206803
 10
43331.66936222929
 20
47875.14060103282
 10
43327.8120776196
 20
47662.26453681075
 10
43370.24220808083
 20
47662.26453681075
 10
43375.16137156495
 20
47436.39925210451
  0
LWPOLYLINE
  5
11CC
330
1F
100
AcDbEntity
  8
3G
100
AcDbPolyline
 90
        2
 70
     1
 43
46.91791304283746
 10
42177.65695585962
 20
47616.36634563719
 42
-1.0
 10
42130.73904278967
 20
47616.36634563719
 42
-1.0
  0
LWPOLYLINE
  5
11CD
330
1F
100
AcDbEntity
  8
3G
100
AcDbPolyline
 90
        2
 70
     1
 43
46.91791304283746
 10
43080.26376698678
 20
47616.36634563719
 42
-1.0
 10
43033.34585391636
 20
47616.36634563719
 42
-1.0
  0
LWPOLYLINE
  5
11CE
330
1F
100
AcDbEntity
  8
3G
100
AcDbPolyline
 90
        2
 70
     1
 43
46.91791304283746
 10
42130.67648559715
 20
47883.03544681047
 42
1.0
 10
42177.59439866711
 20
47883.03544681047
 42
1.0
  0
TEXT
  5
11CF
330
1F
100
AcDbEntity
  8
TG
100
AcDbText
 10
41160.03575204042
 20
49504.28360672545
 30
0.0
 40
250.0
  1
2%%C10 TIE BARS
 41
0.8
  7
100cl
 72
     1
 11
42321.94051394518
 21
49504.28360672545
 31
0.0
100
AcDbText
  0
TEXT
  5
11D0
330
1F
100
AcDbEntity
  8
TG
100
AcDbText
 10
41126.97038541361
 20
50155.23827309132
 30
0.0
 40
250.0
  1
TOP BARS CONT. (TBC)
 41
0.8
  7
100cl
100
AcDbText
  0
TEXT
  5
11D1
330
1F
100
AcDbEntity
  8
TG
  6
Continuous
100
AcDbText
 10
36036.18802411296
 20
51741.62084089237
 30
0.0
 40
250.0
  1
* WHICHEVER IS LARGER GOVERN.
 41
0.8
  7
100cl
100
AcDbText
  0
LINE
  5
11D2
330
1F
100
AcDbEntity
  8
SHE
100
AcDbLine
 10
40372.12577329436
 20
49606.12075849057
 30
0.0
 11
41001.19181847619
 21
49606.12075849057
 31
0.0
  0
LINE
  5
11D3
330
1F
100
AcDbEntity
  8
SHE
100
AcDbLine
 10
39768.47044169344
 20
50231.69293237611
 30
0.0
 11
41001.19181847619
 21
50231.69293237611
 31
0.0
  0
LWPOLYLINE
  5
11D4
330
1F
100
AcDbEntity
  8
SHE
 62
     3
100
AcDbPolyline
 90
        5
 70
     0
 43
0.0
 10
44669.90769668202
 20
52316.71527363005
 10
44448.73453355022
 20
52537.88843676139
 10
44537.20379876345
 20
52537.88843676139
 10
44758.37696194044
 20
52316.71527363005
 10
44537.20379876345
 20
52095.54211048357
  0
DIMENSION
  5
11D5
330
1F
100
AcDbEntity
  8
TG
  6
Continuous
100
AcDbDimension
280
     0
  2
*D67
 10
23823.30628605373
 20
24616.49786879047
 30
0.0
 11
23051.29924642807
 21
24616.49786879047
 31
0.0
 70
    32
  1
COL\PSTRIP\X S/4
 71
     5
 42
1544.014079251327
 73
     0
 74
     0
 75
     0
  3
DIM75
100
AcDbAlignedDimension
 13
22279.29220680241
 23
21974.08424121857
 33
0.0
 14
23823.30628605373
 24
22474.54198035057
 34
0.0
100
AcDbRotatedDimension
  0
TEXT
  5
11D6
330
1F
100
AcDbEntity
  8
TG
100
AcDbText
 10
18256.43200110737
 20
21677.25507815991
 30
0.0
 40
200.0
  1
BEAM OR WALL
  7
100cl
100
AcDbText
  0
DIMENSION
  5
11D7
330
1F
100
AcDbEntity
  8
TG
  6
Continuous
100
AcDbDimension
280
     0
  2
*D68
 10
23533.41427817149
 20
20079.43118759681
 30
0.0
 11
22906.35324248695
 21
20297.28833045395
 31
0.0
 70
    32
  1
S/5
 71
     5
 42
1254.122071369085
 73
     0
 74
     0
 75
     0
  3
DIM75
100
AcDbAlignedDimension
 13
22279.29220680241
 23
21332.47433704714
 33
0.0
 14
23533.41427817149
 24
22099.19867600146
 34
0.0
100
AcDbRotatedDimension
  0
TEXT
  5
11D8
330
1F
100
AcDbEntity
  8
TG
100
AcDbText
 10
19184.45980438124
 20
19358.53718733316
 30
0.0
 40
200.0
  1
BOTTOM BARS @ COLUMN STRIP
  7
100cl
100
AcDbText
  0
TEXT
  5
11D9
330
1F
100
AcDbEntity
  8
TG
100
AcDbText
 10
19535.51678272104
 20
19016.32334189972
 30
0.0
 40
200.0
  1
SHALL BE SPACED 4/3 TIMES
  7
100cl
100
AcDbText
  0
TEXT
  5
11DA
330
1F
100
AcDbEntity
  8
TG
100
AcDbText
 10
21348.10110473912
 20
18639.89730873675
 30
0.0
 40
200.0
  1
THE MIDDLE STRIP
  7
100cl
100
AcDbText
  0
LINE
  5
11DB
330
1F
100
AcDbEntity
  8
3G
 62
     1
100
AcDbLine
 10
21340.933945945
 20
21332.47433704714
 30
0.0
 11
21561.68738375138
 21
21335.44674349314
 31
0.0
  0
INSERT
  5
11DC
330
1F
100
AcDbEntity
  8
TG
  6
Continuous
100
AcDbBlockReference
  2
arrow1
 10
21290.02225769917
 20
21767.43941567809
 30
0.0
 41
-120.0
 42
120.0
 43
120.0
1001
AEC_XDATA_BOUND_SPACE
1070
   100
1070
     1
  0
LINE
  5
11DD
330
1F
100
AcDbEntity
  8
3G
100
AcDbLine
 10
21340.933945945
 20
22599.65641513391
 30
0.0
 11
21340.933945945
 21
21332.47433704714
 31
0.0
  0
LINE
  5
11DE
330
1F
100
AcDbEntity
  8
SHE
100
AcDbLine
 10
21290.02225769917
 20
21767.43941567809
 30
0.0
 11
20704.8533137585
 21
21767.43941567809
 31
0.0
  0
LWPOLYLINE
  5
11DF
330
1F
100
AcDbEntity
  8
3G
100
AcDbPolyline
 90
        2
 70
     1
 43
46.91791304283746
 10
23717.85656436067
 20
22420.72043592454
 42
1.0
 10
23764.77447738545
 20
22420.72043592454
 42
1.0
  0
LWPOLYLINE
  5
11E0
330
1F
100
AcDbEntity
  8
3G
100
AcDbPolyline
 90
        2
 70
     1
 43
46.91791304283746
 10
23799.57771339268
 20
22154.05133475101
 42
1.0
 10
23846.49562647799
 20
22154.05133475101
 42
1.0
  0
LWPOLYLINE
  5
11E1
330
1F
100
AcDbEntity
  8
3G
100
AcDbPolyline
 90
        2
 70
     1
 43
46.91791304283746
 10
22694.94754560944
 20
22420.72043592454
 42
1.0
 10
22741.86545863422
 20
22420.72043592454
 42
1.0
  0
LINE
  5
11E2
330
1F
100
AcDbEntity
  8
3G
100
AcDbLine
 10
22279.29220680241
 20
21332.47433704714
 30
0.0
 11
22279.29220680241
 21
21974.08424121857
 31
0.0
  0
LWPOLYLINE
  5
11E3
330
1F
100
AcDbEntity
  8
3G
100
AcDbPolyline
 90
        2
 70
     1
 43
46.91791304283746
 10
22306.26693613408
 20
22154.05133475101
 42
1.0
 10
22353.18484915886
 20
22154.05133475101
 42
1.0
  0
LWPOLYLINE
  5
11E4
330
1F
100
AcDbEntity
  8
3G
100
AcDbPolyline
 90
        2
 70
     1
 43
46.91791304283746
 10
23028.59494950483
 20
22154.05133475101
 42
1.0
 10
23075.51286257477
 20
22154.05133475101
 42
1.0
  0
LINE
  5
11E5
330
1F
100
AcDbEntity
  8
4C
100
AcDbLine
 10
23533.41427817149
 20
22099.19867600146
 30
0.0
 11
23312.80524481321
 21
22319.80770939001
 31
0.0
  0
ARC
  5
11E6
330
1F
100
AcDbEntity
  8
4C
100
AcDbCircle
 10
21559.88420682214
 20
22380.70615427097
 30
0.0
 40
93.83582608567826
100
AcDbArc
 50
90.0
 51
180.0
  0
LINE
  5
11E7
330
1F
100
AcDbEntity
  8
3G
 62
     1
100
AcDbLine
 10
21889.29895065538
 20
21400.87542714569
 30
0.0
 11
21896.12419157336
 21
21327.26815804018
 31
0.0
  0
LINE
  5
11E8
330
1F
100
AcDbEntity
  8
3G
 62
     1
100
AcDbLine
 10
21561.68738375138
 20
21335.44674349314
 30
0.0
 11
21571.92524524219
 21
21392.69684170809
 31
0.0
  0
LINE
  5
11E9
330
1F
100
AcDbEntity
  8
3G
 62
     1
100
AcDbLine
 10
21571.92524524219
 20
21392.69684170809
 30
0.0
 11
21889.29895065538
 21
21400.87542714569
 31
0.0
  0
ARC
  5
11EA
330
1F
100
AcDbEntity
  8
4C
100
AcDbCircle
 10
21602.12729600631
 20
22193.03450208128
 30
0.0
 40
93.83582608567428
100
AcDbArc
 50
180.0
 51
270.0
  0
LINE
  5
11EB
330
1F
100
AcDbEntity
  8
4C
100
AcDbLine
 10
21508.29146995628
 20
22193.03450208128
 30
0.0
 11
21508.29146995628
 21
22349.42754556768
 31
0.0
  0
LINE
  5
11EC
330
1F
100
AcDbEntity
  8
4C
100
AcDbLine
 10
21466.04838077351
 20
22380.70615427097
 30
0.0
 11
21466.04838077351
 21
22224.31311078434
 31
0.0
  0
LINE
  5
11ED
330
1F
100
AcDbEntity
  8
3G
 62
     1
100
AcDbLine
 10
21896.12419157336
 20
21327.26815804018
 30
0.0
 11
22279.29220680241
 21
21332.47433704714
 31
0.0
  0
LINE
  5
11EE
330
1F
100
AcDbEntity
  8
4C
100
AcDbLine
 10
23823.30628605373
 20
22474.54198035057
 30
0.0
 11
21559.88420682214
 21
22474.54198035057
 31
0.0
  0
DIMENSION
  5
11EF
330
1F
100
AcDbEntity
  8
TG
  6
Continuous
100
AcDbDimension
280
     0
  2
*D69
 10
27592.57477300485
 20
34363.04316061987
 30
0.0
 11
27405.96763014771
 21
32342.19566701184
 31
0.0
 70
    32
  1
LONG CLEAR SPAN "L"
 71
     5
 42
4041.694987216033
 73
     0
 74
     0
 75
     0
  3
DIM75
100
AcDbAlignedDimension
 13
29731.36161926436
 23
30321.34817340382
 33
0.0
 14
29731.36161926436
 24
34363.04316061986
 34
0.0
 50
90.0
100
AcDbRotatedDimension
  0
LINE
  5
11F0
330
1F
100
AcDbEntity
  8
SHE
100
AcDbLine
 10
22483.1762359445
 20
44828.92681331018
 30
0.0
 11
22483.1762359445
 21
46024.08761810109
 31
0.0
  0
LWPOLYLINE
  5
11F1
330
1F
100
AcDbEntity
  8
3G
 62
     1
100
AcDbPolyline
 90
        7
 70
     0
 43
0.0
 10
24228.39319866523
 20
44181.65919504192
 42
-0.0428717509572793
 10
24425.90831649536
 20
47230.46533830528
 42
0.46248632781653
 10
24357.57923868858
 20
47810.87113498308
 42
-0.7085447825659514
 10
24358.32192026172
 20
48766.83370933932
 42
0.2996372602485985
 10
24316.23513694434
 20
49552.08865171362
 42
-0.3529405082072052
 10
24408.82602510136
 20
49967.76576980733
 42
0.4558927734744179
 10
24186.11136641633
 20
50631.92144297267
 42
0.4700534786221011
  0
LINE
  5
11F2
330
1F
100
AcDbEntity
  8
LEOJ
100
AcDbLine
 10
22687.87303361716
 20
50068.906486449
 30
0.0
 11
22687.87303361716
 21
43789.79252406227
 31
0.0
  0
LINE
  5
11F3
330
1F
100
AcDbEntity
  8
LEOJ
100
AcDbLine
 10
23250.88799009426
 20
43789.79252406227
 30
0.0
 11
23250.88799009426
 21
50068.906486449
 31
0.0
  0
TEXT
  5
11F4
330
1F
100
AcDbEntity
  8
TG
100
AcDbText
 10
24981.75735438056
 20
41293.32364630157
 30
0.0
 40
250.0
  1
AT THEIR COMMON SUPPORT THE SMALLER
 41
0.8
  7
100cl
100
AcDbText
  0
TEXT
  5
11F5
330
1F
100
AcDbEntity
  8
TG
100
AcDbText
 10
24981.75735438056
 20
41613.32364630157
 30
0.0
 40
250.0
  1
IF TOP BARS OF ADJACENT SLABS DIFFER
 41
0.8
  7
100cl
100
AcDbText
  0
LINE
  5
11F6
330
1F
100
AcDbEntity
  8
LEOJ
100
AcDbLine
 10
23250.88799009426
 20
42766.14073794235
 30
0.0
 11
23250.88799009426
 21
43226.77756755351
 31
0.0
  0
LINE
  5
11F7
330
1F
100
AcDbEntity
  8
LEOJ
100
AcDbLine
 10
22687.87303361716
 20
43226.77756755351
 30
0.0
 11
22687.87303361716
 21
42790.25888111227
 31
0.0
  0
TEXT
  5
11F8
330
1F
100
AcDbEntity
  8
TG
100
AcDbText
 10
24981.75735438056
 20
40973.32364630157
 30
0.0
 40
250.0
  1
SPACING SHALL GOVERN.
 41
0.8
  7
100cl
100
AcDbText
  0
TEXT
  5
11F9
330
1F
100
AcDbEntity
  8
TM
100
AcDbText
 10
24725.71951121139
 20
42134.08662643906
 30
0.0
 40
280.0
  1
NOTES:
  7
140CL
100
AcDbText
  0
TEXT
  5
11FA
330
1F
100
AcDbEntity
  8
TG
100
AcDbText
 10
24590.02966803545
 20
41613.32364630157
 30
0.0
 40
200.0
  1
1.
  7
100cl
100
AcDbText
  0
LINE
  5
11FB
330
1F
100
AcDbEntity
  8
SHE
100
AcDbLine
 10
21814.42626231955
 20
44828.92681331018
 30
0.0
 11
22483.1762359445
 21
44828.92681331018
 31
0.0
  0
LINE
  5
11FC
330
1F
100
AcDbEntity
  8
3G
 62
     1
100
AcDbLine
 10
24314.58357323148
 20
43274.48886198521
 30
0.0
 11
24293.72098684497
 21
43195.01996702299
 31
0.0
  0
LINE
  5
11FD
330
1F
100
AcDbEntity
  8
3G
 62
     1
100
AcDbLine
 10
24134.71883450029
 20
43836.29685217555
 30
0.0
 11
24314.58357323148
 21
43274.48886198521
 31
0.0
  0
LINE
  5
11FE
330
1F
100
AcDbEntity
  8
LEOJ
100
AcDbLine
 10
24071.26770069823
 20
43226.77756755351
 30
0.0
 11
23259.85356042953
 21
43226.77756755351
 31
0.0
  0
LINE
  5
11FF
330
1F
100
AcDbEntity
  8
LEOJ
100
AcDbLine
 10
24238.75245973095
 20
43789.79252406227
 30
0.0
 11
23259.85356042953
 21
43789.79252406227
 31
0.0
  0
LINE
  5
1200
330
1F
100
AcDbEntity
  8
3G
 62
     1
100
AcDbLine
 10
24228.39319866477
 20
44181.65919504192
 30
0.0
 11
24134.71883450029
 21
43836.29685217555
 31
0.0
  0
LWPOLYLINE
  5
1201
330
1F
100
AcDbEntity
  8
3G
 62
     1
100
AcDbPolyline
 90
        6
 70
     0
 43
0.0
 10
24604.87897802983
 20
48467.49204800621
 42
0.1231861934563112
 10
24176.95566485962
 20
48458.99606471153
 42
0.3515030899203105
 10
24160.048488284
 20
48120.85527332889
 42
0.122855135643673
 10
24469.11261984659
 20
48088.5704772821
 42
-0.3542587140494584
 10
24667.76429490932
 20
48216.0104533701
 42
0.687898619337971
 10
24604.87897802983
 20
48467.49204800621
 42
1.33626775222493
  0
LWPOLYLINE
  5
1202
330
1F
100
AcDbEntity
  8
TOP BARS(PLAN)
100
AcDbPolyline
 90
        2
 70
     0
 43
0.0
 10
21406.01125801168
 20
46658.06948550715
 10
24249.00357524352
 20
46658.06948550715
  0
LWPOLYLINE
  5
1203
330
1F
100
AcDbEntity
  8
TOP BARS(PLAN)
100
AcDbPolyline
 90
        2
 70
     0
 43
0.0
 10
21537.79942679685
 20
46658.06948550715
 10
23964.19492502837
 20
46658.06948550715
  0
LINE
  5
1204
330
1F
100
AcDbEntity
  8
SHE
100
AcDbLine
 10
20216.36767491559
 20
47343.46511895995
 30
0.0
 11
21028.15498601366
 21
47343.46511895995
 31
0.0
  0
SOLID
  5
1205
330
1F
100
AcDbEntity
  8
SHE
100
AcDbTrace
 10
20216.36767491559
 20
47343.46511895995
 30
0.0
 11
20411.23762222892
 21
47407.78106813174
 31
0.0
 12
20411.11334292544
 22
47344.83945718751
 32
0.0
 13
20411.11334292544
 23
47344.83945718751
 33
0.0
  0
SOLID
  5
1206
330
1F
100
AcDbEntity
  8
SHE
100
AcDbTrace
 10
21028.15498601366
 20
47343.46511895995
 30
0.0
 11
20833.28503870033
 21
47279.1491697884
 31
0.0
 12
20833.40931800381
 22
47342.0907807324
 32
0.0
 13
20833.40931800381
 23
47342.0907807324
 33
0.0
  0
LINE
  5
1207
330
1F
100
AcDbEntity
  8
SHE
100
AcDbLine
 10
22363.32924853219
 20
45760.60199350206
 30
0.0
 11
22363.32924853219
 21
46024.08761810109
 31
0.0
  0
LINE
  5
1208
330
1F
100
AcDbEntity
  8
SHE
100
AcDbLine
 10
22363.32924853219
 20
46024.08761810109
 30
0.0
 11
22483.1762359445
 21
46024.08761810109
 31
0.0
  0
LINE
  5
1209
330
1F
100
AcDbEntity
  8
SHE
100
AcDbLine
 10
22363.32924853219
 20
45760.60199350206
 30
0.0
 11
22587.04358672723
 21
45760.60199350206
 31
0.0
  0
LINE
  5
120A
330
1F
100
AcDbEntity
  8
LEOJ
100
AcDbLine
 10
24453.10661237175
 20
50068.906486449
 30
0.0
 11
23259.85356042953
 21
50068.906486449
 31
0.0
  0
DIMENSION
  5
120B
330
1F
100
AcDbEntity
  8
TG
  6
Continuous
100
AcDbDimension
280
     0
  2
*D70
 10
28579.81816565907
 20
33352.61941381563
 30
0.0
 11
28254.81816565908
 21
32342.19566701161
 31
0.0
 70
    32
  1
MIDDLE\PSTRIP
 71
     5
 42
2020.847493608016
 73
     0
 74
     0
 75
     0
  3
DIM75
100
AcDbAlignedDimension
 13
34643.69192671124
 23
31331.7719202076
 33
0.0
 14
34643.69192671124
 24
33352.61941381562
 34
0.0
 50
90.0
100
AcDbRotatedDimension
  0
LINE
  5
120C
330
1F
100
AcDbEntity
  8
LEOJ
100
AcDbLine
 10
34222.84443311114
 20
30321.34817340382
 30
0.0
 11
34222.84443311114
 21
34363.04316061986
 31
0.0
  0
LINE
  5
120D
330
1F
100
AcDbEntity
  8
LEOJ
100
AcDbLine
 10
33652.79178961925
 20
34363.04316061986
 30
0.0
 11
33652.79178961925
 21
30321.34817340382
 31
0.0
  0
LINE
  5
120E
330
1F
100
AcDbEntity
  8
LEOJ
100
AcDbLine
 10
38834.59206373478
 20
30321.34817340382
 30
0.0
 11
38834.59206373478
 21
34363.04316060263
 31
0.0
  0
LINE
  5
120F
330
1F
100
AcDbEntity
  8
LEOJ
100
AcDbLine
 10
38264.53942031088
 20
34363.04316061986
 30
0.0
 11
38264.53942031088
 21
30321.34817340382
 31
0.0
  0
LINE
  5
1210
330
1F
100
AcDbEntity
  8
LEOJ
100
AcDbLine
 10
30301.41426268732
 20
30321.34817340382
 30
0.0
 11
30301.41426268732
 21
34363.04316061986
 31
0.0
  0
LINE
  5
1211
330
1F
100
AcDbEntity
  8
LEOJ
100
AcDbLine
 10
30301.41426268732
 20
34363.04316061986
 30
0.0
 11
30301.41426268732
 21
30321.34817340382
 31
0.0
  0
LINE
  5
1212
330
1F
100
AcDbEntity
  8
3G
100
AcDbLine
 10
29731.36161926436
 20
36166.7917209288
 30
0.0
 11
29731.36161926436
 21
28181.18710301648
 31
0.0
  0
LINE
  5
1213
330
1F
100
AcDbEntity
  8
4C
100
AcDbLine
 10
32642.3680428532
 20
30742.19566701184
 30
0.0
 11
35233.26817991538
 21
30742.19566701184
 31
0.0
  0
LINE
  5
1214
330
1F
100
AcDbEntity
  8
4C
100
AcDbLine
 10
32642.3680428532
 20
31062.19566701184
 30
0.0
 11
35233.26817991538
 21
31062.19566701184
 31
0.0
  0
LINE
  5
1215
330
1F
100
AcDbEntity
  8
4C
100
AcDbLine
 10
32642.3680428532
 20
31382.19566701184
 30
0.0
 11
35233.26817991538
 21
31382.19566701184
 31
0.0
  0
DIMENSION
  5
1216
330
1F
100
AcDbEntity
  8
TG
  6
Continuous
100
AcDbDimension
280
     0
  2
*D71
 10
28579.81816565907
 20
31331.77192020761
 30
0.0
 11
28579.81816565908
 21
30826.56004680571
 31
0.0
 70
    32
  1
COL\PSTRIP\XS/4
 71
     5
 42
1010.423746803775
 73
     0
 74
     0
 75
     0
  3
DIM75
100
AcDbAlignedDimension
 13
29731.36161926436
 23
30321.34817340382
 33
0.0
 14
34643.69192671124
 24
31331.7719202076
 34
0.0
 50
90.0
100
AcDbRotatedDimension
  0
LWPOLYLINE
  5
1217
330
1F
100
AcDbEntity
  8
3G
 62
     1
100
AcDbPolyline
 90
        3
 70
     0
 43
0.0
 10
29731.36161926389
 20
28181.18710301624
 42
0.0505149488049964
 10
33060.45338835148
 20
28358.66536904516
 42
-0.1389352000743139
 10
33751.99735977268
 20
28534.33159254159
 42
0.126363848361729
  0
LINE
  5
1218
330
1F
100
AcDbEntity
  8
LEOJ
100
AcDbLine
 10
33652.79178961925
 20
29751.2955299287
 30
0.0
 11
33652.79178961925
 21
28533.28290203837
 31
0.0
  0
LINE
  5
1219
330
1F
100
AcDbEntity
  8
LEOJ
100
AcDbLine
 10
30301.41426268732
 20
28163.82755033922
 30
0.0
 11
30301.41426268732
 21
29751.2955299287
 31
0.0
  0
LINE
  5
121A
330
1F
100
AcDbEntity
  8
4C
100
AcDbLine
 10
31311.83800945338
 20
30742.19566701184
 30
0.0
 11
29811.36161926436
 21
30742.19566701184
 31
0.0
  0
LINE
  5
121B
330
1F
100
AcDbEntity
  8
4C
100
AcDbLine
 10
31311.83800945338
 20
31062.19566701184
 30
0.0
 11
29811.36161926436
 21
31062.19566701184
 31
0.0
  0
LINE
  5
121C
330
1F
100
AcDbEntity
  8
4C
100
AcDbLine
 10
31311.83800945338
 20
31382.19566701184
 30
0.0
 11
29811.36161926436
 21
31382.19566701184
 31
0.0
  0
LINE
  5
121D
330
1F
100
AcDbEntity
  8
LEOJ
100
AcDbLine
 10
30301.41426268732
 20
29751.2955299287
 30
0.0
 11
33652.79178961925
 21
29751.2955299287
 31
0.0
  0
LINE
  5
121E
330
1F
100
AcDbEntity
  8
LEOJ
100
AcDbLine
 10
33652.79178961925
 20
30321.34817340382
 30
0.0
 11
30301.41426268732
 21
30321.34817340382
 31
0.0
  0
LINE
  5
121F
330
1F
100
AcDbEntity
  8
4C
100
AcDbLine
 10
37843.69192671124
 20
28740.87178314588
 30
0.0
 11
37843.69192671124
 21
31331.7719202076
 31
0.0
  0
LINE
  5
1220
330
1F
100
AcDbEntity
  8
4C
100
AcDbLine
 10
37523.69192671124
 20
28740.87178314588
 30
0.0
 11
37523.69192671124
 21
31331.7719202076
 31
0.0
  0
LINE
  5
1221
330
1F
100
AcDbEntity
  8
4C
100
AcDbLine
 10
34643.69192671124
 20
28740.87178314588
 30
0.0
 11
34643.69192671124
 21
31331.7719202076
 31
0.0
  0
LINE
  5
1222
330
1F
100
AcDbEntity
  8
4C
100
AcDbLine
 10
34963.69192671124
 20
28740.87178314588
 30
0.0
 11
34963.69192671124
 21
31331.7719202076
 31
0.0
  0
LINE
  5
1223
330
1F
100
AcDbEntity
  8
4C
100
AcDbLine
 10
36563.69192671124
 20
28740.87178314588
 30
0.0
 11
36563.69192671124
 21
31331.7719202076
 31
0.0
  0
LINE
  5
1224
330
1F
100
AcDbEntity
  8
4C
100
AcDbLine
 10
36883.69192671124
 20
28740.87178314588
 30
0.0
 11
36883.69192671124
 21
31331.7719202076
 31
0.0
  0
LINE
  5
1225
330
1F
100
AcDbEntity
  8
4C
100
AcDbLine
 10
37203.69192671124
 20
28740.87178314588
 30
0.0
 11
37203.69192671124
 21
31331.7719202076
 31
0.0
  0
LINE
  5
1226
330
1F
100
AcDbEntity
  8
4C
100
AcDbLine
 10
36243.69192671124
 20
28740.87178314588
 30
0.0
 11
36243.69192671124
 21
31331.7719202076
 31
0.0
  0
LINE
  5
1227
330
1F
100
AcDbEntity
  8
4C
100
AcDbLine
 10
35923.69192671124
 20
28740.87178314588
 30
0.0
 11
35923.69192671124
 21
31331.7719202076
 31
0.0
  0
LINE
  5
1228
330
1F
100
AcDbEntity
  8
4C
100
AcDbLine
 10
35603.69192671124
 20
28740.87178314588
 30
0.0
 11
35603.69192671124
 21
31331.7719202076
 31
0.0
  0
LINE
  5
1229
330
1F
100
AcDbEntity
  8
4C
100
AcDbLine
 10
35283.69192671124
 20
28740.87178314588
 30
0.0
 11
35283.69192671124
 21
31331.7719202076
 31
0.0
  0
LINE
  5
122A
330
1F
100
AcDbEntity
  8
LEOJ
100
AcDbLine
 10
38834.59206373478
 20
28436.15748454531
 30
0.0
 11
38834.59206373478
 21
29751.2955299287
 31
0.0
  0
LINE
  5
122B
330
1F
100
AcDbEntity
  8
LEOJ
100
AcDbLine
 10
38264.53942031088
 20
29751.2955299287
 30
0.0
 11
38264.53942031088
 21
28611.80603404407
 31
0.0
  0
LINE
  5
122C
330
1F
100
AcDbEntity
  8
LEOJ
100
AcDbLine
 10
34222.84443311114
 20
28436.15748454531
 30
0.0
 11
34222.84443311114
 21
29751.2955299287
 31
0.0
  0
ARC
  5
122D
330
1F
100
AcDbEntity
  8
3G
 62
     1
100
AcDbCircle
 10
33747.68407792039
 20
27367.77830994379
 30
0.0
 40
1166.561256664741
100
AcDbArc
 50
58.14739386580431
 51
89.78815220889089
  0
ARC
  5
122E
330
1F
100
AcDbEntity
  8
3G
 62
     1
100
AcDbCircle
 10
34847.60298595019
 20
32252.73159256548
 30
0.0
 40
3924.064402984585
100
AcDbArc
 50
262.9108514943657
 51
288.5026849321889
  0
LINE
  5
122F
330
1F
100
AcDbEntity
  8
LEOJ
100
AcDbLine
 10
38264.53942031088
 20
30321.34817340382
 30
0.0
 11
34222.84443311114
 21
30321.34817340382
 31
0.0
  0
LINE
  5
1230
330
1F
100
AcDbEntity
  8
LEOJ
100
AcDbLine
 10
34222.84443311114
 20
29751.2955299287
 30
0.0
 11
38264.53942031088
 21
29751.2955299287
 31
0.0
  0
LINE
  5
1231
330
1F
100
AcDbEntity
  8
4C
100
AcDbLine
 10
32642.3680428532
 20
33942.19566701184
 30
0.0
 11
35233.26817991538
 21
33942.19566701184
 31
0.0
  0
LINE
  5
1232
330
1F
100
AcDbEntity
  8
4C
100
AcDbLine
 10
32642.3680428532
 20
33622.19566701184
 30
0.0
 11
35233.26817991538
 21
33622.19566701184
 31
0.0
  0
LINE
  5
1233
330
1F
100
AcDbEntity
  8
4C
100
AcDbLine
 10
32642.3680428532
 20
32022.19566701184
 30
0.0
 11
35233.26817991538
 21
32022.19566701184
 31
0.0
  0
LINE
  5
1234
330
1F
100
AcDbEntity
  8
4C
100
AcDbLine
 10
32642.3680428532
 20
31702.19566701184
 30
0.0
 11
35233.26817991538
 21
31702.19566701184
 31
0.0
  0
LINE
  5
1235
330
1F
100
AcDbEntity
  8
4C
100
AcDbLine
 10
32642.3680428532
 20
32342.19566701184
 30
0.0
 11
35233.26817991538
 21
32342.19566701184
 31
0.0
  0
LINE
  5
1236
330
1F
100
AcDbEntity
  8
4C
100
AcDbLine
 10
32642.3680428532
 20
32662.19566701184
 30
0.0
 11
35233.26817991538
 21
32662.19566701184
 31
0.0
  0
LINE
  5
1237
330
1F
100
AcDbEntity
  8
4C
100
AcDbLine
 10
32642.3680428532
 20
32982.19566701184
 30
0.0
 11
35233.26817991538
 21
32982.19566701184
 31
0.0
  0
LINE
  5
1238
330
1F
100
AcDbEntity
  8
4C
100
AcDbLine
 10
32642.3680428532
 20
33302.19566701184
 30
0.0
 11
35233.26817991538
 21
33302.19566701184
 31
0.0
  0
DIMENSION
  5
1239
330
1F
100
AcDbEntity
  8
TG
  6
Continuous
100
AcDbDimension
280
     0
  2
*D76
 10
28579.81816565907
 20
33352.61941381563
 30
0.0
 11
28579.81816565908
 21
33857.83128721774
 31
0.0
 70
    32
  1
COL\PSTRIP\XS/4
 71
     5
 42
1010.423746804241
 73
     0
 74
     0
 75
     0
  3
DIM75
100
AcDbAlignedDimension
 13
29731.36161926436
 23
34363.04316061986
 33
0.0
 14
34643.69192671124
 24
33352.61941381562
 34
0.0
 50
270.0
100
AcDbRotatedDimension
  0
LWPOLYLINE
  5
123A
330
1F
100
AcDbEntity
  8
3G
 62
     1
100
AcDbPolyline
 90
        3
 70
     0
 43
0.0
 10
29731.36161926389
 20
36166.7917209288
 42
0.0505149488049964
 10
33060.45338835148
 20
36344.26998694072
 42
-0.1389352000743139
 10
33751.99735977268
 20
36519.93621043692
 42
0.126363848361729
  0
LINE
  5
123B
330
1F
100
AcDbEntity
  8
4C
100
AcDbLine
 10
31311.83800945338
 20
33942.19566701184
 30
0.0
 11
29811.36161926436
 21
33942.19566701184
 31
0.0
  0
LINE
  5
123C
330
1F
100
AcDbEntity
  8
4C
100
AcDbLine
 10
31311.83800945338
 20
33622.19566701184
 30
0.0
 11
29811.36161926436
 21
33622.19566701184
 31
0.0
  0
LINE
  5
123D
330
1F
100
AcDbEntity
  8
4C
100
AcDbLine
 10
31311.83800945338
 20
32022.19566701184
 30
0.0
 11
29811.36161926436
 21
32022.19566701184
 31
0.0
  0
LINE
  5
123E
330
1F
100
AcDbEntity
  8
4C
100
AcDbLine
 10
31311.83800945338
 20
31702.19566701184
 30
0.0
 11
29811.36161926436
 21
31702.19566701184
 31
0.0
  0
LINE
  5
123F
330
1F
100
AcDbEntity
  8
4C
100
AcDbLine
 10
31311.83800945338
 20
32342.19566701184
 30
0.0
 11
29811.36161926436
 21
32342.19566701184
 31
0.0
  0
LINE
  5
1240
330
1F
100
AcDbEntity
  8
4C
100
AcDbLine
 10
31311.83800945338
 20
32662.19566701184
 30
0.0
 11
29811.36161926436
 21
32662.19566701184
 31
0.0
  0
LINE
  5
1241
330
1F
100
AcDbEntity
  8
4C
100
AcDbLine
 10
31311.83800945338
 20
32982.19566701184
 30
0.0
 11
29811.36161926436
 21
32982.19566701184
 31
0.0
  0
LINE
  5
1242
330
1F
100
AcDbEntity
  8
4C
100
AcDbLine
 10
31311.83800945338
 20
33302.19566701184
 30
0.0
 11
29811.36161926436
 21
33302.19566701184
 31
0.0
  0
LINE
  5
1243
330
1F
100
AcDbEntity
  8
SHE
100
AcDbLine
 10
31546.6642082436
 20
32478.5388138133
 30
0.0
 11
32358.45151934214
 21
32478.5388138133
 31
0.0
  0
SOLID
  5
1244
330
1F
100
AcDbEntity
  8
SHE
100
AcDbTrace
 10
31546.6642082436
 20
32478.5388138133
 30
0.0
 11
31741.53415555693
 21
32542.85476298508
 31
0.0
 12
31741.40987625346
 22
32479.91315204062
 32
0.0
 13
31741.40987625346
 23
32479.91315204062
 33
0.0
  0
SOLID
  5
1245
330
1F
100
AcDbEntity
  8
SHE
100
AcDbTrace
 10
32358.45151934214
 20
32478.5388138133
 30
0.0
 11
32163.58157202881
 21
32414.22286464152
 31
0.0
 12
32163.70585133182
 22
32477.16447558574
 32
0.0
 13
32163.70585133182
 23
32477.16447558574
 33
0.0
  0
SOLID
  5
1246
330
1F
100
AcDbEntity
  8
SHE
100
AcDbTrace
 10
31952.55786379287
 20
32072.64515826403
 30
0.0
 11
31888.24191462109
 21
32267.51510557736
 31
0.0
 12
31951.18352556508
 22
32267.39082627435
 32
0.0
 13
31951.18352556508
 23
32267.39082627435
 33
0.0
  0
SOLID
  5
1247
330
1F
100
AcDbEntity
  8
SHE
100
AcDbTrace
 10
31952.55786379287
 20
32884.43246936257
 30
0.0
 11
32016.87381296419
 21
32689.56252204924
 31
0.0
 12
31953.93220202019
 22
32689.68680135225
 32
0.0
 13
31953.93220202019
 23
32689.68680135225
 33
0.0
  0
LINE
  5
1248
330
1F
100
AcDbEntity
  8
SHE
100
AcDbLine
 10
31952.55786379287
 20
32884.43246936257
 30
0.0
 11
31952.55786379287
 21
32072.64515826403
 31
0.0
  0
LINE
  5
1249
330
1F
100
AcDbEntity
  8
LEOJ
100
AcDbLine
 10
33652.79178961925
 20
34933.09580409498
 30
0.0
 11
30301.41426268732
 21
34933.09580409498
 31
0.0
  0
LINE
  5
124A
330
1F
100
AcDbEntity
  8
LEOJ
100
AcDbLine
 10
30301.41426268732
 20
34363.04316061986
 30
0.0
 11
33652.79178961925
 21
34363.04316061986
 31
0.0
  0
LINE
  5
124B
330
1F
100
AcDbEntity
  8
LEOJ
100
AcDbLine
 10
30301.41426268732
 20
34933.09580409498
 30
0.0
 11
30301.41426268732
 21
36149.43216823478
 31
0.0
  0
LINE
  5
124C
330
1F
100
AcDbEntity
  8
SHE
100
AcDbLine
 10
31546.6642082436
 20
35713.07392095512
 30
0.0
 11
32358.45151934214
 21
35713.07392095512
 31
0.0
  0
SOLID
  5
124D
330
1F
100
AcDbEntity
  8
SHE
100
AcDbTrace
 10
31546.6642082436
 20
35713.07392095512
 30
0.0
 11
31741.53415555693
 21
35777.38987012691
 31
0.0
 12
31741.40987625346
 22
35714.44825918268
 32
0.0
 13
31741.40987625346
 23
35714.44825918268
 33
0.0
  0
SOLID
  5
124E
330
1F
100
AcDbEntity
  8
SHE
100
AcDbTrace
 10
32358.45151934214
 20
35713.07392095512
 30
0.0
 11
32163.58157202881
 21
35648.75797178358
 31
0.0
 12
32163.70585133182
 22
35711.6995827278
 32
0.0
 13
32163.70585133182
 23
35711.6995827278
 33
0.0
  0
SOLID
  5
124F
330
1F
100
AcDbEntity
  8
SHE
100
AcDbTrace
 10
31952.55786379287
 20
35307.18026540585
 30
0.0
 11
31888.24191462109
 21
35502.05021271919
 31
0.0
 12
31951.18352556508
 22
35501.92593341618
 32
0.0
 13
31951.18352556508
 23
35501.92593341618
 33
0.0
  0
SOLID
  5
1250
330
1F
100
AcDbEntity
  8
SHE
100
AcDbTrace
 10
31952.55786379287
 20
36118.96757650439
 30
0.0
 11
32016.87381296419
 21
35924.09762919106
 31
0.0
 12
31953.93220202019
 22
35924.22190849407
 32
0.0
 13
31953.93220202019
 23
35924.22190849407
 33
0.0
  0
LINE
  5
1251
330
1F
100
AcDbEntity
  8
SHE
100
AcDbLine
 10
31952.55786379287
 20
36118.96757650439
 30
0.0
 11
31952.55786379287
 21
35307.18026540585
 31
0.0
  0
LINE
  5
1252
330
1F
100
AcDbEntity
  8
LEOJ
100
AcDbLine
 10
33652.79178961925
 20
36518.88751993346
 30
0.0
 11
33652.79178961925
 21
34933.09580409498
 31
0.0
  0
LINE
  5
1253
330
1F
100
AcDbEntity
  8
4C
100
AcDbLine
 10
37843.69192671124
 20
35943.5195508778
 30
0.0
 11
37843.69192671124
 21
33352.61941381562
 31
0.0
  0
LINE
  5
1254
330
1F
100
AcDbEntity
  8
4C
100
AcDbLine
 10
37523.69192671124
 20
35943.5195508778
 30
0.0
 11
37523.69192671124
 21
33352.61941381562
 31
0.0
  0
LINE
  5
1255
330
1F
100
AcDbEntity
  8
4C
100
AcDbLine
 10
34643.69192671124
 20
35943.5195508778
 30
0.0
 11
34643.69192671124
 21
33352.61941381562
 31
0.0
  0
LINE
  5
1256
330
1F
100
AcDbEntity
  8
4C
100
AcDbLine
 10
34963.69192671124
 20
35943.5195508778
 30
0.0
 11
34963.69192671124
 21
33352.61941381562
 31
0.0
  0
LINE
  5
1257
330
1F
100
AcDbEntity
  8
4C
100
AcDbLine
 10
36563.69192671124
 20
35943.5195508778
 30
0.0
 11
36563.69192671124
 21
33352.61941381562
 31
0.0
  0
LINE
  5
1258
330
1F
100
AcDbEntity
  8
4C
100
AcDbLine
 10
36883.69192671124
 20
35943.5195508778
 30
0.0
 11
36883.69192671124
 21
33352.61941381562
 31
0.0
  0
LINE
  5
1259
330
1F
100
AcDbEntity
  8
4C
100
AcDbLine
 10
37203.69192671124
 20
35943.5195508778
 30
0.0
 11
37203.69192671124
 21
33352.61941381562
 31
0.0
  0
LINE
  5
125A
330
1F
100
AcDbEntity
  8
4C
100
AcDbLine
 10
36243.69192671124
 20
35943.5195508778
 30
0.0
 11
36243.69192671124
 21
33352.61941381562
 31
0.0
  0
LINE
  5
125B
330
1F
100
AcDbEntity
  8
4C
100
AcDbLine
 10
35923.69192671124
 20
35943.5195508778
 30
0.0
 11
35923.69192671124
 21
33352.61941381562
 31
0.0
  0
LINE
  5
125C
330
1F
100
AcDbEntity
  8
4C
100
AcDbLine
 10
35603.69192671124
 20
35943.5195508778
 30
0.0
 11
35603.69192671124
 21
33352.61941381562
 31
0.0
  0
LINE
  5
125D
330
1F
100
AcDbEntity
  8
4C
100
AcDbLine
 10
35283.69192671124
 20
35943.5195508778
 30
0.0
 11
35283.69192671124
 21
33352.61941381562
 31
0.0
  0
LINE
  5
125E
330
1F
100
AcDbEntity
  8
SHE
100
AcDbLine
 10
35813.25310879294
 20
32362.52155344695
 30
0.0
 11
36625.04041989148
 21
32362.52155344695
 31
0.0
  0
SOLID
  5
125F
330
1F
100
AcDbEntity
  8
SHE
100
AcDbTrace
 10
36625.04041989148
 20
32362.52155344695
 30
0.0
 11
36430.17047257815
 21
32298.2056042754
 31
0.0
 12
36430.29475188116
 22
32361.14721521962
 32
0.0
 13
36430.29475188116
 23
32361.14721521962
 33
0.0
  0
SOLID
  5
1260
330
1F
100
AcDbEntity
  8
SHE
100
AcDbTrace
 10
35813.25310879294
 20
32362.52155344695
 30
0.0
 11
36008.12305610627
 21
32426.83750261873
 31
0.0
 12
36007.99877680326
 22
32363.8958916745
 32
0.0
 13
36007.99877680326
 23
32363.8958916745
 33
0.0
  0
SOLID
  5
1261
330
1F
100
AcDbEntity
  8
SHE
100
AcDbTrace
 10
36219.14676434221
 20
31956.62789789768
 30
0.0
 11
36154.83081517043
 21
32151.49784521124
 31
0.0
 12
36217.77242611488
 22
32151.373565908
 32
0.0
 13
36217.77242611488
 23
32151.373565908
 33
0.0
  0
SOLID
  5
1262
330
1F
100
AcDbEntity
  8
SHE
100
AcDbTrace
 10
36219.14676434221
 20
32768.41520899622
 30
0.0
 11
36283.46271351399
 21
32573.54526168289
 31
0.0
 12
36220.52110256953
 22
32573.66954098613
 32
0.0
 13
36220.52110256953
 23
32573.66954098613
 33
0.0
  0
LINE
  5
1263
330
1F
100
AcDbEntity
  8
SHE
100
AcDbLine
 10
36219.14676434221
 20
32768.41520899622
 30
0.0
 11
36219.14676434221
 21
31956.62789789768
 31
0.0
  0
LINE
  5
1264
330
1F
100
AcDbEntity
  8
SHE
100
AcDbLine
 10
35813.25310879294
 20
35713.07392095512
 30
0.0
 11
36625.04041989148
 21
35713.07392095512
 31
0.0
  0
SOLID
  5
1265
330
1F
100
AcDbEntity
  8
SHE
100
AcDbTrace
 10
36625.04041989148
 20
35713.07392095512
 30
0.0
 11
36430.17047257815
 21
35648.75797178358
 31
0.0
 12
36430.29475188116
 22
35711.6995827278
 32
0.0
 13
36430.29475188116
 23
35711.6995827278
 33
0.0
  0
LINE
  5
1266
330
1F
100
AcDbEntity
  8
LEOJ
100
AcDbLine
 10
38264.53942031088
 20
34933.09580409498
 30
0.0
 11
34222.84443311114
 21
34933.09580409498
 31
0.0
  0
LINE
  5
1267
330
1F
100
AcDbEntity
  8
LEOJ
100
AcDbLine
 10
34222.84443311114
 20
34363.04316061986
 30
0.0
 11
38264.53942031088
 21
34363.04316061986
 31
0.0
  0
SOLID
  5
1268
330
1F
100
AcDbEntity
  8
SHE
100
AcDbTrace
 10
35813.25310879294
 20
35713.07392095512
 30
0.0
 11
36008.12305610627
 21
35777.38987012691
 31
0.0
 12
36007.99877680326
 22
35714.44825918268
 32
0.0
 13
36007.99877680326
 23
35714.44825918268
 33
0.0
  0
SOLID
  5
1269
330
1F
100
AcDbEntity
  8
SHE
100
AcDbTrace
 10
36219.14676434221
 20
35307.18026540585
 30
0.0
 11
36154.83081517043
 21
35502.05021271919
 31
0.0
 12
36217.77242611488
 22
35501.92593341618
 32
0.0
 13
36217.77242611488
 23
35501.92593341618
 33
0.0
  0
SOLID
  5
126A
330
1F
100
AcDbEntity
  8
SHE
100
AcDbTrace
 10
36219.14676434221
 20
36118.96757650439
 30
0.0
 11
36283.46271351399
 21
35924.09762919106
 31
0.0
 12
36220.52110256953
 22
35924.22190849407
 32
0.0
 13
36220.52110256953
 23
35924.22190849407
 33
0.0
  0
LINE
  5
126B
330
1F
100
AcDbEntity
  8
SHE
100
AcDbLine
 10
36219.14676434221
 20
36118.96757650439
 30
0.0
 11
36219.14676434221
 21
35307.18026540585
 31
0.0
  0
ARC
  5
126C
330
1F
100
AcDbEntity
  8
3G
 62
     1
100
AcDbCircle
 10
33747.68407792039
 20
35353.38292783936
 30
0.0
 40
1166.561256664741
100
AcDbArc
 50
58.14739386580431
 51
89.78815220889089
  0
LINE
  5
126D
330
1F
100
AcDbEntity
  8
LEOJ
100
AcDbLine
 10
34222.84443311114
 20
34933.09580409498
 30
0.0
 11
34222.84443311114
 21
36418.78792240605
 31
0.0
  0
ARC
  5
126E
330
1F
100
AcDbEntity
  8
3G
 62
     1
100
AcDbCircle
 10
34847.60298595019
 20
40238.33621047804
 30
0.0
 40
3924.064402984585
100
AcDbArc
 50
262.9108514943657
 51
288.5026849321889
  0
LINE
  5
126F
330
1F
100
AcDbEntity
  8
LEOJ
100
AcDbLine
 10
38264.53942031088
 20
36432.46177933523
 30
0.0
 11
38264.53942031088
 21
34933.09580409498
 31
0.0
  0
LINE
  5
1270
330
1F
100
AcDbEntity
  8
LEOJ
100
AcDbLine
 10
38834.59206375107
 20
34933.09580409498
 30
0.0
 11
38834.59206373478
 21
36414.21552933863
 31
0.0
  0
TEXT
  5
1271
330
1F
100
AcDbEntity
  8
TG
100
AcDbText
 10
18703.51917919097
 20
51339.97481194831
 30
0.0
 40
250.0
  1
ALONG THE SHORT SPAN
 41
0.8
  7
100cl
100
AcDbText
  0
TEXT
  5
1272
330
1F
100
AcDbEntity
  8
TM
100
AcDbText
 10
11107.64945241064
 20
52363.88407829608
 30
0.0
 40
200.0
  1
NOTE:
  7
140CL
100
AcDbText
  0
TEXT
  5
1273
330
1F
100
AcDbEntity
  8
TG
100
AcDbText
 10
12246.85898201354
 20
51494.3312348178
 30
0.0
 40
250.0
  1
0.5
 41
0.8
  7
100cl
100
AcDbText
  0
LINE
  5
1274
330
1F
100
AcDbEntity
  8
TG
100
AcDbLine
 10
11220.44081333792
 20
51551.1529182102
 30
0.0
 11
11557.96294228593
 21
51551.1529182102
 31
0.0
  0
TEXT
  5
1275
330
1F
100
AcDbEntity
  8
TG
100
AcDbText
 10
11290.46291418001
 20
51677.28167107625
 30
0.0
 40
250.0
  1
S
 41
0.8
  7
100cl
100
AcDbText
  0
TEXT
  5
1276
330
1F
100
AcDbEntity
  8
TG
100
AcDbText
 10
11290.46291418001
 20
51213.50176564831
 30
0.0
 40
250.0
  1
L
 41
0.8
  7
100cl
100
AcDbText
  0
TEXT
  5
1277
330
1F
100
AcDbEntity
  8
TG
100
AcDbText
 10
11798.88997842371
 20
51548.40985479526
 30
0.0
 40
250.0
  1
<
 41
0.8
  7
100cl
100
AcDbText
  0
LINE
  5
1278
330
1F
100
AcDbEntity
  8
TG
100
AcDbLine
 10
11841.61681797402
 20
51468.13388632092
 30
0.0
 11
12013.63383006211
 21
51468.13388632092
 31
0.0
  0
TEXT
  5
1279
330
1F
100
AcDbEntity
  8
TG
100
AcDbText
 10
14718.77611464867
 20
51019.97481194831
 30
0.0
 40
250.0
  1
(SEE SCHEDULE)
 41
0.8
  7
100cl
100
AcDbText
  0
TEXT
  5
127A
330
1F
100
AcDbEntity
  8
TG
100
AcDbText
 10
14718.77611464867
 20
51339.97481194831
 30
0.0
 40
250.0
  1
ALONG THE LONG SPAN
 41
0.8
  7
100cl
100
AcDbText
  0
TEXT
  5
127B
330
1F
100
AcDbEntity
  8
TG
100
AcDbText
 10
14718.77611464867
 20
51659.97481194831
 30
0.0
 40
250.0
  1
TOP BARS DISCONT.
 41
0.8
  7
100cl
100
AcDbText
  0
TEXT
  5
127C
330
1F
100
AcDbEntity
  8
TG
100
AcDbText
 10
19196.43476226646
 20
51019.97481194831
 30
0.0
 40
250.0
  1
(SEE SCHEDULE)
 41
0.8
  7
100cl
100
AcDbText
  0
TEXT
  5
127D
330
1F
100
AcDbEntity
  8
TG
100
AcDbText
 10
18698.13728928379
 20
51659.97481194831
 30
0.0
 40
250.0
  1
TOP BARS CONTINUOUS
 41
0.8
  7
100cl
100
AcDbText
  0
LINE
  5
127E
330
1F
100
AcDbEntity
  8
SHE
100
AcDbLine
 10
24065.3318428467
 20
51432.35896042332
 30
0.0
 11
22631.41404815018
 21
51432.35896042356
 31
0.0
  0
DIMENSION
  5
127F
330
1F
100
AcDbEntity
  8
TG
  6
Continuous
100
AcDbDimension
280
     0
  2
*D77
 10
21242.81088997843
 20
37127.25544573384
 30
0.0
 11
21748.02276337636
 21
37127.25544573384
 31
0.0
 70
    32
  1
COL\PSTRIP\XS/4
 71
     5
 42
1010.423746795859
 73
     0
 74
     0
 75
     0
  3
DIM75
100
AcDbAlignedDimension
 13
22253.23463677429
 23
36590.03295210883
 33
0.0
 14
21242.81088997843
 24
33501.24328605941
 34
0.0
 50
180.0
100
AcDbRotatedDimension
  0
DIMENSION
  5
1280
330
1F
100
AcDbEntity
  8
TG
  6
Continuous
100
AcDbDimension
280
     0
  2
*D78
 10
21242.81088997843
 20
37127.25544573384
 30
0.0
 11
20232.38714317442
 21
37127.25544573384
 31
0.0
 70
    32
  1
MIDDLE\PSTRIP\XS/2
 71
     5
 42
2020.847493608016
 73
     0
 74
     0
 75
     0
  3
DIM75
100
AcDbAlignedDimension
 13
19221.96339637041
 23
33501.24328605941
 33
0.0
 14
21242.81088997843
 24
33501.24328605941
 34
0.0
100
AcDbRotatedDimension
  0
DIMENSION
  5
1281
330
1F
100
AcDbEntity
  8
TG
  6
Continuous
100
AcDbDimension
280
     0
  2
*D79
 10
19221.96339637041
 20
37127.25544573384
 30
0.0
 11
18716.75152297248
 21
37127.25544573384
 31
0.0
 70
    32
  1
COL\PSTRIP\XS/4
 71
     5
 42
1010.423746795859
 73
     0
 74
     0
 75
     0
  3
DIM75
100
AcDbAlignedDimension
 13
18211.53964957455
 23
36617.83554145362
 33
0.0
 14
19221.96339637041
 24
33501.24328605941
 34
0.0
100
AcDbRotatedDimension
  0
DIMENSION
  5
1282
330
1F
100
AcDbEntity
  8
TG
  6
Continuous
100
AcDbDimension
280
     0
  2
*D80
 10
22253.23463677429
 20
37895.90326478955
 30
0.0
 11
20232.38714317442
 21
38082.5104076467
 31
0.0
 70
    32
  1
SHORT CLEAR SPAN "S"
 71
     5
 42
4041.694987199735
 73
     0
 74
     0
 75
     0
  3
DIM75
100
AcDbAlignedDimension
 13
18211.53964957455
 23
36617.83554145362
 33
0.0
 14
22253.23463677429
 24
36590.03295210883
 34
0.0
100
AcDbRotatedDimension
  0
DIMENSION
  5
1283
330
1F
100
AcDbEntity
  8
TG
  6
Continuous
100
AcDbDimension
280
     0
  2
*D81
 10
27005.89608006878
 20
24616.49786879047
 30
0.0
 11
27777.90311969444
 21
24616.49786879047
 31
0.0
 70
    32
  1
COL\PSTRIP\X S/4
 71
     5
 42
1544.014079251327
 73
     0
 74
     0
 75
     0
  3
DIM75
100
AcDbAlignedDimension
 13
28549.9101593201
 23
21974.08424121857
 33
0.0
 14
27005.89608006878
 24
22474.54198035057
 34
0.0
 50
180.0
100
AcDbRotatedDimension
  0
LINE
  5
1284
330
1F
100
AcDbEntity
  8
SHE
100
AcDbLine
 10
30974.26885792474
 20
22559.69264513481
 30
0.0
 11
30974.26885792474
 21
24108.29711223295
 31
0.0
  0
TEXT
  5
1285
330
1F
100
AcDbEntity
  8
TG
100
AcDbText
 10
32039.02387577528
 20
23696.3411415873
 30
0.0
 40
200.0
  1
(CONTINUOUS)
  7
100cl
100
AcDbText
  0
LINE
  5
1286
330
1F
100
AcDbEntity
  8
SHE
100
AcDbLine
 10
29851.47117169434
 20
22559.69264513481
 30
0.0
 11
29851.47117169434
 21
24108.29711223295
 31
0.0
  0
LINE
  5
1287
330
1F
100
AcDbEntity
  8
4C
100
AcDbLine
 10
27005.89608006878
 20
22474.54198035057
 30
0.0
 11
31277.37117035082
 21
22474.54198035057
 31
0.0
  0
CIRCLE
  5
1288
330
1F
100
AcDbEntity
  8
SHE
100
AcDbCircle
 10
29851.47117169434
 20
22420.72043592454
 30
0.0
 40
138.9722091977482
  0
LINE
  5
1289
330
1F
100
AcDbEntity
  8
3G
100
AcDbLine
 10
29488.26842013141
 20
21974.08424121857
 30
0.0
 11
32821.64197919471
 21
21974.08424121857
 31
0.0
  0
DIMENSION
  5
128A
330
1F
100
AcDbEntity
  8
TG
  6
Continuous
100
AcDbDimension
280
     0
  2
*D82
 10
27295.78808795102
 20
20079.43118759681
 30
0.0
 11
27922.84912363556
 21
20297.28833045395
 31
0.0
 70
    32
  1
S/5
 71
     5
 42
1254.122071369085
 73
     0
 74
     0
 75
     0
  3
DIM75
100
AcDbAlignedDimension
 13
28549.9101593201
 23
21332.47433704714
 33
0.0
 14
27295.78808795102
 24
22099.19867600146
 34
0.0
 50
180.0
100
AcDbRotatedDimension
  0
TEXT
  5
128B
330
1F
100
AcDbEntity
  8
TG
100
AcDbText
 10
25311.09869511984
 20
20977.7837308796
 30
0.0
 40
200.0
  1
 MIDDLE STRIP
  7
100cl
100
AcDbText
  0
LINE
  5
128C
330
1F
100
AcDbEntity
  8
TG
  6
Continuous
100
AcDbLine
 10
25214.66900656046
 20
22154.05133475101
 30
0.0
 11
25214.66900656046
 21
19436.75137318246
 31
0.0
  0
LINE
  5
128D
330
1F
100
AcDbEntity
  8
SHE
100
AcDbLine
 10
25214.66900656046
 20
19436.75137318246
 30
0.0
 11
24371.08511530794
 21
19436.75137318269
 31
0.0
  0
INSERT
  5
128E
330
1F
100
AcDbEntity
  8
TG
  6
Continuous
100
AcDbBlockReference
  2
arrow1
 10
28600.82184756594
 20
20533.62498263613
 30
0.0
 41
-120.0
 42
120.0
 43
120.0
 50
180.0
1001
AEC_XDATA_BOUND_SPACE
1070
   100
1070
     1
  0
LINE
  5
128F
330
1F
100
AcDbEntity
  8
SHE
100
AcDbLine
 10
28549.9101593201
 20
20533.62498263613
 30
0.0
 11
29946.39438334666
 21
20533.62498263613
 31
0.0
  0
LWPOLYLINE
  5
1290
330
1F
100
AcDbEntity
  8
3G
100
AcDbPolyline
 90
        2
 70
     1
 43
46.91791304283746
 10
27111.34580176184
 20
22420.72043592454
 42
-1.0
 10
27064.42788873706
 20
22420.72043592454
 42
-1.0
  0
TEXT
  5
1291
330
1F
100
AcDbEntity
  8
TG
100
AcDbText
 10
25509.09362128004
 20
21298.44478501863
 30
0.0
 40
200.0
  1
BOTTOM BARS @
  7
100cl
100
AcDbText
  0
LWPOLYLINE
  5
1292
330
1F
100
AcDbEntity
  8
3G
100
AcDbPolyline
 90
        2
 70
     1
 43
46.91791304283746
 10
26982.70673970506
 20
22154.05133475101
 42
1.0
 10
27029.62465272984
 20
22154.05133475101
 42
1.0
  0
CIRCLE
  5
1293
330
1F
100
AcDbEntity
  8
SHE
100
AcDbCircle
 10
25074.18101770477
 20
22154.05133475101
 30
0.0
 40
140.4879888555807
  0
LWPOLYLINE
  5
1294
330
1F
100
AcDbEntity
  8
3G
100
AcDbPolyline
 90
        2
 70
     1
 43
46.91791304283746
 10
25050.72206122335
 20
22154.05133475101
 42
1.0
 10
25097.63997424813
 20
22154.05133475101
 42
1.0
  0
LWPOLYLINE
  5
1295
330
1F
100
AcDbEntity
  8
3G
100
AcDbPolyline
 90
        2
 70
     1
 43
46.91791304283746
 10
25676.29423512332
 20
22154.05133475101
 42
1.0
 10
25723.21214819373
 20
22154.05133475101
 42
1.0
  0
LWPOLYLINE
  5
1296
330
1F
100
AcDbEntity
  8
3G
100
AcDbPolyline
 90
        2
 70
     1
 43
46.91791304283746
 10
26301.86640900839
 20
22154.05133475101
 42
1.0
 10
26348.78432207834
 20
22154.05133475101
 42
1.0
  0
LWPOLYLINE
  5
1297
330
1F
100
AcDbEntity
  8
3G
100
AcDbPolyline
 90
        2
 70
     1
 43
46.91791304283746
 10
24425.14988729265
 20
22154.05133475101
 42
1.0
 10
24472.06780036306
 20
22154.05133475101
 42
1.0
  0
LINE
  5
1298
330
1F
100
AcDbEntity
  8
SHE
100
AcDbLine
 10
28986.74890818167
 20
21389.30449099437
 30
0.0
 11
28229.64483469399
 21
21389.30449099437
 31
0.0
  0
LINE
  5
1299
330
1F
100
AcDbEntity
  8
SHE
100
AcDbLine
 10
28986.74890818167
 20
22154.05133475101
 30
0.0
 11
28986.74890818167
 21
21389.30449099437
 31
0.0
  0
LINE
  5
129A
330
1F
100
AcDbEntity
  8
SHE
100
AcDbLine
 10
28936.23803326534
 20
22154.05133475101
 30
0.0
 11
28986.74890818167
 21
22154.05133475101
 31
0.0
  0
LINE
  5
129B
330
1F
100
AcDbEntity
  8
SHE
100
AcDbLine
 10
28936.23803326534
 20
21972.05513398902
 30
0.0
 11
28936.23803326534
 21
22154.05133475101
 31
0.0
  0
LINE
  5
129C
330
1F
100
AcDbEntity
  8
SHE
100
AcDbLine
 10
29023.34278906556
 20
21972.05513398902
 30
0.0
 11
28936.23803326534
 21
21972.05513398902
 31
0.0
  0
LINE
  5
129D
330
1F
100
AcDbEntity
  8
SHE
100
AcDbLine
 10
29023.34278906556
 20
21957.12412211968
 30
0.0
 11
29023.34278906556
 21
21972.05513398902
 31
0.0
  0
LINE
  5
129E
330
1F
100
AcDbEntity
  8
SHE
100
AcDbLine
 10
28923.79449672671
 20
21957.12412211968
 30
0.0
 11
29023.34278906556
 21
21957.12412211968
 31
0.0
  0
LWPOLYLINE
  5
129F
330
1F
100
AcDbEntity
  8
3G
100
AcDbPolyline
 90
        2
 70
     1
 43
46.91791304283746
 10
28134.25482051307
 20
22420.72043592454
 42
-1.0
 10
28087.33690748829
 20
22420.72043592454
 42
-1.0
  0
LINE
  5
12A0
330
1F
100
AcDbEntity
  8
4C
100
AcDbLine
 10
27295.78808795102
 20
22099.19867600146
 30
0.0
 11
27516.39712130931
 21
22319.80770939001
 31
0.0
  0
LWPOLYLINE
  5
12A1
330
1F
100
AcDbEntity
  8
3G
100
AcDbPolyline
 90
        2
 70
     1
 43
46.91791304283746
 10
29828.01221519755
 20
22420.72043592454
 42
1.0
 10
29874.9301282675
 20
22420.72043592454
 42
1.0
  0
LINE
  5
12A2
330
1F
100
AcDbEntity
  8
3G
100
AcDbLine
 10
29488.26842013141
 20
21230.90000966628
 30
0.0
 11
29488.26842013141
 21
21974.08424121857
 31
0.0
  0
LWPOLYLINE
  5
12A3
330
1F
100
AcDbEntity
  8
3G
100
AcDbPolyline
 90
        2
 70
     1
 43
46.91791304283746
 10
29515.24314944865
 20
22154.05133475101
 42
1.0
 10
29562.16106247343
 20
22154.05133475101
 42
1.0
  0
LINE
  5
12A4
330
1F
100
AcDbEntity
  8
3G
 62
     1
100
AcDbLine
 10
28815.25241014501
 20
21341.35823851655
 30
0.0
 11
29144.51205738448
 21
21351.34135174117
 31
0.0
  0
LINE
  5
12A5
330
1F
100
AcDbEntity
  8
3G
100
AcDbLine
 10
28549.9101593201
 20
21974.08424121857
 30
0.0
 11
28549.9101593201
 21
21230.90000966628
 31
0.0
  0
LINE
  5
12A6
330
1F
100
AcDbEntity
  8
3G
 62
     1
100
AcDbLine
 10
28549.9101593201
 20
21230.90000966628
 30
0.0
 11
28815.25241014501
 21
21241.52710642194
 31
0.0
  0
LINE
  5
12A7
330
1F
100
AcDbEntity
  8
3G
 62
     1
100
AcDbLine
 10
28815.25241014501
 20
21241.52710642194
 30
0.0
 11
28815.25241014501
 21
21341.35823851655
 31
0.0
  0
LWPOLYLINE
  5
12A8
330
1F
100
AcDbEntity
  8
3G
100
AcDbPolyline
 90
        2
 70
     1
 43
46.91791304283746
 10
28522.93543000333
 20
22154.05133475101
 42
-1.0
 10
28476.01751691802
 20
22154.05133475101
 42
-1.0
  0
LINE
  5
12A9
330
1F
100
AcDbEntity
  8
3G
 62
     1
100
AcDbLine
 10
29144.51205738448
 20
21351.34135174117
 30
0.0
 11
29157.01558832824
 21
21251.51021963143
 31
0.0
  0
LINE
  5
12AA
330
1F
100
AcDbEntity
  8
3G
 62
     1
100
AcDbLine
 10
29157.01558832824
 20
21251.51021963143
 30
0.0
 11
29488.26842013141
 21
21230.90000966628
 31
0.0
  0
LWPOLYLINE
  5
12AB
330
1F
100
AcDbEntity
  8
3G
100
AcDbPolyline
 90
        2
 70
     1
 43
46.91791304283746
 10
27800.60741663259
 20
22154.05133475101
 42
-1.0
 10
27753.68950356264
 20
22154.05133475101
 42
-1.0
  0
TEXT
  5
12AC
330
1F
100
AcDbEntity
  8
TG
100
AcDbText
 10
30103.38952842355
 20
20917.11562524334
 30
0.0
 40
200.0
  1
BOTTOM BAR SHALL BE
  7
100cl
100
AcDbText
  0
TEXT
  5
12AD
330
1F
100
AcDbEntity
  8
TG
100
AcDbText
 10
30103.38952842355
 20
19957.11562524334
 30
0.0
 40
200.0
  1
FACE SUPPORTING MEMBER
  7
100cl
100
AcDbText
  0
TEXT
  5
12AE
330
1F
100
AcDbEntity
  8
TG
100
AcDbText
 10
30103.38952842355
 20
20277.11562524334
 30
0.0
 40
200.0
  1
@ DISTANCE S/5 FROM THE
  7
100cl
100
AcDbText
  0
TEXT
  5
12AF
330
1F
100
AcDbEntity
  8
TG
100
AcDbText
 10
30103.38952842355
 20
20597.11562524334
 30
0.0
 40
200.0
  1
CUT-OFF W/ RATIO 1 OF 3
  7
100cl
100
AcDbText
  0
LWPOLYLINE
  5
12B0
330
1F
100
AcDbEntity
  8
3G
 62
     1
100
AcDbPolyline
 90
        6
 70
     0
 43
0.0
 10
32821.64197919518
 20
22599.65641513368
 10
32824.43738488387
 20
22422.08107119723
 10
32778.14996985905
 20
22412.82559014688
 10
32774.29268529546
 20
22199.94952593994
 10
32816.72281571105
 20
22199.94952593994
 10
32821.64197919518
 20
21974.08424121857
  0
LWPOLYLINE
  5
12B1
330
1F
100
AcDbEntity
  8
3G
100
AcDbPolyline
 90
        2
 70
     1
 43
46.91791304283746
 10
32259.69827455282
 20
22154.05133475101
 42
1.0
 10
32306.6161875776
 20
22154.05133475101
 42
1.0
  0
CIRCLE
  5
12B2
330
1F
100
AcDbEntity
  8
SHE
100
AcDbCircle
 10
30974.26885792474
 20
22420.72043592454
 30
0.0
 40
138.9722091977482
  0
LWPOLYLINE
  5
12B3
330
1F
100
AcDbEntity
  8
3G
100
AcDbPolyline
 90
        2
 70
     1
 43
46.91791304283746
 10
30950.80990136648
 20
22420.72043592454
 42
1.0
 10
30997.72781443689
 20
22420.72043592454
 42
1.0
  0
LWPOLYLINE
  5
12B4
330
1F
100
AcDbEntity
  8
3G
100
AcDbPolyline
 90
        2
 70
     1
 43
46.91791304283746
 10
31008.55392672215
 20
22154.05133475101
 42
1.0
 10
31055.47183974693
 20
22154.05133475101
 42
1.0
  0
LWPOLYLINE
  5
12B5
330
1F
100
AcDbEntity
  8
3G
100
AcDbPolyline
 90
        2
 70
     1
 43
46.91791304283746
 10
31634.12610060722
 20
22154.05133475101
 42
1.0
 10
31681.044013632
 20
22154.05133475101
 42
1.0
  0
LWPOLYLINE
  5
12B6
330
1F
100
AcDbEntity
  8
3G
100
AcDbPolyline
 90
        2
 70
     1
 43
46.91791304283746
 10
30237.57116281893
 20
22154.05133475101
 42
1.0
 10
30284.48907588935
 20
22154.05133475101
 42
1.0
  0
LINE
  5
12B7
330
1F
100
AcDbEntity
  8
4C
100
AcDbLine
 10
30742.39049148513
 20
22099.19867600146
 30
0.0
 11
30521.78145812731
 21
22319.80770939001
 31
0.0
  0
LINE
  5
12B8
330
1F
100
AcDbEntity
  8
SHE
100
AcDbLine
 10
29851.47117169434
 20
24108.29711223295
 30
0.0
 11
31978.37920093164
 21
24108.29711223295
 31
0.0
  0
TEXT
  5
12B9
330
1F
100
AcDbEntity
  8
TG
100
AcDbText
 10
32039.02387577528
 20
24017.00219572632
 30
0.0
 40
200.0
  1
2%%C10 TIE BAR 
  7
100cl
100
AcDbText
  0
ARC
  5
12BA
330
1F
100
AcDbEntity
  8
3G
 62
     1
100
AcDbCircle
 10
17736.3792943838
 20
35552.43054688693
 30
0.0
 40
1166.561256664741
100
AcDbArc
 50
58.14739386580431
 51
89.78815220889089
  0
ARC
  5
12BB
330
1F
100
AcDbEntity
  8
3G
 62
     1
100
AcDbCircle
 10
17736.3792943838
 20
27566.82592899137
 30
0.0
 40
1166.561256664741
100
AcDbArc
 50
58.14739386580431
 51
89.78815220889089
  0
LINE
  5
12BC
330
1F
100
AcDbEntity
  8
4C
100
AcDbLine
 10
17081.57988378079
 20
33551.66703286342
 30
0.0
 11
17081.57988378079
 21
31530.81953925541
 31
0.0
  0
LINE
  5
12BD
330
1F
100
AcDbEntity
  8
4C
100
AcDbLine
 10
16761.57988378079
 20
34700.44000199711
 30
0.0
 11
16761.57988378079
 21
30382.05407698074
 31
0.0
  0
LINE
  5
12BE
330
1F
100
AcDbEntity
  8
4C
100
AcDbLine
 10
16441.57988378079
 20
34700.44000199711
 30
0.0
 11
16441.57988378079
 21
30382.05407698074
 31
0.0
  0
LINE
  5
12BF
330
1F
100
AcDbEntity
  8
4C
100
AcDbLine
 10
16121.57988378079
 20
33551.66703286342
 30
0.0
 11
16121.57988378079
 21
31530.81953925541
 31
0.0
  0
LINE
  5
12C0
330
1F
100
AcDbEntity
  8
4C
100
AcDbLine
 10
15801.57988378079
 20
34700.44000199711
 30
0.0
 11
15801.57988378079
 21
30382.05407698074
 31
0.0
  0
DIMENSION
  5
12C1
330
1F
100
AcDbEntity
  8
TG
  6
Continuous
100
AcDbDimension
280
     0
  2
*D72
 10
12568.51338212248
 20
33551.66703286344
 30
0.0
 11
12568.51338212248
 21
32541.24328605942
 31
0.0
 70
    32
  1
MIDDLE\PSTRIP\XL/2
 71
     5
 42
2020.84749360802
 73
     0
 74
     0
 75
     0
  3
DIM75
100
AcDbAlignedDimension
 13
15161.57988378079
 23
31530.81953925541
 33
0.0
 14
15161.57988378079
 24
33551.66703286342
 34
0.0
 50
90.0
100
AcDbRotatedDimension
  0
DIMENSION
  5
12C2
330
1F
100
AcDbEntity
  8
TG
  6
Continuous
100
AcDbDimension
280
     0
  2
*D73
 10
11581.26998946825
 20
34562.09077966744
 30
0.0
 11
11394.66284661111
 21
32541.24328605942
 31
0.0
 70
    32
  1
LONG CLEAR SPAN "L"
 71
     5
 42
4041.694987216036
 73
     0
 74
     0
 75
     0
  3
DIM75
100
AcDbAlignedDimension
 13
13720.05683572776
 23
30520.3957924514
 33
0.0
 14
13720.05683572776
 24
34562.09077966743
 34
0.0
 50
90.0
100
AcDbRotatedDimension
  0
LINE
  5
12C3
330
1F
100
AcDbEntity
  8
LEOJ
100
AcDbLine
 10
17641.48700608266
 20
34562.09077966743
 30
0.0
 11
17641.48700608266
 21
30520.3957924514
 31
0.0
  0
LINE
  5
12C4
330
1F
100
AcDbEntity
  8
LEOJ
100
AcDbLine
 10
14290.10947915073
 20
30520.3957924514
 30
0.0
 11
14290.10947915073
 21
34562.09077966743
 31
0.0
  0
LINE
  5
12C5
330
1F
100
AcDbEntity
  8
LEOJ
100
AcDbLine
 10
14290.10947915073
 20
34562.09077966743
 30
0.0
 11
14290.10947915073
 21
30520.3957924514
 31
0.0
  0
LINE
  5
12C6
330
1F
100
AcDbEntity
  8
3G
100
AcDbLine
 10
13720.05683572776
 20
36365.83933997637
 30
0.0
 11
13720.05683572776
 21
28380.23472206405
 31
0.0
  0
LINE
  5
12C7
330
1F
100
AcDbEntity
  8
4C
100
AcDbLine
 10
15481.57988378079
 20
34700.44000199711
 30
0.0
 11
15481.57988378079
 21
30382.05407698074
 31
0.0
  0
LINE
  5
12C8
330
1F
100
AcDbEntity
  8
4C
100
AcDbLine
 10
15161.57988378079
 20
33551.66703286342
 30
0.0
 11
15161.57988378079
 21
31530.81953925541
 31
0.0
  0
LINE
  5
12C9
330
1F
100
AcDbEntity
  8
4C
100
AcDbLine
 10
14841.57988378079
 20
34700.44000199687
 30
0.0
 11
14841.57988378079
 21
30382.05407698074
 31
0.0
  0
ARC
  5
12CA
330
1F
100
AcDbEntity
  8
3G
 62
     1
100
AcDbCircle
 10
53643.96778807695
 20
30803.49898123386
 30
0.0
 40
13689.79140755459
100
AcDbArc
 50
170.8091093202436
 51
188.2351709285644
  0
DIMENSION
  5
12CB
330
1F
100
AcDbEntity
  8
TG
  6
Continuous
100
AcDbDimension
280
     0
  2
*D74
 10
12568.51338212248
 20
31530.81953925542
 30
0.0
 11
12568.51338212248
 21
31025.6076658534
 31
0.0
 70
    32
  1
COL\PSTRIP\XL/4
 71
     5
 42
1010.423746804008
 73
     0
 74
     0
 75
     0
  3
DIM75
100
AcDbAlignedDimension
 13
13720.05683572776
 23
30520.3957924514
 33
0.0
 14
15161.57988378079
 24
31530.81953925541
 34
0.0
 50
90.0
100
AcDbRotatedDimension
  0
ARC
  5
12CC
330
1F
100
AcDbEntity
  8
3G
 62
     1
100
AcDbCircle
 10
39751.78484116355
 20
28710.64474786673
 30
0.0
 40
368.0314621734858
100
AcDbArc
 50
253.0155239522401
 51
21.01434618911288
  0
LINE
  5
12CD
330
1F
100
AcDbEntity
  8
LEOJ
100
AcDbLine
 10
17641.48700608266
 20
29950.34314897628
 30
0.0
 11
17641.48700608266
 21
28732.33052108594
 31
0.0
  0
LINE
  5
12CE
330
1F
100
AcDbEntity
  8
LEOJ
100
AcDbLine
 10
14290.10947915073
 20
28362.8751693868
 30
0.0
 11
14290.10947915073
 21
29950.34314897628
 31
0.0
  0
LWPOLYLINE
  5
12CF
330
1F
100
AcDbEntity
  8
3G
 62
     1
100
AcDbPolyline
 90
        3
 70
     0
 43
0.0
 10
13720.05683572683
 20
28380.23472206382
 42
0.0505149488049964
 10
17049.14860481489
 20
28557.71298809274
 42
-0.1389352000743139
 10
17740.69257623609
 20
28733.37921158917
 42
0.126363848361729
  0
LINE
  5
12D0
330
1F
100
AcDbEntity
  8
LEOJ
100
AcDbLine
 10
14290.10947915073
 20
29950.34314897628
 30
0.0
 11
17641.48700608266
 21
29950.34314897628
 31
0.0
  0
LINE
  5
12D1
330
1F
100
AcDbEntity
  8
LEOJ
100
AcDbLine
 10
17641.48700608266
 20
30520.3957924514
 30
0.0
 11
14290.10947915073
 21
30520.3957924514
 31
0.0
  0
DIMENSION
  5
12D2
330
1F
100
AcDbEntity
  8
TG
  6
Continuous
100
AcDbDimension
280
     0
  2
*D75
 10
12568.51338212248
 20
33551.66703286344
 30
0.0
 11
12568.51338212248
 21
34056.87890626543
 31
0.0
 70
    32
  1
COL\PSTRIP\XL/4
 71
     5
 42
1010.423746804008
 73
     0
 74
     0
 75
     0
  3
DIM75
100
AcDbAlignedDimension
 13
13720.05683572776
 23
34562.09077966743
 33
0.0
 14
15161.57988378079
 24
33551.66703286342
 34
0.0
 50
270.0
100
AcDbRotatedDimension
  0
LWPOLYLINE
  5
12D3
330
1F
100
AcDbEntity
  8
3G
 62
     1
100
AcDbPolyline
 90
        6
 70
     0
 43
0.0
 10
40147.51866705808
 20
34126.2363506527
 42
0.1231861934563112
 10
40105.65780851152
 20
33840.37998812174
 42
0.3376229123510904
 10
40328.91580953961
 20
33758.13430986711
 42
0.1064176932022261
 10
40384.73028756166
 20
33993.76634074206
 42
-0.3542587140494584
 10
40321.93897760519
 20
34140.18057910836
 42
0.687898619337971
 10
40147.51866705808
 20
34126.2363506527
 42
1.33626775222493
  0
ARC
  5
12D4
330
1F
100
AcDbEntity
  8
3G
 62
     1
100
AcDbCircle
 10
41277.29214057838
 20
34060.7626388268
 30
0.0
 40
1308.923744817805
100
AcDbArc
 50
158.2561520681532
 51
201.6548224705105
  0
ARC
  5
12D5
330
1F
100
AcDbEntity
  8
3G
 62
     1
100
AcDbCircle
 10
39845.62118526176
 20
33254.52263020881
 30
0.0
 40
388.2731813401389
100
AcDbArc
 50
317.0745278845784
 51
56.35411194654561
  0
ARC
  5
12D6
330
1F
100
AcDbEntity
  8
3G
 62
     1
100
AcDbCircle
 10
39436.39000320807
 20
34910.83722919988
 30
0.0
 40
723.9567172893755
100
AcDbArc
 50
329.7075582923097
 51
36.42825805142245
  0
ARC
  5
12D7
330
1F
100
AcDbEntity
  8
3G
 62
     1
100
AcDbCircle
 10
41394.12700742809
 20
35658.08560606995
 30
0.0
 40
1411.38190669127
100
AcDbArc
 50
151.407032974313
 51
192.994150643195
  0
LWPOLYLINE
  5
12D8
330
1F
100
AcDbEntity
  8
3G
 62
     1
100
AcDbPolyline
 90
        3
 70
     0
 43
0.0
 10
13720.05683572683
 20
36365.83933997637
 42
0.0505149488049964
 10
17049.14860481489
 20
36543.3176059883
 42
-0.1389352000743139
 10
17740.69257623609
 20
36718.98382948473
 42
0.126363848361729
  0
LINE
  5
12D9
330
1F
100
AcDbEntity
  8
LEOJ
100
AcDbLine
 10
17641.48700608266
 20
35132.14342314255
 30
0.0
 11
14290.10947915073
 21
35132.14342314255
 31
0.0
  0
LINE
  5
12DA
330
1F
100
AcDbEntity
  8
LEOJ
100
AcDbLine
 10
14290.10947915073
 20
34562.09077966743
 30
0.0
 11
17641.48700608266
 21
34562.09077966743
 31
0.0
  0
LINE
  5
12DB
330
1F
100
AcDbEntity
  8
LEOJ
100
AcDbLine
 10
14290.10947915073
 20
35132.14342314255
 30
0.0
 11
14290.10947915073
 21
36348.47978728235
 31
0.0
  0
LINE
  5
12DC
330
1F
100
AcDbEntity
  8
LEOJ
100
AcDbLine
 10
17641.48700608266
 20
36717.93513898127
 30
0.0
 11
17641.48700608266
 21
35132.14342314255
 31
0.0
  0
LINE
  5
12DD
330
1F
100
AcDbEntity
  8
4C
100
AcDbLine
 10
21512.38714317419
 20
34700.44000199711
 30
0.0
 11
21512.38714317419
 21
30382.05407698074
 31
0.0
  0
LINE
  5
12DE
330
1F
100
AcDbEntity
  8
4C
100
AcDbLine
 10
21832.38714317419
 20
34700.44000199711
 30
0.0
 11
21832.38714317419
 21
30382.05407698074
 31
0.0
  0
LINE
  5
12DF
330
1F
100
AcDbEntity
  8
4C
100
AcDbLine
 10
18632.38714317418
 20
34700.44000199711
 30
0.0
 11
18632.38714317418
 21
30382.05407698074
 31
0.0
  0
LINE
  5
12E0
330
1F
100
AcDbEntity
  8
4C
100
AcDbLine
 10
18952.38714317418
 20
34700.44000199711
 30
0.0
 11
18952.38714317418
 21
30382.05407698074
 31
0.0
  0
LINE
  5
12E1
330
1F
100
AcDbEntity
  8
4C
100
AcDbLine
 10
21192.38714317419
 20
33551.66703286342
 30
0.0
 11
21192.38714317419
 21
31530.81953925541
 31
0.0
  0
LINE
  5
12E2
330
1F
100
AcDbEntity
  8
4C
100
AcDbLine
 10
20872.38714317419
 20
34700.44000199711
 30
0.0
 11
20872.38714317419
 21
30382.05407698074
 31
0.0
  0
LINE
  5
12E3
330
1F
100
AcDbEntity
  8
4C
100
AcDbLine
 10
20552.38714317419
 20
34700.44000199711
 30
0.0
 11
20552.38714317419
 21
30382.05407698074
 31
0.0
  0
LINE
  5
12E4
330
1F
100
AcDbEntity
  8
4C
100
AcDbLine
 10
20232.38714317419
 20
33551.66703286342
 30
0.0
 11
20232.38714317419
 21
31530.81953925541
 31
0.0
  0
LINE
  5
12E5
330
1F
100
AcDbEntity
  8
4C
100
AcDbLine
 10
19912.38714317418
 20
34700.44000199711
 30
0.0
 11
19912.38714317418
 21
30382.05407698074
 31
0.0
  0
LINE
  5
12E6
330
1F
100
AcDbEntity
  8
4C
100
AcDbLine
 10
19592.38714317418
 20
34700.44000199711
 30
0.0
 11
19592.38714317418
 21
30382.05407698074
 31
0.0
  0
LINE
  5
12E7
330
1F
100
AcDbEntity
  8
4C
100
AcDbLine
 10
19272.38714317418
 20
33551.66703286342
 30
0.0
 11
19272.38714317418
 21
31530.81953925541
 31
0.0
  0
LINE
  5
12E8
330
1F
100
AcDbEntity
  8
LEOJ
100
AcDbLine
 10
18211.53964957455
 20
30520.3957924514
 30
0.0
 11
18211.53964957455
 21
34562.09077966743
 31
0.0
  0
LINE
  5
12E9
330
1F
100
AcDbEntity
  8
LEOJ
100
AcDbLine
 10
22823.28728019819
 20
30520.3957924514
 30
0.0
 11
22823.28728019819
 21
34562.09077965044
 31
0.0
  0
LINE
  5
12EA
330
1F
100
AcDbEntity
  8
LEOJ
100
AcDbLine
 10
22253.23463677429
 20
34562.09077966743
 30
0.0
 11
22253.23463677429
 21
30520.3957924514
 31
0.0
  0
ARC
  5
12EB
330
1F
100
AcDbEntity
  8
3G
 62
     1
100
AcDbCircle
 10
37632.66300454037
 20
31002.54660028167
 30
0.0
 40
13689.79140755459
100
AcDbArc
 50
170.8091093202436
 51
188.2351709285644
  0
LINE
  5
12EC
330
1F
100
AcDbEntity
  8
LEOJ
100
AcDbLine
 10
22823.28728019819
 20
29950.34314897628
 30
0.0
 11
23943.19566715136
 21
29950.34314897628
 31
0.0
  0
LINE
  5
12ED
330
1F
100
AcDbEntity
  8
LEOJ
100
AcDbLine
 10
23950.71358404867
 20
30520.3957924514
 30
0.0
 11
22823.28728019819
 21
30520.3957924514
 31
0.0
  0
ARC
  5
12EE
330
1F
100
AcDbEntity
  8
3G
 62
     1
100
AcDbCircle
 10
23740.48005762696
 20
28909.6923669143
 30
0.0
 40
368.0314621734858
100
AcDbArc
 50
253.0155239522401
 51
21.01434618911288
  0
LINE
  5
12EF
330
1F
100
AcDbEntity
  8
LEOJ
100
AcDbLine
 10
22823.28728019819
 20
28635.20510359289
 30
0.0
 11
22823.28728019819
 21
29950.34314897628
 31
0.0
  0
LINE
  5
12F0
330
1F
100
AcDbEntity
  8
LEOJ
100
AcDbLine
 10
22253.23463677429
 20
29950.34314897628
 30
0.0
 11
22253.23463677429
 21
28810.85365309165
 31
0.0
  0
LINE
  5
12F1
330
1F
100
AcDbEntity
  8
LEOJ
100
AcDbLine
 10
18211.53964957455
 20
28635.20510359289
 30
0.0
 11
18211.53964957455
 21
29950.34314897628
 31
0.0
  0
ARC
  5
12F2
330
1F
100
AcDbEntity
  8
3G
 62
     1
100
AcDbCircle
 10
25432.35591434129
 20
102101.1808572511
 30
0.0
 40
73565.47725346564
100
AcDbArc
 50
265.828928132479
 51
268.5984281083006
  0
ARC
  5
12F3
330
1F
100
AcDbEntity
  8
3G
 62
     1
100
AcDbCircle
 10
18836.29820241313
 20
32451.77921161306
 30
0.0
 40
3924.064402984585
100
AcDbArc
 50
262.9108514943657
 51
288.5026849321889
  0
LINE
  5
12F4
330
1F
100
AcDbEntity
  8
4C
100
AcDbLine
 10
22391.58385911212
 20
31261.24328605941
 30
0.0
 11
18073.19793409575
 21
31261.24328605941
 31
0.0
  0
LINE
  5
12F5
330
1F
100
AcDbEntity
  8
4C
100
AcDbLine
 10
22391.58385911212
 20
30941.24328605941
 30
0.0
 11
18073.19793409575
 21
30941.24328605941
 31
0.0
  0
LINE
  5
12F6
330
1F
100
AcDbEntity
  8
4C
100
AcDbLine
 10
21242.81088997843
 20
31581.24328605941
 30
0.0
 11
19221.96339637041
 21
31581.24328605941
 31
0.0
  0
LINE
  5
12F7
330
1F
100
AcDbEntity
  8
LEOJ
100
AcDbLine
 10
22253.23463677429
 20
30520.3957924514
 30
0.0
 11
18211.53964957455
 21
30520.3957924514
 31
0.0
  0
LINE
  5
12F8
330
1F
100
AcDbEntity
  8
LEOJ
100
AcDbLine
 10
18211.53964957455
 20
29950.34314897628
 30
0.0
 11
22253.23463677429
 21
29950.34314897628
 31
0.0
  0
ARC
  5
12F9
330
1F
100
AcDbEntity
  8
3G
 62
     1
100
AcDbCircle
 10
25432.35591434129
 20
110086.7854751466
 30
0.0
 40
73565.47725346564
100
AcDbArc
 50
265.828928132479
 51
268.9961898912799
  0
LINE
  5
12FA
330
1F
100
AcDbEntity
  8
LEOJ
100
AcDbLine
 10
24148.69967800332
 20
35132.14342314255
 30
0.0
 11
22823.28728019819
 21
35132.14342314255
 31
0.0
  0
LINE
  5
12FB
330
1F
100
AcDbEntity
  8
LEOJ
100
AcDbLine
 10
22823.28728019819
 20
34562.09077966743
 30
0.0
 11
23992.44589490583
 21
34562.09077966743
 31
0.0
  0
LINE
  5
12FC
330
1F
100
AcDbEntity
  8
4C
100
AcDbLine
 10
22391.58385911212
 20
34141.24328605941
 30
0.0
 11
18073.19793409575
 21
34141.24328605941
 31
0.0
  0
LINE
  5
12FD
330
1F
100
AcDbEntity
  8
4C
100
AcDbLine
 10
22391.58385911212
 20
33821.24328605941
 30
0.0
 11
18073.19793409575
 21
33821.24328605941
 31
0.0
  0
LINE
  5
12FE
330
1F
100
AcDbEntity
  8
4C
100
AcDbLine
 10
22391.58385911212
 20
31901.24328605941
 30
0.0
 11
18073.19793409575
 21
31901.24328605941
 31
0.0
  0
LINE
  5
12FF
330
1F
100
AcDbEntity
  8
4C
100
AcDbLine
 10
22391.58385911212
 20
32221.24328605942
 30
0.0
 11
18073.19793409575
 21
32221.24328605942
 31
0.0
  0
LINE
  5
1300
330
1F
100
AcDbEntity
  8
4C
100
AcDbLine
 10
21242.81088997843
 20
32541.24328605942
 30
0.0
 11
19221.96339637041
 21
32541.24328605942
 31
0.0
  0
LINE
  5
1301
330
1F
100
AcDbEntity
  8
4C
100
AcDbLine
 10
22391.58385911212
 20
32861.24328605942
 30
0.0
 11
18073.19793409575
 21
32861.24328605942
 31
0.0
  0
LINE
  5
1302
330
1F
100
AcDbEntity
  8
4C
100
AcDbLine
 10
22391.58385911212
 20
33181.24328605942
 30
0.0
 11
18073.19793409575
 21
33181.24328605942
 31
0.0
  0
LINE
  5
1303
330
1F
100
AcDbEntity
  8
4C
100
AcDbLine
 10
21242.81088997843
 20
33501.24328605941
 30
0.0
 11
19221.96339637041
 21
33501.24328605941
 31
0.0
  0
LINE
  5
1304
330
1F
100
AcDbEntity
  8
LEOJ
100
AcDbLine
 10
22253.23463677429
 20
35132.14342314255
 30
0.0
 11
18211.53964957455
 21
35132.14342314255
 31
0.0
  0
LINE
  5
1305
330
1F
100
AcDbEntity
  8
LEOJ
100
AcDbLine
 10
18211.53964957455
 20
34562.09077966743
 30
0.0
 11
22253.23463677429
 21
34562.09077966743
 31
0.0
  0
LINE
  5
1306
330
1F
100
AcDbEntity
  8
LEOJ
100
AcDbLine
 10
18211.53964957455
 20
35132.14342314255
 30
0.0
 11
18211.53964957455
 21
36617.83554145362
 31
0.0
  0
ARC
  5
1307
330
1F
100
AcDbEntity
  8
3G
 62
     1
100
AcDbCircle
 10
18836.29820241313
 20
40437.38382952561
 30
0.0
 40
3924.064402984585
100
AcDbArc
 50
262.9108514943657
 51
288.5026849321889
  0
LINE
  5
1308
330
1F
100
AcDbEntity
  8
LEOJ
100
AcDbLine
 10
22253.23463677429
 20
36631.5093983828
 30
0.0
 11
22253.23463677429
 21
35132.14342314255
 31
0.0
  0
LINE
  5
1309
330
1F
100
AcDbEntity
  8
LEOJ
100
AcDbLine
 10
22823.28728021449
 20
35132.14342314255
 30
0.0
 11
22823.28728019819
 21
36613.26314838621
 31
0.0
  0
LWPOLYLINE
  5
130A
330
1F
100
AcDbEntity
  8
3G
 62
     1
100
AcDbPolyline
 90
        6
 70
     0
 43
0.0
 10
24136.2138835215
 20
34325.28396970028
 42
0.1231861934563112
 10
24094.35302497493
 20
34039.42760716932
 42
0.3376229123510904
 10
24317.61102600303
 20
33957.18192891468
 42
0.1064176932022261
 10
24373.42550402507
 20
34192.81395978964
 42
-0.3542587140494584
 10
24310.63419406861
 20
34339.22819815617
 42
0.687898619337971
 10
24136.2138835215
 20
34325.28396970028
 42
1.33626775222493
  0
ARC
  5
130B
330
1F
100
AcDbEntity
  8
3G
 62
     1
100
AcDbCircle
 10
25265.9873570418
 20
34259.81025787437
 30
0.0
 40
1308.923744817805
100
AcDbArc
 50
158.2561520681532
 51
201.6548224705105
  0
ARC
  5
130C
330
1F
100
AcDbEntity
  8
3G
 62
     1
100
AcDbCircle
 10
23834.31640172517
 20
33453.57024925639
 30
0.0
 40
388.2731813401389
100
AcDbArc
 50
317.0745278845784
 51
56.35411194654561
  0
ARC
  5
130D
330
1F
100
AcDbEntity
  8
3G
 62
     1
100
AcDbCircle
 10
23425.08521967149
 20
35109.88484824746
 30
0.0
 40
723.9567172893755
100
AcDbArc
 50
329.7075582923097
 51
36.42825805142245
  0
ARC
  5
130E
330
1F
100
AcDbEntity
  8
3G
 62
     1
100
AcDbCircle
 10
25382.8222238915
 20
35857.13322511752
 30
0.0
 40
1411.38190669127
100
AcDbArc
 50
151.407032974313
 51
192.994150643195
  0
LINE
  5
130F
330
1F
100
AcDbEntity
  8
title
  6
PHANTOM
 62
     5
100
AcDbLine
 10
12839.60061618546
 20
45087.48285464261
 30
0.0
 11
24660.93720075348
 21
45087.48285464261
 31
0.0
  0
LINE
  5
1310
330
1F
100
AcDbEntity
  8
title
 62
     2
100
AcDbLine
 10
11028.94044440565
 20
45087.48285464261
 30
0.0
 11
12089.60061618546
 21
46148.14302642241
 31
0.0
  0
LWPOLYLINE
  5
1311
330
1F
100
AcDbEntity
  8
title
 62
     2
100
AcDbPolyline
 90
        5
 70
     1
 43
0.0
 10
12839.60061618546
 20
45087.48285464261
 10
13150.26078796526
 20
45087.48285464261
 10
12089.60061618546
 20
46148.14302642241
 10
11028.94044440565
 20
45087.48285464261
 10
11339.60061618546
 20
45087.48285464261
 42
-1.000000000000001
  0
LINE
  5
1312
330
1F
100
AcDbEntity
  8
title
 62
     2
100
AcDbLine
 10
13150.26078796526
 20
45087.48285464261
 30
0.0
 11
12089.60061618546
 21
46148.14302642241
 31
0.0
  0
HATCH
  5
1313
330
1F
100
AcDbEntity
  8
title
 62
     2
100
AcDbHatch
 10
0.0
 20
0.0
 30
0.0
210
0.0
220
0.0
230
1.0
  2
SOLID
 70
     1
 71
     0
 91
        3
 92
        7
 72
     1
 73
     1
 93
        3
 10
12089.60061618546
 20
46148.14302642241
 42
0.0
 10
11559.27053029556
 20
45617.81294053251
 42
-0.4142135623730946
 10
12619.93070207536
 20
45617.81294053251
 42
0.0
 97
        0
 92
        7
 72
     1
 73
     1
 93
        3
 10
11559.27053029556
 20
45617.81294053251
 42
0.0
 10
11028.94044440565
 20
45087.48285464261
 42
0.0
 10
11339.60061618546
 20
45087.48285464261
 42
-0.198912367379658
 97
        0
 92
        7
 72
     1
 73
     1
 93
        3
 10
12619.93070207536
 20
45617.81294053251
 42
-0.198912367379658
 10
12839.60061618546
 20
45087.48285464261
 42
0.0
 10
13150.26078796526
 20
45087.48285464261
 42
0.0
 97
        0
 75
     0
 76
     1
 47
0.0703282668411129
 98
        3
 10
11999.16471170541
 20
45942.54624012362
 10
11288.49477944663
 20
45232.230735911
 10
12892.77938899863
 20
45232.230735911
450
        0
451
        0
460
0.0
461
0.0
452
        0
462
0.0
453
        0
470

  0
SOLID
  5
1314
330
1F
100
AcDbEntity
  8
title
 62
     2
100
AcDbTrace
 10
24454.68720075349
 20
45087.48285464261
 30
0.0
 11
24660.93720075348
 21
45087.48285464261
 31
0.0
 12
24454.68720075349
 22
45087.48285464261
 32
0.0
 13
24660.93720075348
 23
45997.54969668638
 33
0.0
  0
LINE
  5
1315
330
1F
100
AcDbEntity
  8
title
 62
     2
100
AcDbLine
 10
24660.93720075348
 20
45931.23285464261
 30
0.0
 11
24454.68720075349
 21
45087.48285464261
 31
0.0
  0
LINE
  5
1316
330
1F
100
AcDbEntity
  8
title
 62
     2
100
AcDbLine
 10
24660.93720075348
 20
45087.48285464261
 30
0.0
 11
24660.93720075348
 21
45997.54969668638
 31
0.0
  0
INSERT
  5
1317
330
1F
100
AcDbEntity
  8
0
100
AcDbBlockReference
 66
     1
  2
A$C39B41007
 10
12089.60061618546
 20
45087.48285464261
 30
0.0
 41
100.0
 42
100.0
 43
100.0
1001
AEC_XDATA_BOUND_SPACE
1070
   100
1070
     1
  0
ATTRIB
  5
1318
330
1317
100
AcDbEntity
  8
title
 62
     5
100
AcDbText
 10
11855.22561618546
 20
45262.59719059983
 30
0.0
 40
328.125
  1
A1
  7
140CL
 72
     4
 11
12089.60061618546
 21
45426.65969059982
 31
0.0
100
AcDbAttribute
280
     0
  2
A
 70
     0
280
     0
  0
ATTRIB
  5
1319
330
1317
100
AcDbEntity
  8
title
 62
     2
100
AcDbText
 10
11463.14102846943
 20
44724.73740966076
 30
0.0
 40
234.375
  1
S-07
 41
0.6091381168951472
  7
S-TAKEN
 72
     5
 11
12027.40959657542
 21
44724.73740966076
 31
0.0
100
AcDbAttribute
280
     0
  2
S-1
 70
     0
280
     0
  0
ATTRIB
  5
131A
330
1317
100
AcDbEntity
  8
title
 62
     2
100
AcDbText
 10
12126.57552396785
 20
44724.73740966076
 30
0.0
 40
234.375
  1
S-07
 41
0.6045417933497085
  7
S-SHOWN
 72
     5
 11
12686.58633700386
 21
44724.73740966076
 31
0.0
100
AcDbAttribute
280
     0
  2
S-1
 70
     0
280
     0
  0
SEQEND
  5
131B
330
1317
100
AcDbEntity
  8
0
  0
TEXT
  5
131C
330
1F
100
AcDbEntity
  8
title
 62
     6
100
AcDbText
 10
34296.38171960134
 20
42689.52490010455
 30
0.0
 40
500.0
  1
S E C T I O N
 41
0.9
  7
ROMANS
100
AcDbText
  0
LINE
  5
131D
330
1F
100
AcDbEntity
  8
title
 62
     2
100
AcDbLine
 10
32109.13366568135
 20
42953.53464607655
 30
0.0
 11
33709.13366568135
 21
42953.53464607655
 31
0.0
  0
INSERT
  5
131E
330
1F
100
AcDbEntity
  8
title
100
AcDbBlockReference
 66
     1
  2
A$C6C0B0B06
 10
32109.13366568135
 20
42953.53464607655
 30
0.0
 41
100.0
 42
100.0
 43
100.0
  0
ATTRIB
  5
131F
330
131E
100
AcDbEntity
  8
title
 62
     5
100
AcDbText
 10
32523.41937996706
 20
43108.90421082771
 30
0.0
 40
450.0
  1
A2
  7
ROMANS
 72
     4
 11
32909.13366568135
 21
43333.90421082772
 31
0.0
100
AcDbAttribute
280
     0
  2
A
 70
     0
280
     0
  0
ATTRIB
  5
1320
330
131E
100
AcDbEntity
  8
title
 62
     2
100
AcDbText
 10
32080.91030087928
 20
42548.80854400218
 30
0.0
 40
250.0
  1
S-07
 41
0.7817904532896241
  7
ROMANS
 72
     5
 11
32853.39372496307
 21
42548.80854400218
 31
0.0
100
AcDbAttribute
280
     0
  2
S-1
 70
     0
280
     0
  0
ATTRIB
  5
1321
330
131E
100
AcDbEntity
  8
title
 62
     2
100
AcDbText
 10
32937.92959605157
 20
42548.80854400218
 30
0.0
 40
250.0
  1
S-07
 41
0.787759931719671
  7
ROMANS
 72
     5
 11
33716.31143334601
 21
42548.80854400218
 31
0.0
100
AcDbAttribute
280
     0
  2
S-1
 70
     0
280
     0
  0
SEQEND
  5
1322
330
131E
100
AcDbEntity
  8
title
  0
TEXT
  5
1323
330
1F
100
AcDbEntity
  8
title
 62
     6
100
AcDbText
 10
15367.64089064207
 20
26330.86033357232
 30
0.0
 40
500.0
  1
SHOWING BOTTOM BAR REINF.  
 41
0.9
  7
ROMANS
100
AcDbText
  0
LINE
  5
1324
330
1F
100
AcDbEntity
  8
title
 62
     2
100
AcDbLine
 10
13233.05534041626
 20
27014.88086683181
 30
0.0
 11
14833.05534041626
 21
27014.88086683181
 31
0.0
  0
INSERT
  5
1325
330
1F
100
AcDbEntity
  8
title
100
AcDbBlockReference
 66
     1
  2
A$C6C0B0B06
 10
13233.05534041626
 20
27014.88086683181
 30
0.0
 41
100.0
 42
100.0
 43
100.0
  0
ATTRIB
  5
1326
330
1325
100
AcDbEntity
  8
title
 62
     5
100
AcDbText
 10
13647.34105470198
 20
27170.25043158297
 30
0.0
 40
450.0
  1
B1
  7
ROMANS
 72
     4
 11
14033.05534041626
 21
27395.25043158297
 31
0.0
100
AcDbAttribute
280
     0
  2
A
 70
     0
280
     0
  0
ATTRIB
  5
1327
330
1325
100
AcDbEntity
  8
title
 62
     2
100
AcDbText
 10
13204.83197561418
 20
26610.1547647572
 30
0.0
 40
250.0
  1
S-07
 41
0.7817904532896241
  7
ROMANS
 72
     5
 11
13977.31539969798
 21
26610.1547647572
 31
0.0
100
AcDbAttribute
280
     0
  2
S-1
 70
     0
280
     0
  0
ATTRIB
  5
1328
330
1325
100
AcDbEntity
  8
title
 62
     2
100
AcDbText
 10
14061.85127078648
 20
26610.1547647572
 30
0.0
 40
250.0
  1
S-07
 41
0.787759931719671
  7
ROMANS
 72
     5
 11
14840.23310808092
 21
26610.1547647572
 31
0.0
100
AcDbAttribute
280
     0
  2
S-1
 70
     0
280
     0
  0
SEQEND
  5
1329
330
1325
100
AcDbEntity
  8
title
  0
TEXT
  5
132A
330
1F
100
AcDbEntity
  8
title
 62
     6
100
AcDbText
 10
17918.78587228153
 20
40815.28872406686
 30
0.0
 40
500.0
  1
P L A N
 41
0.9
  7
ROMANS
100
AcDbText
  0
LINE
  5
132B
330
1F
100
AcDbEntity
  8
title
 62
     2
100
AcDbLine
 10
15731.537818362
 20
41079.2984700391
 30
0.0
 11
17331.537818362
 21
41079.2984700391
 31
0.0
  0
INSERT
  5
132C
330
1F
100
AcDbEntity
  8
title
100
AcDbBlockReference
 66
     1
  2
A$C6C0B0B06
 10
15731.537818362
 20
41079.2984700391
 30
0.0
 41
100.0
 42
100.0
 43
100.0
  0
ATTRIB
  5
132D
330
132C
100
AcDbEntity
  8
title
 62
     5
100
AcDbText
 10
16210.10924693343
 20
41234.66803479026
 30
0.0
 40
450.0
  1
A1
  7
ROMANS
 72
     4
 11
16531.537818362
 21
41459.66803479026
 31
0.0
100
AcDbAttribute
280
     0
  2
A
 70
     0
280
     0
  0
ATTRIB
  5
132E
330
132C
100
AcDbEntity
  8
title
 62
     2
100
AcDbText
 10
15703.31445355993
 20
40674.57236796449
 30
0.0
 40
250.0
  1
S-07
 41
0.7817904532896241
  7
ROMANS
 72
     5
 11
16475.79787764372
 21
40674.57236796449
 31
0.0
100
AcDbAttribute
280
     0
  2
S-1
 70
     0
280
     0
  0
ATTRIB
  5
132F
330
132C
100
AcDbEntity
  8
title
 62
     2
100
AcDbText
 10
16560.33374873176
 20
40674.57236796449
 30
0.0
 40
250.0
  1
S-07
 41
0.7877599317201423
  7
ROMANS
 72
     5
 11
17338.71558602666
 21
40674.57236796449
 31
0.0
100
AcDbAttribute
280
     0
  2
S-1
 70
     0
280
     0
  0
SEQEND
  5
1330
330
132C
100
AcDbEntity
  8
title
  0
TEXT
  5
1331
330
1F
100
AcDbEntity
  8
title
 62
     2
100
AcDbText
 10
17436.14379112422
 20
15598.21603280556
 30
0.0
 40
250.0
  1
SCALE :
 41
0.9
  7
ROMANS
100
AcDbText
  0
TEXT
  5
1332
330
1F
100
AcDbEntity
  8
title
 62
     6
100
AcDbText
 10
17398.49236065801
 20
16201.34829972795
 30
0.0
 40
600.0
  1
TYPICAL TWO-WAY REINFORCED CONCRETE SLAB DETAIL
 41
0.9
  7
ROMANS
100
AcDbText
  0
LINE
  5
1333
330
1F
100
AcDbEntity
  8
title
 62
     2
100
AcDbLine
 10
15063.90681043221
 20
16026.74852048949
 30
0.0
 11
40574.14139853511
 21
16026.74852048949
 31
0.0
  0
TEXT
  5
1334
330
1F
100
AcDbEntity
  8
title
 62
     2
100
AcDbText
 10
38040.15031056671
 20
15598.21603280556
 30
0.0
 40
250.0
  1
NOT TO SCALE
 41
0.9
  7
ROMANS
 72
     2
 11
40536.57888199528
 21
15598.21603280556
 31
0.0
100
AcDbText
  0
INSERT
  5
1335
330
1F
100
AcDbEntity
  8
title
 62
     2
100
AcDbBlockReference
 66
     1
  2
CIR
 10
15063.90681043221
 20
16026.74852048949
 30
0.0
 41
100.0
 42
100.0
 43
100.0
1001
AEC_XDATA_BOUND_SPACE
1070
   100
1070
     1
  0
ATTRIB
  5
1336
330
1335
100
AcDbEntity
  8
title
 62
     5
100
AcDbText
 10
15828.19252471792
 20
16277.21047642844
 30
0.0
 40
450.0
  1
B
  7
ROMANS
 72
     4
 11
16063.9068104322
 21
16502.21047642844
 31
0.0
100
AcDbAttribute
280
     0
  2
A
 70
     0
280
     0
  0
ATTRIB
  5
1337
330
1335
100
AcDbEntity
  8
title
 62
     2
100
AcDbText
 10
15221.74846045067
 20
15558.93593807536
 30
0.0
 40
250.0
  1
S-07
 41
0.7817904532896243
  7
ROMANS
 72
     5
 11
15994.23188453447
 21
15558.93593807536
 31
0.0
100
AcDbAttribute
280
     0
  2
S-1
 70
     0
280
     0
  0
ATTRIB
  5
1338
330
1335
100
AcDbEntity
  8
title
 62
     2
100
AcDbText
 10
16099.9017233951
 20
15558.93593807536
 30
0.0
 40
250.0
  1
S-07
 41
0.7877599317196712
  7
ROMANS
 72
     5
 11
16878.28356068954
 21
15558.93593807536
 31
0.0
100
AcDbAttribute
280
     0
  2
S-1
 70
     0
280
     0
  0
SEQEND
  5
1339
330
1335
100
AcDbEntity
  8
0
  0
TEXT
  5
133A
330
1F
100
AcDbEntity
  8
title
 62
     6
100
AcDbText
 10
15367.64089064207
 20
27117.92921782675
 30
0.0
 40
500.0
  1
TYP. FRAMING PLAN OF TWO-WAY 
 41
0.9
  7
ROMANS
100
AcDbText
  0
LEADER
  5
133B
330
1F
100
AcDbEntity
  8
0
100
AcDbLeader
  3
DIM100
 76
     3
 10
15038.24316947302
 20
49304.21683020441
 30
0.0
 10
14311.05767966527
 20
49304.21683020441
 30
0.0
 10
14311.05767966527
 20
51786.82195052545
 30
0.0
1001
ACAD
1000
DSTYLE
1002
{
1070
   147
1040
1.0
1070
    77
1070
     0
1070
    40
1040
96.0
1002
}
  0
LINE
  5
133C
330
1F
100
AcDbEntity
  8
0
100
AcDbLine
 10
14311.05767966527
 20
51786.82195052545
 30
0.0
 11
14674.56756513659
 21
51786.82195052545
 31
0.0
  0
LEADER
  5
133D
330
1F
100
AcDbEntity
  8
0
100
AcDbLeader
  3
DIM100
 76
     3
 10
16785.08299237722
 20
44013.54248667945
 30
0.0
 10
18301.08107828442
 20
44013.54248667945
 30
0.0
 10
18301.08107828442
 20
42230.14769068959
 30
0.0
1001
ACAD
1000
DSTYLE
1002
{
1070
   147
1040
1.0
1070
    77
1070
     0
1070
    40
1040
96.0
1002
}
  0
LINE
  5
133E
330
1F
100
AcDbEntity
  8
0
100
AcDbLine
 10
18301.08107828442
 20
42230.14769068959
 30
0.0
 11
19274.65559034143
 21
42230.14769068959
 31
0.0
  0
LEADER
  5
133F
330
1F
100
AcDbEntity
  8
0
100
AcDbLeader
  3
DIM100
 76
     3
 10
23694.89842808154
 20
46658.06948550715
 30
0.0
 10
23694.89842808154
 20
51786.82195052545
 30
0.0
 10
22446.91111067357
 20
51786.82195052545
 30
0.0
1001
ACAD
1000
DSTYLE
1002
{
1070
   147
1040
1.0
1070
    77
1070
     0
1070
    40
1040
96.0
1002
}
  0
LEADER
  5
1340
330
1F
100
AcDbEntity
  8
0
100
AcDbLeader
  3
DIM100
 76
     3
 10
14259.72885402292
 20
46868.96008594305
 30
0.0
 10
14259.72885402292
 20
47796.07966865383
 30
0.0
 10
13378.83133233571
 20
47796.07966865383
 30
0.0
1001
ACAD
1000
DSTYLE
1002
{
1070
   147
1040
1.0
1070
    77
1070
     0
1070
    40
1040
96.0
1002
}
  0
LEADER
  5
1341
330
1F
100
AcDbEntity
  8
0
100
AcDbLeader
  3
DIM100
 76
     2
 10
28552.49435061962
 20
47936.85699122137
 30
0.0
 10
28552.49435061962
 20
50231.69293237588
 30
0.0
1001
ACAD
1000
DSTYLE
1002
{
1070
   147
1040
1.0
1070
    77
1070
     0
1070
    40
1040
96.0
1002
}
  0
LEADER
  5
1342
330
1F
100
AcDbEntity
  8
0
100
AcDbLeader
  3
DIM100
 76
     2
 10
30729.16032027313
 20
47561.51368688763
 30
0.0
 10
30729.16032027313
 20
46256.94675995241
 30
0.0
1001
ACAD
1000
DSTYLE
1002
{
1070
   147
1040
1.0
1070
    77
1070
     0
1070
    40
1040
96.0
1002
}
  0
LEADER
  5
1343
330
1F
100
AcDbEntity
  8
0
100
AcDbLeader
  3
DIM100
 76
     2
 10
38867.3956600693
 20
47561.51368688763
 30
0.0
 10
38867.3956600693
 20
46256.94675995194
 30
0.0
1001
ACAD
1000
DSTYLE
1002
{
1070
   147
1040
1.0
1070
    77
1070
     0
1070
    40
1040
96.0
1002
}
  0
LINE
  5
1344
330
1F
100
AcDbEntity
  8
title
  6
PHANTOM
 62
     5
100
AcDbLine
 10
40544.168026119
 20
31551.20300325955
 30
0.0
 11
29222.85309019498
 21
31551.20300325955
 31
0.0
  0
LINE
  5
1345
330
1F
100
AcDbEntity
  8
title
 62
     2
100
AcDbLine
 10
42354.82819789881
 20
31551.20300325955
 30
0.0
 11
41294.168026119
 21
32611.86317503935
 31
0.0
  0
LWPOLYLINE
  5
1346
330
1F
100
AcDbEntity
  8
title
 62
     2
100
AcDbPolyline
 90
        5
 70
     1
 43
0.0
 10
40544.168026119
 20
31551.20300325955
 10
40233.5078543392
 20
31551.20300325955
 10
41294.168026119
 20
32611.86317503935
 10
42354.82819789881
 20
31551.20300325955
 10
42044.168026119
 20
31551.20300325955
 42
1.000000000000001
  0
LINE
  5
1347
330
1F
100
AcDbEntity
  8
title
 62
     2
100
AcDbLine
 10
40233.5078543392
 20
31551.20300325955
 30
0.0
 11
41294.168026119
 21
32611.86317503935
 31
0.0
  0
HATCH
  5
1348
330
1F
100
AcDbEntity
  8
title
 62
     2
100
AcDbHatch
 10
0.0
 20
0.0
 30
0.0
210
0.0
220
0.0
230
1.0
  2
SOLID
 70
     1
 71
     0
 91
        3
 92
        7
 72
     1
 73
     1
 93
        3
 10
41294.168026119
 20
32611.86317503935
 42
0.0
 10
41824.4981120089
 20
32081.53308914945
 42
0.4142135623730946
 10
40763.8379402291
 20
32081.53308914945
 42
0.0
 97
        0
 92
        7
 72
     1
 73
     1
 93
        3
 10
41824.4981120089
 20
32081.53308914945
 42
0.0
 10
42354.82819789881
 20
31551.20300325955
 42
0.0
 10
42044.168026119
 20
31551.20300325955
 42
0.198912367379658
 97
        0
 92
        7
 72
     1
 73
     1
 93
        3
 10
40763.8379402291
 20
32081.53308914945
 42
0.198912367379658
 10
40544.168026119
 20
31551.20300325955
 42
0.0
 10
40233.5078543392
 20
31551.20300325955
 42
0.0
 97
        0
 75
     0
 76
     1
 47
0.0703282668411129
 98
        3
 10
41384.60393059905
 20
32406.26638874056
 10
42095.2738628583
 20
31695.9508845277
 10
40490.98925330583
 20
31695.9508845277
450
        0
451
        0
460
0.0
461
0.0
452
        0
462
0.0
453
        0
470

  0
SOLID
  5
1349
330
1F
100
AcDbEntity
  8
title
 62
     2
100
AcDbTrace
 10
29429.10309019499
 20
31551.20300325955
 30
0.0
 11
29222.85309019498
 21
31551.20300325955
 31
0.0
 12
29429.10309019499
 22
31551.20300325955
 32
0.0
 13
29222.85309019498
 23
32461.26984530309
 33
0.0
  0
LINE
  5
134A
330
1F
100
AcDbEntity
  8
title
 62
     2
100
AcDbLine
 10
29222.85309019498
 20
32394.95300325955
 30
0.0
 11
29429.10309019499
 21
31551.20300325955
 31
0.0
  0
LINE
  5
134B
330
1F
100
AcDbEntity
  8
title
 62
     2
100
AcDbLine
 10
29222.85309019498
 20
31551.20300325955
 30
0.0
 11
29222.85309019498
 21
32461.26984530309
 31
0.0
  0
INSERT
  5
134C
330
1F
100
AcDbEntity
  8
0
100
AcDbBlockReference
 66
     1
  2
A$C39B41007
 10
41294.168026119
 20
31551.20300325955
 30
0.0
 41
-100.0
 42
100.0
 43
100.0
1001
AEC_XDATA_BOUND_SPACE
1070
   100
1070
     1
  0
ATTRIB
  5
134D
330
134C
100
AcDbEntity
  8
title
 62
     5
100
AcDbText
 10
40966.04302611901
 20
31726.31733921654
 30
0.0
 40
328.125
  1
B3
  7
140CL
 72
     4
 11
41294.168026119
 21
31890.37983921653
 31
0.0
100
AcDbAttribute
280
     0
  2
A
 70
     0
280
     0
  0
ATTRIB
  5
134E
330
134C
100
AcDbEntity
  8
title
 62
     2
100
AcDbText
 10
41356.3590457295
 20
31188.45755827724
 30
0.0
 40
234.375
  1
S-07
 41
0.6091381168951472
  7
S-TAKEN
 72
     5
 11
41920.6276138355
 21
31188.45755827724
 31
0.0
100
AcDbAttribute
280
     0
  2
S-1
 70
     0
280
     0
  0
ATTRIB
  5
134F
330
134C
100
AcDbEntity
  8
title
 62
     2
100
AcDbText
 10
40697.18230530107
 20
31188.45755827724
 30
0.0
 40
234.375
  1
S-07
 41
0.6045417933492058
  7
S-SHOWN
 72
     5
 11
41257.19311833661
 21
31188.45755827724
 31
0.0
100
AcDbAttribute
280
     0
  2
S-1
 70
     0
280
     0
  0
SEQEND
  5
1350
330
134C
100
AcDbEntity
  8
0
  0
LINE
  5
1351
330
1F
100
AcDbEntity
  8
title
  6
PHANTOM
 62
     5
100
AcDbLine
 10
24532.86324258242
 20
31750.25062230713
 30
0.0
 11
13211.5483066584
 21
31750.25062230713
 31
0.0
  0
LINE
  5
1352
330
1F
100
AcDbEntity
  8
title
 62
     2
100
AcDbLine
 10
26343.52341436222
 20
31750.25062230713
 30
0.0
 11
25282.86324258242
 21
32810.91079408693
 31
0.0
  0
LWPOLYLINE
  5
1353
330
1F
100
AcDbEntity
  8
title
 62
     2
100
AcDbPolyline
 90
        5
 70
     1
 43
0.0
 10
24532.86324258242
 20
31750.25062230713
 10
24222.20307080261
 20
31750.25062230713
 10
25282.86324258242
 20
32810.91079408693
 10
26343.52341436222
 20
31750.25062230713
 10
26032.86324258242
 20
31750.25062230713
 42
1.000000000000001
  0
LINE
  5
1354
330
1F
100
AcDbEntity
  8
title
 62
     2
100
AcDbLine
 10
24222.20307080261
 20
31750.25062230713
 30
0.0
 11
25282.86324258242
 21
32810.91079408693
 31
0.0
  0
HATCH
  5
1355
330
1F
100
AcDbEntity
  8
title
 62
     2
100
AcDbHatch
 10
0.0
 20
0.0
 30
0.0
210
0.0
220
0.0
230
1.0
  2
SOLID
 70
     1
 71
     0
 91
        3
 92
        7
 72
     1
 73
     1
 93
        3
 10
25282.86324258242
 20
32810.91079408693
 42
0.0
 10
25813.19332847232
 20
32280.58070819703
 42
0.4142135623730946
 10
24752.53315669251
 20
32280.58070819703
 42
0.0
 97
        0
 92
        7
 72
     1
 73
     1
 93
        3
 10
25813.19332847232
 20
32280.58070819703
 42
0.0
 10
26343.52341436222
 20
31750.25062230713
 42
0.0
 10
26032.86324258242
 20
31750.25062230713
 42
0.198912367379658
 97
        0
 92
        7
 72
     1
 73
     1
 93
        3
 10
24752.53315669251
 20
32280.58070819703
 42
0.198912367379658
 10
24532.86324258242
 20
31750.25062230713
 42
0.0
 10
24222.20307080261
 20
31750.25062230713
 42
0.0
 97
        0
 75
     0
 76
     1
 47
0.0703282668411129
 98
        3
 10
25373.29914706247
 20
32605.31400778814
 10
26083.96907932125
 20
31894.99850357528
 10
24479.68446976924
 20
31894.99850357528
450
        0
451
        0
460
0.0
461
0.0
452
        0
462
0.0
453
        0
470

  0
SOLID
  5
1356
330
1F
100
AcDbEntity
  8
title
 62
     2
100
AcDbTrace
 10
13417.7983066584
 20
31750.25062230713
 30
0.0
 11
13211.5483066584
 21
31750.25062230713
 31
0.0
 12
13417.7983066584
 22
31750.25062230713
 32
0.0
 13
13211.5483066584
 23
32660.3174643509
 33
0.0
  0
LINE
  5
1357
330
1F
100
AcDbEntity
  8
title
 62
     2
100
AcDbLine
 10
13211.5483066584
 20
32594.00062230712
 30
0.0
 11
13417.7983066584
 21
31750.25062230713
 31
0.0
  0
LINE
  5
1358
330
1F
100
AcDbEntity
  8
title
 62
     2
100
AcDbLine
 10
13211.5483066584
 20
31750.25062230713
 30
0.0
 11
13211.5483066584
 21
32660.3174643509
 31
0.0
  0
INSERT
  5
1359
330
1F
100
AcDbEntity
  8
0
100
AcDbBlockReference
 66
     1
  2
A$C39B41007
 10
25282.86324258242
 20
31750.25062230713
 30
0.0
 41
-100.0
 42
100.0
 43
100.0
1001
AEC_XDATA_BOUND_SPACE
1070
   100
1070
     1
  0
ATTRIB
  5
135A
330
1359
100
AcDbEntity
  8
title
 62
     5
100
AcDbText
 10
24954.73824258242
 20
31925.36495826411
 30
0.0
 40
328.125
  1
B3
  7
140CL
 72
     4
 11
25282.86324258242
 21
32089.42745826411
 31
0.0
100
AcDbAttribute
280
     0
  2
A
 70
     0
280
     0
  0
ATTRIB
  5
135B
330
1359
100
AcDbEntity
  8
title
 62
     2
100
AcDbText
 10
25345.05426219292
 20
31387.50517732505
 30
0.0
 40
234.375
  1
S-07
 41
0.6091381168951472
  7
S-TAKEN
 72
     5
 11
25909.32283029891
 21
31387.50517732505
 31
0.0
100
AcDbAttribute
280
     0
  2
S-1
 70
     0
280
     0
  0
ATTRIB
  5
135C
330
1359
100
AcDbEntity
  8
title
 62
     2
100
AcDbText
 10
24685.87752176449
 20
31387.50517732505
 30
0.0
 40
234.375
  1
S-07
 41
0.6045417933492058
  7
S-SHOWN
 72
     5
 11
25245.88833480002
 21
31387.50517732505
 31
0.0
100
AcDbAttribute
280
     0
  2
S-1
 70
     0
280
     0
  0
SEQEND
  5
135D
330
1359
100
AcDbEntity
  8
0
  0
TEXT
  5
135E
330
1F
100
AcDbEntity
  8
title
 62
     6
100
AcDbText
 10
29839.5345022236
 20
26330.86033357232
 30
0.0
 40
500.0
  1
SHOWING TOP BAR REINF.  
 41
0.9
  7
ROMANS
100
AcDbText
  0
LINE
  5
135F
330
1F
100
AcDbEntity
  8
title
 62
     2
100
AcDbLine
 10
27704.94895199779
 20
27014.88086683181
 30
0.0
 11
29304.9489519978
 21
27014.88086683181
 31
0.0
  0
INSERT
  5
1360
330
1F
100
AcDbEntity
  8
title
100
AcDbBlockReference
 66
     1
  2
A$C6C0B0B06
 10
27704.94895199779
 20
27014.88086683181
 30
0.0
 41
100.0
 42
100.0
 43
100.0
  0
ATTRIB
  5
1361
330
1360
100
AcDbEntity
  8
title
 62
     5
100
AcDbText
 10
28054.9489519978
 20
27170.25043158297
 30
0.0
 40
450.0
  1
B2
  7
ROMANS
 72
     4
 11
28504.9489519978
 21
27395.25043158297
 31
0.0
100
AcDbAttribute
280
     0
  2
A
 70
     0
280
     0
  0
ATTRIB
  5
1362
330
1360
100
AcDbEntity
  8
title
 62
     2
100
AcDbText
 10
27676.72558719572
 20
26610.1547647572
 30
0.0
 40
250.0
  1
S-07
 41
0.7817904532896241
  7
ROMANS
 72
     5
 11
28449.20901127951
 21
26610.1547647572
 31
0.0
100
AcDbAttribute
280
     0
  2
S-1
 70
     0
280
     0
  0
ATTRIB
  5
1363
330
1360
100
AcDbEntity
  8
title
 62
     2
100
AcDbText
 10
28533.74488236802
 20
26610.1547647572
 30
0.0
 40
250.0
  1
S-07
 41
0.7877599317201423
  7
ROMANS
 72
     5
 11
29312.12671966292
 21
26610.1547647572
 31
0.0
100
AcDbAttribute
280
     0
  2
S-1
 70
     0
280
     0
  0
SEQEND
  5
1364
330
1360
100
AcDbEntity
  8
title
  0
TEXT
  5
1365
330
1F
100
AcDbEntity
  8
title
 62
     6
100
AcDbText
 10
29839.5345022236
 20
27117.92921782675
 30
0.0
 40
500.0
  1
TYP. FRAMING PLAN OF TWO-WAY  
 41
0.9
  7
ROMANS
100
AcDbText
  0
TEXT
  5
1366
330
1F
100
AcDbEntity
  8
title
 62
     6
100
AcDbText
 10
26193.55592884077
 20
17667.50928543665
 30
0.0
 40
500.0
  1
S E C T I O N
 41
0.9
  7
ROMANS
100
AcDbText
  0
LINE
  5
1367
330
1F
100
AcDbEntity
  8
title
 62
     2
100
AcDbLine
 10
24006.30787492124
 20
17931.51903140865
 30
0.0
 11
25606.30787492125
 21
17931.51903140865
 31
0.0
  0
INSERT
  5
1368
330
1F
100
AcDbEntity
  8
title
100
AcDbBlockReference
 66
     1
  2
A$C6C0B0B06
 10
24006.30787492124
 20
17931.51903140865
 30
0.0
 41
100.0
 42
100.0
 43
100.0
  0
ATTRIB
  5
1369
330
1368
100
AcDbEntity
  8
title
 62
     5
100
AcDbText
 10
24356.30787492125
 20
18086.88859615981
 30
0.0
 40
450.0
  1
B3
  7
ROMANS
 72
     4
 11
24806.30787492124
 21
18311.88859615981
 31
0.0
100
AcDbAttribute
280
     0
  2
A
 70
     0
280
     0
  0
ATTRIB
  5
136A
330
1368
100
AcDbEntity
  8
title
 62
     2
100
AcDbText
 10
23978.08451011917
 20
17526.79292933427
 30
0.0
 40
250.0
  1
S-07
 41
0.7817904532896241
  7
ROMANS
 72
     5
 11
24750.56793420296
 21
17526.79292933427
 31
0.0
100
AcDbAttribute
280
     0
  2
S-1
 70
     0
280
     0
  0
ATTRIB
  5
136B
330
1368
100
AcDbEntity
  8
title
 62
     2
100
AcDbText
 10
24835.10380529147
 20
17526.79292933427
 30
0.0
 40
250.0
  1
S-07
 41
0.787759931719671
  7
ROMANS
 72
     5
 11
25613.4856425859
 21
17526.79292933427
 31
0.0
100
AcDbAttribute
280
     0
  2
S-1
 70
     0
280
     0
  0
SEQEND
  5
136C
330
1368
100
AcDbEntity
  8
title
  0
LINE
  5
136D
330
1F
100
AcDbEntity
  8
6M
100
AcDbLine
 10
5502.554121029097
 20
14460.00026042684
 30
0.0
 11
49072.5541210291
 21
14460.00026042684
 31
0.0
  0
LINE
  5
136E
330
1F
100
AcDbEntity
  8
6M
100
AcDbLine
 10
5502.554121029097
 20
0.0002604268374853
 30
0.0
 11
5502.554121029097
 21
14460.00026042684
 31
0.0
  0
LINE
  5
136F
330
1F
100
AcDbEntity
  8
S-TSP3-701$0$2Y
100
AcDbLine
 10
34261.0541210291
 20
11800.00026042683
 30
0.0
 11
34261.0541210291
 21
0.0002604268374853
 31
0.0
  0
LINE
  5
1370
330
1F
100
AcDbEntity
  8
S-TSP3-701$0$2Y
100
AcDbLine
 10
30226.954121029
 20
11800.00026042683
 30
0.0
 11
30226.954121029
 21
0.0002604268374853
 31
0.0
  0
LINE
  5
1371
330
1F
100
AcDbEntity
  8
S-TSP3-701$0$2Y
100
AcDbLine
 10
26192.85412102891
 20
12800.00026042684
 30
0.0
 11
26192.85412102891
 21
0.0002604268374853
 31
0.0
  0
LINE
  5
1372
330
1F
100
AcDbEntity
  8
S-TSP3-701$0$2Y
100
AcDbLine
 10
22158.75412102882
 20
11800.00026042683
 30
0.0
 11
22158.75412102882
 21
0.0002604268374853
 31
0.0
  0
LINE
  5
1373
330
1F
100
AcDbEntity
  8
S-TSP3-701$0$2Y
100
AcDbLine
 10
18124.65412102872
 20
11800.00026042683
 30
0.0
 11
18124.65412102872
 21
0.0002604268374853
 31
0.0
  0
LINE
  5
1374
330
1F
100
AcDbEntity
  8
S-TSP3-701$0$2Y
100
AcDbLine
 10
14090.55412102909
 20
12800.00026042684
 30
0.0
 11
14090.55412102909
 21
0.0002604268374853
 31
0.0
  0
LINE
  5
1375
330
1F
100
AcDbEntity
  8
S-TSP3-701$0$2Y
100
AcDbLine
 10
12282.5541210291
 20
12800.00026042684
 30
0.0
 11
12282.5541210291
 21
0.0002604268374853
 31
0.0
  0
LINE
  5
1376
330
1F
100
AcDbEntity
  8
S-TSP3-701$0$2Y
100
AcDbLine
 10
9570.554121029097
 20
12800.00026042684
 30
0.0
 11
9570.554121029097
 21
0.0002604268374853
 31
0.0
  0
LINE
  5
1377
330
1F
100
AcDbEntity
  8
S-TSP3-701$0$6M
100
AcDbLine
 10
6858.554121029098
 20
12800.00026042684
 30
0.0
 11
6858.554121029098
 21
0.0002604268374853
 31
0.0
  0
LINE
  5
1378
330
1F
100
AcDbEntity
  8
S-TSP3-701$0$2Y
100
AcDbLine
 10
38295.15412102919
 20
12800.00026042684
 30
0.0
 11
38295.15412102873
 21
0.0002604268374853
 31
0.0
  0
LINE
  5
1379
330
1F
100
AcDbEntity
  8
2Y
100
AcDbLine
 10
49072.5541210291
 20
9600.000260426838
 30
0.0
 11
6858.554121029098
 21
9600.000260426838
 31
0.0
  0
LINE
  5
137A
330
1F
100
AcDbEntity
  8
2Y
100
AcDbLine
 10
49072.5541210291
 20
8400.000260426837
 30
0.0
 11
6858.554121029098
 21
8400.000260426837
 31
0.0
  0
LINE
  5
137B
330
1F
100
AcDbEntity
  8
2Y
100
AcDbLine
 10
49072.5541210291
 20
7200.000260426837
 30
0.0
 11
6858.554121029098
 21
7230.000260426837
 31
0.0
  0
LINE
  5
137C
330
1F
100
AcDbEntity
  8
2Y
100
AcDbLine
 10
49072.5541210291
 20
6000.000260426837
 30
0.0
 11
6858.554121029098
 21
6000.000260426837
 31
0.0
  0
LINE
  5
137D
330
1F
100
AcDbEntity
  8
2Y
100
AcDbLine
 10
49072.5541210291
 20
4800.000260426838
 30
0.0
 11
5502.554121029097
 21
4800.000260426838
 31
0.0
  0
LINE
  5
137E
330
1F
100
AcDbEntity
  8
2Y
100
AcDbLine
 10
49072.5541210291
 20
3600.000260426837
 30
0.0
 11
6858.554121029098
 21
3600.000260426837
 31
0.0
  0
LINE
  5
137F
330
1F
100
AcDbEntity
  8
2Y
100
AcDbLine
 10
49072.5541210291
 20
2400.000260426838
 30
0.0
 11
6858.554121029098
 21
2400.000260426838
 31
0.0
  0
LINE
  5
1380
330
1F
100
AcDbEntity
  8
2Y
100
AcDbLine
 10
49072.5541210291
 20
1200.000260426837
 30
0.0
 11
6858.554121029098
 21
1200.000260426837
 31
0.0
  0
LINE
  5
1381
330
1F
100
AcDbEntity
  8
6M
100
AcDbLine
 10
49072.5541210291
 20
12800.00026042684
 30
0.0
 11
5502.554121029097
 21
12800.00026042684
 31
0.0
  0
LINE
  5
1382
330
1F
100
AcDbEntity
  8
6M
100
AcDbLine
 10
49072.5541210291
 20
10800.00026042684
 30
0.0
 11
5502.554121029097
 21
10800.00026042684
 31
0.0
  0
TEXT
  5
1383
330
1F
100
AcDbEntity
  8
TM
 62
     6
100
AcDbText
 10
14531.26983984646
 20
13337.379169024
 30
0.0
 40
600.0
  1
SCHEDULE OF SLAB REINFORCEMENT
 41
1.5
  7
240CL
 72
     1
 11
27259.84126841789
 21
13637.379169024
 31
0.0
100
AcDbText
 73
     2
  0
TEXT
  5
1384
330
1F
100
AcDbEntity
  8
TC
100
AcDbText
 10
42820.75888293367
 20
12219.29238248261
 30
0.0
 40
250.0
  1
REMARKS
  7
100cl
 72
     1
 11
43683.85412102891
 21
12344.29238248261
 31
0.0
100
AcDbText
 73
     2
  0
TEXT
  5
1385
330
1F
100
AcDbEntity
  8
TC
 62
     3
100
AcDbText
 10
41999.3303115051
 20
11819.29238248261
 30
0.0
 40
250.0
  1
A-ONE WAY SLAB
  7
100cl
 72
     1
 11
43683.85412102891
 21
11944.29238248261
 31
0.0
100
AcDbText
 73
     2
  0
TEXT
  5
1386
330
1F
100
AcDbEntity
  8
TC
 62
     3
100
AcDbText
 10
41969.56840674319
 20
11419.29238248261
 30
0.0
 40
250.0
  1
B-TWO WAY SLAB
  7
100cl
 72
     1
 11
43683.85412102891
 21
11544.29238248261
 31
0.0
100
AcDbText
 73
     2
  0
TEXT
  5
1387
330
1F
100
AcDbEntity
  8
TC
 62
     3
100
AcDbText
 10
41761.23507340986
 20
11019.29238248261
 30
0.0
 40
250.0
  1
C-CANTILEVER SLAB
  7
100cl
 72
     1
 11
43683.85412102891
 21
11144.29238248261
 31
0.0
100
AcDbText
 73
     2
  0
TEXT
  5
1388
330
1F
100
AcDbEntity
  8
TC
100
AcDbText
 10
14637.36602579081
 20
10975.00026042683
 30
0.0
 40
250.0
  1
DISCONT. (TBD)
  7
100cl
 72
     1
 11
16107.60412102891
 21
11100.00026042684
 31
0.0
100
AcDbText
 73
     2
  0
TEXT
  5
1389
330
1F
100
AcDbEntity
  8
TC
100
AcDbText
 10
15167.12793055272
 20
11375.00026042683
 30
0.0
 40
250.0
  1
TOP BARS
  7
100cl
 72
     1
 11
16107.60412102891
 21
11500.00026042683
 31
0.0
100
AcDbText
 73
     2
  0
LINE
  5
138A
330
1F
100
AcDbEntity
  8
2Y
100
AcDbLine
 10
38295.15412102919
 20
11800.00026042683
 30
0.0
 11
14090.55412102909
 21
11800.00026042683
 31
0.0
  0
TEXT
  5
138B
330
1F
100
AcDbEntity
  8
TC
100
AcDbText
 10
5699.601740076717
 20
12075.00026042684
 30
0.0
 40
250.0
  1
FLOOR
 41
0.8
  7
100cl
 72
     1
 11
6180.554121029097
 21
12200.00026042683
 31
0.0
100
AcDbText
 73
     2
  0
TEXT
  5
138C
330
1F
100
AcDbEntity
  8
TC
100
AcDbText
 10
5528.768406743383
 20
11275.00026042683
 30
0.0
 40
250.0
  1
LOCATION
 41
0.75
  7
100cl
 72
     1
 11
6180.554121029097
 21
11400.00026042684
 31
0.0
100
AcDbText
 73
     2
  0
TEXT
  5
138D
330
1F
100
AcDbEntity
  8
TC
100
AcDbText
 10
5737.696978171954
 20
11675.00026042683
 30
0.0
 40
250.0
  1
LEVEL
 41
0.8
  7
100cl
 72
     1
 11
6180.554121029097
 21
11800.00026042683
 31
0.0
100
AcDbText
 73
     2
  0
TEXT
  5
138E
330
1F
100
AcDbEntity
  8
TC
100
AcDbText
 10
10521.79221626719
 20
11475.00026042683
 30
0.0
 40
250.0
  1
("t")
  7
100cl
 72
     1
 11
10926.55412102909
 21
11600.00026042683
 31
0.0
100
AcDbText
 73
     2
  0
TEXT
  5
138F
330
1F
100
AcDbEntity
  8
TC
100
AcDbText
 10
10031.91126388624
 20
11875.00026042684
 30
0.0
 40
250.0
  1
THICKNESS
 41
0.9
  7
100cl
 72
     1
 11
10926.55412102909
 21
12000.00026042683
 31
0.0
100
AcDbText
 73
     2
  0
TEXT
  5
1390
330
1F
100
AcDbEntity
  8
TC
100
AcDbText
 10
7455.625549600526
 20
11475.00026042683
 30
0.0
 40
250.0
  1
MARK
 41
1.5
  7
100cl
 72
     1
 11
8214.554121029097
 21
11600.00026042683
 31
0.0
100
AcDbText
 73
     2
  0
TEXT
  5
1391
330
1F
100
AcDbEntity
  8
TC
100
AcDbText
 10
7535.982692457669
 20
11875.00026042684
 30
0.0
 40
250.0
  1
SLAB
 41
1.5
  7
100cl
 72
     1
 11
8214.554121029097
 21
12000.00026042683
 31
0.0
100
AcDbText
 73
     2
  0
TEXT
  5
1392
330
1F
100
AcDbEntity
  8
TC
100
AcDbText
 10
12585.36364483862
 20
12275.00026042684
 30
0.0
 40
250.0
  1
BAR %%C
  7
100cl
 72
     1
 11
13186.5541210291
 21
12400.00026042684
 31
0.0
100
AcDbText
 73
     2
  0
TEXT
  5
1393
330
1F
100
AcDbEntity
  8
TC
100
AcDbText
 10
12356.19697817195
 20
11075.00026042683
 30
0.0
 40
250.0
  1
SPECIFIED
 41
0.9
  7
100cl
 72
     1
 11
13186.5541210291
 21
11200.00026042684
 31
0.0
100
AcDbText
 73
     2
  0
TEXT
  5
1394
330
1F
100
AcDbEntity
  8
TC
100
AcDbText
 10
12265.12554960052
 20
11475.00026042683
 30
0.0
 40
250.0
  1
OTHERWISE
 41
0.9
  7
100cl
 72
     1
 11
13186.5541210291
 21
11600.00026042683
 31
0.0
100
AcDbText
 73
     2
  0
TEXT
  5
1395
330
1F
100
AcDbEntity
  8
TC
100
AcDbText
 10
12538.33983531481
 20
11875.00026042684
 30
0.0
 40
250.0
  1
UNLESS
 41
0.9
  7
100cl
 72
     1
 11
13186.5541210291
 21
12000.00026042683
 31
0.0
100
AcDbText
 73
     2
  0
TEXT
  5
1396
330
1F
100
AcDbEntity
  8
TC
100
AcDbText
 10
29627.93269245739
 20
12175.00026042684
 30
0.0
 40
250.0
  1
LONG SPAN (mm)
 41
1.5
  7
100cl
 72
     1
 11
32244.00412102882
 21
12300.00026042683
 31
0.0
100
AcDbText
 73
     2
  0
TEXT
  5
1397
330
1F
100
AcDbEntity
  8
TC
100
AcDbText
 10
23235.32793055291
 20
11375.00026042683
 30
0.0
 40
250.0
  1
TOP BARS
  7
100cl
 72
     1
 11
24175.8041210291
 21
11500.00026042683
 31
0.0
100
AcDbText
 73
     2
  0
TEXT
  5
1398
330
1F
100
AcDbEntity
  8
TC
100
AcDbText
 10
23003.18507341005
 20
10975.00026042683
 30
0.0
 40
250.0
  1
CONT. (TBC)
  7
100cl
 72
     1
 11
24175.8041210291
 21
11100.00026042684
 31
0.0
100
AcDbText
 73
     2
  0
TEXT
  5
1399
330
1F
100
AcDbEntity
  8
TC
100
AcDbText
 10
19725.03745436234
 20
10975.00026042683
 30
0.0
 40
250.0
  1
(BB)
  7
100cl
 72
     1
 11
20141.70412102901
 21
11100.00026042684
 31
0.0
100
AcDbText
 73
     2
  0
TEXT
  5
139A
330
1F
100
AcDbEntity
  8
TC
100
AcDbText
 10
17364.91840674329
 20
12175.00026042684
 30
0.0
 40
250.0
  1
SHORT SPAN (mm)
 41
1.5
  7
100cl
 72
     1
 11
20141.70412102901
 21
12300.00026042683
 31
0.0
100
AcDbText
 73
     2
  0
TEXT
  5
139B
330
1F
100
AcDbEntity
  8
TC
100
AcDbText
 10
18814.32316864805
 20
11375.00026042683
 30
0.0
 40
250.0
  1
BOTTOM BARS
  7
100cl
 72
     1
 11
20141.70412102901
 21
11500.00026042683
 31
0.0
100
AcDbText
 73
     2
  0
TEXT
  5
139C
330
1F
100
AcDbEntity
  8
TC
100
AcDbText
 10
27269.42793055254
 20
11375.00026042683
 30
0.0
 40
250.0
  1
TOP BARS
  7
100cl
 72
     1
 11
28209.90412102873
 21
11500.00026042683
 31
0.0
100
AcDbText
 73
     2
  0
TEXT
  5
139D
330
1F
100
AcDbEntity
  8
TC
100
AcDbText
 10
26739.66602579063
 20
10975.00026042683
 30
0.0
 40
250.0
  1
DISCONT. (TBD)
  7
100cl
 72
     1
 11
28209.90412102873
 21
11100.00026042684
 31
0.0
100
AcDbText
 73
     2
  0
TEXT
  5
139E
330
1F
100
AcDbEntity
  8
TC
100
AcDbText
 10
30916.62316864787
 20
11375.00026042683
 30
0.0
 40
250.0
  1
BOTTOM BARS
  7
100cl
 72
     1
 11
32244.00412102882
 21
11500.00026042683
 31
0.0
100
AcDbText
 73
     2
  0
TEXT
  5
139F
330
1F
100
AcDbEntity
  8
TC
100
AcDbText
 10
31827.33745436215
 20
10975.00026042683
 30
0.0
 40
250.0
  1
(BB)
  7
100cl
 72
     1
 11
32244.00412102882
 21
11100.00026042684
 31
0.0
100
AcDbText
 73
     2
  0
TEXT
  5
13A0
330
1F
100
AcDbEntity
  8
TC
100
AcDbText
 10
35105.48507340987
 20
10975.00026042683
 30
0.0
 40
250.0
  1
CONT. (TBC)
  7
100cl
 72
     1
 11
36278.10412102891
 21
11100.00026042684
 31
0.0
100
AcDbText
 73
     2
  0
TEXT
  5
13A1
330
1F
100
AcDbEntity
  8
TC
100
AcDbText
 10
35337.62793055272
 20
11375.00026042683
 30
0.0
 40
250.0
  1
TOP BARS
  7
100cl
 72
     1
 11
36278.10412102891
 21
11500.00026042683
 31
0.0
100
AcDbText
 73
     2
  0
LINE
  5
13DF
330
1F
100
AcDbEntity
  8
6
 62
     1
100
AcDbLine
 10
5502.554121029097
 20
52860.00026042672
 30
0.0
 11
5502.554121043067
 21
0.0002604217152111
 31
0.0
  0
ENDSEC
  0
SECTION
  2
OBJECTS
  0
DICTIONARY
  5
C
330
0
100
AcDbDictionary
281
     1
  3
ACAD_CIP_PREVIOUS_PRODUCT_INFO
350
216
  3
ACAD_COLOR
350
6B
  3
ACAD_DETAILVIEWSTYLE
350
21B
  3
ACAD_GROUP
350
D
  3
ACAD_LAYOUT
350
1A
  3
ACAD_MATERIAL
350
6A
  3
ACAD_MLEADERSTYLE
350
12D
  3
ACAD_MLINESTYLE
350
17
  3
ACAD_PLOTSETTINGS
350
19
  3
ACAD_PLOTSTYLENAME
350
E
  3
ACAD_SCALELIST
350
10C
  3
ACAD_SECTIONVIEWSTYLE
350
219
  3
ACAD_TABLESTYLE
350
7E
  3
ACAD_VISUALSTYLE
350
EF
  3
ACDB_RECOMPOSE_DATA
350
1B5F
  3
AcDbVariableDictionary
350
5E
  3
AEC_PROPERTY_SET_DEFS
350
CE1
  0
DICTIONARY
  5
1FF
330
2
100
AcDbDictionary
280
     1
281
     1
  3
ACAD_LAYERSTATES
360
200
  0
DICTIONARY
  5
13C
330
10
100
AcDbDictionary
280
     1
281
     1
  0
DICTIONARY
  5
58D
330
58C
100
AcDbDictionary
280
     1
281
     1
  0
DICTIONARY
  5
58F
330
58E
100
AcDbDictionary
280
     1
281
     1
  0
DICTIONARY
  5
591
330
590
100
AcDbDictionary
280
     1
281
     1
  0
DICTIONARY
  5
593
330
592
100
AcDbDictionary
280
     1
281
     1
  0
DICTIONARY
  5
597
330
596
100
AcDbDictionary
280
     1
281
     1
  0
DICTIONARY
  5
599
330
598
100
AcDbDictionary
280
     1
281
     1
  0
DICTIONARY
  5
59B
330
59A
100
AcDbDictionary
280
     1
281
     1
  0
DICTIONARY
  5
59D
330
59C
100
AcDbDictionary
280
     1
281
     1
  0
DICTIONARY
  5
59F
330
59E
100
AcDbDictionary
280
     1
281
     1
  0
DICTIONARY
  5
5A1
330
5A0
100
AcDbDictionary
280
     1
281
     1
  0
DICTIONARY
  5
5A3
330
5A2
100
AcDbDictionary
280
     1
281
     1
  0
DICTIONARY
  5
5A5
330
5A4
100
AcDbDictionary
280
     1
281
     1
  0
DICTIONARY
  5
5A7
330
5A6
100
AcDbDictionary
280
     1
281
     1
  0
DICTIONARY
  5
5A9
330
5A8
100
AcDbDictionary
280
     1
281
     1
  0
DICTIONARY
  5
5AF
330
5AE
100
AcDbDictionary
280
     1
281
     1
  0
DICTIONARY
  5
5B1
330
5B0
100
AcDbDictionary
280
     1
281
     1
  0
DICTIONARY
  5
5B3
330
5B2
100
AcDbDictionary
280
     1
281
     1
  0
DICTIONARY
  5
5B5
330
5B4
100
AcDbDictionary
280
     1
281
     1
  0
DICTIONARY
  5
1CE
330
1F
100
AcDbDictionary
280
     1
281
     1
  0
DICTIONARY
  5
28E
330
28D
100
AcDbDictionary
280
     1
281
     1
  3
ACAD_SORTENTS
360
28F
  0
DICTIONARY
  5
299
330
298
100
AcDbDictionary
280
     1
281
     1
  3
ACAD_SORTENTS
360
29A
  0
DICTIONARY
  5
2A5
330
2A4
100
AcDbDictionary
280
     1
281
     1
  3
ACAD_SORTENTS
360
2A6
  0
XRECORD
  5
216
102
{ACAD_REACTORS
330
C
102
}
330
C
100
AcDbXrecord
280
     1
300
ACD
300
2019
300
ACD_F_S
  0
DICTIONARY
  5
6B
102
{ACAD_REACTORS
330
C
102
}
330
C
100
AcDbDictionary
281
     1
  0
DICTIONARY
  5
21B
102
{ACAD_REACTORS
330
C
102
}
330
C
100
AcDbDictionary
281
     1
  3
Imperial24
350
5D4
  3
Metric50
350
21C
  0
DICTIONARY
  5
D
102
{ACAD_REACTORS
330
C
102
}
330
C
100
AcDbDictionary
281
     1
  0
DICTIONARY
  5
1A
102
{ACAD_REACTORS
330
C
102
}
330
C
100
AcDbDictionary
281
     1
  3
Layout1
350
D3
  3
Layout2
350
D7
  3
Model
350
22
  0
DICTIONARY
  5
6A
102
{ACAD_REACTORS
330
C
102
}
330
C
100
AcDbDictionary
281
     1
  3
ByBlock
350
ED
  3
ByLayer
350
EC
  3
Global
350
EE
  0
DICTIONARY
  5
12D
102
{ACAD_REACTORS
330
C
102
}
330
C
100
AcDbDictionary
281
     1
  3
Annotative
350
13B
  3
Standard
350
12E
  0
DICTIONARY
  5
17
102
{ACAD_REACTORS
330
C
102
}
330
C
100
AcDbDictionary
281
     1
  3
Standard
350
18
  0
DICTIONARY
  5
19
102
{ACAD_REACTORS
330
C
102
}
330
C
100
AcDbDictionary
281
     1
  0
ACDBDICTIONARYWDFLT
  5
E
102
{ACAD_REACTORS
330
C
102
}
330
C
100
AcDbDictionary
281
     1
  3
Normal
350
F
100
AcDbDictionaryWithDefault
340
F
  0
DICTIONARY
  5
10C
102
{ACAD_REACTORS
330
C
102
}
330
C
100
AcDbDictionary
281
     1
  3
A0
350
10D
  3
A1
350
1BE
  3
A2
350
1BF
  3
A3
350
1C0
  3
A4
350
1C1
  3
A5
350
1C2
  3
A6
350
1C3
  3
A7
350
1C4
  3
A8
350
1C5
  3
A9
350
1C6
  3
B0
350
1C7
  3
B1
350
1C8
  3
B2
350
1C9
  3
B3
350
1CA
  3
B4
350
1CB
  3
B5
350
1CC
  3
B6
350
1CD
  0
DICTIONARY
  5
219
102
{ACAD_REACTORS
330
C
102
}
330
C
100
AcDbDictionary
281
     1
  3
Imperial24
350
5D3
  3
Metric50
350
21A
  0
DICTIONARY
  5
7E
102
{ACAD_REACTORS
330
C
102
}
330
C
100
AcDbDictionary
281
     1
  3
Standard
350
7F
  0
DICTIONARY
  5
EF
102
{ACAD_REACTORS
330
C
102
}
330
C
100
AcDbDictionary
281
     1
  3
2dWireframe
350
F5
  3
Basic
350
F4
  3
Brighten
350
FB
  3
ColorChange
350
FF
  3
Conceptual
350
F8
  3
Dim
350
FA
  3
EdgeColorOff
350
1E6
  3
Facepattern
350
FE
  3
Flat
350
F0
  3
FlatWithEdges
350
F1
  3
Gouraud
350
F2
  3
GouraudWithEdges
350
F3
  3
Hidden
350
F7
  3
JitterOff
350
1E4
  3
Linepattern
350
FD
  3
OverhangOff
350
1E5
  3
Realistic
350
F9
  3
Shaded
350
1F3
  3
Shaded with edges
350
1F2
  3
Shades of Gray
350
1EF
  3
Sketchy
350
1F0
  3
Thicken
350
FC
  3
Wireframe
350
F6
  3
X-Ray
350
1F1
  0
XRECORD
  5
1B5F
102
{ACAD_REACTORS
330
C
102
}
330
C
100
AcDbXrecord
280
     1
 90
        1
330
7F
  0
DICTIONARY
  5
5E
102
{ACAD_REACTORS
330
C
102
}
330
C
100
AcDbDictionary
281
     1
  3
CANNOSCALE
350
146
  3
CENTEREXE
350
259
  3
CENTERLTYPEFILE
350
25A
  3
CMLEADERSTYLE
350
145
  3
CTABLESTYLE
350
84
  3
CVIEWDETAILSTYLE
350
227
  3
CVIEWSECTIONSTYLE
350
228
  3
DIMASSOC
350
5F
  3
HIDETEXT
350
63
  3
LAYEREVAL
350
1AE
  3
LAYERNOTIFY
350
1AF
  0
DICTIONARY
  5
CE1
102
{ACAD_REACTORS
330
C
102
}
330
C
100
AcDbDictionary
281
     1
  0
DICTIONARY
  5
200
102
{ACAD_REACTORS
330
1FF
102
}
330
1FF
100
AcDbDictionary
281
     1
  0
SORTENTSTABLE
  5
28F
102
{ACAD_REACTORS
330
28E
102
}
330
28E
100
AcDbSortentsTable
330
28D
  0
SORTENTSTABLE
  5
29A
102
{ACAD_REACTORS
330
299
102
}
330
299
100
AcDbSortentsTable
330
298
  0
SORTENTSTABLE
  5
2A6
102
{ACAD_REACTORS
330
2A5
102
}
330
2A5
100
AcDbSortentsTable
330
2A4
  0
ACDBDETAILVIEWSTYLE
  5
5D4
102
{ACAD_REACTORS
330
21B
102
}
330
21B
100
AcDbModelDocViewStyle
 70
     0
  3
Imperial24
290
     0
300
Imperial24
 90
        0
100
AcDbDetailViewStyle
 70
     0
 71
     0
 90
        3
 71
     1
340
11
 62
   256
 40
0.24
340
0
 62
   256
 40
0.24
300

 40
0.36
280
     3
 71
     2
340
16
 90
       25
 62
   256
 71
     3
340
11
 62
   256
 40
0.24
 90
        1
 40
0.75
 90
        1
300
%<\AcVar ViewType \f "%tc1">% %<\AcVar ViewDetailId>%\PSCALE %<\AcVar ViewScale \f "%sn">%
 71
     4
340
16
 90
       25
 62
   256
340
16
 90
       25
 62
   256
280
     0
  0
ACDBDETAILVIEWSTYLE
  5
21C
102
{ACAD_REACTORS
330
21B
102
}
330
21B
100
AcDbModelDocViewStyle
 70
     0
  3
Metric50
290
     0
300
Metric50
 90
        0
100
AcDbDetailViewStyle
 70
     0
 71
     0
 90
        3
 71
     1
340
11
 62
   256
 40
5.0
340
0
 62
   256
 40
5.0
300

 40
0.0
280
     1
 71
     2
340
16
 90
       25
 62
   256
 71
     3
340
11
 62
   256
 40
5.0
 90
        0
 40
15.0
 90
        1
300
%<\AcVar ViewDetailId>% (%<\AcVar ViewScale \f "%sn">%)
 71
     4
340
16
 90
       25
 62
   256
340
16
 90
       25
 62
   256
280
     0
  0
LAYOUT
  5
D3
102
{ACAD_REACTORS
330
1A
102
}
330
1A
100
AcDbPlotSettings
  1

  2
C:\Documents and Settings\basas\Application Data\Autodesk\AutoCAD 2005\R16.1\enu\plotters\Default Windows System Printer.pc3
  4

  6

 40
0.0
 41
0.0
 42
0.0
 43
0.0
 44
0.0
 45
0.0
 46
0.0
 47
0.0
 48
0.0
 49
0.0
140
0.0
141
0.0
142
1.0
143
1.0
 70
   688
 72
     0
 73
     0
 74
     5
  7

 75
    16
147
1.0
 76
     0
 77
     2
 78
   300
148
0.0
149
0.0
100
AcDbLayout
  1
Layout1
 70
     1
 71
     1
 10
0.0
 20
0.0
 11
12.0
 21
9.0
 12
0.0
 22
0.0
 32
0.0
 14
0.0
 24
0.0
 34
0.0
 15
0.0
 25
0.0
 35
0.0
146
0.0
 13
0.0
 23
0.0
 33
0.0
 16
1.0
 26
0.0
 36
0.0
 17
0.0
 27
1.0
 37
0.0
 76
     0
330
D2
  0
LAYOUT
  5
D7
102
{ACAD_REACTORS
330
1A
102
}
330
1A
100
AcDbPlotSettings
  1

  2
C:\Documents and Settings\basas\Application Data\Autodesk\AutoCAD 2005\R16.1\enu\plotters\Default Windows System Printer.pc3
  4

  6

 40
0.0
 41
0.0
 42
0.0
 43
0.0
 44
0.0
 45
0.0
 46
0.0
 47
0.0
 48
0.0
 49
0.0
140
0.0
141
0.0
142
1.0
143
1.0
 70
   688
 72
     0
 73
     0
 74
     5
  7

 75
    16
147
1.0
 76
     0
 77
     2
 78
   300
148
0.0
149
0.0
100
AcDbLayout
  1
Layout2
 70
     1
 71
     2
 10
0.0
 20
0.0
 11
12.0
 21
9.0
 12
0.0
 22
0.0
 32
0.0
 14
0.0
 24
0.0
 34
0.0
 15
0.0
 25
0.0
 35
0.0
146
0.0
 13
0.0
 23
0.0
 33
0.0
 16
1.0
 26
0.0
 36
0.0
 17
0.0
 27
1.0
 37
0.0
 76
     0
330
D6
  0
LAYOUT
  5
22
102
{ACAD_XDICTIONARY
360
205
102
}
102
{ACAD_REACTORS
330
1A
102
}
330
1A
100
AcDbPlotSettings
  1

  2
none_device
  4
ISO_A4_(210.00_x_297.00_MM)
  6

 40
7.5
 41
20.0
 42
7.5
 43
20.0
 44
210.0
 45
297.0
 46
11.54999923706054
 47
-13.65000009536743
 48
0.0
 49
0.0
140
0.0
141
0.0
142
1.0
143
8.704084754739808
 70
 11952
 72
     1
 73
     0
 74
     0
  7

 75
     0
147
0.1148885871608098
 76
     0
 77
     2
 78
   300
148
0.0
149
0.0
100
AcDbLayout
  1
Model
 70
     1
 71
     0
 10
0.0
 20
0.0
 11
12.0
 21
9.0
 12
0.0
 22
0.0
 32
0.0
 14
0.0
 24
0.0
 34
0.0
 15
0.0
 25
0.0
 35
0.0
146
0.0
 13
0.0
 23
0.0
 33
0.0
 16
1.0
 26
0.0
 36
0.0
 17
0.0
 27
1.0
 37
0.0
 76
     0
330
1F
331
EA
1001
ACAD_PSEXT
1000
None
1000
None
1000
Not applicable
1000
The layout will not be plotted unless a new plotter configuration name is selected.
1070
     0
  0
MATERIAL
  5
ED
102
{ACAD_XDICTIONARY
360
1F9
102
}
102
{ACAD_REACTORS
330
6A
102
}
330
6A
100
AcDbMaterial
  1
ByBlock
 94
       63
  0
MATERIAL
  5
EC
102
{ACAD_XDICTIONARY
360
1F7
102
}
102
{ACAD_REACTORS
330
6A
102
}
330
6A
100
AcDbMaterial
  1
ByLayer
 94
       63
  0
MATERIAL
  5
EE
102
{ACAD_XDICTIONARY
360
173
102
}
102
{ACAD_REACTORS
330
6A
102
}
330
6A
100
AcDbMaterial
  1
Global
 43
0.0007999999797903
 43
0.0
 43
0.0
 43
0.0
 43
0.0
 43
0.0007999999797903
 43
0.0
 43
0.0
 43
0.0
 43
0.0
 43
1.0
 43
0.0
 43
0.0
 43
0.0
 43
0.0
 43
1.0
 49
0.0007999999797903
 49
0.0
 49
0.0
 49
0.0
 49
0.0
 49
0.0007999999797903
 49
0.0
 49
0.0
 49
0.0
 49
0.0
 49
1.0
 49
0.0
 49
0.0
 49
0.0
 49
0.0
 49
1.0
142
0.0007999999797903
142
0.0
142
0.0
142
0.0
142
0.0
142
0.0007999999797903
142
0.0
142
0.0
142
0.0
142
0.0
142
1.0
142
0.0
142
0.0
142
0.0
142
0.0
142
1.0
144
0.0007999999797903
144
0.0
144
0.0
144
0.0
144
0.0
144
0.0007999999797903
144
0.0
144
0.0
144
0.0
144
0.0
144
1.0
144
0.0
144
0.0
144
0.0
144
0.0
144
1.0
 94
       63
1001
ACAD
1070
    -1
1070
     3
1070
     0
1000

1071
        0
1070
     0
  0
MLEADERSTYLE
  5
13B
102
{ACAD_REACTORS
330
12D
102
}
330
12D
100
AcDbMLeaderStyle
179
     2
170
     2
171
     1
172
     0
 90
        2
 40
0.0
 41
0.0
173
     1
 91
-1056964608
340
14
 92
       -2
290
     1
 42
2.0
291
     1
 43
8.0
  3
Standard
 44
4.0
300

342
11
174
     1
178
     1
175
     1
176
     0
 93
-1056964608
 45
4.0
292
     0
297
     0
 46
4.0
 94
-1056964608
 47
1.0
 49
1.0
140
1.0
293
     1
141
0.0
294
     1
177
     0
142
1.0
295
     0
296
     1
143
3.75
271
     0
272
     9
273
     9
298
     0
  0
MLEADERSTYLE
  5
12E
102
{ACAD_REACTORS
330
12D
102
}
330
12D
100
AcDbMLeaderStyle
179
     2
170
     2
171
     1
172
     0
 90
        2
 40
0.0
 41
0.0
173
     1
 91
-1056964608
340
14
 92
       -2
290
     1
 42
2.0
291
     1
 43
8.0
  3
Standard
 44
4.0
300

342
11
174
     1
178
     1
175
     1
176
     0
 93
-1056964608
 45
4.0
292
     0
297
     0
 46
4.0
 94
-1056964608
 47
1.0
 49
1.0
140
1.0
293
     1
141
0.0
294
     1
177
     0
142
1.0
295
     0
296
     0
143
3.75
271
     0
272
     9
273
     9
298
     0
  0
MLINESTYLE
  5
18
102
{ACAD_REACTORS
330
17
102
}
330
17
100
AcDbMlineStyle
  2
STANDARD
 70
     0
  3

 62
   256
 51
90.0
 52
90.0
 71
     2
 49
0.5
 62
   256
  6
BYLAYER
 49
-0.5
 62
   256
  6
BYLAYER
  0
ACDBPLACEHOLDER
  5
F
102
{ACAD_REACTORS
330
E
102
}
330
E
  0
SCALE
  5
10D
102
{ACAD_REACTORS
330
10C
102
}
330
10C
100
AcDbScale
 70
     0
300
1:1
140
1.0
141
1.0
290
     1
  0
SCALE
  5
1BE
102
{ACAD_REACTORS
330
10C
102
}
330
10C
100
AcDbScale
 70
     0
300
1:2
140
1.0
141
2.0
290
     0
  0
SCALE
  5
1BF
102
{ACAD_REACTORS
330
10C
102
}
330
10C
100
AcDbScale
 70
     0
300
1:4
140
1.0
141
4.0
290
     0
  0
SCALE
  5
1C0
102
{ACAD_REACTORS
330
10C
102
}
330
10C
100
AcDbScale
 70
     0
300
1:5
140
1.0
141
5.0
290
     0
  0
SCALE
  5
1C1
102
{ACAD_REACTORS
330
10C
102
}
330
10C
100
AcDbScale
 70
     0
300
1:8
140
1.0
141
8.0
290
     0
  0
SCALE
  5
1C2
102
{ACAD_REACTORS
330
10C
102
}
330
10C
100
AcDbScale
 70
     0
300
1:10
140
1.0
141
10.0
290
     0
  0
SCALE
  5
1C3
102
{ACAD_REACTORS
330
10C
102
}
330
10C
100
AcDbScale
 70
     0
300
1:16
140
1.0
141
16.0
290
     0
  0
SCALE
  5
1C4
102
{ACAD_REACTORS
330
10C
102
}
330
10C
100
AcDbScale
 70
     0
300
1:20
140
1.0
141
20.0
290
     0
  0
SCALE
  5
1C5
102
{ACAD_REACTORS
330
10C
102
}
330
10C
100
AcDbScale
 70
     0
300
1:30
140
1.0
141
30.0
290
     0
  0
SCALE
  5
1C6
102
{ACAD_REACTORS
330
10C
102
}
330
10C
100
AcDbScale
 70
     0
300
1:40
140
1.0
141
40.0
290
     0
  0
SCALE
  5
1C7
102
{ACAD_REACTORS
330
10C
102
}
330
10C
100
AcDbScale
 70
     0
300
1:50
140
1.0
141
50.0
290
     0
  0
SCALE
  5
1C8
102
{ACAD_REACTORS
330
10C
102
}
330
10C
100
AcDbScale
 70
     0
300
1:100
140
1.0
141
100.0
290
     0
  0
SCALE
  5
1C9
102
{ACAD_REACTORS
330
10C
102
}
330
10C
100
AcDbScale
 70
     0
300
2:1
140
2.0
141
1.0
290
     0
  0
SCALE
  5
1CA
102
{ACAD_REACTORS
330
10C
102
}
330
10C
100
AcDbScale
 70
     0
300
4:1
140
4.0
141
1.0
290
     0
  0
SCALE
  5
1CB
102
{ACAD_REACTORS
330
10C
102
}
330
10C
100
AcDbScale
 70
     0
300
8:1
140
8.0
141
1.0
290
     0
  0
SCALE
  5
1CC
102
{ACAD_REACTORS
330
10C
102
}
330
10C
100
AcDbScale
 70
     0
300
10:1
140
10.0
141
1.0
290
     0
  0
SCALE
  5
1CD
102
{ACAD_REACTORS
330
10C
102
}
330
10C
100
AcDbScale
 70
     0
300
100:1
140
100.0
141
1.0
290
     0
  0
ACDBSECTIONVIEWSTYLE
  5
5D3
102
{ACAD_REACTORS
330
219
102
}
330
219
100
AcDbModelDocViewStyle
 70
     0
  3
Imperial24
290
     0
300
Imperial24
 90
        0
100
AcDbSectionViewStyle
 70
     0
 71
     0
 90
       78
 71
     1
340
11
 62
   256
 40
0.24
340
0
340
0
 62
   256
 40
0.24
300
I, O, Q, S, X, Z
 40
0.48
 90
        3
 40
0.18
 90
        1
 71
     2
340
16
 90
       25
 62
   256
340
16
 90
       50
 62
   256
 40
0.24
 40
0.0
 40
0.24
 71
     3
340
11
 62
   256
 40
0.24
 90
        1
 40
0.75
 90
        1
300
%<\AcVar ViewType \f "%tc1">% %<\AcVar ViewSectionStartId>%-%<\AcVar ViewSectionEndId>%\PSCALE %<\AcVar ViewScale \f "%sn">%
 71
     4
 62
   256
 62
   257
300
ANSI31
 40
1.0
 90
        0
290
     0
290
     0
 90
        6
 40
0.0
 40
1.570796326794896
 40
0.2617993877991494
 40
1.308996938995747
 40
-0.2617993877991494
 40
1.832595714594046
  0
ACDBSECTIONVIEWSTYLE
  5
21A
102
{ACAD_REACTORS
330
219
102
}
330
219
100
AcDbModelDocViewStyle
 70
     0
  3
Metric50
290
     0
300
Metric50
 90
        0
100
AcDbSectionViewStyle
 70
     0
 71
     0
 90
      102
 71
     1
340
11
 62
   256
 40
5.0
340
0
340
0
 62
   256
 40
5.0
300
I, O, Q, S, X, Z
 40
10.0
 90
        0
 40
2.5
 90
        0
 71
     2
340
16
 90
       25
 62
   256
340
16
 90
       50
 62
   256
 40
5.0
 40
2.5
 40
5.0
 71
     3
340
11
 62
   256
 40
5.0
 90
        0
 40
15.0
 90
        1
300
%<\AcVar ViewSectionStartId>%-%<\AcVar ViewSectionEndId>% (%<\AcVar ViewScale \f "%sn">%)
 71
     4
 62
   256
 62
   257
300
ANSI31
 40
1.0
 90
        0
290
     0
290
     0
 90
        6
 40
0.0
 40
1.570796326794896
 40
0.2617993877991494
 40
1.308996938995747
 40
-0.2617993877991494
 40
1.832595714594046
  0
TABLESTYLE
  5
7F
102
{ACAD_XDICTIONARY
360
162
102
}
102
{ACAD_REACTORS
330
7E
102
}
330
7E
100
AcDbTableStyle
280
     0
  3
Standard
 70
     0
 71
     0
 40
1.5
 41
1.5
280
     0
281
     0
  7
Standard
140
4.5
170
     2
 62
     0
 63
     7
283
     0
 90
      512
 91
        0
  1

274
    -2
284
     1
 64
     0
275
    -2
285
     1
 65
     0
276
    -2
286
     1
 66
     0
277
    -2
287
     1
 67
     0
278
    -2
288
     1
 68
     0
279
    -2
289
     1
 69
     0
  7
Standard
140
6.0
170
     5
 62
     0
 63
     7
283
     0
 90
      512
 91
        0
  1

274
    -2
284
     1
 64
     0
275
    -2
285
     1
 65
     0
276
    -2
286
     1
 66
     0
277
    -2
287
     1
 67
     0
278
    -2
288
     1
 68
     0
279
    -2
289
     1
 69
     0
  7
Standard
140
4.5
170
     5
 62
     0
 63
     7
283
     0
 90
      512
 91
        0
  1

274
    -2
284
     1
 64
     0
275
    -2
285
     1
 65
     0
276
    -2
286
     1
 66
     0
277
    -2
287
     1
 67
     0
278
    -2
288
     1
 68
     0
279
    -2
289
     1
 69
     0
  0
VISUALSTYLE
  5
F5
102
{ACAD_REACTORS
330
EF
102
}
330
EF
100
AcDbVisualStyle
  2
2dWireframe
 70
     4
177
     3
291
     0
 70
    58
 90
        0
176
     1
 90
        2
176
     1
 90
        1
176
     1
 90
        0
176
     1
 40
0.6
176
     1
 40
30.0
176
     1
 62
     7
420
 16777215
176
     1
 90
        1
176
     1
 90
        4
176
     1
 62
     7
176
     1
 62
   257
176
     1
 90
        1
176
     1
 90
        1
176
     1
 40
1.0
176
     1
 90
        0
176
     1
 62
   257
176
     1
 40
1.0
176
     1
 90
        1
176
     1
 90
        6
176
     1
 90
        2
176
     1
 62
     7
176
     1
 90
        5
176
     1
 90
        0
176
     1
 90
        0
176
     1
290
     0
176
     1
 90
        1
176
     1
 40
0.0
176
     1
 90
        0
176
     1
290
     1
176
     1
290
     1
176
     1
290
     0
176
     1
290
     0
176
     1
290
     0
176
     1
290
     0
176
     1
290
     0
176
     1
290
     0
176
     1
290
     0
176
     1
 90
       50
176
     1
 40
0.0
176
     1
 40
1.0
176
     1
 90
        0
176
     1
 62
    18
420
        0
176
     1
 90
       50
176
     1
 90
        3
176
     1
 62
     5
420
      255
176
     1
290
     0
176
     1
 90
       50
176
     1
 90
       50
176
     1
 90
       50
176
     1
290
     0
176
     1
 90
       50
176
     1
 62
   256
176
     0
 40
1.0
176
     0
 90
        2
176
     1
  1
strokes_ogs.tif
176
     1
290
     0
176
     1
 40
1.0
176
     1
 40
1.0
176
     1
  0
VISUALSTYLE
  5
F4
102
{ACAD_REACTORS
330
EF
102
}
330
EF
100
AcDbVisualStyle
  2
Basic
 70
     7
177
     3
291
     1
 70
    58
 90
        1
176
     1
 90
        0
176
     1
 90
        1
176
     1
 90
        0
176
     1
 40
0.6
176
     1
 40
30.0
176
     1
 62
     7
420
 16777215
176
     1
 90
        0
176
     1
 90
        4
176
     1
 62
     7
176
     1
 62
   257
176
     1
 90
        1
176
     1
 90
        1
176
     1
 40
1.0
176
     1
 90
        8
176
     1
 62
     7
176
     1
 40
1.0
176
     1
 90
        1
176
     1
 90
        6
176
     1
 90
        2
176
     1
 62
     7
176
     1
 90
        5
176
     1
 90
        0
176
     1
 90
        0
176
     1
290
     0
176
     1
 90
        1
176
     1
 40
0.0
176
     1
 90
        0
176
     1
290
     0
176
     1
290
     1
176
     1
290
     1
176
     1
290
     0
176
     1
290
     0
176
     1
290
     0
176
     1
290
     0
176
     1
290
     0
176
     1
290
     0
176
     1
 90
       50
176
     1
 40
0.0
176
     1
 40
1.0
176
     1
 90
        0
176
     1
 62
    18
420
        0
176
     1
 90
       50
176
     1
 90
        3
176
     1
 62
     5
420
      255
176
     1
290
     0
176
     1
 90
       50
176
     1
 90
       50
176
     1
 90
       50
176
     1
290
     0
176
     1
 90
       50
176
     1
 62
   256
176
     0
 40
1.0
176
     0
 90
        2
176
     1
  1
strokes_ogs.tif
176
     1
290
     0
176
     1
 40
1.0
176
     1
 40
1.0
176
     1
  0
VISUALSTYLE
  5
FB
102
{ACAD_REACTORS
330
EF
102
}
330
EF
100
AcDbVisualStyle
  2
Brighten
 70
    12
177
     3
291
     1
 70
    58
 90
        2
176
     1
 90
        2
176
     1
 90
        1
176
     1
 90
        0
176
     1
 40
0.6
176
     1
 40
30.0
176
     1
 62
     7
420
 16777215
176
     1
 90
        1
176
     1
 90
        4
176
     1
 62
     7
176
     1
 62
   257
176
     1
 90
        1
176
     1
 90
        1
176
     1
 40
1.0
176
     1
 90
        8
176
     1
 62
     7
176
     1
 40
1.0
176
     1
 90
        1
176
     1
 90
        6
176
     1
 90
        2
176
     1
 62
     7
176
     1
 90
        5
176
     1
 90
        0
176
     1
 90
        0
176
     1
290
     0
176
     1
 90
        1
176
     1
 40
50.0
176
     1
 90
        0
176
     1
290
     0
176
     1
290
     1
176
     1
290
     1
176
     1
290
     0
176
     1
290
     0
176
     1
290
     0
176
     1
290
     0
176
     1
290
     0
176
     1
290
     0
176
     1
 90
       50
176
     1
 40
0.0
176
     1
 40
1.0
176
     1
 90
        0
176
     1
 62
    18
420
        0
176
     1
 90
       50
176
     1
 90
        3
176
     1
 62
     5
420
      255
176
     1
290
     0
176
     1
 90
       50
176
     1
 90
       50
176
     1
 90
       50
176
     1
290
     0
176
     1
 90
       50
176
     1
 62
   256
176
     0
 40
1.0
176
     0
 90
        2
176
     1
  1
strokes_ogs.tif
176
     1
290
     0
176
     1
 40
1.0
176
     1
 40
1.0
176
     1
  0
VISUALSTYLE
  5
FF
102
{ACAD_REACTORS
330
EF
102
}
330
EF
100
AcDbVisualStyle
  2
ColorChange
 70
    16
177
     3
291
     1
 70
    58
 90
        2
176
     1
 90
        2
176
     1
 90
        3
176
     1
 90
        0
176
     1
 40
0.6
176
     1
 40
30.0
176
     1
 62
     8
420
  8421504
176
     1
 90
        1
176
     1
 90
        4
176
     1
 62
     7
176
     1
 62
   257
176
     1
 90
        1
176
     1
 90
        1
176
     1
 40
1.0
176
     1
 90
        8
176
     1
 62
     8
420
  8421504
176
     1
 40
1.0
176
     1
 90
        1
176
     1
 90
        6
176
     1
 90
        2
176
     1
 62
     7
176
     1
 90
        5
176
     1
 90
        0
176
     1
 90
        0
176
     1
290
     0
176
     1
 90
        1
176
     1
 40
0.0
176
     1
 90
        0
176
     1
290
     0
176
     1
290
     1
176
     1
290
     1
176
     1
290
     0
176
     1
290
     0
176
     1
290
     0
176
     1
290
     0
176
     1
290
     0
176
     1
290
     0
176
     1
 90
       50
176
     1
 40
0.0
176
     1
 40
1.0
176
     1
 90
        0
176
     1
 62
    18
420
        0
176
     1
 90
       50
176
     1
 90
        3
176
     1
 62
     5
420
      255
176
     1
290
     0
176
     1
 90
       50
176
     1
 90
       50
176
     1
 90
       50
176
     1
290
     0
176
     1
 90
       50
176
     1
 62
   256
176
     0
 40
1.0
176
     0
 90
        2
176
     1
  1
strokes_ogs.tif
176
     1
290
     0
176
     1
 40
1.0
176
     1
 40
1.0
176
     1
  0
VISUALSTYLE
  5
F8
102
{ACAD_REACTORS
330
EF
102
}
330
EF
100
AcDbVisualStyle
  2
Conceptual
 70
     9
177
     3
291
     0
 70
    58
 90
        3
176
     1
 90
        2
176
     1
 90
        1
176
     1
 90
        0
176
     1
 40
0.6
176
     1
 40
30.0
176
     1
 62
     7
420
 16777215
176
     1
 90
        2
176
     1
 90
        2
176
     1
 62
     7
176
     1
 62
   257
176
     1
 90
        1
176
     1
 90
        1
176
     1
 40
40.0
176
     1
 90
        8
176
     1
 62
     7
176
     1
 40
1.0
176
     1
 90
        1
176
     1
 90
        6
176
     1
 90
        2
176
     1
 62
     7
176
     1
 90
        3
176
     1
 90
        0
176
     1
 90
        0
176
     1
290
     0
176
     1
 90
        1
176
     1
 40
0.0
176
     1
 90
        0
176
     1
290
     0
176
     1
290
     1
176
     1
290
     1
176
     1
290
     0
176
     1
290
     0
176
     1
290
     0
176
     1
290
     0
176
     1
290
     0
176
     1
290
     0
176
     1
 90
       50
176
     1
 40
0.0
176
     1
 40
1.0
176
     1
 90
        0
176
     1
 62
    18
420
        0
176
     1
 90
       50
176
     1
 90
        3
176
     1
 62
     5
420
      255
176
     1
290
     0
176
     1
 90
       50
176
     1
 90
       50
176
     1
 90
       50
176
     1
290
     0
176
     1
 90
       50
176
     1
 62
   256
176
     0
 40
1.0
176
     0
 90
        2
176
     1
  1
strokes_ogs.tif
176
     1
290
     0
176
     1
 40
1.0
176
     1
 40
1.0
176
     1
  0
VISUALSTYLE
  5
FA
102
{ACAD_REACTORS
330
EF
102
}
330
EF
100
AcDbVisualStyle
  2
Dim
 70
    11
177
     3
291
     1
 70
    58
 90
        2
176
     1
 90
        2
176
     1
 90
        1
176
     1
 90
        0
176
     1
 40
0.6
176
     1
 40
30.0
176
     1
 62
     7
420
 16777215
176
     1
 90
        1
176
     1
 90
        4
176
     1
 62
     7
176
     1
 62
   257
176
     1
 90
        1
176
     1
 90
        1
176
     1
 40
1.0
176
     1
 90
        8
176
     1
 62
     7
176
     1
 40
1.0
176
     1
 90
        1
176
     1
 90
        6
176
     1
 90
        2
176
     1
 62
     7
176
     1
 90
        5
176
     1
 90
        0
176
     1
 90
        0
176
     1
290
     0
176
     1
 90
        1
176
     1
 40
-50.0
176
     1
 90
        0
176
     1
290
     0
176
     1
290
     1
176
     1
290
     1
176
     1
290
     0
176
     1
290
     0
176
     1
290
     0
176
     1
290
     0
176
     1
290
     0
176
     1
290
     0
176
     1
 90
       50
176
     1
 40
0.0
176
     1
 40
1.0
176
     1
 90
        0
176
     1
 62
    18
420
        0
176
     1
 90
       50
176
     1
 90
        3
176
     1
 62
     5
420
      255
176
     1
290
     0
176
     1
 90
       50
176
     1
 90
       50
176
     1
 90
       50
176
     1
290
     0
176
     1
 90
       50
176
     1
 62
   256
176
     0
 40
1.0
176
     0
 90
        2
176
     1
  1
strokes_ogs.tif
176
     1
290
     0
176
     1
 40
1.0
176
     1
 40
1.0
176
     1
  0
VISUALSTYLE
  5
1E6
102
{ACAD_REACTORS
330
EF
102
}
330
EF
100
AcDbVisualStyle
  2
EdgeColorOff
 70
    22
177
     3
291
     1
 70
    58
 90
        2
176
     0
 90
        2
176
     0
 90
        0
176
     0
 90
        0
176
     0
 40
0.6
176
     0
 40
30.0
176
     0
 62
     7
420
 16777215
176
     0
 90
        1
176
     0
 90
        4
176
     0
 62
     7
176
     0
 62
   257
176
     0
 90
        1
176
     0
 90
        1
176
     0
 40
1.0
176
     0
 90
        8
176
     2
 62
     7
176
     0
 40
1.0
176
     0
 90
        1
176
     0
 90
        6
176
     0
 90
        2
176
     0
 62
     7
176
     0
 90
        5
176
     0
 90
        0
176
     0
 90
        0
176
     0
290
     0
176
     0
 90
        1
176
     0
 40
0.0
176
     0
 90
        0
176
     0
290
     0
176
     1
290
     1
176
     1
290
     1
176
     1
290
     0
176
     1
290
     0
176
     1
290
     0
176
     1
290
     0
176
     1
290
     0
176
     1
290
     0
176
     1
 90
       50
176
     1
 40
0.0
176
     1
 40
1.0
176
     1
 90
        0
176
     1
 62
    18
420
        0
176
     1
 90
       50
176
     1
 90
        3
176
     1
 62
     5
420
      255
176
     1
290
     0
176
     1
 90
       50
176
     1
 90
       50
176
     1
 90
       50
176
     1
290
     0
176
     1
 90
       50
176
     1
 62
   256
176
     0
 40
1.0
176
     0
 90
        2
176
     1
  1
strokes_ogs.tif
176
     1
290
     0
176
     1
 40
1.0
176
     1
 40
1.0
176
     1
  0
VISUALSTYLE
  5
FE
102
{ACAD_REACTORS
330
EF
102
}
330
EF
100
AcDbVisualStyle
  2
Facepattern
 70
    15
177
     3
291
     1
 70
    58
 90
        2
176
     1
 90
        2
176
     1
 90
        1
176
     1
 90
        0
176
     1
 40
0.6
176
     1
 40
30.0
176
     1
 62
     7
420
 16777215
176
     1
 90
        1
176
     1
 90
        4
176
     1
 62
     7
176
     1
 62
   257
176
     1
 90
        1
176
     1
 90
        1
176
     1
 40
1.0
176
     1
 90
        8
176
     1
 62
     7
176
     1
 40
1.0
176
     1
 90
        1
176
     1
 90
        6
176
     1
 90
        2
176
     1
 62
     7
176
     1
 90
        5
176
     1
 90
        0
176
     1
 90
        0
176
     1
290
     0
176
     1
 90
        1
176
     1
 40
0.0
176
     1
 90
        0
176
     1
290
     0
176
     1
290
     1
176
     1
290
     1
176
     1
290
     0
176
     1
290
     0
176
     1
290
     0
176
     1
290
     0
176
     1
290
     0
176
     1
290
     0
176
     1
 90
       50
176
     1
 40
0.0
176
     1
 40
1.0
176
     1
 90
        0
176
     1
 62
    18
420
        0
176
     1
 90
       50
176
     1
 90
        3
176
     1
 62
     5
420
      255
176
     1
290
     0
176
     1
 90
       50
176
     1
 90
       50
176
     1
 90
       50
176
     1
290
     0
176
     1
 90
       50
176
     1
 62
   256
176
     0
 40
1.0
176
     0
 90
        2
176
     1
  1
strokes_ogs.tif
176
     1
290
     0
176
     1
 40
1.0
176
     1
 40
1.0
176
     1
  0
VISUALSTYLE
  5
F0
102
{ACAD_REACTORS
330
EF
102
}
330
EF
100
AcDbVisualStyle
  2
Flat
 70
     0
177
     3
291
     1
 70
    58
 90
        2
176
     1
 90
        1
176
     1
 90
        1
176
     1
 90
        2
176
     1
 40
0.6
176
     1
 40
30.0
176
     1
 62
     7
420
 16777215
176
     1
 90
        0
176
     1
 90
        0
176
     1
 62
     7
176
     1
 62
   257
176
     1
 90
        1
176
     1
 90
        1
176
     1
 40
1.0
176
     1
 90
        8
176
     1
 62
     7
176
     1
 40
1.0
176
     1
 90
        1
176
     1
 90
        6
176
     1
 90
        2
176
     1
 62
     7
176
     1
 90
        5
176
     1
 90
        0
176
     1
 90
        0
176
     1
290
     0
176
     1
 90
       13
176
     1
 40
0.0
176
     1
 90
        0
176
     1
290
     0
176
     1
290
     1
176
     1
290
     1
176
     1
290
     0
176
     1
290
     0
176
     1
290
     0
176
     1
290
     0
176
     1
290
     0
176
     1
290
     0
176
     1
 90
       50
176
     1
 40
0.0
176
     1
 40
1.0
176
     1
 90
        0
176
     1
 62
    18
420
        0
176
     1
 90
       50
176
     1
 90
        3
176
     1
 62
     5
420
      255
176
     1
290
     0
176
     1
 90
       50
176
     1
 90
       50
176
     1
 90
       50
176
     1
290
     0
176
     1
 90
       50
176
     1
 62
   256
176
     0
 40
1.0
176
     0
 90
        2
176
     1
  1
strokes_ogs.tif
176
     1
290
     0
176
     1
 40
1.0
176
     1
 40
1.0
176
     1
  0
VISUALSTYLE
  5
F1
102
{ACAD_REACTORS
330
EF
102
}
330
EF
100
AcDbVisualStyle
  2
FlatWithEdges
 70
     1
177
     3
291
     1
 70
    58
 90
        2
176
     1
 90
        1
176
     1
 90
        1
176
     1
 90
        2
176
     1
 40
0.6
176
     1
 40
30.0
176
     1
 62
     7
420
 16777215
176
     1
 90
        1
176
     1
 90
        0
176
     1
 62
     7
176
     1
 62
   257
176
     1
 90
        1
176
     1
 90
        1
176
     1
 40
1.0
176
     1
 90
        0
176
     1
 62
   257
176
     1
 40
1.0
176
     1
 90
        1
176
     1
 90
        6
176
     1
 90
        2
176
     1
 62
     7
176
     1
 90
        5
176
     1
 90
        0
176
     1
 90
        0
176
     1
290
     0
176
     1
 90
       13
176
     1
 40
0.0
176
     1
 90
        0
176
     1
290
     0
176
     1
290
     1
176
     1
290
     1
176
     1
290
     0
176
     1
290
     0
176
     1
290
     0
176
     1
290
     0
176
     1
290
     0
176
     1
290
     0
176
     1
 90
       50
176
     1
 40
0.0
176
     1
 40
1.0
176
     1
 90
        0
176
     1
 62
    18
420
        0
176
     1
 90
       50
176
     1
 90
        3
176
     1
 62
     5
420
      255
176
     1
290
     0
176
     1
 90
       50
176
     1
 90
       50
176
     1
 90
       50
176
     1
290
     0
176
     1
 90
       50
176
     1
 62
   256
176
     0
 40
1.0
176
     0
 90
        2
176
     1
  1
strokes_ogs.tif
176
     1
290
     0
176
     1
 40
1.0
176
     1
 40
1.0
176
     1
  0
VISUALSTYLE
  5
F2
102
{ACAD_REACTORS
330
EF
102
}
330
EF
100
AcDbVisualStyle
  2
Gouraud
 70
     2
177
     3
291
     1
 70
    58
 90
        2
176
     1
 90
        2
176
     1
 90
        1
176
     1
 90
        2
176
     1
 40
0.6
176
     1
 40
30.0
176
     1
 62
     7
420
 16777215
176
     1
 90
        0
176
     1
 90
        0
176
     1
 62
     7
176
     1
 62
   257
176
     1
 90
        1
176
     1
 90
        1
176
     1
 40
1.0
176
     1
 90
        0
176
     1
 62
     7
176
     1
 40
1.0
176
     1
 90
        1
176
     1
 90
        6
176
     1
 90
        2
176
     1
 62
     7
176
     1
 90
        5
176
     1
 90
        0
176
     1
 90
        0
176
     1
290
     0
176
     1
 90
       13
176
     1
 40
0.0
176
     1
 90
        0
176
     1
290
     0
176
     1
290
     1
176
     1
290
     1
176
     1
290
     0
176
     1
290
     0
176
     1
290
     0
176
     1
290
     0
176
     1
290
     0
176
     1
290
     0
176
     1
 90
       50
176
     1
 40
0.0
176
     1
 40
1.0
176
     1
 90
        0
176
     1
 62
    18
420
        0
176
     1
 90
       50
176
     1
 90
        3
176
     1
 62
     5
420
      255
176
     1
290
     0
176
     1
 90
       50
176
     1
 90
       50
176
     1
 90
       50
176
     1
290
     0
176
     1
 90
       50
176
     1
 62
   256
176
     0
 40
1.0
176
     0
 90
        2
176
     1
  1
strokes_ogs.tif
176
     1
290
     0
176
     1
 40
1.0
176
     1
 40
1.0
176
     1
  0
VISUALSTYLE
  5
F3
102
{ACAD_REACTORS
330
EF
102
}
330
EF
100
AcDbVisualStyle
  2
GouraudWithEdges
 70
     3
177
     3
291
     1
 70
    58
 90
        2
176
     1
 90
        2
176
     1
 90
        1
176
     1
 90
        2
176
     1
 40
0.6
176
     1
 40
30.0
176
     1
 62
     7
420
 16777215
176
     1
 90
        1
176
     1
 90
        0
176
     1
 62
     7
176
     1
 62
   257
176
     1
 90
        1
176
     1
 90
        1
176
     1
 40
1.0
176
     1
 90
        0
176
     1
 62
   257
176
     1
 40
1.0
176
     1
 90
        1
176
     1
 90
        6
176
     1
 90
        2
176
     1
 62
     7
176
     1
 90
        5
176
     1
 90
        0
176
     1
 90
        0
176
     1
290
     0
176
     1
 90
       13
176
     1
 40
0.0
176
     1
 90
        0
176
     1
290
     0
176
     1
290
     1
176
     1
290
     1
176
     1
290
     0
176
     1
290
     0
176
     1
290
     0
176
     1
290
     0
176
     1
290
     0
176
     1
290
     0
176
     1
 90
       50
176
     1
 40
0.0
176
     1
 40
1.0
176
     1
 90
        0
176
     1
 62
    18
420
        0
176
     1
 90
       50
176
     1
 90
        3
176
     1
 62
     5
420
      255
176
     1
290
     0
176
     1
 90
       50
176
     1
 90
       50
176
     1
 90
       50
176
     1
290
     0
176
     1
 90
       50
176
     1
 62
   256
176
     0
 40
1.0
176
     0
 90
        2
176
     1
  1
strokes_ogs.tif
176
     1
290
     0
176
     1
 40
1.0
176
     1
 40
1.0
176
     1
  0
VISUALSTYLE
  5
F7
102
{ACAD_REACTORS
330
EF
102
}
330
EF
100
AcDbVisualStyle
  2
Hidden
 70
     6
177
     3
291
     0
 70
    58
 90
        1
176
     1
 90
        2
176
     1
 90
        2
176
     1
 90
        0
176
     1
 40
0.6
176
     1
 40
30.0
176
     1
 62
     7
420
 16777215
176
     1
 90
        2
176
     1
 90
        2
176
     1
 62
     7
176
     1
 62
   257
176
     1
 90
        2
176
     1
 90
        1
176
     1
 40
40.0
176
     1
 90
        0
176
     1
 62
   257
176
     1
 40
1.0
176
     1
 90
        1
176
     1
 90
        6
176
     1
 90
        2
176
     1
 62
     7
176
     1
 90
        3
176
     1
 90
        0
176
     1
 90
        0
176
     1
290
     0
176
     1
 90
        1
176
     1
 40
0.0
176
     1
 90
        0
176
     1
290
     0
176
     1
290
     1
176
     1
290
     1
176
     1
290
     0
176
     1
290
     0
176
     1
290
     0
176
     1
290
     0
176
     1
290
     0
176
     1
290
     0
176
     1
 90
       50
176
     1
 40
0.0
176
     1
 40
1.0
176
     1
 90
        0
176
     1
 62
    18
420
        0
176
     1
 90
       50
176
     1
 90
        3
176
     1
 62
     5
420
      255
176
     1
290
     0
176
     1
 90
       50
176
     1
 90
       50
176
     1
 90
       50
176
     1
290
     0
176
     1
 90
       50
176
     1
 62
   256
176
     0
 40
1.0
176
     0
 90
        2
176
     1
  1
strokes_ogs.tif
176
     1
290
     0
176
     1
 40
1.0
176
     1
 40
1.0
176
     1
  0
VISUALSTYLE
  5
1E4
102
{ACAD_REACTORS
330
EF
102
}
330
EF
100
AcDbVisualStyle
  2
JitterOff
 70
    20
177
     3
291
     1
 70
    58
 90
        2
176
     0
 90
        2
176
     0
 90
        0
176
     0
 90
        0
176
     0
 40
0.6
176
     0
 40
30.0
176
     0
 62
     7
420
 16777215
176
     0
 90
        1
176
     0
 90
        4
176
     0
 62
     7
176
     0
 62
   257
176
     0
 90
        1
176
     0
 90
        1
176
     0
 40
1.0
176
     0
 90
       10
176
     2
 62
     7
176
     0
 40
1.0
176
     0
 90
        1
176
     0
 90
        6
176
     0
 90
        2
176
     0
 62
     7
176
     0
 90
        5
176
     0
 90
        0
176
     0
 90
        0
176
     0
290
     0
176
     0
 90
        1
176
     0
 40
0.0
176
     0
 90
        0
176
     0
290
     0
176
     1
290
     1
176
     1
290
     1
176
     1
290
     0
176
     1
290
     0
176
     1
290
     0
176
     1
290
     0
176
     1
290
     0
176
     1
290
     0
176
     1
 90
       50
176
     1
 40
0.0
176
     1
 40
1.0
176
     1
 90
        0
176
     1
 62
    18
420
        0
176
     1
 90
       50
176
     1
 90
        3
176
     1
 62
     5
420
      255
176
     1
290
     0
176
     1
 90
       50
176
     1
 90
       50
176
     1
 90
       50
176
     1
290
     0
176
     1
 90
       50
176
     1
 62
   256
176
     0
 40
1.0
176
     0
 90
        2
176
     1
  1
strokes_ogs.tif
176
     1
290
     0
176
     1
 40
1.0
176
     1
 40
1.0
176
     1
  0
VISUALSTYLE
  5
FD
102
{ACAD_REACTORS
330
EF
102
}
330
EF
100
AcDbVisualStyle
  2
Linepattern
 70
    14
177
     3
291
     1
 70
    58
 90
        2
176
     1
 90
        2
176
     1
 90
        1
176
     1
 90
        0
176
     1
 40
0.6
176
     1
 40
30.0
176
     1
 62
     7
420
 16777215
176
     1
 90
        1
176
     1
 90
        4
176
     1
 62
     7
176
     1
 62
   257
176
     1
 90
        7
176
     1
 90
        7
176
     1
 40
1.0
176
     1
 90
        8
176
     1
 62
     7
176
     1
 40
1.0
176
     1
 90
        1
176
     1
 90
        6
176
     1
 90
        2
176
     1
 62
     7
176
     1
 90
        5
176
     1
 90
        0
176
     1
 90
        0
176
     1
290
     0
176
     1
 90
        1
176
     1
 40
0.0
176
     1
 90
        0
176
     1
290
     0
176
     1
290
     1
176
     1
290
     1
176
     1
290
     0
176
     1
290
     0
176
     1
290
     0
176
     1
290
     0
176
     1
290
     0
176
     1
290
     0
176
     1
 90
       50
176
     1
 40
0.0
176
     1
 40
1.0
176
     1
 90
        0
176
     1
 62
    18
420
        0
176
     1
 90
       50
176
     1
 90
        3
176
     1
 62
     5
420
      255
176
     1
290
     0
176
     1
 90
       50
176
     1
 90
       50
176
     1
 90
       50
176
     1
290
     0
176
     1
 90
       50
176
     1
 62
   256
176
     0
 40
1.0
176
     0
 90
        2
176
     1
  1
strokes_ogs.tif
176
     1
290
     0
176
     1
 40
1.0
176
     1
 40
1.0
176
     1
  0
VISUALSTYLE
  5
1E5
102
{ACAD_REACTORS
330
EF
102
}
330
EF
100
AcDbVisualStyle
  2
OverhangOff
 70
    21
177
     3
291
     1
 70
    58
 90
        2
176
     0
 90
        2
176
     0
 90
        0
176
     0
 90
        0
176
     0
 40
0.6
176
     0
 40
30.0
176
     0
 62
     7
420
 16777215
176
     0
 90
        1
176
     0
 90
        4
176
     0
 62
     7
176
     0
 62
   257
176
     0
 90
        1
176
     0
 90
        1
176
     0
 40
1.0
176
     0
 90
        9
176
     2
 62
     7
176
     0
 40
1.0
176
     0
 90
        1
176
     0
 90
        6
176
     0
 90
        2
176
     0
 62
     7
176
     0
 90
        5
176
     0
 90
        0
176
     0
 90
        0
176
     0
290
     0
176
     0
 90
        1
176
     0
 40
0.0
176
     0
 90
        0
176
     0
290
     0
176
     1
290
     1
176
     1
290
     1
176
     1
290
     0
176
     1
290
     0
176
     1
290
     0
176
     1
290
     0
176
     1
290
     0
176
     1
290
     0
176
     1
 90
       50
176
     1
 40
0.0
176
     1
 40
1.0
176
     1
 90
        0
176
     1
 62
    18
420
        0
176
     1
 90
       50
176
     1
 90
        3
176
     1
 62
     5
420
      255
176
     1
290
     0
176
     1
 90
       50
176
     1
 90
       50
176
     1
 90
       50
176
     1
290
     0
176
     1
 90
       50
176
     1
 62
   256
176
     0
 40
1.0
176
     0
 90
        2
176
     1
  1
strokes_ogs.tif
176
     1
290
     0
176
     1
 40
1.0
176
     1
 40
1.0
176
     1
  0
VISUALSTYLE
  5
F9
102
{ACAD_REACTORS
330
EF
102
}
330
EF
100
AcDbVisualStyle
  2
Realistic
 70
     8
177
     3
291
     0
 70
    58
 90
        2
176
     1
 90
        3
176
     1
 90
        0
176
     1
 90
        2
176
     1
 40
0.6
176
     1
 40
30.0
176
     1
 62
     7
420
 16777215
176
     1
 90
        0
176
     1
 90
        0
176
     1
 62
     7
176
     1
 62
   257
176
     1
 90
        1
176
     1
 90
        1
176
     1
 40
1.0
176
     1
 90
        8
176
     1
 62
   257
176
     1
 40
1.0
176
     1
 90
        1
176
     1
 90
        6
176
     1
 90
        2
176
     1
 62
     7
176
     1
 90
        3
176
     1
 90
        0
176
     1
 90
        0
176
     1
290
     0
176
     1
 90
       13
176
     1
 40
0.0
176
     1
 90
        0
176
     1
290
     0
176
     1
290
     1
176
     1
290
     1
176
     1
290
     0
176
     1
290
     0
176
     1
290
     0
176
     1
290
     0
176
     1
290
     0
176
     1
290
     0
176
     1
 90
       50
176
     1
 40
0.0
176
     1
 40
1.0
176
     1
 90
        0
176
     1
 62
    18
420
        0
176
     1
 90
       50
176
     1
 90
        3
176
     1
 62
     5
420
      255
176
     1
290
     0
176
     1
 90
       50
176
     1
 90
       50
176
     1
 90
       50
176
     1
290
     0
176
     1
 90
       50
176
     1
 62
   256
176
     0
 40
1.0
176
     0
 90
        2
176
     1
  1
strokes_ogs.tif
176
     1
290
     0
176
     1
 40
1.0
176
     1
 40
1.0
176
     1
  0
VISUALSTYLE
  5
1F3
102
{ACAD_REACTORS
330
EF
102
}
330
EF
100
AcDbVisualStyle
  2
Shaded
 70
    27
177
     3
291
     0
 70
    58
 90
        2
176
     1
 90
        2
176
     1
 90
        1
176
     1
 90
        2
176
     1
 40
0.6
176
     1
 40
30.0
176
     1
 62
     7
420
 16777215
176
     1
 90
        0
176
     1
 90
        4
176
     1
 62
     7
176
     1
 62
   257
176
     1
 90
        1
176
     1
 90
        1
176
     1
 40
1.0
176
     1
 90
        8
176
     1
 62
   257
176
     1
 40
1.0
176
     1
 90
        1
176
     1
 90
        6
176
     1
 90
        2
176
     1
 62
     8
420
  7895160
176
     1
 90
        3
176
     1
 90
        0
176
     1
 90
        0
176
     1
290
     0
176
     1
 90
        5
176
     1
 40
0.0
176
     1
 90
        0
176
     1
290
     0
176
     1
290
     1
176
     1
290
     1
176
     1
290
     0
176
     1
290
     0
176
     1
290
     0
176
     1
290
     0
176
     1
290
     0
176
     1
290
     0
176
     1
 90
       50
176
     1
 40
0.0
176
     1
 40
1.0
176
     1
 90
        0
176
     1
 62
    18
420
        0
176
     1
 90
       50
176
     1
 90
        3
176
     1
 62
     5
420
      255
176
     1
290
     0
176
     1
 90
       50
176
     1
 90
       50
176
     1
 90
       50
176
     1
290
     0
176
     1
 90
       50
176
     1
 62
   256
176
     0
 40
1.0
176
     0
 90
        2
176
     1
  1
strokes_ogs.tif
176
     1
290
     0
176
     1
 40
1.0
176
     1
 40
1.0
176
     1
  0
VISUALSTYLE
  5
1F2
102
{ACAD_REACTORS
330
EF
102
}
330
EF
100
AcDbVisualStyle
  2
Shaded with edges
 70
    26
177
     3
291
     0
 70
    58
 90
        2
176
     1
 90
        2
176
     1
 90
        1
176
     1
 90
        2
176
     1
 40
0.6
176
     1
 40
30.0
176
     1
 62
     7
420
 16777215
176
     1
 90
        1
176
     1
 90
        2
176
     1
 62
     7
176
     1
 62
   257
176
     1
 90
        2
176
     1
 90
        1
176
     1
 40
1.0
176
     1
 90
        8
176
     1
 62
   257
176
     1
 40
1.0
176
     1
 90
        1
176
     1
 90
        6
176
     1
 90
        2
176
     1
 62
     7
176
     1
 90
        3
176
     1
 90
        0
176
     1
 90
        0
176
     1
290
     0
176
     1
 90
        5
176
     1
 40
0.0
176
     1
 90
        0
176
     1
290
     0
176
     1
290
     1
176
     1
290
     1
176
     1
290
     0
176
     1
290
     0
176
     1
290
     0
176
     1
290
     0
176
     1
290
     0
176
     1
290
     0
176
     1
 90
       50
176
     1
 40
0.0
176
     1
 40
1.0
176
     1
 90
        0
176
     1
 62
    18
420
        0
176
     1
 90
       50
176
     1
 90
        3
176
     1
 62
     5
420
      255
176
     1
290
     0
176
     1
 90
       50
176
     1
 90
       50
176
     1
 90
       50
176
     1
290
     0
176
     1
 90
       50
176
     1
 62
   256
176
     0
 40
1.0
176
     0
 90
        2
176
     1
  1
strokes_ogs.tif
176
     1
290
     0
176
     1
 40
1.0
176
     1
 40
1.0
176
     1
  0
VISUALSTYLE
  5
1EF
102
{ACAD_REACTORS
330
EF
102
}
330
EF
100
AcDbVisualStyle
  2
Shades of Gray
 70
    23
177
     3
291
     0
 70
    58
 90
        2
176
     1
 90
        2
176
     1
 90
        3
176
     1
 90
        0
176
     1
 40
0.6
176
     1
 40
30.0
176
     1
 62
     7
420
 16777215
176
     1
 90
        2
176
     1
 90
        2
176
     1
 62
     7
176
     1
 62
     7
176
     1
 90
        1
176
     1
 90
        1
176
     1
 40
40.0
176
     1
 90
        8
176
     1
 62
     7
176
     1
 40
1.0
176
     1
 90
        1
176
     1
 90
        6
176
     1
 90
        2
176
     1
 62
     7
176
     1
 90
        3
176
     1
 90
        0
176
     1
 90
        0
176
     1
290
     0
176
     1
 90
        1
176
     1
 40
0.0
176
     1
 90
        0
176
     1
290
     0
176
     1
290
     1
176
     1
290
     1
176
     1
290
     0
176
     1
290
     0
176
     1
290
     0
176
     1
290
     0
176
     1
290
     0
176
     1
290
     0
176
     1
 90
       50
176
     1
 40
0.0
176
     1
 40
1.0
176
     1
 90
        0
176
     1
 62
    18
420
        0
176
     1
 90
       50
176
     1
 90
        3
176
     1
 62
     5
420
      255
176
     1
290
     0
176
     1
 90
       50
176
     1
 90
       50
176
     1
 90
       50
176
     1
290
     0
176
     1
 90
       50
176
     1
 62
   256
176
     0
 40
1.0
176
     0
 90
        2
176
     1
  1
strokes_ogs.tif
176
     1
290
     0
176
     1
 40
1.0
176
     1
 40
1.0
176
     1
  0
VISUALSTYLE
  5
1F0
102
{ACAD_REACTORS
330
EF
102
}
330
EF
100
AcDbVisualStyle
  2
Sketchy
 70
    24
177
     3
291
     0
 70
    58
 90
        1
176
     1
 90
        2
176
     1
 90
        2
176
     1
 90
        0
176
     1
 40
0.6
176
     1
 40
30.0
176
     1
 62
     7
420
 16777215
176
     1
 90
        2
176
     1
 90
        2
176
     1
 62
     7
176
     1
 62
     7
176
     1
 90
        1
176
     1
 90
        1
176
     1
 40
40.0
176
     1
 90
       11
176
     1
 62
     7
176
     1
 40
1.0
176
     1
 90
        1
176
     1
 90
        6
176
     1
 90
        2
176
     1
 62
     7
176
     1
 90
        6
176
     1
 90
        0
176
     1
 90
        0
176
     1
290
     0
176
     1
 90
        1
176
     1
 40
0.0
176
     1
 90
        0
176
     1
290
     0
176
     1
290
     1
176
     1
290
     1
176
     1
290
     0
176
     1
290
     0
176
     1
290
     0
176
     1
290
     0
176
     1
290
     0
176
     1
290
     0
176
     1
 90
       50
176
     1
 40
0.0
176
     1
 40
1.0
176
     1
 90
        0
176
     1
 62
    18
420
        0
176
     1
 90
       50
176
     1
 90
        3
176
     1
 62
     5
420
      255
176
     1
290
     0
176
     1
 90
       50
176
     1
 90
       50
176
     1
 90
       50
176
     1
290
     0
176
     1
 90
       50
176
     1
 62
   256
176
     0
 40
1.0
176
     0
 90
        2
176
     1
  1
strokes_ogs.tif
176
     1
290
     0
176
     1
 40
1.0
176
     1
 40
1.0
176
     1
  0
VISUALSTYLE
  5
FC
102
{ACAD_REACTORS
330
EF
102
}
330
EF
100
AcDbVisualStyle
  2
Thicken
 70
    13
177
     3
291
     1
 70
    58
 90
        2
176
     1
 90
        2
176
     1
 90
        1
176
     1
 90
        0
176
     1
 40
0.6
176
     1
 40
30.0
176
     1
 62
     7
420
 16777215
176
     1
 90
        1
176
     1
 90
        4
176
     1
 62
     7
176
     1
 62
   257
176
     1
 90
        1
176
     1
 90
        1
176
     1
 40
1.0
176
     1
 90
       12
176
     1
 62
     7
176
     1
 40
1.0
176
     1
 90
        1
176
     1
 90
        6
176
     1
 90
        2
176
     1
 62
     7
176
     1
 90
        5
176
     1
 90
        0
176
     1
 90
        0
176
     1
290
     0
176
     1
 90
        1
176
     1
 40
0.0
176
     1
 90
        0
176
     1
290
     0
176
     1
290
     1
176
     1
290
     1
176
     1
290
     0
176
     1
290
     0
176
     1
290
     0
176
     1
290
     0
176
     1
290
     0
176
     1
290
     0
176
     1
 90
       50
176
     1
 40
0.0
176
     1
 40
1.0
176
     1
 90
        0
176
     1
 62
    18
420
        0
176
     1
 90
       50
176
     1
 90
        3
176
     1
 62
     5
420
      255
176
     1
290
     0
176
     1
 90
       50
176
     1
 90
       50
176
     1
 90
       50
176
     1
290
     0
176
     1
 90
       50
176
     1
 62
   256
176
     0
 40
1.0
176
     0
 90
        2
176
     1
  1
strokes_ogs.tif
176
     1
290
     0
176
     1
 40
1.0
176
     1
 40
1.0
176
     1
  0
VISUALSTYLE
  5
F6
102
{ACAD_REACTORS
330
EF
102
}
330
EF
100
AcDbVisualStyle
  2
Wireframe
 70
     5
177
     3
291
     0
 70
    58
 90
        0
176
     1
 90
        2
176
     1
 90
        0
176
     1
 90
        0
176
     1
 40
0.6
176
     1
 40
30.0
176
     1
 62
     7
420
 16777215
176
     1
 90
        1
176
     1
 90
        4
176
     1
 62
     7
176
     1
 62
   257
176
     1
 90
        1
176
     1
 90
        1
176
     1
 40
1.0
176
     1
 90
        0
176
     1
 62
   257
176
     1
 40
1.0
176
     1
 90
        1
176
     1
 90
        6
176
     1
 90
        2
176
     1
 62
     7
176
     1
 90
        3
176
     1
 90
        0
176
     1
 90
        0
176
     1
290
     0
176
     1
 90
        1
176
     1
 40
0.0
176
     1
 90
        0
176
     1
290
     0
176
     1
290
     1
176
     1
290
     1
176
     1
290
     0
176
     1
290
     0
176
     1
290
     0
176
     1
290
     0
176
     1
290
     0
176
     1
290
     0
176
     1
 90
       50
176
     1
 40
0.0
176
     1
 40
1.0
176
     1
 90
        0
176
     1
 62
    18
420
        0
176
     1
 90
       50
176
     1
 90
        3
176
     1
 62
     5
420
      255
176
     1
290
     0
176
     1
 90
       50
176
     1
 90
       50
176
     1
 90
       50
176
     1
290
     0
176
     1
 90
       50
176
     1
 62
   256
176
     0
 40
1.0
176
     0
 90
        2
176
     1
  1
strokes_ogs.tif
176
     1
290
     0
176
     1
 40
1.0
176
     1
 40
1.0
176
     1
  0
VISUALSTYLE
  5
1F1
102
{ACAD_REACTORS
330
EF
102
}
330
EF
100
AcDbVisualStyle
  2
X-Ray
 70
    25
177
     3
291
     0
 70
    58
 90
        2
176
     1
 90
        2
176
     1
 90
        1
176
     1
 90
        1
176
     1
 40
0.5
176
     1
 40
30.0
176
     1
 62
     7
420
 16777215
176
     1
 90
        1
176
     1
 90
        0
176
     1
 62
     7
176
     1
 62
   257
176
     1
 90
        1
176
     1
 90
        1
176
     1
 40
1.0
176
     1
 90
        8
176
     1
 62
     7
176
     1
 40
1.0
176
     1
 90
        1
176
     1
 90
        6
176
     1
 90
        2
176
     1
 62
     7
176
     1
 90
        3
176
     1
 90
        0
176
     1
 90
        0
176
     1
290
     0
176
     1
 90
       13
176
     1
 40
0.0
176
     1
 90
        0
176
     1
290
     0
176
     1
290
     1
176
     1
290
     1
176
     1
290
     0
176
     1
290
     0
176
     1
290
     0
176
     1
290
     0
176
     1
290
     0
176
     1
290
     0
176
     1
 90
       50
176
     1
 40
0.0
176
     1
 40
1.0
176
     1
 90
        0
176
     1
 62
    18
420
        0
176
     1
 90
       50
176
     1
 90
        3
176
     1
 62
     5
420
      255
176
     1
290
     0
176
     1
 90
       50
176
     1
 90
       50
176
     1
 90
       50
176
     1
290
     0
176
     1
 90
       50
176
     1
 62
   256
176
     0
 40
1.0
176
     0
 90
        2
176
     1
  1
strokes_ogs.tif
176
     1
290
     0
176
     1
 40
1.0
176
     1
 40
1.0
176
     1
  0
DICTIONARYVAR
  5
146
102
{ACAD_REACTORS
330
5E
102
}
330
5E
100
DictionaryVariables
280
     0
  1
1:1
  0
DICTIONARYVAR
  5
259
102
{ACAD_REACTORS
330
5E
102
}
330
5E
100
DictionaryVariables
280
     0
  1
3.500000
  0
DICTIONARYVAR
  5
25A
102
{ACAD_REACTORS
330
5E
102
}
330
5E
100
DictionaryVariables
280
     0
  1
acadiso.lin
  0
DICTIONARYVAR
  5
145
102
{ACAD_REACTORS
330
5E
102
}
330
5E
100
DictionaryVariables
280
     0
  1
STANDARD
  0
DICTIONARYVAR
  5
84
102
{ACAD_REACTORS
330
5E
102
}
330
5E
100
DictionaryVariables
280
     0
  1
STANDARD
  0
DICTIONARYVAR
  5
227
102
{ACAD_REACTORS
330
5E
102
}
330
5E
100
DictionaryVariables
280
     0
  1
Metric50
  0
DICTIONARYVAR
  5
228
102
{ACAD_REACTORS
330
5E
102
}
330
5E
100
DictionaryVariables
280
     0
  1
Metric50
  0
DICTIONARYVAR
  5
5F
102
{ACAD_REACTORS
330
5E
102
}
330
5E
100
DictionaryVariables
280
     0
  1
2
  0
DICTIONARYVAR
  5
63
102
{ACAD_REACTORS
330
5E
102
}
330
5E
100
DictionaryVariables
280
     0
  1
1
  0
DICTIONARYVAR
  5
1AE
102
{ACAD_REACTORS
330
5E
102
}
330
5E
100
DictionaryVariables
280
     0
  1
0
  0
DICTIONARYVAR
  5
1AF
102
{ACAD_REACTORS
330
5E
102
}
330
5E
100
DictionaryVariables
280
     0
  1
0
  0
DICTIONARY
  5
205
330
22
100
AcDbDictionary
280
     1
281
     1
  0
DICTIONARY
  5
1F9
330
ED
100
AcDbDictionary
280
     1
281
     1
  3
FBXASSET
360
1FA
  0
DICTIONARY
  5
1F7
330
EC
100
AcDbDictionary
280
     1
281
     1
  3
FBXASSET
360
1F8
  0
DICTIONARY
  5
173
330
EE
100
AcDbDictionary
280
     1
281
     1
  3
BUMPTILE
360
175
  3
DIFFUSETILE
360
174
  3
FBXASSET
360
1FB
  3
OPACITYTILE
360
176
  3
REFLECTIONTILE
360
177
  0
DICTIONARY
  5
162
330
7F
100
AcDbDictionary
280
     1
281
     1
  3
ACAD_ROUNDTRIP_2008_TABLESTYLE_CELLSTYLEMAP
360
1B5E
  0
XRECORD
  5
1FA
102
{ACAD_REACTORS
330
1F9
102
}
330
1F9
100
AcDbXrecord
280
     1
 70
     1
 90
429727718
  1
D62C5603-E3A1-4AEA-B7FB-FE5D8D0755AF
310
504B03040A0000080000CC70623B3DEE336E79000000790000001B0000006175746F6465736B2D64657369676E2D7061636B6167652E786D6C3C3F786D6C2076657273696F6E3D22312E302220656E636F64696E673D227574662D3822203F3E3C666F726D6174733E3C666F726D61743E687474703A2F2F736368656D612E
310
6175746F6465736B2E636F6D2F64657369676E2D7061636B6167652F323030393C2F666F726D61743E3C2F666F726D6174733E504B0304140006080800CC70623BD486FD9CA0000000F4000000130000005B436F6E74656E745F54797065735D2E786D6C7D8EC10E82300C865F65E91D8A1E8C310C0EEA1BF002731658846E
310
D98AC1B77784ABF1D8FE5FBFBF75BBCE937A534CCEB38643598122B6FEE978D0B0485F9C41B54DDD7D022595594E1A469170414C76A4D9A4D207E29CF43ECE46F218070CC6BECC4078ACAA135ACF422C856C0E68EA1BF5669944DDD7BCDE7B1F8E415D77AECB980613C2E4AC91FC167A2B244592486606FC29C8FD7F045B9A
310
EF7053A7E60B504B0304140006080800CC70623B853B8169EB0000007C01000008000000636F72652E786D6C8D90416EC3201045AF62CDB6C206821CC7C244919D9CA01740401C94182C03558F5F9C3852BBEB6A467FFE9B197D7EFC9E1EC5975982F5AE035262288C535E5B377690E21535501C055FBC8FBF6C503839990E
310
5619041F179FE64D52DE45E362569DD7661365082642A11EB9E920A89B99642953CC8E702F67A9EE7234257977194EC9EAE275C4EABCCF5EAD5940D4AC6F0E35A568B8F43562CD7046CD199FD07E60174276A7BE677B5EADB0E0D14EEFFB6A31321A0D82627C4084204C3F096B71DD52F6819B16635EADF63F509AF53FA164
310
5DDCD1EDDD17164090FCC8732078B56691CB33A85CD7DCC40F504B0304140006080800CC70623B55019EA25F0000007C00000007000000636E782E786D6C4DCB3B0E80201045D1AD90E915ED2CF8AC45050C11660C8261F98AB1B07AC9C97D42D718D865D3E909258CFD00CCE24AC6E326A164D74DC0B4128928FF32603847
310
2BA13128B1252AC747C6BAB984FC68F0B87FE8960A5C09FE86CFB69FBA01504B0304140006080800CC70623BDBABAAF470010000D40300000C0000006662782F636F72652E786D6CC553D16E823014FD95A6AF4B694182CC941A83FA05FB810A9511A125A5257EFE2E82712ECEB8A7F100CD39F7F69E734AF9FADC366850B6
310
AF8DCE7018308C942E4C59EB2AC3DE1D498AD15A706B8CFB56869196ADCAF00863C12B6B7C374385D14E6907A836A59A41D9F7CA615434B0C8705F7CAA5606D23BA8E84F41278B93AC54100640439DE0BDB320004D43C63716C7C399D30917DCFBBA9CD9BA8469F5B156168B24CED3F7248AC8769F27244EB73B92EED8862C
310
B7F13E0C179B3C8F979C8ECD82BBBABDAA2BAC924E9558448CBD9330242CFA08E3154B5651FCC6D215639C8EE5774DBE2B5F6CF2B5768B68963BB5F5588420E442FC700B1139D4CB01F450C1E918227C2E09DF070D8140C84E1E9AAB8F1340832A9CB13130A5F1376A908D57309505ECF2A0DF179C4E9D30F5B239B87E3823
310
7A79C6F31DE1A8A5AEC08474B03C7837EAE4938639B44E5932B833D2C6B6B279CDC613877FA26EE21F4A2A4C63EC7F29A2F301D1F9F7A0E37D145F504B0304140006080800CC70623B9C113CC27E0000009D0000000B0000006662782F636E782E786D6C4DCCDF0A83201C86E15B91DFB94BFB330DD428C8FB886521330DA7
310
6397BF1A1DECE883878F57749FCDA1B7892F1BBC047A23808C7F84D9FA55424E0BE6803A256208E9EF06C84F9B91703228B1C690F78B66B34CD9A5439DF5CF0BFBF65E35BCA1B8D6A5C6F540381E886698B5741C695F9503EBA150A2F8958E3DC3EA0B504B0304140006080800CC70623B7DF2F77C2A010000120200003100
310
00006662782F41393633353835312D344632462D344230382D423046372D3739314545314133324237412F636F72652E786D6C8D51DB8EC22014FC15C2939B0D2DB4B45643319AE817EC0F6041255A68B86CFCFC856D4D76DF7CE190393373060EDB3DC707F856CE6B6B7A480A0C81328395DA5C7B18C3057510EC3873D686
310
3F34088C18550F330C39BB3A1BA7051AAC09CA84841A2BD5020AEF55806078A44B0FFD7053A328440C89E1EFC52486BBB8AA8214A99D789CF9E05200300FC927E4FB4D5B375D43103D5527440FB843077C5AA3F5861C8F645F5787F59E95B390B318B55CE45AA638FAA2957BD7248B390B7A7CC51F9C124149C82B8C378810
310
84AB2F42B7B8DD56F413775B8C5999E9FF4471926F8AA236A1AE96B8B3CC434E5839373893369E1FAF30EA395917409EB7F26AF8801C171837A4A6AC9C89E9F9C9B1A58BA30FD6A5EF5DDDCF894B9AD9B6A59C957943A9FCAE2FD5BC4DFE03504B0304140006080800CC70623BAD7543B64E01000033030000300000006662
310
782F41393633353835312D344632462D344230382D423046372D3739314545314133324237412F636E782E786D6CD593CD6EC32010845F0571AD6CE3D48AD20813A9873E410FBD12D82434182C7EAAE6EDBB2424CD25871E7B41D6EC30B3FA84F9E67BB2E40B4234DE8DB46F1925E094D7C6ED479AD3AE5951B2113C789FEE
310
6C943839C1488B4C05DF079FE72A69D8C96C13AAD6B8631503449F83828872B949AC57D26200B826A308D316B4064D6E46FCDA41C05550DC9E483A00797BFD207EFB092A45DE9514C1BBD22178396BD39D891265658C238DEA00936C654E5E433CB65A26D9F6EDB5EBC14EBF49A45CB856E66048291F6939A9A81BB5C89177
310
38143CA680F4AA299D66A042CEB3354A2684DC9D8D178FE0D9B8B41CAAD720F880EE7EF93C0C18769E099ECC04D5A102C8049A8A05632F4DDF376CF1DE0F6BB65C2F8627B65A33C6BB62177CEBBDAD973006829F89F22E814B54F4BC2BE347F8AA8F681390B50FA73F804400B5F542E796F19FF974E7F78DB802FE05E20750
310
4B0304140006080800CC70623BE75B7789680500003C100000340000006662782F41393633353835312D344632462D344230382D423046372D3739314545314133324237412F6F626A656374732E786D6CAD575B8F9B3818FD2B887D06C22499CB8AA1CA655245D5B455A356FB305264C061D8018C6C3393D95FBFC7600890
310
A4CD5EF210B0B1BFEBF98E3F7B1FF6596ABC522E1296DF9BAE3D320D9A872C4AF2F8DE2CE5CEBA358D0FBEC719939D65A691938CDE9B6ADAF4BD98B3B2D05311DD91329583D9D5FC0F438434A7A611A644887B5384CF34233629258BA878B12322891DEFF6B66BD70BFB62634E8AE781D082709A4B588AF91C528CDA28B73F
310
1C998EEF39EABBEFA97FBD6A7C7E9553F9D3D79FE442923C3C523610337627CB87ABE99D359D4CC6D6E4FACAB5E6ABF9D2726FC6A3C5F56271377BB88362213924694B38DD99FE47C48627A1E7D49F5A8BB5E1A74C0A599ED3B0F21F1E56366B89112D681E218F0915D0D6F17AD41FBA2A369DCF6335D62ABBD39779D5DDD1
310
11D4D8DE3CBB96B2E04FB8202E41051754A1AA8E8F76B4C6DFE810B580B1547F4B84911149794252234D024EF8BBE963A95AE27B3D310A9D5C215C7960FAEE415ED75694C6AFB17BCACA5D99A60A9AA65F217B0BFC53292ACB92BF283FAD0D3621576592CB5BED907C2FA8E9DF794E35E97BEA31BED21FEB401ABB94C44839
310
DCACBF0E1C5DA8DA5B2F4DFFD32AD86F543D9E565E7056502E157C00AD2671CD534549AB752FCA9CDA00677A313F04E51B22FF19E57B300579E3C97EB29F682D92935CEC18CF901B7B54FD8C51F362B56FC72FE0B3C1EAE335EDCCBF5AEC39ADB17DC238973F804BA5E6F6BFE7AF1FB32E523BE9F3BD571418E3631DCA4D48
310
5250CF639223210A9446CA30052EDF057BD35F8329C1ECD84552BF0DC8D18BE7BCE23BFE6BD960AB4A7DE79923A103BEBD80F911CBAA2C60DB19B01CF164A5583B772EE6D3FFA56666CBCDA74DC97724A48F9A58967497E489C4D979006FD7A05E227A1EBDD0F737C623387A9C844D3709995625106D157315F8B8392CD4E0
310
A0B9A720C4BE9829CEF37EA1E13111214D53925356365ADA634861B52519DD27A00AEB808EAF0628E6F435519D446F45CF2C9CF5214F0A15B2F6D06B79DA3EE3CBF7F56780D2F4E7EF73A0F5E5B02A38D07DC852C6B7C1FBB6664213E0C39E3EBA7FF4E1AD23EA2829407C85E586727488B751B2DB9502BC7B228A3FD68B6E
310
A65A22397E690AA8D158D7E404EC8CDA235CC3B7D1898680131CEC2CDF2638C65196279577750F15884AEE19F94199155B92B13297978469D4F8D358DF0AEF7631E28DC8F0D9F437D5D39A83B2231A1D52D543813A824EF8D44BCFF2FA6A31BD1E8DAD87F1CCB526B3879935BF59CDADD5C37479BB1CDD4CA7B3556B516589
310
EF352754B706114D9C885EC9131DE6EFEB43D99AFE2391C2F958179413D7CFEF6B1B6DB1E7600F00DE6E5C67454A339A4BA2E0FBA85ED26F045D454F463DBFCE484C2F90F2E5E3666003662ED8F755951A7D1BECD5B30B550B2785C8E7320B7292A4838DDA71BBC863ED7613CAF659337A3354231D4FF4A182A54904C2898C
310
98B28C4AD0CE056CCF332A80986E571EE9DBC305BB5FEB7E509220A58D25CF042D712A806AC0AD0C657FDEF80D2D9CEAA2EE4D1C76F60BFE74219A06527D6F82DF6412526107381E55E353090704D085B52408A8913C4ED159D79BDA71BB4BC506F4831350EB6F975CD22D69BF7AC49B91A2C0A9DDA3D5CA36AD20FC478E37
310
E61844E2352865EBCB61A275A65283CAAA9DD27703B4102F5AF51EF5F573B75CBB5AD38BC845F7A49F82A0966A49C2E3EA5EA0ECD326CD965F1DB402C6FA8B51A4658C5C5E2EC9E214602E55810345408596591009A82E7E7FFACA19EEA299B14A0081A705CB3296EBC14CDF658DCD336EA6D1136881AAEB87B81AB9EE53D5
310
F5EB8BC8362082DA24122F98680A4E7930C01A0079749CEA14382A0783E5EBA5A10F8C098456A03D6A4AEB6BB881E2513747552A5DB22C7EDAF83BD5528081A365F7FF06504B0304140006080000CC70623B000000000000000000000000350000006662782F41393633353835312D344632462D344230382D423046372D37
310
39314545314133324237412F76657274696365732E62696E504B0304140006080800CC70623BF270F1330600000004000000360000006662782F41393633353835312D344632462D344230382D423046372D3739314545314133324237412F747269616E676C65732E62696E636660600000504B0304140006080000CC7062
310
3B000000000000000000000000370000006662782F41393633353835312D344632462D344230382D423046372D3739314545314133324237412F617474726962757465732E62696E504B0304140006080800CC70623B08DA0BD19000000041010000360000006662782F41393633353835312D344632462D344230382D4230
310
46372D3739314545314133324237412F6469726563746F72792E786D6C858F410AC3201045AF22B36F53E9A60B35CBEEBAE80D244E44489C6234F4F835464A48035D0DF398FF9F8AF63D0E6CC63039F212F8F9020C7D47C6792B21C5FE7403D62A1188E2E60C98D7234A5830286103A55745067B9D86B8A3CF9C7F90C11DE6
310
07FB144396D7B6A82D282E9A152AD114D5EF2CB866EEE831B8EEA07A7BB5A8D7D61A2BAAEB7FD5F70921FF497D00504B0304140006080800CC70623BEDD1DC58FD000000A00100003B0000006662782F41393633353835312D344632462D344230382D423046372D3739314545314133324237412F7265736F75726365732F
310
636F72652E786D6C8D504B6E833010BD0A9A6D65B00922041947112427E8052C33A156828DFCA97AFC9A40A576D7CDCCE87D344F8F9FBFE667F689CE6B6B3A6039850C8DB2A336530731DC4903D95970676DF82583CCC8193B5861107C72362E3BA4AC096842428D1D7107A5F7182053CF7474E0D507CE32973124857FE48B
310
540F3961CEF244279DE03EB81420DB9EAC1384436FA353E879B1B182C7A8C75DA3C7F453DF353A1075D537A7BA6464B8F535A99AE14A9A2BBD90E350DD183B5CFABE3AF262350B1EF4FC9351399401471025A527C218A1E53BAB5A5AB765F5469B96525EACF23FA6B88CFF34456DC2A1DCE36E360F82A5202F42F062ED2BAD
310
579969AFDD8A6F504B010214000A0000080000CC70623B3DEE336E79000000790000001B00000000000000000000000000000000006175746F6465736B2D64657369676E2D7061636B6167652E786D6C504B01021400140006080800CC70623BD486FD9CA0000000F40000001300000000000000000000000000B20000005B
310
436F6E74656E745F54797065735D2E786D6C504B01021400140006080800CC70623B853B8169EB0000007C010000080000000000000000000000000083010000636F72652E786D6C504B01021400140006080800CC70623B55019EA25F0000007C000000070000000000000000000000000094020000636E782E786D6C504B
310
01021400140006080800CC70623BDBABAAF470010000D40300000C00000000000000000000000000180300006662782F636F72652E786D6C504B01021400140006080800CC70623B9C113CC27E0000009D0000000B00000000000000000000000000B20400006662782F636E782E786D6C504B01021400140006080800CC70
310
623B7DF2F77C2A010000120200003100000000000000000000000000590500006662782F41393633353835312D344632462D344230382D423046372D3739314545314133324237412F636F72652E786D6C504B01021400140006080800CC70623BAD7543B64E010000330300003000000000000000000000000000D2060000
310
6662782F41393633353835312D344632462D344230382D423046372D3739314545314133324237412F636E782E786D6C504B01021400140006080800CC70623BE75B7789680500003C10000034000000000000000000000000006E0800006662782F41393633353835312D344632462D344230382D423046372D3739314545
310
314133324237412F6F626A656374732E786D6C504B01021400140006080000CC70623B0000000000000000000000003500000000000000000000000000280E00006662782F41393633353835312D344632462D344230382D423046372D3739314545314133324237412F76657274696365732E62696E504B01021400140006
310
080800CC70623BF270F133060000000400000036000000000000000000000000007B0E00006662782F41393633353835312D344632462D344230382D423046372D3739314545314133324237412F747269616E676C65732E62696E504B01021400140006080000CC70623B0000000000000000000000003700000000000000
310
000000000000D50E00006662782F41393633353835312D344632462D344230382D423046372D3739314545314133324237412F617474726962757465732E62696E504B01021400140006080800CC70623B08DA0BD1900000004101000036000000000000000000000000002A0F00006662782F41393633353835312D344632
310
462D344230382D423046372D3739314545314133324237412F6469726563746F72792E786D6C504B01021400140006080800CC70623BEDD1DC58FD000000A00100003B000000000000000000000000000E1000006662782F41393633353835312D344632462D344230382D423046372D3739314545314133324237412F7265
310
736F75726365732F636F72652E786D6C504B0506000000000E000E0080040000641100000000
  0
XRECORD
  5
1F8
102
{ACAD_REACTORS
330
1F7
102
}
330
1F7
100
AcDbXrecord
280
     1
 70
     1
 90
429727718
  1
30362254-06B7-45E0-A893-8CFA70E3D6BC
310
504B03040A0000080000CC70623B3DEE336E79000000790000001B0000006175746F6465736B2D64657369676E2D7061636B6167652E786D6C3C3F786D6C2076657273696F6E3D22312E302220656E636F64696E673D227574662D3822203F3E3C666F726D6174733E3C666F726D61743E687474703A2F2F736368656D612E
310
6175746F6465736B2E636F6D2F64657369676E2D7061636B6167652F323030393C2F666F726D61743E3C2F666F726D6174733E504B0304140006080800CC70623BD486FD9CA0000000F4000000130000005B436F6E74656E745F54797065735D2E786D6C7D8EC10E82300C865F65E91D8A1E8C310C0EEA1BF002731658846E
310
D98AC1B77784ABF1D8FE5FBFBF75BBCE937A534CCEB38643598122B6FEE978D0B0485F9C41B54DDD7D022595594E1A469170414C76A4D9A4D207E29CF43ECE46F218070CC6BECC4078ACAA135ACF422C856C0E68EA1BF5669944DDD7BCDE7B1F8E415D77AECB980613C2E4AC91FC167A2B244592486606FC29C8FD7F045B9A
310
EF7053A7E60B504B0304140006080800CC70623B1EC5D7A3EB0000007C01000008000000636F72652E786D6C8D90416EC3201045AF82665B6103C6756C6122AB4D4ED00B204C5C94182C03558F5F9C3852BBEB6A467FFE9B197D71FC9E6FE8CBACC17AD7032D0820E3B41FAD9B7A48F1820F808E52ACDEC75F36404ECDA687
310
4D0629A6D5A76597B477D1B89855E747B38B2A041301E95B6E7A08FAD3CCAA50296647B8168BD2573599823EBB0CA76447F43862C7BCCF5EAC59410E4DDD9C7973C2755553CCCFA4C603E3040F1565ED3B1FDE4E432BCA0D9622DAF9795FAF464533826484B498524CD807E51D79ED187F21878E10516EF63F505AC67F42C9
310
BA58B1FDDD071640D2FCC87D2045B96591CB3DA85CB7DCE40F504B0304140006080800CC70623B55019EA25F0000007C00000007000000636E782E786D6C4DCB3B0E80201045D1AD90E915ED2CF8AC45050C11660C8261F98AB1B07AC9C97D42D718D865D3E909258CFD00CCE24AC6E326A164D74DC0B4128928FF32603847
310
2BA13128B1252AC747C6BAB984FC68F0B87FE8960A5C09FE86CFB69FBA01504B0304140006080800CC70623B8C9102E971010000D40300000C0000006662782F636F72652E786D6CC5535B6E833010BC8AE5DF0A6C08340F1947A84D4ED00B38C6A128602363A31CBFCB234A53A551FA553EC09AD9F5CE8C31DB9E9B1AF5CA
310
7695D1198E428A91D2D214952E33ECDD315861B4E5CC1AE3BE9561A445A3323CC098B3D21ADFCE9034DA29ED00D5A6503328BA4E398C640D8B0C77F253352214DE4145770A5B214FA2546114020D759C75CE8200340D19DE981F0F6746269C33EFAB6266AB02A655C74A59CCF365BADC27CB5D902ED22848F6340DF238A141
310
BE88E2F57B92BFEDF23523433367AE6A2EEAA455C2A902F398D2751045018D3FA264435F3771F242571B4A1919CA6F9A7C5B3CD9E42BED16F12C776AEB308F40C848FC700B1139D4891EF410CEC810227CC6846F8386402064270EF5C5C709A05E49676C024C61FC95EA45ED154CA5211D1FF4FB8291A913A68E9B83EBBB33
310
E2A7673CDE118E5AE8124C0807CB8377834E366998436B950D7A7746DAD846D4CFD978E0F04FD455FC5D49D2D4C6FE9722321F10997F0F32DC47FE05504B0304140006080800CC70623BFFEA85907E0000009D0000000B0000006662782F636E782E786D6C4DCCD10A83201886E15B91FFDC95D95A811AB6F23E625948A6C3
310
E9D8E5AF46073BFAE0E1E365ED67B3E8ADC3CB78C7815C7240DA3DFC64DCC221C519D7805AC182F7F1EF06C88D9BE6703008B6049F9E274D7A1E938DBB5AE3D6131B2589BA0D3D965551E0B2EA732C9B9A624AAEB41E3A557677029960D9AFB4EF11165F504B0304140006080800CC70623B4FEEA4082C0100001202000031
310
0000006662782F39464131463745442D413632322D343644302D413938332D3331353338454246344243312F636F72652E786D6C8D515B6EC32010BC0AE2AB55850DD871ED0813254D72825EC00192A2C460F1A872FC42ED48ED5F7E00CDCECCCEB26C731F6FE05B39AFADE921293004CA082BB5B9F43086336A21D870E6AC
310
0D7F68109861543DCC30E4ECE26C9C164858139409093556AA051CBC570102714B8F1E7AF1A5C6A11862480C7F2DA6415C878B2A4891CA89C7990F2E050073937C42DE1DB7E4F87ED8A36D4329AA9B3D46DBAEAD504556557BD81DEBDD0761E52CE42C462D17B996298E3E6BE59E35C962CE821E1FF18553435012728A7187
310
0841987E927A8D9B35ADDF70BBC6989599FE4F1427F9A4286A132ABAC49D651EF234CD5CE04CDA78BA3DC2A8FB645D00B9DF8B57E215725C60BCA2A463E54C4CE327C7A65E1C7DB02E7DEFCBF594B864C5CA6CDBD49C957943E9FA5D5FBAF336F90F504B0304140006080800CC70623BAD7543B64E01000033030000300000
310
006662782F39464131463745442D413632322D343644302D413938332D3331353338454246344243312F636E782E786D6CD593CD6EC32010845F0571AD6CE3D48AD20813A9873E410FBD12D82434182C7EAAE6EDBB2424CD25871E7B41D6EC30B3FA84F9E67BB2E40B4234DE8DB46F1925E094D7C6ED479AD3AE5951B2113C
310
789FEE6C943839C1488B4C05DF079FE72A69D8C96C13AAD6B8631503449F83828872B949AC57D26200B826A308D316B4064D6E46FCDA41C05550DC9E483A00797BFD207EFB092A45DE9514C1BBD22178396BD39D891265658C238DEA00936C654E5E433CB65A26D9F6EDB5EBC14EBF49A45CB856E66048291F6939A9A81BB5
310
C8917738143CA680F4AA299D66A042CEB3354A2684DC9D8D178FE0D9B8B41CAAD720F880EE7EF93C0C18769E099ECC04D5A102C8049A8A05632F4DDF376CF1DE0F6BB65C2F8627B65A33C6BB62177CEBBDAD973006829F89F22E814B54F4BC2BE347F8AA8F681390B50FA73F804400B5F542E796F19FF974E7F78DB802FE05
310
E207504B0304140006080800CC70623B16AB87BA640500003C100000340000006662782F39464131463745442D413632322D343644302D413938332D3331353338454246344243312F6F626A656374732E786D6CAD575B6FA33818FD2B887DE6924B3BED8A326A92B68A663B534DD4D13E548A0C38942D60649B369D5FBFC7
310
600890A493BDE42160637FD7F31D7FF63E6FB3D478A55C242CBF3247B66B1A340F5994E4F19559CA8D75611A9F7D8F33263BCB4C232719BD32D5B4E97B316765A1A722BA21652A07B3B7B33F0D11D29C9A46981221AE4C113ED38CD8A4942CA2E2C58E882476BCD9DA23BB5ED8171B73523C0F841684D35CC252CCE79062D4
310
468DFA43D7747CCF51DF7D4FFDEB5593E3AB9CCA9FBEFE241792E4E19EB28198C968BAB8199F5D5A67D3E9C49A9E8F47D6EC76B6B0469F26EEFC7C3EBFBCBEB98462213924694B38DD98FE1D62C393D073EA4FADC5DAF04326852CCF6958F90F0F2B9BB5C48816348F90C7840A68EB78EDF68723159BCEE7891A6B95DDE9D3
310
BCEAEEE8086A6C6F9E5D4B59F0175C10A7A0820BAA5055C7473B5AE3CFDD452D602CD5DF12616444529E90D448938013FE6EFA58AA96F85E4F8C42275708571E98FE6827AF6B2B4AE3D7D83D64E5A64C53054DD3AF90BD06FEA9149565C94FCA0F6B834DC85599E4F2423B24DF0B6AFA979E534DFA9E7A4CC6FA631D486393
310
921829879BF5D781A373557BCB85E97FB90DB62B558F8795179C15944B051F40AB495CF35451D26A4727654E6D8033BD98EF82F21D91FF8AF2DD9982BCF1643BDD4EB516C9492E368C67C88DED563FC36D5EACF66DFF057C3658BDBFA69DF9578B3DA735B64F18C7F20770A9D45CFCF7FCF563D6456A277DBEF78A02637CA2
310
43B90A490AEAB94F72244481D24819A6C0E59B606BFA4B3025981DBB48EAB701D97BF19C577CC77F2D1B6C55A9EF3C732474C0B727303F625995056C3B02963D9EAC146BE78EC5FCEC7FA999EBC5EACBAAE41B12D27B4D2C0BBA49F244E2ECDC81B76B502F113D8F5EE8FB1BE3111CDD4FC2AA9B844CAB1288B68AB90A7CDC
310
1C166AB0D3DC5310625FCC14E779BFD0709F8890A629C9292B1B2DED31A4B0DA928CEE135085754027E3018A397D4D5427D15BD1330B677DC8934285AC3DF45A9EB68FF8F2B8FC0A509AFEECFD0FF2DE25CC6047F7214B195F07EFEB9A094D800F7BFAE8FED187B78EA8A3A400F115961BCAD1215E47C966530AF0EE8128FE
310
58CEBB996A8964FFA529A046635D9353B0336A8F700DDF46271A024E70B0B37C9DE01847591E54DED53D54202AB947E4076556AC49C6CA5C9E1226B7F1A7B1BE15DEED62C41B91E1B3E9AFAAA735036547343A925075041DF0A9979E893B391F8FCFA6967B3EFB644DCF6E5CEBFAE272625DCC6FAF3FB93793C5F90CE1EF57
310
407342756B10D1C489E8953CD1617E5CEECAD6F4EF8914CE5D5D504E5C3F1F9736DA62CFC11E00BCDDB8CC8A9466349744C1F75EBDA4DF09BA8A9E8C7A7E9991989E20E5DBDD6A6003664ED8F7A04A8DBE0DF6EAD9B9AA858342E47399053949D2C146EDB85DE4B176BB0965FBAC19BD19AA918E27FA50C1D22402E144464C
310
59462568E704B6E71915404CB72B8FF4EDE184DDAF753F284990D2C6926782963815403548A70C657FDEF80D2D9CEAA2AE4C1C76F60BFE74219A06527D6582DF6412526107381E55E353090704D085B52408D0933C4ED159D79BDA71BB4BC506F4831350EB6F979CD22D69BF7AC49B91A2C0A9DDA3D5CA36AD20FC478E37E6
310
1844E2352865EBCB6EA275A652E3836BE04EFB400BF1A2556F515F1FBB35B2AB35BD889C744FFA1004B5544B121E57F70215746DD2F5E2C1412B602CBF19455AC6C8E5E9922C4E01E65215385004546899059180EAFCF7A707CE7017CD8CDB0410789AB32C63B91E5CEBBBACB17AC6CD347A022D5075FD106377347AAABA7E
310
7D11590744509B44E205134DC1290F06580320F78E537D3D73540E06CB970B431F185308AD40BBD794D6D77003C5A36E8EAA54BA64597CD8F83BD552A080A365F7FF06504B0304140006080000CC70623B000000000000000000000000350000006662782F39464131463745442D413632322D343644302D413938332D3331
310
353338454246344243312F76657274696365732E62696E504B0304140006080800CC70623BF270F1330600000004000000360000006662782F39464131463745442D413632322D343644302D413938332D3331353338454246344243312F747269616E676C65732E62696E636660600000504B0304140006080000CC70623B
310
000000000000000000000000370000006662782F39464131463745442D413632322D343644302D413938332D3331353338454246344243312F617474726962757465732E62696E504B0304140006080800CC70623B08DA0BD19000000041010000360000006662782F39464131463745442D413632322D343644302D413938
310
332D3331353338454246344243312F6469726563746F72792E786D6C858F410AC3201045AF22B36F53E9A60B35CBEEBAE80D244E44489C6234F4F835464A48035D0DF398FF9F8AF63D0E6CC63039F212F8F9020C7D47C6792B21C5FE7403D62A1188E2E60C98D7234A5830286103A55745067B9D86B8A3CF9C7F90C11DE607
310
FB144396D7B6A82D282E9A152AD114D5EF2CB866EEE831B8EEA07A7BB5A8D7D61A2BAAEB7FD5F70921FF497D00504B0304140006080800CC70623B0D6EF93BFE000000A00100003B0000006662782F39464131463745442D413632322D343644302D413938332D3331353338454246344243312F7265736F75726365732F63
310
6F72652E786D6C8D50596E833010BD0A9ADFCA60B334011947A8694ED00B586642AC041B79A97AFC9A40A5F6AF3F33A3B7689E1E3F7DCD8FEC139DD7D6F4C0720A191A65476DA61E62B892236427C19DB5E1970C322367EC618541F0C9D9B8EC90B226A009093576C41D94DE63804C3DD2D18357379C652E63480A7FCF17A9
310
EE72C29CE5894E3AC17D702940B63D59270887DE46A7D0F36263058F518FBB468FE9A7BE6A7420864373B8D4873369AA8691FA421B3294352543C5CAF65C0F6FEF43CB8BD52C78D0F34F46E550061C419494B6843142CB0F5677F4B52BEB177AEC28E5C52AFF638ACBF84F53D42654E51E77B379102C05791282176B5F693D
310
CB4C7BED567C03504B010214000A0000080000CC70623B3DEE336E79000000790000001B00000000000000000000000000000000006175746F6465736B2D64657369676E2D7061636B6167652E786D6C504B01021400140006080800CC70623BD486FD9CA0000000F40000001300000000000000000000000000B20000005B
310
436F6E74656E745F54797065735D2E786D6C504B01021400140006080800CC70623B1EC5D7A3EB0000007C010000080000000000000000000000000083010000636F72652E786D6C504B01021400140006080800CC70623B55019EA25F0000007C000000070000000000000000000000000094020000636E782E786D6C504B
310
01021400140006080800CC70623B8C9102E971010000D40300000C00000000000000000000000000180300006662782F636F72652E786D6C504B01021400140006080800CC70623BFFEA85907E0000009D0000000B00000000000000000000000000B30400006662782F636E782E786D6C504B01021400140006080800CC70
310
623B4FEEA4082C0100001202000031000000000000000000000000005A0500006662782F39464131463745442D413632322D343644302D413938332D3331353338454246344243312F636F72652E786D6C504B01021400140006080800CC70623BAD7543B64E010000330300003000000000000000000000000000D5060000
310
6662782F39464131463745442D413632322D343644302D413938332D3331353338454246344243312F636E782E786D6C504B01021400140006080800CC70623B16AB87BA640500003C1000003400000000000000000000000000710800006662782F39464131463745442D413632322D343644302D413938332D3331353338
310
454246344243312F6F626A656374732E786D6C504B01021400140006080000CC70623B0000000000000000000000003500000000000000000000000000270E00006662782F39464131463745442D413632322D343644302D413938332D3331353338454246344243312F76657274696365732E62696E504B01021400140006
310
080800CC70623BF270F133060000000400000036000000000000000000000000007A0E00006662782F39464131463745442D413632322D343644302D413938332D3331353338454246344243312F747269616E676C65732E62696E504B01021400140006080000CC70623B0000000000000000000000003700000000000000
310
000000000000D40E00006662782F39464131463745442D413632322D343644302D413938332D3331353338454246344243312F617474726962757465732E62696E504B01021400140006080800CC70623B08DA0BD190000000410100003600000000000000000000000000290F00006662782F39464131463745442D413632
310
322D343644302D413938332D3331353338454246344243312F6469726563746F72792E786D6C504B01021400140006080800CC70623B0D6EF93BFE000000A00100003B000000000000000000000000000D1000006662782F39464131463745442D413632322D343644302D413938332D3331353338454246344243312F7265
310
736F75726365732F636F72652E786D6C504B0506000000000E000E0080040000641100000000
  0
XRECORD
  5
175
102
{ACAD_REACTORS
330
173
102
}
330
173
100
AcDbXrecord
280
     1
270
     1
271
     1
  0
XRECORD
  5
174
102
{ACAD_REACTORS
330
173
102
}
330
173
100
AcDbXrecord
280
     1
270
     1
271
     1
  0
XRECORD
  5
1FB
102
{ACAD_REACTORS
330
173
102
}
330
173
100
AcDbXrecord
280
     1
 70
     0
 90
1673772943
  1
ECE7A1D2-D628-4531-984C-D00F80459256
310
504B03040A0000080000CC70623B3DEE336E79000000790000001B0000006175746F6465736B2D64657369676E2D7061636B6167652E786D6C3C3F786D6C2076657273696F6E3D22312E302220656E636F64696E673D227574662D3822203F3E3C666F726D6174733E3C666F726D61743E687474703A2F2F736368656D612E
310
6175746F6465736B2E636F6D2F64657369676E2D7061636B6167652F323030393C2F666F726D61743E3C2F666F726D6174733E504B0304140006080800CC70623BD486FD9CA0000000F4000000130000005B436F6E74656E745F54797065735D2E786D6C7D8EC10E82300C865F65E91D8A1E8C310C0EEA1BF002731658846E
310
D98AC1B77784ABF1D8FE5FBFBF75BBCE937A534CCEB38643598122B6FEE978D0B0485F9C41B54DDD7D022595594E1A469170414C76A4D9A4D207E29CF43ECE46F218070CC6BECC4078ACAA135ACF422C856C0E68EA1BF5669944DDD7BCDE7B1F8E415D77AECB980613C2E4AC91FC167A2B244592486606FC29C8FD7F045B9A
310
EF7053A7E60B504B0304140006080800CC70623BD9DDAED0EC0000007C01000008000000636F72652E786D6C8D90416EC3201045AF82665B61836D9CD8C2444DD39CA01740405C94182C03558F5F9C3852BBEB6A467FFE9B197D7EF89E6EE8CB2CC17A37002D0820E394D7D68D03A478C17B4007C117EFE32F1B20272733C0
310
2A83E0E3E2D3BC49CABB685CCCAAF3DA6CA20CC14440EA969B0182FA34932C648AD911AEC52CD5558EA6A0CF2EC329598D1E47ACCEFBECC59A050463A7EA5833865FEBDD0E37353BE3EE8DBDE3F6786A48D375FBF6CC78B9C282473B3DEFABC5C86834888A900E538A49F5419B9EB47DD5BC907D4F082F57FB1F28CDFA9F50
310
B22ED6D5F6EE030B20687EE43E10BC5CB3C8E51E54AE6B6EE207504B0304140006080800CC70623B55019EA25F0000007C00000007000000636E782E786D6C4DCB3B0E80201045D1AD90E915ED2CF8AC45050C11660C8261F98AB1B07AC9C97D42D718D865D3E909258CFD00CCE24AC6E326A164D74DC0B4128928FF326038
310
472BA13128B1252AC747C6BAB984FC68F0B87FE8960A5C09FE86CFB69FBA01504B0304140006080800CC70623BA24EB22D72010000D40300000C0000006662782F636F72652E786D6CC5535B6E833010BC8AE5DF0A6C5E49888CA3A6694ED00B38E05014B091B1518EDFE511A5A9D228FD2A1F60CDEC7A67C6986DCE4D8D7A
310
69BA4AAB0C073EC548AA5C17952A33ECECD15B61B4E1CC686DBF9561A44423333CC098B3D268D7CE50AE9595CA02AA74216750749DB418E5352C32DCE59FB211BE70162ABA93DF8AFC244AE9073ED050C759670D0840D390E18DF9F1706664C23973AE2A66B62A605A75ACA4C13C4976E1364A12EF355A2EBD384AF65EFA96
310
BC7B8BED2EA6719AAE16FB8491A199335B351775B991C2CA02F390D2D40B028F861F41BCA68B7518BFD0D59A524686F29B26D7164F36B94AD9289CE54E6D1DE6010819891F6E21228B3AD1831EC219194284CF98F06DD01008846CC5A1BEF83801D4CBDC6A1303536877A57A513B0953A94FC707FDBE6064EA84A9E3E6E0FA
310
EE8CF0E9198F7784A316AA0413C2C2F2E0ECA0934D1AE6D05A69BCDE9E91D2A611F573361E38FC1375157F5752AE6B6DFE4B11990F88CCBF0719EE23FF02504B0304140006080800CC70623B408A7D3B7C0000009D0000000B0000006662782F636E782E786D6C4DCCD10A83201886E15B91FFDC552A92A0064DBC8F581632
310
D3703A76F9ABD1C18E3E78F878E5F0D9027ABBFCF2292AE86E2D20171F69F6715550CB827B40839639A5F2770314A7CD293819B45C73AAFB45B35BA61ACAA1C1C7E7855C58C15BC331339661262CC762340413D68D77DA5B42298546CBE6573AF60CEB2F504B0304140006080800CC70623B449FB9BD290100001202000031
310
0000006662782F36394639363044362D344446342D343946362D394244322D3234314243333846323333332F636F72652E786D6C8D515B6EC32010BC0AE22B55850D98B871848994463E412FE002495162B07854397EA176A4F62F3F2C9A9D991D587EB84F37F0AD7D30CEF6905418026DA553C65E7A98E219ED203808EE9D
310
8B7F6810D871D23D2C3014FCE25D9A57483A1BB58D19B54EE9151C43D0110279CB971E06F9A5A7B11A53CC8C70ADE6515EC78BAE4895DB992778883E0700CB907242D17643D7E2538BD869608875438BBAE38922CAC8F1BDD90DB4691A5E2F42C153326A951B95E398B3D1FE599322163C9AE9115F7A3D46ADA0A018778810
310
84E907617BDCEE297BC5BB3DC6BC2EF47FA234AB2745C9D8D8D035EE220B50105E2F0DC1954B9FB747187D9F9D8FA0CCDB042D5FA0C015C65B42DF78BD10F3F3B363CB56C7109DCFDFBBB97E662ED92EB62D13BC2E1BCAE5777DB9966D8A1F504B0304140006080800CC70623BAD7543B64E01000033030000300000006662
310
782F36394639363044362D344446342D343946362D394244322D3234314243333846323333332F636E782E786D6CD593CD6EC32010845F0571AD6CE3D48AD20813A9873E410FBD12D82434182C7EAAE6EDBB2424CD25871E7B41D6EC30B3FA84F9E67BB2E40B4234DE8DB46F1925E094D7C6ED479AD3AE5951B2113C789FEE
310
6C943839C1488B4C05DF079FE72A69D8C96C13AAD6B8631503449F83828872B949AC57D26200B826A308D316B4064D6E46FCDA41C05550DC9E483A00797BFD207EFB092A45DE9514C1BBD22178396BD39D891265658C238DEA00936C654E5E433CB65A26D9F6EDB5EBC14EBF49A45CB856E66048291F6939A9A81BB5C89177
310
38143CA680F4AA299D66A042CEB3354A2684DC9D8D178FE0D9B8B41CAAD720F880EE7EF93C0C18769E099ECC04D5A102C8049A8A05632F4DDF376CF1DE0F6BB65C2F8627B65A33C6BB62177CEBBDAD973006829F89F22E814B54F4BC2BE347F8AA8F681390B50FA73F804400B5F542E796F19FF974E7F78DB802FE05E20750
310
4B0304140006080800CC70623B8D05915C650500003B100000340000006662782F36394639363044362D344446342D343946362D394244322D3234314243333846323333332F6F626A656374732E786D6CAD575B6FA33814FE2B887D06429276DA1565D4266D158D3A339A6846FB502932E050B66023DB74D2FDF5FB190C01
310
9276B2973C046C8ECFF53B17071F77456EBD502133CEAE6CDF9DD81665314F32965ED995DA3A17B6F5310C04E7AA47665B8C14F4CAD6DB7618A48257A5D94AE89654B91AEDDEDDFC61C998326A5B714EA4BCB265FC440BE2924AF184CA6737218AB8E976E7FA6E4338649B0A523E8D98964450A6A029F619B8588D52FE7039
310
B1BD30F0F4F730D0FF866AF6369557DB33949F31A9088B0F848DD8CCFCF9F2767A76E99CCDE733677E3EF59D9BBB9BA5E37F984D16E78BC5E5F5ED25044B25C0C96822E8D60EEFE11B91C581D77CEA34368A1F5329E68CD1B8B61F16D63A1B8E092D294B10C78C4A48EB593D192E7DED9BDEE7995E1B91FDEDD3ACEA9FE831
310
6A756F9F7D4D79F4274C90A7A04248AA51D5F8C718DAE06FB2F75AC4796EBE65D22A88A22223B995679120E2D50E41AA49C260C046A35368846B0BECD0DFF3EBEB8AD4F835768F69B9ADF25C43D30E6B646F807FAA64AD59F61715C7A54127C4AACA98BA3006A9D792DAE165E0D59B61A01FB3A9F9D838D2DAE62445C86166
310
F37564E842E7DE6A69879FEEA2DD5AE7E371E1A5E025154AC307D06A03D73EB5978C58FFA4C8E9033066E0F3BD53BEC1F39F91BE7B55103791EDE6BBB991A2046172CB4581D8B893FA674DDA17A77B3B7C413D1B511FD2743BFF8A38F03A658705E3ADF8015C3A3417FF3D7E439FF591DA0B5F18BC20C1B8981957AE6392A3
310
F43C640C01D1A0B4728E2DD4F26DB4B3C3152A252A3B4E913CEC1C72F012782FF88EFF8637AA552DBEF76408E8A8DE9E50F9E1CB3A2DA0DB1B6039A893B56063DC5B3E3FFB5F72E67AB9FEB4AEC496C4F4C1149625DD662C53E89D7BF0F6151A046260D1337DFDC94502430F83B0EE07A130A224BCAD7DAE1D9FB6CD422FF6
310
920702629C4BB9AE79C12F243C6432A6794E18E5552BA56B431AAB5D91317302B2B071E86C3A42B1A02F999E24061403B5D0EB639195DA655DD3EBEAB4FB862DDF579F014AD0E73C22F99E28DA57FB98E75C6CA2D74D53086D600F4786E0FE3144B771A8A7B900F03594DB8A633CBC49B2EDB69228BB479CF863B5E807AAAB
310
23872F6DFEB4129B949CA33823F58830E86D65621E10047D9DB34D862E8EAC3C2ABC2F7B2C40D67CDFE01F5545B92105AF983AC54D93D69E56FB8E797F88913F898A9FEC705D3F9D1B54EC8426FB500D40A03BD0119B06E1B95DDC7EB8F6975367793EBD70E66733DFB9BC982F9CE564727731999F5D4ECFCE3B8D6A4DC2A0
310
6D50FD148437D110834A64C6CDDF57FBACB5C307A2A477DFE4939736CFEF2B175371E0E10CF0DD1D5C15654E0BCA14D1E87DD02FF93782A162C0A3D95F1524A52770F972BF1EE9809D13CE7DD599467F8ECE9ADD85CE85A34CD45355448C64F9E8A031DC2D596ACC6E5DD93D9B82DE2EF5CAF81363A8E47996A0DE24564A79
310
4115AACE09C55E14540231FDA13C319787134EBF34E3A022514E5B4D9E0826E25C02D5805B15ABE1BEF51B26383D445DD9E875EE33FE4C22DA16427D65A3BCA92CA6D28DD01DF5DC53330704308475351050232CCD31583787BA75774AFB06E5070DD0C8EF484E19968C5D83BA5B90B244D31E54D55A372320FE4786B7EA58
310
44E135AA5467CB7EA333A61683CC6A8C3257034C10CF46F40EF9F5BE59BE5BD30C3C72D235E95D10345C1D45445A5F0BB47E46A5EBE5570F9380B5FA629579952296A773720405982B9DE04011506178964401AA8BDF1FBF0A8EAB6861DD6580C0E38217056766716DAEB2D6FA0917D3E4116581EADB879C4E7CFFB11EFACD
310
3D641311495D92C8676CB409A72D18610D803CE8A626049E8EC1887CB5B44CC39883690DDA8399B4B9855B481E7D71D4A9D22F96E5BB73BF5793020C02137BF837504B0304140006080000CC70623B000000000000000000000000350000006662782F36394639363044362D344446342D343946362D394244322D32343142
310
43333846323333332F76657274696365732E62696E504B0304140006080800CC70623BF270F1330600000004000000360000006662782F36394639363044362D344446342D343946362D394244322D3234314243333846323333332F747269616E676C65732E62696E636660600000504B0304140006080000CC70623B0000
310
00000000000000000000370000006662782F36394639363044362D344446342D343946362D394244322D3234314243333846323333332F617474726962757465732E62696E504B0304140006080800CC70623B08DA0BD19000000041010000360000006662782F36394639363044362D344446342D343946362D394244322D
310
3234314243333846323333332F6469726563746F72792E786D6C858F410AC3201045AF22B36F53E9A60B35CBEEBAE80D244E44489C6234F4F835464A48035D0DF398FF9F8AF63D0E6CC63039F212F8F9020C7D47C6792B21C5FE7403D62A1188E2E60C98D7234A5830286103A55745067B9D86B8A3CF9C7F90C11DE607FB14
310
4396D7B6A82D282E9A152AD114D5EF2CB866EEE831B8EEA07A7BB5A8D7D61A2BAAEB7FD5F70921FF497D00504B0304140006080800CC70623BCA768048FE000000A00100003B0000006662782F36394639363044362D344446342D343946362D394244322D3234314243333846323333332F7265736F75726365732F636F72
310
652E786D6C8D50596E833010BD0A9ADFCA60D600328E9AA639412F609909B1126CE4A5EAF16B0295DABFFECC8CDEA2797AECF8353F924FB44E193D409E5248504B332A3D0D10FC95B4901C39B3C6F85F3248B49871801506CE266BC2B243D2688FDA47549B11775038871E12F988C7004EDE7016A9083E2ADC3D5D84BC8B09
310
D33C8D74D471E6BC8D0192EDC93A815B742658898E651BCB59086ADC356A8C3FD555A1055ED7E7E254D615792D0F075295F585746FF53B694EE78A565DD736979A65AB9933AFE69F8CD2A2F038022F28ED489E135A7CE4554F9BBEA85E68DB53CAB255FEC71496F19FA6A0B42F8B3DEE6673C0F318E4497096AD7DC5F52C33
310
EEB55BFE0D504B010214000A0000080000CC70623B3DEE336E79000000790000001B00000000000000000000000000000000006175746F6465736B2D64657369676E2D7061636B6167652E786D6C504B01021400140006080800CC70623BD486FD9CA0000000F40000001300000000000000000000000000B20000005B436F
310
6E74656E745F54797065735D2E786D6C504B01021400140006080800CC70623BD9DDAED0EC0000007C010000080000000000000000000000000083010000636F72652E786D6C504B01021400140006080800CC70623B55019EA25F0000007C000000070000000000000000000000000095020000636E782E786D6C504B0102
310
1400140006080800CC70623BA24EB22D72010000D40300000C00000000000000000000000000190300006662782F636F72652E786D6C504B01021400140006080800CC70623B408A7D3B7C0000009D0000000B00000000000000000000000000B50400006662782F636E782E786D6C504B01021400140006080800CC70623B
310
449FB9BD290100001202000031000000000000000000000000005A0500006662782F36394639363044362D344446342D343946362D394244322D3234314243333846323333332F636F72652E786D6C504B01021400140006080800CC70623BAD7543B64E010000330300003000000000000000000000000000D20600006662
310
782F36394639363044362D344446342D343946362D394244322D3234314243333846323333332F636E782E786D6C504B01021400140006080800CC70623B8D05915C650500003B10000034000000000000000000000000006E0800006662782F36394639363044362D344446342D343946362D394244322D32343142433338
310
46323333332F6F626A656374732E786D6C504B01021400140006080000CC70623B0000000000000000000000003500000000000000000000000000250E00006662782F36394639363044362D344446342D343946362D394244322D3234314243333846323333332F76657274696365732E62696E504B010214001400060808
310
00CC70623BF270F13306000000040000003600000000000000000000000000780E00006662782F36394639363044362D344446342D343946362D394244322D3234314243333846323333332F747269616E676C65732E62696E504B01021400140006080000CC70623B00000000000000000000000037000000000000000000
310
00000000D20E00006662782F36394639363044362D344446342D343946362D394244322D3234314243333846323333332F617474726962757465732E62696E504B01021400140006080800CC70623B08DA0BD190000000410100003600000000000000000000000000270F00006662782F36394639363044362D344446342D
310
343946362D394244322D3234314243333846323333332F6469726563746F72792E786D6C504B01021400140006080800CC70623BCA768048FE000000A00100003B000000000000000000000000000B1000006662782F36394639363044362D344446342D343946362D394244322D3234314243333846323333332F7265736F
310
75726365732F636F72652E786D6C504B0506000000000E000E0080040000621100000000
  0
XRECORD
  5
176
102
{ACAD_REACTORS
330
173
102
}
330
173
100
AcDbXrecord
280
     1
270
     1
271
     1
  0
XRECORD
  5
177
102
{ACAD_REACTORS
330
173
102
}
330
173
100
AcDbXrecord
280
     1
270
     1
271
     1
  0
CELLSTYLEMAP
  5
1B5E
102
{ACAD_REACTORS
330
162
102
}
330
162
100
AcDbCellStyleMap
 90
        3
300
CELLSTYLE
  1
TABLEFORMAT_BEGIN
 90
        5
170
     1
 91
        0
 92
    32768
 62
   257
 93
        1
300
CONTENTFORMAT
  1
CONTENTFORMAT_BEGIN
 90
        0
 91
        0
 92
      512
 93
        0
300

 40
0.0
140
1.0
 94
        5
 62
     0
340
11
144
6.0
309
CONTENTFORMAT_END
171
     1
301
MARGIN
  1
CELLMARGIN_BEGIN
 40
1.5
 40
1.5
 40
1.5
 40
1.5
 40
4.5
 40
4.5
309
CELLMARGIN_END
 94
        6
 95
        1
302
GRIDFORMAT
  1
GRIDFORMAT_BEGIN
 90
        0
 91
        1
 62
     0
 92
       -2
340
14
 93
        0
 40
1.125
309
GRIDFORMAT_END
 95
        2
302
GRIDFORMAT
  1
GRIDFORMAT_BEGIN
 90
        0
 91
        1
 62
     0
 92
       -2
340
14
 93
        0
 40
1.125
309
GRIDFORMAT_END
 95
        4
302
GRIDFORMAT
  1
GRIDFORMAT_BEGIN
 90
        0
 91
        1
 62
     0
 92
       -2
340
14
 93
        0
 40
1.125
309
GRIDFORMAT_END
 95
        8
302
GRIDFORMAT
  1
GRIDFORMAT_BEGIN
 90
        0
 91
        1
 62
     0
 92
       -2
340
14
 93
        0
 40
1.125
309
GRIDFORMAT_END
 95
       16
302
GRIDFORMAT
  1
GRIDFORMAT_BEGIN
 90
        0
 91
        1
 62
     0
 92
       -2
340
14
 93
        0
 40
1.125
309
GRIDFORMAT_END
 95
       32
302
GRIDFORMAT
  1
GRIDFORMAT_BEGIN
 90
        0
 91
        1
 62
     0
 92
       -2
340
14
 93
        0
 40
1.125
309
GRIDFORMAT_END
309
TABLEFORMAT_END
  1
CELLSTYLE_BEGIN
 90
        1
 91
        1
300
_TITLE
309
CELLSTYLE_END
300
CELLSTYLE
  1
TABLEFORMAT_BEGIN
 90
        5
170
     1
 91
        0
 92
        0
 62
   257
 93
        1
300
CONTENTFORMAT
  1
CONTENTFORMAT_BEGIN
 90
        0
 91
        0
 92
      512
 93
        0
300

 40
0.0
140
1.0
 94
        5
 62
     0
340
11
144
4.5
309
CONTENTFORMAT_END
171
     1
301
MARGIN
  1
CELLMARGIN_BEGIN
 40
1.5
 40
1.5
 40
1.5
 40
1.5
 40
4.5
 40
4.5
309
CELLMARGIN_END
 94
        6
 95
        1
302
GRIDFORMAT
  1
GRIDFORMAT_BEGIN
 90
        0
 91
        1
 62
     0
 92
       -2
340
14
 93
        0
 40
1.125
309
GRIDFORMAT_END
 95
        2
302
GRIDFORMAT
  1
GRIDFORMAT_BEGIN
 90
        0
 91
        1
 62
     0
 92
       -2
340
14
 93
        0
 40
1.125
309
GRIDFORMAT_END
 95
        4
302
GRIDFORMAT
  1
GRIDFORMAT_BEGIN
 90
        0
 91
        1
 62
     0
 92
       -2
340
14
 93
        0
 40
1.125
309
GRIDFORMAT_END
 95
        8
302
GRIDFORMAT
  1
GRIDFORMAT_BEGIN
 90
        0
 91
        1
 62
     0
 92
       -2
340
14
 93
        0
 40
1.125
309
GRIDFORMAT_END
 95
       16
302
GRIDFORMAT
  1
GRIDFORMAT_BEGIN
 90
        0
 91
        1
 62
     0
 92
       -2
340
14
 93
        0
 40
1.125
309
GRIDFORMAT_END
 95
       32
302
GRIDFORMAT
  1
GRIDFORMAT_BEGIN
 90
        0
 91
        1
 62
     0
 92
       -2
340
14
 93
        0
 40
1.125
309
GRIDFORMAT_END
309
TABLEFORMAT_END
  1
CELLSTYLE_BEGIN
 90
        2
 91
        1
300
_HEADER
309
CELLSTYLE_END
300
CELLSTYLE
  1
TABLEFORMAT_BEGIN
 90
        5
170
     1
 91
        0
 92
        0
 62
   257
 93
        1
300
CONTENTFORMAT
  1
CONTENTFORMAT_BEGIN
 90
        0
 91
        0
 92
      512
 93
        0
300

 40
0.0
140
1.0
 94
        2
 62
     0
340
11
144
4.5
309
CONTENTFORMAT_END
171
     1
301
MARGIN
  1
CELLMARGIN_BEGIN
 40
1.5
 40
1.5
 40
1.5
 40
1.5
 40
4.5
 40
4.5
309
CELLMARGIN_END
 94
        6
 95
        1
302
GRIDFORMAT
  1
GRIDFORMAT_BEGIN
 90
        0
 91
        1
 62
     0
 92
       -2
340
14
 93
        0
 40
1.125
309
GRIDFORMAT_END
 95
        2
302
GRIDFORMAT
  1
GRIDFORMAT_BEGIN
 90
        0
 91
        1
 62
     0
 92
       -2
340
14
 93
        0
 40
1.125
309
GRIDFORMAT_END
 95
        4
302
GRIDFORMAT
  1
GRIDFORMAT_BEGIN
 90
        0
 91
        1
 62
     0
 92
       -2
340
14
 93
        0
 40
1.125
309
GRIDFORMAT_END
 95
        8
302
GRIDFORMAT
  1
GRIDFORMAT_BEGIN
 90
        0
 91
        1
 62
     0
 92
       -2
340
14
 93
        0
 40
1.125
309
GRIDFORMAT_END
 95
       16
302
GRIDFORMAT
  1
GRIDFORMAT_BEGIN
 90
        0
 91
        1
 62
     0
 92
       -2
340
14
 93
        0
 40
1.125
309
GRIDFORMAT_END
 95
       32
302
GRIDFORMAT
  1
GRIDFORMAT_BEGIN
 90
        0
 91
        1
 62
     0
 92
       -2
340
14
 93
        0
 40
1.125
309
GRIDFORMAT_END
309
TABLEFORMAT_END
  1
CELLSTYLE_BEGIN
 90
        3
 91
        2
300
_DATA
309
CELLSTYLE_END
  0
ENDSEC
  0
SECTION
  2
ACDSDATA
 70
     2
 71
     8
  0
ACDSSCHEMA
 90
        0
  1
AcDb_Thumbnail_Schema
  2
AcDbDs::ID
280
    10
 91
        8
  2
Thumbnail_Data
280
    15
 91
        0
101
ACDSRECORD
 95
        0
 90
        1
  2
AcDbDs::TreatedAsObjectData
280
     1
291
     1
101
ACDSRECORD
 95
        0
 90
        2
  2
AcDbDs::Legacy
280
     1
291
     1
101
ACDSRECORD
  1
AcDbDs::ID
 90
        3
  2
AcDs:Indexable
280
     1
291
     1
101
ACDSRECORD
  1
AcDbDs::ID
 90
        4
  2
AcDbDs::HandleAttribute
280
     7
282
     1
  0
ACDSSCHEMA
 90
        1
  1
AcDbDs::TreatedAsObjectDataSchema
  2
AcDbDs::TreatedAsObjectData
280
     1
 91
        0
  0
ACDSSCHEMA
 90
        2
  1
AcDbDs::LegacySchema
  2
AcDbDs::Legacy
280
     1
 91
        0
  0
ACDSSCHEMA
 90
        3
  1
AcDbDs::IndexedPropertySchema
  2
AcDs:Indexable
280
     1
 91
        0
  0
ACDSSCHEMA
 90
        4
  1
AcDbDs::HandleAttributeSchema
  2
AcDbDs::HandleAttribute
280
     7
 91
        1
284
     1
  0
ACDSRECORD
 90
        0
  2
AcDbDs::ID
280
    10
320
22
  2
Thumbnail_Data
280
    15
 94
     1918
310
89504E470D0A1A0A0000000D494844520000010000000063080300000043BB2E1400000300504C5445212830FFFFFF2128300000000000000000000000000000000000000000000000000000330000660000990000CC0000FF0033000033330033660033990033CC0033FF0066000066330066660066990066CC0066FF0099
310
000099330099660099990099CC0099FF00CC0000CC3300CC6600CC9900CCCC00CCFF00FF0000FF3300FF6600FF9900FFCC00FFFF3300003300333300663300993300CC3300FF3333003333333333663333993333CC3333FF3366003366333366663366993366CC3366FF3399003399333399663399993399CC3399FF33CC00
310
33CC3333CC6633CC9933CCCC33CCFF33FF0033FF3333FF6633FF9933FFCC33FFFF6600006600336600666600996600CC6600FF6633006633336633666633996633CC6633FF6666006666336666666666996666CC6666FF6699006699336699666699996699CC6699FF66CC0066CC3366CC6666CC9966CCCC66CCFF66FF0066
310
FF3366FF6666FF9966FFCC66FFFF9900009900339900669900999900CC9900FF9933009933339933669933999933CC9933FF9966009966339966669966999966CC9966FF9999009999339999669999999999CC9999FF99CC0099CC3399CC6699CC9999CCCC99CCFF99FF0099FF3399FF6699FF9999FFCC99FFFFCC0000CC00
310
33CC0066CC0099CC00CCCC00FFCC3300CC3333CC3366CC3399CC33CCCC33FFCC6600CC6633CC6666CC6699CC66CCCC66FFCC9900CC9933CC9966CC9999CC99CCCC99FFCCCC00CCCC33CCCC66CCCC99CCCCCCCCCCFFCCFF00CCFF33CCFF66CCFF99CCFFCCCCFFFFFF0000FF0033FF0066FF0099FF00CCFF00FFFF3300FF3333
310
FF3366FF3399FF33CCFF33FFFF6600FF6633FF6666FF6699FF66CCFF66FFFF9900FF9933FF9966FF9999FF99CCFF99FFFFCC00FFCC33FFCC66FFCC99FFCCCCFFCCFFFFFF00FFFF33FFFF66FFFF99FFFFCCFFFFFF0000000D0D0D1A1A1A2828283535354343435050505D5D5D6B6B6B787878868686939393A1A1A1AEAEAEBB
310
BBBBC9C9C9D6D6D6E4E4E4F1F1F1FFFFFF0000000000000000000000000000000000000000000000000000000000002E4550F1000004394944415478DAED5B4B721C210CD50DB8061BEEBF6333DB1C8123B0F53E4842FC9AB6A79C74D52050926A8CF05478FDF4430CC0F3F2A78C228BB5C6D84E00FF25BDAC6955492CF064
310
9489FE633F5D9AFF29ED306DC4A4A781B2990480F73EAB41002028600060FAB14B0160E70080870240B3BE0120EB5500003B031091DAC64E4C20DBB86D5D800CD92C963781B22D9831C0398B7F22EE9387E9E97836461E392D00200B0800E23631002CD80B03062228618031E4034C1E1916F09E89DEBB01FA3D0C11DF58D6
310
720C80C104627AFBA13A392448970934B9C1EA4E301813E8C5A3940133A00230A642174A2C0C40923900A10D7383C523001727B02C00D09880783DC903624996C9F1951FA14E150816CD0302140062AD043200F6E6136CA359BA16A024A80F723E43E0C7CDB357780FD77518D019386EDF630AC8D22F0A08C00B5E22BA00A0
310
0D9BF4F23D319F29DEEF12BD650600B40190256DFDEBAB71EDE32E03683501B1F1C61E7AC3E8131EA50020C591DA16DFBB850B027B000037FEED5F2C6B1913080FB9965500C020F72A3EFE1D510540F885E862C0DDAE006E176B738254FBC879CFFC17BFD72F9F08518700E86FFC8D5E03009811538D7B0B40AE8175012015
310
10968251464D3124D551DEBD8FBD5A0103729EC7875D742268017CAF8FE0F1503C55CF2EBA41AF1200DFEBF1B4BC03C0EB02E02A7ED0C7DA2388F3E2604D00B0EF13A700F8ACEF8F8C62C1420903F26500971B5D2248712F8E9FF4E0CA1A5E77B1814501C8EF9836571028474320ACCF44A810393D0C8039033839B4D44147
310
EF97014A73DA00A826D030200140E97E5263E380BC3FE95334E03597027A5900B035346140A0E650D10B030A00AC57EB038CE78A8FF48E361E792072A908B54581EC03504F8C77835C2AE2350188777980ADF50F5A7F2B44112D89D06D26280050149085F2F661520A28A905CA847F0F206500F85626FA2E4C6A3A0F9082DF
310
D7E0E027E7051D3C9AAAC19F8419D027FFAA7C00F704A60D01BA1670AB540280B4056712EE94B0030020D702C69D4FFB870B9B40981B3EC7BAF0986BF95C2758EF41D28DB0FD00A00E881C15C42D1920E740764F00E86B04CDA058C4B600C8CDD89D01D8C904EC8D6C0000473EE7C6F38F720AB00300DCFA8DD20C9F368237
310
F001B15C998CAD4DEC020045FF7C5BB2EB0D6E940831007C1B6427009A3E70FCEFC45A0B80072C6BAD3C006F8FE7FA1FBF27B05714184E42F605602713C8847FD56FC584F118ECFBBBD26A0098ED1ACE6DF1735BFCBA58990984673EF63301783D222B3360F07D251070FB67EE1C55458169DBAB38FBB7BE31744C60251370
310
EE45D79C86C3AEF60A54EB182FF3D563B627652B03700DF2F3D92107E80BC7A500E06DC370FD2DC0FC09617C2E0E4067BA0D00FC639DFCC9EA058005C3E0AB5A72A8267DF7BC572C1B06C303721870003826701870187018700038267018F0F900847018707CC061C00983C7048E091C061C067C1E03FE02FB89716F6CEB58
310
E90000000049454E44AE426082
  0
ENDSEC
  0
EOF
