  0
SECTION
  2
HEADER
  9
$ACADVER
  1
AC1032
  9
$ACADMAINTVER
 90
       55
  9
$DWGCODEPAGE
  3
ANSI_1252
  9
$LASTSAVEDBY
  1
Wilross
  9
$REQUIREDVERSIONS
160
                 0
  9
$INSBASE
 10
0.0
 20
0.0
 30
0.0
  9
$EXTMIN
 10
0.0002087538590558
 20
0.0000742206757423
 30
0.0
  9
$EXTMAX
 10
89961.66195111054
 20
53180.62412832386
 30
0.0
  9
$LIMMIN
 10
0.0
 20
0.0
  9
$LIMMAX
 10
420.0
 20
297.0
  9
$ORTHOMODE
 70
     0
  9
$REGENMODE
 70
     1
  9
$FILLMODE
 70
     1
  9
$QTEXTMODE
 70
     0
  9
$MIRRTEXT
 70
     0
  9
$LTSCALE
 40
1.0
  9
$ATTMODE
 70
     1
  9
$TEXTSIZE
 40
2.5
  9
$TRACEWID
 40
1.0
  9
$TEXTSTYLE
  7
Standard
  9
$CLAYER
  8
0
  9
$CELTYPE
  6
ByLayer
  9
$CECOLOR
 62
   256
  9
$CELTSCALE
 40
1.0
  9
$DISPSILH
 70
     0
  9
$DIMSCALE
 40
1.0
  9
$DIMASZ
 40
2.5
  9
$DIMEXO
 40
0.625
  9
$DIMDLI
 40
3.75
  9
$DIMRND
 40
0.0
  9
$DIMDLE
 40
0.0
  9
$DIMEXE
 40
1.25
  9
$DIMTP
 40
0.0
  9
$DIMTM
 40
0.0
  9
$DIMTXT
 40
2.5
  9
$DIMCEN
 40
2.5
  9
$DIMTSZ
 40
0.0
  9
$DIMTOL
 70
     0
  9
$DIMLIM
 70
     0
  9
$DIMTIH
 70
     0
  9
$DIMTOH
 70
     0
  9
$DIMSE1
 70
     0
  9
$DIMSE2
 70
     0
  9
$DIMTAD
 70
     1
  9
$DIMZIN
 70
     8
  9
$DIMBLK
  1

  9
$DIMASO
 70
     1
  9
$DIMSHO
 70
     1
  9
$DIMPOST
  1

  9
$DIMAPOST
  1

  9
$DIMALT
 70
     0
  9
$DIMALTD
 70
     3
  9
$DIMALTF
 40
0.03937007874016
  9
$DIMLFAC
 40
1.0
  9
$DIMTOFL
 70
     1
  9
$DIMTVP
 40
0.0
  9
$DIMTIX
 70
     0
  9
$DIMSOXD
 70
     0
  9
$DIMSAH
 70
     0
  9
$DIMBLK1
  1

  9
$DIMBLK2
  1

  9
$DIMSTYLE
  2
ISO-25
  9
$DIMCLRD
 70
     0
  9
$DIMCLRE
 70
     0
  9
$DIMCLRT
 70
     0
  9
$DIMTFAC
 40
1.0
  9
$DIMGAP
 40
0.625
  9
$DIMJUST
 70
     0
  9
$DIMSD1
 70
     0
  9
$DIMSD2
 70
     0
  9
$DIMTOLJ
 70
     0
  9
$DIMTZIN
 70
     8
  9
$DIMALTZ
 70
     0
  9
$DIMALTTZ
 70
     0
  9
$DIMUPT
 70
     0
  9
$DIMDEC
 70
     2
  9
$DIMTDEC
 70
     2
  9
$DIMALTU
 70
     2
  9
$DIMALTTD
 70
     3
  9
$DIMTXSTY
  7
Standard
  9
$DIMAUNIT
 70
     0
  9
$DIMADEC
 70
     0
  9
$DIMALTRND
 40
0.0
  9
$DIMAZIN
 70
     0
  9
$DIMDSEP
 70
    44
  9
$DIMATFIT
 70
     3
  9
$DIMFRAC
 70
     0
  9
$DIMLDRBLK
  1

  9
$DIMLUNIT
 70
     2
  9
$DIMLWD
 70
    -2
  9
$DIMLWE
 70
    -2
  9
$DIMTMOVE
 70
     0
  9
$DIMFXL
 40
1.0
  9
$DIMFXLON
 70
     0
  9
$DIMJOGANG
 40
0.7853981633974483
  9
$DIMTFILL
 70
     0
  9
$DIMTFILLCLR
 70
     0
  9
$DIMARCSYM
 70
     0
  9
$DIMLTYPE
  6

  9
$DIMLTEX1
  6

  9
$DIMLTEX2
  6

  9
$DIMTXTDIRECTION
 70
     0
  9
$LUNITS
 70
     2
  9
$LUPREC
 70
     4
  9
$SKETCHINC
 40
1.0
  9
$FILLETRAD
 40
0.0
  9
$AUNITS
 70
     0
  9
$AUPREC
 70
     0
  9
$MENU
  1
.
  9
$ELEVATION
 40
0.0
  9
$PELEVATION
 40
0.0
  9
$THICKNESS
 40
0.0
  9
$LIMCHECK
 70
     0
  9
$CHAMFERA
 40
0.0
  9
$CHAMFERB
 40
0.0
  9
$CHAMFERC
 40
0.0
  9
$CHAMFERD
 40
0.0
  9
$SKPOLY
 70
     0
  9
$TDCREATE
 40
2461272.956701389
  9
$TDUCREATE
 40
2461272.623368055
  9
$TDUPDATE
 40
2461272.958194444
  9
$TDUUPDATE
 40
2461272.624861111
  9
$TDINDWG
 40
0.0014930556
  9
$TDUSRTIMER
 40
0.0014930556
  9
$USRTIMER
 70
     1
  9
$ANGBASE
 50
0.0
  9
$ANGDIR
 70
     0
  9
$PDMODE
 70
     0
  9
$PDSIZE
 40
0.0
  9
$PLINEWID
 40
0.0
  9
$SPLFRAME
 70
     0
  9
$SPLINETYPE
 70
     6
  9
$SPLINESEGS
 70
     8
  9
$HANDSEED
  5
1790
  9
$SURFTAB1
 70
     6
  9
$SURFTAB2
 70
     6
  9
$SURFTYPE
 70
     6
  9
$SURFU
 70
     6
  9
$SURFV
 70
     6
  9
$UCSBASE
  2

  9
$UCSNAME
  2

  9
$UCSORG
 10
0.0
 20
0.0
 30
0.0
  9
$UCSXDIR
 10
1.0
 20
0.0
 30
0.0
  9
$UCSYDIR
 10
0.0
 20
1.0
 30
0.0
  9
$UCSORTHOREF
  2

  9
$UCSORTHOVIEW
 70
     0
  9
$UCSORGTOP
 10
0.0
 20
0.0
 30
0.0
  9
$UCSORGBOTTOM
 10
0.0
 20
0.0
 30
0.0
  9
$UCSORGLEFT
 10
0.0
 20
0.0
 30
0.0
  9
$UCSORGRIGHT
 10
0.0
 20
0.0
 30
0.0
  9
$UCSORGFRONT
 10
0.0
 20
0.0
 30
0.0
  9
$UCSORGBACK
 10
0.0
 20
0.0
 30
0.0
  9
$PUCSBASE
  2

  9
$PUCSNAME
  2

  9
$PUCSORG
 10
0.0
 20
0.0
 30
0.0
  9
$PUCSXDIR
 10
1.0
 20
0.0
 30
0.0
  9
$PUCSYDIR
 10
0.0
 20
1.0
 30
0.0
  9
$PUCSORTHOREF
  2

  9
$PUCSORTHOVIEW
 70
     0
  9
$PUCSORGTOP
 10
0.0
 20
0.0
 30
0.0
  9
$PUCSORGBOTTOM
 10
0.0
 20
0.0
 30
0.0
  9
$PUCSORGLEFT
 10
0.0
 20
0.0
 30
0.0
  9
$PUCSORGRIGHT
 10
0.0
 20
0.0
 30
0.0
  9
$PUCSORGFRONT
 10
0.0
 20
0.0
 30
0.0
  9
$PUCSORGBACK
 10
0.0
 20
0.0
 30
0.0
  9
$USERI1
 70
     0
  9
$USERI2
 70
     0
  9
$USERI3
 70
     0
  9
$USERI4
 70
     0
  9
$USERI5
 70
     0
  9
$USERR1
 40
0.0
  9
$USERR2
 40
0.0
  9
$USERR3
 40
0.0
  9
$USERR4
 40
0.0
  9
$USERR5
 40
0.0
  9
$WORLDVIEW
 70
     1
  9
$SHADEDGE
 70
     3
  9
$SHADEDIF
 70
    70
  9
$TILEMODE
 70
     1
  9
$MAXACTVP
 70
    64
  9
$PINSBASE
 10
0.0
 20
0.0
 30
0.0
  9
$PLIMCHECK
 70
     0
  9
$PEXTMIN
 10
0.0
 20
0.0
 30
0.0
  9
$PEXTMAX
 10
0.0
 20
0.0
 30
0.0
  9
$PLIMMIN
 10
0.0
 20
0.0
  9
$PLIMMAX
 10
12.0
 20
9.0
  9
$UNITMODE
 70
     0
  9
$VISRETAIN
 70
     1
  9
$PLINEGEN
 70
     0
  9
$PSLTSCALE
 70
     1
  9
$TREEDEPTH
 70
  3020
  9
$CMLSTYLE
  2
Standard
  9
$CMLJUST
 70
     0
  9
$CMLSCALE
 40
20.0
  9
$PROXYGRAPHICS
 70
     1
  9
$MEASUREMENT
 70
     1
  9
$CELWEIGHT
370
    -1
  9
$ENDCAPS
280
     0
  9
$JOINSTYLE
280
     0
  9
$LWDISPLAY
290
     0
  9
$INSUNITS
 70
     4
  9
$HYPERLINKBASE
  1

  9
$STYLESHEET
  1

  9
$XEDIT
290
     1
  9
$CEPSNTYPE
380
     0
  9
$PSTYLEMODE
290
     1
  9
$FINGERPRINTGUID
  2
{21DABBC6-0F07-6748-AAA7-054231789326}
  9
$VERSIONGUID
  2
{F2D8AD94-AA09-634D-A8A0-5D6A4954F45A}
  9
$EXTNAMES
290
     1
  9
$PSVPSCALE
 40
0.0
  9
$OLESTARTUP
290
     0
  9
$SORTENTS
280
   127
  9
$INDEXCTL
280
     0
  9
$HIDETEXT
280
     1
  9
$XCLIPFRAME
280
     2
  9
$HALOGAP
280
     0
  9
$OBSCOLOR
 70
   257
  9
$OBSLTYPE
280
     0
  9
$INTERSECTIONDISPLAY
280
     0
  9
$INTERSECTIONCOLOR
 70
   257
  9
$DIMASSOC
280
     2
  9
$PROJECTNAME
  1

  9
$CAMERADISPLAY
290
     0
  9
$LENSLENGTH
 40
50.0
  9
$CAMERAHEIGHT
 40
0.0
  9
$STEPSPERSEC
 40
2.0
  9
$STEPSIZE
 40
6.0
  9
$3DDWFPREC
 40
2.0
  9
$PSOLWIDTH
 40
5.0
  9
$PSOLHEIGHT
 40
80.0
  9
$LOFTANG1
 40
1.570796326794896
  9
$LOFTANG2
 40
1.570796326794896
  9
$LOFTMAG1
 40
0.0
  9
$LOFTMAG2
 40
0.0
  9
$LOFTPARAM
 70
     7
  9
$LOFTNORMALS
280
     1
  9
$LATITUDE
 40
37.795
  9
$LONGITUDE
 40
-122.394
  9
$NORTHDIRECTION
 40
0.0
  9
$TIMEZONE
 70
 -8000
  9
$LIGHTGLYPHDISPLAY
280
     1
  9
$TILEMODELIGHTSYNCH
280
     1
  9
$CMATERIAL
347
EC
  9
$SOLIDHIST
280
     0
  9
$SHOWHIST
280
     1
  9
$DWFFRAME
280
     2
  9
$DGNFRAME
280
     0
  9
$REALWORLDSCALE
290
     1
  9
$INTERFERECOLOR
 62
     1
  9
$INTERFEREOBJVS
345
F9
  9
$INTERFEREVPVS
346
F6
  9
$CSHADOW
280
     0
  9
$SHADOWPLANELOCATION
 40
0.0
  0
ENDSEC
  0
SECTION
  2
CLASSES
  0
CLASS
  1
ACDBDICTIONARYWDFLT
  2
AcDbDictionaryWithDefault
  3
ObjectDBX Classes
 90
        0
 91
        1
280
     0
281
     0
  0
CLASS
  1
DICTIONARYVAR
  2
AcDbDictionaryVar
  3
ObjectDBX Classes
 90
        0
 91
       11
280
     0
281
     0
  0
CLASS
  1
TABLESTYLE
  2
AcDbTableStyle
  3
ObjectDBX Classes
 90
     4095
 91
        1
280
     0
281
     0
  0
CLASS
  1
MATERIAL
  2
AcDbMaterial
  3
ObjectDBX Classes
 90
     1153
 91
        3
280
     0
281
     0
  0
CLASS
  1
VISUALSTYLE
  2
AcDbVisualStyle
  3
ObjectDBX Classes
 90
     4095
 91
       24
280
     0
281
     0
  0
CLASS
  1
SCALE
  2
AcDbScale
  3
ObjectDBX Classes
 90
     1153
 91
       19
280
     0
281
     0
  0
CLASS
  1
MLEADERSTYLE
  2
AcDbMLeaderStyle
  3
ACDB_MLEADERSTYLE_CLASS
 90
     4095
 91
        2
280
     0
281
     0
  0
CLASS
  1
CELLSTYLEMAP
  2
AcDbCellStyleMap
  3
ObjectDBX Classes
 90
     1152
 91
        2
280
     0
281
     0
  0
CLASS
  1
EXACXREFPANELOBJECT
  2
ExAcXREFPanelObject
  3
EXAC_ESW
 90
     1025
 91
        0
280
     0
281
     0
  0
CLASS
  1
NPOCOLLECTION
  2
AcDbImpNonPersistentObjectsCollection
  3
ObjectDBX Classes
 90
     1153
 91
        0
280
     0
281
     0
  0
CLASS
  1
LAYER_INDEX
  2
AcDbLayerIndex
  3
ObjectDBX Classes
 90
        0
 91
        0
280
     0
281
     0
  0
CLASS
  1
SPATIAL_INDEX
  2
AcDbSpatialIndex
  3
ObjectDBX Classes
 90
        0
 91
        0
280
     0
281
     0
  0
CLASS
  1
IDBUFFER
  2
AcDbIdBuffer
  3
ObjectDBX Classes
 90
        0
 91
        0
280
     0
281
     0
  0
CLASS
  1
ACDBSECTIONVIEWSTYLE
  2
AcDbSectionViewStyle
  3
ObjectDBX Classes
 90
     1025
 91
        2
280
     0
281
     0
  0
CLASS
  1
ACDBDETAILVIEWSTYLE
  2
AcDbDetailViewStyle
  3
ObjectDBX Classes
 90
     1025
 91
        2
280
     0
281
     0
  0
CLASS
  1
DIMASSOC
  2
AcDbDimAssoc
  3
"AcDbDimAssoc|Product Desc:     AcDim ARX App For Dimension|Company:          Autodesk, Inc.|WEB Address:      www.autodesk.com"
 90
        0
 91
       12
280
     0
281
     0
  0
CLASS
  1
SORTENTSTABLE
  2
AcDbSortentsTable
  3
ObjectDBX Classes
 90
        0
 91
        1
280
     0
281
     0
  0
ENDSEC
  0
SECTION
  2
TABLES
  0
TABLE
  2
VPORT
  5
8
330
0
100
AcDbSymbolTable
 70
     1
  0
VPORT
  5
EA
330
8
100
AcDbSymbolTableRecord
100
AcDbViewportTableRecord
  2
*Active
 70
     0
 10
0.0
 20
0.0
 11
1.0
 21
1.0
 12
28289.92862825872
 22
26653.51203831808
 13
0.0
 23
0.0
 14
10.0
 24
10.0
 15
10.0
 25
10.0
 16
0.0
 26
0.0
 36
1.0
 17
0.0
 27
0.0
 37
0.0
 40
71741.84841257517
 41
2.575067024128686
 42
50.0
 43
0.0
 44
0.0
 50
0.0
 51
0.0
 71
     0
 72
  1000
 73
     1
 74
     3
 75
     0
 76
     1
 77
     0
 78
     0
281
     0
 65
     1
110
0.0
120
0.0
130
0.0
111
1.0
121
0.0
131
0.0
112
0.0
122
1.0
132
0.0
 79
     0
146
0.0
348
F5
 60
     3
 61
     5
292
     1
282
     1
141
0.0
142
0.0
 63
   250
421
  3355443
1001
ACAD_NAV_VCDISPLAY
1070
     3
  0
ENDTAB
  0
TABLE
  2
LTYPE
  5
5
330
0
100
AcDbSymbolTable
 70
     2
  0
LTYPE
  5
14
330
5
100
AcDbSymbolTableRecord
100
AcDbLinetypeTableRecord
  2
ByBlock
 70
     0
  3

 72
    65
 73
     0
 40
0.0
  0
LTYPE
  5
15
330
5
100
AcDbSymbolTableRecord
100
AcDbLinetypeTableRecord
  2
ByLayer
 70
     0
  3

 72
    65
 73
     0
 40
0.0
  0
LTYPE
  5
16
330
5
100
AcDbSymbolTableRecord
100
AcDbLinetypeTableRecord
  2
Continuous
 70
     0
  3
Solid line
 72
    65
 73
     0
 40
0.0
  0
LTYPE
  5
720
330
5
100
AcDbSymbolTableRecord
100
AcDbLinetypeTableRecord
  2
HIDDEN
 70
     0
  3
__ __ __ __ __ __ __ __ __ __ __ __ __ __ __ __
 72
    65
 73
     2
 40
0.375
 49
0.25
 74
     0
 49
-0.125
 74
     0
  0
ENDTAB
  0
TABLE
  2
LAYER
  5
2
102
{ACAD_XDICTIONARY
360
1FF
102
}
330
0
100
AcDbSymbolTable
 70
    14
  0
LAYER
  5
10
102
{ACAD_XDICTIONARY
360
13C
102
}
330
2
100
AcDbSymbolTableRecord
100
AcDbLayerTableRecord
  2
0
 70
     0
 62
     7
  6
Continuous
370
    -3
390
F
347
EE
348
0
  0
LAYER
  5
721
102
{ACAD_XDICTIONARY
360
722
102
}
330
2
100
AcDbSymbolTableRecord
100
AcDbLayerTableRecord
  2
1R
 70
     0
 62
     1
  6
Continuous
370
    -3
390
F
347
EE
348
0
  0
LAYER
  5
723
102
{ACAD_XDICTIONARY
360
724
102
}
330
2
100
AcDbSymbolTableRecord
100
AcDbLayerTableRecord
  2
2Y
 70
     0
 62
     2
  6
Continuous
370
    -3
390
F
347
EE
348
0
  0
LAYER
  5
725
102
{ACAD_XDICTIONARY
360
726
102
}
330
2
100
AcDbSymbolTableRecord
100
AcDbLayerTableRecord
  2
3G
 70
     0
 62
     3
  6
Continuous
370
    -3
390
F
347
EE
348
0
  0
LAYER
  5
727
102
{ACAD_XDICTIONARY
360
728
102
}
330
2
100
AcDbSymbolTableRecord
100
AcDbLayerTableRecord
  2
4C
 70
     0
 62
     4
  6
Continuous
370
    -3
390
F
347
EE
348
0
  0
LAYER
  5
729
102
{ACAD_XDICTIONARY
360
72A
102
}
330
2
100
AcDbSymbolTableRecord
100
AcDbLayerTableRecord
  2
7W
 70
     0
 62
     7
  6
Continuous
370
    -3
390
F
347
EE
348
0
  0
LAYER
  5
72B
102
{ACAD_XDICTIONARY
360
72C
102
}
330
2
100
AcDbSymbolTableRecord
100
AcDbLayerTableRecord
  2
TG
 70
     0
 62
     3
  6
Continuous
370
    -3
390
F
347
EE
348
0
  0
LAYER
  5
72D
102
{ACAD_XDICTIONARY
360
72E
102
}
330
2
100
AcDbSymbolTableRecord
100
AcDbLayerTableRecord
  2
TC
 70
     0
 62
     4
  6
Continuous
370
    -3
390
F
347
EE
348
0
  0
LAYER
  5
72F
102
{ACAD_XDICTIONARY
360
730
102
}
330
2
100
AcDbSymbolTableRecord
100
AcDbLayerTableRecord
  2
TM
 70
     0
 62
     6
  6
Continuous
370
    -3
390
F
347
EE
348
0
  0
LAYER
  5
731
102
{ACAD_XDICTIONARY
360
732
102
}
330
2
100
AcDbSymbolTableRecord
100
AcDbLayerTableRecord
  2
SHE
 70
     0
 62
     8
  6
Continuous
370
    -3
390
F
347
EE
348
0
  0
LAYER
  5
733
330
2
100
AcDbSymbolTableRecord
100
AcDbLayerTableRecord
  2
DEFPOINTS
 70
     0
 62
     7
  6
Continuous
290
     0
370
    -3
390
F
347
EE
348
0
  0
LAYER
  5
734
102
{ACAD_XDICTIONARY
360
735
102
}
330
2
100
AcDbSymbolTableRecord
100
AcDbLayerTableRecord
  2
TITLE
 70
     0
 62
     7
  6
Continuous
370
    -3
390
F
347
EE
348
0
  0
LAYER
  5
736
102
{ACAD_XDICTIONARY
360
737
102
}
330
2
100
AcDbSymbolTableRecord
100
AcDbLayerTableRecord
  2
5B
 70
     0
 62
     5
  6
Continuous
370
    -3
390
F
347
EE
348
0
  0
LAYER
  5
738
102
{ACAD_XDICTIONARY
360
739
102
}
330
2
100
AcDbSymbolTableRecord
100
AcDbLayerTableRecord
  2
DIM
 70
     0
 62
     8
  6
Continuous
370
    -3
390
F
347
EE
348
0
  0
ENDTAB
  0
TABLE
  2
STYLE
  5
3
330
0
100
AcDbSymbolTable
 70
     8
  0
STYLE
  5
11
330
3
100
AcDbSymbolTableRecord
100
AcDbTextStyleTableRecord
  2
Standard
 70
     0
 40
0.0
 41
1.0
 50
0.0
 71
     0
 42
2.5
  3
arial.ttf
  4

1001
ACAD
1000
Arial
1071
       34
  0
STYLE
  5
132
330
3
100
AcDbSymbolTableRecord
100
AcDbTextStyleTableRecord
  2
Annotative
 70
     0
 40
0.0
 41
1.0
 50
0.0
 71
     0
 42
2.5
  3
arial.ttf
  4

1001
AcadAnnotative
1000
AnnotativeData
1002
{
1070
     1
1070
     1
1002
}
1001
ACAD
1000
Arial
1071
       34
  0
STYLE
  5
73A
330
3
100
AcDbSymbolTableRecord
100
AcDbTextStyleTableRecord
  2
ROMANS
 70
     0
 40
0.0
 41
0.9
 50
0.0
 71
     0
 42
0.2
  3
romans.shx
  4

  0
STYLE
  5
73B
330
3
100
AcDbSymbolTableRecord
100
AcDbTextStyleTableRecord
  2
100CL
 70
     0
 40
0.0
 41
1.0
 50
0.0
 71
     0
 42
0.25
  3
ROMANS.shx
  4

  0
STYLE
  5
73C
330
3
100
AcDbSymbolTableRecord
100
AcDbTextStyleTableRecord
  2
240CL
 70
     0
 40
0.0
 41
1.0
 50
0.0
 71
     0
 42
12.0
  3
ROMANS.shx
  4

  0
STYLE
  5
73D
330
3
100
AcDbSymbolTableRecord
100
AcDbTextStyleTableRecord
  2
ROMANSIM
 70
     0
 40
0.0
 41
1.0
 50
0.0
 71
     0
 42
1.0
  3
romans.shx
  4

  0
STYLE
  5
73E
330
3
100
AcDbSymbolTableRecord
100
AcDbTextStyleTableRecord
  2
175CL
 70
     0
 40
0.45
 41
1.0
 50
0.0
 71
     0
 42
0.45
  3
ROMANS.shx
  4

  0
STYLE
  5
73F
330
3
100
AcDbSymbolTableRecord
100
AcDbTextStyleTableRecord
  2
S-TAKEN
 70
     0
 40
0.25
 41
1.0
 50
0.0
 71
     0
 42
0.25
  3
ROMANS.shx
  4

  0
ENDTAB
  0
TABLE
  2
VIEW
  5
6
330
0
100
AcDbSymbolTable
 70
     1
  0
ENDTAB
  0
TABLE
  2
UCS
  5
7
330
0
100
AcDbSymbolTable
 70
     0
  0
ENDTAB
  0
TABLE
  2
APPID
  5
9
330
0
100
AcDbSymbolTable
 70
     8
  0
APPID
  5
12
330
9
100
AcDbSymbolTableRecord
100
AcDbRegAppTableRecord
  2
ACAD
 70
     0
  0
APPID
  5
9E
330
9
100
AcDbSymbolTableRecord
100
AcDbRegAppTableRecord
  2
ACAD_PSEXT
 70
     0
  0
APPID
  5
133
330
9
100
AcDbSymbolTableRecord
100
AcDbRegAppTableRecord
  2
AcadAnnoPO
 70
     0
  0
APPID
  5
134
330
9
100
AcDbSymbolTableRecord
100
AcDbRegAppTableRecord
  2
AcadAnnotative
 70
     0
  0
APPID
  5
135
330
9
100
AcDbSymbolTableRecord
100
AcDbRegAppTableRecord
  2
ACAD_DSTYLE_DIMJAG
 70
     0
  0
APPID
  5
136
330
9
100
AcDbSymbolTableRecord
100
AcDbRegAppTableRecord
  2
ACAD_DSTYLE_DIMTALN
 70
     0
  0
APPID
  5
165
330
9
100
AcDbSymbolTableRecord
100
AcDbRegAppTableRecord
  2
ACAD_MLEADERVER
 70
     0
  0
APPID
  5
217
330
9
100
AcDbSymbolTableRecord
100
AcDbRegAppTableRecord
  2
ACAD_NAV_VCDISPLAY
 70
     0
  0
ENDTAB
  0
TABLE
  2
DIMSTYLE
  5
A
330
0
100
AcDbSymbolTable
 70
     5
100
AcDbDimStyleTable
 71
     2
340
27
340
137
  0
DIMSTYLE
105
1B0
330
A
100
AcDbSymbolTableRecord
100
AcDbDimStyleTableRecord
  2
Standard
 70
     0
340
11
  0
DIMSTYLE
105
137
330
A
100
AcDbSymbolTableRecord
100
AcDbDimStyleTableRecord
  2
Annotative
 70
     0
 40
0.0
 41
2.5
 42
0.625
 43
3.75
 44
1.25
 73
     0
 74
     0
 77
     1
 78
     8
140
2.5
141
2.5
143
0.03937007874016
147
0.625
171
     3
172
     1
271
     2
272
     2
274
     3
278
    44
283
     0
284
     8
340
11
1001
AcadAnnotative
1000
AnnotativeData
1002
{
1070
     1
1070
     1
1002
}
1001
ACAD_DSTYLE_DIMJAG
1070
   388
1040
1.5
1001
ACAD_DSTYLE_DIMTALN
1070
   392
1070
     0
  0
DIMSTYLE
105
27
330
A
100
AcDbSymbolTableRecord
100
AcDbDimStyleTableRecord
  2
ISO-25
 70
     0
 41
2.5
 42
0.625
 43
3.75
 44
1.25
 73
     0
 74
     0
 77
     1
 78
     8
140
2.5
141
2.5
143
0.03937007874016
147
0.625
171
     3
172
     1
271
     2
272
     2
274
     3
278
    44
283
     0
284
     8
340
11
  0
DIMSTYLE
105
740
102
{ACAD_REACTORS
330
74B
330
8AA
330
8D3
330
8D4
330
917
330
763
330
76B
330
9C0
330
9C1
330
9C8
330
A6B
330
A73
330
B73
330
C07
330
C53
330
C6F
330
C76
330
C77
330
C7A
330
C7B
330
C7E
330
809
330
D69
330
DD5
330
DDF
330
DE2
330
DE5
330
E14
330
E15
330
E17
330
E18
330
E1B
330
E1D
330
14F2
330
14F3
330
14F5
330
14F6
330
14F9
330
14FB
330
14B3
330
14BD
330
14C0
330
14C3
330
1447
330
12E5
330
1149
330
1151
330
1331
330
134D
330
1354
330
1355
330
1358
330
1359
330
135C
330
1251
330
109E
330
109F
330
10A6
330
EE7
330
F88
330
FB1
330
FB2
330
FF5
330
E41
330
E49
330
E29
102
}
330
A
100
AcDbSymbolTableRecord
100
AcDbDimStyleTableRecord
  2
DIM100
 70
     0
 40
100.0
 41
2.5
 42
1.0
 43
5.0
 44
1.0
 73
     0
 74
     0
 77
     1
140
2.5
141
1.0
147
1.0
176
     8
177
     8
178
     3
271
     0
272
     0
340
73A
342
27F
  0
DIMSTYLE
105
741
102
{ACAD_REACTORS
330
E07
330
E11
102
}
330
A
100
AcDbSymbolTableRecord
100
AcDbDimStyleTableRecord
  2
DIM150
 70
     0
 40
150.0
 41
2.5
 42
1.0
 43
5.0
 44
1.0
 73
     0
 74
     0
 77
     1
140
2.5
141
1.0
147
1.0
176
     8
177
     8
178
     3
271
     0
272
     0
340
73A
342
27F
  0
ENDTAB
  0
TABLE
  2
BLOCK_RECORD
  5
1
330
0
100
AcDbSymbolTable
 70
    79
  0
BLOCK_RECORD
  5
1F
102
{ACAD_XDICTIONARY
360
1CE
102
}
330
1
100
AcDbSymbolTableRecord
100
AcDbBlockTableRecord
  2
*Model_Space
340
22
 70
     0
280
     1
281
     0
  0
BLOCK_RECORD
  5
D2
330
1
100
AcDbSymbolTableRecord
100
AcDbBlockTableRecord
  2
*Paper_Space
340
D3
 70
     0
280
     1
281
     0
  0
BLOCK_RECORD
  5
D6
330
1
100
AcDbSymbolTableRecord
100
AcDbBlockTableRecord
  2
*Paper_Space0
340
D7
 70
     0
280
     1
281
     0
  0
BLOCK_RECORD
  5
27F
330
1
100
AcDbSymbolTableRecord
100
AcDbBlockTableRecord
  2
DIM1
340
0
102
{BLKREFS
331
16DD
331
16DE
331
16E6
331
16E7
331
16F0
331
16F1
331
16F9
331
16FA
331
1705
331
1706
331
1711
331
1712
331
171A
331
171B
331
1723
331
1724
331
172C
331
172D
331
1735
331
1736
331
173E
331
173F
331
1747
331
1748
331
1648
331
1649
331
1651
331
1652
331
165A
331
165B
331
1750
331
1751
331
1759
331
175A
331
1763
331
1764
331
176C
331
176D
331
1775
331
1776
331
177E
331
177F
331
1666
331
1667
331
166F
331
1670
331
1678
331
1679
331
1684
331
1685
331
1690
331
1691
331
169C
331
169D
331
16A6
331
16A7
331
16AF
331
16B0
331
16B8
331
16B9
331
16C1
331
16C2
331
16CA
331
16CB
331
16D4
331
16D5
331
670
331
671
331
67C
331
67D
331
688
331
689
331
694
331
695
331
6A0
331
6A1
331
6AC
331
6AD
331
6B8
331
6B9
331
6C4
331
6C5
331
6D1
331
6D2
331
6DD
331
6DE
331
6E9
331
6EA
331
6F5
331
6F6
331
701
331
702
331
70D
331
70E
331
719
331
71A
331
602
331
603
331
60E
331
60F
331
61A
331
61B
331
627
331
628
331
633
331
634
331
63F
331
640
331
64B
331
64C
331
657
331
658
331
664
331
665
331
594
331
595
331
5A1
331
5A2
331
5AD
331
5AE
331
5B9
331
5BA
331
5C6
331
5C7
331
5D2
331
5D3
331
5DE
331
5DF
331
5EA
331
5EB
331
5F6
331
5F7
102
}
 70
     1
280
     1
281
     0
  0
BLOCK_RECORD
  5
284
330
1
100
AcDbSymbolTableRecord
100
AcDbBlockTableRecord
  2
DOT
340
0
102
{BLKREFS
331
131A
331
131B
331
1326
331
14D7
331
14D8
331
14D9
331
14DA
331
14DF
331
14E1
331
14E2
331
12A2
331
12A9
331
12AA
331
12AB
331
12AD
331
12C2
331
12D0
331
12F6
331
12F7
331
12FA
331
12FC
331
12FE
331
12FF
331
1300
331
1303
331
1304
331
1306
331
126F
331
1273
331
1274
331
127F
331
1287
331
1297
331
1298
331
129A
331
129D
331
129F
331
F95
331
F97
331
F98
331
FCE
331
EF5
331
EF6
331
F10
331
F11
331
F13
331
F16
331
1007
331
1008
331
100B
331
100F
331
1019
331
101E
331
101F
331
1022
331
1023
331
102D
331
1038
331
103E
102
}
 70
     0
280
     1
281
     0
  0
BLOCK_RECORD
  5
29C
330
1
100
AcDbSymbolTableRecord
100
AcDbBlockTableRecord
  2
ARROW
340
0
102
{BLKREFS
331
133B
331
1340
331
1343
102
}
 70
     0
280
     1
281
     0
  0
BLOCK_RECORD
  5
2A1
330
1
100
AcDbSymbolTableRecord
100
AcDbBlockTableRecord
  2
ELEV
340
0
102
{BLKREFS
331
133D
331
134A
331
E4C
331
E72
102
}
 70
     0
280
     1
281
     0
  0
BLOCK_RECORD
  5
315
330
1
100
AcDbSymbolTableRecord
100
AcDbBlockTableRecord
  2
*X5
340
0
102
{BLKREFS
331
29A
102
}
 70
     0
280
     1
281
     0
  0
BLOCK_RECORD
  5
357
330
1
100
AcDbSymbolTableRecord
100
AcDbBlockTableRecord
  2
*X6
340
0
102
{BLKREFS
331
12B0
331
1310
331
104F
331
FD1
102
}
 70
     0
280
     1
281
     0
  0
BLOCK_RECORD
  5
36D
330
1
100
AcDbSymbolTableRecord
100
AcDbBlockTableRecord
  2
*X7
340
0
102
{BLKREFS
331
1158
331
E7C
102
}
 70
     0
280
     1
281
     0
  0
BLOCK_RECORD
  5
3B1
330
1
100
AcDbSymbolTableRecord
100
AcDbBlockTableRecord
  2
*X8
340
0
102
{BLKREFS
331
E33
102
}
 70
     0
280
     1
281
     0
  0
BLOCK_RECORD
  5
494
330
1
100
AcDbSymbolTableRecord
100
AcDbBlockTableRecord
  2
*X9
340
0
102
{BLKREFS
331
E42
102
}
 70
     0
280
     1
281
     0
  0
BLOCK_RECORD
  5
578
330
1
100
AcDbSymbolTableRecord
100
AcDbBlockTableRecord
  2
*X10
340
0
102
{BLKREFS
331
EE8
102
}
 70
     0
280
     1
281
     0
  0
BLOCK_RECORD
  5
586
330
1
100
AcDbSymbolTableRecord
100
AcDbBlockTableRecord
  2
CIR
340
0
102
{BLKREFS
331
14A0
331
14A5
102
}
 70
     0
280
     1
281
     0
  0
BLOCK_RECORD
  5
58F
330
1
100
AcDbSymbolTableRecord
100
AcDbBlockTableRecord
  2
*D12
340
0
 70
     0
280
     1
281
     0
  0
BLOCK_RECORD
  5
59C
330
1
100
AcDbSymbolTableRecord
100
AcDbBlockTableRecord
  2
*D13
340
0
 70
     0
280
     1
281
     0
  0
BLOCK_RECORD
  5
5A8
330
1
100
AcDbSymbolTableRecord
100
AcDbBlockTableRecord
  2
*D14
340
0
 70
     0
280
     1
281
     0
  0
BLOCK_RECORD
  5
5B4
330
1
100
AcDbSymbolTableRecord
100
AcDbBlockTableRecord
  2
*D15
340
0
 70
     0
280
     1
281
     0
  0
BLOCK_RECORD
  5
5C1
330
1
100
AcDbSymbolTableRecord
100
AcDbBlockTableRecord
  2
*D16
340
0
 70
     0
280
     1
281
     0
  0
BLOCK_RECORD
  5
5CD
330
1
100
AcDbSymbolTableRecord
100
AcDbBlockTableRecord
  2
*D17
340
0
 70
     0
280
     1
281
     0
  0
BLOCK_RECORD
  5
5D9
330
1
100
AcDbSymbolTableRecord
100
AcDbBlockTableRecord
  2
*D18
340
0
 70
     0
280
     1
281
     0
  0
BLOCK_RECORD
  5
5E5
330
1
100
AcDbSymbolTableRecord
100
AcDbBlockTableRecord
  2
*D19
340
0
 70
     0
280
     1
281
     0
  0
BLOCK_RECORD
  5
5F1
330
1
100
AcDbSymbolTableRecord
100
AcDbBlockTableRecord
  2
*D20
340
0
 70
     0
280
     1
281
     0
  0
BLOCK_RECORD
  5
5FD
330
1
100
AcDbSymbolTableRecord
100
AcDbBlockTableRecord
  2
*D21
340
0
 70
     0
280
     1
281
     0
  0
BLOCK_RECORD
  5
609
330
1
100
AcDbSymbolTableRecord
100
AcDbBlockTableRecord
  2
*D22
340
0
 70
     0
280
     1
281
     0
  0
BLOCK_RECORD
  5
615
330
1
100
AcDbSymbolTableRecord
100
AcDbBlockTableRecord
  2
*D23
340
0
 70
     0
280
     1
281
     0
  0
BLOCK_RECORD
  5
622
330
1
100
AcDbSymbolTableRecord
100
AcDbBlockTableRecord
  2
*D24
340
0
 70
     0
280
     1
281
     0
  0
BLOCK_RECORD
  5
62E
330
1
100
AcDbSymbolTableRecord
100
AcDbBlockTableRecord
  2
*D25
340
0
 70
     0
280
     1
281
     0
  0
BLOCK_RECORD
  5
63A
330
1
100
AcDbSymbolTableRecord
100
AcDbBlockTableRecord
  2
*D26
340
0
 70
     0
280
     1
281
     0
  0
BLOCK_RECORD
  5
646
330
1
100
AcDbSymbolTableRecord
100
AcDbBlockTableRecord
  2
*D27
340
0
 70
     0
280
     1
281
     0
  0
BLOCK_RECORD
  5
652
330
1
100
AcDbSymbolTableRecord
100
AcDbBlockTableRecord
  2
*D28
340
0
 70
     0
280
     1
281
     0
  0
BLOCK_RECORD
  5
65F
330
1
100
AcDbSymbolTableRecord
100
AcDbBlockTableRecord
  2
*D29
340
0
 70
     0
280
     1
281
     0
  0
BLOCK_RECORD
  5
66B
330
1
100
AcDbSymbolTableRecord
100
AcDbBlockTableRecord
  2
*D30
340
0
 70
     0
280
     1
281
     0
  0
BLOCK_RECORD
  5
677
330
1
100
AcDbSymbolTableRecord
100
AcDbBlockTableRecord
  2
*D31
340
0
 70
     0
280
     1
281
     0
  0
BLOCK_RECORD
  5
683
330
1
100
AcDbSymbolTableRecord
100
AcDbBlockTableRecord
  2
*D32
340
0
 70
     0
280
     1
281
     0
  0
BLOCK_RECORD
  5
68F
330
1
100
AcDbSymbolTableRecord
100
AcDbBlockTableRecord
  2
*D33
340
0
 70
     0
280
     1
281
     0
  0
BLOCK_RECORD
  5
69B
330
1
100
AcDbSymbolTableRecord
100
AcDbBlockTableRecord
  2
*D34
340
0
 70
     0
280
     1
281
     0
  0
BLOCK_RECORD
  5
6A7
330
1
100
AcDbSymbolTableRecord
100
AcDbBlockTableRecord
  2
*D35
340
0
 70
     0
280
     1
281
     0
  0
BLOCK_RECORD
  5
6B3
330
1
100
AcDbSymbolTableRecord
100
AcDbBlockTableRecord
  2
*D36
340
0
 70
     0
280
     1
281
     0
  0
BLOCK_RECORD
  5
6BF
330
1
100
AcDbSymbolTableRecord
100
AcDbBlockTableRecord
  2
*D37
340
0
 70
     0
280
     1
281
     0
  0
BLOCK_RECORD
  5
6CB
330
1
100
AcDbSymbolTableRecord
100
AcDbBlockTableRecord
  2
*D38
340
0
 70
     0
280
     1
281
     0
  0
BLOCK_RECORD
  5
6D8
330
1
100
AcDbSymbolTableRecord
100
AcDbBlockTableRecord
  2
*D39
340
0
 70
     0
280
     1
281
     0
  0
BLOCK_RECORD
  5
6E4
330
1
100
AcDbSymbolTableRecord
100
AcDbBlockTableRecord
  2
*D40
340
0
 70
     0
280
     1
281
     0
  0
BLOCK_RECORD
  5
6F0
330
1
100
AcDbSymbolTableRecord
100
AcDbBlockTableRecord
  2
*D41
340
0
 70
     0
280
     1
281
     0
  0
BLOCK_RECORD
  5
6FC
330
1
100
AcDbSymbolTableRecord
100
AcDbBlockTableRecord
  2
*D42
340
0
 70
     0
280
     1
281
     0
  0
BLOCK_RECORD
  5
708
330
1
100
AcDbSymbolTableRecord
100
AcDbBlockTableRecord
  2
*D43
340
0
 70
     0
280
     1
281
     0
  0
BLOCK_RECORD
  5
714
330
1
100
AcDbSymbolTableRecord
100
AcDbBlockTableRecord
  2
*D44
340
0
 70
     0
280
     1
281
     0
  0
BLOCK_RECORD
  5
14FC
330
1
100
AcDbSymbolTableRecord
100
AcDbBlockTableRecord
  2
*D46
340
0
 70
     0
280
     1
281
     0
  0
BLOCK_RECORD
  5
1508
330
1
100
AcDbSymbolTableRecord
100
AcDbBlockTableRecord
  2
*D47
340
0
 70
     0
280
     1
281
     0
  0
BLOCK_RECORD
  5
1514
330
1
100
AcDbSymbolTableRecord
100
AcDbBlockTableRecord
  2
*D48
340
0
 70
     0
280
     1
281
     0
  0
BLOCK_RECORD
  5
1520
330
1
100
AcDbSymbolTableRecord
100
AcDbBlockTableRecord
  2
*D49
340
0
 70
     0
280
     1
281
     0
  0
BLOCK_RECORD
  5
152C
330
1
100
AcDbSymbolTableRecord
100
AcDbBlockTableRecord
  2
*D50
340
0
 70
     0
280
     1
281
     0
  0
BLOCK_RECORD
  5
1538
330
1
100
AcDbSymbolTableRecord
100
AcDbBlockTableRecord
  2
*D51
340
0
 70
     0
280
     1
281
     0
  0
BLOCK_RECORD
  5
1545
330
1
100
AcDbSymbolTableRecord
100
AcDbBlockTableRecord
  2
*D52
340
0
 70
     0
280
     1
281
     0
  0
BLOCK_RECORD
  5
1551
330
1
100
AcDbSymbolTableRecord
100
AcDbBlockTableRecord
  2
*D53
340
0
 70
     0
280
     1
281
     0
  0
BLOCK_RECORD
  5
155D
330
1
100
AcDbSymbolTableRecord
100
AcDbBlockTableRecord
  2
*D54
340
0
 70
     0
280
     1
281
     0
  0
BLOCK_RECORD
  5
1569
330
1
100
AcDbSymbolTableRecord
100
AcDbBlockTableRecord
  2
*D55
340
0
 70
     0
280
     1
281
     0
  0
BLOCK_RECORD
  5
1576
330
1
100
AcDbSymbolTableRecord
100
AcDbBlockTableRecord
  2
*D56
340
0
 70
     0
280
     1
281
     0
  0
BLOCK_RECORD
  5
1582
330
1
100
AcDbSymbolTableRecord
100
AcDbBlockTableRecord
  2
*D57
340
0
 70
     0
280
     1
281
     0
  0
BLOCK_RECORD
  5
158E
330
1
100
AcDbSymbolTableRecord
100
AcDbBlockTableRecord
  2
*D58
340
0
 70
     0
280
     1
281
     0
  0
BLOCK_RECORD
  5
159B
330
1
100
AcDbSymbolTableRecord
100
AcDbBlockTableRecord
  2
*D59
340
0
 70
     0
280
     1
281
     0
  0
BLOCK_RECORD
  5
15A7
330
1
100
AcDbSymbolTableRecord
100
AcDbBlockTableRecord
  2
*D60
340
0
 70
     0
280
     1
281
     0
  0
BLOCK_RECORD
  5
15B3
330
1
100
AcDbSymbolTableRecord
100
AcDbBlockTableRecord
  2
*D61
340
0
 70
     0
280
     1
281
     0
  0
BLOCK_RECORD
  5
15BF
330
1
100
AcDbSymbolTableRecord
100
AcDbBlockTableRecord
  2
*D62
340
0
 70
     0
280
     1
281
     0
  0
BLOCK_RECORD
  5
15CB
330
1
100
AcDbSymbolTableRecord
100
AcDbBlockTableRecord
  2
*D63
340
0
 70
     0
280
     1
281
     0
  0
BLOCK_RECORD
  5
15D7
330
1
100
AcDbSymbolTableRecord
100
AcDbBlockTableRecord
  2
*D64
340
0
 70
     0
280
     1
281
     0
  0
BLOCK_RECORD
  5
15E3
330
1
100
AcDbSymbolTableRecord
100
AcDbBlockTableRecord
  2
*D65
340
0
 70
     0
280
     1
281
     0
  0
BLOCK_RECORD
  5
15EF
330
1
100
AcDbSymbolTableRecord
100
AcDbBlockTableRecord
  2
*D66
340
0
 70
     0
280
     1
281
     0
  0
BLOCK_RECORD
  5
15FB
330
1
100
AcDbSymbolTableRecord
100
AcDbBlockTableRecord
  2
*D67
340
0
 70
     0
280
     1
281
     0
  0
BLOCK_RECORD
  5
1607
330
1
100
AcDbSymbolTableRecord
100
AcDbBlockTableRecord
  2
*D68
340
0
 70
     0
280
     1
281
     0
  0
BLOCK_RECORD
  5
1614
330
1
100
AcDbSymbolTableRecord
100
AcDbBlockTableRecord
  2
*D69
340
0
 70
     0
280
     1
281
     0
  0
BLOCK_RECORD
  5
1620
330
1
100
AcDbSymbolTableRecord
100
AcDbBlockTableRecord
  2
*D70
340
0
 70
     0
280
     1
281
     0
  0
BLOCK_RECORD
  5
162C
330
1
100
AcDbSymbolTableRecord
100
AcDbBlockTableRecord
  2
*D71
340
0
 70
     0
280
     1
281
     0
  0
BLOCK_RECORD
  5
1638
330
1
100
AcDbSymbolTableRecord
100
AcDbBlockTableRecord
  2
*D72
340
0
 70
     0
280
     1
281
     0
  0
BLOCK_RECORD
  5
1660
330
1
100
AcDbSymbolTableRecord
100
AcDbBlockTableRecord
  2
*D73
340
0
 70
     0
280
     1
281
     0
  0
BLOCK_RECORD
  5
167E
330
1
100
AcDbSymbolTableRecord
100
AcDbBlockTableRecord
  2
*D74
340
0
 70
     0
280
     1
281
     0
  0
BLOCK_RECORD
  5
168A
330
1
100
AcDbSymbolTableRecord
100
AcDbBlockTableRecord
  2
*D75
340
0
 70
     0
280
     1
281
     0
  0
BLOCK_RECORD
  5
1696
330
1
100
AcDbSymbolTableRecord
100
AcDbBlockTableRecord
  2
*D76
340
0
 70
     0
280
     1
281
     0
  0
BLOCK_RECORD
  5
16FF
330
1
100
AcDbSymbolTableRecord
100
AcDbBlockTableRecord
  2
*D77
340
0
 70
     0
280
     1
281
     0
  0
BLOCK_RECORD
  5
170B
330
1
100
AcDbSymbolTableRecord
100
AcDbBlockTableRecord
  2
*D78
340
0
 70
     0
280
     1
281
     0
  0
ENDTAB
  0
ENDSEC
  0
SECTION
  2
BLOCKS
  0
BLOCK
  5
20
330
1F
100
AcDbEntity
  8
0
100
AcDbBlockBegin
  2
*Model_Space
 70
     0
 10
0.0
 20
0.0
 30
0.0
  3
*Model_Space
  1

  0
ENDBLK
  5
21
330
1F
100
AcDbEntity
  8
0
100
AcDbBlockEnd
  0
BLOCK
  5
D4
330
D2
100
AcDbEntity
 67
     1
  8
0
100
AcDbBlockBegin
  2
*Paper_Space
 70
     0
 10
0.0
 20
0.0
 30
0.0
  3
*Paper_Space
  1

  0
ENDBLK
  5
D5
330
D2
100
AcDbEntity
 67
     1
  8
0
100
AcDbBlockEnd
  0
BLOCK
  5
D8
330
D6
100
AcDbEntity
 67
     1
  8
0
100
AcDbBlockBegin
  2
*Paper_Space0
 70
     0
 10
0.0
 20
0.0
 30
0.0
  3
*Paper_Space0
  1

  0
ENDBLK
  5
D9
330
D6
100
AcDbEntity
 67
     1
  8
0
100
AcDbBlockEnd
  0
BLOCK
  5
280
330
27F
100
AcDbEntity
  8
0
100
AcDbBlockBegin
  2
DIM1
 70
     0
 10
0.0
 20
0.0
 30
0.0
  3
DIM1
  1

  0
CIRCLE
  5
281
330
27F
100
AcDbEntity
  8
0
 62
     3
100
AcDbCircle
 10
0.0
 20
0.0
 30
0.0
 40
0.25
  0
LINE
  5
282
330
27F
100
AcDbEntity
  8
0
 62
     0
100
AcDbLine
 10
-1.0
 20
0.0
 30
0.0
 11
0.5
 21
0.0
 31
0.0
  0
ENDBLK
  5
283
330
27F
100
AcDbEntity
  8
0
100
AcDbBlockEnd
  0
BLOCK
  5
285
330
284
100
AcDbEntity
  8
0
100
AcDbBlockBegin
  2
DOT
 70
     0
 10
0.0
 20
0.0
 30
0.0
  3
DOT
  1

  0
POLYLINE
  5
286
330
284
100
AcDbEntity
  8
0
  6
Continuous
 62
     2
100
AcDb3dPolyline
 66
     1
 10
0.0
 20
0.0
 30
0.0
 70
     9
  0
VERTEX
  5
287
330
286
100
AcDbEntity
  8
0
  6
Continuous
 62
     2
100
AcDbVertex
100
AcDb3dPolylineVertex
 10
79.37515900004655
 20
0.0
 30
0.0
 70
    32
  0
VERTEX
  5
288
330
286
100
AcDbEntity
  8
0
  6
Continuous
 62
     2
100
AcDbVertex
100
AcDb3dPolylineVertex
 10
74.58825100003742
 20
27.14790300000459
 30
0.0
 70
    32
  0
VERTEX
  5
289
330
286
100
AcDbEntity
  8
0
  6
Continuous
 62
     2
100
AcDbVertex
100
AcDb3dPolylineVertex
 10
60.80489899998065
 20
51.02136899996549
 30
0.0
 70
    32
  0
VERTEX
  5
28A
330
286
100
AcDbEntity
  8
0
  6
Continuous
 62
     2
100
AcDbVertex
100
AcDb3dPolylineVertex
 10
39.68757900001947
 20
68.74090399965644
 30
0.0
 70
    32
  0
VERTEX
  5
28B
330
286
100
AcDbEntity
  8
0
  6
Continuous
 62
     2
100
AcDbVertex
100
AcDb3dPolylineVertex
 10
13.78335200005676
 20
78.16927199997008
 30
0.0
 70
    32
  0
VERTEX
  5
28C
330
286
100
AcDbEntity
  8
0
  6
Continuous
 62
     2
100
AcDbVertex
100
AcDb3dPolylineVertex
 10
-13.78335200005676
 20
78.16927199997008
 30
0.0
 70
    32
  0
VERTEX
  5
28D
330
286
100
AcDbEntity
  8
0
  6
Continuous
 62
     2
100
AcDbVertex
100
AcDb3dPolylineVertex
 10
-39.68757900001947
 20
68.74090399965644
 30
0.0
 70
    32
  0
VERTEX
  5
28E
330
286
100
AcDbEntity
  8
0
  6
Continuous
 62
     2
100
AcDbVertex
100
AcDb3dPolylineVertex
 10
-60.80489899998065
 20
51.02136899996549
 30
0.0
 70
    32
  0
VERTEX
  5
28F
330
286
100
AcDbEntity
  8
0
  6
Continuous
 62
     2
100
AcDbVertex
100
AcDb3dPolylineVertex
 10
-74.58825100003742
 20
27.14790300000459
 30
0.0
 70
    32
  0
VERTEX
  5
290
330
286
100
AcDbEntity
  8
0
  6
Continuous
 62
     2
100
AcDbVertex
100
AcDb3dPolylineVertex
 10
-79.37515900004655
 20
0.0
 30
0.0
 70
    32
  0
VERTEX
  5
291
330
286
100
AcDbEntity
  8
0
  6
Continuous
 62
     2
100
AcDbVertex
100
AcDb3dPolylineVertex
 10
-74.58825100003742
 20
-27.14790300000459
 30
0.0
 70
    32
  0
VERTEX
  5
292
330
286
100
AcDbEntity
  8
0
  6
Continuous
 62
     2
100
AcDbVertex
100
AcDb3dPolylineVertex
 10
-60.80489899998065
 20
-51.02136899996549
 30
0.0
 70
    32
  0
VERTEX
  5
293
330
286
100
AcDbEntity
  8
0
  6
Continuous
 62
     2
100
AcDbVertex
100
AcDb3dPolylineVertex
 10
-39.68757900001947
 20
-68.74090399965644
 30
0.0
 70
    32
  0
VERTEX
  5
294
330
286
100
AcDbEntity
  8
0
  6
Continuous
 62
     2
100
AcDbVertex
100
AcDb3dPolylineVertex
 10
-13.78335200005676
 20
-78.16927199997008
 30
0.0
 70
    32
  0
VERTEX
  5
295
330
286
100
AcDbEntity
  8
0
  6
Continuous
 62
     2
100
AcDbVertex
100
AcDb3dPolylineVertex
 10
13.78335200005676
 20
-78.16927199997008
 30
0.0
 70
    32
  0
VERTEX
  5
296
330
286
100
AcDbEntity
  8
0
  6
Continuous
 62
     2
100
AcDbVertex
100
AcDb3dPolylineVertex
 10
39.68757900001947
 20
-68.74090399965644
 30
0.0
 70
    32
  0
VERTEX
  5
297
330
286
100
AcDbEntity
  8
0
  6
Continuous
 62
     2
100
AcDbVertex
100
AcDb3dPolylineVertex
 10
60.80489899998065
 20
-51.02136899996549
 30
0.0
 70
    32
  0
VERTEX
  5
298
330
286
100
AcDbEntity
  8
0
  6
Continuous
 62
     2
100
AcDbVertex
100
AcDb3dPolylineVertex
 10
74.58825100003742
 20
-27.14790300000459
 30
0.0
 70
    32
  0
SEQEND
  5
299
330
286
100
AcDbEntity
  8
0
  6
Continuous
 62
     2
  0
INSERT
  5
29A
330
284
100
AcDbEntity
  8
3G
100
AcDbBlockReference
  2
*X5
 10
826526.825013
 20
-5090033.242155
 30
0.0
 41
-1.0
1001
ACAD
1000
HATCH
1002
{
1070
    16
1000
GRATE
1040
100.0
1040
0.0
1002
}
  0
ENDBLK
  5
29B
330
284
100
AcDbEntity
  8
0
100
AcDbBlockEnd
  0
BLOCK
  5
29D
330
29C
100
AcDbEntity
  8
0
100
AcDbBlockBegin
  2
ARROW
 70
     2
 10
0.0
 20
0.0
 30
0.0
  3
ARROW
  1

  0
LINE
  5
29E
330
29C
100
AcDbEntity
  8
0
  6
Continuous
 62
     2
100
AcDbLine
 10
0.0
 20
0.0
 30
0.0
 11
314.784373
 21
41.442149
 31
0.0
  0
LINE
  5
29F
330
29C
100
AcDbEntity
  8
0
  6
Continuous
 62
     2
100
AcDbLine
 10
0.0
 20
0.0
 30
0.0
 11
314.784373
 21
-41.442149
 31
0.0
  0
ENDBLK
  5
2A0
330
29C
100
AcDbEntity
  8
0
100
AcDbBlockEnd
  0
BLOCK
  5
2A2
330
2A1
100
AcDbEntity
  8
0
100
AcDbBlockBegin
  2
ELEV
 70
     2
 10
0.0
 20
0.0
 30
0.0
  3
ELEV
  1

  0
CIRCLE
  5
2A3
330
2A1
100
AcDbEntity
  8
DIM
100
AcDbCircle
 10
0.0
 20
0.0
 30
0.0
 40
1.75
  0
LINE
  5
2A4
330
2A1
100
AcDbEntity
  8
DIM
100
AcDbLine
 10
0.0
 20
-3.25
 30
0.0
 11
0.0
 21
3.25
 31
0.0
  0
LINE
  5
2A5
330
2A1
100
AcDbEntity
  8
DIM
100
AcDbLine
 10
-3.25
 20
0.0
 30
0.0
 11
3.25
 21
0.0
 31
0.0
  0
LINE
  5
2A6
330
2A1
100
AcDbEntity
  8
DIM
100
AcDbLine
 10
-1.75
 20
0.0
 30
0.0
 11
0.0
 21
0.0
 31
0.0
  0
LINE
  5
2A7
330
2A1
100
AcDbEntity
  8
DIM
100
AcDbLine
 10
0.0
 20
0.0
 30
0.0
 11
0.0
 21
-1.75
 31
0.0
  0
ARC
  5
2A8
330
2A1
100
AcDbEntity
  8
DIM
100
AcDbCircle
 10
0.0
 20
0.0
 30
0.0
 40
1.749999999999999
100
AcDbArc
 50
90.0
 51
180.0
  0
LINE
  5
2A9
330
2A1
100
AcDbEntity
  8
DIM
100
AcDbLine
 10
-0.8238202687571174
 20
0.0
 30
0.0
 11
0.0
 21
0.8238202687643934
 31
0.0
  0
LINE
  5
2AA
330
2A1
100
AcDbEntity
  8
DIM
100
AcDbLine
 10
-0.8733177434405661
 20
0.0
 30
0.0
 11
0.0
 21
0.873317743447842
 31
0.0
  0
LINE
  5
2AB
330
2A1
100
AcDbEntity
  8
DIM
100
AcDbLine
 10
-0.9228152181240147
 20
0.0
 30
0.0
 11
0.0
 21
0.9228152181312907
 31
0.0
  0
LINE
  5
2AC
330
2A1
100
AcDbEntity
  8
DIM
100
AcDbLine
 10
-0.9723126928074634
 20
0.0
 30
0.0
 11
0.0
 21
0.9723126928147394
 31
0.0
  0
LINE
  5
2AD
330
2A1
100
AcDbEntity
  8
DIM
100
AcDbLine
 10
-1.021810167490912
 20
0.0
 30
0.0
 11
0.0
 21
1.021810167498188
 31
0.0
  0
LINE
  5
2AE
330
2A1
100
AcDbEntity
  8
DIM
100
AcDbLine
 10
-1.07130764217436
 20
0.0
 30
0.0
 11
0.0
 21
1.071307642181636
 31
0.0
  0
LINE
  5
2AF
330
2A1
100
AcDbEntity
  8
DIM
100
AcDbLine
 10
-1.120805116857809
 20
0.0
 30
0.0
 11
0.0
 21
1.120805116865085
 31
0.0
  0
LINE
  5
2B0
330
2A1
100
AcDbEntity
  8
DIM
100
AcDbLine
 10
-1.170302591541258
 20
0.0
 30
0.0
 11
0.0
 21
1.170302591548534
 31
0.0
  0
LINE
  5
2B1
330
2A1
100
AcDbEntity
  8
DIM
100
AcDbLine
 10
-1.219800066224706
 20
0.0
 30
0.0
 11
0.0
 21
1.219800066231982
 31
0.0
  0
LINE
  5
2B2
330
2A1
100
AcDbEntity
  8
DIM
100
AcDbLine
 10
-1.269297540908155
 20
0.0
 30
0.0
 11
0.0
 21
1.269297540915431
 31
0.0
  0
LINE
  5
2B3
330
2A1
100
AcDbEntity
  8
DIM
100
AcDbLine
 10
-1.318795015591604
 20
0.0
 30
0.0
 11
0.0
 21
1.31879501559888
 31
0.0
  0
LINE
  5
2B4
330
2A1
100
AcDbEntity
  8
DIM
100
AcDbLine
 10
-1.748793306323932
 20
0.0649764560948825
 30
0.0
 11
-0.0649764561021584
 21
1.748793306323932
 31
0.0
  0
LINE
  5
2B5
330
2A1
100
AcDbEntity
  8
DIM
100
AcDbLine
 10
-1.749941310787107
 20
0.0143309769482585
 30
0.0
 11
-0.0143309769555344
 21
1.749941310787107
 31
0.0
  0
LINE
  5
2B6
330
2A1
100
AcDbEntity
  8
DIM
100
AcDbLine
 10
-1.714774813051917
 20
0.0
 30
0.0
 11
0.0
 21
1.714774813066469
 31
0.0
  0
LINE
  5
2B7
330
2A1
100
AcDbEntity
  8
DIM
100
AcDbLine
 10
-1.665277338368468
 20
0.0
 30
0.0
 11
0.0
 21
1.66527733838302
 31
0.0
  0
LINE
  5
2B8
330
2A1
100
AcDbEntity
  8
DIM
100
AcDbLine
 10
-1.61577986368502
 20
0.0
 30
0.0
 11
0.0
 21
1.615779863699572
 31
0.0
  0
LINE
  5
2B9
330
2A1
100
AcDbEntity
  8
DIM
100
AcDbLine
 10
-1.566282389001571
 20
0.0
 30
0.0
 11
0.0
 21
1.566282389008847
 31
0.0
  0
LINE
  5
2BA
330
2A1
100
AcDbEntity
  8
DIM
100
AcDbLine
 10
-1.516784914318122
 20
0.0
 30
0.0
 11
0.0
 21
1.516784914332674
 31
0.0
  0
LINE
  5
2BB
330
2A1
100
AcDbEntity
  8
DIM
100
AcDbLine
 10
-1.467287439634674
 20
0.0
 30
0.0
 11
0.0
 21
1.46728743964195
 31
0.0
  0
LINE
  5
2BC
330
2A1
100
AcDbEntity
  8
DIM
100
AcDbLine
 10
-1.417789964951225
 20
0.0
 30
0.0
 11
0.0
 21
1.417789964965777
 31
0.0
  0
LINE
  5
2BD
330
2A1
100
AcDbEntity
  8
DIM
100
AcDbLine
 10
-1.368292490267776
 20
0.0
 30
0.0
 11
0.0
 21
1.368292490275052
 31
0.0
  0
LINE
  5
2BE
330
2A1
100
AcDbEntity
  8
DIM
100
AcDbLine
 10
-1.318795015591604
 20
0.0
 30
0.0
 11
0.0
 21
1.318795015591604
 31
0.0
  0
LINE
  5
2BF
330
2A1
100
AcDbEntity
  8
DIM
100
AcDbLine
 10
-1.600101636424369
 20
0.708642872836208
 30
0.0
 11
-0.708642872843484
 21
1.600101636417093
 31
0.0
  0
LINE
  5
2C0
330
2A1
100
AcDbEntity
  8
DIM
100
AcDbLine
 10
-1.63479744104552
 20
0.6244495935243322
 30
0.0
 11
-0.6244495935388841
 21
1.63479744104552
 31
0.0
  0
LINE
  5
2C1
330
2A1
100
AcDbEntity
  8
DIM
100
AcDbLine
 10
-1.662101578200235
 20
0.5476479816861684
 30
0.0
 11
-0.5476479816934443
 21
1.662101578200235
 31
0.0
  0
LINE
  5
2C2
330
2A1
100
AcDbEntity
  8
DIM
100
AcDbLine
 10
-1.683928755533997
 20
0.4763233296689578
 30
0.0
 11
-0.4763233296835097
 21
1.683928755533997
 31
0.0
  0
LINE
  5
2C3
330
2A1
100
AcDbEntity
  8
DIM
100
AcDbLine
 10
-1.701464549827505
 20
0.4092900606992771
 30
0.0
 11
-0.4092900606992771
 21
1.701464549827505
 31
0.0
  0
LINE
  5
2C4
330
2A1
100
AcDbEntity
  8
DIM
100
AcDbLine
 10
-1.715504278567095
 20
0.3457528572616866
 30
0.0
 11
-0.3457528572762385
 21
1.715504278567095
 31
0.0
  0
LINE
  5
2C5
330
2A1
100
AcDbEntity
  8
DIM
100
AcDbLine
 10
-1.726612617734645
 20
0.2851470434179646
 30
0.0
 11
-0.2851470434252405
 21
1.72661261774192
 31
0.0
  0
LINE
  5
2C6
330
2A1
100
AcDbEntity
  8
DIM
100
AcDbLine
 10
-1.735207854537293
 20
0.2270543319318676
 30
0.0
 11
-0.2270543319391436
 21
1.735207854537293
 31
0.0
  0
LINE
  5
2C7
330
2A1
100
AcDbEntity
  8
DIM
100
AcDbLine
 10
-1.741610203964228
 20
0.171154507821484
 30
0.0
 11
-0.17115450782876
 21
1.741610203964228
 31
0.0
  0
LINE
  5
2C8
330
2A1
100
AcDbEntity
  8
DIM
100
AcDbLine
 10
-1.74607132939127
 20
0.1171959077182691
 30
0.0
 11
-0.1171959077255451
 21
1.746071329383994
 31
0.0
  0
LINE
  5
2C9
330
2A1
100
AcDbEntity
  8
DIM
100
AcDbLine
 10
-1.748793306323932
 20
0.0649764560948825
 30
0.0
 11
-0.0649764561021584
 21
1.748793306323932
 31
0.0
  0
LINE
  5
2CA
330
2A1
100
AcDbEntity
  8
DIM
100
AcDbLine
 10
-1.554519029115908
 20
0.8037229548281175
 30
0.0
 11
-0.8037229548353934
 21
1.554519029108632
 31
0.0
  0
LINE
  5
2CB
330
2A1
100
AcDbEntity
  8
DIM
100
AcDbLine
 10
-1.490134772306191
 20
0.9176046863212832
 30
0.0
 11
-0.9176046863212832
 21
1.490134772306191
 31
0.0
  0
LINE
  5
2CC
330
2A1
100
AcDbEntity
  8
DIM
100
AcDbLine
 10
-1.376085966097889
 20
1.081150967213034
 30
0.0
 11
-1.08115096722031
 21
1.376085966097889
 31
0.0
  0
LINE
  5
2CD
330
2A1
100
AcDbEntity
  8
DIM
100
AcDbLine
 10
-0.7743227940663929
 20
0.0
 30
0.0
 11
0.0
 21
0.7743227940736688
 31
0.0
  0
LINE
  5
2CE
330
2A1
100
AcDbEntity
  8
DIM
100
AcDbLine
 10
-0.7248253193829442
 20
0.0
 30
0.0
 11
0.0
 21
0.7248253193829442
 31
0.0
  0
LINE
  5
2CF
330
2A1
100
AcDbEntity
  8
DIM
100
AcDbLine
 10
-0.6753278446994955
 20
0.0
 30
0.0
 11
0.0
 21
0.6753278446994955
 31
0.0
  0
LINE
  5
2D0
330
2A1
100
AcDbEntity
  8
DIM
100
AcDbLine
 10
-0.6258303700160468
 20
0.0
 30
0.0
 11
0.0
 21
0.6258303700160468
 31
0.0
  0
LINE
  5
2D1
330
2A1
100
AcDbEntity
  8
DIM
100
AcDbLine
 10
-0.5763328953325982
 20
0.0
 30
0.0
 11
0.0
 21
0.5763328953325982
 31
0.0
  0
LINE
  5
2D2
330
2A1
100
AcDbEntity
  8
DIM
100
AcDbLine
 10
-0.5268354206491495
 20
0.0
 30
0.0
 11
0.0
 21
0.5268354206491495
 31
0.0
  0
LINE
  5
2D3
330
2A1
100
AcDbEntity
  8
DIM
100
AcDbLine
 10
-0.4773379459657008
 20
0.0
 30
0.0
 11
0.0
 21
0.4773379459657008
 31
0.0
  0
LINE
  5
2D4
330
2A1
100
AcDbEntity
  8
DIM
100
AcDbLine
 10
-0.4278404712822521
 20
0.0
 30
0.0
 11
0.0
 21
0.4278404712822521
 31
0.0
  0
LINE
  5
2D5
330
2A1
100
AcDbEntity
  8
DIM
100
AcDbLine
 10
-0.1803530978650087
 20
0.0
 30
0.0
 11
0.0
 21
0.1803530978650087
 31
0.0
  0
LINE
  5
2D6
330
2A1
100
AcDbEntity
  8
DIM
100
AcDbLine
 10
-0.2298505725484574
 20
0.0
 30
0.0
 11
0.0
 21
0.2298505725484574
 31
0.0
  0
LINE
  5
2D7
330
2A1
100
AcDbEntity
  8
DIM
100
AcDbLine
 10
-0.2793480472319061
 20
0.0
 30
0.0
 11
0.0
 21
0.2793480472319061
 31
0.0
  0
LINE
  5
2D8
330
2A1
100
AcDbEntity
  8
DIM
100
AcDbLine
 10
-0.3288455219153548
 20
0.0
 30
0.0
 11
0.0
 21
0.3288455219153548
 31
0.0
  0
LINE
  5
2D9
330
2A1
100
AcDbEntity
  8
DIM
100
AcDbLine
 10
-0.3783429965988034
 20
0.0
 30
0.0
 11
0.0
 21
0.3783429965988034
 31
0.0
  0
LINE
  5
2DA
330
2A1
100
AcDbEntity
  8
DIM
100
AcDbLine
 10
-0.1308556231670082
 20
0.0
 30
0.0
 11
0.0
 21
0.1308556231670082
 31
0.0
  0
LINE
  5
2DB
330
2A1
100
AcDbEntity
  8
DIM
100
AcDbLine
 10
-0.0813581484908355
 20
0.0
 30
0.0
 11
0.0
 21
0.0813581484908355
 31
0.0
  0
LINE
  5
2DC
330
2A1
100
AcDbEntity
  8
DIM
100
AcDbLine
 10
-0.0318606738073868
 20
0.0
 30
0.0
 11
0.0
 21
0.0318606738001108
 31
0.0
  0
LINE
  5
2DD
330
2A1
100
AcDbEntity
  8
DIM
100
AcDbLine
 10
0.0318606738001108
 20
0.0
 30
0.0
 11
-0.000000000007276
 21
-0.0318606738001108
 31
0.0
  0
LINE
  5
2DE
330
2A1
100
AcDbEntity
  8
DIM
100
AcDbLine
 10
0.0813581484835595
 20
0.0
 30
0.0
 11
-0.000000000007276
 21
-0.0813581484835595
 31
0.0
  0
LINE
  5
2DF
330
2A1
100
AcDbEntity
  8
DIM
100
AcDbLine
 10
0.1308556231597322
 20
0.0
 30
0.0
 11
-0.000000000007276
 21
-0.1308556231670082
 31
0.0
  0
LINE
  5
2E0
330
2A1
100
AcDbEntity
  8
DIM
100
AcDbLine
 10
0.3783429965915275
 20
0.0
 30
0.0
 11
-0.000000000007276
 21
-0.3783429965988034
 31
0.0
  0
LINE
  5
2E1
330
2A1
100
AcDbEntity
  8
DIM
100
AcDbLine
 10
0.3288455219080788
 20
0.0
 30
0.0
 11
-0.000000000007276
 21
-0.3288455219153548
 31
0.0
  0
LINE
  5
2E2
330
2A1
100
AcDbEntity
  8
DIM
100
AcDbLine
 10
0.2793480472246301
 20
0.0
 30
0.0
 11
-0.000000000007276
 21
-0.2793480472319061
 31
0.0
  0
LINE
  5
2E3
330
2A1
100
AcDbEntity
  8
DIM
100
AcDbLine
 10
0.2298505725411815
 20
0.0
 30
0.0
 11
-0.000000000007276
 21
-0.2298505725484574
 31
0.0
  0
LINE
  5
2E4
330
2A1
100
AcDbEntity
  8
DIM
100
AcDbLine
 10
0.1803530978577328
 20
0.0
 30
0.0
 11
-0.000000000007276
 21
-0.1803530978650087
 31
0.0
  0
LINE
  5
2E5
330
2A1
100
AcDbEntity
  8
DIM
100
AcDbLine
 10
0.4278404712749762
 20
0.0
 30
0.0
 11
-0.000000000007276
 21
-0.4278404712822521
 31
0.0
  0
LINE
  5
2E6
330
2A1
100
AcDbEntity
  8
DIM
100
AcDbLine
 10
0.4773379459584249
 20
0.0
 30
0.0
 11
-0.000000000007276
 21
-0.4773379459657008
 31
0.0
  0
LINE
  5
2E7
330
2A1
100
AcDbEntity
  8
DIM
100
AcDbLine
 10
0.5268354206418735
 20
0.0
 30
0.0
 11
-0.000000000007276
 21
-0.5268354206491495
 31
0.0
  0
LINE
  5
2E8
330
2A1
100
AcDbEntity
  8
DIM
100
AcDbLine
 10
0.5763328953253222
 20
0.0
 30
0.0
 11
-0.000000000007276
 21
-0.5763328953325982
 31
0.0
  0
LINE
  5
2E9
330
2A1
100
AcDbEntity
  8
DIM
100
AcDbLine
 10
0.6258303700087709
 20
0.0
 30
0.0
 11
-0.000000000007276
 21
-0.6258303700160468
 31
0.0
  0
LINE
  5
2EA
330
2A1
100
AcDbEntity
  8
DIM
100
AcDbLine
 10
0.6753278446922196
 20
0.0
 30
0.0
 11
-0.000000000007276
 21
-0.6753278446994955
 31
0.0
  0
LINE
  5
2EB
330
2A1
100
AcDbEntity
  8
DIM
100
AcDbLine
 10
0.7248253193756682
 20
0.0
 30
0.0
 11
-0.000000000007276
 21
-0.7248253193829442
 31
0.0
  0
LINE
  5
2EC
330
2A1
100
AcDbEntity
  8
DIM
100
AcDbLine
 10
0.7743227940591169
 20
0.0
 30
0.0
 11
-0.000000000007276
 21
-0.7743227940663929
 31
0.0
  0
LINE
  5
2ED
330
2A1
100
AcDbEntity
  8
DIM
100
AcDbLine
 10
1.376085966090613
 20
-1.081150967205758
 30
0.0
 11
1.081150967213034
 21
-1.376085966090613
 31
0.0
  0
LINE
  5
2EE
330
2A1
100
AcDbEntity
  8
DIM
100
AcDbLine
 10
1.490134772298915
 20
-0.9176046863140072
 30
0.0
 11
0.9176046863140072
 21
-1.490134772306191
 31
0.0
  0
LINE
  5
2EF
330
2A1
100
AcDbEntity
  8
DIM
100
AcDbLine
 10
1.554519029108632
 20
-0.8037229548208415
 30
0.0
 11
0.8037229548281175
 21
-1.554519029101356
 31
0.0
  0
LINE
  5
2F0
330
2A1
100
AcDbEntity
  8
DIM
100
AcDbLine
 10
1.748793306316656
 20
-0.0649764560948825
 30
0.0
 11
0.0649764560948825
 21
-1.748793306323932
 31
0.0
  0
LINE
  5
2F1
330
2A1
100
AcDbEntity
  8
DIM
100
AcDbLine
 10
1.746071329383994
 20
-0.1171959077109932
 30
0.0
 11
0.1171959077182691
 21
-1.746071329383994
 31
0.0
  0
LINE
  5
2F2
330
2A1
100
AcDbEntity
  8
DIM
100
AcDbLine
 10
1.741610203956952
 20
-0.171154507814208
 30
0.0
 11
0.171154507821484
 21
-1.741610203956952
 31
0.0
  0
LINE
  5
2F3
330
2A1
100
AcDbEntity
  8
DIM
100
AcDbLine
 10
1.735207854530017
 20
-0.2270543319318676
 30
0.0
 11
0.2270543319318676
 21
-1.735207854537293
 31
0.0
  0
LINE
  5
2F4
330
2A1
100
AcDbEntity
  8
DIM
100
AcDbLine
 10
1.726612617727369
 20
-0.2851470434106886
 30
0.0
 11
0.2851470434179646
 21
-1.726612617734645
 31
0.0
  0
LINE
  5
2F5
330
2A1
100
AcDbEntity
  8
DIM
100
AcDbLine
 10
1.715504278559819
 20
-0.3457528572616866
 30
0.0
 11
0.3457528572689625
 21
-1.715504278559819
 31
0.0
  0
LINE
  5
2F6
330
2A1
100
AcDbEntity
  8
DIM
100
AcDbLine
 10
1.701464549820229
 20
-0.4092900606920012
 30
0.0
 11
0.4092900606920012
 21
-1.701464549820229
 31
0.0
  0
LINE
  5
2F7
330
2A1
100
AcDbEntity
  8
DIM
100
AcDbLine
 10
1.683928755526721
 20
-0.4763233296689578
 30
0.0
 11
0.4763233296762337
 21
-1.683928755526721
 31
0.0
  0
LINE
  5
2F8
330
2A1
100
AcDbEntity
  8
DIM
100
AcDbLine
 10
1.66210157819296
 20
-0.5476479816861684
 30
0.0
 11
0.5476479816861684
 21
-1.66210157819296
 31
0.0
  0
LINE
  5
2F9
330
2A1
100
AcDbEntity
  8
DIM
100
AcDbLine
 10
1.634797441038244
 20
-0.6244495935243322
 30
0.0
 11
0.6244495935316082
 21
-1.634797441038244
 31
0.0
  0
LINE
  5
2FA
330
2A1
100
AcDbEntity
  8
DIM
100
AcDbLine
 10
1.600101636417093
 20
-0.7086428728289321
 30
0.0
 11
0.708642872836208
 21
-1.600101636417093
 31
0.0
  0
LINE
  5
2FB
330
2A1
100
AcDbEntity
  8
DIM
100
AcDbLine
 10
1.318795015584328
 20
0.0
 30
0.0
 11
-0.000000000007276
 21
-1.318795015584328
 31
0.0
  0
LINE
  5
2FC
330
2A1
100
AcDbEntity
  8
DIM
100
AcDbLine
 10
1.3682924902605
 20
0.0
 30
0.0
 11
-0.000000000007276
 21
-1.368292490267776
 31
0.0
  0
LINE
  5
2FD
330
2A1
100
AcDbEntity
  8
DIM
100
AcDbLine
 10
1.417789964943949
 20
0.0
 30
0.0
 11
-0.000000000007276
 21
-1.417789964958501
 31
0.0
  0
LINE
  5
2FE
330
2A1
100
AcDbEntity
  8
DIM
100
AcDbLine
 10
1.467287439627398
 20
0.0
 30
0.0
 11
-0.000000000007276
 21
-1.467287439634674
 31
0.0
  0
LINE
  5
2FF
330
2A1
100
AcDbEntity
  8
DIM
100
AcDbLine
 10
1.516784914310846
 20
0.0
 30
0.0
 11
-0.000000000007276
 21
-1.516784914325398
 31
0.0
  0
LINE
  5
300
330
2A1
100
AcDbEntity
  8
DIM
100
AcDbLine
 10
1.566282388994295
 20
0.0
 30
0.0
 11
-0.000000000007276
 21
-1.566282389001571
 31
0.0
  0
LINE
  5
301
330
2A1
100
AcDbEntity
  8
DIM
100
AcDbLine
 10
1.615779863677744
 20
0.0
 30
0.0
 11
-0.000000000007276
 21
-1.615779863692296
 31
0.0
  0
LINE
  5
302
330
2A1
100
AcDbEntity
  8
DIM
100
AcDbLine
 10
1.665277338361192
 20
0.0
 30
0.0
 11
-0.000000000007276
 21
-1.665277338375744
 31
0.0
  0
LINE
  5
303
330
2A1
100
AcDbEntity
  8
DIM
100
AcDbLine
 10
1.714774813044641
 20
0.0
 30
0.0
 11
-0.000000000007276
 21
-1.714774813059193
 31
0.0
  0
LINE
  5
304
330
2A1
100
AcDbEntity
  8
DIM
100
AcDbLine
 10
1.749941310779831
 20
-0.0143309769482585
 30
0.0
 11
0.0143309769482585
 21
-1.749941310787107
 31
0.0
  0
LINE
  5
305
330
2A1
100
AcDbEntity
  8
DIM
100
AcDbLine
 10
1.748793306316656
 20
-0.0649764560948825
 30
0.0
 11
0.0649764560948825
 21
-1.748793306323932
 31
0.0
  0
LINE
  5
306
330
2A1
100
AcDbEntity
  8
DIM
100
AcDbLine
 10
1.318795015584328
 20
0.0
 30
0.0
 11
-0.000000000007276
 21
-1.31879501559888
 31
0.0
  0
LINE
  5
307
330
2A1
100
AcDbEntity
  8
DIM
100
AcDbLine
 10
1.269297540900879
 20
0.0
 30
0.0
 11
-0.000000000007276
 21
-1.269297540908155
 31
0.0
  0
LINE
  5
308
330
2A1
100
AcDbEntity
  8
DIM
100
AcDbLine
 10
1.21980006621743
 20
0.0
 30
0.0
 11
-0.000000000007276
 21
-1.219800066231982
 31
0.0
  0
LINE
  5
309
330
2A1
100
AcDbEntity
  8
DIM
100
AcDbLine
 10
1.170302591533982
 20
0.0
 30
0.0
 11
-0.000000000007276
 21
-1.170302591541258
 31
0.0
  0
LINE
  5
30A
330
2A1
100
AcDbEntity
  8
DIM
100
AcDbLine
 10
1.120805116850533
 20
0.0
 30
0.0
 11
-0.000000000007276
 21
-1.120805116857809
 31
0.0
  0
LINE
  5
30B
330
2A1
100
AcDbEntity
  8
DIM
100
AcDbLine
 10
1.071307642167084
 20
0.0
 30
0.0
 11
-0.000000000007276
 21
-1.07130764217436
 31
0.0
  0
LINE
  5
30C
330
2A1
100
AcDbEntity
  8
DIM
100
AcDbLine
 10
1.021810167483636
 20
0.0
 30
0.0
 11
-0.000000000007276
 21
-1.021810167490912
 31
0.0
  0
LINE
  5
30D
330
2A1
100
AcDbEntity
  8
DIM
100
AcDbLine
 10
0.9723126928001875
 20
0.0
 30
0.0
 11
-0.000000000007276
 21
-0.9723126928074634
 31
0.0
  0
LINE
  5
30E
330
2A1
100
AcDbEntity
  8
DIM
100
AcDbLine
 10
0.9228152181167388
 20
0.0
 30
0.0
 11
-0.000000000007276
 21
-0.9228152181240147
 31
0.0
  0
LINE
  5
30F
330
2A1
100
AcDbEntity
  8
DIM
100
AcDbLine
 10
0.8733177434332901
 20
0.0
 30
0.0
 11
-0.000000000007276
 21
-0.8733177434405661
 31
0.0
  0
LINE
  5
310
330
2A1
100
AcDbEntity
  8
DIM
100
AcDbLine
 10
0.8238202687498414
 20
0.0
 30
0.0
 11
-0.000000000007276
 21
-0.8238202687571174
 31
0.0
  0
ARC
  5
311
330
2A1
100
AcDbEntity
  8
DIM
100
AcDbCircle
 10
-0.000000000007276
 20
0.0
 30
0.0
 40
1.749999999999999
100
AcDbArc
 50
270.0
 51
360.0
  0
LINE
  5
312
330
2A1
100
AcDbEntity
  8
DIM
100
AcDbLine
 10
-0.000000000007276
 20
0.0
 30
0.0
 11
-0.000000000007276
 21
-1.75
 31
0.0
  0
LINE
  5
313
330
2A1
100
AcDbEntity
  8
DIM
100
AcDbLine
 10
1.749999999992724
 20
0.0
 30
0.0
 11
-0.000000000007276
 21
0.0
 31
0.0
  0
ENDBLK
  5
314
330
2A1
100
AcDbEntity
  8
0
100
AcDbBlockEnd
  0
BLOCK
  5
316
330
315
100
AcDbEntity
  8
0
100
AcDbBlockBegin
  2
*X5
 70
     1
 10
0.0
 20
0.0
 30
0.0
  3
*X5
  1

  0
LINE
  5
317
330
315
100
AcDbEntity
  8
0
 62
     0
100
AcDbLine
 10
826447.8011246934
 20
5090031.25
 30
0.0
 11
826605.8489013067
 21
5090031.25
 31
0.0
  0
LINE
  5
318
330
315
100
AcDbEntity
  8
0
 62
     0
100
AcDbLine
 10
826447.649605148
 20
5090034.375
 30
0.0
 11
826606.0004208521
 21
5090034.375
 31
0.0
  0
LINE
  5
319
330
315
100
AcDbEntity
  8
0
 62
     0
100
AcDbLine
 10
826448.2006269894
 20
5090037.5
 30
0.0
 11
826605.4493990107
 21
5090037.5
 31
0.0
  0
LINE
  5
31A
330
315
100
AcDbEntity
  8
0
 62
     0
100
AcDbLine
 10
826448.7516488307
 20
5090040.625
 30
0.0
 11
826604.8983771694
 21
5090040.625
 31
0.0
  0
LINE
  5
31B
330
315
100
AcDbEntity
  8
0
 62
     0
100
AcDbLine
 10
826449.3026706722
 20
5090043.75
 30
0.0
 11
826604.3473553279
 21
5090043.75
 31
0.0
  0
LINE
  5
31C
330
315
100
AcDbEntity
  8
0
 62
     0
100
AcDbLine
 10
826449.8536925135
 20
5090046.875
 30
0.0
 11
826603.7963334866
 21
5090046.875
 31
0.0
  0
LINE
  5
31D
330
315
100
AcDbEntity
  8
0
 62
     0
100
AcDbLine
 10
826450.4047143548
 20
5090050.0
 30
0.0
 11
826603.2453116453
 21
5090050.0
 31
0.0
  0
LINE
  5
31E
330
315
100
AcDbEntity
  8
0
 62
     0
100
AcDbLine
 10
826450.9557361961
 20
5090053.124999999
 30
0.0
 11
826602.694289804
 21
5090053.124999999
 31
0.0
  0
LINE
  5
31F
330
315
100
AcDbEntity
  8
0
 62
     0
100
AcDbLine
 10
826451.5067580374
 20
5090056.249999999
 30
0.0
 11
826602.1432679627
 21
5090056.249999999
 31
0.0
  0
LINE
  5
320
330
315
100
AcDbEntity
  8
0
 62
     0
100
AcDbLine
 10
826452.0577798789
 20
5090059.375
 30
0.0
 11
826601.5922461212
 21
5090059.375
 31
0.0
  0
LINE
  5
321
330
315
100
AcDbEntity
  8
0
 62
     0
100
AcDbLine
 10
826453.4549375795
 20
5090062.5
 30
0.0
 11
826600.1950884204
 21
5090062.5
 31
0.0
  0
LINE
  5
322
330
315
100
AcDbEntity
  8
0
 62
     0
100
AcDbLine
 10
826455.259157168
 20
5090065.625
 30
0.0
 11
826598.3908688321
 21
5090065.625
 31
0.0
  0
LINE
  5
323
330
315
100
AcDbEntity
  8
0
 62
     0
100
AcDbLine
 10
826457.0633767565
 20
5090068.75
 30
0.0
 11
826596.5866492436
 21
5090068.75
 31
0.0
  0
LINE
  5
324
330
315
100
AcDbEntity
  8
0
 62
     0
100
AcDbLine
 10
826458.8675963448
 20
5090071.875
 30
0.0
 11
826594.7824296551
 21
5090071.875
 31
0.0
  0
LINE
  5
325
330
315
100
AcDbEntity
  8
0
 62
     0
100
AcDbLine
 10
826460.6718159333
 20
5090075.0
 30
0.0
 11
826592.9782100668
 21
5090075.0
 31
0.0
  0
LINE
  5
326
330
315
100
AcDbEntity
  8
0
 62
     0
100
AcDbLine
 10
826462.4760355216
 20
5090078.124999999
 30
0.0
 11
826591.1739904785
 21
5090078.124999999
 31
0.0
  0
LINE
  5
327
330
315
100
AcDbEntity
  8
0
 62
     0
100
AcDbLine
 10
826464.2802551099
 20
5090081.249999999
 30
0.0
 11
826589.36977089
 21
5090081.249999999
 31
0.0
  0
LINE
  5
328
330
315
100
AcDbEntity
  8
0
 62
     0
100
AcDbLine
 10
826466.0844746984
 20
5090084.374999999
 30
0.0
 11
826587.4970600737
 21
5090084.374999999
 31
0.0
  0
LINE
  5
329
330
315
100
AcDbEntity
  8
0
 62
     0
100
AcDbLine
 10
826469.877195992
 20
5090087.5
 30
0.0
 11
826583.7728300079
 21
5090087.5
 31
0.0
  0
LINE
  5
32A
330
315
100
AcDbEntity
  8
0
 62
     0
100
AcDbLine
 10
826473.6014260581
 20
5090090.625
 30
0.0
 11
826580.0485999418
 21
5090090.625
 31
0.0
  0
LINE
  5
32B
330
315
100
AcDbEntity
  8
0
 62
     0
100
AcDbLine
 10
826477.3256561239
 20
5090093.75
 30
0.0
 11
826576.324369876
 21
5090093.75
 31
0.0
  0
LINE
  5
32C
330
315
100
AcDbEntity
  8
0
 62
     0
100
AcDbLine
 10
826481.04988619
 20
5090096.875
 30
0.0
 11
826572.60013981
 21
5090096.875
 31
0.0
  0
LINE
  5
32D
330
315
100
AcDbEntity
  8
0
 62
     0
100
AcDbLine
 10
826484.7741162558
 20
5090100.0
 30
0.0
 11
826568.8759097441
 21
5090100.0
 31
0.0
  0
LINE
  5
32E
330
315
100
AcDbEntity
  8
0
 62
     0
100
AcDbLine
 10
826490.2748909674
 20
5090103.124999999
 30
0.0
 11
826563.3751350325
 21
5090103.124999999
 31
0.0
  0
LINE
  5
32F
330
315
100
AcDbEntity
  8
0
 62
     0
100
AcDbLine
 10
826498.860757511
 20
5090106.249999999
 30
0.0
 11
826554.7892684889
 21
5090106.249999999
 31
0.0
  0
LINE
  5
330
330
315
100
AcDbEntity
  8
0
 62
     0
100
AcDbLine
 10
826507.4466240546
 20
5090109.374999999
 30
0.0
 11
826546.2034019455
 21
5090109.374999999
 31
0.0
  0
LINE
  5
331
330
315
100
AcDbEntity
  8
0
 62
     0
100
AcDbLine
 10
826448.3521465347
 20
5090028.124999999
 30
0.0
 11
826605.2978794654
 21
5090028.124999999
 31
0.0
  0
LINE
  5
332
330
315
100
AcDbEntity
  8
0
 62
     0
100
AcDbLine
 10
826448.903168376
 20
5090025.0
 30
0.0
 11
826604.7468576241
 21
5090025.0
 31
0.0
  0
LINE
  5
333
330
315
100
AcDbEntity
  8
0
 62
     0
100
AcDbLine
 10
826449.4541902175
 20
5090021.875
 30
0.0
 11
826604.1958357828
 21
5090021.875
 31
0.0
  0
LINE
  5
334
330
315
100
AcDbEntity
  8
0
 62
     0
100
AcDbLine
 10
826450.0052120588
 20
5090018.75
 30
0.0
 11
826603.6448139415
 21
5090018.75
 31
0.0
  0
LINE
  5
335
330
315
100
AcDbEntity
  8
0
 62
     0
100
AcDbLine
 10
826450.5562339001
 20
5090015.625
 30
0.0
 11
826603.0937921
 21
5090015.625
 31
0.0
  0
LINE
  5
336
330
315
100
AcDbEntity
  8
0
 62
     0
100
AcDbLine
 10
826451.1072557416
 20
5090012.5
 30
0.0
 11
826602.5427702587
 21
5090012.5
 31
0.0
  0
LINE
  5
337
330
315
100
AcDbEntity
  8
0
 62
     0
100
AcDbLine
 10
826451.6582775829
 20
5090009.375
 30
0.0
 11
826601.9917484173
 21
5090009.375
 31
0.0
  0
LINE
  5
338
330
315
100
AcDbEntity
  8
0
 62
     0
100
AcDbLine
 10
826452.1468408508
 20
5090006.25
 30
0.0
 11
826601.440726576
 21
5090006.25
 31
0.0
  0
LINE
  5
339
330
315
100
AcDbEntity
  8
0
 62
     0
100
AcDbLine
 10
826453.9510604391
 20
5090003.124999999
 30
0.0
 11
826599.698965561
 21
5090003.124999999
 31
0.0
  0
LINE
  5
33A
330
315
100
AcDbEntity
  8
0
 62
     0
100
AcDbLine
 10
826455.7552800274
 20
5090000.0
 30
0.0
 11
826597.8947459725
 21
5090000.0
 31
0.0
  0
LINE
  5
33B
330
315
100
AcDbEntity
  8
0
 62
     0
100
AcDbLine
 10
826457.5594996159
 20
5089996.875
 30
0.0
 11
826596.0905263842
 21
5089996.875
 31
0.0
  0
LINE
  5
33C
330
315
100
AcDbEntity
  8
0
 62
     0
100
AcDbLine
 10
826459.3637192044
 20
5089993.75
 30
0.0
 11
826594.2863067957
 21
5089993.75
 31
0.0
  0
LINE
  5
33D
330
315
100
AcDbEntity
  8
0
 62
     0
100
AcDbLine
 10
826461.1679387927
 20
5089990.625
 30
0.0
 11
826592.4820872072
 21
5089990.625
 31
0.0
  0
LINE
  5
33E
330
315
100
AcDbEntity
  8
0
 62
     0
100
AcDbLine
 10
826462.9721583812
 20
5089987.5
 30
0.0
 11
826590.6778676189
 21
5089987.5
 31
0.0
  0
LINE
  5
33F
330
315
100
AcDbEntity
  8
0
 62
     0
100
AcDbLine
 10
826464.7763779697
 20
5089984.375
 30
0.0
 11
826588.8736480304
 21
5089984.375
 31
0.0
  0
LINE
  5
340
330
315
100
AcDbEntity
  8
0
 62
     0
100
AcDbLine
 10
826467.177051732
 20
5089981.25
 30
0.0
 11
826586.4729742688
 21
5089981.25
 31
0.0
  0
LINE
  5
341
330
315
100
AcDbEntity
  8
0
 62
     0
100
AcDbLine
 10
826470.9012817979
 20
5089978.125
 30
0.0
 11
826582.7487442029
 21
5089978.125
 31
0.0
  0
LINE
  5
342
330
315
100
AcDbEntity
  8
0
 62
     0
100
AcDbLine
 10
826474.6255118639
 20
5089975.0
 30
0.0
 11
826579.0245141369
 21
5089975.0
 31
0.0
  0
LINE
  5
343
330
315
100
AcDbEntity
  8
0
 62
     0
100
AcDbLine
 10
826478.3497419298
 20
5089971.875
 30
0.0
 11
826575.300284071
 21
5089971.875
 31
0.0
  0
LINE
  5
344
330
315
100
AcDbEntity
  8
0
 62
     0
100
AcDbLine
 10
826482.0739719956
 20
5089968.75
 30
0.0
 11
826571.5760540052
 21
5089968.75
 31
0.0
  0
LINE
  5
345
330
315
100
AcDbEntity
  8
0
 62
     0
100
AcDbLine
 10
826485.7982020616
 20
5089965.625
 30
0.0
 11
826567.8518239392
 21
5089965.625
 31
0.0
  0
LINE
  5
346
330
315
100
AcDbEntity
  8
0
 62
     0
100
AcDbLine
 10
826492.6358256849
 20
5089962.5
 30
0.0
 11
826561.0142003151
 21
5089962.5
 31
0.0
  0
LINE
  5
347
330
315
100
AcDbEntity
  8
0
 62
     0
100
AcDbLine
 10
826501.2216922285
 20
5089959.375
 30
0.0
 11
826552.4283337715
 21
5089959.375
 31
0.0
  0
LINE
  5
348
330
315
100
AcDbEntity
  8
0
 62
     0
100
AcDbLine
 10
826509.8075587721
 20
5089956.25
 30
0.0
 11
826543.8424672279
 21
5089956.25
 31
0.0
  0
LINE
  5
349
330
315
100
AcDbEntity
  8
0
 62
     0
100
AcDbLine
 10
826525.0
 20
5089955.072882999
 30
0.0
 11
826525.0
 21
5090111.411427001
 31
0.0
  0
LINE
  5
34A
330
315
100
AcDbEntity
  8
0
 62
     0
100
AcDbLine
 10
826512.5000000001
 20
5089955.27003149
 30
0.0
 11
826512.5000000001
 21
5090111.21427851
 31
0.0
  0
LINE
  5
34B
330
315
100
AcDbEntity
  8
0
 62
     0
100
AcDbLine
 10
826500.0
 20
5089959.819659627
 30
0.0
 11
826500.0
 21
5090106.664650374
 31
0.0
  0
LINE
  5
34C
330
315
100
AcDbEntity
  8
0
 62
     0
100
AcDbLine
 10
826487.5000000001
 20
5089964.197022012
 30
0.0
 11
826487.5000000001
 21
5090102.115022238
 31
0.0
  0
LINE
  5
34D
330
315
100
AcDbEntity
  8
0
 62
     0
100
AcDbLine
 10
826475.0
 20
5089974.68576715
 30
0.0
 11
826475.0
 21
5090091.79854285
 31
0.0
  0
LINE
  5
34E
330
315
100
AcDbEntity
  8
0
 62
     0
100
AcDbLine
 10
826462.5
 20
5089988.317802307
 30
0.0
 11
826462.5
 21
5090078.166507693
 31
0.0
  0
LINE
  5
34F
330
315
100
AcDbEntity
  8
0
 62
     0
100
AcDbLine
 10
826450.0
 20
5090018.779559052
 30
0.0
 11
826450.0
 21
5090047.704750948
 31
0.0
  0
LINE
  5
350
330
315
100
AcDbEntity
  8
0
 62
     0
100
AcDbLine
 10
826537.5
 20
5089955.072882999
 30
0.0
 11
826537.5
 21
5090111.411427001
 31
0.0
  0
LINE
  5
351
330
315
100
AcDbEntity
  8
0
 62
     0
100
AcDbLine
 10
826550.0
 20
5089958.491158748
 30
0.0
 11
826550.0
 21
5090107.993151253
 31
0.0
  0
LINE
  5
352
330
315
100
AcDbEntity
  8
0
 62
     0
100
AcDbLine
 10
826562.5
 20
5089963.040786884
 30
0.0
 11
826562.5
 21
5090103.443523117
 31
0.0
  0
LINE
  5
353
330
315
100
AcDbEntity
  8
0
 62
     0
100
AcDbLine
 10
826575.0
 20
5089971.623031753
 30
0.0
 11
826575.0
 21
5090094.861278248
 31
0.0
  0
LINE
  5
354
330
315
100
AcDbEntity
  8
0
 62
     0
100
AcDbLine
 10
826587.4999999999
 20
5089981.995771816
 30
0.0
 11
826587.4999999999
 21
5090084.372533109
 31
0.0
  0
LINE
  5
355
330
315
100
AcDbEntity
  8
0
 62
     0
100
AcDbLine
 10
826600.0
 20
5090003.646406944
 30
0.0
 11
826600.0
 21
5090062.837903056
 31
0.0
  0
ENDBLK
  5
356
330
315
100
AcDbEntity
  8
0
100
AcDbBlockEnd
  0
BLOCK
  5
358
330
357
100
AcDbEntity
  8
0
100
AcDbBlockBegin
  2
*X6
 70
     1
 10
0.0
 20
0.0
 30
0.0
  3
*X6
  1

  0
LINE
  5
359
330
357
100
AcDbEntity
  8
0
 62
     0
100
AcDbLine
 10
160583.1892502993
 20
131591.8112216509
 30
0.0
 11
161833.1892502992
 21
132841.8112216508
 31
0.0
  0
LINE
  5
35A
330
357
100
AcDbEntity
  8
0
 62
     0
100
AcDbLine
 10
160583.1892502993
 20
132298.9180028374
 30
0.0
 11
161476.7522304734
 21
133192.4809830115
 31
0.0
  0
LINE
  5
35B
330
357
100
AcDbEntity
  8
0
 62
     0
100
AcDbLine
 10
160583.1892502993
 20
133006.0247840239
 30
0.0
 11
160769.6454492868
 21
133192.4809830115
 31
0.0
  0
LINE
  5
35C
330
357
100
AcDbEntity
  8
0
 62
     0
100
AcDbLine
 10
161186.3121159534
 20
133609.1476496781
 30
0.0
 11
161833.1892502993
 21
134256.0247840239
 31
0.0
  0
LINE
  5
35D
330
357
100
AcDbEntity
  8
0
 62
     0
100
AcDbLine
 10
160583.1892502992
 20
133713.1315652104
 30
0.0
 11
161305.6734630568
 21
134435.615777968
 31
0.0
  0
LINE
  5
35E
330
357
100
AcDbEntity
  8
0
 62
     0
100
AcDbLine
 10
160583.1892502992
 20
134420.238346397
 30
0.0
 11
160605.971723225
 21
134443.0208193227
 31
0.0
  0
LINE
  5
35F
330
357
100
AcDbEntity
  8
0
 62
     0
100
AcDbLine
 10
160583.1892502993
 20
130884.7044404643
 30
0.0
 11
161833.1892502992
 21
132134.7044404643
 31
0.0
  0
LINE
  5
360
330
357
100
AcDbEntity
  8
0
 62
     0
100
AcDbLine
 10
160583.1892502993
 20
130177.5976592777
 30
0.0
 11
161833.1892502992
 21
131427.5976592777
 31
0.0
  0
LINE
  5
361
330
357
100
AcDbEntity
  8
0
 62
     0
100
AcDbLine
 10
160971.8460218862
 20
129859.1476496781
 30
0.0
 11
161833.1892502992
 21
130720.4908780912
 31
0.0
  0
LINE
  5
362
330
357
100
AcDbEntity
  8
0
 62
     0
100
AcDbLine
 10
161678.9528030728
 20
129859.1476496781
 30
0.0
 11
161833.1892502992
 21
130013.3840969046
 31
0.0
  0
LINE
  5
363
330
357
100
AcDbEntity
  8
0
 62
     0
100
AcDbLine
 10
161833.1892502992
 20
130909.0181609314
 30
0.0
 11
160583.1892502993
 21
132159.0181609313
 31
0.0
  0
LINE
  5
364
330
357
100
AcDbEntity
  8
0
 62
     0
100
AcDbLine
 10
161833.1892502992
 20
130201.9113797448
 30
0.0
 11
160583.1892502993
 21
131451.9113797447
 31
0.0
  0
LINE
  5
365
330
357
100
AcDbEntity
  8
0
 62
     0
100
AcDbLine
 10
161468.8461991794
 20
129859.1476496781
 30
0.0
 11
160583.1892502992
 21
130744.8045985582
 31
0.0
  0
LINE
  5
366
330
357
100
AcDbEntity
  8
0
 62
     0
100
AcDbLine
 10
160761.7394179928
 20
129859.1476496781
 30
0.0
 11
160583.1892502992
 21
130037.6978173717
 31
0.0
  0
LINE
  5
367
330
357
100
AcDbEntity
  8
0
 62
     0
100
AcDbLine
 10
161833.1892502992
 20
131616.1249421179
 30
0.0
 11
160583.1892502993
 21
132866.1249421179
 31
0.0
  0
LINE
  5
368
330
357
100
AcDbEntity
  8
0
 62
     0
100
AcDbLine
 10
161833.1892502992
 20
132323.2317233044
 30
0.0
 11
160963.9399905922
 21
133192.4809830115
 31
0.0
  0
LINE
  5
369
330
357
100
AcDbEntity
  8
0
 62
     0
100
AcDbLine
 10
161833.1892502992
 20
133030.3385044909
 30
0.0
 11
161671.0467717788
 21
133192.4809830115
 31
0.0
  0
LINE
  5
36A
330
357
100
AcDbEntity
  8
0
 62
     0
100
AcDbLine
 10
161254.3801051122
 20
133609.1476496781
 30
0.0
 11
160583.1892502992
 21
134280.3385044909
 31
0.0
  0
LINE
  5
36B
330
357
100
AcDbEntity
  8
0
 62
     0
100
AcDbLine
 10
161833.1892502992
 20
133737.4452856775
 30
0.0
 11
161144.4149343826
 21
134426.2196015941
 31
0.0
  0
ENDBLK
  5
36C
330
357
100
AcDbEntity
  8
0
100
AcDbBlockEnd
  0
BLOCK
  5
36E
330
36D
100
AcDbEntity
  8
0
100
AcDbBlockBegin
  2
*X7
 70
     1
 10
0.0
 20
0.0
 30
0.0
  3
*X7
  1

  0
LINE
  5
36F
330
36D
100
AcDbEntity
  8
0
 62
     0
100
AcDbLine
 10
72576.1393848662
 20
112881.2259124994
 30
0.0
 11
73826.1393848662
 21
114131.2259124994
 31
0.0
  0
LINE
  5
370
330
36D
100
AcDbEntity
  8
0
 62
     0
100
AcDbLine
 10
72576.1393848662
 20
113588.3326936859
 30
0.0
 11
73826.1393848662
 21
114838.3326936859
 31
0.0
  0
LINE
  5
371
330
36D
100
AcDbEntity
  8
0
 62
     0
100
AcDbLine
 10
72576.1393848662
 20
114295.4394748725
 30
0.0
 11
73826.1393848662
 21
115545.4394748725
 31
0.0
  0
LINE
  5
372
330
36D
100
AcDbEntity
  8
0
 62
     0
100
AcDbLine
 10
72576.13938486618
 20
115002.546256059
 30
0.0
 11
73266.07411181861
 21
115692.4809830115
 31
0.0
  0
LINE
  5
373
330
36D
100
AcDbEntity
  8
0
 62
     0
100
AcDbLine
 10
73682.74077848525
 20
116109.1476496781
 30
0.0
 11
73826.1393848662
 21
116252.546256059
 31
0.0
  0
LINE
  5
374
330
36D
100
AcDbEntity
  8
0
 62
     0
100
AcDbLine
 10
72975.6339972987
 20
116109.1476496781
 30
0.0
 11
73826.1393848662
 21
116959.6530372456
 31
0.0
  0
LINE
  5
375
330
36D
100
AcDbEntity
  8
0
 62
     0
100
AcDbLine
 10
72576.1393848662
 20
116416.7598184321
 30
0.0
 11
73826.1393848662
 21
117666.7598184321
 31
0.0
  0
LINE
  5
376
330
36D
100
AcDbEntity
  8
0
 62
     0
100
AcDbLine
 10
72576.1393848662
 20
117123.8665996187
 30
0.0
 11
73826.1393848662
 21
118373.8665996187
 31
0.0
  0
LINE
  5
377
330
36D
100
AcDbEntity
  8
0
 62
     0
100
AcDbLine
 10
72576.1393848662
 20
117830.9733808052
 30
0.0
 11
73826.1393848662
 21
119080.9733808052
 31
0.0
  0
LINE
  5
378
330
36D
100
AcDbEntity
  8
0
 62
     0
100
AcDbLine
 10
72576.1393848662
 20
118538.0801619918
 30
0.0
 11
73480.54020588581
 21
119442.4809830114
 31
0.0
  0
LINE
  5
379
330
36D
100
AcDbEntity
  8
0
 62
     0
100
AcDbLine
 10
72576.1393848662
 20
119245.1869431783
 30
0.0
 11
72773.43342469928
 21
119442.4809830114
 31
0.0
  0
LINE
  5
37A
330
36D
100
AcDbEntity
  8
0
 62
     0
100
AcDbLine
 10
73190.10009136594
 20
119859.1476496781
 30
0.0
 11
73826.13938486618
 21
120495.1869431783
 31
0.0
  0
LINE
  5
37B
330
36D
100
AcDbEntity
  8
0
 62
     0
100
AcDbLine
 10
72576.1393848662
 20
119952.2937243648
 30
0.0
 11
73826.13938486618
 21
121202.2937243649
 31
0.0
  0
LINE
  5
37C
330
36D
100
AcDbEntity
  8
0
 62
     0
100
AcDbLine
 10
72576.1393848662
 20
120659.4005055514
 30
0.0
 11
73826.1393848662
 21
121909.4005055514
 31
0.0
  0
LINE
  5
37D
330
36D
100
AcDbEntity
  8
0
 62
     0
100
AcDbLine
 10
72576.1393848662
 20
121366.507286738
 30
0.0
 11
73826.1393848662
 21
122616.507286738
 31
0.0
  0
LINE
  5
37E
330
36D
100
AcDbEntity
  8
0
 62
     0
100
AcDbLine
 10
72576.1393848662
 20
122073.6140679245
 30
0.0
 11
73695.00629995306
 21
123192.4809830114
 31
0.0
  0
LINE
  5
37F
330
36D
100
AcDbEntity
  8
0
 62
     0
100
AcDbLine
 10
72576.1393848662
 20
122780.7208491111
 30
0.0
 11
72987.89951876651
 21
123192.4809830114
 31
0.0
  0
LINE
  5
380
330
36D
100
AcDbEntity
  8
0
 62
     0
100
AcDbLine
 10
72761.16790323147
 20
112359.1476496781
 30
0.0
 11
73826.1393848662
 21
113424.1191313128
 31
0.0
  0
LINE
  5
381
330
36D
100
AcDbEntity
  8
0
 62
     0
100
AcDbLine
 10
72576.1393848662
 20
111467.0123501263
 30
0.0
 11
73051.60801775135
 21
111942.4809830114
 31
0.0
  0
LINE
  5
382
330
36D
100
AcDbEntity
  8
0
 62
     0
100
AcDbLine
 10
73468.27468441802
 20
112359.1476496781
 30
0.0
 11
73826.1393848662
 21
112717.0123501263
 31
0.0
  0
LINE
  5
383
330
36D
100
AcDbEntity
  8
0
 62
     0
100
AcDbLine
 10
72576.1393848662
 20
110759.9055689397
 30
0.0
 11
73758.71479893787
 21
111942.4809830114
 31
0.0
  0
LINE
  5
384
330
36D
100
AcDbEntity
  8
0
 62
     0
100
AcDbLine
 10
72576.1393848662
 20
110052.7987877532
 30
0.0
 11
73826.1393848662
 21
111302.7987877532
 31
0.0
  0
LINE
  5
385
330
36D
100
AcDbEntity
  8
0
 62
     0
100
AcDbLine
 10
72576.1393848662
 20
109345.6920065666
 30
0.0
 11
73826.1393848662
 21
110595.6920065666
 31
0.0
  0
LINE
  5
386
330
36D
100
AcDbEntity
  8
0
 62
     0
100
AcDbLine
 10
72576.1393848662
 20
108638.5852253801
 30
0.0
 11
73826.13938486618
 21
109888.5852253801
 31
0.0
  0
LINE
  5
387
330
36D
100
AcDbEntity
  8
0
 62
     0
100
AcDbLine
 10
72576.13938486621
 20
107931.4784441936
 30
0.0
 11
72837.14192368415
 21
108192.4809830115
 31
0.0
  0
LINE
  5
388
330
36D
100
AcDbEntity
  8
0
 62
     0
100
AcDbLine
 10
73253.80859035077
 20
108609.1476496781
 30
0.0
 11
73826.13938486618
 21
109181.4784441935
 31
0.0
  0
LINE
  5
389
330
36D
100
AcDbEntity
  8
0
 62
     0
100
AcDbLine
 10
72576.13938486621
 20
107224.371663007
 30
0.0
 11
73544.24870487068
 21
108192.4809830115
 31
0.0
  0
LINE
  5
38A
330
36D
100
AcDbEntity
  8
0
 62
     0
100
AcDbLine
 10
72576.13938486621
 20
106517.2648818204
 30
0.0
 11
73826.1393848662
 21
107767.2648818205
 31
0.0
  0
LINE
  5
38B
330
36D
100
AcDbEntity
  8
0
 62
     0
100
AcDbLine
 10
72576.13938486621
 20
105810.1581006339
 30
0.0
 11
73826.1393848662
 21
107060.1581006339
 31
0.0
  0
LINE
  5
38C
330
36D
100
AcDbEntity
  8
0
 62
     0
100
AcDbLine
 10
72576.13938486621
 20
105103.0513194474
 30
0.0
 11
73826.1393848662
 21
106353.0513194474
 31
0.0
  0
LINE
  5
38D
330
36D
100
AcDbEntity
  8
0
 62
     0
100
AcDbLine
 10
73039.34249628354
 20
104859.1476496782
 30
0.0
 11
73826.1393848662
 21
105645.9445382608
 31
0.0
  0
LINE
  5
38E
330
36D
100
AcDbEntity
  8
0
 62
     0
100
AcDbLine
 10
73746.44927747008
 20
104859.1476496782
 30
0.0
 11
73826.1393848662
 21
104938.8377570743
 31
0.0
  0
LINE
  5
38F
330
36D
100
AcDbEntity
  8
0
 62
     0
100
AcDbLine
 10
73826.13938486621
 20
112850.0508483823
 30
0.0
 11
72576.13938486621
 21
114100.0508483823
 31
0.0
  0
LINE
  5
390
330
36D
100
AcDbEntity
  8
0
 62
     0
100
AcDbLine
 10
73609.93580238385
 20
112359.1476496781
 30
0.0
 11
72576.13938486621
 21
113392.9440671958
 31
0.0
  0
LINE
  5
391
330
36D
100
AcDbEntity
  8
0
 62
     0
100
AcDbLine
 10
73826.1393848662
 20
111435.8372860092
 30
0.0
 11
73319.49568786398
 21
111942.4809830114
 31
0.0
  0
LINE
  5
392
330
36D
100
AcDbEntity
  8
0
 62
     0
100
AcDbLine
 10
72902.82902119731
 20
112359.1476496781
 30
0.0
 11
72576.13938486621
 21
112685.8372860092
 31
0.0
  0
LINE
  5
393
330
36D
100
AcDbEntity
  8
0
 62
     0
100
AcDbLine
 10
73826.1393848662
 20
110728.7305048227
 30
0.0
 11
72612.38890667739
 21
111942.4809830115
 31
0.0
  0
LINE
  5
394
330
36D
100
AcDbEntity
  8
0
 62
     0
100
AcDbLine
 10
73826.13938486618
 20
110021.6237236361
 30
0.0
 11
72576.1393848662
 21
111271.6237236361
 31
0.0
  0
LINE
  5
395
330
36D
100
AcDbEntity
  8
0
 62
     0
100
AcDbLine
 10
73826.13938486618
 20
109314.5169424496
 30
0.0
 11
72576.1393848662
 21
110564.5169424496
 31
0.0
  0
LINE
  5
396
330
36D
100
AcDbEntity
  8
0
 62
     0
100
AcDbLine
 10
73824.40189645108
 20
108609.1476496781
 30
0.0
 11
72576.1393848662
 21
109857.410161263
 31
0.0
  0
LINE
  5
397
330
36D
100
AcDbEntity
  8
0
 62
     0
100
AcDbLine
 10
73826.1393848662
 20
107900.3033800765
 30
0.0
 11
73533.96178193118
 21
108192.4809830115
 31
0.0
  0
LINE
  5
398
330
36D
100
AcDbEntity
  8
0
 62
     0
100
AcDbLine
 10
73117.29511526454
 20
108609.1476496781
 30
0.0
 11
72576.1393848662
 21
109150.3033800765
 31
0.0
  0
LINE
  5
399
330
36D
100
AcDbEntity
  8
0
 62
     0
100
AcDbLine
 10
73826.1393848662
 20
107193.1965988899
 30
0.0
 11
72826.85500074461
 21
108192.4809830115
 31
0.0
  0
LINE
  5
39A
330
36D
100
AcDbEntity
  8
0
 62
     0
100
AcDbLine
 10
73826.1393848662
 20
106486.0898177034
 30
0.0
 11
72576.13938486621
 21
107736.0898177034
 31
0.0
  0
LINE
  5
39B
330
36D
100
AcDbEntity
  8
0
 62
     0
100
AcDbLine
 10
73826.1393848662
 20
105778.9830365168
 30
0.0
 11
72576.13938486621
 21
107028.9830365168
 31
0.0
  0
LINE
  5
39C
330
36D
100
AcDbEntity
  8
0
 62
     0
100
AcDbLine
 10
73826.1393848662
 20
105071.8762553303
 30
0.0
 11
72576.13938486621
 21
106321.8762553303
 31
0.0
  0
LINE
  5
39D
330
36D
100
AcDbEntity
  8
0
 62
     0
100
AcDbLine
 10
73331.76120933178
 20
104859.1476496782
 30
0.0
 11
72576.13938486621
 21
105614.7694741437
 31
0.0
  0
LINE
  5
39E
330
36D
100
AcDbEntity
  8
0
 62
     0
100
AcDbLine
 10
72624.65442814522
 20
104859.1476496782
 30
0.0
 11
72576.13938486621
 21
104907.6626929572
 31
0.0
  0
LINE
  5
39F
330
36D
100
AcDbEntity
  8
0
 62
     0
100
AcDbLine
 10
73826.1393848662
 20
113557.1576295689
 30
0.0
 11
72576.1393848662
 21
114807.1576295689
 31
0.0
  0
LINE
  5
3A0
330
36D
100
AcDbEntity
  8
0
 62
     0
100
AcDbLine
 10
73826.1393848662
 20
114264.2644107554
 30
0.0
 11
72576.1393848662
 21
115514.2644107554
 31
0.0
  0
LINE
  5
3A1
330
36D
100
AcDbEntity
  8
0
 62
     0
100
AcDbLine
 10
73826.1393848662
 20
114971.3711919419
 30
0.0
 11
73105.0295937967
 21
115692.4809830115
 31
0.0
  0
LINE
  5
3A2
330
36D
100
AcDbEntity
  8
0
 62
     0
100
AcDbLine
 10
72688.36292713006
 20
116109.1476496781
 30
0.0
 11
72576.13938486618
 21
116221.371191942
 31
0.0
  0
LINE
  5
3A3
330
36D
100
AcDbEntity
  8
0
 62
     0
100
AcDbLine
 10
73826.1393848662
 20
115678.4779731285
 30
0.0
 11
73812.13637498328
 21
115692.4809830114
 31
0.0
  0
LINE
  5
3A4
330
36D
100
AcDbEntity
  8
0
 62
     0
100
AcDbLine
 10
73395.46970831661
 20
116109.1476496781
 30
0.0
 11
72576.13938486618
 21
116928.4779731285
 31
0.0
  0
LINE
  5
3A5
330
36D
100
AcDbEntity
  8
0
 62
     0
100
AcDbLine
 10
73826.1393848662
 20
116385.5847543151
 30
0.0
 11
72576.1393848662
 21
117635.584754315
 31
0.0
  0
LINE
  5
3A6
330
36D
100
AcDbEntity
  8
0
 62
     0
100
AcDbLine
 10
73826.1393848662
 20
117092.6915355016
 30
0.0
 11
72576.1393848662
 21
118342.6915355016
 31
0.0
  0
LINE
  5
3A7
330
36D
100
AcDbEntity
  8
0
 62
     0
100
AcDbLine
 10
73826.1393848662
 20
117799.7983166882
 30
0.0
 11
72576.1393848662
 21
119049.7983166881
 31
0.0
  0
LINE
  5
3A8
330
36D
100
AcDbEntity
  8
0
 62
     0
100
AcDbLine
 10
73826.1393848662
 20
118506.9050978747
 30
0.0
 11
72890.5634997295
 21
119442.4809830114
 31
0.0
  0
LINE
  5
3A9
330
36D
100
AcDbEntity
  8
0
 62
     0
100
AcDbLine
 10
73826.1393848662
 20
119214.0118790612
 30
0.0
 11
73597.67028091605
 21
119442.4809830114
 31
0.0
  0
LINE
  5
3AA
330
36D
100
AcDbEntity
  8
0
 62
     0
100
AcDbLine
 10
73181.00361424938
 20
119859.1476496781
 30
0.0
 11
72576.1393848662
 21
120464.0118790612
 31
0.0
  0
LINE
  5
3AB
330
36D
100
AcDbEntity
  8
0
 62
     0
100
AcDbLine
 10
73826.13938486618
 20
119921.1186602478
 30
0.0
 11
72576.1393848662
 21
121171.1186602478
 31
0.0
  0
LINE
  5
3AC
330
36D
100
AcDbEntity
  8
0
 62
     0
100
AcDbLine
 10
73826.13938486618
 20
120628.2254414343
 30
0.0
 11
72576.1393848662
 21
121878.2254414343
 31
0.0
  0
LINE
  5
3AD
330
36D
100
AcDbEntity
  8
0
 62
     0
100
AcDbLine
 10
73826.13938486618
 20
121335.3322226209
 30
0.0
 11
72576.1393848662
 21
122585.3322226209
 31
0.0
  0
LINE
  5
3AE
330
36D
100
AcDbEntity
  8
0
 62
     0
100
AcDbLine
 10
73826.1393848662
 20
122042.4390038074
 30
0.0
 11
72676.09740566225
 21
123192.4809830114
 31
0.0
  0
LINE
  5
3AF
330
36D
100
AcDbEntity
  8
0
 62
     0
100
AcDbLine
 10
73826.1393848662
 20
122749.545784994
 30
0.0
 11
73383.20418684881
 21
123192.4809830114
 31
0.0
  0
ENDBLK
  5
3B0
330
36D
100
AcDbEntity
  8
0
100
AcDbBlockEnd
  0
BLOCK
  5
3B2
330
3B1
100
AcDbEntity
  8
0
100
AcDbBlockBegin
  2
*X8
 70
     1
 10
0.0
 20
0.0
 30
0.0
  3
*X8
  1

  0
LINE
  5
3B3
330
3B1
100
AcDbEntity
  8
0
 62
     0
100
AcDbLine
 10
139863.4468503742
 20
100972.573885114
 30
0.0
 11
140537.4727608263
 21
101646.5997955662
 31
0.0
  0
LINE
  5
3B4
330
3B1
100
AcDbEntity
  8
0
 62
     0
100
AcDbLine
 10
138095.6798974078
 20
100972.573885114
 30
0.0
 11
138769.7058078599
 21
101646.5997955662
 31
0.0
  0
LINE
  5
3B5
330
3B1
100
AcDbEntity
  8
0
 62
     0
100
AcDbLine
 10
136327.9129444414
 20
100972.573885114
 30
0.0
 11
137001.9388548936
 21
101646.5997955662
 31
0.0
  0
LINE
  5
3B6
330
3B1
100
AcDbEntity
  8
0
 62
     0
100
AcDbLine
 10
134560.145991475
 20
100972.573885114
 30
0.0
 11
135234.1719019272
 21
101646.5997955662
 31
0.0
  0
LINE
  5
3B7
330
3B1
100
AcDbEntity
  8
0
 62
     0
100
AcDbLine
 10
132792.3790385087
 20
100972.573885114
 30
0.0
 11
133466.4049489608
 21
101646.5997955662
 31
0.0
  0
LINE
  5
3B8
330
3B1
100
AcDbEntity
  8
0
 62
     0
100
AcDbLine
 10
131024.6120855423
 20
100972.573885114
 30
0.0
 11
131698.6379959945
 21
101646.5997955662
 31
0.0
  0
LINE
  5
3B9
330
3B1
100
AcDbEntity
  8
0
 62
     0
100
AcDbLine
 10
129256.8451325759
 20
100972.573885114
 30
0.0
 11
129930.8710430281
 21
101646.5997955662
 31
0.0
  0
LINE
  5
3BA
330
3B1
100
AcDbEntity
  8
0
 62
     0
100
AcDbLine
 10
127489.0781796096
 20
100972.573885114
 30
0.0
 11
128163.1040900617
 21
101646.5997955662
 31
0.0
  0
LINE
  5
3BB
330
3B1
100
AcDbEntity
  8
0
 62
     0
100
AcDbLine
 10
125721.3112266432
 20
100972.573885114
 30
0.0
 11
126395.3371370954
 21
101646.5997955662
 31
0.0
  0
LINE
  5
3BC
330
3B1
100
AcDbEntity
  8
0
 62
     0
100
AcDbLine
 10
123953.5442736768
 20
100972.573885114
 30
0.0
 11
124627.570184129
 21
101646.5997955662
 31
0.0
  0
LINE
  5
3BD
330
3B1
100
AcDbEntity
  8
0
 62
     0
100
AcDbLine
 10
122185.7773207105
 20
100972.573885114
 30
0.0
 11
122859.8032311626
 21
101646.5997955662
 31
0.0
  0
LINE
  5
3BE
330
3B1
100
AcDbEntity
  8
0
 62
     0
100
AcDbLine
 10
120418.0103677441
 20
100972.573885114
 30
0.0
 11
121092.0362781962
 21
101646.5997955662
 31
0.0
  0
LINE
  5
3BF
330
3B1
100
AcDbEntity
  8
0
 62
     0
100
AcDbLine
 10
118650.2434147777
 20
100972.573885114
 30
0.0
 11
119324.2693252299
 21
101646.5997955662
 31
0.0
  0
LINE
  5
3C0
330
3B1
100
AcDbEntity
  8
0
 62
     0
100
AcDbLine
 10
116882.4764618114
 20
100972.573885114
 30
0.0
 11
117556.5023722635
 21
101646.5997955662
 31
0.0
  0
LINE
  5
3C1
330
3B1
100
AcDbEntity
  8
0
 62
     0
100
AcDbLine
 10
141631.2138033405
 20
100972.573885114
 30
0.0
 11
142305.2397137927
 21
101646.5997955662
 31
0.0
  0
LINE
  5
3C2
330
3B1
100
AcDbEntity
  8
0
 62
     0
100
AcDbLine
 10
143398.9807563069
 20
100972.573885114
 30
0.0
 11
144073.0066667591
 21
101646.5997955662
 31
0.0
  0
LINE
  5
3C3
330
3B1
100
AcDbEntity
  8
0
 62
     0
100
AcDbLine
 10
145166.7477092733
 20
100972.573885114
 30
0.0
 11
145840.7736197254
 21
101646.5997955662
 31
0.0
  0
LINE
  5
3C4
330
3B1
100
AcDbEntity
  8
0
 62
     0
100
AcDbLine
 10
146934.5146622396
 20
100972.573885114
 30
0.0
 11
147608.5405726918
 21
101646.5997955662
 31
0.0
  0
LINE
  5
3C5
330
3B1
100
AcDbEntity
  8
0
 62
     0
100
AcDbLine
 10
148702.281615206
 20
100972.573885114
 30
0.0
 11
149376.3075256581
 21
101646.5997955662
 31
0.0
  0
LINE
  5
3C6
330
3B1
100
AcDbEntity
  8
0
 62
     0
100
AcDbLine
 10
150470.0485681724
 20
100972.573885114
 30
0.0
 11
151144.0744786245
 21
101646.5997955662
 31
0.0
  0
LINE
  5
3C7
330
3B1
100
AcDbEntity
  8
0
 62
     0
100
AcDbLine
 10
152237.8155211387
 20
100972.573885114
 30
0.0
 11
152911.8414315909
 21
101646.5997955662
 31
0.0
  0
LINE
  5
3C8
330
3B1
100
AcDbEntity
  8
0
 62
     0
100
AcDbLine
 10
154005.5824741051
 20
100972.573885114
 30
0.0
 11
154679.6083845572
 21
101646.5997955662
 31
0.0
  0
LINE
  5
3C9
330
3B1
100
AcDbEntity
  8
0
 62
     0
100
AcDbLine
 10
155773.3494270715
 20
100972.573885114
 30
0.0
 11
156447.3753375236
 21
101646.5997955662
 31
0.0
  0
LINE
  5
3CA
330
3B1
100
AcDbEntity
  8
0
 62
     0
100
AcDbLine
 10
157541.1163800378
 20
100972.573885114
 30
0.0
 11
158215.14229049
 21
101646.5997955662
 31
0.0
  0
LINE
  5
3CB
330
3B1
100
AcDbEntity
  8
0
 62
     0
100
AcDbLine
 10
159308.8833330042
 20
100972.573885114
 30
0.0
 11
159982.9092434564
 21
101646.5997955662
 31
0.0
  0
LINE
  5
3CC
330
3B1
100
AcDbEntity
  8
0
 62
     0
100
AcDbLine
 10
161076.6502859706
 20
100972.573885114
 30
0.0
 11
161750.6761964228
 21
101646.5997955662
 31
0.0
  0
LINE
  5
3CD
330
3B1
100
AcDbEntity
  8
0
 62
     0
100
AcDbLine
 10
162844.4172389369
 20
100972.573885114
 30
0.0
 11
163518.4431493891
 21
101646.5997955662
 31
0.0
  0
LINE
  5
3CE
330
3B1
100
AcDbEntity
  8
0
 62
     0
100
AcDbLine
 10
164612.1841919033
 20
100972.573885114
 30
0.0
 11
165286.2101023555
 21
101646.5997955662
 31
0.0
  0
LINE
  5
3CF
330
3B1
100
AcDbEntity
  8
0
 62
     0
100
AcDbLine
 10
139322.1329806619
 20
101094.1726227642
 30
0.0
 11
140206.0164571451
 21
101978.0560992474
 31
0.0
  0
LINE
  5
3D0
330
3B1
100
AcDbEntity
  8
0
 62
     0
100
AcDbLine
 10
137554.3660276955
 20
101094.1726227642
 30
0.0
 11
138438.2495041787
 21
101978.0560992474
 31
0.0
  0
LINE
  5
3D1
330
3B1
100
AcDbEntity
  8
0
 62
     0
100
AcDbLine
 10
135786.5990747292
 20
101094.1726227642
 30
0.0
 11
136670.4825512124
 21
101978.0560992474
 31
0.0
  0
LINE
  5
3D2
330
3B1
100
AcDbEntity
  8
0
 62
     0
100
AcDbLine
 10
134018.8321217628
 20
101094.1726227642
 30
0.0
 11
134902.715598246
 21
101978.0560992474
 31
0.0
  0
LINE
  5
3D3
330
3B1
100
AcDbEntity
  8
0
 62
     0
100
AcDbLine
 10
132251.0651687965
 20
101094.1726227642
 30
0.0
 11
133134.9486452796
 21
101978.0560992474
 31
0.0
  0
LINE
  5
3D4
330
3B1
100
AcDbEntity
  8
0
 62
     0
100
AcDbLine
 10
130483.2982158301
 20
101094.1726227642
 30
0.0
 11
131367.1816923132
 21
101978.0560992474
 31
0.0
  0
LINE
  5
3D5
330
3B1
100
AcDbEntity
  8
0
 62
     0
100
AcDbLine
 10
128715.5312628637
 20
101094.1726227642
 30
0.0
 11
129599.4147393469
 21
101978.0560992474
 31
0.0
  0
LINE
  5
3D6
330
3B1
100
AcDbEntity
  8
0
 62
     0
100
AcDbLine
 10
126947.7643098974
 20
101094.1726227642
 30
0.0
 11
127831.6477863805
 21
101978.0560992474
 31
0.0
  0
LINE
  5
3D7
330
3B1
100
AcDbEntity
  8
0
 62
     0
100
AcDbLine
 10
125179.997356931
 20
101094.1726227642
 30
0.0
 11
126063.8808334142
 21
101978.0560992474
 31
0.0
  0
LINE
  5
3D8
330
3B1
100
AcDbEntity
  8
0
 62
     0
100
AcDbLine
 10
123412.2304039646
 20
101094.1726227642
 30
0.0
 11
124296.1138804478
 21
101978.0560992474
 31
0.0
  0
LINE
  5
3D9
330
3B1
100
AcDbEntity
  8
0
 62
     0
100
AcDbLine
 10
121644.4634509983
 20
101094.1726227642
 30
0.0
 11
122528.3469274814
 21
101978.0560992474
 31
0.0
  0
LINE
  5
3DA
330
3B1
100
AcDbEntity
  8
0
 62
     0
100
AcDbLine
 10
119876.6964980319
 20
101094.1726227642
 30
0.0
 11
120760.5799745151
 21
101978.0560992474
 31
0.0
  0
LINE
  5
3DB
330
3B1
100
AcDbEntity
  8
0
 62
     0
100
AcDbLine
 10
118108.9295450655
 20
101094.1726227642
 30
0.0
 11
118992.8130215487
 21
101978.0560992474
 31
0.0
  0
LINE
  5
3DC
330
3B1
100
AcDbEntity
  8
0
 62
     0
100
AcDbLine
 10
116848.8213430389
 20
101601.831373704
 30
0.0
 11
117225.0460685823
 21
101978.0560992474
 31
0.0
  0
LINE
  5
3DD
330
3B1
100
AcDbEntity
  8
0
 62
     0
100
AcDbLine
 10
141089.8999336283
 20
101094.1726227642
 30
0.0
 11
141973.7834101115
 21
101978.0560992474
 31
0.0
  0
LINE
  5
3DE
330
3B1
100
AcDbEntity
  8
0
 62
     0
100
AcDbLine
 10
142857.6668865947
 20
101094.1726227642
 30
0.0
 11
143741.5503630778
 21
101978.0560992474
 31
0.0
  0
LINE
  5
3DF
330
3B1
100
AcDbEntity
  8
0
 62
     0
100
AcDbLine
 10
144625.433839561
 20
101094.1726227642
 30
0.0
 11
145509.3173160442
 21
101978.0560992474
 31
0.0
  0
LINE
  5
3E0
330
3B1
100
AcDbEntity
  8
0
 62
     0
100
AcDbLine
 10
146393.2007925274
 20
101094.1726227642
 30
0.0
 11
147277.0842690106
 21
101978.0560992474
 31
0.0
  0
LINE
  5
3E1
330
3B1
100
AcDbEntity
  8
0
 62
     0
100
AcDbLine
 10
148160.9677454938
 20
101094.1726227642
 30
0.0
 11
149044.8512219769
 21
101978.0560992474
 31
0.0
  0
LINE
  5
3E2
330
3B1
100
AcDbEntity
  8
0
 62
     0
100
AcDbLine
 10
149928.7346984601
 20
101094.1726227642
 30
0.0
 11
150812.6181749433
 21
101978.0560992474
 31
0.0
  0
LINE
  5
3E3
330
3B1
100
AcDbEntity
  8
0
 62
     0
100
AcDbLine
 10
151696.5016514265
 20
101094.1726227642
 30
0.0
 11
152580.3851279097
 21
101978.0560992474
 31
0.0
  0
LINE
  5
3E4
330
3B1
100
AcDbEntity
  8
0
 62
     0
100
AcDbLine
 10
153464.2686043929
 20
101094.1726227642
 30
0.0
 11
154348.1520808761
 21
101978.0560992474
 31
0.0
  0
LINE
  5
3E5
330
3B1
100
AcDbEntity
  8
0
 62
     0
100
AcDbLine
 10
155232.0355573593
 20
101094.1726227642
 30
0.0
 11
156115.9190338424
 21
101978.0560992474
 31
0.0
  0
LINE
  5
3E6
330
3B1
100
AcDbEntity
  8
0
 62
     0
100
AcDbLine
 10
156999.8025103256
 20
101094.1726227642
 30
0.0
 11
157883.6859868088
 21
101978.0560992474
 31
0.0
  0
LINE
  5
3E7
330
3B1
100
AcDbEntity
  8
0
 62
     0
100
AcDbLine
 10
158767.569463292
 20
101094.1726227642
 30
0.0
 11
159651.4529397752
 21
101978.0560992474
 31
0.0
  0
LINE
  5
3E8
330
3B1
100
AcDbEntity
  8
0
 62
     0
100
AcDbLine
 10
160535.3364162583
 20
101094.1726227642
 30
0.0
 11
161419.2198927415
 21
101978.0560992474
 31
0.0
  0
LINE
  5
3E9
330
3B1
100
AcDbEntity
  8
0
 62
     0
100
AcDbLine
 10
162303.1033692247
 20
101094.1726227642
 30
0.0
 11
163186.9868457079
 21
101978.0560992474
 31
0.0
  0
LINE
  5
3EA
330
3B1
100
AcDbEntity
  8
0
 62
     0
100
AcDbLine
 10
164070.8703221911
 20
101094.1726227642
 30
0.0
 11
164954.7537986743
 21
101978.0560992474
 31
0.0
  0
LINE
  5
3EB
330
3B1
100
AcDbEntity
  8
0
 62
     0
100
AcDbLine
 10
140758.4436299471
 20
101425.6289264454
 30
0.0
 11
141642.3271064303
 21
102309.5124029286
 31
0.0
  0
LINE
  5
3EC
330
3B1
100
AcDbEntity
  8
0
 62
     0
100
AcDbLine
 10
138990.6766769807
 20
101425.6289264454
 30
0.0
 11
139874.5601534639
 21
102309.5124029286
 31
0.0
  0
LINE
  5
3ED
330
3B1
100
AcDbEntity
  8
0
 62
     0
100
AcDbLine
 10
137222.9097240144
 20
101425.6289264454
 30
0.0
 11
138106.7932004975
 21
102309.5124029286
 31
0.0
  0
LINE
  5
3EE
330
3B1
100
AcDbEntity
  8
0
 62
     0
100
AcDbLine
 10
135455.142771048
 20
101425.6289264454
 30
0.0
 11
136339.0262475312
 21
102309.5124029286
 31
0.0
  0
LINE
  5
3EF
330
3B1
100
AcDbEntity
  8
0
 62
     0
100
AcDbLine
 10
133687.3758180816
 20
101425.6289264454
 30
0.0
 11
134571.2592945648
 21
102309.5124029286
 31
0.0
  0
LINE
  5
3F0
330
3B1
100
AcDbEntity
  8
0
 62
     0
100
AcDbLine
 10
131919.6088651153
 20
101425.6289264454
 30
0.0
 11
132803.4923415984
 21
102309.5124029286
 31
0.0
  0
LINE
  5
3F1
330
3B1
100
AcDbEntity
  8
0
 62
     0
100
AcDbLine
 10
130151.8419121489
 20
101425.6289264454
 30
0.0
 11
131035.7253886321
 21
102309.5124029286
 31
0.0
  0
LINE
  5
3F2
330
3B1
100
AcDbEntity
  8
0
 62
     0
100
AcDbLine
 10
128384.0749591825
 20
101425.6289264454
 30
0.0
 11
129267.9584356657
 21
102309.5124029286
 31
0.0
  0
LINE
  5
3F3
330
3B1
100
AcDbEntity
  8
0
 62
     0
100
AcDbLine
 10
126616.3080062161
 20
101425.6289264454
 30
0.0
 11
127500.1914826993
 21
102309.5124029286
 31
0.0
  0
LINE
  5
3F4
330
3B1
100
AcDbEntity
  8
0
 62
     0
100
AcDbLine
 10
124848.5410532498
 20
101425.6289264454
 30
0.0
 11
125732.424529733
 21
102309.5124029286
 31
0.0
  0
LINE
  5
3F5
330
3B1
100
AcDbEntity
  8
0
 62
     0
100
AcDbLine
 10
123080.7741002834
 20
101425.6289264454
 30
0.0
 11
123964.6575767666
 21
102309.5124029286
 31
0.0
  0
LINE
  5
3F6
330
3B1
100
AcDbEntity
  8
0
 62
     0
100
AcDbLine
 10
121313.0071473171
 20
101425.6289264454
 30
0.0
 11
122196.8906238002
 21
102309.5124029286
 31
0.0
  0
LINE
  5
3F7
330
3B1
100
AcDbEntity
  8
0
 62
     0
100
AcDbLine
 10
119545.2401943507
 20
101425.6289264454
 30
0.0
 11
120429.1236708339
 21
102309.5124029286
 31
0.0
  0
LINE
  5
3F8
330
3B1
100
AcDbEntity
  8
0
 62
     0
100
AcDbLine
 10
117777.4732413843
 20
101425.6289264454
 30
0.0
 11
118661.3567178675
 21
102309.5124029286
 31
0.0
  0
LINE
  5
3F9
330
3B1
100
AcDbEntity
  8
0
 62
     0
100
AcDbLine
 10
116848.8213430389
 20
102264.7439810664
 30
0.0
 11
116893.5897649011
 21
102309.5124029286
 31
0.0
  0
LINE
  5
3FA
330
3B1
100
AcDbEntity
  8
0
 62
     0
100
AcDbLine
 10
142526.2105829135
 20
101425.6289264454
 30
0.0
 11
143410.0940593967
 21
102309.5124029286
 31
0.0
  0
LINE
  5
3FB
330
3B1
100
AcDbEntity
  8
0
 62
     0
100
AcDbLine
 10
144293.9775358798
 20
101425.6289264454
 30
0.0
 11
145177.861012363
 21
102309.5124029286
 31
0.0
  0
LINE
  5
3FC
330
3B1
100
AcDbEntity
  8
0
 62
     0
100
AcDbLine
 10
146061.7444888462
 20
101425.6289264454
 30
0.0
 11
146945.6279653294
 21
102309.5124029286
 31
0.0
  0
LINE
  5
3FD
330
3B1
100
AcDbEntity
  8
0
 62
     0
100
AcDbLine
 10
147829.5114418126
 20
101425.6289264454
 30
0.0
 11
148713.3949182958
 21
102309.5124029286
 31
0.0
  0
LINE
  5
3FE
330
3B1
100
AcDbEntity
  8
0
 62
     0
100
AcDbLine
 10
149597.278394779
 20
101425.6289264454
 30
0.0
 11
150481.1618712621
 21
102309.5124029286
 31
0.0
  0
LINE
  5
3FF
330
3B1
100
AcDbEntity
  8
0
 62
     0
100
AcDbLine
 10
151365.0453477453
 20
101425.6289264454
 30
0.0
 11
152248.9288242285
 21
102309.5124029286
 31
0.0
  0
LINE
  5
400
330
3B1
100
AcDbEntity
  8
0
 62
     0
100
AcDbLine
 10
153132.8123007117
 20
101425.6289264454
 30
0.0
 11
154016.6957771949
 21
102309.5124029286
 31
0.0
  0
LINE
  5
401
330
3B1
100
AcDbEntity
  8
0
 62
     0
100
AcDbLine
 10
154900.5792536781
 20
101425.6289264454
 30
0.0
 11
155784.4627301612
 21
102309.5124029286
 31
0.0
  0
LINE
  5
402
330
3B1
100
AcDbEntity
  8
0
 62
     0
100
AcDbLine
 10
156668.3462066444
 20
101425.6289264454
 30
0.0
 11
157552.2296831276
 21
102309.5124029286
 31
0.0
  0
LINE
  5
403
330
3B1
100
AcDbEntity
  8
0
 62
     0
100
AcDbLine
 10
158436.1131596108
 20
101425.6289264454
 30
0.0
 11
159319.996636094
 21
102309.5124029286
 31
0.0
  0
LINE
  5
404
330
3B1
100
AcDbEntity
  8
0
 62
     0
100
AcDbLine
 10
160203.8801125772
 20
101425.6289264454
 30
0.0
 11
161087.7635890603
 21
102309.5124029286
 31
0.0
  0
LINE
  5
405
330
3B1
100
AcDbEntity
  8
0
 62
     0
100
AcDbLine
 10
161971.6470655436
 20
101425.6289264454
 30
0.0
 11
162855.5305420267
 21
102309.5124029286
 31
0.0
  0
LINE
  5
406
330
3B1
100
AcDbEntity
  8
0
 62
     0
100
AcDbLine
 10
163739.4140185099
 20
101425.6289264454
 30
0.0
 11
164623.2974949931
 21
102309.5124029286
 31
0.0
  0
LINE
  5
407
330
3B1
100
AcDbEntity
  8
0
 62
     0
100
AcDbLine
 10
165507.1809714763
 20
101425.6289264454
 30
0.0
 11
165571.4834916398
 21
101489.931446609
 31
0.0
  0
LINE
  5
408
330
3B1
100
AcDbEntity
  8
0
 62
     0
100
AcDbLine
 10
140758.4436299471
 20
101646.5997955662
 30
0.0
 11
140045.8957758352
 21
102359.1476496782
 31
0.0
  0
LINE
  5
409
330
3B1
100
AcDbEntity
  8
0
 62
     0
100
AcDbLine
 10
138990.6766769808
 20
101646.5997955662
 30
0.0
 11
138278.1288228688
 21
102359.1476496782
 31
0.0
  0
LINE
  5
40A
330
3B1
100
AcDbEntity
  8
0
 62
     0
100
AcDbLine
 10
137222.9097240144
 20
101646.5997955662
 30
0.0
 11
136510.3618699024
 21
102359.1476496782
 31
0.0
  0
LINE
  5
40B
330
3B1
100
AcDbEntity
  8
0
 62
     0
100
AcDbLine
 10
135455.142771048
 20
101646.5997955662
 30
0.0
 11
134742.594916936
 21
102359.1476496782
 31
0.0
  0
LINE
  5
40C
330
3B1
100
AcDbEntity
  8
0
 62
     0
100
AcDbLine
 10
133687.3758180816
 20
101646.5997955662
 30
0.0
 11
132974.8279639697
 21
102359.1476496782
 31
0.0
  0
LINE
  5
40D
330
3B1
100
AcDbEntity
  8
0
 62
     0
100
AcDbLine
 10
131919.6088651153
 20
101646.5997955662
 30
0.0
 11
131207.0610110033
 21
102359.1476496782
 31
0.0
  0
LINE
  5
40E
330
3B1
100
AcDbEntity
  8
0
 62
     0
100
AcDbLine
 10
130151.8419121489
 20
101646.5997955662
 30
0.0
 11
129439.2940580369
 21
102359.1476496782
 31
0.0
  0
LINE
  5
40F
330
3B1
100
AcDbEntity
  8
0
 62
     0
100
AcDbLine
 10
128384.0749591825
 20
101646.5997955662
 30
0.0
 11
127671.5271050705
 21
102359.1476496782
 31
0.0
  0
LINE
  5
410
330
3B1
100
AcDbEntity
  8
0
 62
     0
100
AcDbLine
 10
126616.3080062162
 20
101646.5997955662
 30
0.0
 11
125903.7601521042
 21
102359.1476496782
 31
0.0
  0
LINE
  5
411
330
3B1
100
AcDbEntity
  8
0
 62
     0
100
AcDbLine
 10
124848.5410532498
 20
101646.5997955662
 30
0.0
 11
124135.9931991378
 21
102359.1476496782
 31
0.0
  0
LINE
  5
412
330
3B1
100
AcDbEntity
  8
0
 62
     0
100
AcDbLine
 10
123080.7741002834
 20
101646.5997955662
 30
0.0
 11
122368.2262461714
 21
102359.1476496782
 31
0.0
  0
LINE
  5
413
330
3B1
100
AcDbEntity
  8
0
 62
     0
100
AcDbLine
 10
121313.0071473171
 20
101646.5997955662
 30
0.0
 11
120600.4592932051
 21
102359.1476496782
 31
0.0
  0
LINE
  5
414
330
3B1
100
AcDbEntity
  8
0
 62
     0
100
AcDbLine
 10
119545.2401943507
 20
101646.5997955662
 30
0.0
 11
118832.6923402387
 21
102359.1476496782
 31
0.0
  0
LINE
  5
415
330
3B1
100
AcDbEntity
  8
0
 62
     0
100
AcDbLine
 10
117777.4732413843
 20
101646.5997955662
 30
0.0
 11
117064.9253872723
 21
102359.1476496782
 31
0.0
  0
LINE
  5
416
330
3B1
100
AcDbEntity
  8
0
 62
     0
100
AcDbLine
 10
142526.2105829135
 20
101646.5997955662
 30
0.0
 11
141813.6627288015
 21
102359.1476496782
 31
0.0
  0
LINE
  5
417
330
3B1
100
AcDbEntity
  8
0
 62
     0
100
AcDbLine
 10
144293.9775358799
 20
101646.5997955662
 30
0.0
 11
143581.4296817679
 21
102359.1476496782
 31
0.0
  0
LINE
  5
418
330
3B1
100
AcDbEntity
  8
0
 62
     0
100
AcDbLine
 10
146061.7444888462
 20
101646.5997955662
 30
0.0
 11
145349.1966347343
 21
102359.1476496782
 31
0.0
  0
LINE
  5
419
330
3B1
100
AcDbEntity
  8
0
 62
     0
100
AcDbLine
 10
147829.5114418126
 20
101646.5997955662
 30
0.0
 11
147116.9635877006
 21
102359.1476496782
 31
0.0
  0
LINE
  5
41A
330
3B1
100
AcDbEntity
  8
0
 62
     0
100
AcDbLine
 10
149597.278394779
 20
101646.5997955662
 30
0.0
 11
148884.730540667
 21
102359.1476496782
 31
0.0
  0
LINE
  5
41B
330
3B1
100
AcDbEntity
  8
0
 62
     0
100
AcDbLine
 10
151365.0453477453
 20
101646.5997955662
 30
0.0
 11
150652.4974936334
 21
102359.1476496782
 31
0.0
  0
LINE
  5
41C
330
3B1
100
AcDbEntity
  8
0
 62
     0
100
AcDbLine
 10
153132.8123007117
 20
101646.5997955662
 30
0.0
 11
152420.2644465997
 21
102359.1476496782
 31
0.0
  0
LINE
  5
41D
330
3B1
100
AcDbEntity
  8
0
 62
     0
100
AcDbLine
 10
154900.5792536781
 20
101646.5997955662
 30
0.0
 11
154188.0313995661
 21
102359.1476496782
 31
0.0
  0
LINE
  5
41E
330
3B1
100
AcDbEntity
  8
0
 62
     0
100
AcDbLine
 10
156668.3462066444
 20
101646.5997955662
 30
0.0
 11
155955.7983525325
 21
102359.1476496782
 31
0.0
  0
LINE
  5
41F
330
3B1
100
AcDbEntity
  8
0
 62
     0
100
AcDbLine
 10
158436.1131596108
 20
101646.5997955662
 30
0.0
 11
157723.5653054988
 21
102359.1476496782
 31
0.0
  0
LINE
  5
420
330
3B1
100
AcDbEntity
  8
0
 62
     0
100
AcDbLine
 10
160203.8801125772
 20
101646.5997955662
 30
0.0
 11
159491.3322584652
 21
102359.1476496782
 31
0.0
  0
LINE
  5
421
330
3B1
100
AcDbEntity
  8
0
 62
     0
100
AcDbLine
 10
161971.6470655436
 20
101646.5997955662
 30
0.0
 11
161259.0992114316
 21
102359.1476496782
 31
0.0
  0
LINE
  5
422
330
3B1
100
AcDbEntity
  8
0
 62
     0
100
AcDbLine
 10
163739.4140185099
 20
101646.5997955662
 30
0.0
 11
163026.8661643979
 21
102359.1476496782
 31
0.0
  0
LINE
  5
423
330
3B1
100
AcDbEntity
  8
0
 62
     0
100
AcDbLine
 10
165507.1809714763
 20
101646.5997955662
 30
0.0
 11
164794.6331173643
 21
102359.1476496782
 31
0.0
  0
LINE
  5
424
330
3B1
100
AcDbEntity
  8
0
 62
     0
100
AcDbLine
 10
140327.6151947952
 20
100972.5738851141
 30
0.0
 11
140206.0164571451
 21
101094.1726227642
 31
0.0
  0
LINE
  5
425
330
3B1
100
AcDbEntity
  8
0
 62
     0
100
AcDbLine
 10
139322.1329806619
 20
101978.0560992474
 30
0.0
 11
138941.0414302311
 21
102359.1476496782
 31
0.0
  0
LINE
  5
426
330
3B1
100
AcDbEntity
  8
0
 62
     0
100
AcDbLine
 10
138559.8482418289
 20
100972.5738851141
 30
0.0
 11
138438.2495041787
 21
101094.1726227642
 31
0.0
  0
LINE
  5
427
330
3B1
100
AcDbEntity
  8
0
 62
     0
100
AcDbLine
 10
137554.3660276955
 20
101978.0560992474
 30
0.0
 11
137173.2744772648
 21
102359.1476496782
 31
0.0
  0
LINE
  5
428
330
3B1
100
AcDbEntity
  8
0
 62
     0
100
AcDbLine
 10
136792.0812888625
 20
100972.5738851141
 30
0.0
 11
136670.4825512124
 21
101094.1726227642
 31
0.0
  0
LINE
  5
429
330
3B1
100
AcDbEntity
  8
0
 62
     0
100
AcDbLine
 10
135786.5990747292
 20
101978.0560992474
 30
0.0
 11
135405.5075242984
 21
102359.1476496782
 31
0.0
  0
LINE
  5
42A
330
3B1
100
AcDbEntity
  8
0
 62
     0
100
AcDbLine
 10
135024.3143358961
 20
100972.5738851141
 30
0.0
 11
134902.715598246
 21
101094.1726227642
 31
0.0
  0
LINE
  5
42B
330
3B1
100
AcDbEntity
  8
0
 62
     0
100
AcDbLine
 10
134018.8321217628
 20
101978.0560992474
 30
0.0
 11
133637.740571332
 21
102359.1476496782
 31
0.0
  0
LINE
  5
42C
330
3B1
100
AcDbEntity
  8
0
 62
     0
100
AcDbLine
 10
133256.5473829298
 20
100972.5738851141
 30
0.0
 11
133134.9486452796
 21
101094.1726227642
 31
0.0
  0
LINE
  5
42D
330
3B1
100
AcDbEntity
  8
0
 62
     0
100
AcDbLine
 10
132251.0651687964
 20
101978.0560992474
 30
0.0
 11
131869.9736183656
 21
102359.1476496782
 31
0.0
  0
LINE
  5
42E
330
3B1
100
AcDbEntity
  8
0
 62
     0
100
AcDbLine
 10
131488.7804299634
 20
100972.5738851141
 30
0.0
 11
131367.1816923132
 21
101094.1726227642
 31
0.0
  0
LINE
  5
42F
330
3B1
100
AcDbEntity
  8
0
 62
     0
100
AcDbLine
 10
130483.2982158301
 20
101978.0560992474
 30
0.0
 11
130102.2066653993
 21
102359.1476496782
 31
0.0
  0
LINE
  5
430
330
3B1
100
AcDbEntity
  8
0
 62
     0
100
AcDbLine
 10
129721.0134769971
 20
100972.5738851141
 30
0.0
 11
129599.4147393469
 21
101094.1726227642
 31
0.0
  0
LINE
  5
431
330
3B1
100
AcDbEntity
  8
0
 62
     0
100
AcDbLine
 10
128715.5312628637
 20
101978.0560992474
 30
0.0
 11
128334.4397124329
 21
102359.1476496782
 31
0.0
  0
LINE
  5
432
330
3B1
100
AcDbEntity
  8
0
 62
     0
100
AcDbLine
 10
127953.2465240307
 20
100972.5738851141
 30
0.0
 11
127831.6477863805
 21
101094.1726227642
 31
0.0
  0
LINE
  5
433
330
3B1
100
AcDbEntity
  8
0
 62
     0
100
AcDbLine
 10
126947.7643098973
 20
101978.0560992474
 30
0.0
 11
126566.6727594666
 21
102359.1476496782
 31
0.0
  0
LINE
  5
434
330
3B1
100
AcDbEntity
  8
0
 62
     0
100
AcDbLine
 10
126185.4795710643
 20
100972.5738851141
 30
0.0
 11
126063.8808334142
 21
101094.1726227642
 31
0.0
  0
LINE
  5
435
330
3B1
100
AcDbEntity
  8
0
 62
     0
100
AcDbLine
 10
125179.997356931
 20
101978.0560992474
 30
0.0
 11
124798.9058065002
 21
102359.1476496782
 31
0.0
  0
LINE
  5
436
330
3B1
100
AcDbEntity
  8
0
 62
     0
100
AcDbLine
 10
124417.7126180979
 20
100972.5738851141
 30
0.0
 11
124296.1138804478
 21
101094.1726227642
 31
0.0
  0
LINE
  5
437
330
3B1
100
AcDbEntity
  8
0
 62
     0
100
AcDbLine
 10
123412.2304039646
 20
101978.0560992474
 30
0.0
 11
123031.1388535338
 21
102359.1476496782
 31
0.0
  0
LINE
  5
438
330
3B1
100
AcDbEntity
  8
0
 62
     0
100
AcDbLine
 10
122649.9456651316
 20
100972.5738851141
 30
0.0
 11
122528.3469274814
 21
101094.1726227642
 31
0.0
  0
LINE
  5
439
330
3B1
100
AcDbEntity
  8
0
 62
     0
100
AcDbLine
 10
121644.4634509982
 20
101978.0560992474
 30
0.0
 11
121263.3719005675
 21
102359.1476496782
 31
0.0
  0
LINE
  5
43A
330
3B1
100
AcDbEntity
  8
0
 62
     0
100
AcDbLine
 10
120882.1787121652
 20
100972.5738851141
 30
0.0
 11
120760.579974515
 21
101094.1726227642
 31
0.0
  0
LINE
  5
43B
330
3B1
100
AcDbEntity
  8
0
 62
     0
100
AcDbLine
 10
119876.6964980318
 20
101978.0560992474
 30
0.0
 11
119495.604947601
 21
102359.1476496782
 31
0.0
  0
LINE
  5
43C
330
3B1
100
AcDbEntity
  8
0
 62
     0
100
AcDbLine
 10
119114.4117591988
 20
100972.5738851141
 30
0.0
 11
118992.8130215487
 21
101094.1726227642
 31
0.0
  0
LINE
  5
43D
330
3B1
100
AcDbEntity
  8
0
 62
     0
100
AcDbLine
 10
118108.9295450655
 20
101978.0560992474
 30
0.0
 11
117727.8379946347
 21
102359.1476496782
 31
0.0
  0
LINE
  5
43E
330
3B1
100
AcDbEntity
  8
0
 62
     0
100
AcDbLine
 10
117346.6448062325
 20
100972.5738851141
 30
0.0
 11
117225.0460685823
 21
101094.1726227642
 31
0.0
  0
LINE
  5
43F
330
3B1
100
AcDbEntity
  8
0
 62
     0
100
AcDbLine
 10
142095.3821477616
 20
100972.5738851141
 30
0.0
 11
141973.7834101115
 21
101094.1726227642
 31
0.0
  0
LINE
  5
440
330
3B1
100
AcDbEntity
  8
0
 62
     0
100
AcDbLine
 10
141089.8999336283
 20
101978.0560992474
 30
0.0
 11
140708.8083831975
 21
102359.1476496782
 31
0.0
  0
LINE
  5
441
330
3B1
100
AcDbEntity
  8
0
 62
     0
100
AcDbLine
 10
143863.149100728
 20
100972.5738851141
 30
0.0
 11
143741.5503630778
 21
101094.1726227642
 31
0.0
  0
LINE
  5
442
330
3B1
100
AcDbEntity
  8
0
 62
     0
100
AcDbLine
 10
142857.6668865947
 20
101978.0560992474
 30
0.0
 11
142476.5753361639
 21
102359.1476496782
 31
0.0
  0
LINE
  5
443
330
3B1
100
AcDbEntity
  8
0
 62
     0
100
AcDbLine
 10
145630.9160536943
 20
100972.5738851141
 30
0.0
 11
145509.3173160442
 21
101094.1726227642
 31
0.0
  0
LINE
  5
444
330
3B1
100
AcDbEntity
  8
0
 62
     0
100
AcDbLine
 10
144625.433839561
 20
101978.0560992474
 30
0.0
 11
144244.3422891303
 21
102359.1476496782
 31
0.0
  0
LINE
  5
445
330
3B1
100
AcDbEntity
  8
0
 62
     0
100
AcDbLine
 10
147398.6830066607
 20
100972.5738851141
 30
0.0
 11
147277.0842690106
 21
101094.1726227642
 31
0.0
  0
LINE
  5
446
330
3B1
100
AcDbEntity
  8
0
 62
     0
100
AcDbLine
 10
146393.2007925274
 20
101978.0560992474
 30
0.0
 11
146012.1092420967
 21
102359.1476496782
 31
0.0
  0
LINE
  5
447
330
3B1
100
AcDbEntity
  8
0
 62
     0
100
AcDbLine
 10
149166.4499596271
 20
100972.5738851141
 30
0.0
 11
149044.851221977
 21
101094.1726227642
 31
0.0
  0
LINE
  5
448
330
3B1
100
AcDbEntity
  8
0
 62
     0
100
AcDbLine
 10
148160.9677454938
 20
101978.0560992474
 30
0.0
 11
147779.876195063
 21
102359.1476496782
 31
0.0
  0
LINE
  5
449
330
3B1
100
AcDbEntity
  8
0
 62
     0
100
AcDbLine
 10
150934.2169125935
 20
100972.5738851141
 30
0.0
 11
150812.6181749433
 21
101094.1726227642
 31
0.0
  0
LINE
  5
44A
330
3B1
100
AcDbEntity
  8
0
 62
     0
100
AcDbLine
 10
149928.7346984601
 20
101978.0560992474
 30
0.0
 11
149547.6431480294
 21
102359.1476496782
 31
0.0
  0
LINE
  5
44B
330
3B1
100
AcDbEntity
  8
0
 62
     0
100
AcDbLine
 10
152701.9838655598
 20
100972.5738851141
 30
0.0
 11
152580.3851279097
 21
101094.1726227642
 31
0.0
  0
LINE
  5
44C
330
3B1
100
AcDbEntity
  8
0
 62
     0
100
AcDbLine
 10
151696.5016514265
 20
101978.0560992474
 30
0.0
 11
151315.4101009957
 21
102359.1476496782
 31
0.0
  0
LINE
  5
44D
330
3B1
100
AcDbEntity
  8
0
 62
     0
100
AcDbLine
 10
154469.7508185262
 20
100972.5738851141
 30
0.0
 11
154348.1520808761
 21
101094.1726227642
 31
0.0
  0
LINE
  5
44E
330
3B1
100
AcDbEntity
  8
0
 62
     0
100
AcDbLine
 10
153464.2686043929
 20
101978.0560992474
 30
0.0
 11
153083.1770539621
 21
102359.1476496782
 31
0.0
  0
LINE
  5
44F
330
3B1
100
AcDbEntity
  8
0
 62
     0
100
AcDbLine
 10
156237.5177714926
 20
100972.5738851141
 30
0.0
 11
156115.9190338424
 21
101094.1726227642
 31
0.0
  0
LINE
  5
450
330
3B1
100
AcDbEntity
  8
0
 62
     0
100
AcDbLine
 10
155232.0355573593
 20
101978.0560992474
 30
0.0
 11
154850.9440069285
 21
102359.1476496782
 31
0.0
  0
LINE
  5
451
330
3B1
100
AcDbEntity
  8
0
 62
     0
100
AcDbLine
 10
158005.284724459
 20
100972.5738851141
 30
0.0
 11
157883.6859868088
 21
101094.1726227642
 31
0.0
  0
LINE
  5
452
330
3B1
100
AcDbEntity
  8
0
 62
     0
100
AcDbLine
 10
156999.8025103256
 20
101978.0560992474
 30
0.0
 11
156618.7109598948
 21
102359.1476496782
 31
0.0
  0
LINE
  5
453
330
3B1
100
AcDbEntity
  8
0
 62
     0
100
AcDbLine
 10
159773.0516774254
 20
100972.5738851141
 30
0.0
 11
159651.4529397752
 21
101094.1726227642
 31
0.0
  0
LINE
  5
454
330
3B1
100
AcDbEntity
  8
0
 62
     0
100
AcDbLine
 10
158767.569463292
 20
101978.0560992474
 30
0.0
 11
158386.4779128613
 21
102359.1476496782
 31
0.0
  0
LINE
  5
455
330
3B1
100
AcDbEntity
  8
0
 62
     0
100
AcDbLine
 10
161540.8186303917
 20
100972.5738851141
 30
0.0
 11
161419.2198927415
 21
101094.1726227642
 31
0.0
  0
LINE
  5
456
330
3B1
100
AcDbEntity
  8
0
 62
     0
100
AcDbLine
 10
160535.3364162584
 20
101978.0560992474
 30
0.0
 11
160154.2448658276
 21
102359.1476496782
 31
0.0
  0
LINE
  5
457
330
3B1
100
AcDbEntity
  8
0
 62
     0
100
AcDbLine
 10
163308.5855833581
 20
100972.5738851141
 30
0.0
 11
163186.9868457079
 21
101094.1726227642
 31
0.0
  0
LINE
  5
458
330
3B1
100
AcDbEntity
  8
0
 62
     0
100
AcDbLine
 10
162303.1033692247
 20
101978.0560992474
 30
0.0
 11
161922.0118187939
 21
102359.1476496782
 31
0.0
  0
LINE
  5
459
330
3B1
100
AcDbEntity
  8
0
 62
     0
100
AcDbLine
 10
165076.3525363244
 20
100972.5738851141
 30
0.0
 11
164954.7537986743
 21
101094.1726227642
 31
0.0
  0
LINE
  5
45A
330
3B1
100
AcDbEntity
  8
0
 62
     0
100
AcDbLine
 10
164070.8703221911
 20
101978.0560992474
 30
0.0
 11
163689.7787717603
 21
102359.1476496781
 31
0.0
  0
LINE
  5
45B
330
3B1
100
AcDbEntity
  8
0
 62
     0
100
AcDbLine
 10
165571.4834916398
 20
102245.209882765
 30
0.0
 11
165457.5457247267
 21
102359.1476496782
 31
0.0
  0
LINE
  5
45C
330
3B1
100
AcDbEntity
  8
0
 62
     0
100
AcDbLine
 10
140990.5278021576
 20
100972.5738851141
 30
0.0
 11
140537.4727608263
 21
101425.6289264454
 31
0.0
  0
LINE
  5
45D
330
3B1
100
AcDbEntity
  8
0
 62
     0
100
AcDbLine
 10
139653.5892843431
 20
102309.5124029286
 30
0.0
 11
139603.9540375935
 21
102359.1476496782
 31
0.0
  0
LINE
  5
45E
330
3B1
100
AcDbEntity
  8
0
 62
     0
100
AcDbLine
 10
139222.7608491912
 20
100972.5738851141
 30
0.0
 11
138769.7058078599
 21
101425.6289264454
 31
0.0
  0
LINE
  5
45F
330
3B1
100
AcDbEntity
  8
0
 62
     0
100
AcDbLine
 10
137885.8223313767
 20
102309.5124029286
 30
0.0
 11
137836.1870846272
 21
102359.1476496782
 31
0.0
  0
LINE
  5
460
330
3B1
100
AcDbEntity
  8
0
 62
     0
100
AcDbLine
 10
137454.9938962249
 20
100972.5738851141
 30
0.0
 11
137001.9388548935
 21
101425.6289264454
 31
0.0
  0
LINE
  5
461
330
3B1
100
AcDbEntity
  8
0
 62
     0
100
AcDbLine
 10
136118.0553784104
 20
102309.5124029286
 30
0.0
 11
136068.4201316608
 21
102359.1476496782
 31
0.0
  0
LINE
  5
462
330
3B1
100
AcDbEntity
  8
0
 62
     0
100
AcDbLine
 10
135687.2269432585
 20
100972.5738851141
 30
0.0
 11
135234.1719019272
 21
101425.6289264454
 31
0.0
  0
LINE
  5
463
330
3B1
100
AcDbEntity
  8
0
 62
     0
100
AcDbLine
 10
134350.288425444
 20
102309.5124029286
 30
0.0
 11
134300.6531786944
 21
102359.1476496782
 31
0.0
  0
LINE
  5
464
330
3B1
100
AcDbEntity
  8
0
 62
     0
100
AcDbLine
 10
133919.4599902922
 20
100972.5738851141
 30
0.0
 11
133466.4049489608
 21
101425.6289264454
 31
0.0
  0
LINE
  5
465
330
3B1
100
AcDbEntity
  8
0
 62
     0
100
AcDbLine
 10
132582.5214724776
 20
102309.5124029286
 30
0.0
 11
132532.886225728
 21
102359.1476496782
 31
0.0
  0
LINE
  5
466
330
3B1
100
AcDbEntity
  8
0
 62
     0
100
AcDbLine
 10
132151.6930373258
 20
100972.5738851141
 30
0.0
 11
131698.6379959944
 21
101425.6289264454
 31
0.0
  0
LINE
  5
467
330
3B1
100
AcDbEntity
  8
0
 62
     0
100
AcDbLine
 10
130814.7545195113
 20
102309.5124029286
 30
0.0
 11
130765.1192727617
 21
102359.1476496782
 31
0.0
  0
LINE
  5
468
330
3B1
100
AcDbEntity
  8
0
 62
     0
100
AcDbLine
 10
130383.9260843594
 20
100972.5738851141
 30
0.0
 11
129930.8710430281
 21
101425.6289264454
 31
0.0
  0
LINE
  5
469
330
3B1
100
AcDbEntity
  8
0
 62
     0
100
AcDbLine
 10
129046.9875665449
 20
102309.5124029286
 30
0.0
 11
128997.3523197953
 21
102359.1476496782
 31
0.0
  0
LINE
  5
46A
330
3B1
100
AcDbEntity
  8
0
 62
     0
100
AcDbLine
 10
128616.1591313931
 20
100972.5738851141
 30
0.0
 11
128163.1040900617
 21
101425.6289264454
 31
0.0
  0
LINE
  5
46B
330
3B1
100
AcDbEntity
  8
0
 62
     0
100
AcDbLine
 10
127279.2206135785
 20
102309.5124029286
 30
0.0
 11
127229.5853668289
 21
102359.1476496782
 31
0.0
  0
LINE
  5
46C
330
3B1
100
AcDbEntity
  8
0
 62
     0
100
AcDbLine
 10
126848.3921784267
 20
100972.5738851141
 30
0.0
 11
126395.3371370953
 21
101425.6289264454
 31
0.0
  0
LINE
  5
46D
330
3B1
100
AcDbEntity
  8
0
 62
     0
100
AcDbLine
 10
125511.4536606122
 20
102309.5124029286
 30
0.0
 11
125461.8184138626
 21
102359.1476496782
 31
0.0
  0
LINE
  5
46E
330
3B1
100
AcDbEntity
  8
0
 62
     0
100
AcDbLine
 10
125080.6252254603
 20
100972.5738851141
 30
0.0
 11
124627.570184129
 21
101425.6289264454
 31
0.0
  0
LINE
  5
46F
330
3B1
100
AcDbEntity
  8
0
 62
     0
100
AcDbLine
 10
123743.6867076458
 20
102309.5124029286
 30
0.0
 11
123694.0514608962
 21
102359.1476496782
 31
0.0
  0
LINE
  5
470
330
3B1
100
AcDbEntity
  8
0
 62
     0
100
AcDbLine
 10
123312.858272494
 20
100972.5738851141
 30
0.0
 11
122859.8032311626
 21
101425.6289264454
 31
0.0
  0
LINE
  5
471
330
3B1
100
AcDbEntity
  8
0
 62
     0
100
AcDbLine
 10
121975.9197546794
 20
102309.5124029286
 30
0.0
 11
121926.2845079298
 21
102359.1476496782
 31
0.0
  0
LINE
  5
472
330
3B1
100
AcDbEntity
  8
0
 62
     0
100
AcDbLine
 10
121545.0913195276
 20
100972.5738851141
 30
0.0
 11
121092.0362781962
 21
101425.6289264454
 31
0.0
  0
LINE
  5
473
330
3B1
100
AcDbEntity
  8
0
 62
     0
100
AcDbLine
 10
120208.1528017131
 20
102309.5124029286
 30
0.0
 11
120158.5175549634
 21
102359.1476496782
 31
0.0
  0
LINE
  5
474
330
3B1
100
AcDbEntity
  8
0
 62
     0
100
AcDbLine
 10
119777.3243665612
 20
100972.5738851141
 30
0.0
 11
119324.2693252299
 21
101425.6289264454
 31
0.0
  0
LINE
  5
475
330
3B1
100
AcDbEntity
  8
0
 62
     0
100
AcDbLine
 10
118440.3858487467
 20
102309.5124029286
 30
0.0
 11
118390.7506019971
 21
102359.1476496782
 31
0.0
  0
LINE
  5
476
330
3B1
100
AcDbEntity
  8
0
 62
     0
100
AcDbLine
 10
118009.5574135948
 20
100972.5738851141
 30
0.0
 11
117556.5023722635
 21
101425.6289264454
 31
0.0
  0
LINE
  5
477
330
3B1
100
AcDbEntity
  8
0
 62
     0
100
AcDbLine
 10
142758.294755124
 20
100972.5738851141
 30
0.0
 11
142305.2397137927
 21
101425.6289264454
 31
0.0
  0
LINE
  5
478
330
3B1
100
AcDbEntity
  8
0
 62
     0
100
AcDbLine
 10
141421.3562373095
 20
102309.5124029286
 30
0.0
 11
141371.7209905599
 21
102359.1476496782
 31
0.0
  0
LINE
  5
479
330
3B1
100
AcDbEntity
  8
0
 62
     0
100
AcDbLine
 10
144526.0617080904
 20
100972.5738851141
 30
0.0
 11
144073.0066667591
 21
101425.6289264454
 31
0.0
  0
LINE
  5
47A
330
3B1
100
AcDbEntity
  8
0
 62
     0
100
AcDbLine
 10
143189.1231902759
 20
102309.5124029286
 30
0.0
 11
143139.4879435263
 21
102359.1476496782
 31
0.0
  0
LINE
  5
47B
330
3B1
100
AcDbEntity
  8
0
 62
     0
100
AcDbLine
 10
146293.8286610568
 20
100972.5738851141
 30
0.0
 11
145840.7736197254
 21
101425.6289264454
 31
0.0
  0
LINE
  5
47C
330
3B1
100
AcDbEntity
  8
0
 62
     0
100
AcDbLine
 10
144956.8901432422
 20
102309.5124029286
 30
0.0
 11
144907.2548964926
 21
102359.1476496782
 31
0.0
  0
LINE
  5
47D
330
3B1
100
AcDbEntity
  8
0
 62
     0
100
AcDbLine
 10
148061.5956140231
 20
100972.5738851141
 30
0.0
 11
147608.5405726918
 21
101425.6289264454
 31
0.0
  0
LINE
  5
47E
330
3B1
100
AcDbEntity
  8
0
 62
     0
100
AcDbLine
 10
146724.6570962086
 20
102309.5124029286
 30
0.0
 11
146675.021849459
 21
102359.1476496782
 31
0.0
  0
LINE
  5
47F
330
3B1
100
AcDbEntity
  8
0
 62
     0
100
AcDbLine
 10
149829.3625669895
 20
100972.5738851141
 30
0.0
 11
149376.3075256581
 21
101425.6289264454
 31
0.0
  0
LINE
  5
480
330
3B1
100
AcDbEntity
  8
0
 62
     0
100
AcDbLine
 10
148492.4240491749
 20
102309.5124029286
 30
0.0
 11
148442.7888024254
 21
102359.1476496782
 31
0.0
  0
LINE
  5
481
330
3B1
100
AcDbEntity
  8
0
 62
     0
100
AcDbLine
 10
151597.1295199558
 20
100972.5738851141
 30
0.0
 11
151144.0744786245
 21
101425.6289264454
 31
0.0
  0
LINE
  5
482
330
3B1
100
AcDbEntity
  8
0
 62
     0
100
AcDbLine
 10
150260.1910021413
 20
102309.5124029286
 30
0.0
 11
150210.5557553917
 21
102359.1476496782
 31
0.0
  0
LINE
  5
483
330
3B1
100
AcDbEntity
  8
0
 62
     0
100
AcDbLine
 10
153364.8964729222
 20
100972.5738851141
 30
0.0
 11
152911.8414315909
 21
101425.6289264454
 31
0.0
  0
LINE
  5
484
330
3B1
100
AcDbEntity
  8
0
 62
     0
100
AcDbLine
 10
152027.9579551077
 20
102309.5124029286
 30
0.0
 11
151978.3227083581
 21
102359.1476496782
 31
0.0
  0
LINE
  5
485
330
3B1
100
AcDbEntity
  8
0
 62
     0
100
AcDbLine
 10
155132.6634258886
 20
100972.5738851141
 30
0.0
 11
154679.6083845572
 21
101425.6289264454
 31
0.0
  0
LINE
  5
486
330
3B1
100
AcDbEntity
  8
0
 62
     0
100
AcDbLine
 10
153795.7249080741
 20
102309.5124029286
 30
0.0
 11
153746.0896613244
 21
102359.1476496782
 31
0.0
  0
LINE
  5
487
330
3B1
100
AcDbEntity
  8
0
 62
     0
100
AcDbLine
 10
156900.4303788549
 20
100972.5738851141
 30
0.0
 11
156447.3753375236
 21
101425.6289264454
 31
0.0
  0
LINE
  5
488
330
3B1
100
AcDbEntity
  8
0
 62
     0
100
AcDbLine
 10
155563.4918610404
 20
102309.5124029286
 30
0.0
 11
155513.8566142908
 21
102359.1476496782
 31
0.0
  0
LINE
  5
489
330
3B1
100
AcDbEntity
  8
0
 62
     0
100
AcDbLine
 10
158668.1973318213
 20
100972.5738851141
 30
0.0
 11
158215.14229049
 21
101425.6289264454
 31
0.0
  0
LINE
  5
48A
330
3B1
100
AcDbEntity
  8
0
 62
     0
100
AcDbLine
 10
157331.2588140068
 20
102309.5124029286
 30
0.0
 11
157281.6235672572
 21
102359.1476496782
 31
0.0
  0
LINE
  5
48B
330
3B1
100
AcDbEntity
  8
0
 62
     0
100
AcDbLine
 10
160435.9642847876
 20
100972.5738851141
 30
0.0
 11
159982.9092434563
 21
101425.6289264454
 31
0.0
  0
LINE
  5
48C
330
3B1
100
AcDbEntity
  8
0
 62
     0
100
AcDbLine
 10
159099.0257669732
 20
102309.5124029286
 30
0.0
 11
159049.3905202236
 21
102359.1476496782
 31
0.0
  0
LINE
  5
48D
330
3B1
100
AcDbEntity
  8
0
 62
     0
100
AcDbLine
 10
162203.731237754
 20
100972.5738851141
 30
0.0
 11
161750.6761964227
 21
101425.6289264454
 31
0.0
  0
LINE
  5
48E
330
3B1
100
AcDbEntity
  8
0
 62
     0
100
AcDbLine
 10
160866.7927199395
 20
102309.5124029286
 30
0.0
 11
160817.15747319
 21
102359.1476496782
 31
0.0
  0
LINE
  5
48F
330
3B1
100
AcDbEntity
  8
0
 62
     0
100
AcDbLine
 10
163971.4981907204
 20
100972.5738851141
 30
0.0
 11
163518.4431493891
 21
101425.6289264454
 31
0.0
  0
LINE
  5
490
330
3B1
100
AcDbEntity
  8
0
 62
     0
100
AcDbLine
 10
162634.5596729059
 20
102309.5124029286
 30
0.0
 11
162584.9244261563
 21
102359.1476496782
 31
0.0
  0
LINE
  5
491
330
3B1
100
AcDbEntity
  8
0
 62
     0
100
AcDbLine
 10
165571.4834916398
 20
101140.355537161
 30
0.0
 11
165286.2101023554
 21
101425.6289264454
 31
0.0
  0
LINE
  5
492
330
3B1
100
AcDbEntity
  8
0
 62
     0
100
AcDbLine
 10
164402.3266258723
 20
102309.5124029286
 30
0.0
 11
164352.6913791227
 21
102359.1476496782
 31
0.0
  0
ENDBLK
  5
493
330
3B1
100
AcDbEntity
  8
0
100
AcDbBlockEnd
  0
BLOCK
  5
495
330
494
100
AcDbEntity
  8
0
100
AcDbBlockBegin
  2
*X9
 70
     1
 10
0.0
 20
0.0
 30
0.0
  3
*X9
  1

  0
LINE
  5
496
330
494
100
AcDbEntity
  8
0
 62
     0
100
AcDbLine
 10
90360.40362207389
 20
100967.0053398721
 30
0.0
 11
91039.998077768
 21
101646.5997955662
 31
0.0
  0
LINE
  5
497
330
494
100
AcDbEntity
  8
0
 62
     0
100
AcDbLine
 10
88592.63666910752
 20
100967.0053398721
 30
0.0
 11
89272.23112480161
 21
101646.5997955662
 31
0.0
  0
LINE
  5
498
330
494
100
AcDbEntity
  8
0
 62
     0
100
AcDbLine
 10
87146.84592360566
 20
101288.9815473366
 30
0.0
 11
87504.46417183527
 21
101646.5997955662
 31
0.0
  0
LINE
  5
499
330
494
100
AcDbEntity
  8
0
 62
     0
100
AcDbLine
 10
83289.33581020843
 20
100967.0053398721
 30
0.0
 11
83968.93026590252
 21
101646.5997955662
 31
0.0
  0
LINE
  5
49A
330
494
100
AcDbEntity
  8
0
 62
     0
100
AcDbLine
 10
81521.56885724204
 20
100967.0053398721
 30
0.0
 11
82201.16331293615
 21
101646.5997955662
 31
0.0
  0
LINE
  5
49B
330
494
100
AcDbEntity
  8
0
 62
     0
100
AcDbLine
 10
79753.8019042757
 20
100967.0053398721
 30
0.0
 11
80433.39635996979
 21
101646.5997955662
 31
0.0
  0
LINE
  5
49C
330
494
100
AcDbEntity
  8
0
 62
     0
100
AcDbLine
 10
77986.03495130931
 20
100967.0053398721
 30
0.0
 11
78665.6294070034
 21
101646.5997955662
 31
0.0
  0
LINE
  5
49D
330
494
100
AcDbEntity
  8
0
 62
     0
100
AcDbLine
 10
76218.26799834294
 20
100967.0053398721
 30
0.0
 11
76897.86245403704
 21
101646.5997955662
 31
0.0
  0
LINE
  5
49E
330
494
100
AcDbEntity
  8
0
 62
     0
100
AcDbLine
 10
74450.50104537657
 20
100967.0053398721
 30
0.0
 11
75130.09550107066
 21
101646.5997955662
 31
0.0
  0
LINE
  5
49F
330
494
100
AcDbEntity
  8
0
 62
     0
100
AcDbLine
 10
72682.7340924102
 20
100967.0053398721
 30
0.0
 11
73362.3285481043
 21
101646.5997955662
 31
0.0
  0
LINE
  5
4A0
330
494
100
AcDbEntity
  8
0
 62
     0
100
AcDbLine
 10
70914.96713944383
 20
100967.0053398721
 30
0.0
 11
71594.56159513792
 21
101646.5997955662
 31
0.0
  0
LINE
  5
4A1
330
494
100
AcDbEntity
  8
0
 62
     0
100
AcDbLine
 10
69147.20018647746
 20
100967.0053398721
 30
0.0
 11
69826.79464217156
 21
101646.5997955662
 31
0.0
  0
LINE
  5
4A2
330
494
100
AcDbEntity
  8
0
 62
     0
100
AcDbLine
 10
67379.43323351108
 20
100967.0053398721
 30
0.0
 11
68059.02768920519
 21
101646.5997955662
 31
0.0
  0
LINE
  5
4A3
330
494
100
AcDbEntity
  8
0
 62
     0
100
AcDbLine
 10
92128.17057504025
 20
100967.0053398721
 30
0.0
 11
92622.98592972827
 21
101461.8206945601
 31
0.0
  0
LINE
  5
4A4
330
494
100
AcDbEntity
  8
0
 62
     0
100
AcDbLine
 10
92622.98592972834
 20
101461.8206945602
 30
0.0
 11
92807.76503073438
 21
101646.5997955662
 31
0.0
  0
LINE
  5
4A5
330
494
100
AcDbEntity
  8
0
 62
     0
100
AcDbLine
 10
93895.93752800664
 20
100967.0053398721
 30
0.0
 11
94575.53198370074
 21
101646.5997955662
 31
0.0
  0
LINE
  5
4A6
330
494
100
AcDbEntity
  8
0
 62
     0
100
AcDbLine
 10
95663.70448097302
 20
100967.0053398721
 30
0.0
 11
96343.29893666711
 21
101646.5997955662
 31
0.0
  0
LINE
  5
4A7
330
494
100
AcDbEntity
  8
0
 62
     0
100
AcDbLine
 10
97431.47143393938
 20
100967.0053398721
 30
0.0
 11
98111.06588963347
 21
101646.5997955662
 31
0.0
  0
LINE
  5
4A8
330
494
100
AcDbEntity
  8
0
 62
     0
100
AcDbLine
 10
99199.23838690575
 20
100967.0053398721
 30
0.0
 11
99878.83284259984
 21
101646.5997955662
 31
0.0
  0
LINE
  5
4A9
330
494
100
AcDbEntity
  8
0
 62
     0
100
AcDbLine
 10
100967.0053398721
 20
100967.0053398721
 30
0.0
 11
101646.5997955662
 21
101646.5997955662
 31
0.0
  0
LINE
  5
4AA
330
494
100
AcDbEntity
  8
0
 62
     0
100
AcDbLine
 10
102734.7722928385
 20
100967.0053398721
 30
0.0
 11
103414.3667485326
 21
101646.5997955662
 31
0.0
  0
LINE
  5
4AB
330
494
100
AcDbEntity
  8
0
 62
     0
100
AcDbLine
 10
104502.5392458049
 20
100967.0053398721
 30
0.0
 11
105182.1337014989
 21
101646.5997955662
 31
0.0
  0
LINE
  5
4AC
330
494
100
AcDbEntity
  8
0
 62
     0
100
AcDbLine
 10
106270.3061987712
 20
100967.0053398721
 30
0.0
 11
106949.9006544653
 21
101646.5997955662
 31
0.0
  0
LINE
  5
4AD
330
494
100
AcDbEntity
  8
0
 62
     0
100
AcDbLine
 10
108038.0731517376
 20
100967.0053398721
 30
0.0
 11
108717.6676074317
 21
101646.5997955662
 31
0.0
  0
LINE
  5
4AE
330
494
100
AcDbEntity
  8
0
 62
     0
100
AcDbLine
 10
109805.840104704
 20
100967.0053398721
 30
0.0
 11
110485.434560398
 21
101646.5997955662
 31
0.0
  0
LINE
  5
4AF
330
494
100
AcDbEntity
  8
0
 62
     0
100
AcDbLine
 10
111573.6070576703
 20
100967.0053398721
 30
0.0
 11
112253.2015133644
 21
101646.5997955662
 31
0.0
  0
LINE
  5
4B0
330
494
100
AcDbEntity
  8
0
 62
     0
100
AcDbLine
 10
113341.3740106367
 20
100967.0053398721
 30
0.0
 11
113421.4196092691
 21
101047.0509385045
 31
0.0
  0
LINE
  5
4B1
330
494
100
AcDbEntity
  8
0
 62
     0
100
AcDbLine
 10
113421.4196092691
 20
101047.0509385045
 30
0.0
 11
114020.9684663308
 21
101646.5997955662
 31
0.0
  0
LINE
  5
4B2
330
494
100
AcDbEntity
  8
0
 62
     0
100
AcDbLine
 10
115109.140963603
 20
100967.0053398721
 30
0.0
 11
115264.8552659361
 21
101122.7196422052
 31
0.0
  0
LINE
  5
4B3
330
494
100
AcDbEntity
  8
0
 62
     0
100
AcDbLine
 10
91592.42525056999
 20
101094.1726227642
 30
0.0
 11
92380.34307494469
 21
101882.0904471389
 31
0.0
  0
LINE
  5
4B4
330
494
100
AcDbEntity
  8
0
 62
     0
100
AcDbLine
 10
92380.34307494471
 20
101882.0904471389
 30
0.0
 11
92476.30872705318
 21
101978.0560992474
 31
0.0
  0
LINE
  5
4B5
330
494
100
AcDbEntity
  8
0
 62
     0
100
AcDbLine
 10
89824.65829760361
 20
101094.1726227642
 30
0.0
 11
90708.5417740868
 21
101978.0560992474
 31
0.0
  0
LINE
  5
4B6
330
494
100
AcDbEntity
  8
0
 62
     0
100
AcDbLine
 10
88056.89134463724
 20
101094.1726227642
 30
0.0
 11
88940.77482112043
 21
101978.0560992474
 31
0.0
  0
LINE
  5
4B7
330
494
100
AcDbEntity
  8
0
 62
     0
100
AcDbLine
 10
86904.20306882206
 20
101709.2512999154
 30
0.0
 11
87173.00786815407
 21
101978.0560992474
 31
0.0
  0
LINE
  5
4B8
330
494
100
AcDbEntity
  8
0
 62
     0
100
AcDbLine
 10
82753.59048573815
 20
101094.1726227642
 30
0.0
 11
83376.20713460653
 21
101716.7892716326
 31
0.0
  0
LINE
  5
4B9
330
494
100
AcDbEntity
  8
0
 62
     0
100
AcDbLine
 10
83376.20713460651
 20
101716.7892716326
 30
0.0
 11
83637.47396222132
 21
101978.0560992474
 31
0.0
  0
LINE
  5
4BA
330
494
100
AcDbEntity
  8
0
 62
     0
100
AcDbLine
 10
80985.82353277178
 20
101094.1726227642
 30
0.0
 11
81869.70700925497
 21
101978.0560992474
 31
0.0
  0
LINE
  5
4BB
330
494
100
AcDbEntity
  8
0
 62
     0
100
AcDbLine
 10
79218.05657980542
 20
101094.1726227642
 30
0.0
 11
80101.94005628861
 21
101978.0560992474
 31
0.0
  0
LINE
  5
4BC
330
494
100
AcDbEntity
  8
0
 62
     0
100
AcDbLine
 10
77450.28962683904
 20
101094.1726227642
 30
0.0
 11
78334.17310332223
 21
101978.0560992474
 31
0.0
  0
LINE
  5
4BD
330
494
100
AcDbEntity
  8
0
 62
     0
100
AcDbLine
 10
75682.52267387266
 20
101094.1726227642
 30
0.0
 11
76566.40615035585
 21
101978.0560992474
 31
0.0
  0
LINE
  5
4BE
330
494
100
AcDbEntity
  8
0
 62
     0
100
AcDbLine
 10
73914.75572090631
 20
101094.1726227642
 30
0.0
 11
74798.63919738949
 21
101978.0560992474
 31
0.0
  0
LINE
  5
4BF
330
494
100
AcDbEntity
  8
0
 62
     0
100
AcDbLine
 10
72146.98876793993
 20
101094.1726227642
 30
0.0
 11
73030.87224442311
 21
101978.0560992474
 31
0.0
  0
LINE
  5
4C0
330
494
100
AcDbEntity
  8
0
 62
     0
100
AcDbLine
 10
70379.22181497355
 20
101094.1726227642
 30
0.0
 11
71263.10529145674
 21
101978.0560992474
 31
0.0
  0
LINE
  5
4C1
330
494
100
AcDbEntity
  8
0
 62
     0
100
AcDbLine
 10
68611.45486200719
 20
101094.1726227642
 30
0.0
 11
69495.33833849037
 21
101978.0560992474
 31
0.0
  0
LINE
  5
4C2
330
494
100
AcDbEntity
  8
0
 62
     0
100
AcDbLine
 10
66843.68790904081
 20
101094.1726227642
 30
0.0
 11
67727.57138552401
 21
101978.0560992474
 31
0.0
  0
LINE
  5
4C3
330
494
100
AcDbEntity
  8
0
 62
     0
100
AcDbLine
 10
93360.19220353637
 20
101094.1726227642
 30
0.0
 11
94244.07568001955
 21
101978.0560992474
 31
0.0
  0
LINE
  5
4C4
330
494
100
AcDbEntity
  8
0
 62
     0
100
AcDbLine
 10
95127.95915650274
 20
101094.1726227642
 30
0.0
 11
96011.84263298591
 21
101978.0560992474
 31
0.0
  0
LINE
  5
4C5
330
494
100
AcDbEntity
  8
0
 62
     0
100
AcDbLine
 10
96895.7261094691
 20
101094.1726227642
 30
0.0
 11
97779.6095859523
 21
101978.0560992474
 31
0.0
  0
LINE
  5
4C6
330
494
100
AcDbEntity
  8
0
 62
     0
100
AcDbLine
 10
98663.49306243545
 20
101094.1726227642
 30
0.0
 11
99547.37653891864
 21
101978.0560992474
 31
0.0
  0
LINE
  5
4C7
330
494
100
AcDbEntity
  8
0
 62
     0
100
AcDbLine
 10
100431.2600154018
 20
101094.1726227642
 30
0.0
 11
101315.143491885
 21
101978.0560992474
 31
0.0
  0
LINE
  5
4C8
330
494
100
AcDbEntity
  8
0
 62
     0
100
AcDbLine
 10
102199.0269683682
 20
101094.1726227642
 30
0.0
 11
103082.9104448514
 21
101978.0560992474
 31
0.0
  0
LINE
  5
4C9
330
494
100
AcDbEntity
  8
0
 62
     0
100
AcDbLine
 10
103966.7939213345
 20
101094.1726227642
 30
0.0
 11
104850.6773978177
 21
101978.0560992474
 31
0.0
  0
LINE
  5
4CA
330
494
100
AcDbEntity
  8
0
 62
     0
100
AcDbLine
 10
105734.5608743009
 20
101094.1726227642
 30
0.0
 11
106618.4443507841
 21
101978.0560992474
 31
0.0
  0
LINE
  5
4CB
330
494
100
AcDbEntity
  8
0
 62
     0
100
AcDbLine
 10
107502.3278272673
 20
101094.1726227642
 30
0.0
 11
108386.2113037505
 21
101978.0560992474
 31
0.0
  0
LINE
  5
4CC
330
494
100
AcDbEntity
  8
0
 62
     0
100
AcDbLine
 10
109270.0947802337
 20
101094.1726227642
 30
0.0
 11
110153.9782567169
 21
101978.0560992474
 31
0.0
  0
LINE
  5
4CD
330
494
100
AcDbEntity
  8
0
 62
     0
100
AcDbLine
 10
111037.8617332
 20
101094.1726227642
 30
0.0
 11
111921.7452096832
 21
101978.0560992474
 31
0.0
  0
LINE
  5
4CE
330
494
100
AcDbEntity
  8
0
 62
     0
100
AcDbLine
 10
112805.6286861664
 20
101094.1726227642
 30
0.0
 11
113178.7767544855
 21
101467.3206910833
 31
0.0
  0
LINE
  5
4CF
330
494
100
AcDbEntity
  8
0
 62
     0
100
AcDbLine
 10
113178.7767544856
 20
101467.3206910834
 30
0.0
 11
113689.5121626496
 21
101978.0560992474
 31
0.0
  0
LINE
  5
4D0
330
494
100
AcDbEntity
  8
0
 62
     0
100
AcDbLine
 10
114573.3956391328
 20
101094.1726227642
 30
0.0
 11
115264.8552659361
 21
101785.6322495676
 31
0.0
  0
LINE
  5
4D1
330
494
100
AcDbEntity
  8
0
 62
     0
100
AcDbLine
 10
91260.96894688878
 20
101425.6289264454
 30
0.0
 11
92137.70022016106
 21
102302.3601997177
 31
0.0
  0
LINE
  5
4D2
330
494
100
AcDbEntity
  8
0
 62
     0
100
AcDbLine
 10
92137.70022016111
 20
102302.3601997177
 30
0.0
 11
92144.85242337199
 21
102309.5124029286
 31
0.0
  0
LINE
  5
4D3
330
494
100
AcDbEntity
  8
0
 62
     0
100
AcDbLine
 10
89493.20199392241
 20
101425.6289264454
 30
0.0
 11
90377.0854704056
 21
102309.5124029286
 31
0.0
  0
LINE
  5
4D4
330
494
100
AcDbEntity
  8
0
 62
     0
100
AcDbLine
 10
87725.43504095606
 20
101425.6289264454
 30
0.0
 11
88609.31851743924
 21
102309.5124029286
 31
0.0
  0
LINE
  5
4D5
330
494
100
AcDbEntity
  8
0
 62
     0
100
AcDbLine
 10
86661.56021403846
 20
102129.5210524941
 30
0.0
 11
86841.55156447287
 21
102309.5124029286
 31
0.0
  0
LINE
  5
4D6
330
494
100
AcDbEntity
  8
0
 62
     0
100
AcDbLine
 10
84189.90113502331
 20
101425.6289264454
 30
0.0
 11
85073.78461150651
 21
102309.5124029286
 31
0.0
  0
LINE
  5
4D7
330
494
100
AcDbEntity
  8
0
 62
     0
100
AcDbLine
 10
82422.13418205695
 20
101425.6289264454
 30
0.0
 11
83306.01765854014
 21
102309.5124029286
 31
0.0
  0
LINE
  5
4D8
330
494
100
AcDbEntity
  8
0
 62
     0
100
AcDbLine
 10
80654.36722909058
 20
101425.6289264454
 30
0.0
 11
81538.25070557376
 21
102309.5124029286
 31
0.0
  0
LINE
  5
4D9
330
494
100
AcDbEntity
  8
0
 62
     0
100
AcDbLine
 10
78886.60027612421
 20
101425.6289264454
 30
0.0
 11
79770.48375260739
 21
102309.5124029286
 31
0.0
  0
LINE
  5
4DA
330
494
100
AcDbEntity
  8
0
 62
     0
100
AcDbLine
 10
77118.83332315784
 20
101425.6289264454
 30
0.0
 11
78002.71679964103
 21
102309.5124029286
 31
0.0
  0
LINE
  5
4DB
330
494
100
AcDbEntity
  8
0
 62
     0
100
AcDbLine
 10
75351.06637019147
 20
101425.6289264454
 30
0.0
 11
76234.94984667466
 21
102309.5124029286
 31
0.0
  0
LINE
  5
4DC
330
494
100
AcDbEntity
  8
0
 62
     0
100
AcDbLine
 10
73583.2994172251
 20
101425.6289264454
 30
0.0
 11
74467.18289370829
 21
102309.5124029286
 31
0.0
  0
LINE
  5
4DD
330
494
100
AcDbEntity
  8
0
 62
     0
100
AcDbLine
 10
71815.53246425873
 20
101425.6289264454
 30
0.0
 11
72699.41594074192
 21
102309.5124029286
 31
0.0
  0
LINE
  5
4DE
330
494
100
AcDbEntity
  8
0
 62
     0
100
AcDbLine
 10
70047.76551129235
 20
101425.6289264454
 30
0.0
 11
70931.64898777554
 21
102309.5124029286
 31
0.0
  0
LINE
  5
4DF
330
494
100
AcDbEntity
  8
0
 62
     0
100
AcDbLine
 10
68279.99855832598
 20
101425.6289264454
 30
0.0
 11
69163.88203480916
 21
102309.5124029286
 31
0.0
  0
LINE
  5
4E0
330
494
100
AcDbEntity
  8
0
 62
     0
100
AcDbLine
 10
66653.02987227228
 20
101566.427193358
 30
0.0
 11
67396.11508184283
 21
102309.5124029286
 31
0.0
  0
LINE
  5
4E1
330
494
100
AcDbEntity
  8
0
 62
     0
100
AcDbLine
 10
93028.73589985514
 20
101425.6289264454
 30
0.0
 11
93912.61937633833
 21
102309.5124029286
 31
0.0
  0
LINE
  5
4E2
330
494
100
AcDbEntity
  8
0
 62
     0
100
AcDbLine
 10
94796.50285282152
 20
101425.6289264454
 30
0.0
 11
95680.38632930472
 21
102309.5124029286
 31
0.0
  0
LINE
  5
4E3
330
494
100
AcDbEntity
  8
0
 62
     0
100
AcDbLine
 10
96564.26980578791
 20
101425.6289264454
 30
0.0
 11
97448.15328227108
 21
102309.5124029286
 31
0.0
  0
LINE
  5
4E4
330
494
100
AcDbEntity
  8
0
 62
     0
100
AcDbLine
 10
98332.03675875427
 20
101425.6289264454
 30
0.0
 11
99215.92023523746
 21
102309.5124029286
 31
0.0
  0
LINE
  5
4E5
330
494
100
AcDbEntity
  8
0
 62
     0
100
AcDbLine
 10
100099.8037117206
 20
101425.6289264454
 30
0.0
 11
100983.6871882038
 21
102309.5124029286
 31
0.0
  0
LINE
  5
4E6
330
494
100
AcDbEntity
  8
0
 62
     0
100
AcDbLine
 10
101867.570664687
 20
101425.6289264454
 30
0.0
 11
102751.4541411702
 21
102309.5124029286
 31
0.0
  0
LINE
  5
4E7
330
494
100
AcDbEntity
  8
0
 62
     0
100
AcDbLine
 10
103635.3376176534
 20
101425.6289264454
 30
0.0
 11
104519.2210941366
 21
102309.5124029286
 31
0.0
  0
LINE
  5
4E8
330
494
100
AcDbEntity
  8
0
 62
     0
100
AcDbLine
 10
105403.1045706198
 20
101425.6289264454
 30
0.0
 11
106286.9880471029
 21
102309.5124029286
 31
0.0
  0
LINE
  5
4E9
330
494
100
AcDbEntity
  8
0
 62
     0
100
AcDbLine
 10
107170.8715235861
 20
101425.6289264454
 30
0.0
 11
108054.7550000693
 21
102309.5124029286
 31
0.0
  0
LINE
  5
4EA
330
494
100
AcDbEntity
  8
0
 62
     0
100
AcDbLine
 10
108938.6384765525
 20
101425.6289264454
 30
0.0
 11
109822.5219530357
 21
102309.5124029286
 31
0.0
  0
LINE
  5
4EB
330
494
100
AcDbEntity
  8
0
 62
     0
100
AcDbLine
 10
110706.4054295188
 20
101425.6289264454
 30
0.0
 11
111590.288906002
 21
102309.5124029286
 31
0.0
  0
LINE
  5
4EC
330
494
100
AcDbEntity
  8
0
 62
     0
100
AcDbLine
 10
112474.1723824852
 20
101425.6289264454
 30
0.0
 11
112936.133899702
 21
101887.5904436622
 31
0.0
  0
LINE
  5
4ED
330
494
100
AcDbEntity
  8
0
 62
     0
100
AcDbLine
 10
112936.133899702
 20
101887.5904436622
 30
0.0
 11
113358.0558589684
 21
102309.5124029286
 31
0.0
  0
LINE
  5
4EE
330
494
100
AcDbEntity
  8
0
 62
     0
100
AcDbLine
 10
114241.9393354516
 20
101425.6289264454
 30
0.0
 11
115125.8228119347
 21
102309.5124029286
 31
0.0
  0
LINE
  5
4EF
330
494
100
AcDbEntity
  8
0
 62
     0
100
AcDbLine
 10
89493.20199392243
 20
101646.5997955662
 30
0.0
 11
88780.65413981044
 21
102359.1476496782
 31
0.0
  0
LINE
  5
4F0
330
494
100
AcDbEntity
  8
0
 62
     0
100
AcDbLine
 10
87725.43504095606
 20
101646.5997955662
 30
0.0
 11
87012.88718684407
 21
102359.1476496782
 31
0.0
  0
LINE
  5
4F1
330
494
100
AcDbEntity
  8
0
 62
     0
100
AcDbLine
 10
85274.3316365292
 20
102329.9362470267
 30
0.0
 11
85245.12023387769
 21
102359.1476496782
 31
0.0
  0
LINE
  5
4F2
330
494
100
AcDbEntity
  8
0
 62
     0
100
AcDbLine
 10
84189.90113502328
 20
101646.5997955662
 30
0.0
 11
83648.34867834741
 21
102188.152252242
 31
0.0
  0
LINE
  5
4F3
330
494
100
AcDbEntity
  8
0
 62
     0
100
AcDbLine
 10
83648.34867834744
 20
102188.1522522421
 30
0.0
 11
83477.35328091133
 21
102359.1476496782
 31
0.0
  0
LINE
  5
4F4
330
494
100
AcDbEntity
  8
0
 62
     0
100
AcDbLine
 10
82422.13418205693
 20
101646.5997955662
 30
0.0
 11
81709.58632794496
 21
102359.1476496782
 31
0.0
  0
LINE
  5
4F5
330
494
100
AcDbEntity
  8
0
 62
     0
100
AcDbLine
 10
80654.36722909058
 20
101646.5997955662
 30
0.0
 11
79941.8193749786
 21
102359.1476496782
 31
0.0
  0
LINE
  5
4F6
330
494
100
AcDbEntity
  8
0
 62
     0
100
AcDbLine
 10
78886.60027612421
 20
101646.5997955662
 30
0.0
 11
78174.05242201223
 21
102359.1476496782
 31
0.0
  0
LINE
  5
4F7
330
494
100
AcDbEntity
  8
0
 62
     0
100
AcDbLine
 10
77118.83332315783
 20
101646.5997955662
 30
0.0
 11
76406.28546904585
 21
102359.1476496782
 31
0.0
  0
LINE
  5
4F8
330
494
100
AcDbEntity
  8
0
 62
     0
100
AcDbLine
 10
75351.06637019147
 20
101646.5997955662
 30
0.0
 11
74638.51851607949
 21
102359.1476496782
 31
0.0
  0
LINE
  5
4F9
330
494
100
AcDbEntity
  8
0
 62
     0
100
AcDbLine
 10
73583.2994172251
 20
101646.5997955662
 30
0.0
 11
72870.75156311312
 21
102359.1476496782
 31
0.0
  0
LINE
  5
4FA
330
494
100
AcDbEntity
  8
0
 62
     0
100
AcDbLine
 10
71815.5324642587
 20
101646.5997955662
 30
0.0
 11
71102.98461014672
 21
102359.1476496782
 31
0.0
  0
LINE
  5
4FB
330
494
100
AcDbEntity
  8
0
 62
     0
100
AcDbLine
 10
70047.76551129234
 20
101646.5997955662
 30
0.0
 11
69335.21765718036
 21
102359.1476496782
 31
0.0
  0
LINE
  5
4FC
330
494
100
AcDbEntity
  8
0
 62
     0
100
AcDbLine
 10
68279.99855832596
 20
101646.5997955662
 30
0.0
 11
67567.45070421398
 21
102359.1476496782
 31
0.0
  0
LINE
  5
4FD
330
494
100
AcDbEntity
  8
0
 62
     0
100
AcDbLine
 10
91260.96894688879
 20
101646.5997955662
 30
0.0
 11
90548.4210927768
 21
102359.1476496782
 31
0.0
  0
LINE
  5
4FE
330
494
100
AcDbEntity
  8
0
 62
     0
100
AcDbLine
 10
93028.73589985519
 20
101646.5997955662
 30
0.0
 11
92316.18804574321
 21
102359.1476496782
 31
0.0
  0
LINE
  5
4FF
330
494
100
AcDbEntity
  8
0
 62
     0
100
AcDbLine
 10
94796.50285282156
 20
101646.5997955662
 30
0.0
 11
94083.95499870959
 21
102359.1476496782
 31
0.0
  0
LINE
  5
500
330
494
100
AcDbEntity
  8
0
 62
     0
100
AcDbLine
 10
96564.26980578793
 20
101646.5997955662
 30
0.0
 11
95851.72195167592
 21
102359.1476496782
 31
0.0
  0
LINE
  5
501
330
494
100
AcDbEntity
  8
0
 62
     0
100
AcDbLine
 10
98332.03675875431
 20
101646.5997955662
 30
0.0
 11
97619.48890464232
 21
102359.1476496782
 31
0.0
  0
LINE
  5
502
330
494
100
AcDbEntity
  8
0
 62
     0
100
AcDbLine
 10
100099.8037117206
 20
101646.5997955662
 30
0.0
 11
99387.25585760867
 21
102359.1476496782
 31
0.0
  0
LINE
  5
503
330
494
100
AcDbEntity
  8
0
 62
     0
100
AcDbLine
 10
101867.570664687
 20
101646.5997955662
 30
0.0
 11
101155.022810575
 21
102359.1476496782
 31
0.0
  0
LINE
  5
504
330
494
100
AcDbEntity
  8
0
 62
     0
100
AcDbLine
 10
103635.3376176534
 20
101646.5997955662
 30
0.0
 11
102922.7897635414
 21
102359.1476496782
 31
0.0
  0
LINE
  5
505
330
494
100
AcDbEntity
  8
0
 62
     0
100
AcDbLine
 10
105403.1045706197
 20
101646.5997955662
 30
0.0
 11
104690.5567165077
 21
102359.1476496782
 31
0.0
  0
LINE
  5
506
330
494
100
AcDbEntity
  8
0
 62
     0
100
AcDbLine
 10
107170.8715235861
 20
101646.5997955662
 30
0.0
 11
106458.3236694741
 21
102359.1476496782
 31
0.0
  0
LINE
  5
507
330
494
100
AcDbEntity
  8
0
 62
     0
100
AcDbLine
 10
108938.6384765525
 20
101646.5997955662
 30
0.0
 11
108226.0906224405
 21
102359.1476496782
 31
0.0
  0
LINE
  5
508
330
494
100
AcDbEntity
  8
0
 62
     0
100
AcDbLine
 10
110706.4054295188
 20
101646.5997955662
 30
0.0
 11
109993.8575754068
 21
102359.1476496782
 31
0.0
  0
LINE
  5
509
330
494
100
AcDbEntity
  8
0
 62
     0
100
AcDbLine
 10
112474.1723824852
 20
101646.5997955662
 30
0.0
 11
111761.6245283732
 21
102359.1476496782
 31
0.0
  0
LINE
  5
50A
330
494
100
AcDbEntity
  8
0
 62
     0
100
AcDbLine
 10
114241.9393354516
 20
101646.5997955662
 30
0.0
 11
113529.3914813396
 21
102359.1476496782
 31
0.0
  0
LINE
  5
50B
330
494
100
AcDbEntity
  8
0
 62
     0
100
AcDbLine
 10
90835.70905697888
 20
100967.0053398721
 30
0.0
 11
90708.54177408676
 21
101094.1726227642
 31
0.0
  0
LINE
  5
50C
330
494
100
AcDbEntity
  8
0
 62
     0
100
AcDbLine
 10
89824.65829760359
 20
101978.0560992474
 30
0.0
 11
89443.56674717282
 21
102359.1476496782
 31
0.0
  0
LINE
  5
50D
330
494
100
AcDbEntity
  8
0
 62
     0
100
AcDbLine
 10
89067.94210401251
 20
100967.0053398721
 30
0.0
 11
88940.7748211204
 21
101094.1726227642
 31
0.0
  0
LINE
  5
50E
330
494
100
AcDbEntity
  8
0
 62
     0
100
AcDbLine
 10
88056.89134463722
 20
101978.0560992474
 30
0.0
 11
87675.79979420641
 21
102359.1476496782
 31
0.0
  0
LINE
  5
50F
330
494
100
AcDbEntity
  8
0
 62
     0
100
AcDbLine
 10
84521.35743870449
 20
101978.0560992474
 30
0.0
 11
84140.26588827368
 21
102359.1476496782
 31
0.0
  0
LINE
  5
510
330
494
100
AcDbEntity
  8
0
 62
     0
100
AcDbLine
 10
83764.64124511342
 20
100967.0053398721
 30
0.0
 11
83637.4739622213
 21
101094.1726227642
 31
0.0
  0
LINE
  5
511
330
494
100
AcDbEntity
  8
0
 62
     0
100
AcDbLine
 10
82753.59048573815
 20
101978.0560992474
 30
0.0
 11
82372.49893530735
 21
102359.1476496782
 31
0.0
  0
LINE
  5
512
330
494
100
AcDbEntity
  8
0
 62
     0
100
AcDbLine
 10
81996.87429214705
 20
100967.0053398721
 30
0.0
 11
81869.70700925494
 21
101094.1726227642
 31
0.0
  0
LINE
  5
513
330
494
100
AcDbEntity
  8
0
 62
     0
100
AcDbLine
 10
80985.82353277176
 20
101978.0560992474
 30
0.0
 11
80604.73198234097
 21
102359.1476496782
 31
0.0
  0
LINE
  5
514
330
494
100
AcDbEntity
  8
0
 62
     0
100
AcDbLine
 10
80229.1073391807
 20
100967.0053398721
 30
0.0
 11
80101.94005628857
 21
101094.1726227642
 31
0.0
  0
LINE
  5
515
330
494
100
AcDbEntity
  8
0
 62
     0
100
AcDbLine
 10
79218.05657980539
 20
101978.0560992474
 30
0.0
 11
78836.96502937461
 21
102359.1476496782
 31
0.0
  0
LINE
  5
516
330
494
100
AcDbEntity
  8
0
 62
     0
100
AcDbLine
 10
78461.34038621433
 20
100967.0053398721
 30
0.0
 11
78334.1731033222
 21
101094.1726227642
 31
0.0
  0
LINE
  5
517
330
494
100
AcDbEntity
  8
0
 62
     0
100
AcDbLine
 10
77450.28962683901
 20
101978.0560992474
 30
0.0
 11
77069.19807640824
 21
102359.1476496782
 31
0.0
  0
LINE
  5
518
330
494
100
AcDbEntity
  8
0
 62
     0
100
AcDbLine
 10
76693.57343324796
 20
100967.0053398721
 30
0.0
 11
76566.40615035583
 21
101094.1726227642
 31
0.0
  0
LINE
  5
519
330
494
100
AcDbEntity
  8
0
 62
     0
100
AcDbLine
 10
75682.52267387265
 20
101978.0560992474
 30
0.0
 11
75301.43112344187
 21
102359.1476496782
 31
0.0
  0
LINE
  5
51A
330
494
100
AcDbEntity
  8
0
 62
     0
100
AcDbLine
 10
74925.80648028161
 20
100967.0053398721
 30
0.0
 11
74798.63919738948
 21
101094.1726227642
 31
0.0
  0
LINE
  5
51B
330
494
100
AcDbEntity
  8
0
 62
     0
100
AcDbLine
 10
73914.75572090629
 20
101978.0560992474
 30
0.0
 11
73533.66417047552
 21
102359.1476496782
 31
0.0
  0
LINE
  5
51C
330
494
100
AcDbEntity
  8
0
 62
     0
100
AcDbLine
 10
73158.03952731522
 20
100967.0053398721
 30
0.0
 11
73030.87224442309
 21
101094.1726227642
 31
0.0
  0
LINE
  5
51D
330
494
100
AcDbEntity
  8
0
 62
     0
100
AcDbLine
 10
72146.98876793991
 20
101978.0560992474
 30
0.0
 11
71765.89721750914
 21
102359.1476496782
 31
0.0
  0
LINE
  5
51E
330
494
100
AcDbEntity
  8
0
 62
     0
100
AcDbLine
 10
71390.27257434886
 20
100967.0053398721
 30
0.0
 11
71263.10529145673
 21
101094.1726227642
 31
0.0
  0
LINE
  5
51F
330
494
100
AcDbEntity
  8
0
 62
     0
100
AcDbLine
 10
70379.22181497354
 20
101978.0560992474
 30
0.0
 11
69998.13026454276
 21
102359.1476496782
 31
0.0
  0
LINE
  5
520
330
494
100
AcDbEntity
  8
0
 62
     0
100
AcDbLine
 10
69622.50562138248
 20
100967.0053398721
 30
0.0
 11
69495.33833849035
 21
101094.1726227642
 31
0.0
  0
LINE
  5
521
330
494
100
AcDbEntity
  8
0
 62
     0
100
AcDbLine
 10
68611.45486200717
 20
101978.0560992474
 30
0.0
 11
68230.3633115764
 21
102359.1476496782
 31
0.0
  0
LINE
  5
522
330
494
100
AcDbEntity
  8
0
 62
     0
100
AcDbLine
 10
67854.73866841613
 20
100967.0053398721
 30
0.0
 11
67727.57138552397
 21
101094.1726227642
 31
0.0
  0
LINE
  5
523
330
494
100
AcDbEntity
  8
0
 62
     0
100
AcDbLine
 10
66843.68790904079
 20
101978.0560992474
 30
0.0
 11
66653.02987227226
 21
102168.7141360159
 31
0.0
  0
LINE
  5
524
330
494
100
AcDbEntity
  8
0
 62
     0
100
AcDbLine
 10
92603.47600994526
 20
100967.0053398721
 30
0.0
 11
92476.30872705315
 21
101094.1726227642
 31
0.0
  0
LINE
  5
525
330
494
100
AcDbEntity
  8
0
 62
     0
100
AcDbLine
 10
91592.42525056995
 20
101978.0560992474
 30
0.0
 11
91211.33370013918
 21
102359.1476496782
 31
0.0
  0
LINE
  5
526
330
494
100
AcDbEntity
  8
0
 62
     0
100
AcDbLine
 10
94371.24296291163
 20
100967.0053398721
 30
0.0
 11
94244.07568001953
 21
101094.1726227642
 31
0.0
  0
LINE
  5
527
330
494
100
AcDbEntity
  8
0
 62
     0
100
AcDbLine
 10
93360.19220353636
 20
101978.0560992474
 30
0.0
 11
92979.10065310558
 21
102359.1476496782
 31
0.0
  0
LINE
  5
528
330
494
100
AcDbEntity
  8
0
 62
     0
100
AcDbLine
 10
96139.00991587797
 20
100967.0053398721
 30
0.0
 11
96011.84263298589
 21
101094.1726227642
 31
0.0
  0
LINE
  5
529
330
494
100
AcDbEntity
  8
0
 62
     0
100
AcDbLine
 10
95127.9591565027
 20
101978.0560992474
 30
0.0
 11
94746.86760607189
 21
102359.1476496782
 31
0.0
  0
LINE
  5
52A
330
494
100
AcDbEntity
  8
0
 62
     0
100
AcDbLine
 10
97906.77686884436
 20
100967.0053398721
 30
0.0
 11
97779.60958595228
 21
101094.1726227642
 31
0.0
  0
LINE
  5
52B
330
494
100
AcDbEntity
  8
0
 62
     0
100
AcDbLine
 10
96895.72610946909
 20
101978.0560992474
 30
0.0
 11
96514.63455903831
 21
102359.1476496782
 31
0.0
  0
LINE
  5
52C
330
494
100
AcDbEntity
  8
0
 62
     0
100
AcDbLine
 10
99674.54382181072
 20
100967.0053398721
 30
0.0
 11
99547.37653891863
 21
101094.1726227642
 31
0.0
  0
LINE
  5
52D
330
494
100
AcDbEntity
  8
0
 62
     0
100
AcDbLine
 10
98663.49306243545
 20
101978.0560992474
 30
0.0
 11
98282.40151200464
 21
102359.1476496782
 31
0.0
  0
LINE
  5
52E
330
494
100
AcDbEntity
  8
0
 62
     0
100
AcDbLine
 10
101442.3107747771
 20
100967.0053398721
 30
0.0
 11
101315.143491885
 21
101094.1726227642
 31
0.0
  0
LINE
  5
52F
330
494
100
AcDbEntity
  8
0
 62
     0
100
AcDbLine
 10
100431.2600154018
 20
101978.0560992474
 30
0.0
 11
100050.168464971
 21
102359.1476496782
 31
0.0
  0
LINE
  5
530
330
494
100
AcDbEntity
  8
0
 62
     0
100
AcDbLine
 10
103210.0777277434
 20
100967.0053398721
 30
0.0
 11
103082.9104448514
 21
101094.1726227642
 31
0.0
  0
LINE
  5
531
330
494
100
AcDbEntity
  8
0
 62
     0
100
AcDbLine
 10
102199.0269683682
 20
101978.0560992474
 30
0.0
 11
101817.9354179373
 21
102359.1476496782
 31
0.0
  0
LINE
  5
532
330
494
100
AcDbEntity
  8
0
 62
     0
100
AcDbLine
 10
104977.8446807098
 20
100967.0053398721
 30
0.0
 11
104850.6773978177
 21
101094.1726227642
 31
0.0
  0
LINE
  5
533
330
494
100
AcDbEntity
  8
0
 62
     0
100
AcDbLine
 10
103966.7939213345
 20
101978.0560992474
 30
0.0
 11
103585.7023709037
 21
102359.1476496782
 31
0.0
  0
LINE
  5
534
330
494
100
AcDbEntity
  8
0
 62
     0
100
AcDbLine
 10
106745.6116336762
 20
100967.0053398721
 30
0.0
 11
106618.4443507841
 21
101094.1726227642
 31
0.0
  0
LINE
  5
535
330
494
100
AcDbEntity
  8
0
 62
     0
100
AcDbLine
 10
105734.5608743009
 20
101978.0560992474
 30
0.0
 11
105353.4693238701
 21
102359.1476496782
 31
0.0
  0
LINE
  5
536
330
494
100
AcDbEntity
  8
0
 62
     0
100
AcDbLine
 10
108513.3785866425
 20
100967.0053398721
 30
0.0
 11
108386.2113037504
 21
101094.1726227642
 31
0.0
  0
LINE
  5
537
330
494
100
AcDbEntity
  8
0
 62
     0
100
AcDbLine
 10
107502.3278272673
 20
101978.0560992474
 30
0.0
 11
107121.2362768365
 21
102359.1476496782
 31
0.0
  0
LINE
  5
538
330
494
100
AcDbEntity
  8
0
 62
     0
100
AcDbLine
 10
110281.1455396089
 20
100967.0053398721
 30
0.0
 11
110153.9782567168
 21
101094.1726227642
 31
0.0
  0
LINE
  5
539
330
494
100
AcDbEntity
  8
0
 62
     0
100
AcDbLine
 10
109270.0947802336
 20
101978.0560992474
 30
0.0
 11
108889.0032298028
 21
102359.1476496782
 31
0.0
  0
LINE
  5
53A
330
494
100
AcDbEntity
  8
0
 62
     0
100
AcDbLine
 10
112048.9124925753
 20
100967.0053398721
 30
0.0
 11
111921.7452096832
 21
101094.1726227642
 31
0.0
  0
LINE
  5
53B
330
494
100
AcDbEntity
  8
0
 62
     0
100
AcDbLine
 10
111037.8617332
 20
101978.0560992474
 30
0.0
 11
110656.7701827692
 21
102359.1476496782
 31
0.0
  0
LINE
  5
53C
330
494
100
AcDbEntity
  8
0
 62
     0
100
AcDbLine
 10
113816.6794455417
 20
100967.0053398721
 30
0.0
 11
113689.5121626495
 21
101094.1726227642
 31
0.0
  0
LINE
  5
53D
330
494
100
AcDbEntity
  8
0
 62
     0
100
AcDbLine
 10
112805.6286861663
 20
101978.0560992474
 30
0.0
 11
112424.5371357355
 21
102359.1476496781
 31
0.0
  0
LINE
  5
53E
330
494
100
AcDbEntity
  8
0
 62
     0
100
AcDbLine
 10
114573.3956391327
 20
101978.0560992474
 30
0.0
 11
114192.304088702
 21
102359.1476496782
 31
0.0
  0
LINE
  5
53F
330
494
100
AcDbEntity
  8
0
 62
     0
100
AcDbLine
 10
91498.62166434127
 20
100967.0053398721
 30
0.0
 11
91039.99807776796
 21
101425.6289264454
 31
0.0
  0
LINE
  5
540
330
494
100
AcDbEntity
  8
0
 62
     0
100
AcDbLine
 10
90156.11460128477
 20
102309.5124029286
 30
0.0
 11
90106.47935453517
 21
102359.1476496782
 31
0.0
  0
LINE
  5
541
330
494
100
AcDbEntity
  8
0
 62
     0
100
AcDbLine
 10
89730.85471137489
 20
100967.0053398721
 30
0.0
 11
89272.23112480159
 21
101425.6289264454
 31
0.0
  0
LINE
  5
542
330
494
100
AcDbEntity
  8
0
 62
     0
100
AcDbLine
 10
88388.3476483184
 20
102309.5124029286
 30
0.0
 11
88338.71240156881
 21
102359.1476496782
 31
0.0
  0
LINE
  5
543
330
494
100
AcDbEntity
  8
0
 62
     0
100
AcDbLine
 10
87963.08775840852
 20
100967.0053398721
 30
0.0
 11
87504.46417183521
 21
101425.6289264454
 31
0.0
  0
LINE
  5
544
330
494
100
AcDbEntity
  8
0
 62
     0
100
AcDbLine
 10
86620.58069535204
 20
102309.5124029286
 30
0.0
 11
86570.94544860244
 21
102359.1476496782
 31
0.0
  0
LINE
  5
545
330
494
100
AcDbEntity
  8
0
 62
     0
100
AcDbLine
 10
84852.81374238567
 20
102309.5124029286
 30
0.0
 11
84803.17849563606
 21
102359.1476496782
 31
0.0
  0
LINE
  5
546
330
494
100
AcDbEntity
  8
0
 62
     0
100
AcDbLine
 10
84115.66055518232
 20
101278.8986371655
 30
0.0
 11
83968.93026590248
 21
101425.6289264454
 31
0.0
  0
LINE
  5
547
330
494
100
AcDbEntity
  8
0
 62
     0
100
AcDbLine
 10
83085.04678941929
 20
102309.5124029286
 30
0.0
 11
83035.41154266971
 21
102359.1476496782
 31
0.0
  0
LINE
  5
548
330
494
100
AcDbEntity
  8
0
 62
     0
100
AcDbLine
 10
82659.78689950946
 20
100967.0053398721
 30
0.0
 11
82201.16331293613
 21
101425.6289264454
 31
0.0
  0
LINE
  5
549
330
494
100
AcDbEntity
  8
0
 62
     0
100
AcDbLine
 10
81317.27983645294
 20
102309.5124029286
 30
0.0
 11
81267.64458970335
 21
102359.1476496782
 31
0.0
  0
LINE
  5
54A
330
494
100
AcDbEntity
  8
0
 62
     0
100
AcDbLine
 10
80892.0199465431
 20
100967.0053398721
 30
0.0
 11
80433.39635996975
 21
101425.6289264454
 31
0.0
  0
LINE
  5
54B
330
494
100
AcDbEntity
  8
0
 62
     0
100
AcDbLine
 10
79549.51288348658
 20
102309.5124029286
 30
0.0
 11
79499.87763673698
 21
102359.1476496782
 31
0.0
  0
LINE
  5
54C
330
494
100
AcDbEntity
  8
0
 62
     0
100
AcDbLine
 10
79124.2529935767
 20
100967.0053398721
 30
0.0
 11
78665.6294070034
 21
101425.6289264454
 31
0.0
  0
LINE
  5
54D
330
494
100
AcDbEntity
  8
0
 62
     0
100
AcDbLine
 10
77781.74593052022
 20
102309.5124029286
 30
0.0
 11
77732.11068377063
 21
102359.1476496782
 31
0.0
  0
LINE
  5
54E
330
494
100
AcDbEntity
  8
0
 62
     0
100
AcDbLine
 10
77356.48604061034
 20
100967.0053398721
 30
0.0
 11
76897.86245403704
 21
101425.6289264454
 31
0.0
  0
LINE
  5
54F
330
494
100
AcDbEntity
  8
0
 62
     0
100
AcDbLine
 10
76013.97897755385
 20
102309.5124029286
 30
0.0
 11
75964.34373080426
 21
102359.1476496782
 31
0.0
  0
LINE
  5
550
330
494
100
AcDbEntity
  8
0
 62
     0
100
AcDbLine
 10
75588.71908764398
 20
100967.0053398721
 30
0.0
 11
75130.09550107065
 21
101425.6289264454
 31
0.0
  0
LINE
  5
551
330
494
100
AcDbEntity
  8
0
 62
     0
100
AcDbLine
 10
74246.21202458746
 20
102309.5124029286
 30
0.0
 11
74196.57677783788
 21
102359.1476496782
 31
0.0
  0
LINE
  5
552
330
494
100
AcDbEntity
  8
0
 62
     0
100
AcDbLine
 10
73820.95213467762
 20
100967.0053398721
 30
0.0
 11
73362.32854810428
 21
101425.6289264454
 31
0.0
  0
LINE
  5
553
330
494
100
AcDbEntity
  8
0
 62
     0
100
AcDbLine
 10
72478.4450716211
 20
102309.5124029286
 30
0.0
 11
72428.80982487151
 21
102359.1476496782
 31
0.0
  0
LINE
  5
554
330
494
100
AcDbEntity
  8
0
 62
     0
100
AcDbLine
 10
72053.18518171123
 20
100967.0053398721
 30
0.0
 11
71594.5615951379
 21
101425.6289264454
 31
0.0
  0
LINE
  5
555
330
494
100
AcDbEntity
  8
0
 62
     0
100
AcDbLine
 10
70710.67811865471
 20
102309.5124029286
 30
0.0
 11
70661.04287190513
 21
102359.1476496782
 31
0.0
  0
LINE
  5
556
330
494
100
AcDbEntity
  8
0
 62
     0
100
AcDbLine
 10
70285.41822874488
 20
100967.0053398721
 30
0.0
 11
69826.79464217154
 21
101425.6289264454
 31
0.0
  0
LINE
  5
557
330
494
100
AcDbEntity
  8
0
 62
     0
100
AcDbLine
 10
68942.91116568836
 20
102309.5124029286
 30
0.0
 11
68893.27591893877
 21
102359.1476496782
 31
0.0
  0
LINE
  5
558
330
494
100
AcDbEntity
  8
0
 62
     0
100
AcDbLine
 10
68517.6512757785
 20
100967.0053398721
 30
0.0
 11
68059.02768920518
 21
101425.6289264454
 31
0.0
  0
LINE
  5
559
330
494
100
AcDbEntity
  8
0
 62
     0
100
AcDbLine
 10
67175.14421272199
 20
102309.5124029286
 30
0.0
 11
67125.5089659724
 21
102359.1476496782
 31
0.0
  0
LINE
  5
55A
330
494
100
AcDbEntity
  8
0
 62
     0
100
AcDbLine
 10
66749.88432281214
 20
100967.0053398721
 30
0.0
 11
66653.02987227229
 21
101063.8597904119
 31
0.0
  0
LINE
  5
55B
330
494
100
AcDbEntity
  8
0
 62
     0
100
AcDbLine
 10
93266.38861730765
 20
100967.0053398721
 30
0.0
 11
92807.76503073434
 21
101425.6289264454
 31
0.0
  0
LINE
  5
55C
330
494
100
AcDbEntity
  8
0
 62
     0
100
AcDbLine
 10
91923.88155425115
 20
102309.5124029286
 30
0.0
 11
91874.24630750156
 21
102359.1476496782
 31
0.0
  0
LINE
  5
55D
330
494
100
AcDbEntity
  8
0
 62
     0
100
AcDbLine
 10
95034.155570274
 20
100967.0053398721
 30
0.0
 11
94575.53198370071
 21
101425.6289264454
 31
0.0
  0
LINE
  5
55E
330
494
100
AcDbEntity
  8
0
 62
     0
100
AcDbLine
 10
93691.64850721753
 20
102309.5124029286
 30
0.0
 11
93642.01326046792
 21
102359.1476496782
 31
0.0
  0
LINE
  5
55F
330
494
100
AcDbEntity
  8
0
 62
     0
100
AcDbLine
 10
96801.92252324035
 20
100967.0053398721
 30
0.0
 11
96343.29893666707
 21
101425.6289264454
 31
0.0
  0
LINE
  5
560
330
494
100
AcDbEntity
  8
0
 62
     0
100
AcDbLine
 10
95459.41546018388
 20
102309.5124029286
 30
0.0
 11
95409.7802134343
 21
102359.1476496782
 31
0.0
  0
LINE
  5
561
330
494
100
AcDbEntity
  8
0
 62
     0
100
AcDbLine
 10
98569.68947620673
 20
100967.0053398721
 30
0.0
 11
98111.06588963346
 21
101425.6289264454
 31
0.0
  0
LINE
  5
562
330
494
100
AcDbEntity
  8
0
 62
     0
100
AcDbLine
 10
97227.18241315027
 20
102309.5124029286
 30
0.0
 11
97177.54716640067
 21
102359.1476496782
 31
0.0
  0
LINE
  5
563
330
494
100
AcDbEntity
  8
0
 62
     0
100
AcDbLine
 10
100337.4564291731
 20
100967.0053398721
 30
0.0
 11
99878.8328425998
 21
101425.6289264454
 31
0.0
  0
LINE
  5
564
330
494
100
AcDbEntity
  8
0
 62
     0
100
AcDbLine
 10
98994.94936611661
 20
102309.5124029286
 30
0.0
 11
98945.31411936702
 21
102359.1476496782
 31
0.0
  0
LINE
  5
565
330
494
100
AcDbEntity
  8
0
 62
     0
100
AcDbLine
 10
102105.2233821395
 20
100967.0053398721
 30
0.0
 11
101646.5997955662
 21
101425.6289264454
 31
0.0
  0
LINE
  5
566
330
494
100
AcDbEntity
  8
0
 62
     0
100
AcDbLine
 10
100762.716319083
 20
102309.5124029286
 30
0.0
 11
100713.0810723334
 21
102359.1476496782
 31
0.0
  0
LINE
  5
567
330
494
100
AcDbEntity
  8
0
 62
     0
100
AcDbLine
 10
103872.9903351058
 20
100967.0053398721
 30
0.0
 11
103414.3667485325
 21
101425.6289264454
 31
0.0
  0
LINE
  5
568
330
494
100
AcDbEntity
  8
0
 62
     0
100
AcDbLine
 10
102530.4832720493
 20
102309.5124029286
 30
0.0
 11
102480.8480252997
 21
102359.1476496782
 31
0.0
  0
LINE
  5
569
330
494
100
AcDbEntity
  8
0
 62
     0
100
AcDbLine
 10
105640.7572880722
 20
100967.0053398721
 30
0.0
 11
105182.1337014989
 21
101425.6289264454
 31
0.0
  0
LINE
  5
56A
330
494
100
AcDbEntity
  8
0
 62
     0
100
AcDbLine
 10
104298.2502250157
 20
102309.5124029286
 30
0.0
 11
104248.6149782661
 21
102359.1476496782
 31
0.0
  0
LINE
  5
56B
330
494
100
AcDbEntity
  8
0
 62
     0
100
AcDbLine
 10
107408.5242410386
 20
100967.0053398721
 30
0.0
 11
107376.3137553644
 21
100999.2158255463
 31
0.0
  0
LINE
  5
56C
330
494
100
AcDbEntity
  8
0
 62
     0
100
AcDbLine
 10
107376.3137553644
 20
100999.2158255463
 30
0.0
 11
106949.9006544653
 21
101425.6289264454
 31
0.0
  0
LINE
  5
56D
330
494
100
AcDbEntity
  8
0
 62
     0
100
AcDbLine
 10
106066.0171779821
 20
102309.5124029286
 30
0.0
 11
106016.3819312325
 21
102359.1476496782
 31
0.0
  0
LINE
  5
56E
330
494
100
AcDbEntity
  8
0
 62
     0
100
AcDbLine
 10
109176.2911940049
 20
100967.0053398721
 30
0.0
 11
108717.6676074316
 21
101425.6289264454
 31
0.0
  0
LINE
  5
56F
330
494
100
AcDbEntity
  8
0
 62
     0
100
AcDbLine
 10
107833.7841309485
 20
102309.5124029286
 30
0.0
 11
107784.1488841989
 21
102359.1476496782
 31
0.0
  0
LINE
  5
570
330
494
100
AcDbEntity
  8
0
 62
     0
100
AcDbLine
 10
110944.0581469713
 20
100967.0053398721
 30
0.0
 11
110485.434560398
 21
101425.6289264454
 31
0.0
  0
LINE
  5
571
330
494
100
AcDbEntity
  8
0
 62
     0
100
AcDbLine
 10
109601.5510839148
 20
102309.5124029286
 30
0.0
 11
109551.9158371652
 21
102359.1476496782
 31
0.0
  0
LINE
  5
572
330
494
100
AcDbEntity
  8
0
 62
     0
100
AcDbLine
 10
112711.8250999377
 20
100967.0053398721
 30
0.0
 11
112253.2015133644
 21
101425.6289264454
 31
0.0
  0
LINE
  5
573
330
494
100
AcDbEntity
  8
0
 62
     0
100
AcDbLine
 10
111369.3180368812
 20
102309.5124029286
 30
0.0
 11
111319.6827901316
 21
102359.1476496782
 31
0.0
  0
LINE
  5
574
330
494
100
AcDbEntity
  8
0
 62
     0
100
AcDbLine
 10
114479.592052904
 20
100967.0053398721
 30
0.0
 11
114020.9684663307
 21
101425.6289264454
 31
0.0
  0
LINE
  5
575
330
494
100
AcDbEntity
  8
0
 62
     0
100
AcDbLine
 10
113137.0849898476
 20
102309.5124029286
 30
0.0
 11
113087.449743098
 21
102359.1476496782
 31
0.0
  0
LINE
  5
576
330
494
100
AcDbEntity
  8
0
 62
     0
100
AcDbLine
 10
114904.8519428139
 20
102309.5124029286
 30
0.0
 11
114855.2166960643
 21
102359.1476496782
 31
0.0
  0
ENDBLK
  5
577
330
494
100
AcDbEntity
  8
0
100
AcDbBlockEnd
  0
BLOCK
  5
579
330
578
100
AcDbEntity
  8
0
100
AcDbBlockBegin
  2
*X10
 70
     1
 10
0.0
 20
0.0
 30
0.0
  3
*X10
  1

  0
LINE
  5
57A
330
578
100
AcDbEntity
  8
0
 62
     0
100
AcDbLine
 10
85057.10276317481
 20
100967.0053398721
 30
0.0
 11
85736.6972188689
 21
101646.5997955662
 31
0.0
  0
LINE
  5
57B
330
578
100
AcDbEntity
  8
0
 62
     0
100
AcDbLine
 10
86824.86971614117
 20
100967.0053398721
 30
0.0
 11
87146.84592360562
 21
101288.9815473366
 31
0.0
  0
LINE
  5
57C
330
578
100
AcDbEntity
  8
0
 62
     0
100
AcDbLine
 10
86289.12439167088
 20
101094.1726227642
 30
0.0
 11
86904.20306882199
 21
101709.2512999153
 31
0.0
  0
LINE
  5
57D
330
578
100
AcDbEntity
  8
0
 62
     0
100
AcDbLine
 10
84521.35743870451
 20
101094.1726227642
 30
0.0
 11
85405.24091518769
 21
101978.0560992474
 31
0.0
  0
LINE
  5
57E
330
578
100
AcDbEntity
  8
0
 62
     0
100
AcDbLine
 10
85957.66808798968
 20
101425.6289264454
 30
0.0
 11
86661.56021403839
 21
102129.5210524941
 31
0.0
  0
LINE
  5
57F
330
578
100
AcDbEntity
  8
0
 62
     0
100
AcDbLine
 10
85957.66808798968
 20
101646.5997955662
 30
0.0
 11
85274.3316365292
 21
102329.9362470267
 31
0.0
  0
LINE
  5
580
330
578
100
AcDbEntity
  8
0
 62
     0
100
AcDbLine
 10
85532.40819807976
 20
100967.0053398721
 30
0.0
 11
85405.24091518769
 21
101094.1726227642
 31
0.0
  0
LINE
  5
581
330
578
100
AcDbEntity
  8
0
 62
     0
100
AcDbLine
 10
87300.17515104611
 20
100967.0053398721
 30
0.0
 11
87173.00786815403
 21
101094.1726227642
 31
0.0
  0
LINE
  5
582
330
578
100
AcDbEntity
  8
0
 62
     0
100
AcDbLine
 10
86289.12439167084
 20
101978.0560992474
 30
0.0
 11
85908.03284124005
 21
102359.1476496782
 31
0.0
  0
LINE
  5
583
330
578
100
AcDbEntity
  8
0
 62
     0
100
AcDbLine
 10
86195.32080544214
 20
100967.0053398721
 30
0.0
 11
85736.69721886885
 21
101425.6289264454
 31
0.0
  0
LINE
  5
584
330
578
100
AcDbEntity
  8
0
 62
     0
100
AcDbLine
 10
84427.55385247577
 20
100967.0053398721
 30
0.0
 11
84115.66055518234
 21
101278.8986371655
 31
0.0
  0
ENDBLK
  5
585
330
578
100
AcDbEntity
  8
0
100
AcDbBlockEnd
  0
BLOCK
  5
587
330
586
100
AcDbEntity
  8
0
100
AcDbBlockBegin
  2
CIR
 70
     2
 10
0.0
 20
0.0
 30
0.0
  3
CIR
  1

  0
ATTDEF
  5
588
330
586
100
AcDbEntity
  8
TITLE
 62
     5
100
AcDbText
 10
0.0
 20
0.4754619559389539
 30
0.0
 40
0.45
  1

  7
175CL
 72
     4
 11
0.0
 21
0.4754619559389539
 31
0.0
100
AcDbAttributeDefinition
280
     0
  3
DRAWING MARK :
  2
A
 70
     0
280
     0
  0
ATTDEF
  5
589
330
586
100
AcDbEntity
  8
TITLE
 62
     2
100
AcDbText
 10
-0.8585145541728707
 20
-0.4678125824138988
 30
0.0
 40
0.25
  1

 41
1.147089023381708
  7
S-TAKEN
 72
     5
 11
-0.0801327168781399
 21
-0.4678125824138988
 31
0.0
100
AcDbAttributeDefinition
280
     0
  3
SHEET SHOWN :
  2
S-1
 70
     0
280
     0
  0
ATTDEF
  5
58A
330
586
100
AcDbEntity
  8
TITLE
 62
     2
100
AcDbText
 10
0.0465521892911056
 20
-0.4678125824138988
 30
0.0
 40
0.25
  1

 41
1.138396624965697
  7
S-TAKEN
 72
     5
 11
0.8190356133749716
 21
-0.4678125824138988
 31
0.0
100
AcDbAttributeDefinition
280
     0
  3
SHEET TAKEN :
  2
S-1
 70
     0
280
     0
  0
LINE
  5
58B
330
586
100
AcDbEntity
  8
TITLE
 62
     2
100
AcDbLine
 10
-1.0
 20
0.0
 30
0.0
 11
1.0
 21
0.0
 31
0.0
  0
LINE
  5
58C
330
586
100
AcDbEntity
  8
TITLE
 62
     2
100
AcDbLine
 10
0.0
 20
0.0
 30
0.0
 11
0.0
 21
-1.0
 31
0.0
  0
CIRCLE
  5
58D
330
586
100
AcDbEntity
  8
TITLE
 62
     2
100
AcDbCircle
 10
0.0
 20
0.0
 30
0.0
 40
1.0
  0
ENDBLK
  5
58E
330
586
100
AcDbEntity
  8
0
100
AcDbBlockEnd
  0
BLOCK
  5
590
330
58F
100
AcDbEntity
  8
0
100
AcDbBlockBegin
  2
*D12
 70
     1
 10
0.0
 20
0.0
 30
0.0
  3
*D12
  1

  0
LINE
  5
591
330
58F
100
AcDbEntity
  8
DIM
 62
     8
440
 16777216
370
    -2
100
AcDbLine
 10
24004.67917089727
 20
33319.28002213849
 30
0.0
 11
24004.67917089727
 21
32039.50387737768
 31
0.0
  0
LINE
  5
592
330
58F
100
AcDbEntity
  8
DIM
 62
     8
440
 16777216
370
    -2
100
AcDbLine
 10
47577.31502063107
 20
42070.25677094192
 30
0.0
 11
47577.31502063107
 21
32039.50387737768
 31
0.0
  0
LINE
  5
593
330
58F
100
AcDbEntity
  8
DIM
 62
     8
440
 16777216
370
    -2
100
AcDbLine
 10
24254.67917089727
 20
32139.50387737769
 30
0.0
 11
47327.31502063106
 21
32139.50387737769
 31
0.0
  0
INSERT
  5
594
330
58F
100
AcDbEntity
  8
DIM
 62
     8
440
 16777216
370
    -2
100
AcDbBlockReference
  2
DIM1
 10
24004.67917089727
 20
32139.50387737769
 30
0.0
 41
250.0
 42
250.0
 43
250.0
 50
180.0
  0
INSERT
  5
595
330
58F
100
AcDbEntity
  8
DIM
 62
     8
440
 16777216
370
    -2
100
AcDbBlockReference
  2
DIM1
 10
47577.31502063107
 20
32139.50387737769
 30
0.0
 41
250.0
 42
250.0
 43
250.0
  0
MTEXT
  5
596
330
58F
100
AcDbEntity
  8
DIM
 62
     3
440
 16777216
100
AcDbMText
 10
35790.99709576416
 20
32364.50387737769
 30
0.0
 40
250.0
 41
0.0
 46
0.0
 71
     5
 72
     1
  1
\A1;S T A I R  S P A N
  7
ROMANS
 73
     1
 44
1.0
  0
MTEXT
  5
597
330
58F
100
AcDbEntity
  8
DIM
 62
     3
440
 16777216
100
AcDbMText
 10
35790.99709576416
 20
31849.02768690149
 30
0.0
 40
250.0
 41
0.0
 46
0.0
 71
     5
 72
     1
  1
\A1;( S E E   T A B L E )
  7
ROMANS
 73
     1
 44
1.0
  0
POINT
  5
598
330
58F
100
AcDbEntity
  8
DEFPOINTS
 62
     0
440
 16777216
100
AcDbPoint
 10
24004.67917089727
 20
33419.28002213849
 30
0.0
  0
POINT
  5
599
330
58F
100
AcDbEntity
  8
DEFPOINTS
 62
     0
440
 16777216
100
AcDbPoint
 10
47577.31502063107
 20
42170.25677094191
 30
0.0
  0
POINT
  5
59A
330
58F
100
AcDbEntity
  8
DEFPOINTS
 62
     0
440
 16777216
100
AcDbPoint
 10
47577.31502063107
 20
32139.50387737769
 30
0.0
  0
ENDBLK
  5
59B
330
58F
100
AcDbEntity
  8
0
100
AcDbBlockEnd
  0
BLOCK
  5
59D
330
59C
100
AcDbEntity
  8
0
100
AcDbBlockBegin
  2
*D13
 70
     1
 10
0.0
 20
0.0
 30
0.0
  3
*D13
  1

  0
LINE
  5
59E
330
59C
100
AcDbEntity
  8
DIM
 62
     8
440
 16777216
370
    -2
100
AcDbLine
 10
39350.99052684432
 20
5588.573918018983
 30
0.0
 11
39350.99052684432
 21
3472.222375849756
 31
0.0
  0
LINE
  5
59F
330
59C
100
AcDbEntity
  8
DIM
 62
     8
440
 16777216
370
    -2
100
AcDbLine
 10
41350.6011626613
 20
5588.573918018983
 30
0.0
 11
41350.6011626613
 21
3472.222375849756
 31
0.0
  0
LINE
  5
5A0
330
59C
100
AcDbEntity
  8
DIM
 62
     8
440
 16777216
370
    -2
100
AcDbLine
 10
39600.99052684432
 20
3572.222375849756
 30
0.0
 11
41100.6011626613
 21
3572.222375849756
 31
0.0
  0
INSERT
  5
5A1
330
59C
100
AcDbEntity
  8
DIM
 62
     8
440
 16777216
370
    -2
100
AcDbBlockReference
  2
DIM1
 10
39350.99052684432
 20
3572.222375849756
 30
0.0
 41
250.0
 42
250.0
 43
250.0
 50
180.0
  0
INSERT
  5
5A2
330
59C
100
AcDbEntity
  8
DIM
 62
     8
440
 16777216
370
    -2
100
AcDbBlockReference
  2
DIM1
 10
41350.6011626613
 20
3572.222375849756
 30
0.0
 41
250.0
 42
250.0
 43
250.0
  0
MTEXT
  5
5A3
330
59C
100
AcDbEntity
  8
DIM
 62
     3
440
 16777216
100
AcDbMText
 10
40350.79584475278
 20
3797.222375849756
 30
0.0
 40
250.0
 41
0.0
 46
0.0
 71
     5
 72
     1
  1
\A1;400
  7
ROMANS
 73
     1
 44
1.0
  0
POINT
  5
5A4
330
59C
100
AcDbEntity
  8
DEFPOINTS
 62
     0
440
 16777216
100
AcDbPoint
 10
39350.99052684432
 20
5688.573918018983
 30
0.0
  0
POINT
  5
5A5
330
59C
100
AcDbEntity
  8
DEFPOINTS
 62
     0
440
 16777216
100
AcDbPoint
 10
41350.6011626613
 20
5688.573918018983
 30
0.0
  0
POINT
  5
5A6
330
59C
100
AcDbEntity
  8
DEFPOINTS
 62
     0
440
 16777216
100
AcDbPoint
 10
41350.6011626613
 20
3572.222375849756
 30
0.0
  0
ENDBLK
  5
5A7
330
59C
100
AcDbEntity
  8
0
100
AcDbBlockEnd
  0
BLOCK
  5
5A9
330
5A8
100
AcDbEntity
  8
0
100
AcDbBlockBegin
  2
*D14
 70
     1
 10
0.0
 20
0.0
 30
0.0
  3
*D14
  1

  0
LINE
  5
5AA
330
5A8
100
AcDbEntity
  8
DIM
 62
     8
440
 16777216
370
    -2
100
AcDbLine
 10
35235.07675606051
 20
14536.87044971833
 30
0.0
 11
35235.07675606051
 21
25209.7590772274
 31
0.0
  0
LINE
  5
5AB
330
5A8
100
AcDbEntity
  8
DIM
 62
     8
440
 16777216
370
    -2
100
AcDbLine
 10
25037.06251339386
 20
22035.41033403205
 30
0.0
 11
25037.06251339386
 21
25209.7590772274
 31
0.0
  0
LINE
  5
5AC
330
5A8
100
AcDbEntity
  8
DIM
 62
     8
440
 16777216
370
    -2
100
AcDbLine
 10
34985.07675606051
 20
25109.7590772274
 30
0.0
 11
25287.06251339386
 21
25109.7590772274
 31
0.0
  0
INSERT
  5
5AD
330
5A8
100
AcDbEntity
  8
DIM
 62
     8
440
 16777216
370
    -2
100
AcDbBlockReference
  2
DIM1
 10
35235.07675606051
 20
25109.7590772274
 30
0.0
 41
250.0
 42
250.0
 43
250.0
  0
INSERT
  5
5AE
330
5A8
100
AcDbEntity
  8
DIM
 62
     8
440
 16777216
370
    -2
100
AcDbBlockReference
  2
DIM1
 10
25037.06251339386
 20
25109.7590772274
 30
0.0
 41
250.0
 42
250.0
 43
250.0
 50
180.0
  0
MTEXT
  5
5AF
330
5A8
100
AcDbEntity
  8
DIM
 62
     3
440
 16777216
100
AcDbMText
 10
30136.06963472719
 20
25334.7590772274
 30
0.0
 40
250.0
 41
0.0
 46
0.0
 71
     5
 72
     1
  1
\A1;TREADS
  7
ROMANS
 73
     1
 44
1.0
  0
POINT
  5
5B0
330
5A8
100
AcDbEntity
  8
DEFPOINTS
 62
     0
440
 16777216
100
AcDbPoint
 10
35235.07675606051
 20
14436.87044971833
 30
0.0
  0
POINT
  5
5B1
330
5A8
100
AcDbEntity
  8
DEFPOINTS
 62
     0
440
 16777216
100
AcDbPoint
 10
25037.06251339386
 20
21935.41033403204
 30
0.0
  0
POINT
  5
5B2
330
5A8
100
AcDbEntity
  8
DEFPOINTS
 62
     0
440
 16777216
100
AcDbPoint
 10
25037.06251339386
 20
25109.7590772274
 30
0.0
  0
ENDBLK
  5
5B3
330
5A8
100
AcDbEntity
  8
0
100
AcDbBlockEnd
  0
BLOCK
  5
5B5
330
5B4
100
AcDbEntity
  8
0
100
AcDbBlockBegin
  2
*D15
 70
     1
 10
0.0
 20
0.0
 30
0.0
  3
*D15
  1

  0
LINE
  5
5B6
330
5B4
100
AcDbEntity
  8
DIM
 62
     8
440
 16777216
370
    -2
100
AcDbLine
 10
18598.91447290275
 20
16306.04781384521
 30
0.0
 11
18598.91447290275
 21
17693.51401211103
 31
0.0
  0
LINE
  5
5B7
330
5B4
100
AcDbEntity
  8
DIM
 62
     8
440
 16777216
370
    -2
100
AcDbLine
 10
39984.15201612576
 20
16292.70483002231
 30
0.0
 11
39984.15201612576
 21
17693.51401211103
 31
0.0
  0
LINE
  5
5B8
330
5B4
100
AcDbEntity
  8
DIM
 62
     8
440
 16777216
370
    -2
100
AcDbLine
 10
18848.91447290275
 20
17593.51401211103
 30
0.0
 11
39734.15201612576
 21
17593.51401211103
 31
0.0
  0
INSERT
  5
5B9
330
5B4
100
AcDbEntity
  8
DIM
 62
     8
440
 16777216
370
    -2
100
AcDbBlockReference
  2
DIM1
 10
18598.91447290275
 20
17593.51401211103
 30
0.0
 41
250.0
 42
250.0
 43
250.0
 50
180.0
  0
INSERT
  5
5BA
330
5B4
100
AcDbEntity
  8
DIM
 62
     8
440
 16777216
370
    -2
100
AcDbBlockReference
  2
DIM1
 10
39984.15201612576
 20
17593.51401211103
 30
0.0
 41
250.0
 42
250.0
 43
250.0
  0
MTEXT
  5
5BB
330
5B4
100
AcDbEntity
  8
DIM
 62
     3
440
 16777216
100
AcDbMText
 10
29291.53324451426
 20
17818.51401211103
 30
0.0
 40
250.0
 41
0.0
 46
0.0
 71
     5
 72
     1
  1
\A1;S T A I R  S P A N
  7
ROMANS
 73
     1
 44
1.0
  0
MTEXT
  5
5BC
330
5B4
100
AcDbEntity
  8
DIM
 62
     3
440
 16777216
100
AcDbMText
 10
29291.53324451426
 20
17303.03782163484
 30
0.0
 40
250.0
 41
0.0
 46
0.0
 71
     5
 72
     1
  1
\A1;( S E E   T A B L E )
  7
ROMANS
 73
     1
 44
1.0
  0
POINT
  5
5BD
330
5B4
100
AcDbEntity
  8
DEFPOINTS
 62
     0
440
 16777216
100
AcDbPoint
 10
18598.91447290275
 20
16206.04781384521
 30
0.0
  0
POINT
  5
5BE
330
5B4
100
AcDbEntity
  8
DEFPOINTS
 62
     0
440
 16777216
100
AcDbPoint
 10
39984.15201612576
 20
16192.70483002231
 30
0.0
  0
POINT
  5
5BF
330
5B4
100
AcDbEntity
  8
DEFPOINTS
 62
     0
440
 16777216
100
AcDbPoint
 10
39984.15201612576
 20
17593.51401211103
 30
0.0
  0
ENDBLK
  5
5C0
330
5B4
100
AcDbEntity
  8
0
100
AcDbBlockEnd
  0
BLOCK
  5
5C2
330
5C1
100
AcDbEntity
  8
0
100
AcDbBlockBegin
  2
*D16
 70
     1
 10
0.0
 20
0.0
 30
0.0
  3
*D16
  1

  0
LINE
  5
5C3
330
5C1
100
AcDbEntity
  8
DIM
 62
     8
440
 16777216
370
    -2
100
AcDbLine
 10
39901.5841687368
 20
14356.90549249479
 30
0.0
 11
39901.5841687368
 21
16820.25166375231
 31
0.0
  0
LINE
  5
5C4
330
5C1
100
AcDbEntity
  8
DIM
 62
     8
440
 16777216
370
    -2
100
AcDbLine
 10
37496.76797054711
 20
14356.90549249479
 30
0.0
 11
37496.76797054711
 21
16820.25166375231
 31
0.0
  0
LINE
  5
5C5
330
5C1
100
AcDbEntity
  8
DIM
 62
     8
440
 16777216
370
    -2
100
AcDbLine
 10
39651.5841687368
 20
16720.25166375231
 30
0.0
 11
37746.76797054711
 21
16720.25166375231
 31
0.0
  0
INSERT
  5
5C6
330
5C1
100
AcDbEntity
  8
DIM
 62
     8
440
 16777216
370
    -2
100
AcDbBlockReference
  2
DIM1
 10
39901.5841687368
 20
16720.25166375231
 30
0.0
 41
250.0
 42
250.0
 43
250.0
  0
INSERT
  5
5C7
330
5C1
100
AcDbEntity
  8
DIM
 62
     8
440
 16777216
370
    -2
100
AcDbBlockReference
  2
DIM1
 10
37496.76797054711
 20
16720.25166375231
 30
0.0
 41
250.0
 42
250.0
 43
250.0
 50
180.0
  0
MTEXT
  5
5C8
330
5C1
100
AcDbEntity
  8
DIM
 62
     3
440
 16777216
100
AcDbMText
 10
38699.17606964195
 20
16945.2516637523
 30
0.0
 40
250.0
 41
0.0
 46
0.0
 71
     5
 72
     1
  1
\A1;Ld
  7
ROMANS
 73
     1
 44
1.0
  0
POINT
  5
5C9
330
5C1
100
AcDbEntity
  8
DEFPOINTS
 62
     0
440
 16777216
100
AcDbPoint
 10
39901.5841687368
 20
14256.9054924948
 30
0.0
  0
POINT
  5
5CA
330
5C1
100
AcDbEntity
  8
DEFPOINTS
 62
     0
440
 16777216
100
AcDbPoint
 10
37496.76797054711
 20
14256.9054924948
 30
0.0
  0
POINT
  5
5CB
330
5C1
100
AcDbEntity
  8
DEFPOINTS
 62
     0
440
 16777216
100
AcDbPoint
 10
37496.76797054711
 20
16720.25166375231
 30
0.0
  0
ENDBLK
  5
5CC
330
5C1
100
AcDbEntity
  8
0
100
AcDbBlockEnd
  0
BLOCK
  5
5CE
330
5CD
100
AcDbEntity
  8
0
100
AcDbBlockBegin
  2
*D17
 70
     1
 10
0.0
 20
0.0
 30
0.0
  3
*D17
  1

  0
LINE
  5
5CF
330
5CD
100
AcDbEntity
  8
DIM
 62
     8
440
 16777216
370
    -2
100
AcDbLine
 10
18598.91447290275
 20
25034.82628775753
 30
0.0
 11
18598.91447290275
 21
26422.29248602335
 31
0.0
  0
LINE
  5
5D0
330
5CD
100
AcDbEntity
  8
DIM
 62
     8
440
 16777216
370
    -2
100
AcDbLine
 10
39984.15201612576
 20
25021.48330393463
 30
0.0
 11
39984.15201612576
 21
26422.29248602335
 31
0.0
  0
LINE
  5
5D1
330
5CD
100
AcDbEntity
  8
DIM
 62
     8
440
 16777216
370
    -2
100
AcDbLine
 10
18848.91447290275
 20
26322.29248602335
 30
0.0
 11
39734.15201612576
 21
26322.29248602335
 31
0.0
  0
INSERT
  5
5D2
330
5CD
100
AcDbEntity
  8
DIM
 62
     8
440
 16777216
370
    -2
100
AcDbBlockReference
  2
DIM1
 10
18598.91447290275
 20
26322.29248602335
 30
0.0
 41
250.0
 42
250.0
 43
250.0
 50
180.0
  0
INSERT
  5
5D3
330
5CD
100
AcDbEntity
  8
DIM
 62
     8
440
 16777216
370
    -2
100
AcDbBlockReference
  2
DIM1
 10
39984.15201612576
 20
26322.29248602335
 30
0.0
 41
250.0
 42
250.0
 43
250.0
  0
MTEXT
  5
5D4
330
5CD
100
AcDbEntity
  8
DIM
 62
     3
440
 16777216
100
AcDbMText
 10
29291.53324451426
 20
26547.29248602335
 30
0.0
 40
250.0
 41
0.0
 46
0.0
 71
     5
 72
     1
  1
\A1;V E R I F Y
  7
ROMANS
 73
     1
 44
1.0
  0
POINT
  5
5D5
330
5CD
100
AcDbEntity
  8
DEFPOINTS
 62
     0
440
 16777216
100
AcDbPoint
 10
18598.91447290275
 20
24934.82628775753
 30
0.0
  0
POINT
  5
5D6
330
5CD
100
AcDbEntity
  8
DEFPOINTS
 62
     0
440
 16777216
100
AcDbPoint
 10
39984.15201612576
 20
24921.48330393463
 30
0.0
  0
POINT
  5
5D7
330
5CD
100
AcDbEntity
  8
DEFPOINTS
 62
     0
440
 16777216
100
AcDbPoint
 10
39984.15201612576
 20
26322.29248602335
 30
0.0
  0
ENDBLK
  5
5D8
330
5CD
100
AcDbEntity
  8
0
100
AcDbBlockEnd
  0
BLOCK
  5
5DA
330
5D9
100
AcDbEntity
  8
0
100
AcDbBlockBegin
  2
*D18
 70
     1
 10
0.0
 20
0.0
 30
0.0
  3
*D18
  1

  0
LINE
  5
5DB
330
5D9
100
AcDbEntity
  8
DIM
 62
     8
440
 16777216
370
    -2
100
AcDbLine
 10
14251.36307420457
 20
6938.330565404595
 30
0.0
 11
12396.40766397273
 21
6938.330565404595
 31
0.0
  0
LINE
  5
5DC
330
5D9
100
AcDbEntity
  8
DIM
 62
     8
440
 16777216
370
    -2
100
AcDbLine
 10
14882.17104307076
 20
21935.41033403204
 30
0.0
 11
12396.40766397274
 21
21935.41033403204
 31
0.0
  0
LINE
  5
5DD
330
5D9
100
AcDbEntity
  8
DIM
 62
     8
440
 16777216
370
    -2
100
AcDbLine
 10
12496.40766397273
 20
7188.330565404595
 30
0.0
 11
12496.40766397274
 21
21685.41033403204
 31
0.0
  0
INSERT
  5
5DE
330
5D9
100
AcDbEntity
  8
DIM
 62
     8
440
 16777216
370
    -2
100
AcDbBlockReference
  2
DIM1
 10
12496.40766397273
 20
6938.330565404595
 30
0.0
 41
250.0
 42
250.0
 43
250.0
 50
270.0
  0
INSERT
  5
5DF
330
5D9
100
AcDbEntity
  8
DIM
 62
     8
440
 16777216
370
    -2
100
AcDbBlockReference
  2
DIM1
 10
12496.40766397274
 20
21935.41033403204
 30
0.0
 41
250.0
 42
250.0
 43
250.0
 50
90.0
  0
MTEXT
  5
5E0
330
5D9
100
AcDbEntity
  8
DIM
 62
     3
440
 16777216
100
AcDbMText
 10
12271.40766397273
 20
14436.87044971832
 30
0.0
 40
250.0
 41
0.0
 46
0.0
 71
     5
 72
     1
  1
\A1;3000
  7
ROMANS
 11
0.0000000000000001
 21
1.0
 31
0.0
 73
     1
 44
1.0
  0
POINT
  5
5E1
330
5D9
100
AcDbEntity
  8
DEFPOINTS
 62
     0
440
 16777216
100
AcDbPoint
 10
14351.36307420457
 20
6938.330565404594
 30
0.0
  0
POINT
  5
5E2
330
5D9
100
AcDbEntity
  8
DEFPOINTS
 62
     0
440
 16777216
100
AcDbPoint
 10
14982.17104307076
 20
21935.41033403204
 30
0.0
  0
POINT
  5
5E3
330
5D9
100
AcDbEntity
  8
DEFPOINTS
 62
     0
440
 16777216
100
AcDbPoint
 10
12496.40766397274
 20
21935.41033403204
 30
0.0
  0
ENDBLK
  5
5E4
330
5D9
100
AcDbEntity
  8
0
100
AcDbBlockEnd
  0
BLOCK
  5
5E6
330
5E5
100
AcDbEntity
  8
0
100
AcDbBlockBegin
  2
*D19
 70
     1
 10
0.0
 20
0.0
 30
0.0
  3
*D19
  1

  0
LINE
  5
5E7
330
5E5
100
AcDbEntity
  8
DIM
 62
     8
440
 16777216
370
    -2
100
AcDbLine
 10
42797.69525306149
 20
43740.83376859357
 30
0.0
 11
40443.29102635313
 21
47045.53558734148
 31
0.0
  0
LINE
  5
5E8
330
5E5
100
AcDbEntity
  8
DIM
 62
     8
440
 16777216
370
    -2
100
AcDbLine
 10
39299.27064031381
 20
42035.9587125641
 30
0.0
 11
37317.04057534193
 21
44818.26738606139
 31
0.0
  0
LINE
  5
5E9
330
5E5
100
AcDbEntity
  8
DIM
 62
     8
440
 16777216
370
    -2
100
AcDbLine
 10
40297.70441349908
 20
46819.03053627709
 30
0.0
 11
37578.67574400479
 21
44881.88372451903
 31
0.0
  0
INSERT
  5
5EA
330
5E5
100
AcDbEntity
  8
DIM
 62
     8
440
 16777216
370
    -2
100
AcDbBlockReference
  2
DIM1
 10
40501.31530425754
 20
46964.0912310381
 30
0.0
 41
250.0
 42
250.0
 43
250.0
 50
35.46762023503826
  0
INSERT
  5
5EB
330
5E5
100
AcDbEntity
  8
DIM
 62
     8
440
 16777216
370
    -2
100
AcDbBlockReference
  2
DIM1
 10
37375.06485324634
 20
44736.82302975801
 30
0.0
 41
250.0
 42
250.0
 43
250.0
 50
215.4676202350382
  0
MTEXT
  5
5EC
330
5E5
100
AcDbEntity
  8
DIM
 62
     3
440
 16777216
100
AcDbMText
 10
38769.64336674391
 20
46087.03359394597
 30
0.0
 40
250.0
 41
0.0
 46
0.0
 71
     5
 72
     1
  1
\A1;L/4
  7
ROMANS
 11
0.8144435630338213
 21
0.5802427790440601
 31
0.0
 73
     1
 44
1.0
  0
POINT
  5
5ED
330
5E5
100
AcDbEntity
  8
DEFPOINTS
 62
     0
440
 16777216
100
AcDbPoint
 10
42855.7195309659
 20
43659.38941229019
 30
0.0
  0
POINT
  5
5EE
330
5E5
100
AcDbEntity
  8
DEFPOINTS
 62
     0
440
 16777216
100
AcDbPoint
 10
39357.29491821821
 20
41954.51435626073
 30
0.0
  0
POINT
  5
5EF
330
5E5
100
AcDbEntity
  8
DEFPOINTS
 62
     0
440
 16777216
100
AcDbPoint
 10
37375.06485324634
 20
44736.82302975801
 30
0.0
  0
ENDBLK
  5
5F0
330
5E5
100
AcDbEntity
  8
0
100
AcDbBlockEnd
  0
BLOCK
  5
5F2
330
5F1
100
AcDbEntity
  8
0
100
AcDbBlockBegin
  2
*D20
 70
     1
 10
0.0
 20
0.0
 30
0.0
  3
*D20
  1

  0
LINE
  5
5F3
330
5F1
100
AcDbEntity
  8
DIM
 62
     8
440
 16777216
370
    -2
100
AcDbLine
 10
42797.69525306151
 20
43740.83376859357
 30
0.0
 11
39473.31041967338
 21
48407.02510502144
 31
0.0
  0
LINE
  5
5F4
330
5F1
100
AcDbEntity
  8
DIM
 62
     8
440
 16777216
370
    -2
100
AcDbLine
 10
29518.3494349523
 20
36332.62996098482
 30
0.0
 11
27163.94520823583
 21
39637.3317797441
 31
0.0
  0
LINE
  5
5F5
330
5F1
100
AcDbEntity
  8
DIM
 62
     8
440
 16777216
370
    -2
100
AcDbLine
 10
39327.72380681933
 20
48180.52005395704
 30
0.0
 11
27425.58037689869
 21
39700.94811820173
 31
0.0
  0
INSERT
  5
5F6
330
5F1
100
AcDbEntity
  8
DIM
 62
     8
440
 16777216
370
    -2
100
AcDbBlockReference
  2
DIM1
 10
39531.33469757778
 20
48325.58074871807
 30
0.0
 41
250.0
 42
250.0
 43
250.0
 50
35.46762023503826
  0
INSERT
  5
5F7
330
5F1
100
AcDbEntity
  8
DIM
 62
     8
440
 16777216
370
    -2
100
AcDbBlockReference
  2
DIM1
 10
27221.96948614024
 20
39555.88742344072
 30
0.0
 41
250.0
 42
250.0
 43
250.0
 50
215.4676202350382
  0
MTEXT
  5
5F8
330
5F1
100
AcDbEntity
  8
DIM
 62
     3
440
 16777216
100
AcDbMText
 10
33246.09746657409
 20
44123.98388776199
 30
0.0
 40
250.0
 41
0.0
 46
0.0
 71
     5
 72
     1
  1
\A1;L
  7
ROMANS
 11
0.8144435630338213
 21
0.5802427790440601
 31
0.0
 73
     1
 44
1.0
  0
POINT
  5
5F9
330
5F1
100
AcDbEntity
  8
DEFPOINTS
 62
     0
440
 16777216
100
AcDbPoint
 10
42855.71953096591
 20
43659.38941229019
 30
0.0
  0
POINT
  5
5FA
330
5F1
100
AcDbEntity
  8
DEFPOINTS
 62
     0
440
 16777216
100
AcDbPoint
 10
29576.37371285671
 20
36251.18560468143
 30
0.0
  0
POINT
  5
5FB
330
5F1
100
AcDbEntity
  8
DEFPOINTS
 62
     0
440
 16777216
100
AcDbPoint
 10
27221.96948614024
 20
39555.88742344072
 30
0.0
  0
ENDBLK
  5
5FC
330
5F1
100
AcDbEntity
  8
0
100
AcDbBlockEnd
  0
BLOCK
  5
5FE
330
5FD
100
AcDbEntity
  8
0
100
AcDbBlockBegin
  2
*D21
 70
     1
 10
0.0
 20
0.0
 30
0.0
  3
*D21
  1

  0
LINE
  5
5FF
330
5FD
100
AcDbEntity
  8
DIM
 62
     8
440
 16777216
370
    -2
100
AcDbLine
 10
33451.20632031367
 20
37869.55940989236
 30
0.0
 11
31468.9762553493
 21
40651.86808337912
 31
0.0
  0
LINE
  5
600
330
5FD
100
AcDbEntity
  8
DIM
 62
     8
440
 16777216
370
    -2
100
AcDbLine
 10
30488.33004165827
 20
34971.14044327782
 30
0.0
 11
28133.92581494181
 21
38275.84226203709
 31
0.0
  0
LINE
  5
601
330
5FD
100
AcDbEntity
  8
DIM
 62
     8
440
 16777216
370
    -2
100
AcDbLine
 10
31323.38964249525
 20
40425.36303231472
 30
0.0
 11
28395.56098360466
 21
38339.45860049473
 31
0.0
  0
INSERT
  5
602
330
5FD
100
AcDbEntity
  8
DIM
 62
     8
440
 16777216
370
    -2
100
AcDbBlockReference
  2
DIM1
 10
31527.00053325371
 20
40570.42372707574
 30
0.0
 41
250.0
 42
250.0
 43
250.0
 50
35.46762023503826
  0
INSERT
  5
603
330
5FD
100
AcDbEntity
  8
DIM
 62
     8
440
 16777216
370
    -2
100
AcDbBlockReference
  2
DIM1
 10
28191.95009284621
 20
38194.39790573372
 30
0.0
 41
250.0
 42
250.0
 43
250.0
 50
215.4676202350382
  0
MTEXT
  5
604
330
5FD
100
AcDbEntity
  8
DIM
 62
     3
440
 16777216
100
AcDbMText
 10
29690.92860104193
 20
39618.98727995264
 30
0.0
 40
250.0
 41
0.0
 46
0.0
 71
     5
 72
     1
  1
\A1;L/4
  7
ROMANS
 11
0.8144435630338213
 21
0.5802427790440601
 31
0.0
 73
     1
 44
1.0
  0
POINT
  5
605
330
5FD
100
AcDbEntity
  8
DEFPOINTS
 62
     0
440
 16777216
100
AcDbPoint
 10
33509.23059821808
 20
37788.11505358898
 30
0.0
  0
POINT
  5
606
330
5FD
100
AcDbEntity
  8
DEFPOINTS
 62
     0
440
 16777216
100
AcDbPoint
 10
30546.35431956268
 20
34889.69608697443
 30
0.0
  0
POINT
  5
607
330
5FD
100
AcDbEntity
  8
DEFPOINTS
 62
     0
440
 16777216
100
AcDbPoint
 10
28191.95009284621
 20
38194.39790573372
 30
0.0
  0
ENDBLK
  5
608
330
5FD
100
AcDbEntity
  8
0
100
AcDbBlockEnd
  0
BLOCK
  5
60A
330
609
100
AcDbEntity
  8
0
100
AcDbBlockBegin
  2
*D22
 70
     1
 10
0.0
 20
0.0
 30
0.0
  3
*D22
  1

  0
LINE
  5
60B
330
609
100
AcDbEntity
  8
DIM
 62
     8
440
 16777216
370
    -2
100
AcDbLine
 10
47973.46094960456
 20
25034.82628775753
 30
0.0
 11
47973.46094960456
 21
26422.29248602335
 31
0.0
  0
LINE
  5
60C
330
609
100
AcDbEntity
  8
DIM
 62
     8
440
 16777216
370
    -2
100
AcDbLine
 10
70643.01036581031
 20
25021.48330393463
 30
0.0
 11
70643.01036581031
 21
26422.29248602335
 31
0.0
  0
LINE
  5
60D
330
609
100
AcDbEntity
  8
DIM
 62
     8
440
 16777216
370
    -2
100
AcDbLine
 10
48223.46094960456
 20
26322.29248602335
 30
0.0
 11
70393.0103658103
 21
26322.29248602335
 31
0.0
  0
INSERT
  5
60E
330
609
100
AcDbEntity
  8
DIM
 62
     8
440
 16777216
370
    -2
100
AcDbBlockReference
  2
DIM1
 10
47973.46094960456
 20
26322.29248602335
 30
0.0
 41
250.0
 42
250.0
 43
250.0
 50
180.0
  0
INSERT
  5
60F
330
609
100
AcDbEntity
  8
DIM
 62
     8
440
 16777216
370
    -2
100
AcDbBlockReference
  2
DIM1
 10
70643.01036581031
 20
26322.29248602335
 30
0.0
 41
250.0
 42
250.0
 43
250.0
  0
MTEXT
  5
610
330
609
100
AcDbEntity
  8
DIM
 62
     3
440
 16777216
100
AcDbMText
 10
59308.23565770744
 20
26547.29248602335
 30
0.0
 40
250.0
 41
0.0
 46
0.0
 71
     5
 72
     1
  1
\A1;V E R I F Y
  7
ROMANS
 73
     1
 44
1.0
  0
POINT
  5
611
330
609
100
AcDbEntity
  8
DEFPOINTS
 62
     0
440
 16777216
100
AcDbPoint
 10
47973.46094960456
 20
24934.82628775753
 30
0.0
  0
POINT
  5
612
330
609
100
AcDbEntity
  8
DEFPOINTS
 62
     0
440
 16777216
100
AcDbPoint
 10
70643.01036581031
 20
24921.48330393463
 30
0.0
  0
POINT
  5
613
330
609
100
AcDbEntity
  8
DEFPOINTS
 62
     0
440
 16777216
100
AcDbPoint
 10
70643.01036581031
 20
26322.29248602335
 30
0.0
  0
ENDBLK
  5
614
330
609
100
AcDbEntity
  8
0
100
AcDbBlockEnd
  0
BLOCK
  5
616
330
615
100
AcDbEntity
  8
0
100
AcDbBlockBegin
  2
*D23
 70
     1
 10
0.0
 20
0.0
 30
0.0
  3
*D23
  1

  0
LINE
  5
617
330
615
100
AcDbEntity
  8
DIM
 62
     8
440
 16777216
370
    -2
100
AcDbLine
 10
47973.46094960456
 20
9561.454665452474
 30
0.0
 11
47973.46094960456
 21
10948.92086371829
 31
0.0
  0
LINE
  5
618
330
615
100
AcDbEntity
  8
DIM
 62
     8
440
 16777216
370
    -2
100
AcDbLine
 10
70643.01036581031
 20
9548.111681629571
 30
0.0
 11
70643.01036581031
 21
10948.92086371829
 31
0.0
  0
LINE
  5
619
330
615
100
AcDbEntity
  8
DIM
 62
     8
440
 16777216
370
    -2
100
AcDbLine
 10
48223.46094960456
 20
10848.92086371829
 30
0.0
 11
70393.0103658103
 21
10848.92086371829
 31
0.0
  0
INSERT
  5
61A
330
615
100
AcDbEntity
  8
DIM
 62
     8
440
 16777216
370
    -2
100
AcDbBlockReference
  2
DIM1
 10
47973.46094960456
 20
10848.92086371829
 30
0.0
 41
250.0
 42
250.0
 43
250.0
 50
180.0
  0
INSERT
  5
61B
330
615
100
AcDbEntity
  8
DIM
 62
     8
440
 16777216
370
    -2
100
AcDbBlockReference
  2
DIM1
 10
70643.01036581031
 20
10848.92086371829
 30
0.0
 41
250.0
 42
250.0
 43
250.0
  0
MTEXT
  5
61C
330
615
100
AcDbEntity
  8
DIM
 62
     3
440
 16777216
100
AcDbMText
 10
59308.23565770744
 20
11073.92086371829
 30
0.0
 40
250.0
 41
0.0
 46
0.0
 71
     5
 72
     1
  1
\A1;S T A I R  S P A N
  7
ROMANS
 73
     1
 44
1.0
  0
MTEXT
  5
61D
330
615
100
AcDbEntity
  8
DIM
 62
     3
440
 16777216
100
AcDbMText
 10
59308.23565770744
 20
10558.4446732421
 30
0.0
 40
250.0
 41
0.0
 46
0.0
 71
     5
 72
     1
  1
\A1;( S E E   T A B L E )
  7
ROMANS
 73
     1
 44
1.0
  0
POINT
  5
61E
330
615
100
AcDbEntity
  8
DEFPOINTS
 62
     0
440
 16777216
100
AcDbPoint
 10
47973.46094960456
 20
9461.454665452475
 30
0.0
  0
POINT
  5
61F
330
615
100
AcDbEntity
  8
DEFPOINTS
 62
     0
440
 16777216
100
AcDbPoint
 10
70643.01036581031
 20
9448.111681629571
 30
0.0
  0
POINT
  5
620
330
615
100
AcDbEntity
  8
DEFPOINTS
 62
     0
440
 16777216
100
AcDbPoint
 10
70643.01036581031
 20
10848.92086371829
 30
0.0
  0
ENDBLK
  5
621
330
615
100
AcDbEntity
  8
0
100
AcDbBlockEnd
  0
BLOCK
  5
623
330
622
100
AcDbEntity
  8
0
100
AcDbBlockBegin
  2
*D24
 70
     1
 10
0.0
 20
0.0
 30
0.0
  3
*D24
  1

  0
LINE
  5
624
330
622
100
AcDbEntity
  8
DIM
 62
     8
440
 16777216
370
    -2
100
AcDbLine
 10
53122.45833683334
 20
14536.87044971833
 30
0.0
 11
53122.45833683334
 21
25209.7590772274
 31
0.0
  0
LINE
  5
625
330
622
100
AcDbEntity
  8
DIM
 62
     8
440
 16777216
370
    -2
100
AcDbLine
 10
63320.47257949999
 20
21202.23923510853
 30
0.0
 11
63320.47257949999
 21
25209.7590772274
 31
0.0
  0
LINE
  5
626
330
622
100
AcDbEntity
  8
DIM
 62
     8
440
 16777216
370
    -2
100
AcDbLine
 10
53372.45833683334
 20
25109.7590772274
 30
0.0
 11
63070.47257949998
 21
25109.7590772274
 31
0.0
  0
INSERT
  5
627
330
622
100
AcDbEntity
  8
DIM
 62
     8
440
 16777216
370
    -2
100
AcDbBlockReference
  2
DIM1
 10
53122.45833683334
 20
25109.7590772274
 30
0.0
 41
250.0
 42
250.0
 43
250.0
 50
180.0
  0
INSERT
  5
628
330
622
100
AcDbEntity
  8
DIM
 62
     8
440
 16777216
370
    -2
100
AcDbBlockReference
  2
DIM1
 10
63320.47257949999
 20
25109.7590772274
 30
0.0
 41
250.0
 42
250.0
 43
250.0
  0
MTEXT
  5
629
330
622
100
AcDbEntity
  8
DIM
 62
     3
440
 16777216
100
AcDbMText
 10
58221.46545816667
 20
25334.7590772274
 30
0.0
 40
250.0
 41
0.0
 46
0.0
 71
     5
 72
     1
  1
\A1;TREADS
  7
ROMANS
 73
     1
 44
1.0
  0
POINT
  5
62A
330
622
100
AcDbEntity
  8
DEFPOINTS
 62
     0
440
 16777216
100
AcDbPoint
 10
53122.45833683334
 20
14436.87044971833
 30
0.0
  0
POINT
  5
62B
330
622
100
AcDbEntity
  8
DEFPOINTS
 62
     0
440
 16777216
100
AcDbPoint
 10
63320.47257949999
 20
21102.23923510853
 30
0.0
  0
POINT
  5
62C
330
622
100
AcDbEntity
  8
DEFPOINTS
 62
     0
440
 16777216
100
AcDbPoint
 10
63320.47257949999
 20
25109.7590772274
 30
0.0
  0
ENDBLK
  5
62D
330
622
100
AcDbEntity
  8
0
100
AcDbBlockEnd
  0
BLOCK
  5
62F
330
62E
100
AcDbEntity
  8
0
100
AcDbBlockBegin
  2
*D25
 70
     1
 10
0.0
 20
0.0
 30
0.0
  3
*D25
  1

  0
LINE
  5
630
330
62E
100
AcDbEntity
  8
DIM
 62
     8
440
 16777216
370
    -2
100
AcDbLine
 10
65689.57606103469
 20
22035.41033403205
 30
0.0
 11
65689.57606103469
 21
25209.7590772274
 31
0.0
  0
LINE
  5
631
330
62E
100
AcDbEntity
  8
DIM
 62
     8
440
 16777216
370
    -2
100
AcDbLine
 10
68189.08935580582
 20
22035.41033403207
 30
0.0
 11
68189.08935580582
 21
25209.7590772274
 31
0.0
  0
LINE
  5
632
330
62E
100
AcDbEntity
  8
DIM
 62
     8
440
 16777216
370
    -2
100
AcDbLine
 10
65939.57606103469
 20
25109.7590772274
 30
0.0
 11
67939.08935580581
 21
25109.7590772274
 31
0.0
  0
INSERT
  5
633
330
62E
100
AcDbEntity
  8
DIM
 62
     8
440
 16777216
370
    -2
100
AcDbBlockReference
  2
DIM1
 10
65689.57606103469
 20
25109.7590772274
 30
0.0
 41
250.0
 42
250.0
 43
250.0
 50
180.0
  0
INSERT
  5
634
330
62E
100
AcDbEntity
  8
DIM
 62
     8
440
 16777216
370
    -2
100
AcDbBlockReference
  2
DIM1
 10
68189.08935580582
 20
25109.7590772274
 30
0.0
 41
250.0
 42
250.0
 43
250.0
  0
MTEXT
  5
635
330
62E
100
AcDbEntity
  8
DIM
 62
     3
440
 16777216
100
AcDbMText
 10
66939.33270842026
 20
25334.7590772274
 30
0.0
 40
250.0
 41
0.0
 46
0.0
 71
     5
 72
     1
  1
\A1;Ld
  7
ROMANS
 73
     1
 44
1.0
  0
POINT
  5
636
330
62E
100
AcDbEntity
  8
DEFPOINTS
 62
     0
440
 16777216
100
AcDbPoint
 10
65689.57606103469
 20
21935.41033403204
 30
0.0
  0
POINT
  5
637
330
62E
100
AcDbEntity
  8
DEFPOINTS
 62
     0
440
 16777216
100
AcDbPoint
 10
68189.08935580582
 20
21935.41033403207
 30
0.0
  0
POINT
  5
638
330
62E
100
AcDbEntity
  8
DEFPOINTS
 62
     0
440
 16777216
100
AcDbPoint
 10
68189.08935580582
 20
25109.7590772274
 30
0.0
  0
ENDBLK
  5
639
330
62E
100
AcDbEntity
  8
0
100
AcDbBlockEnd
  0
BLOCK
  5
63B
330
63A
100
AcDbEntity
  8
0
100
AcDbBlockBegin
  2
*D26
 70
     1
 10
0.0
 20
0.0
 30
0.0
  3
*D26
  1

  0
LINE
  5
63C
330
63A
100
AcDbEntity
  8
DIM
 62
     8
440
 16777216
370
    -2
100
AcDbLine
 10
73656.89183374209
 20
21935.41033403204
 30
0.0
 11
75509.89492233778
 21
21935.41033403204
 31
0.0
  0
LINE
  5
63D
330
63A
100
AcDbEntity
  8
DIM
 62
     8
440
 16777216
370
    -2
100
AcDbLine
 10
73713.63221539283
 20
6938.330565404699
 30
0.0
 11
75509.89492233778
 21
6938.330565404699
 31
0.0
  0
LINE
  5
63E
330
63A
100
AcDbEntity
  8
DIM
 62
     8
440
 16777216
370
    -2
100
AcDbLine
 10
75409.89492233778
 20
21685.41033403204
 30
0.0
 11
75409.89492233778
 21
7188.330565404699
 31
0.0
  0
INSERT
  5
63F
330
63A
100
AcDbEntity
  8
DIM
 62
     8
440
 16777216
370
    -2
100
AcDbBlockReference
  2
DIM1
 10
75409.89492233778
 20
21935.41033403204
 30
0.0
 41
250.0
 42
250.0
 43
250.0
 50
90.0
  0
INSERT
  5
640
330
63A
100
AcDbEntity
  8
DIM
 62
     8
440
 16777216
370
    -2
100
AcDbBlockReference
  2
DIM1
 10
75409.89492233778
 20
6938.330565404699
 30
0.0
 41
250.0
 42
250.0
 43
250.0
 50
270.0
  0
MTEXT
  5
641
330
63A
100
AcDbEntity
  8
DIM
 62
     3
440
 16777216
100
AcDbMText
 10
75184.89492233778
 20
14436.87044971838
 30
0.0
 40
250.0
 41
0.0
 46
0.0
 71
     5
 72
     1
  1
\A1;3000
  7
ROMANS
 11
0.0000000000000001
 21
1.0
 31
0.0
 73
     1
 44
1.0
  0
POINT
  5
642
330
63A
100
AcDbEntity
  8
DEFPOINTS
 62
     0
440
 16777216
100
AcDbPoint
 10
73556.89183374209
 20
21935.41033403204
 30
0.0
  0
POINT
  5
643
330
63A
100
AcDbEntity
  8
DEFPOINTS
 62
     0
440
 16777216
100
AcDbPoint
 10
73613.63221539283
 20
6938.330565404699
 30
0.0
  0
POINT
  5
644
330
63A
100
AcDbEntity
  8
DEFPOINTS
 62
     0
440
 16777216
100
AcDbPoint
 10
75409.89492233778
 20
6938.330565404699
 30
0.0
  0
ENDBLK
  5
645
330
63A
100
AcDbEntity
  8
0
100
AcDbBlockEnd
  0
BLOCK
  5
647
330
646
100
AcDbEntity
  8
0
100
AcDbBlockBegin
  2
*D27
 70
     1
 10
0.0
 20
0.0
 30
0.0
  3
*D27
  1

  0
LINE
  5
648
330
646
100
AcDbEntity
  8
TG
 62
     8
440
 16777216
370
    -2
100
AcDbLine
 10
74532.4261808262
 20
41815.61214374761
 30
0.0
 11
70895.9283025848
 21
46919.89330984553
 31
0.0
  0
LINE
  5
649
330
646
100
AcDbEntity
  8
TG
 62
     8
440
 16777216
370
    -2
100
AcDbLine
 10
75842.85772466482
 20
43593.95593442312
 30
0.0
 11
72605.56235971767
 21
48137.90627171488
 31
0.0
  0
LINE
  5
64A
330
646
100
AcDbEntity
  8
TG
 62
     8
440
 16777216
370
    -2
100
AcDbLine
 10
71157.56347124683
 20
46983.50964830654
 30
0.0
 11
72459.97574686655
 21
47911.40122064861
 31
0.0
  0
INSERT
  5
64B
330
646
100
AcDbEntity
  8
TG
 62
     8
440
 16777216
370
    -2
100
AcDbBlockReference
  2
DIM1
 10
70953.95258049025
 20
46838.44895354289
 30
0.0
 41
250.0
 42
250.0
 43
250.0
 50
215.4676202357782
  0
INSERT
  5
64C
330
646
100
AcDbEntity
  8
TG
 62
     8
440
 16777216
370
    -2
100
AcDbBlockReference
  2
DIM1
 10
72663.58663762312
 20
48056.46191541225
 30
0.0
 41
250.0
 42
250.0
 43
250.0
 50
35.46762023577823
  0
MTEXT
  5
64D
330
646
100
AcDbEntity
  8
TG
 62
     3
440
 16777216
100
AcDbMText
 10
71640.2228970456
 20
47684.03189802332
 30
0.0
 40
250.0
 41
0.0
 46
0.0
 71
     5
 72
     1
  1
\A1;L2/4
  7
ROMANS
 11
0.8144435630263274
 21
0.5802427790545789
 31
0.0
 73
     1
 44
1.0
  0
POINT
  5
64E
330
646
100
AcDbEntity
  8
DEFPOINTS
 62
     0
440
 16777216
100
AcDbPoint
 10
74590.45045873165
 20
41734.16778744498
 30
0.0
  0
POINT
  5
64F
330
646
100
AcDbEntity
  8
DEFPOINTS
 62
     0
440
 16777216
100
AcDbPoint
 10
75900.88200257027
 20
43512.51157812049
 30
0.0
  0
POINT
  5
650
330
646
100
AcDbEntity
  8
DEFPOINTS
 62
     0
440
 16777216
100
AcDbPoint
 10
72663.58663762312
 20
48056.46191541225
 30
0.0
  0
ENDBLK
  5
651
330
646
100
AcDbEntity
  8
0
100
AcDbBlockEnd
  0
BLOCK
  5
653
330
652
100
AcDbEntity
  8
0
100
AcDbBlockBegin
  2
*D28
 70
     1
 10
0.0
 20
0.0
 30
0.0
  3
*D28
  1

  0
LINE
  5
654
330
652
100
AcDbEntity
  8
DIM
 62
     8
440
 16777216
370
    -2
100
AcDbLine
 10
52181.39036486155
 20
33319.28002213409
 30
0.0
 11
52181.39036486155
 21
32039.50387737329
 31
0.0
  0
LINE
  5
655
330
652
100
AcDbEntity
  8
DIM
 62
     8
440
 16777216
370
    -2
100
AcDbLine
 10
86167.39514740419
 20
43140.46559788884
 30
0.0
 11
86167.39514740419
 21
32039.50387737329
 31
0.0
  0
LINE
  5
656
330
652
100
AcDbEntity
  8
DIM
 62
     8
440
 16777216
370
    -2
100
AcDbLine
 10
52431.39036486155
 20
32139.50387737329
 30
0.0
 11
85917.39514740419
 21
32139.50387737329
 31
0.0
  0
INSERT
  5
657
330
652
100
AcDbEntity
  8
DIM
 62
     8
440
 16777216
370
    -2
100
AcDbBlockReference
  2
DIM1
 10
52181.39036486155
 20
32139.50387737329
 30
0.0
 41
250.0
 42
250.0
 43
250.0
 50
180.0
  0
INSERT
  5
658
330
652
100
AcDbEntity
  8
DIM
 62
     8
440
 16777216
370
    -2
100
AcDbBlockReference
  2
DIM1
 10
86167.39514740419
 20
32139.50387737329
 30
0.0
 41
250.0
 42
250.0
 43
250.0
  0
MTEXT
  5
659
330
652
100
AcDbEntity
  8
DIM
 62
     3
440
 16777216
100
AcDbMText
 10
69174.39275613287
 20
32364.50387737329
 30
0.0
 40
250.0
 41
0.0
 46
0.0
 71
     5
 72
     1
  1
\A1;S T A I R  S P A N
  7
ROMANS
 73
     1
 44
1.0
  0
MTEXT
  5
65A
330
652
100
AcDbEntity
  8
DIM
 62
     3
440
 16777216
100
AcDbMText
 10
69174.39275613287
 20
31849.0276868971
 30
0.0
 40
250.0
 41
0.0
 46
0.0
 71
     5
 72
     1
  1
\A1;( S E E   T A B L E )
  7
ROMANS
 73
     1
 44
1.0
  0
POINT
  5
65B
330
652
100
AcDbEntity
  8
DEFPOINTS
 62
     0
440
 16777216
100
AcDbPoint
 10
52181.39036486155
 20
33419.2800221341
 30
0.0
  0
POINT
  5
65C
330
652
100
AcDbEntity
  8
DEFPOINTS
 62
     0
440
 16777216
100
AcDbPoint
 10
86167.39514740419
 20
43240.46559788884
 30
0.0
  0
POINT
  5
65D
330
652
100
AcDbEntity
  8
DEFPOINTS
 62
     0
440
 16777216
100
AcDbPoint
 10
86167.39514740419
 20
32139.50387737329
 30
0.0
  0
ENDBLK
  5
65E
330
652
100
AcDbEntity
  8
0
100
AcDbBlockEnd
  0
BLOCK
  5
660
330
65F
100
AcDbEntity
  8
0
100
AcDbBlockBegin
  2
*D29
 70
     1
 10
0.0
 20
0.0
 30
0.0
  3
*D29
  1

  0
LINE
  5
661
330
65F
100
AcDbEntity
  8
TG
 62
     8
440
 16777216
370
    -2
100
AcDbLine
 10
70834.35856384886
 20
47006.31416549692
 30
0.0
 11
70384.98566686043
 21
47637.06542438727
 31
0.0
  0
LINE
  5
662
330
65F
100
AcDbEntity
  8
TG
 62
     8
440
 16777216
370
    -2
100
AcDbLine
 10
77682.57553574824
 20
51864.7778746427
 30
0.0
 11
77223.52189537039
 21
52509.11727184937
 31
0.0
  0
LINE
  5
663
330
65F
100
AcDbEntity
  8
TG
 62
     8
440
 16777216
370
    -2
100
AcDbLine
 10
70646.62083552247
 20
47700.68176284828
 30
0.0
 11
77077.93528251926
 21
52282.61222078309
 31
0.0
  0
INSERT
  5
664
330
65F
100
AcDbEntity
  8
TG
 62
     8
440
 16777216
370
    -2
100
AcDbBlockReference
  2
DIM1
 10
70443.00994476588
 20
47555.62106808463
 30
0.0
 41
250.0
 42
250.0
 43
250.0
 50
215.4676202357782
  0
INSERT
  5
665
330
65F
100
AcDbEntity
  8
TG
 62
     8
440
 16777216
370
    -2
100
AcDbBlockReference
  2
DIM1
 10
77281.54617327584
 20
52427.67291554673
 30
0.0
 41
250.0
 42
250.0
 43
250.0
 50
35.46762023577823
  0
MTEXT
  5
666
330
65F
100
AcDbEntity
  8
TG
 62
     3
440
 16777216
100
AcDbMText
 10
73731.7234337336
 20
50174.89679349661
 30
0.0
 40
250.0
 41
0.0
 46
0.0
 71
     5
 72
     1
  1
\A1;L2
  7
ROMANS
 11
0.8144435630263274
 21
0.5802427790545789
 31
0.0
 73
     1
 44
1.0
  0
POINT
  5
667
330
65F
100
AcDbEntity
  8
DEFPOINTS
 62
     0
440
 16777216
100
AcDbPoint
 10
70892.38284175431
 20
46924.86980919428
 30
0.0
  0
POINT
  5
668
330
65F
100
AcDbEntity
  8
DEFPOINTS
 62
     0
440
 16777216
100
AcDbPoint
 10
77740.59981365369
 20
51783.33351834007
 30
0.0
  0
POINT
  5
669
330
65F
100
AcDbEntity
  8
DEFPOINTS
 62
     0
440
 16777216
100
AcDbPoint
 10
77281.54617327584
 20
52427.67291554673
 30
0.0
  0
ENDBLK
  5
66A
330
65F
100
AcDbEntity
  8
0
100
AcDbBlockEnd
  0
BLOCK
  5
66C
330
66B
100
AcDbEntity
  8
0
100
AcDbBlockBegin
  2
*D30
 70
     1
 10
0.0
 20
0.0
 30
0.0
  3
*D30
  1

  0
LINE
  5
66D
330
66B
100
AcDbEntity
  8
TG
 62
     8
440
 16777216
370
    -2
100
AcDbLine
 10
53401.50997969385
 20
42359.16715383225
 30
0.0
 11
52991.8625361318
 21
42934.15875314678
 31
0.0
  0
LINE
  5
66E
330
66B
100
AcDbEntity
  8
TG
 62
     8
440
 16777216
370
    -2
100
AcDbLine
 10
62979.43900121948
 20
49174.45569467857
 30
0.0
 11
62565.81325604717
 21
49755.03133959474
 31
0.0
  0
LINE
  5
66F
330
66B
100
AcDbEntity
  8
TG
 62
     8
440
 16777216
370
    -2
100
AcDbLine
 10
53253.49770479384
 20
42997.77509160779
 30
0.0
 11
62420.22664319605
 21
49528.52628852846
 31
0.0
  0
INSERT
  5
670
330
66B
100
AcDbEntity
  8
TG
 62
     8
440
 16777216
370
    -2
100
AcDbBlockReference
  2
DIM1
 10
53049.88681403726
 20
42852.71439684414
 30
0.0
 41
250.0
 42
250.0
 43
250.0
 50
215.4676202357782
  0
INSERT
  5
671
330
66B
100
AcDbEntity
  8
TG
 62
     8
440
 16777216
370
    -2
100
AcDbBlockReference
  2
DIM1
 10
62623.83753395262
 20
49673.58698329211
 30
0.0
 41
250.0
 42
250.0
 43
250.0
 50
35.46762023577823
  0
MTEXT
  5
672
330
66B
100
AcDbEntity
  8
TG
 62
     3
440
 16777216
100
AcDbMText
 10
57706.30754870766
 20
46446.40049174905
 30
0.0
 40
250.0
 41
0.0
 46
0.0
 71
     5
 72
     1
  1
\A1;L1
  7
ROMANS
 11
0.8144435630263274
 21
0.5802427790545789
 31
0.0
 73
     1
 44
1.0
  0
POINT
  5
673
330
66B
100
AcDbEntity
  8
DEFPOINTS
 62
     0
440
 16777216
100
AcDbPoint
 10
53459.53425759931
 20
42277.72279752961
 30
0.0
  0
POINT
  5
674
330
66B
100
AcDbEntity
  8
DEFPOINTS
 62
     0
440
 16777216
100
AcDbPoint
 10
63037.46327912494
 20
49093.01133837594
 30
0.0
  0
POINT
  5
675
330
66B
100
AcDbEntity
  8
DEFPOINTS
 62
     0
440
 16777216
100
AcDbPoint
 10
62623.83753395262
 20
49673.58698329211
 30
0.0
  0
ENDBLK
  5
676
330
66B
100
AcDbEntity
  8
0
100
AcDbBlockEnd
  0
BLOCK
  5
678
330
677
100
AcDbEntity
  8
0
100
AcDbBlockBegin
  2
*D31
 70
     1
 10
0.0
 20
0.0
 30
0.0
  3
*D31
  1

  0
LINE
  5
679
330
677
100
AcDbEntity
  8
DIM
 62
     8
440
 16777216
370
    -2
100
AcDbLine
 10
24819.48730231726
 20
5588.573918018983
 30
0.0
 11
24819.48730231726
 21
3480.945918437396
 31
0.0
  0
LINE
  5
67A
330
677
100
AcDbEntity
  8
DIM
 62
     8
440
 16777216
370
    -2
100
AcDbLine
 10
26819.09793813425
 20
5588.573918018983
 30
0.0
 11
26819.09793813425
 21
3480.945918437396
 31
0.0
  0
LINE
  5
67B
330
677
100
AcDbEntity
  8
DIM
 62
     8
440
 16777216
370
    -2
100
AcDbLine
 10
25069.48730231726
 20
3580.945918437397
 30
0.0
 11
26569.09793813425
 21
3580.945918437397
 31
0.0
  0
INSERT
  5
67C
330
677
100
AcDbEntity
  8
DIM
 62
     8
440
 16777216
370
    -2
100
AcDbBlockReference
  2
DIM1
 10
24819.48730231726
 20
3580.945918437397
 30
0.0
 41
250.0
 42
250.0
 43
250.0
 50
180.0
  0
INSERT
  5
67D
330
677
100
AcDbEntity
  8
DIM
 62
     8
440
 16777216
370
    -2
100
AcDbBlockReference
  2
DIM1
 10
26819.09793813425
 20
3580.945918437397
 30
0.0
 41
250.0
 42
250.0
 43
250.0
  0
MTEXT
  5
67E
330
677
100
AcDbEntity
  8
DIM
 62
     3
440
 16777216
100
AcDbMText
 10
25819.29262022572
 20
3805.945918437397
 30
0.0
 40
250.0
 41
0.0
 46
0.0
 71
     5
 72
     1
  1
\A1;400
  7
ROMANS
 73
     1
 44
1.0
  0
POINT
  5
67F
330
677
100
AcDbEntity
  8
DEFPOINTS
 62
     0
440
 16777216
100
AcDbPoint
 10
24819.48730231726
 20
5688.573918018983
 30
0.0
  0
POINT
  5
680
330
677
100
AcDbEntity
  8
DEFPOINTS
 62
     0
440
 16777216
100
AcDbPoint
 10
26819.09793813425
 20
5688.573918018983
 30
0.0
  0
POINT
  5
681
330
677
100
AcDbEntity
  8
DEFPOINTS
 62
     0
440
 16777216
100
AcDbPoint
 10
26819.09793813425
 20
3580.945918437397
 30
0.0
  0
ENDBLK
  5
682
330
677
100
AcDbEntity
  8
0
100
AcDbBlockEnd
  0
BLOCK
  5
684
330
683
100
AcDbEntity
  8
0
100
AcDbBlockBegin
  2
*D32
 70
     1
 10
0.0
 20
0.0
 30
0.0
  3
*D32
  1

  0
LINE
  5
685
330
683
100
AcDbEntity
  8
TG
 62
     8
440
 16777216
370
    -2
100
AcDbLine
 10
81402.52341012429
 20
46643.36416558028
 30
0.0
 11
77744.1452744599
 21
51778.35701902494
 31
0.0
  0
LINE
  5
686
330
683
100
AcDbEntity
  8
TG
 62
     8
440
 16777216
370
    -2
100
AcDbLine
 10
79113.15068185655
 20
45973.64809181514
 30
0.0
 11
75909.07133740263
 21
50470.97557561078
 31
0.0
  0
LINE
  5
687
330
683
100
AcDbEntity
  8
TG
 62
     8
440
 16777216
370
    -2
100
AcDbLine
 10
77598.55866160877
 20
51551.85196795865
 30
0.0
 11
76170.70650606467
 21
50534.59191407178
 31
0.0
  0
INSERT
  5
688
330
683
100
AcDbEntity
  8
TG
 62
     8
440
 16777216
370
    -2
100
AcDbBlockReference
  2
DIM1
 10
77802.16955236535
 20
51696.9126627223
 30
0.0
 41
250.0
 42
250.0
 43
250.0
 50
35.46762023577823
  0
INSERT
  5
689
330
683
100
AcDbEntity
  8
TG
 62
     8
440
 16777216
370
    -2
100
AcDbBlockReference
  2
DIM1
 10
75967.09561530809
 20
50389.53121930814
 30
0.0
 41
250.0
 42
250.0
 43
250.0
 50
215.4676202357782
  0
MTEXT
  5
68A
330
683
100
AcDbEntity
  8
TG
 62
     3
440
 16777216
100
AcDbMText
 10
76716.08587182563
 20
51279.79840456096
 30
0.0
 40
250.0
 41
0.0
 46
0.0
 71
     5
 72
     1
  1
\A1;L2/4
  7
ROMANS
 11
0.8144435630263274
 21
0.5802427790545789
 31
0.0
 73
     1
 44
1.0
  0
POINT
  5
68B
330
683
100
AcDbEntity
  8
DEFPOINTS
 62
     0
440
 16777216
100
AcDbPoint
 10
81460.54768802974
 20
46561.91980927766
 30
0.0
  0
POINT
  5
68C
330
683
100
AcDbEntity
  8
DEFPOINTS
 62
     0
440
 16777216
100
AcDbPoint
 10
79171.17495976202
 20
45892.20373551251
 30
0.0
  0
POINT
  5
68D
330
683
100
AcDbEntity
  8
DEFPOINTS
 62
     0
440
 16777216
100
AcDbPoint
 10
75967.09561530809
 20
50389.53121930814
 30
0.0
  0
ENDBLK
  5
68E
330
683
100
AcDbEntity
  8
0
100
AcDbBlockEnd
  0
BLOCK
  5
690
330
68F
100
AcDbEntity
  8
0
100
AcDbBlockBegin
  2
*D33
 70
     1
 10
0.0
 20
0.0
 30
0.0
  3
*D33
  1

  0
LINE
  5
691
330
68F
100
AcDbEntity
  8
TG
 62
     8
440
 16777216
370
    -2
100
AcDbLine
 10
68238.99195560194
 20
41792.01302962947
 30
0.0
 11
63037.46327903843
 21
49093.01133834865
 31
0.0
  0
LINE
  5
692
330
68F
100
AcDbEntity
  8
TG
 62
     8
440
 16777216
370
    -2
100
AcDbLine
 10
65473.33011386101
 20
40609.18802830025
 30
0.0
 11
60643.97559906455
 21
47387.79319174021
 31
0.0
  0
LINE
  5
693
330
68F
100
AcDbEntity
  8
TG
 62
     8
440
 16777216
370
    -2
100
AcDbLine
 10
62891.8766661873
 20
48866.50628728238
 30
0.0
 11
60905.61076772659
 21
47451.40953020123
 31
0.0
  0
INSERT
  5
694
330
68F
100
AcDbEntity
  8
TG
 62
     8
440
 16777216
370
    -2
100
AcDbBlockReference
  2
DIM1
 10
63095.48755694388
 20
49011.56698204603
 30
0.0
 41
250.0
 42
250.0
 43
250.0
 50
35.46762023577823
  0
INSERT
  5
695
330
68F
100
AcDbEntity
  8
TG
 62
     8
440
 16777216
370
    -2
100
AcDbBlockReference
  2
DIM1
 10
60701.99987697
 20
47306.34883543758
 30
0.0
 41
250.0
 42
250.0
 43
250.0
 50
215.4676202357782
  0
MTEXT
  5
696
330
68F
100
AcDbEntity
  8
TG
 62
     3
440
 16777216
100
AcDbMText
 10
61730.19700494585
 20
48395.53437228754
 30
0.0
 40
250.0
 41
0.0
 46
0.0
 71
     5
 72
     1
  1
\A1;L1/4
  7
ROMANS
 11
0.8144435630263274
 21
0.5802427790545789
 31
0.0
 73
     1
 44
1.0
  0
POINT
  5
697
330
68F
100
AcDbEntity
  8
DEFPOINTS
 62
     0
440
 16777216
100
AcDbPoint
 10
68297.01623350739
 20
41710.56867332683
 30
0.0
  0
POINT
  5
698
330
68F
100
AcDbEntity
  8
DEFPOINTS
 62
     0
440
 16777216
100
AcDbPoint
 10
65531.35439176648
 20
40527.74367199762
 30
0.0
  0
POINT
  5
699
330
68F
100
AcDbEntity
  8
DEFPOINTS
 62
     0
440
 16777216
100
AcDbPoint
 10
60701.99987697
 20
47306.34883543758
 30
0.0
  0
ENDBLK
  5
69A
330
68F
100
AcDbEntity
  8
0
100
AcDbBlockEnd
  0
BLOCK
  5
69C
330
69B
100
AcDbEntity
  8
0
100
AcDbBlockBegin
  2
*D34
 70
     1
 10
0.0
 20
0.0
 30
0.0
  3
*D34
  1

  0
LINE
  5
69D
330
69B
100
AcDbEntity
  8
TG
 62
     8
440
 16777216
370
    -2
100
AcDbLine
 10
58665.04123562155
 20
34971.14044327267
 30
0.0
 11
53459.53425754522
 21
42277.7227974567
 31
0.0
  0
LINE
  5
69E
330
69B
100
AcDbEntity
  8
TG
 62
     8
440
 16777216
370
    -2
100
AcDbLine
 10
60686.35475387082
 20
37198.75173512185
 30
0.0
 11
55853.02193752905
 21
43982.94094407225
 31
0.0
  0
LINE
  5
69F
330
69B
100
AcDbEntity
  8
TG
 62
     8
440
 16777216
370
    -2
100
AcDbLine
 10
53721.16942620725
 20
42341.33913591771
 30
0.0
 11
55707.43532467793
 21
43756.43589300597
 31
0.0
  0
INSERT
  5
6A0
330
69B
100
AcDbEntity
  8
TG
 62
     8
440
 16777216
370
    -2
100
AcDbBlockReference
  2
DIM1
 10
53517.55853545068
 20
42196.27844115406
 30
0.0
 41
250.0
 42
250.0
 43
250.0
 50
215.4676202357782
  0
INSERT
  5
6A1
330
69B
100
AcDbEntity
  8
TG
 62
     8
440
 16777216
370
    -2
100
AcDbBlockReference
  2
DIM1
 10
55911.04621543451
 20
43901.49658776961
 30
0.0
 41
250.0
 42
250.0
 43
250.0
 50
35.46762023577823
  0
MTEXT
  5
6A2
330
69B
100
AcDbEntity
  8
TG
 62
     3
440
 16777216
100
AcDbMText
 10
54545.7556634315
 20
43285.46397800758
 30
0.0
 40
250.0
 41
0.0
 46
0.0
 71
     5
 72
     1
  1
\A1;L1/4
  7
ROMANS
 11
0.8144435630263274
 21
0.5802427790545789
 31
0.0
 73
     1
 44
1.0
  0
POINT
  5
6A3
330
69B
100
AcDbEntity
  8
DEFPOINTS
 62
     0
440
 16777216
100
AcDbPoint
 10
58723.065513527
 20
34889.69608697003
 30
0.0
  0
POINT
  5
6A4
330
69B
100
AcDbEntity
  8
DEFPOINTS
 62
     0
440
 16777216
100
AcDbPoint
 10
60744.37903177628
 20
37117.30737881922
 30
0.0
  0
POINT
  5
6A5
330
69B
100
AcDbEntity
  8
DEFPOINTS
 62
     0
440
 16777216
100
AcDbPoint
 10
55911.04621543451
 20
43901.49658776961
 30
0.0
  0
ENDBLK
  5
6A6
330
69B
100
AcDbEntity
  8
0
100
AcDbBlockEnd
  0
BLOCK
  5
6A8
330
6A7
100
AcDbEntity
  8
0
100
AcDbBlockBegin
  2
*D35
 70
     1
 10
0.0
 20
0.0
 30
0.0
  3
*D35
  1

  0
LINE
  5
6A9
330
6A7
100
AcDbEntity
  8
DIM
 62
     8
440
 16777216
370
    -2
100
AcDbLine
 10
40834.00600455729
 20
11687.40582546991
 30
0.0
 11
42009.50954271265
 21
11687.40582546991
 31
0.0
  0
LINE
  5
6AA
330
6A7
100
AcDbEntity
  8
DIM
 62
     8
440
 16777216
370
    -2
100
AcDbLine
 10
40834.00600455722
 20
14431.87142312878
 30
0.0
 11
42009.50954271265
 21
14431.87142312878
 31
0.0
  0
LINE
  5
6AB
330
6A7
100
AcDbEntity
  8
DIM
 62
     8
440
 16777216
370
    -2
100
AcDbLine
 10
41909.50954271265
 20
11937.40582546991
 30
0.0
 11
41909.50954271265
 21
14181.87142312878
 31
0.0
  0
INSERT
  5
6AC
330
6A7
100
AcDbEntity
  8
DIM
 62
     8
440
 16777216
370
    -2
100
AcDbBlockReference
  2
DIM1
 10
41909.50954271265
 20
11687.40582546991
 30
0.0
 41
250.0
 42
250.0
 43
250.0
 50
270.0
  0
INSERT
  5
6AD
330
6A7
100
AcDbEntity
  8
DIM
 62
     8
440
 16777216
370
    -2
100
AcDbBlockReference
  2
DIM1
 10
41909.50954271265
 20
14431.87142312878
 30
0.0
 41
250.0
 42
250.0
 43
250.0
 50
90.0
  0
MTEXT
  5
6AE
330
6A7
100
AcDbEntity
  8
DIM
 62
     3
440
 16777216
100
AcDbMText
 10
41684.50954271265
 20
13059.63862429936
 30
0.0
 40
250.0
 41
0.0
 46
0.0
 71
     5
 72
     1
  1
\A1;VERIFY
  7
ROMANS
 11
0.0000000000000001
 21
1.0
 31
0.0
 73
     1
 44
1.0
  0
POINT
  5
6AF
330
6A7
100
AcDbEntity
  8
DEFPOINTS
 62
     0
440
 16777216
100
AcDbPoint
 10
40734.00600455729
 20
11687.40582546991
 30
0.0
  0
POINT
  5
6B0
330
6A7
100
AcDbEntity
  8
DEFPOINTS
 62
     0
440
 16777216
100
AcDbPoint
 10
40734.00600455722
 20
14431.87142312878
 30
0.0
  0
POINT
  5
6B1
330
6A7
100
AcDbEntity
  8
DEFPOINTS
 62
     0
440
 16777216
100
AcDbPoint
 10
41909.50954271265
 20
14431.87142312878
 30
0.0
  0
ENDBLK
  5
6B2
330
6A7
100
AcDbEntity
  8
0
100
AcDbBlockEnd
  0
BLOCK
  5
6B4
330
6B3
100
AcDbEntity
  8
0
100
AcDbBlockBegin
  2
*D36
 70
     1
 10
0.0
 20
0.0
 30
0.0
  3
*D36
  1

  0
LINE
  5
6B5
330
6B3
100
AcDbEntity
  8
DIM
 62
     8
440
 16777216
370
    -2
100
AcDbLine
 10
40834.00600455729
 20
11687.40582546991
 30
0.0
 11
42009.50954271265
 21
11687.40582546991
 31
0.0
  0
LINE
  5
6B6
330
6B3
100
AcDbEntity
  8
DIM
 62
     8
440
 16777216
370
    -2
100
AcDbLine
 10
40834.00600455722
 20
6938.330565404604
 30
0.0
 11
42009.50954271265
 21
6938.330565404604
 31
0.0
  0
LINE
  5
6B7
330
6B3
100
AcDbEntity
  8
DIM
 62
     8
440
 16777216
370
    -2
100
AcDbLine
 10
41909.50954271265
 20
11437.40582546991
 30
0.0
 11
41909.50954271265
 21
7188.330565404604
 31
0.0
  0
INSERT
  5
6B8
330
6B3
100
AcDbEntity
  8
DIM
 62
     8
440
 16777216
370
    -2
100
AcDbBlockReference
  2
DIM1
 10
41909.50954271265
 20
11687.40582546991
 30
0.0
 41
250.0
 42
250.0
 43
250.0
 50
90.0
  0
INSERT
  5
6B9
330
6B3
100
AcDbEntity
  8
DIM
 62
     8
440
 16777216
370
    -2
100
AcDbBlockReference
  2
DIM1
 10
41909.50954271265
 20
6938.330565404604
 30
0.0
 41
250.0
 42
250.0
 43
250.0
 50
270.0
  0
MTEXT
  5
6BA
330
6B3
100
AcDbEntity
  8
DIM
 62
     3
440
 16777216
100
AcDbMText
 10
41684.50954271265
 20
9312.868195437266
 30
0.0
 40
250.0
 41
0.0
 46
0.0
 71
     5
 72
     1
  1
\A1;MODULE OF 200mm
  7
ROMANS
 11
0.0000000000000001
 21
1.0
 31
0.0
 73
     1
 44
1.0
  0
POINT
  5
6BB
330
6B3
100
AcDbEntity
  8
DEFPOINTS
 62
     0
440
 16777216
100
AcDbPoint
 10
40734.00600455729
 20
11687.40582546991
 30
0.0
  0
POINT
  5
6BC
330
6B3
100
AcDbEntity
  8
DEFPOINTS
 62
     0
440
 16777216
100
AcDbPoint
 10
40734.00600455722
 20
6938.330565404604
 30
0.0
  0
POINT
  5
6BD
330
6B3
100
AcDbEntity
  8
DEFPOINTS
 62
     0
440
 16777216
100
AcDbPoint
 10
41909.50954271265
 20
6938.330565404604
 30
0.0
  0
ENDBLK
  5
6BE
330
6B3
100
AcDbEntity
  8
0
100
AcDbBlockEnd
  0
BLOCK
  5
6C0
330
6BF
100
AcDbEntity
  8
0
100
AcDbBlockBegin
  2
*D37
 70
     1
 10
0.0
 20
0.0
 30
0.0
  3
*D37
  1

  0
LINE
  5
6C1
330
6BF
100
AcDbEntity
  8
0
 62
     8
440
 16777216
370
    -2
100
AcDbLine
 10
14255.36307420455
 20
6188.476576973236
 30
0.0
 11
12400.40766397274
 21
6188.476576973236
 31
0.0
  0
LINE
  5
6C2
330
6BF
100
AcDbEntity
  8
0
 62
     8
440
 16777216
370
    -2
100
AcDbLine
 10
14255.36307420455
 20
6938.330565404604
 30
0.0
 11
12400.40766397274
 21
6938.330565404604
 31
0.0
  0
LINE
  5
6C3
330
6BF
100
AcDbEntity
  8
0
 62
     8
440
 16777216
370
    -2
100
AcDbLine
 10
12496.40766397273
 20
6428.476576973236
 30
0.0
 11
12496.40766397273
 21
6698.330565404605
 31
0.0
  0
INSERT
  5
6C4
330
6BF
100
AcDbEntity
  8
0
 62
     8
440
 16777216
370
    -2
100
AcDbBlockReference
  2
DIM1
 10
12496.40766397273
 20
6188.476576973236
 30
0.0
 41
240.0
 42
240.0
 43
240.0
 50
270.0
  0
INSERT
  5
6C5
330
6BF
100
AcDbEntity
  8
0
 62
     8
440
 16777216
370
    -2
100
AcDbBlockReference
  2
DIM1
 10
12496.40766397273
 20
6938.330565404604
 30
0.0
 41
240.0
 42
240.0
 43
240.0
 50
90.0
  0
MTEXT
  5
6C6
330
6BF
100
AcDbEntity
  8
0
 62
     3
440
 16777216
100
AcDbMText
 10
12280.40766397273
 20
6563.403571188922
 30
0.0
 40
240.0
 41
0.0
 46
0.0
 71
     5
 72
     1
  1
\A1;250
  7
ROMANS
 11
0.0000000000000001
 21
1.0
 31
0.0
 73
     1
 44
1.0
  0
POINT
  5
6C7
330
6BF
100
AcDbEntity
  8
DEFPOINTS
 62
     0
440
 16777216
100
AcDbPoint
 10
14351.36307420455
 20
6188.476576973235
 30
0.0
  0
POINT
  5
6C8
330
6BF
100
AcDbEntity
  8
DEFPOINTS
 62
     0
440
 16777216
100
AcDbPoint
 10
14351.36307420455
 20
6938.330565404604
 30
0.0
  0
POINT
  5
6C9
330
6BF
100
AcDbEntity
  8
DEFPOINTS
 62
     0
440
 16777216
100
AcDbPoint
 10
12496.40766397273
 20
6938.330565404604
 30
0.0
  0
ENDBLK
  5
6CA
330
6BF
100
AcDbEntity
  8
0
100
AcDbBlockEnd
  0
BLOCK
  5
6CC
330
6CB
100
AcDbEntity
  8
0
100
AcDbBlockBegin
  2
*D38
 70
     1
 10
0.0
 20
0.0
 30
0.0
  3
*D38
  1

  0
LINE
  5
6CD
330
6CB
100
AcDbEntity
  8
DIM
 62
     8
440
 16777216
370
    -2
100
AcDbLine
 10
73713.63221539283
 20
6188.476576973303
 30
0.0
 11
75509.89492233778
 21
6188.476576973303
 31
0.0
  0
LINE
  5
6CE
330
6CB
100
AcDbEntity
  8
DIM
 62
     8
440
 16777216
370
    -2
100
AcDbLine
 10
73713.63221539283
 20
6938.330565404699
 30
0.0
 11
75509.89492233778
 21
6938.330565404699
 31
0.0
  0
LINE
  5
6CF
330
6CB
100
AcDbEntity
  8
DIM
 62
     8
440
 16777216
370
    -2
100
AcDbLine
 10
75409.89492233778
 20
6438.476576973304
 30
0.0
 11
75409.89492233778
 21
6688.330565404699
 31
0.0
  0
LINE
  5
6D0
330
6CB
100
AcDbEntity
  8
DIM
 62
     8
440
 16777216
370
    -2
100
AcDbLine
 10
75409.89492233778
 20
6938.330565404699
 30
0.0
 11
75409.89492233778
 21
7966.901993976127
 31
0.0
  0
INSERT
  5
6D1
330
6CB
100
AcDbEntity
  8
DIM
 62
     8
440
 16777216
370
    -2
100
AcDbBlockReference
  2
DIM1
 10
75409.89492233778
 20
6188.476576973303
 30
0.0
 41
250.0
 42
250.0
 43
250.0
 50
270.0
  0
INSERT
  5
6D2
330
6CB
100
AcDbEntity
  8
DIM
 62
     8
440
 16777216
370
    -2
100
AcDbBlockReference
  2
DIM1
 10
75409.89492233778
 20
6938.330565404699
 30
0.0
 41
250.0
 42
250.0
 43
250.0
 50
90.0
  0
MTEXT
  5
6D3
330
6CB
100
AcDbEntity
  8
DIM
 62
     3
440
 16777216
100
AcDbMText
 10
75184.89492233778
 20
7577.616279690426
 30
0.0
 40
250.0
 41
0.0
 46
0.0
 71
     5
 72
     1
  1
\A1;250
  7
ROMANS
 11
0.0000000000000001
 21
1.0
 31
0.0
 73
     1
 44
1.0
  0
POINT
  5
6D4
330
6CB
100
AcDbEntity
  8
DEFPOINTS
 62
     0
440
 16777216
100
AcDbPoint
 10
73613.63221539283
 20
6188.476576973303
 30
0.0
  0
POINT
  5
6D5
330
6CB
100
AcDbEntity
  8
DEFPOINTS
 62
     0
440
 16777216
100
AcDbPoint
 10
73613.63221539283
 20
6938.330565404699
 30
0.0
  0
POINT
  5
6D6
330
6CB
100
AcDbEntity
  8
DEFPOINTS
 62
     0
440
 16777216
100
AcDbPoint
 10
75409.89492233778
 20
6938.330565404699
 30
0.0
  0
ENDBLK
  5
6D7
330
6CB
100
AcDbEntity
  8
0
100
AcDbBlockEnd
  0
BLOCK
  5
6D9
330
6D8
100
AcDbEntity
  8
0
100
AcDbBlockBegin
  2
*D39
 70
     1
 10
0.0
 20
0.0
 30
0.0
  3
*D39
  1

  0
LINE
  5
6DA
330
6D8
100
AcDbEntity
  8
DIM
 62
     8
440
 16777216
370
    -2
100
AcDbLine
 10
26355.1335200243
 20
7018.688899643752
 30
0.0
 11
23266.65577361781
 21
11744.05985185544
 31
0.0
  0
LINE
  5
6DB
330
6D8
100
AcDbEntity
  8
DIM
 62
     8
440
 16777216
370
    -2
100
AcDbLine
 10
36680.62294118277
 20
13767.37479552617
 30
0.0
 11
33592.14519477629
 21
18492.74574773786
 31
0.0
  0
LINE
  5
6DC
330
6D8
100
AcDbEntity
  8
DIM
 62
     8
440
 16777216
370
    -2
100
AcDbLine
 10
23520.07339629795
 20
11795.00598532153
 30
0.0
 11
33443.77114626038
 21
18281.08294579335
 31
0.0
  0
INSERT
  5
6DD
330
6D8
100
AcDbEntity
  8
DIM
 62
     8
440
 16777216
370
    -2
100
AcDbBlockReference
  2
DIM1
 10
23319.17756069993
 20
11663.70151761622
 30
0.0
 41
240.0
 42
240.0
 43
240.0
 50
213.1684208200947
  0
INSERT
  5
6DE
330
6D8
100
AcDbEntity
  8
DIM
 62
     8
440
 16777216
370
    -2
100
AcDbBlockReference
  2
DIM1
 10
33644.6669818584
 20
18412.38741349864
 30
0.0
 41
240.0
 42
240.0
 43
240.0
 50
33.16842082009466
  0
MTEXT
  5
6DF
330
6D8
100
AcDbEntity
  8
DIM
 62
     3
440
 16777216
100
AcDbMText
 10
28363.7482503444
 20
15218.85071759566
 30
0.0
 40
240.0
 41
0.0
 46
0.0
 71
     5
 72
     1
  1
\A1;L
  7
ROMANS
 11
0.8370659816584339
 21
0.5471019487720752
 31
0.0
 73
     1
 44
1.0
  0
POINT
  5
6E0
330
6D8
100
AcDbEntity
  8
DEFPOINTS
 62
     0
440
 16777216
100
AcDbPoint
 10
26407.65530710642
 20
6938.330565404541
 30
0.0
  0
POINT
  5
6E1
330
6D8
100
AcDbEntity
  8
DEFPOINTS
 62
     0
440
 16777216
100
AcDbPoint
 10
36733.14472826488
 20
13687.01646128696
 30
0.0
  0
POINT
  5
6E2
330
6D8
100
AcDbEntity
  8
DEFPOINTS
 62
     0
440
 16777216
100
AcDbPoint
 10
33644.6669818584
 20
18412.38741349864
 30
0.0
  0
ENDBLK
  5
6E3
330
6D8
100
AcDbEntity
  8
0
100
AcDbBlockEnd
  0
BLOCK
  5
6E5
330
6E4
100
AcDbEntity
  8
0
100
AcDbBlockBegin
  2
*D40
 70
     1
 10
0.0
 20
0.0
 30
0.0
  3
*D40
  1

  0
LINE
  5
6E6
330
6E4
100
AcDbEntity
  8
DIM
 62
     8
440
 16777216
370
    -2
100
AcDbLine
 10
26355.1335200243
 20
7018.688899643752
 30
0.0
 11
23608.89406318805
 21
11220.43526878973
 31
0.0
  0
LINE
  5
6E7
330
6E4
100
AcDbEntity
  8
DIM
 62
     8
440
 16777216
370
    -2
100
AcDbLine
 10
28580.74084809519
 20
9250.180865283146
 30
0.0
 11
26190.26641847766
 21
12907.60674276033
 31
0.0
  0
LINE
  5
6E8
330
6E4
100
AcDbEntity
  8
DIM
 62
     8
440
 16777216
370
    -2
100
AcDbLine
 10
23862.3116858682
 20
11271.38140225582
 30
0.0
 11
26041.89236996176
 21
12695.94394081582
 31
0.0
  0
INSERT
  5
6E9
330
6E4
100
AcDbEntity
  8
DIM
 62
     8
440
 16777216
370
    -2
100
AcDbBlockReference
  2
DIM1
 10
23661.41585027017
 20
11140.07693455052
 30
0.0
 41
240.0
 42
240.0
 43
240.0
 50
213.1684208200947
  0
INSERT
  5
6EA
330
6E4
100
AcDbEntity
  8
DIM
 62
     8
440
 16777216
370
    -2
100
AcDbBlockReference
  2
DIM1
 10
26242.78820555979
 20
12827.24840852112
 30
0.0
 41
240.0
 42
240.0
 43
240.0
 50
33.16842082009466
  0
MTEXT
  5
6EB
330
6E4
100
AcDbEntity
  8
DIM
 62
     3
440
 16777216
100
AcDbMText
 10
24799.53874162882
 20
12217.084499564
 30
0.0
 40
240.0
 41
0.0
 46
0.0
 71
     5
 72
     1
  1
\A1;L/4
  7
ROMANS
 11
0.8370659816584339
 21
0.5471019487720752
 31
0.0
 73
     1
 44
1.0
  0
POINT
  5
6EC
330
6E4
100
AcDbEntity
  8
DEFPOINTS
 62
     0
440
 16777216
100
AcDbPoint
 10
26407.65530710642
 20
6938.330565404541
 30
0.0
  0
POINT
  5
6ED
330
6E4
100
AcDbEntity
  8
DEFPOINTS
 62
     0
440
 16777216
100
AcDbPoint
 10
28633.26263517731
 20
9169.822531043935
 30
0.0
  0
POINT
  5
6EE
330
6E4
100
AcDbEntity
  8
DEFPOINTS
 62
     0
440
 16777216
100
AcDbPoint
 10
26242.78820555979
 20
12827.24840852112
 30
0.0
  0
ENDBLK
  5
6EF
330
6E4
100
AcDbEntity
  8
0
100
AcDbBlockEnd
  0
BLOCK
  5
6F1
330
6F0
100
AcDbEntity
  8
0
100
AcDbBlockBegin
  2
*D41
 70
     1
 10
0.0
 20
0.0
 30
0.0
  3
*D41
  1

  0
LINE
  5
6F2
330
6F0
100
AcDbEntity
  8
DIM
 62
     8
440
 16777216
370
    -2
100
AcDbLine
 10
36680.62294118259
 20
13767.3747955261
 30
0.0
 11
33934.38348433306
 21
17969.12116467169
 31
0.0
  0
LINE
  5
6F3
330
6F0
100
AcDbEntity
  8
DIM
 62
     8
440
 16777216
370
    -2
100
AcDbLine
 10
33782.9392554689
 20
12564.15965713449
 30
0.0
 11
31353.01112905232
 21
16281.94969069856
 31
0.0
  0
LINE
  5
6F4
330
6F0
100
AcDbEntity
  8
DIM
 62
     8
440
 16777216
370
    -2
100
AcDbLine
 10
33786.00943581764
 20
17757.45836272684
 30
0.0
 11
31606.42875173235
 21
16332.89582416522
 31
0.0
  0
INSERT
  5
6F5
330
6F0
100
AcDbEntity
  8
DIM
 62
     8
440
 16777216
370
    -2
100
AcDbBlockReference
  2
DIM1
 10
33986.90527141537
 20
17888.76283043259
 30
0.0
 41
240.0
 42
240.0
 43
240.0
 50
33.16842082022402
  0
INSERT
  5
6F6
330
6F0
100
AcDbEntity
  8
DIM
 62
     8
440
 16777216
370
    -2
100
AcDbBlockReference
  2
DIM1
 10
31405.53291613462
 20
16201.59135645947
 30
0.0
 41
240.0
 42
240.0
 43
240.0
 50
213.168420820224
  0
MTEXT
  5
6F7
330
6F0
100
AcDbEntity
  8
DIM
 62
     3
440
 16777216
100
AcDbMText
 10
32543.65580748832
 20
17278.59892147387
 30
0.0
 40
240.0
 41
0.0
 46
0.0
 71
     5
 72
     1
  1
\A1;L/4
  7
ROMANS
 11
0.8370659816571986
 21
0.5471019487739652
 31
0.0
 73
     1
 44
1.0
  0
POINT
  5
6F8
330
6F0
100
AcDbEntity
  8
DEFPOINTS
 62
     0
440
 16777216
100
AcDbPoint
 10
36733.14472826489
 20
13687.01646128701
 30
0.0
  0
POINT
  5
6F9
330
6F0
100
AcDbEntity
  8
DEFPOINTS
 62
     0
440
 16777216
100
AcDbPoint
 10
33835.4610425512
 20
12483.8013228954
 30
0.0
  0
POINT
  5
6FA
330
6F0
100
AcDbEntity
  8
DEFPOINTS
 62
     0
440
 16777216
100
AcDbPoint
 10
31405.53291613462
 20
16201.59135645947
 30
0.0
  0
ENDBLK
  5
6FB
330
6F0
100
AcDbEntity
  8
0
100
AcDbBlockEnd
  0
BLOCK
  5
6FD
330
6FC
100
AcDbEntity
  8
0
100
AcDbBlockBegin
  2
*D42
 70
     1
 10
0.0
 20
0.0
 30
0.0
  3
*D42
  1

  0
LINE
  5
6FE
330
6FC
100
AcDbEntity
  8
DIM
 62
     8
440
 16777216
370
    -2
100
AcDbLine
 10
53293.25274162238
 20
13767.37479552631
 30
0.0
 11
49465.53141382434
 21
19623.78842735102
 31
0.0
  0
LINE
  5
6FF
330
6FC
100
AcDbEntity
  8
DIM
 62
     8
440
 16777216
370
    -2
100
AcDbLine
 10
64766.01876462246
 20
21265.91467984003
 30
0.0
 11
60938.29743699662
 21
27122.32831140128
 31
0.0
  0
LINE
  5
700
330
6FC
100
AcDbEntity
  8
DIM
 62
     8
440
 16777216
370
    -2
100
AcDbLine
 10
49718.94903650461
 20
19674.73456081644
 30
0.0
 11
60789.92338848014
 21
26910.66550945717
 31
0.0
  0
INSERT
  5
701
330
6FC
100
AcDbEntity
  8
DIM
 62
     8
440
 16777216
370
    -2
100
AcDbBlockReference
  2
DIM1
 10
49518.05320090624
 20
19543.43009311167
 30
0.0
 41
240.0
 42
240.0
 43
240.0
 50
213.1684208199435
  0
INSERT
  5
702
330
6FC
100
AcDbEntity
  8
DIM
 62
     8
440
 16777216
370
    -2
100
AcDbBlockReference
  2
DIM1
 10
60990.81922407852
 20
27041.96997716194
 30
0.0
 41
240.0
 42
240.0
 43
240.0
 50
33.16842081994352
  0
MTEXT
  5
703
330
6FC
100
AcDbEntity
  8
DIM
 62
     3
440
 16777216
100
AcDbMText
 10
55136.26219155809
 20
23473.50628717534
 30
0.0
 40
240.0
 41
0.0
 46
0.0
 71
     5
 72
     1
  1
\A1;L
  7
ROMANS
 11
0.837065981659877
 21
0.5471019487698671
 31
0.0
 73
     1
 44
1.0
  0
POINT
  5
704
330
6FC
100
AcDbEntity
  8
DEFPOINTS
 62
     0
440
 16777216
100
AcDbPoint
 10
53345.77452870428
 20
13687.01646128696
 30
0.0
  0
POINT
  5
705
330
6FC
100
AcDbEntity
  8
DEFPOINTS
 62
     0
440
 16777216
100
AcDbPoint
 10
64818.54055170437
 20
21185.55634560068
 30
0.0
  0
POINT
  5
706
330
6FC
100
AcDbEntity
  8
DEFPOINTS
 62
     0
440
 16777216
100
AcDbPoint
 10
60990.81922407852
 20
27041.96997716194
 30
0.0
  0
ENDBLK
  5
707
330
6FC
100
AcDbEntity
  8
0
100
AcDbBlockEnd
  0
BLOCK
  5
709
330
708
100
AcDbEntity
  8
0
100
AcDbBlockBegin
  2
*D43
 70
     1
 10
0.0
 20
0.0
 30
0.0
  3
*D43
  1

  0
LINE
  5
70A
330
708
100
AcDbEntity
  8
DIM
 62
     8
440
 16777216
370
    -2
100
AcDbLine
 10
53293.25274162238
 20
13767.37479552631
 30
0.0
 11
49926.85196500772
 21
18917.96798400504
 31
0.0
  0
LINE
  5
70B
330
708
100
AcDbEntity
  8
DIM
 62
     8
440
 16777216
370
    -2
100
AcDbLine
 10
55805.89721275647
 20
16185.99672959443
 30
0.0
 11
52795.0434708008
 21
20792.60295501763
 31
0.0
  0
LINE
  5
70C
330
708
100
AcDbEntity
  8
DIM
 62
     8
440
 16777216
370
    -2
100
AcDbLine
 10
50180.269587688
 20
18968.91411747047
 30
0.0
 11
52646.66942228434
 21
20580.94015307351
 31
0.0
  0
INSERT
  5
70D
330
708
100
AcDbEntity
  8
DIM
 62
     8
440
 16777216
370
    -2
100
AcDbBlockReference
  2
DIM1
 10
49979.37375208963
 20
18837.6096497657
 30
0.0
 41
240.0
 42
240.0
 43
240.0
 50
213.1684208199435
  0
INSERT
  5
70E
330
708
100
AcDbEntity
  8
DIM
 62
     8
440
 16777216
370
    -2
100
AcDbBlockReference
  2
DIM1
 10
52847.56525788271
 20
20712.24462077827
 30
0.0
 41
240.0
 42
240.0
 43
240.0
 50
33.16842081994352
  0
MTEXT
  5
70F
330
708
100
AcDbEntity
  8
DIM
 62
     3
440
 16777216
100
AcDbMText
 10
51260.90621870062
 20
20008.34896330057
 30
0.0
 40
240.0
 41
0.0
 46
0.0
 71
     5
 72
     1
  1
\A1;L/4
  7
ROMANS
 11
0.837065981659877
 21
0.5471019487698671
 31
0.0
 73
     1
 44
1.0
  0
POINT
  5
710
330
708
100
AcDbEntity
  8
DEFPOINTS
 62
     0
440
 16777216
100
AcDbPoint
 10
53345.77452870428
 20
13687.01646128696
 30
0.0
  0
POINT
  5
711
330
708
100
AcDbEntity
  8
DEFPOINTS
 62
     0
440
 16777216
100
AcDbPoint
 10
55858.41899983837
 20
16105.63839535509
 30
0.0
  0
POINT
  5
712
330
708
100
AcDbEntity
  8
DEFPOINTS
 62
     0
440
 16777216
100
AcDbPoint
 10
52847.56525788271
 20
20712.24462077827
 30
0.0
  0
ENDBLK
  5
713
330
708
100
AcDbEntity
  8
0
100
AcDbBlockEnd
  0
BLOCK
  5
715
330
714
100
AcDbEntity
  8
0
100
AcDbBlockBegin
  2
*D44
 70
     1
 10
0.0
 20
0.0
 30
0.0
  3
*D44
  1

  0
LINE
  5
716
330
714
100
AcDbEntity
  8
DIM
 62
     8
440
 16777216
370
    -2
100
AcDbLine
 10
64766.01876479475
 20
21265.9146795766
 30
0.0
 11
61399.61798818848
 21
26416.50786805594
 31
0.0
  0
LINE
  5
717
330
714
100
AcDbEntity
  8
DIM
 62
     8
440
 16777216
370
    -2
100
AcDbLine
 10
61542.28022434265
 20
19935.26667161959
 30
0.0
 11
58531.42648239251
 21
24541.87289704637
 31
0.0
  0
LINE
  5
718
330
714
100
AcDbEntity
  8
DIM
 62
     8
440
 16777216
370
    -2
100
AcDbLine
 10
61251.24393967176
 20
26204.845066112
 30
0.0
 11
58784.84410507286
 21
24592.81903051149
 31
0.0
  0
INSERT
  5
719
330
714
100
AcDbEntity
  8
DIM
 62
     8
440
 16777216
370
    -2
100
AcDbBlockReference
  2
DIM1
 10
61452.13977527029
 20
26336.14953381653
 30
0.0
 41
240.0
 42
240.0
 43
240.0
 50
33.16842081987502
  0
INSERT
  5
71A
330
714
100
AcDbEntity
  8
DIM
 62
     8
440
 16777216
370
    -2
100
AcDbBlockReference
  2
DIM1
 10
58583.94826947431
 20
24461.51456280696
 30
0.0
 41
240.0
 42
240.0
 43
240.0
 50
213.168420819875
  0
MTEXT
  5
71B
330
714
100
AcDbEntity
  8
DIM
 62
     3
440
 16777216
100
AcDbMText
 10
59865.48073608705
 20
25632.25387634051
 30
0.0
 40
240.0
 41
0.0
 46
0.0
 71
     5
 72
     1
  1
\A1;L/4
  7
ROMANS
 11
0.8370659816605311
 21
0.5471019487688665
 31
0.0
 73
     1
 44
1.0
  0
POINT
  5
71C
330
714
100
AcDbEntity
  8
DEFPOINTS
 62
     0
440
 16777216
100
AcDbPoint
 10
64818.54055187656
 20
21185.55634533719
 30
0.0
  0
POINT
  5
71D
330
714
100
AcDbEntity
  8
DEFPOINTS
 62
     0
440
 16777216
100
AcDbPoint
 10
61594.80201142447
 20
19854.90833738018
 30
0.0
  0
POINT
  5
71E
330
714
100
AcDbEntity
  8
DEFPOINTS
 62
     0
440
 16777216
100
AcDbPoint
 10
58583.94826947432
 20
24461.51456280696
 30
0.0
  0
ENDBLK
  5
71F
330
714
100
AcDbEntity
  8
0
100
AcDbBlockEnd
  0
BLOCK
  5
14FD
330
14FC
100
AcDbEntity
  8
0
100
AcDbBlockBegin
  2
*D46
 70
     1
 10
0.0
 20
0.0
 30
0.0
  3
*D46
  1

  0
LINE
  5
1645
330
14FC
100
AcDbEntity
  8
DIM
 62
     8
440
 16777216
370
    -2
100
AcDbLine
 10
26355.13372877815
 20
7018.688973864428
 30
0.0
 11
23266.65598237167
 21
11744.05992607612
 31
0.0
  0
LINE
  5
1646
330
14FC
100
AcDbEntity
  8
DIM
 62
     8
440
 16777216
370
    -2
100
AcDbLine
 10
36680.62314993663
 20
13767.37486974685
 30
0.0
 11
33592.14540353014
 21
18492.74582195854
 31
0.0
  0
LINE
  5
1647
330
14FC
100
AcDbEntity
  8
DIM
 62
     8
440
 16777216
370
    -2
100
AcDbLine
 10
23520.07360505181
 20
11795.0060595422
 30
0.0
 11
33443.77135501424
 21
18281.08302001402
 31
0.0
  0
INSERT
  5
1648
330
14FC
100
AcDbEntity
  8
DIM
 62
     8
440
 16777216
370
    -2
100
AcDbBlockReference
  2
DIM1
 10
23319.17776945378
 20
11663.70159183691
 30
0.0
 41
240.0
 42
240.0
 43
240.0
 50
213.1684208200947
  0
INSERT
  5
1649
330
14FC
100
AcDbEntity
  8
DIM
 62
     8
440
 16777216
370
    -2
100
AcDbBlockReference
  2
DIM1
 10
33644.66719061226
 20
18412.38748771933
 30
0.0
 41
240.0
 42
240.0
 43
240.0
 50
33.16842082009466
  0
MTEXT
  5
164A
330
14FC
100
AcDbEntity
  8
DIM
 62
     3
440
 16777216
100
AcDbMText
 10
28363.74845909826
 20
15218.85079181634
 30
0.0
 40
240.0
 41
0.0
 46
0.0
 71
     5
 72
     1
  1
\A1;L
  7
ROMANS
 11
0.8370659816584339
 21
0.5471019487720752
 31
0.0
 73
     1
 44
1.0
  0
POINT
  5
164B
330
14FC
100
AcDbEntity
  8
DEFPOINTS
 62
     0
440
 16777216
100
AcDbPoint
 10
26407.65551586027
 20
6938.330639625218
 30
0.0
  0
POINT
  5
164C
330
14FC
100
AcDbEntity
  8
DEFPOINTS
 62
     0
440
 16777216
100
AcDbPoint
 10
36733.14493701874
 20
13687.01653550764
 30
0.0
  0
POINT
  5
164D
330
14FC
100
AcDbEntity
  8
DEFPOINTS
 62
     0
440
 16777216
100
AcDbPoint
 10
33644.66719061226
 20
18412.38748771933
 30
0.0
  0
ENDBLK
  5
14FE
330
14FC
100
AcDbEntity
  8
0
100
AcDbBlockEnd
  0
BLOCK
  5
1509
330
1508
100
AcDbEntity
  8
0
100
AcDbBlockBegin
  2
*D47
 70
     1
 10
0.0
 20
0.0
 30
0.0
  3
*D47
  1

  0
LINE
  5
164E
330
1508
100
AcDbEntity
  8
DIM
 62
     8
440
 16777216
370
    -2
100
AcDbLine
 10
26355.13372877815
 20
7018.688973864428
 30
0.0
 11
23608.89427194191
 21
11220.4353430104
 31
0.0
  0
LINE
  5
164F
330
1508
100
AcDbEntity
  8
DIM
 62
     8
440
 16777216
370
    -2
100
AcDbLine
 10
28580.74105684906
 20
9250.180939503822
 30
0.0
 11
26190.26662723153
 21
12907.606816981
 31
0.0
  0
LINE
  5
1650
330
1508
100
AcDbEntity
  8
DIM
 62
     8
440
 16777216
370
    -2
100
AcDbLine
 10
23862.31189462205
 20
11271.38147647649
 30
0.0
 11
26041.89257871562
 21
12695.94401503649
 31
0.0
  0
INSERT
  5
1651
330
1508
100
AcDbEntity
  8
DIM
 62
     8
440
 16777216
370
    -2
100
AcDbBlockReference
  2
DIM1
 10
23661.41605902403
 20
11140.07700877119
 30
0.0
 41
240.0
 42
240.0
 43
240.0
 50
213.1684208200947
  0
INSERT
  5
1652
330
1508
100
AcDbEntity
  8
DIM
 62
     8
440
 16777216
370
    -2
100
AcDbBlockReference
  2
DIM1
 10
26242.78841431364
 20
12827.24848274179
 30
0.0
 41
240.0
 42
240.0
 43
240.0
 50
33.16842082009466
  0
MTEXT
  5
1653
330
1508
100
AcDbEntity
  8
DIM
 62
     3
440
 16777216
100
AcDbMText
 10
24799.53895038268
 20
12217.08457378467
 30
0.0
 40
240.0
 41
0.0
 46
0.0
 71
     5
 72
     1
  1
\A1;L/4
  7
ROMANS
 11
0.8370659816584339
 21
0.5471019487720752
 31
0.0
 73
     1
 44
1.0
  0
POINT
  5
1654
330
1508
100
AcDbEntity
  8
DEFPOINTS
 62
     0
440
 16777216
100
AcDbPoint
 10
26407.65551586027
 20
6938.330639625218
 30
0.0
  0
POINT
  5
1655
330
1508
100
AcDbEntity
  8
DEFPOINTS
 62
     0
440
 16777216
100
AcDbPoint
 10
28633.26284393117
 20
9169.822605264611
 30
0.0
  0
POINT
  5
1656
330
1508
100
AcDbEntity
  8
DEFPOINTS
 62
     0
440
 16777216
100
AcDbPoint
 10
26242.78841431364
 20
12827.24848274179
 30
0.0
  0
ENDBLK
  5
150A
330
1508
100
AcDbEntity
  8
0
100
AcDbBlockEnd
  0
BLOCK
  5
1515
330
1514
100
AcDbEntity
  8
0
100
AcDbBlockBegin
  2
*D48
 70
     1
 10
0.0
 20
0.0
 30
0.0
  3
*D48
  1

  0
LINE
  5
1657
330
1514
100
AcDbEntity
  8
DIM
 62
     8
440
 16777216
370
    -2
100
AcDbLine
 10
36680.62314993645
 20
13767.37486974678
 30
0.0
 11
33934.38369308694
 21
17969.12123889236
 31
0.0
  0
LINE
  5
1658
330
1514
100
AcDbEntity
  8
DIM
 62
     8
440
 16777216
370
    -2
100
AcDbLine
 10
33782.93946422276
 20
12564.15973135517
 30
0.0
 11
31353.01133780619
 21
16281.94976491924
 31
0.0
  0
LINE
  5
1659
330
1514
100
AcDbEntity
  8
DIM
 62
     8
440
 16777216
370
    -2
100
AcDbLine
 10
33786.00964457151
 20
17757.45843694751
 30
0.0
 11
31606.42896048623
 21
16332.8958983859
 31
0.0
  0
INSERT
  5
165A
330
1514
100
AcDbEntity
  8
DIM
 62
     8
440
 16777216
370
    -2
100
AcDbBlockReference
  2
DIM1
 10
33986.90548016924
 20
17888.76290465327
 30
0.0
 41
240.0
 42
240.0
 43
240.0
 50
33.16842082022392
  0
INSERT
  5
165B
330
1514
100
AcDbEntity
  8
DIM
 62
     8
440
 16777216
370
    -2
100
AcDbBlockReference
  2
DIM1
 10
31405.5331248885
 20
16201.59143068015
 30
0.0
 41
240.0
 42
240.0
 43
240.0
 50
213.1684208202239
  0
MTEXT
  5
165C
330
1514
100
AcDbEntity
  8
DIM
 62
     3
440
 16777216
100
AcDbMText
 10
32543.65601624218
 20
17278.59899569454
 30
0.0
 40
240.0
 41
0.0
 46
0.0
 71
     5
 72
     1
  1
\A1;L/4
  7
ROMANS
 11
0.8370659816571997
 21
0.5471019487739636
 31
0.0
 73
     1
 44
1.0
  0
POINT
  5
165D
330
1514
100
AcDbEntity
  8
DEFPOINTS
 62
     0
440
 16777216
100
AcDbPoint
 10
36733.14493701875
 20
13687.01653550768
 30
0.0
  0
POINT
  5
165E
330
1514
100
AcDbEntity
  8
DEFPOINTS
 62
     0
440
 16777216
100
AcDbPoint
 10
33835.46125130507
 20
12483.80139711608
 30
0.0
  0
POINT
  5
165F
330
1514
100
AcDbEntity
  8
DEFPOINTS
 62
     0
440
 16777216
100
AcDbPoint
 10
31405.53312488849
 20
16201.59143068015
 30
0.0
  0
ENDBLK
  5
1516
330
1514
100
AcDbEntity
  8
0
100
AcDbBlockEnd
  0
BLOCK
  5
1521
330
1520
100
AcDbEntity
  8
0
100
AcDbBlockBegin
  2
*D49
 70
     1
 10
0.0
 20
0.0
 30
0.0
  3
*D49
  1

  0
LINE
  5
166C
330
1520
100
AcDbEntity
  8
DIM
 62
     8
440
 16777216
370
    -2
100
AcDbLine
 10
53293.25295037623
 20
13767.37486974698
 30
0.0
 11
49926.85217376157
 21
18917.96805822572
 31
0.0
  0
LINE
  5
166D
330
1520
100
AcDbEntity
  8
DIM
 62
     8
440
 16777216
370
    -2
100
AcDbLine
 10
55805.89742151031
 20
16185.99680381511
 30
0.0
 11
52795.04367955465
 21
20792.6030292383
 31
0.0
  0
LINE
  5
166E
330
1520
100
AcDbEntity
  8
DIM
 62
     8
440
 16777216
370
    -2
100
AcDbLine
 10
50180.26979644186
 20
18968.91419169114
 30
0.0
 11
52646.66963103819
 21
20580.94022729418
 31
0.0
  0
INSERT
  5
166F
330
1520
100
AcDbEntity
  8
DIM
 62
     8
440
 16777216
370
    -2
100
AcDbBlockReference
  2
DIM1
 10
49979.37396084348
 20
18837.60972398637
 30
0.0
 41
240.0
 42
240.0
 43
240.0
 50
213.1684208199435
  0
INSERT
  5
1670
330
1520
100
AcDbEntity
  8
DIM
 62
     8
440
 16777216
370
    -2
100
AcDbBlockReference
  2
DIM1
 10
52847.56546663657
 20
20712.24469499895
 30
0.0
 41
240.0
 42
240.0
 43
240.0
 50
33.16842081994352
  0
MTEXT
  5
1671
330
1520
100
AcDbEntity
  8
DIM
 62
     3
440
 16777216
100
AcDbMText
 10
51260.90642745448
 20
20008.34903752124
 30
0.0
 40
240.0
 41
0.0
 46
0.0
 71
     5
 72
     1
  1
\A1;L/4
  7
ROMANS
 11
0.837065981659877
 21
0.5471019487698671
 31
0.0
 73
     1
 44
1.0
  0
POINT
  5
1672
330
1520
100
AcDbEntity
  8
DEFPOINTS
 62
     0
440
 16777216
100
AcDbPoint
 10
53345.77473745814
 20
13687.01653550763
 30
0.0
  0
POINT
  5
1673
330
1520
100
AcDbEntity
  8
DEFPOINTS
 62
     0
440
 16777216
100
AcDbPoint
 10
55858.41920859222
 20
16105.63846957576
 30
0.0
  0
POINT
  5
1674
330
1520
100
AcDbEntity
  8
DEFPOINTS
 62
     0
440
 16777216
100
AcDbPoint
 10
52847.56546663657
 20
20712.24469499895
 30
0.0
  0
ENDBLK
  5
1522
330
1520
100
AcDbEntity
  8
0
100
AcDbBlockEnd
  0
BLOCK
  5
152D
330
152C
100
AcDbEntity
  8
0
100
AcDbBlockBegin
  2
*D50
 70
     1
 10
0.0
 20
0.0
 30
0.0
  3
*D50
  1

  0
LINE
  5
1675
330
152C
100
AcDbEntity
  8
DIM
 62
     8
440
 16777216
370
    -2
100
AcDbLine
 10
64766.0189735486
 20
21265.91475379728
 30
0.0
 11
61399.61819694233
 21
26416.50794227663
 31
0.0
  0
LINE
  5
1676
330
152C
100
AcDbEntity
  8
DIM
 62
     8
440
 16777216
370
    -2
100
AcDbLine
 10
61542.28043309652
 20
19935.26674584027
 30
0.0
 11
58531.42669114637
 21
24541.87297126706
 31
0.0
  0
LINE
  5
1677
330
152C
100
AcDbEntity
  8
DIM
 62
     8
440
 16777216
370
    -2
100
AcDbLine
 10
61251.24414842563
 20
26204.84514033269
 30
0.0
 11
58784.84431382672
 21
24592.81910473218
 31
0.0
  0
INSERT
  5
1678
330
152C
100
AcDbEntity
  8
DIM
 62
     8
440
 16777216
370
    -2
100
AcDbBlockReference
  2
DIM1
 10
61452.13998402415
 20
26336.14960803722
 30
0.0
 41
240.0
 42
240.0
 43
240.0
 50
33.16842081987502
  0
INSERT
  5
1679
330
152C
100
AcDbEntity
  8
DIM
 62
     8
440
 16777216
370
    -2
100
AcDbBlockReference
  2
DIM1
 10
58583.94847822817
 20
24461.51463702765
 30
0.0
 41
240.0
 42
240.0
 43
240.0
 50
213.168420819875
  0
MTEXT
  5
167A
330
152C
100
AcDbEntity
  8
DIM
 62
     3
440
 16777216
100
AcDbMText
 10
59865.4809448409
 20
25632.25395056119
 30
0.0
 40
240.0
 41
0.0
 46
0.0
 71
     5
 72
     1
  1
\A1;L/4
  7
ROMANS
 11
0.8370659816605311
 21
0.5471019487688665
 31
0.0
 73
     1
 44
1.0
  0
POINT
  5
167B
330
152C
100
AcDbEntity
  8
DEFPOINTS
 62
     0
440
 16777216
100
AcDbPoint
 10
64818.54076063042
 20
21185.55641955787
 30
0.0
  0
POINT
  5
167C
330
152C
100
AcDbEntity
  8
DEFPOINTS
 62
     0
440
 16777216
100
AcDbPoint
 10
61594.80222017833
 20
19854.90841160086
 30
0.0
  0
POINT
  5
167D
330
152C
100
AcDbEntity
  8
DEFPOINTS
 62
     0
440
 16777216
100
AcDbPoint
 10
58583.94847822818
 20
24461.51463702765
 30
0.0
  0
ENDBLK
  5
152E
330
152C
100
AcDbEntity
  8
0
100
AcDbBlockEnd
  0
BLOCK
  5
1539
330
1538
100
AcDbEntity
  8
0
100
AcDbBlockBegin
  2
*D51
 70
     1
 10
0.0
 20
0.0
 30
0.0
  3
*D51
  1

  0
LINE
  5
16A2
330
1538
100
AcDbEntity
  8
DIM
 62
     8
440
 16777216
370
    -2
100
AcDbLine
 10
73713.63242414672
 20
6188.476651193982
 30
0.0
 11
75509.8951310917
 21
6188.476651193982
 31
0.0
  0
LINE
  5
16A3
330
1538
100
AcDbEntity
  8
DIM
 62
     8
440
 16777216
370
    -2
100
AcDbLine
 10
73713.63242414672
 20
6938.330639625378
 30
0.0
 11
75509.8951310917
 21
6938.330639625378
 31
0.0
  0
LINE
  5
16A4
330
1538
100
AcDbEntity
  8
DIM
 62
     8
440
 16777216
370
    -2
100
AcDbLine
 10
75409.8951310917
 20
6438.476651193983
 30
0.0
 11
75409.8951310917
 21
6688.330639625378
 31
0.0
  0
LINE
  5
16A5
330
1538
100
AcDbEntity
  8
DIM
 62
     8
440
 16777216
370
    -2
100
AcDbLine
 10
75409.8951310917
 20
6938.330639625378
 30
0.0
 11
75409.8951310917
 21
7966.902068196806
 31
0.0
  0
INSERT
  5
16A6
330
1538
100
AcDbEntity
  8
DIM
 62
     8
440
 16777216
370
    -2
100
AcDbBlockReference
  2
DIM1
 10
75409.8951310917
 20
6188.476651193982
 30
0.0
 41
250.0
 42
250.0
 43
250.0
 50
270.0
  0
INSERT
  5
16A7
330
1538
100
AcDbEntity
  8
DIM
 62
     8
440
 16777216
370
    -2
100
AcDbBlockReference
  2
DIM1
 10
75409.8951310917
 20
6938.330639625378
 30
0.0
 41
250.0
 42
250.0
 43
250.0
 50
90.0
  0
MTEXT
  5
16A8
330
1538
100
AcDbEntity
  8
DIM
 62
     3
440
 16777216
100
AcDbMText
 10
75184.89513109169
 20
7577.61635391107
 30
0.0
 40
250.0
 41
0.0
 46
0.0
 71
     5
 72
     1
  1
\A1;250
  7
ROMANS
 11
0.0000000000000001
 21
1.0
 31
0.0
 73
     1
 44
1.0
  0
POINT
  5
16A9
330
1538
100
AcDbEntity
  8
DEFPOINTS
 62
     0
440
 16777216
100
AcDbPoint
 10
73613.63242414672
 20
6188.476651193982
 30
0.0
  0
POINT
  5
16AA
330
1538
100
AcDbEntity
  8
DEFPOINTS
 62
     0
440
 16777216
100
AcDbPoint
 10
73613.63242414672
 20
6938.330639625378
 30
0.0
  0
POINT
  5
16AB
330
1538
100
AcDbEntity
  8
DEFPOINTS
 62
     0
440
 16777216
100
AcDbPoint
 10
75409.8951310917
 20
6938.330639625378
 30
0.0
  0
ENDBLK
  5
153A
330
1538
100
AcDbEntity
  8
0
100
AcDbBlockEnd
  0
BLOCK
  5
1546
330
1545
100
AcDbEntity
  8
0
100
AcDbBlockBegin
  2
*D52
 70
     1
 10
0.0
 20
0.0
 30
0.0
  3
*D52
  1

  0
LINE
  5
16AC
330
1545
100
AcDbEntity
  8
TG
 62
     8
440
 16777216
370
    -2
100
AcDbLine
 10
81402.52361887815
 20
46643.36423980095
 30
0.0
 11
77744.14548321376
 21
51778.3570932456
 31
0.0
  0
LINE
  5
16AD
330
1545
100
AcDbEntity
  8
TG
 62
     8
440
 16777216
370
    -2
100
AcDbLine
 10
79113.1508906104
 20
45973.64816603581
 30
0.0
 11
75909.07154615648
 21
50470.97564983143
 31
0.0
  0
LINE
  5
16AE
330
1545
100
AcDbEntity
  8
TG
 62
     8
440
 16777216
370
    -2
100
AcDbLine
 10
77598.55887036263
 20
51551.85204217933
 30
0.0
 11
76170.70671481852
 21
50534.59198829245
 31
0.0
  0
INSERT
  5
16AF
330
1545
100
AcDbEntity
  8
TG
 62
     8
440
 16777216
370
    -2
100
AcDbBlockReference
  2
DIM1
 10
77802.16976111921
 20
51696.91273694297
 30
0.0
 41
250.0
 42
250.0
 43
250.0
 50
35.46762023577823
  0
INSERT
  5
16B0
330
1545
100
AcDbEntity
  8
TG
 62
     8
440
 16777216
370
    -2
100
AcDbBlockReference
  2
DIM1
 10
75967.09582406194
 20
50389.53129352881
 30
0.0
 41
250.0
 42
250.0
 43
250.0
 50
215.4676202357782
  0
MTEXT
  5
16B1
330
1545
100
AcDbEntity
  8
TG
 62
     3
440
 16777216
100
AcDbMText
 10
76716.08608057947
 20
51279.79847878163
 30
0.0
 40
250.0
 41
0.0
 46
0.0
 71
     5
 72
     1
  1
\A1;L2/4
  7
ROMANS
 11
0.8144435630263272
 21
0.5802427790545789
 31
0.0
 73
     1
 44
1.0
  0
POINT
  5
16B2
330
1545
100
AcDbEntity
  8
DEFPOINTS
 62
     0
440
 16777216
100
AcDbPoint
 10
81460.54789678361
 20
46561.91988349832
 30
0.0
  0
POINT
  5
16B3
330
1545
100
AcDbEntity
  8
DEFPOINTS
 62
     0
440
 16777216
100
AcDbPoint
 10
79171.17516851585
 20
45892.20380973318
 30
0.0
  0
POINT
  5
16B4
330
1545
100
AcDbEntity
  8
DEFPOINTS
 62
     0
440
 16777216
100
AcDbPoint
 10
75967.09582406194
 20
50389.53129352881
 30
0.0
  0
ENDBLK
  5
1547
330
1545
100
AcDbEntity
  8
0
100
AcDbBlockEnd
  0
BLOCK
  5
1552
330
1551
100
AcDbEntity
  8
0
100
AcDbBlockBegin
  2
*D53
 70
     1
 10
0.0
 20
0.0
 30
0.0
  3
*D53
  1

  0
LINE
  5
16B5
330
1551
100
AcDbEntity
  8
DIM
 62
     8
440
 16777216
370
    -2
100
AcDbLine
 10
65689.57626978855
 20
22035.41040825272
 30
0.0
 11
65689.57626978855
 21
25209.75915144807
 31
0.0
  0
LINE
  5
16B6
330
1551
100
AcDbEntity
  8
DIM
 62
     8
440
 16777216
370
    -2
100
AcDbLine
 10
68189.08956455968
 20
22035.41040825275
 30
0.0
 11
68189.08956455968
 21
25209.75915144807
 31
0.0
  0
LINE
  5
16B7
330
1551
100
AcDbEntity
  8
DIM
 62
     8
440
 16777216
370
    -2
100
AcDbLine
 10
65939.57626978855
 20
25109.75915144808
 30
0.0
 11
67939.08956455967
 21
25109.75915144808
 31
0.0
  0
INSERT
  5
16B8
330
1551
100
AcDbEntity
  8
DIM
 62
     8
440
 16777216
370
    -2
100
AcDbBlockReference
  2
DIM1
 10
65689.57626978855
 20
25109.75915144808
 30
0.0
 41
250.0
 42
250.0
 43
250.0
 50
180.0
  0
INSERT
  5
16B9
330
1551
100
AcDbEntity
  8
DIM
 62
     8
440
 16777216
370
    -2
100
AcDbBlockReference
  2
DIM1
 10
68189.08956455968
 20
25109.75915144808
 30
0.0
 41
250.0
 42
250.0
 43
250.0
  0
MTEXT
  5
16BA
330
1551
100
AcDbEntity
  8
DIM
 62
     3
440
 16777216
100
AcDbMText
 10
66939.33291717412
 20
25334.75915144808
 30
0.0
 40
250.0
 41
0.0
 46
0.0
 71
     5
 72
     1
  1
\A1;Ld
  7
ROMANS
 73
     1
 44
1.0
  0
POINT
  5
16BB
330
1551
100
AcDbEntity
  8
DEFPOINTS
 62
     0
440
 16777216
100
AcDbPoint
 10
65689.57626978855
 20
21935.41040825272
 30
0.0
  0
POINT
  5
16BC
330
1551
100
AcDbEntity
  8
DEFPOINTS
 62
     0
440
 16777216
100
AcDbPoint
 10
68189.08956455968
 20
21935.41040825275
 30
0.0
  0
POINT
  5
16BD
330
1551
100
AcDbEntity
  8
DEFPOINTS
 62
     0
440
 16777216
100
AcDbPoint
 10
68189.08956455968
 20
25109.75915144808
 30
0.0
  0
ENDBLK
  5
1553
330
1551
100
AcDbEntity
  8
0
100
AcDbBlockEnd
  0
BLOCK
  5
155E
330
155D
100
AcDbEntity
  8
0
100
AcDbBlockBegin
  2
*D54
 70
     1
 10
0.0
 20
0.0
 30
0.0
  3
*D54
  1

  0
LINE
  5
16BE
330
155D
100
AcDbEntity
  8
DIM
 62
     8
440
 16777216
370
    -2
100
AcDbLine
 10
47973.46115835843
 20
25034.82636197821
 30
0.0
 11
47973.46115835843
 21
26422.29256024402
 31
0.0
  0
LINE
  5
16BF
330
155D
100
AcDbEntity
  8
DIM
 62
     8
440
 16777216
370
    -2
100
AcDbLine
 10
70643.01057456416
 20
25021.4833781553
 30
0.0
 11
70643.01057456416
 21
26422.29256024402
 31
0.0
  0
LINE
  5
16C0
330
155D
100
AcDbEntity
  8
DIM
 62
     8
440
 16777216
370
    -2
100
AcDbLine
 10
48223.46115835842
 20
26322.29256024402
 30
0.0
 11
70393.01057456416
 21
26322.29256024402
 31
0.0
  0
INSERT
  5
16C1
330
155D
100
AcDbEntity
  8
DIM
 62
     8
440
 16777216
370
    -2
100
AcDbBlockReference
  2
DIM1
 10
47973.46115835843
 20
26322.29256024402
 30
0.0
 41
250.0
 42
250.0
 43
250.0
 50
180.0
  0
INSERT
  5
16C2
330
155D
100
AcDbEntity
  8
DIM
 62
     8
440
 16777216
370
    -2
100
AcDbBlockReference
  2
DIM1
 10
70643.01057456416
 20
26322.29256024402
 30
0.0
 41
250.0
 42
250.0
 43
250.0
  0
MTEXT
  5
16C3
330
155D
100
AcDbEntity
  8
DIM
 62
     3
440
 16777216
100
AcDbMText
 10
59308.2358664613
 20
26547.29256024402
 30
0.0
 40
250.0
 41
0.0
 46
0.0
 71
     5
 72
     1
  1
\A1;V E R I F Y
  7
ROMANS
 73
     1
 44
1.0
  0
POINT
  5
16C4
330
155D
100
AcDbEntity
  8
DEFPOINTS
 62
     0
440
 16777216
100
AcDbPoint
 10
47973.46115835843
 20
24934.82636197821
 30
0.0
  0
POINT
  5
16C5
330
155D
100
AcDbEntity
  8
DEFPOINTS
 62
     0
440
 16777216
100
AcDbPoint
 10
70643.01057456416
 20
24921.4833781553
 30
0.0
  0
POINT
  5
16C6
330
155D
100
AcDbEntity
  8
DEFPOINTS
 62
     0
440
 16777216
100
AcDbPoint
 10
70643.01057456416
 20
26322.29256024402
 30
0.0
  0
ENDBLK
  5
155F
330
155D
100
AcDbEntity
  8
0
100
AcDbBlockEnd
  0
BLOCK
  5
156A
330
1569
100
AcDbEntity
  8
0
100
AcDbBlockBegin
  2
*D55
 70
     1
 10
0.0
 20
0.0
 30
0.0
  3
*D55
  1

  0
LINE
  5
16C7
330
1569
100
AcDbEntity
  8
DIM
 62
     8
440
 16777216
370
    -2
100
AcDbLine
 10
47973.46115835843
 20
9561.45473967315
 30
0.0
 11
47973.46115835843
 21
10948.92093793896
 31
0.0
  0
LINE
  5
16C8
330
1569
100
AcDbEntity
  8
DIM
 62
     8
440
 16777216
370
    -2
100
AcDbLine
 10
70643.01057456416
 20
9548.111755850246
 30
0.0
 11
70643.01057456416
 21
10948.92093793896
 31
0.0
  0
LINE
  5
16C9
330
1569
100
AcDbEntity
  8
DIM
 62
     8
440
 16777216
370
    -2
100
AcDbLine
 10
48223.46115835842
 20
10848.92093793896
 30
0.0
 11
70393.01057456416
 21
10848.92093793896
 31
0.0
  0
INSERT
  5
16CA
330
1569
100
AcDbEntity
  8
DIM
 62
     8
440
 16777216
370
    -2
100
AcDbBlockReference
  2
DIM1
 10
47973.46115835843
 20
10848.92093793896
 30
0.0
 41
250.0
 42
250.0
 43
250.0
 50
180.0
  0
INSERT
  5
16CB
330
1569
100
AcDbEntity
  8
DIM
 62
     8
440
 16777216
370
    -2
100
AcDbBlockReference
  2
DIM1
 10
70643.01057456416
 20
10848.92093793896
 30
0.0
 41
250.0
 42
250.0
 43
250.0
  0
MTEXT
  5
16CC
330
1569
100
AcDbEntity
  8
DIM
 62
     3
440
 16777216
100
AcDbMText
 10
59308.2358664613
 20
11073.92093793896
 30
0.0
 40
250.0
 41
0.0
 46
0.0
 71
     5
 72
     1
  1
\A1;S T A I R  S P A N
  7
ROMANS
 73
     1
 44
1.0
  0
MTEXT
  5
16CD
330
1569
100
AcDbEntity
  8
DIM
 62
     3
440
 16777216
100
AcDbMText
 10
59308.2358664613
 20
10558.44474746277
 30
0.0
 40
250.0
 41
0.0
 46
0.0
 71
     5
 72
     1
  1
\A1;( S E E   T A B L E )
  7
ROMANS
 73
     1
 44
1.0
  0
POINT
  5
16CE
330
1569
100
AcDbEntity
  8
DEFPOINTS
 62
     0
440
 16777216
100
AcDbPoint
 10
47973.46115835843
 20
9461.45473967315
 30
0.0
  0
POINT
  5
16CF
330
1569
100
AcDbEntity
  8
DEFPOINTS
 62
     0
440
 16777216
100
AcDbPoint
 10
70643.01057456416
 20
9448.111755850247
 30
0.0
  0
POINT
  5
16D0
330
1569
100
AcDbEntity
  8
DEFPOINTS
 62
     0
440
 16777216
100
AcDbPoint
 10
70643.01057456416
 20
10848.92093793896
 30
0.0
  0
ENDBLK
  5
156B
330
1569
100
AcDbEntity
  8
0
100
AcDbBlockEnd
  0
BLOCK
  5
1577
330
1576
100
AcDbEntity
  8
0
100
AcDbBlockBegin
  2
*D56
 70
     1
 10
0.0
 20
0.0
 30
0.0
  3
*D56
  1

  0
LINE
  5
16D1
330
1576
100
AcDbEntity
  8
DIM
 62
     8
440
 16777216
370
    -2
100
AcDbLine
 10
73656.89204249598
 20
21935.41040825273
 30
0.0
 11
75509.8951310917
 21
21935.41040825273
 31
0.0
  0
LINE
  5
16D2
330
1576
100
AcDbEntity
  8
DIM
 62
     8
440
 16777216
370
    -2
100
AcDbLine
 10
73713.63242414672
 20
6938.330639625378
 30
0.0
 11
75509.8951310917
 21
6938.330639625378
 31
0.0
  0
LINE
  5
16D3
330
1576
100
AcDbEntity
  8
DIM
 62
     8
440
 16777216
370
    -2
100
AcDbLine
 10
75409.8951310917
 20
21685.41040825273
 30
0.0
 11
75409.8951310917
 21
7188.330639625378
 31
0.0
  0
INSERT
  5
16D4
330
1576
100
AcDbEntity
  8
DIM
 62
     8
440
 16777216
370
    -2
100
AcDbBlockReference
  2
DIM1
 10
75409.8951310917
 20
21935.41040825273
 30
0.0
 41
250.0
 42
250.0
 43
250.0
 50
90.0
  0
INSERT
  5
16D5
330
1576
100
AcDbEntity
  8
DIM
 62
     8
440
 16777216
370
    -2
100
AcDbBlockReference
  2
DIM1
 10
75409.8951310917
 20
6938.330639625378
 30
0.0
 41
250.0
 42
250.0
 43
250.0
 50
270.0
  0
MTEXT
  5
16D6
330
1576
100
AcDbEntity
  8
DIM
 62
     3
440
 16777216
100
AcDbMText
 10
75184.89513109169
 20
14436.87052393903
 30
0.0
 40
250.0
 41
0.0
 46
0.0
 71
     5
 72
     1
  1
\A1;3000
  7
ROMANS
 11
0.0000000000000001
 21
1.0
 31
0.0
 73
     1
 44
1.0
  0
POINT
  5
16D7
330
1576
100
AcDbEntity
  8
DEFPOINTS
 62
     0
440
 16777216
100
AcDbPoint
 10
73556.89204249598
 20
21935.41040825273
 30
0.0
  0
POINT
  5
16D8
330
1576
100
AcDbEntity
  8
DEFPOINTS
 62
     0
440
 16777216
100
AcDbPoint
 10
73613.63242414672
 20
6938.330639625378
 30
0.0
  0
POINT
  5
16D9
330
1576
100
AcDbEntity
  8
DEFPOINTS
 62
     0
440
 16777216
100
AcDbPoint
 10
75409.8951310917
 20
6938.330639625378
 30
0.0
  0
ENDBLK
  5
1578
330
1576
100
AcDbEntity
  8
0
100
AcDbBlockEnd
  0
BLOCK
  5
1583
330
1582
100
AcDbEntity
  8
0
100
AcDbBlockBegin
  2
*D57
 70
     1
 10
0.0
 20
0.0
 30
0.0
  3
*D57
  1

  0
LINE
  5
16DA
330
1582
100
AcDbEntity
  8
TG
 62
     8
440
 16777216
370
    -2
100
AcDbLine
 10
74532.42638958005
 20
41815.6122179683
 30
0.0
 11
70895.92851133866
 21
46919.89338406621
 31
0.0
  0
LINE
  5
16DB
330
1582
100
AcDbEntity
  8
TG
 62
     8
440
 16777216
370
    -2
100
AcDbLine
 10
75842.85793341868
 20
43593.95600864381
 30
0.0
 11
72605.56256847153
 21
48137.90634593557
 31
0.0
  0
LINE
  5
16DC
330
1582
100
AcDbEntity
  8
TG
 62
     8
440
 16777216
370
    -2
100
AcDbLine
 10
71157.56368000069
 20
46983.50972252722
 30
0.0
 11
72459.97595562041
 21
47911.40129486929
 31
0.0
  0
INSERT
  5
16DD
330
1582
100
AcDbEntity
  8
TG
 62
     8
440
 16777216
370
    -2
100
AcDbBlockReference
  2
DIM1
 10
70953.95278924411
 20
46838.44902776358
 30
0.0
 41
250.0
 42
250.0
 43
250.0
 50
215.4676202357782
  0
INSERT
  5
16DE
330
1582
100
AcDbEntity
  8
TG
 62
     8
440
 16777216
370
    -2
100
AcDbBlockReference
  2
DIM1
 10
72663.58684637698
 20
48056.46198963294
 30
0.0
 41
250.0
 42
250.0
 43
250.0
 50
35.46762023577823
  0
MTEXT
  5
16DF
330
1582
100
AcDbEntity
  8
TG
 62
     3
440
 16777216
100
AcDbMText
 10
71640.22310579944
 20
47684.03197224399
 30
0.0
 40
250.0
 41
0.0
 46
0.0
 71
     5
 72
     1
  1
\A1;L2/4
  7
ROMANS
 11
0.8144435630263272
 21
0.5802427790545789
 31
0.0
 73
     1
 44
1.0
  0
POINT
  5
16E0
330
1582
100
AcDbEntity
  8
DEFPOINTS
 62
     0
440
 16777216
100
AcDbPoint
 10
74590.45066748551
 20
41734.16786166566
 30
0.0
  0
POINT
  5
16E1
330
1582
100
AcDbEntity
  8
DEFPOINTS
 62
     0
440
 16777216
100
AcDbPoint
 10
75900.88221132413
 20
43512.51165234118
 30
0.0
  0
POINT
  5
16E2
330
1582
100
AcDbEntity
  8
DEFPOINTS
 62
     0
440
 16777216
100
AcDbPoint
 10
72663.58684637698
 20
48056.46198963294
 30
0.0
  0
ENDBLK
  5
1584
330
1582
100
AcDbEntity
  8
0
100
AcDbBlockEnd
  0
BLOCK
  5
158F
330
158E
100
AcDbEntity
  8
0
100
AcDbBlockBegin
  2
*D58
 70
     1
 10
0.0
 20
0.0
 30
0.0
  3
*D58
  1

  0
LINE
  5
16E3
330
158E
100
AcDbEntity
  8
DIM
 62
     8
440
 16777216
370
    -2
100
AcDbLine
 10
52181.39057361541
 20
33319.28009635477
 30
0.0
 11
52181.39057361541
 21
32039.50395159397
 31
0.0
  0
LINE
  5
16E4
330
158E
100
AcDbEntity
  8
DIM
 62
     8
440
 16777216
370
    -2
100
AcDbLine
 10
86167.39535615806
 20
43140.46567210952
 30
0.0
 11
86167.39535615806
 21
32039.50395159397
 31
0.0
  0
LINE
  5
16E5
330
158E
100
AcDbEntity
  8
DIM
 62
     8
440
 16777216
370
    -2
100
AcDbLine
 10
52431.39057361541
 20
32139.50395159396
 30
0.0
 11
85917.39535615806
 21
32139.50395159396
 31
0.0
  0
INSERT
  5
16E6
330
158E
100
AcDbEntity
  8
DIM
 62
     8
440
 16777216
370
    -2
100
AcDbBlockReference
  2
DIM1
 10
52181.39057361541
 20
32139.50395159396
 30
0.0
 41
250.0
 42
250.0
 43
250.0
 50
180.0
  0
INSERT
  5
16E7
330
158E
100
AcDbEntity
  8
DIM
 62
     8
440
 16777216
370
    -2
100
AcDbBlockReference
  2
DIM1
 10
86167.39535615806
 20
32139.50395159396
 30
0.0
 41
250.0
 42
250.0
 43
250.0
  0
MTEXT
  5
16E8
330
158E
100
AcDbEntity
  8
DIM
 62
     3
440
 16777216
100
AcDbMText
 10
69174.39296488673
 20
32364.50395159396
 30
0.0
 40
250.0
 41
0.0
 46
0.0
 71
     5
 72
     1
  1
\A1;S T A I R  S P A N
  7
ROMANS
 73
     1
 44
1.0
  0
MTEXT
  5
16E9
330
158E
100
AcDbEntity
  8
DIM
 62
     3
440
 16777216
100
AcDbMText
 10
69174.39296488673
 20
31849.02776111778
 30
0.0
 40
250.0
 41
0.0
 46
0.0
 71
     5
 72
     1
  1
\A1;( S E E   T A B L E )
  7
ROMANS
 73
     1
 44
1.0
  0
POINT
  5
16EA
330
158E
100
AcDbEntity
  8
DEFPOINTS
 62
     0
440
 16777216
100
AcDbPoint
 10
52181.39057361541
 20
33419.28009635477
 30
0.0
  0
POINT
  5
16EB
330
158E
100
AcDbEntity
  8
DEFPOINTS
 62
     0
440
 16777216
100
AcDbPoint
 10
86167.39535615806
 20
43240.46567210952
 30
0.0
  0
POINT
  5
16EC
330
158E
100
AcDbEntity
  8
DEFPOINTS
 62
     0
440
 16777216
100
AcDbPoint
 10
86167.39535615806
 20
32139.50395159396
 30
0.0
  0
ENDBLK
  5
1590
330
158E
100
AcDbEntity
  8
0
100
AcDbBlockEnd
  0
BLOCK
  5
159C
330
159B
100
AcDbEntity
  8
0
100
AcDbBlockBegin
  2
*D59
 70
     1
 10
0.0
 20
0.0
 30
0.0
  3
*D59
  1

  0
LINE
  5
16ED
330
159B
100
AcDbEntity
  8
TG
 62
     8
440
 16777216
370
    -2
100
AcDbLine
 10
70834.3587726027
 20
47006.3142397176
 30
0.0
 11
70384.98587561429
 21
47637.06549860794
 31
0.0
  0
LINE
  5
16EE
330
159B
100
AcDbEntity
  8
TG
 62
     8
440
 16777216
370
    -2
100
AcDbLine
 10
77682.57574450209
 20
51864.77794886338
 30
0.0
 11
77223.52210412423
 21
52509.11734607003
 31
0.0
  0
LINE
  5
16EF
330
159B
100
AcDbEntity
  8
TG
 62
     8
440
 16777216
370
    -2
100
AcDbLine
 10
70646.62104427632
 20
47700.68183706895
 30
0.0
 11
77077.93549127311
 21
52282.61229500375
 31
0.0
  0
INSERT
  5
16F0
330
159B
100
AcDbEntity
  8
TG
 62
     8
440
 16777216
370
    -2
100
AcDbBlockReference
  2
DIM1
 10
70443.01015351974
 20
47555.6211423053
 30
0.0
 41
250.0
 42
250.0
 43
250.0
 50
215.4676202357782
  0
INSERT
  5
16F1
330
159B
100
AcDbEntity
  8
TG
 62
     8
440
 16777216
370
    -2
100
AcDbBlockReference
  2
DIM1
 10
77281.54638202968
 20
52427.67298976739
 30
0.0
 41
250.0
 42
250.0
 43
250.0
 50
35.46762023577823
  0
MTEXT
  5
16F2
330
159B
100
AcDbEntity
  8
TG
 62
     3
440
 16777216
100
AcDbMText
 10
73731.72364248743
 20
50174.89686771727
 30
0.0
 40
250.0
 41
0.0
 46
0.0
 71
     5
 72
     1
  1
\A1;L2
  7
ROMANS
 11
0.8144435630263272
 21
0.5802427790545789
 31
0.0
 73
     1
 44
1.0
  0
POINT
  5
16F3
330
159B
100
AcDbEntity
  8
DEFPOINTS
 62
     0
440
 16777216
100
AcDbPoint
 10
70892.38305050817
 20
46924.86988341496
 30
0.0
  0
POINT
  5
16F4
330
159B
100
AcDbEntity
  8
DEFPOINTS
 62
     0
440
 16777216
100
AcDbPoint
 10
77740.60002240754
 20
51783.33359256074
 30
0.0
  0
POINT
  5
16F5
330
159B
100
AcDbEntity
  8
DEFPOINTS
 62
     0
440
 16777216
100
AcDbPoint
 10
77281.54638202968
 20
52427.67298976739
 30
0.0
  0
ENDBLK
  5
159D
330
159B
100
AcDbEntity
  8
0
100
AcDbBlockEnd
  0
BLOCK
  5
15A8
330
15A7
100
AcDbEntity
  8
0
100
AcDbBlockBegin
  2
*D60
 70
     1
 10
0.0
 20
0.0
 30
0.0
  3
*D60
  1

  0
LINE
  5
16F6
330
15A7
100
AcDbEntity
  8
TG
 62
     8
440
 16777216
370
    -2
100
AcDbLine
 10
53401.5101884477
 20
42359.1672280529
 30
0.0
 11
52991.86274488565
 21
42934.15882736745
 31
0.0
  0
LINE
  5
16F7
330
15A7
100
AcDbEntity
  8
TG
 62
     8
440
 16777216
370
    -2
100
AcDbLine
 10
62979.43920997336
 20
49174.45576889925
 30
0.0
 11
62565.81346480104
 21
49755.03141381542
 31
0.0
  0
LINE
  5
16F8
330
15A7
100
AcDbEntity
  8
TG
 62
     8
440
 16777216
370
    -2
100
AcDbLine
 10
53253.49791354769
 20
42997.77516582846
 30
0.0
 11
62420.22685194991
 21
49528.52636274914
 31
0.0
  0
INSERT
  5
16F9
330
15A7
100
AcDbEntity
  8
TG
 62
     8
440
 16777216
370
    -2
100
AcDbBlockReference
  2
DIM1
 10
53049.88702279111
 20
42852.71447106481
 30
0.0
 41
250.0
 42
250.0
 43
250.0
 50
215.4676202357782
  0
INSERT
  5
16FA
330
15A7
100
AcDbEntity
  8
TG
 62
     8
440
 16777216
370
    -2
100
AcDbBlockReference
  2
DIM1
 10
62623.8377427065
 20
49673.58705751279
 30
0.0
 41
250.0
 42
250.0
 43
250.0
 50
35.46762023577823
  0
MTEXT
  5
16FB
330
15A7
100
AcDbEntity
  8
TG
 62
     3
440
 16777216
100
AcDbMText
 10
57706.30775746151
 20
46446.40056596974
 30
0.0
 40
250.0
 41
0.0
 46
0.0
 71
     5
 72
     1
  1
\A1;L1
  7
ROMANS
 11
0.8144435630263272
 21
0.5802427790545789
 31
0.0
 73
     1
 44
1.0
  0
POINT
  5
16FC
330
15A7
100
AcDbEntity
  8
DEFPOINTS
 62
     0
440
 16777216
100
AcDbPoint
 10
53459.53446635316
 20
42277.72287175028
 30
0.0
  0
POINT
  5
16FD
330
15A7
100
AcDbEntity
  8
DEFPOINTS
 62
     0
440
 16777216
100
AcDbPoint
 10
63037.46348787882
 20
49093.01141259662
 30
0.0
  0
POINT
  5
16FE
330
15A7
100
AcDbEntity
  8
DEFPOINTS
 62
     0
440
 16777216
100
AcDbPoint
 10
62623.8377427065
 20
49673.58705751279
 30
0.0
  0
ENDBLK
  5
15A9
330
15A7
100
AcDbEntity
  8
0
100
AcDbBlockEnd
  0
BLOCK
  5
15B4
330
15B3
100
AcDbEntity
  8
0
100
AcDbBlockBegin
  2
*D61
 70
     1
 10
0.0
 20
0.0
 30
0.0
  3
*D61
  1

  0
LINE
  5
1717
330
15B3
100
AcDbEntity
  8
DIM
 62
     8
440
 16777216
370
    -2
100
AcDbLine
 10
53122.4585455872
 20
14536.87052393901
 30
0.0
 11
53122.4585455872
 21
25209.75915144807
 31
0.0
  0
LINE
  5
1718
330
15B3
100
AcDbEntity
  8
DIM
 62
     8
440
 16777216
370
    -2
100
AcDbLine
 10
63320.47278825385
 20
21202.23930932921
 30
0.0
 11
63320.47278825385
 21
25209.75915144807
 31
0.0
  0
LINE
  5
1719
330
15B3
100
AcDbEntity
  8
DIM
 62
     8
440
 16777216
370
    -2
100
AcDbLine
 10
53372.4585455872
 20
25109.75915144808
 30
0.0
 11
63070.47278825385
 21
25109.75915144808
 31
0.0
  0
INSERT
  5
171A
330
15B3
100
AcDbEntity
  8
DIM
 62
     8
440
 16777216
370
    -2
100
AcDbBlockReference
  2
DIM1
 10
53122.4585455872
 20
25109.75915144808
 30
0.0
 41
250.0
 42
250.0
 43
250.0
 50
180.0
  0
INSERT
  5
171B
330
15B3
100
AcDbEntity
  8
DIM
 62
     8
440
 16777216
370
    -2
100
AcDbBlockReference
  2
DIM1
 10
63320.47278825385
 20
25109.75915144808
 30
0.0
 41
250.0
 42
250.0
 43
250.0
  0
MTEXT
  5
171C
330
15B3
100
AcDbEntity
  8
DIM
 62
     3
440
 16777216
100
AcDbMText
 10
58221.46566692053
 20
25334.75915144808
 30
0.0
 40
250.0
 41
0.0
 46
0.0
 71
     5
 72
     1
  1
\A1;TREADS
  7
ROMANS
 73
     1
 44
1.0
  0
POINT
  5
171D
330
15B3
100
AcDbEntity
  8
DEFPOINTS
 62
     0
440
 16777216
100
AcDbPoint
 10
53122.4585455872
 20
14436.87052393901
 30
0.0
  0
POINT
  5
171E
330
15B3
100
AcDbEntity
  8
DEFPOINTS
 62
     0
440
 16777216
100
AcDbPoint
 10
63320.47278825385
 20
21102.2393093292
 30
0.0
  0
POINT
  5
171F
330
15B3
100
AcDbEntity
  8
DEFPOINTS
 62
     0
440
 16777216
100
AcDbPoint
 10
63320.47278825385
 20
25109.75915144808
 30
0.0
  0
ENDBLK
  5
15B5
330
15B3
100
AcDbEntity
  8
0
100
AcDbBlockEnd
  0
BLOCK
  5
15C0
330
15BF
100
AcDbEntity
  8
0
100
AcDbBlockBegin
  2
*D62
 70
     1
 10
0.0
 20
0.0
 30
0.0
  3
*D62
  1

  0
LINE
  5
1720
330
15BF
100
AcDbEntity
  8
DIM
 62
     8
440
 16777216
370
    -2
100
AcDbLine
 10
42797.69546181535
 20
43740.83384281425
 30
0.0
 11
40443.291235107
 21
47045.53566156216
 31
0.0
  0
LINE
  5
1721
330
15BF
100
AcDbEntity
  8
DIM
 62
     8
440
 16777216
370
    -2
100
AcDbLine
 10
39299.27084906766
 20
42035.95878678479
 30
0.0
 11
37317.04078409579
 21
44818.26746028207
 31
0.0
  0
LINE
  5
1722
330
15BF
100
AcDbEntity
  8
DIM
 62
     8
440
 16777216
370
    -2
100
AcDbLine
 10
40297.70462225295
 20
46819.03061049776
 30
0.0
 11
37578.67595275866
 21
44881.88379873971
 31
0.0
  0
INSERT
  5
1723
330
15BF
100
AcDbEntity
  8
DIM
 62
     8
440
 16777216
370
    -2
100
AcDbBlockReference
  2
DIM1
 10
40501.31551301141
 20
46964.09130525879
 30
0.0
 41
250.0
 42
250.0
 43
250.0
 50
35.46762023503811
  0
INSERT
  5
1724
330
15BF
100
AcDbEntity
  8
DIM
 62
     8
440
 16777216
370
    -2
100
AcDbBlockReference
  2
DIM1
 10
37375.0650620002
 20
44736.82310397869
 30
0.0
 41
250.0
 42
250.0
 43
250.0
 50
215.4676202350382
  0
MTEXT
  5
1725
330
15BF
100
AcDbEntity
  8
DIM
 62
     3
440
 16777216
100
AcDbMText
 10
38769.64357549777
 20
46087.03366816666
 30
0.0
 40
250.0
 41
0.0
 46
0.0
 71
     5
 72
     1
  1
\A1;L/4
  7
ROMANS
 11
0.8144435630338225
 21
0.5802427790440588
 31
0.0
 73
     1
 44
1.0
  0
POINT
  5
1726
330
15BF
100
AcDbEntity
  8
DEFPOINTS
 62
     0
440
 16777216
100
AcDbPoint
 10
42855.71973971975
 20
43659.38948651087
 30
0.0
  0
POINT
  5
1727
330
15BF
100
AcDbEntity
  8
DEFPOINTS
 62
     0
440
 16777216
100
AcDbPoint
 10
39357.29512697207
 20
41954.5144304814
 30
0.0
  0
POINT
  5
1728
330
15BF
100
AcDbEntity
  8
DEFPOINTS
 62
     0
440
 16777216
100
AcDbPoint
 10
37375.0650620002
 20
44736.82310397869
 30
0.0
  0
ENDBLK
  5
15C1
330
15BF
100
AcDbEntity
  8
0
100
AcDbBlockEnd
  0
BLOCK
  5
15CC
330
15CB
100
AcDbEntity
  8
0
100
AcDbBlockBegin
  2
*D63
 70
     1
 10
0.0
 20
0.0
 30
0.0
  3
*D63
  1

  0
LINE
  5
1729
330
15CB
100
AcDbEntity
  8
DIM
 62
     8
440
 16777216
370
    -2
100
AcDbLine
 10
42797.69546181536
 20
43740.83384281425
 30
0.0
 11
39473.31062842727
 21
48407.02517924211
 31
0.0
  0
LINE
  5
172A
330
15CB
100
AcDbEntity
  8
DIM
 62
     8
440
 16777216
370
    -2
100
AcDbLine
 10
29518.34964370615
 20
36332.6300352055
 30
0.0
 11
27163.94541698969
 21
39637.33185396479
 31
0.0
  0
LINE
  5
172B
330
15CB
100
AcDbEntity
  8
DIM
 62
     8
440
 16777216
370
    -2
100
AcDbLine
 10
39327.72401557322
 20
48180.52012817772
 30
0.0
 11
27425.58058565255
 21
39700.94819242243
 31
0.0
  0
INSERT
  5
172C
330
15CB
100
AcDbEntity
  8
DIM
 62
     8
440
 16777216
370
    -2
100
AcDbBlockReference
  2
DIM1
 10
39531.33490633167
 20
48325.58082293873
 30
0.0
 41
250.0
 42
250.0
 43
250.0
 50
35.46762023503811
  0
INSERT
  5
172D
330
15CB
100
AcDbEntity
  8
DIM
 62
     8
440
 16777216
370
    -2
100
AcDbBlockReference
  2
DIM1
 10
27221.96969489409
 20
39555.88749766141
 30
0.0
 41
250.0
 42
250.0
 43
250.0
 50
215.4676202350382
  0
MTEXT
  5
172E
330
15CB
100
AcDbEntity
  8
DIM
 62
     3
440
 16777216
100
AcDbMText
 10
33246.09767532797
 20
44123.98396198268
 30
0.0
 40
250.0
 41
0.0
 46
0.0
 71
     5
 72
     1
  1
\A1;L
  7
ROMANS
 11
0.8144435630338225
 21
0.5802427790440588
 31
0.0
 73
     1
 44
1.0
  0
POINT
  5
172F
330
15CB
100
AcDbEntity
  8
DEFPOINTS
 62
     0
440
 16777216
100
AcDbPoint
 10
42855.71973971976
 20
43659.38948651088
 30
0.0
  0
POINT
  5
1730
330
15CB
100
AcDbEntity
  8
DEFPOINTS
 62
     0
440
 16777216
100
AcDbPoint
 10
29576.37392161056
 20
36251.18567890211
 30
0.0
  0
POINT
  5
1731
330
15CB
100
AcDbEntity
  8
DEFPOINTS
 62
     0
440
 16777216
100
AcDbPoint
 10
27221.96969489409
 20
39555.88749766141
 30
0.0
  0
ENDBLK
  5
15CD
330
15CB
100
AcDbEntity
  8
0
100
AcDbBlockEnd
  0
BLOCK
  5
15D8
330
15D7
100
AcDbEntity
  8
0
100
AcDbBlockBegin
  2
*D64
 70
     1
 10
0.0
 20
0.0
 30
0.0
  3
*D64
  1

  0
LINE
  5
1732
330
15D7
100
AcDbEntity
  8
DIM
 62
     8
440
 16777216
370
    -2
100
AcDbLine
 10
33451.20652906754
 20
37869.55948411304
 30
0.0
 11
31468.97646410317
 21
40651.86815759981
 31
0.0
  0
LINE
  5
1733
330
15D7
100
AcDbEntity
  8
DIM
 62
     8
440
 16777216
370
    -2
100
AcDbLine
 10
30488.33025041214
 20
34971.14051749849
 30
0.0
 11
28133.92602369568
 21
38275.84233625778
 31
0.0
  0
LINE
  5
1734
330
15D7
100
AcDbEntity
  8
DIM
 62
     8
440
 16777216
370
    -2
100
AcDbLine
 10
31323.38985124913
 20
40425.3631065354
 30
0.0
 11
28395.56119235854
 21
38339.45867471542
 31
0.0
  0
INSERT
  5
1735
330
15D7
100
AcDbEntity
  8
DIM
 62
     8
440
 16777216
370
    -2
100
AcDbBlockReference
  2
DIM1
 10
31527.00074200758
 20
40570.42380129642
 30
0.0
 41
250.0
 42
250.0
 43
250.0
 50
35.46762023503811
  0
INSERT
  5
1736
330
15D7
100
AcDbEntity
  8
DIM
 62
     8
440
 16777216
370
    -2
100
AcDbBlockReference
  2
DIM1
 10
28191.95030160008
 20
38194.3979799544
 30
0.0
 41
250.0
 42
250.0
 43
250.0
 50
215.4676202350382
  0
MTEXT
  5
1737
330
15D7
100
AcDbEntity
  8
DIM
 62
     3
440
 16777216
100
AcDbMText
 10
29690.92880979579
 20
39618.98735417332
 30
0.0
 40
250.0
 41
0.0
 46
0.0
 71
     5
 72
     1
  1
\A1;L/4
  7
ROMANS
 11
0.8144435630338225
 21
0.5802427790440588
 31
0.0
 73
     1
 44
1.0
  0
POINT
  5
1738
330
15D7
100
AcDbEntity
  8
DEFPOINTS
 62
     0
440
 16777216
100
AcDbPoint
 10
33509.23080697195
 20
37788.11512780966
 30
0.0
  0
POINT
  5
1739
330
15D7
100
AcDbEntity
  8
DEFPOINTS
 62
     0
440
 16777216
100
AcDbPoint
 10
30546.35452831654
 20
34889.69616119511
 30
0.0
  0
POINT
  5
173A
330
15D7
100
AcDbEntity
  8
DEFPOINTS
 62
     0
440
 16777216
100
AcDbPoint
 10
28191.95030160008
 20
38194.3979799544
 30
0.0
  0
ENDBLK
  5
15D9
330
15D7
100
AcDbEntity
  8
0
100
AcDbBlockEnd
  0
BLOCK
  5
15E4
330
15E3
100
AcDbEntity
  8
0
100
AcDbBlockBegin
  2
*D65
 70
     1
 10
0.0
 20
0.0
 30
0.0
  3
*D65
  1

  0
LINE
  5
173B
330
15E3
100
AcDbEntity
  8
DIM
 62
     8
440
 16777216
370
    -2
100
AcDbLine
 10
24819.48751107112
 20
5588.573992239659
 30
0.0
 11
24819.48751107112
 21
3480.945992658072
 31
0.0
  0
LINE
  5
173C
330
15E3
100
AcDbEntity
  8
DIM
 62
     8
440
 16777216
370
    -2
100
AcDbLine
 10
26819.09814688811
 20
5588.573992239659
 30
0.0
 11
26819.09814688811
 21
3480.945992658072
 31
0.0
  0
LINE
  5
173D
330
15E3
100
AcDbEntity
  8
DIM
 62
     8
440
 16777216
370
    -2
100
AcDbLine
 10
25069.48751107112
 20
3580.945992658072
 30
0.0
 11
26569.09814688811
 21
3580.945992658072
 31
0.0
  0
INSERT
  5
173E
330
15E3
100
AcDbEntity
  8
DIM
 62
     8
440
 16777216
370
    -2
100
AcDbBlockReference
  2
DIM1
 10
24819.48751107112
 20
3580.945992658072
 30
0.0
 41
250.0
 42
250.0
 43
250.0
 50
180.0
  0
INSERT
  5
173F
330
15E3
100
AcDbEntity
  8
DIM
 62
     8
440
 16777216
370
    -2
100
AcDbBlockReference
  2
DIM1
 10
26819.09814688811
 20
3580.945992658072
 30
0.0
 41
250.0
 42
250.0
 43
250.0
  0
MTEXT
  5
1740
330
15E3
100
AcDbEntity
  8
DIM
 62
     3
440
 16777216
100
AcDbMText
 10
25819.29282897958
 20
3805.945992658072
 30
0.0
 40
250.0
 41
0.0
 46
0.0
 71
     5
 72
     1
  1
\A1;400
  7
ROMANS
 73
     1
 44
1.0
  0
POINT
  5
1741
330
15E3
100
AcDbEntity
  8
DEFPOINTS
 62
     0
440
 16777216
100
AcDbPoint
 10
24819.48751107112
 20
5688.573992239659
 30
0.0
  0
POINT
  5
1742
330
15E3
100
AcDbEntity
  8
DEFPOINTS
 62
     0
440
 16777216
100
AcDbPoint
 10
26819.09814688811
 20
5688.573992239659
 30
0.0
  0
POINT
  5
1743
330
15E3
100
AcDbEntity
  8
DEFPOINTS
 62
     0
440
 16777216
100
AcDbPoint
 10
26819.09814688811
 20
3580.945992658072
 30
0.0
  0
ENDBLK
  5
15E5
330
15E3
100
AcDbEntity
  8
0
100
AcDbBlockEnd
  0
BLOCK
  5
15F0
330
15EF
100
AcDbEntity
  8
0
100
AcDbBlockBegin
  2
*D66
 70
     1
 10
0.0
 20
0.0
 30
0.0
  3
*D66
  1

  0
LINE
  5
1744
330
15EF
100
AcDbEntity
  8
DIM
 62
     8
440
 16777216
370
    -2
100
AcDbLine
 10
39350.99073559818
 20
5588.573992239659
 30
0.0
 11
39350.99073559818
 21
3472.222450070431
 31
0.0
  0
LINE
  5
1745
330
15EF
100
AcDbEntity
  8
DIM
 62
     8
440
 16777216
370
    -2
100
AcDbLine
 10
41350.60137141516
 20
5588.573992239659
 30
0.0
 11
41350.60137141516
 21
3472.222450070431
 31
0.0
  0
LINE
  5
1746
330
15EF
100
AcDbEntity
  8
DIM
 62
     8
440
 16777216
370
    -2
100
AcDbLine
 10
39600.99073559818
 20
3572.222450070432
 30
0.0
 11
41100.60137141516
 21
3572.222450070432
 31
0.0
  0
INSERT
  5
1747
330
15EF
100
AcDbEntity
  8
DIM
 62
     8
440
 16777216
370
    -2
100
AcDbBlockReference
  2
DIM1
 10
39350.99073559818
 20
3572.222450070432
 30
0.0
 41
250.0
 42
250.0
 43
250.0
 50
180.0
  0
INSERT
  5
1748
330
15EF
100
AcDbEntity
  8
DIM
 62
     8
440
 16777216
370
    -2
100
AcDbBlockReference
  2
DIM1
 10
41350.60137141516
 20
3572.222450070432
 30
0.0
 41
250.0
 42
250.0
 43
250.0
  0
MTEXT
  5
1749
330
15EF
100
AcDbEntity
  8
DIM
 62
     3
440
 16777216
100
AcDbMText
 10
40350.79605350664
 20
3797.222450070432
 30
0.0
 40
250.0
 41
0.0
 46
0.0
 71
     5
 72
     1
  1
\A1;400
  7
ROMANS
 73
     1
 44
1.0
  0
POINT
  5
174A
330
15EF
100
AcDbEntity
  8
DEFPOINTS
 62
     0
440
 16777216
100
AcDbPoint
 10
39350.99073559818
 20
5688.573992239659
 30
0.0
  0
POINT
  5
174B
330
15EF
100
AcDbEntity
  8
DEFPOINTS
 62
     0
440
 16777216
100
AcDbPoint
 10
41350.60137141516
 20
5688.573992239659
 30
0.0
  0
POINT
  5
174C
330
15EF
100
AcDbEntity
  8
DEFPOINTS
 62
     0
440
 16777216
100
AcDbPoint
 10
41350.60137141516
 20
3572.222450070432
 30
0.0
  0
ENDBLK
  5
15F1
330
15EF
100
AcDbEntity
  8
0
100
AcDbBlockEnd
  0
BLOCK
  5
15FC
330
15FB
100
AcDbEntity
  8
0
100
AcDbBlockBegin
  2
*D67
 70
     1
 10
0.0
 20
0.0
 30
0.0
  3
*D67
  1

  0
LINE
  5
174D
330
15FB
100
AcDbEntity
  8
DIM
 62
     8
440
 16777216
370
    -2
100
AcDbLine
 10
35235.07696481437
 20
14536.87052393901
 30
0.0
 11
35235.07696481437
 21
25209.75915144807
 31
0.0
  0
LINE
  5
174E
330
15FB
100
AcDbEntity
  8
DIM
 62
     8
440
 16777216
370
    -2
100
AcDbLine
 10
25037.06272214772
 20
22035.41040825272
 30
0.0
 11
25037.06272214772
 21
25209.75915144807
 31
0.0
  0
LINE
  5
174F
330
15FB
100
AcDbEntity
  8
DIM
 62
     8
440
 16777216
370
    -2
100
AcDbLine
 10
34985.07696481437
 20
25109.75915144808
 30
0.0
 11
25287.06272214772
 21
25109.75915144808
 31
0.0
  0
INSERT
  5
1750
330
15FB
100
AcDbEntity
  8
DIM
 62
     8
440
 16777216
370
    -2
100
AcDbBlockReference
  2
DIM1
 10
35235.07696481437
 20
25109.75915144808
 30
0.0
 41
250.0
 42
250.0
 43
250.0
  0
INSERT
  5
1751
330
15FB
100
AcDbEntity
  8
DIM
 62
     8
440
 16777216
370
    -2
100
AcDbBlockReference
  2
DIM1
 10
25037.06272214772
 20
25109.75915144808
 30
0.0
 41
250.0
 42
250.0
 43
250.0
 50
180.0
  0
MTEXT
  5
1752
330
15FB
100
AcDbEntity
  8
DIM
 62
     3
440
 16777216
100
AcDbMText
 10
30136.06984348105
 20
25334.75915144808
 30
0.0
 40
250.0
 41
0.0
 46
0.0
 71
     5
 72
     1
  1
\A1;TREADS
  7
ROMANS
 73
     1
 44
1.0
  0
POINT
  5
1753
330
15FB
100
AcDbEntity
  8
DEFPOINTS
 62
     0
440
 16777216
100
AcDbPoint
 10
35235.07696481437
 20
14436.87052393901
 30
0.0
  0
POINT
  5
1754
330
15FB
100
AcDbEntity
  8
DEFPOINTS
 62
     0
440
 16777216
100
AcDbPoint
 10
25037.06272214772
 20
21935.41040825272
 30
0.0
  0
POINT
  5
1755
330
15FB
100
AcDbEntity
  8
DEFPOINTS
 62
     0
440
 16777216
100
AcDbPoint
 10
25037.06272214772
 20
25109.75915144808
 30
0.0
  0
ENDBLK
  5
15FD
330
15FB
100
AcDbEntity
  8
0
100
AcDbBlockEnd
  0
BLOCK
  5
1608
330
1607
100
AcDbEntity
  8
0
100
AcDbBlockBegin
  2
*D68
 70
     1
 10
0.0
 20
0.0
 30
0.0
  3
*D68
  1

  0
LINE
  5
1756
330
1607
100
AcDbEntity
  8
DIM
 62
     8
440
 16777216
370
    -2
100
AcDbLine
 10
18598.91468165661
 20
16306.04788806589
 30
0.0
 11
18598.91468165661
 21
17693.51408633171
 31
0.0
  0
LINE
  5
1757
330
1607
100
AcDbEntity
  8
DIM
 62
     8
440
 16777216
370
    -2
100
AcDbLine
 10
39984.15222487963
 20
16292.70490424299
 30
0.0
 11
39984.15222487963
 21
17693.51408633171
 31
0.0
  0
LINE
  5
1758
330
1607
100
AcDbEntity
  8
DIM
 62
     8
440
 16777216
370
    -2
100
AcDbLine
 10
18848.91468165661
 20
17593.5140863317
 30
0.0
 11
39734.15222487963
 21
17593.5140863317
 31
0.0
  0
INSERT
  5
1759
330
1607
100
AcDbEntity
  8
DIM
 62
     8
440
 16777216
370
    -2
100
AcDbBlockReference
  2
DIM1
 10
18598.91468165661
 20
17593.5140863317
 30
0.0
 41
250.0
 42
250.0
 43
250.0
 50
180.0
  0
INSERT
  5
175A
330
1607
100
AcDbEntity
  8
DIM
 62
     8
440
 16777216
370
    -2
100
AcDbBlockReference
  2
DIM1
 10
39984.15222487963
 20
17593.5140863317
 30
0.0
 41
250.0
 42
250.0
 43
250.0
  0
MTEXT
  5
175B
330
1607
100
AcDbEntity
  8
DIM
 62
     3
440
 16777216
100
AcDbMText
 10
29291.53345326812
 20
17818.5140863317
 30
0.0
 40
250.0
 41
0.0
 46
0.0
 71
     5
 72
     1
  1
\A1;S T A I R  S P A N
  7
ROMANS
 73
     1
 44
1.0
  0
MTEXT
  5
175C
330
1607
100
AcDbEntity
  8
DIM
 62
     3
440
 16777216
100
AcDbMText
 10
29291.53345326812
 20
17303.03789585551
 30
0.0
 40
250.0
 41
0.0
 46
0.0
 71
     5
 72
     1
  1
\A1;( S E E   T A B L E )
  7
ROMANS
 73
     1
 44
1.0
  0
POINT
  5
175D
330
1607
100
AcDbEntity
  8
DEFPOINTS
 62
     0
440
 16777216
100
AcDbPoint
 10
18598.91468165661
 20
16206.04788806589
 30
0.0
  0
POINT
  5
175E
330
1607
100
AcDbEntity
  8
DEFPOINTS
 62
     0
440
 16777216
100
AcDbPoint
 10
39984.15222487963
 20
16192.70490424299
 30
0.0
  0
POINT
  5
175F
330
1607
100
AcDbEntity
  8
DEFPOINTS
 62
     0
440
 16777216
100
AcDbPoint
 10
39984.15222487963
 20
17593.5140863317
 30
0.0
  0
ENDBLK
  5
1609
330
1607
100
AcDbEntity
  8
0
100
AcDbBlockEnd
  0
BLOCK
  5
1615
330
1614
100
AcDbEntity
  8
0
100
AcDbBlockBegin
  2
*D69
 70
     1
 10
0.0
 20
0.0
 30
0.0
  3
*D69
  1

  0
LINE
  5
1760
330
1614
100
AcDbEntity
  8
DIM
 62
     8
440
 16777216
370
    -2
100
AcDbLine
 10
39901.58437749066
 20
14356.90556671547
 30
0.0
 11
39901.58437749066
 21
16820.25173797298
 31
0.0
  0
LINE
  5
1761
330
1614
100
AcDbEntity
  8
DIM
 62
     8
440
 16777216
370
    -2
100
AcDbLine
 10
37496.76817930097
 20
14356.90556671547
 30
0.0
 11
37496.76817930097
 21
16820.25173797298
 31
0.0
  0
LINE
  5
1762
330
1614
100
AcDbEntity
  8
DIM
 62
     8
440
 16777216
370
    -2
100
AcDbLine
 10
39651.58437749066
 20
16720.25173797298
 30
0.0
 11
37746.76817930097
 21
16720.25173797298
 31
0.0
  0
INSERT
  5
1763
330
1614
100
AcDbEntity
  8
DIM
 62
     8
440
 16777216
370
    -2
100
AcDbBlockReference
  2
DIM1
 10
39901.58437749066
 20
16720.25173797298
 30
0.0
 41
250.0
 42
250.0
 43
250.0
  0
INSERT
  5
1764
330
1614
100
AcDbEntity
  8
DIM
 62
     8
440
 16777216
370
    -2
100
AcDbBlockReference
  2
DIM1
 10
37496.76817930097
 20
16720.25173797298
 30
0.0
 41
250.0
 42
250.0
 43
250.0
 50
180.0
  0
MTEXT
  5
1765
330
1614
100
AcDbEntity
  8
DIM
 62
     3
440
 16777216
100
AcDbMText
 10
38699.17627839581
 20
16945.25173797298
 30
0.0
 40
250.0
 41
0.0
 46
0.0
 71
     5
 72
     1
  1
\A1;Ld
  7
ROMANS
 73
     1
 44
1.0
  0
POINT
  5
1766
330
1614
100
AcDbEntity
  8
DEFPOINTS
 62
     0
440
 16777216
100
AcDbPoint
 10
39901.58437749066
 20
14256.90556671547
 30
0.0
  0
POINT
  5
1767
330
1614
100
AcDbEntity
  8
DEFPOINTS
 62
     0
440
 16777216
100
AcDbPoint
 10
37496.76817930097
 20
14256.90556671547
 30
0.0
  0
POINT
  5
1768
330
1614
100
AcDbEntity
  8
DEFPOINTS
 62
     0
440
 16777216
100
AcDbPoint
 10
37496.76817930097
 20
16720.25173797298
 30
0.0
  0
ENDBLK
  5
1616
330
1614
100
AcDbEntity
  8
0
100
AcDbBlockEnd
  0
BLOCK
  5
1621
330
1620
100
AcDbEntity
  8
0
100
AcDbBlockBegin
  2
*D70
 70
     1
 10
0.0
 20
0.0
 30
0.0
  3
*D70
  1

  0
LINE
  5
1769
330
1620
100
AcDbEntity
  8
DIM
 62
     8
440
 16777216
370
    -2
100
AcDbLine
 10
18598.91468165661
 20
25034.82636197821
 30
0.0
 11
18598.91468165661
 21
26422.29256024402
 31
0.0
  0
LINE
  5
176A
330
1620
100
AcDbEntity
  8
DIM
 62
     8
440
 16777216
370
    -2
100
AcDbLine
 10
39984.15222487963
 20
25021.4833781553
 30
0.0
 11
39984.15222487963
 21
26422.29256024402
 31
0.0
  0
LINE
  5
176B
330
1620
100
AcDbEntity
  8
DIM
 62
     8
440
 16777216
370
    -2
100
AcDbLine
 10
18848.91468165661
 20
26322.29256024402
 30
0.0
 11
39734.15222487963
 21
26322.29256024402
 31
0.0
  0
INSERT
  5
176C
330
1620
100
AcDbEntity
  8
DIM
 62
     8
440
 16777216
370
    -2
100
AcDbBlockReference
  2
DIM1
 10
18598.91468165661
 20
26322.29256024402
 30
0.0
 41
250.0
 42
250.0
 43
250.0
 50
180.0
  0
INSERT
  5
176D
330
1620
100
AcDbEntity
  8
DIM
 62
     8
440
 16777216
370
    -2
100
AcDbBlockReference
  2
DIM1
 10
39984.15222487963
 20
26322.29256024402
 30
0.0
 41
250.0
 42
250.0
 43
250.0
  0
MTEXT
  5
176E
330
1620
100
AcDbEntity
  8
DIM
 62
     3
440
 16777216
100
AcDbMText
 10
29291.53345326812
 20
26547.29256024402
 30
0.0
 40
250.0
 41
0.0
 46
0.0
 71
     5
 72
     1
  1
\A1;V E R I F Y
  7
ROMANS
 73
     1
 44
1.0
  0
POINT
  5
176F
330
1620
100
AcDbEntity
  8
DEFPOINTS
 62
     0
440
 16777216
100
AcDbPoint
 10
18598.91468165661
 20
24934.82636197821
 30
0.0
  0
POINT
  5
1770
330
1620
100
AcDbEntity
  8
DEFPOINTS
 62
     0
440
 16777216
100
AcDbPoint
 10
39984.15222487963
 20
24921.4833781553
 30
0.0
  0
POINT
  5
1771
330
1620
100
AcDbEntity
  8
DEFPOINTS
 62
     0
440
 16777216
100
AcDbPoint
 10
39984.15222487963
 20
26322.29256024402
 30
0.0
  0
ENDBLK
  5
1622
330
1620
100
AcDbEntity
  8
0
100
AcDbBlockEnd
  0
BLOCK
  5
162D
330
162C
100
AcDbEntity
  8
0
100
AcDbBlockBegin
  2
*D71
 70
     1
 10
0.0
 20
0.0
 30
0.0
  3
*D71
  1

  0
LINE
  5
1772
330
162C
100
AcDbEntity
  8
DIM
 62
     8
440
 16777216
370
    -2
100
AcDbLine
 10
14251.36328295844
 20
6938.330639625274
 30
0.0
 11
12396.40787272662
 21
6938.330639625274
 31
0.0
  0
LINE
  5
1773
330
162C
100
AcDbEntity
  8
DIM
 62
     8
440
 16777216
370
    -2
100
AcDbLine
 10
14882.17125182463
 20
21935.41040825273
 30
0.0
 11
12396.40787272661
 21
21935.41040825273
 31
0.0
  0
LINE
  5
1774
330
162C
100
AcDbEntity
  8
DIM
 62
     8
440
 16777216
370
    -2
100
AcDbLine
 10
12496.40787272662
 20
7188.330639625274
 30
0.0
 11
12496.40787272661
 21
21685.41040825273
 31
0.0
  0
INSERT
  5
1775
330
162C
100
AcDbEntity
  8
DIM
 62
     8
440
 16777216
370
    -2
100
AcDbBlockReference
  2
DIM1
 10
12496.40787272662
 20
6938.330639625274
 30
0.0
 41
250.0
 42
250.0
 43
250.0
 50
270.0
  0
INSERT
  5
1776
330
162C
100
AcDbEntity
  8
DIM
 62
     8
440
 16777216
370
    -2
100
AcDbBlockReference
  2
DIM1
 10
12496.40787272661
 20
21935.41040825273
 30
0.0
 41
250.0
 42
250.0
 43
250.0
 50
90.0
  0
MTEXT
  5
1777
330
162C
100
AcDbEntity
  8
DIM
 62
     3
440
 16777216
100
AcDbMText
 10
12271.40787272662
 20
14436.87052393899
 30
0.0
 40
250.0
 41
0.0
 46
0.0
 71
     5
 72
     1
  1
\A1;3000
  7
ROMANS
 11
0.0000000000000001
 21
1.0
 31
0.0
 73
     1
 44
1.0
  0
POINT
  5
1778
330
162C
100
AcDbEntity
  8
DEFPOINTS
 62
     0
440
 16777216
100
AcDbPoint
 10
14351.36328295844
 20
6938.330639625274
 30
0.0
  0
POINT
  5
1779
330
162C
100
AcDbEntity
  8
DEFPOINTS
 62
     0
440
 16777216
100
AcDbPoint
 10
14982.17125182463
 20
21935.41040825273
 30
0.0
  0
POINT
  5
177A
330
162C
100
AcDbEntity
  8
DEFPOINTS
 62
     0
440
 16777216
100
AcDbPoint
 10
12496.40787272661
 20
21935.41040825273
 30
0.0
  0
ENDBLK
  5
162E
330
162C
100
AcDbEntity
  8
0
100
AcDbBlockEnd
  0
BLOCK
  5
1639
330
1638
100
AcDbEntity
  8
0
100
AcDbBlockBegin
  2
*D72
 70
     1
 10
0.0
 20
0.0
 30
0.0
  3
*D72
  1

  0
LINE
  5
177B
330
1638
100
AcDbEntity
  8
DIM
 62
     8
440
 16777216
370
    -2
100
AcDbLine
 10
24004.67937965113
 20
33319.28009635916
 30
0.0
 11
24004.67937965113
 21
32039.50395159836
 31
0.0
  0
LINE
  5
177C
330
1638
100
AcDbEntity
  8
DIM
 62
     8
440
 16777216
370
    -2
100
AcDbLine
 10
47577.31522938493
 20
42070.25684516259
 30
0.0
 11
47577.31522938493
 21
32039.50395159836
 31
0.0
  0
LINE
  5
177D
330
1638
100
AcDbEntity
  8
DIM
 62
     8
440
 16777216
370
    -2
100
AcDbLine
 10
24254.67937965113
 20
32139.50395159836
 30
0.0
 11
47327.31522938492
 21
32139.50395159836
 31
0.0
  0
INSERT
  5
177E
330
1638
100
AcDbEntity
  8
DIM
 62
     8
440
 16777216
370
    -2
100
AcDbBlockReference
  2
DIM1
 10
24004.67937965113
 20
32139.50395159836
 30
0.0
 41
250.0
 42
250.0
 43
250.0
 50
180.0
  0
INSERT
  5
177F
330
1638
100
AcDbEntity
  8
DIM
 62
     8
440
 16777216
370
    -2
100
AcDbBlockReference
  2
DIM1
 10
47577.31522938493
 20
32139.50395159836
 30
0.0
 41
250.0
 42
250.0
 43
250.0
  0
MTEXT
  5
1780
330
1638
100
AcDbEntity
  8
DIM
 62
     3
440
 16777216
100
AcDbMText
 10
35790.99730451802
 20
32364.50395159836
 30
0.0
 40
250.0
 41
0.0
 46
0.0
 71
     5
 72
     1
  1
\A1;S T A I R  S P A N
  7
ROMANS
 73
     1
 44
1.0
  0
MTEXT
  5
1781
330
1638
100
AcDbEntity
  8
DIM
 62
     3
440
 16777216
100
AcDbMText
 10
35790.99730451802
 20
31849.02776112217
 30
0.0
 40
250.0
 41
0.0
 46
0.0
 71
     5
 72
     1
  1
\A1;( S E E   T A B L E )
  7
ROMANS
 73
     1
 44
1.0
  0
POINT
  5
1782
330
1638
100
AcDbEntity
  8
DEFPOINTS
 62
     0
440
 16777216
100
AcDbPoint
 10
24004.67937965113
 20
33419.28009635917
 30
0.0
  0
POINT
  5
1783
330
1638
100
AcDbEntity
  8
DEFPOINTS
 62
     0
440
 16777216
100
AcDbPoint
 10
47577.31522938493
 20
42170.25684516259
 30
0.0
  0
POINT
  5
1784
330
1638
100
AcDbEntity
  8
DEFPOINTS
 62
     0
440
 16777216
100
AcDbPoint
 10
47577.31522938493
 20
32139.50395159836
 30
0.0
  0
ENDBLK
  5
163A
330
1638
100
AcDbEntity
  8
0
100
AcDbBlockEnd
  0
BLOCK
  5
1661
330
1660
100
AcDbEntity
  8
0
100
AcDbBlockBegin
  2
*D73
 70
     1
 10
0.0
 20
0.0
 30
0.0
  3
*D73
  1

  0
LINE
  5
1663
330
1660
100
AcDbEntity
  8
DIM
 62
     8
440
 16777216
370
    -2
100
AcDbLine
 10
53293.25295037623
 20
13767.37486974698
 30
0.0
 11
49465.53162257819
 21
19623.78850157169
 31
0.0
  0
LINE
  5
1664
330
1660
100
AcDbEntity
  8
DIM
 62
     8
440
 16777216
370
    -2
100
AcDbLine
 10
64766.01897337633
 20
21265.9147540607
 30
0.0
 11
60938.29764575048
 21
27122.32838562196
 31
0.0
  0
LINE
  5
1665
330
1660
100
AcDbEntity
  8
DIM
 62
     8
440
 16777216
370
    -2
100
AcDbLine
 10
49718.94924525846
 20
19674.73463503711
 30
0.0
 11
60789.92359723401
 21
26910.66558367784
 31
0.0
  0
INSERT
  5
1666
330
1660
100
AcDbEntity
  8
DIM
 62
     8
440
 16777216
370
    -2
100
AcDbBlockReference
  2
DIM1
 10
49518.0534096601
 20
19543.43016733235
 30
0.0
 41
240.0
 42
240.0
 43
240.0
 50
213.1684208199435
  0
INSERT
  5
1667
330
1660
100
AcDbEntity
  8
DIM
 62
     8
440
 16777216
370
    -2
100
AcDbBlockReference
  2
DIM1
 10
60990.81943283239
 20
27041.97005138261
 30
0.0
 41
240.0
 42
240.0
 43
240.0
 50
33.16842081994352
  0
MTEXT
  5
1668
330
1660
100
AcDbEntity
  8
DIM
 62
     3
440
 16777216
100
AcDbMText
 10
55136.26240031194
 20
23473.50636139601
 30
0.0
 40
240.0
 41
0.0
 46
0.0
 71
     5
 72
     1
  1
\A1;L
  7
ROMANS
 11
0.837065981659877
 21
0.5471019487698671
 31
0.0
 73
     1
 44
1.0
  0
POINT
  5
1669
330
1660
100
AcDbEntity
  8
DEFPOINTS
 62
     0
440
 16777216
100
AcDbPoint
 10
53345.77473745814
 20
13687.01653550763
 30
0.0
  0
POINT
  5
166A
330
1660
100
AcDbEntity
  8
DEFPOINTS
 62
     0
440
 16777216
100
AcDbPoint
 10
64818.54076045823
 20
21185.55641982136
 30
0.0
  0
POINT
  5
166B
330
1660
100
AcDbEntity
  8
DEFPOINTS
 62
     0
440
 16777216
100
AcDbPoint
 10
60990.81943283239
 20
27041.97005138261
 30
0.0
  0
ENDBLK
  5
1662
330
1660
100
AcDbEntity
  8
0
100
AcDbBlockEnd
  0
BLOCK
  5
167F
330
167E
100
AcDbEntity
  8
0
100
AcDbBlockBegin
  2
*D74
 70
     1
 10
0.0
 20
0.0
 30
0.0
  3
*D74
  1

  0
LINE
  5
1681
330
167E
100
AcDbEntity
  8
DIM
 62
     8
440
 16777216
370
    -2
100
AcDbLine
 10
40834.00621331117
 20
11687.40589969059
 30
0.0
 11
42009.50975146652
 21
11687.40589969059
 31
0.0
  0
LINE
  5
1682
330
167E
100
AcDbEntity
  8
DIM
 62
     8
440
 16777216
370
    -2
100
AcDbLine
 10
40834.0062133111
 20
14431.87149734947
 30
0.0
 11
42009.50975146652
 21
14431.87149734947
 31
0.0
  0
LINE
  5
1683
330
167E
100
AcDbEntity
  8
DIM
 62
     8
440
 16777216
370
    -2
100
AcDbLine
 10
41909.50975146652
 20
11937.40589969059
 30
0.0
 11
41909.50975146652
 21
14181.87149734947
 31
0.0
  0
INSERT
  5
1684
330
167E
100
AcDbEntity
  8
DIM
 62
     8
440
 16777216
370
    -2
100
AcDbBlockReference
  2
DIM1
 10
41909.50975146652
 20
11687.40589969059
 30
0.0
 41
250.0
 42
250.0
 43
250.0
 50
270.0
  0
INSERT
  5
1685
330
167E
100
AcDbEntity
  8
DIM
 62
     8
440
 16777216
370
    -2
100
AcDbBlockReference
  2
DIM1
 10
41909.50975146652
 20
14431.87149734947
 30
0.0
 41
250.0
 42
250.0
 43
250.0
 50
90.0
  0
MTEXT
  5
1686
330
167E
100
AcDbEntity
  8
DIM
 62
     3
440
 16777216
100
AcDbMText
 10
41684.50975146651
 20
13059.63869852003
 30
0.0
 40
250.0
 41
0.0
 46
0.0
 71
     5
 72
     1
  1
\A1;VERIFY
  7
ROMANS
 11
0.0000000000000001
 21
1.0
 31
0.0
 73
     1
 44
1.0
  0
POINT
  5
1687
330
167E
100
AcDbEntity
  8
DEFPOINTS
 62
     0
440
 16777216
100
AcDbPoint
 10
40734.00621331117
 20
11687.40589969059
 30
0.0
  0
POINT
  5
1688
330
167E
100
AcDbEntity
  8
DEFPOINTS
 62
     0
440
 16777216
100
AcDbPoint
 10
40734.0062133111
 20
14431.87149734947
 30
0.0
  0
POINT
  5
1689
330
167E
100
AcDbEntity
  8
DEFPOINTS
 62
     0
440
 16777216
100
AcDbPoint
 10
41909.50975146652
 20
14431.87149734947
 30
0.0
  0
ENDBLK
  5
1680
330
167E
100
AcDbEntity
  8
0
100
AcDbBlockEnd
  0
BLOCK
  5
168B
330
168A
100
AcDbEntity
  8
0
100
AcDbBlockBegin
  2
*D75
 70
     1
 10
0.0
 20
0.0
 30
0.0
  3
*D75
  1

  0
LINE
  5
168D
330
168A
100
AcDbEntity
  8
DIM
 62
     8
440
 16777216
370
    -2
100
AcDbLine
 10
40834.00621331117
 20
11687.40589969059
 30
0.0
 11
42009.50975146652
 21
11687.40589969059
 31
0.0
  0
LINE
  5
168E
330
168A
100
AcDbEntity
  8
DIM
 62
     8
440
 16777216
370
    -2
100
AcDbLine
 10
40834.0062133111
 20
6938.330639625283
 30
0.0
 11
42009.50975146652
 21
6938.330639625283
 31
0.0
  0
LINE
  5
168F
330
168A
100
AcDbEntity
  8
DIM
 62
     8
440
 16777216
370
    -2
100
AcDbLine
 10
41909.50975146652
 20
11437.40589969059
 30
0.0
 11
41909.50975146652
 21
7188.330639625283
 31
0.0
  0
INSERT
  5
1690
330
168A
100
AcDbEntity
  8
DIM
 62
     8
440
 16777216
370
    -2
100
AcDbBlockReference
  2
DIM1
 10
41909.50975146652
 20
11687.40589969059
 30
0.0
 41
250.0
 42
250.0
 43
250.0
 50
90.0
  0
INSERT
  5
1691
330
168A
100
AcDbEntity
  8
DIM
 62
     8
440
 16777216
370
    -2
100
AcDbBlockReference
  2
DIM1
 10
41909.50975146652
 20
6938.330639625283
 30
0.0
 41
250.0
 42
250.0
 43
250.0
 50
270.0
  0
MTEXT
  5
1692
330
168A
100
AcDbEntity
  8
DIM
 62
     3
440
 16777216
100
AcDbMText
 10
41684.50975146652
 20
9312.868269657926
 30
0.0
 40
250.0
 41
0.0
 46
0.0
 71
     5
 72
     1
  1
\A1;MODULE OF 200mm
  7
ROMANS
 11
0.0000000000000001
 21
1.0
 31
0.0
 73
     1
 44
1.0
  0
POINT
  5
1693
330
168A
100
AcDbEntity
  8
DEFPOINTS
 62
     0
440
 16777216
100
AcDbPoint
 10
40734.00621331117
 20
11687.40589969059
 30
0.0
  0
POINT
  5
1694
330
168A
100
AcDbEntity
  8
DEFPOINTS
 62
     0
440
 16777216
100
AcDbPoint
 10
40734.0062133111
 20
6938.330639625283
 30
0.0
  0
POINT
  5
1695
330
168A
100
AcDbEntity
  8
DEFPOINTS
 62
     0
440
 16777216
100
AcDbPoint
 10
41909.50975146652
 20
6938.330639625283
 30
0.0
  0
ENDBLK
  5
168C
330
168A
100
AcDbEntity
  8
0
100
AcDbBlockEnd
  0
BLOCK
  5
1697
330
1696
100
AcDbEntity
  8
0
100
AcDbBlockBegin
  2
*D76
 70
     1
 10
0.0
 20
0.0
 30
0.0
  3
*D76
  1

  0
LINE
  5
1699
330
1696
100
AcDbEntity
  8
0
 62
     8
440
 16777216
370
    -2
100
AcDbLine
 10
14255.36328295842
 20
6188.476651193913
 30
0.0
 11
12400.4078727266
 21
6188.476651193913
 31
0.0
  0
LINE
  5
169A
330
1696
100
AcDbEntity
  8
0
 62
     8
440
 16777216
370
    -2
100
AcDbLine
 10
14255.36328295842
 20
6938.330639625282
 30
0.0
 11
12400.4078727266
 21
6938.330639625282
 31
0.0
  0
LINE
  5
169B
330
1696
100
AcDbEntity
  8
0
 62
     8
440
 16777216
370
    -2
100
AcDbLine
 10
12496.4078727266
 20
6428.476651193914
 30
0.0
 11
12496.4078727266
 21
6698.330639625281
 31
0.0
  0
INSERT
  5
169C
330
1696
100
AcDbEntity
  8
0
 62
     8
440
 16777216
370
    -2
100
AcDbBlockReference
  2
DIM1
 10
12496.4078727266
 20
6188.476651193913
 30
0.0
 41
240.0
 42
240.0
 43
240.0
 50
270.0
  0
INSERT
  5
169D
330
1696
100
AcDbEntity
  8
0
 62
     8
440
 16777216
370
    -2
100
AcDbBlockReference
  2
DIM1
 10
12496.4078727266
 20
6938.330639625282
 30
0.0
 41
240.0
 42
240.0
 43
240.0
 50
90.0
  0
MTEXT
  5
169E
330
1696
100
AcDbEntity
  8
0
 62
     3
440
 16777216
100
AcDbMText
 10
12280.4078727266
 20
6563.403645409592
 30
0.0
 40
240.0
 41
0.0
 46
0.0
 71
     5
 72
     1
  1
\A1;250
  7
ROMANS
 11
0.0000000000000001
 21
1.0
 31
0.0
 73
     1
 44
1.0
  0
POINT
  5
169F
330
1696
100
AcDbEntity
  8
DEFPOINTS
 62
     0
440
 16777216
100
AcDbPoint
 10
14351.36328295842
 20
6188.476651193914
 30
0.0
  0
POINT
  5
16A0
330
1696
100
AcDbEntity
  8
DEFPOINTS
 62
     0
440
 16777216
100
AcDbPoint
 10
14351.36328295842
 20
6938.330639625283
 30
0.0
  0
POINT
  5
16A1
330
1696
100
AcDbEntity
  8
DEFPOINTS
 62
     0
440
 16777216
100
AcDbPoint
 10
12496.4078727266
 20
6938.330639625282
 30
0.0
  0
ENDBLK
  5
1698
330
1696
100
AcDbEntity
  8
0
100
AcDbBlockEnd
  0
BLOCK
  5
1700
330
16FF
100
AcDbEntity
  8
0
100
AcDbBlockBegin
  2
*D77
 70
     1
 10
0.0
 20
0.0
 30
0.0
  3
*D77
  1

  0
LINE
  5
1702
330
16FF
100
AcDbEntity
  8
TG
 62
     8
440
 16777216
370
    -2
100
AcDbLine
 10
68238.9921643558
 20
41792.01310385015
 30
0.0
 11
63037.46348779228
 21
49093.01141256935
 31
0.0
  0
LINE
  5
1703
330
16FF
100
AcDbEntity
  8
TG
 62
     8
440
 16777216
370
    -2
100
AcDbLine
 10
65473.33032261487
 20
40609.18810252093
 30
0.0
 11
60643.9758078184
 21
47387.79326596089
 31
0.0
  0
LINE
  5
1704
330
16FF
100
AcDbEntity
  8
TG
 62
     8
440
 16777216
370
    -2
100
AcDbLine
 10
62891.87687494116
 20
48866.50636150307
 30
0.0
 11
60905.61097648045
 21
47451.4096044219
 31
0.0
  0
INSERT
  5
1705
330
16FF
100
AcDbEntity
  8
TG
 62
     8
440
 16777216
370
    -2
100
AcDbBlockReference
  2
DIM1
 10
63095.48776569775
 20
49011.56705626672
 30
0.0
 41
250.0
 42
250.0
 43
250.0
 50
35.46762023577823
  0
INSERT
  5
1706
330
16FF
100
AcDbEntity
  8
TG
 62
     8
440
 16777216
370
    -2
100
AcDbBlockReference
  2
DIM1
 10
60702.00008572386
 20
47306.34890965826
 30
0.0
 41
250.0
 42
250.0
 43
250.0
 50
215.4676202357782
  0
MTEXT
  5
1707
330
16FF
100
AcDbEntity
  8
TG
 62
     3
440
 16777216
100
AcDbMText
 10
61730.1972136997
 20
48395.53444650823
 30
0.0
 40
250.0
 41
0.0
 46
0.0
 71
     5
 72
     1
  1
\A1;L1/4
  7
ROMANS
 11
0.8144435630263272
 21
0.5802427790545789
 31
0.0
 73
     1
 44
1.0
  0
POINT
  5
1708
330
16FF
100
AcDbEntity
  8
DEFPOINTS
 62
     0
440
 16777216
100
AcDbPoint
 10
68297.01644226127
 20
41710.56874754751
 30
0.0
  0
POINT
  5
1709
330
16FF
100
AcDbEntity
  8
DEFPOINTS
 62
     0
440
 16777216
100
AcDbPoint
 10
65531.35460052033
 20
40527.74374621829
 30
0.0
  0
POINT
  5
170A
330
16FF
100
AcDbEntity
  8
DEFPOINTS
 62
     0
440
 16777216
100
AcDbPoint
 10
60702.00008572386
 20
47306.34890965826
 30
0.0
  0
ENDBLK
  5
1701
330
16FF
100
AcDbEntity
  8
0
100
AcDbBlockEnd
  0
BLOCK
  5
170C
330
170B
100
AcDbEntity
  8
0
100
AcDbBlockBegin
  2
*D78
 70
     1
 10
0.0
 20
0.0
 30
0.0
  3
*D78
  1

  0
LINE
  5
170E
330
170B
100
AcDbEntity
  8
TG
 62
     8
440
 16777216
370
    -2
100
AcDbLine
 10
58665.04144437539
 20
34971.14051749333
 30
0.0
 11
53459.53446629906
 21
42277.72287167736
 31
0.0
  0
LINE
  5
170F
330
170B
100
AcDbEntity
  8
TG
 62
     8
440
 16777216
370
    -2
100
AcDbLine
 10
60686.35496262468
 20
37198.75180934254
 30
0.0
 11
55853.02214628291
 21
43982.94101829293
 31
0.0
  0
LINE
  5
1710
330
170B
100
AcDbEntity
  8
TG
 62
     8
440
 16777216
370
    -2
100
AcDbLine
 10
53721.1696349611
 20
42341.33921013837
 30
0.0
 11
55707.43553343179
 21
43756.43596722664
 31
0.0
  0
INSERT
  5
1711
330
170B
100
AcDbEntity
  8
TG
 62
     8
440
 16777216
370
    -2
100
AcDbBlockReference
  2
DIM1
 10
53517.55874420452
 20
42196.27851537473
 30
0.0
 41
250.0
 42
250.0
 43
250.0
 50
215.4676202357782
  0
INSERT
  5
1712
330
170B
100
AcDbEntity
  8
TG
 62
     8
440
 16777216
370
    -2
100
AcDbBlockReference
  2
DIM1
 10
55911.04642418837
 20
43901.49666199029
 30
0.0
 41
250.0
 42
250.0
 43
250.0
 50
35.46762023577823
  0
MTEXT
  5
1713
330
170B
100
AcDbEntity
  8
TG
 62
     3
440
 16777216
100
AcDbMText
 10
54545.75587218535
 20
43285.46405222826
 30
0.0
 40
250.0
 41
0.0
 46
0.0
 71
     5
 72
     1
  1
\A1;L1/4
  7
ROMANS
 11
0.8144435630263272
 21
0.5802427790545789
 31
0.0
 73
     1
 44
1.0
  0
POINT
  5
1714
330
170B
100
AcDbEntity
  8
DEFPOINTS
 62
     0
440
 16777216
100
AcDbPoint
 10
58723.06572228084
 20
34889.69616119069
 30
0.0
  0
POINT
  5
1715
330
170B
100
AcDbEntity
  8
DEFPOINTS
 62
     0
440
 16777216
100
AcDbPoint
 10
60744.37924053014
 20
37117.30745303991
 30
0.0
  0
POINT
  5
1716
330
170B
100
AcDbEntity
  8
DEFPOINTS
 62
     0
440
 16777216
100
AcDbPoint
 10
55911.04642418837
 20
43901.49666199029
 30
0.0
  0
ENDBLK
  5
170D
330
170B
100
AcDbEntity
  8
0
100
AcDbBlockEnd
  0
ENDSEC
  0
SECTION
  2
ENTITIES
  0
LINE
  5
E25
330
1F
100
AcDbEntity
  8
4C
100
AcDbLine
 10
45118.95386654888
 20
44368.18668721888
 30
0.0
 11
43591.34406833193
 21
44368.1866872189
 31
0.0
1001
ACAD
1000
ASC_BOUNDS
1002
{
1070
    19
1002
}
  0
LINE
  5
E26
330
1F
100
AcDbEntity
  8
7W
 62
     8
100
AcDbLine
 10
45369.19738262405
 20
44300.80059094059
 30
0.0
 11
44423.21573425286
 21
45939.28886894743
 31
0.0
  0
TEXT
  5
E27
330
1F
100
AcDbEntity
  8
TG
100
AcDbText
 10
42288.54485880265
 20
40510.18986840588
 30
0.0
 40
250.0
  1
MAIN REINF. (a)
  7
100CL
 72
     2
 11
45324.25914451692
 21
40635.18986840588
 31
0.0
100
AcDbText
 73
     2
  0
LINE
  5
E28
330
1F
100
AcDbEntity
  8
SHE
  6
HIDDEN
100
AcDbLine
 10
47443.68791596212
 20
44594.78068047087
 30
0.0
 11
40825.93913576195
 21
44594.78068047091
 31
0.0
1001
ACAD
1000
ASC_BOUNDS
1002
{
1070
    19
1002
}
  0
DIMENSION
  5
E29
330
1F
100
AcDbEntity
  8
DIM
100
AcDbDimension
280
     0
  2
*D72
 10
47577.31522938493
 20
32139.50395159836
 30
0.0
 11
35790.99730451802
 21
32139.50395159836
 31
0.0
 70
    32
  1
S T A I R  S P A N\X( S E E   T A B L E )
 71
     5
 42
23572.6358497338
 73
     0
 74
     0
 75
     0
  3
DIM100
100
AcDbAlignedDimension
 13
24004.67937965113
 23
33419.28009635917
 33
0.0
 14
47577.31522938493
 24
42170.25684516259
 34
0.0
100
AcDbRotatedDimension
  0
LINE
  5
E2A
330
1F
100
AcDbEntity
  8
4C
100
AcDbLine
 10
48239.84587197267
 20
44300.80059094057
 30
0.0
 11
42667.69534743887
 21
44300.80059094059
 31
0.0
1001
ACAD
1000
ASC_BOUNDS
1002
{
1070
    19
1002
}
  0
LINE
  5
E2B
330
1F
100
AcDbEntity
  8
4C
100
AcDbLine
 10
48192.79201826026
 20
43819.74226261829
 30
0.0
 11
41854.29229609201
 21
43819.74226261828
 31
0.0
1001
ACAD
1000
ASC_BOUNDS
1002
{
1070
    19
1002
}
  0
LINE
  5
E2C
330
1F
100
AcDbEntity
  8
2Y
100
AcDbLine
 10
47577.31522938493
 20
44461.15336704803
 30
0.0
 11
40995.76370115176
 21
44461.15336704805
 31
0.0
1001
ACAD
1000
ASC_BOUNDS
1002
{
1070
    19
1002
}
  0
LINE
  5
E2D
330
1F
100
AcDbEntity
  8
2Y
100
AcDbLine
 10
47577.31522938493
 20
43659.38948651084
 30
0.0
 11
42855.71973971975
 21
43659.38948651087
 31
0.0
1001
ACAD
1000
ASC_BOUNDS
1002
{
1070
    19
1002
}
  0
LINE
  5
E2E
330
1F
100
AcDbEntity
  8
TITLE
 62
     2
100
AcDbLine
 10
37410.91065123501
 20
29109.87136922145
 30
0.0
 11
49858.42422397703
 21
29109.87136922145
 31
0.0
  0
TEXT
  5
E2F
330
1F
100
AcDbEntity
  8
TITLE
 62
     6
100
AcDbText
 10
39745.4962014609
 20
29284.47114846008
 30
0.0
 40
600.0
  1
TYPICAL STAIR DETAIL 
  7
240CL
100
AcDbText
  0
LINE
  5
E30
330
1F
100
AcDbEntity
  8
TITLE
 62
     2
100
AcDbLine
 10
38126.82095462137
 20
1530.043114234746
 30
0.0
 11
50574.33452736339
 21
1530.043114234746
 31
0.0
  0
TEXT
  5
E31
330
1F
100
AcDbEntity
  8
TITLE
 62
     6
100
AcDbText
 10
40461.40650484726
 20
1704.642893473379
 30
0.0
 40
600.0
  1
TYPICAL STAIR DETAIL 
  7
240CL
100
AcDbText
  0
CIRCLE
  5
E32
330
1F
100
AcDbEntity
  8
1R
100
AcDbCircle
 10
44986.08204340971
 20
6052.68548907869
 30
0.0
 40
129.0523734900137
  0
INSERT
  5
E33
330
1F
100
AcDbEntity
  8
1R
100
AcDbBlockReference
  2
*X8
 10
-25688.14537292928
 20
-55714.95810179792
 30
0.0
 41
0.5998831907345448
 42
0.5998831907345448
 43
0.5998831907345448
1001
ACAD
1000
HATCH
1002
{
1070
    19
1000
EARTH
1040
5000.0
1040
0.7853981633974483
1002
}
  0
LINE
  5
E34
330
1F
100
AcDbEntity
  8
2Y
100
AcDbLine
 10
46111.28252277938
 20
6188.47665119391
 30
0.0
 11
44474.78875272473
 21
6188.47665119391
 31
0.0
  0
LINE
  5
E35
330
1F
100
AcDbEntity
  8
2Y
100
AcDbLine
 10
63320.47278825385
 20
6938.330639625279
 30
0.0
 11
44474.78875272473
 21
6938.330639625206
 31
0.0
1001
ACAD
1000
ASC_BOUNDS
1002
{
1070
    19
1002
}
  0
LINE
  5
E36
330
1F
100
AcDbEntity
  8
2Y
100
AcDbLine
 10
45973.85052254135
 20
21185.55641982136
 30
0.0
 11
44864.94124522624
 21
21185.55641982136
 31
0.0
1001
ACAD
1000
ASC_BOUNDS
1002
{
1070
    19
1002
}
  0
LINE
  5
E37
330
1F
100
AcDbEntity
  8
2Y
100
AcDbLine
 10
47977.63432826914
 20
21935.41040825273
 30
0.0
 11
44864.94124522624
 21
21935.41040825273
 31
0.0
1001
ACAD
1000
ASC_BOUNDS
1002
{
1070
    19
1002
}
  0
TEXT
  5
E38
330
1F
100
AcDbEntity
  8
TG
100
AcDbText
 10
43690.81579257627
 20
3810.818111011091
 30
0.0
 40
250.0
  1
 %%C10 @300 O.C.
  7
100CL
 11
43690.81579257627
 21
3935.818111011091
 31
0.0
100
AcDbText
 73
     2
  0
TEXT
  5
E39
330
1F
100
AcDbEntity
  8
TG
100
AcDbText
 10
43734.39600185209
 20
11779.18539151455
 30
0.0
 40
250.0
  1
OR WALL)
  7
100CL
 11
43734.39600185209
 21
11904.18539151455
 31
0.0
100
AcDbText
 73
     2
  0
TEXT
  5
E3A
330
1F
100
AcDbEntity
  8
TG
100
AcDbText
 10
43734.39600185209
 20
12174.76177108271
 30
0.0
 40
250.0
  1
(BEAM, COLUMN,
  7
100CL
 11
43734.39600185209
 21
12299.76177108271
 31
0.0
100
AcDbText
 73
     2
  0
TEXT
  5
E3B
330
1F
100
AcDbEntity
  8
TG
 62
     4
100
AcDbText
 10
43734.39600185209
 20
12711.33256201174
 30
0.0
 40
250.0
  1
SUPPORT
  7
100CL
 11
43734.39600185209
 21
12836.33256201174
 31
0.0
100
AcDbText
 73
     2
  0
TEXT
  5
E3C
330
1F
100
AcDbEntity
  8
TG
100
AcDbText
 10
48795.83896588601
 20
8434.581049033367
 30
0.0
 40
250.0
  1
BE FILLED W/ MORTAR
  7
ROMANSIM
 11
48795.83896588601
 21
8559.581049033367
 31
0.0
100
AcDbText
 73
     2
  0
TEXT
  5
E3D
330
1F
100
AcDbEntity
  8
TG
100
AcDbText
 10
42183.34147160621
 20
10644.6852660388
 30
0.0
 40
250.0
  1
LOAD BEARING BLOCKS
  7
ROMANSIM
 11
42183.34147160621
 21
10894.68526603879
 31
0.0
100
AcDbText
 73
     3
  0
TEXT
  5
E3E
330
1F
100
AcDbEntity
  8
TG
100
AcDbText
 10
48795.83896588601
 20
9269.851467245388
 30
0.0
 40
250.0
  1
ALL CELLS OF LOAD
  7
ROMANSIM
 11
48795.83896588601
 21
9394.851467245388
 31
0.0
100
AcDbText
 73
     2
  0
TEXT
  5
E3F
330
1F
100
AcDbEntity
  8
TG
100
AcDbText
 10
48795.83896588601
 20
8855.517306394229
 30
0.0
 40
250.0
  1
BEARING BLOCKS SHALL
  7
ROMANSIM
 11
48795.83896588601
 21
8980.517306394229
 31
0.0
100
AcDbText
 73
     2
  0
LWPOLYLINE
  5
E40
330
1F
100
AcDbEntity
  8
DEFPOINTS
100
AcDbPolyline
 90
        4
 70
     1
 43
0.0
 10
89961.66195111054
 20
0.0000742206757423
 10
0.0002087538596243
 20
0.0000742206757423
 10
0.0002087538590558
 20
53180.62412832386
 10
89961.66195111053
 20
53180.62412832386
  0
DIMENSION
  5
E41
330
1F
100
AcDbEntity
  8
DIM
100
AcDbDimension
280
     0
  2
*D70
 10
39984.15222487963
 20
26322.29256024402
 30
0.0
 11
29291.53345326812
 21
26547.29256024402
 31
0.0
 70
    32
  1
V E R I F Y
 71
     5
 42
21385.23754322301
 73
     0
 74
     0
 75
     0
  3
DIM100
100
AcDbAlignedDimension
 13
18598.91468165661
 23
24934.82636197821
 33
0.0
 14
39984.15222487963
 24
24921.4833781553
 34
0.0
100
AcDbRotatedDimension
  0
INSERT
  5
E42
330
1F
100
AcDbEntity
  8
1R
100
AcDbBlockReference
  2
*X9
 10
-25688.14537292928
 20
-55714.95810179792
 30
0.0
 41
0.5998831907345448
 42
0.5998831907345448
 43
0.5998831907345448
1001
ACAD
1000
HATCH
1002
{
1070
    19
1000
EARTH
1040
5000.0
1040
0.7853981633974483
1002
}
  0
LINE
  5
E43
330
1F
100
AcDbEntity
  8
2Y
100
AcDbLine
 10
14982.17125182462
 20
21935.41040825273
 30
0.0
 11
25037.06272214768
 21
21935.41040825273
 31
0.0
  0
LINE
  5
E44
102
{ACAD_REACTORS
330
14C2
102
}
330
1F
100
AcDbEntity
  8
2Y
100
AcDbLine
 10
14351.36328295841
 20
6938.330639625279
 30
0.0
 11
25037.06272214768
 21
6938.330639625279
 31
0.0
  0
LINE
  5
E45
330
1F
100
AcDbEntity
  8
7W
 62
     8
100
AcDbLine
 10
12963.74158440231
 20
14436.870523939
 30
0.0
 11
34890.68657251149
 21
14436.870523939
 31
0.0
  0
LINE
  5
E46
330
1F
100
AcDbEntity
  8
2Y
100
AcDbLine
 10
17224.18236953236
 20
5688.573992239659
 30
0.0
 11
16724.27971057813
 21
6188.476651193838
 31
0.0
  0
LINE
  5
E47
330
1F
100
AcDbEntity
  8
2Y
100
AcDbLine
 10
18598.91468165661
 20
18935.99445452716
 30
0.0
 11
16599.30404583953
 21
18935.99445452716
 31
0.0
1001
ACAD
1000
ASC_BOUNDS
1002
{
1070
    19
1002
}
  0
LINE
  5
E48
330
1F
100
AcDbEntity
  8
2Y
100
AcDbLine
 10
18598.91468165661
 20
21935.4104082527
 30
0.0
 11
16599.30404583953
 21
21935.41040825273
 31
0.0
1001
ACAD
1000
ASC_BOUNDS
1002
{
1070
    19
1002
}
  0
DIMENSION
  5
E49
330
1F
100
AcDbEntity
  8
DIM
100
AcDbDimension
280
     0
  2
*D71
 10
12496.40787272661
 20
21935.41040825273
 30
0.0
 11
12271.40787272662
 21
14436.87052393899
 31
0.0
 70
    32
  1
3000
 71
     5
 42
14997.07976862745
 73
     0
 74
     0
 75
     0
  3
DIM100
100
AcDbAlignedDimension
 13
14351.36328295843
 23
6938.33063962527
 33
0.0
 14
14982.17125182462
 24
21935.41040825272
 34
0.0
 50
90.0
100
AcDbRotatedDimension
  0
LINE
  5
E4A
330
1F
100
AcDbEntity
  8
7W
 62
     8
100
AcDbLine
 10
13339.72491892724
 20
6938.330639625279
 30
0.0
 11
13339.72491892724
 21
21935.41040825273
 31
0.0
  0
LINE
  5
E4B
330
1F
100
AcDbEntity
  8
7W
 62
     8
100
AcDbLine
 10
9701.070539735454
 20
6938.33063962537
 30
0.0
 11
12246.40787272656
 21
6938.33063962537
 31
0.0
  0
INSERT
  5
E4C
330
1F
100
AcDbEntity
  8
TG
100
AcDbBlockReference
 66
     1
  2
ELEV
 10
9869.330008534968
 20
6938.33063962537
 30
0.0
 41
100.0
 42
100.0
 43
100.0
  0
SEQEND
  5
E4D
330
E4C
100
AcDbEntity
  8
TG
  0
CIRCLE
  5
E4E
330
1F
100
AcDbEntity
  8
1R
100
AcDbCircle
 10
14643.79664273831
 20
5859.272318566241
 30
0.0
 40
71.63689573226299
  0
CIRCLE
  5
E4F
330
1F
100
AcDbEntity
  8
1R
100
AcDbCircle
 10
14450.20915319052
 20
5816.290181126266
 30
0.0
 40
107.5446367214853
  0
CIRCLE
  5
E50
330
1F
100
AcDbEntity
  8
1R
100
AcDbCircle
 10
14873.73180776093
 20
5859.272318566241
 30
0.0
 40
71.63689573226299
  0
CIRCLE
  5
E51
330
1F
100
AcDbEntity
  8
1R
100
AcDbCircle
 10
15081.63596128201
 20
5801.962801979922
 30
0.0
 40
107.5446367214853
  0
CIRCLE
  5
E52
330
1F
100
AcDbEntity
  8
1R
100
AcDbCircle
 10
16153.58676968747
 20
5801.962801979922
 30
0.0
 40
107.5446367214853
  0
CIRCLE
  5
E53
330
1F
100
AcDbEntity
  8
1R
100
AcDbCircle
 10
15945.68261616631
 20
5859.272318566241
 30
0.0
 40
71.63689573226299
  0
CIRCLE
  5
E54
330
1F
100
AcDbEntity
  8
1R
100
AcDbCircle
 10
15522.1599615959
 20
5816.290181126266
 30
0.0
 40
107.5446367214853
  0
CIRCLE
  5
E55
330
1F
100
AcDbEntity
  8
1R
100
AcDbCircle
 10
15303.89844889746
 20
5809.126491552839
 30
0.0
 40
71.63689573271764
  0
CIRCLE
  5
E56
330
1F
100
AcDbEntity
  8
1R
100
AcDbCircle
 10
15715.74745114376
 20
5859.272318566241
 30
0.0
 40
71.63689573226299
  0
CIRCLE
  5
E57
330
1F
100
AcDbEntity
  8
1R
100
AcDbCircle
 10
16748.65994942913
 20
5816.290181126266
 30
0.0
 40
107.5446367214853
  0
CIRCLE
  5
E58
330
1F
100
AcDbEntity
  8
1R
100
AcDbCircle
 10
16375.84925730291
 20
5809.126491552839
 30
0.0
 40
71.63689573271764
  0
CIRCLE
  5
E59
330
1F
100
AcDbEntity
  8
1R
100
AcDbCircle
 10
16555.08436563069
 20
5837.781249846035
 30
0.0
 40
71.63689573271764
  0
SOLID
  5
E5A
330
1F
100
AcDbEntity
  8
7W
 62
     8
100
AcDbTrace
 10
13283.47491892723
 20
7275.830639624993
 30
0.0
 11
13395.97491892726
 21
7275.830639624993
 31
0.0
 12
13339.72491892724
 22
6938.330639624915
 32
0.0
 13
13339.72491892724
 23
6938.330639624915
 33
0.0
  0
TEXT
  5
E5B
330
1F
100
AcDbEntity
  8
TG
100
AcDbText
 10
10355.07018056095
 20
7112.232903960381
 30
0.0
 40
250.0
  1
SF LEVEL
  7
100CL
100
AcDbText
  0
LINE
  5
E5C
102
{ACAD_REACTORS
330
14C2
102
}
330
1F
100
AcDbEntity
  8
2Y
100
AcDbLine
 10
14351.36328295841
 20
6188.47665119391
 30
0.0
 11
16724.27971057813
 21
6188.47665119391
 31
0.0
  0
CIRCLE
  5
E5D
330
1F
100
AcDbEntity
  8
1R
100
AcDbCircle
 10
15103.16155667432
 20
6109.995005664629
 30
0.0
 40
71.63689573226299
  0
LWPOLYLINE
  5
E5E
330
1F
100
AcDbEntity
  8
2Y
100
AcDbPolyline
 90
        6
 70
     0
 43
0.0
 10
14351.36328295849
 20
6938.33063962527
 10
14321.94776561568
 20
6718.829591694549
 10
14351.65197794404
 20
6622.364185721727
 10
14321.94776561568
 20
6488.796973964373
 10
14329.37395549034
 20
6310.707595265454
 10
14351.36328295849
 20
6188.476651193906
  0
CIRCLE
  5
E5F
330
1F
100
AcDbEntity
  8
1R
100
AcDbCircle
 10
15009.95739542414
 20
5973.888127755587
 30
0.0
 40
71.63689573226299
  0
CIRCLE
  5
E60
330
1F
100
AcDbEntity
  8
1R
100
AcDbCircle
 10
14601.28063243436
 20
5988.215506901439
 30
0.0
 40
71.63689573271764
  0
CIRCLE
  5
E61
330
1F
100
AcDbEntity
  8
1R
100
AcDbCircle
 10
14371.34546741152
 20
5988.215506901439
 30
0.0
 40
71.63689573271764
  0
CIRCLE
  5
E62
330
1F
100
AcDbEntity
  8
1R
100
AcDbCircle
 10
14802.02943040597
 20
6045.521799505319
 30
0.0
 40
107.5446367214853
  0
LWPOLYLINE
  5
E63
330
1F
100
AcDbEntity
  8
2Y
100
AcDbPolyline
 90
        7
 70
     0
 43
0.0
 10
14340.65188536604
 20
6572.90144695302
 10
14321.26818060069
 20
6606.073871417581
 10
14291.18587387182
 20
6593.19105804998
 10
14284.73966528706
 20
6535.219108828428
 10
14306.22702723622
 20
6524.483667999695
 10
14323.41691679558
 20
6548.101922196085
 10
14340.65188536604
 20
6572.90144695302
  0
CIRCLE
  5
E64
330
1F
100
AcDbEntity
  8
1R
100
AcDbCircle
 10
15189.19250375199
 20
5973.888127755587
 30
0.0
 40
71.63689573226299
  0
CIRCLE
  5
E65
330
1F
100
AcDbEntity
  8
1R
100
AcDbCircle
 10
15443.29627581698
 20
5988.215506901439
 30
0.0
 40
71.63689573271764
  0
CIRCLE
  5
E66
330
1F
100
AcDbEntity
  8
1R
100
AcDbCircle
 10
15673.23144083981
 20
5988.215506901439
 30
0.0
 40
71.63689573271764
  0
CIRCLE
  5
E67
330
1F
100
AcDbEntity
  8
1R
100
AcDbCircle
 10
15873.98023881142
 20
6045.521799505319
 30
0.0
 40
107.5446367214853
  0
CIRCLE
  5
E68
330
1F
100
AcDbEntity
  8
1R
100
AcDbCircle
 10
16175.11236507977
 20
6109.995005664629
 30
0.0
 40
71.63689573226299
  0
CIRCLE
  5
E69
330
1F
100
AcDbEntity
  8
1R
100
AcDbCircle
 10
16081.90820382959
 20
5973.888127755587
 30
0.0
 40
71.63689573226299
  0
CIRCLE
  5
E6A
330
1F
100
AcDbEntity
  8
1R
100
AcDbCircle
 10
16669.79626365014
 20
5988.215506901439
 30
0.0
 40
71.63689573271764
  0
CIRCLE
  5
E6B
330
1F
100
AcDbEntity
  8
1R
100
AcDbCircle
 10
16261.14331215737
 20
5973.888127755587
 30
0.0
 40
71.63689573226299
  0
CIRCLE
  5
E6C
330
1F
100
AcDbEntity
  8
1R
100
AcDbCircle
 10
16461.88020437956
 20
6052.68548907869
 30
0.0
 40
129.0523734900137
  0
TEXT
  5
E6D
330
1F
100
AcDbEntity
  8
TG
100
AcDbText
 10
13188.95687882911
 20
17918.35552906291
 30
0.0
 40
250.0
  1
RISERS
 50
90.00000200019824
  7
ROMANSIM
 72
     1
 11
13063.95685597134
 21
18573.11742946106
 31
0.0
100
AcDbText
 73
     2
  0
SOLID
  5
E6E
330
1F
100
AcDbEntity
  8
7W
 62
     8
100
AcDbTrace
 10
13283.47491892724
 20
14099.37052393936
 30
0.0
 11
13395.97491892724
 21
14099.37052393936
 31
0.0
 12
13339.72491892724
 22
14436.87052393936
 32
0.0
 13
13339.72491892724
 23
14436.87052393936
 33
0.0
  0
TEXT
  5
E6F
330
1F
100
AcDbEntity
  8
TG
100
AcDbText
 10
13188.95687882911
 20
10096.8189001552
 30
0.0
 40
250.0
  1
RISERS
 50
90.00000200019824
  7
ROMANSIM
 72
     1
 11
13063.95685597134
 21
10751.58080055335
 31
0.0
100
AcDbText
 73
     2
  0
SOLID
  5
E70
330
1F
100
AcDbEntity
  8
7W
 62
     8
100
AcDbTrace
 10
13283.47491892726
 20
14774.37052393852
 30
0.0
 11
13395.97491892723
 21
14774.37052393852
 31
0.0
 12
13339.72491892724
 22
14436.87052393864
 32
0.0
 13
13339.72491892724
 23
14436.87052393864
 33
0.0
  0
LINE
  5
E71
330
1F
100
AcDbEntity
  8
7W
 62
     8
100
AcDbLine
 10
9701.070539735454
 20
21935.41040825273
 30
0.0
 11
12246.40787272656
 21
21935.41040825273
 31
0.0
  0
INSERT
  5
E72
330
1F
100
AcDbEntity
  8
TG
100
AcDbBlockReference
 66
     1
  2
ELEV
 10
9869.330008534968
 20
21935.41040825273
 30
0.0
 41
100.0
 42
100.0
 43
100.0
  0
SEQEND
  5
E73
330
E72
100
AcDbEntity
  8
TG
  0
SOLID
  5
E74
330
1F
100
AcDbEntity
  8
7W
 62
     8
100
AcDbTrace
 10
13283.47491892724
 20
21597.91040825309
 30
0.0
 11
13395.97491892724
 21
21597.91040825309
 31
0.0
 12
13339.72491892724
 22
21935.41040825309
 32
0.0
 13
13339.72491892724
 23
21935.41040825309
 33
0.0
  0
TEXT
  5
E75
330
1F
100
AcDbEntity
  8
TG
100
AcDbText
 10
10355.07018056095
 20
22109.31267258774
 30
0.0
 40
250.0
  1
SF LEVEL
  7
100CL
100
AcDbText
  0
LINE
  5
E76
330
1F
100
AcDbEntity
  8
2Y
100
AcDbLine
 10
16599.30404583953
 20
18935.99445452716
 30
0.0
 11
16599.30404583953
 21
21185.55641982138
 31
0.0
  0
LINE
  5
E77
330
1F
100
AcDbEntity
  8
2Y
100
AcDbLine
 10
14982.17125182462
 20
21185.55641982136
 30
0.0
 11
16599.30404583953
 21
21185.55641982138
 31
0.0
  0
LWPOLYLINE
  5
E78
330
1F
100
AcDbEntity
  8
2Y
100
AcDbPolyline
 90
        6
 70
     0
 43
0.0
 10
14982.17125182462
 20
21935.41040825275
 10
14952.75573448187
 20
21715.90936032201
 10
14982.45994681031
 20
21619.44395434918
 10
14952.75573448187
 20
21485.87674259182
 10
14960.18192435653
 20
21307.78736389292
 10
14982.17125182462
 20
21185.55641982136
  0
LWPOLYLINE
  5
E79
330
1F
100
AcDbEntity
  8
2Y
100
AcDbPolyline
 90
        7
 70
     0
 43
0.0
 10
14971.45985423218
 20
21569.9812155805
 10
14952.07614946689
 20
21603.15364004504
 10
14921.99384273801
 20
21590.27082667746
 10
14915.54763415319
 20
21532.29887745589
 10
14937.03499610249
 20
21521.56343662714
 10
14954.22488566177
 20
21545.18169082355
 10
14971.45985423218
 20
21569.9812155805
  0
LINE
  5
E7A
330
1F
100
AcDbEntity
  8
2Y
100
AcDbLine
 10
26407.65551586027
 20
6938.330639625217
 30
0.0
 11
36733.14493701874
 21
13687.01653550763
 31
0.0
  0
LINE
  5
E7B
330
1F
100
AcDbEntity
  8
4C
100
AcDbLine
 10
25383.6332090616
 20
6388.476651193848
 30
0.0
 11
37360.01931903921
 21
14216.17999179904
 31
0.0
  0
INSERT
  5
E7C
330
1F
100
AcDbEntity
  8
1R
100
AcDbBlockReference
  2
*X7
 10
-25688.14537292928
 20
-55714.95810179792
 30
0.0
 41
0.5998831907345448
 42
0.5998831907345448
 43
0.5998831907345448
1001
ACAD
1000
HATCH
1002
{
1070
    19
1000
_U
1040
312.5
1040
0.7853981633974483
1002
}
  0
LINE
  5
E7D
330
1F
100
AcDbEntity
  8
2Y
100
AcDbLine
 10
18598.91468165661
 20
18811.01878978862
 30
0.0
 11
18598.91468165661
 21
6938.330639625279
 31
0.0
  0
LINE
  5
E7E
330
1F
100
AcDbEntity
  8
2Y
100
AcDbLine
 10
17849.06069322519
 20
18811.01878978862
 30
0.0
 11
17849.06069322519
 21
6938.330639625279
 31
0.0
  0
LINE
  5
E7F
330
1F
100
AcDbEntity
  8
2Y
100
AcDbLine
 10
18348.96335217942
 20
11437.45457021347
 30
0.0
 11
18348.96335217942
 21
9437.843934396502
 31
0.0
1001
ACAD
1000
ASC_BOUNDS
1002
{
1070
    19
1002
}
  0
LINE
  5
E80
330
1F
100
AcDbEntity
  8
2Y
100
AcDbLine
 10
18099.0120227023
 20
11437.45457021349
 30
0.0
 11
18099.0120227023
 21
9437.843934396502
 31
0.0
1001
ACAD
1000
ASC_BOUNDS
1002
{
1070
    19
1002
}
  0
LINE
  5
E81
330
1F
100
AcDbEntity
  8
7W
 62
     8
100
AcDbLine
 10
28058.81224920538
 20
8793.593615494726
 30
0.0
 11
27069.57518849464
 21
10507.00246537607
 31
0.0
  0
LINE
  5
E82
330
1F
100
AcDbEntity
  8
7W
 62
     8
100
AcDbLine
 10
30079.78673562306
 20
9580.23402272877
 30
0.0
 11
28953.83400379237
 21
11530.44136118051
 31
0.0
  0
LINE
  5
E83
330
1F
100
AcDbEntity
  8
2Y
100
AcDbLine
 10
28861.31806314764
 20
9437.84393439652
 30
0.0
 11
28761.33753135678
 21
10271.01503231992
 31
0.0
  0
LINE
  5
E84
330
1F
100
AcDbEntity
  8
2Y
100
AcDbLine
 10
40734.00621331108
 20
18811.01878978862
 30
0.0
 11
40734.00621331107
 21
13687.01653550758
 31
0.0
  0
LINE
  5
E85
102
{ACAD_REACTORS
330
14BF
102
}
330
1F
100
AcDbEntity
  8
2Y
100
AcDbLine
 10
40734.00621331107
 20
11687.40589969059
 30
0.0
 11
40734.00621331108
 21
6938.330639625279
 31
0.0
  0
TEXT
  5
E86
330
1F
100
AcDbEntity
  8
TG
100
AcDbText
 10
34989.9739249496
 20
9994.714317172389
 30
0.0
 40
250.0
  1
MAIN REINF. (a)
  7
ROMANSIM
 11
34989.9739249496
 21
10119.71431717239
 31
0.0
100
AcDbText
 73
     2
  0
LINE
  5
E87
330
1F
100
AcDbEntity
  8
7W
 62
     8
100
AcDbLine
 10
31341.37677498708
 20
10154.70502578676
 30
0.0
 11
31978.40003436985
 21
9051.348374932628
 31
0.0
  0
SOLID
  5
E88
330
1F
100
AcDbEntity
  8
7W
 62
     8
100
AcDbTrace
 10
31558.84070394982
 20
9890.546452009596
 30
0.0
 11
31461.41284602411
 21
9834.296452009645
 31
0.0
 12
31341.37677498712
 22
10154.70502578674
 32
0.0
 13
31341.37677498712
 23
10154.70502578674
 33
0.0
  0
LINE
  5
E89
330
1F
100
AcDbEntity
  8
7W
 62
     8
100
AcDbLine
 10
32584.89433253214
 20
10967.46159923189
 30
0.0
 11
33392.82644887252
 21
9568.082124663547
 31
0.0
  0
LINE
  5
E8A
330
1F
100
AcDbEntity
  8
2Y
100
AcDbLine
 10
39984.15222487966
 20
11687.40589969059
 30
0.0
 11
39984.15222487966
 21
6938.330639625279
 31
0.0
  0
LINE
  5
E8B
330
1F
100
AcDbEntity
  8
2Y
100
AcDbLine
 10
40484.05488383389
 20
11437.45457021347
 30
0.0
 11
40484.05488383389
 21
9437.843934396502
 31
0.0
1001
ACAD
1000
ASC_BOUNDS
1002
{
1070
    19
1002
}
  0
LINE
  5
E8C
330
1F
100
AcDbEntity
  8
2Y
100
AcDbLine
 10
40234.10355435685
 20
11437.45457021349
 30
0.0
 11
40234.10355435685
 21
9437.843934396502
 31
0.0
1001
ACAD
1000
ASC_BOUNDS
1002
{
1070
    19
1002
}
  0
LINE
  5
E8D
330
1F
100
AcDbEntity
  8
2Y
100
AcDbLine
 10
27319.00080584238
 20
6188.476651193838
 30
0.0
 11
38851.08807664365
 21
6188.476651193983
 31
0.0
  0
LINE
  5
E8E
330
1F
100
AcDbEntity
  8
2Y
100
AcDbLine
 10
26407.65551586027
 20
6938.330639625217
 30
0.0
 11
43493.76514312133
 21
6938.330639625352
 31
0.0
1001
ACAD
1000
ASC_BOUNDS
1002
{
1070
    19
1002
}
  0
LINE
  5
E8F
330
1F
100
AcDbEntity
  8
DEFPOINTS
 62
     8
100
AcDbLine
 10
30717.42587293921
 20
9875.150879197143
 30
0.0
 11
31491.24078267589
 21
8534.864139878832
 31
0.0
1001
ACAD
1000
ASC_BOUNDS
1002
{
1070
    19
1002
}
  0
CIRCLE
  5
E90
330
1F
100
AcDbEntity
  8
1R
100
AcDbCircle
 10
30906.35773422154
 20
5859.272318566241
 30
0.0
 40
71.63689573226299
  0
CIRCLE
  5
E91
330
1F
100
AcDbEntity
  8
1R
100
AcDbCircle
 10
30834.65535686658
 20
6045.521799505319
 30
0.0
 40
107.5446367214853
  0
SOLID
  5
E92
330
1F
100
AcDbEntity
  8
DEFPOINTS
 62
     8
100
AcDbTrace
 10
30934.88980190195
 20
9610.99230541998
 30
0.0
 11
30837.46194397624
 21
9554.742305420028
 31
0.0
 12
30717.42587293925
 22
9875.15087919713
 32
0.0
 13
30717.42587293925
 23
9875.15087919713
 33
0.0
  0
LINE
  5
E93
330
1F
100
AcDbEntity
  8
2Y
100
AcDbLine
 10
19723.69566430367
 20
6188.476651193893
 30
0.0
 11
24319.58485211683
 21
6188.476651193838
 31
0.0
  0
CIRCLE
  5
E94
330
1F
100
AcDbEntity
  8
1R
100
AcDbCircle
 10
23915.50988171709
 20
5816.290181126266
 30
0.0
 40
107.5446367214853
  0
CIRCLE
  5
E95
330
1F
100
AcDbEntity
  8
1R
100
AcDbCircle
 10
23793.62476952418
 20
6045.521799505319
 30
0.0
 40
107.5446367214853
  0
CIRCLE
  5
E96
330
1F
100
AcDbEntity
  8
1R
100
AcDbCircle
 10
22718.19030806059
 20
5859.272318566241
 30
0.0
 40
71.63689573226299
  0
CIRCLE
  5
E97
330
1F
100
AcDbEntity
  8
1R
100
AcDbCircle
 10
16942.24743897692
 20
5859.272318566241
 30
0.0
 40
71.63689573226299
  0
CIRCLE
  5
E98
330
1F
100
AcDbEntity
  8
1R
100
AcDbCircle
 10
20732.22792373767
 20
5859.272318566241
 30
0.0
 40
71.63689573226299
  0
CIRCLE
  5
E99
330
1F
100
AcDbEntity
  8
1R
100
AcDbCircle
 10
19892.89100925075
 20
5837.781249846035
 30
0.0
 40
71.63689573271764
  0
CIRCLE
  5
E9A
330
1F
100
AcDbEntity
  8
1R
100
AcDbCircle
 10
19505.72793590451
 20
5859.272318566241
 30
0.0
 40
71.63689573226299
  0
CIRCLE
  5
E9B
330
1F
100
AcDbEntity
  8
1R
100
AcDbCircle
 10
19699.31542545237
 20
5816.290181126266
 30
0.0
 40
107.5446367214853
  0
LINE
  5
E9C
330
1F
100
AcDbEntity
  8
2Y
100
AcDbLine
 10
19223.79300534908
 20
5688.573992239659
 30
0.0
 11
19723.6956643036
 21
6188.476651193838
 31
0.0
  0
CIRCLE
  5
E9D
330
1F
100
AcDbEntity
  8
1R
100
AcDbCircle
 10
20502.29275871513
 20
5859.272318566241
 30
0.0
 40
71.63689573226299
  0
CIRCLE
  5
E9E
330
1F
100
AcDbEntity
  8
1R
100
AcDbCircle
 10
20294.38860519397
 20
5801.962801979922
 30
0.0
 40
107.5446367214853
  0
CIRCLE
  5
E9F
330
1F
100
AcDbEntity
  8
1R
100
AcDbCircle
 10
20072.1261175786
 20
5809.126491552839
 30
0.0
 40
71.63689573271764
  0
CIRCLE
  5
EA0
330
1F
100
AcDbEntity
  8
1R
100
AcDbCircle
 10
21728.79274654836
 20
5859.272318566241
 30
0.0
 40
71.63689573226299
  0
CIRCLE
  5
EA1
330
1F
100
AcDbEntity
  8
1R
100
AcDbCircle
 10
21520.8885930272
 20
5801.962801979922
 30
0.0
 40
107.5446367214853
  0
CIRCLE
  5
EA2
330
1F
100
AcDbEntity
  8
1R
100
AcDbCircle
 10
21119.39099708398
 20
5837.781249846035
 30
0.0
 40
71.63689573271764
  0
CIRCLE
  5
EA3
330
1F
100
AcDbEntity
  8
1R
100
AcDbCircle
 10
21298.62610541176
 20
5809.126491552839
 30
0.0
 40
71.63689573271764
  0
CIRCLE
  5
EA4
330
1F
100
AcDbEntity
  8
1R
100
AcDbCircle
 10
20925.81541328554
 20
5816.290181126266
 30
0.0
 40
107.5446367214853
  0
CIRCLE
  5
EA5
330
1F
100
AcDbEntity
  8
1R
100
AcDbCircle
 10
22115.9558198946
 20
5837.781249846035
 30
0.0
 40
71.63689573271764
  0
CIRCLE
  5
EA6
330
1F
100
AcDbEntity
  8
1R
100
AcDbCircle
 10
22295.19092822237
 20
5809.126491552839
 30
0.0
 40
71.63689573271764
  0
CIRCLE
  5
EA7
330
1F
100
AcDbEntity
  8
1R
100
AcDbCircle
 10
21922.38023609615
 20
5816.290181126266
 30
0.0
 40
107.5446367214853
  0
CIRCLE
  5
EA8
330
1F
100
AcDbEntity
  8
1R
100
AcDbCircle
 10
22517.45341583782
 20
5801.962801979922
 30
0.0
 40
107.5446367214853
  0
CIRCLE
  5
EA9
330
1F
100
AcDbEntity
  8
1R
100
AcDbCircle
 10
23506.85097735012
 20
5801.962801979922
 30
0.0
 40
107.5446367214853
  0
CIRCLE
  5
EAA
330
1F
100
AcDbEntity
  8
1R
100
AcDbCircle
 10
23105.3533814069
 20
5837.781249846035
 30
0.0
 40
71.63689573271764
  0
CIRCLE
  5
EAB
330
1F
100
AcDbEntity
  8
1R
100
AcDbCircle
 10
23284.58848973468
 20
5809.126491552839
 30
0.0
 40
71.63689573271764
  0
CIRCLE
  5
EAC
330
1F
100
AcDbEntity
  8
1R
100
AcDbCircle
 10
22911.77779760845
 20
5816.290181126266
 30
0.0
 40
107.5446367214853
  0
CIRCLE
  5
EAD
330
1F
100
AcDbEntity
  8
1R
100
AcDbCircle
 10
23721.9223921693
 20
5859.272318566241
 30
0.0
 40
71.63689573226299
  0
LINE
  5
EAE
330
1F
100
AcDbEntity
  8
2Y
100
AcDbLine
 10
17224.18236953236
 20
5688.573992239659
 30
0.0
 11
19223.79300534908
 21
5688.573992239659
 31
0.0
  0
CIRCLE
  5
EAF
330
1F
100
AcDbEntity
  8
1R
100
AcDbCircle
 10
20366.06717105184
 20
5973.888127755587
 30
0.0
 40
71.63689573226299
  0
LINE
  5
EB0
330
1F
100
AcDbEntity
  8
2Y
100
AcDbLine
 10
18099.0120227023
 20
9187.892604919385
 30
0.0
 11
18099.0120227023
 21
7188.281969102414
 31
0.0
1001
ACAD
1000
ASC_BOUNDS
1002
{
1070
    19
1002
}
  0
LINE
  5
EB1
330
1F
100
AcDbEntity
  8
2Y
100
AcDbLine
 10
18348.96335217942
 20
9187.892604919385
 30
0.0
 11
18348.96335217942
 21
7188.281969102414
 31
0.0
1001
ACAD
1000
ASC_BOUNDS
1002
{
1070
    19
1002
}
  0
LINE
  5
EB2
330
1F
100
AcDbEntity
  8
2Y
100
AcDbLine
 10
18598.91468165661
 20
7188.281969102397
 30
0.0
 11
17849.06069322519
 21
7188.281969102397
 31
0.0
  0
CIRCLE
  5
EB3
330
1F
100
AcDbEntity
  8
1R
100
AcDbCircle
 10
19986.09517050187
 20
6052.68548907869
 30
0.0
 40
129.0523734900137
  0
CIRCLE
  5
EB4
330
1F
100
AcDbEntity
  8
1R
100
AcDbCircle
 10
19778.1791112313
 20
5988.215506901439
 30
0.0
 40
71.63689573271764
  0
CIRCLE
  5
EB5
330
1F
100
AcDbEntity
  8
1R
100
AcDbCircle
 10
20186.83206272407
 20
5973.888127755587
 30
0.0
 40
71.63689573226299
  0
CIRCLE
  5
EB6
330
1F
100
AcDbEntity
  8
1R
100
AcDbCircle
 10
20272.86300980167
 20
6109.995005664629
 30
0.0
 40
71.63689573226299
  0
LINE
  5
EB7
330
1F
100
AcDbEntity
  8
2Y
100
AcDbLine
 10
18598.91468165654
 20
9187.892604919385
 30
0.0
 11
17849.06069322519
 21
9187.892604919385
 31
0.0
  0
LINE
  5
EB8
330
1F
100
AcDbEntity
  8
2Y
100
AcDbLine
 10
18598.91468165661
 20
9437.843934396502
 30
0.0
 11
17849.06069322519
 21
9437.843934396502
 31
0.0
  0
CIRCLE
  5
EB9
330
1F
100
AcDbEntity
  8
1R
100
AcDbCircle
 10
22209.15998114536
 20
6052.68548907869
 30
0.0
 40
129.0523734900137
  0
CIRCLE
  5
EBA
330
1F
100
AcDbEntity
  8
1R
100
AcDbCircle
 10
21212.59515833503
 20
6052.68548907869
 30
0.0
 40
129.0523734900137
  0
CIRCLE
  5
EBB
330
1F
100
AcDbEntity
  8
1R
100
AcDbCircle
 10
20774.74393404163
 20
5988.215506901439
 30
0.0
 40
71.63689573271764
  0
CIRCLE
  5
EBC
330
1F
100
AcDbEntity
  8
1R
100
AcDbCircle
 10
20573.99513607002
 20
6045.521799505319
 30
0.0
 40
107.5446367214853
  0
CIRCLE
  5
EBD
330
1F
100
AcDbEntity
  8
1R
100
AcDbCircle
 10
21004.67909906453
 20
5988.215506901439
 30
0.0
 40
71.63689573271764
  0
CIRCLE
  5
EBE
330
1F
100
AcDbEntity
  8
1R
100
AcDbCircle
 10
21800.49512390325
 20
6045.521799505319
 30
0.0
 40
107.5446367214853
  0
CIRCLE
  5
EBF
330
1F
100
AcDbEntity
  8
1R
100
AcDbCircle
 10
21413.33205055722
 20
5973.888127755587
 30
0.0
 40
71.63689573226299
  0
CIRCLE
  5
EC0
330
1F
100
AcDbEntity
  8
1R
100
AcDbCircle
 10
21592.56715888508
 20
5973.888127755587
 30
0.0
 40
71.63689573226299
  0
CIRCLE
  5
EC1
330
1F
100
AcDbEntity
  8
1R
100
AcDbCircle
 10
21499.3629976349
 20
6109.995005664629
 30
0.0
 40
71.63689573226299
  0
CIRCLE
  5
EC2
330
1F
100
AcDbEntity
  8
1R
100
AcDbCircle
 10
22001.24392187486
 20
5988.215506901439
 30
0.0
 40
71.63689573271764
  0
CIRCLE
  5
EC3
330
1F
100
AcDbEntity
  8
1R
100
AcDbCircle
 10
22990.64148338745
 20
5988.215506901439
 30
0.0
 40
71.63689573271764
  0
CIRCLE
  5
EC4
330
1F
100
AcDbEntity
  8
1R
100
AcDbCircle
 10
22409.89687336755
 20
5973.888127755587
 30
0.0
 40
71.63689573226299
  0
CIRCLE
  5
EC5
330
1F
100
AcDbEntity
  8
1R
100
AcDbCircle
 10
22481.58734497484
 20
6109.995005664629
 30
0.0
 40
71.63689573226299
  0
CIRCLE
  5
EC6
330
1F
100
AcDbEntity
  8
1R
100
AcDbCircle
 10
22581.95876752311
 20
5988.215506901948
 30
0.0
 40
71.63689573226299
  0
CIRCLE
  5
EC7
330
1F
100
AcDbEntity
  8
1R
100
AcDbCircle
 10
22789.89268541584
 20
6045.521799505319
 30
0.0
 40
107.5446367214853
  0
CIRCLE
  5
EC8
330
1F
100
AcDbEntity
  8
1R
100
AcDbCircle
 10
23578.52359033365
 20
5988.215506901948
 30
0.0
 40
71.63689573226299
  0
CIRCLE
  5
EC9
330
1F
100
AcDbEntity
  8
1R
100
AcDbCircle
 10
23399.29443487986
 20
5973.888127755587
 30
0.0
 40
71.63689573226299
  0
CIRCLE
  5
ECA
330
1F
100
AcDbEntity
  8
1R
100
AcDbCircle
 10
23198.55754265795
 20
6052.68548907869
 30
0.0
 40
129.0523734900137
  0
CIRCLE
  5
ECB
330
1F
100
AcDbEntity
  8
1R
100
AcDbCircle
 10
23485.31942908347
 20
6117.158695238
 30
0.0
 40
71.63689573226299
  0
TEXT
  5
ECC
330
1F
100
AcDbEntity
  8
TG
100
AcDbText
 10
21670.55997726785
 20
8464.216286826401
 30
0.0
 40
250.0
  1
REINF. (b)
  7
ROMANSIM
 11
21670.55997726785
 21
8589.216286826401
 31
0.0
100
AcDbText
 73
     2
  0
TEXT
  5
ECD
330
1F
100
AcDbEntity
  8
TG
100
AcDbText
 10
21687.15821170947
 20
8878.658605434599
 30
0.0
 40
250.0
  1
SECONDARY 
  7
ROMANSIM
 72
     2
 11
24103.82487837614
 21
9003.658605434599
 31
0.0
100
AcDbText
 73
     2
  0
CIRCLE
  5
ECE
330
1F
100
AcDbEntity
  8
1R
100
AcDbCircle
 10
30117.69706493201
 20
5801.962801979922
 30
0.0
 40
107.5446367214853
  0
CIRCLE
  5
ECF
330
1F
100
AcDbEntity
  8
1R
100
AcDbCircle
 10
24510.58306145875
 20
5801.962801979922
 30
0.0
 40
107.5446367214853
  0
LINE
  5
ED0
330
1F
100
AcDbEntity
  8
2Y
100
AcDbLine
 10
24819.48751107114
 20
5688.573992239659
 30
0.0
 11
24319.58485211683
 21
6188.476651193838
 31
0.0
  0
CIRCLE
  5
ED1
330
1F
100
AcDbEntity
  8
1R
100
AcDbCircle
 10
24109.08546551553
 20
5837.781249846035
 30
0.0
 40
71.63689573271764
  0
CIRCLE
  5
ED2
330
1F
100
AcDbEntity
  8
1R
100
AcDbCircle
 10
24288.32057384331
 20
5809.126491552839
 30
0.0
 40
71.63689573271764
  0
CIRCLE
  5
ED3
330
1F
100
AcDbEntity
  8
1R
100
AcDbCircle
 10
28131.73468060909
 20
5801.962801979922
 30
0.0
 40
107.5446367214853
  0
CIRCLE
  5
ED4
330
1F
100
AcDbEntity
  8
1R
100
AcDbCircle
 10
27350.26508411583
 20
5809.126491552839
 30
0.0
 40
71.63689573271764
  0
LINE
  5
ED5
330
1F
100
AcDbEntity
  8
2Y
100
AcDbLine
 10
26819.09814688814
 20
5688.573992239659
 30
0.0
 11
27319.00080584238
 21
6188.476651193838
 31
0.0
  0
CIRCLE
  5
ED6
330
1F
100
AcDbEntity
  8
1R
100
AcDbCircle
 10
27128.00259650074
 20
5801.962801979922
 30
0.0
 40
107.5446367214853
  0
CIRCLE
  5
ED7
330
1F
100
AcDbEntity
  8
1R
100
AcDbCircle
 10
27916.66326578998
 20
5859.272318566241
 30
0.0
 40
71.63689573226299
  0
CIRCLE
  5
ED8
330
1F
100
AcDbEntity
  8
1R
100
AcDbCircle
 10
27529.50019244396
 20
5837.781249846035
 30
0.0
 40
71.63689573271764
  0
CIRCLE
  5
ED9
330
1F
100
AcDbEntity
  8
1R
100
AcDbCircle
 10
27723.07577624212
 20
5816.290181126266
 30
0.0
 40
107.5446367214853
  0
CIRCLE
  5
EDA
330
1F
100
AcDbEntity
  8
1R
100
AcDbCircle
 10
29121.13224212168
 20
5801.962801979922
 30
0.0
 40
107.5446367214853
  0
CIRCLE
  5
EDB
330
1F
100
AcDbEntity
  8
1R
100
AcDbCircle
 10
28920.39534989862
 20
5859.272318566241
 30
0.0
 40
71.63689573226299
  0
CIRCLE
  5
EDC
330
1F
100
AcDbEntity
  8
1R
100
AcDbCircle
 10
28726.80786035083
 20
5816.290181126266
 30
0.0
 40
107.5446367214853
  0
CIRCLE
  5
EDD
330
1F
100
AcDbEntity
  8
1R
100
AcDbCircle
 10
28353.99716822453
 20
5809.126491552839
 30
0.0
 40
71.63689573271764
  0
CIRCLE
  5
EDE
330
1F
100
AcDbEntity
  8
1R
100
AcDbCircle
 10
28533.23227655231
 20
5837.781249846035
 30
0.0
 40
71.63689573271764
  0
CIRCLE
  5
EDF
330
1F
100
AcDbEntity
  8
1R
100
AcDbCircle
 10
29909.79291141092
 20
5859.272318566241
 30
0.0
 40
71.63689573226299
  0
CIRCLE
  5
EE0
330
1F
100
AcDbEntity
  8
1R
100
AcDbCircle
 10
29716.20542186306
 20
5816.290181126266
 30
0.0
 40
107.5446367214853
  0
CIRCLE
  5
EE1
330
1F
100
AcDbEntity
  8
1R
100
AcDbCircle
 10
29343.39472973684
 20
5809.126491552839
 30
0.0
 40
71.63689573271764
  0
CIRCLE
  5
EE2
330
1F
100
AcDbEntity
  8
1R
100
AcDbCircle
 10
29522.6298380649
 20
5837.781249846035
 30
0.0
 40
71.63689573271764
  0
CIRCLE
  5
EE3
330
1F
100
AcDbEntity
  8
1R
100
AcDbCircle
 10
30712.77024467367
 20
5816.290181126266
 30
0.0
 40
107.5446367214853
  0
CIRCLE
  5
EE4
330
1F
100
AcDbEntity
  8
1R
100
AcDbCircle
 10
30519.19466087523
 20
5837.781249846035
 30
0.0
 40
71.63689573271764
  0
CIRCLE
  5
EE5
330
1F
100
AcDbEntity
  8
1R
100
AcDbCircle
 10
30339.95955254745
 20
5809.126491552839
 30
0.0
 40
71.63689573271764
  0
TEXT
  5
EE6
330
1F
100
AcDbEntity
  8
TG
100
AcDbText
 10
28051.76603824979
 20
3778.780754241835
 30
0.0
 40
250.0
  1
3-%%C10
  7
100CL
 11
28051.76603824979
 21
3903.780754241834
 31
0.0
100
AcDbText
 73
     2
  0
DIMENSION
  5
EE7
330
1F
100
AcDbEntity
  8
DIM
100
AcDbDimension
280
     0
  2
*D65
 10
26819.09814688811
 20
3580.945992658072
 30
0.0
 11
25819.29282897958
 21
3580.945992658072
 31
0.0
 70
   160
  1
400
 71
     5
 42
1999.610635816993
 73
     0
 74
     0
 75
     0
  3
DIM100
100
AcDbAlignedDimension
 13
24819.48751107112
 23
5688.573992239659
 33
0.0
 14
26819.09814688811
 24
5688.573992239659
 34
0.0
100
AcDbRotatedDimension
  0
INSERT
  5
EE8
330
1F
100
AcDbEntity
  8
1R
100
AcDbBlockReference
  2
*X10
 10
-25688.14537292928
 20
-55714.95810179792
 30
0.0
 41
0.5998831907345448
 42
0.5998831907345448
 43
0.5998831907345448
1001
ACAD
1000
HATCH
1002
{
1070
    19
1000
EARTH
1040
5000.0
1040
0.7853981633974483
1002
}
  0
LINE
  5
EE9
330
1F
100
AcDbEntity
  8
2Y
100
AcDbLine
 10
24819.48751107114
 20
5688.573992239659
 30
0.0
 11
26819.09814688814
 21
5688.573992239659
 31
0.0
1001
ACAD
1000
ASC_BOUNDS
1002
{
1070
    19
1002
}
  0
LINE
  5
EEA
330
1F
100
AcDbEntity
  8
2Y
100
AcDbLine
 10
26211.83397069014
 20
8604.672835472999
 30
0.0
 11
27586.56628281432
 21
8604.672835472999
 31
0.0
  0
LINE
  5
EEB
330
1F
100
AcDbEntity
  8
4C
100
AcDbLine
 10
28633.26284393117
 20
9169.822605264609
 30
0.0
 11
24691.89798681094
 21
6588.476651193854
 31
0.0
  0
CIRCLE
  5
EEC
330
1F
100
AcDbEntity
  8
1R
100
AcDbCircle
 10
27436.29603119291
 20
6052.68548907869
 30
0.0
 40
129.0523734900137
  0
LINE
  5
EED
330
1F
100
AcDbEntity
  8
7W
 62
     8
100
AcDbLine
 10
25745.41148638668
 20
7361.274386468001
 30
0.0
 11
24472.4639073986
 21
9008.758997773171
 31
0.0
  0
LINE
  5
EEE
330
1F
100
AcDbEntity
  8
2Y
100
AcDbLine
 10
26311.814502481
 20
7771.501737548702
 30
0.0
 11
26211.83397069014
 21
8604.672835472999
 31
0.0
  0
LINE
  5
EEF
330
1F
100
AcDbEntity
  8
2Y
100
AcDbLine
 10
24937.08219035682
 20
7771.501737548702
 30
0.0
 11
26311.814502481
 21
7771.501737548702
 31
0.0
  0
CIRCLE
  5
EF0
330
1F
100
AcDbEntity
  8
1R
100
AcDbCircle
 10
23994.37356749579
 20
5988.215506901439
 30
0.0
 40
71.63689573271764
  0
CIRCLE
  5
EF1
330
1F
100
AcDbEntity
  8
1R
100
AcDbCircle
 10
24202.28962676629
 20
6052.68548907869
 30
0.0
 40
129.0523734900137
  0
CIRCLE
  5
EF2
330
1F
100
AcDbEntity
  8
1R
100
AcDbCircle
 10
24403.02651898849
 20
5973.888127755587
 30
0.0
 40
71.63689573226299
  0
LINE
  5
EF3
330
1F
100
AcDbEntity
  8
2Y
100
AcDbLine
 10
25037.06272214768
 20
6938.330639625279
 30
0.0
 11
24937.08219035682
 21
7771.501737548702
 31
0.0
  0
CIRCLE
  5
EF4
330
1F
100
AcDbEntity
  8
1R
100
AcDbCircle
 10
27235.55913897072
 20
5973.888127755587
 30
0.0
 40
71.63689573226299
  0
INSERT
  5
EF5
330
1F
100
AcDbEntity
  8
3G
100
AcDbBlockReference
  2
DOT
 10
26507.62959235385
 20
7241.674148194348
 30
0.0
 41
0.7498539884545608
 42
0.7498539884545608
 43
0.7498539884545608
  0
INSERT
  5
EF6
330
1F
100
AcDbEntity
  8
3G
100
AcDbBlockReference
  2
DOT
 10
25848.74297545351
 20
7224.347100768088
 30
0.0
 41
0.7498539884545608
 42
0.7498539884545608
 43
0.7498539884545608
  0
LINE
  5
EF7
330
1F
100
AcDbEntity
  8
4C
100
AcDbLine
 10
25383.6332090616
 20
6388.476651193848
 30
0.0
 11
24801.8620098367
 21
6388.476651193848
 31
0.0
  0
CIRCLE
  5
EF8
330
1F
100
AcDbEntity
  8
7W
 62
     8
100
AcDbCircle
 10
25854.66447554206
 20
7219.701884805605
 30
0.0
 40
178.8267006527184
  0
LINE
  5
EF9
330
1F
100
AcDbEntity
  8
7W
 62
     8
100
AcDbLine
 10
23936.11158484026
 20
9008.758997773171
 30
0.0
 11
24472.4639073986
 21
9008.758997773171
 31
0.0
  0
ARC
  5
EFA
330
1F
100
AcDbEntity
  8
7W
 62
     8
100
AcDbCircle
 10
24175.7778817224
 20
8958.767732072379
 30
0.0
 40
49.99126570074276
100
AcDbArc
 50
62.76213367704617
 51
90.0
  0
CIRCLE
  5
EFB
330
1F
100
AcDbEntity
  8
1R
100
AcDbCircle
 10
29228.68878459166
 20
5973.888127755587
 30
0.0
 40
71.63689573226299
  0
CIRCLE
  5
EFC
330
1F
100
AcDbEntity
  8
1R
100
AcDbCircle
 10
29156.99831298437
 20
6109.995005664629
 30
0.0
 40
71.63689573226299
  0
CIRCLE
  5
EFD
330
1F
100
AcDbEntity
  8
1R
100
AcDbCircle
 10
28239.29122307935
 20
5973.888127755587
 30
0.0
 40
71.63689573226299
  0
CIRCLE
  5
EFE
330
1F
100
AcDbEntity
  8
1R
100
AcDbCircle
 10
28060.06206762585
 20
5988.215506901948
 30
0.0
 40
71.63689573226299
  0
CIRCLE
  5
EFF
330
1F
100
AcDbEntity
  8
1R
100
AcDbCircle
 10
27644.21209046342
 20
5988.215506901439
 30
0.0
 40
71.63689573271764
  0
CIRCLE
  5
F00
330
1F
100
AcDbEntity
  8
1R
100
AcDbCircle
 10
27844.96088843503
 20
6045.521799505319
 30
0.0
 40
107.5446367214853
  0
CIRCLE
  5
F01
330
1F
100
AcDbEntity
  8
1R
100
AcDbCircle
 10
28153.26622887574
 20
6117.158695238
 30
0.0
 40
71.63689573226299
  0
CIRCLE
  5
F02
330
1F
100
AcDbEntity
  8
1R
100
AcDbCircle
 10
28647.94417457205
 20
5988.215506901439
 30
0.0
 40
71.63689573271764
  0
CIRCLE
  5
F03
330
1F
100
AcDbEntity
  8
1R
100
AcDbCircle
 10
28848.69297254366
 20
6045.521799505319
 30
0.0
 40
107.5446367214853
  0
CIRCLE
  5
F04
330
1F
100
AcDbEntity
  8
1R
100
AcDbCircle
 10
28440.02811530125
 20
6052.68548907869
 30
0.0
 40
129.0523734900137
  0
CIRCLE
  5
F05
330
1F
100
AcDbEntity
  8
1R
100
AcDbCircle
 10
29056.62689043617
 20
5988.215506901948
 30
0.0
 40
71.63689573226299
  0
CIRCLE
  5
F06
330
1F
100
AcDbEntity
  8
1R
100
AcDbCircle
 10
30046.01849907413
 20
5973.888127755587
 30
0.0
 40
71.63689573226299
  0
CIRCLE
  5
F07
330
1F
100
AcDbEntity
  8
1R
100
AcDbCircle
 10
29637.34173608435
 20
5988.215506901439
 30
0.0
 40
71.63689573271764
  0
CIRCLE
  5
F08
330
1F
100
AcDbEntity
  8
1R
100
AcDbCircle
 10
29838.09053405596
 20
6045.521799505319
 30
0.0
 40
107.5446367214853
  0
CIRCLE
  5
F09
330
1F
100
AcDbEntity
  8
1R
100
AcDbCircle
 10
29429.42567681385
 20
6052.68548907869
 30
0.0
 40
129.0523734900137
  0
CIRCLE
  5
F0A
330
1F
100
AcDbEntity
  8
1R
100
AcDbCircle
 10
30139.22266032431
 20
6109.995005664629
 30
0.0
 40
71.63689573226299
  0
CIRCLE
  5
F0B
330
1F
100
AcDbEntity
  8
1R
100
AcDbCircle
 10
30633.90655889497
 20
5988.215506901439
 30
0.0
 40
71.63689573271764
  0
CIRCLE
  5
F0C
330
1F
100
AcDbEntity
  8
1R
100
AcDbCircle
 10
30225.25360740227
 20
5973.888127755587
 30
0.0
 40
71.63689573226299
  0
CIRCLE
  5
F0D
330
1F
100
AcDbEntity
  8
1R
100
AcDbCircle
 10
30425.99049962418
 20
6052.68548907869
 30
0.0
 40
129.0523734900137
  0
LINE
  5
F0E
330
1F
100
AcDbEntity
  8
2Y
100
AcDbLine
 10
27586.56628281432
 20
8604.672835472999
 30
0.0
 11
27486.58575102346
 21
9437.84393439652
 31
0.0
  0
SOLID
  5
F0F
330
1F
100
AcDbEntity
  8
7W
 62
     8
100
AcDbTrace
 10
27938.77617816843
 20
9114.002189271657
 30
0.0
 11
27841.34832024268
 21
9057.752189271658
 31
0.0
 12
28058.81224920556
 22
8793.593615494408
 32
0.0
 13
28058.81224920556
 23
8793.593615494408
 33
0.0
  0
INSERT
  5
F10
330
1F
100
AcDbEntity
  8
3G
100
AcDbBlockReference
  2
DOT
 10
27766.9073837952
 20
8479.228615971265
 30
0.0
 41
0.7498539884545608
 42
0.7498539884545608
 43
0.7498539884545608
  0
INSERT
  5
F11
330
1F
100
AcDbEntity
  8
3G
100
AcDbBlockReference
  2
DOT
 10
27742.39081671331
 20
8048.707628245288
 30
0.0
 41
-0.7498539884243695
 42
0.7498539884363709
 43
0.7498539884313727
 50
66.33684164780127
  0
CIRCLE
  5
F12
330
1F
100
AcDbEntity
  8
7W
 62
     8
100
AcDbCircle
 10
27763.8215756121
 20
8478.394553671284
 30
0.0
 40
178.8267006527184
  0
INSERT
  5
F13
330
1F
100
AcDbEntity
  8
3G
100
AcDbBlockReference
  2
DOT
 10
28977.15204107299
 20
8855.741108296212
 30
0.0
 41
-0.7498539884243695
 42
0.7498539884363709
 43
0.7498539884313727
 50
66.33684164780127
  0
LINE
  5
F14
330
1F
100
AcDbEntity
  8
2Y
100
AcDbLine
 10
27486.58575102346
 20
9437.84393439652
 30
0.0
 11
28861.31806314764
 21
9437.84393439652
 31
0.0
  0
CIRCLE
  5
F15
330
1F
100
AcDbEntity
  8
7W
 62
     8
100
AcDbCircle
 10
30234.65520126324
 20
9669.647373055127
 30
0.0
 40
178.8267006527184
  0
INSERT
  5
F16
330
1F
100
AcDbEntity
  8
3G
100
AcDbBlockReference
  2
DOT
 10
30211.91326543239
 20
9662.77458834708
 30
0.0
 41
-0.7498539884243695
 42
0.7498539884363709
 43
0.7498539884313727
 50
66.33684164780127
  0
TEXT
  5
F17
330
1F
100
AcDbEntity
  8
TITLE
 62
     2
100
AcDbText
 10
40499.05793531348
 20
1101.510626551049
 30
0.0
 40
250.0
  1
SCALE :
  7
100CL
100
AcDbText
  0
LINE
  5
F18
330
1F
100
AcDbEntity
  8
7W
 62
     8
100
AcDbLine
 10
38166.58115805521
 20
3905.390162229602
 30
0.0
 11
37200.09341344325
 21
3905.390162229602
 31
0.0
  0
TEXT
  5
F19
330
1F
100
AcDbEntity
  8
DEFPOINTS
100
AcDbText
 10
35018.035981445
 20
8408.847835370039
 30
0.0
 40
250.0
  1
MAIN REINF. (a)
  7
ROMANSIM
 11
35018.035981445
 21
8533.847835370039
 31
0.0
100
AcDbText
 73
     2
  0
TEXT
  5
F1A
330
1F
100
AcDbEntity
  8
TG
100
AcDbText
 10
35027.27959487894
 20
8959.638626532621
 30
0.0
 40
250.0
  1
20 CLEAR (TYP.)
  7
ROMANSIM
 11
35027.27959487894
 21
9084.638626532621
 31
0.0
100
AcDbText
 73
     2
  0
CIRCLE
  5
F1B
330
1F
100
AcDbEntity
  8
1R
100
AcDbCircle
 10
37930.79765940697
 20
5973.888127755587
 30
0.0
 40
71.63689573226299
  0
CIRCLE
  5
F1C
330
1F
100
AcDbEntity
  8
1R
100
AcDbCircle
 10
38038.35420187716
 20
5801.962801979922
 30
0.0
 40
107.5446367214853
  0
CIRCLE
  5
F1D
330
1F
100
AcDbEntity
  8
1R
100
AcDbCircle
 10
38016.8226536103
 20
6117.158695238
 30
0.0
 40
71.63689573226299
  0
LINE
  5
F1E
330
1F
100
AcDbEntity
  8
4C
100
AcDbLine
 10
38501.57536474217
 20
6812.733945338537
 30
0.0
 11
37775.05405686455
 21
6812.733945338537
 31
0.0
  0
CIRCLE
  5
F1F
330
1F
100
AcDbEntity
  8
1R
100
AcDbCircle
 10
37443.2810221355
 20
5816.290181126266
 30
0.0
 40
107.5446367214853
  0
CIRCLE
  5
F20
330
1F
100
AcDbEntity
  8
1R
100
AcDbCircle
 10
33739.34277269204
 20
5816.290181126266
 30
0.0
 40
107.5446367214853
  0
CIRCLE
  5
F21
330
1F
100
AcDbEntity
  8
1R
100
AcDbCircle
 10
31927.06146447702
 20
5859.272318566241
 30
0.0
 40
71.63689573226299
  0
CIRCLE
  5
F22
330
1F
100
AcDbEntity
  8
1R
100
AcDbCircle
 10
31539.89839113085
 20
5837.781249846035
 30
0.0
 40
71.63689573271764
  0
CIRCLE
  5
F23
330
1F
100
AcDbEntity
  8
1R
100
AcDbCircle
 10
31360.66328280301
 20
5809.126491552839
 30
0.0
 40
71.63689573271764
  0
CIRCLE
  5
F24
330
1F
100
AcDbEntity
  8
1R
100
AcDbCircle
 10
31733.47397492923
 20
5816.290181126266
 30
0.0
 40
107.5446367214853
  0
CIRCLE
  5
F25
330
1F
100
AcDbEntity
  8
1R
100
AcDbCircle
 10
31138.40079518764
 20
5801.962801979922
 30
0.0
 40
107.5446367214853
  0
CIRCLE
  5
F26
330
1F
100
AcDbEntity
  8
1R
100
AcDbCircle
 10
32923.62628728742
 20
5859.272318566241
 30
0.0
 40
71.63689573226299
  0
CIRCLE
  5
F27
330
1F
100
AcDbEntity
  8
1R
100
AcDbCircle
 10
32536.46321394147
 20
5837.781249846035
 30
0.0
 40
71.63689573271764
  0
CIRCLE
  5
F28
330
1F
100
AcDbEntity
  8
1R
100
AcDbCircle
 10
32357.22810561333
 20
5809.126491552839
 30
0.0
 40
71.63689573271764
  0
CIRCLE
  5
F29
330
1F
100
AcDbEntity
  8
1R
100
AcDbCircle
 10
32730.03879773955
 20
5816.290181126266
 30
0.0
 40
107.5446367214853
  0
CIRCLE
  5
F2A
330
1F
100
AcDbEntity
  8
1R
100
AcDbCircle
 10
32134.96561799825
 20
5801.962801979922
 30
0.0
 40
107.5446367214853
  0
CIRCLE
  5
F2B
330
1F
100
AcDbEntity
  8
1R
100
AcDbCircle
 10
33144.26959295031
 20
5801.962801979922
 30
0.0
 40
107.5446367214853
  0
CIRCLE
  5
F2C
330
1F
100
AcDbEntity
  8
1R
100
AcDbCircle
 10
33545.76718889352
 20
5837.781249846035
 30
0.0
 40
71.63689573271764
  0
CIRCLE
  5
F2D
330
1F
100
AcDbEntity
  8
1R
100
AcDbCircle
 10
33366.53208056575
 20
5809.126491552839
 30
0.0
 40
71.63689573271764
  0
CIRCLE
  5
F2E
330
1F
100
AcDbEntity
  8
1R
100
AcDbCircle
 10
35650.8942216111
 20
5837.781249846035
 30
0.0
 40
71.63689573271764
  0
CIRCLE
  5
F2F
330
1F
100
AcDbEntity
  8
1R
100
AcDbCircle
 10
34735.9075955023
 20
5816.290181126266
 30
0.0
 40
107.5446367214853
  0
CIRCLE
  5
F30
330
1F
100
AcDbEntity
  8
1R
100
AcDbCircle
 10
33932.93026223983
 20
5859.272318566241
 30
0.0
 40
71.63689573226299
  0
CIRCLE
  5
F31
330
1F
100
AcDbEntity
  8
1R
100
AcDbCircle
 10
34140.83441576092
 20
5801.962801979922
 30
0.0
 40
107.5446367214853
  0
CIRCLE
  5
F32
330
1F
100
AcDbEntity
  8
1R
100
AcDbCircle
 10
34542.33201170414
 20
5837.781249846035
 30
0.0
 40
71.63689573271764
  0
CIRCLE
  5
F33
330
1F
100
AcDbEntity
  8
1R
100
AcDbCircle
 10
34363.09690337607
 20
5809.126491552839
 30
0.0
 40
71.63689573271764
  0
CIRCLE
  5
F34
330
1F
100
AcDbEntity
  8
1R
100
AcDbCircle
 10
34929.49508505016
 20
5859.272318566241
 30
0.0
 40
71.63689573226299
  0
CIRCLE
  5
F35
330
1F
100
AcDbEntity
  8
1R
100
AcDbCircle
 10
35263.73114826478
 20
5859.272318566241
 30
0.0
 40
71.63689573226299
  0
CIRCLE
  5
F36
330
1F
100
AcDbEntity
  8
1R
100
AcDbCircle
 10
35457.31863781258
 20
5816.290181126266
 30
0.0
 40
107.5446367214853
  0
CIRCLE
  5
F37
330
1F
100
AcDbEntity
  8
1R
100
AcDbCircle
 10
36647.45904442142
 20
5837.781249846035
 30
0.0
 40
71.63689573271764
  0
CIRCLE
  5
F38
330
1F
100
AcDbEntity
  8
1R
100
AcDbCircle
 10
36453.88346062319
 20
5816.290181126266
 30
0.0
 40
107.5446367214853
  0
CIRCLE
  5
F39
330
1F
100
AcDbEntity
  8
1R
100
AcDbCircle
 10
35830.12932993887
 20
5809.126491552839
 30
0.0
 40
71.63689573271764
  0
CIRCLE
  5
F3A
330
1F
100
AcDbEntity
  8
1R
100
AcDbCircle
 10
36052.39181755425
 20
5801.962801979922
 30
0.0
 40
107.5446367214853
  0
CIRCLE
  5
F3B
330
1F
100
AcDbEntity
  8
1R
100
AcDbCircle
 10
36260.2959710754
 20
5859.272318566241
 30
0.0
 40
71.63689573226299
  0
CIRCLE
  5
F3C
330
1F
100
AcDbEntity
  8
1R
100
AcDbCircle
 10
36826.69415274912
 20
5809.126491552839
 30
0.0
 40
71.63689573271764
  0
CIRCLE
  5
F3D
330
1F
100
AcDbEntity
  8
1R
100
AcDbCircle
 10
37048.95664036464
 20
5801.962801979922
 30
0.0
 40
107.5446367214853
  0
CIRCLE
  5
F3E
330
1F
100
AcDbEntity
  8
1R
100
AcDbCircle
 10
37249.69353258771
 20
5859.272318566241
 30
0.0
 40
71.63689573226299
  0
CIRCLE
  5
F3F
330
1F
100
AcDbEntity
  8
1R
100
AcDbCircle
 10
37816.09171426172
 20
5809.126491552839
 30
0.0
 40
71.63689573271764
  0
CIRCLE
  5
F40
330
1F
100
AcDbEntity
  8
1R
100
AcDbCircle
 10
37636.85660593394
 20
5837.781249846035
 30
0.0
 40
71.63689573271764
  0
TEXT
  5
F41
330
1F
100
AcDbEntity
  8
TG
100
AcDbText
 10
35863.91280733377
 20
3810.818111011091
 30
0.0
 40
250.0
  1
3-%%C10
  7
100CL
 11
35863.91280733377
 21
3935.818111011091
 31
0.0
100
AcDbText
 73
     2
  0
LINE
  5
F42
330
1F
100
AcDbEntity
  8
DEFPOINTS
 62
     8
100
AcDbLine
 10
34951.36894958502
 20
8534.864139878832
 30
0.0
 11
31491.24078267589
 21
8534.864139878832
 31
0.0
  0
CIRCLE
  5
F43
330
1F
100
AcDbEntity
  8
1R
100
AcDbCircle
 10
34449.12785045309
 20
6052.68548907869
 30
0.0
 40
129.0523734900137
  0
LINE
  5
F44
330
1F
100
AcDbEntity
  8
7W
 62
     8
100
AcDbLine
 10
34951.36894958502
 20
9568.082124663547
 30
0.0
 11
33392.82644887252
 21
9568.082124663547
 31
0.0
  0
LINE
  5
F45
330
1F
100
AcDbEntity
  8
7W
 62
     8
100
AcDbLine
 10
34951.36894958502
 20
9051.348374932628
 30
0.0
 11
31978.40003436985
 21
9051.348374932628
 31
0.0
  0
CIRCLE
  5
F46
330
1F
100
AcDbEntity
  8
1R
100
AcDbCircle
 10
32651.17511196092
 20
5988.215506901439
 30
0.0
 40
71.63689573271764
  0
CIRCLE
  5
F47
330
1F
100
AcDbEntity
  8
1R
100
AcDbCircle
 10
31855.35908712191
 20
6045.521799505319
 30
0.0
 40
107.5446367214853
  0
CIRCLE
  5
F48
330
1F
100
AcDbEntity
  8
1R
100
AcDbCircle
 10
31073.89544350227
 20
5988.215506901948
 30
0.0
 40
71.63689573226299
  0
CIRCLE
  5
F49
330
1F
100
AcDbEntity
  8
1R
100
AcDbCircle
 10
31654.6102891503
 20
5988.215506901439
 30
0.0
 40
71.63689573271764
  0
CIRCLE
  5
F4A
330
1F
100
AcDbEntity
  8
1R
100
AcDbCircle
 10
31245.95733765775
 20
5973.888127755587
 30
0.0
 40
71.63689573226299
  0
CIRCLE
  5
F4B
330
1F
100
AcDbEntity
  8
1R
100
AcDbCircle
 10
31174.26686605025
 20
6109.995005664629
 30
0.0
 40
71.63689573226299
  0
CIRCLE
  5
F4C
330
1F
100
AcDbEntity
  8
1R
100
AcDbCircle
 10
31446.69422987973
 20
6052.68548907869
 30
0.0
 40
129.0523734900137
  0
CIRCLE
  5
F4D
330
1F
100
AcDbEntity
  8
1R
100
AcDbCircle
 10
32242.52216046808
 20
5973.888127755587
 30
0.0
 40
71.63689573226299
  0
CIRCLE
  5
F4E
330
1F
100
AcDbEntity
  8
1R
100
AcDbCircle
 10
32063.28705214037
 20
5973.888127755587
 30
0.0
 40
71.63689573226299
  0
CIRCLE
  5
F4F
330
1F
100
AcDbEntity
  8
1R
100
AcDbCircle
 10
32443.25905269035
 20
6052.68548907869
 30
0.0
 40
129.0523734900137
  0
CIRCLE
  5
F50
330
1F
100
AcDbEntity
  8
1R
100
AcDbCircle
 10
32156.49121339055
 20
6109.995005664629
 30
0.0
 40
71.63689573226299
  0
CIRCLE
  5
F51
330
1F
100
AcDbEntity
  8
1R
100
AcDbCircle
 10
33452.56302764247
 20
6052.68548907869
 30
0.0
 40
129.0523734900137
  0
CIRCLE
  5
F52
330
1F
100
AcDbEntity
  8
1R
100
AcDbCircle
 10
32851.92390993246
 20
6045.521799505319
 30
0.0
 40
107.5446367214853
  0
CIRCLE
  5
F53
330
1F
100
AcDbEntity
  8
1R
100
AcDbCircle
 10
33079.76424126508
 20
5988.215506901948
 30
0.0
 40
71.63689573226299
  0
CIRCLE
  5
F54
330
1F
100
AcDbEntity
  8
1R
100
AcDbCircle
 10
33251.82613542057
 20
5973.888127755587
 30
0.0
 40
71.63689573226299
  0
CIRCLE
  5
F55
330
1F
100
AcDbEntity
  8
1R
100
AcDbCircle
 10
33180.13566381328
 20
6109.995005664629
 30
0.0
 40
71.63689573226299
  0
CIRCLE
  5
F56
330
1F
100
AcDbEntity
  8
1R
100
AcDbCircle
 10
33861.22788488487
 20
6045.521799505319
 30
0.0
 40
107.5446367214853
  0
CIRCLE
  5
F57
330
1F
100
AcDbEntity
  8
1R
100
AcDbCircle
 10
33660.47908691327
 20
5988.215506901439
 30
0.0
 40
71.63689573271764
  0
CIRCLE
  5
F58
330
1F
100
AcDbEntity
  8
1R
100
AcDbCircle
 10
34069.15584990304
 20
5973.888127755587
 30
0.0
 40
71.63689573226299
  0
CIRCLE
  5
F59
330
1F
100
AcDbEntity
  8
1R
100
AcDbCircle
 10
34248.39095823089
 20
5973.888127755587
 30
0.0
 40
71.63689573226299
  0
CIRCLE
  5
F5A
330
1F
100
AcDbEntity
  8
1R
100
AcDbCircle
 10
34162.3600111533
 20
6109.995005664629
 30
0.0
 40
71.63689573226299
  0
TEXT
  5
F5B
330
1F
100
AcDbEntity
  8
DEFPOINTS
100
AcDbText
 10
36002.58970557068
 20
7691.903948234716
 30
0.0
 40
250.0
  1
500
 50
32.73522499976669
  7
ROMANSIM
 72
     1
 11
36235.4158973432
 21
7990.178963669915
 31
0.0
100
AcDbText
 73
     2
  0
CIRCLE
  5
F5C
330
1F
100
AcDbEntity
  8
1R
100
AcDbCircle
 10
36124.0703834119
 20
5973.888127755587
 30
0.0
 40
71.63689573226299
  0
CIRCLE
  5
F5D
330
1F
100
AcDbEntity
  8
1R
100
AcDbCircle
 10
35335.43352561975
 20
6045.521799505319
 30
0.0
 40
107.5446367214853
  0
CIRCLE
  5
F5E
330
1F
100
AcDbEntity
  8
1R
100
AcDbCircle
 10
34657.04390972359
 20
5988.215506901439
 30
0.0
 40
71.63689573271764
  0
CIRCLE
  5
F5F
330
1F
100
AcDbEntity
  8
1R
100
AcDbCircle
 10
34857.7927076952
 20
6045.521799505319
 30
0.0
 40
107.5446367214853
  0
CIRCLE
  5
F60
330
1F
100
AcDbEntity
  8
1R
100
AcDbCircle
 10
35744.09838286215
 20
6052.68548907869
 30
0.0
 40
129.0523734900137
  0
CIRCLE
  5
F61
330
1F
100
AcDbEntity
  8
1R
100
AcDbCircle
 10
35536.18232359128
 20
5988.215506901439
 30
0.0
 40
71.63689573271764
  0
CIRCLE
  5
F62
330
1F
100
AcDbEntity
  8
1R
100
AcDbCircle
 10
35944.83527508405
 20
5973.888127755587
 30
0.0
 40
71.63689573226299
  0
CIRCLE
  5
F63
330
1F
100
AcDbEntity
  8
1R
100
AcDbCircle
 10
36030.86622216194
 20
6109.995005664629
 30
0.0
 40
71.63689573226299
  0
TEXT
  5
F64
330
1F
100
AcDbEntity
  8
DEFPOINTS
100
AcDbText
 10
35037.93966136155
 20
7617.666015152798
 30
0.0
 40
250.0
  1
800
 50
0.0000099999488962
  7
ROMANSIM
 72
     1
 11
35395.08249668791
 21
7742.666077485664
 31
0.0
100
AcDbText
 73
     2
  0
CIRCLE
  5
F65
330
1F
100
AcDbEntity
  8
1R
100
AcDbCircle
 10
37113.46199205015
 20
5988.215506901948
 30
0.0
 40
71.63689573226299
  0
CIRCLE
  5
F66
330
1F
100
AcDbEntity
  8
1R
100
AcDbCircle
 10
37013.09056950195
 20
6109.995005664629
 30
0.0
 40
71.63689573226299
  0
CIRCLE
  5
F67
330
1F
100
AcDbEntity
  8
1R
100
AcDbCircle
 10
36331.99834843029
 20
6045.521799505319
 30
0.0
 40
107.5446367214853
  0
CIRCLE
  5
F68
330
1F
100
AcDbEntity
  8
1R
100
AcDbCircle
 10
36532.7471464019
 20
5988.215506901439
 30
0.0
 40
71.63689573271764
  0
CIRCLE
  5
F69
330
1F
100
AcDbEntity
  8
1R
100
AcDbCircle
 10
36941.40009789466
 20
5973.888127755587
 30
0.0
 40
71.63689573226299
  0
CIRCLE
  5
F6A
330
1F
100
AcDbEntity
  8
1R
100
AcDbCircle
 10
36740.66320567247
 20
6052.68548907869
 30
0.0
 40
129.0523734900137
  0
CIRCLE
  5
F6B
330
1F
100
AcDbEntity
  8
1R
100
AcDbCircle
 10
37522.1447079142
 20
5988.215506901439
 30
0.0
 40
71.63689573271764
  0
CIRCLE
  5
F6C
330
1F
100
AcDbEntity
  8
1R
100
AcDbCircle
 10
37321.39590994259
 20
6045.521799505319
 30
0.0
 40
107.5446367214853
  0
CIRCLE
  5
F6D
330
1F
100
AcDbEntity
  8
1R
100
AcDbCircle
 10
37730.0607671847
 20
6052.68548907869
 30
0.0
 40
129.0523734900137
  0
TEXT
  5
F6E
330
1F
100
AcDbEntity
  8
TG
100
AcDbText
 10
35027.27959487894
 20
9476.37237626354
 30
0.0
 40
250.0
  1
t (SEE TABLE)
  7
ROMANSIM
 11
35027.27959487894
 21
9601.37237626354
 31
0.0
100
AcDbText
 73
     2
  0
LINE
  5
F6F
330
1F
100
AcDbEntity
  8
DEFPOINTS
  6
Continuous
100
AcDbLine
 10
35760.27126862523
 20
7957.789442623689
 30
0.0
 11
35029.89372409939
 21
7957.789442623689
 31
0.0
  0
LINE
  5
F70
330
1F
100
AcDbEntity
  8
DEFPOINTS
  6
Continuous
100
AcDbLine
 10
36186.20762382591
 20
8231.605671292637
 30
0.0
 11
35760.27126862523
 21
7957.789442623689
 31
0.0
  0
LINE
  5
F71
330
1F
100
AcDbEntity
  8
7W
 62
     8
100
AcDbLine
 10
41610.82108195305
 20
6184.28951955501
 30
0.0
 11
42908.97665494094
 21
3935.818111011091
 31
0.0
1001
ACAD
1000
ASC_BOUNDS
1002
{
1070
    19
1002
}
  0
LINE
  5
F72
330
1F
100
AcDbEntity
  8
7W
 62
     8
100
AcDbLine
 10
39386.46619437168
 20
6018.29302452296
 30
0.0
 11
38166.58115805521
 21
3905.390162229602
 31
0.0
1001
ACAD
1000
ASC_BOUNDS
1002
{
1070
    19
1002
}
  0
CIRCLE
  5
F73
330
1F
100
AcDbEntity
  8
7W
 62
     8
100
AcDbCircle
 10
39541.33466001193
 20
5928.87967419662
 30
0.0
 40
178.8267006527184
  0
CIRCLE
  5
F74
330
1F
100
AcDbEntity
  8
1R
100
AcDbCircle
 10
38447.01310624413
 20
5816.290181126266
 30
0.0
 40
107.5446367214853
  0
CIRCLE
  5
F75
330
1F
100
AcDbEntity
  8
1R
100
AcDbCircle
 10
38253.42561669634
 20
5859.272318566241
 30
0.0
 40
71.63689573226299
  0
CIRCLE
  5
F76
330
1F
100
AcDbEntity
  8
1R
100
AcDbCircle
 10
39042.08628598558
 20
5801.962801979922
 30
0.0
 40
107.5446367214853
  0
CIRCLE
  5
F77
330
1F
100
AcDbEntity
  8
1R
100
AcDbCircle
 10
38819.82379837006
 20
5809.126491552839
 30
0.0
 40
71.63689573271764
  0
CIRCLE
  5
F78
330
1F
100
AcDbEntity
  8
1R
100
AcDbCircle
 10
38640.58869004236
 20
5837.781249846035
 30
0.0
 40
71.63689573271764
  0
LINE
  5
F79
330
1F
100
AcDbEntity
  8
2Y
100
AcDbLine
 10
39350.99073559818
 20
5688.573992239659
 30
0.0
 11
38851.08807664395
 21
6188.476651193838
 31
0.0
  0
CIRCLE
  5
F7A
330
1F
100
AcDbEntity
  8
1R
100
AcDbCircle
 10
43064.73550107943
 20
5837.781249846035
 30
0.0
 40
71.63689573271764
  0
CIRCLE
  5
F7B
330
1F
100
AcDbEntity
  8
1R
100
AcDbCircle
 10
42254.57900076917
 20
5816.290181126266
 30
0.0
 40
107.5446367214853
  0
CIRCLE
  5
F7C
330
1F
100
AcDbEntity
  8
1R
100
AcDbCircle
 10
41659.50582102758
 20
5801.962801979922
 30
0.0
 40
107.5446367214853
  0
CIRCLE
  5
F7D
330
1F
100
AcDbEntity
  8
1R
100
AcDbCircle
 10
41881.76830864295
 20
5809.126491552839
 30
0.0
 40
71.63689573271764
  0
CIRCLE
  5
F7E
330
1F
100
AcDbEntity
  8
1R
100
AcDbCircle
 10
42061.0034169708
 20
5837.781249846035
 30
0.0
 40
71.63689573271764
  0
LINE
  5
F7F
330
1F
100
AcDbEntity
  8
2Y
100
AcDbLine
 10
41350.6013714152
 20
5688.573992239659
 30
0.0
 11
41850.50403036914
 21
6188.476651193838
 31
0.0
  0
CIRCLE
  5
F80
330
1F
100
AcDbEntity
  8
1R
100
AcDbCircle
 10
42663.23790513621
 20
5801.962801979922
 30
0.0
 40
107.5446367214853
  0
CIRCLE
  5
F81
330
1F
100
AcDbEntity
  8
1R
100
AcDbCircle
 10
42448.166490317
 20
5859.272318566241
 30
0.0
 40
71.63689573226299
  0
CIRCLE
  5
F82
330
1F
100
AcDbEntity
  8
1R
100
AcDbCircle
 10
42885.50039275158
 20
5809.126491552839
 30
0.0
 40
71.63689573271764
  0
CIRCLE
  5
F83
330
1F
100
AcDbEntity
  8
1R
100
AcDbCircle
 10
43451.89857442563
 20
5859.272318566241
 30
0.0
 40
71.63689573226299
  0
CIRCLE
  5
F84
330
1F
100
AcDbEntity
  8
1R
100
AcDbCircle
 10
43258.31108487784
 20
5816.290181126266
 30
0.0
 40
107.5446367214853
  0
CIRCLE
  5
F85
330
1F
100
AcDbEntity
  8
1R
100
AcDbCircle
 10
44505.71480881236
 20
5859.272318566241
 30
0.0
 40
71.63689573226299
  0
CIRCLE
  5
F86
330
1F
100
AcDbEntity
  8
1R
100
AcDbCircle
 10
44699.30229836029
 20
5816.290181126266
 30
0.0
 40
107.5446367214853
  0
CIRCLE
  5
F87
330
1F
100
AcDbEntity
  8
1R
100
AcDbCircle
 10
44892.87788215866
 20
5837.781249846035
 30
0.0
 40
71.63689573271764
  0
DIMENSION
  5
F88
330
1F
100
AcDbEntity
  8
DIM
100
AcDbDimension
280
     0
  2
*D66
 10
41350.60137141516
 20
3572.222450070432
 30
0.0
 11
40350.79605350664
 21
3572.222450070432
 31
0.0
 70
   160
  1
400
 71
     5
 42
1999.610635816985
 73
     0
 74
     0
 75
     0
  3
DIM100
100
AcDbAlignedDimension
 13
39350.99073559818
 23
5688.573992239659
 33
0.0
 14
41350.60137141516
 24
5688.573992239659
 34
0.0
100
AcDbRotatedDimension
  0
LINE
  5
F89
330
1F
100
AcDbEntity
  8
2Y
100
AcDbLine
 10
39350.99073559818
 20
5688.573992239659
 30
0.0
 11
41350.6013714152
 21
5688.573992239659
 31
0.0
1001
ACAD
1000
ASC_BOUNDS
1002
{
1070
    19
1002
}
  0
LINE
  5
F8A
330
1F
100
AcDbEntity
  8
7W
 62
     8
100
AcDbLine
 10
42908.97665494094
 20
3935.818111011091
 30
0.0
 11
43873.13253002185
 21
3935.818111011091
 31
0.0
  0
LINE
  5
F8B
330
1F
100
AcDbEntity
  8
4C
100
AcDbLine
 10
41271.04485459133
 20
5844.513292193266
 30
0.0
 11
42239.26550773651
 21
6812.733945338537
 31
0.0
  0
LINE
  5
F8C
330
1F
100
AcDbEntity
  8
2Y
100
AcDbLine
 10
40484.05488383396
 20
9187.892604919385
 30
0.0
 11
40484.05488383389
 21
7188.281969102414
 31
0.0
1001
ACAD
1000
ASC_BOUNDS
1002
{
1070
    19
1002
}
  0
LINE
  5
F8D
330
1F
100
AcDbEntity
  8
2Y
100
AcDbLine
 10
40234.10355435685
 20
9187.892604919385
 30
0.0
 11
40234.10355435685
 21
7188.281969102414
 31
0.0
1001
ACAD
1000
ASC_BOUNDS
1002
{
1070
    19
1002
}
  0
LINE
  5
F8E
330
1F
100
AcDbEntity
  8
4C
100
AcDbLine
 10
39505.14447389535
 20
5829.871482305794
 30
0.0
 11
41235.69639858339
 21
5829.871482305794
 31
0.0
  0
LINE
  5
F8F
330
1F
100
AcDbEntity
  8
4C
100
AcDbLine
 10
39469.79601788735
 20
5844.513292193266
 30
0.0
 11
38501.57536474188
 21
6812.733945338537
 31
0.0
  0
CIRCLE
  5
F90
330
1F
100
AcDbEntity
  8
1R
100
AcDbCircle
 10
38733.79285129341
 20
6052.68548907869
 30
0.0
 40
129.0523734900137
  0
CIRCLE
  5
F91
330
1F
100
AcDbEntity
  8
1R
100
AcDbCircle
 10
38525.87679202283
 20
5988.215506901439
 30
0.0
 40
71.63689573271764
  0
CIRCLE
  5
F92
330
1F
100
AcDbEntity
  8
1R
100
AcDbCircle
 10
38110.02681486047
 20
5988.215506901948
 30
0.0
 40
71.63689573226299
  0
CIRCLE
  5
F93
330
1F
100
AcDbEntity
  8
1R
100
AcDbCircle
 10
38325.12799405122
 20
6045.521799505319
 30
0.0
 40
107.5446367214853
  0
CIRCLE
  5
F94
330
1F
100
AcDbEntity
  8
1R
100
AcDbCircle
 10
38934.5297435156
 20
5973.888127755587
 30
0.0
 40
71.63689573226299
  0
INSERT
  5
F95
330
1F
100
AcDbEntity
  8
3G
100
AcDbBlockReference
  2
DOT
 10
39540.90653588174
 20
5929.884236348795
 30
0.0
 41
0.9998053179151611
 42
0.9998053179151611
 43
0.9998053179151611
  0
ARC
  5
F96
330
1F
100
AcDbEntity
  8
4C
100
AcDbCircle
 10
39505.14447389535
 20
5879.861748201225
 30
0.0
 40
49.99026589542484
100
AcDbArc
 50
224.9999999997788
 51
270.0
  0
INSERT
  5
F97
330
1F
100
AcDbEntity
  8
3G
100
AcDbBlockReference
  2
DOT
 10
40358.14149860402
 20
5929.884236348795
 30
0.0
 41
0.9998053179151611
 42
0.9998053179151611
 43
0.9998053179151611
  0
INSERT
  5
F98
330
1F
100
AcDbEntity
  8
3G
100
AcDbBlockReference
  2
DOT
 10
41200.37159427404
 20
5929.884236348795
 30
0.0
 41
0.9998053179151611
 42
0.9998053179151611
 43
0.9998053179151611
  0
ARC
  5
F99
330
1F
100
AcDbEntity
  8
4C
100
AcDbCircle
 10
41235.69639858339
 20
5879.861748201225
 30
0.0
 40
49.99026589542484
100
AcDbArc
 50
270.0
 51
315.0000000002211
  0
LINE
  5
F9A
330
1F
100
AcDbEntity
  8
2Y
100
AcDbLine
 10
40734.00621331108
 20
7188.281969102397
 30
0.0
 11
39984.15222487966
 21
7188.281969102397
 31
0.0
  0
LINE
  5
F9B
330
1F
100
AcDbEntity
  8
2Y
100
AcDbLine
 10
40734.00621331108
 20
9437.843934396502
 30
0.0
 11
39984.15222487973
 21
9437.843934396502
 31
0.0
  0
LINE
  5
F9C
330
1F
100
AcDbEntity
  8
2Y
100
AcDbLine
 10
40734.00621331108
 20
9187.892604919385
 30
0.0
 11
39984.15222487966
 21
9187.892604919385
 31
0.0
  0
CIRCLE
  5
F9D
330
1F
100
AcDbEntity
  8
1R
100
AcDbCircle
 10
43179.44739909888
 20
5988.215506901439
 30
0.0
 40
71.63689573271764
  0
LINE
  5
F9E
330
1F
100
AcDbEntity
  8
2Y
100
AcDbLine
 10
41850.50403036943
 20
6188.476651193983
 30
0.0
 11
43493.76514312133
 21
6188.476651194056
 31
0.0
  0
CIRCLE
  5
F9F
330
1F
100
AcDbEntity
  8
1R
100
AcDbCircle
 10
42376.46411296215
 20
6045.521799505319
 30
0.0
 40
107.5446367214853
  0
LINE
  5
FA0
330
1F
100
AcDbEntity
  8
4C
100
AcDbLine
 10
42239.26550773651
 20
6812.733945338537
 30
0.0
 11
42965.78681561443
 21
6812.733945338537
 31
0.0
  0
CIRCLE
  5
FA1
330
1F
100
AcDbEntity
  8
1R
100
AcDbCircle
 10
42175.71531499054
 20
5988.215506901439
 30
0.0
 40
71.63689573271764
  0
CIRCLE
  5
FA2
330
1F
100
AcDbEntity
  8
1R
100
AcDbCircle
 10
41767.06236349777
 20
5973.888127755587
 30
0.0
 40
71.63689573226299
  0
CIRCLE
  5
FA3
330
1F
100
AcDbEntity
  8
1R
100
AcDbCircle
 10
41967.79925571967
 20
6052.68548907869
 30
0.0
 40
129.0523734900137
  0
SOLID
  5
FA4
330
1F
100
AcDbEntity
  8
7W
 62
     8
100
AcDbTrace
 10
41828.28501091644
 20
5920.130945778143
 30
0.0
 11
41730.85715299079
 21
5863.88094577797
 31
0.0
 12
41610.82108195309
 22
6184.289519555018
 32
0.0
 13
41610.82108195309
 23
6184.289519555018
 33
0.0
  0
CIRCLE
  5
FA5
330
1F
100
AcDbEntity
  8
1R
100
AcDbCircle
 10
42591.56529215261
 20
5988.215506901948
 30
0.0
 40
71.63689573226299
  0
CIRCLE
  5
FA6
330
1F
100
AcDbEntity
  8
1R
100
AcDbCircle
 10
42770.79444760619
 20
5973.888127755587
 30
0.0
 40
71.63689573226299
  0
CIRCLE
  5
FA7
330
1F
100
AcDbEntity
  8
1R
100
AcDbCircle
 10
42684.76945340275
 20
6117.158695238
 30
0.0
 40
71.63689573226299
  0
CIRCLE
  5
FA8
330
1F
100
AcDbEntity
  8
1R
100
AcDbCircle
 10
42971.53133982838
 20
6052.68548907869
 30
0.0
 40
129.0523734900137
  0
LWPOLYLINE
  5
FA9
330
1F
100
AcDbEntity
  8
2Y
100
AcDbPolyline
 90
        6
 70
     0
 43
0.0
 10
44474.78875272461
 20
6938.330639625374
 10
44445.37323538201
 20
6718.829591694635
 10
44475.07744771037
 20
6622.364185721799
 10
44445.37323538201
 20
6488.796973964446
 10
44452.79942525655
 20
6310.707595265527
 10
44474.78875272461
 20
6188.476651193979
  0
LWPOLYLINE
  5
FAA
330
1F
100
AcDbEntity
  8
2Y
100
AcDbPolyline
 90
        6
 70
     0
 43
0.0
 10
43493.76514312133
 20
6938.330639625374
 10
43523.18066046415
 20
6718.829591694635
 10
43493.47644813572
 20
6622.364185721799
 10
43523.18066046415
 20
6488.796973964446
 10
43515.75447058951
 20
6310.707595265527
 10
43493.76514312133
 20
6188.476651193979
  0
CIRCLE
  5
FAB
330
1F
100
AcDbEntity
  8
1R
100
AcDbCircle
 10
43380.19619707049
 20
6045.521799505319
 30
0.0
 40
107.5446367214853
  0
LWPOLYLINE
  5
FAC
330
1F
100
AcDbEntity
  8
2Y
100
AcDbPolyline
 90
        7
 70
     0
 43
0.0
 10
43504.47654071386
 20
6572.901446953107
 10
43523.86024547921
 20
6606.073871417653
 10
43553.94255220794
 20
6593.191058050066
 10
43560.38876079272
 20
6535.219108828515
 10
43538.90139884354
 20
6524.483667999767
 10
43521.71150928427
 20
6548.101922196176
 10
43504.47654071386
 20
6572.901446953107
  0
CIRCLE
  5
FAD
330
1F
100
AcDbEntity
  8
1R
100
AcDbCircle
 10
44778.16598413892
 20
5988.215506901439
 30
0.0
 40
71.63689573271764
  0
CIRCLE
  5
FAE
330
1F
100
AcDbEntity
  8
1R
100
AcDbCircle
 10
44577.41718616731
 20
6045.521799505319
 30
0.0
 40
107.5446367214853
  0
LWPOLYLINE
  5
FAF
330
1F
100
AcDbEntity
  8
2Y
100
AcDbPolyline
 90
        7
 70
     0
 43
0.0
 10
44464.07735513219
 20
6572.901446953107
 10
44444.69365036685
 20
6606.073871417653
 10
44414.61134363808
 20
6593.191058050066
 10
44408.16513505326
 20
6535.219108828515
 10
44429.65249700248
 20
6524.483667999767
 10
44446.84238656178
 20
6548.101922196176
 10
44464.07735513219
 20
6572.901446953107
  0
TEXT
  5
FB0
330
1F
100
AcDbEntity
  8
TG
100
AcDbText
 10
48789.83698539347
 20
9659.822246390721
 30
0.0
 40
250.0
  1
f'm=1000 psi
  7
ROMANSIM
 11
48789.83698539347
 21
9784.822246390721
 31
0.0
100
AcDbText
 73
     2
  0
DIMENSION
  5
FB1
330
1F
100
AcDbEntity
  8
DIM
100
AcDbDimension
280
     0
  2
*D67
 10
25037.06272214772
 20
25109.75915144808
 30
0.0
 11
30136.06984348105
 21
25334.75915144808
 31
0.0
 70
    32
  1
TREADS
 71
     5
 42
10198.01424266665
 73
     0
 74
     0
 75
     0
  3
DIM100
100
AcDbAlignedDimension
 13
35235.07696481437
 23
14436.87052393901
 33
0.0
 14
25037.06272214772
 24
21935.41040825272
 34
0.0
100
AcDbRotatedDimension
  0
DIMENSION
  5
FB2
330
1F
100
AcDbEntity
  8
DIM
100
AcDbDimension
280
     0
  2
*D68
 10
39984.15222487963
 20
17593.5140863317
 30
0.0
 11
29291.53345326812
 21
17593.5140863317
 31
0.0
 70
    32
  1
S T A I R  S P A N\X( S E E   T A B L E )
 71
     5
 42
21385.23754322301
 73
     0
 74
     0
 75
     0
  3
DIM100
100
AcDbAlignedDimension
 13
18598.91468165661
 23
16206.04788806589
 33
0.0
 14
39984.15222487963
 24
16192.70490424299
 34
0.0
100
AcDbRotatedDimension
  0
LINE
  5
FB3
330
1F
100
AcDbEntity
  8
2Y
100
AcDbLine
 10
30036.08931169016
 20
11104.18613024424
 30
0.0
 11
31410.82162381434
 21
11104.18613024424
 31
0.0
  0
LINE
  5
FB4
330
1F
100
AcDbEntity
  8
SHE
  6
HIDDEN
100
AcDbLine
 10
35011.76077294324
 20
13687.01653550763
 30
0.0
 11
23538.99474936771
 21
21185.55641982128
 31
0.0
  0
TEXT
  5
FB5
330
1F
100
AcDbEntity
  8
TG
100
AcDbText
 10
28596.83615831404
 20
12991.6029039778
 30
0.0
 40
250.0
  1
MAIN REINF. (a)
  7
ROMANSIM
 11
28596.83615831404
 21
13116.6029039778
 31
0.0
100
AcDbText
 73
     2
  0
LINE
  5
FB6
330
1F
100
AcDbEntity
  8
7W
 62
     8
100
AcDbLine
 10
31282.81817547352
 20
10244.29968304656
 30
0.0
 11
30874.3860278692
 21
10951.72491414178
 31
0.0
  0
LINE
  5
FB7
330
1F
100
AcDbEntity
  8
SHE
  6
HIDDEN
100
AcDbLine
 10
31510.8021556052
 20
17769.55491663366
 30
0.0
 11
30136.06984348103
 21
17769.55491663366
 31
0.0
  0
LINE
  5
FB8
330
1F
100
AcDbEntity
  8
SHE
  6
HIDDEN
100
AcDbLine
 10
30136.06984348103
 20
17769.55491663366
 30
0.0
 11
30236.05037527189
 21
18602.72601455796
 31
0.0
  0
TEXT
  5
FB9
330
1F
100
AcDbEntity
  8
TG
100
AcDbText
 10
23373.60368447786
 20
10369.47358035381
 30
0.0
 40
250.0
  1
MAIN REINF. (a)
  7
ROMANSIM
 11
23373.60368447786
 21
10494.47358035381
 31
0.0
100
AcDbText
 73
     2
  0
LINE
  5
FBA
330
1F
100
AcDbEntity
  8
2Y
100
AcDbLine
 10
18348.96335217942
 20
15936.57850080168
 30
0.0
 11
18348.96335217942
 21
13936.96786498469
 31
0.0
1001
ACAD
1000
ASC_BOUNDS
1002
{
1070
    19
1002
}
  0
LINE
  5
FBB
330
1F
100
AcDbEntity
  8
2Y
100
AcDbLine
 10
18099.0120227023
 20
15936.57850080168
 30
0.0
 11
18099.0120227023
 21
13936.96786498469
 31
0.0
1001
ACAD
1000
ASC_BOUNDS
1002
{
1070
    19
1002
}
  0
LINE
  5
FBC
330
1F
100
AcDbEntity
  8
2Y
100
AcDbLine
 10
18099.0120227023
 20
13687.01653550759
 30
0.0
 11
18099.0120227023
 21
11687.40589969059
 31
0.0
1001
ACAD
1000
ASC_BOUNDS
1002
{
1070
    19
1002
}
  0
LINE
  5
FBD
330
1F
100
AcDbEntity
  8
2Y
100
AcDbLine
 10
18348.96335217942
 20
13687.01653550758
 30
0.0
 11
18348.96335217942
 21
11687.40589969059
 31
0.0
1001
ACAD
1000
ASC_BOUNDS
1002
{
1070
    19
1002
}
  0
LINE
  5
FBE
330
1F
100
AcDbEntity
  8
2Y
100
AcDbLine
 10
18598.91468165661
 20
11437.45457021347
 30
0.0
 11
17849.06069322526
 21
11437.45457021349
 31
0.0
  0
LINE
  5
FBF
330
1F
100
AcDbEntity
  8
2Y
100
AcDbLine
 10
18598.91468165668
 20
11687.40589969059
 30
0.0
 11
17849.06069322526
 21
11687.40589969059
 31
0.0
  0
LINE
  5
FC0
330
1F
100
AcDbEntity
  8
2Y
100
AcDbLine
 10
18598.91468165661
 20
13687.01653550758
 30
0.0
 11
17849.06069322533
 21
13687.01653550759
 31
0.0
  0
LINE
  5
FC1
330
1F
100
AcDbEntity
  8
2Y
100
AcDbLine
 10
18598.91468165668
 20
13936.96786498469
 30
0.0
 11
17849.06069322533
 21
13936.96786498469
 31
0.0
  0
LINE
  5
FC2
330
1F
100
AcDbEntity
  8
2Y
100
AcDbLine
 10
18099.0120227023
 20
18186.14046609579
 30
0.0
 11
18099.0120227023
 21
16186.52983027878
 31
0.0
1001
ACAD
1000
ASC_BOUNDS
1002
{
1070
    19
1002
}
  0
LINE
  5
FC3
330
1F
100
AcDbEntity
  8
2Y
100
AcDbLine
 10
18348.96335217942
 20
18186.14046609577
 30
0.0
 11
18348.96335217942
 21
16186.52983027878
 31
0.0
1001
ACAD
1000
ASC_BOUNDS
1002
{
1070
    19
1002
}
  0
LINE
  5
FC4
330
1F
100
AcDbEntity
  8
2Y
100
AcDbLine
 10
18598.91468165668
 20
15936.57850080168
 30
0.0
 11
17849.06069322533
 21
15936.57850080168
 31
0.0
  0
LINE
  5
FC5
330
1F
100
AcDbEntity
  8
2Y
100
AcDbLine
 10
18598.91468165676
 20
16186.5298302788
 30
0.0
 11
17849.06069322533
 21
16186.5298302788
 31
0.0
  0
LINE
  5
FC6
330
1F
100
AcDbEntity
  8
2Y
100
AcDbLine
 10
18598.91468165676
 20
18186.14046609579
 30
0.0
 11
17849.06069322541
 21
18186.14046609579
 31
0.0
  0
TEXT
  5
FC7
330
1F
100
AcDbEntity
  8
TG
100
AcDbText
 10
28604.22452405263
 20
13962.6986028032
 30
0.0
 40
250.0
  1
SECONDARY 
  7
ROMANSIM
 11
28604.22452405263
 21
14087.6986028032
 31
0.0
100
AcDbText
 73
     2
  0
TEXT
  5
FC8
330
1F
100
AcDbEntity
  8
TG
100
AcDbText
 10
26032.97164084696
 20
11392.91247615824
 30
0.0
 40
250.0
  1
REINF. (b)
  7
ROMANSIM
 11
26032.97164084696
 21
11517.91247615824
 31
0.0
100
AcDbText
 73
     2
  0
TEXT
  5
FC9
330
1F
100
AcDbEntity
  8
TG
100
AcDbText
 10
26017.35918419735
 20
11776.70984292058
 30
0.0
 40
250.0
  1
SECONDARY 
  7
ROMANSIM
 11
26017.35918419735
 21
11901.70984292058
 31
0.0
100
AcDbText
 73
     2
  0
LINE
  5
FCA
330
1F
100
AcDbEntity
  8
7W
 62
     8
100
AcDbLine
 10
26523.92049139796
 20
10507.00246537607
 30
0.0
 11
27069.57518849464
 21
10507.00246537607
 31
0.0
  0
LINE
  5
FCB
330
1F
100
AcDbEntity
  8
2Y
100
AcDbLine
 10
28761.33753135678
 20
10271.01503231992
 30
0.0
 11
30136.06984348103
 21
10271.01503231992
 31
0.0
  0
LINE
  5
FCC
330
1F
100
AcDbEntity
  8
7W
 62
     8
100
AcDbLine
 10
28089.05867964656
 20
11530.4413611805
 30
0.0
 11
28953.83400379237
 21
11530.44136118051
 31
0.0
  0
LINE
  5
FCD
330
1F
100
AcDbEntity
  8
2Y
100
AcDbLine
 10
30136.06984348103
 20
10271.01503231992
 30
0.0
 11
30036.08931169016
 21
11104.18613024424
 31
0.0
  0
INSERT
  5
FCE
330
1F
100
AcDbEntity
  8
3G
100
AcDbBlockReference
  2
DOT
 10
30313.42394209104
 20
10902.53740878367
 30
0.0
 41
0.7498539884545608
 42
0.7498539884545608
 43
0.7498539884545608
  0
TEXT
  5
FCF
330
1F
100
AcDbEntity
  8
TG
100
AcDbText
 10
28611.36100154022
 20
13547.06763774883
 30
0.0
 40
250.0
  1
REINF. (b)
  7
ROMANSIM
 11
28611.36100154022
 21
13672.06763774883
 31
0.0
100
AcDbText
 73
     2
  0
LINE
  5
FD0
330
1F
100
AcDbEntity
  8
2Y
100
AcDbLine
 10
18598.91468165661
 20
21185.55641982136
 30
0.0
 11
25258.8901389303
 21
21185.55641982136
 31
0.0
  0
INSERT
  5
FD1
330
1F
100
AcDbEntity
  8
1R
100
AcDbBlockReference
  2
*X6
 10
-78482.09525426828
 20
-55714.95810179792
 30
0.0
 41
0.5998831907345448
 42
0.5998831907345448
 43
0.5998831907345448
1001
ACAD
1000
HATCH
1002
{
1070
    19
1000
_U
1040
500.0
1040
0.7853981633974483
1002
}
  0
LINE
  5
FD2
330
1F
100
AcDbEntity
  8
2Y
100
AcDbLine
 10
18348.96335217942
 20
24184.97237354682
 30
0.0
 11
18348.96335217942
 21
22185.36173772984
 31
0.0
1001
ACAD
1000
ASC_BOUNDS
1002
{
1070
    19
1002
}
  0
LINE
  5
FD3
330
1F
100
AcDbEntity
  8
2Y
100
AcDbLine
 10
18099.0120227023
 20
24184.97237354682
 30
0.0
 11
18099.0120227023
 21
22185.36173772984
 31
0.0
1001
ACAD
1000
ASC_BOUNDS
1002
{
1070
    19
1002
}
  0
LINE
  5
FD4
330
1F
100
AcDbEntity
  8
2Y
100
AcDbLine
 10
17849.06069322519
 20
24934.8263619782
 30
0.0
 11
17849.06069322519
 21
21935.41040825273
 31
0.0
  0
LINE
  5
FD5
330
1F
100
AcDbEntity
  8
2Y
100
AcDbLine
 10
18598.91468165661
 20
24934.8263619782
 30
0.0
 11
18598.91468165661
 21
21935.41040825273
 31
0.0
  0
LINE
  5
FD6
330
1F
100
AcDbEntity
  8
2Y
100
AcDbLine
 10
18598.91468165661
 20
21185.55641982136
 30
0.0
 11
18598.91468165661
 21
18935.99445452716
 31
0.0
  0
LINE
  5
FD7
330
1F
100
AcDbEntity
  8
2Y
100
AcDbLine
 10
18598.91468165661
 20
18811.01878978862
 30
0.0
 11
17849.06069322519
 21
18811.01878978862
 31
0.0
1001
ACAD
1000
ASC_BOUNDS
1002
{
1070
    19
1002
}
  0
LINE
  5
FD8
330
1F
100
AcDbEntity
  8
2Y
100
AcDbLine
 10
18598.91468165676
 20
22185.36173772982
 30
0.0
 11
17849.06069322533
 21
22185.36173772982
 31
0.0
  0
LINE
  5
FD9
330
1F
100
AcDbEntity
  8
2Y
100
AcDbLine
 10
18348.96335217942
 20
24934.8263619782
 30
0.0
 11
18348.96335217942
 21
24434.9237030239
 31
0.0
1001
ACAD
1000
ASC_BOUNDS
1002
{
1070
    19
1002
}
  0
LINE
  5
FDA
330
1F
100
AcDbEntity
  8
2Y
100
AcDbLine
 10
18099.0120227023
 20
24934.8263619782
 30
0.0
 11
18099.0120227023
 21
24434.9237030239
 31
0.0
1001
ACAD
1000
ASC_BOUNDS
1002
{
1070
    19
1002
}
  0
LINE
  5
FDB
330
1F
100
AcDbEntity
  8
2Y
100
AcDbLine
 10
18598.91468165683
 20
24434.92370302391
 30
0.0
 11
17849.06069322548
 21
24434.92370302391
 31
0.0
  0
LINE
  5
FDC
330
1F
100
AcDbEntity
  8
2Y
100
AcDbLine
 10
18598.91468165676
 20
24184.97237354682
 30
0.0
 11
17849.06069322541
 21
24184.97237354682
 31
0.0
  0
LWPOLYLINE
  5
FDD
330
1F
100
AcDbEntity
  8
2Y
100
AcDbPolyline
 90
        6
 70
     0
 43
0.0
 10
17849.06069322515
 20
24934.82636197821
 10
18117.21546090922
 20
24941.18035529127
 10
18209.92768453187
 20
24919.38232334865
 10
18384.44490911116
 20
24946.63013319264
 10
18449.88879908158
 20
24946.63013319264
 10
18598.91468165655
 20
24934.82636197821
  0
LWPOLYLINE
  5
FDE
330
1F
100
AcDbEntity
  8
2Y
100
AcDbPolyline
 90
        7
 70
     0
 43
0.0
 10
18193.43221846144
 20
24923.26065440643
 10
18149.90998410955
 20
24948.92117764357
 10
18152.61061443584
 20
24973.20855210381
 10
18249.83386016064
 20
24981.30422362802
 10
18274.13953309788
 20
24962.4140834798
 10
18247.13322983424
 20
24943.52394333157
 10
18209.92768453187
 20
24919.38232334865
  0
LINE
  5
FDF
330
1F
100
AcDbEntity
  8
2Y
100
AcDbLine
 10
25261.62511611933
 20
21186.37093131118
 30
0.0
 11
28987.4575258646
 21
23621.55551240593
 31
0.0
  0
LINE
  5
FE0
330
1F
100
AcDbEntity
  8
2Y
100
AcDbLine
 10
25037.06272214768
 20
21935.41040825273
 30
0.0
 11
24937.08219035682
 21
22768.58150617615
 31
0.0
  0
LINE
  5
FE1
330
1F
100
AcDbEntity
  8
SHE
  6
HIDDEN
100
AcDbLine
 10
27686.54681460518
 20
20269.06821140491
 30
0.0
 11
26311.814502481
 21
20269.06821140491
 31
0.0
  0
LINE
  5
FE2
330
1F
100
AcDbEntity
  8
SHE
  6
HIDDEN
100
AcDbLine
 10
26311.814502481
 20
20269.06821140491
 30
0.0
 11
26411.79503427186
 21
21102.2393093292
 31
0.0
  0
LINE
  5
FE3
330
1F
100
AcDbEntity
  8
SHE
  6
HIDDEN
100
AcDbLine
 10
26411.79503427186
 20
21102.2393093292
 30
0.0
 11
25037.06272214768
 21
21102.2393093292
 31
0.0
  0
ARC
  5
FE4
330
1F
100
AcDbEntity
  8
SHE
  6
HIDDEN
100
AcDbCircle
 10
25258.8901389303
 20
21190.55544641089
 30
0.0
 40
4.999026589542484
100
AcDbArc
 50
270.0
 51
303.1684208163289
  0
LINE
  5
FE5
330
1F
100
AcDbEntity
  8
SHE
  6
HIDDEN
100
AcDbLine
 10
25037.06272214768
 20
21102.2393093292
 30
0.0
 11
25037.06272214768
 21
21185.55641982136
 31
0.0
  0
LINE
  5
FE6
330
1F
100
AcDbEntity
  8
SHE
  6
HIDDEN
100
AcDbLine
 10
30236.05037527189
 20
18602.72601455796
 30
0.0
 11
28861.31806314764
 21
18602.72601455796
 31
0.0
  0
LINE
  5
FE7
330
1F
100
AcDbEntity
  8
SHE
  6
HIDDEN
100
AcDbLine
 10
28861.31806314764
 20
18602.72601455796
 30
0.0
 11
28961.2985949385
 21
19435.89711348148
 31
0.0
  0
LINE
  5
FE8
330
1F
100
AcDbEntity
  8
SHE
  6
HIDDEN
100
AcDbLine
 10
28961.2985949385
 20
19435.89711348148
 30
0.0
 11
27586.56628281432
 21
19435.89711348148
 31
0.0
  0
LINE
  5
FE9
330
1F
100
AcDbEntity
  8
SHE
  6
HIDDEN
100
AcDbLine
 10
27586.56628281432
 20
19435.89711348148
 30
0.0
 11
27686.54681460518
 21
20269.06821140491
 31
0.0
  0
LINE
  5
FEA
330
1F
100
AcDbEntity
  8
2Y
100
AcDbLine
 10
26211.83397069014
 20
23601.75260410044
 30
0.0
 11
27586.56628281432
 21
23601.75260410044
 31
0.0
  0
LINE
  5
FEB
330
1F
100
AcDbEntity
  8
2Y
100
AcDbLine
 10
24937.08219035682
 20
22768.58150617615
 30
0.0
 11
26311.814502481
 21
22768.58150617615
 31
0.0
  0
LINE
  5
FEC
330
1F
100
AcDbEntity
  8
2Y
100
AcDbLine
 10
26311.814502481
 20
22768.58150617615
 30
0.0
 11
26211.83397069014
 21
23601.75260410044
 31
0.0
  0
LINE
  5
FED
330
1F
100
AcDbEntity
  8
2Y
100
AcDbLine
 10
27486.58575102346
 20
24434.92370302397
 30
0.0
 11
28448.03414179275
 21
24434.92370302397
 31
0.0
  0
LINE
  5
FEE
330
1F
100
AcDbEntity
  8
2Y
100
AcDbLine
 10
27586.56628281432
 20
23601.75260410044
 30
0.0
 11
27486.58575102346
 21
24434.92370302397
 31
0.0
  0
LWPOLYLINE
  5
FEF
330
1F
100
AcDbEntity
  8
2Y
100
AcDbPolyline
 90
        7
 70
     0
 43
0.0
 10
28730.03992125383
 20
24029.88574182467
 10
28727.44352267023
 20
24081.68844226973
 10
28770.9527913514
 20
24089.34877941977
 10
28821.05462356649
 20
24028.59930145512
 10
28804.702128746
 20
24000.59753407459
 10
28767.83273143423
 20
24014.59084440368
 10
28730.03992125383
 20
24029.88574182467
  0
LWPOLYLINE
  5
FF0
330
1F
100
AcDbEntity
  8
2Y
100
AcDbPolyline
 90
        6
 70
     0
 43
0.0
 10
28448.03414179271
 20
24434.92370302399
 10
28643.39558475288
 20
24208.60487905843
 10
28681.07681977025
 20
24077.65603708835
 10
28813.29483088261
 20
23948.65903243327
 10
28936.43755842259
 20
23741.9261836252
 10
28987.45752586469
 20
23621.55551240593
  0
LINE
  5
FF1
330
1F
100
AcDbEntity
  8
2Y
100
AcDbLine
 10
39984.15222487966
 20
18811.01878978862
 30
0.0
 11
39984.15222487966
 21
14436.870523939
 31
0.0
  0
LINE
  5
FF2
330
1F
100
AcDbEntity
  8
2Y
100
AcDbLine
 10
36733.14493701874
 20
13687.01653550763
 30
0.0
 11
39984.15222487967
 21
13687.01653550763
 31
0.0
1001
ACAD
1000
ASC_BOUNDS
1002
{
1070
    19
1002
}
  0
LINE
  5
FF3
330
1F
100
AcDbEntity
  8
4C
100
AcDbLine
 10
35706.1269334257
 20
13786.99706729847
 30
0.0
 11
40584.02568152021
 21
13786.99706729847
 31
0.0
  0
LINE
  5
FF4
330
1F
100
AcDbEntity
  8
7W
 62
     8
100
AcDbLine
 10
37711.52344302595
 20
12477.70437792128
 30
0.0
 11
38839.48842385566
 21
12477.70437792128
 31
0.0
  0
DIMENSION
  5
FF5
330
1F
100
AcDbEntity
  8
DIM
100
AcDbDimension
280
     0
  2
*D69
 10
37496.76817930097
 20
16720.25173797298
 30
0.0
 11
38699.17627839581
 21
16945.25173797298
 31
0.0
 70
    32
  1
Ld
 71
     5
 42
2404.816198189692
 73
     0
 74
     0
 75
     0
  3
DIM100
100
AcDbAlignedDimension
 13
39901.58437749066
 23
14256.90556671547
 33
0.0
 14
37496.76817930097
 24
14256.90556671547
 34
0.0
100
AcDbRotatedDimension
  0
LINE
  5
FF6
330
1F
100
AcDbEntity
  8
2Y
100
AcDbLine
 10
35135.09643302344
 20
14436.870523939
 30
0.0
 11
40729.0071867215
 21
14436.870523939
 31
0.0
  0
LINE
  5
FF7
330
1F
100
AcDbEntity
  8
4C
100
AcDbLine
 10
40609.02568152021
 20
14336.88999214816
 30
0.0
 11
36742.31948951202
 21
14336.88999214814
 31
0.0
  0
LINE
  5
FF8
330
1F
100
AcDbEntity
  8
4C
100
AcDbLine
 10
39901.58437749066
 20
14256.90556671547
 30
0.0
 11
37496.768179301
 21
14256.90556671547
 31
0.0
  0
LINE
  5
FF9
330
1F
100
AcDbEntity
  8
7W
 62
     8
100
AcDbLine
 10
37926.8464491977
 20
16337.83807904134
 30
0.0
 11
42155.1177621828
 21
16337.83807904134
 31
0.0
  0
LINE
  5
FFA
330
1F
100
AcDbEntity
  8
7W
 62
     8
100
AcDbLine
 10
38892.88801963944
 20
14241.25773347443
 30
0.0
 11
37926.8464491977
 21
16337.83807904134
 31
0.0
  0
LINE
  5
FFB
330
1F
100
AcDbEntity
  8
2Y
100
AcDbLine
 10
35235.07696481437
 20
13603.69942501548
 30
0.0
 11
35135.09643302344
 21
14436.870523939
 31
0.0
  0
LINE
  5
FFC
330
1F
100
AcDbEntity
  8
4C
100
AcDbLine
 10
36610.72551504957
 20
14297.69960889435
 30
0.0
 11
33835.46125130506
 21
12483.80139711608
 31
0.0
  0
CIRCLE
  5
FFD
330
1F
100
AcDbEntity
  8
7W
 62
     8
100
AcDbCircle
 10
36763.71860305197
 20
14240.84690055119
 30
0.0
 40
178.8267006527184
  0
LINE
  5
FFE
330
1F
100
AcDbEntity
  8
7W
 62
     8
100
AcDbLine
 10
34474.73341270147
 20
12749.26430027845
 30
0.0
 11
33676.08582248534
 21
14119.8210610672
 31
0.0
  0
LINE
  5
FFF
330
1F
100
AcDbEntity
  8
7W
 62
     8
100
AcDbLine
 10
34016.6072519112
 20
10112.47884060644
 30
0.0
 11
34929.80188512084
 21
10112.47884060644
 31
0.0
  0
LINE
  5
1000
330
1F
100
AcDbEntity
  8
7W
 62
     8
100
AcDbLine
 10
34951.36894958502
 20
11045.82551201797
 30
0.0
 11
33959.415785182
 21
11045.82551201799
 31
0.0
  0
LINE
  5
1001
330
1F
100
AcDbEntity
  8
4C
100
AcDbLine
 10
35574.53295896005
 20
13747.80668404256
 30
0.0
 11
34494.49505408237
 21
13041.89955657885
 31
0.0
  0
CIRCLE
  5
1002
330
1F
100
AcDbEntity
  8
7W
 62
     8
100
AcDbCircle
 10
34607.35291401769
 20
12869.22703089498
 30
0.0
 40
178.8267006527184
  0
LINE
  5
1003
330
1F
100
AcDbEntity
  8
2Y
100
AcDbLine
 10
33860.34465269012
 20
13603.69942501548
 30
0.0
 11
35235.07696481437
 21
13603.69942501548
 31
0.0
  0
LINE
  5
1004
330
1F
100
AcDbEntity
  8
7W
 62
     8
100
AcDbLine
 10
33025.91883469141
 20
12662.68965897811
 30
0.0
 11
33959.415785182
 21
11045.82551201799
 31
0.0
  0
LINE
  5
1005
330
1F
100
AcDbEntity
  8
7W
 62
     8
100
AcDbLine
 10
32143.48493450155
 20
11581.53864684262
 30
0.0
 11
31660.85946732071
 21
12417.47047702655
 31
0.0
  0
LINE
  5
1006
330
1F
100
AcDbEntity
  8
2Y
100
AcDbLine
 10
32685.57340414774
 20
11937.35722916776
 30
0.0
 11
32585.5928723568
 21
12770.52832709118
 31
0.0
  0
INSERT
  5
1007
330
1F
100
AcDbEntity
  8
3G
100
AcDbBlockReference
  2
DOT
 10
33916.19693851085
 20
12083.87502849986
 30
0.0
 41
-0.7498539884243695
 42
0.7498539884363709
 43
0.7498539884313727
 50
66.33684164780127
  0
INSERT
  5
1008
330
1F
100
AcDbEntity
  8
3G
100
AcDbBlockReference
  2
DOT
 10
32681.43571415117
 20
11276.84154844894
 30
0.0
 41
-0.7498539884243695
 42
0.7498539884363709
 43
0.7498539884313727
 50
66.33684164780127
  0
SOLID
  5
1009
330
1F
100
AcDbEntity
  8
7W
 62
     8
100
AcDbTrace
 10
32802.35826149481
 20
10703.30302545474
 30
0.0
 11
32704.93040356909
 21
10647.05302545479
 31
0.0
 12
32584.8943325321
 22
10967.46159923189
 32
0.0
 13
32584.8943325321
 23
10967.46159923189
 33
0.0
  0
LINE
  5
100A
330
1F
100
AcDbEntity
  8
2Y
100
AcDbLine
 10
31310.84109202348
 20
11937.35722916776
 30
0.0
 11
32685.57340414774
 21
11937.35722916776
 31
0.0
  0
INSERT
  5
100B
330
1F
100
AcDbEntity
  8
3G
100
AcDbBlockReference
  2
DOT
 10
31446.67448979177
 20
10469.808068398
 30
0.0
 41
-0.7498539884243695
 42
0.7498539884363709
 43
0.7498539884313727
 50
66.33684164780127
  0
SOLID
  5
100C
330
1F
100
AcDbEntity
  8
7W
 62
     8
100
AcDbTrace
 10
31162.78210443636
 20
10564.7082568238
 30
0.0
 11
31065.35424651061
 21
10508.4582568238
 31
0.0
 12
31282.81817547348
 22
10244.29968304655
 32
0.0
 13
31282.81817547348
 23
10244.29968304655
 33
0.0
  0
LINE
  5
100D
330
1F
100
AcDbEntity
  8
2Y
100
AcDbLine
 10
32552.09939420682
 20
11838.70977080131
 30
0.0
 11
31544.29563375518
 21
11202.83358861152
 31
0.0
  0
LINE
  5
100E
330
1F
100
AcDbEntity
  8
2Y
100
AcDbLine
 10
31410.82162381434
 20
11104.18613024424
 30
0.0
 11
31310.84109202348
 21
11937.35722916776
 31
0.0
  0
INSERT
  5
100F
330
1F
100
AcDbEntity
  8
3G
100
AcDbBlockReference
  2
DOT
 10
31588.17572242436
 20
11735.70850770713
 30
0.0
 41
0.7498539884545608
 42
0.7498539884545608
 43
0.7498539884545608
  0
SOLID
  5
1010
330
1F
100
AcDbEntity
  8
7W
 62
     8
100
AcDbTrace
 10
32023.44886346438
 20
11901.94722061986
 30
0.0
 11
31926.02100553863
 21
11845.69722061986
 31
0.0
 12
32143.48493450151
 22
11581.53864684261
 32
0.0
 13
32143.48493450151
 23
11581.53864684261
 33
0.0
  0
LINE
  5
1011
330
1F
100
AcDbEntity
  8
7W
 62
     8
100
AcDbLine
 10
33212.43729357194
 20
11505.34206637058
 30
0.0
 11
34016.6072519112
 21
10112.47884060644
 31
0.0
  0
SOLID
  5
1012
330
1F
100
AcDbEntity
  8
7W
 62
     8
100
AcDbTrace
 10
33429.9012225346
 20
11241.18349259345
 30
0.0
 11
33332.47336460889
 21
11184.9334925935
 31
0.0
 12
33212.4372935719
 22
11505.3420663706
 32
0.0
 13
33212.4372935719
 23
11505.3420663706
 33
0.0
  0
LINE
  5
1013
330
1F
100
AcDbEntity
  8
2Y
100
AcDbLine
 10
32585.5928723568
 20
12770.52832709118
 30
0.0
 11
33960.32518448105
 21
12770.52832709118
 31
0.0
  0
LINE
  5
1014
330
1F
100
AcDbEntity
  8
7W
 62
     8
100
AcDbLine
 10
31771.69937166757
 20
13094.58932784004
 30
0.0
 11
33068.55592736728
 21
13094.58932784004
 31
0.0
  0
LINE
  5
1015
330
1F
100
AcDbEntity
  8
7W
 62
     8
100
AcDbLine
 10
30937.34188544594
 20
14119.8210610672
 30
0.0
 11
33676.08582248534
 21
14119.8210610672
 31
0.0
  0
LINE
  5
1016
330
1F
100
AcDbEntity
  8
7W
 62
     8
100
AcDbLine
 10
33527.7282018296
 20
12299.27961904428
 30
0.0
 11
33068.55592736728
 21
13094.58932784004
 31
0.0
  0
LINE
  5
1017
330
1F
100
AcDbEntity
  8
2Y
100
AcDbLine
 10
33960.32518448105
 20
12770.52832709118
 30
0.0
 11
33860.34465269012
 21
13603.69942501548
 31
0.0
  0
CIRCLE
  5
1018
330
1F
100
AcDbEntity
  8
7W
 62
     8
100
AcDbCircle
 10
32871.05036905124
 20
12573.27630865171
 30
0.0
 40
178.8267006527184
  0
INSERT
  5
1019
330
1F
100
AcDbEntity
  8
3G
100
AcDbBlockReference
  2
DOT
 10
32862.92750275767
 20
12568.87960563056
 30
0.0
 41
0.7498539884545608
 42
0.7498539884545608
 43
0.7498539884545608
  0
SOLID
  5
101A
330
1F
100
AcDbEntity
  8
7W
 62
     8
100
AcDbTrace
 10
33407.69213079266
 20
12619.68819282122
 30
0.0
 11
33310.26427286691
 21
12563.43819282122
 31
0.0
 12
33527.72820182979
 22
12299.27961904397
 32
0.0
 13
33527.72820182979
 23
12299.27961904397
 33
0.0
  0
ARC
  5
101B
330
1F
100
AcDbEntity
  8
7W
 62
     8
100
AcDbCircle
 10
32695.90126274562
 20
13879.13516774941
 30
0.0
 40
0.069986372253595
100
AcDbArc
 50
30.00000000005544
 51
90.0
  0
TEXT
  5
101C
330
1F
100
AcDbEntity
  8
TG
100
AcDbText
 10
35027.27959487894
 20
10943.85479405865
 30
0.0
 40
250.0
  1
1-%%C12 NOSING
  7
ROMANSIM
 11
35027.27959487894
 21
11068.85479405865
 31
0.0
100
AcDbText
 73
     2
  0
TEXT
  5
101D
330
1F
100
AcDbEntity
  8
TG
100
AcDbText
 10
35015.76858259098
 20
10489.24003597986
 30
0.0
 40
250.0
  1
BAR (TYP.)
  7
ROMANSIM
 11
35015.76858259098
 21
10614.24003597986
 31
0.0
100
AcDbText
 73
     2
  0
INSERT
  5
101E
330
1F
100
AcDbEntity
  8
3G
100
AcDbBlockReference
  2
DOT
 10
34604.53138813654
 20
12859.82889330079
 30
0.0
 41
0.9998053179151611
 42
0.9998053179151611
 43
0.9998053179151611
  0
INSERT
  5
101F
330
1F
100
AcDbEntity
  8
3G
100
AcDbBlockReference
  2
DOT
 10
35150.95816287024
 20
12890.90850855079
 30
0.0
 41
-0.7498539884243695
 42
0.7498539884363709
 43
0.7498539884313727
 50
66.33684164780127
  0
ARC
  5
1020
330
1F
100
AcDbEntity
  8
4C
100
AcDbCircle
 10
35706.1269334257
 20
13546.46790313733
 30
0.0
 40
240.5291641611545
100
AcDbArc
 50
90.0
 51
123.1684208250803
  0
TEXT
  5
1021
330
1F
100
AcDbEntity
  8
TG
100
AcDbText
 10
37106.25223244105
 20
12386.76191974513
 30
0.0
 40
250.0
  1
(b)
  7
ROMANSIM
 11
37106.25223244105
 21
12511.76191974513
 31
0.0
100
AcDbText
 73
     2
  0
INSERT
  5
1022
330
1F
100
AcDbEntity
  8
3G
100
AcDbBlockReference
  2
DOT
 10
36388.22003579568
 20
13694.11437741605
 30
0.0
 41
0.7498539884545608
 42
0.7498539884545608
 43
0.7498539884545608
  0
INSERT
  5
1023
330
1F
100
AcDbEntity
  8
3G
100
AcDbBlockReference
  2
DOT
 10
37754.79659200858
 20
13883.96151038178
 30
0.0
 41
0.9998053179151611
 42
0.9998053179151611
 43
0.9998053179151611
  0
LINE
  5
1024
330
1F
100
AcDbEntity
  8
SHE
  6
HIDDEN
100
AcDbLine
 10
35335.05749660516
 20
15270.04162186242
 30
0.0
 11
33960.32518448105
 21
15270.04162186242
 31
0.0
  0
LINE
  5
1025
330
1F
100
AcDbEntity
  8
SHE
  6
HIDDEN
100
AcDbLine
 10
32685.57340414774
 20
16103.21271978672
 30
0.0
 11
32785.55393593852
 21
16936.38381871024
 31
0.0
  0
LINE
  5
1026
330
1F
100
AcDbEntity
  8
SHE
  6
HIDDEN
100
AcDbLine
 10
34060.30571627184
 20
16103.21271978672
 30
0.0
 11
32685.57340414774
 21
16103.21271978672
 31
0.0
  0
LINE
  5
1027
330
1F
100
AcDbEntity
  8
SHE
  6
HIDDEN
100
AcDbLine
 10
33960.32518448105
 20
15270.04162186242
 30
0.0
 11
34060.30571627184
 21
16103.21271978672
 31
0.0
  0
LINE
  5
1028
330
1F
100
AcDbEntity
  8
SHE
  6
HIDDEN
100
AcDbLine
 10
32785.55393593852
 20
16936.38381871024
 30
0.0
 11
31410.82162381434
 21
16936.38381871024
 31
0.0
  0
LINE
  5
1029
330
1F
100
AcDbEntity
  8
SHE
  6
HIDDEN
100
AcDbLine
 10
31410.82162381434
 20
16936.38381871024
 30
0.0
 11
31510.8021556052
 21
17769.55491663366
 31
0.0
  0
LINE
  5
102A
330
1F
100
AcDbEntity
  8
7W
 62
     8
100
AcDbLine
 10
36926.13343281934
 20
14166.01100048984
 30
0.0
 11
37926.8464491977
 21
16337.83807904134
 31
0.0
  0
LINE
  5
102B
330
1F
100
AcDbEntity
  8
SHE
  6
HIDDEN
100
AcDbLine
 10
35235.07696481437
 20
14436.870523939
 30
0.0
 11
35335.05749660516
 21
15270.04162186242
 31
0.0
  0
ARC
  5
102C
330
1F
100
AcDbEntity
  8
4C
100
AcDbCircle
 10
36742.31948951202
 20
14096.360827987
 30
0.0
 40
240.5291641611545
100
AcDbArc
 50
90.0
 51
123.1684208240973
  0
INSERT
  5
102D
330
1F
100
AcDbEntity
  8
3G
100
AcDbBlockReference
  2
DOT
 10
36763.14311406765
 20
14234.81081800527
 30
0.0
 41
0.9998053179151611
 42
0.9998053179151611
 43
0.9998053179151611
  0
LINE
  5
102E
330
1F
100
AcDbEntity
  8
4C
100
AcDbLine
 10
37467.89351777517
 20
14255.23214756284
 30
0.0
 11
37496.768179301
 21
14256.90556671547
 31
0.0
  0
LINE
  5
102F
330
1F
100
AcDbEntity
  8
4C
100
AcDbLine
 10
37360.01931903921
 20
14216.17999179904
 30
0.0
 11
37385.10484638523
 21
14230.5766134888
 31
0.0
  0
LINE
  5
1030
330
1F
100
AcDbEntity
  8
4C
100
AcDbLine
 10
37385.10484638523
 20
14230.5766134888
 30
0.0
 11
37411.68554059252
 21
14241.9789412281
 31
0.0
  0
LINE
  5
1031
330
1F
100
AcDbEntity
  8
4C
100
AcDbLine
 10
37411.68554059252
 20
14241.9789412281
 30
0.0
 11
37439.40548696447
 21
14250.23429874413
 31
0.0
  0
LINE
  5
1032
330
1F
100
AcDbEntity
  8
4C
100
AcDbLine
 10
37439.40548696447
 20
14250.23429874413
 30
0.0
 11
37467.89351777517
 21
14255.23214756284
 31
0.0
  0
LINE
  5
1033
102
{ACAD_REACTORS
330
14B5
102
}
330
1F
100
AcDbEntity
  8
2Y
100
AcDbLine
 10
40734.00621331108
 20
14431.87149734946
 30
0.0
 11
40734.00621331107
 21
11687.40589969059
 31
0.0
  0
LINE
  5
1034
330
1F
100
AcDbEntity
  8
2Y
100
AcDbLine
 10
40234.10355435685
 20
15936.57850080168
 30
0.0
 11
40234.10355435686
 21
14436.870523939
 31
0.0
1001
ACAD
1000
ASC_BOUNDS
1002
{
1070
    19
1002
}
  0
LINE
  5
1035
330
1F
100
AcDbEntity
  8
7W
 62
     8
100
AcDbLine
 10
40734.00621331108
 20
11156.24426384655
 30
0.0
 11
42176.43150340209
 21
11156.24426384655
 31
0.0
  0
LINE
  5
1036
330
1F
100
AcDbEntity
  8
2Y
100
AcDbLine
 10
40484.05488383389
 20
15936.57850080168
 30
0.0
 11
40484.05488383389
 21
14436.870523939
 31
0.0
1001
ACAD
1000
ASC_BOUNDS
1002
{
1070
    19
1002
}
  0
LINE
  5
1037
330
1F
100
AcDbEntity
  8
4C
100
AcDbLine
 10
40684.00621331107
 20
14216.30941859447
 30
0.0
 11
40684.00621331107
 21
13886.97759908932
 31
0.0
  0
INSERT
  5
1038
330
1F
100
AcDbEntity
  8
3G
100
AcDbBlockReference
  2
DOT
 10
38726.89440512237
 20
14158.20070852493
 30
0.0
 41
0.9998053179151611
 42
0.9998053179151611
 43
0.9998053179151611
  0
CIRCLE
  5
1039
330
1F
100
AcDbEntity
  8
7W
 62
     8
100
AcDbCircle
 10
38730.47318987214
 20
14166.42183341308
 30
0.0
 40
178.8267006527184
  0
LINE
  5
103A
330
1F
100
AcDbEntity
  8
4C
100
AcDbLine
 10
40709.00621331108
 20
13964.61631270115
 30
0.0
 11
40709.00621331108
 21
14236.90946035724
 31
0.0
  0
SOLID
  5
103B
330
1F
100
AcDbEntity
  8
7W
 62
     8
100
AcDbTrace
 10
41071.50621331096
 20
11212.49426384653
 30
0.0
 11
41071.50621331096
 21
11099.99426384657
 31
0.0
 12
40734.00621331108
 22
11156.24426384655
 32
0.0
 13
40734.00621331108
 23
11156.24426384655
 33
0.0
  0
LINE
  5
103C
330
1F
100
AcDbEntity
  8
2Y
100
AcDbLine
 10
40734.00621331108
 20
11437.45457021347
 30
0.0
 11
39984.15222487973
 21
11437.45457021349
 31
0.0
  0
LINE
  5
103D
102
{ACAD_REACTORS
330
14B5
102
}
330
1F
100
AcDbEntity
  8
2Y
100
AcDbLine
 10
40734.00621331115
 20
11687.40589969059
 30
0.0
 11
39984.15222487966
 21
11687.40589969059
 31
0.0
  0
INSERT
  5
103E
330
1F
100
AcDbEntity
  8
3G
100
AcDbBlockReference
  2
DOT
 10
39681.50591416911
 20
13883.96151038178
 30
0.0
 41
0.9998053179151611
 42
0.9998053179151611
 43
0.9998053179151611
  0
LINE
  5
103F
330
1F
100
AcDbEntity
  8
7W
 62
     8
100
AcDbLine
 10
38083.56793719577
 20
13786.99706729847
 30
0.0
 11
38839.48842385566
 21
12477.70437792128
 31
0.0
  0
SOLID
  5
1040
330
1F
100
AcDbEntity
  8
7W
 62
     8
100
AcDbTrace
 10
38301.03186615851
 20
13522.83849352132
 30
0.0
 11
38203.6040082328
 21
13466.58849352138
 31
0.0
 12
38083.56793719581
 22
13786.99706729848
 32
0.0
 13
38083.56793719581
 23
13786.99706729848
 33
0.0
  0
LINE
  5
1041
330
1F
100
AcDbEntity
  8
4C
100
AcDbLine
 10
40634.01594741568
 20
13800.39191905351
 30
0.0
 11
40670.6113615568
 21
13836.98733319391
 31
0.0
  0
LINE
  5
1042
330
1F
100
AcDbEntity
  8
4C
100
AcDbLine
 10
40670.6113615568
 20
13836.98733319391
 30
0.0
 11
40684.00621331107
 21
13886.97759908932
 31
0.0
  0
LINE
  5
1043
330
1F
100
AcDbEntity
  8
4C
100
AcDbLine
 10
40584.02568152021
 20
13786.99706729847
 30
0.0
 11
40634.01594741568
 21
13800.39191905351
 31
0.0
  0
TEXT
  5
1044
330
1F
100
AcDbEntity
  8
TG
100
AcDbText
 10
42177.33949111367
 20
11034.65604518413
 30
0.0
 40
250.0
  1
150mm THK.
  7
ROMANSIM
100
AcDbText
  0
LINE
  5
1045
330
1F
100
AcDbEntity
  8
2Y
100
AcDbLine
 10
40484.05488383389
 20
18186.14046609577
 30
0.0
 11
40484.05488383389
 21
16186.52983027878
 31
0.0
1001
ACAD
1000
ASC_BOUNDS
1002
{
1070
    19
1002
}
  0
LINE
  5
1046
330
1F
100
AcDbEntity
  8
2Y
100
AcDbLine
 10
40234.10355435685
 20
18186.14046609579
 30
0.0
 11
40234.10355435685
 21
16186.52983027878
 31
0.0
1001
ACAD
1000
ASC_BOUNDS
1002
{
1070
    19
1002
}
  0
LINE
  5
1047
330
1F
100
AcDbEntity
  8
4C
100
AcDbLine
 10
40695.61136155673
 20
14286.89972625273
 30
0.0
 11
40709.00621331108
 21
14236.90946035724
 31
0.0
  0
LINE
  5
1048
330
1F
100
AcDbEntity
  8
4C
100
AcDbLine
 10
40609.02568152021
 20
14336.88999214816
 30
0.0
 11
40659.01594741568
 21
14323.49514039305
 31
0.0
  0
LINE
  5
1049
330
1F
100
AcDbEntity
  8
4C
100
AcDbLine
 10
40659.01594741568
 20
14323.49514039305
 30
0.0
 11
40695.61136155673
 21
14286.89972625273
 31
0.0
  0
LINE
  5
104A
330
1F
100
AcDbEntity
  8
2Y
100
AcDbLine
 10
40734.0062133113
 20
16186.5298302788
 30
0.0
 11
39984.15222487988
 21
16186.5298302788
 31
0.0
  0
LINE
  5
104B
330
1F
100
AcDbEntity
  8
2Y
100
AcDbLine
 10
40734.00621331122
 20
15936.57850080168
 30
0.0
 11
39984.15222487981
 21
15936.57850080168
 31
0.0
  0
LINE
  5
104C
330
1F
100
AcDbEntity
  8
2Y
100
AcDbLine
 10
40734.00621331122
 20
18186.14046609579
 30
0.0
 11
39984.15222487995
 21
18186.14046609579
 31
0.0
  0
TEXT
  5
104D
330
1F
100
AcDbEntity
  8
TG
100
AcDbText
 10
42196.91625562542
 20
15826.27908123359
 30
0.0
 40
250.0
  1
REINF. (b)
 41
0.9
  7
100CL
 11
42196.91625562542
 21
16076.27908123359
 31
0.0
100
AcDbText
 73
     3
  0
TEXT
  5
104E
330
1F
100
AcDbEntity
  8
TG
100
AcDbText
 10
42190.91427513287
 20
16216.24986037892
 30
0.0
 40
250.0
  1
SECONDARY 
 41
0.9
  7
100CL
100
AcDbText
  0
INSERT
  5
104F
330
1F
100
AcDbEntity
  8
1R
100
AcDbBlockReference
  2
*X6
 10
-56347.0037226138
 20
-55714.95810179792
 30
0.0
 41
0.5998831907345448
 42
0.5998831907345448
 43
0.5998831907345448
1001
ACAD
1000
HATCH
1002
{
1070
    19
1000
_U
1040
500.0
1040
0.7853981633974483
1002
}
  0
LINE
  5
1050
330
1F
100
AcDbEntity
  8
2Y
100
AcDbLine
 10
40484.05488383396
 20
24184.97237354682
 30
0.0
 11
40484.05488383389
 21
22185.36173772984
 31
0.0
1001
ACAD
1000
ASC_BOUNDS
1002
{
1070
    19
1002
}
  0
LINE
  5
1051
330
1F
100
AcDbEntity
  8
2Y
100
AcDbLine
 10
40234.10355435685
 20
24184.97237354682
 30
0.0
 11
40234.10355435685
 21
22185.36173772984
 31
0.0
1001
ACAD
1000
ASC_BOUNDS
1002
{
1070
    19
1002
}
  0
LINE
  5
1052
330
1F
100
AcDbEntity
  8
2Y
100
AcDbLine
 10
40734.00621331108
 20
24934.8263619782
 30
0.0
 11
40734.00621331108
 21
21935.41040825273
 31
0.0
  0
LINE
  5
1053
330
1F
100
AcDbEntity
  8
2Y
100
AcDbLine
 10
39984.15222487966
 20
24934.8263619782
 30
0.0
 11
39984.15222487966
 21
21935.41040825273
 31
0.0
  0
LINE
  5
1054
330
1F
100
AcDbEntity
  8
2Y
100
AcDbLine
 10
39984.15222487966
 20
21935.41040825273
 30
0.0
 11
43096.84530792265
 21
21935.41040825273
 31
0.0
1001
ACAD
1000
ASC_BOUNDS
1002
{
1070
    19
1002
}
  0
LWPOLYLINE
  5
1055
330
1F
100
AcDbEntity
  8
2Y
100
AcDbPolyline
 90
        4
 70
     0
 43
0.0
 10
39984.15222487963
 20
21935.41040825275
 10
39984.15222487963
 20
18935.99445452717
 10
41983.76286069676
 20
18935.99445452717
 10
41983.76286069676
 20
21185.55641982138
1001
ACAD
1000
ASC_BOUNDS
1002
{
1070
    19
1002
}
  0
LWPOLYLINE
  5
1056
330
1F
100
AcDbEntity
  8
2Y
100
AcDbPolyline
 90
        2
 70
     0
 43
0.0
 10
41983.76286069676
 20
21935.41040825275
 10
39984.15222487963
 20
21935.41040825275
1001
ACAD
1000
ASC_BOUNDS
1002
{
1070
    19
1002
}
  0
LINE
  5
1057
330
1F
100
AcDbEntity
  8
2Y
100
AcDbLine
 10
40734.00621331108
 20
18811.01878978862
 30
0.0
 11
39984.15222487966
 21
18811.01878978862
 31
0.0
1001
ACAD
1000
ASC_BOUNDS
1002
{
1070
    19
1002
}
  0
LINE
  5
1058
330
1F
100
AcDbEntity
  8
2Y
100
AcDbLine
 10
39984.15222487966
 20
21935.41040825273
 30
0.0
 11
39984.15222487966
 21
21185.55641982136
 31
0.0
  0
LINE
  5
1059
330
1F
100
AcDbEntity
  8
2Y
100
AcDbLine
 10
40734.0062133113
 20
22185.36173772982
 30
0.0
 11
39984.15222487988
 21
22185.36173772982
 31
0.0
  0
LWPOLYLINE
  5
105A
330
1F
100
AcDbEntity
  8
2Y
100
AcDbPolyline
 90
        6
 70
     0
 43
0.0
 10
43096.84530792261
 20
21935.41040825282
 10
43126.26082526536
 20
21715.9093603221
 10
43096.556612937
 20
21619.44395434925
 10
43126.26082526536
 20
21485.87674259191
 10
43118.83463539076
 20
21307.78736389299
 10
43096.84530792261
 20
21185.55641982144
  0
LINE
  5
105B
330
1F
100
AcDbEntity
  8
2Y
100
AcDbLine
 10
41983.76286069676
 20
21185.55641982136
 30
0.0
 11
43096.84530792265
 21
21185.55641982136
 31
0.0
1001
ACAD
1000
ASC_BOUNDS
1002
{
1070
    19
1002
}
  0
LWPOLYLINE
  5
105C
330
1F
100
AcDbEntity
  8
2Y
100
AcDbPolyline
 90
        7
 70
     0
 43
0.0
 10
43107.55670551507
 20
21569.98121558056
 10
43126.94041028042
 20
21603.15364004512
 10
43157.02271700923
 20
21590.27082667752
 10
43163.46892559405
 20
21532.29887745597
 10
43141.98156364482
 20
21521.56343662722
 10
43124.79167408552
 20
21545.18169082362
 10
43107.55670551507
 20
21569.98121558056
  0
LWPOLYLINE
  5
105D
330
1F
100
AcDbEntity
  8
2Y
100
AcDbPolyline
 90
        6
 70
     0
 43
0.0
 10
44864.94124522624
 20
21935.41040825282
 10
44835.52572788349
 20
21715.9093603221
 10
44865.22994021192
 20
21619.44395434925
 10
44835.52572788349
 20
21485.87674259191
 10
44842.95191775802
 20
21307.78736389299
 10
44864.94124522624
 20
21185.55641982144
  0
LWPOLYLINE
  5
105E
330
1F
100
AcDbEntity
  8
2Y
100
AcDbPolyline
 90
        7
 70
     0
 43
0.0
 10
44854.22984763367
 20
21569.98121558056
 10
44834.8461428685
 20
21603.15364004512
 10
44804.76383613963
 20
21590.27082667752
 10
44798.3176275548
 20
21532.29887745597
 10
44819.8049895041
 20
21521.56343662722
 10
44836.99487906326
 20
21545.18169082362
 10
44854.22984763367
 20
21569.98121558056
  0
LINE
  5
105F
330
1F
100
AcDbEntity
  8
2Y
100
AcDbLine
 10
40234.10355435685
 20
24934.8263619782
 30
0.0
 11
40234.10355435685
 21
24434.9237030239
 31
0.0
1001
ACAD
1000
ASC_BOUNDS
1002
{
1070
    19
1002
}
  0
LINE
  5
1060
330
1F
100
AcDbEntity
  8
2Y
100
AcDbLine
 10
40484.05488383396
 20
24934.8263619782
 30
0.0
 11
40484.05488383396
 21
24434.9237030239
 31
0.0
1001
ACAD
1000
ASC_BOUNDS
1002
{
1070
    19
1002
}
  0
LINE
  5
1061
330
1F
100
AcDbEntity
  8
2Y
100
AcDbLine
 10
40734.00621331138
 20
24434.92370302391
 30
0.0
 11
39984.15222487995
 21
24434.92370302391
 31
0.0
  0
LINE
  5
1062
330
1F
100
AcDbEntity
  8
2Y
100
AcDbLine
 10
40734.00621331122
 20
24184.97237354682
 30
0.0
 11
39984.15222487995
 21
24184.97237354682
 31
0.0
  0
LWPOLYLINE
  5
1063
330
1F
100
AcDbEntity
  8
2Y
100
AcDbPolyline
 90
        6
 70
     0
 43
0.0
 10
39984.15222487963
 20
24934.82636197821
 10
40252.30699256368
 20
24941.18035529127
 10
40345.01921618634
 20
24919.38232334865
 10
40519.53644076562
 20
24946.63013319264
 10
40584.98033073618
 20
24946.63013319264
 10
40734.00621331108
 20
24934.82636197821
  0
LWPOLYLINE
  5
1064
330
1F
100
AcDbEntity
  8
2Y
100
AcDbPolyline
 90
        7
 70
     0
 43
0.0
 10
40328.52375011591
 20
24923.26065440643
 10
40285.00151576402
 20
24948.92117764357
 10
40287.70214609031
 20
24973.20855210381
 10
40384.9253918151
 20
24981.30422362802
 10
40409.23106475236
 20
24962.4140834798
 10
40382.22476148876
 20
24943.52394333157
 10
40345.01921618634
 20
24919.38232334865
  0
TEXT
  5
1065
330
1F
100
AcDbEntity
  8
TC
100
AcDbText
 10
13519.57965076141
 20
42770.4317951886
 30
0.0
 40
300.0114304354996
  1
SECONDARY (b)
  7
100CL
 72
     1
 11
15298.21884548616
 21
42920.43751040634
 31
0.0
100
AcDbText
 73
     2
  0
LINE
  5
1066
330
1F
100
AcDbEntity
  8
5B
100
AcDbLine
 10
20970.01343322779
 20
44733.5872059624
 30
0.0
 11
2050.184003566983
 21
44733.5872059624
 31
0.0
  0
LINE
  5
1067
330
1F
100
AcDbEntity
  8
5B
100
AcDbLine
 10
20970.01343322779
 20
42316.05427855408
 30
0.0
 11
2050.184003566983
 21
42316.05427855408
 31
0.0
  0
LINE
  5
1068
330
1F
100
AcDbEntity
  8
5B
100
AcDbLine
 10
20970.01343322779
 20
46364.46261786878
 30
0.0
 11
2050.184003566983
 21
46364.46261786878
 31
0.0
  0
LINE
  5
1069
330
1F
100
AcDbEntity
  8
5B
100
AcDbLine
 10
20970.01343322779
 20
36015.81423940858
 30
0.0
 11
2050.184003566983
 21
36015.81423940858
 31
0.0
  0
LINE
  5
106A
330
1F
100
AcDbEntity
  8
5B
 62
     2
100
AcDbLine
 10
20970.01343322779
 20
36915.84853071524
 30
0.0
 11
2050.184003566983
 21
36915.84853071524
 31
0.0
  0
LINE
  5
106B
330
1F
100
AcDbEntity
  8
5B
 62
     2
100
AcDbLine
 10
20970.01343322779
 20
37815.88282202153
 30
0.0
 11
2050.184003566983
 21
37815.88282202153
 31
0.0
  0
LINE
  5
106C
330
1F
100
AcDbEntity
  8
5B
 62
     2
100
AcDbLine
 10
20970.01343322779
 20
38715.91711332819
 30
0.0
 11
2050.184003566983
 21
38715.91711332819
 31
0.0
  0
LINE
  5
106D
330
1F
100
AcDbEntity
  8
5B
 62
     2
100
AcDbLine
 10
20970.01343322779
 20
39615.95140463448
 30
0.0
 11
2050.184003566983
 21
39615.95140463448
 31
0.0
  0
LINE
  5
106E
330
1F
100
AcDbEntity
  8
5B
 62
     2
100
AcDbLine
 10
20970.01343322779
 20
40515.98569594113
 30
0.0
 11
2050.184003566983
 21
40515.98569594113
 31
0.0
  0
LINE
  5
106F
330
1F
100
AcDbEntity
  8
5B
 62
     2
100
AcDbLine
 10
20970.01343322779
 20
41416.01998724778
 30
0.0
 11
2050.184003566983
 21
41416.01998724778
 31
0.0
  0
LINE
  5
1070
330
1F
100
AcDbEntity
  8
5B
 62
     2
100
AcDbLine
 10
17291.81349503797
 20
43524.82074225824
 30
0.0
 11
9506.056394358067
 21
43524.82074225824
 31
0.0
  0
LINE
  5
1071
330
1F
100
AcDbEntity
  8
5B
 62
     2
100
AcDbLine
 10
5975.788914474642
 20
36015.81423940858
 30
0.0
 11
5975.788914474642
 21
44733.5872059624
 31
0.0
  0
LINE
  5
1072
330
1F
100
AcDbEntity
  8
5B
 62
     2
100
AcDbLine
 10
13262.87733874164
 20
36015.81423940858
 30
0.0
 11
13262.87733874164
 21
43524.82074225824
 31
0.0
  0
TEXT
  5
1073
330
1F
100
AcDbEntity
  8
TC
100
AcDbText
 10
2439.936580753065
 20
42938.7822983305
 30
0.0
 40
350.0133355080828
  1
  ( M )
  7
ROMANSIM
 11
2439.936580753065
 21
43113.78896608454
 31
0.0
100
AcDbText
 73
     2
  0
TEXT
  5
1074
330
1F
100
AcDbEntity
  8
TC
100
AcDbText
 10
5965.132543728496
 20
42938.7822983305
 30
0.0
 40
350.0133355080828
  1
  ( MM )
  7
ROMANSIM
 11
5965.132543728496
 21
43113.78896608454
 31
0.0
100
AcDbText
 73
     2
  0
LINE
  5
1075
330
1F
100
AcDbEntity
  8
5B
100
AcDbLine
 10
2050.184003566983
 20
36015.81423940858
 30
0.0
 11
2050.184003566983
 21
46364.46261786878
 31
0.0
  0
LINE
  5
1076
330
1F
100
AcDbEntity
  8
5B
 62
     2
100
AcDbLine
 10
9506.056394358067
 20
36015.81423940858
 30
0.0
 11
9506.056394358067
 21
44733.5872059624
 31
0.0
  0
TEXT
  5
1077
330
1F
100
AcDbEntity
  8
0
 62
     4
100
AcDbText
 10
1957.076925849849
 20
34306.44921380996
 30
0.0
 40
312.5
  1
NOTE:
  7
100CL
100
AcDbText
  0
TEXT
  5
1078
330
1F
100
AcDbEntity
  8
0
 62
     3
100
AcDbText
 10
2016.600735373659
 20
31493.94921380996
 30
0.0
 40
250.0
  1
   OF STRUCTURAL DESIGN ENGINEER.
  7
100CL
100
AcDbText
  0
TEXT
  5
1079
330
1F
100
AcDbEntity
  8
0
 62
     3
100
AcDbText
 10
1980.886449659372
 20
31931.44921380996
 30
0.0
 40
250.0
  1
2.  WITHOUT A STAIR SUPPORT LOCATION, CONSULT AND SEEK APPROVAL
  7
100CL
100
AcDbText
  0
TEXT
  5
107A
330
1F
100
AcDbEntity
  8
0
 62
     3
100
AcDbText
 10
2016.600735373659
 20
32806.44921380996
 30
0.0
 40
250.0
  1
   SUPPORTS WHETHER IT IS A BEAM, A COLUMN, OR A WALL,
  7
100CL
100
AcDbText
  0
TEXT
  5
107B
330
1F
100
AcDbEntity
  8
0
 62
     3
100
AcDbText
 10
1945.172163945087
 20
33264.7825471433
 30
0.0
 40
250.0
  1
1.  STAIR SPAN IS THE DISTANCE BETWEEN ADJACENT STAIR
  7
100CL
100
AcDbText
  0
TEXT
  5
107C
330
1F
100
AcDbEntity
  8
TG
100
AcDbText
 10
7345.640562716576
 20
39040.93425898151
 30
0.0
 40
250.0
  1
200
  7
100CL
 72
     1
 11
7702.783419859433
 21
39165.93425898152
 31
0.0
100
AcDbText
 73
     2
  0
TEXT
  5
107D
330
1F
100
AcDbEntity
  8
TG
100
AcDbText
 10
3854.906284222351
 20
39040.93425898151
 30
0.0
 40
250.0
  1
7.0
  7
100CL
 72
     1
 11
4152.525331841398
 21
39165.93425898152
 31
0.0
100
AcDbText
 73
     2
  0
TEXT
  5
107E
330
1F
100
AcDbEntity
  8
TG
100
AcDbText
 10
3854.906284222351
 20
37240.86567636857
 30
0.0
 40
250.0
  1
9.0
  7
100CL
 72
     1
 11
4152.525331841398
 21
37365.86567636857
 31
0.0
100
AcDbText
 73
     2
  0
TEXT
  5
107F
330
1F
100
AcDbEntity
  8
TG
100
AcDbText
 10
3854.906284222351
 20
38140.89996767486
 30
0.0
 40
250.0
  1
8.0
  7
100CL
 72
     1
 11
4152.525331841398
 21
38265.89996767486
 31
0.0
100
AcDbText
 73
     2
  0
TEXT
  5
1080
330
1F
100
AcDbEntity
  8
TG
100
AcDbText
 10
7345.640562716576
 20
37240.86567636857
 30
0.0
 40
250.0
  1
250
  7
100CL
 72
     1
 11
7702.783419859433
 21
37365.86567636857
 31
0.0
100
AcDbText
 73
     2
  0
TEXT
  5
1081
330
1F
100
AcDbEntity
  8
TG
100
AcDbText
 10
7345.640562716576
 20
38140.89996767486
 30
0.0
 40
250.0
  1
225
  7
100CL
 72
     1
 11
7702.783419859433
 21
38265.89996767486
 31
0.0
100
AcDbText
 73
     2
  0
TEXT
  5
1082
330
1F
100
AcDbEntity
  8
TG
100
AcDbText
 10
3848.95390326997
 20
39940.9685502878
 30
0.0
 40
250.0
  1
6.0
  7
100CL
 72
     1
 11
4152.525331841398
 21
40065.96855028781
 31
0.0
100
AcDbText
 73
     2
  0
TEXT
  5
1083
330
1F
100
AcDbEntity
  8
TG
100
AcDbText
 10
3854.906284222351
 20
40841.00284159446
 30
0.0
 40
250.0
  1
5.0
  7
100CL
 72
     1
 11
4152.525331841398
 21
40966.00284159446
 31
0.0
100
AcDbText
 73
     2
  0
TEXT
  5
1084
330
1F
100
AcDbEntity
  8
TG
100
AcDbText
 10
3854.906284222351
 20
41741.03713290075
 30
0.0
 40
250.0
  1
4.0
  7
100CL
 72
     1
 11
4152.525331841398
 21
41866.03713290075
 31
0.0
100
AcDbText
 73
     2
  0
TEXT
  5
1085
330
1F
100
AcDbEntity
  8
TG
100
AcDbText
 10
7327.783419859433
 20
39940.9685502878
 30
0.0
 40
250.0
  1
175
  7
100CL
 72
     1
 11
7702.783419859433
 21
40065.96855028781
 31
0.0
100
AcDbText
 73
     2
  0
TEXT
  5
1086
330
1F
100
AcDbEntity
  8
TG
100
AcDbText
 10
7327.783419859433
 20
40841.00284159446
 30
0.0
 40
250.0
  1
150
  7
100CL
 72
     1
 11
7702.783419859433
 21
40966.00284159446
 31
0.0
100
AcDbText
 73
     2
  0
TEXT
  5
1087
330
1F
100
AcDbEntity
  8
TG
100
AcDbText
 10
7327.783419859433
 20
41741.03713290075
 30
0.0
 40
250.0
  1
125
  7
100CL
 72
     1
 11
7702.783419859433
 21
41866.03713290075
 31
0.0
100
AcDbText
 73
     2
  0
TEXT
  5
1088
330
1F
100
AcDbEntity
  8
TG
100
AcDbText
 10
10180.64365402365
 20
39040.93425898151
 30
0.0
 40
250.0
  1
%%C16 @ 100
  7
100CL
 72
     1
 11
11299.69127307126
 21
39165.93425898152
 31
0.0
100
AcDbText
 73
     2
  0
TEXT
  5
1089
330
1F
100
AcDbEntity
  8
TG
100
AcDbText
 10
14230.51802641609
 20
39040.93425898151
 30
0.0
 40
250.0
  1
%%C10 @ 300
  7
100CL
 72
     1
 11
15349.56564546371
 21
39165.93425898152
 31
0.0
100
AcDbText
 73
     2
  0
TEXT
  5
108A
330
1F
100
AcDbEntity
  8
TG
100
AcDbText
 10
10180.64365402364
 20
37240.86567636857
 30
0.0
 40
250.0
  1
%%C20 @ 120
  7
100CL
 72
     1
 11
11299.69127307126
 21
37365.86567636857
 31
0.0
100
AcDbText
 73
     2
  0
TEXT
  5
108B
330
1F
100
AcDbEntity
  8
TG
100
AcDbText
 10
10180.64365402365
 20
38140.89996767486
 30
0.0
 40
250.0
  1
%%C20 @ 140
  7
100CL
 72
     1
 11
11299.69127307126
 21
38265.89996767486
 31
0.0
100
AcDbText
 73
     2
  0
TEXT
  5
108C
330
1F
100
AcDbEntity
  8
TG
100
AcDbText
 10
14230.51802641609
 20
38140.89996767486
 30
0.0
 40
250.0
  1
%%C10 @ 300
  7
100CL
 72
     1
 11
15349.56564546371
 21
38265.89996767486
 31
0.0
100
AcDbText
 73
     2
  0
TEXT
  5
108D
330
1F
100
AcDbEntity
  8
TG
100
AcDbText
 10
14230.51802641609
 20
37240.86567636857
 30
0.0
 40
250.0
  1
%%C10 @ 300
  7
100CL
 72
     1
 11
15349.56564546371
 21
37365.86567636857
 31
0.0
100
AcDbText
 73
     2
  0
TEXT
  5
108E
330
1F
100
AcDbEntity
  8
TG
100
AcDbText
 10
10180.64365402364
 20
39940.9685502878
 30
0.0
 40
250.0
  1
%%C16 @ 120
  7
100CL
 72
     1
 11
11299.69127307126
 21
40065.96855028781
 31
0.0
100
AcDbText
 73
     2
  0
TEXT
  5
108F
330
1F
100
AcDbEntity
  8
TG
100
AcDbText
 10
10180.64365402365
 20
40841.00284159446
 30
0.0
 40
250.0
  1
%%C16 @ 150
  7
100CL
 72
     1
 11
11299.69127307126
 21
40966.00284159446
 31
0.0
100
AcDbText
 73
     2
  0
TEXT
  5
1090
330
1F
100
AcDbEntity
  8
TG
100
AcDbText
 10
10180.64365402364
 20
41741.03713290075
 30
0.0
 40
250.0
  1
%%C16 @ 200
  7
100CL
 72
     1
 11
11299.69127307126
 21
41866.03713290075
 31
0.0
100
AcDbText
 73
     2
  0
TEXT
  5
1091
330
1F
100
AcDbEntity
  8
TC
100
AcDbText
 10
10299.6531716196
 20
42770.4317951886
 30
0.0
 40
300.0114304354996
  1
MAIN (a)
  7
100CL
 72
     1
 11
11299.69127307126
 21
42920.43751040634
 31
0.0
100
AcDbText
 73
     2
  0
TEXT
  5
1092
330
1F
100
AcDbEntity
  8
TG
100
AcDbText
 10
14230.51802641609
 20
40841.00284159446
 30
0.0
 40
250.0
  1
%%C10 @ 300
  7
100CL
 72
     1
 11
15349.56564546371
 21
40966.00284159446
 31
0.0
100
AcDbText
 73
     2
  0
TEXT
  5
1093
330
1F
100
AcDbEntity
  8
TG
100
AcDbText
 10
14230.51802641609
 20
39940.9685502878
 30
0.0
 40
250.0
  1
%%C10 @ 300
  7
100CL
 72
     1
 11
15349.56564546371
 21
40065.96855028781
 31
0.0
100
AcDbText
 73
     2
  0
TEXT
  5
1094
330
1F
100
AcDbEntity
  8
TG
100
AcDbText
 10
14230.51802641609
 20
41741.03713290075
 30
0.0
 40
250.0
  1
%%C10 @ 300
  7
100CL
 72
     1
 11
15349.56564546371
 21
41866.03713290075
 31
0.0
100
AcDbText
 73
     2
  0
TEXT
  5
1095
330
1F
100
AcDbEntity
  8
TC
100
AcDbText
 10
2354.737471599883
 20
43610.83400147497
 30
0.0
 40
350.0133355080828
  1
CLEAR SPAN
  7
ROMANSIM
 11
2354.737471599883
 21
43785.84066922901
 31
0.0
100
AcDbText
 73
     2
  0
TEXT
  5
1096
330
1F
100
AcDbEntity
  8
TM
100
AcDbText
 10
7509.16724567799
 20
45253.44458060034
 30
0.0
 40
600.0228608709992
  1
STAIR SCHEDULE
  7
ROMANSIM
100
AcDbText
  0
TEXT
  5
1097
330
1F
100
AcDbEntity
  8
TC
100
AcDbText
 10
6266.913994134766
 20
43610.83400147497
 30
0.0
 40
350.0133355080828
  1
THICKNESS 
  7
ROMANSIM
 11
6266.913994134766
 21
43785.84066922901
 31
0.0
100
AcDbText
 73
     2
  0
TEXT
  5
1098
330
1F
100
AcDbEntity
  8
TC
100
AcDbText
 10
11047.40795808232
 20
43954.19730635646
 30
0.0
 40
350.0133355080828
  1
REINFORCEMENTS
  7
100CL
 72
     1
 11
13322.49463888486
 21
44129.2039741105
 31
0.0
100
AcDbText
 73
     2
  0
LINE
  5
1099
330
1F
100
AcDbEntity
  8
5B
100
AcDbLine
 10
20970.01343322779
 20
36015.81423940858
 30
0.0
 11
20970.01343322779
 21
46364.46261786878
 31
0.0
  0
LINE
  5
109A
330
1F
100
AcDbEntity
  8
5B
 62
     2
100
AcDbLine
 10
17291.81349503797
 20
36015.81423940858
 30
0.0
 11
17291.81349503797
 21
44733.5872059624
 31
0.0
  0
LINE
  5
109B
330
1F
100
AcDbEntity
  8
SHE
  6
HIDDEN
100
AcDbLine
 10
39694.05240541251
 20
42645.95994151137
 30
0.0
 11
39458.23189005002
 21
43620.37031099114
 31
0.0
1001
ACAD
1000
ASC_BOUNDS
1002
{
1070
    19
1002
}
  0
LINE
  5
109C
330
1F
100
AcDbEntity
  8
2Y
100
AcDbLine
 10
39863.87697080236
 20
42512.33262808849
 30
0.0
 11
39628.05645543983
 21
43486.74299756819
 31
0.0
1001
ACAD
1000
ASC_BOUNDS
1002
{
1070
    19
1002
}
  0
LINE
  5
109D
330
1F
100
AcDbEntity
  8
2Y
100
AcDbLine
 10
42855.71973971975
 20
43659.38948651087
 30
0.0
 11
36329.91229426379
 21
39010.13836642104
 31
0.0
1001
ACAD
1000
ASC_BOUNDS
1002
{
1070
    19
1002
}
  0
DIMENSION
  5
109E
330
1F
100
AcDbEntity
  8
DIM
100
AcDbDimension
280
     0
  2
*D62
 10
37375.0650620002
 20
44736.82310397869
 30
0.0
 11
38769.64357549777
 21
46087.03366816666
 31
0.0
 70
    32
  1
L/4
 71
     5
 42
3838.51084704489
 73
     0
 74
     0
 75
     0
  3
DIM100
100
AcDbAlignedDimension
 13
42855.71973971975
 23
43659.38948651087
 33
0.0
 14
39357.29512697207
 24
41954.5144304814
 34
0.0
 50
215.4676202350382
100
AcDbRotatedDimension
  0
DIMENSION
  5
109F
330
1F
100
AcDbEntity
  8
DIM
100
AcDbDimension
280
     0
  2
*D63
 10
27221.96969489409
 20
39555.88749766141
 30
0.0
 11
33246.09767532797
 21
44123.98396198268
 31
0.0
 70
    32
  1
L
 71
     5
 42
15113.83448791084
 73
     0
 74
     0
 75
     0
  3
DIM100
100
AcDbAlignedDimension
 13
42855.71973971976
 23
43659.38948651087
 33
0.0
 14
29576.37392161056
 24
36251.18567890211
 34
0.0
 50
215.4676202350382
100
AcDbRotatedDimension
  0
LINE
  5
10A0
330
1F
100
AcDbEntity
  8
4C
100
AcDbLine
 10
43560.3295548531
 20
44358.26852395473
 30
0.0
 11
36285.66315927004
 21
39175.49977531584
 31
0.0
1001
ACAD
1000
ASC_BOUNDS
1002
{
1070
    19
1002
}
  0
LINE
  5
10A1
330
1F
100
AcDbEntity
  8
4C
100
AcDbLine
 10
42636.68083396007
 20
44290.88242767645
 30
0.0
 11
39357.29512697207
 21
41954.5144304814
 31
0.0
1001
ACAD
1000
ASC_BOUNDS
1002
{
1070
    19
1002
}
  0
LINE
  5
10A2
330
1F
100
AcDbEntity
  8
4C
100
AcDbLine
 10
41823.27778261318
 20
43809.82409935413
 30
0.0
 11
40968.88562324733
 21
43201.12031256162
 31
0.0
1001
ACAD
1000
ASC_BOUNDS
1002
{
1070
    19
1002
}
  0
LINE
  5
10A3
330
1F
100
AcDbEntity
  8
2Y
100
AcDbLine
 10
31657.6334965346
 20
36665.87041121205
 30
0.0
 11
30054.10573545978
 21
36665.87041121205
 31
0.0
1001
ACAD
1000
ASC_BOUNDS
1002
{
1070
    19
1002
}
  0
LINE
  5
10A4
330
1F
100
AcDbEntity
  8
SHE
  6
HIDDEN
100
AcDbLine
 10
31487.80893114413
 20
36799.49772463491
 30
0.0
 11
29884.28117006973
 21
36799.49772463491
 31
0.0
1001
ACAD
1000
ASC_BOUNDS
1002
{
1070
    19
1002
}
  0
LINE
  5
10A5
330
1F
100
AcDbEntity
  8
4C
100
AcDbLine
 10
31257.86140606634
 20
35531.1072656241
 30
0.0
 11
23355.67783171884
 21
35531.10726562513
 31
0.0
1001
ACAD
1000
ASC_BOUNDS
1002
{
1070
    19
1002
}
  0
DIMENSION
  5
10A6
330
1F
100
AcDbEntity
  8
DIM
100
AcDbDimension
280
     0
  2
*D64
 10
28191.95030160008
 20
38194.3979799544
 30
0.0
 11
29690.92880979579
 21
39618.98735417332
 31
0.0
 70
    32
  1
L/4
 71
     5
 42
4094.882189238939
 73
     0
 74
     0
 75
     0
  3
DIM100
100
AcDbAlignedDimension
 13
33509.23080697195
 23
37788.11512780966
 33
0.0
 14
30546.35452831654
 24
34889.6961611951
 34
0.0
 50
215.4676202350382
100
AcDbRotatedDimension
  0
LINE
  5
10A7
330
1F
100
AcDbEntity
  8
4C
100
AcDbLine
 10
33509.23080697195
 20
37788.11512780966
 30
0.0
 11
29580.16198314667
 21
34988.88640664973
 31
0.0
1001
ACAD
1000
ASC_BOUNDS
1002
{
1070
    19
1002
}
  0
LINE
  5
10A8
330
1F
100
AcDbEntity
  8
4C
100
AcDbLine
 10
35953.24006398977
 20
38938.6680175612
 30
0.0
 11
30508.99653551135
 21
35059.96710056668
 31
0.0
1001
ACAD
1000
ASC_BOUNDS
1002
{
1070
    19
1002
}
  0
LINE
  5
10A9
330
1F
100
AcDbEntity
  8
2Y
100
AcDbLine
 10
35997.48919898352
 20
38773.3066086664
 30
0.0
 11
30546.35452831654
 21
34889.6961611951
 31
0.0
1001
ACAD
1000
ASC_BOUNDS
1002
{
1070
    19
1002
}
  0
LINE
  5
10AA
330
1F
100
AcDbEntity
  8
2Y
100
AcDbLine
 10
23202.91549911397
 20
42695.89543632739
 30
0.0
 11
23202.91549911397
 21
33419.28009635916
 31
0.0
  0
LINE
  5
10AB
330
1F
100
AcDbEntity
  8
7W
 62
     8
100
AcDbLine
 10
24217.01856656765
 20
33419.28009635917
 30
0.0
 11
23847.02290901428
 21
33419.28009635917
 31
0.0
  0
LWPOLYLINE
  5
10AC
330
1F
100
AcDbEntity
  8
1R
100
AcDbPolyline
 90
        2
 70
     0
 43
78.12499999999999
 10
23875.70616144712
 20
32940.53322195764
 10
23590.02740902961
 20
33125.2218330847
  0
TEXT
  5
10AD
330
1F
100
AcDbEntity
  8
TG
 62
     4
100
AcDbText
 10
22590.48026982676
 20
31367.14490293014
 30
0.0
 40
250.0
  1
SUPPORT
  7
100CL
 11
22590.48026982676
 21
31492.14490293014
 31
0.0
100
AcDbText
 73
     2
  0
TEXT
  5
10AE
330
1F
100
AcDbEntity
  8
TG
100
AcDbText
 10
22590.48026982676
 20
30434.99773243294
 30
0.0
 40
250.0
  1
OR WALL)
  7
100CL
 11
22590.48026982676
 21
30559.99773243294
 31
0.0
100
AcDbText
 73
     2
  0
TEXT
  5
10AF
330
1F
100
AcDbEntity
  8
TG
100
AcDbText
 10
22590.48026982676
 20
30830.5741120011
 30
0.0
 40
250.0
  1
(BEAM, COLUMN,
  7
100CL
 11
22590.48026982676
 21
30955.57411200109
 31
0.0
100
AcDbText
 73
     2
  0
LINE
  5
10B0
330
1F
100
AcDbEntity
  8
2Y
100
AcDbLine
 10
23590.02740902961
 20
33125.2218330847
 30
0.0
 11
23590.02740902961
 21
31981.83561031522
 31
0.0
  0
LINE
  5
10B1
330
1F
100
AcDbEntity
  8
7W
 62
     8
100
AcDbLine
 10
23322.84954293713
 20
33419.28009635916
 30
0.0
 11
22887.68172828518
 21
33419.28009635917
 31
0.0
  0
LINE
  5
10B2
330
1F
100
AcDbEntity
  8
7W
 62
     8
100
AcDbLine
 10
23801.81911827335
 20
33340.25004087885
 30
0.0
 11
23691.65584319063
 21
33433.18807996499
 31
0.0
  0
LINE
  5
10B3
330
1F
100
AcDbEntity
  8
7W
 62
     8
100
AcDbLine
 10
23493.28463707428
 20
33433.18807996498
 30
0.0
 11
23691.65584319063
 21
33433.18807996499
 31
0.0
  0
LINE
  5
10B4
330
1F
100
AcDbEntity
  8
7W
 62
     8
100
AcDbLine
 10
23322.84954293713
 20
33419.28009635916
 30
0.0
 11
23433.01281801979
 21
33512.21813544531
 31
0.0
  0
LINE
  5
10B5
330
1F
100
AcDbEntity
  8
7W
 62
     8
100
AcDbLine
 10
23801.81911827335
 20
33340.25004087885
 30
0.0
 11
23383.12136199155
 21
33340.25004087884
 31
0.0
  0
LINE
  5
10B6
330
1F
100
AcDbEntity
  8
7W
 62
     8
100
AcDbLine
 10
23383.12136199155
 20
33340.25004087884
 30
0.0
 11
23493.28463707428
 21
33433.18807996498
 31
0.0
  0
LINE
  5
10B7
330
1F
100
AcDbEntity
  8
7W
 62
     8
100
AcDbLine
 10
23433.01281801979
 20
33512.21813544531
 30
0.0
 11
23736.85963393161
 21
33512.21813544531
 31
0.0
  0
LWPOLYLINE
  5
10B8
330
1F
100
AcDbEntity
  8
1R
100
AcDbPolyline
 90
        2
 70
     0
 43
78.12499999999999
 10
23304.34865661209
 20
32940.53322195764
 10
23590.02740902961
 20
33125.2218330847
  0
LINE
  5
10B9
330
1F
100
AcDbEntity
  8
7W
 62
     8
100
AcDbLine
 10
23847.02290901428
 20
33419.28009635917
 30
0.0
 11
23736.85963393161
 21
33512.21813544531
 31
0.0
  0
LINE
  5
10BA
330
1F
100
AcDbEntity
  8
2Y
100
AcDbLine
 10
30546.35452831654
 20
34889.6961611951
 30
0.0
 11
24004.67937965112
 21
34889.69616119507
 31
0.0
1001
ACAD
1000
ASC_BOUNDS
1002
{
1070
    19
1002
}
  0
LINE
  5
10BB
330
1F
100
AcDbEntity
  8
2Y
100
AcDbLine
 10
24004.67937965112
 20
34889.69616119507
 30
0.0
 11
24004.67937965112
 21
33419.28009635917
 31
0.0
1001
ACAD
1000
ASC_BOUNDS
1002
{
1070
    19
1002
}
  0
LINE
  5
10BC
330
1F
100
AcDbEntity
  8
7W
 62
     8
100
AcDbLine
 10
24217.01856656765
 20
42695.89543632739
 30
0.0
 11
23847.02290901428
 21
42695.89543632739
 31
0.0
  0
LINE
  5
10BD
330
1F
100
AcDbEntity
  8
7W
 62
     8
100
AcDbLine
 10
23573.5551563092
 20
40046.5551058578
 30
0.0
 11
24689.87270462544
 21
41980.07381692246
 31
0.0
  0
LINE
  5
10BE
330
1F
100
AcDbEntity
  8
4C
100
AcDbLine
 10
30477.98202203255
 20
35050.04893730253
 30
0.0
 11
23404.47398617668
 21
35050.04893730251
 31
0.0
1001
ACAD
1000
ASC_BOUNDS
1002
{
1070
    19
1002
}
  0
LINE
  5
10BF
330
1F
100
AcDbEntity
  8
4C
100
AcDbLine
 10
23351.02306080748
 20
35706.46756908793
 30
0.0
 11
23351.02306080748
 21
35103.49986267166
 31
0.0
  0
ARC
  5
10C0
330
1F
100
AcDbEntity
  8
4C
100
AcDbCircle
 10
23404.47398617668
 20
35103.49986267166
 30
0.0
 40
53.45092536914545
100
AcDbArc
 50
180.0
 51
270.0
1001
ACAD
1000
ASC_BOUNDS
1002
{
1070
    19
1002
}
  0
ARC
  5
10C1
330
1F
100
AcDbEntity
  8
4C
100
AcDbCircle
 10
23355.67783171884
 20
35477.65634025597
 30
0.0
 40
53.45092536914545
100
AcDbArc
 50
90.0
 51
180.0
  0
LINE
  5
10C2
330
1F
100
AcDbEntity
  8
4C
100
AcDbLine
 10
23302.22690634971
 20
35477.65634025597
 30
0.0
 11
23302.22690634971
 21
34971.12189975402
 31
0.0
  0
SOLID
  5
10C3
330
1F
100
AcDbEntity
  8
7W
 62
     8
100
AcDbTrace
 10
23791.01908527211
 20
40310.71367963506
 30
0.0
 11
23693.59122734636
 21
40366.96367963505
 31
0.0
 12
23573.55515630924
 22
40046.55510585781
 32
0.0
 13
23573.55515630924
 23
40046.55510585781
 33
0.0
  0
SPLINE
  5
10C4
330
1F
100
AcDbEntity
  8
7W
 62
     8
100
AcDbSpline
210
0.0
220
0.0
230
1.0
 70
  1064
 71
     3
 72
    10
 73
     6
 74
     4
 42
0.000000001
 43
0.0000000001
 44
0.0000000001
 40
0.0
 40
0.0
 40
0.0
 40
0.0
 40
130.147568472547
 40
258.1131351510502
 40
390.6938812650056
 40
390.6938812650056
 40
390.6938812650056
 40
390.6938812650056
 10
23658.84803104179
 20
39911.85447029784
 30
0.0
 10
23664.54559302803
 20
39967.67483400187
 30
0.0
 10
23675.8451939675
 20
40078.37969964024
 30
0.0
 10
23470.85692349276
 20
40014.40082578652
 30
0.0
 10
23491.62258983984
 20
40127.45992651099
 30
0.0
 10
23502.1893390229
 20
40184.9908113981
 30
0.0
 11
23658.84803104179
 21
39911.85447029784
 31
0.0
 11
23638.63647468317
 21
40040.42306120899
 31
0.0
 11
23511.26321040484
 21
40052.72093917364
 31
0.0
 11
23502.1893390229
 21
40184.9908113981
 31
0.0
  0
LINE
  5
10C5
330
1F
100
AcDbEntity
  8
7W
 62
     8
100
AcDbLine
 10
23322.84954293713
 20
42695.89543632739
 30
0.0
 11
22887.68172828518
 21
42695.89543632739
 31
0.0
  0
LINE
  5
10C6
330
1F
100
AcDbEntity
  8
7W
 62
     8
100
AcDbLine
 10
23493.28463707428
 20
42681.98745272158
 30
0.0
 11
23691.65584319063
 21
42681.98745272158
 31
0.0
  0
LINE
  5
10C7
330
1F
100
AcDbEntity
  8
7W
 62
     8
100
AcDbLine
 10
23801.81911827335
 20
42774.92549180771
 30
0.0
 11
23691.65584319063
 21
42681.98745272158
 31
0.0
  0
LINE
  5
10C8
330
1F
100
AcDbEntity
  8
7W
 62
     8
100
AcDbLine
 10
23322.84954293713
 20
42695.89543632739
 30
0.0
 11
23433.01281801979
 21
42602.95739724127
 31
0.0
  0
LINE
  5
10C9
330
1F
100
AcDbEntity
  8
7W
 62
     8
100
AcDbLine
 10
23383.12136199155
 20
42774.92549180773
 30
0.0
 11
23493.28463707428
 21
42681.98745272158
 31
0.0
  0
LINE
  5
10CA
330
1F
100
AcDbEntity
  8
7W
 62
     8
100
AcDbLine
 10
23801.81911827335
 20
42774.92549180771
 30
0.0
 11
23383.12136199155
 21
42774.92549180773
 31
0.0
  0
LINE
  5
10CB
330
1F
100
AcDbEntity
  8
7W
 62
     8
100
AcDbLine
 10
23433.01281801979
 20
42602.95739724127
 30
0.0
 11
23736.85963393161
 21
42602.95739724127
 31
0.0
  0
LINE
  5
10CC
330
1F
100
AcDbEntity
  8
7W
 62
     8
100
AcDbLine
 10
23847.02290901428
 20
42695.89543632739
 30
0.0
 11
23736.85963393161
 21
42602.95739724127
 31
0.0
  0
LINE
  5
10CD
330
1F
100
AcDbEntity
  8
2Y
100
AcDbLine
 10
24004.67937965112
 20
42707.00150852457
 30
0.0
 11
24004.67937965112
 21
35691.46004173256
 31
0.0
1001
ACAD
1000
ASC_BOUNDS
1002
{
1070
    19
1002
}
  0
TEXT
  5
10CE
330
1F
100
AcDbEntity
  8
TG
100
AcDbText
 10
26893.77678624388
 20
37289.80107885736
 30
0.0
 40
250.0
  1
"b"
  7
100CL
 11
26893.77678624388
 21
37414.80107885736
 31
0.0
100
AcDbText
 73
     2
  0
CIRCLE
  5
10CF
330
1F
100
AcDbEntity
  8
7W
 62
     8
100
AcDbCircle
 10
27255.61038799006
 20
35442.73363355581
 30
0.0
 40
168.2156977068916
  0
CIRCLE
  5
10D0
330
1F
100
AcDbEntity
  8
7W
 62
     8
100
AcDbCircle
 10
27255.61038799006
 20
35139.02346685789
 30
0.0
 40
168.2156977068916
  0
LINE
  5
10D1
330
1F
100
AcDbEntity
  8
SHE
  6
HIDDEN
100
AcDbLine
 10
30120.10168543353
 20
35825.08735515454
 30
0.0
 11
24004.67937965112
 21
35825.08735515542
 31
0.0
1001
ACAD
1000
ASC_BOUNDS
1002
{
1070
    19
1002
}
  0
LINE
  5
10D2
330
1F
100
AcDbEntity
  8
2Y
100
AcDbLine
 10
30289.92625082356
 20
35691.46004173165
 30
0.0
 11
24004.67937965112
 21
35691.46004173256
 31
0.0
1001
ACAD
1000
ASC_BOUNDS
1002
{
1070
    19
1002
}
  0
LINE
  5
10D3
330
1F
100
AcDbEntity
  8
7W
 62
     8
100
AcDbLine
 10
26328.21943248107
 20
37385.45328239118
 30
0.0
 11
27096.05333840389
 21
35085.74993794932
 31
0.0
  0
LINE
  5
10D4
330
1F
100
AcDbEntity
  8
7W
 62
     8
100
AcDbLine
 10
27401.28945551955
 20
35526.84148240923
 30
0.0
 11
26328.21943248107
 21
37385.45328239118
 31
0.0
  0
TEXT
  5
10D5
330
1F
100
AcDbEntity
  8
TG
100
AcDbText
 10
24210.74384833021
 20
36774.40074016916
 30
0.0
 40
250.0
  1
"a"
  7
100CL
 11
24210.74384833021
 21
36899.40074016916
 31
0.0
100
AcDbText
 73
     2
  0
LINE
  5
10D6
330
1F
100
AcDbEntity
  8
7W
 62
     8
100
AcDbLine
 10
25070.87926768469
 20
36870.05294370296
 30
0.0
 11
25739.44355725309
 21
36870.05294370296
 31
0.0
  0
LWPOLYLINE
  5
10D7
330
1F
100
AcDbEntity
  8
3G
100
AcDbPolyline
 90
        2
 70
     1
 43
53.45092536914545
 10
24070.9687248097
 20
35428.17790334888
 42
-1.0
 10
24026.14100687314
 20
35457.2893637626
 42
-1.0
  0
LWPOLYLINE
  5
10D8
330
1F
100
AcDbEntity
  8
3G
100
AcDbPolyline
 90
        2
 70
     1
 43
53.45092536914545
 10
24070.9687248097
 20
35124.46773665097
 42
-1.0
 10
24026.14100687314
 20
35153.57919706469
 42
-1.0
  0
LWPOLYLINE
  5
10D9
330
1F
100
AcDbEntity
  8
3G
100
AcDbPolyline
 90
        2
 70
     1
 43
53.45092536914545
 10
25139.98723219263
 20
35428.17790334888
 42
-1.0
 10
25095.15951425602
 20
35457.2893637626
 42
-1.0
  0
LWPOLYLINE
  5
10DA
330
1F
100
AcDbEntity
  8
3G
100
AcDbPolyline
 90
        2
 70
     1
 43
53.45092536914545
 10
25139.98723219263
 20
35124.46773665097
 42
-1.0
 10
25095.15951425602
 20
35153.57919706469
 42
-1.0
  0
LINE
  5
10DB
330
1F
100
AcDbEntity
  8
7W
 62
     8
100
AcDbLine
 10
26512.48420492176
 20
35531.1072656248
 30
0.0
 11
25739.44355725309
 21
36870.05294370296
 31
0.0
  0
LWPOLYLINE
  5
10DC
330
1F
100
AcDbEntity
  8
3G
100
AcDbPolyline
 90
        2
 70
     1
 43
53.45092536914545
 10
26209.00573957558
 20
35124.46773665097
 42
-1.0
 10
26164.17802163896
 20
35153.57919706469
 42
-1.0
  0
LWPOLYLINE
  5
10DD
330
1F
100
AcDbEntity
  8
3G
100
AcDbPolyline
 90
        2
 70
     1
 43
53.45092536914545
 10
26209.00573957558
 20
35428.17790334888
 42
-1.0
 10
26164.17802163896
 20
35457.2893637626
 42
-1.0
  0
SOLID
  5
10DE
330
1F
100
AcDbEntity
  8
7W
 62
     8
100
AcDbTrace
 10
26295.02027595897
 20
35795.2658394021
 30
0.0
 11
26392.44813388473
 21
35851.51583940208
 31
0.0
 12
26512.48420492179
 22
35531.10726562479
 32
0.0
 13
26512.48420492179
 23
35531.10726562479
 33
0.0
  0
LWPOLYLINE
  5
10DF
330
1F
100
AcDbEntity
  8
3G
100
AcDbPolyline
 90
        2
 70
     1
 43
53.45092536914545
 10
27278.02424695839
 20
35124.467736651
 42
-1.0
 10
27233.19652902178
 20
35153.5791970647
 42
-1.0
  0
LWPOLYLINE
  5
10E0
330
1F
100
AcDbEntity
  8
3G
100
AcDbPolyline
 90
        2
 70
     1
 43
53.45092536914545
 10
27278.02424695839
 20
35428.17790334892
 42
-1.0
 10
27233.19652902178
 20
35457.28936376263
 42
-1.0
  0
LINE
  5
10E1
330
1F
100
AcDbEntity
  8
7W
 62
     8
100
AcDbLine
 10
26328.21943248107
 20
37385.45328239118
 30
0.0
 11
26892.13855023417
 21
37385.45328239117
 31
0.0
  0
LINE
  5
10E2
330
1F
100
AcDbEntity
  8
4C
100
AcDbLine
 10
29549.14746966787
 20
34978.96824338559
 30
0.0
 11
27958.35736937243
 21
34978.96824338561
 31
0.0
1001
ACAD
1000
ASC_BOUNDS
1002
{
1070
    19
1002
}
  0
LWPOLYLINE
  5
10E3
330
1F
100
AcDbEntity
  8
3G
100
AcDbPolyline
 90
        2
 70
     1
 43
53.45092536914545
 10
28347.04275434133
 20
35428.17790334892
 42
-1.0
 10
28302.21503640472
 20
35457.28936376263
 42
-1.0
  0
LWPOLYLINE
  5
10E4
330
1F
100
AcDbEntity
  8
3G
100
AcDbPolyline
 90
        2
 70
     1
 43
53.45092536914545
 10
28347.04275434133
 20
35124.467736651
 42
-1.0
 10
28302.21503640472
 20
35153.5791970647
 42
-1.0
  0
LINE
  5
10E5
330
1F
100
AcDbEntity
  8
2Y
100
AcDbLine
 10
30289.92625082356
 20
35691.46004173165
 30
0.0
 11
30054.10573545978
 21
36665.87041121205
 31
0.0
1001
ACAD
1000
ASC_BOUNDS
1002
{
1070
    19
1002
}
  0
LINE
  5
10E6
330
1F
100
AcDbEntity
  8
SHE
  6
HIDDEN
100
AcDbLine
 10
30120.10168543353
 20
35825.08735515454
 30
0.0
 11
29884.28117006973
 21
36799.49772463491
 31
0.0
1001
ACAD
1000
ASC_BOUNDS
1002
{
1070
    19
1002
}
  0
LWPOLYLINE
  5
10E7
330
1F
100
AcDbEntity
  8
3G
100
AcDbPolyline
 90
        2
 70
     1
 43
53.45092536914545
 10
29416.06126172422
 20
35428.17790334892
 42
-1.0
 10
29371.2335437876
 20
35457.28936376263
 42
-1.0
  0
LWPOLYLINE
  5
10E8
330
1F
100
AcDbEntity
  8
3G
100
AcDbPolyline
 90
        2
 70
     1
 43
53.45092536914545
 10
29416.06126172422
 20
35124.467736651
 42
-1.0
 10
29371.2335437876
 20
35153.5791970647
 42
-1.0
  0
ARC
  5
10E9
330
1F
100
AcDbEntity
  8
4C
100
AcDbCircle
 10
29549.14746966787
 20
35032.41916875474
 30
0.0
 40
53.45092536914545
100
AcDbArc
 50
270.0
 51
305.4676202352986
1001
ACAD
1000
ASC_BOUNDS
1002
{
1070
    19
1002
}
  0
ARC
  5
10EA
330
1F
100
AcDbEntity
  8
4C
100
AcDbCircle
 10
30477.98202203255
 20
35103.49986267168
 30
0.0
 40
53.45092536914545
100
AcDbArc
 50
270.0
 51
305.4676202352986
1001
ACAD
1000
ASC_BOUNDS
1002
{
1070
    19
1002
}
  0
LWPOLYLINE
  5
10EB
330
1F
100
AcDbEntity
  8
3G
100
AcDbPolyline
 90
        2
 70
     1
 43
53.45092536914545
 10
30485.07976910709
 20
35428.17790334892
 42
-1.0
 10
30440.25205117053
 20
35457.28936376263
 42
-1.0
  0
LWPOLYLINE
  5
10EC
330
1F
100
AcDbEntity
  8
3G
100
AcDbPolyline
 90
        2
 70
     1
 43
53.45092536914545
 10
30461.73320494199
 20
35165.73264911266
 42
-1.0
 10
30463.5986153356
 20
35112.31428460305
 42
-1.0
  0
LWPOLYLINE
  5
10ED
330
1F
100
AcDbEntity
  8
3G
100
AcDbPolyline
 90
        2
 70
     1
 43
53.45092536914545
 10
30294.28081746418
 20
36442.41831407613
 42
1.0
 10
30339.1085354008
 20
36471.52977448984
 42
1.0
  0
TEXT
  5
10EE
330
1F
100
AcDbEntity
  8
TG
100
AcDbText
 10
25529.21637219346
 20
41446.10821525668
 30
0.0
 40
250.0
  1
WALL / R.C. WALL
  7
100CL
 11
25529.21637219346
 21
41571.10821525668
 31
0.0
100
AcDbText
 73
     2
  0
TEXT
  5
10EF
330
1F
100
AcDbEntity
  8
TG
100
AcDbText
 10
25529.21637219346
 20
41855.07381692245
 30
0.0
 40
250.0
  1
BEARING LOAD CHB
  7
100CL
 11
25529.21637219346
 21
41980.07381692245
 31
0.0
100
AcDbText
 73
     2
  0
LINE
  5
10F0
330
1F
100
AcDbEntity
  8
7W
 62
     8
100
AcDbLine
 10
24689.87270462544
 20
41980.07381692246
 30
0.0
 11
25475.77448576182
 21
41980.07381692245
 31
0.0
  0
TEXT
  5
10F1
330
1F
100
AcDbEntity
  8
TG
100
AcDbText
 10
34557.76375600846
 20
34813.36519495449
 30
0.0
 40
250.0
  1
REINF. (b)
  7
100CL
 72
     2
 11
36486.33518457988
 21
34938.36519495449
 31
0.0
100
AcDbText
 73
     2
  0
TEXT
  5
10F2
330
1F
100
AcDbEntity
  8
TITLE
 62
     2
100
AcDbText
 10
39783.14763192712
 20
28681.33888153775
 30
0.0
 40
250.0
  1
SCALE :
  7
100CL
100
AcDbText
  0
LINE
  5
10F3
330
1F
100
AcDbEntity
  8
SHE
  6
HIDDEN
100
AcDbLine
 10
38326.34515970135
 20
41671.54957203283
 30
0.0
 11
36722.81739862695
 21
41671.54957203221
 31
0.0
1001
ACAD
1000
ASC_BOUNDS
1002
{
1070
    19
1002
}
  0
LINE
  5
10F4
330
1F
100
AcDbEntity
  8
2Y
100
AcDbLine
 10
38496.16972509123
 20
41537.92225861005
 30
0.0
 11
36892.64196401686
 21
41537.92225860941
 31
0.0
1001
ACAD
1000
ASC_BOUNDS
1002
{
1070
    19
1002
}
  0
LINE
  5
10F5
330
1F
100
AcDbEntity
  8
7W
 62
     8
100
AcDbLine
 10
37531.18583201972
 20
39865.97458096258
 30
0.0
 11
38231.59593785207
 21
38652.82869152611
 31
0.0
  0
SPLINE
  5
10F6
330
1F
100
AcDbEntity
  8
7W
 62
     8
100
AcDbSpline
210
0.0
220
0.0
230
1.0
 70
  1064
 71
     3
 72
    10
 73
     6
 74
     4
 42
0.000000001
 43
0.0000000001
 44
0.0000000001
 40
0.0
 40
0.0
 40
0.0
 40
0.0
 40
790.3767674619228
 40
1287.93718909763
 40
1888.888814423918
 40
1888.888814423918
 40
1888.888814423918
 40
1888.888814423918
 10
35438.25732495175
 20
40424.13760166696
 30
0.0
 10
35466.65221828238
 20
40127.19049219657
 30
0.0
 10
35512.92235248487
 20
39643.30832203852
 30
0.0
 10
36237.33127408328
 20
39487.86394705956
 30
0.0
 10
36314.47908607431
 20
39094.16658398444
 30
0.0
 10
36356.68354176015
 20
38878.79063896774
 30
0.0
 11
35438.25732495175
 21
40424.13760166696
 31
0.0
 11
35692.03304468313
 21
39675.61016822289
 31
0.0
 11
36127.07696227388
 21
39434.14968916762
 31
0.0
 11
36356.68354176015
 21
38878.79063896774
 31
0.0
  0
LINE
  5
10F7
330
1F
100
AcDbEntity
  8
SHE
  6
HIDDEN
100
AcDbLine
 10
34223.2234225671
 20
38748.31846359414
 30
0.0
 11
33987.40290720461
 21
39722.7288330733
 31
0.0
1001
ACAD
1000
ASC_BOUNDS
1002
{
1070
    19
1002
}
  0
SPLINE
  5
10F8
330
1F
100
AcDbEntity
  8
7W
 62
     8
100
AcDbSpline
210
0.0
220
0.0
230
1.0
 70
  1064
 71
     3
 72
    10
 73
     6
 74
     4
 42
0.000000001
 43
0.0000000001
 44
0.0000000001
 40
0.0
 40
0.0
 40
0.0
 40
0.0
 40
790.3767674619016
 40
1287.937189097588
 40
1888.888814423916
 40
1888.888814423916
 40
1888.888814423916
 40
1888.888814423916
 10
35105.8342296715
 20
40187.3058439123
 30
0.0
 10
35134.22912300211
 20
39890.35873444189
 30
0.0
 10
35180.49925720454
 20
39406.47656428383
 30
0.0
 10
35904.90817880299
 20
39251.03218930494
 30
0.0
 10
35982.05599079401
 20
38857.33482622979
 30
0.0
 10
36024.26044647984
 20
38641.95888121307
 30
0.0
 11
35105.8342296715
 21
40187.3058439123
 31
0.0
 11
35359.60994940282
 21
39438.77841046822
 31
0.0
 11
35794.65386699356
 21
39197.317931413
 31
0.0
 11
36024.26044647984
 21
38641.95888121307
 31
0.0
  0
LINE
  5
10F9
330
1F
100
AcDbEntity
  8
2Y
100
AcDbLine
 10
34393.04798795704
 20
38614.69115017128
 30
0.0
 11
34157.22747259442
 21
39589.10151965043
 31
0.0
1001
ACAD
1000
ASC_BOUNDS
1002
{
1070
    19
1002
}
  0
LINE
  5
10FA
330
1F
100
AcDbEntity
  8
7W
 62
     8
100
AcDbLine
 10
33800.1588578993
 20
35344.65704889306
 30
0.0
 11
34454.69115164113
 21
35344.65704889306
 31
0.0
  0
CIRCLE
  5
10FB
330
1F
100
AcDbEntity
  8
7W
 62
     8
100
AcDbCircle
 10
33075.49508713165
 20
36997.85395598602
 30
0.0
 40
168.2156977068916
  0
LWPOLYLINE
  5
10FC
330
1F
100
AcDbEntity
  8
3G
100
AcDbPolyline
 90
        2
 70
     1
 43
53.45092536914545
 10
33074.56238193478
 20
37024.56313824083
 42
-1.0
 10
33076.42779232851
 20
36971.14477373122
 42
-1.0
  0
LINE
  5
10FD
330
1F
100
AcDbEntity
  8
7W
 62
     8
100
AcDbLine
 10
33800.1588578993
 20
35344.65704889306
 30
0.0
 11
33235.18255956014
 21
37050.73525801624
 31
0.0
  0
LINE
  5
10FE
330
1F
100
AcDbEntity
  8
7W
 62
     8
100
AcDbLine
 10
33800.1588578993
 20
35344.65704889306
 30
0.0
 11
32762.92645178296
 21
37148.0424023228
 31
0.0
  0
LINE
  5
10FF
330
1F
100
AcDbEntity
  8
SHE
  6
HIDDEN
100
AcDbLine
 10
31487.80893114478
 20
36799.4977246343
 30
0.0
 11
31251.98841578099
 21
37773.90809411469
 31
0.0
1001
ACAD
1000
ASC_BOUNDS
1002
{
1070
    19
1002
}
  0
LINE
  5
1100
330
1F
100
AcDbEntity
  8
2Y
100
AcDbLine
 10
31657.6334965346
 20
36665.87041121205
 30
0.0
 11
31421.81298117094
 21
37640.28078069183
 31
0.0
1001
ACAD
1000
ASC_BOUNDS
1002
{
1070
    19
1002
}
  0
LINE
  5
1101
330
1F
100
AcDbEntity
  8
4C
100
AcDbLine
 10
32383.4605264637
 20
36320.85210202931
 30
0.0
 11
31288.87591954519
 21
35541.02542888826
 31
0.0
1001
ACAD
1000
ASC_BOUNDS
1002
{
1070
    19
1002
}
  0
ARC
  5
1102
330
1F
100
AcDbEntity
  8
4C
100
AcDbCircle
 10
31257.86140606634
 20
35584.55819099325
 30
0.0
 40
53.45092536914545
100
AcDbArc
 50
270.0
 51
305.4676202352986
1001
ACAD
1000
ASC_BOUNDS
1002
{
1070
    19
1002
}
  0
LWPOLYLINE
  5
1103
330
1F
100
AcDbEntity
  8
3G
100
AcDbPolyline
 90
        2
 70
     1
 43
53.45092536914545
 10
31768.57951878487
 20
36094.12773387632
 42
-1.0
 10
31770.44492917848
 20
36040.70936936671
 42
-1.0
  0
LWPOLYLINE
  5
1104
330
1F
100
AcDbEntity
  8
3G
100
AcDbPolyline
 90
        2
 70
     1
 43
53.45092536914545
 10
31601.82814396839
 20
36328.18421635268
 42
-1.0
 10
31603.69355436206
 20
36274.76585184307
 42
-1.0
  0
LINE
  5
1105
330
1F
100
AcDbEntity
  8
SHE
  6
HIDDEN
100
AcDbLine
 10
32855.5161768553
 20
37773.90809411469
 30
0.0
 11
32619.69566149279
 21
38748.31846359414
 31
0.0
1001
ACAD
1000
ASC_BOUNDS
1002
{
1070
    19
1002
}
  0
LINE
  5
1106
330
1F
100
AcDbEntity
  8
SHE
  6
HIDDEN
100
AcDbLine
 10
34223.2234225671
 20
38748.31846359414
 30
0.0
 11
32619.69566149279
 21
38748.31846359414
 31
0.0
1001
ACAD
1000
ASC_BOUNDS
1002
{
1070
    19
1002
}
  0
LINE
  5
1107
330
1F
100
AcDbEntity
  8
SHE
  6
HIDDEN
100
AcDbLine
 10
32855.5161768553
 20
37773.90809411469
 30
0.0
 11
31251.98841578099
 21
37773.90809411469
 31
0.0
1001
ACAD
1000
ASC_BOUNDS
1002
{
1070
    19
1002
}
  0
LINE
  5
1108
330
1F
100
AcDbEntity
  8
2Y
100
AcDbLine
 10
33025.34074224514
 20
37640.28078069183
 30
0.0
 11
31421.81298117094
 21
37640.28078069183
 31
0.0
1001
ACAD
1000
ASC_BOUNDS
1002
{
1070
    19
1002
}
  0
LWPOLYLINE
  5
1109
330
1F
100
AcDbEntity
  8
3G
100
AcDbPolyline
 90
        2
 70
     1
 43
53.45092536914545
 10
31661.98806317543
 20
37416.8286835559
 42
1.0
 10
31706.81578111192
 20
37445.94014396962
 42
1.0
  0
LINE
  5
110A
330
1F
100
AcDbEntity
  8
2Y
100
AcDbLine
 10
33025.34074224514
 20
37640.28078069183
 30
0.0
 11
32789.52022688261
 21
38614.69115017129
 31
0.0
1001
ACAD
1000
ASC_BOUNDS
1002
{
1070
    19
1002
}
  0
LWPOLYLINE
  5
110B
330
1F
100
AcDbEntity
  8
3G
100
AcDbPolyline
 90
        2
 70
     1
 43
53.45092536914545
 10
32907.81100711826
 20
37258.6196207172
 42
-1.0
 10
32909.67641751199
 20
37205.20125620759
 42
-1.0
  0
CIRCLE
  5
110C
330
1F
100
AcDbEntity
  8
7W
 62
     8
100
AcDbCircle
 10
32908.74371231513
 20
37231.91043846239
 30
0.0
 40
168.2156977068916
  0
LWPOLYLINE
  5
110D
330
1F
100
AcDbEntity
  8
3G
100
AcDbPolyline
 90
        2
 70
     1
 43
53.45092536914545
 10
34380.54524508465
 20
37954.99854260534
 42
-1.0
 10
34382.41065547832
 20
37901.58017809574
 42
-1.0
  0
LINE
  5
110E
330
1F
100
AcDbEntity
  8
2Y
100
AcDbLine
 10
34393.04798795704
 20
38614.69115017128
 30
0.0
 11
32789.52022688261
 21
38614.69115017129
 31
0.0
1001
ACAD
1000
ASC_BOUNDS
1002
{
1070
    19
1002
}
  0
LWPOLYLINE
  5
110F
330
1F
100
AcDbEntity
  8
3G
100
AcDbPolyline
 90
        2
 70
     1
 43
53.45092536914545
 10
33029.69530888702
 20
38391.23905303539
 42
1.0
 10
33074.52302682357
 20
38420.35051344908
 42
1.0
  0
TEXT
  5
1110
330
1F
100
AcDbEntity
  8
TG
100
AcDbText
 10
34567.75223805163
 20
35219.65704889306
 30
0.0
 40
250.0
  1
SECONDARY
  7
100CL
 72
     2
 11
36722.51414281353
 21
35344.65704889306
 31
0.0
100
AcDbText
 73
     2
  0
LWPOLYLINE
  5
1111
330
1F
100
AcDbEntity
  8
3G
100
AcDbPolyline
 90
        2
 70
     1
 43
53.45092536914545
 10
35686.52810823461
 20
38885.43394696986
 42
-1.0
 10
35688.39351862829
 20
38832.01558246024
 42
-1.0
  0
LINE
  5
1112
330
1F
100
AcDbEntity
  8
7W
 62
     8
100
AcDbLine
 10
35090.64638179017
 20
41898.07376886468
 30
0.0
 11
34198.64427286725
 21
41898.07376886468
 31
0.0
  0
LWPOLYLINE
  5
1113
330
1F
100
AcDbEntity
  8
3G
100
AcDbPolyline
 90
        2
 70
     1
 43
53.45092536914545
 10
34397.40255459889
 20
39365.64942251453
 42
1.0
 10
34442.23027253544
 20
39394.76088292823
 42
1.0
  0
LINE
  5
1114
330
1F
100
AcDbEntity
  8
SHE
  6
HIDDEN
100
AcDbLine
 10
35180.20273287012
 20
39722.7288330733
 30
0.0
 11
33987.40290720461
 21
39722.7288330733
 31
0.0
1001
ACAD
1000
ASC_BOUNDS
1002
{
1070
    19
1002
}
  0
LINE
  5
1115
330
1F
100
AcDbEntity
  8
2Y
100
AcDbLine
 10
35235.35616412388
 20
39589.10151965043
 30
0.0
 11
34157.22747259442
 21
39589.10151965043
 31
0.0
1001
ACAD
1000
ASC_BOUNDS
1002
{
1070
    19
1002
}
  0
TEXT
  5
1116
330
1F
100
AcDbEntity
  8
TG
100
AcDbText
 10
31756.57979524652
 20
41381.76441333682
 30
0.0
 40
250.0
  1
BARS (TYP.)
  7
100CL
 11
31756.57979524652
 21
41506.76441333681
 31
0.0
100
AcDbText
 73
     2
  0
TEXT
  5
1117
330
1F
100
AcDbEntity
  8
TG
100
AcDbText
 10
31773.32482081824
 20
41773.07376886468
 30
0.0
 40
250.0
  1
%%C12 NOSING 
  7
100CL
 11
31773.32482081824
 21
41898.07376886468
 31
0.0
100
AcDbText
 73
     2
  0
LINE
  5
1118
330
1F
100
AcDbEntity
  8
SHE
  6
HIDDEN
100
AcDbLine
 10
36958.63791398954
 20
40697.13920255308
 30
0.0
 11
36722.81739862695
 21
41671.54957203221
 31
0.0
1001
ACAD
1000
ASC_BOUNDS
1002
{
1070
    19
1002
}
  0
LINE
  5
1119
330
1F
100
AcDbEntity
  8
7W
 62
     8
100
AcDbLine
 10
37128.46247937936
 20
40563.51188913018
 30
0.0
 11
36543.64706095281
 21
41576.44190689469
 31
0.0
  0
LINE
  5
111A
330
1F
100
AcDbEntity
  8
2Y
100
AcDbLine
 10
37128.46247937936
 20
40563.51188913018
 30
0.0
 11
36892.64196401686
 21
41537.92225860941
 31
0.0
1001
ACAD
1000
ASC_BOUNDS
1002
{
1070
    19
1002
}
  0
LINE
  5
111B
330
1F
100
AcDbEntity
  8
7W
 62
     8
100
AcDbLine
 10
35933.2027268078
 20
40438.72337105456
 30
0.0
 11
35090.64638179017
 21
41898.07376886468
 31
0.0
  0
LINE
  5
111C
330
1F
100
AcDbEntity
  8
SHE
  6
HIDDEN
100
AcDbLine
 10
36958.63791398954
 20
40697.13920255308
 30
0.0
 11
35355.11015291576
 21
40697.13920255308
 31
0.0
1001
ACAD
1000
ASC_BOUNDS
1002
{
1070
    19
1002
}
  0
LINE
  5
111D
330
1F
100
AcDbEntity
  8
2Y
100
AcDbLine
 10
37128.46247937936
 20
40563.51188913018
 30
0.0
 11
35524.93471830558
 21
40563.51188913018
 31
0.0
1001
ACAD
1000
ASC_BOUNDS
1002
{
1070
    19
1002
}
  0
LINE
  5
111E
330
1F
100
AcDbEntity
  8
SHE
  6
HIDDEN
100
AcDbLine
 10
35590.93066827832
 20
39722.7288330733
 30
0.0
 11
35355.11015291576
 21
40697.13920255308
 31
0.0
1001
ACAD
1000
ASC_BOUNDS
1002
{
1070
    19
1002
}
  0
LINE
  5
111F
330
1F
100
AcDbEntity
  8
2Y
100
AcDbLine
 10
35760.7552336682
 20
39589.10151965043
 30
0.0
 11
35524.93471830558
 21
40563.51188913018
 31
0.0
1001
ACAD
1000
ASC_BOUNDS
1002
{
1070
    19
1002
}
  0
CIRCLE
  5
1120
330
1F
100
AcDbEntity
  8
7W
 62
     8
100
AcDbCircle
 10
35787.52365927831
 20
40354.61552220113
 30
0.0
 40
168.2156977068916
  0
LWPOLYLINE
  5
1121
330
1F
100
AcDbEntity
  8
3G
100
AcDbPolyline
 90
        2
 70
     1
 43
53.45092536914545
 10
35765.10980031008
 20
40340.05979199429
 42
1.0
 10
35809.93751824657
 20
40369.17125240799
 42
1.0
  0
LWPOLYLINE
  5
1122
330
1F
100
AcDbEntity
  8
3G
100
AcDbPolyline
 90
        2
 70
     1
 43
53.45092536914545
 10
36992.51097138442
 20
39815.86935133438
 42
-1.0
 10
36994.37638177815
 20
39762.45098682475
 42
-1.0
  0
SOLID
  5
1123
330
1F
100
AcDbEntity
  8
7W
 62
     8
100
AcDbTrace
 10
37748.64976098258
 20
39601.81600718527
 30
0.0
 11
37651.22190305682
 21
39545.56600718528
 31
0.0
 12
37531.18583201975
 22
39865.97458096257
 32
0.0
 13
37531.18583201975
 23
39865.97458096257
 33
0.0
  0
SOLID
  5
1124
330
1F
100
AcDbEntity
  8
7W
 62
     8
100
AcDbTrace
 10
37021.76374956862
 20
40848.31951026552
 30
0.0
 11
36935.16120919017
 21
40798.31951026552
 31
0.0
 12
37128.46247937939
 22
40563.51188913018
 32
0.0
 13
37128.46247937939
 23
40563.51188913018
 33
0.0
  0
LWPOLYLINE
  5
1125
330
1F
100
AcDbEntity
  8
3G
100
AcDbPolyline
 90
        2
 70
     1
 43
53.45092536914545
 10
37132.81704602121
 20
41314.47016147349
 42
1.0
 10
37177.6447639578
 20
41343.5816218872
 42
1.0
  0
TEXT
  5
1126
330
1F
100
AcDbEntity
  8
TG
100
AcDbText
 10
39122.91855655576
 20
38527.82869152611
 30
0.0
 40
250.0
  1
t (SEE TABLE)
  7
100CL
 11
39122.91855655576
 21
38652.82869152611
 31
0.0
100
AcDbText
 73
     2
  0
LINE
  5
1127
330
1F
100
AcDbEntity
  8
7W
 62
     8
100
AcDbLine
 10
38915.23196523699
 20
38652.82869152613
 30
0.0
 11
38231.59593785207
 21
38652.82869152611
 31
0.0
  0
LINE
  5
1128
330
1F
100
AcDbEntity
  8
7W
 62
     8
100
AcDbLine
 10
39798.30044683946
 20
42268.70458924662
 30
0.0
 11
41536.21306208363
 21
40635.18986840587
 31
0.0
  0
LINE
  5
1129
330
1F
100
AcDbEntity
  8
7W
 62
     8
100
AcDbLine
 10
40603.08830237447
 20
42251.40936202284
 30
0.0
 11
41536.21306208364
 21
40635.18986840584
 31
0.0
  0
LWPOLYLINE
  5
112A
330
1F
100
AcDbEntity
  8
3G
100
AcDbPolyline
 90
        2
 70
     1
 43
53.45092536914545
 10
38298.49383453446
 20
40746.30475569888
 42
-1.0
 10
38300.35924492806
 20
40692.88639118926
 42
-1.0
  0
LINE
  5
112B
330
1F
100
AcDbEntity
  8
2Y
100
AcDbLine
 10
39863.87697080236
 20
42512.33262808849
 30
0.0
 11
38260.34920972867
 21
42512.3326280885
 31
0.0
1001
ACAD
1000
ASC_BOUNDS
1002
{
1070
    19
1002
}
  0
LINE
  5
112C
330
1F
100
AcDbEntity
  8
SHE
  6
HIDDEN
100
AcDbLine
 10
38326.34515970135
 20
41671.54957203283
 30
0.0
 11
38090.52464433876
 21
42645.95994151137
 31
0.0
1001
ACAD
1000
ASC_BOUNDS
1002
{
1070
    19
1002
}
  0
LINE
  5
112D
330
1F
100
AcDbEntity
  8
2Y
100
AcDbLine
 10
38496.16972509123
 20
41537.92225861005
 30
0.0
 11
38260.34920972867
 21
42512.3326280885
 31
0.0
1001
ACAD
1000
ASC_BOUNDS
1002
{
1070
    19
1002
}
  0
LWPOLYLINE
  5
112E
330
1F
100
AcDbEntity
  8
3G
100
AcDbPolyline
 90
        2
 70
     1
 43
53.45092536914545
 10
39436.60890465581
 20
41912.36367561494
 42
-1.0
 10
39438.47431504948
 20
41858.94531110532
 42
-1.0
  0
LWPOLYLINE
  5
112F
330
1F
100
AcDbEntity
  8
3G
100
AcDbPolyline
 90
        2
 70
     1
 43
53.45092536914545
 10
39604.47669768425
 20
41676.7401600634
 42
-1.0
 10
39606.34210807793
 20
41623.32179555376
 42
-1.0
  0
LINE
  5
1130
330
1F
100
AcDbEntity
  8
SHE
  6
HIDDEN
100
AcDbLine
 10
39694.05240541251
 20
42645.95994151137
 30
0.0
 11
38090.52464433876
 21
42645.95994151137
 31
0.0
1001
ACAD
1000
ASC_BOUNDS
1002
{
1070
    19
1002
}
  0
LWPOLYLINE
  5
1131
330
1F
100
AcDbEntity
  8
3G
100
AcDbPolyline
 90
        2
 70
     1
 43
53.45092536914545
 10
38500.52429173318
 20
42288.88053095258
 42
1.0
 10
38545.35200966967
 20
42317.9919913663
 42
1.0
  0
SOLID
  5
1132
330
1F
100
AcDbEntity
  8
7W
 62
     8
100
AcDbTrace
 10
40820.5522313379
 20
41987.25078824581
 30
0.0
 11
40723.12437341219
 21
41931.00078824559
 31
0.0
 12
40603.08830237444
 22
42251.40936202283
 32
0.0
 13
40603.08830237444
 23
42251.40936202283
 33
0.0
  0
SOLID
  5
1133
330
1F
100
AcDbEntity
  8
7W
 62
     8
100
AcDbTrace
 10
40082.74562665914
 20
42078.54346762282
 30
0.0
 11
40005.69633425036
 21
41996.56995641771
 31
0.0
 12
39798.30044683948
 22
42268.70458924663
 32
0.0
 13
39798.30044683948
 23
42268.70458924663
 33
0.0
  0
LWPOLYLINE
  5
1134
330
1F
100
AcDbEntity
  8
3G
100
AcDbPolyline
 90
        2
 70
     1
 43
53.45092536914545
 10
40742.59176780561
 20
42842.79907997945
 42
-1.0
 10
40744.45717819934
 20
42789.38071546984
 42
-1.0
  0
LWPOLYLINE
  5
1135
330
1F
100
AcDbEntity
  8
3G
100
AcDbPolyline
 90
        2
 70
     1
 43
53.45092536914545
 10
40910.45956083422
 20
42607.1755644279
 42
-1.0
 10
40912.32497122789
 20
42553.75719991828
 42
-1.0
  0
LINE
  5
1136
330
1F
100
AcDbEntity
  8
7W
 62
     8
100
AcDbLine
 10
41536.21306208363
 20
40635.18986840587
 30
0.0
 11
42209.82787831492
 21
40635.18986840588
 31
0.0
  0
TEXT
  5
1137
330
1F
100
AcDbEntity
  8
TC
100
AcDbText
 10
17944.05173638098
 20
43351.89207592
 30
0.0
 40
350.0133355080828
  1
REMARKS
  7
ROMANSIM
 11
17944.05173638098
 21
43526.89874367404
 31
0.0
100
AcDbText
 73
     2
  0
LINE
  5
1138
330
1F
100
AcDbEntity
  8
SHE
  6
HIDDEN
100
AcDbLine
 10
41061.75965112471
 20
43620.3703109905
 30
0.0
 11
39458.23189005002
 21
43620.37031099114
 31
0.0
1001
ACAD
1000
ASC_BOUNDS
1002
{
1070
    19
1002
}
  0
LINE
  5
1139
330
1F
100
AcDbEntity
  8
2Y
100
AcDbLine
 10
41231.58421651451
 20
43486.74299756758
 30
0.0
 11
39628.05645543983
 21
43486.74299756819
 31
0.0
1001
ACAD
1000
ASC_BOUNDS
1002
{
1070
    19
1002
}
  0
LWPOLYLINE
  5
113A
330
1F
100
AcDbEntity
  8
3G
100
AcDbPolyline
 90
        2
 70
     1
 43
53.45092536914545
 10
41235.93878315626
 20
44237.70126991212
 42
1.0
 10
41280.76650109275
 20
44266.81273032584
 42
1.0
  0
LINE
  5
113B
330
1F
100
AcDbEntity
  8
SHE
  6
HIDDEN
100
AcDbLine
 10
41061.75965112471
 20
43620.3703109905
 30
0.0
 11
40825.93913576195
 21
44594.78068047091
 31
0.0
1001
ACAD
1000
ASC_BOUNDS
1002
{
1070
    19
1002
}
  0
LINE
  5
113C
330
1F
100
AcDbEntity
  8
2Y
100
AcDbLine
 10
41231.58421651451
 20
43486.74299756758
 30
0.0
 11
40995.76370115176
 21
44461.15336704805
 31
0.0
1001
ACAD
1000
ASC_BOUNDS
1002
{
1070
    19
1002
}
  0
LWPOLYLINE
  5
113D
330
1F
100
AcDbEntity
  8
3G
100
AcDbPolyline
 90
        2
 70
     1
 43
53.45092536914545
 10
39868.23153744431
 20
43263.29090043229
 42
1.0
 10
39913.0592553808
 20
43292.40236084601
 42
1.0
  0
LWPOLYLINE
  5
113E
330
1F
100
AcDbEntity
  8
3G
100
AcDbPolyline
 90
        2
 70
     1
 43
53.45092536914545
 10
43188.16752132007
 20
43894.16106196676
 42
-1.0
 10
43143.33980338358
 20
43923.27252238048
 42
-1.0
  0
LWPOLYLINE
  5
113F
330
1F
100
AcDbEntity
  8
3G
100
AcDbPolyline
 90
        2
 70
     1
 43
53.45092536914545
 10
43188.16752132007
 20
44197.87122866472
 42
-1.0
 10
43143.33980338358
 20
44226.98268907841
 42
-1.0
  0
ARC
  5
1140
330
1F
100
AcDbEntity
  8
4C
100
AcDbCircle
 10
41854.29229609201
 20
43766.29133724915
 30
0.0
 40
53.45092536914545
100
AcDbArc
 50
90.0
 51
125.4676202352986
1001
ACAD
1000
ASC_BOUNDS
1002
{
1070
    19
1002
}
  0
LWPOLYLINE
  5
1141
330
1F
100
AcDbEntity
  8
3G
100
AcDbPolyline
 90
        2
 70
     1
 43
53.45092536914545
 10
42048.57463095564
 20
43773.23448434396
 42
-1.0
 10
42050.44004134925
 20
43719.81611983436
 42
-1.0
  0
LWPOLYLINE
  5
1142
330
1F
100
AcDbEntity
  8
3G
100
AcDbPolyline
 90
        2
 70
     1
 43
53.45092536914545
 10
42216.4424239841
 20
43537.61096879241
 42
-1.0
 10
42218.30783437771
 20
43484.19260428279
 42
-1.0
  0
ARC
  5
1143
330
1F
100
AcDbEntity
  8
4C
100
AcDbCircle
 10
42667.69534743887
 20
44247.34966557146
 30
0.0
 40
53.45092536914545
100
AcDbArc
 50
90.0
 51
125.4676202352986
1001
ACAD
1000
ASC_BOUNDS
1002
{
1070
    19
1002
}
  0
LWPOLYLINE
  5
1144
330
1F
100
AcDbEntity
  8
3G
100
AcDbPolyline
 90
        2
 70
     1
 43
53.45092536914545
 10
44257.18602870301
 20
44197.87122866472
 42
-1.0
 10
44212.35831076645
 20
44226.98268907841
 42
-1.0
  0
LWPOLYLINE
  5
1145
330
1F
100
AcDbEntity
  8
3G
100
AcDbPolyline
 90
        2
 70
     1
 43
53.45092536914545
 10
44257.18602870301
 20
43894.16106196676
 42
-1.0
 10
44212.35831076645
 20
43923.27252238048
 42
-1.0
  0
ARC
  5
1146
330
1F
100
AcDbEntity
  8
4C
100
AcDbCircle
 10
43591.34406833193
 20
44314.73576184974
 30
0.0
 40
53.45092536914545
100
AcDbArc
 50
90.0
 51
125.4676202352986
1001
ACAD
1000
ASC_BOUNDS
1002
{
1070
    19
1002
}
  0
TEXT
  5
1147
330
1F
100
AcDbEntity
  8
TG
100
AcDbText
 10
43098.86239337772
 20
45840.3757991396
 30
0.0
 40
250.0
  1
"a"
  7
100CL
 11
43098.86239337772
 21
45965.3757991396
 31
0.0
100
AcDbText
 73
     2
  0
LINE
  5
1148
330
1F
100
AcDbEntity
  8
7W
 62
     8
100
AcDbLine
 10
43863.42721058163
 20
45939.28886894743
 30
0.0
 11
44423.21573425286
 21
45939.28886894743
 31
0.0
  0
DIMENSION
  5
1149
330
1F
100
AcDbEntity
  8
DIM
100
AcDbDimension
280
     0
  2
*D54
 10
70643.01057456416
 20
26322.29256024402
 30
0.0
 11
59308.2358664613
 21
26547.29256024402
 31
0.0
 70
    32
  1
V E R I F Y
 71
     5
 42
22669.54941620574
 73
     0
 74
     0
 75
     0
  3
DIM100
100
AcDbAlignedDimension
 13
47973.46115835843
 23
24934.82636197821
 33
0.0
 14
70643.01057456416
 24
24921.4833781553
 34
0.0
100
AcDbRotatedDimension
  0
LINE
  5
114A
330
1F
100
AcDbEntity
  8
7W
 62
     8
100
AcDbLine
 10
74766.26779623405
 20
14436.870523939
 30
0.0
 11
53466.84893888983
 21
14436.870523939
 31
0.0
  0
LWPOLYLINE
  5
114B
330
1F
100
AcDbEntity
  8
2Y
100
AcDbPolyline
 90
        7
 70
     0
 43
0.0
 10
63320.47278825385
 20
6938.33063962527
 10
73613.63242414669
 20
6938.330639625374
 10
73643.04794148938
 20
6718.829591694635
 10
73613.34372916101
 20
6622.364185721799
 10
73643.04794148938
 20
6488.796973964446
 10
73635.62175161485
 20
6310.707595265527
 10
73613.63242414669
 20
6188.476651193979
  0
LINE
  5
114C
330
1F
100
AcDbEntity
  8
2Y
100
AcDbLine
 10
73613.63242414666
 20
6188.47665119391
 30
0.0
 11
72517.64554564279
 21
6188.476651193893
 31
0.0
  0
CIRCLE
  5
114D
330
1F
100
AcDbEntity
  8
1R
100
AcDbCircle
 10
73095.86102456992
 20
5837.781249846035
 30
0.0
 40
71.63689573271764
  0
CIRCLE
  5
114E
330
1F
100
AcDbEntity
  8
1R
100
AcDbCircle
 10
73189.06518582097
 20
6052.68548907869
 30
0.0
 40
129.0523734900137
  0
LINE
  5
114F
330
1F
100
AcDbEntity
  8
2Y
100
AcDbLine
 10
73556.89204249592
 20
21185.55641982136
 30
0.0
 11
72642.62121038122
 21
21185.55641982134
 31
0.0
  0
LINE
  5
1150
330
1F
100
AcDbEntity
  8
2Y
100
AcDbLine
 10
73556.89204249592
 20
21935.41040825273
 30
0.0
 11
72642.62121038122
 21
21935.41040825273
 31
0.0
  0
DIMENSION
  5
1151
330
1F
100
AcDbEntity
  8
DIM
100
AcDbDimension
280
     0
  2
*D55
 10
70643.01057456416
 20
10848.92093793896
 30
0.0
 11
59308.2358664613
 21
10848.92093793896
 31
0.0
 70
    32
  1
S T A I R  S P A N\X( S E E   T A B L E )
 71
     5
 42
22669.54941620574
 73
     0
 74
     0
 75
     0
  3
DIM100
100
AcDbAlignedDimension
 13
47973.46115835843
 23
9461.45473967315
 33
0.0
 14
70643.01057456416
 24
9448.111755850247
 34
0.0
100
AcDbRotatedDimension
  0
LINE
  5
1152
330
1F
100
AcDbEntity
  8
SHE
  6
HIDDEN
100
AcDbLine
 10
61272.06436618233
 20
7381.347390281431
 30
0.0
 11
51624.39057438258
 21
13687.01653550763
 31
0.0
  0
LINE
  5
1153
330
1F
100
AcDbEntity
  8
2Y
100
AcDbLine
 10
47973.46115835843
 20
11687.40589969059
 30
0.0
 11
47973.46115835843
 21
6938.330639625279
 31
0.0
1001
ACAD
1000
ASC_BOUNDS
1002
{
1070
    19
1002
}
  0
LINE
  5
1154
330
1F
100
AcDbEntity
  8
2Y
100
AcDbLine
 10
47223.60716992699
 20
11687.40589969059
 30
0.0
 11
47223.607169927
 21
6938.330639625279
 31
0.0
1001
ACAD
1000
ASC_BOUNDS
1002
{
1070
    19
1002
}
  0
LINE
  5
1155
330
1F
100
AcDbEntity
  8
2Y
100
AcDbLine
 10
47473.55849940419
 20
11437.45457021349
 30
0.0
 11
47473.55849940419
 21
9437.843934396502
 31
0.0
1001
ACAD
1000
ASC_BOUNDS
1002
{
1070
    19
1002
}
  0
LINE
  5
1156
330
1F
100
AcDbEntity
  8
2Y
100
AcDbLine
 10
47723.50982888124
 20
11437.45457021347
 30
0.0
 11
47723.50982888124
 21
9437.843934396502
 31
0.0
1001
ACAD
1000
ASC_BOUNDS
1002
{
1070
    19
1002
}
  0
LINE
  5
1157
330
1F
100
AcDbEntity
  8
SHE
  6
HIDDEN
100
AcDbLine
 10
59496.21744725375
 20
9437.84393439652
 30
0.0
 11
59596.19797904468
 21
10271.01503231992
 31
0.0
  0
INSERT
  5
1158
330
1F
100
AcDbEntity
  8
1R
100
AcDbBlockReference
  2
*X7
 10
27105.80450840965
 20
-55714.95810179792
 30
0.0
 41
0.5998831907345448
 42
0.5998831907345448
 43
0.5998831907345448
1001
ACAD
1000
HATCH
1002
{
1070
    19
1000
_U
1040
500.0
1040
0.7853981633974483
1002
}
  0
LINE
  5
1159
330
1F
100
AcDbEntity
  8
2Y
100
AcDbLine
 10
70643.01057456413
 20
18811.01878978862
 30
0.0
 11
70643.01057456413
 21
6938.330639625279
 31
0.0
  0
LINE
  5
115A
330
1F
100
AcDbEntity
  8
2Y
100
AcDbLine
 10
71392.86456299555
 20
18811.01878978862
 30
0.0
 11
71392.86456299555
 21
6938.330639625279
 31
0.0
  0
LINE
  5
115B
330
1F
100
AcDbEntity
  8
2Y
100
AcDbLine
 10
70892.96190404132
 20
11437.45457021349
 30
0.0
 11
70892.96190404132
 21
9437.843934396502
 31
0.0
1001
ACAD
1000
ASC_BOUNDS
1002
{
1070
    19
1002
}
  0
LINE
  5
115C
330
1F
100
AcDbEntity
  8
2Y
100
AcDbLine
 10
71142.91323351837
 20
11437.45457021347
 30
0.0
 11
71142.91323351837
 21
9437.843934396502
 31
0.0
1001
ACAD
1000
ASC_BOUNDS
1002
{
1070
    19
1002
}
  0
LINE
  5
115D
330
1F
100
AcDbEntity
  8
2Y
100
AcDbLine
 10
60642.7857473065
 20
6188.476651193838
 30
0.0
 11
49110.69847650493
 21
6188.47665119391
 31
0.0
  0
CIRCLE
  5
115E
330
1F
100
AcDbEntity
  8
1R
100
AcDbCircle
 10
59037.21803333947
 20
5859.272318566241
 30
0.0
 40
71.63689573226299
  0
CIRCLE
  5
115F
330
1F
100
AcDbEntity
  8
1R
100
AcDbCircle
 10
59108.92041069443
 20
6045.521799505319
 30
0.0
 40
107.5446367214853
  0
TEXT
  5
1160
330
1F
100
AcDbEntity
  8
TITLE
 62
     2
100
AcDbText
 10
49584.31339094095
 20
1101.510626551049
 30
0.0
 40
250.0
  1
NTS
  7
100CL
 72
     2
 11
50239.07529570286
 21
1101.510626551049
 31
0.0
100
AcDbText
  0
CIRCLE
  5
1161
330
1F
100
AcDbEntity
  8
1R
100
AcDbCircle
 10
51905.22156568377
 20
5801.962801979922
 30
0.0
 40
107.5446367214853
  0
CIRCLE
  5
1162
330
1F
100
AcDbEntity
  8
1R
100
AcDbCircle
 10
52012.77810815404
 20
5973.888127755587
 30
0.0
 40
71.63689573226299
  0
LINE
  5
1163
330
1F
100
AcDbEntity
  8
2Y
100
AcDbLine
 10
48610.7958175507
 20
5688.573992239659
 30
0.0
 11
49110.69847650493
 21
6188.476651193838
 31
0.0
  0
CIRCLE
  5
1164
330
1F
100
AcDbEntity
  8
1R
100
AcDbCircle
 10
45896.60996626701
 20
5837.781249846035
 30
0.0
 40
71.63689573271764
  0
CIRCLE
  5
1165
330
1F
100
AcDbEntity
  8
1R
100
AcDbCircle
 10
45509.44689292102
 20
5859.272318566241
 30
0.0
 40
71.63689573226299
  0
CIRCLE
  5
1166
330
1F
100
AcDbEntity
  8
1R
100
AcDbCircle
 10
45072.11299048651
 20
5809.126491552839
 30
0.0
 40
71.63689573271764
  0
CIRCLE
  5
1167
330
1F
100
AcDbEntity
  8
1R
100
AcDbCircle
 10
45294.37547810188
 20
5801.962801979922
 30
0.0
 40
107.5446367214853
  0
CIRCLE
  5
1168
330
1F
100
AcDbEntity
  8
1R
100
AcDbCircle
 10
45703.03438246893
 20
5816.290181126266
 30
0.0
 40
107.5446367214853
  0
CIRCLE
  5
1169
330
1F
100
AcDbEntity
  8
1R
100
AcDbCircle
 10
46075.84507459515
 20
5809.126491552839
 30
0.0
 40
71.63689573271764
  0
LINE
  5
116A
330
1F
100
AcDbEntity
  8
2Y
100
AcDbLine
 10
46611.18518173362
 20
5688.573992239659
 30
0.0
 11
46111.28252277938
 21
6188.476651193838
 31
0.0
  0
CIRCLE
  5
116B
330
1F
100
AcDbEntity
  8
1R
100
AcDbCircle
 10
50514.33236110259
 20
5816.290181126266
 30
0.0
 40
107.5446367214853
  0
CIRCLE
  5
116C
330
1F
100
AcDbEntity
  8
1R
100
AcDbCircle
 10
49317.02469319573
 20
5837.781249846035
 30
0.0
 40
71.63689573271764
  0
CIRCLE
  5
116D
330
1F
100
AcDbEntity
  8
1R
100
AcDbCircle
 10
48915.5270972525
 20
5801.962801979922
 30
0.0
 40
107.5446367214853
  0
CIRCLE
  5
116E
330
1F
100
AcDbEntity
  8
1R
100
AcDbCircle
 10
49137.78958486774
 20
5809.126491552839
 30
0.0
 40
71.63689573271764
  0
CIRCLE
  5
116F
330
1F
100
AcDbEntity
  8
1R
100
AcDbCircle
 10
49510.60027699395
 20
5816.290181126266
 30
0.0
 40
107.5446367214853
  0
CIRCLE
  5
1170
330
1F
100
AcDbEntity
  8
1R
100
AcDbCircle
 10
50320.75677730407
 20
5837.781249846035
 30
0.0
 40
71.63689573271764
  0
CIRCLE
  5
1171
330
1F
100
AcDbEntity
  8
1R
100
AcDbCircle
 10
49919.25918136085
 20
5801.962801979922
 30
0.0
 40
107.5446367214853
  0
CIRCLE
  5
1172
330
1F
100
AcDbEntity
  8
1R
100
AcDbCircle
 10
49704.18776654175
 20
5859.272318566241
 30
0.0
 40
71.63689573226299
  0
CIRCLE
  5
1173
330
1F
100
AcDbEntity
  8
1R
100
AcDbCircle
 10
50141.52166897626
 20
5809.126491552839
 30
0.0
 40
71.63689573271764
  0
CIRCLE
  5
1174
330
1F
100
AcDbEntity
  8
1R
100
AcDbCircle
 10
51503.72992261479
 20
5816.290181126266
 30
0.0
 40
107.5446367214853
  0
CIRCLE
  5
1175
330
1F
100
AcDbEntity
  8
1R
100
AcDbCircle
 10
51310.15433881667
 20
5837.781249846035
 30
0.0
 40
71.63689573271764
  0
CIRCLE
  5
1176
330
1F
100
AcDbEntity
  8
1R
100
AcDbCircle
 10
51130.91923048856
 20
5809.126491552839
 30
0.0
 40
71.63689573271764
  0
CIRCLE
  5
1177
330
1F
100
AcDbEntity
  8
1R
100
AcDbCircle
 10
50707.91985065045
 20
5859.272318566241
 30
0.0
 40
71.63689573226299
  0
CIRCLE
  5
1178
330
1F
100
AcDbEntity
  8
1R
100
AcDbCircle
 10
50908.65674287345
 20
5801.962801979922
 30
0.0
 40
107.5446367214853
  0
CIRCLE
  5
1179
330
1F
100
AcDbEntity
  8
1R
100
AcDbCircle
 10
51697.31741216269
 20
5859.272318566241
 30
0.0
 40
71.63689573226299
  0
LINE
  5
117A
330
1F
100
AcDbEntity
  8
2Y
100
AcDbLine
 10
48610.7958175507
 20
5688.573992239659
 30
0.0
 11
46611.18518173362
 21
5688.573992239659
 31
0.0
1001
ACAD
1000
ASC_BOUNDS
1002
{
1070
    19
1002
}
  0
LINE
  5
117B
330
1F
100
AcDbEntity
  8
2Y
100
AcDbLine
 10
47473.55849940419
 20
9187.892604919385
 30
0.0
 11
47473.55849940419
 21
7188.281969102414
 31
0.0
1001
ACAD
1000
ASC_BOUNDS
1002
{
1070
    19
1002
}
  0
LINE
  5
117C
330
1F
100
AcDbEntity
  8
2Y
100
AcDbLine
 10
47723.50982888124
 20
9187.892604919385
 30
0.0
 11
47723.50982888124
 21
7188.281969102414
 31
0.0
1001
ACAD
1000
ASC_BOUNDS
1002
{
1070
    19
1002
}
  0
CIRCLE
  5
117D
330
1F
100
AcDbEntity
  8
1R
100
AcDbCircle
 10
45366.0480910852
 20
5988.215506901948
 30
0.0
 40
71.63689573226299
  0
CIRCLE
  5
117E
330
1F
100
AcDbEntity
  8
1R
100
AcDbCircle
 10
45186.81893563162
 20
5973.888127755587
 30
0.0
 40
71.63689573226299
  0
CIRCLE
  5
117F
330
1F
100
AcDbEntity
  8
1R
100
AcDbCircle
 10
45781.89806824756
 20
5988.215506901439
 30
0.0
 40
71.63689573271764
  0
CIRCLE
  5
1180
330
1F
100
AcDbEntity
  8
1R
100
AcDbCircle
 10
45581.14927027594
 20
6045.521799505319
 30
0.0
 40
107.5446367214853
  0
CIRCLE
  5
1181
330
1F
100
AcDbEntity
  8
1R
100
AcDbCircle
 10
45272.84392983523
 20
6117.158695238
 30
0.0
 40
71.63689573226299
  0
CIRCLE
  5
1182
330
1F
100
AcDbEntity
  8
1R
100
AcDbCircle
 10
45989.81412751806
 20
6052.68548907869
 30
0.0
 40
129.0523734900137
  0
CIRCLE
  5
1183
330
1F
100
AcDbEntity
  8
1R
100
AcDbCircle
 10
46190.55101974033
 20
5973.888127755587
 30
0.0
 40
71.63689573226299
  0
LINE
  5
1184
330
1F
100
AcDbEntity
  8
2Y
100
AcDbLine
 10
47973.46115835843
 20
7188.281969102397
 30
0.0
 11
47223.607169927
 21
7188.281969102397
 31
0.0
1001
ACAD
1000
ASC_BOUNDS
1002
{
1070
    19
1002
}
  0
LINE
  5
1185
330
1F
100
AcDbEntity
  8
7W
 62
     8
100
AcDbLine
 10
47973.46115835843
 20
9784.822246390721
 30
0.0
 11
48789.83698539347
 21
9784.822246390721
 31
0.0
  0
SOLID
  5
1186
330
1F
100
AcDbEntity
  8
7W
 62
     8
100
AcDbTrace
 10
48310.96115835846
 20
9841.072246390721
 30
0.0
 11
48310.96115835846
 21
9728.57224639072
 31
0.0
 12
47973.46115835846
 22
9784.822246390721
 32
0.0
 13
47973.46115835846
 23
9784.822246390721
 33
0.0
  0
LINE
  5
1187
330
1F
100
AcDbEntity
  8
2Y
100
AcDbLine
 10
47973.46115835835
 20
9187.892604919385
 30
0.0
 11
47223.607169927
 21
9187.892604919385
 31
0.0
1001
ACAD
1000
ASC_BOUNDS
1002
{
1070
    19
1002
}
  0
LINE
  5
1188
330
1F
100
AcDbEntity
  8
2Y
100
AcDbLine
 10
47973.46115835843
 20
9437.843934396502
 30
0.0
 11
47223.607169927
 21
9437.843934396502
 31
0.0
1001
ACAD
1000
ASC_BOUNDS
1002
{
1070
    19
1002
}
  0
CIRCLE
  5
1189
330
1F
100
AcDbEntity
  8
1R
100
AcDbCircle
 10
50227.55261605301
 20
6052.68548907869
 30
0.0
 40
129.0523734900137
  0
CIRCLE
  5
118A
330
1F
100
AcDbEntity
  8
1R
100
AcDbCircle
 10
49431.73659121521
 20
5988.215506901439
 30
0.0
 40
71.63689573271764
  0
CIRCLE
  5
118B
330
1F
100
AcDbEntity
  8
1R
100
AcDbCircle
 10
49023.08363972248
 20
5973.888127755587
 30
0.0
 40
71.63689573226299
  0
CIRCLE
  5
118C
330
1F
100
AcDbEntity
  8
1R
100
AcDbCircle
 10
49223.82053194468
 20
6052.68548907869
 30
0.0
 40
129.0523734900137
  0
CIRCLE
  5
118D
330
1F
100
AcDbEntity
  8
1R
100
AcDbCircle
 10
49632.48538918686
 20
6045.521799505319
 30
0.0
 40
107.5446367214853
  0
CIRCLE
  5
118E
330
1F
100
AcDbEntity
  8
1R
100
AcDbCircle
 10
49847.58656837761
 20
5988.215506901948
 30
0.0
 40
71.63689573226299
  0
CIRCLE
  5
118F
330
1F
100
AcDbEntity
  8
1R
100
AcDbCircle
 10
50026.81572383112
 20
5973.888127755587
 30
0.0
 40
71.63689573226299
  0
CIRCLE
  5
1190
330
1F
100
AcDbEntity
  8
1R
100
AcDbCircle
 10
49940.7907296275
 20
6117.158695238
 30
0.0
 40
71.63689573226299
  0
CIRCLE
  5
1191
330
1F
100
AcDbEntity
  8
1R
100
AcDbCircle
 10
51216.95017756562
 20
6052.68548907869
 30
0.0
 40
129.0523734900137
  0
CIRCLE
  5
1192
330
1F
100
AcDbEntity
  8
1R
100
AcDbCircle
 10
50636.21747329542
 20
6045.521799505319
 30
0.0
 40
107.5446367214853
  0
CIRCLE
  5
1193
330
1F
100
AcDbEntity
  8
1R
100
AcDbCircle
 10
50435.46867532385
 20
5988.215506901439
 30
0.0
 40
71.63689573271764
  0
CIRCLE
  5
1194
330
1F
100
AcDbEntity
  8
1R
100
AcDbCircle
 10
51016.21328534342
 20
5973.888127755587
 30
0.0
 40
71.63689573226299
  0
CIRCLE
  5
1195
330
1F
100
AcDbEntity
  8
1R
100
AcDbCircle
 10
50844.15139118793
 20
5988.215506901948
 30
0.0
 40
71.63689573226299
  0
CIRCLE
  5
1196
330
1F
100
AcDbEntity
  8
1R
100
AcDbCircle
 10
50944.52281373613
 20
6109.995005664629
 30
0.0
 40
71.63689573226299
  0
CIRCLE
  5
1197
330
1F
100
AcDbEntity
  8
1R
100
AcDbCircle
 10
51424.86623683612
 20
5988.215506901439
 30
0.0
 40
71.63689573271764
  0
CIRCLE
  5
1198
330
1F
100
AcDbEntity
  8
1R
100
AcDbCircle
 10
51833.54299982593
 20
5973.888127755587
 30
0.0
 40
71.63689573226299
  0
CIRCLE
  5
1199
330
1F
100
AcDbEntity
  8
1R
100
AcDbCircle
 10
51625.61503480772
 20
6045.521799505319
 30
0.0
 40
107.5446367214853
  0
CIRCLE
  5
119A
330
1F
100
AcDbEntity
  8
1R
100
AcDbCircle
 10
51926.74716107615
 20
6109.995005664629
 30
0.0
 40
71.63689573226299
  0
CIRCLE
  5
119B
330
1F
100
AcDbEntity
  8
1R
100
AcDbCircle
 10
52500.29474542551
 20
5816.290181126266
 30
0.0
 40
107.5446367214853
  0
CIRCLE
  5
119C
330
1F
100
AcDbEntity
  8
1R
100
AcDbCircle
 10
52127.48405329929
 20
5809.126491552839
 30
0.0
 40
71.63689573271764
  0
CIRCLE
  5
119D
330
1F
100
AcDbEntity
  8
1R
100
AcDbCircle
 10
52306.71916162703
 20
5837.781249846035
 30
0.0
 40
71.63689573271764
  0
CIRCLE
  5
119E
330
1F
100
AcDbEntity
  8
1R
100
AcDbCircle
 10
56224.13940830885
 20
5816.290181126266
 30
0.0
 40
107.5446367214853
  0
CIRCLE
  5
119F
330
1F
100
AcDbEntity
  8
1R
100
AcDbCircle
 10
54218.27061054608
 20
5816.290181126266
 30
0.0
 40
107.5446367214853
  0
CIRCLE
  5
11A0
330
1F
100
AcDbEntity
  8
1R
100
AcDbCircle
 10
53415.28137153384
 20
5837.781249846035
 30
0.0
 40
71.63689573271764
  0
CIRCLE
  5
11A1
330
1F
100
AcDbEntity
  8
1R
100
AcDbCircle
 10
53028.11829818764
 20
5859.272318566241
 30
0.0
 40
71.63689573226299
  0
CIRCLE
  5
11A2
330
1F
100
AcDbEntity
  8
1R
100
AcDbCircle
 10
52693.8822349733
 20
5859.272318566241
 30
0.0
 40
71.63689573226299
  0
CIRCLE
  5
11A3
330
1F
100
AcDbEntity
  8
1R
100
AcDbCircle
 10
53221.70578773543
 20
5816.290181126266
 30
0.0
 40
107.5446367214853
  0
CIRCLE
  5
11A4
330
1F
100
AcDbEntity
  8
1R
100
AcDbCircle
 10
53594.51647986173
 20
5809.126491552839
 30
0.0
 40
71.63689573271764
  0
CIRCLE
  5
11A5
330
1F
100
AcDbEntity
  8
1R
100
AcDbCircle
 10
53816.77896747717
 20
5801.962801979922
 30
0.0
 40
107.5446367214853
  0
CIRCLE
  5
11A6
330
1F
100
AcDbEntity
  8
1R
100
AcDbCircle
 10
54024.68312099825
 20
5859.272318566241
 30
0.0
 40
71.63689573226299
  0
CIRCLE
  5
11A7
330
1F
100
AcDbEntity
  8
1R
100
AcDbCircle
 10
55227.57458549853
 20
5816.290181126266
 30
0.0
 40
107.5446367214853
  0
CIRCLE
  5
11A8
330
1F
100
AcDbEntity
  8
1R
100
AcDbCircle
 10
55033.98709595074
 20
5859.272318566241
 30
0.0
 40
71.63689573226299
  0
CIRCLE
  5
11A9
330
1F
100
AcDbEntity
  8
1R
100
AcDbCircle
 10
54591.0813026723
 20
5809.126491552839
 30
0.0
 40
71.63689573271764
  0
CIRCLE
  5
11AA
330
1F
100
AcDbEntity
  8
1R
100
AcDbCircle
 10
54813.34379028778
 20
5801.962801979922
 30
0.0
 40
107.5446367214853
  0
CIRCLE
  5
11AB
330
1F
100
AcDbEntity
  8
1R
100
AcDbCircle
 10
54411.84619434456
 20
5837.781249846035
 30
0.0
 40
71.63689573271764
  0
CIRCLE
  5
11AC
330
1F
100
AcDbEntity
  8
1R
100
AcDbCircle
 10
55421.15016929662
 20
5837.781249846035
 30
0.0
 40
71.63689573271764
  0
CIRCLE
  5
11AD
330
1F
100
AcDbEntity
  8
1R
100
AcDbCircle
 10
55600.38527762446
 20
5809.126491552839
 30
0.0
 40
71.63689573271764
  0
CIRCLE
  5
11AE
330
1F
100
AcDbEntity
  8
1R
100
AcDbCircle
 10
55822.64776523984
 20
5801.962801979922
 30
0.0
 40
107.5446367214853
  0
CIRCLE
  5
11AF
330
1F
100
AcDbEntity
  8
1R
100
AcDbCircle
 10
56030.55191876093
 20
5859.272318566241
 30
0.0
 40
71.63689573226299
  0
CIRCLE
  5
11B0
330
1F
100
AcDbEntity
  8
1R
100
AcDbCircle
 10
58047.82047182687
 20
5859.272318566241
 30
0.0
 40
71.63689573226299
  0
CIRCLE
  5
11B1
330
1F
100
AcDbEntity
  8
1R
100
AcDbCircle
 10
57051.25564901655
 20
5859.272318566241
 30
0.0
 40
71.63689573226299
  0
CIRCLE
  5
11B2
330
1F
100
AcDbEntity
  8
1R
100
AcDbCircle
 10
56819.21258805049
 20
5801.962801979922
 30
0.0
 40
107.5446367214853
  0
CIRCLE
  5
11B3
330
1F
100
AcDbEntity
  8
1R
100
AcDbCircle
 10
56596.95010043508
 20
5809.126491552839
 30
0.0
 40
71.63689573271764
  0
CIRCLE
  5
11B4
330
1F
100
AcDbEntity
  8
1R
100
AcDbCircle
 10
56417.71499210723
 20
5837.781249846035
 30
0.0
 40
71.63689573271764
  0
CIRCLE
  5
11B5
330
1F
100
AcDbEntity
  8
1R
100
AcDbCircle
 10
57244.84313856434
 20
5816.290181126266
 30
0.0
 40
107.5446367214853
  0
CIRCLE
  5
11B6
330
1F
100
AcDbEntity
  8
1R
100
AcDbCircle
 10
57438.41872236286
 20
5837.781249846035
 30
0.0
 40
71.63689573271764
  0
CIRCLE
  5
11B7
330
1F
100
AcDbEntity
  8
1R
100
AcDbCircle
 10
57617.65383069071
 20
5809.126491552839
 30
0.0
 40
71.63689573271764
  0
CIRCLE
  5
11B8
330
1F
100
AcDbEntity
  8
1R
100
AcDbCircle
 10
57839.91631830608
 20
5801.962801979922
 30
0.0
 40
107.5446367214853
  0
CIRCLE
  5
11B9
330
1F
100
AcDbEntity
  8
1R
100
AcDbCircle
 10
58836.48114111641
 20
5801.962801979922
 30
0.0
 40
107.5446367214853
  0
CIRCLE
  5
11BA
330
1F
100
AcDbEntity
  8
1R
100
AcDbCircle
 10
58241.4079613747
 20
5816.290181126266
 30
0.0
 40
107.5446367214853
  0
CIRCLE
  5
11BB
330
1F
100
AcDbEntity
  8
1R
100
AcDbCircle
 10
58434.98354517318
 20
5837.781249846035
 30
0.0
 40
71.63689573271764
  0
CIRCLE
  5
11BC
330
1F
100
AcDbEntity
  8
1R
100
AcDbCircle
 10
58614.21865350092
 20
5809.126491552839
 30
0.0
 40
71.63689573271764
  0
CIRCLE
  5
11BD
330
1F
100
AcDbEntity
  8
1R
100
AcDbCircle
 10
55514.35433054767
 20
6052.68548907869
 30
0.0
 40
129.0523734900137
  0
CIRCLE
  5
11BE
330
1F
100
AcDbEntity
  8
1R
100
AcDbCircle
 10
53709.2224250072
 20
5973.888127755587
 30
0.0
 40
71.63689573226299
  0
CIRCLE
  5
11BF
330
1F
100
AcDbEntity
  8
1R
100
AcDbCircle
 10
53795.25337208471
 20
6109.995005664629
 30
0.0
 40
71.63689573226299
  0
CIRCLE
  5
11C0
330
1F
100
AcDbEntity
  8
1R
100
AcDbCircle
 10
52421.43105964651
 20
5988.215506901439
 30
0.0
 40
71.63689573271764
  0
CIRCLE
  5
11C1
330
1F
100
AcDbEntity
  8
1R
100
AcDbCircle
 10
52213.51500037594
 20
6052.68548907869
 30
0.0
 40
129.0523734900137
  0
CIRCLE
  5
11C2
330
1F
100
AcDbEntity
  8
1R
100
AcDbCircle
 10
52622.17985761805
 20
6045.521799505319
 30
0.0
 40
107.5446367214853
  0
CIRCLE
  5
11C3
330
1F
100
AcDbEntity
  8
1R
100
AcDbCircle
 10
53300.5694735145
 20
5988.215506901439
 30
0.0
 40
71.63689573271764
  0
CIRCLE
  5
11C4
330
1F
100
AcDbEntity
  8
1R
100
AcDbCircle
 10
53099.82067554289
 20
6045.521799505319
 30
0.0
 40
107.5446367214853
  0
CIRCLE
  5
11C5
330
1F
100
AcDbEntity
  8
1R
100
AcDbCircle
 10
53508.485532785
 20
6052.68548907869
 30
0.0
 40
129.0523734900137
  0
CIRCLE
  5
11C6
330
1F
100
AcDbEntity
  8
1R
100
AcDbCircle
 10
54705.78724781752
 20
5973.888127755587
 30
0.0
 40
71.63689573226299
  0
CIRCLE
  5
11C7
330
1F
100
AcDbEntity
  8
1R
100
AcDbCircle
 10
54297.13429632482
 20
5988.215506901439
 30
0.0
 40
71.63689573271764
  0
CIRCLE
  5
11C8
330
1F
100
AcDbEntity
  8
1R
100
AcDbCircle
 10
53888.45753333504
 20
5973.888127755587
 30
0.0
 40
71.63689573226299
  0
CIRCLE
  5
11C9
330
1F
100
AcDbEntity
  8
1R
100
AcDbCircle
 10
54096.38549835321
 20
6045.521799505319
 30
0.0
 40
107.5446367214853
  0
CIRCLE
  5
11CA
330
1F
100
AcDbEntity
  8
1R
100
AcDbCircle
 10
54505.05035559532
 20
6052.68548907869
 30
0.0
 40
129.0523734900137
  0
CIRCLE
  5
11CB
330
1F
100
AcDbEntity
  8
1R
100
AcDbCircle
 10
55105.68947330556
 20
6045.521799505319
 30
0.0
 40
107.5446367214853
  0
CIRCLE
  5
11CC
330
1F
100
AcDbEntity
  8
1R
100
AcDbCircle
 10
54877.849141973
 20
5988.215506901948
 30
0.0
 40
71.63689573226299
  0
CIRCLE
  5
11CD
330
1F
100
AcDbEntity
  8
1R
100
AcDbCircle
 10
54777.47771942481
 20
6109.995005664629
 30
0.0
 40
71.63689573226299
  0
CIRCLE
  5
11CE
330
1F
100
AcDbEntity
  8
1R
100
AcDbCircle
 10
55306.43827127716
 20
5988.215506901439
 30
0.0
 40
71.63689573271764
  0
CIRCLE
  5
11CF
330
1F
100
AcDbEntity
  8
1R
100
AcDbCircle
 10
57323.70682434312
 20
5988.215506901439
 30
0.0
 40
71.63689573271764
  0
CIRCLE
  5
11D0
330
1F
100
AcDbEntity
  8
1R
100
AcDbCircle
 10
56510.91915335843
 20
6052.68548907869
 30
0.0
 40
129.0523734900137
  0
CIRCLE
  5
11D1
330
1F
100
AcDbEntity
  8
1R
100
AcDbCircle
 10
56102.25429611588
 20
6045.521799505319
 30
0.0
 40
107.5446367214853
  0
CIRCLE
  5
11D2
330
1F
100
AcDbEntity
  8
1R
100
AcDbCircle
 10
55894.32633109771
 20
5973.888127755587
 30
0.0
 40
71.63689573226299
  0
CIRCLE
  5
11D3
330
1F
100
AcDbEntity
  8
1R
100
AcDbCircle
 10
55715.0912227699
 20
5973.888127755587
 30
0.0
 40
71.63689573226299
  0
CIRCLE
  5
11D4
330
1F
100
AcDbEntity
  8
1R
100
AcDbCircle
 10
55801.12216984753
 20
6109.995005664629
 30
0.0
 40
71.63689573226299
  0
CIRCLE
  5
11D5
330
1F
100
AcDbEntity
  8
1R
100
AcDbCircle
 10
56303.00309408749
 20
5988.215506901439
 30
0.0
 40
71.63689573271764
  0
CIRCLE
  5
11D6
330
1F
100
AcDbEntity
  8
1R
100
AcDbCircle
 10
57122.95802637151
 20
6045.521799505319
 30
0.0
 40
107.5446367214853
  0
CIRCLE
  5
11D7
330
1F
100
AcDbEntity
  8
1R
100
AcDbCircle
 10
56711.65604558026
 20
5973.888127755587
 30
0.0
 40
71.63689573226299
  0
CIRCLE
  5
11D8
330
1F
100
AcDbEntity
  8
1R
100
AcDbCircle
 10
56883.71793973582
 20
5988.215506901948
 30
0.0
 40
71.63689573226299
  0
CIRCLE
  5
11D9
330
1F
100
AcDbEntity
  8
1R
100
AcDbCircle
 10
56783.34651718751
 20
6109.995005664629
 30
0.0
 40
71.63689573226299
  0
CIRCLE
  5
11DA
330
1F
100
AcDbEntity
  8
1R
100
AcDbCircle
 10
58119.52284918213
 20
6045.521799505319
 30
0.0
 40
107.5446367214853
  0
CIRCLE
  5
11DB
330
1F
100
AcDbEntity
  8
1R
100
AcDbCircle
 10
57732.35977583581
 20
5973.888127755587
 30
0.0
 40
71.63689573226299
  0
CIRCLE
  5
11DC
330
1F
100
AcDbEntity
  8
1R
100
AcDbCircle
 10
57531.62288361362
 20
6052.68548907869
 30
0.0
 40
129.0523734900137
  0
CIRCLE
  5
11DD
330
1F
100
AcDbEntity
  8
1R
100
AcDbCircle
 10
57818.3907229137
 20
6109.995005664629
 30
0.0
 40
71.63689573226299
  0
CIRCLE
  5
11DE
330
1F
100
AcDbEntity
  8
1R
100
AcDbCircle
 10
57911.59488416366
 20
5973.888127755587
 30
0.0
 40
71.63689573226299
  0
CIRCLE
  5
11DF
330
1F
100
AcDbEntity
  8
1R
100
AcDbCircle
 10
58900.98649280191
 20
5988.215506901948
 30
0.0
 40
71.63689573226299
  0
CIRCLE
  5
11E0
330
1F
100
AcDbEntity
  8
1R
100
AcDbCircle
 10
58320.27164715373
 20
5988.215506901439
 30
0.0
 40
71.63689573271764
  0
CIRCLE
  5
11E1
330
1F
100
AcDbEntity
  8
1R
100
AcDbCircle
 10
58728.92459864643
 20
5973.888127755587
 30
0.0
 40
71.63689573226299
  0
CIRCLE
  5
11E2
330
1F
100
AcDbEntity
  8
1R
100
AcDbCircle
 10
58800.61507025372
 20
6109.995005664629
 30
0.0
 40
71.63689573226299
  0
CIRCLE
  5
11E3
330
1F
100
AcDbEntity
  8
1R
100
AcDbCircle
 10
58528.18770642423
 20
6052.68548907869
 30
0.0
 40
129.0523734900137
  0
LINE
  5
11E4
330
1F
100
AcDbEntity
  8
2Y
100
AcDbLine
 10
69518.22959191722
 20
6188.476651193874
 30
0.0
 11
63642.20170103204
 21
6188.476651193838
 31
0.0
  0
CIRCLE
  5
11E5
330
1F
100
AcDbEntity
  8
1R
100
AcDbCircle
 10
66035.2331471419
 20
5816.290181126266
 30
0.0
 40
107.5446367214853
  0
CIRCLE
  5
11E6
330
1F
100
AcDbEntity
  8
1R
100
AcDbCircle
 10
66157.11825933485
 20
6045.521799505319
 30
0.0
 40
107.5446367214853
  0
CIRCLE
  5
11E7
330
1F
100
AcDbEntity
  8
1R
100
AcDbCircle
 10
59825.87870262871
 20
5801.962801979922
 30
0.0
 40
107.5446367214853
  0
CIRCLE
  5
11E8
330
1F
100
AcDbEntity
  8
1R
100
AcDbCircle
 10
59603.61621501352
 20
5809.126491552839
 30
0.0
 40
71.63689573271764
  0
CIRCLE
  5
11E9
330
1F
100
AcDbEntity
  8
1R
100
AcDbCircle
 10
59424.38110668549
 20
5837.781249846035
 30
0.0
 40
71.63689573271764
  0
CIRCLE
  5
11EA
330
1F
100
AcDbEntity
  8
1R
100
AcDbCircle
 10
59230.80552288729
 20
5816.290181126266
 30
0.0
 40
107.5446367214853
  0
LINE
  5
11EB
330
1F
100
AcDbEntity
  8
2Y
100
AcDbLine
 10
63142.29904207741
 20
5688.573992239659
 30
0.0
 11
63642.20170103204
 21
6188.476651193838
 31
0.0
  0
CIRCLE
  5
11EC
330
1F
100
AcDbEntity
  8
1R
100
AcDbCircle
 10
60829.61078673734
 20
5801.962801979922
 30
0.0
 40
107.5446367214853
  0
LINE
  5
11ED
330
1F
100
AcDbEntity
  8
2Y
100
AcDbLine
 10
61142.68840626073
 20
5688.573992239659
 30
0.0
 11
60642.7857473065
 21
6188.476651193838
 31
0.0
  0
CIRCLE
  5
11EE
330
1F
100
AcDbEntity
  8
1R
100
AcDbCircle
 10
60607.34829912186
 20
5809.126491552839
 30
0.0
 40
71.63689573271764
  0
CIRCLE
  5
11EF
330
1F
100
AcDbEntity
  8
1R
100
AcDbCircle
 10
60040.95011744781
 20
5859.272318566241
 30
0.0
 40
71.63689573226299
  0
CIRCLE
  5
11F0
330
1F
100
AcDbEntity
  8
1R
100
AcDbCircle
 10
60234.53760699564
 20
5816.290181126266
 30
0.0
 40
107.5446367214853
  0
CIRCLE
  5
11F1
330
1F
100
AcDbEntity
  8
1R
100
AcDbCircle
 10
60428.11319079413
 20
5837.781249846035
 30
0.0
 40
71.63689573271764
  0
CIRCLE
  5
11F2
330
1F
100
AcDbEntity
  8
1R
100
AcDbCircle
 10
63447.03032177934
 20
5801.962801979922
 30
0.0
 40
107.5446367214853
  0
CIRCLE
  5
11F3
330
1F
100
AcDbEntity
  8
1R
100
AcDbCircle
 10
65440.15996740027
 20
5801.962801979922
 30
0.0
 40
107.5446367214853
  0
CIRCLE
  5
11F4
330
1F
100
AcDbEntity
  8
1R
100
AcDbCircle
 10
64450.76240588797
 20
5801.962801979922
 30
0.0
 40
107.5446367214853
  0
CIRCLE
  5
11F5
330
1F
100
AcDbEntity
  8
1R
100
AcDbCircle
 10
64235.69099106886
 20
5859.272318566241
 30
0.0
 40
71.63689573226299
  0
CIRCLE
  5
11F6
330
1F
100
AcDbEntity
  8
1R
100
AcDbCircle
 10
64042.10350152093
 20
5816.290181126266
 30
0.0
 40
107.5446367214853
  0
CIRCLE
  5
11F7
330
1F
100
AcDbEntity
  8
1R
100
AcDbCircle
 10
63669.2928093947
 20
5809.126491552839
 30
0.0
 40
71.63689573271764
  0
CIRCLE
  5
11F8
330
1F
100
AcDbEntity
  8
1R
100
AcDbCircle
 10
63848.52791772255
 20
5837.781249846035
 30
0.0
 40
71.63689573271764
  0
CIRCLE
  5
11F9
330
1F
100
AcDbEntity
  8
1R
100
AcDbCircle
 10
64852.26000183119
 20
5837.781249846035
 30
0.0
 40
71.63689573271764
  0
CIRCLE
  5
11FA
330
1F
100
AcDbEntity
  8
1R
100
AcDbCircle
 10
65239.4230751772
 20
5859.272318566241
 30
0.0
 40
71.63689573226299
  0
CIRCLE
  5
11FB
330
1F
100
AcDbEntity
  8
1R
100
AcDbCircle
 10
65045.83558562941
 20
5816.290181126266
 30
0.0
 40
107.5446367214853
  0
CIRCLE
  5
11FC
330
1F
100
AcDbEntity
  8
1R
100
AcDbCircle
 10
64673.02489350333
 20
5809.126491552839
 30
0.0
 40
71.63689573271764
  0
CIRCLE
  5
11FD
330
1F
100
AcDbEntity
  8
1R
100
AcDbCircle
 10
65662.42245501565
 20
5809.126491552839
 30
0.0
 40
71.63689573271764
  0
CIRCLE
  5
11FE
330
1F
100
AcDbEntity
  8
1R
100
AcDbCircle
 10
65841.6575633435
 20
5837.781249846035
 30
0.0
 40
71.63689573271764
  0
LINE
  5
11FF
330
1F
100
AcDbEntity
  8
2Y
100
AcDbLine
 10
63142.29904207741
 20
5688.573992239659
 30
0.0
 11
61142.68840626073
 21
5688.573992239659
 31
0.0
1001
ACAD
1000
ASC_BOUNDS
1002
{
1070
    19
1002
}
  0
LINE
  5
1200
330
1F
100
AcDbEntity
  8
SHE
  6
HIDDEN
100
AcDbLine
 10
63420.45332004464
 20
7771.501737548702
 30
0.0
 11
62045.72100792042
 21
7771.501737548702
 31
0.0
  0
LINE
  5
1201
330
1F
100
AcDbEntity
  8
SHE
  6
HIDDEN
100
AcDbLine
 10
62045.72100792042
 20
7771.501737548702
 30
0.0
 11
62145.70153971131
 21
8604.672835472999
 31
0.0
  0
CIRCLE
  5
1202
330
1F
100
AcDbEntity
  8
1R
100
AcDbCircle
 10
59897.55131561223
 20
5988.215506901948
 30
0.0
 40
71.63689573226299
  0
CIRCLE
  5
1203
330
1F
100
AcDbEntity
  8
1R
100
AcDbCircle
 10
59804.34715436206
 20
6117.158695238
 30
0.0
 40
71.63689573226299
  0
CIRCLE
  5
1204
330
1F
100
AcDbEntity
  8
1R
100
AcDbCircle
 10
59718.32216015873
 20
5973.888127755587
 30
0.0
 40
71.63689573226299
  0
CIRCLE
  5
1205
330
1F
100
AcDbEntity
  8
1R
100
AcDbCircle
 10
59309.66920866604
 20
5988.215506901439
 30
0.0
 40
71.63689573271764
  0
CIRCLE
  5
1206
330
1F
100
AcDbEntity
  8
1R
100
AcDbCircle
 10
59517.58526793654
 20
6052.68548907869
 30
0.0
 40
129.0523734900137
  0
CIRCLE
  5
1207
330
1F
100
AcDbEntity
  8
1R
100
AcDbCircle
 10
60521.31735204517
 20
6052.68548907869
 30
0.0
 40
129.0523734900137
  0
CIRCLE
  5
1208
330
1F
100
AcDbEntity
  8
1R
100
AcDbCircle
 10
60112.65249480306
 20
6045.521799505319
 30
0.0
 40
107.5446367214853
  0
CIRCLE
  5
1209
330
1F
100
AcDbEntity
  8
1R
100
AcDbCircle
 10
60313.40129277467
 20
5988.215506901439
 30
0.0
 40
71.63689573271764
  0
CIRCLE
  5
120A
330
1F
100
AcDbEntity
  8
1R
100
AcDbCircle
 10
60722.05424426736
 20
5973.888127755587
 30
0.0
 40
71.63689573226299
  0
LINE
  5
120B
330
1F
100
AcDbEntity
  8
SHE
  6
HIDDEN
100
AcDbLine
 10
61272.06436618233
 20
7381.347390281431
 30
0.0
 11
61272.06436618233
 21
6938.330639625206
 31
0.0
  0
LINE
  5
120C
330
1F
100
AcDbEntity
  8
SHE
  6
HIDDEN
100
AcDbLine
 10
60870.949759378
 20
9437.84393439652
 30
0.0
 11
59496.21744725375
 21
9437.84393439652
 31
0.0
  0
LINE
  5
120D
330
1F
100
AcDbEntity
  8
SHE
  6
HIDDEN
100
AcDbLine
 10
60770.96922758714
 20
8604.672835472999
 30
0.0
 11
60870.949759378
 21
9437.84393439652
 31
0.0
  0
LINE
  5
120E
330
1F
100
AcDbEntity
  8
SHE
  6
HIDDEN
100
AcDbLine
 10
62145.70153971131
 20
8604.672835472999
 30
0.0
 11
60770.96922758714
 21
8604.672835472999
 31
0.0
  0
CIRCLE
  5
120F
330
1F
100
AcDbEntity
  8
1R
100
AcDbCircle
 10
64379.08979290443
 20
5988.215506901948
 30
0.0
 40
71.63689573226299
  0
CIRCLE
  5
1210
330
1F
100
AcDbEntity
  8
1R
100
AcDbCircle
 10
63554.5868642496
 20
5973.888127755587
 30
0.0
 40
71.63689573226299
  0
CIRCLE
  5
1211
330
1F
100
AcDbEntity
  8
1R
100
AcDbCircle
 10
63963.23981574229
 20
5988.215506901439
 30
0.0
 40
71.63689573271764
  0
CIRCLE
  5
1212
330
1F
100
AcDbEntity
  8
1R
100
AcDbCircle
 10
63755.3237564715
 20
6052.68548907869
 30
0.0
 40
129.0523734900137
  0
CIRCLE
  5
1213
330
1F
100
AcDbEntity
  8
1R
100
AcDbCircle
 10
64163.9886137139
 20
6045.521799505319
 30
0.0
 40
107.5446367214853
  0
LINE
  5
1214
330
1F
100
AcDbEntity
  8
SHE
  6
HIDDEN
100
AcDbLine
 10
63320.47278825385
 20
6938.330639625279
 30
0.0
 11
63420.45332004464
 21
7771.501737548702
 31
0.0
  0
CIRCLE
  5
1215
330
1F
100
AcDbEntity
  8
1R
100
AcDbCircle
 10
65167.72069782224
 20
6045.521799505319
 30
0.0
 40
107.5446367214853
  0
CIRCLE
  5
1216
330
1F
100
AcDbEntity
  8
1R
100
AcDbCircle
 10
64558.31894835794
 20
5973.888127755587
 30
0.0
 40
71.63689573226299
  0
CIRCLE
  5
1217
330
1F
100
AcDbEntity
  8
1R
100
AcDbCircle
 10
64472.29395415461
 20
6117.158695238
 30
0.0
 40
71.63689573226299
  0
CIRCLE
  5
1218
330
1F
100
AcDbEntity
  8
1R
100
AcDbCircle
 10
64966.97189985064
 20
5988.215506901439
 30
0.0
 40
71.63689573271764
  0
CIRCLE
  5
1219
330
1F
100
AcDbEntity
  8
1R
100
AcDbCircle
 10
64759.05584058013
 20
6052.68548907869
 30
0.0
 40
129.0523734900137
  0
CIRCLE
  5
121A
330
1F
100
AcDbEntity
  8
1R
100
AcDbCircle
 10
65476.02603826325
 20
6109.995005664629
 30
0.0
 40
71.63689573226299
  0
CIRCLE
  5
121B
330
1F
100
AcDbEntity
  8
1R
100
AcDbCircle
 10
65375.65461571494
 20
5988.215506901948
 30
0.0
 40
71.63689573226299
  0
CIRCLE
  5
121C
330
1F
100
AcDbEntity
  8
1R
100
AcDbCircle
 10
65956.36946136324
 20
5988.215506901439
 30
0.0
 40
71.63689573271764
  0
CIRCLE
  5
121D
330
1F
100
AcDbEntity
  8
1R
100
AcDbCircle
 10
65547.71650987055
 20
5973.888127755587
 30
0.0
 40
71.63689573226299
  0
CIRCLE
  5
121E
330
1F
100
AcDbEntity
  8
1R
100
AcDbCircle
 10
65748.45340209245
 20
6052.68548907869
 30
0.0
 40
129.0523734900137
  0
CIRCLE
  5
121F
330
1F
100
AcDbEntity
  8
1R
100
AcDbCircle
 10
66436.72479021089
 20
5801.962801979922
 30
0.0
 40
107.5446367214853
  0
CIRCLE
  5
1220
330
1F
100
AcDbEntity
  8
1R
100
AcDbCircle
 10
66228.8206366898
 20
5859.272318566241
 30
0.0
 40
71.63689573226299
  0
CIRCLE
  5
1221
330
1F
100
AcDbEntity
  8
1R
100
AcDbCircle
 10
66658.98727782598
 20
5809.126491552839
 30
0.0
 40
71.63689573271764
  0
CIRCLE
  5
1222
330
1F
100
AcDbEntity
  8
1R
100
AcDbCircle
 10
66838.22238615412
 20
5837.781249846035
 30
0.0
 40
71.63689573271764
  0
CIRCLE
  5
1223
330
1F
100
AcDbEntity
  8
1R
100
AcDbCircle
 10
67031.79796995219
 20
5816.290181126266
 30
0.0
 40
107.5446367214853
  0
CIRCLE
  5
1224
330
1F
100
AcDbEntity
  8
1R
100
AcDbCircle
 10
67225.38545950013
 20
5859.272318566241
 30
0.0
 40
71.63689573226299
  0
CIRCLE
  5
1225
330
1F
100
AcDbEntity
  8
1R
100
AcDbCircle
 10
69133.589696788
 20
5816.290181126266
 30
0.0
 40
107.5446367214853
  0
CIRCLE
  5
1226
330
1F
100
AcDbEntity
  8
1R
100
AcDbCircle
 10
68137.02487397756
 20
5816.290181126266
 30
0.0
 40
107.5446367214853
  0
CIRCLE
  5
1227
330
1F
100
AcDbEntity
  8
1R
100
AcDbCircle
 10
67618.02830223055
 20
5859.272318566241
 30
0.0
 40
71.63689573226299
  0
CIRCLE
  5
1228
330
1F
100
AcDbEntity
  8
1R
100
AcDbCircle
 10
67424.44081268264
 20
5816.290181126266
 30
0.0
 40
107.5446367214853
  0
CIRCLE
  5
1229
330
1F
100
AcDbEntity
  8
1R
100
AcDbCircle
 10
67764.21418185133
 20
5809.126491552839
 30
0.0
 40
71.63689573271764
  0
CIRCLE
  5
122A
330
1F
100
AcDbEntity
  8
1R
100
AcDbCircle
 10
67943.44929017915
 20
5837.781249846035
 30
0.0
 40
71.63689573271764
  0
CIRCLE
  5
122B
330
1F
100
AcDbEntity
  8
1R
100
AcDbCircle
 10
68538.51651704655
 20
5801.962801979922
 30
0.0
 40
107.5446367214853
  0
CIRCLE
  5
122C
330
1F
100
AcDbEntity
  8
1R
100
AcDbCircle
 10
68330.61236352546
 20
5859.272318566241
 30
0.0
 40
71.63689573226299
  0
CIRCLE
  5
122D
330
1F
100
AcDbEntity
  8
1R
100
AcDbCircle
 10
68760.7790046617
 20
5809.126491552839
 30
0.0
 40
71.63689573271764
  0
CIRCLE
  5
122E
330
1F
100
AcDbEntity
  8
1R
100
AcDbCircle
 10
68940.01411298977
 20
5837.781249846035
 30
0.0
 40
71.63689573271764
  0
CIRCLE
  5
122F
330
1F
100
AcDbEntity
  8
1R
100
AcDbCircle
 10
69586.71896141389
 20
5837.781249846035
 30
0.0
 40
71.63689573271764
  0
CIRCLE
  5
1230
330
1F
100
AcDbEntity
  8
1R
100
AcDbCircle
 10
69327.17718633578
 20
5859.272318566241
 30
0.0
 40
71.63689573226299
  0
LINE
  5
1231
330
1F
100
AcDbEntity
  8
2Y
100
AcDbLine
 10
70018.13225087145
 20
5688.573992239659
 30
0.0
 11
69518.22959191722
 21
6188.476651193838
 31
0.0
  0
CIRCLE
  5
1232
330
1F
100
AcDbEntity
  8
1R
100
AcDbCircle
 10
72902.28544077177
 20
5816.290181126266
 30
0.0
 40
107.5446367214853
  0
CIRCLE
  5
1233
330
1F
100
AcDbEntity
  8
1R
100
AcDbCircle
 10
72708.69795122391
 20
5859.272318566241
 30
0.0
 40
71.63689573226299
  0
CIRCLE
  5
1234
330
1F
100
AcDbEntity
  8
1R
100
AcDbCircle
 10
72449.15617614587
 20
5837.781249846035
 30
0.0
 40
71.63689573271764
  0
LINE
  5
1235
330
1F
100
AcDbEntity
  8
2Y
100
AcDbLine
 10
72017.74288668824
 20
5688.573992239659
 30
0.0
 11
72517.64554564276
 21
6188.476651193838
 31
0.0
  0
LINE
  5
1236
330
1F
100
AcDbEntity
  8
2Y
100
AcDbLine
 10
70018.13225087145
 20
5688.573992239659
 30
0.0
 11
72017.74288668824
 21
5688.573992239659
 31
0.0
  0
CIRCLE
  5
1237
330
1F
100
AcDbEntity
  8
1R
100
AcDbCircle
 10
69493.51480016273
 20
6052.68548907869
 30
0.0
 40
129.0523734900137
  0
CIRCLE
  5
1238
330
1F
100
AcDbEntity
  8
1R
100
AcDbCircle
 10
67850.2451289281
 20
6052.68548907869
 30
0.0
 40
129.0523734900137
  0
CIRCLE
  5
1239
330
1F
100
AcDbEntity
  8
1R
100
AcDbCircle
 10
66952.93428417357
 20
5988.215506901439
 30
0.0
 40
71.63689573271764
  0
CIRCLE
  5
123A
330
1F
100
AcDbEntity
  8
1R
100
AcDbCircle
 10
66365.04622435301
 20
5973.888127755587
 30
0.0
 40
71.63689573226299
  0
CIRCLE
  5
123B
330
1F
100
AcDbEntity
  8
1R
100
AcDbCircle
 10
66544.28133268087
 20
5973.888127755587
 30
0.0
 40
71.63689573226299
  0
CIRCLE
  5
123C
330
1F
100
AcDbEntity
  8
1R
100
AcDbCircle
 10
66745.01822490306
 20
6052.68548907869
 30
0.0
 40
129.0523734900137
  0
CIRCLE
  5
123D
330
1F
100
AcDbEntity
  8
1R
100
AcDbCircle
 10
66458.25038560319
 20
6109.995005664629
 30
0.0
 40
71.63689573226299
  0
CIRCLE
  5
123E
330
1F
100
AcDbEntity
  8
1R
100
AcDbCircle
 10
67345.57712690398
 20
5988.215506901439
 30
0.0
 40
71.63689573271764
  0
CIRCLE
  5
123F
330
1F
100
AcDbEntity
  8
1R
100
AcDbCircle
 10
67153.68308214517
 20
6045.521799505319
 30
0.0
 40
107.5446367214853
  0
CIRCLE
  5
1240
330
1F
100
AcDbEntity
  8
1R
100
AcDbCircle
 10
67546.32592487559
 20
6045.521799505319
 30
0.0
 40
107.5446367214853
  0
CIRCLE
  5
1241
330
1F
100
AcDbEntity
  8
1R
100
AcDbCircle
 10
68646.07305951652
 20
5973.888127755587
 30
0.0
 40
71.63689573226299
  0
CIRCLE
  5
1242
330
1F
100
AcDbEntity
  8
1R
100
AcDbCircle
 10
68258.9099861705
 20
6045.521799505319
 30
0.0
 40
107.5446367214853
  0
CIRCLE
  5
1243
330
1F
100
AcDbEntity
  8
1R
100
AcDbCircle
 10
68058.1611881989
 20
5988.215506901439
 30
0.0
 40
71.63689573271764
  0
CIRCLE
  5
1244
330
1F
100
AcDbEntity
  8
1R
100
AcDbCircle
 10
68466.83795118868
 20
5973.888127755587
 30
0.0
 40
71.63689573226299
  0
CIRCLE
  5
1245
330
1F
100
AcDbEntity
  8
1R
100
AcDbCircle
 10
68560.04211243885
 20
6109.995005664629
 30
0.0
 40
71.63689573226299
  0
CIRCLE
  5
1246
330
1F
100
AcDbEntity
  8
1R
100
AcDbCircle
 10
69255.47480898083
 20
6045.521799505319
 30
0.0
 40
107.5446367214853
  0
CIRCLE
  5
1247
330
1F
100
AcDbEntity
  8
1R
100
AcDbCircle
 10
68846.80995173871
 20
6052.68548907869
 30
0.0
 40
129.0523734900137
  0
CIRCLE
  5
1248
330
1F
100
AcDbEntity
  8
1R
100
AcDbCircle
 10
69054.72601100922
 20
5988.215506901439
 30
0.0
 40
71.63689573271764
  0
LINE
  5
1249
330
1F
100
AcDbEntity
  8
2Y
100
AcDbLine
 10
71142.91323351837
 20
9187.892604919385
 30
0.0
 11
71142.91323351837
 21
7188.281969102414
 31
0.0
1001
ACAD
1000
ASC_BOUNDS
1002
{
1070
    19
1002
}
  0
LINE
  5
124A
330
1F
100
AcDbEntity
  8
2Y
100
AcDbLine
 10
70892.96190404132
 20
9187.892604919385
 30
0.0
 11
70892.96190404132
 21
7188.281969102414
 31
0.0
1001
ACAD
1000
ASC_BOUNDS
1002
{
1070
    19
1002
}
  0
LINE
  5
124B
330
1F
100
AcDbEntity
  8
2Y
100
AcDbLine
 10
71392.86456299555
 20
7188.281969102397
 30
0.0
 11
70643.01057456413
 21
7188.281969102397
 31
0.0
  0
CIRCLE
  5
124C
330
1F
100
AcDbEntity
  8
1R
100
AcDbCircle
 10
72780.40032857886
 20
6045.521799505319
 30
0.0
 40
107.5446367214853
  0
CIRCLE
  5
124D
330
1F
100
AcDbEntity
  8
1R
100
AcDbCircle
 10
72542.36033739688
 20
6052.68548907869
 30
0.0
 40
129.0523734900137
  0
CIRCLE
  5
124E
330
1F
100
AcDbEntity
  8
1R
100
AcDbCircle
 10
72981.14912655047
 20
5988.215506901439
 30
0.0
 40
71.63689573271764
  0
LINE
  5
124F
330
1F
100
AcDbEntity
  8
2Y
100
AcDbLine
 10
71392.86456299548
 20
9187.892604919385
 30
0.0
 11
70643.01057456413
 21
9187.892604919385
 31
0.0
  0
LINE
  5
1250
330
1F
100
AcDbEntity
  8
2Y
100
AcDbLine
 10
71392.86456299555
 20
9437.843934396502
 30
0.0
 11
70643.01057456421
 21
9437.843934396502
 31
0.0
  0
DIMENSION
  5
1251
330
1F
100
AcDbEntity
  8
DIM
100
AcDbDimension
280
     0
  2
*D61
 10
63320.47278825385
 20
25109.75915144808
 30
0.0
 11
58221.46566692053
 21
25334.75915144808
 31
0.0
 70
    32
  1
TREADS
 71
     5
 42
10198.01424266665
 73
     0
 74
     0
 75
     0
  3
DIM100
100
AcDbAlignedDimension
 13
53122.4585455872
 23
14436.87052393901
 33
0.0
 14
63320.47278825385
 24
21102.2393093292
 34
0.0
100
AcDbRotatedDimension
  0
LINE
  5
1252
330
1F
100
AcDbEntity
  8
2Y
100
AcDbLine
 10
53345.77473745814
 20
13687.01653550763
 30
0.0
 11
64818.54076103353
 21
21185.55641982136
 31
0.0
  0
LINE
  5
1253
330
1F
100
AcDbEntity
  8
4C
100
AcDbLine
 10
53379.62326253737
 20
13874.46703853395
 30
0.0
 11
65557.98229533352
 21
21834.17882483229
 31
0.0
  0
LINE
  5
1254
330
1F
100
AcDbEntity
  8
7W
 62
     8
100
AcDbLine
 10
56671.27609782388
 20
21683.81213819461
 30
0.0
 11
60902.36468703104
 21
21683.81213819448
 31
0.0
  0
LINE
  5
1255
330
1F
100
AcDbEntity
  8
7W
 62
     8
100
AcDbLine
 10
62792.16396313061
 20
15642.19053196021
 30
0.0
 11
58702.17964314188
 21
15642.19053196021
 31
0.0
  0
LINE
  5
1256
330
1F
100
AcDbEntity
  8
SHE
  6
HIDDEN
100
AcDbLine
 10
59596.19797904468
 20
10271.01503231992
 30
0.0
 11
58221.46566692043
 21
10271.01503231992
 31
0.0
  0
LINE
  5
1257
330
1F
100
AcDbEntity
  8
7W
 62
     8
100
AcDbLine
 10
58783.3754795269
 20
17407.65251531317
 30
0.0
 11
59441.2928252567
 21
16268.10624532808
 31
0.0
  0
LINE
  5
1258
330
1F
100
AcDbEntity
  8
2Y
100
AcDbLine
 10
58121.48513512965
 20
18602.72601455796
 30
0.0
 11
59496.21744725375
 21
18602.72601455796
 31
0.0
  0
LINE
  5
1259
330
1F
100
AcDbEntity
  8
7W
 62
     8
100
AcDbLine
 10
59515.7677740275
 20
19160.40780948252
 30
0.0
 11
58729.90440715106
 21
20521.56308871962
 31
0.0
  0
LINE
  5
125A
330
1F
100
AcDbEntity
  8
2Y
100
AcDbLine
 10
47973.46115835843
 20
18811.01878978862
 30
0.0
 11
47973.46115835843
 21
14436.870523939
 31
0.0
1001
ACAD
1000
ASC_BOUNDS
1002
{
1070
    19
1002
}
  0
LINE
  5
125B
330
1F
100
AcDbEntity
  8
2Y
100
AcDbLine
 10
47223.607169927
 20
18811.01878978862
 30
0.0
 11
47223.607169927
 21
14436.870523939
 31
0.0
1001
ACAD
1000
ASC_BOUNDS
1002
{
1070
    19
1002
}
  0
LINE
  5
125C
330
1F
100
AcDbEntity
  8
2Y
100
AcDbLine
 10
58221.46566692043
 20
17769.55491663366
 30
0.0
 11
58121.48513512965
 21
18602.72601455796
 31
0.0
  0
LINE
  5
125D
102
{ACAD_REACTORS
330
14F8
102
}
330
1F
100
AcDbEntity
  8
2Y
100
AcDbLine
 10
53345.77473745814
 20
13687.01653550763
 30
0.0
 11
47973.46115835847
 21
13687.01653550757
 31
0.0
1001
ACAD
1000
ASC_BOUNDS
1002
{
1070
    19
1002
}
  0
LINE
  5
125E
330
1F
100
AcDbEntity
  8
4C
100
AcDbLine
 10
53248.02928808234
 20
13835.27665528496
 30
0.0
 11
47373.58770171793
 21
13835.27665528496
 31
0.0
  0
LINE
  5
125F
330
1F
100
AcDbEntity
  8
4C
100
AcDbLine
 10
50006.942419797
 20
13776.65203493054
 30
0.0
 11
52329.45865952896
 21
13776.65203493054
 31
0.0
  0
TEXT
  5
1260
330
1F
100
AcDbEntity
  8
TG
100
AcDbText
 10
49253.70819408041
 20
12133.87934684337
 30
0.0
 40
250.0
  1
MAIN REINF. (a)
  7
ROMANSIM
 11
49253.70819408041
 21
12258.87934684337
 31
0.0
100
AcDbText
 73
     2
  0
LINE
  5
1261
330
1F
100
AcDbEntity
  8
2Y
100
AcDbLine
 10
53122.45854558717
 20
14436.870523939
 30
0.0
 11
47223.607169927
 21
14436.870523939
 31
0.0
1001
ACAD
1000
ASC_BOUNDS
1002
{
1070
    19
1002
}
  0
LINE
  5
1262
330
1F
100
AcDbEntity
  8
4C
100
AcDbLine
 10
47348.58770171793
 20
14336.88999214816
 30
0.0
 11
54167.70748558318
 21
14336.88999214816
 31
0.0
  0
LINE
  5
1263
330
1F
100
AcDbEntity
  8
7W
 62
     8
100
AcDbLine
 10
53361.40923248883
 20
16135.31269867888
 30
0.0
 11
51776.35387059259
 21
16135.31269867888
 31
0.0
  0
LINE
  5
1264
330
1F
100
AcDbEntity
  8
7W
 62
     8
100
AcDbLine
 10
53823.40323760951
 20
16802.02020329101
 30
0.0
 11
50678.03857175388
 21
16802.02020329101
 31
0.0
  0
LINE
  5
1265
330
1F
100
AcDbEntity
  8
7W
 62
     8
100
AcDbLine
 10
51406.12763689921
 20
15216.29698143135
 30
0.0
 11
52024.80720978425
 21
14144.71252758924
 31
0.0
  0
CIRCLE
  5
1266
330
1F
100
AcDbEntity
  8
7W
 62
     8
100
AcDbCircle
 10
52179.67567542453
 20
14234.1258779156
 30
0.0
 40
178.8267006527184
  0
LINE
  5
1267
330
1F
100
AcDbEntity
  8
2Y
100
AcDbLine
 10
47223.607169927
 20
14436.870523939
 30
0.0
 11
47223.607169927
 21
13687.01653550756
 31
0.0
  0
LINE
  5
1268
330
1F
100
AcDbEntity
  8
7W
 62
     8
100
AcDbLine
 10
51406.12763689921
 20
15216.29698143135
 30
0.0
 11
49518.88117153083
 21
14080.89283392894
 31
0.0
  0
CIRCLE
  5
1269
330
1F
100
AcDbEntity
  8
7W
 62
     8
100
AcDbCircle
 10
49426.69319456569
 20
14234.1258779156
 30
0.0
 40
178.8267006527184
  0
LINE
  5
126A
330
1F
100
AcDbEntity
  8
2Y
100
AcDbLine
 10
47973.46115835843
 20
11437.45457021347
 30
0.0
 11
47223.60716992707
 21
11437.45457021349
 31
0.0
1001
ACAD
1000
ASC_BOUNDS
1002
{
1070
    19
1002
}
  0
LINE
  5
126B
330
1F
100
AcDbEntity
  8
2Y
100
AcDbLine
 10
47973.46115835846
 20
11687.40589969059
 30
0.0
 11
47223.60716992715
 21
11687.40589969059
 31
0.0
1001
ACAD
1000
ASC_BOUNDS
1002
{
1070
    19
1002
}
  0
LINE
  5
126C
330
1F
100
AcDbEntity
  8
2Y
100
AcDbLine
 10
46426.79480539054
 20
13860.5156148081
 30
0.0
 11
46426.79480539054
 21
12717.12939203863
 31
0.0
  0
LWPOLYLINE
  5
126D
330
1F
100
AcDbEntity
  8
1R
100
AcDbPolyline
 90
        2
 70
     0
 43
78.125
 10
46712.47355780806
 20
13675.82700368105
 10
46426.79480539054
 20
13860.5156148081
  0
LWPOLYLINE
  5
126E
330
1F
100
AcDbEntity
  8
1R
100
AcDbPolyline
 90
        2
 70
     0
 43
78.125
 10
46141.11605297303
 20
13675.82700368105
 10
46426.79480539054
 20
13860.5156148081
  0
INSERT
  5
126F
330
1F
100
AcDbEntity
  8
3G
100
AcDbBlockReference
  2
DOT
 10
50187.47791592514
 20
13942.23915154737
 30
0.0
 41
0.9998053179151611
 42
0.9998053179151611
 43
0.9998053179151611
  0
LINE
  5
1270
330
1F
100
AcDbEntity
  8
7W
 62
     8
100
AcDbLine
 10
49513.53989938334
 20
13835.27665528496
 30
0.0
 11
48618.21936116541
 21
12284.53599403149
 31
0.0
  0
LINE
  5
1271
330
1F
100
AcDbEntity
  8
7W
 62
     8
100
AcDbLine
 10
48618.21936116541
 20
12284.53599403149
 30
0.0
 11
49190.68049322521
 21
12284.53599403149
 31
0.0
  0
SOLID
  5
1272
330
1F
100
AcDbEntity
  8
7W
 62
     8
100
AcDbTrace
 10
49296.07597042051
 20
13571.11808150772
 30
0.0
 11
49393.50382834626
 21
13514.86808150772
 31
0.0
 12
49513.53989938338
 22
13835.27665528497
 32
0.0
 13
49513.53989938338
 23
13835.27665528497
 33
0.0
  0
INSERT
  5
1273
330
1F
100
AcDbEntity
  8
3G
100
AcDbBlockReference
  2
DOT
 10
48667.88267950965
 20
13932.24109836827
 30
0.0
 41
0.9998053179151611
 42
0.9998053179151611
 43
0.9998053179151611
  0
INSERT
  5
1274
330
1F
100
AcDbEntity
  8
3G
100
AcDbBlockReference
  2
DOT
 10
51707.07315334077
 20
13942.23915154737
 30
0.0
 41
0.9998053179151611
 42
0.9998053179151611
 43
0.9998053179151611
  0
LINE
  5
1275
330
1F
100
AcDbEntity
  8
2Y
100
AcDbLine
 10
47473.55849940408
 20
18186.14046609579
 30
0.0
 11
47473.55849940408
 21
16186.52983027878
 31
0.0
1001
ACAD
1000
ASC_BOUNDS
1002
{
1070
    19
1002
}
  0
LINE
  5
1276
330
1F
100
AcDbEntity
  8
2Y
100
AcDbLine
 10
47723.50982888124
 20
18186.14046609577
 30
0.0
 11
47723.50982888124
 21
16186.52983027878
 31
0.0
1001
ACAD
1000
ASC_BOUNDS
1002
{
1070
    19
1002
}
  0
LINE
  5
1277
330
1F
100
AcDbEntity
  8
2Y
100
AcDbLine
 10
47473.55849940408
 20
15936.57850080168
 30
0.0
 11
47473.55849940408
 21
14436.870523939
 31
0.0
1001
ACAD
1000
ASC_BOUNDS
1002
{
1070
    19
1002
}
  0
LINE
  5
1278
330
1F
100
AcDbEntity
  8
2Y
100
AcDbLine
 10
47723.50982888124
 20
15936.57850080168
 30
0.0
 11
47723.50982888124
 21
14436.870523939
 31
0.0
1001
ACAD
1000
ASC_BOUNDS
1002
{
1070
    19
1002
}
  0
LINE
  5
1279
330
1F
100
AcDbEntity
  8
2Y
100
AcDbLine
 10
47973.46115835846
 20
15936.57850080168
 30
0.0
 11
47223.60716992715
 21
15936.57850080168
 31
0.0
1001
ACAD
1000
ASC_BOUNDS
1002
{
1070
    19
1002
}
  0
LINE
  5
127A
330
1F
100
AcDbEntity
  8
2Y
100
AcDbLine
 10
47973.46115835857
 20
16186.5298302788
 30
0.0
 11
47223.60716992715
 21
16186.5298302788
 31
0.0
1001
ACAD
1000
ASC_BOUNDS
1002
{
1070
    19
1002
}
  0
LINE
  5
127B
330
1F
100
AcDbEntity
  8
2Y
100
AcDbLine
 10
47973.46115835857
 20
18186.14046609579
 30
0.0
 11
47223.60716992718
 21
18186.14046609579
 31
0.0
1001
ACAD
1000
ASC_BOUNDS
1002
{
1070
    19
1002
}
  0
TEXT
  5
127C
330
1F
100
AcDbEntity
  8
TG
100
AcDbText
 10
48598.51919729512
 20
15987.65746198164
 30
0.0
 40
250.0
  1
MAIN REINF. (a)
  7
ROMANSIM
 11
48598.51919729512
 21
16112.65746198164
 31
0.0
100
AcDbText
 73
     2
  0
TEXT
  5
127D
330
1F
100
AcDbEntity
  8
TG
100
AcDbText
 10
48584.06722544403
 20
15068.64174473411
 30
0.0
 40
250.0
  1
REINF. (b)
  7
ROMANSIM
 11
48584.06722544403
 21
15193.64174473411
 31
0.0
100
AcDbText
 73
     2
  0
TEXT
  5
127E
330
1F
100
AcDbEntity
  8
TG
100
AcDbText
 10
48584.82044285238
 20
15466.99670664801
 30
0.0
 40
250.0
  1
SECONDARY 
  7
ROMANSIM
 11
48584.82044285238
 21
15591.99670664801
 31
0.0
100
AcDbText
 73
     2
  0
INSERT
  5
127F
330
1F
100
AcDbEntity
  8
3G
100
AcDbBlockReference
  2
DOT
 10
49431.41489060787
 20
14238.57619381033
 30
0.0
 41
0.9998053179151611
 42
0.9998053179151611
 43
0.9998053179151611
  0
LINE
  5
1280
330
1F
100
AcDbEntity
  8
7W
 62
     8
100
AcDbLine
 10
51406.12763689921
 20
15216.29698143135
 30
0.0
 11
50678.03857175388
 21
15216.29698143135
 31
0.0
  0
TEXT
  5
1281
330
1F
100
AcDbEntity
  8
TG
100
AcDbText
 10
48584.06722544403
 20
16654.36496659377
 30
0.0
 40
250.0
  1
REINF. (b)
  7
ROMANSIM
 11
48584.06722544403
 21
16779.36496659377
 31
0.0
100
AcDbText
 73
     2
  0
TEXT
  5
1282
330
1F
100
AcDbEntity
  8
TG
100
AcDbText
 10
48584.82044285238
 20
17052.71992850767
 30
0.0
 40
250.0
  1
SECONDARY 
  7
ROMANSIM
 11
48584.82044285238
 21
17177.71992850767
 31
0.0
100
AcDbText
 73
     2
  0
LINE
  5
1283
330
1F
100
AcDbEntity
  8
4C
100
AcDbLine
 10
55862.67911795774
 20
16099.12080824616
 30
0.0
 11
52395.25564676229
 21
13796.24722655885
 31
0.0
  0
LINE
  5
1284
330
1F
100
AcDbEntity
  8
SHE
  6
HIDDEN
100
AcDbLine
 10
55771.94263804462
 20
12770.52832709118
 30
0.0
 11
54397.21032592048
 21
12770.52832709118
 31
0.0
  0
LINE
  5
1285
330
1F
100
AcDbEntity
  8
SHE
  6
HIDDEN
100
AcDbLine
 10
54497.19085771134
 20
13603.69942501548
 30
0.0
 11
53122.45854558717
 21
13603.69942501548
 31
0.0
  0
ARC
  5
1286
330
1F
100
AcDbEntity
  8
4C
100
AcDbCircle
 10
52329.45865952896
 20
13896.91661701112
 30
0.0
 40
120.2645820805772
100
AcDbArc
 50
270.0
 51
303.168420825196
  0
INSERT
  5
1287
330
1F
100
AcDbEntity
  8
3G
100
AcDbBlockReference
  2
DOT
 10
53226.66838975625
 20
13942.23915154737
 30
0.0
 41
0.9998053179151611
 42
0.9998053179151611
 43
0.9998053179151611
  0
ARC
  5
1288
330
1F
100
AcDbEntity
  8
4C
100
AcDbCircle
 10
53248.02928808234
 20
14075.80581944613
 30
0.0
 40
240.5291641611545
100
AcDbArc
 50
270.0
 51
303.168420822081
  0
LINE
  5
1289
330
1F
100
AcDbEntity
  8
SHE
  6
HIDDEN
100
AcDbLine
 10
53122.45854558717
 20
13603.69942501548
 30
0.0
 11
53132.45659876617
 21
13687.01653550763
 31
0.0
  0
LINE
  5
128A
330
1F
100
AcDbEntity
  8
SHE
  6
HIDDEN
100
AcDbLine
 10
54397.21032592048
 20
12770.52832709118
 30
0.0
 11
54497.19085771134
 21
13603.69942501548
 31
0.0
  0
LINE
  5
128B
330
1F
100
AcDbEntity
  8
SHE
  6
HIDDEN
100
AcDbLine
 10
55671.9621062538
 20
11937.35722916776
 30
0.0
 11
55771.94263804462
 21
12770.52832709118
 31
0.0
  0
LINE
  5
128C
330
1F
100
AcDbEntity
  8
SHE
  6
HIDDEN
100
AcDbLine
 10
58321.44619871137
 20
11104.18613024424
 30
0.0
 11
56946.71388658711
 21
11104.18613024424
 31
0.0
  0
LINE
  5
128D
330
1F
100
AcDbEntity
  8
SHE
  6
HIDDEN
100
AcDbLine
 10
57046.69441837805
 20
11937.35722916776
 30
0.0
 11
55671.9621062538
 21
11937.35722916776
 31
0.0
  0
LINE
  5
128E
330
1F
100
AcDbEntity
  8
SHE
  6
HIDDEN
100
AcDbLine
 10
56946.71388658711
 20
11104.18613024424
 30
0.0
 11
57046.69441837805
 21
11937.35722916776
 31
0.0
  0
LINE
  5
128F
330
1F
100
AcDbEntity
  8
SHE
  6
HIDDEN
100
AcDbLine
 10
58221.46566692043
 20
10271.01503231992
 30
0.0
 11
58321.44619871137
 21
11104.18613024424
 31
0.0
  0
LINE
  5
1290
330
1F
100
AcDbEntity
  8
7W
 62
     8
100
AcDbLine
 10
53823.40323760951
 20
16802.02020329101
 30
0.0
 11
55617.85689708619
 21
15383.80668387689
 31
0.0
  0
LINE
  5
1291
330
1F
100
AcDbEntity
  8
4C
100
AcDbLine
 10
54233.50447280713
 20
14356.48518377031
 30
0.0
 11
55700.82623092314
 21
15315.51901254942
 31
0.0
  0
LINE
  5
1292
330
1F
100
AcDbEntity
  8
2Y
100
AcDbLine
 10
54297.22979412969
 20
16103.21271978672
 30
0.0
 11
55671.9621062538
 21
16103.21271978672
 31
0.0
  0
LINE
  5
1293
330
1F
100
AcDbEntity
  8
7W
 62
     8
100
AcDbLine
 10
53823.40323760951
 20
16802.02020329101
 30
0.0
 11
54739.80343387792
 21
15214.76850328891
 31
0.0
  0
LINE
  5
1294
330
1F
100
AcDbEntity
  8
2Y
100
AcDbLine
 10
53022.4780137963
 20
15270.04162186242
 30
0.0
 11
54397.21032592048
 21
15270.04162186242
 31
0.0
  0
LINE
  5
1295
330
1F
100
AcDbEntity
  8
7W
 62
     8
100
AcDbLine
 10
54201.14166857539
 20
14993.69478190558
 30
0.0
 11
53361.40923248883
 21
16135.31269867888
 31
0.0
  0
LINE
  5
1296
330
1F
100
AcDbEntity
  8
2Y
100
AcDbLine
 10
53122.45854558717
 20
14436.870523939
 30
0.0
 11
53022.4780137963
 21
15270.04162186242
 31
0.0
  0
INSERT
  5
1297
330
1F
100
AcDbEntity
  8
3G
100
AcDbBlockReference
  2
DOT
 10
52178.50174385569
 20
14238.57619381033
 30
0.0
 41
0.9998053179151611
 42
0.9998053179151611
 43
0.9998053179151611
  0
INSERT
  5
1298
330
1F
100
AcDbEntity
  8
3G
100
AcDbBlockReference
  2
DOT
 10
53299.8126441971
 20
15068.3929004018
 30
0.0
 41
0.7498539884545608
 42
0.7498539884545608
 43
0.7498539884545608
  0
SOLID
  5
1299
330
1F
100
AcDbEntity
  8
7W
 62
     8
100
AcDbTrace
 10
54046.4744071943
 20
15298.89692927163
 30
0.0
 11
53955.85031947454
 21
15232.23716085796
 31
0.0
 12
54201.14166857539
 22
14993.69478190558
 32
0.0
 13
54201.14166857539
 23
14993.69478190558
 33
0.0
  0
INSERT
  5
129A
330
1F
100
AcDbEntity
  8
3G
100
AcDbBlockReference
  2
DOT
 10
54590.81815660359
 20
15114.88705356013
 30
0.0
 41
0.9998053179151611
 42
0.9998053179151611
 43
0.9998053179151611
  0
CIRCLE
  5
129B
330
1F
100
AcDbEntity
  8
7W
 62
     8
100
AcDbCircle
 10
54584.93496823774
 20
15125.35515296251
 30
0.0
 40
178.8267006527184
  0
ARC
  5
129C
330
1F
100
AcDbEntity
  8
4C
100
AcDbCircle
 10
54167.70748558318
 20
14457.15457422872
 30
0.0
 40
120.2645820805772
100
AcDbArc
 50
270.0
 51
303.1684208201082
  0
INSERT
  5
129D
330
1F
100
AcDbEntity
  8
3G
100
AcDbBlockReference
  2
DOT
 10
54504.39392812945
 20
14718.44522371345
 30
0.0
 41
0.9998053179151611
 42
0.9998053179151611
 43
0.9998053179151611
  0
LINE
  5
129E
330
1F
100
AcDbEntity
  8
2Y
100
AcDbLine
 10
54397.21032592048
 20
15270.04162186242
 30
0.0
 11
54297.22979412969
 21
16103.21271978672
 31
0.0
  0
INSERT
  5
129F
330
1F
100
AcDbEntity
  8
3G
100
AcDbBlockReference
  2
DOT
 10
54574.56442453046
 20
15901.5639983261
 30
0.0
 41
0.7498539884545608
 42
0.7498539884545608
 43
0.7498539884545608
  0
LINE
  5
12A0
330
1F
100
AcDbEntity
  8
2Y
100
AcDbLine
 10
55671.9621062538
 20
16103.21271978672
 30
0.0
 11
55571.981574463
 21
16936.38381871024
 31
0.0
  0
LINE
  5
12A1
330
1F
100
AcDbEntity
  8
7W
 62
     8
100
AcDbLine
 10
58057.71500676203
 20
16758.43602585161
 30
0.0
 11
58702.17964314188
 21
15642.19053196021
 31
0.0
  0
INSERT
  5
12A2
330
1F
100
AcDbEntity
  8
3G
100
AcDbBlockReference
  2
DOT
 10
55731.07938893665
 20
15520.809477346
 30
0.0
 41
0.9998053179151611
 42
0.9998053179151611
 43
0.9998053179151611
  0
CIRCLE
  5
12A3
330
1F
100
AcDbEntity
  8
7W
 62
     8
100
AcDbCircle
 10
55728.73997937599
 20
15524.10611697715
 30
0.0
 40
178.8267006527184
  0
LINE
  5
12A4
330
1F
100
AcDbEntity
  8
2Y
100
AcDbLine
 10
58087.99165697959
 20
17670.90745826727
 30
0.0
 11
57080.18789652795
 21
17035.03127607748
 31
0.0
  0
LINE
  5
12A5
330
1F
100
AcDbEntity
  8
2Y
100
AcDbLine
 10
56846.73335479633
 20
17769.55491663366
 30
0.0
 11
58221.46566692043
 21
17769.55491663366
 31
0.0
  0
LINE
  5
12A6
330
1F
100
AcDbEntity
  8
7W
 62
     8
100
AcDbLine
 10
57679.37719727432
 20
17413.7363343086
 30
0.0
 11
57196.75173009354
 21
18249.66816449251
 31
0.0
  0
LINE
  5
12A7
330
1F
100
AcDbEntity
  8
2Y
100
AcDbLine
 10
56946.71388658711
 20
16936.38381871024
 30
0.0
 11
56846.73335479633
 21
17769.55491663366
 31
0.0
  0
LINE
  5
12A8
330
1F
100
AcDbEntity
  8
2Y
100
AcDbLine
 10
55571.981574463
 20
16936.38381871024
 30
0.0
 11
56946.71388658711
 21
16936.38381871024
 31
0.0
  0
INSERT
  5
12A9
330
1F
100
AcDbEntity
  8
3G
100
AcDbBlockReference
  2
DOT
 10
55849.31620486381
 20
16734.73509724962
 30
0.0
 41
0.7498539884545608
 42
0.7498539884545608
 43
0.7498539884545608
  0
INSERT
  5
12AA
330
1F
100
AcDbEntity
  8
3G
100
AcDbBlockReference
  2
DOT
 10
56957.76484874377
 20
16323.17373197772
 30
0.0
 41
0.9998053179151611
 42
0.9998053179151611
 43
0.9998053179151611
  0
INSERT
  5
12AB
330
1F
100
AcDbEntity
  8
3G
100
AcDbBlockReference
  2
DOT
 10
57124.0679851972
 20
17567.90619517304
 30
0.0
 41
0.7498539884545608
 42
0.7498539884545608
 43
0.7498539884545608
  0
SOLID
  5
12AC
330
1F
100
AcDbEntity
  8
7W
 62
     8
100
AcDbTrace
 10
59000.83940849021
 20
17143.4939415363
 30
0.0
 11
58903.41155056455
 21
17087.24394153613
 31
0.0
 12
58783.37547952686
 22
17407.65251531318
 32
0.0
 13
58783.37547952686
 23
17407.65251531318
 33
0.0
  0
INSERT
  5
12AD
330
1F
100
AcDbEntity
  8
3G
100
AcDbBlockReference
  2
DOT
 10
58184.4503095509
 20
17125.53798561114
 30
0.0
 41
0.9998053179151611
 42
0.9998053179151611
 43
0.9998053179151611
  0
SOLID
  5
12AE
330
1F
100
AcDbEntity
  8
7W
 62
     8
100
AcDbTrace
 10
58275.17893572534
 20
16494.27745207474
 30
0.0
 11
58177.75107779969
 21
16438.02745207457
 31
0.0
 12
58057.715006762
 22
16758.43602585161
 32
0.0
 13
58057.715006762
 23
16758.43602585161
 33
0.0
  0
SOLID
  5
12AF
330
1F
100
AcDbEntity
  8
7W
 62
     8
100
AcDbTrace
 10
57559.34112623722
 20
17734.14490808585
 30
0.0
 11
57461.91326831149
 21
17677.89490808584
 31
0.0
 12
57679.37719727435
 22
17413.73633430859
 32
0.0
 13
57679.37719727435
 23
17413.73633430859
 33
0.0
  0
INSERT
  5
12B0
330
1F
100
AcDbEntity
  8
1R
100
AcDbBlockReference
  2
*X6
 10
-49107.54877756647
 20
-55714.95810179792
 30
0.0
 41
0.5998831907345448
 42
0.5998831907345448
 43
0.5998831907345448
1001
ACAD
1000
HATCH
1002
{
1070
    19
1000
_U
1040
500.0
1040
0.7853981633974483
1002
}
  0
LINE
  5
12B1
330
1F
100
AcDbEntity
  8
2Y
100
AcDbLine
 10
47973.46115835843
 20
24934.8263619782
 30
0.0
 11
47973.46115835843
 21
21935.41040825273
 31
0.0
  0
LINE
  5
12B2
330
1F
100
AcDbEntity
  8
2Y
100
AcDbLine
 10
47723.50982888124
 20
24184.97237354682
 30
0.0
 11
47723.50982888124
 21
22185.36173772984
 31
0.0
1001
ACAD
1000
ASC_BOUNDS
1002
{
1070
    19
1002
}
  0
LINE
  5
12B3
330
1F
100
AcDbEntity
  8
2Y
100
AcDbLine
 10
47473.55849940408
 20
24184.97237354682
 30
0.0
 11
47473.55849940408
 21
22185.36173772984
 31
0.0
1001
ACAD
1000
ASC_BOUNDS
1002
{
1070
    19
1002
}
  0
LINE
  5
12B4
330
1F
100
AcDbEntity
  8
2Y
100
AcDbLine
 10
47223.607169927
 20
24934.8263619782
 30
0.0
 11
47223.607169927
 21
21935.41040825273
 31
0.0
  0
LWPOLYLINE
  5
12B5
330
1F
100
AcDbEntity
  8
2Y
100
AcDbPolyline
 90
        4
 70
     0
 43
0.0
 10
47973.46115835843
 20
21935.41040825275
 10
47973.46115835843
 20
18935.99445452717
 10
45973.85052254138
 20
18935.99445452717
 10
45973.85052254138
 20
21185.55641982136
1001
ACAD
1000
ASC_BOUNDS
1002
{
1070
    19
1005
0
1002
}
  0
LINE
  5
12B6
330
1F
100
AcDbEntity
  8
2Y
100
AcDbLine
 10
47973.46115835843
 20
18811.01878978862
 30
0.0
 11
47223.607169927
 21
18811.01878978862
 31
0.0
1001
ACAD
1000
ASC_BOUNDS
1002
{
1070
    19
1002
}
  0
LWPOLYLINE
  5
12B7
330
1F
100
AcDbEntity
  8
2Y
100
AcDbPolyline
 90
        2
 70
     0
 43
0.0
 10
45973.85052254138
 20
21935.41040825275
 10
47973.46115835843
 20
21935.41040825275
1001
ACAD
1000
ASC_BOUNDS
1002
{
1070
    19
1005
0
1002
}
  0
LINE
  5
12B8
330
1F
100
AcDbEntity
  8
2Y
100
AcDbLine
 10
47977.63432826914
 20
21935.41040825273
 30
0.0
 11
47977.63432826914
 21
21185.55641982136
 31
0.0
  0
LINE
  5
12B9
330
1F
100
AcDbEntity
  8
2Y
100
AcDbLine
 10
47977.63432826914
 20
21185.55641982136
 30
0.0
 11
47973.46115835843
 21
21185.55641982136
 31
0.0
1001
ACAD
1000
ASC_BOUNDS
1002
{
1070
    19
1002
}
  0
LINE
  5
12BA
330
1F
100
AcDbEntity
  8
2Y
100
AcDbLine
 10
47973.46115835857
 20
22185.36173772982
 30
0.0
 11
47223.60716992715
 21
22185.36173772982
 31
0.0
  0
LINE
  5
12BB
330
1F
100
AcDbEntity
  8
2Y
100
AcDbLine
 10
47473.55849940408
 20
24934.8263619782
 30
0.0
 11
47473.55849940408
 21
24434.9237030239
 31
0.0
1001
ACAD
1000
ASC_BOUNDS
1002
{
1070
    19
1002
}
  0
LINE
  5
12BC
330
1F
100
AcDbEntity
  8
2Y
100
AcDbLine
 10
47723.50982888124
 20
24934.8263619782
 30
0.0
 11
47723.50982888124
 21
24434.9237030239
 31
0.0
1001
ACAD
1000
ASC_BOUNDS
1002
{
1070
    19
1002
}
  0
LINE
  5
12BD
330
1F
100
AcDbEntity
  8
2Y
100
AcDbLine
 10
47973.46115835864
 20
24434.92370302391
 30
0.0
 11
47223.60716992729
 21
24434.92370302391
 31
0.0
  0
LINE
  5
12BE
330
1F
100
AcDbEntity
  8
2Y
100
AcDbLine
 10
47973.46115835857
 20
24184.97237354682
 30
0.0
 11
47223.60716992718
 21
24184.97237354682
 31
0.0
  0
LWPOLYLINE
  5
12BF
330
1F
100
AcDbEntity
  8
2Y
100
AcDbPolyline
 90
        6
 70
     0
 43
0.0
 10
47223.60716992704
 20
24934.82636197821
 10
47491.76193761103
 20
24941.18035529127
 10
47584.47416123368
 20
24919.38232334865
 10
47758.99138581304
 20
24946.63013319264
 10
47824.43527578346
 20
24946.63013319264
 10
47973.46115835843
 20
24934.82636197821
  0
LWPOLYLINE
  5
12C0
330
1F
100
AcDbEntity
  8
2Y
100
AcDbPolyline
 90
        7
 70
     0
 43
0.0
 10
47567.9786951632
 20
24923.26065440643
 10
47524.45646081136
 20
24948.92117764357
 10
47527.15709113765
 20
24973.20855210381
 10
47624.38033686243
 20
24981.30422362802
 10
47648.68600979977
 20
24962.4140834798
 10
47621.67970653603
 20
24943.52394333157
 10
47584.47416123368
 20
24919.38232334865
  0
TEXT
  5
12C1
330
1F
100
AcDbEntity
  8
TG
100
AcDbText
 10
56062.67926318412
 20
20420.96119641072
 30
0.0
 40
250.0
  1
BAR (TYP.)
  7
ROMANSIM
 11
56062.67926318412
 21
20545.96119641073
 31
0.0
100
AcDbText
 73
     2
  0
INSERT
  5
12C2
330
1F
100
AcDbEntity
  8
3G
100
AcDbBlockReference
  2
DOT
 10
58398.81976553051
 20
18401.07729309734
 30
0.0
 41
0.7498539884545608
 42
0.7498539884545608
 43
0.7498539884545608
  0
TEXT
  5
12C3
330
1F
100
AcDbEntity
  8
TG
100
AcDbText
 10
56023.27482287919
 20
20822.82140711367
 30
0.0
 40
250.0
  1
1-%%C12 NOSING
  7
ROMANSIM
 11
56023.27482287919
 21
20947.82140711367
 31
0.0
100
AcDbText
 73
     2
  0
TEXT
  5
12C4
330
1F
100
AcDbEntity
  8
TG
100
AcDbText
 10
56052.19202409282
 20
21584.14304384006
 30
0.0
 40
250.0
  1
(a)
  7
ROMANSIM
 11
56052.19202409282
 21
21709.14304384006
 31
0.0
100
AcDbText
 73
     2
  0
LINE
  5
12C5
330
1F
100
AcDbEntity
  8
7W
 62
     8
100
AcDbLine
 10
58233.07916053253
 20
20521.56308871962
 30
0.0
 11
58729.90440715106
 21
20521.56308871962
 31
0.0
  0
LINE
  5
12C6
330
1F
100
AcDbEntity
  8
7W
 62
     8
100
AcDbLine
 10
59803.45759736307
 20
18072.10063630479
 30
0.0
 11
59241.1862087621
 21
19045.98324900428
 31
0.0
  0
SOLID
  5
12C7
330
1F
100
AcDbEntity
  8
7W
 62
     8
100
AcDbTrace
 10
59683.42152632594
 20
18392.50921008203
 30
0.0
 11
59585.9936684002
 21
18336.25921008204
 31
0.0
 12
59803.45759736307
 22
18072.10063630478
 32
0.0
 13
59803.45759736307
 23
18072.10063630478
 33
0.0
  0
LINE
  5
12C8
330
1F
100
AcDbEntity
  8
7W
 62
     8
100
AcDbLine
 10
61034.19269768006
 20
19304.87539847946
 30
0.0
 11
61711.73554309079
 21
18131.3367659239
 31
0.0
  0
TEXT
  5
12C9
330
1F
100
AcDbEntity
  8
TG
100
AcDbText
 10
62857.83613083304
 20
18040.39430774776
 30
0.0
 40
250.0
  1
(b)
  7
ROMANSIM
 11
62857.83613083304
 21
18165.39430774776
 31
0.0
100
AcDbText
 73
     2
  0
LINE
  5
12CA
330
1F
100
AcDbEntity
  8
2Y
100
AcDbLine
 10
70024.95846099209
 20
18710.50369950325
 30
0.0
 11
70024.95846099209
 21
17567.11747673377
 31
0.0
  0
LINE
  5
12CB
330
1F
100
AcDbEntity
  8
7W
 62
     8
100
AcDbLine
 10
62792.16396313061
 20
16268.10624532808
 30
0.0
 11
59441.2928252567
 21
16268.10624532808
 31
0.0
  0
LINE
  5
12CC
330
1F
100
AcDbEntity
  8
7W
 62
     8
100
AcDbLine
 10
61711.73554309079
 20
18131.3367659239
 30
0.0
 11
62777.44707766602
 21
18131.3367659239
 31
0.0
  0
LINE
  5
12CD
330
1F
100
AcDbEntity
  8
7W
 62
     8
100
AcDbLine
 10
60216.87575125763
 20
17356.03938898801
 30
0.0
 11
62770.59689866657
 21
17356.03938898801
 31
0.0
  0
SOLID
  5
12CE
330
1F
100
AcDbEntity
  8
7W
 62
     8
100
AcDbTrace
 10
60093.2945489142
 20
17682.58831030852
 30
0.0
 11
59995.86669098855
 21
17626.33831030835
 31
0.0
 12
59875.83061995085
 22
17946.7468840854
 32
0.0
 13
59875.83061995085
 23
17946.7468840854
 33
0.0
  0
LINE
  5
12CF
330
1F
100
AcDbEntity
  8
7W
 62
     8
100
AcDbLine
 10
59875.83061995088
 20
17946.74688408539
 30
0.0
 11
60216.87575125763
 21
17356.03938898801
 31
0.0
  0
INSERT
  5
12D0
330
1F
100
AcDbEntity
  8
3G
100
AcDbBlockReference
  2
DOT
 10
59411.13577035782
 20
17927.90224024286
 30
0.0
 41
0.9998053179151611
 42
0.9998053179151611
 43
0.9998053179151611
  0
TEXT
  5
12D1
330
1F
100
AcDbEntity
  8
TG
100
AcDbText
 10
62868.07460842452
 20
16166.13552736875
 30
0.0
 40
250.0
  1
MAIN REINF. (a)
  7
ROMANSIM
 11
62868.07460842452
 21
16291.13552736876
 31
0.0
100
AcDbText
 73
     2
  0
TEXT
  5
12D2
330
1F
100
AcDbEntity
  8
TG
100
AcDbText
 10
62868.07460842452
 20
15550.4807835602
 30
0.0
 40
250.0
  1
t (SEE TABLE)
  7
ROMANSIM
 11
62868.07460842452
 21
15675.4807835602
 31
0.0
100
AcDbText
 73
     2
  0
TEXT
  5
12D3
330
1F
100
AcDbEntity
  8
TG
100
AcDbText
 10
62830.76893849533
 20
16831.05147850262
 30
0.0
 40
250.0
  1
(TYPICAL)
  7
ROMANSIM
 11
62830.76893849533
 21
16956.05147850262
 31
0.0
100
AcDbText
 73
     2
  0
TEXT
  5
12D4
330
1F
100
AcDbEntity
  8
TG
100
AcDbText
 10
62856.56359613671
 20
17236.18663497404
 30
0.0
 40
250.0
  1
20 CLEAR
  7
ROMANSIM
 11
62856.56359613671
 21
17361.18663497404
 31
0.0
100
AcDbText
 73
     2
  0
LINE
  5
12D5
330
1F
100
AcDbEntity
  8
2Y
100
AcDbLine
 10
70892.96190404132
 20
15936.57850080168
 30
0.0
 11
70892.96190404132
 21
13936.96786498469
 31
0.0
1001
ACAD
1000
ASC_BOUNDS
1002
{
1070
    19
1002
}
  0
LINE
  5
12D6
330
1F
100
AcDbEntity
  8
2Y
100
AcDbLine
 10
71142.91323351837
 20
15936.57850080168
 30
0.0
 11
71142.91323351837
 21
13936.96786498469
 31
0.0
1001
ACAD
1000
ASC_BOUNDS
1002
{
1070
    19
1002
}
  0
LINE
  5
12D7
330
1F
100
AcDbEntity
  8
2Y
100
AcDbLine
 10
70892.96190404132
 20
13687.01653550759
 30
0.0
 11
70892.96190404132
 21
11687.40589969059
 31
0.0
1001
ACAD
1000
ASC_BOUNDS
1002
{
1070
    19
1002
}
  0
LINE
  5
12D8
330
1F
100
AcDbEntity
  8
2Y
100
AcDbLine
 10
71142.91323351837
 20
13687.01653550758
 30
0.0
 11
71142.91323351837
 21
11687.40589969059
 31
0.0
1001
ACAD
1000
ASC_BOUNDS
1002
{
1070
    19
1002
}
  0
LINE
  5
12D9
330
1F
100
AcDbEntity
  8
2Y
100
AcDbLine
 10
71392.86456299559
 20
11687.40589969059
 30
0.0
 11
70643.01057456428
 21
11687.40589969059
 31
0.0
  0
LINE
  5
12DA
330
1F
100
AcDbEntity
  8
2Y
100
AcDbLine
 10
71392.86456299555
 20
11437.45457021347
 30
0.0
 11
70643.01057456421
 21
11437.45457021349
 31
0.0
  0
LINE
  5
12DB
330
1F
100
AcDbEntity
  8
2Y
100
AcDbLine
 10
71392.86456299559
 20
13687.01653550758
 30
0.0
 11
70643.01057456428
 21
13687.01653550759
 31
0.0
  0
LINE
  5
12DC
330
1F
100
AcDbEntity
  8
2Y
100
AcDbLine
 10
71392.8645629957
 20
13936.96786498469
 30
0.0
 11
70643.01057456428
 21
13936.96786498469
 31
0.0
  0
TEXT
  5
12DD
330
1F
100
AcDbEntity
  8
TG
100
AcDbText
 10
67332.55965745363
 20
17024.74985577785
 30
0.0
 40
250.0
  1
(BEAM, COLUMN,
  7
100CL
 11
67332.55965745363
 21
17149.74985577785
 31
0.0
100
AcDbText
 73
     2
  0
TEXT
  5
12DE
330
1F
100
AcDbEntity
  8
TG
 62
     4
100
AcDbText
 10
67332.55965745363
 20
17561.32064670689
 30
0.0
 40
250.0
  1
SUPPORT
  7
100CL
 11
67332.55965745363
 21
17686.32064670689
 31
0.0
100
AcDbText
 73
     2
  0
TEXT
  5
12DF
330
1F
100
AcDbEntity
  8
TG
100
AcDbText
 10
67332.55965745363
 20
16629.17347620969
 30
0.0
 40
250.0
  1
OR WALL)
  7
100CL
 11
67332.55965745363
 21
16754.17347620969
 31
0.0
100
AcDbText
 73
     2
  0
LINE
  5
12E0
330
1F
100
AcDbEntity
  8
2Y
100
AcDbLine
 10
70892.96190404132
 20
18186.14046609579
 30
0.0
 11
70892.96190404132
 21
16186.52983027878
 31
0.0
1001
ACAD
1000
ASC_BOUNDS
1002
{
1070
    19
1002
}
  0
LINE
  5
12E1
330
1F
100
AcDbEntity
  8
2Y
100
AcDbLine
 10
71142.91323351837
 20
18186.14046609577
 30
0.0
 11
71142.91323351837
 21
16186.52983027878
 31
0.0
1001
ACAD
1000
ASC_BOUNDS
1002
{
1070
    19
1002
}
  0
LINE
  5
12E2
330
1F
100
AcDbEntity
  8
2Y
100
AcDbLine
 10
71392.8645629957
 20
15936.57850080168
 30
0.0
 11
70643.01057456428
 21
15936.57850080168
 31
0.0
  0
LINE
  5
12E3
330
1F
100
AcDbEntity
  8
2Y
100
AcDbLine
 10
71392.86456299577
 20
16186.5298302788
 30
0.0
 11
70643.01057456431
 21
16186.5298302788
 31
0.0
  0
LINE
  5
12E4
330
1F
100
AcDbEntity
  8
2Y
100
AcDbLine
 10
71392.8645629957
 20
18186.14046609579
 30
0.0
 11
70643.01057456442
 21
18186.14046609579
 31
0.0
  0
DIMENSION
  5
12E5
330
1F
100
AcDbEntity
  8
DIM
100
AcDbDimension
280
     0
  2
*D53
 10
68189.08956455968
 20
25109.75915144808
 30
0.0
 11
66939.33291717412
 21
25334.75915144808
 31
0.0
 70
    32
  1
Ld
 71
     5
 42
2499.513294771125
 73
     0
 74
     0
 75
     0
  3
DIM100
100
AcDbAlignedDimension
 13
65689.57626978855
 23
21935.41040825272
 33
0.0
 14
68189.08956455968
 24
21935.41040825275
 34
0.0
100
AcDbRotatedDimension
  0
LINE
  5
12E6
330
1F
100
AcDbEntity
  8
2Y
100
AcDbLine
 10
70643.01057456421
 20
21935.41040825274
 30
0.0
 11
63220.49225646295
 21
21935.41040825273
 31
0.0
  0
LINE
  5
12E7
330
1F
100
AcDbEntity
  8
2Y
100
AcDbLine
 10
70643.01057456413
 20
21185.55641982134
 30
0.0
 11
64818.54076103353
 21
21185.55641982136
 31
0.0
  0
LINE
  5
12E8
330
1F
100
AcDbEntity
  8
4C
100
AcDbLine
 10
68189.08956455972
 20
21873.36920808126
 30
0.0
 11
65689.57626978855
 21
21873.36920808126
 31
0.0
  0
LINE
  5
12E9
330
1F
100
AcDbEntity
  8
4C
100
AcDbLine
 10
72163.12133566806
 20
21797.10613886008
 30
0.0
 11
64672.38612652748
 21
21797.10613886006
 31
0.0
  0
LINE
  5
12EA
330
1F
100
AcDbEntity
  8
4C
100
AcDbLine
 10
72031.39928424897
 20
21323.860689214
 30
0.0
 11
63783.13224297703
 21
21323.86068921402
 31
0.0
  0
LINE
  5
12EB
330
1F
100
AcDbEntity
  8
7W
 62
     8
100
AcDbLine
 10
64833.45261871758
 20
21791.31987943986
 30
0.0
 11
66202.82013229694
 21
19419.50577168748
 31
0.0
  0
LINE
  5
12EC
330
1F
100
AcDbEntity
  8
2Y
100
AcDbLine
 10
63224.63177541593
 20
21102.2393093292
 30
0.0
 11
59375.55042253678
 21
23617.97875554387
 31
0.0
  0
LINE
  5
12ED
330
1F
100
AcDbEntity
  8
2Y
100
AcDbLine
 10
63320.47278825385
 20
21935.41040825273
 30
0.0
 11
63420.45332004464
 21
22768.58150617615
 31
0.0
  0
LINE
  5
12EE
330
1F
100
AcDbEntity
  8
4C
100
AcDbLine
 10
63750.23374936298
 20
21314.06309340155
 30
0.0
 11
62369.54643197523
 21
20411.653082006
 31
0.0
  0
LINE
  5
12EF
330
1F
100
AcDbEntity
  8
4C
100
AcDbLine
 10
64606.58913929934
 20
21777.51094723512
 30
0.0
 11
61615.81603073869
 21
19822.75728144194
 31
0.0
  0
LINE
  5
12F0
330
1F
100
AcDbEntity
  8
2Y
100
AcDbLine
 10
61945.74047612967
 20
21102.2393093292
 30
0.0
 11
63320.47278825385
 21
21102.2393093292
 31
0.0
  0
LINE
  5
12F1
330
1F
100
AcDbEntity
  8
7W
 62
     8
100
AcDbLine
 10
61880.30249902856
 20
19989.97416117195
 30
0.0
 11
60902.36468703104
 21
21683.81213819448
 31
0.0
  0
LINE
  5
12F2
330
1F
100
AcDbEntity
  8
2Y
100
AcDbLine
 10
62045.72100792042
 20
20269.06821140491
 30
0.0
 11
61945.74047612967
 21
21102.2393093292
 31
0.0
  0
LINE
  5
12F3
330
1F
100
AcDbEntity
  8
2Y
100
AcDbLine
 10
60670.98869579628
 20
20269.06821140491
 30
0.0
 11
62045.72100792042
 21
20269.06821140491
 31
0.0
  0
LINE
  5
12F4
330
1F
100
AcDbEntity
  8
2Y
100
AcDbLine
 10
59496.21744725375
 20
18602.72601455796
 30
0.0
 11
59396.23691546296
 21
19435.89711348148
 31
0.0
  0
CIRCLE
  5
12F5
330
1F
100
AcDbEntity
  8
7W
 62
     8
100
AcDbCircle
 10
59670.63623966768
 20
19249.82115980886
 30
0.0
 40
178.8267006527184
  0
INSERT
  5
12F6
330
1F
100
AcDbEntity
  8
3G
100
AcDbBlockReference
  2
DOT
 10
59673.57154586384
 20
19234.24839202086
 30
0.0
 41
0.7498539884545608
 42
0.7498539884545608
 43
0.7498539884545608
  0
INSERT
  5
12F7
330
1F
100
AcDbEntity
  8
3G
100
AcDbBlockReference
  2
DOT
 10
60637.82123116502
 20
18730.26649387541
 30
0.0
 41
0.9998053179151611
 42
0.9998053179151611
 43
0.9998053179151611
  0
LINE
  5
12F8
330
1F
100
AcDbEntity
  8
2Y
100
AcDbLine
 10
59396.23691546296
 20
19435.89711348148
 30
0.0
 11
60770.96922758714
 21
19435.89711348148
 31
0.0
  0
LINE
  5
12F9
330
1F
100
AcDbEntity
  8
2Y
100
AcDbLine
 10
60770.96922758714
 20
19435.89711348148
 30
0.0
 11
60670.98869579628
 21
20269.06821140491
 31
0.0
  0
INSERT
  5
12FA
330
1F
100
AcDbEntity
  8
3G
100
AcDbBlockReference
  2
DOT
 10
61186.19618159473
 20
19393.56129711161
 30
0.0
 41
0.9998053179151611
 42
0.9998053179151611
 43
0.9998053179151611
  0
CIRCLE
  5
12FB
330
1F
100
AcDbEntity
  8
7W
 62
     8
100
AcDbCircle
 10
61189.06116332024
 20
19394.28874880585
 30
0.0
 40
178.8267006527184
  0
INSERT
  5
12FC
330
1F
100
AcDbEntity
  8
3G
100
AcDbBlockReference
  2
DOT
 10
60948.32332619716
 20
20067.41949094431
 30
0.0
 41
0.7498539884545608
 42
0.7498539884545608
 43
0.7498539884545608
  0
SOLID
  5
12FD
330
1F
100
AcDbEntity
  8
7W
 62
     8
100
AcDbTrace
 10
61760.2664279916
 20
20310.38273494888
 30
0.0
 11
61662.83857006587
 21
20254.13273494888
 31
0.0
 12
61880.30249902873
 22
19989.97416117163
 32
0.0
 13
61880.30249902873
 23
19989.97416117163
 33
0.0
  0
INSERT
  5
12FE
330
1F
100
AcDbEntity
  8
3G
100
AcDbBlockReference
  2
DOT
 10
61864.50669197212
 20
19532.630748508
 30
0.0
 41
0.9998053179151611
 42
0.9998053179151611
 43
0.9998053179151611
  0
INSERT
  5
12FF
330
1F
100
AcDbEntity
  8
3G
100
AcDbBlockReference
  2
DOT
 10
62223.07510653047
 20
20900.59058886773
 30
0.0
 41
0.7498539884545608
 42
0.7498539884545608
 43
0.7498539884545608
  0
INSERT
  5
1300
330
1F
100
AcDbEntity
  8
3G
100
AcDbBlockReference
  2
DOT
 10
63091.19215277913
 20
20334.99500214055
 30
0.0
 41
0.9998053179151611
 42
0.9998053179151611
 43
0.9998053179151611
  0
LINE
  5
1301
330
1F
100
AcDbEntity
  8
2Y
100
AcDbLine
 10
63320.47278825385
 20
21102.2393093292
 30
0.0
 11
63220.49225646295
 21
21935.41040825273
 31
0.0
  0
ARC
  5
1302
330
1F
100
AcDbEntity
  8
4C
100
AcDbCircle
 10
63783.13224297703
 20
21263.72839817374
 30
0.0
 40
60.13229104028863
100
AcDbArc
 50
90.0
 51
123.1684208221967
  0
INSERT
  5
1303
330
1F
100
AcDbEntity
  8
3G
100
AcDbBlockReference
  2
DOT
 10
63497.82688686379
 20
21733.7616867921
 30
0.0
 41
0.7498539884545608
 42
0.7498539884545608
 43
0.7498539884545608
  0
INSERT
  5
1304
330
1F
100
AcDbEntity
  8
3G
100
AcDbBlockReference
  2
DOT
 10
65727.63615596199
 20
21443.137424557
 30
0.0
 41
0.9998053179151611
 42
0.9998053179151611
 43
0.9998053179151611
  0
CIRCLE
  5
1305
330
1F
100
AcDbEntity
  8
7W
 62
     8
100
AcDbCircle
 10
64678.58415307741
 20
21701.90652911345
 30
0.0
 40
178.8267006527184
  0
INSERT
  5
1306
330
1F
100
AcDbEntity
  8
3G
100
AcDbBlockReference
  2
DOT
 10
64678.00866409309
 20
21695.87044656752
 30
0.0
 41
0.9998053179151611
 42
0.9998053179151611
 43
0.9998053179151611
  0
ARC
  5
1307
330
1F
100
AcDbEntity
  8
4C
100
AcDbCircle
 10
64672.38612652748
 20
21676.84155677948
 30
0.0
 40
120.2645820805772
100
AcDbArc
 50
90.0
 51
123.1684208221967
  0
ARC
  5
1308
330
1F
100
AcDbEntity
  8
4C
100
AcDbCircle
 10
65689.57626978855
 20
21632.84004392012
 30
0.0
 40
240.5291641611545
100
AcDbArc
 50
90.0
 51
123.1684208220809
  0
LINE
  5
1309
330
1F
100
AcDbEntity
  8
2Y
100
AcDbLine
 10
63420.45332004464
 20
22768.58150617615
 30
0.0
 11
62045.72100792042
 21
22768.58150617615
 31
0.0
  0
LINE
  5
130A
330
1F
100
AcDbEntity
  8
2Y
100
AcDbLine
 10
60770.96922758714
 20
23601.75260410044
 30
0.0
 11
60870.949759378
 21
24434.92370302397
 31
0.0
  0
LINE
  5
130B
330
1F
100
AcDbEntity
  8
2Y
100
AcDbLine
 10
62145.70153971131
 20
23601.75260410044
 30
0.0
 11
60770.96922758714
 21
23601.75260410044
 31
0.0
  0
LINE
  5
130C
330
1F
100
AcDbEntity
  8
2Y
100
AcDbLine
 10
60870.949759378
 20
24434.92370302397
 30
0.0
 11
59909.50136860849
 21
24434.92370302397
 31
0.0
  0
LWPOLYLINE
  5
130D
330
1F
100
AcDbEntity
  8
2Y
100
AcDbPolyline
 90
        6
 70
     0
 43
0.0
 10
59914.97380660867
 20
24434.92370302399
 10
59719.61236364857
 20
24208.60487905843
 10
59681.9311286312
 20
24077.65603708835
 10
59549.71311751886
 20
23948.65903243327
 10
59426.57038997875
 20
23741.9261836252
 10
59375.55042253678
 20
23621.55551240593
  0
LWPOLYLINE
  5
130E
330
1F
100
AcDbEntity
  8
2Y
100
AcDbPolyline
 90
        7
 70
     0
 43
0.0
 10
59632.96802714764
 20
24029.88574182467
 10
59635.56442573112
 20
24081.68844226973
 10
59592.05515705007
 20
24089.34877941977
 10
59541.95332483496
 20
24028.59930145512
 10
59558.30581965535
 20
24000.59753407459
 10
59595.17521696716
 20
24014.59084440368
 10
59632.96802714764
 20
24029.88574182467
  0
LINE
  5
130F
330
1F
100
AcDbEntity
  8
2Y
100
AcDbLine
 10
62045.72100792042
 20
22768.58150617615
 30
0.0
 11
62145.70153971131
 21
23601.75260410044
 31
0.0
  0
INSERT
  5
1310
330
1F
100
AcDbEntity
  8
1R
100
AcDbBlockReference
  2
*X6
 10
-25688.14537292928
 20
-55714.95810179792
 30
0.0
 41
0.5998831907345448
 42
0.5998831907345448
 43
0.5998831907345448
1001
ACAD
1000
HATCH
1002
{
1070
    19
1000
_U
1040
500.0
1040
0.7853981633974483
1002
}
  0
LINE
  5
1311
330
1F
100
AcDbEntity
  8
2Y
100
AcDbLine
 10
71142.91323351837
 20
24184.97237354682
 30
0.0
 11
71142.91323351837
 21
22185.36173772984
 31
0.0
1001
ACAD
1000
ASC_BOUNDS
1002
{
1070
    19
1002
}
  0
LINE
  5
1312
330
1F
100
AcDbEntity
  8
2Y
100
AcDbLine
 10
70892.96190404132
 20
24184.97237354682
 30
0.0
 11
70892.96190404132
 21
22185.36173772984
 31
0.0
1001
ACAD
1000
ASC_BOUNDS
1002
{
1070
    19
1002
}
  0
LINE
  5
1313
330
1F
100
AcDbEntity
  8
2Y
100
AcDbLine
 10
70643.01057456413
 20
24934.8263619782
 30
0.0
 11
70643.01057456413
 21
21935.41040825273
 31
0.0
  0
LINE
  5
1314
330
1F
100
AcDbEntity
  8
2Y
100
AcDbLine
 10
71392.86456299555
 20
24934.8263619782
 30
0.0
 11
71392.86456299555
 21
21935.41040825273
 31
0.0
  0
LINE
  5
1315
330
1F
100
AcDbEntity
  8
7W
 62
     8
100
AcDbLine
 10
67572.18764587617
 20
21791.31987943986
 30
0.0
 11
66202.82013229694
 21
19419.50577168748
 31
0.0
  0
TEXT
  5
1316
330
1F
100
AcDbEntity
  8
TG
100
AcDbText
 10
67038.39615970434
 20
18904.53422742915
 30
0.0
 40
250.0
  1
REINF. (b)
 41
0.9
  7
ROMANSIM
 11
67038.39615970434
 21
19029.53422742914
 31
0.0
100
AcDbText
 73
     2
  0
TEXT
  5
1317
330
1F
100
AcDbEntity
  8
TG
100
AcDbText
 10
67065.49958442515
 20
19306.23577279672
 30
0.0
 40
250.0
  1
SECONDARY 
 41
0.9
  7
ROMANSIM
 11
67065.49958442515
 21
19431.23577279672
 31
0.0
100
AcDbText
 73
     2
  0
LINE
  5
1318
330
1F
100
AcDbEntity
  8
7W
 62
     8
100
AcDbLine
 10
66974.3700464511
 20
19419.50577168748
 30
0.0
 11
66202.82013229694
 21
19419.50577168748
 31
0.0
  0
CIRCLE
  5
1319
330
1F
100
AcDbEntity
  8
7W
 62
     8
100
AcDbCircle
 10
67727.05611151645
 20
21679.26262397724
 30
0.0
 40
178.8267006527184
  0
INSERT
  5
131A
330
1F
100
AcDbEntity
  8
3G
100
AcDbBlockReference
  2
DOT
 10
67723.47732676662
 20
21671.04149908908
 30
0.0
 41
0.9998053179151611
 42
0.9998053179151611
 43
0.9998053179151611
  0
INSERT
  5
131B
330
1F
100
AcDbEntity
  8
3G
100
AcDbBlockReference
  2
DOT
 10
69061.47390642322
 20
21431.92578637944
 30
0.0
 41
0.9998053179151611
 42
0.9998053179151611
 43
0.9998053179151611
  0
LINE
  5
131C
330
1F
100
AcDbEntity
  8
2Y
100
AcDbLine
 10
70643.01057456413
 20
18935.99445452716
 30
0.0
 11
70643.01057456413
 21
21185.55641982134
 31
0.0
  0
LINE
  5
131D
330
1F
100
AcDbEntity
  8
2Y
100
AcDbLine
 10
72642.62121038122
 20
21185.55641982134
 30
0.0
 11
72642.62121038122
 21
18935.99445452716
 31
0.0
  0
LINE
  5
131E
330
1F
100
AcDbEntity
  8
2Y
100
AcDbLine
 10
71392.86456299555
 20
18811.01878978862
 30
0.0
 11
70643.01057456413
 21
18811.01878978862
 31
0.0
1001
ACAD
1000
ASC_BOUNDS
1002
{
1070
    19
1002
}
  0
LINE
  5
131F
330
1F
100
AcDbEntity
  8
2Y
100
AcDbLine
 10
72642.62121038122
 20
18935.99445452716
 30
0.0
 11
70643.01057456413
 21
18935.99445452716
 31
0.0
1001
ACAD
1000
ASC_BOUNDS
1002
{
1070
    19
1002
}
  0
LWPOLYLINE
  5
1320
330
1F
100
AcDbEntity
  8
1R
100
AcDbPolyline
 90
        2
 70
     0
 43
78.125
 10
70310.6372134096
 20
18525.81508837619
 10
70024.95846099209
 20
18710.50369950325
  0
LWPOLYLINE
  5
1321
330
1F
100
AcDbEntity
  8
1R
100
AcDbPolyline
 90
        2
 70
     0
 43
78.125
 10
69739.27970857457
 20
18525.81508837619
 10
70024.95846099209
 20
18710.50369950325
  0
LINE
  5
1322
330
1F
100
AcDbEntity
  8
2Y
100
AcDbLine
 10
71392.8645629957
 20
21935.4104082527
 30
0.0
 11
70643.01057456428
 21
21935.41040825273
 31
0.0
1001
ACAD
1000
ASC_BOUNDS
1002
{
1070
    19
1002
}
  0
LINE
  5
1323
330
1F
100
AcDbEntity
  8
2Y
100
AcDbLine
 10
71392.86456299577
 20
22185.36173772982
 30
0.0
 11
70643.01057456431
 21
22185.36173772982
 31
0.0
  0
LINE
  5
1324
330
1F
100
AcDbEntity
  8
2Y
100
AcDbLine
 10
70643.01057456413
 20
21935.41040825273
 30
0.0
 11
72642.62121038122
 21
21935.41040825273
 31
0.0
  0
LINE
  5
1325
330
1F
100
AcDbEntity
  8
3G
100
AcDbLine
 10
70643.01057456413
 20
21185.55641982136
 30
0.0
 11
70634.8331743741
 21
21185.55641982136
 31
0.0
  0
INSERT
  5
1326
330
1F
100
AcDbEntity
  8
3G
100
AcDbBlockReference
  2
DOT
 10
70515.79770236956
 20
21671.04149908908
 30
0.0
 41
0.9998053179151611
 42
0.9998053179151611
 43
0.9998053179151611
  0
LINE
  5
1327
330
1F
100
AcDbEntity
  8
4C
100
AcDbLine
 10
72283.38591774859
 20
21676.8415567795
 30
0.0
 11
72283.38591774859
 21
21031.28394420671
 31
0.0
  0
ARC
  5
1328
330
1F
100
AcDbEntity
  8
4C
100
AcDbCircle
 10
72031.39928424897
 20
21203.59610713343
 30
0.0
 40
120.2645820805772
100
AcDbArc
 50
0.0
 51
90.0
  0
LINE
  5
1329
330
1F
100
AcDbEntity
  8
4C
100
AcDbLine
 10
72151.66386632957
 20
21203.59610713343
 30
0.0
 11
72151.66386632957
 21
20417.37692269392
 31
0.0
  0
ARC
  5
132A
330
1F
100
AcDbEntity
  8
4C
100
AcDbCircle
 10
72163.12133566806
 20
21676.8415567795
 30
0.0
 40
120.2645820805772
100
AcDbArc
 50
0.0
 51
90.0
  0
LINE
  5
132B
330
1F
100
AcDbEntity
  8
2Y
100
AcDbLine
 10
70892.96190404132
 20
24934.8263619782
 30
0.0
 11
70892.96190404132
 21
24434.9237030239
 31
0.0
1001
ACAD
1000
ASC_BOUNDS
1002
{
1070
    19
1002
}
  0
LINE
  5
132C
330
1F
100
AcDbEntity
  8
2Y
100
AcDbLine
 10
71142.91323351837
 20
24934.8263619782
 30
0.0
 11
71142.91323351837
 21
24434.9237030239
 31
0.0
1001
ACAD
1000
ASC_BOUNDS
1002
{
1070
    19
1002
}
  0
LINE
  5
132D
330
1F
100
AcDbEntity
  8
2Y
100
AcDbLine
 10
71392.86456299577
 20
24434.92370302391
 30
0.0
 11
70643.01057456442
 21
24434.92370302391
 31
0.0
  0
LINE
  5
132E
330
1F
100
AcDbEntity
  8
2Y
100
AcDbLine
 10
71392.8645629957
 20
24184.97237354682
 30
0.0
 11
70643.01057456442
 21
24184.97237354682
 31
0.0
  0
LWPOLYLINE
  5
132F
330
1F
100
AcDbEntity
  8
2Y
100
AcDbPolyline
 90
        6
 70
     0
 43
0.0
 10
70643.01057456416
 20
24934.82636197821
 10
70911.16534224816
 20
24941.18035529127
 10
71003.87756587082
 20
24919.38232334865
 10
71178.39479045017
 20
24946.63013319264
 10
71243.83868042058
 20
24946.63013319264
 10
71392.86456299555
 20
24934.82636197821
  0
LWPOLYLINE
  5
1330
330
1F
100
AcDbEntity
  8
2Y
100
AcDbPolyline
 90
        7
 70
     0
 43
0.0
 10
70987.38209980044
 20
24923.26065440643
 10
70943.8598654485
 20
24948.92117764357
 10
70946.56049577478
 20
24973.20855210381
 10
71043.78374149953
 20
24981.30422362802
 10
71068.0894144369
 20
24962.4140834798
 10
71041.08311117323
 20
24943.52394333157
 10
71003.87756587082
 20
24919.38232334865
  0
DIMENSION
  5
1331
330
1F
100
AcDbEntity
  8
DIM
100
AcDbDimension
280
     0
  2
*D56
 10
75409.8951310917
 20
6938.330639625378
 30
0.0
 11
75184.89513109169
 21
14436.87052393903
 31
0.0
 70
    32
  1
3000
 71
     5
 42
14997.07976862735
 73
     0
 74
     0
 75
     0
  3
DIM100
100
AcDbAlignedDimension
 13
73556.89204249595
 23
21935.41040825272
 33
0.0
 14
73613.63242414669
 24
6938.330639625374
 34
0.0
 50
90.0
100
AcDbRotatedDimension
  0
LINE
  5
1332
330
1F
100
AcDbEntity
  8
7W
 62
     8
100
AcDbLine
 10
74448.45717479478
 20
6938.330639625279
 30
0.0
 11
74448.45717479478
 21
21935.41040825273
 31
0.0
  0
CIRCLE
  5
1333
330
1F
100
AcDbEntity
  8
1R
100
AcDbCircle
 10
73497.35862051314
 20
5801.962801979922
 30
0.0
 40
107.5446367214853
  0
CIRCLE
  5
1334
330
1F
100
AcDbEntity
  8
1R
100
AcDbCircle
 10
73275.09613289799
 20
5809.126491552839
 30
0.0
 40
71.63689573271764
  0
LINE
  5
1335
330
1F
100
AcDbEntity
  8
7W
 62
     8
100
AcDbLine
 10
75816.63566229213
 20
6938.33063962537
 30
0.0
 11
78509.72276672884
 21
6938.33063962537
 31
0.0
  0
TEXT
  5
1336
330
1F
100
AcDbEntity
  8
TG
100
AcDbText
 10
76470.63530311762
 20
7112.232903960381
 30
0.0
 40
250.0
  1
SF LEVEL
  7
100CL
100
AcDbText
  0
CIRCLE
  5
1337
330
1F
100
AcDbEntity
  8
1R
100
AcDbCircle
 10
73389.80207804317
 20
5973.888127755587
 30
0.0
 40
71.63689573226299
  0
CIRCLE
  5
1338
330
1F
100
AcDbEntity
  8
1R
100
AcDbCircle
 10
73569.03718637101
 20
5973.888127755587
 30
0.0
 40
71.63689573226299
  0
CIRCLE
  5
1339
330
1F
100
AcDbEntity
  8
1R
100
AcDbCircle
 10
73475.83302512076
 20
6109.995005664629
 30
0.0
 40
71.63689573226299
  0
LWPOLYLINE
  5
133A
330
1F
100
AcDbEntity
  8
2Y
100
AcDbPolyline
 90
        7
 70
     0
 43
0.0
 10
73624.34382173919
 20
6572.901446953107
 10
73643.72752650435
 20
6606.073871417653
 10
73673.80983323331
 20
6593.191058050066
 10
73680.25604181812
 20
6535.219108828515
 10
73658.76867986884
 20
6524.483667999767
 10
73641.57879030953
 20
6548.101922196176
 10
73624.34382173919
 20
6572.901446953107
  0
INSERT
  5
133B
330
1F
100
AcDbEntity
  8
2Y
100
AcDbBlockReference
  2
ARROW
 10
74448.45717479478
 20
6938.330639625279
 30
0.0
 41
0.9998053179060661
 42
-0.9998053179060661
 43
590.435030490863
 50
90.0
  0
SOLID
  5
133C
330
1F
100
AcDbEntity
  8
7W
 62
     8
100
AcDbTrace
 10
74392.20717479479
 20
7275.830639625162
 30
0.0
 11
74504.70717479475
 21
7275.830639625162
 31
0.0
 12
74448.45717479478
 22
6938.330639625279
 32
0.0
 13
74448.45717479478
 23
6938.330639625279
 33
0.0
  0
INSERT
  5
133D
330
1F
100
AcDbEntity
  8
TG
100
AcDbBlockReference
 66
     1
  2
ELEV
 10
75984.89513109164
 20
6938.33063962537
 30
0.0
 41
100.0
 42
100.0
 43
100.0
  0
SEQEND
  5
133E
330
133D
100
AcDbEntity
  8
TG
  0
TEXT
  5
133F
330
1F
100
AcDbEntity
  8
TG
100
AcDbText
 10
74293.62913259124
 20
17238.33109975138
 30
0.0
 40
250.0
  1
RISERS
 50
90.00000200019824
  7
ROMANSIM
 72
     1
 11
74168.62910973348
 21
17893.09300014954
 31
0.0
100
AcDbText
 73
     2
  0
INSERT
  5
1340
330
1F
100
AcDbEntity
  8
2Y
100
AcDbBlockReference
  2
ARROW
 10
74448.45717479478
 20
14436.87052393902
 30
0.0
 41
-0.9998053179060661
 42
-0.9998053179060661
 43
590.435030490863
 50
90.0
  0
SOLID
  5
1341
330
1F
100
AcDbEntity
  8
7W
 62
     8
100
AcDbTrace
 10
74392.20717479478
 20
14099.37052393902
 30
0.0
 11
74504.70717479477
 21
14099.37052393902
 31
0.0
 12
74448.45717479478
 22
14436.87052393902
 32
0.0
 13
74448.45717479478
 23
14436.87052393902
 33
0.0
  0
TEXT
  5
1342
330
1F
100
AcDbEntity
  8
TG
100
AcDbText
 10
74293.62913259124
 20
10096.8189001552
 30
0.0
 40
250.0
  1
RISERS
 50
90.00000200019824
  7
ROMANSIM
 72
     1
 11
74168.62910973348
 21
10751.58080055335
 31
0.0
100
AcDbText
 73
     2
  0
INSERT
  5
1343
330
1F
100
AcDbEntity
  8
2Y
100
AcDbBlockReference
  2
ARROW
 10
74448.45717479478
 20
14436.87052393898
 30
0.0
 41
0.9998053179060661
 42
-0.9998053179060661
 43
590.435030490863
 50
90.0
  0
SOLID
  5
1344
330
1F
100
AcDbEntity
  8
7W
 62
     8
100
AcDbTrace
 10
74392.20717479482
 20
14774.37052393867
 30
0.0
 11
74504.70717479472
 21
14774.37052393867
 31
0.0
 12
74448.45717479478
 22
14436.87052393898
 32
0.0
 13
74448.45717479478
 23
14436.87052393898
 33
0.0
  0
LINE
  5
1345
330
1F
100
AcDbEntity
  8
7W
 62
     8
100
AcDbLine
 10
75816.63566229213
 20
21935.41040825273
 30
0.0
 11
78509.72276672884
 21
21935.41040825273
 31
0.0
  0
TEXT
  5
1346
330
1F
100
AcDbEntity
  8
TG
100
AcDbText
 10
76470.63530311762
 20
22109.31267258774
 30
0.0
 40
250.0
  1
SF LEVEL
  7
100CL
100
AcDbText
  0
LWPOLYLINE
  5
1347
330
1F
100
AcDbEntity
  8
2Y
100
AcDbPolyline
 90
        6
 70
     0
 43
0.0
 10
73556.89204249595
 20
21935.41040825282
 10
73586.30755983863
 20
21715.9093603221
 10
73556.60334751028
 20
21619.44395434925
 10
73586.30755983863
 20
21485.87674259191
 10
73578.88136996403
 20
21307.78736389299
 10
73556.89204249595
 20
21185.55641982144
  0
LWPOLYLINE
  5
1348
330
1F
100
AcDbEntity
  8
2Y
100
AcDbPolyline
 90
        7
 70
     0
 43
0.0
 10
73567.60344008826
 20
21569.98121558056
 10
73586.98714485361
 20
21603.15364004512
 10
73617.06945158256
 20
21590.27082667752
 10
73623.51566016738
 20
21532.29887745597
 10
73602.02829821809
 20
21521.56343662722
 10
73584.83840865886
 20
21545.18169082362
 10
73567.60344008826
 20
21569.98121558056
  0
SOLID
  5
1349
330
1F
100
AcDbEntity
  8
7W
 62
     8
100
AcDbTrace
 10
74392.20717479478
 20
21597.91040825274
 30
0.0
 11
74504.70717479477
 21
21597.91040825274
 31
0.0
 12
74448.45717479478
 22
21935.41040825274
 32
0.0
 13
74448.45717479478
 23
21935.41040825274
 33
0.0
  0
INSERT
  5
134A
330
1F
100
AcDbEntity
  8
TG
100
AcDbBlockReference
 66
     1
  2
ELEV
 10
75984.89513109164
 20
21935.41040825273
 30
0.0
 41
100.0
 42
100.0
 43
100.0
  0
SEQEND
  5
134B
330
134A
100
AcDbEntity
  8
TG
  0
LINE
  5
134C
330
1F
100
AcDbEntity
  8
7W
 62
     8
100
AcDbLine
 10
73680.7265085633
 20
44821.30487729838
 30
0.0
 11
72788.72439964037
 21
44821.30487729838
 31
0.0
  0
DIMENSION
  5
134D
330
1F
100
AcDbEntity
  8
TG
100
AcDbDimension
280
     0
  2
*D57
 10
72663.58684637698
 20
48056.46198963294
 30
0.0
 11
71640.22310579944
 21
47684.03197224399
 31
0.0
 70
    32
  1
L2/4
 71
     5
 42
2099.143678882029
 73
     0
 74
     0
 75
     0
  3
DIM100
100
AcDbAlignedDimension
 13
74590.45066748551
 23
41734.16786166566
 33
0.0
 14
75900.88221132412
 24
43512.51165234116
 34
0.0
 50
35.46762023577824
100
AcDbRotatedDimension
  0
LINE
  5
134E
330
1F
100
AcDbEntity
  8
4C
100
AcDbLine
 10
73649.74692360969
 20
41816.05392447456
 30
0.0
 11
71549.95656110903
 21
41816.05392447456
 31
0.0
1001
ACAD
1000
ASC_BOUNDS
1002
{
1070
    19
1002
}
  0
LINE
  5
134F
330
1F
100
AcDbEntity
  8
2Y
100
AcDbLine
 10
74350.83536044121
 20
42512.33262808466
 30
0.0
 11
66437.06040369285
 21
42512.3326280847
 31
0.0
1001
ACAD
1000
ASC_BOUNDS
1002
{
1070
    19
1002
}
  0
LINE
  5
1350
330
1F
100
AcDbEntity
  8
SHE
  6
HIDDEN
100
AcDbLine
 10
74181.01079505138
 20
42645.95994150758
 30
0.0
 11
66267.23583830302
 21
42645.95994150758
 31
0.0
1001
ACAD
1000
ASC_BOUNDS
1002
{
1070
    19
1002
}
  0
LINE
  5
1351
102
{ACAD_REACTORS
330
135B
102
}
330
1F
100
AcDbEntity
  8
2Y
100
AcDbLine
 10
74607.26363793635
 20
41710.56874754747
 30
0.0
 11
68297.01644226125
 21
41710.5687475475
 31
0.0
1001
ACAD
1000
ASC_BOUNDS
1002
{
1070
    19
1002
}
  0
LINE
  5
1352
330
1F
100
AcDbEntity
  8
4C
100
AcDbLine
 10
74555.82436270753
 20
41870.92152365492
 30
0.0
 11
67290.8486439079
 21
41870.92152365491
 31
0.0
1001
ACAD
1000
ASC_BOUNDS
1002
{
1070
    19
1002
}
  0
LINE
  5
1353
330
1F
100
AcDbEntity
  8
4C
100
AcDbLine
 10
75322.84564407722
 20
42351.97985197727
 30
0.0
 11
68092.05881892531
 21
42351.97985197727
 31
0.0
1001
ACAD
1000
ASC_BOUNDS
1002
{
1070
    19
1002
}
  0
DIMENSION
  5
1354
330
1F
100
AcDbEntity
  8
DIM
100
AcDbDimension
280
     0
  2
*D58
 10
86167.39535615806
 20
32139.50395159396
 30
0.0
 11
69174.39296488673
 21
32139.50395159396
 31
0.0
 70
    32
  1
S T A I R  S P A N\X( S E E   T A B L E )
 71
     5
 42
33986.00478254265
 73
     0
 74
     0
 75
     0
  3
DIM100
100
AcDbAlignedDimension
 13
52181.39057361541
 23
33419.28009635477
 33
0.0
 14
86167.39535615806
 24
43240.46567210952
 34
0.0
100
AcDbRotatedDimension
  0
DIMENSION
  5
1355
330
1F
100
AcDbEntity
  8
TG
100
AcDbDimension
280
     0
  2
*D59
 10
77281.54638202968
 20
52427.67298976739
 30
0.0
 11
73731.72364248743
 21
50174.89686771727
 31
0.0
 70
    32
  1
L2
 71
     5
 42
8396.574715501659
 73
     0
 74
     0
 75
     0
  3
DIM100
100
AcDbAlignedDimension
 13
70892.38305050815
 23
46924.86988341495
 33
0.0
 14
77740.60002240754
 24
51783.33359256074
 34
0.0
 50
35.46762023577824
100
AcDbRotatedDimension
  0
LINE
  5
1356
330
1F
100
AcDbEntity
  8
2Y
100
AcDbLine
 10
47577.31522938493
 20
43659.38948651084
 30
0.0
 11
47577.31522938493
 21
42170.2568451626
 31
0.0
1001
ACAD
1000
ASC_BOUNDS
1002
{
1070
    19
1002
}
  0
LINE
  5
1357
330
1F
100
AcDbEntity
  8
2Y
100
AcDbLine
 10
48379.07910967373
 20
48602.25606926522
 30
0.0
 11
48379.07910967348
 21
42170.2568451626
 31
0.0
1001
ACAD
1000
ASC_BOUNDS
1002
{
1070
    19
1002
}
  0
DIMENSION
  5
1358
330
1F
100
AcDbEntity
  8
TG
100
AcDbDimension
280
     0
  2
*D60
 10
62623.8377427065
 20
49673.58705751279
 30
0.0
 11
57706.30775746151
 21
46446.40056596974
 31
0.0
 70
    32
  1
L1
 71
     5
 42
11755.20460170413
 73
     0
 74
     0
 75
     0
  3
DIM100
100
AcDbAlignedDimension
 13
53459.53446635316
 23
42277.72287175028
 33
0.0
 14
63037.4634878788
 24
49093.01141259661
 34
0.0
 50
35.46762023577824
100
AcDbRotatedDimension
  0
DIMENSION
  5
1359
102
{ACAD_XDICTIONARY
360
135A
102
}
102
{ACAD_REACTORS
330
135B
102
}
330
1F
100
AcDbEntity
  8
TG
100
AcDbDimension
280
     0
  2
*D77
 10
60702.00008572386
 20
47306.34890965826
 30
0.0
 11
61730.1972136997
 21
48395.53444650823
 31
0.0
 70
    32
  1
L1/4
 71
     5
 42
2938.801150419939
 73
     0
 74
     0
 75
     0
  3
DIM100
100
AcDbAlignedDimension
 13
68297.01644226125
 23
41710.5687475475
 33
0.0
 14
65531.35460052033
 24
40527.74374621829
 34
0.0
 50
35.46762023577824
100
AcDbRotatedDimension
  0
DIMENSION
  5
135C
102
{ACAD_XDICTIONARY
360
135D
102
}
102
{ACAD_REACTORS
330
135E
102
}
330
1F
100
AcDbEntity
  8
TG
100
AcDbDimension
280
     0
  2
*D78
 10
55911.04642418837
 20
43901.49666199029
 30
0.0
 11
54545.75587218535
 21
43285.46405222826
 31
0.0
 70
    32
  1
L1/4
 71
     5
 42
2938.801150432177
 73
     0
 74
     0
 75
     0
  3
DIM100
100
AcDbAlignedDimension
 13
58723.06572228084
 23
34889.69616119069
 33
0.0
 14
60744.37924053013
 24
37117.3074530399
 34
0.0
 50
35.46762023577824
100
AcDbRotatedDimension
  0
LWPOLYLINE
  5
135F
330
1F
100
AcDbEntity
  8
7W
 62
     8
100
AcDbPolyline
 90
        3
 70
     0
 43
0.0
 10
70497.54615837295
 20
42351.97985197727
 10
69342.82574947533
 20
44686.24923051414
 10
68515.07743708276
 20
44686.24923051414
  0
LINE
  5
1360
330
1F
100
AcDbEntity
  8
2Y
100
AcDbLine
 10
59834.34469049888
 20
36665.87041120766
 30
0.0
 11
58230.81692942408
 21
36665.87041120766
 31
0.0
1001
ACAD
1000
ASC_BOUNDS
1002
{
1070
    19
1002
}
  0
LINE
  5
1361
330
1F
100
AcDbEntity
  8
SHE
  6
HIDDEN
100
AcDbLine
 10
59664.52012510844
 20
36799.49772463052
 30
0.0
 11
58060.99236403402
 21
36799.49772463052
 31
0.0
1001
ACAD
1000
ASC_BOUNDS
1002
{
1070
    19
1002
}
  0
LINE
  5
1362
102
{ACAD_REACTORS
330
135E
102
}
330
1F
100
AcDbEntity
  8
4C
100
AcDbLine
 10
60744.3792405301
 20
37117.30745303987
 30
0.0
 11
57756.87317711095
 21
34988.88640664533
 31
0.0
1001
ACAD
1000
ASC_BOUNDS
1002
{
1070
    19
1002
}
  0
LINE
  5
1363
330
1F
100
AcDbEntity
  8
4C
100
AcDbLine
 10
68997.81636835521
 20
42406.73346480465
 30
0.0
 11
58685.70772947565
 21
35059.96710056229
 31
0.0
1001
ACAD
1000
ASC_BOUNDS
1002
{
1070
    19
1002
}
  0
LINE
  5
1364
330
1F
100
AcDbEntity
  8
2Y
100
AcDbLine
 10
68297.01644226125
 20
41710.5687475475
 30
0.0
 11
58723.06572228084
 21
34889.69616119069
 31
0.0
1001
ACAD
1000
ASC_BOUNDS
1002
{
1070
    19
1002
}
  0
LINE
  5
1365
330
1F
100
AcDbEntity
  8
4C
100
AcDbLine
 10
59434.57260003063
 20
35531.1072656197
 30
0.0
 11
51532.38902568313
 21
35531.10726562073
 31
0.0
1001
ACAD
1000
ASC_BOUNDS
1002
{
1070
    19
1002
}
  0
LINE
  5
1366
330
1F
100
AcDbEntity
  8
2Y
100
AcDbLine
 10
51379.62669307825
 20
42435.39444867273
 30
0.0
 11
51379.62669307825
 21
33419.28009635476
 31
0.0
  0
LINE
  5
1367
330
1F
100
AcDbEntity
  8
7W
 62
     8
100
AcDbLine
 10
52023.73410297856
 20
33419.28009635477
 30
0.0
 11
51913.57082789592
 21
33512.2181354409
 31
0.0
  0
LWPOLYLINE
  5
1368
330
1F
100
AcDbEntity
  8
1R
100
AcDbPolyline
 90
        2
 70
     0
 43
78.125
 10
52052.41735541142
 20
32940.53322195324
 10
51766.7386029939
 20
33125.2218330803
  0
TEXT
  5
1369
330
1F
100
AcDbEntity
  8
TG
 62
     4
100
AcDbText
 10
50767.19146379103
 20
31367.14490292574
 30
0.0
 40
250.0
  1
SUPPORT
  7
100CL
 11
50767.19146379103
 21
31492.14490292574
 31
0.0
100
AcDbText
 73
     2
  0
TEXT
  5
136A
330
1F
100
AcDbEntity
  8
TG
100
AcDbText
 10
50767.19146379103
 20
30830.5741119967
 30
0.0
 40
250.0
  1
(BEAM, COLUMN,
  7
100CL
 11
50767.19146379103
 21
30955.5741119967
 31
0.0
100
AcDbText
 73
     2
  0
TEXT
  5
136B
330
1F
100
AcDbEntity
  8
TG
100
AcDbText
 10
50767.19146379103
 20
30434.99773242854
 30
0.0
 40
250.0
  1
OR WALL)
  7
100CL
 11
50767.19146379103
 21
30559.99773242854
 31
0.0
100
AcDbText
 73
     2
  0
TEXT
  5
136C
330
1F
100
AcDbEntity
  8
TITLE
 62
     2
100
AcDbText
 10
48868.40308755459
 20
28681.33888153775
 30
0.0
 40
250.0
  1
NTS
  7
100CL
 72
     2
 11
49523.1649923165
 21
28681.33888153775
 31
0.0
100
AcDbText
  0
LINE
  5
136D
330
1F
100
AcDbEntity
  8
2Y
100
AcDbLine
 10
51766.7386029939
 20
33125.2218330803
 30
0.0
 11
51766.7386029939
 21
31981.83561031082
 31
0.0
  0
LINE
  5
136E
330
1F
100
AcDbEntity
  8
7W
 62
     8
100
AcDbLine
 10
51499.56073690142
 20
33419.28009635476
 30
0.0
 11
51064.39292224947
 21
33419.28009635477
 31
0.0
  0
LINE
  5
136F
330
1F
100
AcDbEntity
  8
7W
 62
     8
100
AcDbLine
 10
51978.53031223764
 20
33340.25004087446
 30
0.0
 11
51868.3670371549
 21
33433.18807996059
 31
0.0
  0
LINE
  5
1370
330
1F
100
AcDbEntity
  8
7W
 62
     8
100
AcDbLine
 10
51559.83255595582
 20
33340.25004087445
 30
0.0
 11
51669.99583103855
 21
33433.18807996058
 31
0.0
  0
LINE
  5
1371
330
1F
100
AcDbEntity
  8
7W
 62
     8
100
AcDbLine
 10
51499.56073690142
 20
33419.28009635476
 30
0.0
 11
51609.72401198411
 21
33512.2181354409
 31
0.0
  0
LINE
  5
1372
330
1F
100
AcDbEntity
  8
7W
 62
     8
100
AcDbLine
 10
51609.72401198411
 20
33512.2181354409
 30
0.0
 11
51913.57082789592
 21
33512.2181354409
 31
0.0
  0
LINE
  5
1373
330
1F
100
AcDbEntity
  8
7W
 62
     8
100
AcDbLine
 10
51978.53031223764
 20
33340.25004087446
 30
0.0
 11
51559.83255595582
 21
33340.25004087445
 31
0.0
  0
LINE
  5
1374
330
1F
100
AcDbEntity
  8
7W
 62
     8
100
AcDbLine
 10
51669.99583103855
 20
33433.18807996058
 30
0.0
 11
51868.3670371549
 21
33433.18807996059
 31
0.0
  0
LWPOLYLINE
  5
1375
330
1F
100
AcDbEntity
  8
1R
100
AcDbPolyline
 90
        2
 70
     0
 43
78.125
 10
51481.05985057639
 20
32940.53322195324
 10
51766.7386029939
 20
33125.2218330803
  0
LINE
  5
1376
102
{ACAD_REACTORS
330
135E
102
}
330
1F
100
AcDbEntity
  8
2Y
100
AcDbLine
 10
58723.06572228084
 20
34889.69616119069
 30
0.0
 11
52181.39057361541
 21
34889.69616119067
 31
0.0
1001
ACAD
1000
ASC_BOUNDS
1002
{
1070
    19
1002
}
  0
LINE
  5
1377
330
1F
100
AcDbEntity
  8
2Y
100
AcDbLine
 10
52181.39057361541
 20
34889.69616119067
 30
0.0
 11
52181.39057361541
 21
33419.28009635477
 31
0.0
1001
ACAD
1000
ASC_BOUNDS
1002
{
1070
    19
1002
}
  0
LINE
  5
1378
330
1F
100
AcDbEntity
  8
7W
 62
     8
100
AcDbLine
 10
52393.72976053195
 20
33419.28009635477
 30
0.0
 11
52023.73410297856
 21
33419.28009635477
 31
0.0
  0
LINE
  5
1379
330
1F
100
AcDbEntity
  8
7W
 62
     8
100
AcDbLine
 10
52023.73410297856
 20
42435.39444867273
 30
0.0
 11
51913.57082789592
 21
42342.4564095866
 31
0.0
  0
LINE
  5
137A
330
1F
100
AcDbEntity
  8
7W
 62
     8
100
AcDbLine
 10
51750.26635027347
 20
38053.75988300239
 30
0.0
 11
53150.05384539635
 21
40478.26294435502
 31
0.0
  0
LINE
  5
137B
330
1F
100
AcDbEntity
  8
4C
100
AcDbLine
 10
58654.69321599685
 20
35050.04893729813
 30
0.0
 11
51581.18518014097
 21
35050.04893729811
 31
0.0
1001
ACAD
1000
ASC_BOUNDS
1002
{
1070
    19
1002
}
  0
LINE
  5
137C
330
1F
100
AcDbEntity
  8
4C
100
AcDbLine
 10
51527.73425477176
 20
35706.46756908354
 30
0.0
 11
51527.73425477176
 21
35103.49986266726
 31
0.0
  0
LINE
  5
137D
330
1F
100
AcDbEntity
  8
4C
100
AcDbLine
 10
51478.93810031399
 20
35477.65634025157
 30
0.0
 11
51478.93810031399
 21
34971.12189974963
 31
0.0
  0
ARC
  5
137E
330
1F
100
AcDbEntity
  8
4C
100
AcDbCircle
 10
51581.18518014097
 20
35103.49986266726
 30
0.0
 40
53.45092536914545
100
AcDbArc
 50
180.0
 51
270.0
1001
ACAD
1000
ASC_BOUNDS
1002
{
1070
    19
1002
}
  0
ARC
  5
137F
330
1F
100
AcDbEntity
  8
4C
100
AcDbCircle
 10
51532.38902568313
 20
35477.65634025157
 30
0.0
 40
53.45092536914545
100
AcDbArc
 50
90.0
 51
180.0
  0
SPLINE
  5
1380
330
1F
100
AcDbEntity
  8
7W
 62
     8
100
AcDbSpline
210
0.0
220
0.0
230
1.0
 70
  1064
 71
     3
 72
    10
 73
     6
 74
     4
 42
0.000000001
 43
0.0000000001
 44
0.0000000001
 40
0.0
 40
0.0
 40
0.0
 40
0.0
 40
130.1475684725636
 40
258.1131351510379
 40
390.6938812650097
 40
390.6938812650097
 40
390.6938812650097
 40
390.6938812650097
 10
51835.55922500609
 20
37919.05924744241
 30
0.0
 10
51841.2567869923
 20
37974.87961114643
 30
0.0
 10
51852.55638793177
 20
38085.5844767848
 30
0.0
 10
51647.56811745707
 20
38021.60560293112
 30
0.0
 10
51668.33378380413
 20
38134.66470365558
 30
0.0
 10
51678.90053298717
 20
38192.1955885427
 30
0.0
 11
51835.55922500609
 21
37919.05924744241
 31
0.0
 11
51815.34766864745
 21
38047.62783835357
 31
0.0
 11
51687.97440436915
 21
38059.92571631822
 31
0.0
 11
51678.90053298717
 21
38192.1955885427
 31
0.0
  0
SOLID
  5
1381
330
1F
100
AcDbEntity
  8
7W
 62
     8
100
AcDbTrace
 10
51967.73027923639
 20
38317.91845677964
 30
0.0
 11
51870.30242131064
 21
38374.16845677964
 31
0.0
 12
51750.26635027355
 22
38053.75988300239
 32
0.0
 13
51750.26635027355
 23
38053.75988300239
 33
0.0
  0
LINE
  5
1382
330
1F
100
AcDbEntity
  8
7W
 62
     8
100
AcDbLine
 10
48591.4182968387
 20
42170.2568451626
 30
0.0
 11
48221.4226392853
 21
42170.2568451626
 31
0.0
  0
TEXT
  5
1383
330
1F
100
AcDbEntity
  8
TG
 62
     4
100
AcDbText
 10
46964.88000009771
 20
40118.12165173357
 30
0.0
 40
250.0
  1
SUPPORT
  7
100CL
 11
46964.88000009771
 21
40243.12165173357
 31
0.0
100
AcDbText
 73
     2
  0
TEXT
  5
1384
330
1F
100
AcDbEntity
  8
TG
100
AcDbText
 10
46964.88000009771
 20
39185.97448123638
 30
0.0
 40
250.0
  1
OR WALL)
  7
100CL
 11
46964.88000009771
 21
39310.97448123638
 31
0.0
100
AcDbText
 73
     2
  0
TEXT
  5
1385
330
1F
100
AcDbEntity
  8
TG
100
AcDbText
 10
46964.88000009771
 20
39581.55086080454
 30
0.0
 40
250.0
  1
(BEAM, COLUMN,
  7
100CL
 11
46964.88000009771
 21
39706.55086080454
 31
0.0
100
AcDbText
 73
     2
  0
LINE
  5
1386
330
1F
100
AcDbEntity
  8
2Y
100
AcDbLine
 10
47964.42713930055
 20
41876.19858188813
 30
0.0
 11
47964.42713930055
 21
40732.81235911865
 31
0.0
  0
LINE
  5
1387
330
1F
100
AcDbEntity
  8
7W
 62
     8
100
AcDbLine
 10
48176.21884854437
 20
42091.22678968227
 30
0.0
 11
48066.05557346172
 21
42184.16482876842
 31
0.0
  0
LINE
  5
1388
330
1F
100
AcDbEntity
  8
7W
 62
     8
100
AcDbLine
 10
47757.52109226258
 20
42091.22678968227
 30
0.0
 11
47867.68436734523
 21
42184.16482876839
 31
0.0
  0
LINE
  5
1389
330
1F
100
AcDbEntity
  8
7W
 62
     8
100
AcDbLine
 10
47697.24927320815
 20
42170.2568451626
 30
0.0
 11
47807.41254829082
 21
42263.19488424873
 31
0.0
  0
LINE
  5
138A
330
1F
100
AcDbEntity
  8
7W
 62
     8
100
AcDbLine
 10
48221.4226392853
 20
42170.2568451626
 30
0.0
 11
48111.25936420257
 21
42263.19488424873
 31
0.0
  0
LINE
  5
138B
330
1F
100
AcDbEntity
  8
7W
 62
     8
100
AcDbLine
 10
47697.24927320815
 20
42170.2568451626
 30
0.0
 11
47262.0814585562
 21
42170.2568451626
 31
0.0
  0
LINE
  5
138C
330
1F
100
AcDbEntity
  8
7W
 62
     8
100
AcDbLine
 10
48176.21884854437
 20
42091.22678968227
 30
0.0
 11
47757.52109226258
 21
42091.22678968227
 31
0.0
  0
LWPOLYLINE
  5
138D
330
1F
100
AcDbEntity
  8
1R
100
AcDbPolyline
 90
        2
 70
     0
 43
78.12499999999999
 10
48250.10589171808
 20
41691.50997076108
 10
47964.42713930055
 20
41876.19858188813
  0
LWPOLYLINE
  5
138E
330
1F
100
AcDbEntity
  8
1R
100
AcDbPolyline
 90
        2
 70
     0
 43
78.12499999999999
 10
47678.74838688304
 20
41691.50997076108
 10
47964.42713930055
 20
41876.19858188813
  0
LINE
  5
138F
330
1F
100
AcDbEntity
  8
7W
 62
     8
100
AcDbLine
 10
47807.41254829082
 20
42263.19488424873
 30
0.0
 11
48111.25936420257
 21
42263.19488424873
 31
0.0
  0
LINE
  5
1390
330
1F
100
AcDbEntity
  8
7W
 62
     8
100
AcDbLine
 10
47867.68436734523
 20
42184.16482876839
 30
0.0
 11
48066.05557346172
 21
42184.16482876842
 31
0.0
  0
LINE
  5
1391
330
1F
100
AcDbEntity
  8
7W
 62
     8
100
AcDbLine
 10
51499.56073690142
 20
42435.39444867273
 30
0.0
 11
51064.39292224947
 21
42435.39444867273
 31
0.0
  0
LINE
  5
1392
330
1F
100
AcDbEntity
  8
7W
 62
     8
100
AcDbLine
 10
51978.53031223764
 20
42514.42450415304
 30
0.0
 11
51868.3670371549
 21
42421.48646506692
 31
0.0
  0
LINE
  5
1393
330
1F
100
AcDbEntity
  8
7W
 62
     8
100
AcDbLine
 10
51559.83255595582
 20
42514.42450415307
 30
0.0
 11
51669.99583103855
 21
42421.48646506692
 31
0.0
  0
LINE
  5
1394
330
1F
100
AcDbEntity
  8
7W
 62
     8
100
AcDbLine
 10
51978.53031223764
 20
42514.42450415304
 30
0.0
 11
51559.83255595582
 21
42514.42450415307
 31
0.0
  0
LINE
  5
1395
330
1F
100
AcDbEntity
  8
7W
 62
     8
100
AcDbLine
 10
51669.99583103855
 20
42421.48646506692
 30
0.0
 11
51868.3670371549
 21
42421.48646506692
 31
0.0
  0
LINE
  5
1396
330
1F
100
AcDbEntity
  8
7W
 62
     8
100
AcDbLine
 10
51609.72401198411
 20
42342.4564095866
 30
0.0
 11
51913.57082789592
 21
42342.4564095866
 31
0.0
  0
LINE
  5
1397
330
1F
100
AcDbEntity
  8
7W
 62
     8
100
AcDbLine
 10
51499.56073690142
 20
42435.39444867273
 30
0.0
 11
51609.72401198411
 21
42342.4564095866
 31
0.0
  0
LINE
  5
1398
330
1F
100
AcDbEntity
  8
2Y
100
AcDbLine
 10
52181.39057361541
 20
42446.50052086991
 30
0.0
 11
52181.39057361541
 21
35691.46004172816
 31
0.0
1001
ACAD
1000
ASC_BOUNDS
1002
{
1070
    19
1002
}
  0
TEXT
  5
1399
330
1F
100
AcDbEntity
  8
TG
100
AcDbText
 10
55070.48798020816
 20
37289.80107885297
 30
0.0
 40
250.0
  1
"b"
  7
100CL
 11
55070.48798020816
 21
37414.80107885297
 31
0.0
100
AcDbText
 73
     2
  0
CIRCLE
  5
139A
330
1F
100
AcDbEntity
  8
7W
 62
     8
100
AcDbCircle
 10
55432.32158195433
 20
35139.02346685349
 30
0.0
 40
168.2156977068916
  0
CIRCLE
  5
139B
330
1F
100
AcDbEntity
  8
7W
 62
     8
100
AcDbCircle
 10
55432.32158195433
 20
35442.73363355141
 30
0.0
 40
168.2156977068916
  0
LINE
  5
139C
330
1F
100
AcDbEntity
  8
7W
 62
     8
100
AcDbLine
 10
55578.00064948383
 20
35526.84148240483
 30
0.0
 11
54504.93062644537
 21
37385.45328238679
 31
0.0
  0
LINE
  5
139D
330
1F
100
AcDbEntity
  8
2Y
100
AcDbLine
 10
58466.63744478785
 20
35691.46004172725
 30
0.0
 11
52181.39057361541
 21
35691.46004172816
 31
0.0
1001
ACAD
1000
ASC_BOUNDS
1002
{
1070
    19
1002
}
  0
LINE
  5
139E
330
1F
100
AcDbEntity
  8
SHE
  6
HIDDEN
100
AcDbLine
 10
58296.81287939783
 20
35825.08735515014
 30
0.0
 11
52181.39057361541
 21
35825.08735515102
 31
0.0
1001
ACAD
1000
ASC_BOUNDS
1002
{
1070
    19
1002
}
  0
LINE
  5
139F
330
1F
100
AcDbEntity
  8
7W
 62
     8
100
AcDbLine
 10
54504.93062644537
 20
37385.45328238679
 30
0.0
 11
55272.7645323682
 21
35085.74993794492
 31
0.0
  0
TEXT
  5
13A0
330
1F
100
AcDbEntity
  8
TG
100
AcDbText
 10
52387.45504229449
 20
36774.40074016476
 30
0.0
 40
250.0
  1
"a"
  7
100CL
 11
52387.45504229449
 21
36899.40074016476
 31
0.0
100
AcDbText
 73
     2
  0
LINE
  5
13A1
330
1F
100
AcDbEntity
  8
7W
 62
     8
100
AcDbLine
 10
53247.59046164897
 20
36870.05294369857
 30
0.0
 11
53916.15475121738
 21
36870.05294369857
 31
0.0
  0
LWPOLYLINE
  5
13A2
330
1F
100
AcDbEntity
  8
3G
100
AcDbPolyline
 90
        2
 70
     1
 43
53.45092536914545
 10
52247.67991877399
 20
35124.46773664657
 42
-1.0
 10
52202.85220083742
 20
35153.57919706028
 42
-1.0
  0
LWPOLYLINE
  5
13A3
330
1F
100
AcDbEntity
  8
3G
100
AcDbPolyline
 90
        2
 70
     1
 43
53.45092536914545
 10
52247.67991877399
 20
35428.17790334448
 42
-1.0
 10
52202.85220083742
 20
35457.2893637582
 42
-1.0
  0
LWPOLYLINE
  5
13A4
330
1F
100
AcDbEntity
  8
3G
100
AcDbPolyline
 90
        2
 70
     1
 43
53.45092536914545
 10
53316.69842615691
 20
35428.17790334448
 42
-1.0
 10
53271.87070822032
 20
35457.2893637582
 42
-1.0
  0
LWPOLYLINE
  5
13A5
330
1F
100
AcDbEntity
  8
3G
100
AcDbPolyline
 90
        2
 70
     1
 43
53.45092536914545
 10
53316.69842615691
 20
35124.46773664657
 42
-1.0
 10
53271.87070822032
 20
35153.57919706028
 42
-1.0
  0
LINE
  5
13A6
330
1F
100
AcDbEntity
  8
7W
 62
     8
100
AcDbLine
 10
54689.19539888605
 20
35531.1072656204
 30
0.0
 11
53916.15475121738
 21
36870.05294369857
 31
0.0
  0
SOLID
  5
13A7
330
1F
100
AcDbEntity
  8
7W
 62
     8
100
AcDbTrace
 10
54471.73146992262
 20
35795.26583939742
 30
0.0
 11
54569.15932784831
 21
35851.51583939762
 31
0.0
 12
54689.19539888607
 22
35531.1072656204
 32
0.0
 13
54689.19539888607
 23
35531.1072656204
 33
0.0
  0
LWPOLYLINE
  5
13A8
330
1F
100
AcDbEntity
  8
3G
100
AcDbPolyline
 90
        2
 70
     1
 43
53.45092536914545
 10
54385.71693353987
 20
35124.46773664657
 42
-1.0
 10
54340.88921560326
 20
35153.57919706028
 42
-1.0
  0
LWPOLYLINE
  5
13A9
330
1F
100
AcDbEntity
  8
3G
100
AcDbPolyline
 90
        2
 70
     1
 43
53.45092536914545
 10
54385.71693353987
 20
35428.17790334448
 42
-1.0
 10
54340.88921560326
 20
35457.2893637582
 42
-1.0
  0
LWPOLYLINE
  5
13AA
330
1F
100
AcDbEntity
  8
3G
100
AcDbPolyline
 90
        2
 70
     1
 43
53.45092536914545
 10
55454.7354409227
 20
35428.17790334451
 42
-1.0
 10
55409.90772298606
 20
35457.28936375823
 42
-1.0
  0
LWPOLYLINE
  5
13AB
330
1F
100
AcDbEntity
  8
3G
100
AcDbPolyline
 90
        2
 70
     1
 43
53.45092536914545
 10
55454.7354409227
 20
35124.4677366466
 42
-1.0
 10
55409.90772298606
 20
35153.57919706031
 42
-1.0
  0
LINE
  5
13AC
330
1F
100
AcDbEntity
  8
7W
 62
     8
100
AcDbLine
 10
54504.93062644537
 20
37385.45328238679
 30
0.0
 11
55068.84974419846
 21
37385.45328238677
 31
0.0
  0
LINE
  5
13AD
330
1F
100
AcDbEntity
  8
4C
100
AcDbLine
 10
57725.85866363215
 20
34978.96824338119
 30
0.0
 11
56135.0685633367
 21
34978.96824338121
 31
0.0
1001
ACAD
1000
ASC_BOUNDS
1002
{
1070
    19
1002
}
  0
LWPOLYLINE
  5
13AE
330
1F
100
AcDbEntity
  8
3G
100
AcDbPolyline
 90
        2
 70
     1
 43
53.45092536914545
 10
56523.75394830563
 20
35124.4677366466
 42
-1.0
 10
56478.92623036899
 20
35153.57919706031
 42
-1.0
  0
LWPOLYLINE
  5
13AF
330
1F
100
AcDbEntity
  8
3G
100
AcDbPolyline
 90
        2
 70
     1
 43
53.45092536914545
 10
56523.75394830563
 20
35428.17790334451
 42
-1.0
 10
56478.92623036899
 20
35457.28936375823
 42
-1.0
  0
LINE
  5
13B0
330
1F
100
AcDbEntity
  8
SHE
  6
HIDDEN
100
AcDbLine
 10
58296.81287939783
 20
35825.08735515014
 30
0.0
 11
58060.99236403402
 21
36799.49772463052
 31
0.0
1001
ACAD
1000
ASC_BOUNDS
1002
{
1070
    19
1002
}
  0
LINE
  5
13B1
330
1F
100
AcDbEntity
  8
2Y
100
AcDbLine
 10
58466.63744478785
 20
35691.46004172725
 30
0.0
 11
58230.81692942408
 21
36665.87041120766
 31
0.0
1001
ACAD
1000
ASC_BOUNDS
1002
{
1070
    19
1002
}
  0
ARC
  5
13B2
330
1F
100
AcDbEntity
  8
4C
100
AcDbCircle
 10
57725.85866363215
 20
35032.41916875034
 30
0.0
 40
53.45092536914545
100
AcDbArc
 50
270.0
 51
305.4676202352955
1001
ACAD
1000
ASC_BOUNDS
1002
{
1070
    19
1002
}
  0
LWPOLYLINE
  5
13B3
330
1F
100
AcDbEntity
  8
3G
100
AcDbPolyline
 90
        2
 70
     1
 43
53.45092536914545
 10
57592.77245568851
 20
35124.4677366466
 42
-1.0
 10
57547.94473775188
 20
35153.57919706031
 42
-1.0
  0
LWPOLYLINE
  5
13B4
330
1F
100
AcDbEntity
  8
3G
100
AcDbPolyline
 90
        2
 70
     1
 43
53.45092536914545
 10
57592.77245568851
 20
35428.17790334451
 42
-1.0
 10
57547.94473775188
 20
35457.28936375823
 42
-1.0
  0
LWPOLYLINE
  5
13B5
330
1F
100
AcDbEntity
  8
3G
100
AcDbPolyline
 90
        2
 70
     1
 43
53.45092536914545
 10
58638.44439890629
 20
35165.73264910826
 42
-1.0
 10
58640.30980929987
 20
35112.31428459865
 42
-1.0
  0
ARC
  5
13B6
330
1F
100
AcDbEntity
  8
4C
100
AcDbCircle
 10
58654.69321599685
 20
35103.49986266728
 30
0.0
 40
53.45092536914545
100
AcDbArc
 50
270.0
 51
305.4676202352955
1001
ACAD
1000
ASC_BOUNDS
1002
{
1070
    19
1002
}
  0
LWPOLYLINE
  5
13B7
330
1F
100
AcDbEntity
  8
3G
100
AcDbPolyline
 90
        2
 70
     1
 43
53.45092536914545
 10
58661.79096307137
 20
35428.17790334451
 42
-1.0
 10
58616.96324513482
 20
35457.28936375823
 42
-1.0
  0
LWPOLYLINE
  5
13B8
330
1F
100
AcDbEntity
  8
3G
100
AcDbPolyline
 90
        2
 70
     1
 43
53.45092536914545
 10
58470.99201142849
 20
36442.41831407173
 42
1.0
 10
58515.81972936509
 20
36471.52977448545
 42
1.0
  0
TEXT
  5
13B9
330
1F
100
AcDbEntity
  8
TG
100
AcDbText
 10
53928.47642600975
 20
39944.29734268925
 30
0.0
 40
250.0
  1
WALL / R.C. WALL
  7
100CL
 11
53928.47642600975
 21
40069.29734268925
 31
0.0
100
AcDbText
 73
     2
  0
TEXT
  5
13BA
330
1F
100
AcDbEntity
  8
TG
100
AcDbText
 10
53928.47642600975
 20
40353.26294435502
 30
0.0
 40
250.0
  1
BEARING LOAD CHB
  7
100CL
 11
53928.47642600975
 21
40478.26294435502
 31
0.0
100
AcDbText
 73
     2
  0
LINE
  5
13BB
330
1F
100
AcDbEntity
  8
7W
 62
     8
100
AcDbLine
 10
53150.05384539635
 20
40478.26294435502
 30
0.0
 11
53875.03453957814
 21
40478.26294435502
 31
0.0
  0
LINE
  5
13BC
330
1F
100
AcDbEntity
  8
7W
 62
     8
100
AcDbLine
 10
52393.72976053195
 20
42435.39444867273
 30
0.0
 11
52023.73410297856
 21
42435.39444867273
 31
0.0
  0
TEXT
  5
13BD
330
1F
100
AcDbEntity
  8
TG
100
AcDbText
 10
62734.47494997276
 20
34813.3651949501
 30
0.0
 40
250.0
  1
REINF. (b)
  7
100CL
 72
     2
 11
64663.0463785442
 21
34938.3651949501
 31
0.0
100
AcDbText
 73
     2
  0
LINE
  5
13BE
330
1F
100
AcDbEntity
  8
SHE
  6
HIDDEN
100
AcDbLine
 10
66503.05635366557
 20
41671.54957202781
 30
0.0
 11
64899.52859259186
 21
41671.54957202781
 31
0.0
1001
ACAD
1000
ASC_BOUNDS
1002
{
1070
    19
1002
}
  0
LINE
  5
13BF
330
1F
100
AcDbEntity
  8
2Y
100
AcDbLine
 10
66672.88091905546
 20
41537.92225860494
 30
0.0
 11
65069.35315798168
 21
41537.92225860494
 31
0.0
1001
ACAD
1000
ASC_BOUNDS
1002
{
1070
    19
1002
}
  0
LINE
  5
13C0
102
{ACAD_REACTORS
330
135B
102
}
330
1F
100
AcDbEntity
  8
0
 62
     4
100
AcDbLine
 10
65531.35460052031
 20
40527.74374621825
 30
0.0
 11
68091.76869753579
 21
42351.88707375878
 31
0.0
  0
TEXT
  5
13C1
330
1F
100
AcDbEntity
  8
TG
100
AcDbText
 10
64564.21525909772
 20
36579.00795256279
 30
0.0
 40
250.0
  1
t (SEE TABLE)
  7
100CL
 11
64564.21525909772
 21
36704.00795256279
 31
0.0
100
AcDbText
 73
     2
  0
LINE
  5
13C2
330
1F
100
AcDbEntity
  8
SHE
  6
HIDDEN
100
AcDbLine
 10
62399.93461653138
 20
38748.31846358976
 30
0.0
 11
62164.11410116889
 21
39722.72883306891
 31
0.0
1001
ACAD
1000
ASC_BOUNDS
1002
{
1070
    19
1002
}
  0
LINE
  5
13C3
330
1F
100
AcDbEntity
  8
2Y
100
AcDbLine
 10
62569.75918192133
 20
38614.69115016687
 30
0.0
 11
62333.93866655872
 21
39589.10151964603
 31
0.0
1001
ACAD
1000
ASC_BOUNDS
1002
{
1070
    19
1002
}
  0
LINE
  5
13C4
330
1F
100
AcDbEntity
  8
7W
 62
     8
100
AcDbLine
 10
62569.75918192133
 20
38614.69115016688
 30
0.0
 11
61884.43410620786
 21
39562.51277637941
 31
0.0
  0
SOLID
  5
13C5
330
1F
100
AcDbEntity
  8
7W
 62
     8
100
AcDbTrace
 10
62434.49732286411
 20
38887.09568295659
 30
0.0
 11
62353.46135866516
 21
38828.50240257102
 31
0.0
 12
62569.75918192133
 22
38614.69115016687
 32
0.0
 13
62569.75918192133
 23
38614.69115016687
 33
0.0
  0
LWPOLYLINE
  5
13C6
330
1F
100
AcDbEntity
  8
3G
100
AcDbPolyline
 90
        2
 70
     1
 43
53.45092536914545
 10
62557.25643904894
 20
37954.99854260095
 42
-1.0
 10
62559.12184944262
 20
37901.58017809134
 42
-1.0
  0
LWPOLYLINE
  5
13C7
330
1F
100
AcDbEntity
  8
7W
 62
     8
100
AcDbPolyline
 90
        4
 70
     0
 43
0.0
 10
60083.22561014433
 20
36165.02449553382
 10
60670.25904147725
 20
35344.86603406251
 42
0.2419558311816526
 10
60670.66562525824
 20
35344.65704888866
 10
62631.40234560541
 20
35344.65704888866
  0
LINE
  5
13C8
330
1F
100
AcDbEntity
  8
2Y
100
AcDbLine
 10
62569.75918192133
 20
38614.69115016687
 30
0.0
 11
60966.23142084691
 21
38614.69115016689
 31
0.0
1001
ACAD
1000
ASC_BOUNDS
1002
{
1070
    19
1002
}
  0
LWPOLYLINE
  5
13C9
330
1F
100
AcDbEntity
  8
3G
100
AcDbPolyline
 90
        2
 70
     1
 43
53.45092536914545
 10
61251.27357589909
 20
37024.56313823644
 42
-1.0
 10
61253.13898629279
 20
36971.14477372683
 42
-1.0
  0
LINE
  5
13CA
330
1F
100
AcDbEntity
  8
SHE
  6
HIDDEN
100
AcDbLine
 10
59664.52012510906
 20
36799.49772462991
 30
0.0
 11
59428.69960974528
 21
37773.9080941103
 31
0.0
1001
ACAD
1000
ASC_BOUNDS
1002
{
1070
    19
1002
}
  0
LINE
  5
13CB
330
1F
100
AcDbEntity
  8
2Y
100
AcDbLine
 10
59834.34469049888
 20
36665.87041120766
 30
0.0
 11
59598.52417513522
 21
37640.28078068743
 31
0.0
1001
ACAD
1000
ASC_BOUNDS
1002
{
1070
    19
1002
}
  0
LINE
  5
13CC
330
1F
100
AcDbEntity
  8
4C
100
AcDbLine
 10
60560.17172042798
 20
36320.85210202491
 30
0.0
 11
59465.58711350948
 21
35541.02542888386
 31
0.0
1001
ACAD
1000
ASC_BOUNDS
1002
{
1070
    19
1002
}
  0
CIRCLE
  5
13CD
330
1F
100
AcDbEntity
  8
7W
 62
     8
100
AcDbCircle
 10
59946.22341794605
 20
36067.41855161711
 30
0.0
 40
168.2156977068916
  0
ARC
  5
13CE
330
1F
100
AcDbEntity
  8
4C
100
AcDbCircle
 10
59434.57260003063
 20
35584.55819098885
 30
0.0
 40
53.45092536914545
100
AcDbArc
 50
270.0
 51
305.4676202352955
1001
ACAD
1000
ASC_BOUNDS
1002
{
1070
    19
1002
}
  0
CIRCLE
  5
13CF
330
1F
100
AcDbEntity
  8
7W
 62
     8
100
AcDbCircle
 10
59779.47204312952
 20
36301.47503409346
 30
0.0
 40
168.2156977068916
  0
LWPOLYLINE
  5
13D0
330
1F
100
AcDbEntity
  8
3G
100
AcDbPolyline
 90
        2
 70
     1
 43
53.45092536914545
 10
59945.29071274914
 20
36094.12773387192
 42
-1.0
 10
59947.15612314277
 20
36040.70936936231
 42
-1.0
  0
LWPOLYLINE
  5
13D1
330
1F
100
AcDbEntity
  8
3G
100
AcDbPolyline
 90
        2
 70
     1
 43
53.45092536914545
 10
59778.53933793269
 20
36328.18421634829
 42
-1.0
 10
59780.40474832634
 20
36274.76585183868
 42
-1.0
  0
LINE
  5
13D2
330
1F
100
AcDbEntity
  8
SHE
  6
HIDDEN
100
AcDbLine
 10
61032.22737081957
 20
37773.9080941103
 30
0.0
 11
59428.69960974528
 21
37773.9080941103
 31
0.0
1001
ACAD
1000
ASC_BOUNDS
1002
{
1070
    19
1002
}
  0
LINE
  5
13D3
330
1F
100
AcDbEntity
  8
2Y
100
AcDbLine
 10
61202.05193620942
 20
37640.28078068743
 30
0.0
 11
59598.52417513522
 21
37640.28078068743
 31
0.0
1001
ACAD
1000
ASC_BOUNDS
1002
{
1070
    19
1002
}
  0
LWPOLYLINE
  5
13D4
330
1F
100
AcDbEntity
  8
3G
100
AcDbPolyline
 90
        2
 70
     1
 43
53.45092536914545
 10
59838.69925713973
 20
37416.82868355151
 42
1.0
 10
59883.52697507621
 20
37445.94014396522
 42
1.0
  0
LINE
  5
13D5
330
1F
100
AcDbEntity
  8
SHE
  6
HIDDEN
100
AcDbLine
 10
61032.22737081957
 20
37773.9080941103
 30
0.0
 11
60796.40685545707
 21
38748.31846358976
 31
0.0
1001
ACAD
1000
ASC_BOUNDS
1002
{
1070
    19
1002
}
  0
LINE
  5
13D6
330
1F
100
AcDbEntity
  8
2Y
100
AcDbLine
 10
61202.05193620942
 20
37640.28078068743
 30
0.0
 11
60966.23142084691
 21
38614.69115016689
 31
0.0
1001
ACAD
1000
ASC_BOUNDS
1002
{
1070
    19
1002
}
  0
LWPOLYLINE
  5
13D7
330
1F
100
AcDbEntity
  8
3G
100
AcDbPolyline
 90
        2
 70
     1
 43
53.45092536914545
 10
61084.52220108256
 20
37258.6196207128
 42
-1.0
 10
61086.38761147626
 20
37205.20125620318
 42
-1.0
  0
LINE
  5
13D8
330
1F
100
AcDbEntity
  8
SHE
  6
HIDDEN
100
AcDbLine
 10
62399.93461653138
 20
38748.31846358976
 30
0.0
 11
60796.40685545707
 21
38748.31846358976
 31
0.0
1001
ACAD
1000
ASC_BOUNDS
1002
{
1070
    19
1002
}
  0
LWPOLYLINE
  5
13D9
330
1F
100
AcDbEntity
  8
3G
100
AcDbPolyline
 90
        2
 70
     1
 43
53.45092536914545
 10
61206.40650285131
 20
38391.23905303098
 42
1.0
 10
61251.23422078785
 20
38420.35051344468
 42
1.0
  0
LINE
  5
13DA
330
1F
100
AcDbEntity
  8
7W
 62
     8
100
AcDbLine
 10
62972.48253456166
 20
37917.15384199926
 30
0.0
 11
63672.892640394
 21
36704.00795256279
 31
0.0
  0
LINE
  5
13DB
330
1F
100
AcDbEntity
  8
7W
 62
     8
100
AcDbLine
 10
64356.52866777891
 20
36704.00795256281
 30
0.0
 11
63672.892640394
 21
36704.00795256279
 31
0.0
  0
TEXT
  5
13DC
330
1F
100
AcDbEntity
  8
TG
100
AcDbText
 10
62744.46343201592
 20
35219.65704888866
 30
0.0
 40
250.0
  1
SECONDARY
  7
100CL
 72
     2
 11
64899.22533677783
 21
35344.65704888866
 31
0.0
100
AcDbText
 73
     2
  0
SOLID
  5
13DD
330
1F
100
AcDbEntity
  8
7W
 62
     8
100
AcDbTrace
 10
63189.94646352514
 20
37652.99526822224
 30
0.0
 11
63092.51860559944
 21
37596.74526822203
 31
0.0
 12
62972.48253456168
 22
37917.15384199926
 32
0.0
 13
62972.48253456168
 23
37917.15384199926
 33
0.0
  0
LWPOLYLINE
  5
13DE
330
1F
100
AcDbEntity
  8
3G
100
AcDbPolyline
 90
        2
 70
     1
 43
53.45092536914545
 10
63863.23930219877
 20
38885.43394696545
 42
-1.0
 10
63865.10471259242
 20
38832.01558245584
 42
-1.0
  0
TEXT
  5
13DF
330
1F
100
AcDbEntity
  8
TG
100
AcDbText
 10
61477.33390027856
 20
42368.7230787349
 30
0.0
 40
250.0
  1
%%C12 NOSING 
  7
100CL
 11
61477.33390027856
 21
42493.72307873489
 31
0.0
100
AcDbText
 73
     2
  0
TEXT
  5
13E0
330
1F
100
AcDbEntity
  8
TG
100
AcDbText
 10
61477.33390027856
 20
41968.7230787349
 30
0.0
 40
250.0
  1
BARS (TYP.)
  7
100CL
 11
61477.33390027856
 21
42093.72307873489
 31
0.0
100
AcDbText
 73
     2
  0
LWPOLYLINE
  5
13E1
330
1F
100
AcDbEntity
  8
3G
100
AcDbPolyline
 90
        2
 70
     1
 43
53.45092536914545
 10
62574.11374856319
 20
39365.64942251013
 42
1.0
 10
62618.94146649973
 20
39394.76088292383
 42
1.0
  0
LINE
  5
13E2
330
1F
100
AcDbEntity
  8
SHE
  6
HIDDEN
100
AcDbLine
 10
63767.64186224261
 20
39722.72883306891
 30
0.0
 11
62164.11410116889
 21
39722.72883306891
 31
0.0
1001
ACAD
1000
ASC_BOUNDS
1002
{
1070
    19
1002
}
  0
LINE
  5
13E3
330
1F
100
AcDbEntity
  8
2Y
100
AcDbLine
 10
63937.46642763252
 20
39589.10151964604
 30
0.0
 11
62333.93866655872
 21
39589.10151964603
 31
0.0
1001
ACAD
1000
ASC_BOUNDS
1002
{
1070
    19
1002
}
  0
LINE
  5
13E4
330
1F
100
AcDbEntity
  8
2Y
100
AcDbLine
 10
65305.1736733443
 20
40563.51188912578
 30
0.0
 11
65069.35315798168
 21
41537.92225860494
 31
0.0
1001
ACAD
1000
ASC_BOUNDS
1002
{
1070
    19
1002
}
  0
LINE
  5
13E5
330
1F
100
AcDbEntity
  8
SHE
  6
HIDDEN
100
AcDbLine
 10
65135.34910795436
 20
40697.13920254866
 30
0.0
 11
64899.52859259186
 21
41671.54957202781
 31
0.0
1001
ACAD
1000
ASC_BOUNDS
1002
{
1070
    19
1002
}
  0
LINE
  5
13E6
330
1F
100
AcDbEntity
  8
2Y
100
AcDbLine
 10
65305.1736733443
 20
40563.51188912578
 30
0.0
 11
63701.64591226986
 21
40563.5118891258
 31
0.0
1001
ACAD
1000
ASC_BOUNDS
1002
{
1070
    19
1002
}
  0
LINE
  5
13E7
330
1F
100
AcDbEntity
  8
SHE
  6
HIDDEN
100
AcDbLine
 10
65135.34910795436
 20
40697.13920254866
 30
0.0
 11
63531.82134688006
 21
40697.13920254866
 31
0.0
1001
ACAD
1000
ASC_BOUNDS
1002
{
1070
    19
1002
}
  0
LINE
  5
13E8
330
1F
100
AcDbEntity
  8
SHE
  6
HIDDEN
100
AcDbLine
 10
63767.64186224261
 20
39722.72883306891
 30
0.0
 11
63531.82134688006
 21
40697.13920254868
 31
0.0
1001
ACAD
1000
ASC_BOUNDS
1002
{
1070
    19
1002
}
  0
LINE
  5
13E9
330
1F
100
AcDbEntity
  8
2Y
100
AcDbLine
 10
63937.46642763252
 20
39589.10151964604
 30
0.0
 11
63701.64591226986
 21
40563.5118891258
 31
0.0
1001
ACAD
1000
ASC_BOUNDS
1002
{
1070
    19
1002
}
  0
LWPOLYLINE
  5
13EA
330
1F
100
AcDbEntity
  8
3G
100
AcDbPolyline
 90
        2
 70
     1
 43
53.45092536914545
 10
63941.82099427435
 20
40340.05979198989
 42
1.0
 10
63986.6487122109
 20
40369.1712524036
 42
1.0
  0
LWPOLYLINE
  5
13EB
330
1F
100
AcDbEntity
  8
3G
100
AcDbPolyline
 90
        2
 70
     1
 43
53.45092536914545
 10
65169.2221653486
 20
39815.86935132995
 42
-1.0
 10
65171.08757574225
 20
39762.45098682035
 42
-1.0
  0
LINE
  5
13EC
330
1F
100
AcDbEntity
  8
7W
 62
     8
100
AcDbLine
 10
64866.03431072254
 20
42472.43324794931
 30
0.0
 11
63919.39837789927
 21
42472.43324794931
 31
0.0
  0
LINE
  5
13ED
330
1F
100
AcDbEntity
  8
7W
 62
     8
100
AcDbLine
 10
65477.62116648388
 20
41413.13374052931
 30
0.0
 11
64866.03431072254
 21
42472.43324794931
 31
0.0
  0
CIRCLE
  5
13EE
330
1F
100
AcDbEntity
  8
7W
 62
     8
100
AcDbCircle
 10
65331.9420989544
 20
41329.02589167588
 30
0.0
 40
168.2156977068916
  0
LWPOLYLINE
  5
13EF
330
1F
100
AcDbEntity
  8
3G
100
AcDbPolyline
 90
        2
 70
     1
 43
53.45092536914545
 10
65309.52823998615
 20
41314.47016146903
 42
1.0
 10
65354.3559579227
 20
41343.58162188273
 42
1.0
  0
LINE
  5
13F0
330
1F
100
AcDbEntity
  8
4C
100
AcDbLine
 10
68997.81636835521
 20
42406.73346480465
 30
0.0
 11
70206.22652586967
 21
42406.73346480465
 31
0.0
1001
ACAD
1000
ASC_BOUNDS
1002
{
1070
    19
1002
}
  0
LWPOLYLINE
  5
13F1
330
1F
100
AcDbEntity
  8
3G
100
AcDbPolyline
 90
        2
 70
     1
 43
53.45092536914545
 10
66598.65379362189
 20
40834.25468592436
 42
-1.0
 10
66600.51920401555
 20
40780.83632141474
 42
-1.0
  0
LWPOLYLINE
  5
13F2
330
1F
100
AcDbEntity
  8
3G
100
AcDbPolyline
 90
        2
 70
     1
 43
53.45092536914545
 10
66431.90241880543
 20
41068.3111684007
 42
-1.0
 10
66433.76782919907
 20
41014.8928038911
 42
-1.0
  0
LINE
  5
13F3
330
1F
100
AcDbEntity
  8
2Y
100
AcDbLine
 10
66672.88091905546
 20
41537.92225860494
 30
0.0
 11
66437.06040369285
 21
42512.3326280847
 31
0.0
1001
ACAD
1000
ASC_BOUNDS
1002
{
1070
    19
1002
}
  0
LINE
  5
13F4
330
1F
100
AcDbEntity
  8
SHE
  6
HIDDEN
100
AcDbLine
 10
66503.05635366557
 20
41671.54957202781
 30
0.0
 11
66267.23583830302
 21
42645.95994150758
 31
0.0
1001
ACAD
1000
ASC_BOUNDS
1002
{
1070
    19
1002
}
  0
LINE
  5
13F5
330
1F
100
AcDbEntity
  8
4C
100
AcDbLine
 10
67290.55852251839
 20
41870.82874543643
 30
0.0
 11
66351.82904001631
 21
41202.03961329264
 31
0.0
1001
ACAD
1000
ASC_BOUNDS
1002
{
1070
    19
1002
}
  0
ARC
  5
13F6
330
1F
100
AcDbEntity
  8
4C
100
AcDbCircle
 10
67290.8486439079
 20
41870.42152365491
 30
0.0
 40
0.5
100
AcDbArc
 50
90.0
 51
125.4676202352954
1001
ACAD
1000
ASC_BOUNDS
1002
{
1070
    19
1002
}
  0
LWPOLYLINE
  5
13F7
330
1F
100
AcDbEntity
  8
3G
100
AcDbPolyline
 90
        2
 70
     1
 43
53.45092536914545
 10
67737.8852819553
 20
41998.74657276517
 42
-1.0
 10
67739.75069234896
 20
41945.32820825556
 42
-1.0
  0
LWPOLYLINE
  5
13F8
330
1F
100
AcDbEntity
  8
3G
100
AcDbPolyline
 90
        2
 70
     1
 43
53.45092536914545
 10
66677.23548569734
 20
42288.8805309488
 42
1.0
 10
66722.06320363385
 20
42317.9919913625
 42
1.0
  0
LWPOLYLINE
  5
13F9
330
1F
100
AcDbEntity
  8
3G
100
AcDbPolyline
 90
        2
 70
     1
 43
53.45092536914545
 10
68568.64743531725
 20
41945.34032300341
 42
-1.0
 10
68523.81971738077
 20
41974.45178341713
 42
-1.0
  0
LWPOLYLINE
  5
13FA
330
1F
100
AcDbEntity
  8
3G
100
AcDbPolyline
 90
        2
 70
     1
 43
53.45092536914545
 10
67904.63665677167
 20
41764.69009028888
 42
-1.0
 10
67906.50206716541
 20
41711.27172577926
 42
-1.0
  0
LWPOLYLINE
  5
13FB
330
1F
100
AcDbEntity
  8
3G
100
AcDbPolyline
 90
        2
 70
     1
 43
53.45092536914545
 10
68568.64743531725
 20
42277.56105262876
 42
1.0
 10
68523.81971738077
 20
42248.44959221505
 42
1.0
  0
ARC
  5
13FC
330
1F
100
AcDbEntity
  8
0
 62
     4
100
AcDbCircle
 10
68092.05881892531
 20
42351.47985197726
 30
0.0
 40
0.5
100
AcDbArc
 50
90.0
 51
125.4676202352954
1001
ACAD
1000
ASC_BOUNDS
1002
{
1070
    19
1002
}
  0
LINE
  5
13FD
330
1F
100
AcDbEntity
  8
SHE
100
AcDbLine
 10
70940.5436942584
 20
41795.07108532929
 30
0.0
 11
71619.501726737
 21
40615.17172369152
 31
0.0
  0
LINE
  5
13FE
330
1F
100
AcDbEntity
  8
SHE
100
AcDbLine
 10
71619.501726737
 20
40615.17172369152
 30
0.0
 11
72398.01770162363
 21
40615.17172369152
 31
0.0
  0
TEXT
  5
13FF
330
1F
100
AcDbEntity
  8
TG
100
AcDbText
 10
72302.21982251797
 20
40525.96565242012
 30
0.0
 40
250.0
  1
"b"
  7
100CL
 11
72302.21982251797
 21
40650.96565242012
 31
0.0
100
AcDbText
 73
     2
  0
CIRCLE
  5
1400
330
1F
100
AcDbEntity
  8
7W
 62
     8
100
AcDbCircle
 10
70940.5436942584
 20
42266.99694973409
 30
0.0
 40
168.2156977068916
  0
LWPOLYLINE
  5
1401
330
1F
100
AcDbEntity
  8
3G
100
AcDbPolyline
 90
        2
 70
     1
 43
53.45092536914545
 10
69765.80690723747
 20
41945.34032300341
 42
-1.0
 10
69720.97918930099
 20
41974.45178341713
 42
-1.0
  0
LWPOLYLINE
  5
1402
330
1F
100
AcDbEntity
  8
3G
100
AcDbPolyline
 90
        2
 70
     1
 43
53.45092536914545
 10
70962.9663791577
 20
41945.34032300341
 42
-1.0
 10
70918.13866122119
 20
41974.45178341713
 42
-1.0
  0
CIRCLE
  5
1403
330
1F
100
AcDbEntity
  8
7W
 62
     8
100
AcDbCircle
 10
70940.5436942584
 20
41963.28678303617
 30
0.0
 40
168.2156977068916
  0
SOLID
  5
1404
330
1F
100
AcDbEntity
  8
7W
 62
     8
100
AcDbTrace
 10
70294.85227959851
 20
42627.6345345196
 30
0.0
 11
70395.21022414058
 21
42678.4728366874
 31
0.0
 12
70497.54615837287
 22
42351.97985197726
 32
0.0
 13
70497.54615837287
 23
42351.97985197726
 33
0.0
  0
LWPOLYLINE
  5
1405
330
1F
100
AcDbEntity
  8
3G
100
AcDbPolyline
 90
        2
 70
     1
 43
53.45092536914545
 10
69765.80690723747
 20
42277.56105262876
 42
1.0
 10
69720.97918930099
 20
42248.44959221505
 42
1.0
  0
LWPOLYLINE
  5
1406
330
1F
100
AcDbEntity
  8
3G
100
AcDbPolyline
 90
        2
 70
     1
 43
53.45092536914545
 10
70962.9663791577
 20
42277.56105262876
 42
1.0
 10
70918.13866122119
 20
42248.44959221505
 42
1.0
  0
LWPOLYLINE
  5
1407
330
1F
100
AcDbEntity
  8
3G
100
AcDbPolyline
 90
        2
 70
     1
 43
53.45092536914545
 10
72160.1258510779
 20
41945.34032300341
 42
-1.0
 10
72115.29813314141
 20
41974.45178341713
 42
-1.0
  0
LWPOLYLINE
  5
1408
330
1F
100
AcDbEntity
  8
3G
100
AcDbPolyline
 90
        2
 70
     1
 43
53.45092536914545
 10
72160.1258510779
 20
42277.56105262876
 42
1.0
 10
72115.29813314141
 20
42248.44959221505
 42
1.0
  0
LINE
  5
1409
330
1F
100
AcDbEntity
  8
SHE
  6
HIDDEN
100
AcDbLine
 10
47443.68791596212
 20
44594.78068047087
 30
0.0
 11
47443.68791596212
 21
48602.25606926522
 31
0.0
  0
LINE
  5
140A
330
1F
100
AcDbEntity
  8
2Y
100
AcDbLine
 10
47577.31522938493
 20
44461.15336704803
 30
0.0
 11
47577.31522938493
 21
48602.25606926522
 31
0.0
  0
LINE
  5
140B
330
1F
100
AcDbEntity
  8
7W
 62
     8
100
AcDbLine
 10
45548.46166849257
 20
45939.28886894742
 30
0.0
 11
46230.75096200528
 21
43862.05624809631
 31
0.0
  0
LINE
  5
140C
330
1F
100
AcDbEntity
  8
7W
 62
     8
100
AcDbLine
 10
46502.30168897126
 20
44287.18949118569
 30
0.0
 11
45548.46166849257
 21
45939.28886894742
 31
0.0
  0
LWPOLYLINE
  5
140D
330
1F
100
AcDbEntity
  8
3G
100
AcDbPolyline
 90
        2
 70
     1
 43
53.45092536914545
 10
46395.22304346886
 20
44197.87122866469
 42
-1.0
 10
46350.39532553237
 20
44226.98268907838
 42
-1.0
  0
CIRCLE
  5
140E
330
1F
100
AcDbEntity
  8
7W
 62
     8
100
AcDbCircle
 10
46372.8091845006
 20
44212.42695887154
 30
0.0
 40
149.5250646283481
  0
LWPOLYLINE
  5
140F
330
1F
100
AcDbEntity
  8
3G
100
AcDbPolyline
 90
        2
 70
     1
 43
53.45092536914545
 10
45326.20453608594
 20
44197.87122866468
 42
-1.0
 10
45281.37681814945
 20
44226.98268907837
 42
-1.0
  0
LWPOLYLINE
  5
1410
330
1F
100
AcDbEntity
  8
3G
100
AcDbPolyline
 90
        2
 70
     1
 43
53.45092536914545
 10
45326.20453608594
 20
43894.16106196672
 42
-1.0
 10
45281.37681814945
 20
43923.27252238044
 42
-1.0
  0
CIRCLE
  5
1411
330
1F
100
AcDbEntity
  8
7W
 62
     8
100
AcDbCircle
 10
46372.8091845006
 20
43908.71679217359
 30
0.0
 40
149.5250646283481
  0
LWPOLYLINE
  5
1412
330
1F
100
AcDbEntity
  8
3G
100
AcDbPolyline
 90
        2
 70
     1
 43
53.45092536914545
 10
46395.22304346886
 20
43894.16106196673
 42
-1.0
 10
46350.39532553237
 20
43923.27252238045
 42
-1.0
  0
SOLID
  5
1413
330
1F
100
AcDbEntity
  8
7W
 62
     8
100
AcDbTrace
 10
45175.89611243542
 20
44535.60821207661
 30
0.0
 11
45262.49865281405
 21
44585.60821207639
 31
0.0
 12
45369.19738262408
 22
44300.80059094059
 32
0.0
 13
45369.19738262408
 23
44300.80059094059
 33
0.0
  0
ARC
  5
1414
330
1F
100
AcDbEntity
  8
4C
100
AcDbCircle
 10
48239.84587197267
 20
44247.34966557143
 30
0.0
 40
53.45092536914545
100
AcDbArc
 50
0.0
 51
90.0
1001
ACAD
1000
ASC_BOUNDS
1002
{
1070
    19
1002
}
  0
LINE
  5
1415
330
1F
100
AcDbEntity
  8
4C
100
AcDbLine
 10
48246.2429436295
 20
44509.89097628264
 30
0.0
 11
48246.24294362941
 21
43873.19318798741
 31
0.0
1001
ACAD
1000
ASC_BOUNDS
1002
{
1070
    19
1002
}
  0
LWPOLYLINE
  5
1416
330
1F
100
AcDbEntity
  8
3G
100
AcDbPolyline
 90
        2
 70
     1
 43
53.45092536914545
 10
47464.24155085177
 20
44197.87122866469
 42
-1.0
 10
47419.41383291521
 20
44226.98268907838
 42
-1.0
  0
LWPOLYLINE
  5
1417
330
1F
100
AcDbEntity
  8
3G
100
AcDbPolyline
 90
        2
 70
     1
 43
53.45092536914545
 10
47464.24155085177
 20
43894.16106196673
 42
-1.0
 10
47419.41383291521
 20
43923.27252238045
 42
-1.0
  0
LINE
  5
1418
330
1F
100
AcDbEntity
  8
4C
100
AcDbLine
 10
48293.29679734176
 20
44247.3496655714
 30
0.0
 11
48293.29679734162
 21
43673.92943492183
 31
0.0
1001
ACAD
1000
ASC_BOUNDS
1002
{
1070
    19
1002
}
  0
ARC
  5
1419
330
1F
100
AcDbEntity
  8
4C
100
AcDbCircle
 10
48192.79201826026
 20
43873.19318798743
 30
0.0
 40
53.45092536914545
100
AcDbArc
 50
270.0
 51
0.0
1001
ACAD
1000
ASC_BOUNDS
1002
{
1070
    19
1002
}
  0
LINE
  5
141A
330
1F
100
AcDbEntity
  8
7W
 62
     8
100
AcDbLine
 10
45548.46166849257
 20
45939.28886894742
 30
0.0
 11
46049.72310649539
 21
45939.28886894742
 31
0.0
  0
TEXT
  5
141B
330
1F
100
AcDbEntity
  8
TG
100
AcDbText
 10
46051.17931628171
 20
45840.37579913958
 30
0.0
 40
250.0
  1
"b"
  7
100CL
 11
46051.17931628171
 21
45965.37579913959
 31
0.0
100
AcDbText
 73
     2
  0
LINE
  5
141C
330
1F
100
AcDbEntity
  8
7W
 62
     8
100
AcDbLine
 10
48591.4182968387
 20
48602.25606926522
 30
0.0
 11
48221.4226392853
 21
48602.25606926522
 31
0.0
  0
LINE
  5
141D
330
1F
100
AcDbEntity
  8
7W
 62
     8
100
AcDbLine
 10
47697.24927320815
 20
48602.25606926522
 30
0.0
 11
47262.0814585562
 21
48602.25606926522
 31
0.0
  0
LINE
  5
141E
330
1F
100
AcDbEntity
  8
7W
 62
     8
100
AcDbLine
 10
48176.21884854437
 20
48681.28612474554
 30
0.0
 11
48066.05557346172
 21
48588.3480856594
 31
0.0
  0
LINE
  5
141F
330
1F
100
AcDbEntity
  8
7W
 62
     8
100
AcDbLine
 10
47757.52109226258
 20
48681.28612474554
 30
0.0
 11
47867.68436734523
 21
48588.3480856594
 31
0.0
  0
LINE
  5
1420
330
1F
100
AcDbEntity
  8
7W
 62
     8
100
AcDbLine
 10
48176.21884854437
 20
48681.28612474554
 30
0.0
 11
47757.52109226258
 21
48681.28612474554
 31
0.0
  0
LINE
  5
1421
330
1F
100
AcDbEntity
  8
7W
 62
     8
100
AcDbLine
 10
47807.41254829082
 20
48509.31803017909
 30
0.0
 11
48111.25936420257
 21
48509.31803017909
 31
0.0
  0
LINE
  5
1422
330
1F
100
AcDbEntity
  8
7W
 62
     8
100
AcDbLine
 10
47867.68436734523
 20
48588.3480856594
 30
0.0
 11
48066.05557346172
 21
48588.3480856594
 31
0.0
  0
LINE
  5
1423
330
1F
100
AcDbEntity
  8
7W
 62
     8
100
AcDbLine
 10
47697.24927320815
 20
48602.25606926522
 30
0.0
 11
47807.41254829082
 21
48509.31803017909
 31
0.0
  0
LINE
  5
1424
330
1F
100
AcDbEntity
  8
7W
 62
     8
100
AcDbLine
 10
48221.4226392853
 20
48602.25606926522
 30
0.0
 11
48111.25936420257
 21
48509.31803017909
 31
0.0
  0
TEXT
  5
1425
330
1F
100
AcDbEntity
  8
TG
100
AcDbText
 10
67806.57272975062
 20
44521.5179887587
 30
0.0
 40
250.0
  1
"a"
  7
100CL
 11
67806.57272975062
 21
44646.51798875871
 31
0.0
100
AcDbText
 73
     2
  0
TEXT
  5
1426
330
1F
100
AcDbEntity
  8
TG
100
AcDbText
 10
70346.65992201967
 20
44304.99552177052
 30
0.0
 40
250.0
  1
BARS (TYP.)
  7
100CL
 11
70346.65992201967
 21
44429.99552177052
 31
0.0
100
AcDbText
 73
     2
  0
TEXT
  5
1427
330
1F
100
AcDbEntity
  8
TG
100
AcDbText
 10
70363.40494759139
 20
44696.30487729838
 30
0.0
 40
250.0
  1
%%C12 NOSING 
  7
100CL
 11
70363.40494759139
 21
44821.30487729838
 31
0.0
100
AcDbText
 73
     2
  0
LINE
  5
1428
330
1F
100
AcDbEntity
  8
2Y
100
AcDbLine
 10
81445.79986649288
 20
46582.62059494457
 30
0.0
 11
74607.26363793635
 21
41710.56874754747
 31
0.0
1001
ACAD
1000
ASC_BOUNDS
1002
{
1070
    19
1002
}
  0
LINE
  5
1429
330
1F
100
AcDbEntity
  8
4C
100
AcDbLine
 10
82150.40968162625
 20
47281.49963238843
 30
0.0
 11
74556.11448409705
 21
41871.0143018734
 31
0.0
1001
ACAD
1000
ASC_BOUNDS
1002
{
1070
    19
1002
}
  0
LINE
  5
142A
330
1F
100
AcDbEntity
  8
4C
100
AcDbLine
 10
75944.7235333297
 20
43450.97485465672
 30
0.0
 11
73650.03704499922
 21
41816.14670269304
 31
0.0
1001
ACAD
1000
ASC_BOUNDS
1002
{
1070
    19
1002
}
  0
LINE
  5
142B
330
1F
100
AcDbEntity
  8
2Y
100
AcDbLine
 10
74350.83536044121
 20
42512.33262808466
 30
0.0
 11
74115.01484507872
 21
43486.74299756389
 31
0.0
1001
ACAD
1000
ASC_BOUNDS
1002
{
1070
    19
1002
}
  0
LINE
  5
142C
330
1F
100
AcDbEntity
  8
SHE
  6
HIDDEN
100
AcDbLine
 10
74181.01079505138
 20
42645.95994150758
 30
0.0
 11
73945.19027968883
 21
43620.37031098668
 31
0.0
1001
ACAD
1000
ASC_BOUNDS
1002
{
1070
    19
1002
}
  0
LWPOLYLINE
  5
142D
330
1F
100
AcDbEntity
  8
3G
100
AcDbPolyline
 90
        2
 70
     1
 43
53.45092536914545
 10
74355.18992708323
 20
43263.29090042799
 42
1.0
 10
74400.01764501972
 20
43292.40236084169
 42
1.0
  0
CIRCLE
  5
142E
330
1F
100
AcDbEntity
  8
7W
 62
     8
100
AcDbCircle
 10
74377.60378605145
 20
43277.84663063483
 30
0.0
 40
168.2156977068916
  0
LINE
  5
142F
330
1F
100
AcDbEntity
  8
4C
100
AcDbLine
 10
75323.13576546675
 20
42352.07263019574
 30
0.0
 11
76626.87334806191
 21
43280.90840520847
 31
0.0
1001
ACAD
1000
ASC_BOUNDS
1002
{
1070
    19
1002
}
  0
LINE
  5
1430
330
1F
100
AcDbEntity
  8
7W
 62
     8
100
AcDbLine
 10
77488.97320450469
 20
43763.61605887614
 30
0.0
 11
78189.38331033706
 21
42550.47016943966
 31
0.0
  0
LINE
  5
1431
330
1F
100
AcDbEntity
  8
7W
 62
     8
100
AcDbLine
 10
86347.60121903571
 20
43161.43561662919
 30
0.0
 11
86457.76449411837
 21
43254.37365571533
 31
0.0
  0
LINE
  5
1432
330
1F
100
AcDbEntity
  8
7W
 62
     8
100
AcDbLine
 10
86766.29897531748
 20
43161.43561662919
 30
0.0
 11
86656.13570023484
 21
43254.37365571533
 31
0.0
  0
TEXT
  5
1433
330
1F
100
AcDbEntity
  8
TG
 62
     4
100
AcDbText
 10
85641.53396896442
 20
41188.3304786805
 30
0.0
 40
250.0
  1
SUPPORT
  7
100CL
 11
85641.53396896442
 21
41313.3304786805
 31
0.0
100
AcDbText
 73
     2
  0
TEXT
  5
1434
330
1F
100
AcDbEntity
  8
TG
100
AcDbText
 10
85021.08523010258
 20
40795.98980503842
 30
0.0
 40
250.0
  1
(BEAM, COLUMN,
  7
100CL
 11
85021.08523010258
 21
40920.98980503842
 31
0.0
100
AcDbText
 73
     2
  0
TEXT
  5
1435
330
1F
100
AcDbEntity
  8
TG
100
AcDbText
 10
79080.70592904076
 20
42425.47016943966
 30
0.0
 40
250.0
  1
t (SEE TABLE)
  7
100CL
 11
79080.70592904076
 21
42550.47016943966
 31
0.0
100
AcDbText
 73
     2
  0
ARC
  5
1436
330
1F
100
AcDbEntity
  8
4C
100
AcDbCircle
 10
73649.74692360969
 20
41816.55392447456
 30
0.0
 40
0.5
100
AcDbArc
 50
270.0
 51
305.4676202352955
1001
ACAD
1000
ASC_BOUNDS
1002
{
1070
    19
1002
}
  0
LWPOLYLINE
  5
1437
330
1F
100
AcDbEntity
  8
3G
100
AcDbPolyline
 90
        2
 70
     1
 43
53.45092536914545
 10
73357.28532299812
 20
41945.34032300341
 42
-1.0
 10
73312.45760506162
 20
41974.45178341713
 42
-1.0
  0
LWPOLYLINE
  5
1438
330
1F
100
AcDbEntity
  8
3G
100
AcDbPolyline
 90
        2
 70
     1
 43
53.45092536914545
 10
74554.44479491835
 20
41945.34032300335
 42
-1.0
 10
74509.6170769818
 20
41974.45178341708
 42
-1.0
  0
ARC
  5
1439
330
1F
100
AcDbEntity
  8
4C
100
AcDbCircle
 10
74555.82436270753
 20
41871.42152365492
 30
0.0
 40
0.5
100
AcDbArc
 50
270.0
 51
305.4676202352955
1001
ACAD
1000
ASC_BOUNDS
1002
{
1070
    19
1002
}
  0
LWPOLYLINE
  5
143A
330
1F
100
AcDbEntity
  8
3G
100
AcDbPolyline
 90
        2
 70
     1
 43
53.45092536914545
 10
73357.28532299812
 20
42277.56105262876
 42
1.0
 10
73312.45760506162
 20
42248.44959221505
 42
1.0
  0
LWPOLYLINE
  5
143B
330
1F
100
AcDbEntity
  8
3G
100
AcDbPolyline
 90
        2
 70
     1
 43
53.45092536914545
 10
74554.44479491832
 20
42277.56105262876
 42
1.0
 10
74509.6170769818
 20
42248.44959221505
 42
1.0
  0
LWPOLYLINE
  5
143C
330
1F
100
AcDbEntity
  8
3G
100
AcDbPolyline
 90
        2
 70
     1
 43
53.45092536914545
 10
75413.13126509771
 20
42976.9586033106
 42
-1.0
 10
75414.99667549146
 20
42923.54023880099
 42
-1.0
  0
LWPOLYLINE
  5
143D
330
1F
100
AcDbEntity
  8
3G
100
AcDbPolyline
 90
        2
 70
     1
 43
53.45092536914545
 10
75582.59109815754
 20
42739.10045976807
 42
-1.0
 10
75584.45650855128
 20
42685.68209525846
 42
-1.0
  0
ARC
  5
143E
330
1F
100
AcDbEntity
  8
4C
100
AcDbCircle
 10
75322.84564407722
 20
42352.47985197727
 30
0.0
 40
0.5
100
AcDbArc
 50
270.0
 51
305.4676202352955
1001
ACAD
1000
ASC_BOUNDS
1002
{
1070
    19
1002
}
  0
LINE
  5
143F
330
1F
100
AcDbEntity
  8
7W
 62
     8
100
AcDbLine
 10
78873.01933772195
 20
42550.47016943968
 30
0.0
 11
78189.38331033706
 21
42550.47016943966
 31
0.0
  0
TEXT
  5
1440
330
1F
100
AcDbEntity
  8
TG
100
AcDbText
 10
85078.80112483173
 20
40400.41342547026
 30
0.0
 40
250.0
  1
OR WALL)
  7
100CL
 11
85078.80112483173
 21
40525.41342547026
 31
0.0
100
AcDbText
 73
     2
  0
LINE
  5
1441
330
1F
100
AcDbEntity
  8
2Y
100
AcDbLine
 10
86554.50726607369
 20
42946.40740883505
 30
0.0
 11
86554.50726607369
 21
41803.02118606558
 31
0.0
  0
LWPOLYLINE
  5
1442
330
1F
100
AcDbEntity
  8
1R
100
AcDbPolyline
 90
        2
 70
     0
 43
78.125
 10
86268.82851365618
 20
42761.718797708
 10
86554.50726607368
 20
42946.40740883505
  0
LWPOLYLINE
  5
1443
330
1F
100
AcDbEntity
  8
1R
100
AcDbPolyline
 90
        2
 70
     0
 43
78.125
 10
86840.18601849119
 20
42761.718797708
 10
86554.50726607368
 20
42946.40740883505
  0
LINE
  5
1444
330
1F
100
AcDbEntity
  8
7W
 62
     8
100
AcDbLine
 10
86766.29897531748
 20
43161.43561662919
 30
0.0
 11
86347.60121903571
 21
43161.43561662919
 31
0.0
  0
LINE
  5
1445
330
1F
100
AcDbEntity
  8
7W
 62
     8
100
AcDbLine
 10
87181.49842361183
 20
51170.01662057242
 30
0.0
 11
86811.50276605841
 21
51170.01662057242
 31
0.0
  0
LINE
  5
1446
330
1F
100
AcDbEntity
  8
7W
 62
     8
100
AcDbLine
 10
87181.49842361183
 20
43240.46567210952
 30
0.0
 11
86811.50276605841
 21
43240.46567210952
 31
0.0
  0
DIMENSION
  5
1447
330
1F
100
AcDbEntity
  8
TG
100
AcDbDimension
280
     0
  2
*D52
 10
75967.09582406194
 20
50389.53129352881
 30
0.0
 11
76716.08608057947
 21
51279.79847878163
 31
0.0
 70
    32
  1
L2/4
 71
     5
 42
2253.162797724697
 73
     0
 74
     0
 75
     0
  3
DIM100
100
AcDbAlignedDimension
 13
81460.54789678359
 23
46561.91988349831
 33
0.0
 14
79171.17516851585
 24
45892.20380973317
 34
0.0
 50
35.46762023577824
100
AcDbRotatedDimension
  0
LINE
  5
1448
330
1F
100
AcDbEntity
  8
4C
100
AcDbLine
 10
81226.7609607332
 20
47214.11353611014
 30
0.0
 11
79238.55176767131
 21
45797.6322968035
 31
0.0
1001
ACAD
1000
ASC_BOUNDS
1002
{
1070
    19
1002
}
  0
LINE
  5
1449
330
1F
100
AcDbEntity
  8
4C
100
AcDbLine
 10
80469.28743783045
 20
46742.8805928335
 30
0.0
 11
79579.49812362225
 21
46108.95843066378
 31
0.0
1001
ACAD
1000
ASC_BOUNDS
1002
{
1070
    19
1002
}
  0
LINE
  5
144A
330
1F
100
AcDbEntity
  8
7W
 62
     8
100
AcDbLine
 10
79193.1684291476
 20
45174.64047045653
 30
0.0
 11
80126.29318885677
 21
43558.42097683954
 31
0.0
  0
LINE
  5
144B
330
1F
100
AcDbEntity
  8
SHE
100
AcDbLine
 10
79861.91435673676
 20
46241.74120434607
 30
0.0
 11
80126.29318885677
 21
43558.42097683956
 31
0.0
  0
LINE
  5
144C
330
1F
100
AcDbEntity
  8
SHE
  6
HIDDEN
100
AcDbLine
 10
86033.76804273526
 20
47518.01178890457
 30
0.0
 11
79416.01926253509
 21
47518.01178890461
 31
0.0
1001
ACAD
1000
ASC_BOUNDS
1002
{
1070
    19
1002
}
  0
LINE
  5
144D
330
1F
100
AcDbEntity
  8
2Y
100
AcDbLine
 10
86167.39535615806
 20
47384.38447548173
 30
0.0
 11
79585.8438279249
 21
47384.38447548174
 31
0.0
1001
ACAD
1000
ASC_BOUNDS
1002
{
1070
    19
1002
}
  0
LINE
  5
144E
330
1F
100
AcDbEntity
  8
2Y
100
AcDbLine
 10
79821.66434328767
 20
46409.97410600128
 30
0.0
 11
79585.8438279249
 21
47384.38447548174
 31
0.0
1001
ACAD
1000
ASC_BOUNDS
1002
{
1070
    19
1002
}
  0
LINE
  5
144F
330
1F
100
AcDbEntity
  8
SHE
  6
HIDDEN
100
AcDbLine
 10
79651.83977789783
 20
46543.6014194242
 30
0.0
 11
79416.01926253509
 21
47518.01178890461
 31
0.0
1001
ACAD
1000
ASC_BOUNDS
1002
{
1070
    19
1002
}
  0
LINE
  5
1450
330
1F
100
AcDbEntity
  8
SHE
  6
HIDDEN
100
AcDbLine
 10
76916.42528647449
 20
44594.78068046654
 30
0.0
 11
75312.89752540009
 21
44594.78068046591
 31
0.0
1001
ACAD
1000
ASC_BOUNDS
1002
{
1070
    19
1002
}
  0
LINE
  5
1451
330
1F
100
AcDbEntity
  8
2Y
100
AcDbLine
 10
77086.24985186438
 20
44461.15336704375
 30
0.0
 11
75482.72209079001
 21
44461.15336704312
 31
0.0
1001
ACAD
1000
ASC_BOUNDS
1002
{
1070
    19
1002
}
  0
LINE
  5
1452
330
1F
100
AcDbEntity
  8
7W
 62
     8
100
AcDbLine
 10
77086.24985186433
 20
44461.15336704375
 30
0.0
 11
76403.01150751213
 21
45410.48031774336
 31
0.0
  0
LINE
  5
1453
330
1F
100
AcDbEntity
  8
2Y
100
AcDbLine
 10
75718.54260615251
 20
43486.74299756389
 30
0.0
 11
74115.01484507872
 21
43486.74299756389
 31
0.0
1001
ACAD
1000
ASC_BOUNDS
1002
{
1070
    19
1002
}
  0
LINE
  5
1454
330
1F
100
AcDbEntity
  8
SHE
  6
HIDDEN
100
AcDbLine
 10
75548.71804076267
 20
43620.37031098678
 30
0.0
 11
73945.19027968889
 21
43620.37031098678
 31
0.0
1001
ACAD
1000
ASC_BOUNDS
1002
{
1070
    19
1002
}
  0
LINE
  5
1455
330
1F
100
AcDbEntity
  8
7W
 62
     8
100
AcDbLine
 10
74523.28285358092
 20
43361.95447948826
 30
0.0
 11
73680.7265085633
 21
44821.30487729838
 31
0.0
  0
LINE
  5
1456
330
1F
100
AcDbEntity
  8
2Y
100
AcDbLine
 10
75718.54260615251
 20
43486.74299756389
 30
0.0
 11
75482.72209079001
 21
44461.15336704312
 31
0.0
1001
ACAD
1000
ASC_BOUNDS
1002
{
1070
    19
1002
}
  0
LINE
  5
1457
330
1F
100
AcDbEntity
  8
SHE
  6
HIDDEN
100
AcDbLine
 10
75548.71804076267
 20
43620.37031098678
 30
0.0
 11
75312.89752540009
 21
44594.78068046591
 31
0.0
1001
ACAD
1000
ASC_BOUNDS
1002
{
1070
    19
1002
}
  0
LWPOLYLINE
  5
1458
330
1F
100
AcDbEntity
  8
3G
100
AcDbPolyline
 90
        2
 70
     1
 43
53.45092536914545
 10
75722.89717279436
 20
44237.7012699072
 42
1.0
 10
75767.72489073094
 20
44266.8127303209
 42
1.0
  0
LINE
  5
1459
330
1F
100
AcDbEntity
  8
2Y
100
AcDbLine
 10
77086.24985186438
 20
44461.15336704375
 30
0.0
 11
76850.42933650181
 21
45435.56373652219
 31
0.0
1001
ACAD
1000
ASC_BOUNDS
1002
{
1070
    19
1002
}
  0
LINE
  5
145A
330
1F
100
AcDbEntity
  8
SHE
  6
HIDDEN
100
AcDbLine
 10
76916.42528647449
 20
44594.78068046654
 30
0.0
 11
76680.60477111189
 21
45569.19104994507
 31
0.0
1001
ACAD
1000
ASC_BOUNDS
1002
{
1070
    19
1002
}
  0
LWPOLYLINE
  5
145B
330
1F
100
AcDbEntity
  8
3G
100
AcDbPolyline
 90
        2
 70
     1
 43
53.45092536914545
 10
77090.60441850632
 20
45212.11163938628
 42
1.0
 10
77135.4321364428
 20
45241.2230998
 42
1.0
  0
SOLID
  5
145C
330
1F
100
AcDbEntity
  8
7W
 62
     8
100
AcDbTrace
 10
77706.43713346819
 20
43499.4574850991
 30
0.0
 11
77609.00927554248
 21
43443.20748509889
 31
0.0
 12
77488.97320450472
 22
43763.61605887613
 32
0.0
 13
77488.97320450472
 23
43763.61605887613
 33
0.0
  0
LWPOLYLINE
  5
145D
330
1F
100
AcDbEntity
  8
3G
100
AcDbPolyline
 90
        2
 70
     1
 43
53.45092536914545
 10
76888.57396130758
 20
43669.53586413258
 42
-1.0
 10
76890.43937170119
 20
43616.11749962296
 42
-1.0
  0
SOLID
  5
145E
330
1F
100
AcDbEntity
  8
7W
 62
     8
100
AcDbTrace
 10
76951.58757141827
 20
44733.85479759567
 30
0.0
 11
76870.42290639857
 21
44675.43992661036
 31
0.0
 12
77086.24985186438
 22
44461.15336704376
 32
0.0
 13
77086.24985186438
 23
44461.15336704376
 33
0.0
  0
LWPOLYLINE
  5
145F
330
1F
100
AcDbEntity
  8
3G
100
AcDbPolyline
 90
        2
 70
     1
 43
53.45092536914545
 10
78194.55682445739
 20
44599.97126849709
 42
-1.0
 10
78196.42223485108
 20
44546.55290398747
 42
-1.0
  0
SOLID
  5
1460
330
1F
100
AcDbEntity
  8
7W
 62
     8
100
AcDbTrace
 10
79410.63235811106
 20
44910.4818966795
 30
0.0
 11
79313.20450018535
 21
44854.2318966793
 31
0.0
 12
79193.1684291476
 22
45174.64047045653
 32
0.0
 13
79193.1684291476
 23
45174.64047045653
 33
0.0
  0
LINE
  5
1461
330
1F
100
AcDbEntity
  8
2Y
100
AcDbLine
 10
78453.95709757551
 20
45435.56373652219
 30
0.0
 11
78218.13658221296
 21
46409.97410600189
 31
0.0
1001
ACAD
1000
ASC_BOUNDS
1002
{
1070
    19
1002
}
  0
LINE
  5
1462
330
1F
100
AcDbEntity
  8
2Y
100
AcDbLine
 10
78453.95709757551
 20
45435.56373652219
 30
0.0
 11
76850.42933650181
 21
45435.56373652219
 31
0.0
1001
ACAD
1000
ASC_BOUNDS
1002
{
1070
    19
1002
}
  0
LINE
  5
1463
330
1F
100
AcDbEntity
  8
SHE
  6
HIDDEN
100
AcDbLine
 10
79651.83977789783
 20
46543.6014194242
 30
0.0
 11
78048.31201682316
 21
46543.60141942484
 31
0.0
1001
ACAD
1000
ASC_BOUNDS
1002
{
1070
    19
1002
}
  0
LINE
  5
1464
330
1F
100
AcDbEntity
  8
2Y
100
AcDbLine
 10
79821.66434328767
 20
46409.97410600128
 30
0.0
 11
78218.13658221296
 21
46409.97410600189
 31
0.0
1001
ACAD
1000
ASC_BOUNDS
1002
{
1070
    19
1002
}
  0
LINE
  5
1465
330
1F
100
AcDbEntity
  8
SHE
  6
HIDDEN
100
AcDbLine
 10
78284.13253218562
 20
45569.19104994507
 30
0.0
 11
78048.31201682316
 21
46543.60141942484
 31
0.0
1001
ACAD
1000
ASC_BOUNDS
1002
{
1070
    19
1002
}
  0
LINE
  5
1466
330
1F
100
AcDbEntity
  8
SHE
  6
HIDDEN
100
AcDbLine
 10
78284.13253218562
 20
45569.19104994507
 30
0.0
 11
76680.60477111189
 21
45569.19104994507
 31
0.0
1001
ACAD
1000
ASC_BOUNDS
1002
{
1070
    19
1002
}
  0
LWPOLYLINE
  5
1467
330
1F
100
AcDbEntity
  8
3G
100
AcDbPolyline
 90
        2
 70
     1
 43
53.45092536914545
 10
78458.31166421744
 20
46186.52200886599
 42
1.0
 10
78503.13938215392
 20
46215.63346927971
 42
1.0
  0
SOLID
  5
1468
330
1F
100
AcDbEntity
  8
7W
 62
     8
100
AcDbTrace
 10
79931.96087664802
 20
45906.83256374659
 30
0.0
 11
79819.55555970166
 21
45902.21794326724
 31
0.0
 12
79861.91435673676
 22
46241.74120434607
 32
0.0
 13
79861.91435673676
 23
46241.74120434607
 33
0.0
  0
LWPOLYLINE
  5
1469
330
1F
100
AcDbEntity
  8
3G
100
AcDbPolyline
 90
        2
 70
     1
 43
53.45092536914545
 10
79500.53968760735
 20
45530.4066728616
 42
-1.0
 10
79502.40509800104
 20
45476.98830835199
 42
-1.0
  0
LWPOLYLINE
  5
146A
330
1F
100
AcDbEntity
  8
3G
100
AcDbPolyline
 90
        2
 70
     1
 43
53.45092536914545
 10
79332.67189457887
 20
45766.03018841328
 42
-1.0
 10
79334.5373049725
 20
45712.61182390367
 42
-1.0
  0
LWPOLYLINE
  5
146B
330
1F
100
AcDbEntity
  8
3G
100
AcDbPolyline
 90
        2
 70
     1
 43
53.45092536914545
 10
79826.01890992941
 20
47160.93237834583
 42
1.0
 10
79870.84662786589
 20
47190.04383875954
 42
1.0
  0
LINE
  5
146C
330
1F
100
AcDbEntity
  8
2Y
100
AcDbLine
 10
86969.15923644686
 20
51170.01662057242
 30
0.0
 11
86969.15923644658
 21
43240.46567210952
 31
0.0
1001
ACAD
1000
ASC_BOUNDS
1002
{
1070
    19
1002
}
  0
LINE
  5
146D
330
1F
100
AcDbEntity
  8
4C
100
AcDbLine
 10
86836.32307040264
 20
47433.12208471634
 30
0.0
 11
86836.32307040255
 21
46796.42429642111
 31
0.0
1001
ACAD
1000
ASC_BOUNDS
1002
{
1070
    19
1002
}
  0
LINE
  5
146E
330
1F
100
AcDbEntity
  8
7W
 62
     8
100
AcDbLine
 10
83959.27750939719
 20
47224.0316993743
 30
0.0
 11
83013.29586102601
 21
48862.51997738114
 31
0.0
  0
LINE
  5
146F
330
1F
100
AcDbEntity
  8
7W
 62
     8
100
AcDbLine
 10
85092.38181574438
 20
47210.4205996194
 30
0.0
 11
84138.54179526571
 21
48862.51997738113
 31
0.0
  0
LINE
  5
1470
330
1F
100
AcDbEntity
  8
7W
 62
     8
100
AcDbLine
 10
84138.54179526571
 20
48862.51997738113
 30
0.0
 11
84820.83108877843
 21
46785.28735653001
 31
0.0
  0
SOLID
  5
1471
330
1F
100
AcDbEntity
  8
7W
 62
     8
100
AcDbTrace
 10
83765.97623920728
 20
47458.83932050975
 30
0.0
 11
83852.57877958581
 21
47508.83932050998
 31
0.0
 12
83959.27750939721
 22
47224.0316993743
 32
0.0
 13
83959.27750939721
 23
47224.0316993743
 33
0.0
  0
TEXT
  5
1472
330
1F
100
AcDbEntity
  8
TG
100
AcDbText
 10
80878.62498557576
 20
43433.42097683958
 30
0.0
 40
250.0
  1
MAIN REINF. (a)
  7
100CL
 72
     2
 11
83914.33927129005
 21
43558.42097683958
 31
0.0
100
AcDbText
 73
     2
  0
LINE
  5
1473
330
1F
100
AcDbEntity
  8
4C
100
AcDbLine
 10
83709.03399332203
 20
47291.41779565258
 30
0.0
 11
82181.42419510506
 21
47291.4177956526
 31
0.0
1001
ACAD
1000
ASC_BOUNDS
1002
{
1070
    19
1002
}
  0
LINE
  5
1474
330
1F
100
AcDbEntity
  8
2Y
100
AcDbLine
 10
86167.39535615806
 20
46582.62059494454
 30
0.0
 11
81445.79986649288
 21
46582.62059494457
 31
0.0
1001
ACAD
1000
ASC_BOUNDS
1002
{
1070
    19
1002
}
  0
LINE
  5
1475
330
1F
100
AcDbEntity
  8
4C
100
AcDbLine
 10
86829.9259987458
 20
47224.03169937427
 30
0.0
 11
81257.77547421202
 21
47224.0316993743
 31
0.0
1001
ACAD
1000
ASC_BOUNDS
1002
{
1070
    19
1002
}
  0
LINE
  5
1476
330
1F
100
AcDbEntity
  8
4C
100
AcDbLine
 10
86782.87214503342
 20
46742.97337105199
 30
0.0
 11
80469.57755921996
 21
46742.97337105198
 31
0.0
1001
ACAD
1000
ASC_BOUNDS
1002
{
1070
    19
1002
}
  0
LINE
  5
1477
330
1F
100
AcDbEntity
  8
7W
 62
     8
100
AcDbLine
 10
80126.29318885677
 20
43558.42097683956
 30
0.0
 11
80799.90800508808
 21
43558.42097683958
 31
0.0
  0
LWPOLYLINE
  5
1478
330
1F
100
AcDbEntity
  8
3G
100
AcDbPolyline
 90
        2
 70
     1
 43
53.45092536914545
 10
80806.52255075724
 20
46460.84207722612
 42
-1.0
 10
80808.38796115083
 20
46407.4237127165
 42
-1.0
  0
ARC
  5
1479
330
1F
100
AcDbEntity
  8
4C
100
AcDbCircle
 10
80469.57755921996
 20
46742.47337105198
 30
0.0
 40
0.5
100
AcDbArc
 50
90.0
 51
125.4676202352954
1001
ACAD
1000
ASC_BOUNDS
1002
{
1070
    19
1002
}
  0
LWPOLYLINE
  5
147A
330
1F
100
AcDbEntity
  8
3G
100
AcDbPolyline
 90
        2
 70
     1
 43
53.45092536914545
 10
80638.65475772876
 20
46696.46559277766
 42
-1.0
 10
80640.5201681224
 20
46643.04722826805
 42
-1.0
  0
LWPOLYLINE
  5
147B
330
1F
100
AcDbEntity
  8
3G
100
AcDbPolyline
 90
        2
 70
     1
 43
53.45092536914545
 10
81778.2476480932
 20
47121.10233709842
 42
-1.0
 10
81733.41993015673
 20
47150.21379751211
 42
-1.0
  0
LWPOLYLINE
  5
147C
330
1F
100
AcDbEntity
  8
3G
100
AcDbPolyline
 90
        2
 70
     1
 43
53.45092536914545
 10
81778.2476480932
 20
46817.39217040045
 42
-1.0
 10
81733.41993015673
 20
46846.50363081417
 42
-1.0
  0
ARC
  5
147D
330
1F
100
AcDbEntity
  8
4C
100
AcDbCircle
 10
81257.77547421202
 20
47170.58077400515
 30
0.0
 40
53.45092536914545
100
AcDbArc
 50
90.0
 51
125.4676202352954
1001
ACAD
1000
ASC_BOUNDS
1002
{
1070
    19
1002
}
  0
ARC
  5
147E
330
1F
100
AcDbEntity
  8
4C
100
AcDbCircle
 10
82181.42419510506
 20
47237.96687028344
 30
0.0
 40
53.45092536914545
100
AcDbArc
 50
90.0
 51
125.4676202352954
1001
ACAD
1000
ASC_BOUNDS
1002
{
1070
    19
1002
}
  0
LWPOLYLINE
  5
147F
330
1F
100
AcDbEntity
  8
3G
100
AcDbPolyline
 90
        2
 70
     1
 43
53.45092536914545
 10
82847.26615547615
 20
47121.10233709842
 42
-1.0
 10
82802.43843753957
 20
47150.21379751211
 42
-1.0
  0
LWPOLYLINE
  5
1480
330
1F
100
AcDbEntity
  8
3G
100
AcDbPolyline
 90
        2
 70
     1
 43
53.45092536914545
 10
82847.26615547615
 20
46817.39217040045
 42
-1.0
 10
82802.43843753957
 20
46846.50363081417
 42
-1.0
  0
LINE
  5
1481
330
1F
100
AcDbEntity
  8
2Y
100
AcDbLine
 10
86167.39535615806
 20
46582.62059494454
 30
0.0
 11
86167.39535615806
 21
43240.46567210952
 31
0.0
1001
ACAD
1000
ASC_BOUNDS
1002
{
1070
    19
1002
}
  0
LINE
  5
1482
330
1F
100
AcDbEntity
  8
7W
 62
     8
100
AcDbLine
 10
86287.32939998128
 20
43240.46567210952
 30
0.0
 11
85852.16158532931
 21
43240.46567210952
 31
0.0
  0
LINE
  5
1483
330
1F
100
AcDbEntity
  8
7W
 62
     8
100
AcDbLine
 10
86811.50276605841
 20
43240.46567210952
 30
0.0
 11
86701.3394909757
 21
43333.40371119565
 31
0.0
  0
LINE
  5
1484
330
1F
100
AcDbEntity
  8
7W
 62
     8
100
AcDbLine
 10
86287.32939998128
 20
43240.46567210952
 30
0.0
 11
86397.49267506395
 21
43333.40371119565
 31
0.0
  0
LINE
  5
1485
330
1F
100
AcDbEntity
  8
7W
 62
     8
100
AcDbLine
 10
86457.76449411837
 20
43254.37365571533
 30
0.0
 11
86656.13570023484
 21
43254.37365571533
 31
0.0
  0
LINE
  5
1486
330
1F
100
AcDbEntity
  8
7W
 62
     8
100
AcDbLine
 10
86397.49267506395
 20
43333.40371119565
 30
0.0
 11
86701.3394909757
 21
43333.40371119565
 31
0.0
  0
LWPOLYLINE
  5
1487
330
1F
100
AcDbEntity
  8
3G
100
AcDbPolyline
 90
        2
 70
     1
 43
53.45092536914545
 10
83916.28466285908
 20
47121.10233709838
 42
-1.0
 10
83871.45694492259
 20
47150.21379751207
 42
-1.0
  0
LWPOLYLINE
  5
1488
330
1F
100
AcDbEntity
  8
3G
100
AcDbPolyline
 90
        2
 70
     1
 43
53.45092536914545
 10
83916.28466285908
 20
46817.39217040042
 42
-1.0
 10
83871.45694492259
 20
46846.50363081414
 42
-1.0
  0
LWPOLYLINE
  5
1489
330
1F
100
AcDbEntity
  8
3G
100
AcDbPolyline
 90
        2
 70
     1
 43
53.45092536914545
 10
84985.30317024195
 20
47121.10233709839
 42
-1.0
 10
84940.4754523055
 20
47150.21379751208
 42
-1.0
  0
LWPOLYLINE
  5
148A
330
1F
100
AcDbEntity
  8
3G
100
AcDbPolyline
 90
        2
 70
     1
 43
53.45092536914545
 10
84985.30317024195
 20
46817.39217040043
 42
-1.0
 10
84940.4754523055
 20
46846.50363081415
 42
-1.0
  0
CIRCLE
  5
148B
330
1F
100
AcDbEntity
  8
7W
 62
     8
100
AcDbCircle
 10
84962.88931127372
 20
47135.65806730525
 30
0.0
 40
149.5250646283481
  0
CIRCLE
  5
148C
330
1F
100
AcDbEntity
  8
7W
 62
     8
100
AcDbCircle
 10
84962.88931127372
 20
46831.9479006073
 30
0.0
 40
149.5250646283481
  0
LWPOLYLINE
  5
148D
330
1F
100
AcDbEntity
  8
3G
100
AcDbPolyline
 90
        2
 70
     1
 43
53.45092536914545
 10
86054.3216776249
 20
47121.10233709839
 42
-1.0
 10
86009.49395968834
 20
47150.21379751208
 42
-1.0
  0
LWPOLYLINE
  5
148E
330
1F
100
AcDbEntity
  8
3G
100
AcDbPolyline
 90
        2
 70
     1
 43
53.45092536914545
 10
86054.3216776249
 20
46817.39217040043
 42
-1.0
 10
86009.49395968834
 20
46846.50363081415
 42
-1.0
  0
LINE
  5
148F
330
1F
100
AcDbEntity
  8
4C
100
AcDbLine
 10
86883.37692411485
 20
47170.58077400511
 30
0.0
 11
86883.37692411476
 21
46597.16054335553
 31
0.0
1001
ACAD
1000
ASC_BOUNDS
1002
{
1070
    19
1002
}
  0
ARC
  5
1490
330
1F
100
AcDbEntity
  8
4C
100
AcDbCircle
 10
86782.87214503342
 20
46796.42429642113
 30
0.0
 40
53.45092536914545
100
AcDbArc
 50
270.0
 51
0.0
1001
ACAD
1000
ASC_BOUNDS
1002
{
1070
    19
1002
}
  0
ARC
  5
1491
330
1F
100
AcDbEntity
  8
4C
100
AcDbCircle
 10
86829.9259987458
 20
47170.58077400513
 30
0.0
 40
53.45092536914545
100
AcDbArc
 50
0.0
 51
90.0
1001
ACAD
1000
ASC_BOUNDS
1002
{
1070
    19
1002
}
  0
TEXT
  5
1492
330
1F
100
AcDbEntity
  8
TG
100
AcDbText
 10
81688.94252015086
 20
48763.6069075733
 30
0.0
 40
250.0
  1
"a"
  7
100CL
 11
81688.94252015086
 21
48888.6069075733
 31
0.0
100
AcDbText
 73
     2
  0
LINE
  5
1493
330
1F
100
AcDbEntity
  8
7W
 62
     8
100
AcDbLine
 10
82453.50733735476
 20
48862.51997738114
 30
0.0
 11
83013.29586102601
 21
48862.51997738114
 31
0.0
  0
LINE
  5
1494
330
1F
100
AcDbEntity
  8
SHE
  6
HIDDEN
100
AcDbLine
 10
86033.76804273526
 20
47518.01178890457
 30
0.0
 11
86033.76804273526
 21
51170.01662057242
 31
0.0
  0
LINE
  5
1495
330
1F
100
AcDbEntity
  8
2Y
100
AcDbLine
 10
86167.39535615806
 20
47384.38447548173
 30
0.0
 11
86167.39535615806
 21
51170.01662057242
 31
0.0
  0
LINE
  5
1496
330
1F
100
AcDbEntity
  8
7W
 62
     8
100
AcDbLine
 10
84138.54179526571
 20
48862.51997738113
 30
0.0
 11
84639.80323326852
 21
48862.51997738112
 31
0.0
  0
TEXT
  5
1497
330
1F
100
AcDbEntity
  8
TG
100
AcDbText
 10
84641.25944305484
 20
48763.60690757328
 30
0.0
 40
250.0
  1
"b"
  7
100CL
 11
84641.25944305484
 21
48888.60690757328
 31
0.0
100
AcDbText
 73
     2
  0
LINE
  5
1498
330
1F
100
AcDbEntity
  8
7W
 62
     8
100
AcDbLine
 10
86287.32939998128
 20
51170.01662057242
 30
0.0
 11
85852.16158532931
 21
51170.01662057242
 31
0.0
  0
LINE
  5
1499
330
1F
100
AcDbEntity
  8
7W
 62
     8
100
AcDbLine
 10
86766.29897531748
 20
51249.04667605274
 30
0.0
 11
86656.13570023484
 21
51156.10863696661
 31
0.0
  0
LINE
  5
149A
330
1F
100
AcDbEntity
  8
7W
 62
     8
100
AcDbLine
 10
86811.50276605841
 20
51170.01662057242
 30
0.0
 11
86701.3394909757
 21
51077.07858148629
 31
0.0
  0
LINE
  5
149B
330
1F
100
AcDbEntity
  8
7W
 62
     8
100
AcDbLine
 10
86347.60121903571
 20
51249.04667605274
 30
0.0
 11
86457.76449411837
 21
51156.10863696661
 31
0.0
  0
LINE
  5
149C
330
1F
100
AcDbEntity
  8
7W
 62
     8
100
AcDbLine
 10
86287.32939998128
 20
51170.01662057242
 30
0.0
 11
86397.49267506395
 21
51077.07858148629
 31
0.0
  0
LINE
  5
149D
330
1F
100
AcDbEntity
  8
7W
 62
     8
100
AcDbLine
 10
86457.76449411837
 20
51156.10863696661
 30
0.0
 11
86656.13570023484
 21
51156.10863696661
 31
0.0
  0
LINE
  5
149E
330
1F
100
AcDbEntity
  8
7W
 62
     8
100
AcDbLine
 10
86766.29897531748
 20
51249.04667605274
 30
0.0
 11
86347.60121903571
 21
51249.04667605274
 31
0.0
  0
LINE
  5
149F
330
1F
100
AcDbEntity
  8
7W
 62
     8
100
AcDbLine
 10
86397.49267506395
 20
51077.07858148629
 30
0.0
 11
86701.3394909757
 21
51077.07858148629
 31
0.0
  0
INSERT
  5
14A0
330
1F
100
AcDbEntity
  8
TITLE
100
AcDbBlockReference
 66
     1
  2
CIR
 10
39126.82095462137
 20
1530.043114234746
 30
0.0
 41
1000.0
 42
1000.0
 43
1000.0
  0
ATTRIB
  5
14A1
330
14A0
100
AcDbEntity
  8
TITLE
 62
     5
100
AcDbText
 10
38891.10666890709
 20
1780.5050701737
 30
0.0
 40
450.0
  1
B
  7
175CL
 72
     4
 11
39126.82095462137
 21
2005.5050701737
 31
0.0
100
AcDbAttribute
280
     0
  2
A
 70
     0
280
     0
  0
ATTRIB
  5
14A2
330
14A0
100
AcDbEntity
  8
TITLE
 62
     2
100
AcDbText
 10
38268.30640044862
 20
1062.230531820847
 30
0.0
 40
250.0
  1

 41
0.8491438225030222
  7
S-TAKEN
 72
     5
 11
39046.68823774305
 21
1062.230531820847
 31
0.0
100
AcDbAttribute
280
     0
  2
S-1
 70
     0
280
     0
  0
ATTRIB
  5
14A3
330
14A0
100
AcDbEntity
  8
TITLE
 62
     2
100
AcDbText
 10
39173.37314391236
 20
1062.230531820847
 30
0.0
 40
250.0
  1

 41
0.842709189910103
  7
S-TAKEN
 72
     5
 11
39945.85656799662
 21
1062.230531820847
 31
0.0
100
AcDbAttribute
280
     0
  2
S-1
 70
     0
280
     0
  0
SEQEND
  5
14A4
330
14A0
100
AcDbEntity
  8
TITLE
  0
INSERT
  5
14A5
330
1F
100
AcDbEntity
  8
TITLE
100
AcDbBlockReference
 66
     1
  2
CIR
 10
38410.91065123501
 20
29109.87136922145
 30
0.0
 41
1000.0
 42
1000.0
 43
1000.0
  0
ATTRIB
  5
14A6
330
14A5
100
AcDbEntity
  8
TITLE
 62
     5
100
AcDbText
 10
38218.05350837787
 20
29360.3333251604
 30
0.0
 40
450.0
  1
A
  7
175CL
 72
     4
 11
38410.91065123501
 21
29585.3333251604
 31
0.0
100
AcDbAttribute
280
     0
  2
A
 70
     0
280
     0
  0
ATTRIB
  5
14A7
330
14A5
100
AcDbEntity
  8
TITLE
 62
     2
100
AcDbText
 10
37552.39609706226
 20
28642.05878680754
 30
0.0
 40
250.0
  1

 41
1.362168215265264
  7
S-TAKEN
 72
     5
 11
38330.77793435669
 21
28642.05878680754
 31
0.0
100
AcDbAttribute
280
     0
  2
S-1
 70
     0
280
     0
  0
ATTRIB
  5
14A8
330
14A5
100
AcDbEntity
  8
TITLE
 62
     2
100
AcDbText
 10
38457.462840526
 20
28642.05878680754
 30
0.0
 40
250.0
  1

 41
1.351845992147457
  7
S-TAKEN
 72
     5
 11
39229.94626461026
 21
28642.05878680754
 31
0.0
100
AcDbAttribute
280
     0
  2
S-1
 70
     0
280
     0
  0
SEQEND
  5
14A9
330
14A5
100
AcDbEntity
  8
TITLE
  0
HATCH
  5
14AA
330
1F
100
AcDbEntity
  8
1R
100
AcDbHatch
 10
0.0
 20
0.0
 30
0.0
210
0.0
220
0.0
230
1.0
  2
_U
 70
     0
 71
     0
 91
        4
 92
        1
 93
        4
 72
     1
 10
40734.0062133113
 20
16186.5298302788
 11
39984.15222487995
 21
16186.5298302788
 72
     1
 10
39984.15222487995
 20
16186.5298302788
 11
39984.15222487995
 21
18186.14046609579
 72
     1
 10
39984.15222487995
 20
18186.14046609579
 11
40734.0062133113
 21
18186.14046609579
 72
     1
 10
40734.0062133113
 20
18186.14046609579
 11
40734.0062133113
 21
16186.5298302788
 97
        0
 92
        1
 93
        4
 72
     1
 10
39984.15222487966
 20
14436.870523939
 11
40734.00621331122
 21
14436.870523939
 72
     1
 10
40734.00621331122
 20
14436.870523939
 11
40734.00621331122
 21
15936.57850080168
 72
     1
 10
40734.00621331122
 20
15936.57850080168
 11
39984.15222487966
 21
15936.57850080168
 72
     1
 10
39984.15222487966
 20
15936.57850080168
 11
39984.15222487966
 21
14436.870523939
 97
        0
 92
        1
 93
        4
 72
     1
 10
40734.00621331107
 20
11437.45457021347
 11
39984.15222487966
 21
11437.45457021347
 72
     1
 10
39984.15222487966
 20
11437.45457021347
 11
39984.15222487966
 21
9437.843934396502
 72
     1
 10
39984.15222487966
 20
9437.843934396502
 11
40734.00621331107
 21
9437.843934396502
 72
     1
 10
40734.00621331107
 20
9437.843934396502
 11
40734.00621331107
 21
11437.45457021347
 97
        0
 92
        1
 93
        4
 72
     1
 10
40734.00621331108
 20
9187.892604919385
 11
39984.15222487966
 21
9187.892604919385
 72
     1
 10
39984.15222487966
 20
9187.892604919385
 11
39984.15222487966
 21
7188.281969102397
 72
     1
 10
39984.15222487966
 20
7188.281969102397
 11
40734.00621331108
 21
7188.281969102397
 72
     1
 10
40734.00621331108
 20
7188.281969102397
 11
40734.00621331108
 21
9187.892604919385
 97
        0
 75
     0
 76
     0
 52
45.0
 41
500.0
 77
     1
 78
     2
 53
45.0
 43
0.0002087538596243
 44
0.0000742206757423
 45
-353.5533905932737
 46
353.5533905932738
 79
     0
 53
135.0
 43
0.0002087538596243
 44
0.0000742206757423
 45
-353.5533905932738
 46
-353.5533905932737
 79
     0
 98
        1
 10
0.0002087538596243
 20
0.0000742206757423
1001
ACAD
1010
0.0
1020
0.0
1030
0.0
  0
LINE
  5
14AB
330
1F
100
AcDbEntity
  8
2Y
100
AcDbLine
 10
39984.15222487967
 20
13687.01653550763
 30
0.0
 11
39984.15222487966
 21
11687.40589969059
 31
0.0
  0
LWPOLYLINE
  5
14AC
330
1F
100
AcDbEntity
  8
TC
100
AcDbPolyline
 90
        8
 70
     1
 43
0.0
 10
40559.00621331107
 20
11762.40589969059
 10
40159.15222487966
 20
11762.40589969059
 42
-0.4142135623730951
 10
40059.15222487966
 20
11862.40589969059
 10
40059.15222487966
 20
14261.870523939
 42
-0.4142135623730951
 10
40159.15222487966
 20
14361.870523939
 10
40559.00621331107
 20
14361.870523939
 42
-0.4142135623730951
 10
40659.00621331107
 20
14261.870523939
 10
40659.00621331107
 20
11862.40589969059
 42
-0.4142135623730951
  0
LWPOLYLINE
  5
14AD
330
1F
100
AcDbEntity
  8
3G
100
AcDbPolyline
 90
        2
 70
     1
 43
75.0
 10
40121.65222487967
 20
14233.53520404812
 42
1.0
 10
40196.65222487967
 20
14233.53520404812
 42
1.0
  0
LWPOLYLINE
  5
14AE
330
1F
100
AcDbEntity
  8
3G
100
AcDbPolyline
 90
        2
 70
     1
 43
75.0
 10
40596.50621331106
 20
14233.53520404812
 42
-1.0
 10
40521.50621331106
 20
14233.53520404812
 42
-1.0
  0
LWPOLYLINE
  5
14AF
330
1F
100
AcDbEntity
  8
3G
100
AcDbPolyline
 90
        2
 70
     1
 43
75.0
 10
40121.65222487967
 20
11862.40589969059
 42
1.0
 10
40196.65222487967
 20
11862.40589969059
 42
1.0
  0
LWPOLYLINE
  5
14B0
330
1F
100
AcDbEntity
  8
3G
100
AcDbPolyline
 90
        2
 70
     1
 43
75.0
 10
40596.50621331106
 20
11862.40589969059
 42
-1.0
 10
40521.50621331106
 20
11862.40589969059
 42
-1.0
  0
LINE
  5
14B1
330
1F
100
AcDbEntity
  8
TC
100
AcDbLine
 10
40059.15222487966
 20
11877.40589969059
 30
0.0
 11
40271.28425923563
 21
12089.53793404655
 31
0.0
  0
LINE
  5
14B2
330
1F
100
AcDbEntity
  8
TC
100
AcDbLine
 10
40174.15222487967
 20
11762.40589969059
 30
0.0
 11
40386.28425923562
 21
11974.53793404654
 31
0.0
  0
DIMENSION
  5
14B3
102
{ACAD_XDICTIONARY
360
14B4
102
}
102
{ACAD_REACTORS
330
14B5
102
}
330
1F
100
AcDbEntity
  8
DIM
100
AcDbDimension
280
     0
  2
*D74
 10
41909.50975146652
 20
14431.87149734947
 30
0.0
 11
41909.50975146651
 21
13059.63869852003
 31
0.0
 70
   160
  1
VERIFY
 71
     5
 42
2744.465597658875
 73
     0
 74
     0
 75
     0
  3
DIM100
100
AcDbAlignedDimension
 13
40734.00621331115
 23
11687.40589969059
 33
0.0
 14
40734.00621331108
 24
14431.87149734946
 34
0.0
 50
90.0
100
AcDbRotatedDimension
  0
CIRCLE
  5
14B6
330
1F
100
AcDbEntity
  8
7W
 62
     8
100
AcDbCircle
 10
40559.00621331106
 20
14233.53520404812
 30
0.0
 40
178.8267006527184
  0
LWPOLYLINE
  5
14B7
330
1F
100
AcDbEntity
  8
7W
 62
     8
100
AcDbPolyline
 90
        3
 70
     0
 43
0.0
 10
40737.83291396377
 20
14233.53520404812
 10
41182.43762510816
 20
15104.45676401495
 10
42138.8651415756
 20
15104.45676401495
  0
TEXT
  5
14B8
330
1F
100
AcDbEntity
  8
TG
100
AcDbText
 10
42180.66363501822
 20
14592.89776620719
 30
0.0
 40
250.0
  1
ø10 @400 O.C.
 41
0.9
  7
100CL
 11
42180.66363501822
 21
14842.89776620719
 31
0.0
100
AcDbText
 73
     3
  0
TEXT
  5
14B9
330
1F
100
AcDbEntity
  8
TG
100
AcDbText
 10
42174.66165452568
 20
14982.86854535253
 30
0.0
 40
250.0
  1
4-ø12 W/
 41
0.9
  7
100CL
100
AcDbText
  0
LINE
  5
14BA
330
1F
100
AcDbEntity
  8
7W
 62
     8
100
AcDbLine
 10
40734.00621331108
 20
17606.09032818699
 30
0.0
 11
42112.45748769654
 21
17606.09032818699
 31
0.0
  0
SOLID
  5
14BB
330
1F
100
AcDbEntity
  8
7W
 62
     8
100
AcDbTrace
 10
41071.50621331096
 20
17662.34032818697
 30
0.0
 11
41071.50621331096
 21
17549.840328187
 31
0.0
 12
40734.00621331108
 22
17606.09032818699
 32
0.0
 13
40734.00621331108
 23
17606.09032818699
 33
0.0
  0
TEXT
  5
14BC
330
1F
100
AcDbEntity
  8
TG
100
AcDbText
 10
42113.36547540811
 20
17484.50210952457
 30
0.0
 40
250.0
  1
NON-LOAD CHB
  7
ROMANSIM
100
AcDbText
  0
DIMENSION
  5
14BD
102
{ACAD_XDICTIONARY
360
14BE
102
}
102
{ACAD_REACTORS
330
14BF
102
}
330
1F
100
AcDbEntity
  8
DIM
100
AcDbDimension
280
     0
  2
*D75
 10
41909.50975146652
 20
6938.330639625283
 30
0.0
 11
41684.50975146652
 21
9312.868269657926
 31
0.0
 70
    32
  1
MODULE OF 200mm
 71
     5
 42
4749.07526006531
 73
     0
 74
     0
 75
     0
  3
DIM100
100
AcDbAlignedDimension
 13
40734.00621331115
 23
11687.40589969059
 33
0.0
 14
40734.00621331108
 24
6938.330639625279
 34
0.0
 50
90.0
100
AcDbRotatedDimension
  0
DIMENSION
  5
14C0
102
{ACAD_XDICTIONARY
360
14C1
102
}
102
{ACAD_REACTORS
330
14C2
102
}
330
1F
100
AcDbEntity
  8
0
100
AcDbDimension
280
     0
  2
*D76
 10
12496.4078727266
 20
6938.330639625282
 30
0.0
 11
12280.4078727266
 21
6563.403645409592
 31
0.0
 70
    32
  1
250
 71
     5
 42
749.8539884313686
 73
     0
 74
     0
 75
     0
  3
DIM100
100
AcDbAlignedDimension
 13
14351.36328295841
 23
6188.47665119391
 33
0.0
 14
14351.36328295841
 24
6938.330639625279
 34
0.0
 50
90.0
100
AcDbRotatedDimension
1001
ACAD
1000
DSTYLE
1002
{
1070
    40
1040
96.0
1002
}
  0
DIMENSION
  5
14C3
330
1F
100
AcDbEntity
  8
DIM
100
AcDbDimension
280
     0
  2
*D51
 10
75409.8951310917
 20
6938.330639625378
 30
0.0
 11
75184.89513109169
 21
7577.61635391107
 31
0.0
 70
    32
  1
250
 71
     5
 42
749.8539884313959
 73
     0
 74
     0
 75
     0
  3
DIM100
100
AcDbAlignedDimension
 13
73613.63242414669
 23
6188.476651193979
 33
0.0
 14
73613.63242414669
 24
6938.330639625374
 34
0.0
 50
90.0
100
AcDbRotatedDimension
  0
LINE
  5
14C4
330
1F
100
AcDbEntity
  8
0
100
AcDbLine
 10
45973.85052254138
 20
18935.99445452717
 30
0.0
 11
41983.76286069676
 21
18935.99445452717
 31
0.0
  0
HATCH
  5
14C5
330
1F
100
AcDbEntity
  8
1R
100
AcDbHatch
 10
0.0
 20
0.0
 30
0.0
210
0.0
220
0.0
230
1.0
  2
_U
 70
     0
 71
     0
 91
        4
 92
        1
 93
        4
 72
     1
 10
47223.60716992684
 20
16186.5298302788
 11
47973.46115835819
 21
16186.5298302788
 72
     1
 10
47973.46115835819
 20
16186.5298302788
 11
47973.46115835819
 21
18186.14046609579
 72
     1
 10
47973.46115835819
 20
18186.14046609579
 11
47223.60716992684
 21
18186.14046609579
 72
     1
 10
47223.60716992684
 20
18186.14046609579
 11
47223.60716992684
 21
16186.5298302788
 97
        0
 92
        1
 93
        4
 72
     1
 10
47973.46115835848
 20
14436.870523939
 11
47223.60716992691
 21
14436.870523939
 72
     1
 10
47223.60716992691
 20
14436.870523939
 11
47223.60716992691
 21
15936.57850080168
 72
     1
 10
47223.60716992691
 20
15936.57850080168
 11
47973.46115835848
 21
15936.57850080168
 72
     1
 10
47973.46115835848
 20
15936.57850080168
 11
47973.46115835848
 21
14436.870523939
 97
        0
 92
        1
 93
        4
 72
     1
 10
47223.60716992707
 20
11437.45457021347
 11
47973.46115835848
 21
11437.45457021347
 72
     1
 10
47973.46115835848
 20
11437.45457021347
 11
47973.46115835848
 21
9437.843934396502
 72
     1
 10
47973.46115835848
 20
9437.843934396502
 11
47223.60716992707
 21
9437.843934396502
 72
     1
 10
47223.60716992707
 20
9437.843934396502
 11
47223.60716992707
 21
11437.45457021347
 97
        0
 92
        1
 93
        4
 72
     1
 10
47223.60716992706
 20
9187.892604919385
 11
47973.46115835848
 21
9187.892604919385
 72
     1
 10
47973.46115835848
 20
9187.892604919385
 11
47973.46115835848
 21
7188.281969102397
 72
     1
 10
47973.46115835848
 20
7188.281969102397
 11
47223.60716992706
 21
7188.281969102397
 72
     1
 10
47223.60716992706
 20
7188.281969102397
 11
47223.60716992706
 21
9187.892604919385
 97
        0
 75
     0
 76
     0
 52
45.0
 41
500.0
 77
     1
 78
     2
 53
135.0
 43
87957.61317448429
 44
0.0000742206757423
 45
353.5533905932737
 46
353.5533905932738
 79
     0
 53
45.0
 43
87957.61317448429
 44
0.0000742206757423
 45
353.5533905932738
 46
-353.5533905932737
 79
     0
 98
        1
 10
87957.61317448429
 20
0.0000742206757423
1001
ACAD
1010
0.0
1020
0.0
1030
0.0
  0
LINE
  5
14C6
330
1F
100
AcDbEntity
  8
2Y
100
AcDbLine
 10
47223.60716992706
 20
14431.87149734946
 30
0.0
 11
47223.60716992707
 21
11687.40589969059
 31
0.0
  0
LINE
  5
14C7
330
1F
100
AcDbEntity
  8
4C
100
AcDbLine
 10
47273.60716992706
 20
14216.30941859447
 30
0.0
 11
47273.60716992706
 21
13935.25718707577
 31
0.0
  0
LINE
  5
14C8
330
1F
100
AcDbEntity
  8
4C
100
AcDbLine
 10
47248.60716992707
 20
13964.61631270115
 30
0.0
 11
47248.60716992707
 21
14236.90946035724
 31
0.0
  0
LINE
  5
14C9
330
1F
100
AcDbEntity
  8
4C
100
AcDbLine
 10
47323.59743582246
 20
13848.67150704
 30
0.0
 11
47287.00202168134
 21
13885.26692118039
 31
0.0
  0
LINE
  5
14CA
330
1F
100
AcDbEntity
  8
4C
100
AcDbLine
 10
47287.00202168134
 20
13885.26692118039
 30
0.0
 11
47273.60716992706
 21
13935.25718707581
 31
0.0
  0
LINE
  5
14CB
330
1F
100
AcDbEntity
  8
4C
100
AcDbLine
 10
47373.58770171793
 20
13835.27665528496
 30
0.0
 11
47323.59743582246
 21
13848.67150704
 31
0.0
  0
LINE
  5
14CC
330
1F
100
AcDbEntity
  8
4C
100
AcDbLine
 10
47262.00202168142
 20
14286.89972625273
 30
0.0
 11
47248.60716992707
 21
14236.90946035724
 31
0.0
  0
LINE
  5
14CD
330
1F
100
AcDbEntity
  8
4C
100
AcDbLine
 10
47348.58770171793
 20
14336.88999214816
 30
0.0
 11
47298.59743582246
 21
14323.49514039305
 31
0.0
  0
LINE
  5
14CE
330
1F
100
AcDbEntity
  8
4C
100
AcDbLine
 10
47298.59743582246
 20
14323.49514039305
 30
0.0
 11
47262.00202168142
 21
14286.89972625273
 31
0.0
  0
LINE
  5
14CF
330
1F
100
AcDbEntity
  8
2Y
100
AcDbLine
 10
47973.46115835847
 20
13687.01653550763
 30
0.0
 11
47973.46115835848
 21
11687.40589969059
 31
0.0
  0
LWPOLYLINE
  5
14D0
330
1F
100
AcDbEntity
  8
TC
100
AcDbPolyline
 90
        8
 70
     1
 43
0.0
 10
47398.60716992707
 20
11762.40589969059
 10
47798.46115835848
 20
11762.40589969059
 42
0.4142135623730951
 10
47898.46115835848
 20
11862.40589969059
 10
47898.46115835848
 20
14261.870523939
 42
0.4142135623730951
 10
47798.46115835848
 20
14361.870523939
 10
47398.60716992707
 20
14361.870523939
 42
0.4142135623730951
 10
47298.60716992707
 20
14261.870523939
 10
47298.60716992707
 20
11862.40589969059
 42
0.4142135623730951
  0
LWPOLYLINE
  5
14D1
330
1F
100
AcDbEntity
  8
3G
100
AcDbPolyline
 90
        2
 70
     1
 43
75.0
 10
47835.96115835847
 20
14233.53520404812
 42
-1.0
 10
47760.96115835848
 20
14233.53520404812
 42
-1.0
  0
LWPOLYLINE
  5
14D2
330
1F
100
AcDbEntity
  8
3G
100
AcDbPolyline
 90
        2
 70
     1
 43
75.0
 10
47361.10716992708
 20
14233.53520404812
 42
1.0
 10
47436.10716992708
 20
14233.53520404812
 42
1.0
  0
LWPOLYLINE
  5
14D3
330
1F
100
AcDbEntity
  8
3G
100
AcDbPolyline
 90
        2
 70
     1
 43
75.0
 10
47835.96115835847
 20
11862.40589969059
 42
-1.0
 10
47760.96115835848
 20
11862.40589969059
 42
-1.0
  0
LWPOLYLINE
  5
14D4
330
1F
100
AcDbEntity
  8
3G
100
AcDbPolyline
 90
        2
 70
     1
 43
75.0
 10
47361.10716992708
 20
11862.40589969059
 42
1.0
 10
47436.10716992708
 20
11862.40589969059
 42
1.0
  0
LINE
  5
14D5
330
1F
100
AcDbEntity
  8
TC
100
AcDbLine
 10
47298.60716992709
 20
11877.40589969058
 30
0.0
 11
47510.73920428304
 21
12089.53793404655
 31
0.0
  0
LINE
  5
14D6
330
1F
100
AcDbEntity
  8
TC
100
AcDbLine
 10
47413.60716992709
 20
11762.40589969059
 30
0.0
 11
47625.73920428303
 21
11974.53793404654
 31
0.0
  0
INSERT
  5
14D7
330
1F
100
AcDbEntity
  8
3G
100
AcDbBlockReference
  2
DOT
 10
29038.67216175765
 20
10069.36631085935
 30
0.0
 41
0.7498539884545608
 42
0.7498539884545608
 43
0.7498539884545608
  0
INSERT
  5
14D8
330
1F
100
AcDbEntity
  8
3G
100
AcDbBlockReference
  2
DOT
 10
27763.92038142433
 20
9236.195212935951
 30
0.0
 41
0.7498539884545608
 42
0.7498539884545608
 43
0.7498539884545608
  0
INSERT
  5
14D9
330
1F
100
AcDbEntity
  8
3G
100
AcDbBlockReference
  2
DOT
 10
26489.16860109101
 20
8403.024114012429
 30
0.0
 41
0.7498539884545608
 42
0.7498539884545608
 43
0.7498539884545608
  0
INSERT
  5
14DA
330
1F
100
AcDbEntity
  8
3G
100
AcDbBlockReference
  2
DOT
 10
25214.41682075769
 20
7569.853016088133
 30
0.0
 41
0.7498539884545608
 42
0.7498539884545608
 43
0.7498539884545608
  0
LINE
  5
14DB
330
1F
100
AcDbEntity
  8
4C
100
AcDbLine
 10
23970.07214021512
 20
6812.733945338537
 30
0.0
 11
23243.5508323375
 21
6812.733945338537
 31
0.0
  0
LINE
  5
14DC
330
1F
100
AcDbEntity
  8
4C
100
AcDbLine
 10
26739.54163006428
 20
5844.513292193266
 30
0.0
 11
27707.76228320947
 21
6812.733945338537
 31
0.0
  0
LINE
  5
14DD
330
1F
100
AcDbEntity
  8
4C
100
AcDbLine
 10
24973.6412493683
 20
5829.871482305794
 30
0.0
 11
26704.19317405634
 21
5829.871482305794
 31
0.0
  0
LINE
  5
14DE
330
1F
100
AcDbEntity
  8
4C
100
AcDbLine
 10
24938.29279336031
 20
5844.513292193266
 30
0.0
 11
23970.07214021483
 21
6812.733945338537
 31
0.0
  0
INSERT
  5
14DF
330
1F
100
AcDbEntity
  8
3G
100
AcDbBlockReference
  2
DOT
 10
25009.40331135469
 20
5929.884236348795
 30
0.0
 41
0.9998053179151611
 42
0.9998053179151611
 43
0.9998053179151611
  0
ARC
  5
14E0
330
1F
100
AcDbEntity
  8
4C
100
AcDbCircle
 10
24973.6412493683
 20
5879.861748201225
 30
0.0
 40
49.99026589542484
100
AcDbArc
 50
224.9999999998109
 51
270.0
  0
INSERT
  5
14E1
330
1F
100
AcDbEntity
  8
3G
100
AcDbBlockReference
  2
DOT
 10
25826.63827407698
 20
5929.884236348795
 30
0.0
 41
0.9998053179151611
 42
0.9998053179151611
 43
0.9998053179151611
  0
INSERT
  5
14E2
330
1F
100
AcDbEntity
  8
3G
100
AcDbBlockReference
  2
DOT
 10
26668.868369747
 20
5929.884236348795
 30
0.0
 41
0.9998053179151611
 42
0.9998053179151611
 43
0.9998053179151611
  0
ARC
  5
14E3
330
1F
100
AcDbEntity
  8
4C
100
AcDbCircle
 10
26704.19317405634
 20
5879.861748201225
 30
0.0
 40
49.99026589542484
100
AcDbArc
 50
270.0
 51
315.0000000001891
  0
LINE
  5
14E4
330
1F
100
AcDbEntity
  8
4C
100
AcDbLine
 10
27707.76228320947
 20
6812.733945338537
 30
0.0
 11
28434.28359108738
 21
6812.733945338537
 31
0.0
  0
LEADER
  5
14E5
330
1F
100
AcDbEntity
  8
7W
 62
     8
100
AcDbLeader
  3
DIM150
 76
     3
 10
26242.85065608149
 20
5829.871482305795
 30
0.0
 10
27287.69136568042
 20
3321.970104802793
 30
0.0
 10
28034.3076286134
 20
3321.970104802793
 30
0.0
  0
CIRCLE
  5
14E6
330
1F
100
AcDbEntity
  8
7W
 62
     8
100
AcDbCircle
 10
26674.27257848089
 20
5932.2094530794
 30
0.0
 40
178.8267006527184
  0
LWPOLYLINE
  5
14E7
330
1F
100
AcDbEntity
  8
7W
 62
     8
100
AcDbPolyline
 90
        3
 70
     0
 43
0.0
 10
26853.0992791336
 20
5932.2094530794
 10
27628.30703368495
 20
3906.136235608865
 10
28014.77689737099
 20
3906.136235608865
  0
TEXT
  5
14E8
330
1F
100
AcDbEntity
  8
TG
100
AcDbText
 10
28090.82750073461
 20
3194.614623435762
 30
0.0
 40
250.0
  1
%%C10 @300 O.C.
  7
100CL
 11
28090.82750073461
 21
3319.614623435762
 31
0.0
100
AcDbText
 73
     2
  0
LINE
  5
14E9
330
1F
100
AcDbEntity
  8
4C
100
AcDbLine
 10
24691.89798681094
 20
6588.476651193854
 30
0.0
 11
24110.12678758605
 21
6588.476651193854
 31
0.0
  0
CIRCLE
  5
14EA
330
1F
100
AcDbEntity
  8
1R
100
AcDbCircle
 10
35099.53199760615
 20
5816.290181126266
 30
0.0
 40
107.5446367214853
  0
CIRCLE
  5
14EB
330
1F
100
AcDbEntity
  8
1R
100
AcDbCircle
 10
35020.66831182744
 20
5988.215506901439
 30
0.0
 40
71.63689573271764
  0
CIRCLE
  5
14EC
330
1F
100
AcDbEntity
  8
1R
100
AcDbCircle
 10
35163.00123952512
 20
5990.159262263778
 30
0.0
 40
71.63689573226299
  0
CIRCLE
  5
14ED
330
1F
100
AcDbEntity
  8
1R
100
AcDbCircle
 10
35096.50357201367
 20
6116.503491372505
 30
0.0
 40
71.63689573226299
  0
LWPOLYLINE
  5
14EE
330
1F
100
AcDbEntity
  8
4C
100
AcDbPolyline
 90
        4
 70
     0
 43
0.0
 10
25117.08219035682
 20
5754.871482305794
 10
25117.08219035682
 20
7571.501737548702
 42
-0.4142135623730951
 10
25217.08219035682
 20
7671.501737548702
 10
26917.26082876155
 20
7671.501737548702
  0
LEADER
  5
14EF
330
1F
100
AcDbEntity
  8
7W
 62
     8
100
AcDbLeader
  3
DIM150
 76
     2
 10
25117.08219035682
 20
7369.052894897518
 30
0.0
 10
23943.23715944934
 20
7369.052894897518
 30
0.0
  0
TEXT
  5
14F0
330
1F
100
AcDbEntity
  8
TG
100
AcDbText
 10
20738.38536776581
 20
7244.052894897518
 30
0.0
 40
250.0
  1
ø10  @300 O.C
  7
ROMANSIM
 72
     2
 11
23833.62346300391
 21
7369.052894897518
 31
0.0
100
AcDbText
 73
     2
  0
LWPOLYLINE
  5
14F1
330
1F
100
AcDbEntity
  8
TG
100
AcDbPolyline
 90
        3
 70
     0
 43
0.0
 10
21744.99890199035
 20
7091.015343037565
 10
21744.99890199035
 20
7591.015343037565
 10
21994.99890199035
 20
7591.015343037565
  0
DIMENSION
  5
14F2
330
1F
100
AcDbEntity
  8
DIM
100
AcDbDimension
280
     0
  2
*D46
 10
33644.66719061226
 20
18412.38748771933
 30
0.0
 11
28363.74845909826
 21
15218.85079181634
 31
0.0
 70
    32
  1
L
 71
     5
 42
12335.33514371368
 73
     0
 74
     0
 75
     0
 51
326.8315791799054
  3
DIM100
100
AcDbAlignedDimension
 13
26407.65551586027
 23
6938.330639625217
 33
0.0
 14
36733.14493701874
 24
13687.01653550764
 34
0.0
 50
33.16842082009466
100
AcDbRotatedDimension
1001
ACAD
1000
DSTYLE
1002
{
1070
    40
1040
96.0
1002
}
  0
DIMENSION
  5
14F3
330
1F
100
AcDbEntity
  8
DIM
100
AcDbDimension
280
     0
  2
*D47
 10
26242.78841431364
 20
12827.24848274179
 30
0.0
 11
24799.53895038268
 21
12217.08457378467
 31
0.0
 70
    32
  1
L/4
 71
     5
 42
3083.833785928415
 73
     0
 74
     0
 75
     0
 51
326.8315791799054
  3
DIM100
100
AcDbAlignedDimension
 13
26407.65551586027
 23
6938.330639625217
 33
0.0
 14
28633.26284393117
 24
9169.822605264611
 34
0.0
 50
33.16842082009466
100
AcDbRotatedDimension
1001
ACAD
1000
DSTYLE
1002
{
1070
    40
1040
96.0
1002
}
  0
LINE
  5
14F4
330
1F
100
AcDbEntity
  8
DIM
100
AcDbLine
 10
23319.17776945379
 20
11663.7015918369
 30
0.0
 11
25900.55012474341
 21
13350.87306580751
 31
0.0
  0
DIMENSION
  5
14F5
330
1F
100
AcDbEntity
  8
DIM
100
AcDbDimension
280
     0
  2
*D48
 10
31405.53312488849
 20
16201.59143068015
 30
0.0
 11
32543.65601624218
 21
17278.59899569454
 31
0.0
 70
    32
  1
L/4
 71
     5
 42
3083.833785922361
 73
     0
 74
     0
 75
     0
 51
326.8315791799054
  3
DIM100
100
AcDbAlignedDimension
 13
36733.14493701875
 23
13687.01653550768
 33
0.0
 14
33835.46125130506
 24
12483.80139711608
 34
0.0
 50
213.168420820224
100
AcDbRotatedDimension
1001
ACAD
1000
DSTYLE
1002
{
1070
    40
1040
96.0
1002
}
  0
DIMENSION
  5
14F6
102
{ACAD_XDICTIONARY
360
14F7
102
}
102
{ACAD_REACTORS
330
14F8
102
}
330
1F
100
AcDbEntity
  8
DIM
100
AcDbDimension
280
     0
  2
*D73
 10
60990.81943283239
 20
27041.97005138261
 30
0.0
 11
55136.26240031194
 21
23473.50636139601
 31
0.0
 70
    32
  1
L
 71
     5
 42
13705.92793703326
 73
     0
 74
     0
 75
     0
 51
326.8315791800564
  3
DIM100
100
AcDbAlignedDimension
 13
53345.77473745814
 23
13687.01653550763
 33
0.0
 14
64818.54076045823
 24
21185.55641982136
 34
0.0
 50
33.1684208199435
100
AcDbRotatedDimension
1001
ACAD
1000
DSTYLE
1002
{
1070
    40
1040
96.0
1002
}
  0
DIMENSION
  5
14F9
330
1F
100
AcDbEntity
  8
DIM
100
AcDbDimension
280
     0
  2
*D49
 10
52847.56546663657
 20
20712.24469499895
 30
0.0
 11
51260.90642745448
 21
20008.34903752124
 31
0.0
 70
    32
  1
L/4
 71
     5
 42
3426.481984258332
 73
     0
 74
     0
 75
     0
 51
326.8315791800564
  3
DIM100
100
AcDbAlignedDimension
 13
53345.77473745814
 23
13687.01653550763
 33
0.0
 14
55858.41920859222
 24
16105.63846957576
 34
0.0
 50
33.1684208199435
100
AcDbRotatedDimension
1001
ACAD
1000
DSTYLE
1002
{
1070
    40
1040
96.0
1002
}
  0
LINE
  5
14FA
330
1F
100
AcDbEntity
  8
DIM
100
AcDbLine
 10
52386.24491545317
 20
21418.06513834493
 30
0.0
 11
49518.0534096601
 21
19543.43016733235
 31
0.0
  0
DIMENSION
  5
14FB
330
1F
100
AcDbEntity
  8
DIM
100
AcDbDimension
280
     0
  2
*D50
 10
58583.94847822818
 20
24461.51463702765
 30
0.0
 11
59865.4809448409
 21
25632.25395056119
 31
0.0
 70
    32
  1
L/4
 71
     5
 42
3426.481984259095
 73
     0
 74
     0
 75
     0
 51
326.8315791800564
  3
DIM100
100
AcDbAlignedDimension
 13
64818.54076063043
 23
21185.55641955787
 33
0.0
 14
61594.80222017833
 24
19854.90841160086
 34
0.0
 50
213.168420819875
100
AcDbRotatedDimension
1001
ACAD
1000
DSTYLE
1002
{
1070
    40
1040
96.0
1002
}
  0
ENDSEC
  0
SECTION
  2
OBJECTS
  0
DICTIONARY
  5
C
330
0
100
AcDbDictionary
281
     1
  3
ACAD_CIP_PREVIOUS_PRODUCT_INFO
350
216
  3
ACAD_COLOR
350
6B
  3
ACAD_DETAILVIEWSTYLE
350
21B
  3
ACAD_GROUP
350
D
  3
ACAD_LAYOUT
350
1A
  3
ACAD_MATERIAL
350
6A
  3
ACAD_MLEADERSTYLE
350
12D
  3
ACAD_MLINESTYLE
350
17
  3
ACAD_PLOTSETTINGS
350
19
  3
ACAD_PLOTSTYLENAME
350
E
  3
ACAD_SCALELIST
350
10C
  3
ACAD_SECTIONVIEWSTYLE
350
219
  3
ACAD_TABLESTYLE
350
7E
  3
ACAD_VISUALSTYLE
350
EF
  3
ACDB_RECOMPOSE_DATA
350
178F
  3
AcDbVariableDictionary
350
5E
  3
AEC_PROPERTY_SET_DEFS
350
E23
  0
DICTIONARY
  5
1FF
330
2
100
AcDbDictionary
280
     1
281
     1
  3
ACAD_LAYERSTATES
360
200
  0
DICTIONARY
  5
13C
330
10
100
AcDbDictionary
280
     1
281
     1
  0
DICTIONARY
  5
722
330
721
100
AcDbDictionary
280
     1
281
     1
  0
DICTIONARY
  5
724
330
723
100
AcDbDictionary
280
     1
281
     1
  0
DICTIONARY
  5
726
330
725
100
AcDbDictionary
280
     1
281
     1
  0
DICTIONARY
  5
728
330
727
100
AcDbDictionary
280
     1
281
     1
  0
DICTIONARY
  5
72A
330
729
100
AcDbDictionary
280
     1
281
     1
  0
DICTIONARY
  5
72C
330
72B
100
AcDbDictionary
280
     1
281
     1
  0
DICTIONARY
  5
72E
330
72D
100
AcDbDictionary
280
     1
281
     1
  0
DICTIONARY
  5
730
330
72F
100
AcDbDictionary
280
     1
281
     1
  0
DICTIONARY
  5
732
330
731
100
AcDbDictionary
280
     1
281
     1
  0
DICTIONARY
  5
735
330
734
100
AcDbDictionary
280
     1
281
     1
  0
DICTIONARY
  5
737
330
736
100
AcDbDictionary
280
     1
281
     1
  0
DICTIONARY
  5
739
330
738
100
AcDbDictionary
280
     1
281
     1
  0
DICTIONARY
  5
1CE
330
1F
100
AcDbDictionary
280
     1
281
     1
  0
DICTIONARY
  5
135A
330
1359
100
AcDbDictionary
280
     1
281
     1
  3
ACAD_DIMASSOC
360
135B
  0
DICTIONARY
  5
135D
330
135C
100
AcDbDictionary
280
     1
281
     1
  3
ACAD_DIMASSOC
360
135E
  0
DICTIONARY
  5
14B4
330
14B3
100
AcDbDictionary
280
     1
281
     1
  3
ACAD_DIMASSOC
360
14B5
  0
DICTIONARY
  5
14BE
330
14BD
100
AcDbDictionary
280
     1
281
     1
  3
ACAD_DIMASSOC
360
14BF
  0
DICTIONARY
  5
14C1
330
14C0
100
AcDbDictionary
280
     1
281
     1
  3
ACAD_DIMASSOC
360
14C2
  0
DICTIONARY
  5
14F7
330
14F6
100
AcDbDictionary
280
     1
281
     1
  3
ACAD_DIMASSOC
360
14F8
  0
XRECORD
  5
216
102
{ACAD_REACTORS
330
C
102
}
330
C
100
AcDbXrecord
280
     1
300
ACD
300
2019
300
ACD_F_S
  0
DICTIONARY
  5
6B
102
{ACAD_REACTORS
330
C
102
}
330
C
100
AcDbDictionary
281
     1
  0
DICTIONARY
  5
21B
102
{ACAD_REACTORS
330
C
102
}
330
C
100
AcDbDictionary
281
     1
  3
Imperial24
350
745
  3
Metric50
350
21C
  0
DICTIONARY
  5
D
102
{ACAD_REACTORS
330
C
102
}
330
C
100
AcDbDictionary
281
     1
  0
DICTIONARY
  5
1A
102
{ACAD_REACTORS
330
C
102
}
330
C
100
AcDbDictionary
281
     1
  3
Layout1
350
D3
  3
Layout2
350
D7
  3
Model
350
22
  0
DICTIONARY
  5
6A
102
{ACAD_REACTORS
330
C
102
}
330
C
100
AcDbDictionary
281
     1
  3
ByBlock
350
ED
  3
ByLayer
350
EC
  3
Global
350
EE
  0
DICTIONARY
  5
12D
102
{ACAD_REACTORS
330
C
102
}
330
C
100
AcDbDictionary
281
     1
  3
Annotative
350
13B
  3
Standard
350
12E
  0
DICTIONARY
  5
17
102
{ACAD_REACTORS
330
C
102
}
330
C
100
AcDbDictionary
281
     1
  3
Standard
350
18
  0
DICTIONARY
  5
19
102
{ACAD_REACTORS
330
C
102
}
330
C
100
AcDbDictionary
281
     1
  0
ACDBDICTIONARYWDFLT
  5
E
102
{ACAD_REACTORS
330
C
102
}
330
C
100
AcDbDictionary
281
     1
  3
Normal
350
F
100
AcDbDictionaryWithDefault
340
F
  0
DICTIONARY
  5
10C
102
{ACAD_REACTORS
330
C
102
}
330
C
100
AcDbDictionary
281
     1
  3
*A1
350
742
  3
*A2
350
743
  3
A0
350
10D
  3
A1
350
1BE
  3
A2
350
1BF
  3
A3
350
1C0
  3
A4
350
1C1
  3
A5
350
1C2
  3
A6
350
1C3
  3
A7
350
1C4
  3
A8
350
1C5
  3
A9
350
1C6
  3
B0
350
1C7
  3
B1
350
1C8
  3
B2
350
1C9
  3
B3
350
1CA
  3
B4
350
1CB
  3
B5
350
1CC
  3
B6
350
1CD
  0
DICTIONARY
  5
219
102
{ACAD_REACTORS
330
C
102
}
330
C
100
AcDbDictionary
281
     1
  3
Imperial24
350
744
  3
Metric50
350
21A
  0
DICTIONARY
  5
7E
102
{ACAD_REACTORS
330
C
102
}
330
C
100
AcDbDictionary
281
     1
  3
Standard
350
7F
  0
DICTIONARY
  5
EF
102
{ACAD_REACTORS
330
C
102
}
330
C
100
AcDbDictionary
281
     1
  3
2dWireframe
350
F5
  3
Basic
350
F4
  3
Brighten
350
FB
  3
ColorChange
350
FF
  3
Conceptual
350
F8
  3
Dim
350
FA
  3
EdgeColorOff
350
1E6
  3
Facepattern
350
FE
  3
Flat
350
F0
  3
FlatWithEdges
350
F1
  3
Gouraud
350
F2
  3
GouraudWithEdges
350
F3
  3
Hidden
350
F7
  3
JitterOff
350
1E4
  3
Linepattern
350
FD
  3
OverhangOff
350
1E5
  3
Realistic
350
F9
  3
Shaded
350
1F3
  3
Shaded with edges
350
1F2
  3
Shades of Gray
350
1EF
  3
Sketchy
350
1F0
  3
Thicken
350
FC
  3
Wireframe
350
F6
  3
X-Ray
350
1F1
  0
XRECORD
  5
178F
102
{ACAD_REACTORS
330
C
102
}
330
C
100
AcDbXrecord
280
     1
 90
        1
330
7F
  0
DICTIONARY
  5
5E
102
{ACAD_REACTORS
330
C
102
}
330
C
100
AcDbDictionary
281
     1
  3
CANNOSCALE
350
146
  3
CENTEREXE
350
259
  3
CENTERLTYPEFILE
350
25A
  3
CMLEADERSTYLE
350
145
  3
CTABLESTYLE
350
84
  3
CVIEWDETAILSTYLE
350
227
  3
CVIEWSECTIONSTYLE
350
228
  3
DIMASSOC
350
5F
  3
HIDETEXT
350
63
  3
LAYEREVAL
350
1AE
  3
LAYERNOTIFY
350
1AF
  0
DICTIONARY
  5
E23
102
{ACAD_REACTORS
330
C
102
}
330
C
100
AcDbDictionary
281
     1
  0
DICTIONARY
  5
200
102
{ACAD_REACTORS
330
1FF
102
}
330
1FF
100
AcDbDictionary
281
     1
  0
DIMASSOC
  5
135B
102
{ACAD_REACTORS
330
135A
102
}
330
135A
100
AcDbDimAssoc
330
1359
 90
        3
 70
     0
 71
     0
  1
AcDbOsnapPointRef
 72
     1
331
1351
 73
     2
 91
        0
 40
1.0
 10
68297.01623350739
 20
41710.56867332683
 30
0.0
 75
     0
  1
AcDbOsnapPointRef
 72
    13
331
13C0
 73
     2
 91
        0
 40
0.0000000000000143
 10
65531.35439176645
 20
40527.74367199758
 30
0.0
 75
     0
  0
DIMASSOC
  5
135E
102
{ACAD_REACTORS
330
135D
102
}
330
135D
100
AcDbDimAssoc
330
135C
 90
        3
 70
     0
 71
     0
  1
AcDbOsnapPointRef
 72
    13
331
1376
 73
     2
 91
        0
 40
0.0
 10
58723.06551352698
 20
34889.69608697002
 30
0.0
 75
     0
  1
AcDbOsnapPointRef
 72
    13
331
1362
 73
     2
 91
        0
 40
-0.0000000000000111
 10
60744.37903177624
 20
37117.30737881919
 30
0.0
 75
     0
  0
DIMASSOC
  5
14B5
102
{ACAD_REACTORS
330
14B4
102
}
330
14B4
100
AcDbDimAssoc
330
14B3
 90
        3
 70
     0
 71
     0
  1
AcDbOsnapPointRef
 72
    13
331
103D
 73
     2
 91
        0
 40
0.0
 10
0.0
 20
0.0
 30
2.000000000000000E+50
 75
     0
  1
AcDbOsnapPointRef
 72
    13
331
1033
 73
     2
 91
        0
 40
0.0
 10
0.0
 20
0.0
 30
2.000000000000000E+50
 75
     0
  0
DIMASSOC
  5
14BF
102
{ACAD_REACTORS
330
14BE
102
}
330
14BE
100
AcDbDimAssoc
330
14BD
 90
        2
 70
     0
 71
     0
  1
AcDbOsnapPointRef
 72
     1
331
E85
 73
     2
 91
        0
 40
1.0
 10
0.0
 20
0.0
 30
2.000000000000000E+50
 75
     0
  0
DIMASSOC
  5
14C2
102
{ACAD_REACTORS
330
14C1
102
}
330
14C1
100
AcDbDimAssoc
330
14C0
 90
        3
 70
     0
 71
     0
  1
AcDbOsnapPointRef
 72
    13
331
E5C
 73
     2
 91
        0
 40
0.0
 10
0.0
 20
0.0
 30
2.000000000000000E+50
 75
     0
  1
AcDbOsnapPointRef
 72
    13
331
E44
 73
     2
 91
        0
 40
0.0
 10
0.0
 20
0.0
 30
2.000000000000000E+50
 75
     0
  0
DIMASSOC
  5
14F8
102
{ACAD_REACTORS
330
14F7
102
}
330
14F7
100
AcDbDimAssoc
330
14F6
 90
        1
 70
     0
 71
     0
  1
AcDbOsnapPointRef
 72
    13
331
125D
 73
     2
 91
        0
 40
0.0
 10
0.0
 20
0.0
 30
2.000000000000000E+50
 75
     0
  0
ACDBDETAILVIEWSTYLE
  5
745
102
{ACAD_REACTORS
330
21B
102
}
330
21B
100
AcDbModelDocViewStyle
 70
     0
  3
Imperial24
290
     0
300
Imperial24
 90
        0
100
AcDbDetailViewStyle
 70
     0
 71
     0
 90
        3
 71
     1
340
11
 62
   256
 40
0.24
340
0
 62
   256
 40
0.24
300

 40
0.36
280
     3
 71
     2
340
16
 90
       25
 62
   256
 71
     3
340
11
 62
   256
 40
0.24
 90
        1
 40
0.75
 90
        1
300
%<\AcVar ViewType \f "%tc1">% %<\AcVar ViewDetailId>%\PSCALE %<\AcVar ViewScale \f "%sn">%
 71
     4
340
16
 90
       25
 62
   256
340
16
 90
       25
 62
   256
280
     0
  0
ACDBDETAILVIEWSTYLE
  5
21C
102
{ACAD_REACTORS
330
21B
102
}
330
21B
100
AcDbModelDocViewStyle
 70
     0
  3
Metric50
290
     0
300
Metric50
 90
        0
100
AcDbDetailViewStyle
 70
     0
 71
     0
 90
        3
 71
     1
340
11
 62
   256
 40
5.0
340
0
 62
   256
 40
5.0
300

 40
0.0
280
     1
 71
     2
340
16
 90
       25
 62
   256
 71
     3
340
11
 62
   256
 40
5.0
 90
        0
 40
15.0
 90
        1
300
%<\AcVar ViewDetailId>% (%<\AcVar ViewScale \f "%sn">%)
 71
     4
340
16
 90
       25
 62
   256
340
16
 90
       25
 62
   256
280
     0
  0
LAYOUT
  5
D3
102
{ACAD_REACTORS
330
1A
102
}
330
1A
100
AcDbPlotSettings
  1

  2
C:\Documents and Settings\basas\Application Data\Autodesk\AutoCAD 2005\R16.1\enu\plotters\Default Windows System Printer.pc3
  4

  6

 40
0.0
 41
0.0
 42
0.0
 43
0.0
 44
0.0
 45
0.0
 46
0.0
 47
0.0
 48
0.0
 49
0.0
140
0.0
141
0.0
142
1.0
143
1.0
 70
   688
 72
     0
 73
     0
 74
     5
  7

 75
    16
147
1.0
 76
     0
 77
     2
 78
   300
148
0.0
149
0.0
100
AcDbLayout
  1
Layout1
 70
     1
 71
     1
 10
0.0
 20
0.0
 11
12.0
 21
9.0
 12
0.0
 22
0.0
 32
0.0
 14
0.0
 24
0.0
 34
0.0
 15
0.0
 25
0.0
 35
0.0
146
0.0
 13
0.0
 23
0.0
 33
0.0
 16
1.0
 26
0.0
 36
0.0
 17
0.0
 27
1.0
 37
0.0
 76
     0
330
D2
  0
LAYOUT
  5
D7
102
{ACAD_REACTORS
330
1A
102
}
330
1A
100
AcDbPlotSettings
  1

  2
C:\Documents and Settings\basas\Application Data\Autodesk\AutoCAD 2005\R16.1\enu\plotters\Default Windows System Printer.pc3
  4

  6

 40
0.0
 41
0.0
 42
0.0
 43
0.0
 44
0.0
 45
0.0
 46
0.0
 47
0.0
 48
0.0
 49
0.0
140
0.0
141
0.0
142
1.0
143
1.0
 70
   688
 72
     0
 73
     0
 74
     5
  7

 75
    16
147
1.0
 76
     0
 77
     2
 78
   300
148
0.0
149
0.0
100
AcDbLayout
  1
Layout2
 70
     1
 71
     2
 10
0.0
 20
0.0
 11
12.0
 21
9.0
 12
0.0
 22
0.0
 32
0.0
 14
0.0
 24
0.0
 34
0.0
 15
0.0
 25
0.0
 35
0.0
146
0.0
 13
0.0
 23
0.0
 33
0.0
 16
1.0
 26
0.0
 36
0.0
 17
0.0
 27
1.0
 37
0.0
 76
     0
330
D6
  0
LAYOUT
  5
22
102
{ACAD_XDICTIONARY
360
205
102
}
102
{ACAD_REACTORS
330
1A
102
}
330
1A
100
AcDbPlotSettings
  1

  2
none_device
  4
ISO_A4_(210.00_x_297.00_MM)
  6

 40
7.5
 41
20.0
 42
7.5
 43
20.0
 44
210.0
 45
297.0
 46
11.54999923706054
 47
-13.65000009536743
 48
0.0
 49
0.0
140
0.0
141
0.0
142
1.0
143
8.704084754739808
 70
 11952
 72
     1
 73
     0
 74
     0
  7

 75
     0
147
0.1148885871608098
 76
     0
 77
     2
 78
   300
148
0.0
149
0.0
100
AcDbLayout
  1
Model
 70
     1
 71
     0
 10
0.0
 20
0.0
 11
12.0
 21
9.0
 12
0.0
 22
0.0
 32
0.0
 14
0.0
 24
0.0
 34
0.0
 15
0.0
 25
0.0
 35
0.0
146
0.0
 13
0.0
 23
0.0
 33
0.0
 16
1.0
 26
0.0
 36
0.0
 17
0.0
 27
1.0
 37
0.0
 76
     0
330
1F
331
EA
1001
ACAD_PSEXT
1000
None
1000
None
1000
Not applicable
1000
The layout will not be plotted unless a new plotter configuration name is selected.
1070
     0
  0
MATERIAL
  5
ED
102
{ACAD_XDICTIONARY
360
1F9
102
}
102
{ACAD_REACTORS
330
6A
102
}
330
6A
100
AcDbMaterial
  1
ByBlock
 94
       63
  0
MATERIAL
  5
EC
102
{ACAD_XDICTIONARY
360
1F7
102
}
102
{ACAD_REACTORS
330
6A
102
}
330
6A
100
AcDbMaterial
  1
ByLayer
 94
       63
  0
MATERIAL
  5
EE
102
{ACAD_XDICTIONARY
360
173
102
}
102
{ACAD_REACTORS
330
6A
102
}
330
6A
100
AcDbMaterial
  1
Global
 43
0.0007999999797903
 43
0.0
 43
0.0
 43
0.0
 43
0.0
 43
0.0007999999797903
 43
0.0
 43
0.0
 43
0.0
 43
0.0
 43
1.0
 43
0.0
 43
0.0
 43
0.0
 43
0.0
 43
1.0
 49
0.0007999999797903
 49
0.0
 49
0.0
 49
0.0
 49
0.0
 49
0.0007999999797903
 49
0.0
 49
0.0
 49
0.0
 49
0.0
 49
1.0
 49
0.0
 49
0.0
 49
0.0
 49
0.0
 49
1.0
142
0.0007999999797903
142
0.0
142
0.0
142
0.0
142
0.0
142
0.0007999999797903
142
0.0
142
0.0
142
0.0
142
0.0
142
1.0
142
0.0
142
0.0
142
0.0
142
0.0
142
1.0
144
0.0007999999797903
144
0.0
144
0.0
144
0.0
144
0.0
144
0.0007999999797903
144
0.0
144
0.0
144
0.0
144
0.0
144
1.0
144
0.0
144
0.0
144
0.0
144
0.0
144
1.0
 94
       63
1001
ACAD
1070
    -1
1070
     3
1070
     0
1000

1071
        0
1070
     0
  0
MLEADERSTYLE
  5
13B
102
{ACAD_REACTORS
330
12D
102
}
330
12D
100
AcDbMLeaderStyle
179
     2
170
     2
171
     1
172
     0
 90
        2
 40
0.0
 41
0.0
173
     1
 91
-1056964608
340
14
 92
       -2
290
     1
 42
2.0
291
     1
 43
8.0
  3
Standard
 44
4.0
300

342
11
174
     1
178
     1
175
     1
176
     0
 93
-1056964608
 45
4.0
292
     0
297
     0
 46
4.0
 94
-1056964608
 47
1.0
 49
1.0
140
1.0
293
     1
141
0.0
294
     1
177
     0
142
1.0
295
     0
296
     1
143
3.75
271
     0
272
     9
273
     9
298
     0
  0
MLEADERSTYLE
  5
12E
102
{ACAD_REACTORS
330
12D
102
}
330
12D
100
AcDbMLeaderStyle
179
     2
170
     2
171
     1
172
     0
 90
        2
 40
0.0
 41
0.0
173
     1
 91
-1056964608
340
14
 92
       -2
290
     1
 42
2.0
291
     1
 43
8.0
  3
Standard
 44
4.0
300

342
11
174
     1
178
     1
175
     1
176
     0
 93
-1056964608
 45
4.0
292
     0
297
     0
 46
4.0
 94
-1056964608
 47
1.0
 49
1.0
140
1.0
293
     1
141
0.0
294
     1
177
     0
142
1.0
295
     0
296
     0
143
3.75
271
     0
272
     9
273
     9
298
     0
  0
MLINESTYLE
  5
18
102
{ACAD_REACTORS
330
17
102
}
330
17
100
AcDbMlineStyle
  2
STANDARD
 70
     0
  3

 62
   256
 51
90.0
 52
90.0
 71
     2
 49
0.5
 62
   256
  6
BYLAYER
 49
-0.5
 62
   256
  6
BYLAYER
  0
ACDBPLACEHOLDER
  5
F
102
{ACAD_REACTORS
330
E
102
}
330
E
  0
SCALE
  5
742
102
{ACAD_REACTORS
330
10C
102
}
330
10C
100
AcDbScale
 70
     0
300
1/8" = 1'-0"
140
0.125
141
12.0
290
     0
1001
ACAD
1000
AcRTDxfName
1000
SCALE
1000
AcRTDxfName
1000
SCALE
1000
AcRTDxfName
1000
SCALE
  0
SCALE
  5
743
102
{ACAD_REACTORS
330
10C
102
}
330
10C
100
AcDbScale
 70
     0
300
1'-0" = 1'-0"
140
12.0
141
12.0
290
     0
1001
ACAD
1000
AcRTDxfName
1000
SCALE
1000
AcRTDxfName
1000
SCALE
1000
AcRTDxfName
1000
SCALE
  0
SCALE
  5
10D
102
{ACAD_REACTORS
330
10C
102
}
330
10C
100
AcDbScale
 70
     0
300
1:1
140
1.0
141
1.0
290
     1
  0
SCALE
  5
1BE
102
{ACAD_REACTORS
330
10C
102
}
330
10C
100
AcDbScale
 70
     0
300
1:2
140
1.0
141
2.0
290
     0
  0
SCALE
  5
1BF
102
{ACAD_REACTORS
330
10C
102
}
330
10C
100
AcDbScale
 70
     0
300
1:4
140
1.0
141
4.0
290
     0
  0
SCALE
  5
1C0
102
{ACAD_REACTORS
330
10C
102
}
330
10C
100
AcDbScale
 70
     0
300
1:5
140
1.0
141
5.0
290
     0
  0
SCALE
  5
1C1
102
{ACAD_REACTORS
330
10C
102
}
330
10C
100
AcDbScale
 70
     0
300
1:8
140
1.0
141
8.0
290
     0
  0
SCALE
  5
1C2
102
{ACAD_REACTORS
330
10C
102
}
330
10C
100
AcDbScale
 70
     0
300
1:10
140
1.0
141
10.0
290
     0
  0
SCALE
  5
1C3
102
{ACAD_REACTORS
330
10C
102
}
330
10C
100
AcDbScale
 70
     0
300
1:16
140
1.0
141
16.0
290
     0
  0
SCALE
  5
1C4
102
{ACAD_REACTORS
330
10C
102
}
330
10C
100
AcDbScale
 70
     0
300
1:20
140
1.0
141
20.0
290
     0
  0
SCALE
  5
1C5
102
{ACAD_REACTORS
330
10C
102
}
330
10C
100
AcDbScale
 70
     0
300
1:30
140
1.0
141
30.0
290
     0
  0
SCALE
  5
1C6
102
{ACAD_REACTORS
330
10C
102
}
330
10C
100
AcDbScale
 70
     0
300
1:40
140
1.0
141
40.0
290
     0
  0
SCALE
  5
1C7
102
{ACAD_REACTORS
330
10C
102
}
330
10C
100
AcDbScale
 70
     0
300
1:50
140
1.0
141
50.0
290
     0
  0
SCALE
  5
1C8
102
{ACAD_REACTORS
330
10C
102
}
330
10C
100
AcDbScale
 70
     0
300
1:100
140
1.0
141
100.0
290
     0
  0
SCALE
  5
1C9
102
{ACAD_REACTORS
330
10C
102
}
330
10C
100
AcDbScale
 70
     0
300
2:1
140
2.0
141
1.0
290
     0
  0
SCALE
  5
1CA
102
{ACAD_REACTORS
330
10C
102
}
330
10C
100
AcDbScale
 70
     0
300
4:1
140
4.0
141
1.0
290
     0
  0
SCALE
  5
1CB
102
{ACAD_REACTORS
330
10C
102
}
330
10C
100
AcDbScale
 70
     0
300
8:1
140
8.0
141
1.0
290
     0
  0
SCALE
  5
1CC
102
{ACAD_REACTORS
330
10C
102
}
330
10C
100
AcDbScale
 70
     0
300
10:1
140
10.0
141
1.0
290
     0
  0
SCALE
  5
1CD
102
{ACAD_REACTORS
330
10C
102
}
330
10C
100
AcDbScale
 70
     0
300
100:1
140
100.0
141
1.0
290
     0
  0
ACDBSECTIONVIEWSTYLE
  5
744
102
{ACAD_REACTORS
330
219
102
}
330
219
100
AcDbModelDocViewStyle
 70
     0
  3
Imperial24
290
     0
300
Imperial24
 90
        0
100
AcDbSectionViewStyle
 70
     0
 71
     0
 90
       78
 71
     1
340
11
 62
   256
 40
0.24
340
0
340
0
 62
   256
 40
0.24
300
I, O, Q, S, X, Z
 40
0.48
 90
        3
 40
0.18
 90
        1
 71
     2
340
16
 90
       25
 62
   256
340
16
 90
       50
 62
   256
 40
0.24
 40
0.0
 40
0.24
 71
     3
340
11
 62
   256
 40
0.24
 90
        1
 40
0.75
 90
        1
300
%<\AcVar ViewType \f "%tc1">% %<\AcVar ViewSectionStartId>%-%<\AcVar ViewSectionEndId>%\PSCALE %<\AcVar ViewScale \f "%sn">%
 71
     4
 62
   256
 62
   257
300
ANSI31
 40
1.0
 90
        0
290
     0
290
     0
 90
        6
 40
0.0
 40
1.570796326794896
 40
0.2617993877991494
 40
1.308996938995747
 40
-0.2617993877991494
 40
1.832595714594046
  0
ACDBSECTIONVIEWSTYLE
  5
21A
102
{ACAD_REACTORS
330
219
102
}
330
219
100
AcDbModelDocViewStyle
 70
     0
  3
Metric50
290
     0
300
Metric50
 90
        0
100
AcDbSectionViewStyle
 70
     0
 71
     0
 90
      102
 71
     1
340
11
 62
   256
 40
5.0
340
0
340
0
 62
   256
 40
5.0
300
I, O, Q, S, X, Z
 40
10.0
 90
        0
 40
2.5
 90
        0
 71
     2
340
16
 90
       25
 62
   256
340
16
 90
       50
 62
   256
 40
5.0
 40
2.5
 40
5.0
 71
     3
340
11
 62
   256
 40
5.0
 90
        0
 40
15.0
 90
        1
300
%<\AcVar ViewSectionStartId>%-%<\AcVar ViewSectionEndId>% (%<\AcVar ViewScale \f "%sn">%)
 71
     4
 62
   256
 62
   257
300
ANSI31
 40
1.0
 90
        0
290
     0
290
     0
 90
        6
 40
0.0
 40
1.570796326794896
 40
0.2617993877991494
 40
1.308996938995747
 40
-0.2617993877991494
 40
1.832595714594046
  0
TABLESTYLE
  5
7F
102
{ACAD_XDICTIONARY
360
162
102
}
102
{ACAD_REACTORS
330
7E
102
}
330
7E
100
AcDbTableStyle
280
     0
  3
Standard
 70
     0
 71
     0
 40
1.5
 41
1.5
280
     0
281
     0
  7
Standard
140
4.5
170
     2
 62
     0
 63
     7
283
     0
 90
      512
 91
        0
  1

274
    -2
284
     1
 64
     0
275
    -2
285
     1
 65
     0
276
    -2
286
     1
 66
     0
277
    -2
287
     1
 67
     0
278
    -2
288
     1
 68
     0
279
    -2
289
     1
 69
     0
  7
Standard
140
6.0
170
     5
 62
     0
 63
     7
283
     0
 90
      512
 91
        0
  1

274
    -2
284
     1
 64
     0
275
    -2
285
     1
 65
     0
276
    -2
286
     1
 66
     0
277
    -2
287
     1
 67
     0
278
    -2
288
     1
 68
     0
279
    -2
289
     1
 69
     0
  7
Standard
140
4.5
170
     5
 62
     0
 63
     7
283
     0
 90
      512
 91
        0
  1

274
    -2
284
     1
 64
     0
275
    -2
285
     1
 65
     0
276
    -2
286
     1
 66
     0
277
    -2
287
     1
 67
     0
278
    -2
288
     1
 68
     0
279
    -2
289
     1
 69
     0
  0
VISUALSTYLE
  5
F5
102
{ACAD_REACTORS
330
EF
102
}
330
EF
100
AcDbVisualStyle
  2
2dWireframe
 70
     4
177
     3
291
     0
 70
    58
 90
        0
176
     1
 90
        2
176
     1
 90
        1
176
     1
 90
        0
176
     1
 40
0.6
176
     1
 40
30.0
176
     1
 62
     7
420
 16777215
176
     1
 90
        1
176
     1
 90
        4
176
     1
 62
     7
176
     1
 62
   257
176
     1
 90
        1
176
     1
 90
        1
176
     1
 40
1.0
176
     1
 90
        0
176
     1
 62
   257
176
     1
 40
1.0
176
     1
 90
        1
176
     1
 90
        6
176
     1
 90
        2
176
     1
 62
     7
176
     1
 90
        5
176
     1
 90
        0
176
     1
 90
        0
176
     1
290
     0
176
     1
 90
        1
176
     1
 40
0.0
176
     1
 90
        0
176
     1
290
     1
176
     1
290
     1
176
     1
290
     0
176
     1
290
     0
176
     1
290
     0
176
     1
290
     0
176
     1
290
     0
176
     1
290
     0
176
     1
290
     0
176
     1
 90
       50
176
     1
 40
0.0
176
     1
 40
1.0
176
     1
 90
        0
176
     1
 62
    18
420
        0
176
     1
 90
       50
176
     1
 90
        3
176
     1
 62
     5
420
      255
176
     1
290
     0
176
     1
 90
       50
176
     1
 90
       50
176
     1
 90
       50
176
     1
290
     0
176
     1
 90
       50
176
     1
 62
   256
176
     0
 40
1.0
176
     0
 90
        2
176
     1
  1
strokes_ogs.tif
176
     1
290
     0
176
     1
 40
1.0
176
     1
 40
1.0
176
     1
  0
VISUALSTYLE
  5
F4
102
{ACAD_REACTORS
330
EF
102
}
330
EF
100
AcDbVisualStyle
  2
Basic
 70
     7
177
     3
291
     1
 70
    58
 90
        1
176
     1
 90
        0
176
     1
 90
        1
176
     1
 90
        0
176
     1
 40
0.6
176
     1
 40
30.0
176
     1
 62
     7
420
 16777215
176
     1
 90
        0
176
     1
 90
        4
176
     1
 62
     7
176
     1
 62
   257
176
     1
 90
        1
176
     1
 90
        1
176
     1
 40
1.0
176
     1
 90
        8
176
     1
 62
     7
176
     1
 40
1.0
176
     1
 90
        1
176
     1
 90
        6
176
     1
 90
        2
176
     1
 62
     7
176
     1
 90
        5
176
     1
 90
        0
176
     1
 90
        0
176
     1
290
     0
176
     1
 90
        1
176
     1
 40
0.0
176
     1
 90
        0
176
     1
290
     0
176
     1
290
     1
176
     1
290
     1
176
     1
290
     0
176
     1
290
     0
176
     1
290
     0
176
     1
290
     0
176
     1
290
     0
176
     1
290
     0
176
     1
 90
       50
176
     1
 40
0.0
176
     1
 40
1.0
176
     1
 90
        0
176
     1
 62
    18
420
        0
176
     1
 90
       50
176
     1
 90
        3
176
     1
 62
     5
420
      255
176
     1
290
     0
176
     1
 90
       50
176
     1
 90
       50
176
     1
 90
       50
176
     1
290
     0
176
     1
 90
       50
176
     1
 62
   256
176
     0
 40
1.0
176
     0
 90
        2
176
     1
  1
strokes_ogs.tif
176
     1
290
     0
176
     1
 40
1.0
176
     1
 40
1.0
176
     1
  0
VISUALSTYLE
  5
FB
102
{ACAD_REACTORS
330
EF
102
}
330
EF
100
AcDbVisualStyle
  2
Brighten
 70
    12
177
     3
291
     1
 70
    58
 90
        2
176
     1
 90
        2
176
     1
 90
        1
176
     1
 90
        0
176
     1
 40
0.6
176
     1
 40
30.0
176
     1
 62
     7
420
 16777215
176
     1
 90
        1
176
     1
 90
        4
176
     1
 62
     7
176
     1
 62
   257
176
     1
 90
        1
176
     1
 90
        1
176
     1
 40
1.0
176
     1
 90
        8
176
     1
 62
     7
176
     1
 40
1.0
176
     1
 90
        1
176
     1
 90
        6
176
     1
 90
        2
176
     1
 62
     7
176
     1
 90
        5
176
     1
 90
        0
176
     1
 90
        0
176
     1
290
     0
176
     1
 90
        1
176
     1
 40
50.0
176
     1
 90
        0
176
     1
290
     0
176
     1
290
     1
176
     1
290
     1
176
     1
290
     0
176
     1
290
     0
176
     1
290
     0
176
     1
290
     0
176
     1
290
     0
176
     1
290
     0
176
     1
 90
       50
176
     1
 40
0.0
176
     1
 40
1.0
176
     1
 90
        0
176
     1
 62
    18
420
        0
176
     1
 90
       50
176
     1
 90
        3
176
     1
 62
     5
420
      255
176
     1
290
     0
176
     1
 90
       50
176
     1
 90
       50
176
     1
 90
       50
176
     1
290
     0
176
     1
 90
       50
176
     1
 62
   256
176
     0
 40
1.0
176
     0
 90
        2
176
     1
  1
strokes_ogs.tif
176
     1
290
     0
176
     1
 40
1.0
176
     1
 40
1.0
176
     1
  0
VISUALSTYLE
  5
FF
102
{ACAD_REACTORS
330
EF
102
}
330
EF
100
AcDbVisualStyle
  2
ColorChange
 70
    16
177
     3
291
     1
 70
    58
 90
        2
176
     1
 90
        2
176
     1
 90
        3
176
     1
 90
        0
176
     1
 40
0.6
176
     1
 40
30.0
176
     1
 62
     8
420
  8421504
176
     1
 90
        1
176
     1
 90
        4
176
     1
 62
     7
176
     1
 62
   257
176
     1
 90
        1
176
     1
 90
        1
176
     1
 40
1.0
176
     1
 90
        8
176
     1
 62
     8
420
  8421504
176
     1
 40
1.0
176
     1
 90
        1
176
     1
 90
        6
176
     1
 90
        2
176
     1
 62
     7
176
     1
 90
        5
176
     1
 90
        0
176
     1
 90
        0
176
     1
290
     0
176
     1
 90
        1
176
     1
 40
0.0
176
     1
 90
        0
176
     1
290
     0
176
     1
290
     1
176
     1
290
     1
176
     1
290
     0
176
     1
290
     0
176
     1
290
     0
176
     1
290
     0
176
     1
290
     0
176
     1
290
     0
176
     1
 90
       50
176
     1
 40
0.0
176
     1
 40
1.0
176
     1
 90
        0
176
     1
 62
    18
420
        0
176
     1
 90
       50
176
     1
 90
        3
176
     1
 62
     5
420
      255
176
     1
290
     0
176
     1
 90
       50
176
     1
 90
       50
176
     1
 90
       50
176
     1
290
     0
176
     1
 90
       50
176
     1
 62
   256
176
     0
 40
1.0
176
     0
 90
        2
176
     1
  1
strokes_ogs.tif
176
     1
290
     0
176
     1
 40
1.0
176
     1
 40
1.0
176
     1
  0
VISUALSTYLE
  5
F8
102
{ACAD_REACTORS
330
EF
102
}
330
EF
100
AcDbVisualStyle
  2
Conceptual
 70
     9
177
     3
291
     0
 70
    58
 90
        3
176
     1
 90
        2
176
     1
 90
        1
176
     1
 90
        0
176
     1
 40
0.6
176
     1
 40
30.0
176
     1
 62
     7
420
 16777215
176
     1
 90
        2
176
     1
 90
        2
176
     1
 62
     7
176
     1
 62
   257
176
     1
 90
        1
176
     1
 90
        1
176
     1
 40
40.0
176
     1
 90
        8
176
     1
 62
     7
176
     1
 40
1.0
176
     1
 90
        1
176
     1
 90
        6
176
     1
 90
        2
176
     1
 62
     7
176
     1
 90
        3
176
     1
 90
        0
176
     1
 90
        0
176
     1
290
     0
176
     1
 90
        1
176
     1
 40
0.0
176
     1
 90
        0
176
     1
290
     0
176
     1
290
     1
176
     1
290
     1
176
     1
290
     0
176
     1
290
     0
176
     1
290
     0
176
     1
290
     0
176
     1
290
     0
176
     1
290
     0
176
     1
 90
       50
176
     1
 40
0.0
176
     1
 40
1.0
176
     1
 90
        0
176
     1
 62
    18
420
        0
176
     1
 90
       50
176
     1
 90
        3
176
     1
 62
     5
420
      255
176
     1
290
     0
176
     1
 90
       50
176
     1
 90
       50
176
     1
 90
       50
176
     1
290
     0
176
     1
 90
       50
176
     1
 62
   256
176
     0
 40
1.0
176
     0
 90
        2
176
     1
  1
strokes_ogs.tif
176
     1
290
     0
176
     1
 40
1.0
176
     1
 40
1.0
176
     1
  0
VISUALSTYLE
  5
FA
102
{ACAD_REACTORS
330
EF
102
}
330
EF
100
AcDbVisualStyle
  2
Dim
 70
    11
177
     3
291
     1
 70
    58
 90
        2
176
     1
 90
        2
176
     1
 90
        1
176
     1
 90
        0
176
     1
 40
0.6
176
     1
 40
30.0
176
     1
 62
     7
420
 16777215
176
     1
 90
        1
176
     1
 90
        4
176
     1
 62
     7
176
     1
 62
   257
176
     1
 90
        1
176
     1
 90
        1
176
     1
 40
1.0
176
     1
 90
        8
176
     1
 62
     7
176
     1
 40
1.0
176
     1
 90
        1
176
     1
 90
        6
176
     1
 90
        2
176
     1
 62
     7
176
     1
 90
        5
176
     1
 90
        0
176
     1
 90
        0
176
     1
290
     0
176
     1
 90
        1
176
     1
 40
-50.0
176
     1
 90
        0
176
     1
290
     0
176
     1
290
     1
176
     1
290
     1
176
     1
290
     0
176
     1
290
     0
176
     1
290
     0
176
     1
290
     0
176
     1
290
     0
176
     1
290
     0
176
     1
 90
       50
176
     1
 40
0.0
176
     1
 40
1.0
176
     1
 90
        0
176
     1
 62
    18
420
        0
176
     1
 90
       50
176
     1
 90
        3
176
     1
 62
     5
420
      255
176
     1
290
     0
176
     1
 90
       50
176
     1
 90
       50
176
     1
 90
       50
176
     1
290
     0
176
     1
 90
       50
176
     1
 62
   256
176
     0
 40
1.0
176
     0
 90
        2
176
     1
  1
strokes_ogs.tif
176
     1
290
     0
176
     1
 40
1.0
176
     1
 40
1.0
176
     1
  0
VISUALSTYLE
  5
1E6
102
{ACAD_REACTORS
330
EF
102
}
330
EF
100
AcDbVisualStyle
  2
EdgeColorOff
 70
    22
177
     3
291
     1
 70
    58
 90
        2
176
     0
 90
        2
176
     0
 90
        0
176
     0
 90
        0
176
     0
 40
0.6
176
     0
 40
30.0
176
     0
 62
     7
420
 16777215
176
     0
 90
        1
176
     0
 90
        4
176
     0
 62
     7
176
     0
 62
   257
176
     0
 90
        1
176
     0
 90
        1
176
     0
 40
1.0
176
     0
 90
        8
176
     2
 62
     7
176
     0
 40
1.0
176
     0
 90
        1
176
     0
 90
        6
176
     0
 90
        2
176
     0
 62
     7
176
     0
 90
        5
176
     0
 90
        0
176
     0
 90
        0
176
     0
290
     0
176
     0
 90
        1
176
     0
 40
0.0
176
     0
 90
        0
176
     0
290
     0
176
     1
290
     1
176
     1
290
     1
176
     1
290
     0
176
     1
290
     0
176
     1
290
     0
176
     1
290
     0
176
     1
290
     0
176
     1
290
     0
176
     1
 90
       50
176
     1
 40
0.0
176
     1
 40
1.0
176
     1
 90
        0
176
     1
 62
    18
420
        0
176
     1
 90
       50
176
     1
 90
        3
176
     1
 62
     5
420
      255
176
     1
290
     0
176
     1
 90
       50
176
     1
 90
       50
176
     1
 90
       50
176
     1
290
     0
176
     1
 90
       50
176
     1
 62
   256
176
     0
 40
1.0
176
     0
 90
        2
176
     1
  1
strokes_ogs.tif
176
     1
290
     0
176
     1
 40
1.0
176
     1
 40
1.0
176
     1
  0
VISUALSTYLE
  5
FE
102
{ACAD_REACTORS
330
EF
102
}
330
EF
100
AcDbVisualStyle
  2
Facepattern
 70
    15
177
     3
291
     1
 70
    58
 90
        2
176
     1
 90
        2
176
     1
 90
        1
176
     1
 90
        0
176
     1
 40
0.6
176
     1
 40
30.0
176
     1
 62
     7
420
 16777215
176
     1
 90
        1
176
     1
 90
        4
176
     1
 62
     7
176
     1
 62
   257
176
     1
 90
        1
176
     1
 90
        1
176
     1
 40
1.0
176
     1
 90
        8
176
     1
 62
     7
176
     1
 40
1.0
176
     1
 90
        1
176
     1
 90
        6
176
     1
 90
        2
176
     1
 62
     7
176
     1
 90
        5
176
     1
 90
        0
176
     1
 90
        0
176
     1
290
     0
176
     1
 90
        1
176
     1
 40
0.0
176
     1
 90
        0
176
     1
290
     0
176
     1
290
     1
176
     1
290
     1
176
     1
290
     0
176
     1
290
     0
176
     1
290
     0
176
     1
290
     0
176
     1
290
     0
176
     1
290
     0
176
     1
 90
       50
176
     1
 40
0.0
176
     1
 40
1.0
176
     1
 90
        0
176
     1
 62
    18
420
        0
176
     1
 90
       50
176
     1
 90
        3
176
     1
 62
     5
420
      255
176
     1
290
     0
176
     1
 90
       50
176
     1
 90
       50
176
     1
 90
       50
176
     1
290
     0
176
     1
 90
       50
176
     1
 62
   256
176
     0
 40
1.0
176
     0
 90
        2
176
     1
  1
strokes_ogs.tif
176
     1
290
     0
176
     1
 40
1.0
176
     1
 40
1.0
176
     1
  0
VISUALSTYLE
  5
F0
102
{ACAD_REACTORS
330
EF
102
}
330
EF
100
AcDbVisualStyle
  2
Flat
 70
     0
177
     3
291
     1
 70
    58
 90
        2
176
     1
 90
        1
176
     1
 90
        1
176
     1
 90
        2
176
     1
 40
0.6
176
     1
 40
30.0
176
     1
 62
     7
420
 16777215
176
     1
 90
        0
176
     1
 90
        0
176
     1
 62
     7
176
     1
 62
   257
176
     1
 90
        1
176
     1
 90
        1
176
     1
 40
1.0
176
     1
 90
        8
176
     1
 62
     7
176
     1
 40
1.0
176
     1
 90
        1
176
     1
 90
        6
176
     1
 90
        2
176
     1
 62
     7
176
     1
 90
        5
176
     1
 90
        0
176
     1
 90
        0
176
     1
290
     0
176
     1
 90
       13
176
     1
 40
0.0
176
     1
 90
        0
176
     1
290
     0
176
     1
290
     1
176
     1
290
     1
176
     1
290
     0
176
     1
290
     0
176
     1
290
     0
176
     1
290
     0
176
     1
290
     0
176
     1
290
     0
176
     1
 90
       50
176
     1
 40
0.0
176
     1
 40
1.0
176
     1
 90
        0
176
     1
 62
    18
420
        0
176
     1
 90
       50
176
     1
 90
        3
176
     1
 62
     5
420
      255
176
     1
290
     0
176
     1
 90
       50
176
     1
 90
       50
176
     1
 90
       50
176
     1
290
     0
176
     1
 90
       50
176
     1
 62
   256
176
     0
 40
1.0
176
     0
 90
        2
176
     1
  1
strokes_ogs.tif
176
     1
290
     0
176
     1
 40
1.0
176
     1
 40
1.0
176
     1
  0
VISUALSTYLE
  5
F1
102
{ACAD_REACTORS
330
EF
102
}
330
EF
100
AcDbVisualStyle
  2
FlatWithEdges
 70
     1
177
     3
291
     1
 70
    58
 90
        2
176
     1
 90
        1
176
     1
 90
        1
176
     1
 90
        2
176
     1
 40
0.6
176
     1
 40
30.0
176
     1
 62
     7
420
 16777215
176
     1
 90
        1
176
     1
 90
        0
176
     1
 62
     7
176
     1
 62
   257
176
     1
 90
        1
176
     1
 90
        1
176
     1
 40
1.0
176
     1
 90
        0
176
     1
 62
   257
176
     1
 40
1.0
176
     1
 90
        1
176
     1
 90
        6
176
     1
 90
        2
176
     1
 62
     7
176
     1
 90
        5
176
     1
 90
        0
176
     1
 90
        0
176
     1
290
     0
176
     1
 90
       13
176
     1
 40
0.0
176
     1
 90
        0
176
     1
290
     0
176
     1
290
     1
176
     1
290
     1
176
     1
290
     0
176
     1
290
     0
176
     1
290
     0
176
     1
290
     0
176
     1
290
     0
176
     1
290
     0
176
     1
 90
       50
176
     1
 40
0.0
176
     1
 40
1.0
176
     1
 90
        0
176
     1
 62
    18
420
        0
176
     1
 90
       50
176
     1
 90
        3
176
     1
 62
     5
420
      255
176
     1
290
     0
176
     1
 90
       50
176
     1
 90
       50
176
     1
 90
       50
176
     1
290
     0
176
     1
 90
       50
176
     1
 62
   256
176
     0
 40
1.0
176
     0
 90
        2
176
     1
  1
strokes_ogs.tif
176
     1
290
     0
176
     1
 40
1.0
176
     1
 40
1.0
176
     1
  0
VISUALSTYLE
  5
F2
102
{ACAD_REACTORS
330
EF
102
}
330
EF
100
AcDbVisualStyle
  2
Gouraud
 70
     2
177
     3
291
     1
 70
    58
 90
        2
176
     1
 90
        2
176
     1
 90
        1
176
     1
 90
        2
176
     1
 40
0.6
176
     1
 40
30.0
176
     1
 62
     7
420
 16777215
176
     1
 90
        0
176
     1
 90
        0
176
     1
 62
     7
176
     1
 62
   257
176
     1
 90
        1
176
     1
 90
        1
176
     1
 40
1.0
176
     1
 90
        0
176
     1
 62
     7
176
     1
 40
1.0
176
     1
 90
        1
176
     1
 90
        6
176
     1
 90
        2
176
     1
 62
     7
176
     1
 90
        5
176
     1
 90
        0
176
     1
 90
        0
176
     1
290
     0
176
     1
 90
       13
176
     1
 40
0.0
176
     1
 90
        0
176
     1
290
     0
176
     1
290
     1
176
     1
290
     1
176
     1
290
     0
176
     1
290
     0
176
     1
290
     0
176
     1
290
     0
176
     1
290
     0
176
     1
290
     0
176
     1
 90
       50
176
     1
 40
0.0
176
     1
 40
1.0
176
     1
 90
        0
176
     1
 62
    18
420
        0
176
     1
 90
       50
176
     1
 90
        3
176
     1
 62
     5
420
      255
176
     1
290
     0
176
     1
 90
       50
176
     1
 90
       50
176
     1
 90
       50
176
     1
290
     0
176
     1
 90
       50
176
     1
 62
   256
176
     0
 40
1.0
176
     0
 90
        2
176
     1
  1
strokes_ogs.tif
176
     1
290
     0
176
     1
 40
1.0
176
     1
 40
1.0
176
     1
  0
VISUALSTYLE
  5
F3
102
{ACAD_REACTORS
330
EF
102
}
330
EF
100
AcDbVisualStyle
  2
GouraudWithEdges
 70
     3
177
     3
291
     1
 70
    58
 90
        2
176
     1
 90
        2
176
     1
 90
        1
176
     1
 90
        2
176
     1
 40
0.6
176
     1
 40
30.0
176
     1
 62
     7
420
 16777215
176
     1
 90
        1
176
     1
 90
        0
176
     1
 62
     7
176
     1
 62
   257
176
     1
 90
        1
176
     1
 90
        1
176
     1
 40
1.0
176
     1
 90
        0
176
     1
 62
   257
176
     1
 40
1.0
176
     1
 90
        1
176
     1
 90
        6
176
     1
 90
        2
176
     1
 62
     7
176
     1
 90
        5
176
     1
 90
        0
176
     1
 90
        0
176
     1
290
     0
176
     1
 90
       13
176
     1
 40
0.0
176
     1
 90
        0
176
     1
290
     0
176
     1
290
     1
176
     1
290
     1
176
     1
290
     0
176
     1
290
     0
176
     1
290
     0
176
     1
290
     0
176
     1
290
     0
176
     1
290
     0
176
     1
 90
       50
176
     1
 40
0.0
176
     1
 40
1.0
176
     1
 90
        0
176
     1
 62
    18
420
        0
176
     1
 90
       50
176
     1
 90
        3
176
     1
 62
     5
420
      255
176
     1
290
     0
176
     1
 90
       50
176
     1
 90
       50
176
     1
 90
       50
176
     1
290
     0
176
     1
 90
       50
176
     1
 62
   256
176
     0
 40
1.0
176
     0
 90
        2
176
     1
  1
strokes_ogs.tif
176
     1
290
     0
176
     1
 40
1.0
176
     1
 40
1.0
176
     1
  0
VISUALSTYLE
  5
F7
102
{ACAD_REACTORS
330
EF
102
}
330
EF
100
AcDbVisualStyle
  2
Hidden
 70
     6
177
     3
291
     0
 70
    58
 90
        1
176
     1
 90
        2
176
     1
 90
        2
176
     1
 90
        0
176
     1
 40
0.6
176
     1
 40
30.0
176
     1
 62
     7
420
 16777215
176
     1
 90
        2
176
     1
 90
        2
176
     1
 62
     7
176
     1
 62
   257
176
     1
 90
        2
176
     1
 90
        1
176
     1
 40
40.0
176
     1
 90
        0
176
     1
 62
   257
176
     1
 40
1.0
176
     1
 90
        1
176
     1
 90
        6
176
     1
 90
        2
176
     1
 62
     7
176
     1
 90
        3
176
     1
 90
        0
176
     1
 90
        0
176
     1
290
     0
176
     1
 90
        1
176
     1
 40
0.0
176
     1
 90
        0
176
     1
290
     0
176
     1
290
     1
176
     1
290
     1
176
     1
290
     0
176
     1
290
     0
176
     1
290
     0
176
     1
290
     0
176
     1
290
     0
176
     1
290
     0
176
     1
 90
       50
176
     1
 40
0.0
176
     1
 40
1.0
176
     1
 90
        0
176
     1
 62
    18
420
        0
176
     1
 90
       50
176
     1
 90
        3
176
     1
 62
     5
420
      255
176
     1
290
     0
176
     1
 90
       50
176
     1
 90
       50
176
     1
 90
       50
176
     1
290
     0
176
     1
 90
       50
176
     1
 62
   256
176
     0
 40
1.0
176
     0
 90
        2
176
     1
  1
strokes_ogs.tif
176
     1
290
     0
176
     1
 40
1.0
176
     1
 40
1.0
176
     1
  0
VISUALSTYLE
  5
1E4
102
{ACAD_REACTORS
330
EF
102
}
330
EF
100
AcDbVisualStyle
  2
JitterOff
 70
    20
177
     3
291
     1
 70
    58
 90
        2
176
     0
 90
        2
176
     0
 90
        0
176
     0
 90
        0
176
     0
 40
0.6
176
     0
 40
30.0
176
     0
 62
     7
420
 16777215
176
     0
 90
        1
176
     0
 90
        4
176
     0
 62
     7
176
     0
 62
   257
176
     0
 90
        1
176
     0
 90
        1
176
     0
 40
1.0
176
     0
 90
       10
176
     2
 62
     7
176
     0
 40
1.0
176
     0
 90
        1
176
     0
 90
        6
176
     0
 90
        2
176
     0
 62
     7
176
     0
 90
        5
176
     0
 90
        0
176
     0
 90
        0
176
     0
290
     0
176
     0
 90
        1
176
     0
 40
0.0
176
     0
 90
        0
176
     0
290
     0
176
     1
290
     1
176
     1
290
     1
176
     1
290
     0
176
     1
290
     0
176
     1
290
     0
176
     1
290
     0
176
     1
290
     0
176
     1
290
     0
176
     1
 90
       50
176
     1
 40
0.0
176
     1
 40
1.0
176
     1
 90
        0
176
     1
 62
    18
420
        0
176
     1
 90
       50
176
     1
 90
        3
176
     1
 62
     5
420
      255
176
     1
290
     0
176
     1
 90
       50
176
     1
 90
       50
176
     1
 90
       50
176
     1
290
     0
176
     1
 90
       50
176
     1
 62
   256
176
     0
 40
1.0
176
     0
 90
        2
176
     1
  1
strokes_ogs.tif
176
     1
290
     0
176
     1
 40
1.0
176
     1
 40
1.0
176
     1
  0
VISUALSTYLE
  5
FD
102
{ACAD_REACTORS
330
EF
102
}
330
EF
100
AcDbVisualStyle
  2
Linepattern
 70
    14
177
     3
291
     1
 70
    58
 90
        2
176
     1
 90
        2
176
     1
 90
        1
176
     1
 90
        0
176
     1
 40
0.6
176
     1
 40
30.0
176
     1
 62
     7
420
 16777215
176
     1
 90
        1
176
     1
 90
        4
176
     1
 62
     7
176
     1
 62
   257
176
     1
 90
        7
176
     1
 90
        7
176
     1
 40
1.0
176
     1
 90
        8
176
     1
 62
     7
176
     1
 40
1.0
176
     1
 90
        1
176
     1
 90
        6
176
     1
 90
        2
176
     1
 62
     7
176
     1
 90
        5
176
     1
 90
        0
176
     1
 90
        0
176
     1
290
     0
176
     1
 90
        1
176
     1
 40
0.0
176
     1
 90
        0
176
     1
290
     0
176
     1
290
     1
176
     1
290
     1
176
     1
290
     0
176
     1
290
     0
176
     1
290
     0
176
     1
290
     0
176
     1
290
     0
176
     1
290
     0
176
     1
 90
       50
176
     1
 40
0.0
176
     1
 40
1.0
176
     1
 90
        0
176
     1
 62
    18
420
        0
176
     1
 90
       50
176
     1
 90
        3
176
     1
 62
     5
420
      255
176
     1
290
     0
176
     1
 90
       50
176
     1
 90
       50
176
     1
 90
       50
176
     1
290
     0
176
     1
 90
       50
176
     1
 62
   256
176
     0
 40
1.0
176
     0
 90
        2
176
     1
  1
strokes_ogs.tif
176
     1
290
     0
176
     1
 40
1.0
176
     1
 40
1.0
176
     1
  0
VISUALSTYLE
  5
1E5
102
{ACAD_REACTORS
330
EF
102
}
330
EF
100
AcDbVisualStyle
  2
OverhangOff
 70
    21
177
     3
291
     1
 70
    58
 90
        2
176
     0
 90
        2
176
     0
 90
        0
176
     0
 90
        0
176
     0
 40
0.6
176
     0
 40
30.0
176
     0
 62
     7
420
 16777215
176
     0
 90
        1
176
     0
 90
        4
176
     0
 62
     7
176
     0
 62
   257
176
     0
 90
        1
176
     0
 90
        1
176
     0
 40
1.0
176
     0
 90
        9
176
     2
 62
     7
176
     0
 40
1.0
176
     0
 90
        1
176
     0
 90
        6
176
     0
 90
        2
176
     0
 62
     7
176
     0
 90
        5
176
     0
 90
        0
176
     0
 90
        0
176
     0
290
     0
176
     0
 90
        1
176
     0
 40
0.0
176
     0
 90
        0
176
     0
290
     0
176
     1
290
     1
176
     1
290
     1
176
     1
290
     0
176
     1
290
     0
176
     1
290
     0
176
     1
290
     0
176
     1
290
     0
176
     1
290
     0
176
     1
 90
       50
176
     1
 40
0.0
176
     1
 40
1.0
176
     1
 90
        0
176
     1
 62
    18
420
        0
176
     1
 90
       50
176
     1
 90
        3
176
     1
 62
     5
420
      255
176
     1
290
     0
176
     1
 90
       50
176
     1
 90
       50
176
     1
 90
       50
176
     1
290
     0
176
     1
 90
       50
176
     1
 62
   256
176
     0
 40
1.0
176
     0
 90
        2
176
     1
  1
strokes_ogs.tif
176
     1
290
     0
176
     1
 40
1.0
176
     1
 40
1.0
176
     1
  0
VISUALSTYLE
  5
F9
102
{ACAD_REACTORS
330
EF
102
}
330
EF
100
AcDbVisualStyle
  2
Realistic
 70
     8
177
     3
291
     0
 70
    58
 90
        2
176
     1
 90
        3
176
     1
 90
        0
176
     1
 90
        2
176
     1
 40
0.6
176
     1
 40
30.0
176
     1
 62
     7
420
 16777215
176
     1
 90
        0
176
     1
 90
        0
176
     1
 62
     7
176
     1
 62
   257
176
     1
 90
        1
176
     1
 90
        1
176
     1
 40
1.0
176
     1
 90
        8
176
     1
 62
   257
176
     1
 40
1.0
176
     1
 90
        1
176
     1
 90
        6
176
     1
 90
        2
176
     1
 62
     7
176
     1
 90
        3
176
     1
 90
        0
176
     1
 90
        0
176
     1
290
     0
176
     1
 90
       13
176
     1
 40
0.0
176
     1
 90
        0
176
     1
290
     0
176
     1
290
     1
176
     1
290
     1
176
     1
290
     0
176
     1
290
     0
176
     1
290
     0
176
     1
290
     0
176
     1
290
     0
176
     1
290
     0
176
     1
 90
       50
176
     1
 40
0.0
176
     1
 40
1.0
176
     1
 90
        0
176
     1
 62
    18
420
        0
176
     1
 90
       50
176
     1
 90
        3
176
     1
 62
     5
420
      255
176
     1
290
     0
176
     1
 90
       50
176
     1
 90
       50
176
     1
 90
       50
176
     1
290
     0
176
     1
 90
       50
176
     1
 62
   256
176
     0
 40
1.0
176
     0
 90
        2
176
     1
  1
strokes_ogs.tif
176
     1
290
     0
176
     1
 40
1.0
176
     1
 40
1.0
176
     1
  0
VISUALSTYLE
  5
1F3
102
{ACAD_REACTORS
330
EF
102
}
330
EF
100
AcDbVisualStyle
  2
Shaded
 70
    27
177
     3
291
     0
 70
    58
 90
        2
176
     1
 90
        2
176
     1
 90
        1
176
     1
 90
        2
176
     1
 40
0.6
176
     1
 40
30.0
176
     1
 62
     7
420
 16777215
176
     1
 90
        0
176
     1
 90
        4
176
     1
 62
     7
176
     1
 62
   257
176
     1
 90
        1
176
     1
 90
        1
176
     1
 40
1.0
176
     1
 90
        8
176
     1
 62
   257
176
     1
 40
1.0
176
     1
 90
        1
176
     1
 90
        6
176
     1
 90
        2
176
     1
 62
     8
420
  7895160
176
     1
 90
        3
176
     1
 90
        0
176
     1
 90
        0
176
     1
290
     0
176
     1
 90
        5
176
     1
 40
0.0
176
     1
 90
        0
176
     1
290
     0
176
     1
290
     1
176
     1
290
     1
176
     1
290
     0
176
     1
290
     0
176
     1
290
     0
176
     1
290
     0
176
     1
290
     0
176
     1
290
     0
176
     1
 90
       50
176
     1
 40
0.0
176
     1
 40
1.0
176
     1
 90
        0
176
     1
 62
    18
420
        0
176
     1
 90
       50
176
     1
 90
        3
176
     1
 62
     5
420
      255
176
     1
290
     0
176
     1
 90
       50
176
     1
 90
       50
176
     1
 90
       50
176
     1
290
     0
176
     1
 90
       50
176
     1
 62
   256
176
     0
 40
1.0
176
     0
 90
        2
176
     1
  1
strokes_ogs.tif
176
     1
290
     0
176
     1
 40
1.0
176
     1
 40
1.0
176
     1
  0
VISUALSTYLE
  5
1F2
102
{ACAD_REACTORS
330
EF
102
}
330
EF
100
AcDbVisualStyle
  2
Shaded with edges
 70
    26
177
     3
291
     0
 70
    58
 90
        2
176
     1
 90
        2
176
     1
 90
        1
176
     1
 90
        2
176
     1
 40
0.6
176
     1
 40
30.0
176
     1
 62
     7
420
 16777215
176
     1
 90
        1
176
     1
 90
        2
176
     1
 62
     7
176
     1
 62
   257
176
     1
 90
        2
176
     1
 90
        1
176
     1
 40
1.0
176
     1
 90
        8
176
     1
 62
   257
176
     1
 40
1.0
176
     1
 90
        1
176
     1
 90
        6
176
     1
 90
        2
176
     1
 62
     7
176
     1
 90
        3
176
     1
 90
        0
176
     1
 90
        0
176
     1
290
     0
176
     1
 90
        5
176
     1
 40
0.0
176
     1
 90
        0
176
     1
290
     0
176
     1
290
     1
176
     1
290
     1
176
     1
290
     0
176
     1
290
     0
176
     1
290
     0
176
     1
290
     0
176
     1
290
     0
176
     1
290
     0
176
     1
 90
       50
176
     1
 40
0.0
176
     1
 40
1.0
176
     1
 90
        0
176
     1
 62
    18
420
        0
176
     1
 90
       50
176
     1
 90
        3
176
     1
 62
     5
420
      255
176
     1
290
     0
176
     1
 90
       50
176
     1
 90
       50
176
     1
 90
       50
176
     1
290
     0
176
     1
 90
       50
176
     1
 62
   256
176
     0
 40
1.0
176
     0
 90
        2
176
     1
  1
strokes_ogs.tif
176
     1
290
     0
176
     1
 40
1.0
176
     1
 40
1.0
176
     1
  0
VISUALSTYLE
  5
1EF
102
{ACAD_REACTORS
330
EF
102
}
330
EF
100
AcDbVisualStyle
  2
Shades of Gray
 70
    23
177
     3
291
     0
 70
    58
 90
        2
176
     1
 90
        2
176
     1
 90
        3
176
     1
 90
        0
176
     1
 40
0.6
176
     1
 40
30.0
176
     1
 62
     7
420
 16777215
176
     1
 90
        2
176
     1
 90
        2
176
     1
 62
     7
176
     1
 62
     7
176
     1
 90
        1
176
     1
 90
        1
176
     1
 40
40.0
176
     1
 90
        8
176
     1
 62
     7
176
     1
 40
1.0
176
     1
 90
        1
176
     1
 90
        6
176
     1
 90
        2
176
     1
 62
     7
176
     1
 90
        3
176
     1
 90
        0
176
     1
 90
        0
176
     1
290
     0
176
     1
 90
        1
176
     1
 40
0.0
176
     1
 90
        0
176
     1
290
     0
176
     1
290
     1
176
     1
290
     1
176
     1
290
     0
176
     1
290
     0
176
     1
290
     0
176
     1
290
     0
176
     1
290
     0
176
     1
290
     0
176
     1
 90
       50
176
     1
 40
0.0
176
     1
 40
1.0
176
     1
 90
        0
176
     1
 62
    18
420
        0
176
     1
 90
       50
176
     1
 90
        3
176
     1
 62
     5
420
      255
176
     1
290
     0
176
     1
 90
       50
176
     1
 90
       50
176
     1
 90
       50
176
     1
290
     0
176
     1
 90
       50
176
     1
 62
   256
176
     0
 40
1.0
176
     0
 90
        2
176
     1
  1
strokes_ogs.tif
176
     1
290
     0
176
     1
 40
1.0
176
     1
 40
1.0
176
     1
  0
VISUALSTYLE
  5
1F0
102
{ACAD_REACTORS
330
EF
102
}
330
EF
100
AcDbVisualStyle
  2
Sketchy
 70
    24
177
     3
291
     0
 70
    58
 90
        1
176
     1
 90
        2
176
     1
 90
        2
176
     1
 90
        0
176
     1
 40
0.6
176
     1
 40
30.0
176
     1
 62
     7
420
 16777215
176
     1
 90
        2
176
     1
 90
        2
176
     1
 62
     7
176
     1
 62
     7
176
     1
 90
        1
176
     1
 90
        1
176
     1
 40
40.0
176
     1
 90
       11
176
     1
 62
     7
176
     1
 40
1.0
176
     1
 90
        1
176
     1
 90
        6
176
     1
 90
        2
176
     1
 62
     7
176
     1
 90
        6
176
     1
 90
        0
176
     1
 90
        0
176
     1
290
     0
176
     1
 90
        1
176
     1
 40
0.0
176
     1
 90
        0
176
     1
290
     0
176
     1
290
     1
176
     1
290
     1
176
     1
290
     0
176
     1
290
     0
176
     1
290
     0
176
     1
290
     0
176
     1
290
     0
176
     1
290
     0
176
     1
 90
       50
176
     1
 40
0.0
176
     1
 40
1.0
176
     1
 90
        0
176
     1
 62
    18
420
        0
176
     1
 90
       50
176
     1
 90
        3
176
     1
 62
     5
420
      255
176
     1
290
     0
176
     1
 90
       50
176
     1
 90
       50
176
     1
 90
       50
176
     1
290
     0
176
     1
 90
       50
176
     1
 62
   256
176
     0
 40
1.0
176
     0
 90
        2
176
     1
  1
strokes_ogs.tif
176
     1
290
     0
176
     1
 40
1.0
176
     1
 40
1.0
176
     1
  0
VISUALSTYLE
  5
FC
102
{ACAD_REACTORS
330
EF
102
}
330
EF
100
AcDbVisualStyle
  2
Thicken
 70
    13
177
     3
291
     1
 70
    58
 90
        2
176
     1
 90
        2
176
     1
 90
        1
176
     1
 90
        0
176
     1
 40
0.6
176
     1
 40
30.0
176
     1
 62
     7
420
 16777215
176
     1
 90
        1
176
     1
 90
        4
176
     1
 62
     7
176
     1
 62
   257
176
     1
 90
        1
176
     1
 90
        1
176
     1
 40
1.0
176
     1
 90
       12
176
     1
 62
     7
176
     1
 40
1.0
176
     1
 90
        1
176
     1
 90
        6
176
     1
 90
        2
176
     1
 62
     7
176
     1
 90
        5
176
     1
 90
        0
176
     1
 90
        0
176
     1
290
     0
176
     1
 90
        1
176
     1
 40
0.0
176
     1
 90
        0
176
     1
290
     0
176
     1
290
     1
176
     1
290
     1
176
     1
290
     0
176
     1
290
     0
176
     1
290
     0
176
     1
290
     0
176
     1
290
     0
176
     1
290
     0
176
     1
 90
       50
176
     1
 40
0.0
176
     1
 40
1.0
176
     1
 90
        0
176
     1
 62
    18
420
        0
176
     1
 90
       50
176
     1
 90
        3
176
     1
 62
     5
420
      255
176
     1
290
     0
176
     1
 90
       50
176
     1
 90
       50
176
     1
 90
       50
176
     1
290
     0
176
     1
 90
       50
176
     1
 62
   256
176
     0
 40
1.0
176
     0
 90
        2
176
     1
  1
strokes_ogs.tif
176
     1
290
     0
176
     1
 40
1.0
176
     1
 40
1.0
176
     1
  0
VISUALSTYLE
  5
F6
102
{ACAD_REACTORS
330
EF
102
}
330
EF
100
AcDbVisualStyle
  2
Wireframe
 70
     5
177
     3
291
     0
 70
    58
 90
        0
176
     1
 90
        2
176
     1
 90
        0
176
     1
 90
        0
176
     1
 40
0.6
176
     1
 40
30.0
176
     1
 62
     7
420
 16777215
176
     1
 90
        1
176
     1
 90
        4
176
     1
 62
     7
176
     1
 62
   257
176
     1
 90
        1
176
     1
 90
        1
176
     1
 40
1.0
176
     1
 90
        0
176
     1
 62
   257
176
     1
 40
1.0
176
     1
 90
        1
176
     1
 90
        6
176
     1
 90
        2
176
     1
 62
     7
176
     1
 90
        3
176
     1
 90
        0
176
     1
 90
        0
176
     1
290
     0
176
     1
 90
        1
176
     1
 40
0.0
176
     1
 90
        0
176
     1
290
     0
176
     1
290
     1
176
     1
290
     1
176
     1
290
     0
176
     1
290
     0
176
     1
290
     0
176
     1
290
     0
176
     1
290
     0
176
     1
290
     0
176
     1
 90
       50
176
     1
 40
0.0
176
     1
 40
1.0
176
     1
 90
        0
176
     1
 62
    18
420
        0
176
     1
 90
       50
176
     1
 90
        3
176
     1
 62
     5
420
      255
176
     1
290
     0
176
     1
 90
       50
176
     1
 90
       50
176
     1
 90
       50
176
     1
290
     0
176
     1
 90
       50
176
     1
 62
   256
176
     0
 40
1.0
176
     0
 90
        2
176
     1
  1
strokes_ogs.tif
176
     1
290
     0
176
     1
 40
1.0
176
     1
 40
1.0
176
     1
  0
VISUALSTYLE
  5
1F1
102
{ACAD_REACTORS
330
EF
102
}
330
EF
100
AcDbVisualStyle
  2
X-Ray
 70
    25
177
     3
291
     0
 70
    58
 90
        2
176
     1
 90
        2
176
     1
 90
        1
176
     1
 90
        1
176
     1
 40
0.5
176
     1
 40
30.0
176
     1
 62
     7
420
 16777215
176
     1
 90
        1
176
     1
 90
        0
176
     1
 62
     7
176
     1
 62
   257
176
     1
 90
        1
176
     1
 90
        1
176
     1
 40
1.0
176
     1
 90
        8
176
     1
 62
     7
176
     1
 40
1.0
176
     1
 90
        1
176
     1
 90
        6
176
     1
 90
        2
176
     1
 62
     7
176
     1
 90
        3
176
     1
 90
        0
176
     1
 90
        0
176
     1
290
     0
176
     1
 90
       13
176
     1
 40
0.0
176
     1
 90
        0
176
     1
290
     0
176
     1
290
     1
176
     1
290
     1
176
     1
290
     0
176
     1
290
     0
176
     1
290
     0
176
     1
290
     0
176
     1
290
     0
176
     1
290
     0
176
     1
 90
       50
176
     1
 40
0.0
176
     1
 40
1.0
176
     1
 90
        0
176
     1
 62
    18
420
        0
176
     1
 90
       50
176
     1
 90
        3
176
     1
 62
     5
420
      255
176
     1
290
     0
176
     1
 90
       50
176
     1
 90
       50
176
     1
 90
       50
176
     1
290
     0
176
     1
 90
       50
176
     1
 62
   256
176
     0
 40
1.0
176
     0
 90
        2
176
     1
  1
strokes_ogs.tif
176
     1
290
     0
176
     1
 40
1.0
176
     1
 40
1.0
176
     1
  0
DICTIONARYVAR
  5
146
102
{ACAD_REACTORS
330
5E
102
}
330
5E
100
DictionaryVariables
280
     0
  1
1:1
  0
DICTIONARYVAR
  5
259
102
{ACAD_REACTORS
330
5E
102
}
330
5E
100
DictionaryVariables
280
     0
  1
3.500000
  0
DICTIONARYVAR
  5
25A
102
{ACAD_REACTORS
330
5E
102
}
330
5E
100
DictionaryVariables
280
     0
  1
acadiso.lin
  0
DICTIONARYVAR
  5
145
102
{ACAD_REACTORS
330
5E
102
}
330
5E
100
DictionaryVariables
280
     0
  1
STANDARD
  0
DICTIONARYVAR
  5
84
102
{ACAD_REACTORS
330
5E
102
}
330
5E
100
DictionaryVariables
280
     0
  1
STANDARD
  0
DICTIONARYVAR
  5
227
102
{ACAD_REACTORS
330
5E
102
}
330
5E
100
DictionaryVariables
280
     0
  1
Metric50
  0
DICTIONARYVAR
  5
228
102
{ACAD_REACTORS
330
5E
102
}
330
5E
100
DictionaryVariables
280
     0
  1
Metric50
  0
DICTIONARYVAR
  5
5F
102
{ACAD_REACTORS
330
5E
102
}
330
5E
100
DictionaryVariables
280
     0
  1
2
  0
DICTIONARYVAR
  5
63
102
{ACAD_REACTORS
330
5E
102
}
330
5E
100
DictionaryVariables
280
     0
  1
1
  0
DICTIONARYVAR
  5
1AE
102
{ACAD_REACTORS
330
5E
102
}
330
5E
100
DictionaryVariables
280
     0
  1
0
  0
DICTIONARYVAR
  5
1AF
102
{ACAD_REACTORS
330
5E
102
}
330
5E
100
DictionaryVariables
280
     0
  1
0
  0
DICTIONARY
  5
205
330
22
100
AcDbDictionary
280
     1
281
     1
  0
DICTIONARY
  5
1F9
330
ED
100
AcDbDictionary
280
     1
281
     1
  3
FBXASSET
360
1FA
  0
DICTIONARY
  5
1F7
330
EC
100
AcDbDictionary
280
     1
281
     1
  3
FBXASSET
360
1F8
  0
DICTIONARY
  5
173
330
EE
100
AcDbDictionary
280
     1
281
     1
  3
BUMPTILE
360
175
  3
DIFFUSETILE
360
174
  3
FBXASSET
360
1FB
  3
OPACITYTILE
360
176
  3
REFLECTIONTILE
360
177
  0
DICTIONARY
  5
162
330
7F
100
AcDbDictionary
280
     1
281
     1
  3
ACAD_ROUNDTRIP_2008_TABLESTYLE_CELLSTYLEMAP
360
178E
  0
XRECORD
  5
1FA
102
{ACAD_REACTORS
330
1F9
102
}
330
1F9
100
AcDbXrecord
280
     1
 70
     1
 90
429727718
  1
D62C5603-E3A1-4AEA-B7FB-FE5D8D0755AF
310
504B03040A0000080000CC70623B3DEE336E79000000790000001B0000006175746F6465736B2D64657369676E2D7061636B6167652E786D6C3C3F786D6C2076657273696F6E3D22312E302220656E636F64696E673D227574662D3822203F3E3C666F726D6174733E3C666F726D61743E687474703A2F2F736368656D612E
310
6175746F6465736B2E636F6D2F64657369676E2D7061636B6167652F323030393C2F666F726D61743E3C2F666F726D6174733E504B0304140006080800CC70623BD486FD9CA0000000F4000000130000005B436F6E74656E745F54797065735D2E786D6C7D8EC10E82300C865F65E91D8A1E8C310C0EEA1BF002731658846E
310
D98AC1B77784ABF1D8FE5FBFBF75BBCE937A534CCEB38643598122B6FEE978D0B0485F9C41B54DDD7D022595594E1A469170414C76A4D9A4D207E29CF43ECE46F218070CC6BECC4078ACAA135ACF422C856C0E68EA1BF5669944DDD7BCDE7B1F8E415D77AECB980613C2E4AC91FC167A2B244592486606FC29C8FD7F045B9A
310
EF7053A7E60B504B0304140006080800CC70623B853B8169EB0000007C01000008000000636F72652E786D6C8D90416EC3201045AF62CDB6C206821CC7C244919D9CA01740401C94182C03558F5F9C3852BBEB6A467FFE9B197D7EFC9E1EC5975982F5AE035262288C535E5B377690E21535501C055FBC8FBF6C503839990E
310
5619041F179FE64D52DE45E362569DD7661365082642A11EB9E920A89B99642953CC8E702F67A9EE7234257977194EC9EAE275C4EABCCF5EAD5940D4AC6F0E35A568B8F43562CD7046CD199FD07E60174276A7BE677B5EADB0E0D14EEFFB6A31321A0D82627C4084204C3F096B71DD52F6819B16635EADF63F509AF53FA164
310
5DDCD1EDDD17164090FCC8732078B56691CB33A85CD7DCC40F504B0304140006080800CC70623B55019EA25F0000007C00000007000000636E782E786D6C4DCB3B0E80201045D1AD90E915ED2CF8AC45050C11660C8261F98AB1B07AC9C97D42D718D865D3E909258CFD00CCE24AC6E326A164D74DC0B4128928FF32603847
310
2BA13128B1252AC747C6BAB984FC68F0B87FE8960A5C09FE86CFB69FBA01504B0304140006080800CC70623BDBABAAF470010000D40300000C0000006662782F636F72652E786D6CC553D16E823014FD95A6AF4B694182CC941A83FA05FB810A9511A125A5257EFE2E82712ECEB8A7F100CD39F7F69E734AF9FADC366850B6
310
AF8DCE7018308C942E4C59EB2AC3DE1D498AD15A706B8CFB56869196ADCAF00863C12B6B7C374385D14E6907A836A59A41D9F7CA615434B0C8705F7CAA5606D23BA8E84F41278B93AC54100640439DE0BDB320004D43C63716C7C399D30917DCFBBA9CD9BA8469F5B156168B24CED3F7248AC8769F27244EB73B92EED8862C
310
B7F13E0C179B3C8F979C8ECD82BBBABDAA2BAC924E9558448CBD9330242CFA08E3154B5651FCC6D215639C8EE5774DBE2B5F6CF2B5768B68963BB5F5588420E442FC700B1139D4CB01F450C1E918227C2E09DF070D8140C84E1E9AAB8F1340832A9CB13130A5F1376A908D57309505ECF2A0DF179C4E9D30F5B239B87E3823
310
7A79C6F31DE1A8A5AEC08474B03C7837EAE4938639B44E5932B833D2C6B6B279CDC613877FA26EE21F4A2A4C63EC7F29A2F301D1F9F7A0E37D145F504B0304140006080800CC70623B9C113CC27E0000009D0000000B0000006662782F636E782E786D6C4DCCDF0A83201C86E15B91DFB94BFB330DD428C8FB886521330DA7
310
6397BF1A1DECE883878F57749FCDA1B7892F1BBC047A23808C7F84D9FA55424E0BE6803A256208E9EF06C84F9B91703228B1C690F78B66B34CD9A5439DF5CF0BFBF65E35BCA1B8D6A5C6F540381E886698B5741C695F9503EBA150A2F8958E3DC3EA0B504B0304140006080800CC70623B7DF2F77C2A010000120200003100
310
00006662782F41393633353835312D344632462D344230382D423046372D3739314545314133324237412F636F72652E786D6C8D51DB8EC22014FC15C2939B0D2DB4B45643319AE817EC0F6041255A68B86CFCFC856D4D76DF7CE190393373060EDB3DC707F856CE6B6B7A480A0C81328395DA5C7B18C3057510EC3873D686
310
3F34088C18550F330C39BB3A1BA7051AAC09CA84841A2BD5020AEF55806078A44B0FFD7053A328440C89E1EFC52486BBB8AA8214A99D789CF9E05200300FC927E4FB4D5B375D43103D5527440FB843077C5AA3F5861C8F645F5787F59E95B390B318B55CE45AA638FAA2957BD7248B390B7A7CC51F9C124149C82B8C378810
310
84AB2F42B7B8DD56F413775B8C5999E9FF4471926F8AA236A1AE96B8B3CC434E5839373893369E1FAF30EA395917409EB7F26AF8801C171837A4A6AC9C89E9F9C9B1A58BA30FD6A5EF5DDDCF894B9AD9B6A59C957943A9FCAE2FD5BC4DFE03504B0304140006080800CC70623BAD7543B64E01000033030000300000006662
310
782F41393633353835312D344632462D344230382D423046372D3739314545314133324237412F636E782E786D6CD593CD6EC32010845F0571AD6CE3D48AD20813A9873E410FBD12D82434182C7EAAE6EDBB2424CD25871E7B41D6EC30B3FA84F9E67BB2E40B4234DE8DB46F1925E094D7C6ED479AD3AE5951B2113C789FEE
310
6C943839C1488B4C05DF079FE72A69D8C96C13AAD6B8631503449F83828872B949AC57D26200B826A308D316B4064D6E46FCDA41C05550DC9E483A00797BFD207EFB092A45DE9514C1BBD22178396BD39D891265658C238DEA00936C654E5E433CB65A26D9F6EDB5EBC14EBF49A45CB856E66048291F6939A9A81BB5C89177
310
38143CA680F4AA299D66A042CEB3354A2684DC9D8D178FE0D9B8B41CAAD720F880EE7EF93C0C18769E099ECC04D5A102C8049A8A05632F4DDF376CF1DE0F6BB65C2F8627B65A33C6BB62177CEBBDAD973006829F89F22E814B54F4BC2BE347F8AA8F681390B50FA73F804400B5F542E796F19FF974E7F78DB802FE05E20750
310
4B0304140006080800CC70623BE75B7789680500003C100000340000006662782F41393633353835312D344632462D344230382D423046372D3739314545314133324237412F6F626A656374732E786D6CAD575B8F9B3818FD2B887D06C22499CB8AA1CA655245D5B455A356FB305264C061D8018C6C3393D95FBFC7600890
310
A4CD5EF210B0B1BFEBF98E3F7B1FF6596ABC522E1296DF9BAE3D320D9A872C4AF2F8DE2CE5CEBA358D0FBEC719939D65A691938CDE9B6ADAF4BD98B3B2D05311DD91329583D9D5FC0F438434A7A611A644887B5384CF34233629258BA878B12322891DEFF6B66BD70BFB62634E8AE781D082709A4B588AF91C528CDA28B73F
310
1C998EEF39EABBEFA97FBD6A7C7E9553F9D3D79FE442923C3C523610337627CB87ABE99D359D4CC6D6E4FACAB5E6ABF9D2726FC6A3C5F56271377BB88362213924694B38DD99FE47C48627A1E7D49F5A8BB5E1A74C0A599ED3B0F21F1E56366B89112D681E218F0915D0D6F17AD41FBA2A369DCF6335D62ABBD39779D5DDD1
310
11D4D8DE3CBB96B2E04FB8202E41051754A1AA8E8F76B4C6DFE810B580B1547F4B84911149794252234D024EF8BBE963A95AE27B3D310A9D5C215C7960FAEE415ED75694C6AFB17BCACA5D99A60A9AA65F217B0BFC53292ACB92BF283FAD0D3621576592CB5BED907C2FA8E9DF794E35E97BEA31BED21FEB401ABB94C44839
310
DCACBF0E1C5DA8DA5B2F4DFFD32AD86F543D9E565E7056502E157C00AD2671CD534549AB752FCA9CDA00677A313F04E51B22FF19E57B300579E3C97EB29F682D92935CEC18CF901B7B54FD8C51F362B56FC72FE0B3C1EAE335EDCCBF5AEC39ADB17DC238973F804BA5E6F6BFE7AF1FB32E523BE9F3BD571418E3631DCA4D48
310
5250CF639223210A9446CA30052EDF057BD35F8329C1ECD84552BF0DC8D18BE7BCE23BFE6BD960AB4A7DE79923A103BEBD80F911CBAA2C60DB19B01CF164A5583B772EE6D3FFA56666CBCDA74DC97724A48F9A58967497E489C4D979006FD7A05E227A1EBDD0F737C623387A9C844D3709995625106D157315F8B8392CD4E0
310
A0B9A720C4BE9829CEF37EA1E13111214D53925356365ADA634861B52519DD27A00AEB808EAF0628E6F435519D446F45CF2C9CF5214F0A15B2F6D06B79DA3EE3CBF7F56780D2F4E7EF73A0F5E5B02A38D07DC852C6B7C1FBB6664213E0C39E3EBA7FF4E1AD23EA2829407C85E586727488B751B2DB9502BC7B228A3FD68B6E
310
A65A22397E690AA8D158D7E404EC8CDA235CC3B7D1898680131CEC2CDF2638C65196279577750F15884AEE19F94199155B92B13297978469D4F8D358DF0AEF7631E28DC8F0D9F437D5D39A83B2231A1D52D543813A824EF8D44BCFF2FA6A31BD1E8DAD87F1CCB526B3879935BF59CDADD5C37479BB1CDD4CA7B3556B516589
310
EF352754B706114D9C885EC9131DE6EFEB43D99AFE2391C2F958179413D7CFEF6B1B6DB1E7600F00DE6E5C67454A339A4BA2E0FBA85ED26F045D454F463DBFCE484C2F90F2E5E3666003662ED8F755951A7D1BECD5B30B550B2785C8E7320B7292A4838DDA71BBC863ED7613CAF659337A3354231D4FF4A182A54904C2898C
310
98B28C4AD0CE056CCF332A80986E571EE9DBC305BB5FEB7E509220A58D25CF042D712A806AC0AD0C657FDEF80D2D9CEAA2EE4D1C76F60BFE74219A06527D6F82DF6412526107381E55E353090704D085B52408A8913C4ED159D79BDA71BB4BC506F4831350EB6F975CD22D69BF7AC49B91A2C0A9DDA3D5CA36AD20FC478E37
310
E61844E2352865EBCB61A275A65283CAAA9DD27703B4102F5AF51EF5F573B75CBB5AD38BC845F7A49F82A0966A49C2E3EA5EA0ECD326CD965F1DB402C6FA8B51A4658C5C5E2EC9E214602E55810345408596591009A82E7E7FFACA19EEA299B14A0081A705CB3296EBC14CDF658DCD336EA6D1136881AAEB87B81AB9EE53D5
310
F5EB8BC8362082DA24122F98680A4E7930C01A0079749CEA14382A0783E5EBA5A10F8C098456A03D6A4AEB6BB881E2513747552A5DB22C7EDAF83BD5528081A365F7FF06504B0304140006080000CC70623B000000000000000000000000350000006662782F41393633353835312D344632462D344230382D423046372D37
310
39314545314133324237412F76657274696365732E62696E504B0304140006080800CC70623BF270F1330600000004000000360000006662782F41393633353835312D344632462D344230382D423046372D3739314545314133324237412F747269616E676C65732E62696E636660600000504B0304140006080000CC7062
310
3B000000000000000000000000370000006662782F41393633353835312D344632462D344230382D423046372D3739314545314133324237412F617474726962757465732E62696E504B0304140006080800CC70623B08DA0BD19000000041010000360000006662782F41393633353835312D344632462D344230382D4230
310
46372D3739314545314133324237412F6469726563746F72792E786D6C858F410AC3201045AF22B36F53E9A60B35CBEEBAE80D244E44489C6234F4F835464A48035D0DF398FF9F8AF63D0E6CC63039F212F8F9020C7D47C6792B21C5FE7403D62A1188E2E60C98D7234A5830286103A55745067B9D86B8A3CF9C7F90C11DE6
310
07FB144396D7B6A82D282E9A152AD114D5EF2CB866EEE831B8EEA07A7BB5A8D7D61A2BAAEB7FD5F70921FF497D00504B0304140006080800CC70623BEDD1DC58FD000000A00100003B0000006662782F41393633353835312D344632462D344230382D423046372D3739314545314133324237412F7265736F75726365732F
310
636F72652E786D6C8D504B6E833010BD0A9A6D65B00922041947112427E8052C33A156828DFCA97AFC9A40A576D7CDCCE87D344F8F9FBFE667F689CE6B6B3A6039850C8DB2A336530731DC4903D95970676DF82583CCC8193B5861107C72362E3BA4AC096842428D1D7107A5F7182053CF7474E0D507CE32973124857FE48B
310
540F3961CEF244279DE03EB81420DB9EAC1384436FA353E879B1B182C7A8C75DA3C7F453DF353A1075D537A7BA6464B8F535A99AE14A9A2BBD90E350DD183B5CFABE3AF262350B1EF4FC9351399401471025A527C218A1E53BAB5A5AB765F5469B96525EACF23FA6B88CFF34456DC2A1DCE36E360F82A5202F42F062ED2BAD
310
579969AFDD8A6F504B010214000A0000080000CC70623B3DEE336E79000000790000001B00000000000000000000000000000000006175746F6465736B2D64657369676E2D7061636B6167652E786D6C504B01021400140006080800CC70623BD486FD9CA0000000F40000001300000000000000000000000000B20000005B
310
436F6E74656E745F54797065735D2E786D6C504B01021400140006080800CC70623B853B8169EB0000007C010000080000000000000000000000000083010000636F72652E786D6C504B01021400140006080800CC70623B55019EA25F0000007C000000070000000000000000000000000094020000636E782E786D6C504B
310
01021400140006080800CC70623BDBABAAF470010000D40300000C00000000000000000000000000180300006662782F636F72652E786D6C504B01021400140006080800CC70623B9C113CC27E0000009D0000000B00000000000000000000000000B20400006662782F636E782E786D6C504B01021400140006080800CC70
310
623B7DF2F77C2A010000120200003100000000000000000000000000590500006662782F41393633353835312D344632462D344230382D423046372D3739314545314133324237412F636F72652E786D6C504B01021400140006080800CC70623BAD7543B64E010000330300003000000000000000000000000000D2060000
310
6662782F41393633353835312D344632462D344230382D423046372D3739314545314133324237412F636E782E786D6C504B01021400140006080800CC70623BE75B7789680500003C10000034000000000000000000000000006E0800006662782F41393633353835312D344632462D344230382D423046372D3739314545
310
314133324237412F6F626A656374732E786D6C504B01021400140006080000CC70623B0000000000000000000000003500000000000000000000000000280E00006662782F41393633353835312D344632462D344230382D423046372D3739314545314133324237412F76657274696365732E62696E504B01021400140006
310
080800CC70623BF270F133060000000400000036000000000000000000000000007B0E00006662782F41393633353835312D344632462D344230382D423046372D3739314545314133324237412F747269616E676C65732E62696E504B01021400140006080000CC70623B0000000000000000000000003700000000000000
310
000000000000D50E00006662782F41393633353835312D344632462D344230382D423046372D3739314545314133324237412F617474726962757465732E62696E504B01021400140006080800CC70623B08DA0BD1900000004101000036000000000000000000000000002A0F00006662782F41393633353835312D344632
310
462D344230382D423046372D3739314545314133324237412F6469726563746F72792E786D6C504B01021400140006080800CC70623BEDD1DC58FD000000A00100003B000000000000000000000000000E1000006662782F41393633353835312D344632462D344230382D423046372D3739314545314133324237412F7265
310
736F75726365732F636F72652E786D6C504B0506000000000E000E0080040000641100000000
  0
XRECORD
  5
1F8
102
{ACAD_REACTORS
330
1F7
102
}
330
1F7
100
AcDbXrecord
280
     1
 70
     1
 90
429727718
  1
30362254-06B7-45E0-A893-8CFA70E3D6BC
310
504B03040A0000080000CC70623B3DEE336E79000000790000001B0000006175746F6465736B2D64657369676E2D7061636B6167652E786D6C3C3F786D6C2076657273696F6E3D22312E302220656E636F64696E673D227574662D3822203F3E3C666F726D6174733E3C666F726D61743E687474703A2F2F736368656D612E
310
6175746F6465736B2E636F6D2F64657369676E2D7061636B6167652F323030393C2F666F726D61743E3C2F666F726D6174733E504B0304140006080800CC70623BD486FD9CA0000000F4000000130000005B436F6E74656E745F54797065735D2E786D6C7D8EC10E82300C865F65E91D8A1E8C310C0EEA1BF002731658846E
310
D98AC1B77784ABF1D8FE5FBFBF75BBCE937A534CCEB38643598122B6FEE978D0B0485F9C41B54DDD7D022595594E1A469170414C76A4D9A4D207E29CF43ECE46F218070CC6BECC4078ACAA135ACF422C856C0E68EA1BF5669944DDD7BCDE7B1F8E415D77AECB980613C2E4AC91FC167A2B244592486606FC29C8FD7F045B9A
310
EF7053A7E60B504B0304140006080800CC70623B1EC5D7A3EB0000007C01000008000000636F72652E786D6C8D90416EC3201045AF82665B6103C6756C6122AB4D4ED00B204C5C94182C03558F5F9C3852BBEB6A467FFE9B197D71FC9E6FE8CBACC17AD7032D0820E3B41FAD9B7A48F1820F808E52ACDEC75F36404ECDA687
310
4D0629A6D5A76597B477D1B89855E747B38B2A041301E95B6E7A08FAD3CCAA50296647B8168BD2573599823EBB0CA76447F43862C7BCCF5EAC59410E4DDD9C7973C2755553CCCFA4C603E3040F1565ED3B1FDE4E432BCA0D9622DAF9795FAF464533826484B498524CD807E51D79ED187F21878E10516EF63F505AC67F42C9
310
BA58B1FDDD071640D2FCC87D2045B96591CB3DA85CB7DCE40F504B0304140006080800CC70623B55019EA25F0000007C00000007000000636E782E786D6C4DCB3B0E80201045D1AD90E915ED2CF8AC45050C11660C8261F98AB1B07AC9C97D42D718D865D3E909258CFD00CCE24AC6E326A164D74DC0B4128928FF32603847
310
2BA13128B1252AC747C6BAB984FC68F0B87FE8960A5C09FE86CFB69FBA01504B0304140006080800CC70623B8C9102E971010000D40300000C0000006662782F636F72652E786D6CC5535B6E833010BC8AE5DF0A6C08340F1947A84D4ED00B38C6A128602363A31CBFCB234A53A551FA553EC09AD9F5CE8C31DB9E9B1AF5CA
310
7695D1198E428A91D2D214952E33ECDD315861B4E5CC1AE3BE9561A445A3323CC098B3D21ADFCE9034DA29ED00D5A6503328BA4E398C640D8B0C77F253352214DE4145770A5B214FA2546114020D759C75CE8200340D19DE981F0F6746269C33EFAB6266AB02A655C74A59CCF365BADC27CB5D902ED22848F6340DF238A141
310
BE88E2F57B92BFEDF23523433367AE6A2EEAA455C2A902F398D2751045018D3FA264435F3771F242571B4A1919CA6F9A7C5B3CD9E42BED16F12C776AEB308F40C848FC700B1139D4891EF410CEC810227CC6846F8386402064270EF5C5C709A05E49676C024C61FC95EA45ED154CA5211D1FF4FB8291A913A68E9B83EBBB33
310
E2A7673CDE118E5AE8124C0807CB8377834E366998436B950D7A7746DAD846D4CFD978E0F04FD455FC5D49D2D4C6FE9722321F10997F0F32DC47FE05504B0304140006080800CC70623BFFEA85907E0000009D0000000B0000006662782F636E782E786D6C4DCCD10A83201886E15B91FFDC95D95A811AB6F23E625948A6C3
310
E9D8E5AF46073BFAE0E1E365ED67B3E8ADC3CB78C7815C7240DA3DFC64DCC221C519D7805AC182F7F1EF06C88D9BE6703008B6049F9E274D7A1E938DBB5AE3D6131B2589BA0D3D965551E0B2EA732C9B9A624AAEB41E3A557677029960D9AFB4EF11165F504B0304140006080800CC70623B4FEEA4082C0100001202000031
310
0000006662782F39464131463745442D413632322D343644302D413938332D3331353338454246344243312F636F72652E786D6C8D515B6EC32010BC0AE2AB55850DD871ED0813254D72825EC00192A2C460F1A872FC42ED48ED5F7E00CDCECCCEB26C731F6FE05B39AFADE921293004CA082BB5B9F43086336A21D870E6AC
310
0D7F68109861543DCC30E4ECE26C9C164858139409093556AA051CBC570102714B8F1E7AF1A5C6A11862480C7F2DA6415C878B2A4891CA89C7990F2E050073937C42DE1DB7E4F87ED8A36D4329AA9B3D46DBAEAD504556557BD81DEBDD0761E52CE42C462D17B996298E3E6BE59E35C962CE821E1FF18553435012728A7187
310
0841987E927A8D9B35ADDF70BBC6989599FE4F1427F9A4286A132ABAC49D651EF234CD5CE04CDA78BA3DC2A8FB645D00B9DF8B57E215725C60BCA2A463E54C4CE327C7A65E1C7DB02E7DEFCBF594B864C5CA6CDBD49C957943E9FA5D5FBAF336F90F504B0304140006080800CC70623BAD7543B64E01000033030000300000
310
006662782F39464131463745442D413632322D343644302D413938332D3331353338454246344243312F636E782E786D6CD593CD6EC32010845F0571AD6CE3D48AD20813A9873E410FBD12D82434182C7EAAE6EDBB2424CD25871E7B41D6EC30B3FA84F9E67BB2E40B4234DE8DB46F1925E094D7C6ED479AD3AE5951B2113C
310
789FEE6C943839C1488B4C05DF079FE72A69D8C96C13AAD6B8631503449F83828872B949AC57D26200B826A308D316B4064D6E46FCDA41C05550DC9E483A00797BFD207EFB092A45DE9514C1BBD22178396BD39D891265658C238DEA00936C654E5E433CB65A26D9F6EDB5EBC14EBF49A45CB856E66048291F6939A9A81BB5
310
C8917738143CA680F4AA299D66A042CEB3354A2684DC9D8D178FE0D9B8B41CAAD720F880EE7EF93C0C18769E099ECC04D5A102C8049A8A05632F4DDF376CF1DE0F6BB65C2F8627B65A33C6BB62177CEBBDAD973006829F89F22E814B54F4BC2BE347F8AA8F681390B50FA73F804400B5F542E796F19FF974E7F78DB802FE05
310
E207504B0304140006080800CC70623B16AB87BA640500003C100000340000006662782F39464131463745442D413632322D343644302D413938332D3331353338454246344243312F6F626A656374732E786D6CAD575B6FA33818FD2B887DE6924B3BED8A326A92B68A663B534DD4D13E548A0C38942D60649B369D5FBFC7
310
600890A493BDE42160637FD7F31D7FF63E6FB3D478A55C242CBF3247B66B1A340F5994E4F19559CA8D75611A9F7D8F33263BCB4C232719BD32D5B4E97B316765A1A722BA21652A07B3B7B33F0D11D29C9A46981221AE4C113ED38CD8A4942CA2E2C58E882476BCD9DA23BB5ED8171B73523C0F841684D35CC252CCE79062D4
310
468DFA43D7747CCF51DF7D4FFDEB5593E3AB9CCA9FBEFE241792E4E19EB28198C968BAB8199F5D5A67D3E9C49A9E8F47D6EC76B6B0469F26EEFC7C3EBFBCBEB98462213924694B38DD98FE1D62C393D073EA4FADC5DAF04326852CCF6958F90F0F2B9BB5C48816348F90C7840A68EB78EDF68723159BCEE7891A6B95DDE9D3
310
BCEAEEE8086A6C6F9E5D4B59F0175C10A7A0820BAA5055C7473B5AE3CFDD452D602CD5DF12616444529E90D448938013FE6EFA58AA96F85E4F8C42275708571E98FE6827AF6B2B4AE3D7D83D64E5A64C53054DD3AF90BD06FEA9149565C94FCA0F6B834DC85599E4F2423B24DF0B6AFA979E534DFA9E7A4CC6FA631D486393
310
921829879BF5D781A373557BCB85E97FB90DB62B558F8795179C15944B051F40AB495CF35451D26A4727654E6D8033BD98EF82F21D91FF8AF2DD9982BCF1643BDD4EB516C9492E368C67C88DED563FC36D5EACF66DFF057C3658BDBFA69DF9578B3DA735B64F18C7F20770A9D45CFCF7FCF563D6456A277DBEF78A02637CA2
310
43B90A490AEAB94F72244481D24819A6C0E59B606BFA4B3025981DBB48EAB701D97BF19C577CC77F2D1B6C55A9EF3C732474C0B727303F625995056C3B02963D9EAC146BE78EC5FCEC7FA999EBC5EACBAAE41B12D27B4D2C0BBA49F244E2ECDC81B76B502F113D8F5EE8FB1BE3111CDD4FC2AA9B844CAB1288B68AB90A7CDC
310
1C166AB0D3DC5310625FCC14E779BFD0709F8890A629C9292B1B2DED31A4B0DA928CEE135085754027E3018A397D4D5427D15BD1330B677DC8934285AC3DF45A9EB68FF8F2B8FC0A509AFEECFD0FF2DE25CC6047F7214B195F07EFEB9A094D800F7BFAE8FED187B78EA8A3A400F115961BCAD1215E47C966530AF0EE8128FE
310
58CEBB996A8964FFA529A046635D9353B0336A8F700DDF46271A024E70B0B37C9DE01847591E54DED53D54202AB947E4076556AC49C6CA5C9E1226B7F1A7B1BE15DEED62C41B91E1B3E9AFAAA735036547343A925075041DF0A9979E893B391F8FCFA6967B3EFB644DCF6E5CEBFAE272625DCC6FAF3FB93793C5F90CE1EF57
310
407342756B10D1C489E8953CD1617E5CEECAD6F4EF8914CE5D5D504E5C3F1F9736DA62CFC11E00BCDDB8CC8A9466349744C1F75EBDA4DF09BA8A9E8C7A7E9991989E20E5DBDD6A6003664ED8F7A04A8DBE0DF6EAD9B9AA858342E47399053949D2C146EDB85DE4B176BB0965FBAC19BD19AA918E27FA50C1D22402E144464C
310
59462568E704B6E71915404CB72B8FF4EDE184DDAF753F284990D2C6926782963815403548A70C657FDEF80D2D9CEAA2AE4C1C76F60BFE74219A06527D6582DF6412526107381E55E353090704D085B52408D0933C4ED159D79BDA71BB4BC506F4831350EB6F979CD22D69BF7AC49B91A2C0A9DDA3D5CA36AD20FC478E37E6
310
1844E2352865EBCB6EA275A652E3836BE04EFB400BF1A2556F515F1FBB35B2AB35BD889C744FFA1004B5544B121E57F70215746DD2F5E2C1412B602CBF19455AC6C8E5E9922C4E01E65215385004546899059180EAFCF7A707CE7017CD8CDB0410789AB32C63B91E5CEBBBACB17AC6CD347A022D5075FD106377347AAABA7E
310
7D11590744509B44E205134DC1290F06580320F78E537D3D73540E06CB970B431F185308AD40BBD794D6D77003C5A36E8EAA54BA64597CD8F83BD552A080A365F7FF06504B0304140006080000CC70623B000000000000000000000000350000006662782F39464131463745442D413632322D343644302D413938332D3331
310
353338454246344243312F76657274696365732E62696E504B0304140006080800CC70623BF270F1330600000004000000360000006662782F39464131463745442D413632322D343644302D413938332D3331353338454246344243312F747269616E676C65732E62696E636660600000504B0304140006080000CC70623B
310
000000000000000000000000370000006662782F39464131463745442D413632322D343644302D413938332D3331353338454246344243312F617474726962757465732E62696E504B0304140006080800CC70623B08DA0BD19000000041010000360000006662782F39464131463745442D413632322D343644302D413938
310
332D3331353338454246344243312F6469726563746F72792E786D6C858F410AC3201045AF22B36F53E9A60B35CBEEBAE80D244E44489C6234F4F835464A48035D0DF398FF9F8AF63D0E6CC63039F212F8F9020C7D47C6792B21C5FE7403D62A1188E2E60C98D7234A5830286103A55745067B9D86B8A3CF9C7F90C11DE607
310
FB144396D7B6A82D282E9A152AD114D5EF2CB866EEE831B8EEA07A7BB5A8D7D61A2BAAEB7FD5F70921FF497D00504B0304140006080800CC70623B0D6EF93BFE000000A00100003B0000006662782F39464131463745442D413632322D343644302D413938332D3331353338454246344243312F7265736F75726365732F63
310
6F72652E786D6C8D50596E833010BD0A9ADFCA60B334011947A8694ED00B586642AC041B79A97AFC9A40A5F6AF3F33A3B7689E1E3F7DCD8FEC139DD7D6F4C0720A191A65476DA61E62B892236427C19DB5E1970C322367EC618541F0C9D9B8EC90B226A009093576C41D94DE63804C3DD2D18357379C652E63480A7FCF17A9
310
EE72C29CE5894E3AC17D702940B63D59270887DE46A7D0F36263058F518FBB468FE9A7BE6A7420864373B8D4873369AA8691FA421B3294352543C5CAF65C0F6FEF43CB8BD52C78D0F34F46E550061C419494B6843142CB0F5677F4B52BEB177AEC28E5C52AFF638ACBF84F53D42654E51E77B379102C05791282176B5F693D
310
CB4C7BED567C03504B010214000A0000080000CC70623B3DEE336E79000000790000001B00000000000000000000000000000000006175746F6465736B2D64657369676E2D7061636B6167652E786D6C504B01021400140006080800CC70623BD486FD9CA0000000F40000001300000000000000000000000000B20000005B
310
436F6E74656E745F54797065735D2E786D6C504B01021400140006080800CC70623B1EC5D7A3EB0000007C010000080000000000000000000000000083010000636F72652E786D6C504B01021400140006080800CC70623B55019EA25F0000007C000000070000000000000000000000000094020000636E782E786D6C504B
310
01021400140006080800CC70623B8C9102E971010000D40300000C00000000000000000000000000180300006662782F636F72652E786D6C504B01021400140006080800CC70623BFFEA85907E0000009D0000000B00000000000000000000000000B30400006662782F636E782E786D6C504B01021400140006080800CC70
310
623B4FEEA4082C0100001202000031000000000000000000000000005A0500006662782F39464131463745442D413632322D343644302D413938332D3331353338454246344243312F636F72652E786D6C504B01021400140006080800CC70623BAD7543B64E010000330300003000000000000000000000000000D5060000
310
6662782F39464131463745442D413632322D343644302D413938332D3331353338454246344243312F636E782E786D6C504B01021400140006080800CC70623B16AB87BA640500003C1000003400000000000000000000000000710800006662782F39464131463745442D413632322D343644302D413938332D3331353338
310
454246344243312F6F626A656374732E786D6C504B01021400140006080000CC70623B0000000000000000000000003500000000000000000000000000270E00006662782F39464131463745442D413632322D343644302D413938332D3331353338454246344243312F76657274696365732E62696E504B01021400140006
310
080800CC70623BF270F133060000000400000036000000000000000000000000007A0E00006662782F39464131463745442D413632322D343644302D413938332D3331353338454246344243312F747269616E676C65732E62696E504B01021400140006080000CC70623B0000000000000000000000003700000000000000
310
000000000000D40E00006662782F39464131463745442D413632322D343644302D413938332D3331353338454246344243312F617474726962757465732E62696E504B01021400140006080800CC70623B08DA0BD190000000410100003600000000000000000000000000290F00006662782F39464131463745442D413632
310
322D343644302D413938332D3331353338454246344243312F6469726563746F72792E786D6C504B01021400140006080800CC70623B0D6EF93BFE000000A00100003B000000000000000000000000000D1000006662782F39464131463745442D413632322D343644302D413938332D3331353338454246344243312F7265
310
736F75726365732F636F72652E786D6C504B0506000000000E000E0080040000641100000000
  0
XRECORD
  5
175
102
{ACAD_REACTORS
330
173
102
}
330
173
100
AcDbXrecord
280
     1
270
     1
271
     1
  0
XRECORD
  5
174
102
{ACAD_REACTORS
330
173
102
}
330
173
100
AcDbXrecord
280
     1
270
     1
271
     1
  0
XRECORD
  5
1FB
102
{ACAD_REACTORS
330
173
102
}
330
173
100
AcDbXrecord
280
     1
 70
     0
 90
1673772943
  1
ECE7A1D2-D628-4531-984C-D00F80459256
310
504B03040A0000080000CC70623B3DEE336E79000000790000001B0000006175746F6465736B2D64657369676E2D7061636B6167652E786D6C3C3F786D6C2076657273696F6E3D22312E302220656E636F64696E673D227574662D3822203F3E3C666F726D6174733E3C666F726D61743E687474703A2F2F736368656D612E
310
6175746F6465736B2E636F6D2F64657369676E2D7061636B6167652F323030393C2F666F726D61743E3C2F666F726D6174733E504B0304140006080800CC70623BD486FD9CA0000000F4000000130000005B436F6E74656E745F54797065735D2E786D6C7D8EC10E82300C865F65E91D8A1E8C310C0EEA1BF002731658846E
310
D98AC1B77784ABF1D8FE5FBFBF75BBCE937A534CCEB38643598122B6FEE978D0B0485F9C41B54DDD7D022595594E1A469170414C76A4D9A4D207E29CF43ECE46F218070CC6BECC4078ACAA135ACF422C856C0E68EA1BF5669944DDD7BCDE7B1F8E415D77AECB980613C2E4AC91FC167A2B244592486606FC29C8FD7F045B9A
310
EF7053A7E60B504B0304140006080800CC70623BD9DDAED0EC0000007C01000008000000636F72652E786D6C8D90416EC3201045AF82665B61836D9CD8C2444DD39CA01740405C94182C03558F5F9C3852BBEB6A467FFE9B197D7EF89E6EE8CB2CC17A37002D0820E394D7D68D03A478C17B4007C117EFE32F1B20272733C0
310
2A83E0E3E2D3BC49CABB685CCCAAF3DA6CA20CC14440EA969B0182FA34932C648AD911AEC52CD5558EA6A0CF2EC329598D1E47ACCEFBECC59A050463A7EA5833865FEBDD0E37353BE3EE8DBDE3F6786A48D375FBF6CC78B9C282473B3DEFABC5C86834888A900E538A49F5419B9EB47DD5BC907D4F082F57FB1F28CDFA9F50
310
B22ED6D5F6EE030B20687EE43E10BC5CB3C8E51E54AE6B6EE207504B0304140006080800CC70623B55019EA25F0000007C00000007000000636E782E786D6C4DCB3B0E80201045D1AD90E915ED2CF8AC45050C11660C8261F98AB1B07AC9C97D42D718D865D3E909258CFD00CCE24AC6E326A164D74DC0B4128928FF326038
310
472BA13128B1252AC747C6BAB984FC68F0B87FE8960A5C09FE86CFB69FBA01504B0304140006080800CC70623BA24EB22D72010000D40300000C0000006662782F636F72652E786D6CC5535B6E833010BC8AE5DF0A6C5E49888CA3A6694ED00B38E05014B091B1518EDFE511A5A9D228FD2A1F60CDEC7A67C6986DCE4D8D7A
310
69BA4AAB0C073EC548AA5C17952A33ECECD15B61B4E1CC686DBF9561A44423333CC098B3D268D7CE50AE9595CA02AA74216750749DB418E5352C32DCE59FB211BE70162ABA93DF8AFC244AE9073ED050C759670D0840D390E18DF9F1706664C23973AE2A66B62A605A75ACA4C13C4976E1364A12EF355A2EBD384AF65EFA96
310
BC7B8BED2EA6719AAE16FB8491A199335B351775B991C2CA02F390D2D40B028F861F41BCA68B7518BFD0D59A524686F29B26D7164F36B94AD9289CE54E6D1DE6010819891F6E21228B3AD1831EC219194284CF98F06DD01008846CC5A1BEF83801D4CBDC6A1303536877A57A513B0953A94FC707FDBE6064EA84A9E3E6E0FA
310
EE8CF0E9198F7784A316AA0413C2C2F2E0ECA0934D1AE6D05A69BCDE9E91D2A611F573361E38FC1375157F5752AE6B6DFE4B11990F88CCBF0719EE23FF02504B0304140006080800CC70623B408A7D3B7C0000009D0000000B0000006662782F636E782E786D6C4DCCD10A83201886E15B91FFDC552A92A0064DBC8F581632
310
D3703A76F9ABD1C18E3E78F878E5F0D9027ABBFCF2292AE86E2D20171F69F6715550CB827B40839639A5F2770314A7CD293819B45C73AAFB45B35BA61ACAA1C1C7E7855C58C15BC331339661262CC762340413D68D77DA5B42298546CBE6573AF60CEB2F504B0304140006080800CC70623B449FB9BD290100001202000031
310
0000006662782F36394639363044362D344446342D343946362D394244322D3234314243333846323333332F636F72652E786D6C8D515B6EC32010BC0AE22B55850D98B871848994463E412FE002495162B07854397EA176A4F62F3F2C9A9D991D587EB84F37F0AD7D30CEF6905418026DA553C65E7A98E219ED203808EE9D
310
8B7F6810D871D23D2C3014FCE25D9A57483A1BB58D19B54EE9151C43D0110279CB971E06F9A5A7B11A53CC8C70ADE6515EC78BAE4895DB992778883E0700CB907242D17643D7E2538BD869608875438BBAE38922CAC8F1BDD90DB4691A5E2F42C153326A951B95E398B3D1FE599322163C9AE9115F7A3D46ADA0A018778810
310
84E907617BDCEE297BC5BB3DC6BC2EF47FA234AB2745C9D8D8D035EE220B50105E2F0DC1954B9FB747187D9F9D8FA0CCDB042D5FA0C015C65B42DF78BD10F3F3B363CB56C7109DCFDFBBB97E662ED92EB62D13BC2E1BCAE5777DB9966D8A1F504B0304140006080800CC70623BAD7543B64E01000033030000300000006662
310
782F36394639363044362D344446342D343946362D394244322D3234314243333846323333332F636E782E786D6CD593CD6EC32010845F0571AD6CE3D48AD20813A9873E410FBD12D82434182C7EAAE6EDBB2424CD25871E7B41D6EC30B3FA84F9E67BB2E40B4234DE8DB46F1925E094D7C6ED479AD3AE5951B2113C789FEE
310
6C943839C1488B4C05DF079FE72A69D8C96C13AAD6B8631503449F83828872B949AC57D26200B826A308D316B4064D6E46FCDA41C05550DC9E483A00797BFD207EFB092A45DE9514C1BBD22178396BD39D891265658C238DEA00936C654E5E433CB65A26D9F6EDB5EBC14EBF49A45CB856E66048291F6939A9A81BB5C89177
310
38143CA680F4AA299D66A042CEB3354A2684DC9D8D178FE0D9B8B41CAAD720F880EE7EF93C0C18769E099ECC04D5A102C8049A8A05632F4DDF376CF1DE0F6BB65C2F8627B65A33C6BB62177CEBBDAD973006829F89F22E814B54F4BC2BE347F8AA8F681390B50FA73F804400B5F542E796F19FF974E7F78DB802FE05E20750
310
4B0304140006080800CC70623B8D05915C650500003B100000340000006662782F36394639363044362D344446342D343946362D394244322D3234314243333846323333332F6F626A656374732E786D6CAD575B6FA33814FE2B887D06429276DA1565D4266D158D3A339A6846FB502932E050B66023DB74D2FDF5FB190C01
310
9276B2973C046C8ECFF53B17071F77456EBD502133CEAE6CDF9DD81665314F32965ED995DA3A17B6F5310C04E7AA47665B8C14F4CAD6DB7618A48257A5D94AE89654B91AEDDEDDFC61C998326A5B714EA4BCB265FC440BE2924AF184CA6737218AB8E976E7FA6E4338649B0A523E8D98964450A6A029F619B8588D52FE7039
310
B1BD30F0F4F730D0FF866AF6369557DB33949F31A9088B0F848DD8CCFCF9F2767A76E99CCDE733677E3EF59D9BBB9BA5E37F984D16E78BC5E5F5ED25044B25C0C96822E8D60EEFE11B91C581D77CEA34368A1F5329E68CD1B8B61F16D63A1B8E092D294B10C78C4A48EB593D192E7DED9BDEE7995E1B91FDEDD3ACEA9FE831
310
6A756F9F7D4D79F4274C90A7A04248AA51D5F8C718DAE06FB2F75AC4796EBE65D22A88A22223B995679120E2D50E41AA49C260C046A35368846B0BECD0DFF3EBEB8AD4F835768F69B9ADF25C43D30E6B646F807FAA64AD59F61715C7A54127C4AACA98BA3006A9D792DAE165E0D59B61A01FB3A9F9D838D2DAE62445C86166
310
F37564E842E7DE6A69879FEEA2DD5AE7E371E1A5E025154AC307D06A03D73EB5978C58FFA4C8E9033066E0F3BD53BEC1F39F91BE7B55103791EDE6BBB991A2046172CB4581D8B893FA674DDA17A77B3B7C413D1B511FD2743BFF8A38F03A658705E3ADF8015C3A3417FF3D7E439FF591DA0B5F18BC20C1B8981957AE6392A3
310
F43C640C01D1A0B4728E2DD4F26DB4B3C3152A252A3B4E913CEC1C72F012782FF88EFF8637AA552DBEF76408E8A8DE9E50F9E1CB3A2DA0DB1B6039A893B56063DC5B3E3FFB5F72E67AB9FEB4AEC496C4F4C1149625DD662C53E89D7BF0F6151A046260D1337DFDC94502430F83B0EE07A130A224BCAD7DAE1D9FB6CD422FF6
310
920702629C4BB9AE79C12F243C6432A6794E18E5552BA56B431AAB5D91317302B2B071E86C3A42B1A02F999E24061403B5D0EB639195DA655DD3EBEAB4FB862DDF579F014AD0E73C22F99E28DA57FB98E75C6CA2D74D53086D600F4786E0FE3144B771A8A7B900F03594DB8A633CBC49B2EDB69228BB479CF863B5E807AAAB
310
23872F6DFEB4129B949CA33823F58830E86D65621E10047D9DB34D862E8EAC3C2ABC2F7B2C40D67CDFE01F5545B92105AF983AC54D93D69E56FB8E797F88913F898A9FEC705D3F9D1B54EC8426FB500D40A03BD0119B06E1B95DDC7EB8F6975367793EBD70E66733DFB9BC982F9CE564727731999F5D4ECFCE3B8D6A4DC2A0
310
6D50FD148437D110834A64C6CDDF57FBACB5C307A2A477DFE4939736CFEF2B175371E0E10CF0DD1D5C15654E0BCA14D1E87DD02FF93782A162C0A3D95F1524A52770F972BF1EE9809D13CE7DD599467F8ECE9ADD85CE85A34CD45355448C64F9E8A031DC2D596ACC6E5DD93D9B82DE2EF5CAF81363A8E47996A0DE24564A79
310
4115AACE09C55E14540231FDA13C319787134EBF34E3A022514E5B4D9E0826E25C02D5805B15ABE1BEF51B26383D445DD9E875EE33FE4C22DA16427D65A3BCA92CA6D28DD01DF5DC53330704308475351050232CCD31583787BA75774AFB06E5070DD0C8EF484E19968C5D83BA5B90B244D31E54D55A372320FE4786B7EA58
310
44E135AA5467CB7EA333A61683CC6A8C3257034C10CF46F40EF9F5BE59BE5BD30C3C72D235E95D10345C1D45445A5F0BB47E46A5EBE5570F9380B5FA629579952296A773720405982B9DE04011506178964401AA8BDF1FBF0A8EAB6861DD6580C0E38217056766716DAEB2D6FA0917D3E4116581EADB879C4E7CFFB11EFACD
310
3D641311495D92C8676CB409A72D18610D803CE8A626049E8EC1887CB5B44CC39883690DDA8399B4B9855B481E7D71D4A9D22F96E5BB73BF5793020C02137BF837504B0304140006080000CC70623B000000000000000000000000350000006662782F36394639363044362D344446342D343946362D394244322D32343142
310
43333846323333332F76657274696365732E62696E504B0304140006080800CC70623BF270F1330600000004000000360000006662782F36394639363044362D344446342D343946362D394244322D3234314243333846323333332F747269616E676C65732E62696E636660600000504B0304140006080000CC70623B0000
310
00000000000000000000370000006662782F36394639363044362D344446342D343946362D394244322D3234314243333846323333332F617474726962757465732E62696E504B0304140006080800CC70623B08DA0BD19000000041010000360000006662782F36394639363044362D344446342D343946362D394244322D
310
3234314243333846323333332F6469726563746F72792E786D6C858F410AC3201045AF22B36F53E9A60B35CBEEBAE80D244E44489C6234F4F835464A48035D0DF398FF9F8AF63D0E6CC63039F212F8F9020C7D47C6792B21C5FE7403D62A1188E2E60C98D7234A5830286103A55745067B9D86B8A3CF9C7F90C11DE607FB14
310
4396D7B6A82D282E9A152AD114D5EF2CB866EEE831B8EEA07A7BB5A8D7D61A2BAAEB7FD5F70921FF497D00504B0304140006080800CC70623BCA768048FE000000A00100003B0000006662782F36394639363044362D344446342D343946362D394244322D3234314243333846323333332F7265736F75726365732F636F72
310
652E786D6C8D50596E833010BD0A9ADFCA60D600328E9AA639412F609909B1126CE4A5EAF16B0295DABFFECC8CDEA2797AECF8353F924FB44E193D409E5248504B332A3D0D10FC95B4901C39B3C6F85F3248B49871801506CE266BC2B243D2688FDA47549B11775038871E12F988C7004EDE7016A9083E2ADC3D5D84BC8B09
310
D33C8D74D471E6BC8D0192EDC93A815B742658898E651BCB59086ADC356A8C3FD555A1055ED7E7E254D615792D0F075295F585746FF53B694EE78A565DD736979A65AB9933AFE69F8CD2A2F038022F28ED489E135A7CE4554F9BBEA85E68DB53CAB255FEC71496F19FA6A0B42F8B3DEE6673C0F318E4497096AD7DC5F52C33
310
EEB55BFE0D504B010214000A0000080000CC70623B3DEE336E79000000790000001B00000000000000000000000000000000006175746F6465736B2D64657369676E2D7061636B6167652E786D6C504B01021400140006080800CC70623BD486FD9CA0000000F40000001300000000000000000000000000B20000005B436F
310
6E74656E745F54797065735D2E786D6C504B01021400140006080800CC70623BD9DDAED0EC0000007C010000080000000000000000000000000083010000636F72652E786D6C504B01021400140006080800CC70623B55019EA25F0000007C000000070000000000000000000000000095020000636E782E786D6C504B0102
310
1400140006080800CC70623BA24EB22D72010000D40300000C00000000000000000000000000190300006662782F636F72652E786D6C504B01021400140006080800CC70623B408A7D3B7C0000009D0000000B00000000000000000000000000B50400006662782F636E782E786D6C504B01021400140006080800CC70623B
310
449FB9BD290100001202000031000000000000000000000000005A0500006662782F36394639363044362D344446342D343946362D394244322D3234314243333846323333332F636F72652E786D6C504B01021400140006080800CC70623BAD7543B64E010000330300003000000000000000000000000000D20600006662
310
782F36394639363044362D344446342D343946362D394244322D3234314243333846323333332F636E782E786D6C504B01021400140006080800CC70623B8D05915C650500003B10000034000000000000000000000000006E0800006662782F36394639363044362D344446342D343946362D394244322D32343142433338
310
46323333332F6F626A656374732E786D6C504B01021400140006080000CC70623B0000000000000000000000003500000000000000000000000000250E00006662782F36394639363044362D344446342D343946362D394244322D3234314243333846323333332F76657274696365732E62696E504B010214001400060808
310
00CC70623BF270F13306000000040000003600000000000000000000000000780E00006662782F36394639363044362D344446342D343946362D394244322D3234314243333846323333332F747269616E676C65732E62696E504B01021400140006080000CC70623B00000000000000000000000037000000000000000000
310
00000000D20E00006662782F36394639363044362D344446342D343946362D394244322D3234314243333846323333332F617474726962757465732E62696E504B01021400140006080800CC70623B08DA0BD190000000410100003600000000000000000000000000270F00006662782F36394639363044362D344446342D
310
343946362D394244322D3234314243333846323333332F6469726563746F72792E786D6C504B01021400140006080800CC70623BCA768048FE000000A00100003B000000000000000000000000000B1000006662782F36394639363044362D344446342D343946362D394244322D3234314243333846323333332F7265736F
310
75726365732F636F72652E786D6C504B0506000000000E000E0080040000621100000000
  0
XRECORD
  5
176
102
{ACAD_REACTORS
330
173
102
}
330
173
100
AcDbXrecord
280
     1
270
     1
271
     1
  0
XRECORD
  5
177
102
{ACAD_REACTORS
330
173
102
}
330
173
100
AcDbXrecord
280
     1
270
     1
271
     1
  0
CELLSTYLEMAP
  5
178E
102
{ACAD_REACTORS
330
162
102
}
330
162
100
AcDbCellStyleMap
 90
        3
300
CELLSTYLE
  1
TABLEFORMAT_BEGIN
 90
        5
170
     1
 91
        0
 92
    32768
 62
   257
 93
        1
300
CONTENTFORMAT
  1
CONTENTFORMAT_BEGIN
 90
        0
 91
        0
 92
      512
 93
        0
300

 40
0.0
140
1.0
 94
        5
 62
     0
340
11
144
6.0
309
CONTENTFORMAT_END
171
     1
301
MARGIN
  1
CELLMARGIN_BEGIN
 40
1.5
 40
1.5
 40
1.5
 40
1.5
 40
4.5
 40
4.5
309
CELLMARGIN_END
 94
        6
 95
        1
302
GRIDFORMAT
  1
GRIDFORMAT_BEGIN
 90
        0
 91
        1
 62
     0
 92
       -2
340
14
 93
        0
 40
1.125
309
GRIDFORMAT_END
 95
        2
302
GRIDFORMAT
  1
GRIDFORMAT_BEGIN
 90
        0
 91
        1
 62
     0
 92
       -2
340
14
 93
        0
 40
1.125
309
GRIDFORMAT_END
 95
        4
302
GRIDFORMAT
  1
GRIDFORMAT_BEGIN
 90
        0
 91
        1
 62
     0
 92
       -2
340
14
 93
        0
 40
1.125
309
GRIDFORMAT_END
 95
        8
302
GRIDFORMAT
  1
GRIDFORMAT_BEGIN
 90
        0
 91
        1
 62
     0
 92
       -2
340
14
 93
        0
 40
1.125
309
GRIDFORMAT_END
 95
       16
302
GRIDFORMAT
  1
GRIDFORMAT_BEGIN
 90
        0
 91
        1
 62
     0
 92
       -2
340
14
 93
        0
 40
1.125
309
GRIDFORMAT_END
 95
       32
302
GRIDFORMAT
  1
GRIDFORMAT_BEGIN
 90
        0
 91
        1
 62
     0
 92
       -2
340
14
 93
        0
 40
1.125
309
GRIDFORMAT_END
309
TABLEFORMAT_END
  1
CELLSTYLE_BEGIN
 90
        1
 91
        1
300
_TITLE
309
CELLSTYLE_END
300
CELLSTYLE
  1
TABLEFORMAT_BEGIN
 90
        5
170
     1
 91
        0
 92
        0
 62
   257
 93
        1
300
CONTENTFORMAT
  1
CONTENTFORMAT_BEGIN
 90
        0
 91
        0
 92
      512
 93
        0
300

 40
0.0
140
1.0
 94
        5
 62
     0
340
11
144
4.5
309
CONTENTFORMAT_END
171
     1
301
MARGIN
  1
CELLMARGIN_BEGIN
 40
1.5
 40
1.5
 40
1.5
 40
1.5
 40
4.5
 40
4.5
309
CELLMARGIN_END
 94
        6
 95
        1
302
GRIDFORMAT
  1
GRIDFORMAT_BEGIN
 90
        0
 91
        1
 62
     0
 92
       -2
340
14
 93
        0
 40
1.125
309
GRIDFORMAT_END
 95
        2
302
GRIDFORMAT
  1
GRIDFORMAT_BEGIN
 90
        0
 91
        1
 62
     0
 92
       -2
340
14
 93
        0
 40
1.125
309
GRIDFORMAT_END
 95
        4
302
GRIDFORMAT
  1
GRIDFORMAT_BEGIN
 90
        0
 91
        1
 62
     0
 92
       -2
340
14
 93
        0
 40
1.125
309
GRIDFORMAT_END
 95
        8
302
GRIDFORMAT
  1
GRIDFORMAT_BEGIN
 90
        0
 91
        1
 62
     0
 92
       -2
340
14
 93
        0
 40
1.125
309
GRIDFORMAT_END
 95
       16
302
GRIDFORMAT
  1
GRIDFORMAT_BEGIN
 90
        0
 91
        1
 62
     0
 92
       -2
340
14
 93
        0
 40
1.125
309
GRIDFORMAT_END
 95
       32
302
GRIDFORMAT
  1
GRIDFORMAT_BEGIN
 90
        0
 91
        1
 62
     0
 92
       -2
340
14
 93
        0
 40
1.125
309
GRIDFORMAT_END
309
TABLEFORMAT_END
  1
CELLSTYLE_BEGIN
 90
        2
 91
        1
300
_HEADER
309
CELLSTYLE_END
300
CELLSTYLE
  1
TABLEFORMAT_BEGIN
 90
        5
170
     1
 91
        0
 92
        0
 62
   257
 93
        1
300
CONTENTFORMAT
  1
CONTENTFORMAT_BEGIN
 90
        0
 91
        0
 92
      512
 93
        0
300

 40
0.0
140
1.0
 94
        2
 62
     0
340
11
144
4.5
309
CONTENTFORMAT_END
171
     1
301
MARGIN
  1
CELLMARGIN_BEGIN
 40
1.5
 40
1.5
 40
1.5
 40
1.5
 40
4.5
 40
4.5
309
CELLMARGIN_END
 94
        6
 95
        1
302
GRIDFORMAT
  1
GRIDFORMAT_BEGIN
 90
        0
 91
        1
 62
     0
 92
       -2
340
14
 93
        0
 40
1.125
309
GRIDFORMAT_END
 95
        2
302
GRIDFORMAT
  1
GRIDFORMAT_BEGIN
 90
        0
 91
        1
 62
     0
 92
       -2
340
14
 93
        0
 40
1.125
309
GRIDFORMAT_END
 95
        4
302
GRIDFORMAT
  1
GRIDFORMAT_BEGIN
 90
        0
 91
        1
 62
     0
 92
       -2
340
14
 93
        0
 40
1.125
309
GRIDFORMAT_END
 95
        8
302
GRIDFORMAT
  1
GRIDFORMAT_BEGIN
 90
        0
 91
        1
 62
     0
 92
       -2
340
14
 93
        0
 40
1.125
309
GRIDFORMAT_END
 95
       16
302
GRIDFORMAT
  1
GRIDFORMAT_BEGIN
 90
        0
 91
        1
 62
     0
 92
       -2
340
14
 93
        0
 40
1.125
309
GRIDFORMAT_END
 95
       32
302
GRIDFORMAT
  1
GRIDFORMAT_BEGIN
 90
        0
 91
        1
 62
     0
 92
       -2
340
14
 93
        0
 40
1.125
309
GRIDFORMAT_END
309
TABLEFORMAT_END
  1
CELLSTYLE_BEGIN
 90
        3
 91
        2
300
_DATA
309
CELLSTYLE_END
  0
ENDSEC
  0
SECTION
  2
ACDSDATA
 70
     2
 71
     8
  0
ACDSSCHEMA
 90
        0
  1
AcDb_Thumbnail_Schema
  2
AcDbDs::ID
280
    10
 91
        8
  2
Thumbnail_Data
280
    15
 91
        0
101
ACDSRECORD
 95
        0
 90
        1
  2
AcDbDs::TreatedAsObjectData
280
     1
291
     1
101
ACDSRECORD
 95
        0
 90
        2
  2
AcDbDs::Legacy
280
     1
291
     1
101
ACDSRECORD
  1
AcDbDs::ID
 90
        3
  2
AcDs:Indexable
280
     1
291
     1
101
ACDSRECORD
  1
AcDbDs::ID
 90
        4
  2
AcDbDs::HandleAttribute
280
     7
282
     1
  0
ACDSSCHEMA
 90
        1
  1
AcDbDs::TreatedAsObjectDataSchema
  2
AcDbDs::TreatedAsObjectData
280
     1
 91
        0
  0
ACDSSCHEMA
 90
        2
  1
AcDbDs::LegacySchema
  2
AcDbDs::Legacy
280
     1
 91
        0
  0
ACDSSCHEMA
 90
        3
  1
AcDbDs::IndexedPropertySchema
  2
AcDs:Indexable
280
     1
 91
        0
  0
ACDSSCHEMA
 90
        4
  1
AcDbDs::HandleAttributeSchema
  2
AcDbDs::HandleAttribute
280
     7
 91
        1
284
     1
  0
ACDSRECORD
 90
        0
  2
AcDbDs::ID
280
    10
320
22
  2
Thumbnail_Data
280
    15
 94
     2320
310
89504E470D0A1A0A0000000D494844520000010000000063080300000043BB2E1400000300504C5445212830FFFFFF2128300000000000000000000000000000000000000000000000000000330000660000990000CC0000FF0033000033330033660033990033CC0033FF0066000066330066660066990066CC0066FF0099
310
000099330099660099990099CC0099FF00CC0000CC3300CC6600CC9900CCCC00CCFF00FF0000FF3300FF6600FF9900FFCC00FFFF3300003300333300663300993300CC3300FF3333003333333333663333993333CC3333FF3366003366333366663366993366CC3366FF3399003399333399663399993399CC3399FF33CC00
310
33CC3333CC6633CC9933CCCC33CCFF33FF0033FF3333FF6633FF9933FFCC33FFFF6600006600336600666600996600CC6600FF6633006633336633666633996633CC6633FF6666006666336666666666996666CC6666FF6699006699336699666699996699CC6699FF66CC0066CC3366CC6666CC9966CCCC66CCFF66FF0066
310
FF3366FF6666FF9966FFCC66FFFF9900009900339900669900999900CC9900FF9933009933339933669933999933CC9933FF9966009966339966669966999966CC9966FF9999009999339999669999999999CC9999FF99CC0099CC3399CC6699CC9999CCCC99CCFF99FF0099FF3399FF6699FF9999FFCC99FFFFCC0000CC00
310
33CC0066CC0099CC00CCCC00FFCC3300CC3333CC3366CC3399CC33CCCC33FFCC6600CC6633CC6666CC6699CC66CCCC66FFCC9900CC9933CC9966CC9999CC99CCCC99FFCCCC00CCCC33CCCC66CCCC99CCCCCCCCCCFFCCFF00CCFF33CCFF66CCFF99CCFFCCCCFFFFFF0000FF0033FF0066FF0099FF00CCFF00FFFF3300FF3333
310
FF3366FF3399FF33CCFF33FFFF6600FF6633FF6666FF6699FF66CCFF66FFFF9900FF9933FF9966FF9999FF99CCFF99FFFFCC00FFCC33FFCC66FFCC99FFCCCCFFCCFFFFFF00FFFF33FFFF66FFFF99FFFFCCFFFFFF0000000D0D0D1A1A1A2828283535354343435050505D5D5D6B6B6B787878868686939393A1A1A1AEAEAEBB
310
BBBBC9C9C9D6D6D6E4E4E4F1F1F1FFFFFF0000000000000000000000000000000000000000000000000000000000002E4550F1000005CB4944415478DAED9C4B76232B0C40D981B7A109FB9F3179DBD01234CDBCD18F5F518E3B2FA7030E3A71A55C456CEB22248170423872E4C89123478E1C3972E4C89123DF271F3F2A2B
310
00F8776F053FF9E63F0F8000A87DFADB001081696D4FE9BD01D060FD10B8FFEB55C437B700A20B0ED24766911FDB03A03058F3D0E14457184A806FD11B0018ADB9F777ADB967EF074E805C3607C09D780B8044FFDA00AAF7CBB730468048181702F0B8973BFB071A87735197DA31EFC642660B98CD21EACF4A00ECF4BF2A76
310
E571D7FDE0C3994600D47BBDC6FBB1E503E18251403B1B1F0D007E7A6301DE9FC370BEFA3B4104FCE0A3A81F8BEB580B402C82C14E024E2DC0B2391215623665F670B1F17E8321E441C22D40467F9B0A2D0B20AB852AFCF471E7FBD9F2C11FB1A143B3D0AFE6122536288FB532C147902EEF0ED12D8008AFC15FD489ED7016
310
0B2F3D2C56AF661F6DA0A8D6E02191D25A3E00200F7A3E80F52BB80FC080FAB9417FA95ED0643F729A2950F57CDA503C7EF4834F080DC0524300917DB91C2A00160520FA68C8937E446E5701A46466407D8A987D9E1A094D66C6FA52AB01C01900ED2B2AC3997597FE3483CE5A46B30035141B18C0A08A2BDC0300DC022077
310
71845DEFBB2EB939B9A1688828EA3F9B4BAC9308E5CF8D72A800CC0962C092FCE9E81710C59BD919032883809B85A7FA2F06E0331F5003205FA6CE9DFBC0C036F8C95F87370260931F8EF930D74563A14E04B81951D80B0056278803000D7992F446C27007C09AB1D38880BD91AC0EC0E602D78300F09C3F0FEB380B690A80
310
DA66D8C5FCE5013C95DC9D3289054DFA27FD6AC1B1488CF449F7AF0680D3DF2700AA54A77F05D04EA8A6CDB60510F095E541C4BF7BDBA500C045BA09E04B00D2676E7F2F002D03A44B0E0B135DA69826ADB70390337D6AC4EEB69768D2EC49EBF6AF768802F0993BFBAB66DFB124FDEF01BCF2325F517FE3BAC0A35D406D56
310
917F0B00BCC82F0310F027DF7C0500AF45F9DD015C02DA358C5DDB494BBA69B91B80573B796848D0EF0ED81540F56C43CF8EB7FDCC9A91B5D332313D9D26EC0240FCFED0A113004E01B19684DF0400BE0640D7C4495ABF13803ED23F01A0B551B600593BDD11808DF467890EB554DABBB572CA79022F0D362FA05E84D607A0
310
8A8852F5C3CFDCBF286F0DABFEEE289117862146A90B72D199C22C1CAE3904E493624DF786504EFD4A9137240320D5532E0CF03A932E16E5B972A06934DC03C080600A8017830D006F89F052F99E006462DB01E808CC0050BB2D8C078DD5C065879CB6D80EC030C57304549DA0ED7847DF1A601440C73FF82A414ADC027603
310
20E5CE36C1F73CCF25D98297EE0F2067C34571B0ADD1B2DE1C9524ECE60386F02D7321903D4F92E170C78602A04C7FA486A2D5E1B2A302DE0280FB792A75C2947C0B2C03008D7DB217AC2E87AA4FD4BAE9F60054715584CFD5020A00E977A088A105505F6823009EAF0D3B60A14EF8226B934AFD4F870007BF79D2DB54CE77
310
01406ED0F3750ED91F590263D28A2870EA3B2D00581EBCF310F0140778A213239B3AA7B9AA7FE26A30BBFBBBB59FED7D803A3E5F13E322395BBC00C86AF3FE772D9ACFD3FDFD01A8729AD710520CBAEF213A15DB302C11726A04DB01288950E1217D2FEA5393FE407182CD5899EC8DD82E0F1800D8229F6C028A44A1079025
310
6704ADB36CF2C6663BFDC6002CC7D7896EEDE10CC0EE6B4A54BF1734AABA7526A89E4F36BE82E5387005D055D42F8E606B27E85F7688144B1EA45F7ABE057041B01500B774FBDCBEBD21C69A14D877BE5B001386E3D7EA6426057B00F8A00F5F0D2CDBDE745A5B243FCB9ECF2EA56BB198E4675813DD62515453E18F94B85B
310
93490EF49406C9A960BE86D22E8C37FB6BE226E769E2AA7501FED8D2B7A62C5E0048FF520A7DC322ED353D7FFDCD5701D0EB9B0602B21EA0005E93BD008C2E0DEC4B4F657588F4DF217CBE23F6FFBFF91200FA058E79B47F670013B15D52E1976E920AF878E0776C13DBD70230747583AF6E135B02C09704DFE7FF081D3972
310
E4C89123478E1C3972E4C8CAF207F10680ED078965830000000049454E44AE426082
  0
ENDSEC
  0
EOF
